16.799999,0.000367,0.000000
16.799999,0.000367,0.000001
16.799995,0.000365,0.000001
16.799995,0.000365,0.000001
16.799995,0.000367,0.000001
16.799995,0.000365,0.000002
16.799995,0.000367,0.000002
16.799995,0.000365,0.000002
16.799992,0.000367,0.000003
16.799992,0.000367,0.000003
16.799992,0.000365,0.000003
16.799992,0.000367,0.000004
16.799992,0.000367,0.000004
16.799992,0.000367,0.000004
16.799992,0.000367,0.000004
16.799992,0.000365,0.000005
16.799992,0.000365,0.000005
16.799992,0.000367,0.000005
16.799992,0.000367,0.000006
16.799988,0.000365,0.000006
16.799988,0.000367,0.000006
16.799988,0.000367,0.000007
16.799988,0.000367,0.000007
16.799988,0.000367,0.000007
16.799984,0.000365,0.000007
16.799984,0.000365,0.000008
16.799984,0.000367,0.000008
16.799984,0.000367,0.000008
16.799984,0.000367,0.000009
16.799984,0.000365,0.000009
16.799984,0.000365,0.000009
16.799984,0.000367,0.000009
16.799984,0.000365,0.000010
16.799984,0.000367,0.000010
16.799984,0.000367,0.000010
16.799980,0.000365,0.000011
16.799980,0.000365,0.000011
16.799980,0.000365,0.000011
16.799980,0.000367,0.000012
16.799980,0.000365,0.000012
16.799980,0.000367,0.000012
16.799976,0.000365,0.000012
16.799976,0.000367,0.000013
16.799976,0.000365,0.000013
16.799976,0.000365,0.000013
16.799976,0.000367,0.000014
16.799976,0.000367,0.000014
16.799976,0.000365,0.000014
16.799976,0.000365,0.000014
16.799976,0.000367,0.000015
16.799976,0.000365,0.000015
16.799973,0.000367,0.000015
16.799973,0.000365,0.000016
16.799973,0.000365,0.000016
16.799973,0.000367,0.000016
16.799973,0.000367,0.000017
16.799973,0.000367,0.000017
16.799973,0.000367,0.000017
16.799973,0.000367,0.000017
16.799969,0.000365,0.000018
16.799969,0.000365,0.000018
16.799969,0.000367,0.000018
16.799969,0.000365,0.000019
16.799969,0.000365,0.000019
16.799969,0.000365,0.000019
16.799965,0.000367,0.000020
16.799965,0.000367,0.000020
16.799965,0.000365,0.000020
16.799965,0.000365,0.000020
16.799965,0.000367,0.000021
16.799965,0.000367,0.000021
16.799965,0.000365,0.000021
16.799965,0.000365,0.000022
16.799965,0.000365,0.000022
16.799965,0.000367,0.000022
16.799965,0.000367,0.000022
16.799965,0.000365,0.000023
16.799961,0.000367,0.000023
16.799961,0.000367,0.000023
16.799961,0.000365,0.000024
16.799961,0.000365,0.000024
16.799961,0.000367,0.000024
16.799961,0.000367,0.000025
16.799957,0.000367,0.000025
16.799957,0.000365,0.000025
16.799957,0.000365,0.000025
16.799957,0.000365,0.000026
16.799957,0.000365,0.000026
16.799957,0.000365,0.000026
16.799957,0.000365,0.000027
16.799957,0.000365,0.000027
16.799957,0.000365,0.000027
16.799957,0.000365,0.000027
16.799957,0.000365,0.000028
16.799957,0.000365,0.000028
16.799953,0.000365,0.000028
16.799953,0.000365,0.000029
16.799953,0.000364,0.000029
16.799953,0.000367,0.000029
16.799953,0.000367,0.000029
16.799953,0.000365,0.000030
16.799950,0.000365,0.000030
16.799950,0.000367,0.000030
16.799950,0.000365,0.000031
16.799950,0.000367,0.000031
16.799950,0.000365,0.000031
16.799950,0.000367,0.000032
16.799950,0.000367,0.000032
16.799950,0.000367,0.000032
16.799950,0.000367,0.000032
16.799946,0.000367,0.000033
16.799946,0.000365,0.000033
16.799946,0.000367,0.000033
16.799946,0.000365,0.000034
16.799946,0.000365,0.000034
16.799946,0.000365,0.000034
16.799946,0.000365,0.000035
16.799946,0.000386,0.000035
16.799946,0.000394,0.000035
16.799946,0.000404,0.000035
16.799942,0.000412,0.000036
16.799942,0.000412,0.000036
16.799942,0.000421,0.000036
16.799942,0.000431,0.000037
16.799942,0.000440,0.000037
16.799942,0.000449,0.000038
16.799938,0.000461,0.000038
16.799938,0.000471,0.000038
16.799938,0.000483,0.000039
16.799938,0.000495,0.000039
16.799938,0.000516,0.000039
16.799938,0.000519,0.000040
16.799938,0.000531,0.000040
16.799938,0.000559,0.000041
16.799934,0.000572,0.000041
16.799934,0.000586,0.000042
16.799934,0.000602,0.000042
16.799934,0.000618,0.000043
16.799931,0.000631,0.000043
16.799931,0.000651,0.000044
16.799931,0.000670,0.000044
16.799931,0.000687,0.000045
16.799931,0.000709,0.000045
16.799927,0.000728,0.000046
16.799927,0.000749,0.000047
16.799925,0.000768,0.000047
16.799925,0.000790,0.000048
16.799923,0.000794,0.000048
16.799923,0.000840,0.000049
16.799921,0.000864,0.000050
16.799919,0.000888,0.000051
16.799919,0.000916,0.000051
16.799917,0.000942,0.000052
16.799917,0.000965,0.000053
16.799917,0.000996,0.000054
16.799913,0.001024,0.000054
16.799913,0.001052,0.000055
16.799911,0.001083,0.000056
16.799911,0.001111,0.000057
16.799910,0.001181,0.000058
16.799906,0.001217,0.000059
16.799904,0.001252,0.000060
16.799904,0.001288,0.000061
16.799904,0.001320,0.000062
16.799900,0.001359,0.000063
16.799896,0.001402,0.000064
16.799896,0.001443,0.000066
16.799896,0.001523,0.000067
16.799892,0.001523,0.000068
16.799889,0.001557,0.000069
16.799889,0.001619,0.000071
16.799885,0.001645,0.000072
16.799885,0.001682,0.000073
16.799881,0.001710,0.000075
16.799879,0.001748,0.000076
16.799877,0.001776,0.000077
16.799877,0.001808,0.000079
16.799871,0.001875,0.000080
16.799870,0.001916,0.000082
16.799868,0.001957,0.000084
16.799864,0.001997,0.000085
16.799862,0.002063,0.000087
16.799860,0.002066,0.000088
16.799856,0.002106,0.000090
16.799854,0.002151,0.000092
16.799850,0.002193,0.000094
16.799847,0.002238,0.000096
16.799843,0.002322,0.000097
16.799843,0.002369,0.000099
16.799839,0.002417,0.000101
16.799835,0.002462,0.000103
16.799835,0.002512,0.000105
16.799828,0.002561,0.000107
16.799828,0.002602,0.000109
16.799824,0.002663,0.000112
16.799820,0.002715,0.000114
16.799814,0.002811,0.000116
16.799812,0.002821,0.000118
16.799809,0.002876,0.000121
16.799805,0.002920,0.000122
16.799801,0.002976,0.000125
16.799799,0.003093,0.000127
16.799793,0.003103,0.000130
16.799789,0.003172,0.000132
16.799786,0.003220,0.000135
16.799782,0.003230,0.000138
16.799778,0.003290,0.000140
16.799770,0.003411,0.000143
16.799767,0.003411,0.000146
16.799763,0.003484,0.000149
16.799759,0.003563,0.000151
16.799755,0.003622,0.000154
16.799749,0.003691,0.000157
16.799744,0.003776,0.000160
16.799740,0.003913,0.000164
16.799734,0.004001,0.000167
16.799730,0.004006,0.000170
16.799725,0.004075,0.000173
16.799719,0.004170,0.000177
16.799713,0.004241,0.000180
16.799709,0.004338,0.000184
16.799702,0.004411,0.000187
16.799698,0.004511,0.000191
16.799690,0.004599,0.000195
16.799683,0.004695,0.000198
16.799677,0.004785,0.000202
16.799671,0.004970,0.000206
16.799664,0.004984,0.000210
16.799656,0.005180,0.000214
16.799650,0.005291,0.000219
16.799644,0.005374,0.000223
16.799637,0.005489,0.000227
16.799629,0.005611,0.000232
16.799622,0.005698,0.000237
16.799614,0.005816,0.000241
16.799606,0.005937,0.000246
16.799601,0.006049,0.000251
16.799593,0.006163,0.000256
16.799583,0.006423,0.000261
16.799576,0.006535,0.000266
16.799564,0.006655,0.000272
16.799557,0.006787,0.000277
16.799549,0.006927,0.000283
16.799540,0.007045,0.000288
16.799530,0.007045,0.000294
16.799522,0.007328,0.000300
16.799511,0.007458,0.000306
16.799503,0.007626,0.000312
16.799490,0.007771,0.000318
16.799480,0.008071,0.000325
16.799471,0.008073,0.000331
16.799461,0.008220,0.000338
16.799450,0.008372,0.000345
16.799438,0.008534,0.000352
16.799427,0.008864,0.000359
16.799416,0.008864,0.000366
16.799404,0.009024,0.000373
16.799393,0.009377,0.000381
16.799377,0.009542,0.000389
16.799366,0.009728,0.000396
16.799355,0.009898,0.000404
16.799341,0.010079,0.000412
16.799328,0.010285,0.000421
16.799313,0.010481,0.000429
16.799301,0.010670,0.000438
16.799286,0.010850,0.000447
16.799273,0.011078,0.000456
16.799259,0.011274,0.000465
16.799240,0.011695,0.000474
16.799227,0.011909,0.000484
16.799212,0.012126,0.000493
16.799194,0.012348,0.000503
16.799179,0.012570,0.000514
16.799162,0.012808,0.000524
16.799145,0.013049,0.000534
16.799129,0.013280,0.000545
16.799110,0.013501,0.000556
16.799095,0.013764,0.000567
16.799074,0.014018,0.000578
16.799059,0.014260,0.000590
16.799038,0.014519,0.000602
16.799019,0.014519,0.000613
16.799000,0.014767,0.000625
16.798983,0.015315,0.000638
16.798962,0.015572,0.000650
16.798941,0.015890,0.000663
16.798922,0.016125,0.000676
16.798901,0.016451,0.000689
16.798878,0.016720,0.000703
16.798855,0.017024,0.000716
16.798834,0.017330,0.000730
16.798813,0.017627,0.000745
16.798786,0.018259,0.000759
16.798763,0.018548,0.000774
16.798738,0.018906,0.000790
16.798714,0.019235,0.000805
16.798687,0.019535,0.000821
16.798664,0.019871,0.000837
16.798637,0.020212,0.000853
16.798613,0.020245,0.000869
16.798584,0.020591,0.000886
16.798557,0.020922,0.000903
16.798531,0.021684,0.000920
16.798502,0.022009,0.000938
16.798473,0.022410,0.000956
16.798447,0.022779,0.000975
16.798414,0.023151,0.000993
16.798386,0.023586,0.001012
16.798355,0.023969,0.001032
16.798321,0.024354,0.001051
16.798290,0.024783,0.001071
16.798260,0.025178,0.001092
16.798225,0.025636,0.001112
16.798191,0.026080,0.001133
16.798157,0.026509,0.001155
16.798138,0.026509,0.001167
16.798103,0.026923,0.001189
16.798069,0.027381,0.001211
16.798035,0.027845,0.001234
16.797998,0.028294,0.001257
16.797958,0.029226,0.001280
16.797920,0.029711,0.001304
16.797882,0.030246,0.001328
16.797844,0.030698,0.001353
16.797802,0.031199,0.001378
16.797760,0.031706,0.001404
16.797720,0.032264,0.001430
16.797680,0.032782,0.001456
16.797636,0.033330,0.001483
16.797594,0.033883,0.001511
16.797546,0.034885,0.001539
16.797512,0.034959,0.001561
16.797466,0.035507,0.001590
16.797422,0.036058,0.001619
16.797375,0.036669,0.001649
16.797327,0.037260,0.001679
16.797276,0.038431,0.001710
16.797228,0.039068,0.001741
16.797176,0.039656,0.001773
16.797127,0.039656,0.001805
16.797073,0.040907,0.001838
16.797020,0.041571,0.001872
16.796968,0.042183,0.001906
16.796913,0.042918,0.001940
16.796856,0.043544,0.001975
16.796799,0.044963,0.002012
16.796741,0.045638,0.002048
16.796680,0.046379,0.002086
16.796619,0.047072,0.002124
16.796558,0.047862,0.002162
16.796495,0.049280,0.002202
16.796432,0.050033,0.002242
16.796368,0.050819,0.002283
16.796303,0.051618,0.002325
16.796234,0.052395,0.002367
16.796165,0.053179,0.002410
16.796097,0.054066,0.002454
16.796028,0.054767,0.002498
16.795956,0.055602,0.002543
16.795883,0.057209,0.002589
16.795811,0.057313,0.002635
16.795738,0.058113,0.002682
16.795662,0.058881,0.002730
16.795586,0.059806,0.002778
16.795509,0.060705,0.002827
16.795431,0.061471,0.002876
16.795353,0.062384,0.002927
16.795271,0.063353,0.002978
16.795189,0.064224,0.003029
16.795107,0.065106,0.003082
16.795021,0.065767,0.003135
16.794941,0.065974,0.003188
16.794859,0.066370,0.003242
16.794775,0.066553,0.003295
16.794693,0.066765,0.003349
16.794609,0.066992,0.003403
16.794525,0.067169,0.003457
16.794441,0.067241,0.003512
16.794359,0.067454,0.003566
16.794275,0.067512,0.003621
16.794193,0.067495,0.003675
16.794109,0.067599,0.003729
16.794025,0.067624,0.003784
16.793941,0.067656,0.003839
16.793861,0.067663,0.003893
16.793779,0.067650,0.003948
16.793694,0.067668,0.004002
16.793610,0.067541,0.004057
16.793530,0.067524,0.004111
16.793447,0.067458,0.004166
16.793367,0.067447,0.004220
16.793283,0.067352,0.004274
16.793201,0.067297,0.004329
16.793121,0.067261,0.004383
16.793037,0.067114,0.004437
16.792957,0.066971,0.004491
16.792875,0.067027,0.004545
16.792797,0.066910,0.004599
16.792717,0.066777,0.004653
16.792637,0.066671,0.004707
16.792557,0.066617,0.004760
16.792479,0.066449,0.004814
16.792400,0.066360,0.004867
16.792320,0.066294,0.004921
16.792240,0.066263,0.004974
16.792162,0.066190,0.005028
16.792084,0.066055,0.005081
16.792004,0.066023,0.005134
16.791927,0.065958,0.005187
16.791847,0.065930,0.005241
16.791767,0.065799,0.005294
16.791691,0.065757,0.005347
16.791615,0.065776,0.005400
16.791534,0.065805,0.005453
16.791458,0.065722,0.005506
16.791378,0.065643,0.005559
16.791302,0.065633,0.005612
16.791225,0.065625,0.005665
16.791147,0.065559,0.005717
16.791071,0.065561,0.005770
16.790993,0.065630,0.005823
16.790916,0.065510,0.005876
16.790840,0.065533,0.005929
16.790762,0.065471,0.005982
16.790686,0.065489,0.006035
16.790609,0.065517,0.006087
16.790533,0.065497,0.006140
16.790457,0.065508,0.006193
16.790380,0.065484,0.006246
16.790304,0.065456,0.006299
16.790228,0.065477,0.006351
16.790152,0.065508,0.006404
16.790075,0.065490,0.006457
16.789999,0.065469,0.006510
16.789925,0.065439,0.006563
16.789848,0.065410,0.006615
16.789774,0.065432,0.006668
16.789696,0.065473,0.006721
16.789621,0.065391,0.006774
16.789545,0.065425,0.006826
16.789471,0.065391,0.006879
16.789396,0.065370,0.006932
16.789322,0.065362,0.006985
16.789246,0.065273,0.007037
16.789171,0.065299,0.007090
16.789097,0.065283,0.007143
16.789022,0.065252,0.007195
16.788948,0.065280,0.007248
16.788876,0.065138,0.007300
16.788797,0.065223,0.007353
16.788723,0.065194,0.007406
16.788651,0.065098,0.007458
16.788578,0.065054,0.007511
16.788502,0.065069,0.007563
16.788429,0.064959,0.007615
16.788355,0.065029,0.007668
16.788284,0.064931,0.007720
16.788208,0.064887,0.007772
16.788136,0.064832,0.007825
16.788063,0.064789,0.007877
16.787991,0.064789,0.007929
16.787918,0.064746,0.007981
16.787846,0.064632,0.008034
16.787785,0.064632,0.008075
16.787714,0.064632,0.008127
16.787640,0.064507,0.008179
16.787571,0.064562,0.008232
16.787498,0.064503,0.008284
16.787428,0.064432,0.008336
16.787357,0.064292,0.008387
16.787285,0.064346,0.008439
16.787214,0.064288,0.008491
16.787142,0.064218,0.008543
16.787071,0.064214,0.008595
16.786999,0.064086,0.008646
16.786930,0.064059,0.008698
16.786861,0.064056,0.008750
16.786789,0.063972,0.008801
16.786720,0.063844,0.008853
16.786648,0.063873,0.008904
16.786579,0.063859,0.008956
16.786507,0.063788,0.009007
16.786438,0.063661,0.009059
16.786369,0.063634,0.009110
16.786297,0.063609,0.009161
16.786228,0.063651,0.009212
16.786160,0.063468,0.009264
16.786093,0.063443,0.009315
16.786022,0.063418,0.009366
16.785954,0.063393,0.009417
16.785885,0.063313,0.009468
16.785816,0.063222,0.009519
16.785748,0.063266,0.009570
16.785679,0.063244,0.009621
16.785610,0.063120,0.009672
16.785543,0.063099,0.009723
16.785477,0.063078,0.009774
16.785406,0.063047,0.009825
16.785339,0.062982,0.009875
16.785286,0.062905,0.009916
16.785217,0.062962,0.009967
16.785152,0.062886,0.010018
16.785084,0.062870,0.010068
16.785015,0.062775,0.010119
16.784946,0.062758,0.010169
16.784882,0.062741,0.010220
16.784813,0.062671,0.010271
16.784748,0.062656,0.010321
16.784683,0.062537,0.010372
16.784615,0.062587,0.010422
16.784546,0.062555,0.010472
16.784483,0.062541,0.010523
16.784416,0.062529,0.010573
16.784349,0.062458,0.010624
16.784285,0.062446,0.010674
16.784218,0.062377,0.010724
16.784155,0.062366,0.010775
16.784090,0.062356,0.010825
16.784023,0.062295,0.010875
16.783958,0.062346,0.010925
16.783892,0.062274,0.010976
16.783827,0.062319,0.011026
16.783762,0.062212,0.011076
16.783695,0.062254,0.011126
16.783632,0.062248,0.011177
16.783566,0.062183,0.011227
16.783501,0.062176,0.011277
16.783438,0.062234,0.011327
16.783371,0.062070,0.011377
16.783308,0.062118,0.011427
16.783243,0.062115,0.011477
16.783178,0.062113,0.011527
16.783113,0.062050,0.011577
16.783049,0.062110,0.011627
16.782986,0.062048,0.011678
16.782921,0.062047,0.011728
16.782858,0.062048,0.011778
16.782793,0.062048,0.011828
16.782730,0.061999,0.011878
16.782665,0.062062,0.011928
16.782600,0.062001,0.011978
16.782539,0.062003,0.012028
16.782475,0.062005,0.012078
16.782413,0.062018,0.012128
16.782347,0.062059,0.012178
16.782284,0.061949,0.012228
16.782223,0.061965,0.012278
16.782158,0.062018,0.012328
16.782093,0.061909,0.012378
16.782032,0.061963,0.012428
16.781967,0.061915,0.012478
16.781906,0.061920,0.012527
16.781841,0.061983,0.012577
16.781778,0.061926,0.012627
16.781719,0.061993,0.012677
16.781654,0.061933,0.012727
16.781593,0.061937,0.012777
16.781532,0.061941,0.012827
16.781467,0.061941,0.012877
16.781406,0.062008,0.012927
16.781342,0.061948,0.012977
16.781281,0.061893,0.013027
16.781219,0.061957,0.013077
16.781155,0.061909,0.013127
16.781094,0.061961,0.013177
16.781033,0.061855,0.013227
16.780968,0.061918,0.013277
16.780907,0.061918,0.013327
16.780846,0.061859,0.013377
16.780785,0.061864,0.013426
16.780724,0.061911,0.013476
16.780659,0.061928,0.013526
16.780598,0.061928,0.013576
16.780537,0.061869,0.013626
16.780476,0.061921,0.013676
16.780415,0.061869,0.013726
16.780354,0.061822,0.013776
16.780293,0.061822,0.013826
16.780231,0.061822,0.013876
16.780170,0.061822,0.013925
16.780109,0.061822,0.013975
16.780048,0.061822,0.014025
16.779987,0.061869,0.014075
16.779926,0.061822,0.014125
16.779865,0.061822,0.014175
16.779804,0.061869,0.014225
16.779743,0.061805,0.014274
16.779682,0.061805,0.014324
16.779621,0.061805,0.014374
16.779564,0.061864,0.014424
16.779503,0.061812,0.014474
16.779442,0.061812,0.014524
16.779381,0.061812,0.014574
16.779320,0.061796,0.014623
16.779259,0.061796,0.014673
16.779202,0.061803,0.014723
16.779140,0.061803,0.014773
16.779079,0.061803,0.014823
16.779018,0.061850,0.014873
16.778961,0.061794,0.014922
16.778900,0.061794,0.014972
16.778843,0.061794,0.015022
16.778782,0.061842,0.015072
16.778721,0.061786,0.015122
16.778660,0.061786,0.015172
16.778603,0.061833,0.015222
16.778542,0.061719,0.015271
16.778484,0.061778,0.015321
16.778423,0.061826,0.015371
16.778366,0.061774,0.015421
16.778305,0.061822,0.015471
16.778248,0.061768,0.015520
16.778187,0.061827,0.015570
16.778126,0.061827,0.015620
16.778069,0.061824,0.015670
16.778008,0.061761,0.015720
16.777950,0.061869,0.015770
16.777889,0.061818,0.015820
16.777832,0.061755,0.015869
16.777775,0.061815,0.015919
16.777718,0.061813,0.015969
16.777657,0.061798,0.016019
16.777599,0.061859,0.016069
16.777542,0.061745,0.016119
16.777481,0.061794,0.016168
16.777424,0.061743,0.016218
16.777367,0.061803,0.016268
16.777306,0.061803,0.016318
16.777248,0.061790,0.016368
16.777191,0.061800,0.016418
16.777134,0.061848,0.016468
16.777073,0.061786,0.016517
16.777016,0.061845,0.016567
16.776958,0.061795,0.016617
16.776901,0.061782,0.016667
16.776844,0.061782,0.016717
16.776787,0.061781,0.016767
16.776726,0.061791,0.016816
16.776669,0.061791,0.016866
16.776611,0.061840,0.016916
16.776554,0.061790,0.016966
16.776497,0.061778,0.017016
16.776436,0.061839,0.017066
16.776382,0.061777,0.017115
16.776321,0.061788,0.017165
16.776268,0.061838,0.017215
16.776207,0.061838,0.017265
16.776154,0.061776,0.017315
16.776096,0.061776,0.017365
16.776039,0.061776,0.017414
16.775982,0.061776,0.017464
16.775925,0.061776,0.017514
16.775867,0.061776,0.017564
16.775810,0.061788,0.017614
16.775753,0.061788,0.017664
16.775700,0.061726,0.017713
16.775639,0.061776,0.017763
16.775585,0.061826,0.017813
16.775528,0.061826,0.017863
16.775471,0.061788,0.017913
16.775414,0.061788,0.017963
16.775356,0.061838,0.018012
16.775299,0.061777,0.018062
16.775246,0.061777,0.018112
16.775188,0.061789,0.018162
16.775131,0.061789,0.018212
16.775074,0.061779,0.018261
16.775017,0.061717,0.018311
16.774963,0.061779,0.018361
16.774906,0.061779,0.018411
16.774853,0.061780,0.018461
16.774796,0.061719,0.018511
16.774738,0.061791,0.018560
16.774685,0.061781,0.018610
16.774632,0.061719,0.018660
16.774574,0.061781,0.018710
16.774517,0.061781,0.018760
16.774460,0.061732,0.018809
16.774406,0.061781,0.018859
16.774349,0.061781,0.018909
16.774296,0.061732,0.018959
16.774239,0.061732,0.019009
16.774185,0.061671,0.019058
16.774128,0.061671,0.019108
16.774075,0.061721,0.019158
16.774017,0.061732,0.019208
16.773964,0.061671,0.019257
16.773907,0.061721,0.019307
16.773853,0.061721,0.019357
16.773800,0.061671,0.019407
16.773743,0.061671,0.019456
16.773689,0.061671,0.019506
16.773636,0.061733,0.019556
16.773579,0.061732,0.019606
16.773525,0.061732,0.019655
16.773468,0.061770,0.019705
16.773415,0.061671,0.019755
16.773361,0.061671,0.019805
16.773308,0.061671,0.019854
16.773254,0.061671,0.019904
16.773201,0.061732,0.019954
16.773144,0.061732,0.020004
16.773090,0.061732,0.020054
16.773037,0.061720,0.020103
16.772984,0.061720,0.020153
16.772926,0.061781,0.020203
16.772873,0.061781,0.020253
16.772820,0.061730,0.020303
16.772766,0.061781,0.020352
16.772713,0.061730,0.020402
16.772659,0.061730,0.020452
16.772602,0.061742,0.020502
16.772549,0.061669,0.020551
16.772495,0.061791,0.020601
16.772442,0.061791,0.020651
16.772388,0.061669,0.020701
16.772335,0.061729,0.020751
16.772282,0.061779,0.020800
16.772228,0.061779,0.020850
16.772175,0.061779,0.020900
16.772121,0.061779,0.020950
16.772068,0.061779,0.021000
16.772015,0.061779,0.021050
16.771961,0.061729,0.021099
16.771908,0.061729,0.021149
16.771854,0.061729,0.021199
16.771801,0.061667,0.021249
16.771748,0.061716,0.021298
16.771698,0.061716,0.021348
16.771641,0.061777,0.021398
16.771587,0.061777,0.021448
16.771538,0.061777,0.021498
16.771484,0.061727,0.021547
16.771431,0.061727,0.021597
16.771378,0.061727,0.021647
16.771324,0.061727,0.021697
16.771271,0.061727,0.021747
16.771221,0.061715,0.021796
16.771168,0.061727,0.021846
16.771114,0.061715,0.021896
16.771061,0.061776,0.021946
16.771011,0.061726,0.021995
16.770958,0.061726,0.022045
16.770908,0.061726,0.022095
16.770855,0.061726,0.022145
16.770802,0.061726,0.022195
16.770748,0.061726,0.022244
16.770699,0.061665,0.022294
16.770645,0.061665,0.022344
16.770592,0.061715,0.022394
16.770542,0.061715,0.022443
16.770489,0.061726,0.022493
16.770435,0.061677,0.022543
16.770386,0.061726,0.022593
16.770332,0.061604,0.022642
16.770283,0.061665,0.022692
16.770229,0.061665,0.022742
16.770180,0.061665,0.022792
16.770126,0.061665,0.022841
16.770077,0.061615,0.022891
16.770023,0.061715,0.022941
16.769974,0.061715,0.022990
16.769920,0.061665,0.023040
16.769871,0.061665,0.023090
16.769817,0.061615,0.023140
16.769768,0.061604,0.023189
16.769714,0.061604,0.023239
16.769665,0.061604,0.023289
16.769615,0.061604,0.023338
16.769566,0.061604,0.023388
16.769512,0.061604,0.023438
16.769463,0.061555,0.023487
16.769413,0.061555,0.023537
16.769360,0.061604,0.023587
16.769310,0.061616,0.023636
16.769257,0.061616,0.023686
16.769207,0.061494,0.023736
16.769157,0.061616,0.023785
16.769108,0.061555,0.023835
16.769056,0.061494,0.023885
16.769005,0.061494,0.023934
16.768955,0.061494,0.023984
16.768906,0.061494,0.024033
16.768856,0.061555,0.024083
16.768806,0.061555,0.024133
16.768753,0.061616,0.024182
16.768705,0.061555,0.024232
16.768654,0.061616,0.024282
16.768604,0.061616,0.024331
16.768555,0.061616,0.024381
16.768505,0.061605,0.024431
16.768456,0.061605,0.024480
16.768402,0.061605,0.024530
16.768356,0.061666,0.024580
16.768303,0.061616,0.024629
16.768253,0.061616,0.024679
16.768204,0.061666,0.024729
16.768154,0.061555,0.024779
16.768105,0.061616,0.024828
16.768055,0.061555,0.024878
16.768005,0.061605,0.024928
16.767960,0.061605,0.024977
16.767906,0.061616,0.025027
16.767857,0.061616,0.025077
16.767807,0.061666,0.025126
16.767757,0.061616,0.025176
16.767708,0.061666,0.025226
16.767658,0.061666,0.025275
16.767609,0.061616,0.025325
16.767563,0.061616,0.025375
16.767509,0.061616,0.025425
16.767464,0.061616,0.025474
16.767414,0.061666,0.025524
16.767365,0.061616,0.025574
16.767315,0.061616,0.025623
16.767265,0.061666,0.025673
16.767216,0.061666,0.025723
16.767166,0.061665,0.025773
16.767117,0.061616,0.025822
16.767071,0.061616,0.025872
16.767021,0.061616,0.025922
16.766972,0.061616,0.025971
16.766922,0.061616,0.026021
16.766876,0.061665,0.026071
16.766827,0.061665,0.026120
16.766777,0.061677,0.026170
16.766727,0.061677,0.026220
16.766682,0.061677,0.026270
16.766632,0.061616,0.026319
16.766582,0.061604,0.026369
16.766533,0.061604,0.026419
16.766487,0.061604,0.026468
16.766438,0.061604,0.026518
16.766388,0.061616,0.026568
16.766342,0.061604,0.026617
16.766293,0.061604,0.026667
16.766247,0.061665,0.026717
16.766197,0.061665,0.026767
16.766151,0.061665,0.026816
16.766102,0.061665,0.026866
16.766056,0.061665,0.026916
16.766006,0.061604,0.026965
16.765957,0.061604,0.027015
16.765911,0.061615,0.027065
16.765862,0.061615,0.027115
16.765812,0.061554,0.027164
16.765766,0.061665,0.027214
16.765717,0.061554,0.027264
16.765671,0.061554,0.027313
16.765621,0.061615,0.027363
16.765575,0.061665,0.027413
16.765526,0.061665,0.027462
16.765480,0.061665,0.027512
16.765430,0.061665,0.027562
16.765385,0.061615,0.027611
16.765339,0.061654,0.027661
16.765293,0.061604,0.027711
16.765244,0.061665,0.027761
16.765198,0.061665,0.027810
16.765148,0.061615,0.027860
16.765102,0.061615,0.027910
16.765053,0.061615,0.027959
16.765007,0.061665,0.028009
16.764957,0.061665,0.028059
16.764912,0.061653,0.028109
16.764866,0.061653,0.028158
16.764820,0.061665,0.028208
16.764771,0.061615,0.028258
16.764725,0.061615,0.028307
16.764675,0.061715,0.028357
16.764629,0.061665,0.028407
16.764584,0.061665,0.028457
16.764538,0.061665,0.028506
16.764492,0.061653,0.028556
16.764442,0.061665,0.028606
16.764397,0.061677,0.028656
16.764351,0.061776,0.028705
16.764301,0.061653,0.028755
16.764256,0.061776,0.028805
16.764210,0.061665,0.028855
16.764164,0.061665,0.028904
16.764114,0.061604,0.028954
16.764069,0.061726,0.029004
16.764023,0.061665,0.029054
16.763977,0.061665,0.029103
16.763931,0.061776,0.029153
16.763885,0.061776,0.029203
16.763840,0.061665,0.029253
16.763794,0.061764,0.029302
16.763744,0.061776,0.029352
16.763702,0.061776,0.029402
16.763653,0.061776,0.029452
16.763607,0.061776,0.029502
16.763561,0.061764,0.029552
16.763515,0.061776,0.029601
16.763470,0.061715,0.029651
16.763424,0.061776,0.029701
16.763374,0.061837,0.029751
16.763332,0.061837,0.029801
16.763283,0.061837,0.029851
16.763241,0.061715,0.029900
16.763191,0.061715,0.029950
16.763145,0.061837,0.030000
16.763103,0.061837,0.030050
16.763058,0.061776,0.030100
16.763012,0.061826,0.030150
16.762966,0.061776,0.030199
16.762920,0.061837,0.030249
16.762875,0.061776,0.030299
16.762829,0.061837,0.030349
16.762783,0.061875,0.030399
16.762737,0.061875,0.030449
16.762688,0.061887,0.030499
16.762646,0.061837,0.030548
16.762596,0.061837,0.030598
16.762554,0.061887,0.030648
16.762508,0.061887,0.030698
16.762463,0.061837,0.030748
16.762417,0.061887,0.030798
16.762375,0.061887,0.030848
16.762325,0.061887,0.030898
16.762283,0.061887,0.030948
16.762236,0.061936,0.030998
16.762192,0.061887,0.031048
16.762146,0.061837,0.031097
16.762100,0.061837,0.031147
16.762054,0.061875,0.031197
16.762009,0.061875,0.031247
16.761967,0.061837,0.031297
16.761921,0.061899,0.031347
16.761875,0.061887,0.031397
16.761827,0.061887,0.031447
16.761784,0.061899,0.031497
16.761742,0.061899,0.031547
16.761696,0.061899,0.031596
16.761650,0.061936,0.031646
16.761606,0.061936,0.031696
16.761562,0.061887,0.031746
16.761517,0.061936,0.031796
16.761471,0.061948,0.031846
16.761425,0.061948,0.031896
16.761383,0.061948,0.031946
16.761335,0.061998,0.031996
16.761292,0.061948,0.032046
16.761248,0.061936,0.032096
16.761204,0.061998,0.032146
16.761158,0.061998,0.032196
16.761122,0.062059,0.032236
16.761078,0.062010,0.032286
16.761036,0.062059,0.032336
16.760990,0.062059,0.032386
16.760946,0.062059,0.032436
16.760902,0.061998,0.032486
16.760855,0.062059,0.032536
16.760813,0.061986,0.032586
16.760767,0.062059,0.032636
16.760723,0.062059,0.032686
16.760677,0.062059,0.032736
16.760635,0.062059,0.032786
16.760590,0.062059,0.032836
16.760544,0.062159,0.032887
16.760502,0.062109,0.032937
16.760458,0.062121,0.032987
16.760414,0.062121,0.033037
16.760370,0.062170,0.033087
16.760326,0.062159,0.033137
16.760281,0.062159,0.033187
16.760237,0.062159,0.033237
16.760193,0.062220,0.033288
16.760149,0.062232,0.033338
16.760105,0.062220,0.033388
16.760061,0.062170,0.033438
16.760015,0.062232,0.033488
16.759974,0.062220,0.033538
16.759928,0.062220,0.033589
16.759901,0.057147,0.033635
16.759884,0.051276,0.033676
16.759859,0.049840,0.033716
16.759827,0.050630,0.033757
16.759796,0.052243,0.033799
16.759762,0.052832,0.033842
16.759727,0.054094,0.033885
16.759689,0.054529,0.033929
16.759659,0.054868,0.033974
16.759623,0.055297,0.034018
16.759586,0.055864,0.034063
16.759548,0.056338,0.034109
16.759510,0.056941,0.034155
16.759474,0.057328,0.034201
16.759434,0.057686,0.034247
16.759396,0.058228,0.034294
16.759357,0.058425,0.034341
16.759319,0.058574,0.034389
16.759277,0.058882,0.034436
16.759237,0.059117,0.034484
16.759197,0.059554,0.034532
16.759159,0.059588,0.034580
16.759117,0.059787,0.034628
16.759079,0.059833,0.034676
16.759037,0.059986,0.034725
16.758995,0.060147,0.034773
16.758953,0.060428,0.034822
16.758911,0.060574,0.034871
16.758867,0.061173,0.034920
16.758827,0.061338,0.034970
16.758785,0.061509,0.035019
16.758743,0.061785,0.035069
16.758698,0.062005,0.035119
16.758656,0.062174,0.035169
16.758612,0.062217,0.035219
16.758570,0.062464,0.035270
16.758526,0.062750,0.035320
16.758480,0.062889,0.035371
16.758434,0.063120,0.035422
16.758392,0.063318,0.035473
16.758347,0.063553,0.035524
16.758301,0.063833,0.035576
16.758255,0.063979,0.035627
16.758211,0.064257,0.035679
16.758165,0.064285,0.035731
16.758120,0.063964,0.035783
16.758076,0.063992,0.035834
16.758030,0.063769,0.035886
16.757984,0.063729,0.035937
16.757942,0.063662,0.035988
16.757896,0.063761,0.036040
16.757854,0.063692,0.036091
16.757809,0.063723,0.036143
16.757763,0.063698,0.036194
16.757717,0.063555,0.036245
16.757675,0.063660,0.036297
16.757633,0.063761,0.036348
16.757587,0.063656,0.036399
16.757545,0.063758,0.036451
16.757500,0.063764,0.036502
16.757454,0.063799,0.036554
16.757410,0.063889,0.036605
16.757366,0.063896,0.036657
16.757320,0.064098,0.036708
16.757277,0.063906,0.036760
16.757231,0.064077,0.036812
16.757187,0.064245,0.036863
16.757141,0.064472,0.036915
16.757099,0.064523,0.036967
16.757053,0.064510,0.037019
16.757010,0.064236,0.037071
16.756962,0.064596,0.037123
16.756920,0.064431,0.037175
16.756874,0.064419,0.037227
16.756828,0.064506,0.037279
16.756783,0.064605,0.037331
16.756741,0.064254,0.037383
16.756695,0.064494,0.037435
16.756649,0.064593,0.037487
16.756603,0.064593,0.037539
16.756563,0.064451,0.037591
16.756519,0.064550,0.037643
16.756474,0.064681,0.037696
16.756428,0.064550,0.037748
16.756382,0.064748,0.037800
16.756340,0.064848,0.037852
16.756294,0.064891,0.037904
16.756248,0.064958,0.037957
16.756203,0.064848,0.038009
16.756157,0.065091,0.038062
16.756113,0.064991,0.038114
16.756069,0.064891,0.038166
16.756025,0.065002,0.038219
16.755980,0.065314,0.038271
16.755936,0.065014,0.038324
16.755890,0.065181,0.038376
16.755844,0.065314,0.038429
16.755800,0.065225,0.038482
16.755754,0.065092,0.038534
16.755711,0.065092,0.038587
16.755665,0.065337,0.038639
16.755619,0.065404,0.038692
16.755575,0.065248,0.038745
16.755531,0.065316,0.038797
16.755487,0.065306,0.038850
16.755440,0.065407,0.038903
16.755398,0.065374,0.038956
16.755352,0.065475,0.039008
16.755306,0.065475,0.039061
16.755262,0.065298,0.039114
16.755219,0.065133,0.039166
16.755175,0.065101,0.039219
16.755131,0.064862,0.039271
16.755089,0.064862,0.039324
16.755043,0.065125,0.039376
16.754999,0.065017,0.039428
16.754953,0.065153,0.039481
16.754910,0.064922,0.039533
16.754868,0.064855,0.039586
16.754826,0.064618,0.039638
16.754780,0.064792,0.039690
16.754738,0.064748,0.039742
16.754692,0.064847,0.039795
16.754650,0.064717,0.039847
16.754606,0.064816,0.039899
16.754566,0.064748,0.039951
16.754520,0.064587,0.040003
16.754478,0.064451,0.040055
16.754433,0.064655,0.040107
16.754391,0.064611,0.040160
16.754349,0.064754,0.040212
16.754303,0.064580,0.040264
16.754261,0.064717,0.040316
16.754219,0.064648,0.040368
16.754177,0.064655,0.040420
16.754131,0.064512,0.040472
16.754093,0.064580,0.040524
16.754047,0.064686,0.040577
16.754005,0.064587,0.040629
16.753963,0.064549,0.040681
16.753922,0.064617,0.040733
16.753876,0.065500,0.040786
16.753826,0.066411,0.040839
16.753780,0.067537,0.040894
16.753727,0.069335,0.040950
16.753674,0.070544,0.041006
16.753618,0.072038,0.041065
16.753563,0.073630,0.041124
16.753502,0.075308,0.041185
16.753441,0.076962,0.041247
16.753376,0.078663,0.041310
16.753307,0.081760,0.041376
16.753235,0.083916,0.041444
16.753159,0.086229,0.041513
16.753078,0.088726,0.041585
16.753000,0.090979,0.041658
16.752932,0.088362,0.041730
16.752869,0.085636,0.041799
16.752806,0.083264,0.041866
16.752745,0.081127,0.041931
16.752687,0.079150,0.041995
16.752636,0.076942,0.042057
16.752584,0.074237,0.042117
16.752533,0.072715,0.042176
16.752493,0.070264,0.042232
16.752447,0.068913,0.042288
16.752403,0.067511,0.042342
16.752361,0.066796,0.042396
16.752323,0.065016,0.042449
16.752281,0.064777,0.042501
16.752239,0.064835,0.042553
16.752197,0.065084,0.042606
16.752155,0.064975,0.042658
16.752113,0.065107,0.042710
16.752073,0.065174,0.042763
16.752029,0.065174,0.042816
16.751987,0.065316,0.042868
16.751945,0.065274,0.042921
16.751905,0.065274,0.042974
16.751863,0.065374,0.043026
16.751822,0.065374,0.043079
16.751778,0.065484,0.043132
16.751736,0.065374,0.043184
16.751694,0.065516,0.043237
16.751652,0.065407,0.043290
16.751610,0.065366,0.043343
16.751568,0.065366,0.043395
16.751526,0.065516,0.043448
16.751484,0.065475,0.043501
16.751442,0.065366,0.043554
16.751400,0.065543,0.043607
16.751358,0.065543,0.043660
16.751316,0.065434,0.043712
16.751274,0.065466,0.043765
16.751232,0.065507,0.043818
16.751190,0.065543,0.043871
16.751148,0.065475,0.043924
16.751106,0.065507,0.043976
16.751064,0.065617,0.044029
16.751022,0.065617,0.044082
16.750980,0.065608,0.044135
16.750938,0.065543,0.044188
16.750896,0.065398,0.044241
16.750856,0.065442,0.044294
16.750816,0.065608,0.044346
16.750774,0.065575,0.044399
16.750734,0.065333,0.044452
16.750690,0.065575,0.044505
16.750648,0.065608,0.044558
16.750610,0.065499,0.044611
16.750566,0.065333,0.044663
16.750526,0.065543,0.044716
16.750484,0.065676,0.044769
16.750443,0.065676,0.044822
16.750402,0.065434,0.044875
16.750359,0.065442,0.044928
16.750320,0.065333,0.044980
16.750280,0.065366,0.045033
16.750237,0.065575,0.045086
16.750195,0.065644,0.045139
16.750153,0.065644,0.045192
16.750114,0.065499,0.045245
16.750072,0.065786,0.045298
16.750031,0.065685,0.045351
16.749989,0.065540,0.045404
16.749950,0.065608,0.045456
16.749908,0.065709,0.045509
16.749866,0.065709,0.045562
16.749825,0.065599,0.045615
16.749783,0.065434,0.045668
16.749744,0.065608,0.045721
16.749702,0.065778,0.045774
16.749660,0.065709,0.045827
16.749622,0.065575,0.045880
16.749580,0.065567,0.045933
16.749538,0.065709,0.045986
16.749496,0.065644,0.046039
16.749458,0.065366,0.046091
16.749416,0.065366,0.046144
16.749378,0.065668,0.046197
16.749336,0.065534,0.046250
16.749294,0.065676,0.046303
16.749252,0.065644,0.046356
16.749214,0.065676,0.046409
16.749176,0.065778,0.046462
16.749130,0.065534,0.046515
16.749092,0.065466,0.046568
16.749050,0.065745,0.046621
16.749012,0.065676,0.046674
16.748968,0.065844,0.046727
16.748928,0.065810,0.046780
16.748890,0.065644,0.046833
16.748852,0.065599,0.046886
16.748810,0.065635,0.046938
16.748768,0.065599,0.046991
16.748730,0.065635,0.047044
16.748688,0.065676,0.047097
16.748650,0.065567,0.047150
16.748608,0.065778,0.047203
16.748566,0.065635,0.047256
16.748528,0.065502,0.047309
16.748489,0.065644,0.047362
16.748447,0.065778,0.047415
16.748405,0.065745,0.047468
16.748367,0.065543,0.047521
16.748325,0.065567,0.047574
16.748283,0.065644,0.047627
16.748245,0.065599,0.047680
16.748207,0.065567,0.047732
16.748165,0.065745,0.047785
16.748127,0.065567,0.047838
16.748087,0.065466,0.047891
16.748047,0.065778,0.047944
16.748009,0.065778,0.047997
16.747967,0.065644,0.048050
16.747925,0.065567,0.048103
16.747887,0.065745,0.048156
16.747849,0.065567,0.048209
16.747807,0.065644,0.048262
16.747765,0.065644,0.048315
16.747730,0.065575,0.048368
16.747688,0.065709,0.048421
16.747650,0.065778,0.048474
16.747608,0.065599,0.048527
16.747570,0.065644,0.048580
16.747532,0.065401,0.048632
16.747490,0.065567,0.048685
16.747448,0.065778,0.048738
16.747410,0.065644,0.048791
16.747372,0.065575,0.048844
16.747334,0.065575,0.048897
16.747295,0.065709,0.048950
16.747253,0.065742,0.049003
16.747215,0.065676,0.049056
16.747177,0.065398,0.049109
16.747135,0.065644,0.049162
16.747097,0.065810,0.049215
16.747059,0.065575,0.049268
16.747021,0.065575,0.049320
16.746979,0.065575,0.049373
16.746941,0.065786,0.049426
16.746902,0.065742,0.049479
16.746861,0.065575,0.049532
16.746822,0.065575,0.049585
16.746780,0.065676,0.049638
16.746742,0.065810,0.049691
16.746708,0.065742,0.049744
16.746666,0.065575,0.049797
16.746628,0.065434,0.049850
16.746590,0.065742,0.049903
16.746552,0.065575,0.049956
16.746510,0.065608,0.050009
16.746471,0.065608,0.050062
16.746433,0.065575,0.050114
16.746391,0.065810,0.050168
16.746357,0.065709,0.050221
16.746319,0.065575,0.050273
16.746279,0.065366,0.050326
16.746239,0.065718,0.050379
16.746201,0.065575,0.050432
16.746162,0.065575,0.050485
16.746124,0.065575,0.050538
16.746082,0.066311,0.050591
16.746040,0.067367,0.050646
16.745995,0.068570,0.050701
16.745949,0.069314,0.050757
16.745905,0.070121,0.050813
16.745857,0.071010,0.050871
16.745808,0.072118,0.050929
16.745758,0.072955,0.050988
16.745708,0.073831,0.051047
16.745655,0.075616,0.051108
16.745598,0.076730,0.051170
16.745541,0.077753,0.051233
16.745481,0.079235,0.051297
16.745422,0.080397,0.051361
16.745361,0.081403,0.051427
16.745295,0.083230,0.051494
16.745232,0.084605,0.051562
16.745171,0.084226,0.051630
16.745113,0.082891,0.051697
16.745052,0.081447,0.051763
16.744999,0.080141,0.051828
16.744949,0.078772,0.051891
16.744902,0.076072,0.051952
16.744858,0.074768,0.052013
16.744808,0.073769,0.052072
16.744762,0.072724,0.052131
16.744720,0.071677,0.052189
16.744678,0.069971,0.052245
16.744635,0.070040,0.052302
16.744595,0.069218,0.052357
16.744555,0.068498,0.052413
16.744520,0.067090,0.052467
16.744480,0.066427,0.052520
16.744446,0.065789,0.052573
16.744408,0.065504,0.052626
16.744373,0.065004,0.052679
16.744339,0.064497,0.052731
16.744305,0.063724,0.052782
16.744270,0.063402,0.052833
16.744236,0.062964,0.052884
16.744205,0.062687,0.052934
16.744171,0.062501,0.052985
16.744144,0.060458,0.053034
16.744114,0.060138,0.053082
16.744087,0.059739,0.053130
16.744059,0.059263,0.053178
16.744030,0.059199,0.053226
16.744001,0.059134,0.053274
16.743973,0.059033,0.053321
16.743946,0.058887,0.053369
16.743917,0.058995,0.053416
16.743889,0.058808,0.053464
16.743860,0.058818,0.053511
16.743832,0.058778,0.053558
16.743805,0.058805,0.053606
16.743774,0.058712,0.053653
16.743748,0.058737,0.053701
16.743721,0.058700,0.053748
16.743694,0.058686,0.053795
16.743668,0.058623,0.053843
16.743637,0.058610,0.053890
16.743610,0.058449,0.053937
16.743584,0.058489,0.053984
16.743553,0.058489,0.054031
16.743526,0.058437,0.054078
16.743500,0.058332,0.054125
16.743469,0.058382,0.054173
16.743448,0.058309,0.054220
16.743420,0.058290,0.054267
16.743391,0.058217,0.054314
16.743364,0.058188,0.054360
16.743341,0.058240,0.054398
16.743315,0.058179,0.054445
16.743288,0.058191,0.054492
16.743261,0.058091,0.054539
16.743233,0.058105,0.054586
16.743208,0.058015,0.054632
16.743181,0.058073,0.054679
16.743153,0.057874,0.054726
16.743128,0.057933,0.054773
16.743101,0.057878,0.054819
16.743073,0.057833,0.054866
16.743046,0.057813,0.054913
16.743023,0.057743,0.054959
16.742996,0.057802,0.055006
16.742970,0.057717,0.055052
16.742943,0.057729,0.055099
16.742916,0.057633,0.055145
16.742897,0.057652,0.055182
16.742870,0.057693,0.055229
16.742840,0.057680,0.055276
16.742817,0.057607,0.055322
16.742790,0.057652,0.055368
16.742764,0.057574,0.055415
16.742737,0.057648,0.055461
16.742714,0.057644,0.055508
16.742687,0.057628,0.055554
16.742661,0.057613,0.055601
16.742634,0.057601,0.055647
16.742607,0.057605,0.055694
16.742580,0.057595,0.055740
16.742554,0.057566,0.055787
16.742531,0.057530,0.055833
16.742504,0.057697,0.055880
16.742477,0.057677,0.055926
16.742451,0.057676,0.055973
16.742424,0.057643,0.056019
16.742397,0.057633,0.056065
16.742371,0.057610,0.056112
16.742344,0.057709,0.056158
16.742319,0.057789,0.056205
16.742294,0.057838,0.056252
16.742268,0.057856,0.056298
16.742241,0.057806,0.056345
16.742214,0.057925,0.056392
16.742188,0.058026,0.056439
16.742161,0.058077,0.056485
16.742134,0.058089,0.056532
16.742107,0.058147,0.056579
16.742079,0.058153,0.056626
16.742052,0.058116,0.056673
16.742029,0.058244,0.056720
16.742002,0.058275,0.056767
16.741974,0.058351,0.056814
16.741947,0.058493,0.056861
16.741920,0.058481,0.056908
16.741890,0.058538,0.056955
16.741865,0.058455,0.057003
16.741837,0.058676,0.057050
16.741810,0.058602,0.057097
16.741783,0.058682,0.057144
16.741756,0.058748,0.057192
16.741730,0.058792,0.057239
16.741703,0.058697,0.057287
16.741676,0.058806,0.057334
16.741646,0.058979,0.057382
16.741617,0.059107,0.057429
16.741590,0.059131,0.057477
16.741564,0.059120,0.057525
16.741535,0.059240,0.057572
16.741507,0.059303,0.057620
16.741486,0.059197,0.057658
16.741457,0.059309,0.057706
16.741428,0.059293,0.057754
16.741398,0.059482,0.057802
16.741371,0.059546,0.057850
16.741341,0.059447,0.057898
16.741314,0.059627,0.057946
16.741287,0.059674,0.057994
16.741257,0.059636,0.058042
16.741230,0.059656,0.058090
16.741203,0.059717,0.058139
16.741173,0.059790,0.058187
16.741142,0.059841,0.058235
16.741114,0.059863,0.058283
16.741087,0.060007,0.058332
16.741058,0.059997,0.058380
16.741030,0.059988,0.058428
16.740999,0.060053,0.058477
16.740971,0.060146,0.058525
16.740942,0.060281,0.058574
16.740913,0.060353,0.058623
16.740883,0.060425,0.058671
16.740852,0.060542,0.058720
16.740826,0.060538,0.058769
16.740795,0.060558,0.058818
16.740765,0.060650,0.058867
16.740738,0.060757,0.058916
16.740707,0.060710,0.058965
16.740677,0.060842,0.059014
16.740646,0.060795,0.059063
16.740618,0.060838,0.059112
16.740587,0.060912,0.059161
16.740559,0.060988,0.059210
16.740528,0.061009,0.059259
16.740498,0.061031,0.059309
16.740467,0.061052,0.059358
16.740437,0.061106,0.059407
16.740408,0.061206,0.059457
16.740379,0.061304,0.059506
16.740349,0.061260,0.059555
16.740318,0.061226,0.059605
16.740288,0.061302,0.059654
16.740257,0.061358,0.059704
16.740227,0.061314,0.059753
16.740196,0.061358,0.059803
16.740166,0.061392,0.059852
16.740137,0.061403,0.059902
16.740108,0.061403,0.059951
16.740076,0.061414,0.060001
16.740047,0.061447,0.060050
16.740013,0.061492,0.060100
16.739986,0.061460,0.060149
16.739952,0.061527,0.060199
16.739925,0.061473,0.060249
16.739895,0.061585,0.060298
16.739864,0.061585,0.060348
16.739834,0.061543,0.060398
16.739803,0.061522,0.060447
16.739773,0.061556,0.060497
16.739742,0.061601,0.060546
16.739712,0.061615,0.060596
16.739685,0.061629,0.060646
16.739655,0.061575,0.060696
16.739624,0.061521,0.060745
16.739594,0.061623,0.060795
16.739563,0.061580,0.060844
16.739532,0.061706,0.060894
16.739502,0.061652,0.060944
16.739471,0.061713,0.060994
16.739441,0.061728,0.061044
16.739414,0.061720,0.061093
16.739380,0.061701,0.061143
16.739353,0.061606,0.061193
16.739319,0.061733,0.061243
16.739292,0.061733,0.061292
16.739258,0.061719,0.061342
16.739231,0.061643,0.061392
16.739201,0.061770,0.061442
16.739170,0.061786,0.061491
16.739140,0.061757,0.061541
16.739109,0.061791,0.061591
16.739079,0.061785,0.061641
16.739048,0.061797,0.061691
16.739017,0.061768,0.061741
16.738989,0.061873,0.061790
16.738960,0.061816,0.061840
16.738930,0.061799,0.061890
16.738899,0.061817,0.061940
16.738867,0.061826,0.061990
16.738838,0.061843,0.062040
16.738806,0.061875,0.062090
16.738777,0.061893,0.062140
16.738747,0.061890,0.062189
16.738720,0.061905,0.062239
16.738686,0.061878,0.062289
16.738657,0.061933,0.062339
16.738625,0.061967,0.062389
16.738602,0.061915,0.062429
16.738577,0.061915,0.062469
16.738548,0.061949,0.062519
16.738520,0.061935,0.062569
16.738487,0.061954,0.062619
16.738457,0.061963,0.062669
16.738426,0.061998,0.062719
16.738396,0.061956,0.062769
16.738367,0.062026,0.062819
16.738335,0.062012,0.062869
16.738308,0.061999,0.062919
16.738276,0.061997,0.062969
16.738247,0.061995,0.063019
16.738216,0.061992,0.063069
16.738184,0.061992,0.063119
16.738155,0.062029,0.063169
16.738125,0.061940,0.063219
16.738096,0.062013,0.063269
16.738066,0.062012,0.063319
16.738037,0.062000,0.063369
16.738005,0.061976,0.063419
16.737976,0.061987,0.063469
16.737946,0.062048,0.063519
16.737915,0.061998,0.063569
16.737886,0.062025,0.063619
16.737856,0.062036,0.063669
16.737827,0.061999,0.063719
16.737795,0.061999,0.063769
16.737766,0.062011,0.063819
16.737736,0.061999,0.063869
16.737707,0.062050,0.063919
16.737675,0.061988,0.063969
16.737646,0.061990,0.064019
16.737617,0.062028,0.064069
16.737587,0.061918,0.064119
16.737556,0.062053,0.064169
16.737526,0.062016,0.064219
16.737497,0.062055,0.064269
16.737467,0.062066,0.064319
16.737438,0.062045,0.064369
16.737408,0.062107,0.064419
16.737377,0.062046,0.064469
16.737349,0.062025,0.064519
16.737318,0.062087,0.064569
16.737289,0.062110,0.064619
16.737257,0.062123,0.064670
16.737228,0.062147,0.064720
16.737200,0.062100,0.064770
16.737169,0.062089,0.064820
16.737141,0.062114,0.064870
16.737108,0.062114,0.064920
16.737080,0.062042,0.064970
16.737049,0.062165,0.065020
16.737020,0.062251,0.065070
16.736992,0.062179,0.065120
16.736959,0.062156,0.065171
16.736931,0.062156,0.065221
16.736900,0.062230,0.065271
16.736870,0.062218,0.065321
16.736841,0.062118,0.065371
16.736813,0.062218,0.065421
16.736782,0.062207,0.065472
16.736752,0.062169,0.065522
16.736721,0.062204,0.065572
16.736692,0.062181,0.065622
16.736662,0.062207,0.065672
16.736633,0.062230,0.065722
16.736605,0.062280,0.065773
16.736576,0.062229,0.065823
16.736544,0.062269,0.065873
16.736513,0.062269,0.065923
16.736485,0.062313,0.065973
16.736454,0.062341,0.066024
16.736423,0.062290,0.066074
16.736397,0.062256,0.066124
16.736366,0.062327,0.066174
16.736338,0.062267,0.066225
16.736305,0.062267,0.066275
16.736275,0.062287,0.066325
16.736246,0.062305,0.066375
16.736216,0.062325,0.066426
16.736189,0.062325,0.066476
16.736156,0.062374,0.066526
16.736128,0.062374,0.066576
16.736099,0.062385,0.066627
16.736069,0.062409,0.066677
16.736038,0.062334,0.066727
16.736008,0.062361,0.066778
16.735977,0.062384,0.066828
16.735950,0.062321,0.066878
16.735920,0.062370,0.066929
16.735889,0.062359,0.066979
16.735861,0.062420,0.067029
16.735828,0.062392,0.067079
16.735800,0.062380,0.067130
16.735771,0.062452,0.067180
16.735741,0.062379,0.067230
16.735710,0.062440,0.067281
16.735683,0.062428,0.067331
16.735653,0.062428,0.067381
16.735622,0.062354,0.067432
16.735594,0.062365,0.067482
16.735565,0.062376,0.067532
16.735535,0.062425,0.067583
16.735504,0.062414,0.067633
16.735474,0.062436,0.067683
16.735447,0.062436,0.067734
16.735416,0.062424,0.067784
16.735386,0.062474,0.067834
16.735359,0.062401,0.067885
16.735329,0.062411,0.067935
16.735298,0.062496,0.067986
16.735268,0.062484,0.068036
16.735239,0.062422,0.068086
16.735210,0.062410,0.068137
16.735180,0.062411,0.068187
16.735149,0.062495,0.068237
16.735123,0.062421,0.068288
16.735092,0.062471,0.068338
16.735062,0.062460,0.068388
16.735035,0.062460,0.068439
16.735004,0.062432,0.068489
16.734978,0.062421,0.068539
16.734947,0.062420,0.068590
16.734917,0.062443,0.068640
16.734888,0.062409,0.068690
16.734856,0.062482,0.068741
16.734825,0.062409,0.068791
16.734798,0.062420,0.068842
16.734772,0.062409,0.068892
16.734741,0.062409,0.068942
16.734711,0.062398,0.068993
16.734680,0.062337,0.069043
16.734653,0.062387,0.069093
16.734623,0.062360,0.069143
16.734594,0.062359,0.069194
16.734566,0.062398,0.069244
16.734535,0.062421,0.069294
16.734509,0.062371,0.069345
16.734478,0.062321,0.069395
16.734449,0.062287,0.069445
16.734421,0.062338,0.069495
16.734394,0.062276,0.069546
16.734364,0.062338,0.069596
16.734333,0.062340,0.069646
16.734304,0.062312,0.069696
16.734278,0.062350,0.069747
16.734245,0.062322,0.069797
16.734217,0.062361,0.069847
16.734192,0.062323,0.069898
16.734161,0.062289,0.069948
16.734131,0.062250,0.069998
16.734104,0.062262,0.070048
16.734074,0.062240,0.070098
16.734045,0.062302,0.070149
16.734016,0.062302,0.070199
16.733988,0.062251,0.070249
16.733961,0.062263,0.070299
16.733931,0.062263,0.070349
16.733902,0.062315,0.070400
16.733871,0.062326,0.070450
16.733843,0.062302,0.070500
16.733814,0.062364,0.070551
16.733788,0.062376,0.070601
16.733757,0.062264,0.070651
16.733730,0.062399,0.070701
16.733700,0.062411,0.070752
16.733669,0.062412,0.070802
16.733643,0.062450,0.070852
16.733612,0.062438,0.070903
16.733585,0.062389,0.070953
16.733557,0.062377,0.071003
16.733524,0.062388,0.071054
16.733498,0.062401,0.071104
16.733467,0.062451,0.071154
16.733440,0.062439,0.071205
16.733414,0.062451,0.071255
16.733383,0.062400,0.071305
16.733356,0.062462,0.071356
16.733326,0.062462,0.071406
16.733295,0.062439,0.071456
16.733269,0.062514,0.071507
16.733238,0.062574,0.071557
16.733212,0.062523,0.071608
16.733181,0.062500,0.071658
16.733154,0.062550,0.071709
16.733124,0.062501,0.071759
16.733093,0.062573,0.071810
16.733067,0.062561,0.071860
16.733036,0.062549,0.071910
16.733009,0.062634,0.071961
16.732979,0.062634,0.072011
16.732948,0.062538,0.072062
16.732922,0.062528,0.072112
16.732895,0.062551,0.072163
16.732864,0.062621,0.072213
16.732838,0.062671,0.072264
16.732807,0.062548,0.072314
16.732777,0.062515,0.072365
16.732750,0.062527,0.072415
16.732719,0.062660,0.072466
16.732693,0.062632,0.072516
16.732666,0.062526,0.072567
16.732635,0.062586,0.072617
16.732605,0.062658,0.072668
16.732578,0.062574,0.072718
16.732548,0.062574,0.072768
16.732521,0.062564,0.072819
16.732494,0.062596,0.072869
16.732464,0.062657,0.072920
16.732433,0.062573,0.072970
16.732407,0.062491,0.073021
16.732376,0.062553,0.073071
16.732349,0.062513,0.073122
16.732323,0.062572,0.073172
16.732292,0.062533,0.073223
16.732262,0.062500,0.073273
16.732235,0.062633,0.073323
16.732204,0.062633,0.073374
16.732178,0.062583,0.073424
16.732151,0.062489,0.073475
16.732121,0.062683,0.073525
16.732094,0.062622,0.073576
16.732063,0.062612,0.073626
16.732037,0.062457,0.073677
16.732006,0.062540,0.073727
16.731979,0.062633,0.073778
16.731953,0.062572,0.073828
16.731922,0.062572,0.073879
16.731895,0.062489,0.073929
16.731865,0.062572,0.073979
16.731834,0.062572,0.074030
16.731812,0.062561,0.074080
16.731781,0.062468,0.074131
16.731754,0.062551,0.074181
16.731724,0.062562,0.074232
16.731693,0.062595,0.074282
16.731667,0.062491,0.074333
16.731640,0.062469,0.074383
16.731609,0.062491,0.074433
16.731583,0.062557,0.074484
16.731556,0.062490,0.074534
16.731525,0.062429,0.074584
16.731499,0.062451,0.074635
16.731472,0.062582,0.074685
16.731441,0.062535,0.074736
16.731415,0.062440,0.074786
16.731384,0.062431,0.074836
16.731358,0.062536,0.074887
16.731331,0.062535,0.074937
16.731304,0.062452,0.074988
16.731274,0.062431,0.075038
16.731247,0.062402,0.075088
16.731216,0.062413,0.075139
16.731190,0.062391,0.075189
16.731163,0.062360,0.075239
16.731134,0.062320,0.075290
16.731106,0.062381,0.075340
16.731079,0.062363,0.075390
16.731049,0.062436,0.075441
16.731022,0.062459,0.075491
16.730995,0.062381,0.075541
16.730968,0.062442,0.075592
16.730942,0.062392,0.075642
16.730911,0.062302,0.075692
16.730885,0.062357,0.075742
16.730854,0.062375,0.075793
16.730827,0.062415,0.075843
16.730801,0.062484,0.075893
16.730774,0.062424,0.075944
16.730743,0.062393,0.075994
16.730717,0.062426,0.076044
16.730690,0.062448,0.076095
16.730663,0.062410,0.076145
16.730633,0.062477,0.076195
16.730606,0.062477,0.076246
16.730579,0.062478,0.076296
16.730549,0.062548,0.076347
16.730522,0.062486,0.076397
16.730495,0.062549,0.076448
16.730465,0.062540,0.076498
16.730438,0.062437,0.076548
16.730412,0.062584,0.076599
16.730381,0.062572,0.076649
16.730352,0.062816,0.076700
16.730328,0.062816,0.076751
16.730297,0.062684,0.076801
16.730270,0.062684,0.076852
16.730244,0.062811,0.076902
16.730213,0.062940,0.076953
16.730185,0.062950,0.077004
16.730156,0.062807,0.077055
16.730127,0.062870,0.077105
16.730101,0.062809,0.077156
16.730072,0.063135,0.077207
16.730049,0.063198,0.077248
16.730021,0.063223,0.077299
16.729992,0.062970,0.077349
16.729961,0.063032,0.077400
16.729937,0.062996,0.077451
16.729908,0.063437,0.077502
16.729877,0.062906,0.077553
16.729847,0.063230,0.077604
16.729816,0.063864,0.077655
16.729790,0.063975,0.077707
16.729763,0.063542,0.077758
16.729733,0.063393,0.077809
16.729704,0.063174,0.077860
16.729675,0.063067,0.077911
16.729649,0.063481,0.077962
16.729618,0.063480,0.078013
16.729591,0.062797,0.078064
16.729561,0.063531,0.078115
16.729530,0.063491,0.078167
16.729504,0.063416,0.078218
16.729473,0.063392,0.078269
16.729450,0.063456,0.078310
16.729424,0.063372,0.078361
16.729397,0.062946,0.078412
16.729366,0.063692,0.078463
16.729338,0.063263,0.078514
16.729309,0.063193,0.078565
16.729282,0.063542,0.078616
16.729256,0.063100,0.078667
16.729227,0.062949,0.078718
16.729198,0.062312,0.078768
16.729172,0.062594,0.078819
16.729143,0.063241,0.078870
16.729115,0.063190,0.078921
16.729086,0.063092,0.078971
16.729061,0.062335,0.079022
16.729034,0.062306,0.079072
16.729004,0.062433,0.079122
16.728977,0.062748,0.079173
16.728951,0.062435,0.079223
16.728926,0.062118,0.079273
16.728899,0.062057,0.079323
16.728870,0.062200,0.079374
16.728844,0.062518,0.079424
16.728817,0.062505,0.079474
16.728790,0.062053,0.079524
16.728765,0.061814,0.079574
16.728737,0.061910,0.079624
16.728712,0.061928,0.079674
16.728683,0.061779,0.079724
16.728659,0.061799,0.079774
16.728632,0.061844,0.079824
16.728607,0.061871,0.079874
16.728579,0.061928,0.079924
16.728554,0.061859,0.079973
16.728525,0.061975,0.080023
16.728502,0.061979,0.080073
16.728474,0.062012,0.080123
16.728447,0.062153,0.080174
16.728420,0.062165,0.080224
16.728394,0.062179,0.080274
16.728367,0.062230,0.080324
16.728340,0.062355,0.080374
16.728313,0.062491,0.080425
16.728287,0.062614,0.080475
16.728256,0.062756,0.080526
16.728230,0.062715,0.080576
16.728201,0.062939,0.080627
16.728174,0.062867,0.080678
16.728146,0.062979,0.080729
16.728117,0.063032,0.080779
16.728090,0.062984,0.080830
16.728062,0.062952,0.080881
16.728035,0.063198,0.080932
16.728004,0.063235,0.080983
16.727980,0.063239,0.081034
16.727951,0.063529,0.081085
16.727921,0.063403,0.081136
16.727894,0.063455,0.081187
16.727867,0.063405,0.081239
16.727837,0.063321,0.081290
16.727810,0.063393,0.081341
16.727781,0.063240,0.081392
16.727753,0.063290,0.081443
16.727724,0.063170,0.081494
16.727697,0.063086,0.081545
16.727669,0.063300,0.081596
16.727642,0.063286,0.081647
16.727613,0.063211,0.081698
16.727585,0.063035,0.081749
16.727562,0.063081,0.081799
16.727533,0.063009,0.081850
16.727505,0.062959,0.081901
16.727476,0.062945,0.081952
16.727451,0.062817,0.082002
16.727421,0.062968,0.082053
16.727396,0.062901,0.082104
16.727367,0.062820,0.082155
16.727341,0.062794,0.082205
16.727312,0.062841,0.082256
16.727287,0.062838,0.082307
16.727261,0.062726,0.082357
16.727232,0.062812,0.082408
16.727207,0.062640,0.082458
16.727180,0.062700,0.082509
16.727150,0.062667,0.082559
16.727123,0.062719,0.082610
16.727100,0.062766,0.082661
16.727070,0.062563,0.082711
16.727043,0.062633,0.082762
16.727016,0.062654,0.082812
16.726990,0.062524,0.082863
16.726963,0.062573,0.082913
16.726936,0.062583,0.082964
16.726910,0.062522,0.083014
16.726883,0.062614,0.083064
16.726856,0.062534,0.083115
16.726830,0.062544,0.083165
16.726803,0.062546,0.083216
16.726776,0.062557,0.083266
16.726749,0.062504,0.083317
16.726723,0.062504,0.083367
16.726696,0.062526,0.083417
16.726669,0.062469,0.083468
16.726643,0.062531,0.083518
16.726616,0.062467,0.083569
16.726589,0.062407,0.083619
16.726562,0.062427,0.083669
16.726536,0.062484,0.083720
16.726513,0.062511,0.083770
16.726482,0.062472,0.083820
16.726460,0.062410,0.083871
16.726429,0.062413,0.083921
16.726406,0.062413,0.083971
16.726376,0.062424,0.084022
16.726353,0.062434,0.084072
16.726326,0.062446,0.084123
16.726299,0.062488,0.084173
16.726273,0.062550,0.084223
16.726246,0.062562,0.084274
16.726219,0.062535,0.084324
16.726192,0.062477,0.084375
16.726166,0.062606,0.084425
16.726137,0.062762,0.084476
16.726112,0.062782,0.084526
16.726086,0.062863,0.084577
16.726059,0.063002,0.084628
16.726030,0.063080,0.084679
16.726002,0.063620,0.084730
16.725971,0.063484,0.084781
16.725945,0.063685,0.084833
16.725918,0.063970,0.084884
16.725889,0.064128,0.084936
16.725861,0.064269,0.084988
16.725830,0.064257,0.085040
16.725800,0.064630,0.085092
16.725771,0.064841,0.085144
16.725739,0.065444,0.085197
16.725710,0.065297,0.085249
16.725679,0.064977,0.085302
16.725651,0.065077,0.085354
16.725620,0.065451,0.085407
16.725590,0.065519,0.085460
16.725559,0.065296,0.085513
16.725529,0.065242,0.085565
16.725502,0.064825,0.085617
16.725475,0.064619,0.085670
16.725443,0.064938,0.085722
16.725414,0.064611,0.085774
16.725388,0.064245,0.085826
16.725357,0.064248,0.085878
16.725328,0.064050,0.085929
16.725302,0.063928,0.085981
16.725273,0.063720,0.086032
16.725246,0.063491,0.086083
16.725220,0.063358,0.086135
16.725193,0.063275,0.086186
16.725168,0.063143,0.086237
16.725140,0.062929,0.086287
16.725115,0.062838,0.086338
16.725090,0.062567,0.086388
16.725060,0.062502,0.086439
16.725037,0.062445,0.086489
16.725010,0.062389,0.086539
16.724983,0.062272,0.086590
16.724960,0.062242,0.086640
16.724934,0.062169,0.086690
16.724911,0.062105,0.086740
16.724884,0.062037,0.086790
16.724857,0.061983,0.086840
16.724833,0.061990,0.086890
16.724806,0.061903,0.086940
16.724781,0.061964,0.086990
16.724756,0.061983,0.087040
16.724731,0.062154,0.087090
16.724705,0.062154,0.087140
16.724678,0.062234,0.087190
16.724653,0.062267,0.087241
16.724628,0.062286,0.087291
16.724602,0.062429,0.087341
16.724575,0.062479,0.087392
16.724548,0.062429,0.087442
16.724522,0.062511,0.087492
16.724499,0.062623,0.087543
16.724472,0.062665,0.087593
16.724445,0.062747,0.087644
16.724419,0.062757,0.087695
16.724390,0.062841,0.087745
16.724365,0.062841,0.087796
16.724339,0.062891,0.087847
16.724312,0.062850,0.087897
16.724285,0.062872,0.087948
16.724258,0.062862,0.087999
16.724232,0.062912,0.088050
16.724207,0.062871,0.088100
16.724178,0.062945,0.088151
16.724154,0.062894,0.088202
16.724127,0.062881,0.088252
16.724100,0.062820,0.088303
16.724075,0.062841,0.088354
16.724049,0.062841,0.088404
16.724022,0.062878,0.088455
16.723993,0.062828,0.088506
16.723969,0.062851,0.088556
16.723948,0.062849,0.088597
16.723923,0.062849,0.088648
16.723896,0.062849,0.088698
16.723869,0.062798,0.088749
16.723843,0.062735,0.088800
16.723816,0.062735,0.088850
16.723793,0.062758,0.088901
16.723766,0.062746,0.088951
16.723740,0.062695,0.089002
16.723713,0.062645,0.089053
16.723686,0.062682,0.089103
16.723663,0.062682,0.089154
16.723637,0.062632,0.089204
16.723610,0.062632,0.089255
16.723583,0.062569,0.089305
16.723557,0.062631,0.089356
16.723534,0.062631,0.089406
16.723507,0.062631,0.089457
16.723480,0.062557,0.089507
16.723454,0.062542,0.089558
16.723427,0.062481,0.089608
16.723404,0.062480,0.089658
16.723377,0.062345,0.089709
16.723354,0.062295,0.089759
16.723328,0.062257,0.089809
16.723303,0.062245,0.089859
16.723278,0.062072,0.089909
16.723251,0.062072,0.089959
16.723227,0.062084,0.090009
16.723202,0.062084,0.090059
16.723177,0.061972,0.090109
16.723152,0.061961,0.090159
16.723127,0.061961,0.090209
16.723103,0.062022,0.090259
16.723078,0.062072,0.090309
16.723051,0.062110,0.090360
16.723026,0.062110,0.090410
16.723003,0.062195,0.090460
16.722977,0.062244,0.090510
16.722952,0.062306,0.090560
16.722925,0.062244,0.090610
16.722897,0.062294,0.090661
16.722874,0.062283,0.090711
16.722849,0.062333,0.090761
16.722826,0.062371,0.090811
16.722797,0.062444,0.090862
16.722771,0.062518,0.090912
16.722748,0.062421,0.090963
16.722721,0.062460,0.091013
16.722694,0.062410,0.091063
16.722672,0.062533,0.091114
16.722645,0.062494,0.091164
16.722618,0.062518,0.091215
16.722595,0.062594,0.091265
16.722569,0.062510,0.091315
16.722542,0.062499,0.091366
16.722515,0.062544,0.091416
16.722492,0.062499,0.091467
16.722466,0.062510,0.091517
16.722443,0.062486,0.091567
16.722416,0.062496,0.091618
16.722393,0.062446,0.091658
16.722370,0.062537,0.091709
16.722343,0.062527,0.091759
16.722317,0.062473,0.091809
16.722290,0.062552,0.091860
16.722267,0.062580,0.091910
16.722244,0.062662,0.091961
16.722218,0.062741,0.092011
16.722187,0.063030,0.092062
16.722162,0.063052,0.092113
16.722134,0.063653,0.092164
16.722107,0.063729,0.092216
16.722076,0.064749,0.092268
16.722048,0.065281,0.092321
16.722013,0.066197,0.092374
16.721981,0.066672,0.092428
16.721951,0.067520,0.092482
16.721920,0.067383,0.092537
16.721886,0.067521,0.092591
16.721855,0.067283,0.092645
16.721825,0.067044,0.092699
16.721794,0.067111,0.092754
16.721764,0.066528,0.092807
16.721733,0.066246,0.092861
16.721704,0.065856,0.092914
16.721674,0.065827,0.092967
16.721647,0.065373,0.093020
16.721619,0.065079,0.093072
16.721594,0.064957,0.093114
16.721565,0.064698,0.093166
16.721542,0.064545,0.093218
16.721514,0.063961,0.093270
16.721489,0.063745,0.093321
16.721462,0.063477,0.093372
16.721436,0.063198,0.093423
16.721413,0.062841,0.093474
16.721386,0.062682,0.093525
16.721363,0.062551,0.093575
16.721336,0.062420,0.093625
16.721310,0.062326,0.093676
16.721287,0.062259,0.093726
16.721262,0.062135,0.093776
16.721239,0.062107,0.093826
16.721212,0.062087,0.093876
16.721189,0.062019,0.093926
16.721165,0.061956,0.093976
16.721140,0.061996,0.094026
16.721115,0.062041,0.094076
16.721090,0.062040,0.094126
16.721066,0.061992,0.094176
16.721043,0.062076,0.094226
16.721018,0.062085,0.094276
16.720993,0.062065,0.094326
16.720968,0.062078,0.094376
16.720945,0.062085,0.094426
16.720919,0.062203,0.094477
16.720894,0.062325,0.094527
16.720867,0.062387,0.094577
16.720840,0.062429,0.094627
16.720821,0.062449,0.094678
16.720795,0.062513,0.094728
16.720768,0.062523,0.094779
16.720745,0.062598,0.094829
16.720718,0.062650,0.094880
16.720692,0.062734,0.094930
16.720669,0.062776,0.094981
16.720642,0.062738,0.095031
16.720615,0.062728,0.095082
16.720591,0.062851,0.095133
16.720566,0.062825,0.095183
16.720539,0.062926,0.095234
16.720514,0.062938,0.095285
16.720488,0.062904,0.095336
16.720461,0.062926,0.095386
16.720438,0.062985,0.095437
16.720413,0.062948,0.095488
16.720387,0.063010,0.095539
16.720360,0.063008,0.095590
16.720333,0.062956,0.095640
16.720310,0.063020,0.095691
16.720284,0.063005,0.095742
16.720257,0.062971,0.095793
16.720230,0.063031,0.095844
16.720209,0.063002,0.095894
16.720182,0.063062,0.095945
16.720156,0.062998,0.095996
16.720129,0.063014,0.096047
16.720104,0.063022,0.096098
16.720079,0.062981,0.096149
16.720053,0.062998,0.096199
16.720026,0.063028,0.096250
16.720003,0.063039,0.096301
16.719976,0.063025,0.096352
16.719952,0.063025,0.096403
16.719925,0.062983,0.096453
16.719900,0.062970,0.096504
16.719873,0.062992,0.096555
16.719847,0.063031,0.096606
16.719824,0.062935,0.096657
16.719799,0.062902,0.096707
16.719772,0.062913,0.096758
16.719746,0.062932,0.096809
16.719723,0.062892,0.096860
16.719698,0.062892,0.096910
16.719673,0.062859,0.096961
16.719645,0.062819,0.097012
16.719620,0.062882,0.097062
16.719597,0.062952,0.097113
16.719570,0.062934,0.097164
16.719543,0.062901,0.097215
16.719519,0.062952,0.097265
16.719494,0.062957,0.097316
16.719469,0.062997,0.097367
16.719444,0.063026,0.097418
16.719418,0.063133,0.097469
16.719391,0.063156,0.097520
16.719366,0.063085,0.097570
16.719337,0.063215,0.097621
16.719316,0.063356,0.097673
16.719288,0.063408,0.097724
16.719261,0.063420,0.097775
16.719234,0.063578,0.097826
16.719208,0.063663,0.097877
16.719181,0.063742,0.097929
16.719158,0.063763,0.097980
16.719130,0.063838,0.098032
16.719105,0.063850,0.098083
16.719078,0.063760,0.098135
16.719049,0.064057,0.098186
16.719023,0.064066,0.098238
16.718998,0.063950,0.098290
16.718969,0.064281,0.098341
16.718941,0.064315,0.098393
16.718914,0.064270,0.098445
16.718887,0.064178,0.098497
16.718863,0.064242,0.098549
16.718836,0.064209,0.098600
16.718807,0.064337,0.098652
16.718781,0.064275,0.098704
16.718754,0.064275,0.098756
16.718727,0.064213,0.098808
16.718700,0.064111,0.098859
16.718674,0.064087,0.098911
16.718645,0.063990,0.098963
16.718620,0.063917,0.099014
16.718596,0.064002,0.099066
16.718569,0.063983,0.099117
16.718542,0.063925,0.099169
16.718517,0.063852,0.099221
16.718491,0.063768,0.099272
16.718464,0.063646,0.099323
16.718437,0.063619,0.099375
16.718410,0.063584,0.099426
16.718388,0.063512,0.099477
16.718361,0.063510,0.099528
16.718334,0.063532,0.099580
16.718307,0.063516,0.099631
16.718281,0.063445,0.099682
16.718258,0.063434,0.099733
16.718231,0.063434,0.099784
16.718204,0.063388,0.099835
16.718182,0.063300,0.099886
16.718155,0.063300,0.099937
16.718128,0.063375,0.099989
16.718103,0.063304,0.100040
16.718079,0.063292,0.100091
16.718052,0.063305,0.100142
16.718029,0.063253,0.100193
16.718002,0.063233,0.100244
16.717978,0.063234,0.100295
16.717953,0.063164,0.100346
16.717928,0.063175,0.100397
16.717901,0.063175,0.100448
16.717875,0.063178,0.100498
16.717850,0.063180,0.100549
16.717825,0.063169,0.100600
16.717800,0.063060,0.100651
16.717775,0.063060,0.100702
16.717751,0.063123,0.100753
16.717724,0.063133,0.100804
16.717701,0.063126,0.100855
16.717674,0.063063,0.100906
16.717651,0.063013,0.100957
16.717625,0.063013,0.101007
16.717598,0.063077,0.101058
16.717575,0.063077,0.101109
16.717550,0.063003,0.101160
16.717525,0.063013,0.101211
16.717499,0.063024,0.101262
16.717474,0.063024,0.101312
16.717451,0.062923,0.101363
16.717424,0.062961,0.101414
16.717400,0.062961,0.101465
16.717373,0.062940,0.101515
16.717352,0.062957,0.101566
16.717325,0.062898,0.101617
16.717300,0.062884,0.101668
16.717274,0.062884,0.101718
16.717255,0.062821,0.101769
16.717226,0.062902,0.101820
16.717201,0.062797,0.101870
16.717176,0.062877,0.101921
16.717152,0.062762,0.101972
16.717127,0.062762,0.102022
16.717106,0.062720,0.102073
16.717079,0.062720,0.102123
16.717052,0.062778,0.102174
16.717030,0.062694,0.102225
16.717007,0.062726,0.102275
16.716980,0.062734,0.102326
16.716957,0.062721,0.102376
16.716930,0.062627,0.102427
16.716908,0.062617,0.102477
16.716885,0.062542,0.102528
16.716858,0.062550,0.102578
16.716835,0.062512,0.102629
16.716812,0.062501,0.102679
16.716789,0.062508,0.102730
16.716763,0.062550,0.102780
16.716736,0.062477,0.102830
16.716713,0.062435,0.102881
16.716690,0.062435,0.102931
16.716667,0.062481,0.102981
16.716640,0.062518,0.103032
16.716618,0.062600,0.103082
16.716595,0.062675,0.103133
16.716568,0.062745,0.103183
16.716543,0.063183,0.103234
16.716516,0.063116,0.103285
16.716488,0.063661,0.103337
16.716463,0.063983,0.103388
16.716434,0.064439,0.103440
16.716408,0.064368,0.103492
16.716379,0.065202,0.103545
16.716351,0.065907,0.103598
16.716324,0.065695,0.103651
16.716291,0.066185,0.103704
16.716263,0.066010,0.103757
16.716236,0.066256,0.103811
16.716206,0.066221,0.103864
16.716177,0.065950,0.103918
16.716148,0.065652,0.103970
16.716125,0.065789,0.104024
16.716141,0.050909,0.104065
16.716125,0.053463,0.104108
16.716095,0.058824,0.104155
16.716049,0.067306,0.104209
16.716005,0.070921,0.104267
16.715971,0.070952,0.104324
16.715935,0.070876,0.104381
16.715902,0.070295,0.104438
16.715870,0.070275,0.104494
16.715836,0.069791,0.104551
16.715805,0.069262,0.104606
16.715775,0.068524,0.104662
16.715744,0.067891,0.104717
16.715715,0.067199,0.104771
16.715687,0.066523,0.104824
16.715658,0.065945,0.104878
16.715633,0.065410,0.104930
16.715607,0.064837,0.104983
16.715580,0.064325,0.105034
16.715557,0.063933,0.105086
16.715534,0.063036,0.105137
16.715511,0.062818,0.105187
16.715488,0.062435,0.105238
16.715464,0.062112,0.105288
16.715441,0.061899,0.105338
16.715420,0.061714,0.105388
16.715397,0.061542,0.105437
16.715374,0.061482,0.105487
16.715353,0.061333,0.105536
16.715332,0.061240,0.105586
16.715309,0.061326,0.105635
16.715288,0.061101,0.105684
16.715263,0.061263,0.105734
16.715242,0.061191,0.105783
16.715218,0.061316,0.105833
16.715199,0.061452,0.105882
16.715176,0.061304,0.105932
16.715153,0.061379,0.105981
16.715130,0.061563,0.106031
16.715107,0.061295,0.106080
16.715084,0.061315,0.106130
16.715061,0.061440,0.106179
16.715042,0.061633,0.106229
16.715015,0.061616,0.106279
16.714994,0.061738,0.106328
16.714970,0.061853,0.106378
16.714947,0.061903,0.106428
16.714924,0.061985,0.106478
16.714903,0.062043,0.106528
16.714878,0.062027,0.106578
16.714855,0.062110,0.106628
16.714832,0.062224,0.106679
16.714806,0.062224,0.106729
16.714783,0.062343,0.106779
16.714760,0.062375,0.106829
16.714737,0.062497,0.106880
16.714714,0.062566,0.106930
16.714687,0.062612,0.106981
16.714664,0.062682,0.107031
16.714638,0.062726,0.107082
16.714615,0.062711,0.107132
16.714590,0.062832,0.107183
16.714569,0.062877,0.107234
16.714542,0.062814,0.107284
16.714518,0.062911,0.107335
16.714493,0.062921,0.107386
16.714470,0.062921,0.107437
16.714445,0.062980,0.107487
16.714420,0.062904,0.107538
16.714397,0.062953,0.107589
16.714373,0.062953,0.107640
16.714348,0.063013,0.107690
16.714321,0.063073,0.107741
16.714300,0.063009,0.107792
16.714275,0.063056,0.107843
16.714249,0.063006,0.107894
16.714224,0.063030,0.107945
16.714203,0.063078,0.107995
16.714178,0.062994,0.108046
16.714151,0.062917,0.108097
16.714127,0.062978,0.108148
16.714106,0.062940,0.108199
16.714081,0.063002,0.108249
16.714054,0.063027,0.108300
16.714029,0.063002,0.108351
16.714008,0.062928,0.108402
16.713984,0.062990,0.108453
16.713957,0.062940,0.108503
16.713932,0.062990,0.108554
16.713911,0.062940,0.108605
16.713886,0.062878,0.108656
16.713861,0.062878,0.108706
16.713837,0.062866,0.108757
16.713812,0.062880,0.108808
16.713789,0.062892,0.108858
16.713764,0.062905,0.108909
16.713741,0.062856,0.108960
16.713717,0.062894,0.109011
16.713692,0.062896,0.109061
16.713667,0.062896,0.109112
16.713646,0.062822,0.109163
16.713619,0.063270,0.109214
16.713589,0.065034,0.109266
16.713547,0.069592,0.109322
16.713518,0.067932,0.109377
16.713491,0.066744,0.109431
16.713463,0.066406,0.109484
16.713436,0.065946,0.109538
16.713409,0.065576,0.109591
16.713385,0.065104,0.109643
16.713360,0.064674,0.109695
16.713333,0.064314,0.109747
16.713308,0.064024,0.109799
16.713284,0.063811,0.109850
16.713261,0.063554,0.109901
16.713234,0.063315,0.109952
16.713211,0.063110,0.110003
16.713186,0.062759,0.110054
16.713163,0.062733,0.110105
16.713139,0.062537,0.110155
16.713120,0.062393,0.110205
16.713093,0.062348,0.110256
16.713074,0.062277,0.110306
16.713049,0.062311,0.110356
16.713024,0.062083,0.110406
16.713003,0.062095,0.110456
16.712978,0.062179,0.110506
16.712957,0.062087,0.110556
16.712933,0.062381,0.110607
16.712910,0.062382,0.110657
16.712887,0.062250,0.110707
16.712864,0.062438,0.110758
16.712837,0.062567,0.110808
16.712814,0.062690,0.110859
16.712791,0.062731,0.110909
16.712769,0.062686,0.110960
16.712744,0.062933,0.111010
16.712719,0.063075,0.111061
16.712694,0.063153,0.111112
16.712669,0.063185,0.111163
16.712646,0.063189,0.111214
16.712622,0.063300,0.111265
16.712593,0.063462,0.111316
16.712570,0.063423,0.111368
16.712547,0.063523,0.111419
16.712521,0.063412,0.111470
16.712498,0.063549,0.111521
16.712475,0.063490,0.111572
16.712448,0.063529,0.111624
16.712421,0.063458,0.111675
16.712395,0.063596,0.111726
16.712372,0.063576,0.111777
16.712349,0.063491,0.111829
16.712322,0.063546,0.111880
16.712299,0.063518,0.111931
16.712276,0.063471,0.111982
16.712250,0.063397,0.112033
16.712223,0.063448,0.112085
16.712200,0.063397,0.112136
16.712177,0.063383,0.112187
16.712151,0.063374,0.112238
16.712128,0.063374,0.112289
16.712101,0.063347,0.112340
16.712080,0.063284,0.112391
16.712055,0.063182,0.112442
16.712029,0.063292,0.112493
16.712006,0.063229,0.112544
16.711983,0.063205,0.112595
16.711958,0.063214,0.112646
16.711933,0.063091,0.112697
16.711908,0.063082,0.112748
16.711885,0.063088,0.112799
16.711863,0.063056,0.112850
16.711838,0.063066,0.112900
16.711813,0.062994,0.112951
16.711788,0.062931,0.113002
16.711767,0.062992,0.113053
16.711742,0.062869,0.113103
16.711718,0.062920,0.113154
16.711693,0.062889,0.113205
16.711672,0.062827,0.113256
16.711647,0.062827,0.113306
16.711622,0.062816,0.113357
16.711601,0.062703,0.113407
16.711578,0.062673,0.113458
16.711552,0.062622,0.113508
16.711529,0.062634,0.113559
16.711506,0.062562,0.113609
16.711483,0.062450,0.113660
16.711460,0.062410,0.113710
16.711437,0.062411,0.113760
16.711411,0.062302,0.113811
16.711393,0.062252,0.113861
16.711369,0.062140,0.113911
16.711346,0.062211,0.113961
16.711323,0.062123,0.114011
16.711300,0.062111,0.114061
16.711279,0.062052,0.114111
16.711254,0.062052,0.114161
16.711233,0.062016,0.114211
16.711210,0.061871,0.114261
16.711189,0.061829,0.114311
16.711164,0.061865,0.114361
16.711143,0.061863,0.114411
16.711121,0.061771,0.114461
16.711100,0.061767,0.114511
16.711075,0.061790,0.114560
16.711056,0.061716,0.114610
16.711033,0.061704,0.114660
16.711010,0.061740,0.114710
16.710987,0.061778,0.114760
16.710964,0.061716,0.114809
16.710945,0.061740,0.114859
16.710922,0.061730,0.114909
16.710899,0.061741,0.114959
16.710876,0.061669,0.115008
16.710857,0.061770,0.115058
16.710835,0.061694,0.115108
16.710842,0.052451,0.115150
16.710831,0.052549,0.115193
16.710800,0.058063,0.115240
16.710762,0.065028,0.115292
16.710709,0.072880,0.115351
16.710670,0.073199,0.115410
16.710636,0.072681,0.115468
16.710602,0.072220,0.115527
16.710566,0.071715,0.115585
16.710533,0.070679,0.115641
16.710505,0.069924,0.115698
16.710472,0.069490,0.115754
16.710442,0.068655,0.115809
16.710419,0.066866,0.115863
16.710390,0.066888,0.115917
16.710361,0.065547,0.115970
16.710335,0.065317,0.116023
16.710312,0.064696,0.116075
16.710289,0.064135,0.116127
16.710264,0.063750,0.116178
16.710239,0.063362,0.116229
16.710220,0.062753,0.116280
16.710197,0.062179,0.116330
16.710176,0.062130,0.116380
16.710152,0.062028,0.116430
16.710131,0.061921,0.116480
16.710110,0.061679,0.116530
16.710087,0.061732,0.116579
16.710064,0.061693,0.116629
16.710045,0.061764,0.116679
16.710024,0.061073,0.116728
16.710003,0.061197,0.116778
16.709976,0.061489,0.116827
16.709957,0.061673,0.116877
16.709936,0.061097,0.116926
16.709915,0.061200,0.116976
16.709892,0.061745,0.117025
16.709869,0.061849,0.117075
16.709848,0.061292,0.117125
16.709827,0.061373,0.117174
16.709805,0.061660,0.117224
16.709785,0.061664,0.117274
16.709759,0.061641,0.117323
16.709738,0.061979,0.117373
16.709715,0.061949,0.117423
16.709694,0.062068,0.117473
16.709671,0.062028,0.117523
16.709648,0.062101,0.117573
16.709625,0.062384,0.117624
16.709602,0.062518,0.117674
16.709579,0.062243,0.117724
16.709557,0.062352,0.117775
16.709534,0.062524,0.117825
16.709511,0.062422,0.117875
16.709488,0.062459,0.117926
16.709465,0.062459,0.117976
16.709438,0.062642,0.118027
16.709419,0.062543,0.118077
16.709396,0.062653,0.118128
16.709370,0.062653,0.118178
16.709347,0.062701,0.118229
16.709328,0.062712,0.118279
16.709301,0.062712,0.118330
16.709276,0.062798,0.118381
16.709253,0.062734,0.118431
16.709232,0.062799,0.118482
16.709209,0.062762,0.118532
16.709183,0.062760,0.118583
16.709162,0.062857,0.118634
16.709137,0.062794,0.118684
16.709114,0.062780,0.118735
16.709089,0.062743,0.118786
16.709068,0.062896,0.118836
16.709044,0.062833,0.118887
16.709019,0.062745,0.118938
16.708998,0.062731,0.118988
16.708975,0.062779,0.119039
16.708950,0.062878,0.119089
16.708927,0.062728,0.119140
16.708902,0.062904,0.119191
16.708881,0.062716,0.119241
16.708858,0.062654,0.119292
16.708834,0.062920,0.119343
16.708809,0.062818,0.119393
16.708786,0.062705,0.119444
16.708767,0.062666,0.119494
16.708740,0.062946,0.119545
16.708715,0.062844,0.119596
16.708694,0.062756,0.119646
16.708670,0.062940,0.119697
16.708647,0.062915,0.119748
16.708626,0.062827,0.119799
16.708603,0.062765,0.119849
16.708576,0.062653,0.119900
16.708553,0.062816,0.119950
16.708534,0.062666,0.120001
16.708508,0.062667,0.120051
16.708483,0.062815,0.120102
16.708460,0.062703,0.120153
16.708439,0.062616,0.120203
16.708414,0.062841,0.120254
16.708389,0.062816,0.120305
16.708370,0.062780,0.120355
16.708347,0.062780,0.120406
16.708321,0.062830,0.120456
16.708298,0.062744,0.120507
16.708275,0.062719,0.120558
16.708252,0.062657,0.120608
16.708229,0.062595,0.120659
16.708206,0.062595,0.120709
16.708179,0.064022,0.120761
16.708143,0.066979,0.120815
16.708105,0.069861,0.120871
16.708080,0.067568,0.120926
16.708054,0.067063,0.120980
16.708027,0.066511,0.121033
16.708000,0.066314,0.121087
16.707972,0.065744,0.121140
16.707947,0.065363,0.121193
16.707922,0.065066,0.121245
16.707895,0.064861,0.121297
16.707870,0.064623,0.121349
16.707848,0.064463,0.121401
16.707821,0.064348,0.121453
16.707796,0.064116,0.121505
16.707773,0.064101,0.121557
16.707747,0.063794,0.121608
16.707722,0.063866,0.121660
16.707697,0.063843,0.121711
16.707674,0.063869,0.121763
16.707647,0.063833,0.121814
16.707626,0.063710,0.121866
16.707602,0.064169,0.121917
16.707577,0.063840,0.121969
16.707550,0.063931,0.122020
16.707525,0.063884,0.122072
16.707502,0.064074,0.122123
16.707476,0.063972,0.122175
16.707451,0.064092,0.122227
16.707424,0.064214,0.122279
16.707401,0.064197,0.122330
16.707375,0.064323,0.122382
16.707348,0.064352,0.122434
16.707325,0.064582,0.122486
16.707298,0.064450,0.122538
16.707275,0.064450,0.122590
16.707249,0.064536,0.122642
16.707226,0.064522,0.122694
16.707199,0.064557,0.122746
16.707172,0.064485,0.122798
16.707146,0.064391,0.122850
16.707123,0.064469,0.122902
16.707096,0.064356,0.122954
16.707073,0.064317,0.123006
16.707047,0.064344,0.123058
16.707024,0.064271,0.123110
16.706997,0.064322,0.123162
16.706972,0.064123,0.123213
16.706947,0.064225,0.123265
16.706924,0.064152,0.123317
16.706898,0.064152,0.123369
16.706873,0.064027,0.123420
16.706850,0.063953,0.123472
16.706825,0.063942,0.123523
16.706799,0.063879,0.123575
16.706778,0.063816,0.123626
16.706753,0.063764,0.123678
16.706730,0.063701,0.123729
16.706703,0.063701,0.123780
16.706680,0.063578,0.123832
16.706657,0.063576,0.123883
16.706631,0.063514,0.123934
16.706608,0.063400,0.123985
16.706585,0.063349,0.124036
16.706562,0.063185,0.124087
16.706539,0.063194,0.124138
16.706516,0.063133,0.124189
16.706493,0.063073,0.124240
16.706469,0.062959,0.124291
16.706446,0.062969,0.124342
16.706425,0.062846,0.124392
16.706402,0.062796,0.124443
16.706379,0.062744,0.124494
16.706352,0.062704,0.124544
16.706333,0.062603,0.124595
16.706310,0.062603,0.124645
16.706287,0.062532,0.124696
16.706264,0.062421,0.124746
16.706242,0.062360,0.124796
16.706226,0.062332,0.124836
16.706209,0.062330,0.124877
16.706186,0.062281,0.124927
16.706163,0.062089,0.124977
16.706142,0.062121,0.125027
16.706118,0.062060,0.125077
16.706099,0.062081,0.125127
16.706076,0.062031,0.125177
16.706055,0.061982,0.125227
16.706032,0.061883,0.125277
16.706013,0.061823,0.125327
16.705990,0.061701,0.125377
16.705967,0.061752,0.125426
16.705948,0.061655,0.125476
16.705925,0.061627,0.125526
16.705906,0.061575,0.125576
16.705883,0.061647,0.125625
16.705864,0.061636,0.125675
16.705841,0.061469,0.125725
16.705818,0.061406,0.125774
16.705799,0.061452,0.125824
16.705776,0.061574,0.125873
16.705757,0.061465,0.125923
16.705734,0.061416,0.125972
16.705711,0.061502,0.126022
16.705692,0.061415,0.126071
16.705669,0.061463,0.126121
16.705647,0.061489,0.126171
16.705627,0.061550,0.126220
16.705606,0.061660,0.126270
16.705584,0.061648,0.126320
16.705563,0.061660,0.126369
16.705545,0.061734,0.126409
16.705524,0.061709,0.126459
16.705502,0.061797,0.126509
16.705481,0.061832,0.126559
16.705460,0.061797,0.126609
16.705439,0.061846,0.126658
16.705416,0.061909,0.126708
16.705395,0.061934,0.126758
16.705372,0.062022,0.126808
16.705351,0.062022,0.126858
16.705328,0.062013,0.126908
16.705307,0.062126,0.126958
16.705284,0.062123,0.127009
16.705261,0.062173,0.127059
16.705238,0.062223,0.127109
16.705215,0.062315,0.127159
16.705194,0.062312,0.127209
16.705173,0.062290,0.127260
16.705179,0.052762,0.127302
16.705160,0.056167,0.127347
16.705128,0.062627,0.127398
16.705090,0.066348,0.127451
16.705042,0.073246,0.127511
16.705006,0.072544,0.127569
16.704971,0.072434,0.127627
16.704937,0.071919,0.127685
16.704903,0.072023,0.127744
16.704874,0.070053,0.127800
16.704840,0.070055,0.127856
16.704811,0.069401,0.127912
16.704781,0.068374,0.127968
16.704752,0.067822,0.128022
16.704731,0.065991,0.128076
16.704704,0.066019,0.128129
16.704678,0.065399,0.128181
16.704655,0.064721,0.128234
16.704632,0.064052,0.128285
16.704607,0.064011,0.128337
16.704582,0.063517,0.128388
16.704563,0.063199,0.128439
16.704538,0.062889,0.128490
16.704517,0.062673,0.128540
16.704496,0.062246,0.128591
16.704475,0.062309,0.128641
16.704453,0.062140,0.128691
16.704430,0.061992,0.128741
16.704411,0.062007,0.128791
16.704388,0.061921,0.128841
16.704369,0.061800,0.128891
16.704346,0.061758,0.128941
16.704325,0.061861,0.128990
16.704302,0.061829,0.129040
16.704281,0.061937,0.129090
16.704262,0.061746,0.129140
16.704239,0.061805,0.129190
16.704216,0.061976,0.129240
16.704193,0.061841,0.129290
16.704172,0.061892,0.129340
16.704149,0.062076,0.129390
16.704128,0.062188,0.129440
16.704105,0.062060,0.129490
16.704086,0.062079,0.129540
16.704063,0.062260,0.129590
16.704037,0.062315,0.129640
16.704018,0.062335,0.129691
16.703995,0.062391,0.129741
16.703972,0.062462,0.129791
16.703949,0.062610,0.129842
16.703930,0.062640,0.129892
16.703907,0.062564,0.129943
16.703884,0.062673,0.129993
16.703861,0.062671,0.130044
16.703836,0.062691,0.130095
16.703814,0.062690,0.130145
16.703791,0.062751,0.130196
16.703768,0.062812,0.130246
16.703747,0.062874,0.130297
16.703722,0.062859,0.130348
16.703701,0.062797,0.130398
16.703678,0.062845,0.130449
16.703655,0.062845,0.130500
16.703630,0.062805,0.130550
16.703609,0.062915,0.130601
16.703587,0.062864,0.130652
16.703564,0.062913,0.130703
16.703541,0.062858,0.130753
16.703520,0.062892,0.130804
16.703495,0.062841,0.130855
16.703472,0.062911,0.130905
16.703449,0.062872,0.130956
16.703428,0.062907,0.131007
16.703403,0.062843,0.131058
16.703382,0.062896,0.131108
16.703358,0.062846,0.131159
16.703337,0.062782,0.131210
16.703312,0.062892,0.131260
16.703291,0.062832,0.131311
16.703268,0.062832,0.131362
16.703245,0.062854,0.131412
16.703222,0.062925,0.131463
16.703197,0.062861,0.131514
16.703178,0.062807,0.131564
16.703156,0.062793,0.131615
16.703133,0.062775,0.131666
16.703110,0.062772,0.131716
16.703085,0.062793,0.131767
16.703064,0.062753,0.131818
16.703041,0.062816,0.131868
16.703018,0.062816,0.131919
16.702993,0.062753,0.131969
16.702972,0.062753,0.132020
16.702950,0.062718,0.132071
16.702927,0.062792,0.132121
16.702904,0.062742,0.132172
16.702883,0.062742,0.132222
16.702860,0.062757,0.132273
16.702835,0.062745,0.132324
16.702816,0.062696,0.132374
16.702791,0.062745,0.132425
16.702768,0.062780,0.132475
16.702745,0.062764,0.132526
16.702724,0.062712,0.132577
16.702702,0.062697,0.132627
16.702682,0.061858,0.132677
16.702650,0.065019,0.132730
16.702608,0.070201,0.132786
16.702583,0.068197,0.132841
16.702557,0.067382,0.132896
16.702528,0.067174,0.132950
16.702499,0.066779,0.133004
16.702473,0.066394,0.133057
16.702446,0.065944,0.133110
16.702423,0.064990,0.133163
16.702398,0.064918,0.133215
16.702374,0.064381,0.133267
16.702351,0.064332,0.133319
16.702326,0.063999,0.133370
16.702303,0.063839,0.133422
16.702280,0.063755,0.133473
16.702255,0.063744,0.133525
16.702232,0.063563,0.133576
16.702209,0.063549,0.133627
16.702187,0.063317,0.133678
16.702160,0.063175,0.133729
16.702143,0.063027,0.133780
16.702118,0.062897,0.133831
16.702095,0.063090,0.133882
16.702072,0.063009,0.133932
16.702051,0.062933,0.133983
16.702026,0.063002,0.134034
16.702005,0.063226,0.134085
16.701981,0.063163,0.134136
16.701958,0.063133,0.134187
16.701935,0.063278,0.134238
16.701912,0.063252,0.134289
16.701885,0.063411,0.134340
16.701862,0.063388,0.134391
16.701843,0.063385,0.134442
16.701817,0.063416,0.134493
16.701794,0.063418,0.134545
16.701771,0.063365,0.134596
16.701748,0.063435,0.134647
16.701725,0.063383,0.134698
16.701702,0.063396,0.134749
16.701679,0.063382,0.134800
16.701653,0.063445,0.134851
16.701630,0.063336,0.134902
16.701607,0.063302,0.134953
16.701584,0.063330,0.135005
16.701561,0.063320,0.135056
16.701538,0.063168,0.135107
16.701515,0.063228,0.135158
16.701492,0.063207,0.135209
16.701469,0.063203,0.135260
16.701448,0.063132,0.135310
16.701424,0.063132,0.135361
16.701401,0.063059,0.135412
16.701380,0.063059,0.135463
16.701357,0.062939,0.135514
16.701332,0.062931,0.135565
16.701309,0.062824,0.135615
16.701290,0.062935,0.135666
16.701267,0.062813,0.135717
16.701244,0.062675,0.135767
16.701223,0.062681,0.135818
16.701199,0.062709,0.135868
16.701176,0.062658,0.135919
16.701157,0.062598,0.135969
16.701134,0.062536,0.136020
16.701111,0.062525,0.136070
16.701088,0.062492,0.136121
16.701069,0.062522,0.136171
16.701046,0.062323,0.136221
16.701023,0.062271,0.136271
16.701002,0.062262,0.136322
16.700981,0.062270,0.136372
16.700958,0.062212,0.136422
16.700935,0.062190,0.136472
16.700916,0.062219,0.136522
16.700893,0.062131,0.136573
16.700872,0.062182,0.136623
16.700851,0.062103,0.136673
16.700829,0.062012,0.136723
16.700808,0.061939,0.136773
16.700785,0.061960,0.136823
16.700766,0.061908,0.136873
16.700743,0.061937,0.136923
16.700722,0.061897,0.136972
16.700701,0.061841,0.137022
16.700682,0.061862,0.137072
16.700659,0.061934,0.137122
16.700640,0.061899,0.137172
16.700617,0.061868,0.137222
16.700594,0.061876,0.137272
16.700573,0.061947,0.137322
16.700552,0.061899,0.137372
16.700531,0.061934,0.137422
16.700508,0.061899,0.137472
16.700489,0.061938,0.137522
16.700466,0.062035,0.137572
16.700445,0.061987,0.137622
16.700422,0.061987,0.137672
16.700403,0.062112,0.137722
16.700380,0.062126,0.137772
16.700357,0.062113,0.137822
16.700338,0.062088,0.137872
16.700315,0.062151,0.137922
16.700294,0.062127,0.137972
16.700274,0.062127,0.138022
16.700249,0.062202,0.138072
16.700230,0.062127,0.138123
16.700207,0.062154,0.138173
16.700188,0.062158,0.138223
16.700165,0.062154,0.138273
16.700144,0.062119,0.138323
16.700123,0.062169,0.138373
16.700100,0.062096,0.138423
16.700079,0.062196,0.138473
16.700058,0.062127,0.138523
16.700037,0.062147,0.138574
16.700014,0.062183,0.138624
16.699989,0.062174,0.138674
16.699970,0.062154,0.138724
16.699947,0.062187,0.138774
16.699926,0.062172,0.138824
16.699905,0.062177,0.138874
16.699883,0.062163,0.138925
16.699862,0.062161,0.138975
16.699841,0.062220,0.139025
16.699820,0.062209,0.139075
16.699795,0.062259,0.139125
16.699776,0.062197,0.139175
16.699755,0.062236,0.139226
16.699730,0.062282,0.139276
16.699711,0.062233,0.139326
16.699688,0.062353,0.139376
16.699665,0.062353,0.139427
16.699642,0.062353,0.139477
16.699623,0.062404,0.139527
16.699600,0.062392,0.139578
16.699577,0.062342,0.139628
16.699554,0.062392,0.139678
16.699570,0.051183,0.139719
16.699562,0.051306,0.139761
16.699543,0.054319,0.139805
16.699512,0.060683,0.139854
16.699471,0.068574,0.139909
16.699417,0.074455,0.139969
16.699383,0.074109,0.140029
16.699348,0.073808,0.140088
16.699310,0.073182,0.140147
16.699276,0.072868,0.140206
16.699244,0.072138,0.140264
16.699211,0.071408,0.140322
16.699181,0.070670,0.140379
16.699148,0.069640,0.140435
16.699121,0.068672,0.140490
16.699095,0.067824,0.140545
16.699068,0.067185,0.140599
16.699043,0.066213,0.140653
16.699017,0.066226,0.140706
16.698994,0.065486,0.140759
16.698967,0.064986,0.140811
16.698944,0.064499,0.140863
16.698917,0.064215,0.140915
16.698898,0.063838,0.140966
16.698875,0.063559,0.141018
16.698854,0.063024,0.141069
16.698830,0.062680,0.141119
16.698811,0.062579,0.141170
16.698790,0.061993,0.141220
16.698767,0.062067,0.141270
16.698746,0.062212,0.141320
16.698727,0.061880,0.141370
16.698706,0.061994,0.141420
16.698685,0.061600,0.141469
16.698664,0.061828,0.141519
16.698641,0.061948,0.141569
16.698620,0.062129,0.141619
16.698597,0.062144,0.141669
16.698578,0.061950,0.141719
16.698557,0.062070,0.141769
16.698534,0.062242,0.141820
16.698517,0.061772,0.141869
16.698492,0.061937,0.141919
16.698471,0.062393,0.141970
16.698448,0.062354,0.142020
16.698427,0.061977,0.142070
16.698406,0.061980,0.142120
16.698385,0.062014,0.142170
16.698364,0.062288,0.142220
16.698341,0.062281,0.142270
16.698320,0.062264,0.142321
16.698299,0.062310,0.142371
16.698277,0.062379,0.142421
16.698254,0.062600,0.142472
16.698235,0.062395,0.142522
16.698212,0.062565,0.142572
16.698189,0.062685,0.142623
16.698166,0.062511,0.142673
16.698143,0.062571,0.142724
16.698124,0.062695,0.142774
16.698101,0.062718,0.142825
16.698078,0.062599,0.142875
16.698055,0.062601,0.142926
16.698036,0.062673,0.142966
16.698017,0.062745,0.143017
16.697994,0.062788,0.143068
16.697971,0.062675,0.143118
16.697948,0.062687,0.143169
16.697929,0.062749,0.143219
16.697906,0.062671,0.143270
16.697884,0.062732,0.143320
16.697861,0.062705,0.143371
16.697838,0.062702,0.143422
16.697819,0.062697,0.143472
16.697796,0.062705,0.143523
16.697773,0.062650,0.143573
16.697748,0.062771,0.143624
16.697731,0.062781,0.143675
16.697704,0.062655,0.143725
16.697681,0.062716,0.143776
16.697662,0.062716,0.143826
16.697639,0.062830,0.143877
16.697617,0.062704,0.143927
16.697594,0.062715,0.143978
16.697575,0.062603,0.144028
16.697552,0.062615,0.144079
16.697529,0.062790,0.144130
16.697506,0.062641,0.144180
16.697483,0.062691,0.144231
16.697464,0.062617,0.144281
16.697441,0.062891,0.144332
16.697416,0.062729,0.144383
16.697395,0.062643,0.144433
16.697374,0.062879,0.144484
16.697350,0.062917,0.144534
16.697327,0.062768,0.144585
16.697308,0.062668,0.144636
16.697285,0.062885,0.144686
16.697260,0.062788,0.144737
16.697239,0.062649,0.144788
16.697218,0.062894,0.144838
16.697195,0.062821,0.144889
16.697174,0.062659,0.144939
16.697151,0.062610,0.144990
16.697128,0.062912,0.145041
16.697107,0.062819,0.145091
16.697083,0.062716,0.145142
16.697062,0.062728,0.145192
16.697029,0.065741,0.145246
16.696995,0.068836,0.145301
16.696964,0.068636,0.145356
16.696938,0.067569,0.145411
16.696913,0.067047,0.145465
16.696882,0.066898,0.145519
16.696857,0.066397,0.145572
16.696835,0.065381,0.145625
16.696808,0.065417,0.145678
16.696785,0.064995,0.145730
16.696760,0.064694,0.145783
16.696735,0.064322,0.145834
16.696714,0.063893,0.145886
16.696692,0.063717,0.145937
16.696671,0.063497,0.145988
16.696644,0.063483,0.146040
16.696625,0.063138,0.146091
16.696600,0.062907,0.146141
16.696579,0.062773,0.146192
16.696558,0.062906,0.146243
16.696535,0.062794,0.146293
16.696512,0.062818,0.146344
16.696491,0.062690,0.146395
16.696468,0.062719,0.146445
16.696445,0.062751,0.146496
16.696426,0.062738,0.146546
16.696404,0.062708,0.146597
16.696379,0.062729,0.146647
16.696360,0.062659,0.146698
16.696337,0.062718,0.146749
16.696314,0.062780,0.146799
16.696295,0.062699,0.146850
16.696270,0.062828,0.146900
16.696247,0.062768,0.146951
16.696228,0.062774,0.147002
16.696205,0.062732,0.147052
16.696182,0.062740,0.147103
16.696157,0.062761,0.147153
16.696138,0.062735,0.147204
16.696115,0.062666,0.147255
16.696093,0.062638,0.147305
16.696075,0.062613,0.147356
16.696053,0.062589,0.147406
16.696030,0.062579,0.147457
16.696007,0.062679,0.147507
16.695984,0.062559,0.147558
16.695961,0.062545,0.147608
16.695942,0.062523,0.147658
16.695919,0.062422,0.147709
16.695896,0.062426,0.147759
16.695877,0.062410,0.147809
16.695854,0.062407,0.147860
16.695835,0.062456,0.147910
16.695812,0.062358,0.147960
16.695789,0.062322,0.148011
16.695770,0.062322,0.148061
16.695747,0.062368,0.148111
16.695724,0.062329,0.148161
16.695705,0.062305,0.148212
16.695683,0.062266,0.148262
16.695663,0.062327,0.148312
16.695641,0.062276,0.148362
16.695618,0.062227,0.148413
16.695599,0.062314,0.148463
16.695576,0.062202,0.148513
16.695555,0.062189,0.148563
16.695534,0.062289,0.148613
16.695511,0.062251,0.148664
16.695492,0.062263,0.148714
16.695469,0.062301,0.148764
16.695450,0.062313,0.148814
16.695427,0.062302,0.148865
16.695404,0.062303,0.148915
16.695385,0.062364,0.148965
16.695362,0.062353,0.149015
16.695339,0.062405,0.149066
16.695320,0.062415,0.149116
16.695297,0.062371,0.149166
16.695278,0.062381,0.149217
16.695255,0.062455,0.149267
16.695232,0.062382,0.149317
16.695213,0.062432,0.149368
16.695190,0.062442,0.149418
16.695164,0.062555,0.149468
16.695145,0.062533,0.149519
16.695122,0.062520,0.149569
16.695099,0.062499,0.149620
16.695080,0.062508,0.149670
16.695057,0.062559,0.149721
16.695034,0.062610,0.149771
16.695015,0.062630,0.149822
16.694992,0.062678,0.149872
16.694969,0.062615,0.149923
16.694946,0.062606,0.149973
16.694927,0.062717,0.150024
16.694904,0.062655,0.150074
16.694881,0.062777,0.150125
16.694862,0.062715,0.150175
16.694836,0.062764,0.150226
16.694817,0.062764,0.150277
16.694794,0.062754,0.150327
16.694771,0.062815,0.150378
16.694748,0.062765,0.150429
16.694729,0.062753,0.150479
16.694706,0.062764,0.150530
16.694681,0.062826,0.150580
16.694662,0.062826,0.150631
16.694639,0.062887,0.150682
16.694614,0.062927,0.150733
16.694593,0.062816,0.150783
16.694572,0.062816,0.150834
16.694550,0.062888,0.150885
16.694527,0.062888,0.150935
16.694506,0.062900,0.150986
16.694483,0.062889,0.151037
16.694460,0.062913,0.151088
16.694437,0.062890,0.151138
16.694416,0.062839,0.151189
16.694416,0.055502,0.151234
16.694401,0.056522,0.151279
16.694372,0.061200,0.151329
16.694324,0.070439,0.151385
16.694281,0.073749,0.151445
16.694244,0.073233,0.151504
16.694210,0.072722,0.151563
16.694176,0.072355,0.151621
16.694145,0.071981,0.151679
16.694113,0.070765,0.151736
16.694084,0.070142,0.151793
16.694056,0.069239,0.151848
16.694025,0.068996,0.151904
16.693996,0.068127,0.151959
16.693974,0.067115,0.152013
16.693947,0.066474,0.152067
16.693922,0.065593,0.152120
16.693897,0.065598,0.152173
16.693872,0.065087,0.152225
16.693848,0.064530,0.152277
16.693827,0.064150,0.152329
16.693806,0.063703,0.152380
16.693785,0.062926,0.152431
16.693764,0.062667,0.152482
16.693741,0.062523,0.152532
16.693722,0.062400,0.152582
16.693699,0.062311,0.152633
16.693678,0.062033,0.152683
16.693657,0.061892,0.152732
16.693638,0.061871,0.152782
16.693619,0.061400,0.152832
16.693596,0.061718,0.152882
16.693577,0.061859,0.152932
16.693554,0.061818,0.152981
16.693535,0.061849,0.153031
16.693516,0.061550,0.153081
16.693493,0.062064,0.153131
16.693472,0.062071,0.153181
16.693455,0.061545,0.153231
16.693432,0.061833,0.153280
16.693411,0.061927,0.153330
16.693390,0.061944,0.153380
16.693369,0.061956,0.153430
16.693348,0.062069,0.153480
16.693325,0.062461,0.153531
16.693306,0.061992,0.153581
16.693283,0.062053,0.153631
16.693264,0.062184,0.153681
16.693241,0.062367,0.153731
16.693218,0.062265,0.153781
16.693199,0.062509,0.153832
16.693176,0.062619,0.153882
16.693151,0.062754,0.153933
16.693134,0.062480,0.153983
16.693111,0.062640,0.154034
16.693087,0.062812,0.154085
16.693068,0.062812,0.154135
16.693047,0.062599,0.154186
16.693022,0.062661,0.154236
16.693003,0.062821,0.154287
16.692980,0.062919,0.154338
16.692959,0.062609,0.154388
16.692936,0.062671,0.154439
16.692913,0.062795,0.154489
16.692890,0.062831,0.154540
16.692869,0.062773,0.154591
16.692848,0.062710,0.154641
16.692825,0.062770,0.154692
16.692804,0.062868,0.154742
16.692781,0.062816,0.154793
16.692759,0.062778,0.154844
16.692743,0.062828,0.154884
16.692720,0.062828,0.154935
16.692699,0.062660,0.154985
16.692677,0.062785,0.155036
16.692656,0.062854,0.155087
16.692633,0.062800,0.155137
16.692612,0.062690,0.155188
16.692589,0.062677,0.155239
16.692566,0.062752,0.155289
16.692545,0.062802,0.155340
16.692524,0.062699,0.155390
16.692501,0.062747,0.155441
16.692480,0.062783,0.155492
16.692459,0.062594,0.155542
16.692436,0.062505,0.155592
16.692417,0.062754,0.155643
16.692394,0.062488,0.155693
16.692371,0.062490,0.155744
16.692352,0.062488,0.155794
16.692329,0.062486,0.155845
16.692307,0.062645,0.155895
16.692287,0.062636,0.155946
16.692265,0.062687,0.155996
16.692242,0.062610,0.156047
16.692221,0.062572,0.156097
16.692200,0.062572,0.156148
16.692177,0.062738,0.156198
16.692154,0.062766,0.156249
16.692131,0.062664,0.156299
16.692110,0.062664,0.156350
16.692089,0.063520,0.156401
16.692043,0.069579,0.156457
16.692017,0.068169,0.156512
16.691996,0.066035,0.156565
16.691973,0.064777,0.156618
16.691952,0.064446,0.156670
16.691925,0.064703,0.156722
16.691906,0.063685,0.156773
16.691883,0.063463,0.156824
16.691860,0.063385,0.156876
16.691837,0.063034,0.156926
16.691818,0.062743,0.156977
16.691795,0.062548,0.157027
16.691776,0.062210,0.157078
16.691755,0.062083,0.157128
16.691732,0.061957,0.157178
16.691713,0.061898,0.157228
16.691692,0.061834,0.157277
16.691671,0.061770,0.157327
16.691650,0.061565,0.157377
16.691631,0.061603,0.157427
16.691612,0.061602,0.157476
16.691589,0.061673,0.157526
16.691570,0.061627,0.157576
16.691551,0.061630,0.157625
16.691528,0.061742,0.157675
16.691509,0.061909,0.157725
16.691486,0.062060,0.157775
16.691467,0.061864,0.157825
16.691446,0.061998,0.157875
16.691425,0.062173,0.157925
16.691402,0.062272,0.157975
16.691380,0.062332,0.158026
16.691360,0.062572,0.158076
16.691338,0.062631,0.158127
16.691315,0.062695,0.158177
16.691294,0.062826,0.158228
16.691271,0.062893,0.158279
16.691250,0.062962,0.158329
16.691227,0.062983,0.158380
16.691204,0.063032,0.158431
16.691183,0.063180,0.158482
16.691160,0.063203,0.158533
16.691135,0.063265,0.158584
16.691116,0.063252,0.158635
16.691093,0.063302,0.158686
16.691071,0.063341,0.158737
16.691048,0.063380,0.158788
16.691021,0.063369,0.158839
16.691002,0.063482,0.158890
16.690979,0.063533,0.158942
16.690956,0.063471,0.158993
16.690933,0.063471,0.159044
16.690910,0.063523,0.159095
16.690887,0.063512,0.159147
16.690865,0.063563,0.159198
16.690842,0.063626,0.159249
16.690819,0.063575,0.159300
16.690796,0.063626,0.159352
16.690773,0.063576,0.159403
16.690746,0.063576,0.159454
16.690725,0.063627,0.159506
16.690701,0.063566,0.159557
16.690681,0.063577,0.159608
16.690657,0.063629,0.159659
16.690634,0.063629,0.159711
16.690613,0.063640,0.159762
16.690590,0.063590,0.159813
16.690563,0.063630,0.159865
16.690544,0.063580,0.159916
16.690521,0.063601,0.159967
16.690498,0.063540,0.160018
16.690475,0.063551,0.160070
16.690453,0.063478,0.160121
16.690426,0.063415,0.160172
16.690407,0.063325,0.160223
16.690384,0.063325,0.160274
16.690361,0.063314,0.160325
16.690338,0.063326,0.160376
16.690317,0.063152,0.160427
16.690296,0.063112,0.160478
16.690273,0.063051,0.160529
16.690250,0.063061,0.160580
16.690229,0.062937,0.160631
16.690208,0.062826,0.160681
16.690186,0.062826,0.160732
16.690165,0.062813,0.160783
16.690144,0.062651,0.160833
16.690121,0.062578,0.160884
16.690102,0.062578,0.160934
16.690079,0.062505,0.160984
16.690056,0.062455,0.161035
16.690041,0.062516,0.161075
16.690018,0.062354,0.161125
16.689995,0.062354,0.161176
16.689976,0.062415,0.161226
16.689953,0.062415,0.161276
16.689930,0.062365,0.161327
16.689911,0.062304,0.161377
16.689892,0.062354,0.161427
16.689869,0.062352,0.161477
16.689850,0.062292,0.161528
16.689827,0.062363,0.161578
16.689804,0.062315,0.161628
16.689785,0.062436,0.161679
16.689762,0.062290,0.161729
16.689743,0.062341,0.161779
16.689720,0.062281,0.161829
16.689701,0.062291,0.161880
16.689678,0.062313,0.161930
16.689655,0.062312,0.161980
16.689636,0.062412,0.162030
16.689613,0.062350,0.162081
16.689594,0.062350,0.162131
16.689571,0.062361,0.162181
16.689552,0.062372,0.162232
16.689529,0.062424,0.162282
16.689507,0.062462,0.162332
16.689487,0.062411,0.162383
16.689465,0.062482,0.162433
16.689442,0.062544,0.162483
16.689423,0.062532,0.162534
16.689400,0.062556,0.162584
16.689398,0.056176,0.162630
16.689384,0.057233,0.162676
16.689346,0.064211,0.162728
16.689297,0.071554,0.162785
16.689255,0.074529,0.162845
16.689220,0.073856,0.162905
16.689186,0.073524,0.162964
16.689148,0.073322,0.163023
16.689119,0.072125,0.163082
16.689089,0.071147,0.163139
16.689056,0.070382,0.163196
16.689032,0.068740,0.163251
16.689003,0.068058,0.163306
16.688976,0.067332,0.163360
16.688953,0.066324,0.163414
16.688929,0.066109,0.163467
16.688904,0.065356,0.163520
16.688883,0.064215,0.163572
16.688860,0.063766,0.163623
16.688839,0.063310,0.163674
16.688816,0.063373,0.163725
16.688793,0.062919,0.163776
16.688774,0.062469,0.163826
16.688755,0.062309,0.163876
16.688732,0.062043,0.163927
16.688715,0.061716,0.163976
16.688694,0.061646,0.164026
16.688675,0.061749,0.164076
16.688652,0.061638,0.164126
16.688633,0.061416,0.164175
16.688618,0.061332,0.164225
16.688595,0.061413,0.164274
16.688576,0.061307,0.164323
16.688557,0.061547,0.164373
16.688534,0.061583,0.164423
16.688515,0.061614,0.164472
16.688494,0.061749,0.164522
16.688473,0.061300,0.164572
16.688454,0.061548,0.164621
16.688433,0.061779,0.164671
16.688416,0.061420,0.164721
16.688393,0.061672,0.164770
16.688374,0.061950,0.164820
16.688351,0.061563,0.164870
16.688332,0.061622,0.164920
16.688311,0.061803,0.164970
16.688292,0.061986,0.165020
16.688271,0.061837,0.165069
16.688250,0.062071,0.165120
16.688229,0.062171,0.165170
16.688210,0.062182,0.165220
16.688187,0.062479,0.165270
16.688164,0.062380,0.165320
16.688145,0.062492,0.165371
16.688122,0.062554,0.165421
16.688099,0.062369,0.165472
16.688080,0.062468,0.165522
16.688057,0.062618,0.165572
16.688034,0.062681,0.165623
16.688015,0.062729,0.165674
16.687992,0.062628,0.165724
16.687975,0.062702,0.165765
16.687954,0.062690,0.165815
16.687931,0.062765,0.165866
16.687912,0.062765,0.165916
16.687889,0.062739,0.165967
16.687866,0.062802,0.166018
16.687845,0.062709,0.166068
16.687824,0.062697,0.166119
16.687801,0.062695,0.166169
16.687780,0.062706,0.166220
16.687759,0.062753,0.166270
16.687737,0.062728,0.166321
16.687714,0.062715,0.166372
16.687693,0.062715,0.166422
16.687672,0.062865,0.166473
16.687649,0.062752,0.166524
16.687626,0.062852,0.166574
16.687607,0.062777,0.166625
16.687584,0.062816,0.166676
16.687561,0.062779,0.166726
16.687542,0.062667,0.166777
16.687519,0.062703,0.166827
16.687496,0.062775,0.166878
16.687481,0.062725,0.166918
16.687466,0.062674,0.166959
16.687443,0.062635,0.167009
16.687420,0.062788,0.167060
16.687397,0.062772,0.167111
16.687376,0.062744,0.167161
16.687355,0.062692,0.167212
16.687332,0.062889,0.167262
16.687313,0.062813,0.167313
16.687290,0.062699,0.167364
16.687267,0.062707,0.167414
16.687248,0.062665,0.167465
16.687225,0.062591,0.167515
16.687202,0.062579,0.167566
16.687183,0.062716,0.167616
16.687160,0.062678,0.167667
16.687138,0.062629,0.167717
16.687119,0.062604,0.167768
16.687096,0.062791,0.167818
16.687075,0.062667,0.167869
16.687054,0.062616,0.167919
16.687031,0.062566,0.167970
16.687010,0.062830,0.168021
16.686987,0.062766,0.168071
16.686966,0.062699,0.168122
16.686947,0.062683,0.168172
16.686924,0.062568,0.168223
16.686901,0.062716,0.168273
16.686880,0.062753,0.168324
16.686859,0.062641,0.168374
16.686838,0.062784,0.168425
16.686817,0.062682,0.168476
16.686794,0.062705,0.168526
16.686775,0.062579,0.168577
16.686750,0.062794,0.168627
16.686729,0.062692,0.168678
16.686710,0.062591,0.168728
16.686687,0.062529,0.168779
16.686657,0.065078,0.168831
16.686626,0.067251,0.168886
16.686592,0.069217,0.168941
16.686569,0.067421,0.168996
16.686543,0.066519,0.169049
16.686518,0.065594,0.169102
16.686497,0.065280,0.169155
16.686470,0.065339,0.169208
16.686447,0.064767,0.169260
16.686426,0.063855,0.169311
16.686401,0.063534,0.169363
16.686382,0.063258,0.169414
16.686359,0.063070,0.169464
16.686338,0.062821,0.169515
16.686317,0.062898,0.169566
16.686295,0.062454,0.169616
16.686275,0.062257,0.169666
16.686253,0.062276,0.169717
16.686235,0.062195,0.169767
16.686214,0.062081,0.169817
16.686193,0.061950,0.169867
16.686172,0.061934,0.169917
16.686152,0.061954,0.169967
16.686132,0.061934,0.170017
16.686110,0.061823,0.170067
16.686092,0.061847,0.170116
16.686069,0.062010,0.170166
16.686050,0.062020,0.170216
16.686029,0.062093,0.170266
16.686007,0.062019,0.170316
16.685986,0.062265,0.170367
16.685966,0.062285,0.170417
16.685944,0.062345,0.170467
16.685925,0.062406,0.170518
16.685902,0.062422,0.170568
16.685879,0.062548,0.170618
16.685860,0.062533,0.170669
16.685837,0.062651,0.170719
16.685818,0.062596,0.170770
16.685795,0.062694,0.170820
16.685772,0.062731,0.170871
16.685751,0.062931,0.170922
16.685728,0.063031,0.170972
16.685705,0.063070,0.171023
16.685684,0.063034,0.171074
16.685663,0.063075,0.171125
16.685640,0.063178,0.171176
16.685617,0.063241,0.171227
16.685595,0.063231,0.171278
16.685574,0.063271,0.171329
16.685551,0.063336,0.171380
16.685528,0.063254,0.171431
16.685505,0.063380,0.171482
16.685482,0.063319,0.171533
16.685459,0.063374,0.171584
16.685440,0.063385,0.171635
16.685417,0.063426,0.171687
16.685394,0.063388,0.171738
16.685371,0.063388,0.171789
16.685349,0.063440,0.171840
16.685326,0.063440,0.171891
16.685303,0.063368,0.171942
16.685284,0.063308,0.171993
16.685257,0.063330,0.172044
16.685234,0.063330,0.172095
16.685215,0.063319,0.172147
16.685192,0.063319,0.172198
16.685169,0.063341,0.172249
16.685146,0.063393,0.172300
16.685123,0.063393,0.172351
16.685101,0.063341,0.172402
16.685081,0.063217,0.172453
16.685059,0.063352,0.172504
16.685036,0.063288,0.172555
16.685013,0.063288,0.172606
16.684990,0.063277,0.172657
16.684971,0.063338,0.172708
16.684944,0.063214,0.172759
16.684925,0.063274,0.172810
16.684902,0.063222,0.172861
16.684879,0.063233,0.172912
16.684856,0.063294,0.172963
16.684834,0.063219,0.173014
16.684814,0.063219,0.173065
16.684792,0.063167,0.173116
16.684771,0.063165,0.173167
16.684748,0.063115,0.173218
16.684725,0.063188,0.173269
16.684702,0.063113,0.173320
16.684681,0.063163,0.173371
16.684660,0.063099,0.173422
16.684639,0.063099,0.173473
16.684614,0.063099,0.173524
16.684591,0.063098,0.173574
16.684572,0.063130,0.173625
16.684549,0.063118,0.173676
16.684526,0.063055,0.173727
16.684505,0.063082,0.173778
16.684483,0.063031,0.173829
16.684462,0.063052,0.173880
16.684439,0.063065,0.173930
16.684416,0.063052,0.173981
16.684397,0.062989,0.174032
16.684374,0.062978,0.174083
16.684351,0.063037,0.174134
16.684330,0.063015,0.174185
16.684307,0.063037,0.174235
16.684284,0.063099,0.174286
16.684263,0.062985,0.174337
16.684238,0.063086,0.174388
16.684221,0.062974,0.174439
16.684196,0.063096,0.174490
16.684177,0.063045,0.174540
16.684153,0.063045,0.174591
16.684132,0.063045,0.174642
16.684111,0.063033,0.174693
16.684088,0.062994,0.174744
16.684065,0.062960,0.174795
16.684046,0.063033,0.174845
16.684023,0.063021,0.174896
16.684002,0.062982,0.174947
16.683979,0.063055,0.174998
16.683956,0.063055,0.175049
16.683935,0.062970,0.175100
16.683912,0.063020,0.175150
16.683889,0.062969,0.175201
16.683907,0.051681,0.175243
16.683895,0.052592,0.175285
16.683872,0.057387,0.175331
16.683823,0.068318,0.175387
16.683773,0.074453,0.175447
16.683739,0.074199,0.175506
16.683702,0.073750,0.175566
16.683666,0.073670,0.175625
16.683632,0.073210,0.175684
16.683601,0.072443,0.175743
16.683571,0.071455,0.175800
16.683540,0.069794,0.175857
16.683514,0.069055,0.175912
16.683485,0.068188,0.175967
16.683460,0.067404,0.176022
16.683437,0.067458,0.176065
16.683411,0.066590,0.176119
16.683390,0.065942,0.176172
16.683369,0.064650,0.176224
16.683346,0.064068,0.176276
16.683323,0.063597,0.176327
16.683300,0.063079,0.176378
16.683283,0.062619,0.176429
16.683262,0.062391,0.176479
16.683243,0.061675,0.176529
16.683224,0.061499,0.176578
16.683205,0.061292,0.176628
16.683186,0.061181,0.176677
16.683167,0.061019,0.176726
16.683147,0.061031,0.176775
16.683128,0.060873,0.176825
16.683109,0.060843,0.176874
16.683086,0.061213,0.176923
16.683071,0.060793,0.176972
16.683052,0.060824,0.177021
16.683033,0.061170,0.177070
16.683014,0.061417,0.177120
16.682993,0.061074,0.177169
16.682976,0.061456,0.177219
16.682953,0.061425,0.177268
16.682934,0.061445,0.177318
16.682915,0.061455,0.177367
16.682892,0.061587,0.177417
16.682875,0.061820,0.177467
16.682852,0.062004,0.177517
16.682833,0.061735,0.177567
16.682812,0.062017,0.177617
16.682789,0.062140,0.177667
16.682770,0.062159,0.177717
16.682751,0.061975,0.177767
16.682730,0.062098,0.177817
16.682709,0.062344,0.177867
16.682686,0.062392,0.177918
16.682667,0.062330,0.177968
16.682644,0.062268,0.178018
16.682625,0.062330,0.178068
16.682606,0.062332,0.178119
16.682583,0.062396,0.178169
16.682560,0.062409,0.178219
16.682541,0.062409,0.178270
16.682518,0.062458,0.178320
16.682499,0.062404,0.178370
16.682476,0.062564,0.178421
16.682457,0.062575,0.178471
16.682434,0.062635,0.178522
16.682411,0.062633,0.178572
16.682390,0.062619,0.178623
16.682369,0.062676,0.178673
16.682350,0.062618,0.178724
16.682327,0.062667,0.178774
16.682306,0.062678,0.178825
16.682285,0.062641,0.178875
16.682262,0.062778,0.178926
16.682241,0.062716,0.178977
16.682220,0.062707,0.179027
16.682198,0.062644,0.179078
16.682178,0.062656,0.179128
16.682156,0.062729,0.179179
16.682133,0.062604,0.179229
16.682112,0.062781,0.179280
16.682091,0.062768,0.179331
16.682072,0.062643,0.179381
16.682051,0.062705,0.179432
16.682028,0.062667,0.179482
16.682005,0.062616,0.179533
16.681986,0.062642,0.179583
16.681963,0.062755,0.179634
16.681942,0.062754,0.179684
16.681919,0.062705,0.179735
16.681898,0.062729,0.179786
16.681877,0.062806,0.179836
16.681854,0.062817,0.179887
16.681835,0.062817,0.179938
16.681812,0.062817,0.179988
16.681789,0.062814,0.180039
16.681768,0.062896,0.180090
16.681747,0.062992,0.180140
16.681725,0.062905,0.180191
16.681704,0.062968,0.180242
16.681683,0.062959,0.180293
16.681662,0.063072,0.180344
16.681639,0.063129,0.180394
16.681616,0.063067,0.180445
16.681597,0.062968,0.180496
16.681574,0.062982,0.180547
16.681553,0.062977,0.180598
16.681528,0.062927,0.180648
16.681507,0.062965,0.180699
16.681486,0.062815,0.180750
16.681463,0.062893,0.180801
16.681442,0.062855,0.180851
16.681421,0.062904,0.180902
16.681402,0.062032,0.180952
16.681376,0.064064,0.181004
16.681330,0.071042,0.181061
16.681305,0.068375,0.181116
16.681280,0.067773,0.181171
16.681252,0.067444,0.181225
16.681225,0.066989,0.181279
16.681202,0.066467,0.181333
16.681177,0.065928,0.181386
16.681152,0.065440,0.181439
16.681131,0.065005,0.181491
16.681105,0.064717,0.181543
16.681080,0.064358,0.181595
16.681063,0.063954,0.181647
16.681038,0.063643,0.181698
16.681019,0.063407,0.181749
16.680996,0.063189,0.181800
16.680973,0.062928,0.181851
16.680954,0.062756,0.181902
16.680931,0.062497,0.181952
16.680912,0.062320,0.182002
16.680893,0.062281,0.182052
16.680870,0.062113,0.182103
16.680851,0.062293,0.182153
16.680830,0.062142,0.182203
16.680807,0.062096,0.182253
16.680790,0.061965,0.182303
16.680767,0.062256,0.182353
16.680748,0.062068,0.182403
16.680725,0.062077,0.182453
16.680706,0.062279,0.182504
16.680683,0.062371,0.182554
16.680664,0.062257,0.182604
16.680645,0.062444,0.182654
16.680622,0.062493,0.182705
16.680599,0.062560,0.182755
16.680580,0.062578,0.182806
16.680557,0.062549,0.182856
16.680538,0.062569,0.182907
16.680515,0.062751,0.182957
16.680492,0.062802,0.183008
16.680471,0.062950,0.183059
16.680449,0.062925,0.183109
16.680429,0.062939,0.183160
16.680407,0.062979,0.183211
16.680384,0.062966,0.183262
16.680363,0.063092,0.183313
16.680342,0.063132,0.183363
16.680321,0.063172,0.183414
16.680296,0.063090,0.183465
16.680273,0.063140,0.183516
16.680254,0.063154,0.183567
16.680231,0.063203,0.183618
16.680210,0.063195,0.183669
16.680187,0.063184,0.183720
16.680164,0.063247,0.183771
16.680143,0.063197,0.183822
16.680120,0.063197,0.183873
16.680099,0.063197,0.183924
16.680077,0.063197,0.183975
16.680054,0.063187,0.184026
16.680035,0.063124,0.184077
16.680012,0.063124,0.184128
16.679989,0.063146,0.184179
16.679966,0.063082,0.184229
16.679945,0.063011,0.184280
16.679924,0.063031,0.184331
16.679901,0.063041,0.184382
16.679882,0.063091,0.184433
16.679859,0.063028,0.184484
16.679836,0.063028,0.184534
16.679815,0.063028,0.184585
16.679794,0.062987,0.184636
16.679773,0.062913,0.184687
16.679750,0.062974,0.184738
16.679728,0.062974,0.184788
16.679708,0.062922,0.184839
16.679686,0.062860,0.184890
16.679665,0.062920,0.184941
16.679642,0.062920,0.184991
16.679621,0.062858,0.185042
16.679600,0.062930,0.185093
16.679577,0.062890,0.185144
16.679558,0.062856,0.185194
16.679535,0.062866,0.185245
16.679512,0.062826,0.185296
16.679491,0.062763,0.185346
16.679470,0.062701,0.185397
16.679449,0.062824,0.185447
16.679426,0.062738,0.185498
16.679405,0.062688,0.185549
16.679386,0.062698,0.185599
16.679363,0.062748,0.185650
16.679344,0.062770,0.185700
16.679321,0.062759,0.185751
16.679298,0.062746,0.185802
16.679277,0.062746,0.185852
16.679256,0.062684,0.185903
16.679235,0.062684,0.185953
16.679213,0.062757,0.186004
16.679192,0.062695,0.186054
16.679171,0.062706,0.186105
16.679150,0.062695,0.186156
16.679131,0.062695,0.186206
16.679108,0.062683,0.186257
16.679089,0.062694,0.186307
16.679066,0.062672,0.186358
16.679043,0.062683,0.186408
16.679022,0.062694,0.186459
16.679001,0.062706,0.186509
16.678980,0.062706,0.186560
16.678957,0.062806,0.186611
16.678936,0.062694,0.186661
16.678917,0.062694,0.186712
16.678894,0.062706,0.186762
16.678873,0.062756,0.186813
16.678852,0.062806,0.186864
16.678829,0.062768,0.186914
16.678808,0.062806,0.186965
16.678814,0.054140,0.187009
16.678799,0.055646,0.187053
16.678772,0.060372,0.187102
16.678719,0.071517,0.187160
16.678677,0.073939,0.187219
16.678642,0.073201,0.187278
16.678610,0.072990,0.187337
16.678577,0.072327,0.187396
16.678547,0.071453,0.187453
16.678514,0.070755,0.187510
16.678488,0.069787,0.187567
16.678459,0.068980,0.187622
16.678432,0.068221,0.187677
16.678406,0.067433,0.187732
16.678381,0.066615,0.187785
16.678356,0.065968,0.187839
16.678337,0.064575,0.187891
16.678312,0.064633,0.187943
16.678289,0.064064,0.187994
16.678270,0.063074,0.188045
16.678249,0.063126,0.188096
16.678226,0.062613,0.188147
16.678211,0.062277,0.188197
16.678188,0.061622,0.188247
16.678169,0.061448,0.188296
16.678150,0.061237,0.188346
16.678133,0.061091,0.188395
16.678114,0.060939,0.188444
16.678095,0.060844,0.188493
16.678076,0.060966,0.188542
16.678057,0.060828,0.188591
16.678040,0.060852,0.188640
16.678022,0.060770,0.188689
16.678001,0.061012,0.188738
16.677982,0.060819,0.188788
16.677965,0.060968,0.188837
16.677944,0.061153,0.188886
16.677927,0.061069,0.188935
16.677906,0.061196,0.188985
16.677883,0.061385,0.189034
16.677868,0.061466,0.189084
16.677845,0.061489,0.189133
16.677828,0.061573,0.189183
16.677805,0.061746,0.189233
16.677786,0.061794,0.189283
16.677765,0.061990,0.189333
16.677744,0.061936,0.189383
16.677723,0.062145,0.189433
16.677704,0.062179,0.189483
16.677681,0.062166,0.189533
16.677662,0.062337,0.189583
16.677639,0.062337,0.189633
16.677620,0.062411,0.189684
16.677597,0.062535,0.189734
16.677578,0.062558,0.189785
16.677555,0.062629,0.189835
16.677536,0.062616,0.189886
16.677513,0.062604,0.189936
16.677492,0.062728,0.189987
16.677471,0.062740,0.190037
16.677448,0.062728,0.190088
16.677427,0.062740,0.190139
16.677406,0.062840,0.190189
16.677383,0.062890,0.190240
16.677364,0.062902,0.190291
16.677341,0.062889,0.190341
16.677319,0.062889,0.190392
16.677298,0.062927,0.190443
16.677277,0.062951,0.190494
16.677256,0.063051,0.190544
16.677233,0.063001,0.190595
16.677212,0.063110,0.190646
16.677191,0.063121,0.190697
16.677168,0.063093,0.190748
16.677147,0.063051,0.190799
16.677124,0.063051,0.190850
16.677105,0.063039,0.190901
16.677082,0.063076,0.190951
16.677059,0.063042,0.191002
16.677038,0.063042,0.191053
16.677017,0.062992,0.191104
16.676996,0.063052,0.191155
16.676973,0.062989,0.191206
16.676952,0.063064,0.191256
16.676929,0.063076,0.191307
16.676908,0.063014,0.191358
16.676888,0.062990,0.191409
16.676861,0.063054,0.191460
16.676844,0.063052,0.191511
16.676821,0.062990,0.191561
16.676798,0.063002,0.191612
16.676777,0.063002,0.191663
16.676756,0.062952,0.191714
16.676735,0.062977,0.191765
16.676712,0.062977,0.191815
16.676691,0.062940,0.191866
16.676670,0.062928,0.191917
16.676647,0.062928,0.191968
16.676626,0.062868,0.192018
16.676605,0.062919,0.192069
16.676584,0.062793,0.192120
16.676563,0.062804,0.192170
16.676540,0.062828,0.192221
16.676521,0.062866,0.192272
16.676498,0.062866,0.192322
16.676477,0.062816,0.192373
16.676456,0.062804,0.192424
16.676435,0.062753,0.192474
16.676413,0.062828,0.192525
16.676390,0.062970,0.192576
16.676371,0.062877,0.192626
16.676348,0.062784,0.192677
16.676308,0.068881,0.192733
16.676270,0.071450,0.192790
16.676243,0.070470,0.192847
16.676216,0.068278,0.192902
16.676189,0.067397,0.192956
16.676165,0.066910,0.193010
16.676140,0.066420,0.193064
16.676117,0.065335,0.193117
16.676092,0.064855,0.193169
16.676073,0.064106,0.193221
16.676048,0.063976,0.193272
16.676029,0.063455,0.193323
16.676006,0.063133,0.193374
16.675985,0.062865,0.193425
16.675964,0.062689,0.193476
16.675945,0.062472,0.193526
16.675926,0.062341,0.193576
16.675903,0.062184,0.193626
16.675884,0.061984,0.193676
16.675863,0.061916,0.193726
16.675844,0.061827,0.193776
16.675825,0.061803,0.193826
16.675804,0.061654,0.193876
16.675785,0.061617,0.193925
16.675766,0.061562,0.193975
16.675743,0.061633,0.194025
16.675726,0.061823,0.194075
16.675703,0.061924,0.194125
16.675686,0.061899,0.194175
16.675665,0.061952,0.194224
16.675644,0.062123,0.194275
16.675621,0.062106,0.194325
16.675602,0.062281,0.194375
16.675583,0.062283,0.194425
16.675560,0.062365,0.194475
16.675541,0.062418,0.194526
16.675518,0.062565,0.194576
16.675495,0.062698,0.194627
16.675476,0.062693,0.194677
16.675453,0.062766,0.194728
16.675432,0.062891,0.194779
16.675409,0.062915,0.194829
16.675390,0.062916,0.194880
16.675369,0.062916,0.194931
16.675344,0.063079,0.194982
16.675323,0.063016,0.195033
16.675303,0.063055,0.195083
16.675282,0.063021,0.195134
16.675259,0.063072,0.195185
16.675236,0.063122,0.195236
16.675217,0.063072,0.195287
16.675194,0.063112,0.195338
16.675171,0.063123,0.195389
16.675148,0.063112,0.195440
16.675129,0.063173,0.195491
16.675106,0.063101,0.195541
16.675083,0.063163,0.195592
16.675064,0.063101,0.195643
16.675041,0.063152,0.195694
16.675022,0.063112,0.195745
16.674999,0.063112,0.195796
16.674976,0.063090,0.195847
16.674955,0.063112,0.195898
16.674932,0.063061,0.195949
16.674911,0.063112,0.196000
16.674889,0.063050,0.196050
16.674868,0.063061,0.196101
16.674847,0.063061,0.196152
16.674826,0.063011,0.196203
16.674803,0.063095,0.196254
16.674780,0.063083,0.196305
16.674761,0.063072,0.196355
16.674738,0.063122,0.196406
16.674717,0.063071,0.196457
16.674694,0.063122,0.196508
16.674675,0.062999,0.196559
16.674652,0.063021,0.196610
16.674629,0.063032,0.196661
16.674608,0.062959,0.196711
16.674587,0.063009,0.196762
16.674566,0.063032,0.196813
16.674543,0.062970,0.196864
16.674522,0.062908,0.196915
16.674501,0.062947,0.196965
16.674479,0.062947,0.197016
16.674458,0.062992,0.197067
16.674437,0.062992,0.197118
16.674416,0.062930,0.197168
16.674393,0.062919,0.197219
16.674372,0.062942,0.197270
16.674351,0.062930,0.197321
16.674328,0.062846,0.197371
16.674307,0.062958,0.197422
16.674284,0.062958,0.197473
16.674265,0.062857,0.197524
16.674242,0.062857,0.197574
16.674221,0.062806,0.197625
16.674200,0.062806,0.197676
16.674179,0.062857,0.197726
16.674158,0.062806,0.197777
16.674135,0.062795,0.197828
16.674116,0.062795,0.197878
16.674093,0.062857,0.197929
16.674072,0.062795,0.197980
16.674051,0.062829,0.198030
16.674028,0.062868,0.198081
16.674007,0.062806,0.198132
16.673985,0.062857,0.198182
16.673965,0.062733,0.198233
16.673946,0.062733,0.198283
16.673923,0.062733,0.198334
16.673903,0.062756,0.198385
16.673880,0.062756,0.198435
16.673859,0.062767,0.198486
16.673838,0.062733,0.198536
16.673817,0.062756,0.198587
16.673794,0.062694,0.198638
16.673777,0.062694,0.198688
16.673754,0.062694,0.198739
16.673731,0.062672,0.198789
16.673710,0.062744,0.198840
16.673689,0.062795,0.198890
16.673674,0.060986,0.198940
16.673653,0.061232,0.198989
16.673626,0.064091,0.199041
16.673573,0.073354,0.199100
16.673546,0.071267,0.199157
16.673513,0.070680,0.199214
16.673485,0.070121,0.199271
16.673454,0.069507,0.199327
16.673426,0.068928,0.199383
16.673401,0.068224,0.199438
16.673374,0.067502,0.199492
16.673347,0.066820,0.199546
16.673325,0.066265,0.199599
16.673302,0.065540,0.199652
16.673279,0.065011,0.199705
16.673258,0.063793,0.199756
16.673237,0.063342,0.199807
16.673216,0.062889,0.199858
16.673195,0.062380,0.199908
16.673176,0.061993,0.199958
16.673157,0.061663,0.200008
16.673138,0.061398,0.200057
16.673122,0.061191,0.200107
16.673101,0.060811,0.200156
16.673084,0.060658,0.200205
16.673065,0.060454,0.200253
16.673044,0.061029,0.200303
16.673027,0.060970,0.200352
16.673008,0.060840,0.200401
16.672989,0.061005,0.200450
16.672972,0.060918,0.200499
16.672953,0.060971,0.200548
16.672934,0.060883,0.200598
16.672913,0.061303,0.200647
16.672894,0.061244,0.200696
16.672874,0.061275,0.200746
16.672855,0.061381,0.200795
16.672836,0.061429,0.200845
16.672817,0.061487,0.200894
16.672794,0.061627,0.200944
16.672775,0.061871,0.200994
16.672756,0.061856,0.201044
16.672733,0.061854,0.201094
16.672716,0.062042,0.201144
16.672693,0.061932,0.201194
16.672674,0.062046,0.201244
16.672653,0.062048,0.201294
16.672634,0.062104,0.201344
16.672611,0.062117,0.201394
16.672592,0.062120,0.201444
16.672573,0.062142,0.201494
16.672550,0.062202,0.201544
16.672531,0.062223,0.201595
16.672508,0.062372,0.201645
16.672485,0.062424,0.201695
16.672470,0.062522,0.201746
16.672447,0.062524,0.201796
16.672426,0.062514,0.201846
16.672403,0.062577,0.201897
16.672384,0.062580,0.201947
16.672363,0.062577,0.201998
16.672340,0.062638,0.202048
16.672319,0.062698,0.202099
16.672297,0.062803,0.202150
16.672277,0.062866,0.202200
16.672255,0.062878,0.202251
16.672234,0.062828,0.202302
16.672213,0.062953,0.202352
16.672190,0.062930,0.202403
16.672169,0.062941,0.202454
16.672148,0.062850,0.202505
16.672129,0.062898,0.202555
16.672106,0.062898,0.202606
16.672085,0.062908,0.202657
16.672062,0.063200,0.202708
16.672041,0.063200,0.202759
16.672018,0.063146,0.202810
16.671993,0.063282,0.202861
16.671974,0.063290,0.202912
16.671951,0.063208,0.202963
16.671932,0.063181,0.203014
16.671909,0.063101,0.203065
16.671886,0.063052,0.203115
16.671865,0.062978,0.203166
16.671846,0.063028,0.203217
16.671824,0.063051,0.203268
16.671801,0.062927,0.203319
16.671782,0.062927,0.203369
16.671759,0.062990,0.203420
16.671738,0.063105,0.203471
16.671715,0.062990,0.203522
16.671696,0.062977,0.203573
16.671673,0.063123,0.203624
16.671652,0.063096,0.203674
16.671629,0.063003,0.203725
16.671606,0.063064,0.203776
16.671568,0.068768,0.203832
16.671537,0.068842,0.203887
16.671497,0.071678,0.203945
16.671478,0.068486,0.204000
16.671453,0.066731,0.204054
16.671429,0.066006,0.204107
16.671406,0.065596,0.204160
16.671383,0.065199,0.204213
16.671360,0.064836,0.204265
16.671337,0.064169,0.204317
16.671316,0.063782,0.204368
16.671295,0.063438,0.204419
16.671272,0.063038,0.204470
16.671251,0.062827,0.204521
16.671230,0.062625,0.204571
16.671211,0.062518,0.204622
16.671188,0.062346,0.204672
16.671171,0.062148,0.204722
16.671150,0.062014,0.204772
16.671131,0.061900,0.204822
16.671110,0.061786,0.204872
16.671089,0.061932,0.204922
16.671070,0.061695,0.204971
16.671051,0.061608,0.205021
16.671032,0.061677,0.205071
16.671013,0.061635,0.205121
16.670994,0.061708,0.205170
16.670973,0.061634,0.205220
16.670950,0.061658,0.205270
16.670933,0.061824,0.205320
16.670912,0.061963,0.205370
16.670893,0.061986,0.205420
16.670868,0.062141,0.205470
16.670849,0.062186,0.205520
16.670830,0.062361,0.205570
16.670811,0.062254,0.205620
16.670792,0.062428,0.205661
16.670769,0.062321,0.205711
16.670750,0.062467,0.205761
16.670731,0.062536,0.205812
16.670708,0.062580,0.205862
16.670687,0.062630,0.205913
16.670666,0.062666,0.205963
16.670645,0.062678,0.206014
16.670624,0.062653,0.206064
16.670603,0.062803,0.206115
16.670580,0.062791,0.206166
16.670559,0.062779,0.206216
16.670538,0.062880,0.206267
16.670517,0.062868,0.206318
16.670494,0.062868,0.206368
16.670475,0.062907,0.206419
16.670452,0.062946,0.206470
16.670429,0.062946,0.206521
16.670408,0.062874,0.206571
16.670387,0.062896,0.206622
16.670368,0.062885,0.206673
16.670345,0.062935,0.206724
16.670324,0.062935,0.206774
16.670303,0.062925,0.206825
16.670282,0.062885,0.206876
16.670259,0.062936,0.206926
16.670240,0.062885,0.206977
16.670218,0.062823,0.207028
16.670195,0.062834,0.207079
16.670174,0.062834,0.207129
16.670153,0.062834,0.207180
16.670132,0.062823,0.207231
16.670109,0.062773,0.207281
16.670090,0.062824,0.207332
16.670069,0.062834,0.207383
16.670048,0.062835,0.207433
16.670025,0.062835,0.207484
16.670004,0.062795,0.207534
16.669983,0.062846,0.207585
16.669960,0.062734,0.207636
16.669941,0.062722,0.207686
16.669918,0.062722,0.207737
16.669897,0.062722,0.207788
16.669878,0.062734,0.207838
16.669857,0.062683,0.207889
16.669834,0.062622,0.207939
16.669815,0.062672,0.207990
16.669792,0.062644,0.208040
16.669769,0.062695,0.208091
16.669750,0.062683,0.208141
16.669729,0.062611,0.208192
16.669708,0.062571,0.208242
16.669685,0.062633,0.208293
16.669666,0.062583,0.208343
16.669647,0.062571,0.208394
16.669624,0.062583,0.208444
16.669605,0.062633,0.208495
16.669582,0.062583,0.208545
16.669559,0.062583,0.208596
16.669540,0.062533,0.208646
16.669519,0.062583,0.208697
16.669497,0.062633,0.208747
16.669479,0.062572,0.208798
16.669456,0.062560,0.208848
16.669437,0.062510,0.208898
16.669415,0.062571,0.208949
16.669395,0.062583,0.208999
16.669373,0.062606,0.209050
16.669353,0.062544,0.209100
16.669331,0.062633,0.209151
16.669331,0.056262,0.209196
16.669308,0.059593,0.209244
16.669268,0.065837,0.209297
16.669220,0.073248,0.209356
16.669186,0.072610,0.209415
16.669155,0.072304,0.209473
16.669121,0.072027,0.209531
16.669090,0.071335,0.209589
16.669062,0.069986,0.209645
16.669033,0.069976,0.209702
16.669003,0.069297,0.209758
16.668976,0.068459,0.209813
16.668953,0.066904,0.209867
16.668930,0.066187,0.209920
16.668903,0.065587,0.209973
16.668882,0.064835,0.210025
16.668861,0.064262,0.210077
16.668840,0.063694,0.210129
16.668816,0.063296,0.210180
16.668800,0.062386,0.210230
16.668777,0.062221,0.210280
16.668760,0.062006,0.210330
16.668743,0.061503,0.210380
16.668720,0.061455,0.210429
16.668701,0.061522,0.210479
16.668684,0.060857,0.210528
16.668669,0.060711,0.210577
16.668648,0.060891,0.210626
16.668631,0.060865,0.210675
16.668613,0.060581,0.210724
16.668591,0.060932,0.210773
16.668573,0.060932,0.210822
16.668552,0.060727,0.210871
16.668535,0.061019,0.210920
16.668514,0.061321,0.210970
16.668495,0.061372,0.211019
16.668476,0.061408,0.211069
16.668459,0.061086,0.211118
16.668440,0.061116,0.211167
16.668419,0.061617,0.211217
16.668400,0.061478,0.211267
16.668379,0.061659,0.211316
16.668360,0.061732,0.211366
16.668339,0.062076,0.211416
16.668320,0.061864,0.211466
16.668299,0.062024,0.211516
16.668280,0.062114,0.211566
16.668255,0.062377,0.211617
16.668240,0.062207,0.211667
16.668217,0.062245,0.211717
16.668194,0.062306,0.211767
16.668175,0.062406,0.211818
16.668152,0.062495,0.211868
16.668133,0.062507,0.211918
16.668114,0.062518,0.211969
16.668091,0.062507,0.212019
16.668072,0.062518,0.212070
16.668049,0.062630,0.212120
16.668030,0.062642,0.212171
16.668007,0.062691,0.212221
16.667986,0.062707,0.212272
16.667963,0.062796,0.212322
16.667942,0.062707,0.212373
16.667921,0.062755,0.212424
16.667900,0.062805,0.212474
16.667879,0.062791,0.212525
16.667860,0.062779,0.212575
16.667837,0.062813,0.212626
16.667816,0.062764,0.212677
16.667793,0.062810,0.212727
16.667774,0.062758,0.212778
16.667751,0.062856,0.212829
16.667730,0.062843,0.212879
16.667709,0.062779,0.212930
16.667686,0.062840,0.212981
16.667667,0.062928,0.213031
16.667645,0.062765,0.213082
16.667625,0.062703,0.213133
16.667603,0.062877,0.213183
16.667582,0.062839,0.213234
16.667561,0.062715,0.213285
16.667540,0.062603,0.213335
16.667517,0.062931,0.213386
16.667498,0.062817,0.213436
16.667477,0.062699,0.213487
16.667458,0.062646,0.213538
16.667433,0.062827,0.213588
16.667412,0.062765,0.213639
16.667393,0.062616,0.213689
16.667368,0.062778,0.213740
16.667351,0.062654,0.213790
16.667328,0.062641,0.213841
16.667307,0.062741,0.213892
16.667286,0.062693,0.213942
16.667265,0.062755,0.213993
16.667242,0.062692,0.214043
16.667225,0.062641,0.214094
16.667202,0.062881,0.214145
16.667183,0.062632,0.214195
16.667160,0.062682,0.214246
16.667137,0.062779,0.214296
16.667116,0.062866,0.214347
16.667095,0.062654,0.214397
16.667076,0.062592,0.214448
16.667042,0.066440,0.214502
16.667000,0.071407,0.214559
16.666975,0.068864,0.214615
16.666950,0.067509,0.214669
16.666924,0.066990,0.214723
16.666901,0.066089,0.214776
16.666876,0.065654,0.214829
16.666851,0.065186,0.214882
16.666830,0.064605,0.214934
16.666809,0.064042,0.214986
16.666788,0.063893,0.215037
16.666767,0.063295,0.215088
16.666744,0.063318,0.215139
16.666723,0.062947,0.215190
16.666702,0.062944,0.215241
16.666683,0.062640,0.215291
16.666660,0.062462,0.215342
16.666641,0.062326,0.215392
16.666622,0.062191,0.215442
16.666599,0.062170,0.215492
16.666580,0.062304,0.215543
16.666559,0.062044,0.215593
16.666542,0.061988,0.215643
16.666519,0.062001,0.215693
16.666500,0.062266,0.215743
16.666477,0.062254,0.215793
16.666458,0.062337,0.215843
16.666439,0.062377,0.215894
16.666416,0.062319,0.215944
16.666393,0.062444,0.215994
16.666378,0.062474,0.216045
16.666355,0.062523,0.216095
16.666330,0.062761,0.216146
16.666313,0.062559,0.216196
16.666290,0.062725,0.216247
16.666269,0.062747,0.216297
16.666248,0.062845,0.216348
16.666227,0.062841,0.216399
16.666204,0.062891,0.216449
16.666183,0.062903,0.216500
16.666162,0.062941,0.216551
16.666142,0.062991,0.216602
16.666119,0.063092,0.216653
16.666098,0.063057,0.216703
16.666077,0.063119,0.216754
16.666056,0.063096,0.216805
16.666031,0.063159,0.216856
16.666012,0.063149,0.216907
16.665989,0.063199,0.216958
16.665968,0.063126,0.217009
16.665947,0.063128,0.217060
16.665924,0.063178,0.217111
16.665903,0.063106,0.217162
16.665882,0.063106,0.217213
16.665859,0.063179,0.217263
16.665836,0.063168,0.217314
16.665813,0.063179,0.217365
16.665794,0.063179,0.217416
16.665771,0.063118,0.217467
16.665749,0.063118,0.217518
16.665730,0.063118,0.217569
16.665707,0.063078,0.217620
16.665688,0.063078,0.217671
16.665665,0.063118,0.217722
16.665644,0.063055,0.217773
16.665623,0.063005,0.217823
16.665602,0.063005,0.217874
16.665579,0.063066,0.217925
16.665556,0.063078,0.217976
16.665537,0.063028,0.218027
16.665514,0.062976,0.218077
16.665493,0.062965,0.218128
16.665470,0.062914,0.218179
16.665451,0.062914,0.218230
16.665430,0.062892,0.218280
16.665409,0.062901,0.218331
16.665386,0.062925,0.218382
16.665367,0.062914,0.218433
16.665344,0.062800,0.218483
16.665323,0.062924,0.218534
16.665302,0.062812,0.218585
16.665281,0.062812,0.218635
16.665258,0.062873,0.218686
16.665237,0.062799,0.218737
16.665216,0.062799,0.218787
16.665197,0.062799,0.218838
16.665174,0.062748,0.218889
16.665154,0.062849,0.218939
16.665133,0.062809,0.218990
16.665110,0.062821,0.219041
16.665089,0.062759,0.219091
16.665068,0.062747,0.219142
16.665047,0.062736,0.219192
16.665026,0.062759,0.219243
16.665007,0.062696,0.219294
16.664984,0.062758,0.219344
16.664963,0.062684,0.219395
16.664942,0.062746,0.219445
16.664921,0.062684,0.219496
16.664900,0.062707,0.219546
16.664881,0.062707,0.219597
16.664858,0.062735,0.219648
16.664837,0.062645,0.219698
16.664816,0.062634,0.219749
16.664799,0.062595,0.219799
16.664776,0.062622,0.219850
16.664753,0.062645,0.219900
16.664734,0.062645,0.219951
16.664711,0.062683,0.220001
16.664690,0.062622,0.220052
16.664669,0.062572,0.220102
16.664648,0.062583,0.220153
16.664625,0.062583,0.220203
16.664606,0.062583,0.220254
16.664604,0.056829,0.220299
16.664581,0.060171,0.220348
16.664543,0.066220,0.220401
16.664494,0.073134,0.220460
16.664463,0.072347,0.220519
16.664429,0.072080,0.220577
16.664396,0.071901,0.220635
16.664368,0.070878,0.220692
16.664337,0.070141,0.220748
16.664310,0.069437,0.220804
16.664284,0.068621,0.220860
16.664257,0.067978,0.220915
16.664230,0.067236,0.220969
16.664207,0.066457,0.221022
16.664183,0.065690,0.221075
16.664162,0.064485,0.221127
16.664141,0.063862,0.221179
16.664120,0.063351,0.221230
16.664099,0.063017,0.221281
16.664082,0.062552,0.221331
16.664059,0.062104,0.221381
16.664042,0.061833,0.221431
16.664021,0.061371,0.221481
16.664005,0.061332,0.221530
16.663982,0.061178,0.221580
16.663967,0.061188,0.221629
16.663948,0.060433,0.221678
16.663929,0.060882,0.221727
16.663910,0.060962,0.221776
16.663893,0.061086,0.221825
16.663876,0.060492,0.221874
16.663857,0.060686,0.221923
16.663837,0.061031,0.221972
16.663818,0.061282,0.222022
16.663799,0.060624,0.222070
16.663780,0.060903,0.222120
16.663761,0.060957,0.222169
16.663742,0.061619,0.222218
16.663723,0.061044,0.222268
16.663704,0.061456,0.222317
16.663685,0.061527,0.222367
16.663662,0.061488,0.222416
16.663643,0.061591,0.222466
16.663624,0.061780,0.222516
16.663603,0.061896,0.222566
16.663584,0.061853,0.222616
16.663565,0.061976,0.222666
16.663544,0.061989,0.222716
16.663521,0.062434,0.222766
16.663502,0.062212,0.222816
16.663483,0.062407,0.222866
16.663460,0.062456,0.222917
16.663441,0.062517,0.222967
16.663418,0.062357,0.223018
16.663395,0.062580,0.223068
16.663378,0.062592,0.223118
16.663355,0.062579,0.223169
16.663334,0.062404,0.223219
16.663313,0.062529,0.223270
16.663294,0.062628,0.223320
16.663271,0.062617,0.223371
16.663252,0.062617,0.223421
16.663229,0.062691,0.223472
16.663208,0.062691,0.223522
16.663189,0.062703,0.223573
16.663168,0.062808,0.223624
16.663145,0.062795,0.223674
16.663124,0.062781,0.223725
16.663103,0.062779,0.223775
16.663082,0.062898,0.223826
16.663059,0.062908,0.223877
16.663040,0.062880,0.223928
16.663017,0.062901,0.223978
16.662998,0.062790,0.224029
16.662975,0.062692,0.224080
16.662956,0.062803,0.224130
16.662933,0.062745,0.224181
16.662912,0.062682,0.224231
16.662891,0.062682,0.224282
16.662872,0.062731,0.224332
16.662849,0.062841,0.224383
16.662830,0.062778,0.224434
16.662807,0.062704,0.224484
16.662786,0.062641,0.224535
16.662766,0.062749,0.224585
16.662743,0.062710,0.224636
16.662724,0.062722,0.224687
16.662701,0.062670,0.224737
16.662682,0.062657,0.224788
16.662659,0.062785,0.224838
16.662638,0.062672,0.224889
16.662617,0.062658,0.224939
16.662598,0.062632,0.224990
16.662575,0.062653,0.225040
16.662556,0.062665,0.225091
16.662533,0.062603,0.225141
16.662514,0.062554,0.225192
16.662493,0.062731,0.225243
16.662472,0.062668,0.225293
16.662449,0.062605,0.225344
16.662430,0.062592,0.225394
16.662407,0.062765,0.225445
16.662388,0.062753,0.225495
16.662367,0.062641,0.225546
16.662346,0.062765,0.225596
16.662323,0.062703,0.225647
16.662304,0.062603,0.225697
16.662281,0.062730,0.225748
16.662262,0.062730,0.225799
16.662239,0.062717,0.225849
16.662220,0.062642,0.225900
16.662197,0.062592,0.225950
16.662165,0.066962,0.226004
16.662134,0.067709,0.226059
16.662100,0.069923,0.226115
16.662075,0.067673,0.226170
16.662052,0.066754,0.226224
16.662025,0.066435,0.226277
16.662003,0.066014,0.226330
16.661980,0.064924,0.226383
16.661957,0.064608,0.226435
16.661934,0.064041,0.226486
16.661913,0.063693,0.226538
16.661892,0.063411,0.226589
16.661873,0.063346,0.226640
16.661850,0.062964,0.226691
16.661829,0.062854,0.226742
16.661812,0.062481,0.226792
16.661789,0.062303,0.226842
16.661766,0.062124,0.226892
16.661751,0.062123,0.226942
16.661728,0.062304,0.226993
16.661711,0.062013,0.227043
16.661688,0.061974,0.227093
16.661669,0.061956,0.227143
16.661648,0.062046,0.227193
16.661629,0.062146,0.227243
16.661606,0.062133,0.227293
16.661587,0.062336,0.227343
16.661564,0.062371,0.227393
16.661549,0.062327,0.227444
16.661526,0.062415,0.227494
16.661507,0.062540,0.227544
16.661484,0.062537,0.227595
16.661465,0.062601,0.227645
16.661442,0.062667,0.227696
16.661421,0.062670,0.227746
16.661398,0.062676,0.227797
16.661377,0.062837,0.227848
16.661356,0.062907,0.227898
16.661335,0.062979,0.227949
16.661312,0.063016,0.228000
16.661293,0.063027,0.228051
16.661270,0.063065,0.228102
16.661247,0.063103,0.228153
16.661226,0.063079,0.228203
16.661201,0.063118,0.228254
16.661182,0.063231,0.228305
16.661160,0.063220,0.228356
16.661140,0.063270,0.228407
16.661118,0.063259,0.228458
16.661098,0.063310,0.228509
16.661076,0.063249,0.228560
16.661053,0.063227,0.228611
16.661030,0.063249,0.228662
16.661007,0.063300,0.228713
16.660988,0.063239,0.228764
16.660965,0.063289,0.228816
16.660942,0.063278,0.228867
16.660923,0.063167,0.228917
16.660900,0.063217,0.228968
16.660881,0.063290,0.229020
16.660858,0.063239,0.229070
16.660835,0.063189,0.229121
16.660812,0.063167,0.229172
16.660793,0.063167,0.229223
16.660772,0.063167,0.229274
16.660751,0.063200,0.229325
16.660727,0.063126,0.229376
16.660706,0.063126,0.229427
16.660683,0.063065,0.229478
16.660664,0.063126,0.229529
16.660641,0.063126,0.229580
16.660618,0.063064,0.229631
16.660599,0.063012,0.229681
16.660578,0.063012,0.229732
16.660555,0.062962,0.229783
16.660536,0.062962,0.229834
16.660515,0.062973,0.229885
16.660494,0.062973,0.229935
16.660471,0.062961,0.229986
16.660450,0.062973,0.230037
16.660427,0.062984,0.230088
16.660408,0.062984,0.230138
16.660385,0.062984,0.230189
16.660366,0.062899,0.230240
16.660343,0.062871,0.230291
16.660322,0.062809,0.230341
16.660299,0.062859,0.230392
16.660280,0.062820,0.230443
16.660257,0.062797,0.230493
16.660238,0.062797,0.230544
16.660217,0.062859,0.230595
16.660196,0.062797,0.230645
16.660173,0.062847,0.230696
16.660152,0.062797,0.230747
16.660131,0.062808,0.230797
16.660110,0.062831,0.230848
16.660088,0.062808,0.230899
16.660070,0.062808,0.230949
16.660048,0.062808,0.231000
16.660027,0.062757,0.231051
16.660004,0.062735,0.231101
16.659985,0.062723,0.231152
16.659962,0.062745,0.231202
16.659941,0.062796,0.231253
16.659922,0.062757,0.231304
16.659901,0.062734,0.231354
16.659878,0.062784,0.231405
16.659859,0.062807,0.231455
16.659836,0.062830,0.231506
16.659815,0.062683,0.231557
16.659794,0.062734,0.231607
16.659775,0.062756,0.231658
16.659752,0.062706,0.231708
16.659731,0.062694,0.231759
16.659710,0.062734,0.231810
16.659689,0.062734,0.231860
16.659668,0.062694,0.231911
16.659649,0.062756,0.231961
16.659626,0.062694,0.232012
16.659605,0.062745,0.232063
16.659584,0.062745,0.232113
16.659563,0.062806,0.232164
16.659557,0.057555,0.232210
16.659540,0.058744,0.232258
16.659500,0.066221,0.232311
16.659451,0.073905,0.232371
16.659416,0.073320,0.232430
16.659384,0.072565,0.232488
16.659351,0.072228,0.232546
16.659319,0.071897,0.232604
16.659290,0.071307,0.232662
16.659258,0.070639,0.232719
16.659231,0.069812,0.232775
16.659203,0.069216,0.232831
16.659176,0.068391,0.232886
16.659149,0.067649,0.232941
16.659124,0.066865,0.232995
16.659100,0.066041,0.233048
16.659077,0.065402,0.233101
16.659054,0.064768,0.233153
16.659031,0.064244,0.233205
16.659012,0.063166,0.233256
16.658993,0.062775,0.233306
16.658974,0.062219,0.233356
16.658955,0.061819,0.233406
16.658936,0.061559,0.233456
16.658916,0.061286,0.233505
16.658899,0.060870,0.233554
16.658880,0.060772,0.233603
16.658865,0.060682,0.233652
16.658844,0.060864,0.233701
16.658827,0.060474,0.233750
16.658810,0.060468,0.233799
16.658794,0.060477,0.233848
16.658772,0.061041,0.233897
16.658756,0.060553,0.233946
16.658733,0.061060,0.233995
16.658718,0.060782,0.234044
16.658699,0.060869,0.234093
16.658682,0.060986,0.234142
16.658661,0.061496,0.234192
16.658642,0.061578,0.234242
16.658619,0.061418,0.234291
16.658602,0.061507,0.234341
16.658581,0.061731,0.234391
16.658562,0.061666,0.234440
16.658541,0.061950,0.234490
16.658524,0.061962,0.234540
16.658501,0.061985,0.234590
16.658482,0.062096,0.234640
16.658459,0.062157,0.234690
16.658440,0.062318,0.234741
16.658421,0.062244,0.234791
16.658398,0.062417,0.234841
16.658379,0.062417,0.234892
16.658360,0.062455,0.234942
16.658337,0.062517,0.234992
16.658318,0.062529,0.235043
16.658295,0.062579,0.235093
16.658274,0.062678,0.235144
16.658251,0.062690,0.235194
16.658234,0.062728,0.235245
16.658211,0.062728,0.235296
16.658190,0.062790,0.235346
16.658169,0.062640,0.235397
16.658148,0.062802,0.235447
16.658125,0.062777,0.235498
16.658106,0.062715,0.235549
16.658085,0.062842,0.235599
16.658064,0.062841,0.235650
16.658041,0.062754,0.235701
16.658022,0.062777,0.235751
16.657999,0.062867,0.235802
16.657978,0.062867,0.235853
16.657959,0.062784,0.235903
16.657938,0.062940,0.235954
16.657915,0.062727,0.236005
16.657894,0.062739,0.236055
16.657873,0.062839,0.236106
16.657852,0.062939,0.236157
16.657829,0.062677,0.236207
16.657812,0.062690,0.236258
16.657789,0.062727,0.236308
16.657768,0.062792,0.236359
16.657747,0.062717,0.236409
16.657726,0.062717,0.236460
16.657703,0.062815,0.236511
16.657684,0.062828,0.236561
16.657663,0.062741,0.236612
16.657642,0.062880,0.236663
16.657621,0.062769,0.236713
16.657600,0.062756,0.236764
16.657579,0.062841,0.236815
16.657557,0.062766,0.236865
16.657537,0.062753,0.236916
16.657516,0.062777,0.236966
16.657495,0.062815,0.237017
16.657473,0.062815,0.237068
16.657454,0.062815,0.237118
16.657431,0.062779,0.237169
16.657410,0.062829,0.237220
16.657391,0.062766,0.237270
16.657370,0.062765,0.237321
16.657347,0.062804,0.237372
16.657326,0.062804,0.237422
16.657305,0.062878,0.237473
16.657284,0.062828,0.237524
16.657246,0.067852,0.237578
16.657204,0.072253,0.237637
16.657181,0.069325,0.237692
16.657156,0.067646,0.237747
16.657131,0.067228,0.237801
16.657104,0.066836,0.237855
16.657082,0.065563,0.237908
16.657059,0.065097,0.237961
16.657038,0.064580,0.238013
16.657015,0.063755,0.238064
16.656994,0.063520,0.238115
16.656971,0.063271,0.238166
16.656954,0.062813,0.238217
16.656933,0.062615,0.238267
16.656914,0.062419,0.238318
16.656891,0.062216,0.238368
16.656874,0.062034,0.238418
16.656855,0.062033,0.238468
16.656834,0.062033,0.238518
16.656815,0.061837,0.238568
16.656794,0.061934,0.238618
16.656775,0.061788,0.238668
16.656755,0.062080,0.238718
16.656733,0.062038,0.238768
16.656715,0.062012,0.238818
16.656693,0.062244,0.238868
16.656673,0.062270,0.238918
16.656651,0.062347,0.238968
16.656631,0.062393,0.239019
16.656610,0.062570,0.239069
16.656590,0.062573,0.239120
16.656567,0.062662,0.239170
16.656548,0.062697,0.239221
16.656525,0.062844,0.239271
16.656506,0.062854,0.239322
16.656487,0.062891,0.239373
16.656464,0.062902,0.239424
16.656441,0.063040,0.239474
16.656418,0.063029,0.239525
16.656399,0.063017,0.239576
16.656376,0.063118,0.239627
16.656357,0.063168,0.239678
16.656334,0.063208,0.239729
16.656311,0.063208,0.239780
16.656292,0.063124,0.239831
16.656269,0.063237,0.239882
16.656246,0.063237,0.239933
16.656223,0.063288,0.239984
16.656204,0.063216,0.240035
16.656181,0.063227,0.240086
16.656158,0.063176,0.240137
16.656139,0.063176,0.240188
16.656116,0.063217,0.240239
16.656097,0.063154,0.240290
16.656075,0.063176,0.240341
16.656052,0.063176,0.240391
16.656029,0.063228,0.240442
16.656010,0.063176,0.240493
16.655991,0.063176,0.240544
16.655968,0.063126,0.240595
16.655945,0.063126,0.240646
16.655922,0.063187,0.240697
16.655903,0.063187,0.240748
16.655882,0.063064,0.240799
16.655861,0.063125,0.240850
16.655838,0.063114,0.240901
16.655819,0.063064,0.240952
16.655796,0.063114,0.241002
16.655773,0.063074,0.241053
16.655750,0.063147,0.241104
16.655731,0.063135,0.241155
16.655708,0.063197,0.241206
16.655689,0.063147,0.241257
16.655666,0.063135,0.241308
16.655645,0.063084,0.241359
16.655624,0.063208,0.241410
16.655602,0.063158,0.241461
16.655579,0.063158,0.241512
16.655560,0.063123,0.241563
16.655540,0.063123,0.241614
16.655518,0.063145,0.241664
16.655495,0.063106,0.241715
16.655472,0.063095,0.241766
16.655453,0.063133,0.241817
16.655432,0.063072,0.241868
16.655411,0.063083,0.241919
16.655388,0.063094,0.241970
16.655369,0.063083,0.242021
16.655346,0.063083,0.242072
16.655323,0.063094,0.242122
16.655300,0.063083,0.242173
16.655281,0.063144,0.242224
16.655258,0.063071,0.242275
16.655239,0.063082,0.242326
16.655216,0.063105,0.242377
16.655195,0.063031,0.242428
16.655174,0.063132,0.242479
16.655153,0.063031,0.242529
16.655132,0.062992,0.242580
16.655109,0.062981,0.242631
16.655090,0.062958,0.242682
16.655067,0.063042,0.242733
16.655045,0.062992,0.242783
16.655022,0.063003,0.242834
16.655005,0.062969,0.242885
16.654982,0.062969,0.242936
16.654961,0.062907,0.242987
16.654942,0.062980,0.243037
16.654938,0.057409,0.243084
16.654915,0.060070,0.243132
16.654877,0.065996,0.243185
16.654827,0.073761,0.243245
16.654795,0.072963,0.243304
16.654760,0.072668,0.243362
16.654728,0.072311,0.243420
16.654697,0.071661,0.243478
16.654663,0.071021,0.243536
16.654640,0.069290,0.243591
16.654615,0.068587,0.243647
16.654587,0.067712,0.243701
16.654564,0.067042,0.243755
16.654537,0.066165,0.243809
16.654516,0.065640,0.243862
16.654495,0.064259,0.243914
16.654474,0.063852,0.243965
16.654453,0.063341,0.244016
16.654434,0.062945,0.244067
16.654411,0.062050,0.244117
16.654394,0.061648,0.244167
16.654377,0.061337,0.244216
16.654358,0.061127,0.244265
16.654341,0.060867,0.244314
16.654324,0.060764,0.244364
16.654308,0.060474,0.244412
16.654285,0.060519,0.244461
16.654270,0.060527,0.244510
16.654251,0.060558,0.244559
16.654234,0.060557,0.244608
16.654217,0.060579,0.244656
16.654198,0.060602,0.244705
16.654179,0.060734,0.244754
16.654160,0.060760,0.244803
16.654142,0.060865,0.244852
16.654125,0.060985,0.244902
16.654104,0.061115,0.244951
16.654087,0.061245,0.245000
16.654064,0.061348,0.245050
16.654049,0.061405,0.245099
16.654024,0.061534,0.245149
16.654007,0.061719,0.245199
16.653986,0.061781,0.245248
16.653967,0.061951,0.245298
16.653946,0.061992,0.245348
16.653927,0.062114,0.245398
16.653904,0.062269,0.245449
16.653885,0.062157,0.245499
16.653866,0.062281,0.245549
16.653843,0.062405,0.245599
16.653828,0.062454,0.245650
16.653803,0.062631,0.245700
16.653782,0.062581,0.245751
16.653761,0.062630,0.245801
16.653742,0.062741,0.245852
16.653719,0.062803,0.245902
16.653700,0.062803,0.245953
16.653677,0.062815,0.246004
16.653656,0.062902,0.246055
16.653633,0.062902,0.246105
16.653614,0.062951,0.246156
16.653591,0.062955,0.246207
16.653570,0.063017,0.246258
16.653549,0.063029,0.246308
16.653530,0.062952,0.246359
16.653507,0.063000,0.246410
16.653484,0.063060,0.246461
16.653465,0.063070,0.246512
16.653442,0.063168,0.246563
16.653423,0.063143,0.246614
16.653400,0.063118,0.246664
16.653378,0.063122,0.246715
16.653358,0.063029,0.246766
16.653337,0.063017,0.246817
16.653315,0.063001,0.246868
16.653294,0.062989,0.246919
16.653271,0.063014,0.246969
16.653252,0.063014,0.247020
16.653229,0.063002,0.247071
16.653206,0.063002,0.247122
16.653189,0.063002,0.247173
16.653166,0.063002,0.247224
16.653145,0.063036,0.247274
16.653122,0.063024,0.247325
16.653103,0.063108,0.247376
16.653080,0.063117,0.247427
16.653059,0.063014,0.247478
16.653038,0.063014,0.247529
16.653019,0.062887,0.247579
16.652996,0.062933,0.247630
16.652975,0.062881,0.247681
16.652952,0.062879,0.247731
16.652933,0.062891,0.247782
16.652912,0.062876,0.247833
16.652889,0.062925,0.247884
16.652870,0.062859,0.247934
16.652849,0.062845,0.247985
16.652828,0.062848,0.248036
16.652805,0.062796,0.248086
16.652786,0.062769,0.248137
16.652763,0.062780,0.248188
16.652742,0.062766,0.248238
16.652723,0.062777,0.248289
16.652702,0.062715,0.248339
16.652662,0.067839,0.248394
16.652628,0.070621,0.248451
16.652603,0.069142,0.248507
16.652580,0.066818,0.248561
16.652554,0.067100,0.248615
16.652529,0.066012,0.248668
16.652508,0.065415,0.248721
16.652481,0.064964,0.248773
16.652462,0.064513,0.248825
16.652439,0.064083,0.248877
16.652418,0.063751,0.248928
16.652397,0.063383,0.248979
16.652374,0.063163,0.249030
16.652355,0.063011,0.249081
16.652336,0.062570,0.249132
16.652317,0.062373,0.249182
16.652294,0.062220,0.249232
16.652275,0.062257,0.249282
16.652254,0.061901,0.249332
16.652237,0.061765,0.249382
16.652214,0.061811,0.249432
16.652197,0.061726,0.249482
16.652178,0.061752,0.249532
16.652159,0.061757,0.249581
16.652138,0.061690,0.249631
16.652119,0.061863,0.249681
16.652100,0.061854,0.249731
16.652077,0.061941,0.249781
16.652058,0.062192,0.249831
16.652039,0.062012,0.249881
16.652020,0.062155,0.249931
16.651997,0.062224,0.249981
16.651978,0.062258,0.250031
16.651955,0.062265,0.250082
16.651939,0.062397,0.250132
16.651915,0.062433,0.250182
16.651894,0.062568,0.250233
16.651875,0.062555,0.250283
16.651854,0.062616,0.250334
16.651833,0.062654,0.250384
16.651812,0.062754,0.250435
16.651791,0.062719,0.250485
16.651770,0.062882,0.250536
16.651749,0.062859,0.250587
16.651728,0.062899,0.250638
16.651707,0.062899,0.250688
16.651684,0.062961,0.250739
16.651665,0.062961,0.250790
16.651644,0.062939,0.250841
16.651621,0.063002,0.250891
16.651600,0.063002,0.250942
16.651579,0.062951,0.250993
16.651558,0.063053,0.251044
16.651535,0.063053,0.251095
16.651514,0.063053,0.251146
16.651493,0.063053,0.251196
16.651474,0.063012,0.251247
16.651451,0.063012,0.251298
16.651428,0.063012,0.251349
16.651409,0.063012,0.251400
16.651388,0.063012,0.251450
16.651367,0.063012,0.251501
16.651344,0.063012,0.251552
16.651325,0.063074,0.251603
16.651302,0.063023,0.251654
16.651281,0.063034,0.251705
16.651258,0.063034,0.251755
16.651237,0.063034,0.251806
16.651215,0.063084,0.251857
16.651196,0.063022,0.251908
16.651173,0.063022,0.251959
16.651154,0.063022,0.252010
16.651131,0.063095,0.252060
16.651110,0.063032,0.252111
16.651089,0.063095,0.252162
16.651068,0.063032,0.252213
16.651047,0.063094,0.252264
16.651024,0.063032,0.252315
16.651005,0.063020,0.252366
16.650982,0.063122,0.252416
16.650963,0.063144,0.252467
16.650940,0.063105,0.252518
16.650917,0.063082,0.252569
16.650900,0.063071,0.252620
16.650877,0.063031,0.252671
16.650856,0.063105,0.252722
16.650833,0.063031,0.252773
16.650814,0.063009,0.252823
16.650791,0.063093,0.252874
16.650768,0.063042,0.252925
16.650745,0.063042,0.252976
16.650726,0.063042,0.253027
16.650707,0.063042,0.253078
16.650684,0.062980,0.253128
16.650663,0.063031,0.253179
16.650642,0.062980,0.253230
16.650621,0.062992,0.253281
16.650599,0.063031,0.253332
16.650578,0.062969,0.253383
16.650555,0.063008,0.253433
16.650551,0.058204,0.253480
16.650528,0.060513,0.253529
16.650478,0.070260,0.253586
16.650438,0.073477,0.253645
16.650404,0.072869,0.253704
16.650373,0.072526,0.253762
16.650341,0.071971,0.253820
16.650311,0.071367,0.253878
16.650284,0.069794,0.253934
16.650253,0.069121,0.253990
16.650227,0.068333,0.254045
16.650206,0.066687,0.254099
16.650179,0.066753,0.254153
16.650158,0.065349,0.254205
16.650135,0.064656,0.254257
16.650112,0.064198,0.254309
16.650093,0.063007,0.254360
16.650076,0.062614,0.254410
16.650055,0.062224,0.254461
16.650038,0.061838,0.254511
16.650021,0.061165,0.254560
16.650002,0.061242,0.254609
16.649982,0.061096,0.254658
16.649963,0.060832,0.254708
16.649948,0.060573,0.254756
16.649927,0.060540,0.254805
16.649910,0.060474,0.254854
16.649895,0.060442,0.254903
16.649876,0.060404,0.254951
16.649857,0.060433,0.255000
16.649841,0.060486,0.255049
16.649822,0.060562,0.255098
16.649803,0.060698,0.255147
16.649786,0.060767,0.255196
16.649767,0.060905,0.255245
16.649748,0.060935,0.255294
16.649729,0.061004,0.255343
16.649712,0.061189,0.255393
16.649689,0.061320,0.255442
16.649673,0.061450,0.255492
16.649651,0.061472,0.255541
16.649635,0.061577,0.255591
16.649612,0.061620,0.255640
16.649593,0.061752,0.255690
16.649572,0.061927,0.255740
16.649551,0.062004,0.255790
16.649532,0.062089,0.255840
16.649513,0.062135,0.255890
16.649494,0.062289,0.255941
16.649471,0.062286,0.255991
16.649452,0.062395,0.256041
16.649429,0.062406,0.256091
16.649408,0.062517,0.256142
16.649389,0.062592,0.256192
16.649368,0.062628,0.256243
16.649345,0.062690,0.256293
16.649326,0.062740,0.256344
16.649305,0.062740,0.256395
16.649284,0.062790,0.256445
16.649265,0.062790,0.256496
16.649242,0.062807,0.256547
16.649221,0.062807,0.256597
16.649200,0.062793,0.256648
16.649179,0.062865,0.256699
16.649157,0.062919,0.256749
16.649137,0.062943,0.256800
16.649118,0.062936,0.256851
16.649096,0.062823,0.256902
16.649075,0.062877,0.256952
16.649052,0.062827,0.257003
16.649033,0.062809,0.257054
16.649010,0.062795,0.257104
16.648991,0.062669,0.257155
16.648970,0.062749,0.257205
16.648949,0.062724,0.257256
16.648928,0.062721,0.257306
16.648909,0.062695,0.257357
16.648888,0.062722,0.257408
16.648865,0.062692,0.257458
16.648846,0.062733,0.257509
16.648823,0.062715,0.257559
16.648804,0.062717,0.257610
16.648781,0.062729,0.257660
16.648762,0.062679,0.257711
16.648741,0.062728,0.257762
16.648718,0.062717,0.257812
16.648701,0.062604,0.257863
16.648678,0.062654,0.257913
16.648657,0.062716,0.257964
16.648636,0.062704,0.258014
16.648615,0.062704,0.258065
16.648594,0.062646,0.258115
16.648575,0.062696,0.258166
16.648554,0.062656,0.258217
16.648531,0.062653,0.258267
16.648514,0.062715,0.258318
16.648491,0.062753,0.258368
16.648470,0.062694,0.258419
16.648449,0.062718,0.258469
16.648428,0.062716,0.258520
16.648392,0.067612,0.258574
16.648365,0.068139,0.258629
16.648323,0.072145,0.258688
16.648300,0.068439,0.258743
16.648277,0.067519,0.258797
16.648251,0.066625,0.258851
16.648228,0.066107,0.258904
16.648205,0.065612,0.258957
16.648182,0.064456,0.259009
16.648163,0.064016,0.259061
16.648138,0.063721,0.259112
16.648117,0.063337,0.259163
16.648098,0.063115,0.259214
16.648077,0.062853,0.259265
16.648060,0.062568,0.259315
16.648037,0.062433,0.259366
16.648018,0.062150,0.259416
16.647997,0.061942,0.259466
16.647980,0.061831,0.259516
16.647959,0.061742,0.259565
16.647940,0.061720,0.259615
16.647921,0.061665,0.259665
16.647902,0.061736,0.259715
16.647881,0.061830,0.259764
16.647861,0.061955,0.259814
16.647842,0.061972,0.259864
16.647820,0.062222,0.259915
16.647802,0.062064,0.259965
16.647778,0.062266,0.260015
16.647758,0.062376,0.260065
16.647739,0.062347,0.260115
16.647717,0.062350,0.260166
16.647701,0.062481,0.260216
16.647676,0.062613,0.260267
16.647655,0.062593,0.260317
16.647635,0.062791,0.260368
16.647614,0.062890,0.260418
16.647593,0.062914,0.260469
16.647572,0.062964,0.260520
16.647552,0.062977,0.260571
16.647530,0.062966,0.260622
16.647507,0.063066,0.260672
16.647488,0.063055,0.260723
16.647465,0.063083,0.260774
16.647442,0.063083,0.260825
16.647423,0.063134,0.260876
16.647402,0.063061,0.260927
16.647381,0.063185,0.260978
16.647358,0.063236,0.261029
16.647335,0.063173,0.261080
16.647316,0.063152,0.261131
16.647293,0.063174,0.261181
16.647274,0.063174,0.261232
16.647251,0.063163,0.261283
16.647228,0.063152,0.261334
16.647209,0.063152,0.261385
16.647186,0.063102,0.261436
16.647167,0.063124,0.261487
16.647144,0.063174,0.261538
16.647121,0.063051,0.261589
16.647102,0.063062,0.261640
16.647079,0.063062,0.261690
16.647060,0.063011,0.261741
16.647038,0.063062,0.261792
16.647018,0.063062,0.261843
16.646996,0.063033,0.261894
16.646975,0.063022,0.261945
16.646952,0.063011,0.261995
16.646933,0.062921,0.262046
16.646912,0.062898,0.262097
16.646891,0.062909,0.262148
16.646872,0.062909,0.262198
16.646849,0.062982,0.262249
16.646828,0.062909,0.262300
16.646805,0.062847,0.262351
16.646786,0.062808,0.262401
16.646765,0.062869,0.262452
16.646742,0.062909,0.262503
16.646725,0.062858,0.262553
16.646702,0.062869,0.262604
16.646681,0.062919,0.262655
16.646658,0.062919,0.262706
16.646639,0.062919,0.262756
16.646618,0.062919,0.262807
16.646595,0.062880,0.262858
16.646574,0.062869,0.262908
16.646555,0.062807,0.262959
16.646534,0.062896,0.263010
16.646511,0.062908,0.263061
16.646492,0.062857,0.263111
16.646471,0.062857,0.263162
16.646448,0.062807,0.263213
16.646427,0.062857,0.263263
16.646406,0.062818,0.263314
16.646387,0.062835,0.263365
16.646364,0.062857,0.263415
16.646345,0.062795,0.263466
16.646324,0.062818,0.263517
16.646301,0.062818,0.263567
16.646280,0.062795,0.263618
16.646261,0.062818,0.263669
16.646240,0.062756,0.263719
16.646217,0.062756,0.263770
16.646198,0.062795,0.263820
16.646191,0.058249,0.263867
16.646172,0.059507,0.263915
16.646141,0.064212,0.263967
16.646095,0.071331,0.264025
16.646057,0.073182,0.264084
16.646027,0.072463,0.264142
16.645992,0.072161,0.264200
16.645960,0.071706,0.264258
16.645931,0.071220,0.264316
16.645901,0.070323,0.264372
16.645872,0.069569,0.264428
16.645847,0.067983,0.264483
16.645824,0.067173,0.264537
16.645802,0.066454,0.264591
16.645775,0.065691,0.264644
16.645752,0.065110,0.264697
16.645729,0.064475,0.264749
16.645710,0.063335,0.264800
16.645693,0.062828,0.264850
16.645672,0.062346,0.264901
16.645653,0.061961,0.264951
16.645634,0.061856,0.265000
16.645615,0.061071,0.265050
16.645597,0.060984,0.265099
16.645582,0.060779,0.265148
16.645561,0.061084,0.265197
16.645544,0.060595,0.265246
16.645527,0.060506,0.265295
16.645508,0.060888,0.265344
16.645493,0.060201,0.265392
16.645472,0.060821,0.265442
16.645458,0.060353,0.265490
16.645435,0.060394,0.265539
16.645416,0.060918,0.265588
16.645397,0.061378,0.265638
16.645378,0.061456,0.265687
16.645363,0.061479,0.265737
16.645340,0.061518,0.265786
16.645321,0.061710,0.265836
16.645300,0.061551,0.265886
16.645283,0.061623,0.265935
16.645262,0.061955,0.265985
16.645243,0.061727,0.266035
16.645224,0.061850,0.266085
16.645205,0.062022,0.266135
16.645184,0.061855,0.266185
16.645164,0.062086,0.266235
16.645142,0.062137,0.266285
16.645123,0.062170,0.266335
16.645103,0.062293,0.266385
16.645084,0.062355,0.266436
16.645061,0.062418,0.266486
16.645042,0.062434,0.266536
16.645020,0.062472,0.266587
16.645000,0.062546,0.266637
16.644978,0.062492,0.266688
16.644958,0.062491,0.266738
16.644939,0.062615,0.266788
16.644917,0.062566,0.266839
16.644897,0.062567,0.266889
16.644876,0.062764,0.266940
16.644855,0.062679,0.266991
16.644833,0.062886,0.267041
16.644812,0.062748,0.267092
16.644794,0.062663,0.267142
16.644772,0.062785,0.267193
16.644751,0.062693,0.267244
16.644730,0.062680,0.267294
16.644711,0.062604,0.267345
16.644688,0.062683,0.267395
16.644669,0.062669,0.267446
16.644648,0.062616,0.267496
16.644625,0.062715,0.267547
16.644608,0.062653,0.267597
16.644585,0.062653,0.267648
16.644564,0.062741,0.267698
16.644543,0.062803,0.267749
16.644524,0.062654,0.267800
16.644503,0.062827,0.267850
16.644480,0.062765,0.267901
16.644461,0.062765,0.267951
16.644438,0.062766,0.268002
16.644417,0.062817,0.268053
16.644398,0.062804,0.268103
16.644377,0.062706,0.268154
16.644356,0.062657,0.268204
16.644335,0.062719,0.268255
16.644314,0.062657,0.268306
16.644293,0.062793,0.268356
16.644274,0.062793,0.268407
16.644253,0.062704,0.268457
16.644230,0.062703,0.268508
16.644209,0.062717,0.268559
16.644190,0.062645,0.268609
16.644169,0.062594,0.268660
16.644146,0.062582,0.268710
16.644127,0.062639,0.268761
16.644108,0.062705,0.268811
16.644085,0.062586,0.268862
16.644051,0.067398,0.268916
16.644005,0.072278,0.268974
16.643986,0.068371,0.269029
16.643963,0.067163,0.269084
16.643940,0.066217,0.269137
16.643913,0.066489,0.269191
16.643890,0.065920,0.269244
16.643867,0.064797,0.269296
16.643845,0.064447,0.269348
16.643822,0.063994,0.269400
16.643803,0.063588,0.269451
16.643784,0.063022,0.269502
16.643763,0.062916,0.269552
16.643742,0.062674,0.269603
16.643719,0.062632,0.269653
16.643703,0.062370,0.269704
16.643681,0.062165,0.269754
16.643661,0.062096,0.269804
16.643642,0.062028,0.269854
16.643620,0.062007,0.269904
16.643604,0.062078,0.269954
16.643581,0.062344,0.270004
16.643562,0.062144,0.270054
16.643539,0.062177,0.270105
16.643520,0.062296,0.270155
16.643501,0.062228,0.270205
16.643478,0.062270,0.270255
16.643461,0.062523,0.270306
16.643438,0.062521,0.270356
16.643417,0.062556,0.270407
16.643400,0.062746,0.270457
16.643377,0.062716,0.270508
16.643356,0.062768,0.270558
16.643333,0.062747,0.270609
16.643314,0.062908,0.270660
16.643291,0.062917,0.270710
16.643269,0.062991,0.270761
16.643253,0.062953,0.270812
16.643230,0.063115,0.270863
16.643208,0.063104,0.270914
16.643185,0.063080,0.270965
16.643167,0.063044,0.271016
16.643147,0.063158,0.271067
16.643124,0.063084,0.271117
16.643101,0.063084,0.271168
16.643078,0.063185,0.271219
16.643059,0.063175,0.271270
16.643036,0.063225,0.271321
16.643017,0.063124,0.271372
16.642994,0.063174,0.271423
16.642975,0.063175,0.271474
16.642952,0.063153,0.271525
16.642929,0.063102,0.271576
16.642910,0.063041,0.271627
16.642891,0.063113,0.271678
16.642868,0.063102,0.271728
16.642845,0.063000,0.271779
16.642822,0.063062,0.271830
16.642803,0.063023,0.271881
16.642784,0.063000,0.271932
16.642761,0.063000,0.271983
16.642740,0.063011,0.272033
16.642719,0.062960,0.272084
16.642696,0.062909,0.272135
16.642673,0.062948,0.272186
16.642656,0.062948,0.272236
16.642637,0.062909,0.272287
16.642614,0.062971,0.272338
16.642593,0.062847,0.272389
16.642570,0.062909,0.272439
16.642551,0.062858,0.272490
16.642530,0.062797,0.272541
16.642508,0.062785,0.272591
16.642490,0.062785,0.272642
16.642467,0.062745,0.272693
16.642447,0.062796,0.272743
16.642426,0.062796,0.272794
16.642405,0.062683,0.272844
16.642385,0.062807,0.272895
16.642363,0.062706,0.272946
16.642344,0.062745,0.272996
16.642321,0.062734,0.273047
16.642300,0.062683,0.273097
16.642282,0.062694,0.273148
16.642260,0.062706,0.273198
16.642239,0.062655,0.273249
16.642218,0.062694,0.273300
16.642199,0.062621,0.273350
16.642178,0.062582,0.273401
16.642157,0.062621,0.273451
16.642136,0.062683,0.273502
16.642115,0.062560,0.273552
16.642096,0.062632,0.273603
16.642075,0.062632,0.273653
16.642052,0.062594,0.273704
16.642035,0.062571,0.273754
16.642012,0.062594,0.273804
16.641991,0.062571,0.273855
16.641972,0.062571,0.273905
16.641951,0.062571,0.273956
16.641930,0.062582,0.274006
16.641911,0.062521,0.274057
16.641890,0.062532,0.274107
16.641888,0.056201,0.274152
16.641876,0.056361,0.274198
16.641853,0.059350,0.274246
16.641804,0.069287,0.274302
16.641762,0.073259,0.274361
16.641729,0.072840,0.274419
16.641697,0.072430,0.274478
16.641666,0.071583,0.274536
16.641638,0.070893,0.274593
16.641609,0.070171,0.274649
16.641582,0.069422,0.274705
16.641552,0.068074,0.274760
16.641529,0.067330,0.274815
16.641506,0.066483,0.274868
16.641481,0.065877,0.274921
16.641460,0.065177,0.274974
16.641438,0.064657,0.275026
16.641415,0.064140,0.275078
16.641396,0.063629,0.275129
16.641373,0.063005,0.275180
16.641354,0.062782,0.275231
16.641335,0.062394,0.275281
16.641315,0.061561,0.275331
16.641298,0.061577,0.275380
16.641277,0.061483,0.275430
16.641262,0.061003,0.275479
16.641241,0.060903,0.275528
16.641224,0.060986,0.275577
16.641205,0.061062,0.275626
16.641188,0.061047,0.275676
16.641171,0.061032,0.275725
16.641151,0.061224,0.275774
16.641132,0.060739,0.275823
16.641115,0.060926,0.275872
16.641094,0.061323,0.275922
16.641075,0.061521,0.275972
16.641056,0.061105,0.276021
16.641037,0.061244,0.276070
16.641018,0.061627,0.276120
16.640999,0.061427,0.276169
16.640980,0.061522,0.276219
16.640959,0.061827,0.276269
16.640942,0.061838,0.276319
16.640919,0.062023,0.276369
16.640900,0.062072,0.276419
16.640881,0.062283,0.276469
16.640860,0.061921,0.276519
16.640839,0.062120,0.276569
16.640820,0.062257,0.276619
16.640800,0.062367,0.276670
16.640781,0.062282,0.276720
16.640759,0.062394,0.276770
16.640739,0.062473,0.276821
16.640717,0.062522,0.276871
16.640697,0.062496,0.276921
16.640675,0.062508,0.276972
16.640656,0.062566,0.277022
16.640635,0.062553,0.277073
16.640614,0.062603,0.277123
16.640593,0.062678,0.277174
16.640572,0.062628,0.277224
16.640553,0.062678,0.277275
16.640532,0.062578,0.277325
16.640507,0.062928,0.277376
16.640490,0.062878,0.277427
16.640469,0.062794,0.277477
16.640448,0.062814,0.277528
16.640429,0.062785,0.277579
16.640406,0.062706,0.277629
16.640385,0.062966,0.277680
16.640362,0.062891,0.277731
16.640345,0.062790,0.277781
16.640324,0.062678,0.277832
16.640301,0.062853,0.277883
16.640282,0.062741,0.277933
16.640259,0.062630,0.277984
16.640238,0.062866,0.278034
16.640219,0.062878,0.278085
16.640198,0.062804,0.278136
16.640177,0.062886,0.278186
16.640154,0.062662,0.278237
16.640135,0.062612,0.278287
16.640116,0.062561,0.278338
16.640093,0.062767,0.278389
16.640074,0.062717,0.278439
16.640051,0.062716,0.278490
16.640030,0.062997,0.278540
16.640007,0.062972,0.278591
16.639990,0.062668,0.278642
16.639969,0.062729,0.278692
16.639946,0.062816,0.278743
16.639927,0.062644,0.278794
16.639906,0.062632,0.278844
16.639885,0.062570,0.278895
16.639866,0.062843,0.278945
16.639843,0.062830,0.278996
16.639822,0.062605,0.279046
16.639801,0.063043,0.279097
16.639780,0.062876,0.279148
16.639761,0.062858,0.279199
16.639738,0.062694,0.279249
16.639719,0.062818,0.279300
16.639698,0.062656,0.279350
16.639675,0.062976,0.279401
16.639656,0.062900,0.279452
16.639633,0.062884,0.279503
16.639614,0.062745,0.279553
16.639582,0.066814,0.279607
16.639545,0.069182,0.279663
16.639515,0.070207,0.279719
16.639492,0.067535,0.279774
16.639465,0.066997,0.279828
16.639441,0.066542,0.279882
16.639420,0.065443,0.279934
16.639397,0.064908,0.279987
16.639378,0.064391,0.280039
16.639351,0.064023,0.280090
16.639332,0.063803,0.280142
16.639313,0.063434,0.280193
16.639290,0.062963,0.280244
16.639271,0.062788,0.280294
16.639250,0.062727,0.280345
16.639229,0.062454,0.280395
16.639210,0.062253,0.280445
16.639187,0.062299,0.280496
16.639172,0.062028,0.280546
16.639149,0.061962,0.280596
16.639130,0.062050,0.280646
16.639112,0.061988,0.280696
16.639090,0.061911,0.280746
16.639072,0.061961,0.280796
16.639050,0.062170,0.280846
16.639030,0.062113,0.280896
16.639011,0.062170,0.280946
16.638992,0.062228,0.280996
16.638969,0.062271,0.281046
16.638950,0.062428,0.281097
16.638931,0.062538,0.281147
16.638908,0.062543,0.281198
16.638887,0.062527,0.281248
16.638868,0.062581,0.281298
16.638847,0.062776,0.281349
16.638824,0.062846,0.281400
16.638805,0.062856,0.281450
16.638784,0.062879,0.281501
16.638763,0.062979,0.281552
16.638741,0.062979,0.281603
16.638721,0.062917,0.281654
16.638699,0.063017,0.281704
16.638676,0.062943,0.281755
16.638657,0.062920,0.281806
16.638638,0.062970,0.281857
16.638615,0.062970,0.281907
16.638594,0.063021,0.281958
16.638571,0.062998,0.282009
16.638550,0.063060,0.282060
16.638531,0.063049,0.282111
16.638508,0.063060,0.282162
16.638489,0.062998,0.282212
16.638466,0.062998,0.282263
16.638447,0.062987,0.282314
16.638426,0.062976,0.282365
16.638403,0.062998,0.282416
16.638382,0.062936,0.282466
16.638363,0.062936,0.282517
16.638340,0.062936,0.282568
16.638321,0.062947,0.282619
16.638298,0.062885,0.282669
16.638279,0.062823,0.282720
16.638258,0.062896,0.282771
16.638237,0.062885,0.282821
16.638216,0.062834,0.282872
16.638193,0.062845,0.282923
16.638174,0.062784,0.282973
16.638153,0.062784,0.283024
16.638132,0.062784,0.283075
16.638111,0.062784,0.283125
16.638090,0.062795,0.283176
16.638069,0.062706,0.283227
16.638048,0.062806,0.283277
16.638029,0.062694,0.283328
16.638008,0.062672,0.283378
16.637987,0.062672,0.283429
16.637966,0.062694,0.283479
16.637945,0.062644,0.283530
16.637924,0.062694,0.283581
16.637905,0.062622,0.283631
16.637884,0.062622,0.283682
16.637861,0.062571,0.283732
16.637844,0.062633,0.283783
16.637821,0.062633,0.283833
16.637800,0.062633,0.283884
16.637783,0.062571,0.283934
16.637760,0.062633,0.283985
16.637739,0.062656,0.284035
16.637716,0.062645,0.284086
16.637697,0.062633,0.284136
16.637678,0.062633,0.284187
16.637655,0.062633,0.284237
16.637636,0.062583,0.284288
16.637615,0.062606,0.284338
16.637594,0.062583,0.284389
16.637575,0.062572,0.284439
16.637552,0.062595,0.284489
16.637531,0.062623,0.284540
16.637514,0.062572,0.284590
16.637491,0.062572,0.284641
16.637470,0.062595,0.284691
16.637451,0.062595,0.284742
16.637430,0.062572,0.284792
16.637409,0.062595,0.284843
16.637388,0.062572,0.284893
16.637369,0.062572,0.284944
16.637356,0.060249,0.284992
16.637321,0.065148,0.285045
16.637276,0.071911,0.285103
16.637241,0.072523,0.285161
16.637207,0.071977,0.285219
16.637178,0.071560,0.285277
16.637150,0.071188,0.285334
16.637123,0.069498,0.285391
16.637094,0.068568,0.285446
16.637070,0.067709,0.285500
16.637043,0.067304,0.285555
16.637020,0.066341,0.285608
16.636997,0.065107,0.285661
16.636974,0.064645,0.285713
16.636955,0.064016,0.285764
16.636936,0.063449,0.285816
16.636913,0.063053,0.285866
16.636894,0.062157,0.285917
16.636877,0.061823,0.285966
16.636858,0.061613,0.286016
16.636841,0.061124,0.286065
16.636822,0.060969,0.286115
16.636803,0.060984,0.286164
16.636784,0.061017,0.286213
16.636768,0.060612,0.286262
16.636749,0.060607,0.286311
16.636730,0.060939,0.286360
16.636713,0.060652,0.286409
16.636696,0.060886,0.286458
16.636679,0.061029,0.286507
16.636658,0.060808,0.286556
16.636639,0.060994,0.286605
16.636623,0.061057,0.286655
16.636600,0.061417,0.286704
16.636585,0.061145,0.286753
16.636562,0.061357,0.286803
16.636545,0.061689,0.286853
16.636524,0.061511,0.286902
16.636505,0.061694,0.286952
16.636486,0.061766,0.287002
16.636467,0.061802,0.287052
16.636446,0.061875,0.287101
16.636429,0.062208,0.287152
16.636406,0.062208,0.287202
16.636387,0.062158,0.287252
16.636368,0.062282,0.287302
16.636345,0.062282,0.287352
16.636326,0.062406,0.287403
16.636303,0.062480,0.287453
16.636282,0.062604,0.287504
16.636265,0.062604,0.287554
16.636242,0.062542,0.287604
16.636221,0.062716,0.287655
16.636202,0.062653,0.287706
16.636179,0.062765,0.287756
16.636160,0.062765,0.287807
16.636139,0.062827,0.287857
16.636118,0.062777,0.287908
16.636097,0.062852,0.287959
16.636074,0.062852,0.288009
16.636055,0.062852,0.288060
16.636034,0.062802,0.288111
16.636013,0.062777,0.288161
16.635994,0.062789,0.288212
16.635971,0.062815,0.288263
16.635950,0.062815,0.288313
16.635931,0.062827,0.288364
16.635908,0.062979,0.288415
16.635889,0.062880,0.288465
16.635866,0.062927,0.288516
16.635845,0.062901,0.288567
16.635826,0.062877,0.288618
16.635803,0.062765,0.288668
16.635782,0.062939,0.288719
16.635763,0.062827,0.288770
16.635740,0.062815,0.288820
16.635721,0.062852,0.288871
16.635700,0.062839,0.288922
16.635679,0.062828,0.288972
16.635658,0.062765,0.289023
16.635637,0.062840,0.289074
16.635616,0.062728,0.289124
16.635597,0.062728,0.289175
16.635574,0.062654,0.289225
16.635555,0.062754,0.289276
16.635532,0.062693,0.289326
16.635511,0.062607,0.289377
16.635494,0.062755,0.289428
16.635471,0.062632,0.289478
16.635450,0.062582,0.289529
16.635431,0.062570,0.289579
16.635410,0.062693,0.289630
16.635389,0.062643,0.289680
16.635368,0.062693,0.289731
16.635347,0.062620,0.289781
16.635328,0.062571,0.289832
16.635307,0.062558,0.289882
16.635273,0.067255,0.289936
16.635237,0.069416,0.289992
16.635214,0.067728,0.290047
16.635193,0.066383,0.290100
16.635168,0.065603,0.290153
16.635143,0.065300,0.290206
16.635124,0.064362,0.290258
16.635101,0.063864,0.290309
16.635080,0.063586,0.290361
16.635059,0.063048,0.290411
16.635040,0.062823,0.290462
16.635019,0.062814,0.290513
16.635002,0.062340,0.290563
16.634979,0.062276,0.290613
16.634960,0.062257,0.290663
16.634941,0.062148,0.290714
16.634922,0.062218,0.290764
16.634901,0.061976,0.290814
16.634880,0.061979,0.290864
16.634861,0.062030,0.290914
16.634844,0.061932,0.290964
16.634819,0.062162,0.291014
16.634800,0.062197,0.291064
16.634781,0.062144,0.291114
16.634762,0.062377,0.291164
16.634743,0.062373,0.291215
16.634718,0.062499,0.291265
16.634699,0.062466,0.291316
16.634680,0.062531,0.291366
16.634657,0.062612,0.291416
16.634636,0.062729,0.291467
16.634617,0.062757,0.291518
16.634596,0.062793,0.291568
16.634575,0.062780,0.291619
16.634552,0.062928,0.291670
16.634533,0.062940,0.291720
16.634510,0.062978,0.291771
16.634489,0.062966,0.291822
16.634468,0.063078,0.291873
16.634449,0.063067,0.291924
16.634426,0.063044,0.291975
16.634403,0.063083,0.292025
16.634380,0.063135,0.292076
16.634361,0.063011,0.292127
16.634342,0.063074,0.292178
16.634319,0.063114,0.292229
16.634296,0.063053,0.292280
16.634279,0.063053,0.292331
16.634254,0.063126,0.292381
16.634235,0.063065,0.292432
16.634212,0.063054,0.292483
16.634193,0.063043,0.292534
16.634174,0.063116,0.292585
16.634151,0.062993,0.292636
16.634129,0.063015,0.292687
16.634111,0.063044,0.292737
16.634089,0.062993,0.292788
16.634068,0.063066,0.292839
16.634045,0.063066,0.292890
16.634026,0.062965,0.292941
16.634003,0.063015,0.292992
16.633980,0.063028,0.293042
16.633961,0.063016,0.293093
16.633942,0.062965,0.293144
16.633919,0.062965,0.293195
16.633896,0.062902,0.293246
16.633877,0.062976,0.293296
16.633854,0.062976,0.293347
16.633835,0.062914,0.293398
16.633816,0.062902,0.293449
16.633795,0.062874,0.293499
16.633774,0.062863,0.293550
16.633751,0.062863,0.293601
16.633730,0.062800,0.293651
16.633711,0.062873,0.293702
16.633688,0.062873,0.293753
16.633667,0.062810,0.293803
16.633650,0.062799,0.293854
16.633627,0.062749,0.293905
16.633606,0.062737,0.293955
16.633583,0.062737,0.294006
16.633564,0.062760,0.294056
16.633545,0.062760,0.294107
16.633522,0.062760,0.294158
16.633503,0.062737,0.294208
16.633482,0.062770,0.294259
16.633459,0.062747,0.294309
16.633440,0.062674,0.294360
16.633421,0.062634,0.294410
16.633398,0.062696,0.294461
16.633379,0.062684,0.294512
16.633356,0.062623,0.294562
16.633337,0.062645,0.294613
16.633318,0.062668,0.294663
16.633295,0.062572,0.294714
16.633274,0.062595,0.294764
16.633257,0.062560,0.294815
16.633234,0.062560,0.294865
16.633213,0.062594,0.294915
16.633194,0.062594,0.294966
16.633173,0.062571,0.295016
16.633152,0.062549,0.295067
16.633131,0.062510,0.295117
16.633110,0.062459,0.295168
16.633091,0.062482,0.295218
16.633072,0.062409,0.295268
16.633049,0.062448,0.295319
16.633030,0.062521,0.295369
16.633009,0.062521,0.295420
16.632988,0.062482,0.295470
16.632967,0.062459,0.295520
16.632950,0.062470,0.295571
16.632927,0.062532,0.295621
16.632908,0.062409,0.295672
16.632887,0.062471,0.295722
16.632866,0.062482,0.295772
16.632845,0.062471,0.295823
16.632828,0.062421,0.295873
16.632805,0.062421,0.295923
16.632786,0.062433,0.295974
16.632765,0.062410,0.296024
16.632742,0.062433,0.296074
16.632725,0.062410,0.296125
16.632706,0.062410,0.296175
16.632683,0.062471,0.296225
16.632664,0.062399,0.296276
16.632643,0.062471,0.296326
16.632622,0.062383,0.296376
16.632601,0.062422,0.296427
16.632584,0.062422,0.296477
16.632580,0.056900,0.296523
16.632545,0.063107,0.296574
16.632500,0.070629,0.296631
16.632473,0.069597,0.296687
16.632446,0.069051,0.296743
16.632416,0.068858,0.296798
16.632389,0.067980,0.296853
16.632364,0.067514,0.296907
16.632339,0.066906,0.296961
16.632313,0.066399,0.297015
16.632292,0.065462,0.297068
16.632271,0.064795,0.297120
16.632248,0.064387,0.297172
16.632227,0.063940,0.297223
16.632206,0.063542,0.297275
16.632185,0.062753,0.297325
16.632168,0.062480,0.297376
16.632149,0.062293,0.297426
16.632126,0.062034,0.297476
16.632109,0.061728,0.297526
16.632088,0.061418,0.297575
16.632072,0.061431,0.297625
16.632053,0.061228,0.297674
16.632034,0.061156,0.297723
16.632015,0.061254,0.297773
16.631996,0.061273,0.297822
16.631977,0.061122,0.297872
16.631962,0.061159,0.297921
16.631939,0.061200,0.297970
16.631924,0.061291,0.298020
16.631905,0.061318,0.298069
16.631882,0.061303,0.298119
16.631863,0.061452,0.298168
16.631845,0.061510,0.298218
16.631824,0.061640,0.298267
16.631807,0.061711,0.298317
16.631784,0.061881,0.298367
16.631767,0.061914,0.298417
16.631746,0.061998,0.298467
16.631725,0.062109,0.298517
16.631706,0.062148,0.298567
16.631687,0.062271,0.298618
16.631664,0.062294,0.298668
16.631645,0.062271,0.298718
16.631626,0.062344,0.298768
16.631603,0.062357,0.298819
16.631582,0.062443,0.298869
16.631563,0.062430,0.298919
16.631542,0.062543,0.298970
16.631521,0.062543,0.299020
16.631502,0.062566,0.299071
16.631481,0.062616,0.299121
16.631460,0.062605,0.299172
16.631439,0.062570,0.299222
16.631418,0.062570,0.299272
16.631399,0.062642,0.299323
16.631378,0.062604,0.299373
16.631348,0.065893,0.299427
16.631323,0.065493,0.299479
16.631302,0.064502,0.299531
16.631283,0.063439,0.299583
16.631264,0.063225,0.299634
16.631241,0.063202,0.299684
16.631220,0.062633,0.299735
16.631201,0.062572,0.299785
16.631180,0.062443,0.299836
16.631161,0.062260,0.299886
16.631142,0.062262,0.299936
16.631119,0.062186,0.299986
16.631104,0.062154,0.300037
16.631081,0.062031,0.300087
16.631062,0.061999,0.300137
16.631042,0.061945,0.300187
16.631020,0.062125,0.300237
16.631001,0.061896,0.300287
16.630981,0.061953,0.300337
16.630962,0.061943,0.300386
16.630943,0.061962,0.300436
16.630920,0.062050,0.300486
16.630901,0.062045,0.300537
16.630882,0.062064,0.300587
16.630863,0.062089,0.300637
16.630840,0.062326,0.300687
16.630825,0.062176,0.300737
16.630802,0.062181,0.300787
16.630783,0.062366,0.300837
16.630762,0.062397,0.300888
16.630741,0.062353,0.300938
16.630722,0.062386,0.300988
16.630699,0.062406,0.301039
16.630680,0.062489,0.301089
16.630661,0.062524,0.301140
16.630638,0.062572,0.301190
16.630617,0.062609,0.301240
16.630598,0.062636,0.301291
16.630575,0.062634,0.301342
16.630554,0.062611,0.301392
16.630537,0.062713,0.301443
16.630514,0.062703,0.301493
16.630493,0.062702,0.301544
16.630472,0.062755,0.301594
16.630451,0.062744,0.301645
16.630430,0.062806,0.301696
16.630409,0.062746,0.301746
16.630390,0.062808,0.301797
16.630369,0.062736,0.301847
16.630348,0.062838,0.301898
16.630327,0.062726,0.301949
16.630306,0.062811,0.301999
16.630283,0.062811,0.302050
16.630262,0.062789,0.302101
16.630243,0.062777,0.302151
16.630222,0.062789,0.302202
16.630201,0.062789,0.302253
16.630182,0.062799,0.302303
16.630159,0.062799,0.302354
16.630138,0.062799,0.302404
16.630117,0.062748,0.302455
16.630096,0.062759,0.302506
16.630075,0.062808,0.302556
16.630054,0.062757,0.302607
16.630035,0.062831,0.302658
16.630014,0.062674,0.302708
16.629993,0.062784,0.302759
16.629972,0.062746,0.302809
16.629951,0.062706,0.302860
16.629930,0.062715,0.302911
16.629910,0.062693,0.302961
16.629890,0.062753,0.303012
16.629868,0.062753,0.303062
16.629847,0.062640,0.303113
16.629827,0.062763,0.303163
16.629805,0.062712,0.303214
16.629784,0.062711,0.303265
16.629766,0.062637,0.303315
16.629744,0.062666,0.303366
16.629723,0.062626,0.303416
16.629704,0.062626,0.303467
16.629681,0.062649,0.303517
16.629660,0.062636,0.303568
16.629642,0.062709,0.303618
16.629620,0.062596,0.303669
16.629599,0.062596,0.303719
16.629580,0.062584,0.303770
16.629557,0.062584,0.303820
16.629538,0.062645,0.303871
16.629519,0.062595,0.303921
16.629496,0.062572,0.303972
16.629475,0.062633,0.304022
16.629456,0.062633,0.304073
16.629435,0.062656,0.304123
16.629414,0.062633,0.304174
16.629393,0.062644,0.304224
16.629372,0.062644,0.304275
16.629351,0.062644,0.304325
16.629332,0.062610,0.304376
16.629311,0.062632,0.304426
16.629290,0.062655,0.304477
16.629269,0.062594,0.304527
16.629248,0.062621,0.304578
16.629227,0.062644,0.304628
16.629206,0.062644,0.304679
16.629187,0.062722,0.304729
16.629166,0.062733,0.304780
16.629143,0.062694,0.304831
16.629124,0.062694,0.304881
16.629103,0.062745,0.304932
16.629080,0.062745,0.304982
16.629063,0.062695,0.305033
16.629042,0.062695,0.305083
16.629019,0.062757,0.305134
16.629000,0.062734,0.305185
16.628979,0.062707,0.305235
16.628956,0.062830,0.305286
16.628935,0.062769,0.305337
16.628916,0.062707,0.305387
16.628895,0.062746,0.305438
16.628874,0.062757,0.305488
16.628855,0.062757,0.305539
16.628832,0.062757,0.305590
16.628811,0.062746,0.305640
16.628792,0.062796,0.305691
16.628769,0.062781,0.305741
16.628748,0.062819,0.305792
16.628725,0.062781,0.305843
16.628708,0.062685,0.305893
16.628687,0.062809,0.305944
16.628664,0.062809,0.305995
16.628645,0.062685,0.306045
16.628624,0.062736,0.306096
16.628601,0.062809,0.306146
16.628582,0.062747,0.306197
16.628561,0.062759,0.306248
16.628540,0.062747,0.306298
16.628519,0.062759,0.306349
16.628500,0.062720,0.306399
16.628477,0.062821,0.306450
16.628456,0.062821,0.306501
16.628437,0.062697,0.306551
16.628414,0.062844,0.306602
16.628393,0.062747,0.306653
16.628374,0.062759,0.306703
16.628351,0.062776,0.306754
16.628332,0.062798,0.306804
16.628311,0.062675,0.306855
16.628290,0.062697,0.306906
16.628269,0.062736,0.306956
16.628248,0.062821,0.307007
16.628227,0.062720,0.307057
16.628206,0.062821,0.307108
16.628185,0.062747,0.307159
16.628166,0.062697,0.307209
16.628145,0.062770,0.307260
16.628124,0.062782,0.307311
16.628101,0.062736,0.307361
16.628082,0.062685,0.307412
16.628061,0.062747,0.307462
16.628038,0.062747,0.307513
16.628019,0.062725,0.307563
16.628000,0.062708,0.307614
16.627977,0.062669,0.307665
16.627958,0.062708,0.307715
16.627937,0.062623,0.307766
16.627914,0.062612,0.307816
16.627895,0.062634,0.307867
16.627874,0.062657,0.307917
16.627853,0.062669,0.307968
16.627834,0.062646,0.308018
16.627813,0.062657,0.308069
16.627790,0.062657,0.308119
16.627771,0.062573,0.308170
16.627752,0.062573,0.308220
16.627729,0.062561,0.308271
16.627710,0.062645,0.308321
16.627687,0.062583,0.308372
16.627666,0.062583,0.308422
16.627647,0.062583,0.308473
16.627626,0.062606,0.308523
16.627605,0.062583,0.308574
16.627586,0.062460,0.308624
16.627563,0.062583,0.308675
16.627542,0.062606,0.308725
16.627525,0.062510,0.308775
16.627502,0.062510,0.308826
16.627483,0.062460,0.308876
16.627462,0.062533,0.308927
16.627441,0.062544,0.308977
16.627420,0.062471,0.309027
16.627401,0.062544,0.309078
16.627378,0.062544,0.309128
16.627361,0.062471,0.309179
16.627340,0.062521,0.309229
16.627317,0.062459,0.309279
16.627296,0.062505,0.309330
16.627277,0.062505,0.309380
16.627258,0.062471,0.309431
16.627235,0.062471,0.309481
16.627216,0.062432,0.309531
16.627193,0.062505,0.309582
16.627176,0.062432,0.309632
16.627155,0.062459,0.309682
16.627132,0.062409,0.309733
16.627113,0.062420,0.309783
16.627094,0.062409,0.309833
16.627071,0.062448,0.309884
16.627052,0.062470,0.309934
16.627033,0.062420,0.309985
16.627010,0.062398,0.310035
16.626991,0.062359,0.310085
16.626972,0.062382,0.310135
16.626953,0.062320,0.310186
16.626930,0.062405,0.310236
16.626911,0.062359,0.310286
16.626892,0.062336,0.310337
16.626869,0.062336,0.310387
16.626850,0.062347,0.310437
16.626827,0.062432,0.310487
16.626808,0.062286,0.310538
16.626789,0.062348,0.310588
16.626766,0.062309,0.310638
16.626747,0.062286,0.310688
16.626728,0.062309,0.310739
16.626705,0.062359,0.310789
16.626690,0.062309,0.310839
16.626667,0.062332,0.310889
16.626644,0.062309,0.310940
16.626629,0.062359,0.310990
16.626606,0.062359,0.311040
16.626583,0.062359,0.311090
16.626564,0.062348,0.311141
16.626545,0.062359,0.311191
16.626526,0.062432,0.311241
16.626503,0.062370,0.311292
16.626484,0.062370,0.311342
16.626463,0.062359,0.311392
16.626442,0.062359,0.311443
16.626423,0.062325,0.311493
16.626404,0.062336,0.311543
16.626381,0.062336,0.311593
16.626362,0.062370,0.311644
16.626339,0.062420,0.311694
16.626320,0.062348,0.311744
16.626301,0.062398,0.311795
16.626278,0.062382,0.311845
16.626259,0.062420,0.311895
16.626240,0.062443,0.311946
16.626217,0.062398,0.311996
16.626198,0.062359,0.312046
16.626179,0.062370,0.312097
16.626156,0.062382,0.312147
16.626137,0.062359,0.312197
16.626118,0.062398,0.312247
16.626095,0.062459,0.312298
16.626076,0.062370,0.312348
16.626057,0.062398,0.312398
16.626034,0.062359,0.312449
16.626015,0.062320,0.312499
16.625996,0.062359,0.312549
16.625973,0.062336,0.312599
16.625954,0.062336,0.312650
16.625935,0.062370,0.312700
16.625912,0.062309,0.312750
16.625893,0.062382,0.312801
16.625874,0.062247,0.312851
16.625851,0.062370,0.312901
16.625832,0.062297,0.312951
16.625813,0.062309,0.313002
16.625790,0.062275,0.313052
16.625771,0.062336,0.313102
16.625751,0.062286,0.313152
16.625729,0.062309,0.313203
16.625710,0.062320,0.313253
16.625690,0.062332,0.313303
16.625668,0.062236,0.313353
16.625648,0.062309,0.313403
16.625629,0.062286,0.313454
16.625610,0.062247,0.313504
16.625587,0.062332,0.313554
16.625568,0.062309,0.313604
16.625546,0.062309,0.313655
16.625526,0.062359,0.313705
16.625507,0.062286,0.313755
16.625484,0.062359,0.313805
16.625465,0.062309,0.313856
16.625446,0.062309,0.313906
16.625423,0.062286,0.313956
16.625404,0.062286,0.314006
16.625385,0.062309,0.314057
16.625362,0.062332,0.314107
16.625343,0.062332,0.314157
16.625324,0.062347,0.314207
16.625301,0.062309,0.314258
16.625282,0.062309,0.314308
16.625263,0.062359,0.314358
16.625242,0.062347,0.314408
16.625221,0.062370,0.314459
16.625200,0.062432,0.314509
16.625179,0.062370,0.314559
16.625160,0.062409,0.314610
16.625141,0.062347,0.314660
16.625118,0.062409,0.314710
16.625097,0.062432,0.314761
16.625080,0.062382,0.314811
16.625057,0.062359,0.314861
16.625038,0.062432,0.314912
16.625019,0.062459,0.314962
16.624996,0.062459,0.315012
16.624975,0.062432,0.315063
16.624956,0.062409,0.315113
16.624933,0.062432,0.315163
16.624912,0.062370,0.315214
16.624897,0.062409,0.315264
16.624874,0.062398,0.315314
16.624853,0.062420,0.315365
16.624832,0.062420,0.315415
16.624813,0.062336,0.315465
16.624794,0.062359,0.315516
16.624771,0.062398,0.315566
16.624752,0.062320,0.315616
16.624729,0.062420,0.315666
16.624710,0.062320,0.315717
16.624691,0.062275,0.315767
16.624668,0.062347,0.315817
16.624649,0.062348,0.315867
16.624630,0.062398,0.315918
16.624607,0.062370,0.315968
16.624586,0.062370,0.316018
16.624569,0.062297,0.316069
16.624546,0.062348,0.316119
16.624527,0.062370,0.316169
16.624508,0.062420,0.316220
16.624485,0.062370,0.316270
16.624466,0.062343,0.316320
16.624447,0.062320,0.316370
16.624424,0.062297,0.316421
16.624405,0.062286,0.316471
16.624386,0.062259,0.316521
16.624363,0.062270,0.316571
16.624344,0.062247,0.316621
16.624325,0.062236,0.316672
16.624302,0.062214,0.316722
16.624283,0.062297,0.316772
16.624264,0.062270,0.316822
16.624241,0.062320,0.316873
16.624222,0.062225,0.316923
16.624203,0.062236,0.316973
16.624180,0.062247,0.317023
16.624161,0.062247,0.317073
16.624142,0.062197,0.317123
16.624119,0.062282,0.317174
16.624100,0.062247,0.317224
16.624081,0.062259,0.317274
16.624062,0.062214,0.317324
16.624039,0.062236,0.317374
16.624020,0.062197,0.317425
16.624001,0.062270,0.317475
16.623978,0.062186,0.317525
16.623959,0.062247,0.317575
16.623940,0.062186,0.317625
16.623917,0.062236,0.317676
16.623898,0.062186,0.317726
16.623878,0.062186,0.317776
16.623859,0.062136,0.317826
16.623837,0.062247,0.317876
16.623817,0.062175,0.317926
16.623798,0.062197,0.317976
16.623775,0.062220,0.318027
16.623756,0.062197,0.318077
16.623737,0.062175,0.318127
16.623714,0.062186,0.318177
16.623695,0.062220,0.318227
16.623672,0.062209,0.318277
16.623657,0.062247,0.318328
16.623634,0.062186,0.318378
16.623611,0.062186,0.318428
16.623596,0.062175,0.318478
16.623573,0.062186,0.318528
16.623554,0.062247,0.318578
16.623535,0.062247,0.318629
16.623512,0.062270,0.318679
16.623493,0.062259,0.318729
16.623470,0.062297,0.318779
16.623455,0.062297,0.318829
16.623432,0.062297,0.318880
16.623409,0.062297,0.318930
16.623390,0.062297,0.318980
16.623371,0.062297,0.319030
16.623352,0.062297,0.319081
16.623329,0.062320,0.319131
16.623310,0.062320,0.319181
16.623289,0.062348,0.319231
16.623268,0.062409,0.319282
16.623249,0.062398,0.319332
16.623226,0.062459,0.319382
16.623205,0.062493,0.319433
16.623188,0.062505,0.319483
16.623165,0.062532,0.319534
16.623144,0.062521,0.319584
16.623125,0.062571,0.319635
16.623102,0.062594,0.319685
16.623081,0.062594,0.319736
16.623062,0.062571,0.319786
16.623041,0.062621,0.319836
16.623018,0.062644,0.319887
16.622999,0.062621,0.319938
16.622978,0.062582,0.319988
16.622957,0.062582,0.320038
16.622938,0.062717,0.320089
16.622917,0.062667,0.320140
16.622894,0.062683,0.320190
16.622873,0.062683,0.320241
16.622854,0.062767,0.320291
16.622831,0.062767,0.320342
16.622810,0.062829,0.320393
16.622791,0.062806,0.320443
16.622768,0.062857,0.320494
16.622747,0.062806,0.320545
16.622726,0.062857,0.320595
16.622707,0.062907,0.320646
16.622681,0.062930,0.320697
16.622662,0.062992,0.320748
16.622643,0.063031,0.320798
16.622620,0.063093,0.320849
16.622597,0.063143,0.320900
16.622578,0.063205,0.320951
16.622551,0.063318,0.321002
16.622532,0.063318,0.321053
16.622513,0.063291,0.321104
16.622488,0.063442,0.321155
16.622465,0.063442,0.321207
16.622444,0.063645,0.321258
16.622421,0.063719,0.321309
16.622400,0.063934,0.321361
16.622375,0.064378,0.321413
16.622353,0.064338,0.321465
16.622330,0.064361,0.321517
16.622303,0.065013,0.321569
16.622280,0.065358,0.321622
16.622257,0.065265,0.321674
16.622229,0.065496,0.321727
16.622204,0.066034,0.321780
16.622177,0.066359,0.321834
16.622150,0.066901,0.321888
16.622124,0.067042,0.321942
16.622095,0.067841,0.321997
16.622065,0.068778,0.322052
16.622028,0.070540,0.322109
16.621994,0.071962,0.322167
16.621962,0.071550,0.322225
16.621929,0.071820,0.322283
16.621887,0.075269,0.322343
16.621847,0.075730,0.322404
16.621809,0.075730,0.322466
16.621761,0.078908,0.322529
16.621721,0.078855,0.322593
16.621681,0.077411,0.322655
16.621645,0.076561,0.322717
16.621611,0.075775,0.322778
16.621572,0.075280,0.322839
16.621538,0.074671,0.322899
16.621502,0.074316,0.322959
16.621468,0.073916,0.323018
16.621431,0.074558,0.323079
16.621403,0.073138,0.323138
16.621367,0.072602,0.323196
16.621338,0.071506,0.323254
16.621307,0.071032,0.323311
16.621283,0.069869,0.323367
16.621254,0.069210,0.323423
16.621225,0.068623,0.323479
16.621201,0.067315,0.323533
16.621178,0.066545,0.323587
16.621155,0.065268,0.323639
16.621136,0.064654,0.323691
16.621113,0.064062,0.323743
16.621094,0.063528,0.323794
16.621075,0.062430,0.323845
16.621056,0.061971,0.323895
16.621038,0.061532,0.323944
16.621021,0.060697,0.323993
16.621006,0.060020,0.324042
16.620991,0.060057,0.324090
16.620975,0.059470,0.324138
16.620960,0.059267,0.324186
16.620947,0.058893,0.324233
16.620930,0.058771,0.324281
16.620914,0.058634,0.324328
16.620901,0.058476,0.324375
16.620884,0.058399,0.324422
16.620869,0.058399,0.324469
16.620857,0.058341,0.324516
16.620838,0.058359,0.324563
16.620825,0.058350,0.324610
16.620811,0.058252,0.324657
16.620796,0.058366,0.324704
16.620781,0.058366,0.324752
16.620766,0.058438,0.324799
16.620750,0.058593,0.324846
16.620735,0.058723,0.324893
16.620718,0.058830,0.324941
16.620703,0.058977,0.324988
16.620686,0.059147,0.325036
16.620670,0.059401,0.325084
16.620655,0.059516,0.325132
16.620638,0.059739,0.325180
16.620619,0.059843,0.325228
16.620602,0.059946,0.325277
16.620586,0.059960,0.325325
16.620567,0.060135,0.325374
16.620548,0.060277,0.325422
16.620533,0.060376,0.325471
16.620512,0.060368,0.325520
16.620495,0.060399,0.325568
16.620480,0.060392,0.325617
16.620461,0.060476,0.325666
16.620441,0.060464,0.325714
16.620426,0.060438,0.325763
16.620407,0.060465,0.325812
16.620388,0.060484,0.325861
16.620373,0.060404,0.325909
16.620354,0.060406,0.325958
16.620337,0.060358,0.326007
16.620319,0.060401,0.326056
16.620300,0.060408,0.326104
16.620285,0.060338,0.326153
16.620270,0.060313,0.326202
16.620247,0.060269,0.326250
16.620232,0.060343,0.326299
16.620216,0.060256,0.326347
16.620197,0.060316,0.326396
16.620178,0.060252,0.326445
16.620163,0.060175,0.326493
16.620144,0.060279,0.326542
16.620129,0.060293,0.326590
16.620110,0.060324,0.326639
16.620090,0.060299,0.326688
16.620075,0.060367,0.326736
16.620056,0.060359,0.326785
16.620041,0.060400,0.326834
16.620020,0.060394,0.326882
16.620003,0.060442,0.326931
16.619986,0.060504,0.326980
16.619965,0.060550,0.327029
16.619949,0.060627,0.327078
16.619932,0.060643,0.327127
16.619911,0.060779,0.327176
16.619894,0.060802,0.327225
16.619877,0.060812,0.327274
16.619856,0.060892,0.327323
16.619839,0.061008,0.327372
16.619820,0.061026,0.327421
16.619801,0.061138,0.327471
16.619781,0.061147,0.327520
16.619762,0.061249,0.327569
16.619743,0.061312,0.327619
16.619707,0.066825,0.327673
16.619682,0.066088,0.327726
16.619663,0.064613,0.327778
16.619640,0.063807,0.327829
16.619621,0.063494,0.327881
16.619602,0.063331,0.327932
16.619579,0.063029,0.327983
16.619556,0.062841,0.328033
16.619539,0.062436,0.328084
16.619518,0.062411,0.328134
16.619499,0.062258,0.328184
16.619480,0.062198,0.328234
16.619461,0.061919,0.328284
16.619440,0.061890,0.328334
16.619421,0.061823,0.328384
16.619402,0.061549,0.328434
16.619383,0.061521,0.328483
16.619364,0.061493,0.328533
16.619343,0.061392,0.328582
16.619328,0.061348,0.328632
16.619305,0.061286,0.328681
16.619289,0.061343,0.328731
16.619270,0.061352,0.328780
16.619247,0.061302,0.328830
16.619232,0.061286,0.328879
16.619213,0.061193,0.328928
16.619194,0.061124,0.328978
16.619175,0.061104,0.329027
16.619156,0.061150,0.329076
16.619137,0.061366,0.329126
16.619118,0.061323,0.329175
16.619099,0.061331,0.329225
16.619080,0.061284,0.329274
16.619061,0.061223,0.329324
16.619045,0.061290,0.329373
16.619022,0.061271,0.329422
16.619003,0.061073,0.329472
16.618984,0.061105,0.329521
16.618969,0.061145,0.329570
16.618950,0.061330,0.329620
16.618931,0.061361,0.329669
16.618910,0.061312,0.329719
16.618889,0.061269,0.329768
16.618874,0.061259,0.329817
16.618855,0.061247,0.329867
16.618835,0.061341,0.329916
16.618814,0.061399,0.329966
16.618797,0.061361,0.330015
16.618778,0.061434,0.330065
16.618755,0.061454,0.330114
16.618738,0.061417,0.330164
16.618719,0.061464,0.330213
16.618698,0.061577,0.330263
16.618679,0.061597,0.330313
16.618662,0.061608,0.330362
16.618639,0.061665,0.330412
16.618622,0.061634,0.330462
16.618601,0.061637,0.330512
16.618584,0.061585,0.330561
16.618563,0.061714,0.330611
16.618544,0.061683,0.330661
16.618525,0.061756,0.330711
16.618504,0.061806,0.330760
16.618484,0.061738,0.330810
16.618465,0.062273,0.330860
16.618443,0.062291,0.330911
16.618423,0.062009,0.330961
16.618404,0.061618,0.331010
16.618387,0.061677,0.331060
16.618364,0.061700,0.331110
16.618347,0.061720,0.331160
16.618326,0.061692,0.331209
16.618307,0.061693,0.331259
16.618288,0.061670,0.331309
16.618269,0.061681,0.331359
16.618248,0.061711,0.331408
16.618229,0.061871,0.331458
16.618210,0.061894,0.331508
16.618191,0.061831,0.331558
16.618170,0.061720,0.331608
16.618151,0.061726,0.331658
16.618132,0.061777,0.331707
16.618109,0.061839,0.331757
16.618092,0.061799,0.331807
16.618071,0.061830,0.331857
16.618053,0.061782,0.331907
16.618031,0.061779,0.331957
16.618011,0.061871,0.332006
16.617992,0.061881,0.332056
16.617971,0.061898,0.332106
16.617950,0.061891,0.332156
16.617931,0.061933,0.332206
16.617912,0.061932,0.332256
16.617893,0.061984,0.332306
16.617872,0.061978,0.332356
16.617851,0.062045,0.332406
16.617832,0.061980,0.332456
16.617813,0.062085,0.332506
16.617794,0.062061,0.332556
16.617771,0.062010,0.332606
16.617752,0.062075,0.332656
16.617733,0.062081,0.332706
16.617710,0.062183,0.332756
16.617691,0.062112,0.332807
16.617672,0.062112,0.332857
16.617653,0.062104,0.332907
16.617630,0.062170,0.332957
16.617611,0.062157,0.333007
16.617592,0.062185,0.333057
16.617569,0.062073,0.333107
16.617550,0.062150,0.333157
16.617531,0.062207,0.333208
16.617512,0.062207,0.333258
16.617489,0.062207,0.333308
16.617470,0.062232,0.333358
16.617451,0.062166,0.333408
16.617428,0.062189,0.333458
16.617409,0.062135,0.333508
16.617390,0.062170,0.333559
16.617371,0.062105,0.333609
16.617348,0.062207,0.333659
16.617329,0.062253,0.333709
16.617310,0.062209,0.333759
16.617287,0.062132,0.333809
16.617268,0.062104,0.333859
16.617249,0.062273,0.333910
16.617226,0.062155,0.333960
16.617207,0.062165,0.334010
16.617188,0.062203,0.334060
16.617168,0.062159,0.334110
16.617146,0.062298,0.334160
16.617123,0.062318,0.334211
16.617107,0.062265,0.334261
16.617085,0.062355,0.334311
16.617065,0.062268,0.334361
16.617043,0.062209,0.334412
16.617023,0.061993,0.334462
16.617004,0.061984,0.334511
16.616983,0.062001,0.334561
16.616966,0.062017,0.334612
16.616943,0.062159,0.334662
16.616924,0.062152,0.334712
16.616905,0.062011,0.334762
16.616884,0.062002,0.334812
16.616859,0.063675,0.334863
16.616837,0.063458,0.334914
16.616817,0.063187,0.334965
16.616796,0.062552,0.335016
16.616776,0.062493,0.335066
16.616756,0.062418,0.335116
16.616734,0.062326,0.335167
16.616714,0.062097,0.335217
16.616695,0.062024,0.335267
16.616678,0.061868,0.335317
16.616655,0.061751,0.335366
16.616638,0.061843,0.335416
16.616617,0.061666,0.335466
16.616600,0.061602,0.335516
16.616577,0.061711,0.335566
16.616560,0.061762,0.335615
16.616539,0.061723,0.335665
16.616520,0.061706,0.335715
16.616499,0.061687,0.335765
16.616482,0.061795,0.335814
16.616461,0.061874,0.335864
16.616440,0.061774,0.335914
16.616421,0.061899,0.335964
16.616402,0.061929,0.336014
16.616379,0.062023,0.336064
16.616360,0.062023,0.336114
16.616341,0.062055,0.336164
16.616322,0.062089,0.336214
16.616299,0.062169,0.336264
16.616280,0.062191,0.336314
16.616261,0.062190,0.336365
16.616238,0.062309,0.336415
16.616219,0.062296,0.336465
16.616198,0.062382,0.336515
16.616177,0.062431,0.336566
16.616154,0.062406,0.336616
16.616135,0.062456,0.336666
16.616116,0.062457,0.336717
16.616093,0.062434,0.336767
16.616074,0.062522,0.336818
16.616053,0.062524,0.336868
16.616034,0.062574,0.336918
16.616011,0.062515,0.336969
16.615990,0.062577,0.337019
16.615971,0.062616,0.337070
16.615950,0.062618,0.337120
16.615927,0.062671,0.337171
16.615906,0.062671,0.337221
16.615887,0.062674,0.337272
16.615864,0.062664,0.337322
16.615843,0.062604,0.337373
16.615824,0.062667,0.337424
16.615803,0.062669,0.337474
16.615780,0.062681,0.337525
16.615761,0.062672,0.337575
16.615740,0.062724,0.337626
16.615717,0.062724,0.337676
16.615698,0.062724,0.337727
16.615677,0.062664,0.337777
16.615656,0.062666,0.337828
16.615635,0.062615,0.337878
16.615614,0.062678,0.337929
16.615593,0.062629,0.337979
16.615574,0.062640,0.338030
16.615551,0.062730,0.338081
16.615530,0.062629,0.338131
16.615511,0.062640,0.338182
16.615488,0.062606,0.338232
16.615467,0.062606,0.338283
16.615446,0.062681,0.338333
16.615427,0.062692,0.338384
16.615404,0.062692,0.338434
16.615383,0.062681,0.338485
16.615364,0.062617,0.338535
16.615343,0.062601,0.338586
16.615320,0.062640,0.338636
16.615301,0.062589,0.338687
16.615280,0.062595,0.338737
16.615257,0.062629,0.338788
16.615238,0.062577,0.338838
16.615217,0.062589,0.338889
16.615196,0.062537,0.338939
16.615175,0.062577,0.338990
16.615156,0.062491,0.339040
16.615135,0.062614,0.339090
16.615114,0.062563,0.339141
16.615093,0.062500,0.339191
16.615072,0.062578,0.339242
16.615053,0.062560,0.339292
16.615030,0.062560,0.339343
16.615009,0.062583,0.339393
16.614990,0.062560,0.339444
16.614969,0.062546,0.339494
16.614948,0.062598,0.339544
16.614927,0.062629,0.339595
16.614906,0.062595,0.339645
16.614885,0.062562,0.339696
16.614864,0.062573,0.339746
16.614843,0.062606,0.339797
16.614822,0.062667,0.339847
16.614801,0.062615,0.339898
16.614780,0.062571,0.339948
16.614759,0.062616,0.339999
16.614740,0.062677,0.340049
16.614717,0.062636,0.340100
16.614697,0.062714,0.340150
16.614677,0.062704,0.340201
16.614656,0.062737,0.340252
16.614635,0.062006,0.340302
16.614618,0.061866,0.340352
16.614599,0.061498,0.340401
16.614578,0.061471,0.340451
16.614567,0.060338,0.340499
16.614552,0.059398,0.340547
16.614532,0.059374,0.340595
16.614521,0.058443,0.340642
16.614506,0.058017,0.340689
16.614491,0.057639,0.340736
16.614475,0.057462,0.340782
16.614464,0.057041,0.340828
16.614450,0.056448,0.340873
16.614441,0.056240,0.340919
16.614429,0.056238,0.340964
16.614416,0.055665,0.341009
16.614407,0.055788,0.341054
16.614393,0.055696,0.341099
16.614382,0.055695,0.341144
16.614368,0.055604,0.341189
16.614359,0.055660,0.341234
16.614346,0.055926,0.341279
16.614334,0.055764,0.341324
16.614323,0.055705,0.341369
16.614307,0.055809,0.341414
16.614298,0.055752,0.341459
16.614286,0.055809,0.341504
16.614269,0.056596,0.341549
16.614258,0.056608,0.341595
16.614244,0.056982,0.341641
16.614229,0.056803,0.341687
16.614216,0.057059,0.341733
16.614201,0.057271,0.341779
16.614185,0.057435,0.341825
16.614172,0.057586,0.341872
16.614157,0.057787,0.341918
16.614140,0.058046,0.341965
16.614124,0.058343,0.342012
16.614107,0.058557,0.342059
16.614090,0.058928,0.342107
16.614075,0.058864,0.342154
16.614059,0.059188,0.342202
16.614038,0.059680,0.342250
16.614021,0.059995,0.342299
16.614002,0.060102,0.342347
16.613987,0.060210,0.342396
16.613964,0.060468,0.342444
16.613947,0.060684,0.342493
16.613930,0.060892,0.342542
16.613907,0.061050,0.342592
16.613888,0.061282,0.342641
16.613867,0.061613,0.342691
16.613850,0.061886,0.342741
16.613827,0.061984,0.342791
16.613808,0.062158,0.342841
16.613785,0.062257,0.342891
16.613762,0.062479,0.342941
16.613743,0.062518,0.342992
16.613722,0.062680,0.343042
16.613697,0.062991,0.343093
16.613678,0.063091,0.343144
16.613655,0.063205,0.343195
16.613632,0.063367,0.343246
16.613609,0.063431,0.343297
16.613586,0.063657,0.343349
16.613564,0.063822,0.343400
16.613541,0.063822,0.343451
16.613522,0.063875,0.343493
16.613499,0.063987,0.343544
16.613476,0.064103,0.343596
16.613453,0.064030,0.343648
16.613430,0.064091,0.343699
16.613407,0.064282,0.343751
16.613382,0.064407,0.343803
16.613361,0.064409,0.343855
16.613338,0.064397,0.343907
16.613312,0.064438,0.343959
16.613289,0.064514,0.344011
16.613266,0.064639,0.344063
16.613243,0.064639,0.344115
16.613218,0.064641,0.344167
16.613194,0.064683,0.344220
16.613171,0.064694,0.344272
16.613148,0.064758,0.344324
16.613121,0.064884,0.344376
16.613100,0.064758,0.344428
16.613075,0.064758,0.344481
16.613049,0.064873,0.344533
16.613026,0.064811,0.344585
16.613003,0.064811,0.344638
16.612980,0.064811,0.344690
16.612955,0.064811,0.344742
16.612930,0.064937,0.344794
16.612907,0.064937,0.344847
16.612885,0.064887,0.344899
16.612858,0.064887,0.344951
16.612835,0.064937,0.345004
16.612812,0.064937,0.345056
16.612787,0.064884,0.345109
16.612762,0.064811,0.345161
16.612740,0.064820,0.345213
16.612715,0.064820,0.345265
16.612692,0.064843,0.345318
16.612669,0.064767,0.345370
16.612644,0.064767,0.345422
16.612619,0.064818,0.345474
16.612597,0.064703,0.345527
16.612574,0.064753,0.345579
16.612551,0.064701,0.345631
16.612528,0.064660,0.345683
16.612503,0.064584,0.345735
16.612480,0.064584,0.345787
16.612455,0.064584,0.345839
16.612432,0.064543,0.345891
16.612406,0.064605,0.345944
16.612383,0.064543,0.345996
16.612360,0.064541,0.346048
16.612337,0.064466,0.346100
16.612312,0.064454,0.346152
16.612289,0.064425,0.346204
16.612267,0.064423,0.346256
16.612247,0.064383,0.346307
16.612221,0.064372,0.346359
16.612198,0.064296,0.346411
16.612175,0.064233,0.346463
16.612152,0.064243,0.346515
16.612129,0.064231,0.346567
16.612106,0.064231,0.346618
16.612083,0.064128,0.346670
16.612064,0.064190,0.346722
16.612041,0.064200,0.346774
16.612015,0.064137,0.346825
16.611992,0.064074,0.346877
16.611969,0.064061,0.346929
16.611950,0.064061,0.346980
16.611923,0.063987,0.347032
16.611900,0.063987,0.347084
16.611881,0.064009,0.347135
16.611858,0.064009,0.347187
16.611832,0.063958,0.347238
16.611809,0.063958,0.347290
16.611790,0.063935,0.347342
16.611767,0.063946,0.347393
16.611742,0.063883,0.347445
16.611721,0.063883,0.347496
16.611698,0.063821,0.347548
16.611677,0.063770,0.347599
16.611652,0.063832,0.347651
16.611629,0.063844,0.347702
16.611610,0.063781,0.347753
16.611588,0.063770,0.347805
16.611563,0.063770,0.347856
16.611542,0.063719,0.347908
16.611521,0.063719,0.347959
16.611500,0.063782,0.348011
16.611475,0.063720,0.348062
16.611454,0.063720,0.348113
16.611431,0.063732,0.348165
16.611408,0.063720,0.348216
16.611387,0.063670,0.348267
16.611362,0.063597,0.348319
16.611343,0.063659,0.348370
16.611320,0.063621,0.348421
16.611300,0.063621,0.348473
16.611275,0.063672,0.348524
16.611254,0.063547,0.348575
16.611231,0.063685,0.348627
16.611210,0.063571,0.348678
16.611187,0.063600,0.348729
16.611166,0.063611,0.348781
16.611143,0.063601,0.348832
16.611122,0.063611,0.348883
16.611097,0.063561,0.348934
16.611076,0.063499,0.348986
16.611053,0.063562,0.349037
16.611034,0.063562,0.349088
16.611010,0.063551,0.349139
16.610989,0.063478,0.349191
16.610968,0.063541,0.349242
16.610945,0.063552,0.349293
16.610922,0.063576,0.349344
16.610901,0.063513,0.349396
16.610880,0.063502,0.349447
16.610857,0.063440,0.349498
16.610834,0.063440,0.349549
16.610813,0.063440,0.349600
16.610790,0.063502,0.349651
16.610771,0.063491,0.349703
16.610748,0.063502,0.349754
16.610725,0.063502,0.349805
16.610703,0.063502,0.349856
16.610682,0.063451,0.349907
16.610661,0.063428,0.349959
16.610638,0.063440,0.350010
16.610617,0.063451,0.350061
16.610596,0.063388,0.350112
16.610573,0.063451,0.350163
16.610550,0.063388,0.350214
16.610527,0.063338,0.350265
16.610508,0.063377,0.350316
16.610489,0.063388,0.350368
16.610462,0.063348,0.350419
16.610443,0.063337,0.350470
16.610420,0.063398,0.350521
16.610399,0.063387,0.350572
16.610376,0.063336,0.350623
16.610355,0.063223,0.350674
16.610332,0.063285,0.350725
16.610313,0.063273,0.350776
16.610291,0.063273,0.350827
16.610268,0.063233,0.350878
16.610249,0.063210,0.350929
16.610226,0.063272,0.350980
16.610203,0.063272,0.351031
16.610184,0.063209,0.351082
16.610161,0.063147,0.351133
16.610142,0.063158,0.351184
16.610119,0.063208,0.351235
16.610096,0.063281,0.351286
16.610077,0.063219,0.351337
16.610054,0.063207,0.351388
16.610031,0.063156,0.351439
16.610008,0.063156,0.351490
16.609989,0.063105,0.351541
16.609970,0.063168,0.351592
16.609947,0.063156,0.351643
16.609924,0.063093,0.351693
16.609905,0.063155,0.351744
16.609882,0.063144,0.351795
16.609863,0.063105,0.351846
16.609837,0.063116,0.351897
16.609818,0.063043,0.351948
16.609798,0.063093,0.351999
16.609776,0.063042,0.352050
16.609753,0.063104,0.352101
16.609730,0.063104,0.352151
16.609711,0.063093,0.352202
16.609692,0.063093,0.352253
16.609669,0.063065,0.352304
16.609646,0.063104,0.352355
16.609627,0.063003,0.352406
16.609604,0.063031,0.352457
16.609585,0.062992,0.352507
16.609562,0.062980,0.352558
16.609543,0.063054,0.352609
16.609520,0.063043,0.352660
16.609497,0.063004,0.352711
16.609474,0.063004,0.352762
16.609455,0.062970,0.352812
16.609436,0.062970,0.352863
16.609413,0.062981,0.352914
16.609394,0.062981,0.352965
16.609371,0.062981,0.353015
16.609348,0.062920,0.353066
16.609329,0.062932,0.353117
16.609308,0.062869,0.353168
16.609287,0.062881,0.353218
16.609266,0.062943,0.353269
16.609245,0.062943,0.353320
16.609222,0.062893,0.353371
16.609203,0.062848,0.353421
16.609180,0.062921,0.353472
16.609163,0.062820,0.353523
16.609138,0.062871,0.353573
16.609118,0.062860,0.353624
16.609097,0.062860,0.353675
16.609077,0.062883,0.353726
16.609055,0.062782,0.353776
16.609034,0.062810,0.353827
16.609015,0.062760,0.353877
16.608994,0.062821,0.353928
16.608973,0.062771,0.353979
16.608950,0.062771,0.354029
16.608931,0.062760,0.354080
16.608910,0.062760,0.354131
16.608889,0.062710,0.354181
16.608868,0.062760,0.354232
16.608845,0.062784,0.354282
16.608826,0.062772,0.354333
16.608807,0.062760,0.354384
16.608784,0.062772,0.354434
16.608763,0.062710,0.354485
16.608742,0.062761,0.354535
16.608723,0.062710,0.354586
16.608700,0.062721,0.354637
16.608679,0.062699,0.354687
16.608660,0.062710,0.354738
16.608639,0.062721,0.354788
16.608616,0.062710,0.354839
16.608597,0.062699,0.354889
16.608576,0.062772,0.354940
16.608555,0.062772,0.354991
16.608534,0.062710,0.355041
16.608513,0.062710,0.355092
16.608492,0.062721,0.355142
16.608471,0.062649,0.355193
16.608452,0.062649,0.355243
16.608429,0.062772,0.355294
16.608408,0.062710,0.355345
16.608389,0.062710,0.355395
16.608368,0.062710,0.355446
16.608345,0.062660,0.355496
16.608326,0.062710,0.355547
16.608305,0.062699,0.355598
16.608284,0.062710,0.355648
16.608263,0.062688,0.355699
16.608242,0.062710,0.355749
16.608221,0.062659,0.355800
16.608202,0.062659,0.355850
16.608179,0.062659,0.355901
16.608158,0.062659,0.355951
16.608137,0.062721,0.356002
16.608118,0.062710,0.356053
16.608095,0.062699,0.356103
16.608074,0.062659,0.356154
16.608055,0.062648,0.356204
16.608034,0.062659,0.356255
16.608013,0.062671,0.356305
16.607992,0.062659,0.356356
16.607971,0.062659,0.356406
16.607950,0.062671,0.356457
16.607931,0.062608,0.356507
16.607908,0.062647,0.356558
16.607887,0.062586,0.356608
16.607868,0.062597,0.356659
16.607847,0.062608,0.356709
16.607824,0.062647,0.356760
16.607805,0.062597,0.356810
16.607784,0.062647,0.356861
16.607763,0.062647,0.356911
16.607742,0.062608,0.356962
16.607721,0.062647,0.357012
16.607700,0.062535,0.357063
16.607681,0.062596,0.357113
16.607662,0.062596,0.357164
16.607639,0.062546,0.357214
16.607620,0.062608,0.357265
16.607599,0.062535,0.357315
16.607578,0.062546,0.357366
16.607557,0.062484,0.357416
16.607536,0.062534,0.357466
16.607515,0.062596,0.357517
16.607496,0.062534,0.357567
16.607473,0.062545,0.357618
16.607452,0.062523,0.357668
16.607433,0.062534,0.357719
16.607412,0.062473,0.357769
16.607391,0.062423,0.357819
16.607372,0.062495,0.357870
16.607351,0.062484,0.357920
16.607330,0.062434,0.357970
16.607311,0.062434,0.358021
16.607288,0.062495,0.358071
16.607269,0.062372,0.358122
16.607248,0.062484,0.358172
16.607229,0.062484,0.358222
16.607208,0.062422,0.358273
16.607187,0.062433,0.358323
16.607166,0.062322,0.358373
16.607147,0.062422,0.358424
16.607124,0.062383,0.358474
16.607105,0.062383,0.358524
16.607086,0.062372,0.358574
16.607067,0.062260,0.358625
16.607044,0.062322,0.358675
16.607025,0.062249,0.358725
16.607002,0.062310,0.358775
16.606985,0.062249,0.358826
16.606962,0.062310,0.358876
16.606945,0.062299,0.358926
16.606922,0.062310,0.358976
16.606903,0.062310,0.359027
16.606884,0.062260,0.359077
16.606861,0.062248,0.359127
16.606842,0.062198,0.359177
16.606823,0.062210,0.359227
16.606804,0.062210,0.359277
16.606781,0.062210,0.359328
16.606762,0.062198,0.359378
16.606743,0.062198,0.359428
16.606724,0.062148,0.359478
16.606701,0.062148,0.359528
16.606682,0.062160,0.359578
16.606659,0.062148,0.359628
16.606644,0.062148,0.359679
16.606621,0.062148,0.359729
16.606598,0.062148,0.359779
16.606583,0.062137,0.359829
16.606560,0.062148,0.359879
16.606541,0.062037,0.359929
16.606518,0.062076,0.359979
16.606503,0.062076,0.360029
16.606480,0.062098,0.360079
16.606461,0.062109,0.360129
16.606441,0.062110,0.360179
16.606419,0.062137,0.360230
16.606400,0.062137,0.360280
16.606380,0.062148,0.360330
16.606361,0.062098,0.360380
16.606339,0.062148,0.360430
16.606319,0.062087,0.360480
16.606300,0.062148,0.360530
16.606277,0.062148,0.360580
16.606258,0.062149,0.360630
16.606239,0.062148,0.360681
16.606220,0.062137,0.360731
16.606201,0.062210,0.360781
16.606178,0.062210,0.360831
16.606159,0.062126,0.360881
16.606136,0.062198,0.360931
16.606121,0.062198,0.360981
16.606098,0.062148,0.361032
16.606075,0.062198,0.361082
16.606056,0.062187,0.361132
16.606037,0.062310,0.361182
16.606018,0.062210,0.361232
16.605995,0.062249,0.361282
16.605976,0.062249,0.361333
16.605957,0.062249,0.361383
16.605938,0.062210,0.361433
16.605915,0.062210,0.361483
16.605896,0.062260,0.361533
16.605873,0.062249,0.361584
16.605854,0.062321,0.361634
16.605835,0.062260,0.361684
16.605816,0.062260,0.361734
16.605793,0.062260,0.361784
16.605774,0.062321,0.361835
16.605751,0.062310,0.361885
16.605732,0.062383,0.361935
16.605713,0.062310,0.361985
16.605694,0.062372,0.362036
16.605671,0.062249,0.362086
16.605652,0.062310,0.362136
16.605629,0.062383,0.362186
16.605608,0.062372,0.362237
16.605591,0.062372,0.362287
16.605568,0.062372,0.362337
16.605549,0.062372,0.362388
16.605528,0.062411,0.362438
16.605507,0.062322,0.362488
16.605486,0.062372,0.362539
16.605465,0.062371,0.362589
16.605446,0.062433,0.362639
16.605427,0.062422,0.362690
16.605406,0.062422,0.362740
16.605383,0.062372,0.362790
16.605366,0.062383,0.362841
16.605343,0.062411,0.362891
16.605324,0.062422,0.362941
16.605301,0.062383,0.362992
16.605280,0.062422,0.363042
16.605263,0.062372,0.363092
16.605242,0.062434,0.363142
16.605221,0.062384,0.363193
16.605200,0.062484,0.363243
16.605179,0.062411,0.363294
16.605158,0.062411,0.363344
16.605139,0.062434,0.363394
16.605118,0.062422,0.363445
16.605097,0.062422,0.363495
16.605078,0.062434,0.363545
16.605057,0.062372,0.363596
16.605038,0.062372,0.363646
16.605015,0.062422,0.363696
16.604996,0.062361,0.363746
16.604975,0.062411,0.363797
16.604954,0.062411,0.363847
16.604931,0.062423,0.363897
16.604912,0.062473,0.363948
16.604893,0.062433,0.363998
16.604874,0.062445,0.364049
16.604851,0.062433,0.364099
16.604830,0.062361,0.364149
16.604813,0.062350,0.364199
16.604790,0.062411,0.364250
16.604769,0.062422,0.364300
16.604748,0.062372,0.364350
16.604729,0.062361,0.364401
16.604710,0.062361,0.364451
16.604691,0.062422,0.364501
16.604668,0.062422,0.364552
16.604647,0.062399,0.364602
16.604626,0.062360,0.364652
16.604605,0.062372,0.364703
16.604588,0.062383,0.364753
16.604565,0.062299,0.364803
16.604546,0.062349,0.364853
16.604525,0.062349,0.364904
16.604504,0.062299,0.364954
16.604485,0.062299,0.365004
16.604462,0.062360,0.365054
16.604441,0.062349,0.365105
16.604424,0.062288,0.365155
16.604404,0.062311,0.365205
16.604382,0.062277,0.365255
16.604362,0.062338,0.365306
16.604340,0.062205,0.365356
16.604321,0.062266,0.365406
16.604301,0.062288,0.365456
16.604282,0.062245,0.365507
16.604259,0.062266,0.365557
16.604239,0.062256,0.365607
16.604221,0.062256,0.365657
16.604198,0.062256,0.365707
16.604179,0.062236,0.365758
16.604160,0.062340,0.365808
16.604137,0.062310,0.365858
16.604116,0.062332,0.365908
16.604095,0.062379,0.365959
16.604074,0.062566,0.366009
16.604055,0.062655,0.366060
16.604034,0.063069,0.366111
16.604012,0.063072,0.366161
16.603989,0.063129,0.366212
16.603966,0.063788,0.366264
16.603943,0.064233,0.366316
16.603916,0.065152,0.366368
16.603889,0.065453,0.366421
16.603867,0.066049,0.366474
16.603840,0.065982,0.366527
16.603813,0.066638,0.366581
16.603788,0.066485,0.366635
16.603762,0.066859,0.366689
16.603733,0.066970,0.366743
16.603708,0.066528,0.366796
16.603683,0.066368,0.366850
16.603661,0.066145,0.366903
16.603634,0.066047,0.366956
16.603611,0.065667,0.367009
16.603588,0.065237,0.367062
16.603561,0.064903,0.367114
16.603542,0.064564,0.367166
16.603519,0.064258,0.367218
16.603497,0.063982,0.367270
16.603476,0.063767,0.367321
16.603455,0.063323,0.367372
16.603432,0.063340,0.367423
16.603413,0.062932,0.367474
16.603394,0.062911,0.367525
16.603371,0.062613,0.367575
16.603352,0.062462,0.367626
16.603333,0.062233,0.367676
16.603313,0.062232,0.367726
16.603291,0.062169,0.367776
16.603271,0.062032,0.367826
16.603252,0.062037,0.367876
16.603233,0.061918,0.367926
16.603214,0.061931,0.367976
16.603191,0.061934,0.368026
16.603172,0.061981,0.368076
16.603153,0.061939,0.368126
16.603134,0.062006,0.368176
16.603111,0.062063,0.368226
16.603092,0.062164,0.368276
16.603073,0.062172,0.368326
16.603054,0.062210,0.368376
16.603035,0.062220,0.368427
16.603012,0.062331,0.368477
16.602989,0.062392,0.368527
16.602970,0.062485,0.368578
16.602949,0.062587,0.368628
16.602928,0.062548,0.368679
16.602909,0.062660,0.368729
16.602886,0.062734,0.368780
16.602865,0.062683,0.368830
16.602846,0.062745,0.368881
16.602823,0.062818,0.368932
16.602802,0.062818,0.368982
16.602779,0.062881,0.369033
16.602760,0.062941,0.369084
16.602741,0.063004,0.369134
16.602718,0.063015,0.369185
16.602695,0.063014,0.369236
16.602676,0.063065,0.369287
16.602654,0.063064,0.369338
16.602634,0.063149,0.369389
16.602612,0.063136,0.369440
16.602592,0.063186,0.369491
16.602570,0.063184,0.369542
16.602547,0.063184,0.369593
16.602528,0.063184,0.369644
16.602505,0.063234,0.369695
16.602482,0.063245,0.369745
16.602463,0.063193,0.369796
16.602440,0.063244,0.369847
16.602417,0.063244,0.369898
16.602398,0.063231,0.369949
16.602375,0.063242,0.370000
16.602356,0.063180,0.370051
16.602333,0.063242,0.370102
16.602310,0.063117,0.370153
16.602291,0.063180,0.370204
16.602268,0.063179,0.370255
16.602245,0.063190,0.370306
16.602226,0.063179,0.370357
16.602207,0.063179,0.370408
16.602184,0.063104,0.370459
16.602161,0.063178,0.370510
16.602139,0.063104,0.370561
16.602119,0.063054,0.370612
16.602100,0.063104,0.370663
16.602077,0.063104,0.370714
16.602055,0.063042,0.370764
16.602032,0.063042,0.370815
16.602013,0.063093,0.370866
16.601994,0.063093,0.370917
16.601971,0.063019,0.370968
16.601948,0.063031,0.371019
16.601929,0.062942,0.371069
16.601910,0.062969,0.371120
16.601887,0.062919,0.371171
16.601864,0.062896,0.371222
16.601845,0.062896,0.371272
16.601824,0.062813,0.371323
16.601803,0.062782,0.371374
16.601784,0.062823,0.371424
16.601761,0.062752,0.371475
16.601740,0.062659,0.371525
16.601721,0.062776,0.371576
16.601700,0.062670,0.371627
16.601679,0.062693,0.371677
16.601658,0.062813,0.371728
16.601635,0.062951,0.371779
16.601614,0.063332,0.371830
16.601591,0.063380,0.371881
16.601570,0.064060,0.371932
16.601543,0.064557,0.371984
16.601517,0.065193,0.372037
16.601494,0.065895,0.372090
16.601465,0.066288,0.372144
16.601440,0.066917,0.372198
16.601414,0.066869,0.372252
16.601387,0.066766,0.372305
16.601364,0.066173,0.372359
16.601336,0.066381,0.372412
16.601315,0.066178,0.372466
16.601288,0.066101,0.372519
16.601261,0.065815,0.372572
16.601238,0.065363,0.372625
16.601215,0.065192,0.372677
16.601192,0.064980,0.372730
16.601171,0.064630,0.372782
16.601149,0.064430,0.372834
16.601128,0.064093,0.372885
16.601105,0.063880,0.372937
16.601082,0.063717,0.372988
16.601061,0.063402,0.373040
16.601044,0.063262,0.373091
16.601021,0.063083,0.373141
16.600998,0.062926,0.373192
16.600979,0.062792,0.373243
16.600960,0.062703,0.373293
16.600939,0.062649,0.373344
16.600918,0.062529,0.373394
16.600897,0.062519,0.373445
16.600876,0.062547,0.373495
16.600855,0.062494,0.373546
16.600836,0.062472,0.373596
16.600817,0.062577,0.373646
16.600794,0.062491,0.373697
16.600775,0.062487,0.373747
16.600754,0.062595,0.373798
16.600733,0.062655,0.373848
16.600714,0.062641,0.373899
16.600691,0.062711,0.373949
16.600670,0.062700,0.374000
16.600651,0.062824,0.374051
16.600630,0.062835,0.374101
16.600609,0.062825,0.374152
16.600588,0.062888,0.374203
16.600567,0.062840,0.374253
16.600544,0.062893,0.374304
16.600525,0.062956,0.374355
16.600506,0.062917,0.374406
16.600483,0.062970,0.374456
16.600460,0.062974,0.374507
16.600441,0.062996,0.374558
16.600422,0.063045,0.374609
16.600399,0.062985,0.374660
16.600376,0.062997,0.374710
16.600353,0.063008,0.374761
16.600334,0.062997,0.374812
16.600315,0.062997,0.374863
16.600292,0.062956,0.374914
16.600269,0.062882,0.374964
16.600250,0.062892,0.375015
16.600231,0.062942,0.375066
16.600210,0.062878,0.375116
16.600189,0.062878,0.375167
16.600166,0.062864,0.375218
16.600147,0.062883,0.375269
16.600126,0.062793,0.375319
16.600107,0.062707,0.375370
16.600086,0.062694,0.375420
16.600065,0.062691,0.375471
16.600044,0.062660,0.375521
16.600023,0.062514,0.375572
16.600002,0.062529,0.375622
16.599983,0.062519,0.375673
16.599964,0.062368,0.375723
16.599941,0.062357,0.375773
16.599922,0.062418,0.375824
16.599903,0.062376,0.375874
16.599882,0.062266,0.375924
16.599865,0.062292,0.375974
16.599842,0.062276,0.376025
16.599821,0.062504,0.376075
16.599800,0.062830,0.376126
16.599777,0.062809,0.376176
16.599756,0.063392,0.376227
16.599731,0.063893,0.376279
16.599705,0.065086,0.376331
16.599682,0.065189,0.376384
16.599655,0.065840,0.376437
16.599632,0.066327,0.376491
16.599606,0.066054,0.376544
16.599579,0.066422,0.376597
16.599556,0.066189,0.376651
16.599529,0.066146,0.376704
16.599506,0.065759,0.376757
16.599483,0.065328,0.376810
16.599461,0.065153,0.376862
16.599438,0.064938,0.376915
16.599415,0.064653,0.376967
16.599392,0.064182,0.377019
16.599373,0.064129,0.377070
16.599350,0.063625,0.377122
16.599329,0.063428,0.377173
16.599308,0.063088,0.377224
16.599285,0.062917,0.377274
16.599268,0.062585,0.377325
16.599247,0.062445,0.377375
16.599228,0.062351,0.377426
16.599209,0.062226,0.377476
16.599186,0.062067,0.377526
16.599171,0.061937,0.377576
16.599148,0.061856,0.377626
16.599133,0.061855,0.377676
16.599110,0.061854,0.377725
16.599091,0.061836,0.377775
16.599072,0.061824,0.377825
16.599054,0.061874,0.377875
16.599033,0.061828,0.377925
16.599014,0.061892,0.377975
16.598991,0.061953,0.378025
16.598972,0.061900,0.378075
16.598953,0.062069,0.378125
16.598934,0.062078,0.378175
16.598915,0.062149,0.378225
16.598892,0.062079,0.378275
16.598873,0.062199,0.378325
16.598854,0.062262,0.378375
16.598835,0.062334,0.378426
16.598812,0.062407,0.378476
16.598791,0.062458,0.378526
16.598770,0.062521,0.378577
16.598753,0.062598,0.378627
16.598732,0.062647,0.378678
16.598709,0.062651,0.378728
16.598690,0.062673,0.378779
16.598669,0.062749,0.378830
16.598648,0.062798,0.378880
16.598629,0.062788,0.378931
16.598606,0.062862,0.378981
16.598583,0.062862,0.379032
16.598564,0.062975,0.379083
16.598545,0.062975,0.379134
16.598522,0.062986,0.379185
16.598503,0.063044,0.379235
16.598476,0.062995,0.379286
16.598457,0.062980,0.379337
16.598438,0.063054,0.379388
16.598415,0.063041,0.379439
16.598396,0.063090,0.379490
16.598377,0.063151,0.379540
16.598354,0.063087,0.379591
16.598331,0.063097,0.379642
16.598312,0.063108,0.379693
16.598289,0.063131,0.379744
16.598270,0.063080,0.379795
16.598248,0.063040,0.379846
16.598225,0.063027,0.379897
16.598206,0.062963,0.379947
16.598186,0.063025,0.379998
16.598164,0.063025,0.380049
16.598145,0.063011,0.380100
16.598122,0.063010,0.380151
16.598103,0.062970,0.380201
16.598080,0.062957,0.380252
16.598057,0.062957,0.380303
16.598038,0.062895,0.380354
16.598015,0.062957,0.380404
16.597996,0.062893,0.380455
16.597977,0.062893,0.380506
16.597954,0.062831,0.380557
16.597935,0.062769,0.380607
16.597912,0.062780,0.380658
16.597893,0.062768,0.380708
16.597870,0.062768,0.380759
16.597853,0.062706,0.380810
16.597834,0.062756,0.380860
16.597813,0.062706,0.380911
16.597790,0.062694,0.380961
16.597771,0.062594,0.381012
16.597750,0.062571,0.381062
16.597729,0.062571,0.381113
16.597710,0.062571,0.381163
16.597687,0.062499,0.381214
16.597668,0.062471,0.381264
16.597649,0.062439,0.381314
16.597630,0.062341,0.381365
16.597607,0.062394,0.381415
16.597589,0.062344,0.381465
16.597567,0.062420,0.381516
16.597548,0.062389,0.381566
16.597527,0.062636,0.381616
16.597506,0.062777,0.381667
16.597483,0.063705,0.381718
16.597458,0.063978,0.381770
16.597431,0.065019,0.381822
16.597406,0.065750,0.381875
16.597382,0.066184,0.381929
16.597355,0.067181,0.381983
16.597328,0.066897,0.382037
16.597303,0.066823,0.382091
16.597277,0.066747,0.382145
16.597250,0.066494,0.382198
16.597225,0.066184,0.382252
16.597202,0.065892,0.382305
16.597179,0.065581,0.382358
16.597157,0.064950,0.382410
16.597134,0.064642,0.382462
16.597109,0.064368,0.382514
16.597088,0.064038,0.382566
16.597071,0.063600,0.382617
16.597050,0.063321,0.382668
16.597027,0.063091,0.382719
16.597008,0.062894,0.382770
16.596987,0.062636,0.382820
16.596970,0.062295,0.382870
16.596947,0.062314,0.382921
16.596928,0.062078,0.382971
16.596909,0.062099,0.383021
16.596889,0.061930,0.383071
16.596870,0.061930,0.383121
16.596851,0.061893,0.383171
16.596832,0.061862,0.383221
16.596813,0.061842,0.383270
16.596794,0.061881,0.383320
16.596771,0.061922,0.383370
16.596752,0.061911,0.383420
16.596733,0.061968,0.383470
16.596714,0.062026,0.383520
16.596695,0.062119,0.383570
16.596676,0.062112,0.383620
16.596653,0.062282,0.383671
16.596634,0.062344,0.383721
16.596613,0.062343,0.383771
16.596594,0.062406,0.383821
16.596573,0.062519,0.383872
16.596552,0.062581,0.383922
16.596531,0.062584,0.383973
16.596512,0.062647,0.384023
16.596489,0.062773,0.384074
16.596470,0.062713,0.384125
16.596447,0.062777,0.384175
16.596428,0.062777,0.384226
16.596407,0.062890,0.384277
16.596386,0.062954,0.384327
16.596367,0.063018,0.384378
16.596344,0.062966,0.384429
16.596321,0.063018,0.384480
16.596302,0.063018,0.384531
16.596283,0.062966,0.384581
16.596260,0.063030,0.384632
16.596241,0.063026,0.384683
16.596218,0.063026,0.384734
16.596199,0.063026,0.384785
16.596176,0.063025,0.384835
16.596157,0.063072,0.384886
16.596134,0.063023,0.384937
16.596115,0.063019,0.384988
16.596092,0.063017,0.385039
16.596069,0.063017,0.385090
16.596050,0.063078,0.385140
16.596031,0.063075,0.385191
16.596008,0.063011,0.385242
16.595989,0.062948,0.385293
16.595966,0.062946,0.385344
16.595947,0.062933,0.385394
16.595924,0.062993,0.385445
16.595905,0.062941,0.385496
16.595882,0.063002,0.385547
16.595863,0.062928,0.385597
16.595840,0.062927,0.385648
16.595821,0.062876,0.385699
16.595798,0.062935,0.385750
16.595779,0.062873,0.385800
16.595760,0.062850,0.385851
16.595739,0.062849,0.385902
16.595718,0.062848,0.385952
16.595695,0.062776,0.386003
16.595676,0.062704,0.386054
16.595657,0.062694,0.386104
16.595636,0.062537,0.386155
16.595613,0.062594,0.386205
16.595596,0.062548,0.386256
16.595575,0.062646,0.386306
16.595554,0.062646,0.386357
16.595533,0.062849,0.386407
16.595507,0.064390,0.386459
16.595482,0.064645,0.386511
16.595459,0.064524,0.386563
16.595440,0.064289,0.386615
16.595409,0.066617,0.386669
16.595387,0.066263,0.386722
16.595360,0.066272,0.386776
16.595333,0.066491,0.386829
16.595308,0.066522,0.386883
16.595284,0.066260,0.386937
16.595257,0.065899,0.386990
16.595236,0.065836,0.387043
16.595211,0.065383,0.387096
16.595188,0.065034,0.387148
16.595167,0.064566,0.387200
16.595146,0.064266,0.387252
16.595123,0.063954,0.387303
16.595100,0.063542,0.387355
16.595081,0.063116,0.387406
16.595062,0.062921,0.387456
16.595039,0.062837,0.387507
16.595022,0.062705,0.387558
16.595001,0.062470,0.387608
16.594980,0.062338,0.387658
16.594963,0.062208,0.387708
16.594944,0.062242,0.387759
16.594925,0.062122,0.387809
16.594906,0.062056,0.387859
16.594883,0.062046,0.387909
16.594864,0.062088,0.387959
16.594845,0.062074,0.388009
16.594826,0.062176,0.388059
16.594807,0.062115,0.388109
16.594784,0.062172,0.388159
16.594765,0.062278,0.388209
16.594744,0.062277,0.388260
16.594725,0.062385,0.388310
16.594704,0.062393,0.388360
16.594683,0.062564,0.388411
16.594664,0.062564,0.388461
16.594643,0.062635,0.388512
16.594622,0.062636,0.388562
16.594603,0.062810,0.388613
16.594582,0.062812,0.388664
16.594561,0.062875,0.388714
16.594536,0.063001,0.388765
16.594517,0.063004,0.388816
16.594498,0.063117,0.388867
16.594475,0.063069,0.388918
16.594456,0.063184,0.388969
16.594433,0.063256,0.389020
16.594410,0.063320,0.389071
16.594389,0.063310,0.389122
16.594368,0.063320,0.389173
16.594347,0.063381,0.389224
16.594326,0.063370,0.389275
16.594307,0.063370,0.389326
16.594282,0.063443,0.389377
16.594267,0.063443,0.389418
16.594244,0.063443,0.389469
16.594223,0.063431,0.389521
16.594204,0.063379,0.389572
16.594181,0.063429,0.389623
16.594156,0.063437,0.389674
16.594137,0.063437,0.389725
16.594116,0.063437,0.389776
16.594095,0.063435,0.389827
16.594072,0.063483,0.389879
16.594051,0.063369,0.389930
16.594028,0.063430,0.389981
16.594009,0.063479,0.390032
16.593987,0.063366,0.390083
16.593966,0.063426,0.390134
16.593945,0.063363,0.390185
16.593924,0.063299,0.390237
16.593903,0.063361,0.390288
16.593880,0.063308,0.390339
16.593861,0.063297,0.390390
16.593838,0.063358,0.390441
16.593819,0.063295,0.390492
16.593798,0.063244,0.390543
16.593777,0.063232,0.390594
16.593754,0.063243,0.390645
16.593731,0.063180,0.390696
16.593712,0.063230,0.390747
16.593693,0.063180,0.390798
16.593670,0.063180,0.390849
16.593651,0.063067,0.390900
16.593628,0.063067,0.390950
16.593609,0.063066,0.391001
16.593586,0.063004,0.391052
16.593567,0.063054,0.391103
16.593544,0.062992,0.391154
16.593525,0.063004,0.391205
16.593502,0.062992,0.391255
16.593483,0.063003,0.391306
16.593460,0.062941,0.391357
16.593441,0.062891,0.391408
16.593422,0.062879,0.391458
16.593399,0.062868,0.391509
16.593382,0.062829,0.391560
16.593357,0.062806,0.391610
16.593338,0.062767,0.391661
16.593317,0.062795,0.391712
16.593298,0.062695,0.391762
16.593277,0.062654,0.391813
16.593256,0.062613,0.391863
16.593237,0.062594,0.391914
16.593216,0.062609,0.391964
16.593195,0.062640,0.392015
16.593176,0.062588,0.392065
16.593155,0.062872,0.392116
16.593132,0.062889,0.392167
16.593109,0.063986,0.392218
16.593084,0.064682,0.392270
16.593060,0.064939,0.392323
16.593033,0.066033,0.392376
16.593010,0.065875,0.392429
16.592983,0.066612,0.392483
16.592957,0.067545,0.392537
16.592928,0.067531,0.392592
16.592903,0.067105,0.392646
16.592876,0.067020,0.392700
16.592852,0.066612,0.392754
16.592827,0.066222,0.392807
16.592804,0.065925,0.392860
16.592781,0.065569,0.392913
16.592758,0.064912,0.392966
16.592737,0.064576,0.393018
16.592716,0.063918,0.393069
16.592693,0.063600,0.393120
16.592672,0.063331,0.393172
16.592651,0.063028,0.393222
16.592634,0.062774,0.393273
16.592615,0.062429,0.393323
16.592594,0.062300,0.393374
16.592575,0.062124,0.393424
16.592556,0.061927,0.393474
16.592537,0.061797,0.393523
16.592518,0.061828,0.393573
16.592501,0.061646,0.393623
16.592482,0.061674,0.393673
16.592461,0.061587,0.393722
16.592442,0.061624,0.393772
16.592424,0.061673,0.393822
16.592403,0.061663,0.393872
16.592386,0.061751,0.393921
16.592367,0.061793,0.393971
16.592346,0.061794,0.394021
16.592327,0.061789,0.394071
16.592308,0.061855,0.394121
16.592289,0.061840,0.394171
16.592266,0.061939,0.394221
16.592251,0.062057,0.394271
16.592228,0.062066,0.394321
16.592209,0.062176,0.394371
16.592190,0.062177,0.394421
16.592171,0.062240,0.394471
16.592150,0.062356,0.394522
16.592129,0.062418,0.394572
16.592108,0.062430,0.394622
16.592089,0.062545,0.394673
16.592068,0.062485,0.394723
16.592049,0.062611,0.394773
16.592028,0.062661,0.394824
16.592007,0.062677,0.394875
16.591988,0.062675,0.394925
16.591965,0.062736,0.394976
16.591946,0.062751,0.395026
16.591927,0.062751,0.395077
16.591906,0.062738,0.395128
16.591885,0.062800,0.395178
16.591862,0.062736,0.395229
16.591843,0.062796,0.395279
16.591820,0.062809,0.395330
16.591801,0.062856,0.395381
16.591782,0.062856,0.395431
16.591763,0.062856,0.395482
16.591742,0.062742,0.395533
16.591717,0.062855,0.395583
16.591698,0.062852,0.395634
16.591679,0.062839,0.395685
16.591656,0.062848,0.395736
16.591637,0.062848,0.395786
16.591618,0.062795,0.395837
16.591597,0.062795,0.395887
16.591574,0.062781,0.395938
16.591553,0.062729,0.395989
16.591534,0.062840,0.396039
16.591513,0.062766,0.396090
16.591496,0.062715,0.396141
16.591475,0.062825,0.396191
16.591450,0.062785,0.396242
16.591431,0.062774,0.396292
16.591412,0.062710,0.396343
16.591391,0.062659,0.396394
16.591372,0.062698,0.396444
16.591351,0.062697,0.396495
16.591331,0.062708,0.396545
16.591309,0.062645,0.396596
16.591290,0.062707,0.396646
16.591269,0.062645,0.396697
16.591248,0.062572,0.396747
16.591228,0.062572,0.396798
16.591209,0.062571,0.396848
16.591187,0.062510,0.396899
16.591167,0.062560,0.396949
16.591146,0.062487,0.397000
16.591127,0.062488,0.397050
16.591108,0.062439,0.397100
16.591087,0.062408,0.397151
16.591068,0.062339,0.397201
16.591049,0.062261,0.397251
16.591026,0.062386,0.397301
16.591007,0.062595,0.397352
16.590986,0.062604,0.397402
16.590967,0.062611,0.397453
16.590944,0.063456,0.397504
16.590916,0.064805,0.397556
16.590893,0.065200,0.397609
16.590870,0.065022,0.397661
16.590845,0.065493,0.397714
16.590816,0.067035,0.397768
16.590792,0.066692,0.397822
16.590767,0.066627,0.397876
16.590740,0.066648,0.397929
16.590715,0.066386,0.397983
16.590694,0.066092,0.398036
16.590664,0.065905,0.398089
16.590643,0.065671,0.398142
16.590620,0.065439,0.398195
16.590599,0.065088,0.398248
16.590576,0.064380,0.398300
16.590557,0.064164,0.398351
16.590534,0.063891,0.398403
16.590515,0.063261,0.398454
16.590492,0.063040,0.398505
16.590473,0.062857,0.398555
16.590452,0.062649,0.398606
16.590433,0.062441,0.398656
16.590416,0.062300,0.398706
16.590393,0.062122,0.398757
16.590374,0.062028,0.398807
16.590355,0.061902,0.398857
16.590336,0.061889,0.398906
16.590317,0.061753,0.398956
16.590298,0.061731,0.399006
16.590281,0.061660,0.399056
16.590260,0.061713,0.399106
16.590240,0.061636,0.399155
16.590221,0.061738,0.399205
16.590204,0.061730,0.399255
16.590183,0.061835,0.399305
16.590164,0.061838,0.399355
16.590145,0.061893,0.399404
16.590126,0.062001,0.399454
16.590103,0.062057,0.399504
16.590088,0.062118,0.399555
16.590065,0.062116,0.399605
16.590046,0.062237,0.399655
16.590027,0.062350,0.399705
16.590006,0.062351,0.399755
16.589983,0.062476,0.399806
16.589966,0.062427,0.399856
16.589945,0.062553,0.399907
16.589926,0.062602,0.399957
16.589905,0.062668,0.400008
16.589884,0.062669,0.400058
16.589865,0.062743,0.400109
16.589844,0.062807,0.400159
16.589821,0.062807,0.400210
16.589802,0.062796,0.400261
16.589783,0.062860,0.400311
16.589760,0.062920,0.400362
16.589741,0.062920,0.400413
16.589718,0.063034,0.400464
16.589699,0.063034,0.400515
16.589676,0.063044,0.400565
16.589657,0.063044,0.400616
16.589634,0.063044,0.400667
16.589615,0.063030,0.400718
16.589596,0.062979,0.400769
16.589573,0.062979,0.400820
16.589550,0.062975,0.400870
16.589531,0.063036,0.400921
16.589512,0.063036,0.400972
16.589489,0.063022,0.401023
16.589470,0.062970,0.401074
16.589451,0.063030,0.401124
16.589428,0.063029,0.401175
16.589405,0.063029,0.401226
16.589394,0.060537,0.401275
16.589363,0.063784,0.401326
16.589329,0.068209,0.401381
16.589306,0.067315,0.401436
16.589279,0.066964,0.401490
16.589256,0.066757,0.401544
16.589230,0.066412,0.401597
16.589207,0.066003,0.401650
16.589184,0.065626,0.401703
16.589159,0.065433,0.401756
16.589138,0.065053,0.401809
16.589115,0.064780,0.401861
16.589090,0.064417,0.401913
16.589073,0.064059,0.401964
16.589050,0.063533,0.402016
16.589031,0.063251,0.402067
16.589008,0.063024,0.402117
16.588987,0.062717,0.402168
16.588970,0.062737,0.402219
16.588949,0.062525,0.402269
16.588932,0.062258,0.402319
16.588907,0.063652,0.402371
16.588888,0.062483,0.402421
16.588875,0.061204,0.402470
16.588856,0.060349,0.402519
16.588840,0.059934,0.402567
16.588825,0.059659,0.402615
16.588808,0.059610,0.402663
16.588793,0.059592,0.402712
16.588776,0.059715,0.402760
16.588757,0.059785,0.402808
16.588741,0.059888,0.402856
16.588726,0.059856,0.402905
16.588707,0.060035,0.402953
16.588692,0.060064,0.403001
16.588673,0.060299,0.403050
16.588654,0.060347,0.403099
16.588638,0.060452,0.403147
16.588621,0.060627,0.403196
16.588602,0.060693,0.403245
16.588585,0.061250,0.403295
16.588562,0.061460,0.403344
16.588543,0.061467,0.403394
16.588524,0.062020,0.403444
16.588501,0.063320,0.403495
16.588478,0.063295,0.403546
16.588459,0.063211,0.403597
16.588436,0.063594,0.403648
16.588409,0.064893,0.403700
16.588387,0.064860,0.403753
16.588364,0.064934,0.403805
16.588341,0.065266,0.403858
16.588314,0.065448,0.403911
16.588291,0.065278,0.403963
16.588268,0.065103,0.404016
16.588245,0.064927,0.404068
16.588223,0.064870,0.404120
16.588202,0.064530,0.404172
16.588177,0.064293,0.404224
16.588154,0.064091,0.404276
16.588135,0.063865,0.404327
16.588116,0.063511,0.404379
16.588093,0.063229,0.404430
16.588074,0.063116,0.404481
16.588051,0.062951,0.404531
16.588036,0.062713,0.404582
16.588013,0.062629,0.404632
16.587992,0.062497,0.404683
16.587973,0.062383,0.404733
16.587955,0.062275,0.404783
16.587933,0.062215,0.404833
16.587914,0.062195,0.404884
16.587894,0.062120,0.404934
16.587875,0.062150,0.404984
16.587856,0.062134,0.405034
16.587833,0.062109,0.405084
16.587814,0.062214,0.405134
16.587795,0.062270,0.405184
16.587776,0.062312,0.405235
16.587757,0.062310,0.405285
16.587734,0.062429,0.405335
16.587715,0.062477,0.405386
16.587694,0.062533,0.405436
16.587673,0.062595,0.405487
16.587656,0.062668,0.405537
16.587635,0.062669,0.405588
16.587614,0.062668,0.405638
16.587593,0.062731,0.405689
16.587570,0.062782,0.405739
16.587551,0.062784,0.405790
16.587532,0.062847,0.405841
16.587509,0.062922,0.405892
16.587490,0.062874,0.405942
16.587467,0.062926,0.405993
16.587448,0.063041,0.406044
16.587425,0.063003,0.406095
16.587406,0.063055,0.406146
16.587383,0.063067,0.406196
16.587364,0.063182,0.406247
16.587345,0.063070,0.406298
16.587322,0.063070,0.406349
16.587303,0.063132,0.406400
16.587282,0.063182,0.406451
16.587261,0.063132,0.406502
16.587238,0.063182,0.406553
16.587215,0.063182,0.406604
16.587196,0.063182,0.406655
16.587177,0.063230,0.406706
16.587154,0.063230,0.406757
16.587135,0.063189,0.406808
16.587112,0.063177,0.406859
16.587090,0.063227,0.406910
16.587070,0.063141,0.406961
16.587051,0.063152,0.407012
16.587029,0.063127,0.407062
16.587006,0.063149,0.407113
16.586987,0.063147,0.407164
16.586967,0.063125,0.407215
16.586945,0.063114,0.407266
16.586922,0.063011,0.407317
16.586903,0.063094,0.407368
16.586884,0.062943,0.407419
16.586861,0.063013,0.407469
16.586842,0.062935,0.407520
16.586823,0.063010,0.407571
16.586800,0.062976,0.407622
16.586779,0.063401,0.407673
16.586754,0.063870,0.407724
16.586731,0.063937,0.407776
16.586708,0.064719,0.407828
16.586685,0.065196,0.407881
16.586658,0.065963,0.407934
16.586632,0.066260,0.407987
16.586607,0.066539,0.408041
16.586582,0.066720,0.408095
16.586555,0.066745,0.408149
16.586531,0.066797,0.408202
16.586504,0.066656,0.408256
16.586481,0.066312,0.408310
16.586456,0.066131,0.408363
16.586430,0.065867,0.408416
16.586407,0.065488,0.408469
16.586422,0.054334,0.408513
16.586403,0.057069,0.408559
16.586361,0.065686,0.408612
16.586334,0.066750,0.408666
16.586309,0.066476,0.408719
16.586285,0.066130,0.408772
16.586262,0.065794,0.408826
16.586237,0.065509,0.408878
16.586216,0.065157,0.408931
16.586193,0.064544,0.408983
16.586170,0.064154,0.409035
16.586151,0.063883,0.409086
16.586132,0.063669,0.409138
16.586109,0.063381,0.409189
16.586090,0.062923,0.409239
16.586069,0.062717,0.409290
16.586050,0.062504,0.409340
16.586029,0.062351,0.409391
16.586010,0.062025,0.409441
16.585991,0.061932,0.409491
16.585972,0.061929,0.409541
16.585953,0.061746,0.409590
16.585936,0.061718,0.409640
16.585917,0.061690,0.409690
16.585897,0.061680,0.409740
16.585878,0.061644,0.409789
16.585859,0.061669,0.409839
16.585842,0.061583,0.409889
16.585821,0.061600,0.409938
16.585804,0.061698,0.409988
16.585781,0.061846,0.410038
16.585764,0.061801,0.410088
16.585743,0.061828,0.410138
16.585724,0.061966,0.410188
16.585705,0.061952,0.410238
16.585686,0.062034,0.410288
16.585667,0.062156,0.410338
16.585644,0.062183,0.410388
16.585629,0.062213,0.410438
16.585606,0.062238,0.410488
16.585587,0.062306,0.410539
16.585567,0.062399,0.410589
16.585546,0.062395,0.410639
16.585514,0.066159,0.410693
16.585491,0.065868,0.410746
16.585472,0.064484,0.410798
16.585449,0.064053,0.410849
16.585426,0.063882,0.410901
16.585407,0.063757,0.410952
16.585386,0.063211,0.411003
16.585365,0.063249,0.411054
16.585346,0.062854,0.411105
16.585327,0.062746,0.411156
16.585306,0.062664,0.411206
16.585287,0.062556,0.411257
16.585266,0.062462,0.411307
16.585247,0.062364,0.411357
16.585226,0.062309,0.411408
16.585209,0.062230,0.411458
16.585190,0.062237,0.411508
16.585171,0.062246,0.411558
16.585148,0.062278,0.411608
16.585129,0.062194,0.411658
16.585110,0.062147,0.411709
16.585091,0.062185,0.411759
16.585072,0.062180,0.411809
16.585049,0.062321,0.411859
16.585030,0.062343,0.411909
16.585011,0.062268,0.411960
16.584991,0.062298,0.412010
16.584970,0.062407,0.412060
16.584949,0.062405,0.412111
16.584930,0.062546,0.412161
16.584909,0.062510,0.412211
16.584888,0.062588,0.412262
16.584869,0.062607,0.412312
16.584850,0.062677,0.412363
16.584829,0.062649,0.412413
16.584808,0.062745,0.412464
16.584785,0.062718,0.412515
16.584766,0.062817,0.412565
16.584747,0.062803,0.412616
16.584726,0.062853,0.412667
16.584705,0.062941,0.412717
16.584682,0.062891,0.412768
16.584663,0.062942,0.412819
16.584644,0.062992,0.412870
16.584621,0.062969,0.412920
16.584602,0.062908,0.412971
16.584583,0.063021,0.413022
16.584560,0.062971,0.413073
16.584541,0.062971,0.413124
16.584518,0.062971,0.413174
16.584499,0.062960,0.413225
16.584480,0.062960,0.413276
16.584457,0.063023,0.413327
16.584435,0.062960,0.413377
16.584415,0.062960,0.413428
16.584396,0.062960,0.413479
16.584373,0.062938,0.413530
16.584354,0.062888,0.413581
16.584335,0.062888,0.413631
16.584312,0.062910,0.413682
16.584293,0.062888,0.413733
16.584274,0.062825,0.413783
16.584251,0.062825,0.413834
16.584230,0.062825,0.413885
16.584209,0.062803,0.413935
16.584190,0.062802,0.413986
16.584169,0.062721,0.414037
16.584150,0.062742,0.414087
16.584129,0.062732,0.414138
16.584110,0.062702,0.414188
16.584089,0.062711,0.414239
16.584068,0.062724,0.414289
16.584047,0.062773,0.414340
16.584026,0.062863,0.414391
16.584007,0.063124,0.414442
16.583984,0.063456,0.414493
16.583961,0.063943,0.414544
16.583939,0.064565,0.414596
16.583916,0.065107,0.414649
16.583885,0.066383,0.414703
16.583862,0.066026,0.414756
16.583839,0.066053,0.414809
16.583809,0.066371,0.414863
16.583784,0.066532,0.414916
16.583759,0.066269,0.414970
16.583736,0.065985,0.415023
16.583714,0.065724,0.415076
16.583691,0.065374,0.415129
16.583668,0.065199,0.415181
16.583645,0.064927,0.415233
16.583622,0.064414,0.415285
16.583603,0.064148,0.415337
16.583580,0.063926,0.415389
16.583561,0.063457,0.415440
16.583538,0.063351,0.415491
16.583519,0.063209,0.415542
16.583496,0.063164,0.415593
16.583477,0.062985,0.415644
16.583458,0.062669,0.415694
16.583437,0.062539,0.415745
16.583418,0.062451,0.415795
16.583399,0.062325,0.415845
16.583378,0.062236,0.415895
16.583359,0.062137,0.415946
16.583340,0.062067,0.415996
16.583321,0.061998,0.416046
16.583302,0.062026,0.416096
16.583282,0.062005,0.416146
16.583263,0.061987,0.416196
16.583244,0.061991,0.416246
16.583225,0.062086,0.416296
16.583202,0.062077,0.416346
16.583183,0.062071,0.416396
16.583164,0.062131,0.416446
16.583145,0.062249,0.416496
16.583126,0.062189,0.416546
16.583107,0.062312,0.416597
16.583086,0.062311,0.416647
16.583065,0.062302,0.416697
16.583050,0.062325,0.416747
16.583025,0.062439,0.416798
16.583004,0.062450,0.416848
16.582987,0.062442,0.416898
16.582966,0.062505,0.416949
16.582945,0.062579,0.416999
16.582926,0.062642,0.417050
16.582907,0.062654,0.417100
16.582886,0.062571,0.417151
16.582867,0.062509,0.417201
16.582844,0.062561,0.417252
16.582823,0.062609,0.417302
16.582806,0.062642,0.417353
16.582785,0.062579,0.417403
16.582764,0.062579,0.417453
16.582745,0.062595,0.417504
16.582726,0.062522,0.417554
16.582705,0.062493,0.417605
16.582685,0.062481,0.417655
16.582663,0.062409,0.417706
16.582644,0.062427,0.417756
16.582624,0.062490,0.417806
16.582603,0.062431,0.417857
16.582586,0.062468,0.417907
16.582565,0.062552,0.417957
16.582542,0.062780,0.418008
16.582523,0.062718,0.418059
16.582504,0.063135,0.418110
16.582478,0.064030,0.418161
16.582455,0.063983,0.418213
16.582432,0.064288,0.418265
16.582409,0.065011,0.418317
16.582384,0.065636,0.418370
16.582359,0.065484,0.418423
16.582335,0.065569,0.418476
16.582312,0.065710,0.418529
16.582287,0.065812,0.418582
16.582262,0.065581,0.418635
16.582239,0.065384,0.418687
16.582216,0.065397,0.418740
16.582195,0.065249,0.418793
16.582172,0.064786,0.418845
16.582148,0.064521,0.418897
16.582127,0.064396,0.418949
16.582104,0.064125,0.419001
16.582085,0.063826,0.419052
16.582062,0.063558,0.419103
16.582041,0.063421,0.419155
16.582020,0.063236,0.419206
16.582001,0.062921,0.419256
16.581982,0.062739,0.419307
16.581963,0.062533,0.419357
16.581942,0.062461,0.419408
16.581921,0.062270,0.419458
16.581902,0.062200,0.419508
16.581882,0.062141,0.419558
16.581871,0.062140,0.419598
16.581848,0.062126,0.419648
16.581829,0.062058,0.419698
16.581810,0.061930,0.419748
16.581791,0.061990,0.419798
16.581772,0.061985,0.419848
16.581753,0.061976,0.419898
16.581734,0.061987,0.419948
16.581715,0.062065,0.419998
16.581696,0.061992,0.420048
16.581676,0.062049,0.420098
16.581654,0.062122,0.420148
16.581635,0.062194,0.420199
16.581627,0.058865,0.420246
16.581606,0.060690,0.420295
16.581570,0.065992,0.420348
16.581541,0.067777,0.420403
16.581516,0.066950,0.420457
16.581490,0.066691,0.420511
16.581467,0.066354,0.420564
16.581444,0.065959,0.420617
16.581421,0.065681,0.420670
16.581398,0.065290,0.420723
16.581375,0.064957,0.420775
16.581352,0.064656,0.420828
16.581333,0.064072,0.420879
16.581310,0.063797,0.420931
16.581289,0.063517,0.420982
16.581268,0.063247,0.421033
16.581249,0.062799,0.421084
16.581230,0.062587,0.421134
16.581209,0.062319,0.421184
16.581192,0.062132,0.421234
16.581173,0.062144,0.421284
16.581154,0.061877,0.421334
16.581137,0.061811,0.421384
16.581114,0.061759,0.421434
16.581097,0.061527,0.421484
16.581078,0.061687,0.421533
16.581059,0.061633,0.421583
16.581039,0.061415,0.421633
16.581022,0.061529,0.421682
16.581003,0.061645,0.421732
16.580984,0.061654,0.421782
16.580963,0.061834,0.421832
16.580946,0.061669,0.421881
16.580925,0.061775,0.421931
16.580906,0.061946,0.421981
16.580887,0.061915,0.422031
16.580868,0.062031,0.422081
16.580849,0.062095,0.422131
16.580830,0.062243,0.422181
16.580811,0.062037,0.422231
16.580788,0.062151,0.422281
16.580769,0.062211,0.422332
16.580750,0.062291,0.422382
16.580730,0.062407,0.422432
16.580709,0.062452,0.422483
16.580690,0.062470,0.422533
16.580671,0.062453,0.422583
16.580650,0.062499,0.422634
16.580629,0.062583,0.422684
16.580612,0.062547,0.422735
16.580589,0.062632,0.422785
16.580568,0.062630,0.422836
16.580549,0.062646,0.422886
16.580528,0.062678,0.422937
16.580509,0.062675,0.422987
16.580490,0.062796,0.423038
16.580467,0.062804,0.423088
16.580448,0.062849,0.423139
16.580425,0.062843,0.423190
16.580395,0.066907,0.423244
16.580370,0.066335,0.423297
16.580353,0.064005,0.423349
16.580332,0.063227,0.423400
16.580311,0.062958,0.423451
16.580292,0.062753,0.423501
16.580273,0.062331,0.423552
16.580254,0.062169,0.423602
16.580235,0.062064,0.423652
16.580215,0.062100,0.423702
16.580196,0.062065,0.423752
16.580175,0.062240,0.423802
16.580156,0.062302,0.423852
16.580135,0.062449,0.423903
16.580114,0.062413,0.423953
16.580095,0.062365,0.424003
16.580076,0.062535,0.424054
16.580055,0.062545,0.424104
16.580034,0.062669,0.424155
16.580017,0.062669,0.424205
16.579994,0.062759,0.424256
16.579975,0.062834,0.424307
16.579956,0.062740,0.424357
16.579933,0.062670,0.424408
16.579910,0.062949,0.424458
16.579891,0.062879,0.424509
16.579872,0.062794,0.424560
16.579851,0.062742,0.424610
16.579832,0.062657,0.424661
16.579811,0.062774,0.424712
16.579792,0.062747,0.424762
16.579771,0.062616,0.424813
16.579750,0.062702,0.424863
16.579731,0.062650,0.424914
16.579710,0.062704,0.424964
16.579691,0.062515,0.425015
16.579670,0.062666,0.425065
16.579649,0.062585,0.425116
16.579630,0.062558,0.425166
16.579611,0.062587,0.425217
16.579590,0.062547,0.425267
16.579571,0.062484,0.425318
16.579550,0.062583,0.425368
16.579531,0.062559,0.425418
16.579510,0.062557,0.425469
16.579489,0.062521,0.425519
16.579468,0.062520,0.425570
16.579451,0.062519,0.425620
16.579430,0.062567,0.425671
16.579409,0.062608,0.425721
16.579390,0.062563,0.425772
16.579369,0.062563,0.425822
16.579350,0.062625,0.425873
16.579330,0.062626,0.425923
16.579309,0.062626,0.425974
16.579287,0.062625,0.426024
16.579268,0.062696,0.426075
16.579247,0.062698,0.426125
16.579227,0.062698,0.426176
16.579208,0.062823,0.426226
16.579187,0.062762,0.426277
16.579166,0.062762,0.426328
16.579144,0.062825,0.426378
16.579124,0.062835,0.426429
16.579105,0.062849,0.426480
16.579082,0.062839,0.426530
16.579063,0.062828,0.426581
16.579041,0.062839,0.426632
16.579021,0.062850,0.426682
16.579002,0.062871,0.426733
16.578983,0.062946,0.426784
16.578960,0.062849,0.426835
16.578941,0.062867,0.426885
16.578922,0.062898,0.426936
16.578899,0.062920,0.426987
16.578880,0.062885,0.427037
16.578857,0.062874,0.427088
16.578838,0.062864,0.427139
16.578815,0.062915,0.427190
16.578796,0.062842,0.427240
16.578773,0.062887,0.427291
16.578754,0.062817,0.427342
16.578735,0.062908,0.427392
16.578712,0.062960,0.427443
16.578693,0.063251,0.427494
16.578671,0.063727,0.427545
16.578650,0.063647,0.427597
16.578629,0.063839,0.427648
16.578604,0.064325,0.427700
16.578583,0.064685,0.427752
16.578560,0.064545,0.427804
16.578533,0.065203,0.427857
16.578510,0.065237,0.427910
16.578484,0.065854,0.427963
16.578461,0.065644,0.428016
16.578436,0.065700,0.428069
16.578411,0.065816,0.428122
16.578388,0.065797,0.428175
16.578363,0.065398,0.428227
16.578341,0.065419,0.428280
16.578318,0.065347,0.428333
16.578297,0.065166,0.428385
16.578272,0.064817,0.428438
16.578249,0.064741,0.428490
16.578226,0.064389,0.428542
16.578205,0.064114,0.428594
16.578182,0.063932,0.428645
16.578165,0.063557,0.428696
16.578144,0.063388,0.428747
16.578121,0.063184,0.428798
16.578102,0.062829,0.428849
16.578083,0.062753,0.428900
16.578062,0.062572,0.428950
16.578043,0.062472,0.429001
16.578024,0.062403,0.429051
16.578003,0.062456,0.429101
16.577984,0.062286,0.429151
16.577965,0.062264,0.429202
16.577946,0.062209,0.429252
16.577927,0.062197,0.429302
16.577904,0.062192,0.429352
16.577885,0.062186,0.429402
16.577866,0.062148,0.429452
16.577847,0.062207,0.429503
16.577827,0.062316,0.429553
16.577808,0.062324,0.429603
16.577787,0.062333,0.429653
16.577770,0.062334,0.429704
16.577749,0.062404,0.429754
16.577730,0.062345,0.429804
16.577709,0.062479,0.429855
16.577688,0.062543,0.429905
16.577669,0.062606,0.429956
16.577648,0.062668,0.430006
16.577627,0.062693,0.430057
16.577608,0.062693,0.430107
16.577587,0.062696,0.430158
16.577564,0.062883,0.430208
16.577545,0.062846,0.430259
16.577526,0.062895,0.430310
16.577507,0.062895,0.430361
16.577484,0.062922,0.430411
16.577465,0.062971,0.430462
16.577446,0.062922,0.430513
16.577423,0.062971,0.430564
16.577412,0.059753,0.430612
16.577389,0.061625,0.430662
16.577345,0.069548,0.430718
16.577320,0.068300,0.430773
16.577293,0.067770,0.430827
16.577271,0.067306,0.430882
16.577246,0.066742,0.430936
16.577221,0.066551,0.430989
16.577194,0.066138,0.431043
16.577171,0.065751,0.431096
16.577150,0.065382,0.431148
16.577122,0.066888,0.431202
16.577091,0.068640,0.431258
16.577061,0.069188,0.431313
16.577057,0.062245,0.431364
16.577042,0.060205,0.431412
16.577030,0.058283,0.431459
16.577023,0.056755,0.431505
16.577011,0.056198,0.431550
16.576996,0.056564,0.431596
16.576986,0.056853,0.431642
16.576973,0.056963,0.431688
16.576962,0.057200,0.431734
16.576948,0.056670,0.431779
16.576935,0.056237,0.431825
16.576923,0.056477,0.431870
16.576908,0.057074,0.431916
16.576897,0.057242,0.431962
16.576881,0.057398,0.432009
16.576868,0.057533,0.432055
16.576855,0.057426,0.432101
16.576841,0.057481,0.432148
16.576824,0.058225,0.432195
16.576809,0.058638,0.432242
16.576792,0.059244,0.432290
16.576775,0.059853,0.432338
16.576759,0.059820,0.432386
16.576744,0.059450,0.432434
16.576721,0.059812,0.432483
16.576706,0.060187,0.432531
16.576689,0.060564,0.432580
16.576672,0.060982,0.432629
16.576651,0.061490,0.432679
16.576633,0.061128,0.432728
16.576612,0.061457,0.432778
16.576593,0.062288,0.432828
16.576572,0.062695,0.432878
16.576550,0.063055,0.432929
16.576525,0.063336,0.432980
16.576504,0.063921,0.433032
16.576481,0.064166,0.433084
16.576462,0.064144,0.433135
16.576439,0.064176,0.433187
16.576414,0.064311,0.433239
16.576393,0.064111,0.433291
16.576370,0.064370,0.433343
16.576347,0.064340,0.433394
16.576324,0.064242,0.433446
16.576305,0.064174,0.433498
16.576281,0.064380,0.433550
16.576260,0.064274,0.433602
16.576237,0.064342,0.433654
16.576214,0.064377,0.433706
16.576191,0.064310,0.433757
16.576172,0.064212,0.433809
16.576147,0.064316,0.433861
16.576124,0.064346,0.433913
16.576099,0.064458,0.433965
16.576078,0.064353,0.434017
16.576056,0.064489,0.434069
16.576033,0.064558,0.434121
16.576010,0.064354,0.434173
16.575989,0.064496,0.434225
16.575966,0.064598,0.434277
16.575943,0.064705,0.434329
16.575920,0.064669,0.434381
16.575897,0.064606,0.434433
16.575871,0.064777,0.434486
16.575848,0.064885,0.434538
16.575825,0.064876,0.434590
16.575802,0.064800,0.434642
16.575779,0.064885,0.434695
16.575756,0.064908,0.434747
16.575733,0.065016,0.434800
16.575710,0.064876,0.434852
16.575687,0.065084,0.434904
16.575665,0.064949,0.434957
16.575642,0.064940,0.435009
16.575619,0.064943,0.435062
16.575596,0.064975,0.435114
16.575569,0.065074,0.435166
16.575546,0.065216,0.435219
16.575523,0.065116,0.435272
16.575500,0.065107,0.435324
16.575478,0.064966,0.435376
16.575455,0.065002,0.435429
16.575432,0.065034,0.435481
16.575409,0.065034,0.435534
16.575386,0.064958,0.435586
16.575363,0.065034,0.435639
16.575340,0.064926,0.435691
16.575317,0.064962,0.435743
16.575294,0.064954,0.435796
16.575272,0.064962,0.435848
16.575245,0.064922,0.435900
16.575222,0.064922,0.435953
16.575199,0.064922,0.436005
16.575176,0.064915,0.436058
16.575153,0.064778,0.436110
16.575130,0.064846,0.436162
16.575111,0.064710,0.436214
16.575089,0.064785,0.436267
16.575066,0.064748,0.436319
16.575043,0.064672,0.436371
16.575020,0.064816,0.436423
16.574997,0.064778,0.436475
16.574970,0.064747,0.436528
16.574947,0.064815,0.436580
16.574926,0.064710,0.436632
16.574903,0.064641,0.436684
16.574881,0.064716,0.436736
16.574858,0.064679,0.436789
16.574835,0.064679,0.436841
16.574814,0.064648,0.436893
16.574791,0.064704,0.436945
16.574768,0.064605,0.436997
16.574745,0.064605,0.437049
16.574724,0.064679,0.437101
16.574701,0.064642,0.437153
16.574677,0.064679,0.437206
16.574654,0.064679,0.437258
16.574633,0.064611,0.437310
16.574612,0.064641,0.437362
16.574589,0.064679,0.437414
16.574562,0.065549,0.437467
16.574535,0.066306,0.437521
16.574505,0.068026,0.437575
16.574474,0.069080,0.437631
16.574438,0.071236,0.437689
16.574406,0.072626,0.437747
16.574364,0.075091,0.437808
16.574322,0.076504,0.437869
16.574276,0.079499,0.437933
16.574226,0.081234,0.437999
16.574177,0.083427,0.438066
16.574123,0.085782,0.438135
16.574062,0.088567,0.438207
16.574001,0.090670,0.438280
16.573952,0.089153,0.438352
16.573906,0.086661,0.438422
16.573868,0.082998,0.438489
16.573830,0.080939,0.438554
16.573795,0.077917,0.438617
16.573761,0.076016,0.438678
16.573730,0.074236,0.438738
16.573704,0.071883,0.438796
16.573675,0.070357,0.438853
16.573652,0.068168,0.438908
16.573631,0.066939,0.438962
16.573612,0.065181,0.439014
16.573587,0.065248,0.439067
16.573565,0.065316,0.439119
16.573542,0.065348,0.439172
16.573519,0.065416,0.439225
16.573496,0.065306,0.439278
16.573471,0.065853,0.439331
16.573448,0.065786,0.439384
16.573425,0.065786,0.439437
16.573402,0.065751,0.439490
16.573376,0.065853,0.439543
16.573353,0.065786,0.439596
16.573330,0.065786,0.439649
16.573307,0.065778,0.439702
16.573280,0.065745,0.439755
16.573259,0.065499,0.439808
16.573236,0.065567,0.439861
16.573214,0.065769,0.439914
16.573189,0.065769,0.439967
16.573166,0.065871,0.440020
16.573143,0.065635,0.440073
16.573120,0.065401,0.440126
16.573097,0.065567,0.440179
16.573072,0.065704,0.440232
16.573050,0.065704,0.440284
16.573027,0.065603,0.440337
16.573004,0.065357,0.440390
16.572979,0.065570,0.440443
16.572956,0.065728,0.440496
16.572933,0.065728,0.440549
16.572910,0.065570,0.440602
16.572889,0.065425,0.440655
16.572865,0.065293,0.440707
16.572842,0.065494,0.440760
16.572819,0.065595,0.440813
16.572796,0.065595,0.440866
16.572773,0.065393,0.440919
16.572748,0.065562,0.440972
16.572725,0.065562,0.441024
16.572702,0.065595,0.441077
16.572680,0.065595,0.441130
16.572657,0.065425,0.441183
16.572634,0.065462,0.441236
16.572611,0.065631,0.441289
16.572588,0.065663,0.441342
16.572565,0.065425,0.441394
16.572540,0.065393,0.441447
16.572515,0.065595,0.441500
16.572493,0.065765,0.441553
16.572468,0.065595,0.441606
16.572445,0.065595,0.441659
16.572422,0.065425,0.441712
16.572401,0.065425,0.441764
16.572378,0.065663,0.441817
16.572355,0.065562,0.441870
16.572330,0.065627,0.441923
16.572308,0.065765,0.441976
16.572285,0.065562,0.442029
16.572262,0.065526,0.442082
16.572237,0.065526,0.442135
16.572212,0.065696,0.442188
16.572191,0.065688,0.442241
16.572166,0.065790,0.442294
16.572144,0.065663,0.442347
16.572121,0.065595,0.442400
16.572098,0.065595,0.442452
16.572075,0.065631,0.442505
16.572054,0.065631,0.442558
16.572029,0.065663,0.442611
16.572006,0.065765,0.442664
16.571983,0.065765,0.442717
16.571960,0.065595,0.442770
16.571936,0.065562,0.442823
16.571913,0.065393,0.442876
16.571888,0.065725,0.442929
16.571867,0.065595,0.442982
16.571842,0.065595,0.443035
16.571821,0.065393,0.443087
16.571798,0.065587,0.443140
16.571775,0.065765,0.443193
16.571751,0.065631,0.443246
16.571728,0.065526,0.443299
16.571705,0.065631,0.443352
16.571682,0.065587,0.443405
16.571659,0.065494,0.443458
16.571632,0.065790,0.443511
16.571611,0.065765,0.443564
16.571589,0.065688,0.443617
16.571568,0.065562,0.443670
16.571543,0.065631,0.443723
16.571520,0.065562,0.443776
16.571497,0.065663,0.443829
16.571474,0.065663,0.443882
16.571449,0.065494,0.443934
16.571426,0.065494,0.443987
16.571404,0.065732,0.444040
16.571381,0.065732,0.444093
16.571360,0.065494,0.444146
16.571335,0.065663,0.444199
16.571312,0.065866,0.444252
16.571289,0.065595,0.444305
16.571266,0.065595,0.444358
16.571241,0.065425,0.444411
16.571217,0.065663,0.444464
16.571198,0.065663,0.444517
16.571175,0.065663,0.444569
16.571148,0.065765,0.444623
16.571125,0.065790,0.444676
16.571104,0.065732,0.444729
16.571079,0.065595,0.444781
16.571056,0.065526,0.444834
16.571033,0.065526,0.444887
16.571012,0.065526,0.444940
16.570990,0.065494,0.444993
16.570967,0.065393,0.445046
16.570942,0.065663,0.445099
16.570919,0.065663,0.445151
16.570896,0.065494,0.445204
16.570875,0.065494,0.445257
16.570850,0.065663,0.445310
16.570827,0.065562,0.445363
16.570805,0.065595,0.445416
16.570782,0.065562,0.445469
16.570759,0.065663,0.445522
16.570736,0.065526,0.445574
16.570713,0.065663,0.445627
16.570690,0.065595,0.445680
16.570667,0.065595,0.445733
16.570642,0.065595,0.445786
16.570621,0.065325,0.445839
16.570599,0.065603,0.445892
16.570576,0.065526,0.445945
16.570553,0.066043,0.445998
16.570522,0.066996,0.446052
16.570496,0.068247,0.446107
16.570463,0.069585,0.446163
16.570435,0.069947,0.446219
16.570402,0.071466,0.446277
16.570370,0.072239,0.446335
16.570333,0.073509,0.446395
16.570295,0.074549,0.446455
16.570255,0.076193,0.446516
16.570213,0.077909,0.446579
16.570171,0.078845,0.446643
16.570129,0.079673,0.446707
16.570084,0.080897,0.446772
16.570036,0.082324,0.446838
16.569992,0.083424,0.446906
16.569939,0.085012,0.446974
16.569887,0.086174,0.447044
16.569834,0.087186,0.447114
16.569786,0.085868,0.447183
16.569744,0.084301,0.447251
16.569702,0.082597,0.447318
16.569672,0.079344,0.447382
16.569633,0.077897,0.447445
16.569601,0.076509,0.447506
16.569572,0.073921,0.447566
16.569538,0.073974,0.447626
16.569511,0.071624,0.447683
16.569485,0.070599,0.447740
16.569458,0.069713,0.447797
16.569435,0.068883,0.447852
16.569412,0.067222,0.447906
16.569391,0.066597,0.447960
16.569370,0.065951,0.448013
16.569351,0.064773,0.448066
16.569330,0.064287,0.448117
16.569309,0.063786,0.448169
16.569290,0.063461,0.448220
16.569273,0.062568,0.448270
16.569258,0.062186,0.448321
16.569241,0.061978,0.448371
16.569223,0.061624,0.448420
16.569206,0.061018,0.448469
16.569191,0.060842,0.448519
16.569178,0.060588,0.448567
16.569160,0.060390,0.448616
16.569145,0.059927,0.448664
16.569134,0.059880,0.448713
16.569118,0.059677,0.448761
16.569105,0.059412,0.448809
16.569088,0.059274,0.448857
16.569077,0.059124,0.448904
16.569061,0.059054,0.448952
16.569050,0.058901,0.448999
16.569035,0.058803,0.449047
16.569021,0.058736,0.449094
16.569008,0.058543,0.449141
16.568995,0.058490,0.449189
16.568983,0.058331,0.449236
16.568970,0.058246,0.449283
16.568954,0.058246,0.449330
16.568943,0.058112,0.449376
16.568932,0.058058,0.449423
16.568916,0.057986,0.449470
16.568905,0.057925,0.449517
16.568893,0.057928,0.449563
16.568882,0.057751,0.449610
16.568871,0.057703,0.449657
16.568855,0.057704,0.449703
16.568842,0.057667,0.449750
16.568832,0.057724,0.449796
16.568819,0.057617,0.449843
16.568806,0.058007,0.449889
16.568790,0.058081,0.449936
16.568779,0.058236,0.449983
16.568764,0.058104,0.450030
16.568752,0.058543,0.450077
16.568737,0.058484,0.450124
16.568722,0.058745,0.450172
16.568710,0.058678,0.450219
16.568697,0.058598,0.450266
16.568682,0.058783,0.450314
16.568668,0.058707,0.450361
16.568653,0.058991,0.450409
16.568638,0.058930,0.450456
16.568626,0.058956,0.450504
16.568611,0.058983,0.450551
16.568596,0.058953,0.450599
16.568581,0.058995,0.450646
16.568565,0.059060,0.450694
16.568554,0.059085,0.450742
16.568539,0.059065,0.450789
16.568523,0.059268,0.450837
16.568512,0.059153,0.450885
16.568497,0.059223,0.450933
16.568481,0.059188,0.450980
16.568466,0.059242,0.451028
16.568451,0.059269,0.451076
16.568436,0.059309,0.451124
16.568420,0.059265,0.451172
16.568409,0.059278,0.451219
16.568392,0.059274,0.451267
16.568375,0.059216,0.451315
16.568363,0.059292,0.451363
16.568346,0.059268,0.451411
16.568333,0.059325,0.451458
16.568317,0.059416,0.451506
16.568302,0.059370,0.451554
16.568289,0.059350,0.451602
16.568272,0.059405,0.451650
16.568256,0.059505,0.451698
16.568243,0.059512,0.451746
16.568228,0.059499,0.451794
16.568213,0.059514,0.451842
16.568197,0.059485,0.451890
16.568184,0.059486,0.451938
16.568167,0.059653,0.451986
16.568151,0.059618,0.452034
16.568136,0.059637,0.452082
16.568121,0.059656,0.452130
16.568104,0.059756,0.452178
16.568089,0.059759,0.452227
16.568073,0.059746,0.452275
16.568058,0.059818,0.452323
16.568043,0.059892,0.452371
16.568027,0.059925,0.452420
16.568012,0.059882,0.452468
16.567997,0.060026,0.452516
16.567982,0.060008,0.452565
16.567963,0.060094,0.452613
16.567947,0.060144,0.452662
16.567932,0.060097,0.452710
16.567917,0.060152,0.452759
16.567898,0.060253,0.452807
16.567881,0.060271,0.452856
16.567865,0.060289,0.452904
16.567848,0.060345,0.452953
16.567833,0.060304,0.453002
16.567816,0.060449,0.453051
16.567799,0.060431,0.453099
16.567783,0.060455,0.453148
16.567766,0.060562,0.453197
16.567749,0.060478,0.453246
16.567734,0.060627,0.453295
16.567719,0.060644,0.453343
16.567699,0.060603,0.453392
16.567684,0.060684,0.453441
16.567665,0.060749,0.453490
16.567646,0.060785,0.453539
16.567631,0.060693,0.453588
16.567616,0.060828,0.453637
16.567596,0.060843,0.453686
16.567581,0.060881,0.453735
16.567562,0.060953,0.453785
16.567547,0.060937,0.453834
16.567528,0.060912,0.453883
16.567513,0.060954,0.453932
16.567493,0.061060,0.453981
16.567478,0.061122,0.454031
16.567459,0.061044,0.454080
16.567444,0.061075,0.454129
16.567425,0.061149,0.454178
16.567406,0.061115,0.454228
16.567390,0.061115,0.454277
16.567371,0.061124,0.454326
16.567352,0.061167,0.454376
16.567337,0.061167,0.454425
16.567318,0.061198,0.454474
16.567303,0.061111,0.454524
16.567284,0.061154,0.454573
16.567266,0.061230,0.454622
16.567249,0.061208,0.454672
16.567230,0.061241,0.454721
16.567213,0.061252,0.454770
16.567196,0.061252,0.454820
16.567181,0.061295,0.454869
16.567162,0.061308,0.454919
16.567142,0.061308,0.454968
16.567127,0.061275,0.455017
16.567108,0.061254,0.455067
16.567093,0.061232,0.455116
16.567074,0.061310,0.455166
16.567053,0.061290,0.455215
16.567036,0.061236,0.455265
16.567020,0.061270,0.455314
16.567001,0.061358,0.455363
16.566982,0.061261,0.455413
16.566965,0.061320,0.455462
16.566946,0.061266,0.455512
16.566929,0.061345,0.455561
16.566914,0.061280,0.455611
16.566895,0.061272,0.455660
16.566877,0.061363,0.455709
16.566860,0.061245,0.455759
16.566841,0.061316,0.455808
16.566822,0.061320,0.455858
16.566805,0.061347,0.455907
16.566790,0.061325,0.455957
16.566771,0.061332,0.456006
16.566753,0.061435,0.456056
16.566734,0.061318,0.456105
16.566717,0.061346,0.456155
16.566696,0.061340,0.456204
16.566679,0.061356,0.456253
16.566662,0.061343,0.456303
16.566643,0.061401,0.456352
16.566628,0.061430,0.456402
16.566608,0.061436,0.456452
16.566591,0.061366,0.456501
16.566572,0.061408,0.456551
16.566555,0.061414,0.456600
16.566536,0.061415,0.456650
16.566519,0.061433,0.456699
16.566502,0.061441,0.456749
16.566483,0.061403,0.456798
16.566465,0.061410,0.456848
16.566446,0.061424,0.456897
16.566429,0.061431,0.456947
16.566410,0.061416,0.456996
16.566393,0.061448,0.457046
16.566374,0.061496,0.457096
16.566357,0.061441,0.457145
16.566339,0.061457,0.457195
16.566320,0.061466,0.457244
16.566303,0.061514,0.457294
16.566284,0.061500,0.457343
16.566267,0.061517,0.457393
16.566248,0.061540,0.457443
16.566229,0.061561,0.457492
16.566210,0.061512,0.457542
16.566193,0.061534,0.457592
16.566174,0.061530,0.457641
16.566156,0.061591,0.457691
16.566137,0.061576,0.457741
16.566120,0.061586,0.457790
16.566101,0.061585,0.457840
16.566084,0.061584,0.457889
16.566065,0.061583,0.457939
16.566048,0.061560,0.457989
16.566029,0.061571,0.458038
16.566011,0.061582,0.458088
16.565992,0.061593,0.458138
16.565975,0.061681,0.458188
16.565956,0.061642,0.458237
16.565939,0.061642,0.458287
16.565918,0.061620,0.458337
16.565899,0.061642,0.458386
16.565880,0.061654,0.458436
16.565863,0.061583,0.458486
16.565845,0.061694,0.458535
16.565826,0.061717,0.458585
16.565809,0.061657,0.458635
16.565788,0.061675,0.458685
16.565773,0.061697,0.458734
16.565754,0.061637,0.458784
16.565735,0.061721,0.458834
16.565716,0.061605,0.458884
16.565699,0.061739,0.458933
16.565678,0.061690,0.458983
16.565662,0.061652,0.459033
16.565643,0.061765,0.459083
16.565624,0.061788,0.459132
16.565605,0.061767,0.459182
16.565588,0.061707,0.459232
16.565567,0.061707,0.459282
16.565548,0.061820,0.459332
16.565533,0.061797,0.459381
16.565512,0.061773,0.459431
16.565495,0.061796,0.459481
16.565475,0.061796,0.459531
16.565456,0.061824,0.459581
16.565437,0.061838,0.459631
16.565418,0.061764,0.459680
16.565399,0.061815,0.459730
16.565380,0.061815,0.459780
16.565361,0.061829,0.459830
16.565342,0.061807,0.459880
16.565323,0.061829,0.459930
16.565308,0.061829,0.459980
16.565289,0.061829,0.460029
16.565269,0.061821,0.460079
16.565250,0.061843,0.460129
16.565231,0.061806,0.460179
16.565214,0.061744,0.460229
16.565197,0.061821,0.460279
16.565174,0.061750,0.460328
16.565159,0.061699,0.460378
16.565140,0.061721,0.460428
16.565121,0.061843,0.460478
16.565102,0.061843,0.460528
16.565083,0.061843,0.460578
16.565063,0.061781,0.460627
16.565044,0.061821,0.460677
16.565029,0.061807,0.460727
16.565006,0.061807,0.460777
16.564991,0.061829,0.460827
16.564972,0.061852,0.460877
16.564953,0.061829,0.460927
16.564934,0.061852,0.460976
16.564915,0.061852,0.461026
16.564896,0.061767,0.461076
16.564877,0.061838,0.461126
16.564857,0.061804,0.461176
16.564838,0.061875,0.461226
16.564819,0.061824,0.461276
16.564804,0.061824,0.461325
16.564781,0.061847,0.461375
16.564766,0.061773,0.461425
16.564747,0.061811,0.461475
16.564728,0.061882,0.461525
16.564709,0.061820,0.461575
16.564690,0.061831,0.461625
16.564671,0.061868,0.461675
16.564651,0.061806,0.461724
16.564632,0.061806,0.461774
16.564613,0.061906,0.461824
16.564594,0.061915,0.461874
16.564575,0.061816,0.461924
16.564560,0.061838,0.461974
16.564541,0.061803,0.462024
16.564522,0.061874,0.462073
16.564503,0.061925,0.462123
16.564484,0.061884,0.462173
16.564465,0.061861,0.462223
16.564445,0.061884,0.462273
16.564426,0.061910,0.462323
16.564407,0.061994,0.462373
16.564388,0.061858,0.462423
16.564369,0.061858,0.462473
16.564350,0.061930,0.462523
16.564331,0.061930,0.462573
16.564316,0.061991,0.462623
16.564293,0.061929,0.462673
16.564278,0.061905,0.462723
16.564259,0.061905,0.462773
16.564236,0.061955,0.462822
16.564217,0.061966,0.462872
16.564222,0.054615,0.462917
16.564213,0.054825,0.462961
16.564194,0.057912,0.463007
16.564159,0.064060,0.463059
16.564102,0.075469,0.463120
16.564056,0.078056,0.463183
16.564020,0.077443,0.463245
16.563984,0.076281,0.463307
16.563950,0.074893,0.463367
16.563915,0.074890,0.463428
16.563885,0.072726,0.463486
16.563858,0.071569,0.463544
16.563831,0.070731,0.463601
16.563805,0.069610,0.463657
16.563778,0.068763,0.463713
16.563751,0.067938,0.463767
16.563728,0.067004,0.463822
16.563707,0.065606,0.463874
16.563684,0.065199,0.463927
16.563663,0.064229,0.463979
16.563644,0.063789,0.464030
16.563625,0.063352,0.464081
16.563606,0.062756,0.464132
16.563587,0.062490,0.464182
16.563568,0.062181,0.464232
16.563549,0.062445,0.464283
16.563534,0.061627,0.464333
16.563515,0.061969,0.464383
16.563492,0.061805,0.464432
16.563477,0.061333,0.464482
16.563459,0.061318,0.464531
16.563438,0.062057,0.464581
16.563419,0.062304,0.464632
16.563400,0.062290,0.464682
16.563383,0.061208,0.464731
16.563366,0.061811,0.464781
16.563347,0.061370,0.464831
16.563330,0.061549,0.464880
16.563309,0.061885,0.464930
16.563290,0.062369,0.464980
16.563272,0.061585,0.465030
16.563255,0.061635,0.465080
16.563232,0.062195,0.465130
16.563215,0.061808,0.465180
16.563194,0.062054,0.465230
16.563179,0.062090,0.465280
16.563156,0.062374,0.465330
16.563137,0.062323,0.465380
16.563118,0.062709,0.465431
16.563097,0.062709,0.465482
16.563076,0.062870,0.465532
16.563059,0.062286,0.465582
16.563038,0.062670,0.465633
16.563015,0.062845,0.465684
16.563000,0.062177,0.465734
16.562981,0.062351,0.465784
16.562960,0.062475,0.465835
16.562939,0.062822,0.465885
16.562920,0.062895,0.465936
16.562901,0.062397,0.465986
16.562881,0.062570,0.466037
16.562862,0.062621,0.466087
16.562841,0.062408,0.466138
16.562822,0.062457,0.466188
16.562803,0.062457,0.466238
16.562782,0.062793,0.466289
16.562765,0.062644,0.466339
16.562744,0.062754,0.466390
16.562723,0.062754,0.466441
16.562702,0.062915,0.466491
16.562685,0.062640,0.466542
16.562664,0.062640,0.466592
16.562645,0.062689,0.466643
16.562626,0.062737,0.466694
16.562605,0.062478,0.466744
16.562584,0.062714,0.466795
16.562567,0.062775,0.466845
16.562546,0.062712,0.466896
16.562525,0.062401,0.466946
16.562508,0.062610,0.466997
16.562485,0.062610,0.467047
16.562466,0.062511,0.467097
16.562449,0.062572,0.467148
16.562428,0.062559,0.467198
16.562407,0.062508,0.467249
16.562389,0.062559,0.467299
16.562368,0.062421,0.467350
16.562351,0.062645,0.467400
16.562330,0.062398,0.467450
16.562309,0.062582,0.467501
16.562292,0.062570,0.467551
16.562271,0.062519,0.467602
16.562252,0.062481,0.467652
16.562233,0.062531,0.467703
16.562212,0.062531,0.467753
16.562199,0.062531,0.467793
16.562178,0.062492,0.467844
16.562157,0.062542,0.467894
16.562140,0.062592,0.467945
16.562119,0.062579,0.467995
16.562098,0.062479,0.468045
16.562080,0.062467,0.468096
16.562059,0.062541,0.468146
16.562040,0.062429,0.468197
16.562021,0.062367,0.468247
16.562000,0.062479,0.468297
16.561981,0.062517,0.468348
16.561962,0.062429,0.468398
16.561943,0.062491,0.468448
16.561924,0.062541,0.468499
16.561903,0.062468,0.468549
16.561884,0.062411,0.468600
16.561865,0.062411,0.468650
16.561846,0.062371,0.468700
16.561825,0.062418,0.468751
16.561808,0.062430,0.468801
16.561787,0.062493,0.468851
16.561766,0.062481,0.468902
16.561749,0.062357,0.468952
16.561728,0.062469,0.469002
16.561710,0.062457,0.469053
16.561689,0.062334,0.469103
16.561670,0.062296,0.469153
16.561651,0.062409,0.469204
16.561630,0.062521,0.469254
16.561611,0.062360,0.469304
16.561592,0.062298,0.469355
16.561573,0.062398,0.469405
16.561554,0.062286,0.469455
16.561535,0.062349,0.469505
16.561514,0.062411,0.469556
16.561495,0.062411,0.469606
16.561476,0.062361,0.469656
16.561455,0.062288,0.469707
16.561438,0.062350,0.469757
16.561417,0.062238,0.469807
16.561398,0.062289,0.469857
16.561377,0.062350,0.469907
16.561357,0.062463,0.469958
16.561340,0.062263,0.470008
16.561319,0.062251,0.470058
16.561298,0.062302,0.470109
16.561279,0.062302,0.470159
16.561253,0.064761,0.470211
16.561232,0.065264,0.470264
16.561213,0.063559,0.470315
16.561195,0.062292,0.470365
16.561180,0.061702,0.470415
16.561159,0.061171,0.470464
16.561142,0.061086,0.470513
16.561127,0.060784,0.470563
16.561108,0.060560,0.470611
16.561092,0.060412,0.470660
16.561075,0.060358,0.470709
16.561062,0.060247,0.470757
16.561041,0.060310,0.470806
16.561028,0.060189,0.470855
16.561008,0.060130,0.470903
16.560993,0.060201,0.470952
16.560974,0.060209,0.471000
16.560959,0.060263,0.471049
16.560942,0.060294,0.471097
16.560926,0.060383,0.471146
16.560907,0.060387,0.471195
16.560890,0.060395,0.471243
16.560875,0.060531,0.471292
16.560856,0.060729,0.471341
16.560837,0.060904,0.471390
16.560822,0.060936,0.471439
16.560802,0.060988,0.471489
16.560783,0.061149,0.471538
16.560768,0.061199,0.471587
16.560747,0.061502,0.471637
16.560730,0.061561,0.471687
16.560711,0.061682,0.471736
16.560692,0.061707,0.471786
16.560673,0.061772,0.471836
16.560654,0.061960,0.471886
16.560635,0.061991,0.471936
16.560616,0.062197,0.471986
16.560595,0.062251,0.472036
16.560574,0.062349,0.472087
16.560556,0.062409,0.472137
16.560535,0.062482,0.472187
16.560514,0.062520,0.472238
16.560497,0.062620,0.472288
16.560474,0.062671,0.472339
16.560455,0.062772,0.472389
16.560436,0.062763,0.472440
16.560413,0.062804,0.472491
16.560394,0.062856,0.472541
16.560371,0.062920,0.472592
16.560356,0.062961,0.472643
16.560333,0.062913,0.472694
16.560314,0.062894,0.472744
16.560291,0.062979,0.472795
16.560272,0.062959,0.472846
16.560253,0.063022,0.472897
16.560230,0.062962,0.472947
16.560211,0.062984,0.472998
16.560192,0.062976,0.473049
16.560169,0.062976,0.473100
16.560150,0.062968,0.473151
16.560131,0.063028,0.473201
16.560108,0.062968,0.473252
16.560089,0.062990,0.473303
16.560066,0.063042,0.473354
16.560047,0.062978,0.473405
16.560028,0.062978,0.473455
16.560009,0.062918,0.473506
16.559986,0.062918,0.473557
16.559967,0.062990,0.473608
16.559948,0.063000,0.473659
16.559925,0.062989,0.473709
16.559906,0.062937,0.473760
16.559887,0.062937,0.473811
16.559864,0.062937,0.473862
16.559845,0.062997,0.473912
16.559826,0.062874,0.473963
16.559803,0.062811,0.474014
16.559784,0.062882,0.474064
16.559765,0.062943,0.474115
16.559746,0.062879,0.474166
16.559723,0.062830,0.474217
16.559704,0.062879,0.474267
16.559681,0.062940,0.474318
16.559662,0.062888,0.474369
16.559643,0.062765,0.474419
16.559620,0.062814,0.474470
16.559605,0.062751,0.474521
16.559582,0.062886,0.474571
16.559563,0.062772,0.474622
16.559540,0.062821,0.474673
16.559521,0.062758,0.474723
16.559502,0.062821,0.474774
16.559479,0.062831,0.474825
16.559464,0.062780,0.474875
16.559441,0.062817,0.474926
16.559422,0.062755,0.474977
16.559402,0.062804,0.475027
16.559381,0.062765,0.475078
16.559361,0.062752,0.475128
16.559341,0.062691,0.475179
16.559322,0.062701,0.475230
16.559301,0.062701,0.475280
16.559280,0.062627,0.475331
16.559261,0.062688,0.475381
16.559242,0.062761,0.475432
16.559219,0.062710,0.475482
16.559200,0.062697,0.475533
16.559181,0.062635,0.475583
16.559160,0.062635,0.475634
16.559143,0.062708,0.475685
16.559120,0.062708,0.475735
16.559101,0.062696,0.475786
16.559082,0.062573,0.475836
16.559059,0.062696,0.475887
16.559040,0.062707,0.475937
16.559023,0.062645,0.475988
16.559002,0.062645,0.476038
16.558979,0.062695,0.476089
16.558960,0.062695,0.476139
16.558943,0.062683,0.476190
16.558922,0.062610,0.476240
16.558901,0.062633,0.476291
16.558884,0.062694,0.476342
16.558863,0.062717,0.476392
16.558842,0.062683,0.476443
16.558825,0.062633,0.476493
16.558804,0.062644,0.476544
16.558783,0.062644,0.476594
16.558762,0.062644,0.476645
16.558744,0.062644,0.476695
16.558723,0.062621,0.476746
16.558704,0.062644,0.476796
16.558681,0.062706,0.476847
16.558662,0.062706,0.476897
16.558645,0.062695,0.476948
16.558624,0.062622,0.476999
16.558603,0.062645,0.477049
16.558584,0.062645,0.477100
16.558563,0.062645,0.477150
16.558544,0.062572,0.477201
16.558525,0.062645,0.477251
16.558504,0.062646,0.477302
16.558483,0.062646,0.477352
16.558464,0.062657,0.477403
16.558445,0.062646,0.477453
16.558424,0.062646,0.477504
16.558403,0.062646,0.477554
16.558384,0.062697,0.477605
16.558365,0.062635,0.477655
16.558344,0.062658,0.477706
16.558323,0.062697,0.477756
16.558304,0.062635,0.477807
16.558283,0.062658,0.477857
16.558266,0.062586,0.477908
16.558245,0.062586,0.477958
16.558224,0.062586,0.478009
16.558228,0.055892,0.478054
16.558208,0.057427,0.478100
16.558182,0.062485,0.478151
16.558125,0.073450,0.478210
16.558090,0.074031,0.478270
16.558056,0.073778,0.478329
16.558025,0.072997,0.478388
16.557991,0.072730,0.478447
16.557961,0.072261,0.478505
16.557930,0.071390,0.478562
16.557901,0.070053,0.478619
16.557875,0.069405,0.478675
16.557852,0.068177,0.478730
16.557827,0.067540,0.478784
16.557804,0.066762,0.478838
16.557779,0.066374,0.478892
16.557758,0.065790,0.478945
16.557734,0.065355,0.478997
16.557713,0.064832,0.479050
16.557692,0.064370,0.479102
16.557671,0.063932,0.479153
16.557650,0.063604,0.479205
16.557629,0.063348,0.479256
16.557608,0.063055,0.479306
16.557590,0.062895,0.479357
16.557571,0.062633,0.479408
16.557550,0.062612,0.479458
16.557533,0.062172,0.479508
16.557512,0.062216,0.479558
16.557495,0.062163,0.479609
16.557476,0.062043,0.479659
16.557457,0.062019,0.479709
16.557438,0.061929,0.479759
16.557417,0.062127,0.479809
16.557400,0.062016,0.479859
16.557381,0.062063,0.479909
16.557362,0.062088,0.479959
16.557343,0.062060,0.480009
16.557323,0.062150,0.480059
16.557304,0.062120,0.480109
16.557283,0.062290,0.480159
16.557264,0.062328,0.480210
16.557245,0.062338,0.480260
16.557224,0.062471,0.480310
16.557205,0.062421,0.480361
16.557186,0.062421,0.480411
16.557165,0.062494,0.480461
16.557146,0.062568,0.480512
16.557127,0.062629,0.480562
16.557110,0.061536,0.480612
16.557091,0.061270,0.480661
16.557077,0.060472,0.480710
16.557060,0.059772,0.480758
16.557047,0.059704,0.480806
16.557030,0.059791,0.480855
16.557014,0.059762,0.480903
16.556995,0.059864,0.480951
16.556980,0.059924,0.480999
16.556965,0.059937,0.481048
16.556950,0.060023,0.481096
16.556934,0.060190,0.481145
16.556915,0.060149,0.481193
16.556896,0.060309,0.481242
16.556881,0.060496,0.481291
16.556864,0.060505,0.481339
16.556845,0.060565,0.481388
16.556829,0.060654,0.481437
16.556812,0.060599,0.481486
16.556793,0.060740,0.481535
16.556774,0.060765,0.481584
16.556759,0.060791,0.481633
16.556740,0.061085,0.481682
16.556721,0.061077,0.481732
16.556702,0.061141,0.481781
16.556684,0.061242,0.481830
16.556667,0.061358,0.481880
16.556648,0.061381,0.481929
16.556631,0.061450,0.481979
16.556612,0.061502,0.482028
16.556593,0.061552,0.482078
16.556574,0.061627,0.482128
16.556557,0.061777,0.482178
16.556534,0.061854,0.482228
16.556519,0.061933,0.482277
16.556496,0.062013,0.482327
16.556480,0.062031,0.482378
16.556458,0.062114,0.482428
16.556438,0.062151,0.482478
16.556419,0.062209,0.482528
16.556398,0.062320,0.482578
16.556381,0.062348,0.482628
16.556360,0.062336,0.482679
16.556339,0.062386,0.482729
16.556322,0.062439,0.482779
16.556301,0.062515,0.482830
16.556280,0.062566,0.482880
16.556261,0.062595,0.482931
16.556240,0.062598,0.482981
16.556221,0.062661,0.483032
16.556202,0.062713,0.483082
16.556181,0.062642,0.483133
16.556160,0.062694,0.483183
16.556145,0.062720,0.483234
16.556122,0.062783,0.483285
16.556103,0.062709,0.483335
16.556084,0.062783,0.483386
16.556061,0.062783,0.483436
16.556042,0.062773,0.483487
16.556019,0.062724,0.483538
16.556000,0.062773,0.483588
16.555983,0.062702,0.483639
16.555962,0.062761,0.483689
16.555943,0.062825,0.483740
16.555920,0.062783,0.483791
16.555901,0.062821,0.483841
16.555882,0.062780,0.483892
16.555859,0.062780,0.483943
16.555840,0.062802,0.483993
16.555817,0.062765,0.484044
16.555801,0.062702,0.484095
16.555779,0.062762,0.484145
16.555759,0.062762,0.484196
16.555740,0.062721,0.484246
16.555717,0.062707,0.484297
16.555698,0.062707,0.484347
16.555679,0.062768,0.484398
16.555660,0.062653,0.484449
16.555637,0.062676,0.484499
16.555620,0.062662,0.484550
16.555599,0.062599,0.484600
16.555578,0.062649,0.484651
16.555557,0.062672,0.484701
16.555538,0.062709,0.484752
16.555519,0.062595,0.484802
16.555496,0.062633,0.484853
16.555477,0.062643,0.484903
16.555458,0.062580,0.484954
16.555441,0.062630,0.485004
16.555420,0.062630,0.485055
16.555401,0.062590,0.485105
16.555380,0.062600,0.485156
16.555361,0.062549,0.485206
16.555342,0.062599,0.485257
16.555321,0.062537,0.485307
16.555302,0.062587,0.485358
16.555281,0.062547,0.485408
16.555262,0.062608,0.485459
16.555243,0.062573,0.485509
16.555222,0.062523,0.485559
16.555201,0.062523,0.485610
16.555182,0.062523,0.485660
16.555162,0.062522,0.485711
16.555141,0.062583,0.485761
16.555122,0.062583,0.485812
16.555101,0.062544,0.485862
16.555082,0.062494,0.485913
16.555063,0.062521,0.485963
16.555042,0.062532,0.486013
16.555023,0.062482,0.486064
16.555004,0.062594,0.486114
16.554983,0.062521,0.486165
16.554964,0.062459,0.486215
16.554943,0.062555,0.486265
16.554924,0.062432,0.486316
16.554905,0.062544,0.486366
16.554884,0.062521,0.486417
16.554863,0.062521,0.486467
16.554844,0.062471,0.486517
16.554825,0.062494,0.486568
16.554804,0.062494,0.486618
16.554785,0.062471,0.486669
16.554766,0.062522,0.486719
16.554747,0.062522,0.486769
16.554728,0.062449,0.486820
16.554707,0.062461,0.486870
16.554686,0.062533,0.486921
16.554668,0.062546,0.486971
16.554647,0.062556,0.487022
16.554626,0.062534,0.487072
16.554607,0.062512,0.487122
16.554588,0.062535,0.487173
16.554569,0.062535,0.487223
16.554548,0.062608,0.487274
16.554527,0.062512,0.487324
16.554508,0.062535,0.487375
16.554489,0.062535,0.487425
16.554468,0.062609,0.487475
16.554449,0.062535,0.487526
16.554428,0.062586,0.487576
16.554407,0.062547,0.487627
16.554390,0.062547,0.487677
16.554369,0.062475,0.487728
16.554348,0.062475,0.487778
16.554329,0.062537,0.487828
16.554310,0.062475,0.487879
16.554289,0.062513,0.487929
16.554270,0.062575,0.487980
16.554249,0.062475,0.488030
16.554228,0.062598,0.488081
16.554211,0.062560,0.488131
16.554190,0.062575,0.488182
16.554171,0.062526,0.488232
16.554150,0.062598,0.488282
16.554131,0.062560,0.488333
16.554111,0.062575,0.488383
16.554092,0.062524,0.488434
16.554071,0.062575,0.488484
16.554050,0.062526,0.488535
16.554031,0.062598,0.488585
16.554012,0.062498,0.488636
16.553991,0.062475,0.488686
16.553972,0.062547,0.488736
16.553951,0.062547,0.488787
16.553932,0.062547,0.488837
16.553913,0.062547,0.488888
16.553892,0.062547,0.488938
16.553871,0.062571,0.488989
16.553852,0.062524,0.489039
16.553833,0.062563,0.489090
16.553812,0.062535,0.489140
16.553793,0.062535,0.489190
16.553772,0.062535,0.489241
16.553753,0.062524,0.489291
16.553734,0.062473,0.489342
16.553713,0.062535,0.489392
16.553694,0.062546,0.489443
16.553673,0.062608,0.489493
16.553652,0.062546,0.489543
16.553635,0.062512,0.489594
16.553616,0.062584,0.489644
16.553595,0.062584,0.489695
16.553574,0.062595,0.489745
16.553555,0.062556,0.489796
16.553535,0.062568,0.489846
16.553516,0.062511,0.489897
16.553495,0.062449,0.489947
16.553474,0.062449,0.489997
16.553455,0.062522,0.490048
16.553436,0.062544,0.490098
16.553415,0.062460,0.490149
16.553396,0.062583,0.490199
16.553375,0.062532,0.490249
16.553354,0.062532,0.490300
16.553337,0.062532,0.490350
16.553316,0.062532,0.490401
16.553295,0.062556,0.490451
16.553276,0.062567,0.490502
16.553255,0.062471,0.490552
16.553236,0.062398,0.490602
16.553217,0.062521,0.490653
16.553196,0.062420,0.490703
16.553177,0.062493,0.490754
16.553158,0.062482,0.490804
16.553137,0.062493,0.490854
16.553118,0.062532,0.490905
16.553099,0.062532,0.490955
16.553078,0.062521,0.491006
16.553061,0.062510,0.491056
16.553040,0.062571,0.491106
16.553019,0.062482,0.491157
16.552999,0.062544,0.491207
16.552979,0.062605,0.491258
16.552959,0.062532,0.491308
16.552940,0.062544,0.491359
16.552919,0.062544,0.491409
16.552898,0.062510,0.491459
16.552879,0.062582,0.491510
16.552860,0.062582,0.491560
16.552839,0.062571,0.491611
16.552820,0.062605,0.491661
16.552799,0.062571,0.491712
16.552778,0.062510,0.491762
16.552759,0.062532,0.491813
16.552740,0.062594,0.491863
16.552719,0.062605,0.491914
16.552700,0.062582,0.491964
16.552679,0.062622,0.492015
16.552658,0.062544,0.492065
16.552639,0.062521,0.492115
16.552622,0.062594,0.492166
16.552601,0.062594,0.492216
16.552582,0.062594,0.492267
16.552561,0.062594,0.492317
16.552540,0.062572,0.492368
16.552521,0.062583,0.492418
16.552502,0.062617,0.492469
16.552481,0.062594,0.492519
16.552462,0.062556,0.492570
16.552441,0.062572,0.492620
16.552420,0.062533,0.492671
16.552401,0.062533,0.492721
16.552382,0.062533,0.492771
16.552361,0.062533,0.492822
16.552341,0.062668,0.492872
16.552320,0.062568,0.492923
16.552299,0.062568,0.492973
16.552282,0.062533,0.493024
16.552261,0.062510,0.493074
16.552240,0.062510,0.493125
16.552221,0.062521,0.493175
16.552200,0.062483,0.493225
16.552183,0.062506,0.493276
16.552164,0.062556,0.493326
16.552143,0.062483,0.493377
16.552124,0.062483,0.493427
16.552103,0.062460,0.493477
16.552084,0.062460,0.493528
16.552065,0.062460,0.493578
16.552044,0.062483,0.493629
16.552023,0.062506,0.493679
16.552004,0.062544,0.493729
16.551985,0.062483,0.493780
16.551964,0.062410,0.493830
16.551945,0.062472,0.493880
16.551924,0.062483,0.493931
16.551903,0.062483,0.493981
16.551886,0.062421,0.494032
16.551865,0.062421,0.494082
16.551846,0.062483,0.494132
16.551825,0.062449,0.494183
16.551805,0.062449,0.494233
16.551786,0.062483,0.494283
16.551765,0.062506,0.494334
16.551744,0.062421,0.494384
16.551727,0.062460,0.494435
16.551708,0.062533,0.494485
16.551687,0.062483,0.494535
16.551668,0.062433,0.494586
16.551647,0.062410,0.494636
16.551626,0.062410,0.494686
16.551609,0.062494,0.494737
16.551588,0.062494,0.494787
16.551569,0.062494,0.494838
16.551548,0.062471,0.494888
16.551529,0.062449,0.494938
16.551510,0.062471,0.494989
16.551489,0.062483,0.495039
16.551468,0.062410,0.495089
16.551449,0.062410,0.495140
16.551430,0.062471,0.495190
16.551409,0.062494,0.495240
16.551390,0.062455,0.495291
16.551369,0.062471,0.495341
16.551348,0.062460,0.495392
16.551331,0.062471,0.495442
16.551310,0.062421,0.495492
16.551292,0.062521,0.495543
16.551271,0.062494,0.495593
16.551250,0.062494,0.495643
16.551233,0.062432,0.495694
16.551212,0.062471,0.495744
16.551191,0.062398,0.495795
16.551172,0.062482,0.495845
16.551151,0.062505,0.495895
16.551132,0.062505,0.495946
16.551113,0.062459,0.495996
16.551092,0.062398,0.496046
16.551071,0.062482,0.496097
16.551052,0.062482,0.496147
16.551033,0.062482,0.496198
16.551014,0.062459,0.496248
16.550993,0.062471,0.496298
16.550972,0.062471,0.496349
16.550953,0.062482,0.496399
16.550934,0.062482,0.496449
16.550913,0.062459,0.496500
16.550896,0.062532,0.496550
16.550875,0.062470,0.496601
16.550854,0.062482,0.496651
16.550837,0.062443,0.496701
16.550816,0.062470,0.496752
16.550795,0.062470,0.496802
16.550776,0.062521,0.496853
16.550755,0.062544,0.496903
16.550734,0.062532,0.496953
16.550716,0.062544,0.497004
16.550695,0.062532,0.497054
16.550676,0.062470,0.497105
16.550655,0.062510,0.497155
16.550634,0.062594,0.497205
16.550613,0.062594,0.497256
16.550596,0.062555,0.497306
16.550575,0.062594,0.497357
16.550556,0.062510,0.497407
16.550535,0.062532,0.497458
16.550516,0.062594,0.497508
16.550497,0.062470,0.497559
16.550478,0.062521,0.497609
16.550457,0.062470,0.497659
16.550438,0.062544,0.497710
16.550417,0.062594,0.497760
16.550396,0.062544,0.497811
16.550377,0.062594,0.497861
16.550356,0.062594,0.497912
16.550335,0.062594,0.497962
16.550318,0.062594,0.498013
16.550297,0.062532,0.498063
16.550276,0.062510,0.498114
16.550257,0.062532,0.498164
16.550236,0.062617,0.498214
16.550215,0.062532,0.498265
16.550198,0.062493,0.498315
16.550177,0.062555,0.498366
16.550158,0.062532,0.498416
16.550138,0.062470,0.498467
16.550117,0.062510,0.498517
16.550097,0.062459,0.498567
16.550079,0.062532,0.498618
16.550056,0.062567,0.498668
16.550037,0.062555,0.498719
16.550018,0.062459,0.498769
16.549997,0.062409,0.498819
16.549978,0.062470,0.498870
16.549959,0.062420,0.498920
16.549938,0.062370,0.498970
16.549919,0.062409,0.499021
16.549898,0.062409,0.499071
16.549879,0.062370,0.499121
16.549860,0.062432,0.499172
16.549839,0.062493,0.499222
16.549818,0.062470,0.499272
16.549799,0.062370,0.499323
16.549782,0.062370,0.499373
16.549763,0.062370,0.499423
16.549742,0.062409,0.499474
16.549721,0.062432,0.499524
16.549704,0.062370,0.499574
16.549683,0.062309,0.499625
16.549662,0.062309,0.499675
16.549643,0.062370,0.499725
16.549622,0.062370,0.499775
16.549604,0.062348,0.499826
16.549583,0.062337,0.499876
16.549562,0.062370,0.499926
16.549543,0.062382,0.499977
16.549524,0.062332,0.500027
16.549503,0.062348,0.500077
16.549484,0.062309,0.500127
16.549463,0.062359,0.500178
16.549446,0.062393,0.500228
16.549427,0.062370,0.500278
16.549406,0.062359,0.500329
16.549387,0.062382,0.500379
16.549368,0.062359,0.500429
16.549347,0.062337,0.500480
16.549328,0.062348,0.500530
16.549307,0.062332,0.500580
16.549288,0.062332,0.500630
16.549269,0.062370,0.500681
16.549248,0.062348,0.500731
16.549229,0.062309,0.500781
16.549208,0.062359,0.500831
16.549189,0.062370,0.500882
16.549170,0.062286,0.500932
16.549149,0.062309,0.500982
16.549129,0.062309,0.501033
16.549110,0.062309,0.501083
16.549091,0.062309,0.501133
16.549072,0.062297,0.501183
16.549051,0.062309,0.501234
16.549034,0.062270,0.501284
16.549013,0.062282,0.501334
16.548992,0.062282,0.501384
16.548975,0.062270,0.501435
16.548954,0.062270,0.501485
16.548933,0.062236,0.501535
16.548914,0.062259,0.501585
16.548895,0.062236,0.501635
16.548876,0.062309,0.501686
16.548855,0.062270,0.501736
16.548834,0.062270,0.501786
16.548817,0.062186,0.501836
16.548798,0.062186,0.501886
16.548779,0.062186,0.501936
16.548758,0.062209,0.501987
16.548740,0.062175,0.502037
16.548721,0.062247,0.502087
16.548698,0.062270,0.502137
16.548681,0.062197,0.502187
16.548660,0.062186,0.502237
16.548639,0.062175,0.502288
16.548622,0.062247,0.502338
16.548603,0.062147,0.502388
16.548584,0.062197,0.502438
16.548563,0.062186,0.502488
16.548544,0.062209,0.502538
16.548523,0.062270,0.502589
16.548502,0.062209,0.502639
16.548485,0.062236,0.502689
16.548464,0.062225,0.502739
16.548445,0.062197,0.502789
16.548426,0.062270,0.502840
16.548407,0.062270,0.502890
16.548388,0.062309,0.502940
16.548367,0.062247,0.502990
16.548347,0.062309,0.503041
16.548328,0.062309,0.503091
16.548307,0.062286,0.503141
16.548288,0.062348,0.503191
16.548267,0.062309,0.503242
16.548248,0.062332,0.503292
16.548229,0.062332,0.503342
16.548208,0.062393,0.503392
16.548187,0.062309,0.503443
16.548170,0.062348,0.503493
16.548149,0.062359,0.503543
16.548130,0.062286,0.503594
16.548109,0.062420,0.503644
16.548090,0.062420,0.503694
16.548073,0.062370,0.503745
16.548052,0.062409,0.503795
16.548031,0.062420,0.503845
16.548012,0.062432,0.503896
16.547991,0.062409,0.503946
16.547972,0.062470,0.503996
16.547953,0.062409,0.504047
16.547932,0.062409,0.504097
16.547913,0.062482,0.504147
16.547892,0.062493,0.504198
16.547871,0.062482,0.504248
16.547852,0.062470,0.504298
16.547831,0.062470,0.504349
16.547812,0.062532,0.504399
16.547792,0.062459,0.504450
16.547773,0.062532,0.504500
16.547752,0.062567,0.504551
16.547733,0.062544,0.504601
16.547712,0.062493,0.504651
16.547691,0.062521,0.504702
16.547672,0.062532,0.504752
16.547653,0.062510,0.504803
16.547632,0.062521,0.504853
16.547613,0.062532,0.504903
16.547592,0.062617,0.504954
16.547573,0.062594,0.505004
16.547552,0.062594,0.505055
16.547531,0.062532,0.505105
16.547512,0.062532,0.505156
16.547493,0.062510,0.505206
16.547470,0.062571,0.505257
16.547455,0.062594,0.505307
16.547434,0.062617,0.505358
16.547413,0.062594,0.505408
16.547394,0.062571,0.505459
16.547373,0.062532,0.505509
16.547352,0.062594,0.505560
16.547333,0.062594,0.505610
16.547312,0.062532,0.505660
16.547291,0.062510,0.505711
16.547272,0.062544,0.505761
16.547249,0.062594,0.505812
16.547232,0.062532,0.505862
16.547215,0.062532,0.505913
16.547194,0.062532,0.505963
16.547173,0.062532,0.506014
16.547153,0.062532,0.506064
16.547132,0.062510,0.506114
16.547112,0.062510,0.506165
16.547092,0.062532,0.506215
16.547071,0.062493,0.506266
16.547052,0.062470,0.506316
16.547033,0.062470,0.506366
16.547012,0.062432,0.506417
16.546991,0.062420,0.506467
16.546972,0.062470,0.506517
16.546951,0.062409,0.506568
16.546934,0.062409,0.506618
16.546915,0.062370,0.506668
16.546894,0.062432,0.506719
16.546875,0.062432,0.506769
16.546854,0.062420,0.506819
16.546833,0.062470,0.506870
16.546814,0.062493,0.506920
16.546795,0.062420,0.506971
16.546774,0.062493,0.507021
16.546755,0.062432,0.507071
16.546734,0.062448,0.507122
16.546713,0.062409,0.507172
16.546694,0.062470,0.507222
16.546673,0.062493,0.507273
16.546656,0.062409,0.507323
16.546637,0.062409,0.507374
16.546616,0.062420,0.507424
16.546597,0.062470,0.507474
16.546576,0.062398,0.507525
16.546555,0.062409,0.507575
16.546537,0.062432,0.507625
16.546516,0.062493,0.507676
16.546495,0.062409,0.507726
16.546476,0.062420,0.507776
16.546455,0.062470,0.507827
16.546436,0.062470,0.507877
16.546415,0.062493,0.507927
16.546396,0.062409,0.507978
16.546379,0.062409,0.508028
16.546358,0.062482,0.508078
16.546337,0.062409,0.508129
16.546318,0.062470,0.508179
16.546297,0.062470,0.508229
16.546276,0.062493,0.508280
16.546259,0.062470,0.508330
16.546238,0.062470,0.508381
16.546217,0.062459,0.508431
16.546198,0.062459,0.508481
16.546177,0.062544,0.508532
16.546158,0.062544,0.508582
16.546137,0.062532,0.508633
16.546116,0.062532,0.508683
16.546099,0.062470,0.508733
16.546080,0.062493,0.508784
16.546059,0.062544,0.508834
16.546040,0.062594,0.508885
16.546019,0.062571,0.508935
16.545998,0.062470,0.508986
16.545979,0.062493,0.509036
16.545958,0.062470,0.509086
16.545937,0.062470,0.509137
16.545918,0.062521,0.509187
16.545898,0.062470,0.509238
16.545877,0.062532,0.509288
16.545858,0.062470,0.509338
16.545839,0.062544,0.509389
16.545818,0.062544,0.509439
16.545799,0.062470,0.509490
16.545778,0.062532,0.509540
16.545757,0.062521,0.509590
16.545738,0.062482,0.509641
16.545719,0.062493,0.509691
16.545700,0.062482,0.509742
16.545679,0.062493,0.509792
16.545658,0.062420,0.509842
16.545639,0.062470,0.509893
16.545618,0.062470,0.509943
16.545597,0.062420,0.509993
16.545580,0.062420,0.510044
16.545561,0.062420,0.510094
16.545540,0.062470,0.510145
16.545521,0.062470,0.510195
16.545500,0.062482,0.510245
16.545479,0.062493,0.510296
16.545460,0.062482,0.510346
16.545439,0.062420,0.510396
16.545420,0.062470,0.510447
16.545401,0.062470,0.510497
16.545380,0.062459,0.510548
16.545361,0.062420,0.510598
16.545341,0.062493,0.510648
16.545321,0.062409,0.510699
16.545301,0.062420,0.510749
16.545280,0.062420,0.510799
16.545261,0.062370,0.510850
16.545242,0.062370,0.510900
16.545221,0.062348,0.510950
16.545202,0.062348,0.511001
16.545181,0.062370,0.511051
16.545160,0.062432,0.511101
16.545143,0.062470,0.511152
16.545122,0.062370,0.511202
16.545101,0.062409,0.511252
16.545084,0.062393,0.511303
16.545063,0.062393,0.511353
16.545042,0.062370,0.511403
16.545025,0.062382,0.511454
16.545004,0.062409,0.511504
16.544985,0.062348,0.511554
16.544964,0.062370,0.511604
16.544943,0.062382,0.511655
16.544924,0.062370,0.511705
16.544905,0.062359,0.511755
16.544884,0.062320,0.511806
16.544865,0.062370,0.511856
16.544844,0.062348,0.511906
16.544827,0.062348,0.511957
16.544806,0.062348,0.512007
16.544786,0.062297,0.512057
16.544767,0.062247,0.512107
16.544746,0.062286,0.512157
16.544727,0.062309,0.512208
16.544706,0.062370,0.512258
16.544687,0.062247,0.512308
16.544668,0.062247,0.512358
16.544647,0.062270,0.512409
16.544626,0.062309,0.512459
16.544609,0.062247,0.512509
16.544590,0.062286,0.512559
16.544571,0.062275,0.512610
16.544550,0.062348,0.512660
16.544529,0.062320,0.512710
16.544512,0.062332,0.512760
16.544491,0.062370,0.512811
16.544472,0.062370,0.512861
16.544451,0.062370,0.512911
16.544430,0.062247,0.512962
16.544411,0.062286,0.513012
16.544392,0.062247,0.513062
16.544371,0.062320,0.513112
16.544352,0.062370,0.513162
16.544333,0.062370,0.513213
16.544313,0.062370,0.513263
16.544292,0.062320,0.513313
16.544273,0.062443,0.513364
16.544254,0.062370,0.513414
16.544233,0.062348,0.513464
16.544212,0.062348,0.513515
16.544193,0.062348,0.513565
16.544172,0.062348,0.513615
16.544155,0.062387,0.513666
16.544134,0.062348,0.513716
16.544113,0.062432,0.513766
16.544096,0.062359,0.513817
16.544075,0.062432,0.513867
16.544054,0.062348,0.513917
16.544035,0.062409,0.513968
16.544016,0.062370,0.514018
16.543995,0.062370,0.514068
16.543976,0.062409,0.514118
16.543955,0.062409,0.514169
16.543936,0.062409,0.514219
16.543915,0.062420,0.514269
16.543894,0.062348,0.514320
16.543879,0.062348,0.514370
16.543858,0.062420,0.514420
16.543837,0.062443,0.514471
16.543818,0.062370,0.514521
16.543797,0.062370,0.514571
16.543777,0.062409,0.514622
16.543756,0.062409,0.514672
16.543737,0.062359,0.514722
16.543718,0.062348,0.514773
16.543697,0.062348,0.514823
16.543676,0.062370,0.514873
16.543657,0.062393,0.514924
16.543638,0.062348,0.514974
16.543621,0.062348,0.515024
16.543600,0.062348,0.515074
16.543579,0.062382,0.515125
16.543560,0.062370,0.515175
16.543539,0.062370,0.515225
16.543518,0.062409,0.515276
16.543499,0.062393,0.515326
16.543480,0.062420,0.515376
16.543459,0.062370,0.515427
16.543440,0.062348,0.515477
16.543419,0.062370,0.515527
16.543402,0.062348,0.515578
16.543381,0.062370,0.515628
16.543360,0.062398,0.515678
16.543343,0.062398,0.515728
16.543322,0.062432,0.515779
16.543301,0.062370,0.515829
16.543282,0.062420,0.515880
16.543261,0.062470,0.515930
16.543242,0.062470,0.515980
16.543221,0.062470,0.516031
16.543200,0.062470,0.516081
16.543184,0.062398,0.516131
16.543163,0.062509,0.516182
16.543142,0.062532,0.516232
16.543123,0.062544,0.516283
16.543102,0.062544,0.516333
16.543079,0.062555,0.516383
16.543062,0.062470,0.516434
16.543041,0.062470,0.516484
16.543020,0.062448,0.516535
16.543001,0.062448,0.516585
16.542980,0.062493,0.516635
16.542961,0.062455,0.516686
16.542944,0.062420,0.516736
16.542923,0.062398,0.516786
16.542904,0.062398,0.516837
16.542883,0.062420,0.516887
16.542862,0.062370,0.516937
16.542843,0.062505,0.516988
16.542822,0.062409,0.517038
16.542801,0.062470,0.517088
16.542782,0.062493,0.517139
16.542763,0.062420,0.517189
16.542744,0.062470,0.517240
16.542725,0.062470,0.517290
16.542704,0.062409,0.517340
16.542685,0.062470,0.517391
16.542664,0.062470,0.517441
16.542643,0.062432,0.517491
16.542624,0.062432,0.517542
16.542603,0.062470,0.517592
16.542583,0.062370,0.517642
16.542564,0.062348,0.517693
16.542543,0.062409,0.517743
16.542524,0.062348,0.517793
16.542505,0.062370,0.517844
16.542484,0.062359,0.517894
16.542465,0.062370,0.517944
16.542446,0.062370,0.517995
16.542425,0.062359,0.518045
16.542406,0.062275,0.518095
16.542385,0.062348,0.518145
16.542364,0.062359,0.518196
16.542345,0.062370,0.518246
16.542326,0.062332,0.518296
16.542309,0.062348,0.518347
16.542288,0.062348,0.518397
16.542267,0.062309,0.518447
16.542248,0.062309,0.518497
16.542227,0.062348,0.518548
16.542206,0.062297,0.518598
16.542189,0.062393,0.518648
16.542168,0.062348,0.518699
16.542149,0.062370,0.518749
16.542128,0.062270,0.518799
16.542109,0.062370,0.518849
16.542089,0.062309,0.518900
16.542070,0.062247,0.518950
16.542051,0.062286,0.519000
16.542030,0.062370,0.519050
16.542009,0.062393,0.519101
16.541990,0.062320,0.519151
16.541969,0.062348,0.519201
16.541948,0.062286,0.519251
16.541931,0.062247,0.519302
16.541910,0.062297,0.519352
16.541893,0.062320,0.519402
16.541872,0.062270,0.519452
16.541851,0.062332,0.519503
16.541832,0.062309,0.519553
16.541813,0.062309,0.519603
16.541794,0.062286,0.519653
16.541773,0.062297,0.519704
16.541752,0.062320,0.519754
16.541733,0.062309,0.519804
16.541712,0.062309,0.519854
16.541695,0.062297,0.519905
16.541676,0.062309,0.519955
16.541655,0.062370,0.520005
16.541636,0.062309,0.520055
16.541615,0.062348,0.520106
16.541594,0.062348,0.520156
16.541576,0.062348,0.520206
16.541555,0.062382,0.520257
16.541534,0.062370,0.520307
16.541515,0.062382,0.520357
16.541494,0.062359,0.520408
16.541477,0.062297,0.520458
16.541456,0.062370,0.520508
16.541435,0.062432,0.520558
16.541418,0.062348,0.520609
16.541397,0.062409,0.520659
16.541376,0.062409,0.520709
16.541357,0.062398,0.520760
16.541336,0.062448,0.520810
16.541315,0.062493,0.520860
16.541296,0.062432,0.520911
16.541277,0.062493,0.520961
16.541258,0.062448,0.521012
16.541237,0.062470,0.521062
16.541216,0.062493,0.521112
16.541197,0.062532,0.521163
16.541178,0.062509,0.521213
16.541157,0.062509,0.521264
16.541138,0.062532,0.521314
16.541115,0.062594,0.521365
16.541096,0.062555,0.521415
16.541077,0.062571,0.521466
16.541058,0.062605,0.521516
16.541037,0.062605,0.521567
16.541018,0.062544,0.521617
16.540997,0.062621,0.521667
16.540976,0.062582,0.521718
16.540956,0.062632,0.521768
16.540936,0.062617,0.521819
16.540913,0.062594,0.521869
16.540897,0.062632,0.521920
16.540876,0.062655,0.521970
16.540855,0.062644,0.522021
16.540836,0.062655,0.522071
16.540815,0.062621,0.522122
16.540794,0.062632,0.522172
16.540775,0.062644,0.522223
16.540752,0.062644,0.522274
16.540733,0.062683,0.522324
16.540714,0.062621,0.522375
16.540695,0.062745,0.522425
