16.799999,0.000365,0.000000
16.799999,0.000364,0.000001
16.799995,0.000365,0.000001
16.799995,0.000367,0.000001
16.799995,0.000365,0.000001
16.799995,0.000364,0.000002
16.799995,0.000367,0.000002
16.799995,0.000364,0.000002
16.799992,0.000365,0.000003
16.799992,0.000364,0.000003
16.799992,0.000364,0.000003
16.799992,0.000365,0.000004
16.799992,0.000365,0.000004
16.799992,0.000364,0.000004
16.799992,0.000365,0.000004
16.799992,0.000365,0.000005
16.799992,0.000365,0.000005
16.799992,0.000364,0.000005
16.799992,0.000365,0.000006
16.799988,0.000365,0.000006
16.799988,0.000367,0.000006
16.799988,0.000364,0.000006
16.799988,0.000364,0.000007
16.799988,0.000365,0.000007
16.799984,0.000364,0.000007
16.799984,0.000367,0.000008
16.799984,0.000364,0.000008
16.799984,0.000365,0.000008
16.799984,0.000365,0.000009
16.799984,0.000367,0.000009
16.799984,0.000367,0.000009
16.799984,0.000365,0.000009
16.799984,0.000365,0.000010
16.799984,0.000365,0.000010
16.799984,0.000365,0.000010
16.799984,0.000365,0.000011
16.799980,0.000365,0.000011
16.799980,0.000365,0.000011
16.799980,0.000365,0.000011
16.799980,0.000364,0.000012
16.799980,0.000365,0.000012
16.799976,0.000367,0.000012
16.799976,0.000365,0.000013
16.799976,0.000365,0.000013
16.799976,0.000365,0.000013
16.799976,0.000365,0.000014
16.799976,0.000365,0.000014
16.799976,0.000365,0.000014
16.799976,0.000365,0.000014
16.799976,0.000365,0.000015
16.799976,0.000367,0.000015
16.799973,0.000367,0.000015
16.799973,0.000365,0.000016
16.799973,0.000365,0.000016
16.799973,0.000367,0.000016
16.799973,0.000367,0.000017
16.799973,0.000364,0.000017
16.799973,0.000365,0.000017
16.799973,0.000365,0.000017
16.799969,0.000367,0.000018
16.799969,0.000365,0.000018
16.799969,0.000364,0.000018
16.799969,0.000367,0.000019
16.799969,0.000367,0.000019
16.799969,0.000367,0.000019
16.799969,0.000364,0.000019
16.799965,0.000367,0.000020
16.799965,0.000367,0.000020
16.799965,0.000365,0.000020
16.799965,0.000365,0.000021
16.799965,0.000365,0.000021
16.799965,0.000367,0.000021
16.799965,0.000365,0.000022
16.799965,0.000365,0.000022
16.799965,0.000365,0.000022
16.799965,0.000365,0.000022
16.799965,0.000365,0.000023
16.799961,0.000365,0.000023
16.799961,0.000365,0.000023
16.799961,0.000365,0.000024
16.799961,0.000367,0.000024
16.799961,0.000367,0.000024
16.799961,0.000365,0.000024
16.799957,0.000367,0.000025
16.799957,0.000367,0.000025
16.799957,0.000364,0.000025
16.799957,0.000364,0.000026
16.799957,0.000364,0.000026
16.799957,0.000365,0.000026
16.799957,0.000367,0.000027
16.799957,0.000367,0.000027
16.799957,0.000365,0.000027
16.799957,0.000365,0.000027
16.799957,0.000365,0.000028
16.799957,0.000365,0.000028
16.799953,0.000367,0.000028
16.799953,0.000367,0.000029
16.799953,0.000365,0.000029
16.799953,0.000367,0.000029
16.799953,0.000365,0.000029
16.799953,0.000365,0.000030
16.799950,0.000367,0.000030
16.799950,0.000365,0.000030
16.799950,0.000365,0.000031
16.799950,0.000367,0.000031
16.799950,0.000367,0.000031
16.799950,0.000365,0.000032
16.799950,0.000365,0.000032
16.799950,0.000367,0.000032
16.799950,0.000365,0.000032
16.799946,0.000367,0.000033
16.799946,0.000365,0.000033
16.799946,0.000367,0.000033
16.799946,0.000365,0.000034
16.799946,0.000365,0.000034
16.799946,0.000367,0.000034
16.799946,0.000382,0.000035
16.799946,0.000390,0.000035
16.799946,0.000396,0.000035
16.799946,0.000396,0.000035
16.799942,0.000414,0.000036
16.799942,0.000423,0.000036
16.799942,0.000431,0.000036
16.799942,0.000443,0.000037
16.799942,0.000454,0.000037
16.799938,0.000478,0.000038
16.799938,0.000475,0.000038
16.799938,0.000486,0.000038
16.799938,0.000498,0.000039
16.799938,0.000522,0.000039
16.799938,0.000539,0.000040
16.799938,0.000553,0.000040
16.799938,0.000565,0.000041
16.799938,0.000579,0.000041
16.799934,0.000580,0.000041
16.799934,0.000612,0.000042
16.799934,0.000631,0.000042
16.799934,0.000646,0.000043
16.799931,0.000662,0.000044
16.799931,0.000679,0.000044
16.799931,0.000699,0.000045
16.799931,0.000721,0.000045
16.799927,0.000737,0.000046
16.799927,0.000764,0.000046
16.799925,0.000784,0.000047
16.799925,0.000806,0.000048
16.799923,0.000806,0.000048
16.799923,0.000829,0.000049
16.799923,0.000855,0.000050
16.799919,0.000877,0.000050
16.799919,0.000903,0.000051
16.799917,0.000959,0.000052
16.799917,0.000988,0.000053
16.799917,0.001013,0.000054
16.799913,0.001046,0.000054
16.799913,0.001046,0.000055
16.799911,0.001074,0.000056
16.799911,0.001103,0.000057
16.799910,0.001142,0.000058
16.799906,0.001174,0.000059
16.799906,0.001214,0.000060
16.799904,0.001249,0.000061
16.799904,0.001285,0.000062
16.799900,0.001328,0.000063
16.799896,0.001365,0.000064
16.799896,0.001403,0.000065
16.799896,0.001449,0.000066
16.799892,0.001494,0.000068
16.799892,0.001528,0.000069
16.799889,0.001584,0.000070
16.799885,0.001685,0.000071
16.799883,0.001715,0.000073
16.799883,0.001723,0.000074
16.799881,0.001791,0.000076
16.799877,0.001819,0.000077
16.799877,0.001827,0.000079
16.799873,0.001849,0.000080
16.799870,0.001889,0.000081
16.799870,0.001927,0.000083
16.799866,0.001958,0.000084
16.799864,0.001991,0.000086
16.799862,0.002030,0.000088
16.799858,0.002070,0.000089
16.799856,0.002113,0.000091
16.799854,0.002148,0.000093
16.799850,0.002149,0.000095
16.799849,0.002184,0.000096
16.799843,0.002271,0.000098
16.799843,0.002317,0.000100
16.799835,0.002351,0.000102
16.799835,0.002399,0.000104
16.799831,0.002446,0.000106
16.799828,0.002495,0.000108
16.799828,0.002535,0.000110
16.799824,0.002581,0.000112
16.799820,0.002632,0.000114
16.799816,0.002683,0.000116
16.799812,0.002787,0.000118
16.799809,0.002840,0.000121
16.799805,0.002894,0.000123
16.799801,0.002947,0.000125
16.799795,0.003003,0.000128
16.799793,0.003070,0.000130
16.799788,0.003115,0.000133
16.799786,0.003130,0.000135
16.799780,0.003232,0.000138
16.799774,0.003301,0.000141
16.799770,0.003361,0.000143
16.799767,0.003425,0.000146
16.799763,0.003487,0.000149
16.799759,0.003561,0.000152
16.799755,0.003628,0.000155
16.799749,0.003704,0.000158
16.799744,0.003777,0.000161
16.799738,0.003842,0.000164
16.799734,0.003921,0.000167
16.799730,0.003921,0.000170
16.799725,0.004074,0.000173
16.799719,0.004069,0.000177
16.799713,0.004169,0.000180
16.799709,0.004247,0.000184
16.799702,0.004318,0.000187
16.799698,0.004409,0.000191
16.799690,0.004509,0.000194
16.799686,0.004596,0.000198
16.799679,0.004685,0.000202
16.799671,0.004776,0.000206
16.799667,0.004867,0.000209
16.799662,0.004973,0.000213
16.799654,0.005068,0.000218
16.799648,0.005168,0.000222
16.799641,0.005162,0.000226
16.799635,0.005279,0.000230
16.799625,0.005377,0.000234
16.799622,0.005475,0.000239
16.799614,0.005682,0.000243
16.799604,0.005800,0.000248
16.799599,0.005911,0.000253
16.799589,0.006033,0.000258
16.799582,0.006156,0.000263
16.799574,0.006281,0.000268
16.799564,0.006380,0.000273
16.799557,0.006525,0.000278
16.799549,0.006644,0.000284
16.799541,0.006776,0.000289
16.799530,0.006916,0.000295
16.799522,0.007033,0.000300
16.799513,0.007151,0.000306
16.799503,0.007304,0.000312
16.799496,0.007444,0.000318
16.799484,0.007585,0.000324
16.799475,0.007736,0.000330
16.799463,0.007889,0.000337
16.799454,0.008046,0.000343
16.799442,0.008194,0.000350
16.799433,0.008345,0.000357
16.799419,0.008649,0.000363
16.799408,0.008670,0.000370
16.799398,0.008806,0.000378
16.799387,0.008981,0.000385
16.799376,0.009142,0.000392
16.799362,0.009313,0.000400
16.799351,0.009509,0.000407
16.799339,0.009685,0.000415
16.799326,0.009863,0.000423
16.799313,0.010065,0.000431
16.799299,0.010216,0.000440
16.799286,0.010410,0.000448
16.799271,0.010619,0.000456
16.799259,0.010643,0.000465
16.799244,0.010833,0.000474
16.799231,0.011015,0.000483
16.799217,0.011209,0.000492
16.799202,0.011405,0.000501
16.799187,0.011640,0.000510
16.799171,0.011842,0.000520
16.799158,0.012045,0.000530
16.799141,0.012262,0.000539
16.799126,0.012484,0.000550
16.799110,0.012734,0.000560
16.799091,0.012948,0.000570
16.799076,0.013190,0.000581
16.799057,0.013448,0.000592
16.799042,0.013907,0.000603
16.799023,0.013894,0.000614
16.799004,0.014160,0.000626
16.798986,0.014432,0.000637
16.798965,0.014681,0.000649
16.798946,0.014929,0.000661
16.798927,0.014929,0.000673
16.798908,0.015450,0.000686
16.798889,0.015737,0.000698
16.798868,0.015997,0.000711
16.798849,0.016013,0.000724
16.798828,0.016294,0.000737
16.798809,0.016560,0.000751
16.798784,0.016891,0.000764
16.798763,0.017150,0.000778
16.798740,0.017489,0.000792
16.798717,0.017768,0.000806
16.798695,0.018085,0.000821
16.798672,0.018404,0.000836
16.798645,0.018742,0.000851
16.798626,0.018742,0.000866
16.798599,0.019054,0.000881
16.798576,0.019365,0.000897
16.798550,0.019718,0.000913
16.798523,0.020021,0.000929
16.798498,0.020413,0.000946
16.798473,0.020707,0.000962
16.798445,0.021091,0.000979
16.798416,0.021481,0.000997
16.798389,0.021819,0.001014
16.798359,0.022546,0.001032
16.798330,0.022953,0.001051
16.798302,0.022975,0.001069
16.798271,0.023310,0.001088
16.798241,0.023727,0.001107
16.798214,0.023727,0.001127
16.798180,0.024513,0.001146
16.798149,0.024551,0.001166
16.798119,0.024985,0.001186
16.798086,0.025380,0.001207
16.798054,0.025821,0.001228
16.798019,0.026247,0.001249
16.797985,0.026227,0.001270
16.797951,0.027110,0.001292
16.797916,0.027549,0.001314
16.797882,0.027529,0.001336
16.797846,0.028014,0.001359
16.797810,0.028982,0.001382
16.797771,0.029464,0.001406
16.797733,0.029929,0.001430
16.797695,0.030444,0.001455
16.797657,0.030941,0.001479
16.797615,0.031418,0.001505
16.797573,0.031974,0.001531
16.797531,0.032418,0.001557
16.797493,0.033007,0.001583
16.797447,0.033485,0.001610
16.797403,0.034086,0.001638
16.797359,0.034600,0.001666
16.797316,0.035141,0.001694
16.797270,0.036318,0.001723
16.797224,0.036320,0.001753
16.797176,0.036930,0.001782
16.797131,0.037523,0.001813
16.797081,0.038094,0.001843
16.797031,0.038698,0.001875
16.796978,0.039953,0.001907
16.796928,0.040578,0.001940
16.796875,0.041180,0.001973
16.796824,0.041233,0.002006
16.796772,0.041869,0.002040
16.796719,0.042571,0.002074
16.796663,0.043223,0.002109
16.796608,0.043910,0.002144
16.796551,0.044544,0.002180
16.796494,0.045305,0.002217
16.796434,0.045985,0.002254
16.796375,0.046726,0.002292
16.796314,0.047420,0.002330
16.796253,0.048213,0.002369
16.796192,0.048922,0.002408
16.796127,0.049668,0.002448
16.796064,0.050421,0.002489
16.796000,0.051206,0.002530
16.795933,0.051943,0.002572
16.795872,0.051970,0.002614
16.795803,0.052775,0.002657
16.795732,0.054247,0.002700
16.795662,0.055072,0.002745
16.795593,0.055907,0.002790
16.795521,0.056685,0.002836
16.795448,0.057469,0.002882
16.795374,0.058332,0.002929
16.795301,0.058295,0.002976
16.795225,0.059099,0.003024
16.795147,0.060769,0.003073
16.795071,0.060844,0.003122
16.794994,0.061677,0.003171
16.794916,0.062521,0.003222
16.794832,0.064275,0.003274
16.794752,0.064320,0.003326
16.794670,0.065283,0.003378
16.794588,0.066221,0.003432
16.794502,0.067065,0.003486
16.794418,0.067547,0.003540
16.794336,0.067589,0.003595
16.794254,0.066792,0.003649
16.794174,0.065897,0.003702
16.794096,0.065482,0.003754
16.794016,0.065377,0.003807
16.793936,0.065469,0.003860
16.793856,0.065359,0.003913
16.793776,0.065364,0.003965
16.793694,0.065781,0.004018
16.793613,0.066239,0.004072
16.793530,0.066535,0.004126
16.793447,0.067257,0.004180
16.793365,0.067650,0.004234
16.793282,0.068112,0.004289
16.793198,0.068501,0.004345
16.793112,0.069048,0.004400
16.793030,0.069118,0.004456
16.792946,0.069023,0.004512
16.792860,0.069010,0.004567
16.792778,0.068923,0.004623
16.792694,0.068878,0.004678
16.792610,0.068791,0.004734
16.792528,0.068624,0.004789
16.792448,0.068517,0.004844
16.792366,0.068446,0.004900
16.792284,0.068239,0.004955
16.792202,0.068093,0.005010
16.792122,0.068066,0.005065
16.792042,0.067902,0.005119
16.791958,0.067843,0.005174
16.791878,0.067659,0.005229
16.791798,0.067657,0.005283
16.791735,0.067611,0.005327
16.791653,0.067555,0.005381
16.791574,0.067363,0.005436
16.791492,0.067254,0.005490
16.791414,0.067228,0.005544
16.791334,0.067079,0.005598
16.791256,0.067018,0.005652
16.791176,0.066892,0.005706
16.791100,0.066828,0.005760
16.791019,0.066782,0.005814
16.790939,0.066728,0.005868
16.790863,0.066680,0.005921
16.790785,0.066586,0.005975
16.790707,0.066497,0.006029
16.790628,0.066485,0.006082
16.790552,0.066361,0.006136
16.790472,0.066334,0.006189
16.790396,0.066260,0.006243
16.790319,0.066267,0.006296
16.790241,0.066126,0.006350
16.790165,0.066194,0.006403
16.790089,0.066125,0.006456
16.790010,0.066143,0.006510
16.789936,0.066051,0.006563
16.789860,0.066005,0.006616
16.789780,0.065895,0.006669
16.789707,0.065965,0.006722
16.789631,0.065898,0.006776
16.789555,0.065916,0.006829
16.789478,0.065839,0.006882
16.789402,0.065923,0.006935
16.789326,0.065791,0.006988
16.789249,0.065768,0.007041
16.789173,0.065804,0.007094
16.789101,0.065773,0.007147
16.789024,0.065755,0.007200
16.788948,0.065728,0.007253
16.788876,0.065645,0.007306
16.788799,0.065644,0.007359
16.788727,0.065622,0.007412
16.788651,0.065646,0.007465
16.788576,0.065535,0.007518
16.788502,0.065560,0.007571
16.788427,0.065474,0.007624
16.788353,0.065571,0.007676
16.788279,0.065428,0.007729
16.788204,0.065526,0.007782
16.788130,0.065426,0.007835
16.788057,0.065385,0.007888
16.787985,0.065342,0.007940
16.787909,0.065373,0.007993
16.787836,0.065373,0.008046
16.787762,0.065333,0.008098
16.787689,0.065305,0.008151
16.787617,0.065207,0.008204
16.787544,0.065168,0.008256
16.787470,0.065201,0.008309
16.787399,0.065158,0.008361
16.787327,0.065132,0.008414
16.787254,0.065077,0.008466
16.787182,0.064980,0.008519
16.787109,0.064980,0.008571
16.787041,0.064937,0.008623
16.786968,0.064883,0.008676
16.786896,0.064840,0.008728
16.786823,0.064840,0.008780
16.786751,0.064840,0.008833
16.786678,0.064786,0.008885
16.786606,0.064655,0.008937
16.786537,0.064655,0.008989
16.786465,0.064655,0.009041
16.786396,0.064596,0.009093
16.786324,0.064525,0.009145
16.786253,0.064465,0.009197
16.786182,0.064394,0.009249
16.786112,0.064437,0.009301
16.786043,0.064361,0.009353
16.785973,0.064361,0.009405
16.785902,0.064302,0.009457
16.785831,0.064227,0.009509
16.785763,0.064199,0.009561
16.785692,0.064140,0.009612
16.785622,0.064054,0.009664
16.785553,0.063984,0.009716
16.785484,0.064011,0.009767
16.785416,0.063948,0.009819
16.785347,0.063863,0.009870
16.785278,0.063778,0.009922
16.785210,0.063764,0.009973
16.785141,0.063734,0.010024
16.785072,0.063650,0.010076
16.785004,0.063579,0.010127
16.784937,0.063564,0.010178
16.784870,0.063436,0.010230
16.784801,0.063409,0.010281
16.784733,0.063452,0.010332
16.784666,0.063357,0.010383
16.784597,0.063276,0.010434
16.784531,0.063206,0.010485
16.784464,0.063181,0.010536
16.784397,0.063225,0.010587
16.784328,0.063101,0.010638
16.784262,0.063077,0.010689
16.784197,0.063053,0.010739
16.784134,0.062974,0.010790
16.784065,0.062952,0.010841
16.783997,0.062930,0.010892
16.783932,0.062909,0.010942
16.783867,0.062833,0.010993
16.783802,0.062756,0.011044
16.783737,0.062813,0.011094
16.783669,0.062736,0.011145
16.783604,0.062653,0.011196
16.783539,0.062644,0.011246
16.783474,0.062626,0.011297
16.783405,0.062608,0.011347
16.783344,0.062468,0.011397
16.783278,0.062518,0.011448
16.783213,0.062502,0.011498
16.783146,0.062486,0.011549
16.783083,0.062471,0.011599
16.783018,0.062357,0.011649
16.782953,0.062390,0.011700
16.782888,0.062330,0.011750
16.782824,0.062306,0.011800
16.782761,0.062293,0.011850
16.782696,0.062282,0.011901
16.782633,0.062270,0.011951
16.782568,0.062260,0.012001
16.782503,0.062143,0.012051
16.782440,0.062134,0.012101
16.782375,0.062124,0.012151
16.782314,0.062116,0.012201
16.782249,0.062115,0.012252
16.782188,0.062048,0.012302
16.782122,0.062089,0.012352
16.782059,0.062097,0.012402
16.781996,0.062028,0.012452
16.781933,0.062026,0.012502
16.781872,0.061972,0.012552
16.781807,0.061967,0.012602
16.781744,0.062014,0.012652
16.781681,0.061949,0.012702
16.781622,0.061958,0.012752
16.781559,0.061943,0.012802
16.781494,0.062003,0.012852
16.781433,0.061890,0.012902
16.781370,0.061950,0.012952
16.781307,0.061938,0.013001
16.781246,0.061999,0.013051
16.781185,0.061887,0.013101
16.781120,0.061936,0.013151
16.781059,0.061948,0.013201
16.780996,0.061936,0.013251
16.780937,0.061887,0.013301
16.780872,0.061949,0.013351
16.780811,0.061889,0.013401
16.780750,0.061890,0.013451
16.780685,0.062003,0.013501
16.780628,0.061893,0.013551
16.780563,0.061956,0.013601
16.780502,0.061895,0.013651
16.780441,0.061899,0.013701
16.780380,0.061899,0.013751
16.780317,0.061963,0.013801
16.780258,0.061905,0.013850
16.780195,0.061967,0.013900
16.780132,0.061970,0.013950
16.780075,0.061972,0.014000
16.780010,0.061924,0.014050
16.779953,0.061977,0.014100
16.779888,0.061980,0.014150
16.779829,0.061980,0.014200
16.779766,0.061935,0.014250
16.779707,0.061986,0.014300
16.779648,0.061926,0.014350
16.779587,0.061993,0.014400
16.779526,0.062008,0.014450
16.779465,0.062000,0.014500
16.779408,0.062000,0.014550
16.779343,0.061941,0.014600
16.779284,0.062008,0.014650
16.779222,0.062008,0.014700
16.779163,0.062008,0.014750
16.779102,0.061964,0.014800
16.779043,0.062016,0.014850
16.778982,0.062016,0.014900
16.778923,0.062032,0.014950
16.778862,0.062025,0.015000
16.778801,0.062025,0.015050
16.778744,0.062025,0.015100
16.778706,0.062025,0.015130
16.778645,0.062018,0.015180
16.778587,0.062018,0.015230
16.778526,0.062034,0.015280
16.778469,0.062046,0.015330
16.778408,0.061987,0.015380
16.778345,0.062034,0.015430
16.778290,0.062034,0.015480
16.778227,0.062051,0.015530
16.778168,0.062051,0.015580
16.778111,0.061987,0.015630
16.778049,0.061980,0.015680
16.777990,0.062044,0.015730
16.777929,0.062044,0.015780
16.777872,0.062051,0.015830
16.777811,0.062044,0.015881
16.777754,0.061992,0.015931
16.777695,0.062044,0.015981
16.777637,0.061992,0.016031
16.777580,0.061992,0.016081
16.777519,0.061928,0.016130
16.777462,0.061928,0.016180
16.777401,0.062039,0.016230
16.777344,0.061987,0.016280
16.777287,0.061928,0.016330
16.777229,0.061987,0.016380
16.777168,0.061987,0.016430
16.777109,0.062034,0.016480
16.777050,0.062034,0.016530
16.776993,0.061918,0.016580
16.776936,0.061918,0.016630
16.776875,0.061918,0.016680
16.776821,0.061918,0.016730
16.776760,0.061925,0.016780
16.776703,0.061973,0.016830
16.776646,0.061973,0.016880
16.776588,0.061909,0.016930
16.776527,0.061909,0.016980
16.776472,0.061957,0.017030
16.776413,0.061905,0.017080
16.776356,0.061901,0.017130
16.776299,0.061901,0.017180
16.776241,0.061897,0.017230
16.776184,0.061897,0.017279
16.776127,0.061905,0.017329
16.776070,0.061841,0.017379
16.776012,0.061841,0.017429
16.775959,0.061826,0.017479
16.775898,0.061826,0.017529
16.775845,0.061826,0.017579
16.775784,0.061822,0.017629
16.775730,0.061759,0.017678
16.775673,0.061834,0.017728
16.775616,0.061827,0.017778
16.775558,0.061827,0.017828
16.775501,0.061875,0.017878
16.775444,0.061812,0.017928
16.775391,0.061812,0.017978
16.775333,0.061821,0.018027
16.775276,0.061755,0.018077
16.775219,0.061755,0.018127
16.775166,0.061755,0.018177
16.775108,0.061753,0.018227
16.775051,0.061750,0.018276
16.774994,0.061750,0.018326
16.774940,0.061688,0.018376
16.774883,0.061637,0.018426
16.774826,0.061685,0.018475
16.774773,0.061745,0.018525
16.774715,0.061632,0.018575
16.774662,0.061681,0.018625
16.774605,0.061691,0.018674
16.774551,0.061628,0.018724
16.774494,0.061677,0.018774
16.774437,0.061687,0.018824
16.774384,0.061687,0.018873
16.774326,0.061685,0.018923
16.774273,0.061623,0.018973
16.774216,0.061623,0.019022
16.774162,0.061621,0.019072
16.774105,0.061621,0.019122
16.774052,0.061621,0.019172
16.773998,0.061620,0.019221
16.773941,0.061558,0.019271
16.773888,0.061558,0.019321
16.773834,0.061619,0.019370
16.773777,0.061618,0.019420
16.773724,0.061617,0.019470
16.773666,0.061617,0.019519
16.773613,0.061495,0.019569
16.773560,0.061605,0.019619
16.773506,0.061555,0.019668
16.773449,0.061616,0.019718
16.773396,0.061555,0.019768
16.773354,0.061554,0.019807
16.773300,0.061554,0.019857
16.773247,0.061505,0.019907
16.773190,0.061615,0.019956
16.773138,0.061444,0.020006
16.773083,0.061505,0.020055
16.773029,0.061554,0.020105
16.772976,0.061554,0.020155
16.772923,0.061505,0.020204
16.772865,0.061444,0.020254
16.772814,0.061444,0.020303
16.772762,0.061505,0.020353
16.772705,0.061555,0.020403
16.772652,0.061555,0.020452
16.772598,0.061555,0.020502
16.772547,0.061494,0.020551
16.772491,0.061445,0.020601
16.772440,0.061445,0.020651
16.772385,0.061494,0.020700
16.772331,0.061494,0.020750
16.772278,0.061556,0.020799
16.772224,0.061556,0.020849
16.772171,0.061495,0.020899
16.772121,0.061446,0.020948
16.772066,0.061507,0.020998
16.772015,0.061446,0.021047
16.771963,0.061446,0.021097
16.771908,0.061496,0.021146
16.771854,0.061496,0.021196
16.771801,0.061557,0.021246
16.771751,0.061557,0.021295
16.771696,0.061557,0.021345
16.771645,0.061496,0.021395
16.771591,0.061496,0.021444
16.771540,0.061435,0.021494
16.771484,0.061496,0.021543
16.771435,0.061508,0.021593
16.771381,0.061447,0.021642
16.771330,0.061447,0.021692
16.771278,0.061447,0.021742
16.771225,0.061447,0.021791
16.771172,0.061497,0.021841
16.771120,0.061497,0.021890
16.771069,0.061497,0.021940
16.771015,0.061447,0.021989
16.770966,0.061447,0.022039
16.770912,0.061447,0.022089
16.770861,0.061497,0.022138
16.770807,0.061447,0.022188
16.770758,0.061447,0.022237
16.770706,0.061447,0.022287
16.770653,0.061447,0.022336
16.770603,0.061447,0.022386
16.770550,0.061387,0.022435
16.770496,0.061509,0.022485
16.770447,0.061447,0.022535
16.770393,0.061399,0.022584
16.770344,0.061399,0.022634
16.770292,0.061387,0.022683
16.770241,0.061387,0.022733
16.770189,0.061399,0.022782
16.770140,0.061399,0.022832
16.770086,0.061399,0.022881
16.770035,0.061399,0.022931
16.769983,0.061387,0.022980
16.769934,0.061399,0.023030
16.769884,0.061399,0.023079
16.769833,0.061387,0.023129
16.769779,0.061399,0.023178
16.769732,0.061387,0.023228
16.769680,0.061399,0.023277
16.769629,0.061387,0.023327
16.769579,0.061326,0.023376
16.769539,0.061326,0.023416
16.769487,0.061287,0.023465
16.769438,0.061287,0.023515
16.769386,0.061336,0.023564
16.769337,0.061336,0.023614
16.769285,0.061336,0.023663
16.769236,0.061336,0.023713
16.769186,0.061336,0.023762
16.769135,0.061336,0.023811
16.769085,0.061286,0.023861
16.769033,0.061286,0.023910
16.768984,0.061336,0.023960
16.768932,0.061286,0.024009
16.768887,0.061286,0.024059
16.768837,0.061214,0.024108
16.768785,0.061225,0.024157
16.768736,0.061225,0.024207
16.768686,0.061225,0.024256
16.768637,0.061225,0.024306
16.768587,0.061225,0.024355
16.768538,0.061274,0.024404
16.768488,0.061274,0.024454
16.768436,0.061225,0.024503
16.768389,0.061274,0.024552
16.768337,0.061285,0.024602
16.768290,0.061285,0.024651
16.768240,0.061285,0.024701
16.768190,0.061285,0.024750
16.768141,0.061224,0.024800
16.768091,0.061224,0.024849
16.768042,0.061224,0.024898
16.767994,0.061212,0.024948
16.767944,0.061224,0.024997
16.767897,0.061224,0.025046
16.767847,0.061224,0.025096
16.767799,0.061224,0.025145
16.767748,0.061212,0.025195
16.767700,0.061212,0.025244
16.767653,0.061174,0.025293
16.767603,0.061174,0.025343
16.767553,0.061162,0.025392
16.767504,0.061284,0.025441
16.767456,0.061223,0.025491
16.767408,0.061223,0.025540
16.767359,0.061223,0.025589
16.767311,0.061223,0.025639
16.767262,0.061223,0.025688
16.767214,0.061223,0.025738
16.767166,0.061223,0.025787
16.767117,0.061223,0.025836
16.767071,0.061223,0.025886
16.767021,0.061235,0.025935
16.766973,0.061174,0.025984
16.766924,0.061272,0.026034
16.766876,0.061272,0.026083
16.766829,0.061223,0.026133
16.766779,0.061284,0.026182
16.766731,0.061284,0.026231
16.766682,0.061284,0.026281
16.766634,0.061284,0.026330
16.766586,0.061333,0.026380
16.766539,0.061333,0.026429
16.766491,0.061333,0.026479
16.766441,0.061333,0.026528
16.766396,0.061272,0.026578
16.766346,0.061272,0.026627
16.766298,0.061272,0.026676
16.766249,0.061394,0.026726
16.766205,0.061334,0.026775
16.766157,0.061334,0.026825
16.766109,0.061334,0.026874
16.766062,0.061334,0.026924
16.766012,0.061383,0.026973
16.765966,0.061322,0.027023
16.765917,0.061383,0.027072
16.765871,0.061444,0.027122
16.765823,0.061444,0.027171
16.765776,0.061383,0.027221
16.765728,0.061383,0.027270
16.765680,0.061383,0.027320
16.765633,0.061395,0.027369
16.765583,0.061444,0.027419
16.765537,0.061433,0.027468
16.765488,0.061433,0.027518
16.765442,0.061505,0.027568
16.765396,0.061456,0.027617
16.765350,0.061505,0.027667
16.765303,0.061505,0.027716
16.765255,0.061505,0.027766
16.765209,0.061494,0.027816
16.765160,0.061494,0.027865
16.765114,0.061494,0.027915
16.765064,0.061505,0.027964
16.765018,0.061555,0.028014
16.764969,0.061544,0.028064
16.764923,0.061544,0.028113
16.764877,0.061555,0.028163
16.764832,0.061555,0.028212
16.764784,0.061494,0.028262
16.764736,0.061555,0.028312
16.764687,0.061505,0.028361
16.764641,0.061616,0.028411
16.764599,0.061544,0.028461
16.764549,0.061555,0.028510
16.764503,0.061616,0.028560
16.764458,0.061544,0.028610
16.764412,0.061544,0.028659
16.764362,0.061666,0.028709
16.764317,0.061616,0.028759
16.764271,0.061616,0.028808
16.764225,0.061666,0.028858
16.764175,0.061616,0.028908
16.764130,0.061666,0.028957
16.764084,0.061604,0.029007
16.764038,0.061604,0.029057
16.763992,0.061604,0.029107
16.763947,0.061604,0.029156
16.763897,0.061616,0.029206
16.763855,0.061666,0.029256
16.763805,0.061666,0.029305
16.763760,0.061666,0.029355
16.763714,0.061616,0.029405
16.763668,0.061666,0.029455
16.763622,0.061604,0.029504
16.763577,0.061604,0.029554
16.763531,0.061666,0.029604
16.763485,0.061616,0.029653
16.763439,0.061616,0.029703
16.763393,0.061654,0.029753
16.763344,0.061665,0.029802
16.763302,0.061654,0.029852
16.763252,0.061665,0.029902
16.763210,0.061665,0.029952
16.763161,0.061654,0.030001
16.763119,0.061726,0.030051
16.763073,0.061726,0.030101
16.763027,0.061726,0.030151
16.762981,0.061665,0.030200
16.762936,0.061726,0.030250
16.762890,0.061715,0.030300
16.762844,0.061665,0.030350
16.762798,0.061665,0.030399
16.762753,0.061665,0.030449
16.762707,0.061665,0.030499
16.762661,0.061726,0.030549
16.762615,0.061726,0.030598
16.762573,0.061764,0.030648
16.762524,0.061665,0.030698
16.762482,0.061776,0.030748
16.762436,0.061715,0.030798
16.762390,0.061837,0.030847
16.762344,0.061776,0.030897
16.762302,0.061825,0.030947
16.762257,0.061776,0.030997
16.762211,0.061837,0.031047
16.762165,0.061837,0.031097
16.762119,0.061776,0.031146
16.762074,0.061825,0.031196
16.762032,0.061837,0.031246
16.761986,0.061837,0.031296
16.761940,0.061837,0.031346
16.761894,0.061837,0.031396
16.761848,0.061825,0.031446
16.761803,0.061875,0.031496
16.761761,0.061875,0.031545
16.761715,0.061887,0.031595
16.761669,0.061837,0.031645
16.761627,0.061898,0.031695
16.761581,0.061898,0.031745
16.761536,0.061887,0.031795
16.761490,0.061936,0.031845
16.761446,0.061936,0.031895
16.761402,0.061948,0.031945
16.761356,0.061948,0.031995
16.761311,0.061998,0.032045
16.761267,0.061898,0.032095
16.761223,0.061998,0.032145
16.761177,0.061936,0.032195
16.761135,0.061998,0.032245
16.761089,0.061948,0.032295
16.761045,0.061948,0.032345
16.761002,0.061998,0.032395
16.760956,0.061998,0.032445
16.760912,0.061948,0.032495
16.760868,0.062009,0.032545
16.760822,0.062009,0.032595
16.760788,0.062059,0.032635
16.760742,0.062047,0.032685
16.760698,0.062047,0.032735
16.760654,0.062047,0.032785
16.760609,0.062059,0.032835
16.760565,0.062109,0.032885
16.760519,0.062109,0.032935
16.760479,0.062109,0.032985
16.760433,0.062047,0.033035
16.760391,0.061998,0.033085
16.760345,0.061998,0.033135
16.760300,0.061998,0.033185
16.760258,0.062059,0.033235
16.760212,0.062009,0.033285
16.760170,0.062071,0.033335
16.760124,0.062047,0.033385
16.760082,0.062109,0.033435
16.760036,0.062109,0.033485
16.759993,0.062109,0.033535
16.759949,0.062047,0.033586
16.759905,0.062109,0.033636
16.759865,0.062059,0.033686
16.759819,0.062121,0.033736
16.759777,0.062059,0.033786
16.759733,0.062047,0.033836
16.759687,0.062109,0.033886
16.759645,0.062059,0.033936
16.759602,0.061998,0.033986
16.759560,0.061998,0.034036
16.759514,0.061998,0.034086
16.759472,0.061998,0.034136
16.759428,0.061998,0.034186
16.759386,0.061998,0.034236
16.759340,0.062059,0.034286
16.759298,0.062047,0.034336
16.759258,0.061998,0.034386
16.759212,0.062047,0.034436
16.759171,0.062047,0.034486
16.759127,0.061998,0.034536
16.759085,0.061998,0.034586
16.759041,0.061948,0.034636
16.758999,0.061948,0.034686
16.758957,0.062009,0.034736
16.758911,0.061998,0.034786
16.758869,0.061986,0.034836
16.758825,0.061998,0.034886
16.758783,0.061936,0.034936
16.758739,0.061948,0.034986
16.758699,0.061948,0.035036
16.758656,0.061948,0.035086
16.758614,0.061936,0.035136
16.758572,0.061936,0.035186
16.758530,0.061936,0.035236
16.758488,0.061887,0.035286
16.758442,0.061887,0.035336
16.758400,0.061887,0.035385
16.758358,0.061948,0.035435
16.758316,0.061948,0.035485
16.758272,0.061887,0.035535
16.758232,0.061887,0.035585
16.758190,0.061887,0.035635
16.758148,0.061887,0.035685
16.758106,0.061887,0.035735
16.758064,0.061887,0.035785
16.758022,0.061875,0.035835
16.757980,0.061875,0.035885
16.757938,0.061825,0.035934
16.757895,0.061887,0.035984
16.757854,0.061825,0.036034
16.757811,0.061887,0.036084
16.757771,0.061825,0.036134
16.757729,0.061887,0.036184
16.757687,0.061825,0.036234
16.757645,0.061825,0.036284
16.757603,0.061887,0.036334
16.757561,0.061825,0.036383
16.757523,0.061887,0.036433
16.757477,0.061887,0.036483
16.757439,0.061887,0.036533
16.757397,0.061825,0.036583
16.757355,0.061875,0.036633
16.757311,0.061875,0.036683
16.757269,0.061887,0.036733
16.757227,0.061887,0.036783
16.757185,0.061875,0.036832
16.757145,0.061898,0.036882
16.757105,0.061837,0.036932
16.757065,0.061825,0.036982
16.757023,0.061825,0.037032
16.756981,0.061776,0.037082
16.756939,0.061837,0.037132
16.756901,0.061837,0.037182
16.756859,0.061837,0.037231
16.756805,0.064397,0.037283
16.756762,0.064993,0.037336
16.756712,0.065875,0.037389
16.756670,0.064987,0.037441
16.756622,0.065906,0.037494
16.756588,0.062399,0.037545
16.756565,0.056264,0.037590
16.756538,0.054479,0.037634
16.756508,0.053505,0.037677
16.756479,0.053449,0.037720
16.756451,0.053396,0.037763
16.756420,0.053435,0.037806
16.756390,0.053422,0.037850
16.756361,0.053387,0.037893
16.756329,0.053603,0.037936
16.756298,0.053601,0.037979
16.756268,0.053893,0.038023
16.756237,0.054168,0.038066
16.756207,0.054168,0.038110
16.756176,0.054698,0.038154
16.756144,0.054854,0.038198
16.756111,0.055181,0.038243
16.756077,0.055551,0.038288
16.756044,0.055896,0.038333
16.756010,0.056183,0.038378
16.755978,0.056497,0.038424
16.755943,0.056868,0.038469
16.755907,0.057234,0.038516
16.755871,0.057543,0.038562
16.755835,0.058074,0.038609
16.755798,0.058155,0.038656
16.755760,0.058851,0.038703
16.755722,0.059199,0.038751
16.755688,0.059507,0.038799
16.755650,0.059781,0.038847
16.755610,0.060157,0.038896
16.755569,0.060514,0.038944
16.755531,0.060809,0.038993
16.755491,0.061115,0.039043
16.755447,0.061377,0.039092
16.755409,0.061699,0.039142
16.755367,0.062017,0.039192
16.755325,0.062340,0.039242
16.755283,0.062696,0.039293
16.755241,0.062982,0.039344
16.755201,0.063264,0.039395
16.755157,0.063529,0.039446
16.755116,0.063428,0.039497
16.755074,0.063654,0.039548
16.755030,0.063849,0.039600
16.754986,0.064034,0.039651
16.754944,0.063925,0.039703
16.754900,0.063981,0.039755
16.754858,0.064112,0.039806
16.754814,0.064301,0.039858
16.754768,0.064610,0.039910
16.754726,0.064710,0.039962
16.754684,0.064710,0.040015
16.754642,0.064877,0.040067
16.754597,0.064859,0.040119
16.754553,0.065214,0.040172
16.754507,0.065223,0.040224
16.754463,0.065223,0.040277
16.754419,0.065436,0.040330
16.754375,0.065393,0.040383
16.754330,0.065708,0.040436
16.754284,0.065547,0.040488
16.754242,0.065658,0.040541
16.754196,0.065872,0.040595
16.754152,0.066147,0.040648
16.754105,0.066294,0.040701
16.754061,0.066200,0.040755
16.754015,0.066175,0.040808
16.753969,0.066288,0.040862
16.753925,0.066391,0.040915
16.753878,0.066401,0.040969
16.753834,0.066662,0.041022
16.753788,0.066569,0.041076
16.753742,0.066776,0.041130
16.753696,0.066700,0.041184
16.753651,0.066485,0.041237
16.753609,0.066238,0.041291
16.753565,0.066172,0.041344
16.753519,0.066308,0.041398
16.753473,0.066195,0.041451
16.753429,0.066086,0.041504
16.753387,0.065705,0.041557
16.753342,0.065812,0.041610
16.753300,0.065674,0.041663
16.753258,0.065711,0.041716
16.753212,0.065541,0.041769
16.753170,0.065435,0.041822
16.753126,0.065299,0.041875
16.753084,0.065268,0.041927
16.753040,0.065168,0.041980
16.752998,0.065134,0.042032
16.752954,0.064999,0.042085
16.752911,0.064899,0.042137
16.752872,0.064800,0.042189
16.752829,0.064871,0.042242
16.752789,0.064741,0.042294
16.752747,0.064607,0.042346
16.752705,0.064508,0.042398
16.752663,0.064503,0.042450
16.752621,0.064188,0.042502
16.752579,0.064151,0.042553
16.752539,0.064031,0.042605
16.752497,0.064090,0.042657
16.752455,0.064019,0.042708
16.752419,0.063600,0.042760
16.752380,0.062442,0.042810
16.752342,0.062629,0.042861
16.752300,0.062745,0.042911
16.752266,0.061768,0.042961
16.752237,0.058980,0.043009
16.752205,0.058748,0.043056
16.752169,0.058963,0.043103
16.752136,0.058076,0.043150
16.752100,0.059259,0.043198
16.752069,0.058154,0.043245
16.752045,0.055877,0.043290
16.752014,0.055587,0.043335
16.751986,0.056249,0.043380
16.751953,0.056882,0.043426
16.751915,0.058392,0.043473
16.751873,0.060630,0.043522
16.751835,0.061750,0.043572
16.751795,0.062252,0.043622
16.751753,0.063252,0.043673
16.751711,0.064208,0.043725
16.751675,0.063160,0.043776
16.751637,0.063606,0.043827
16.751591,0.064796,0.043879
16.751543,0.066454,0.043933
16.751495,0.067458,0.043987
16.751450,0.068198,0.044042
16.751400,0.069073,0.044098
16.751350,0.069561,0.044154
16.751305,0.069741,0.044210
16.751251,0.071361,0.044268
16.751205,0.070747,0.044325
16.751156,0.070180,0.044382
16.751112,0.069022,0.044437
16.751068,0.067892,0.044492
16.751030,0.066742,0.044546
16.750984,0.066731,0.044600
16.750942,0.066113,0.044653
16.750902,0.065325,0.044706
16.750862,0.064796,0.044758
16.750822,0.064204,0.044810
16.750786,0.063788,0.044861
16.750748,0.063443,0.044912
16.750708,0.063177,0.044963
16.750669,0.063040,0.045014
16.750631,0.062840,0.045065
16.750595,0.062582,0.045115
16.750557,0.062388,0.045166
16.750521,0.062396,0.045216
16.750481,0.062753,0.045266
16.750441,0.063281,0.045318
16.750397,0.064655,0.045370
16.750355,0.065845,0.045423
16.750307,0.067130,0.045477
16.750259,0.068573,0.045532
16.750208,0.070288,0.045589
16.750153,0.072580,0.045647
16.750099,0.073705,0.045707
16.750038,0.075608,0.045768
16.749981,0.077593,0.045830
16.749916,0.079673,0.045895
16.749855,0.080655,0.045960
16.749783,0.082990,0.046027
16.749712,0.085514,0.046096
16.749636,0.088112,0.046167
16.749563,0.088062,0.046238
16.749504,0.085318,0.046306
16.749447,0.082472,0.046373
16.749390,0.079988,0.046437
16.749340,0.076690,0.046499
16.749294,0.074455,0.046559
16.749249,0.072219,0.046618
16.749205,0.070232,0.046674
16.749161,0.069254,0.046730
16.749119,0.067560,0.046785
16.749084,0.065106,0.046837
16.749050,0.063724,0.046888
16.749014,0.063022,0.046939
16.748978,0.062593,0.046990
16.748943,0.062674,0.047040
16.748905,0.062693,0.047091
16.748871,0.062638,0.047141
16.748837,0.062669,0.047182
16.748802,0.062764,0.047232
16.748764,0.062913,0.047283
16.748726,0.062997,0.047334
16.748690,0.063125,0.047385
16.748655,0.063222,0.047436
16.748615,0.063319,0.047487
16.748577,0.063384,0.047538
16.748539,0.063503,0.047589
16.748501,0.063784,0.047641
16.748463,0.063817,0.047692
16.748423,0.063925,0.047744
16.748384,0.064133,0.047795
16.748348,0.064133,0.047847
16.748310,0.064199,0.047899
16.748268,0.064407,0.047951
16.748230,0.064506,0.048003
16.748192,0.064550,0.048055
16.748154,0.064716,0.048107
16.748116,0.064859,0.048159
16.748074,0.064859,0.048212
16.748035,0.064937,0.048264
16.747997,0.064937,0.048317
16.747959,0.065048,0.048369
16.747919,0.065159,0.048422
16.747879,0.065148,0.048474
16.747839,0.065259,0.048527
16.747799,0.065259,0.048579
16.747761,0.065382,0.048632
16.747719,0.065426,0.048685
16.747681,0.065538,0.048738
16.747639,0.065483,0.048790
16.747601,0.065527,0.048843
16.747562,0.065595,0.048896
16.747520,0.065505,0.048949
16.747482,0.065505,0.049002
16.747440,0.065639,0.049055
16.747402,0.065650,0.049108
16.747364,0.065606,0.049161
16.747322,0.065584,0.049214
16.747284,0.065475,0.049266
16.747246,0.065507,0.049319
16.747208,0.065540,0.049372
16.747168,0.065434,0.049425
16.747128,0.065543,0.049478
16.747086,0.065434,0.049530
16.747047,0.065543,0.049583
16.747009,0.065575,0.049636
16.746971,0.065543,0.049689
16.746929,0.065507,0.049742
16.746891,0.065543,0.049795
16.746853,0.065434,0.049847
16.746815,0.065608,0.049900
16.746773,0.065499,0.049953
16.746735,0.065333,0.050006
16.746696,0.065333,0.050059
16.746655,0.065641,0.050112
16.746616,0.065466,0.050164
16.746582,0.065543,0.050217
16.746540,0.065507,0.050270
16.746502,0.065366,0.050323
16.746464,0.065608,0.050376
16.746422,0.065786,0.050429
16.746384,0.065608,0.050482
16.746346,0.065641,0.050535
16.746304,0.065543,0.050587
16.746265,0.065543,0.050640
16.746231,0.065434,0.050693
16.746189,0.065507,0.050746
16.746151,0.065685,0.050799
16.746120,0.065575,0.050841
16.746082,0.065608,0.050894
16.746044,0.065466,0.050947
16.746002,0.065499,0.051000
16.745964,0.065575,0.051053
16.745924,0.065819,0.051106
16.745888,0.065641,0.051159
16.745850,0.065543,0.051211
16.745811,0.065575,0.051264
16.745770,0.065709,0.051317
16.745731,0.065709,0.051370
16.745693,0.065709,0.051423
16.745655,0.065641,0.051476
16.745617,0.065575,0.051529
16.745579,0.065853,0.051582
16.745541,0.065641,0.051635
16.745502,0.065709,0.051688
16.745461,0.065567,0.051741
16.745422,0.065819,0.051794
16.745384,0.065853,0.051847
16.745346,0.065786,0.051900
16.745308,0.065709,0.051953
16.745270,0.065709,0.052006
16.745232,0.065543,0.052059
16.745193,0.065575,0.052112
16.745155,0.065742,0.052165
16.745117,0.065709,0.052218
16.745079,0.065599,0.052271
16.745041,0.065888,0.052324
16.744999,0.065709,0.052377
16.744961,0.065786,0.052430
16.744926,0.065786,0.052483
16.744888,0.065644,0.052536
16.744848,0.065921,0.052589
16.744812,0.065810,0.052642
16.744774,0.065742,0.052695
16.744736,0.065742,0.052748
16.744694,0.065567,0.052801
16.744656,0.065921,0.052854
16.744621,0.065778,0.052907
16.744583,0.065676,0.052960
16.744545,0.065709,0.053013
16.744507,0.065567,0.053066
16.744469,0.065888,0.053119
16.744431,0.065709,0.053172
16.744392,0.065641,0.053225
16.744354,0.065644,0.053278
16.744316,0.065778,0.053331
16.744282,0.065709,0.053384
16.744240,0.065709,0.053437
16.744202,0.065709,0.053490
16.744167,0.065676,0.053543
16.744129,0.065676,0.053596
16.744087,0.065668,0.053649
16.744053,0.065534,0.053702
16.744015,0.065745,0.053755
16.743980,0.065567,0.053808
16.743938,0.065567,0.053861
16.743900,0.065709,0.053914
16.743866,0.065534,0.053967
16.743828,0.065745,0.054020
16.743790,0.065701,0.054073
16.743752,0.065567,0.054126
16.743713,0.065567,0.054178
16.743679,0.065810,0.054231
16.743641,0.065745,0.054284
16.743603,0.065778,0.054338
16.743565,0.065668,0.054390
16.743526,0.065567,0.054443
16.743492,0.065668,0.054496
16.743454,0.065668,0.054549
16.743416,0.065599,0.054602
16.743382,0.065635,0.054655
16.743343,0.065458,0.054708
16.743305,0.065567,0.054761
16.743267,0.065567,0.054814
16.743229,0.065745,0.054867
16.743195,0.065635,0.054920
16.743156,0.065502,0.054972
16.743118,0.065502,0.055025
16.743084,0.065810,0.055078
16.743046,0.065567,0.055131
16.743011,0.065567,0.055184
16.742970,0.065434,0.055237
16.742935,0.065434,0.055290
16.742897,0.065745,0.055343
16.742863,0.065668,0.055396
16.742825,0.065567,0.055448
16.742786,0.065434,0.055501
16.742752,0.065709,0.055554
16.742714,0.065611,0.055607
16.742680,0.065567,0.055660
16.742641,0.065434,0.055713
16.742603,0.065575,0.055766
16.742569,0.065434,0.055818
16.742531,0.065778,0.055871
16.742493,0.065599,0.055924
16.742458,0.065543,0.055977
16.742420,0.065434,0.056030
16.742386,0.065434,0.056083
16.742350,0.065434,0.056136
16.742310,0.065709,0.056189
16.742275,0.065499,0.056241
16.742241,0.065401,0.056294
16.742203,0.065608,0.056347
16.742168,0.065608,0.056400
16.742128,0.066041,0.056453
16.742088,0.066950,0.056507
16.742046,0.067925,0.056562
16.742006,0.068326,0.056617
16.741974,0.068735,0.056661
16.741932,0.069523,0.056717
16.741886,0.070579,0.056774
16.741840,0.071519,0.056832
16.741791,0.072450,0.056891
16.741741,0.073519,0.056950
16.741695,0.074655,0.057010
16.741642,0.075721,0.057071
16.741589,0.076832,0.057133
16.741535,0.077922,0.057196
16.741480,0.079019,0.057260
16.741421,0.080175,0.057324
16.741364,0.080870,0.057389
16.741302,0.082181,0.057456
16.741243,0.083230,0.057523
16.741180,0.084568,0.057591
16.741116,0.085268,0.057660
16.741051,0.086511,0.057730
16.740982,0.087821,0.057800
16.740913,0.089072,0.057872
16.740845,0.090276,0.057945
16.740772,0.091652,0.058019
16.740704,0.090867,0.058092
16.740639,0.090164,0.058165
16.740572,0.088922,0.058237
16.740513,0.088050,0.058308
16.740448,0.087106,0.058378
16.740389,0.086109,0.058447
16.740328,0.085083,0.058516
16.740273,0.083940,0.058584
16.740215,0.082689,0.058650
16.740166,0.081714,0.058716
16.740108,0.081019,0.058782
16.740057,0.080148,0.058846
16.740005,0.079224,0.058910
16.739956,0.078253,0.058973
16.739906,0.077609,0.059036
16.739861,0.076953,0.059098
16.739811,0.076553,0.059160
16.739761,0.075915,0.059221
16.739716,0.075593,0.059282
16.739670,0.074905,0.059342
16.739626,0.074057,0.059402
16.739582,0.073680,0.059461
16.739536,0.073404,0.059521
16.739494,0.073214,0.059580
16.739449,0.072442,0.059638
16.739408,0.072195,0.059696
16.739365,0.072004,0.059754
16.739323,0.071693,0.059812
16.739281,0.071669,0.059870
16.739241,0.071228,0.059927
16.739199,0.070860,0.059984
16.739159,0.070761,0.060042
16.739120,0.070134,0.060098
16.739082,0.069760,0.060154
16.739040,0.069719,0.060211
16.739002,0.069630,0.060267
16.738964,0.069299,0.060323
16.738922,0.069572,0.060379
16.738884,0.069398,0.060435
16.738846,0.069087,0.060490
16.738808,0.068778,0.060546
16.738770,0.068656,0.060601
16.738735,0.068638,0.060657
16.738695,0.068811,0.060712
16.738655,0.068726,0.060768
16.738617,0.068572,0.060823
16.738579,0.068678,0.060878
16.738541,0.068758,0.060934
16.738506,0.067991,0.060989
16.738472,0.067376,0.061043
16.738438,0.066675,0.061097
16.738405,0.066037,0.061150
16.738369,0.065482,0.061203
16.738338,0.064875,0.061255
16.738308,0.064284,0.061307
16.738277,0.063650,0.061358
16.738251,0.063147,0.061409
16.738220,0.062642,0.061460
16.738192,0.062087,0.061510
16.738163,0.062121,0.061560
16.738132,0.061679,0.061610
16.738110,0.060799,0.061659
16.738083,0.060385,0.061707
16.738058,0.060040,0.061756
16.738033,0.059636,0.061804
16.738008,0.059278,0.061852
16.737982,0.058950,0.061899
16.737957,0.058685,0.061946
16.737934,0.058702,0.061994
16.737911,0.058196,0.062041
16.737892,0.058143,0.062078
16.737867,0.057892,0.062125
16.737846,0.057649,0.062171
16.737823,0.057275,0.062218
16.737803,0.057142,0.062264
16.737782,0.057010,0.062310
16.737759,0.056903,0.062356
16.737736,0.056521,0.062401
16.737717,0.056533,0.062447
16.737694,0.056248,0.062492
16.737679,0.056261,0.062528
16.737659,0.056137,0.062574
16.737637,0.056005,0.062619
16.737616,0.055874,0.062664
16.737595,0.055858,0.062709
16.737576,0.055731,0.062754
16.737553,0.055662,0.062799
16.737534,0.055593,0.062844
16.737514,0.055555,0.062888
16.737492,0.055536,0.062933
16.737473,0.055484,0.062978
16.737453,0.055403,0.063023
16.737431,0.055399,0.063067
16.737411,0.055332,0.063112
16.737392,0.055331,0.063157
16.737370,0.055349,0.063201
16.737352,0.055249,0.063246
16.737333,0.055229,0.063290
16.737314,0.055274,0.063335
16.737293,0.055292,0.063379
16.737272,0.055278,0.063424
16.737253,0.055279,0.063469
16.737232,0.055322,0.063513
16.737211,0.055337,0.063558
16.737198,0.055427,0.063585
16.737183,0.055353,0.063629
16.737160,0.055402,0.063674
16.737141,0.055598,0.063719
16.737118,0.055526,0.063764
16.737099,0.055602,0.063808
16.737080,0.055577,0.063853
16.737057,0.055686,0.063898
16.737038,0.055715,0.063943
16.737017,0.055792,0.063988
16.736994,0.055877,0.064033
16.736979,0.055917,0.064069
16.736956,0.055968,0.064114
16.736937,0.056069,0.064160
16.736914,0.056201,0.064205
16.736893,0.056186,0.064250
16.736870,0.056275,0.064296
16.736847,0.056406,0.064341
16.736828,0.056454,0.064387
16.736805,0.056549,0.064432
16.736782,0.056656,0.064478
16.736763,0.056706,0.064524
16.736744,0.056750,0.064560
16.736725,0.056830,0.064606
16.736698,0.056872,0.064652
16.736677,0.056984,0.064698
16.736656,0.057051,0.064744
16.736633,0.057145,0.064790
16.736612,0.057262,0.064836
16.736588,0.057311,0.064882
16.736565,0.057430,0.064929
16.736542,0.057540,0.064975
16.736519,0.057651,0.065022
16.736496,0.057751,0.065068
16.736473,0.057859,0.065115
16.736446,0.057971,0.065162
16.736425,0.058049,0.065208
16.736401,0.058117,0.065255
16.736376,0.058231,0.065302
16.736351,0.058236,0.065349
16.736328,0.058367,0.065396
16.736305,0.058421,0.065443
16.736279,0.058516,0.065491
16.736256,0.058537,0.065538
16.736229,0.058644,0.065585
16.736206,0.058729,0.065632
16.736183,0.058797,0.065680
16.736156,0.058962,0.065727
16.736134,0.058986,0.065775
16.736109,0.059033,0.065823
16.736084,0.059165,0.065870
16.736055,0.059235,0.065918
16.736031,0.059243,0.065966
16.736004,0.059295,0.066014
16.735981,0.059451,0.066062
16.735954,0.059478,0.066110
16.735931,0.059542,0.066158
16.735905,0.059624,0.066206
16.735878,0.059663,0.066254
16.735855,0.059727,0.066302
16.735828,0.059791,0.066350
16.735802,0.059747,0.066398
16.735775,0.059905,0.066447
16.735750,0.059914,0.066495
16.735723,0.059978,0.066543
16.735699,0.059978,0.066592
16.735672,0.060054,0.066640
16.735643,0.060128,0.066689
16.735619,0.060159,0.066737
16.735592,0.060159,0.066786
16.735567,0.060157,0.066834
16.735540,0.060235,0.066883
16.735512,0.060299,0.066931
16.735487,0.060364,0.066980
16.735462,0.060342,0.067029
16.735432,0.060462,0.067077
16.735405,0.060462,0.067126
16.735382,0.060527,0.067175
16.735355,0.060527,0.067224
16.735329,0.060559,0.067273
16.735302,0.060614,0.067322
16.735275,0.060680,0.067370
16.735245,0.060680,0.067419
16.735222,0.060680,0.067468
16.735195,0.060658,0.067517
16.735168,0.060714,0.067566
16.735142,0.060715,0.067615
16.735115,0.060715,0.067664
16.735088,0.060715,0.067713
16.735062,0.060816,0.067762
16.735033,0.060795,0.067811
16.735008,0.060795,0.067860
16.734982,0.060851,0.067909
16.734953,0.060809,0.067958
16.734928,0.060864,0.068007
16.734898,0.060898,0.068057
16.734873,0.060822,0.068106
16.734844,0.060878,0.068155
16.734819,0.060937,0.068204
16.734793,0.060982,0.068253
16.734764,0.060940,0.068302
16.734737,0.061022,0.068351
16.734711,0.060968,0.068401
16.734682,0.060949,0.068450
16.734655,0.061006,0.068499
16.734631,0.060994,0.068548
16.734604,0.060968,0.068597
16.734577,0.061025,0.068646
16.734549,0.060975,0.068696
16.734522,0.061032,0.068745
16.734495,0.060991,0.068794
16.734467,0.060996,0.068843
16.734442,0.061052,0.068892
16.734415,0.061103,0.068942
16.734388,0.060998,0.068991
16.734362,0.061015,0.069040
16.734333,0.060973,0.069089
16.734306,0.061077,0.069139
16.734280,0.061106,0.069188
16.734253,0.061065,0.069237
16.734226,0.061128,0.069286
16.734200,0.061123,0.069336
16.734173,0.061036,0.069385
16.734146,0.061089,0.069434
16.734118,0.061089,0.069483
16.734091,0.061054,0.069533
16.734066,0.061078,0.069582
16.734037,0.061143,0.069631
16.734011,0.061116,0.069681
16.733984,0.061059,0.069730
16.733957,0.061077,0.069779
16.733931,0.061057,0.069828
16.733904,0.061105,0.069878
16.733877,0.061148,0.069927
16.733849,0.061097,0.069976
16.733824,0.061203,0.070025
16.733797,0.061100,0.070075
16.733768,0.061122,0.070124
16.733742,0.061204,0.070173
16.733715,0.061189,0.070223
16.733688,0.061164,0.070272
16.733664,0.061192,0.070321
16.733635,0.061251,0.070371
16.733608,0.061285,0.070420
16.733578,0.061246,0.070470
16.733553,0.061232,0.070519
16.733528,0.061196,0.070568
16.733501,0.061205,0.070618
16.733475,0.061215,0.070667
16.733446,0.061202,0.070716
16.733418,0.061321,0.070766
16.733391,0.061282,0.070815
16.733366,0.061292,0.070865
16.733341,0.061328,0.070914
16.733311,0.061304,0.070964
16.733286,0.061365,0.071013
16.733257,0.061315,0.071063
16.733231,0.061375,0.071112
16.733202,0.061313,0.071162
16.733177,0.061373,0.071211
16.733152,0.061350,0.071261
16.733124,0.061372,0.071310
16.733097,0.061456,0.071360
16.733067,0.061444,0.071409
16.733040,0.061410,0.071459
16.733015,0.061421,0.071508
16.732994,0.061421,0.071548
16.732967,0.061421,0.071597
16.732937,0.061421,0.071647
16.732910,0.061494,0.071696
16.732883,0.061494,0.071746
16.732857,0.061483,0.071796
16.732830,0.061472,0.071845
16.732803,0.061484,0.071895
16.732777,0.061496,0.071944
16.732750,0.061534,0.071994
16.732723,0.061536,0.072044
16.732697,0.061536,0.072093
16.732670,0.061536,0.072143
16.732643,0.061487,0.072192
16.732616,0.061549,0.072242
16.732586,0.061560,0.072292
16.732559,0.061562,0.072341
16.732533,0.061528,0.072391
16.732506,0.061541,0.072441
16.732479,0.061541,0.072490
16.732452,0.061591,0.072540
16.732426,0.061602,0.072590
16.732399,0.061602,0.072639
16.732372,0.061627,0.072689
16.732346,0.061677,0.072739
16.732315,0.061582,0.072788
16.732292,0.061656,0.072838
16.732262,0.061668,0.072888
16.732235,0.061668,0.072938
16.732208,0.061656,0.072987
16.732182,0.061585,0.073037
16.732155,0.061656,0.073087
16.732128,0.061619,0.073136
16.732101,0.061647,0.073186
16.732075,0.061647,0.073236
16.732048,0.061647,0.073286
16.732021,0.061670,0.073335
16.731998,0.061659,0.073375
16.731972,0.061732,0.073425
16.731945,0.061660,0.073475
16.731918,0.061732,0.073524
16.731892,0.061722,0.073574
16.731861,0.061722,0.073624
16.731838,0.061794,0.073674
16.731808,0.061794,0.073724
16.731785,0.061794,0.073773
16.731754,0.061760,0.073823
16.731728,0.061709,0.073873
16.731701,0.061732,0.073923
16.731674,0.061783,0.073973
16.731646,0.061794,0.074022
16.731621,0.061820,0.074072
16.731594,0.061871,0.074122
16.731565,0.061831,0.074172
16.731537,0.061842,0.074222
16.731514,0.061903,0.074272
16.731483,0.061820,0.074322
16.731457,0.061831,0.074372
16.731430,0.061903,0.074421
16.731401,0.061903,0.074471
16.731375,0.061903,0.074521
16.731350,0.061929,0.074571
16.731321,0.061991,0.074621
16.731293,0.061940,0.074671
16.731268,0.061929,0.074721
16.731239,0.062001,0.074771
16.731213,0.062012,0.074821
16.731186,0.062012,0.074871
16.731157,0.061998,0.074921
16.731131,0.062049,0.074971
16.731104,0.062049,0.075021
16.731077,0.062070,0.075071
16.731049,0.062087,0.075121
16.731022,0.062097,0.075171
16.730993,0.062108,0.075222
16.730967,0.062108,0.075272
16.730942,0.062097,0.075322
16.730913,0.062146,0.075372
16.730886,0.062169,0.075422
16.730858,0.062128,0.075472
16.730831,0.062190,0.075522
16.730803,0.062143,0.075572
16.730776,0.062143,0.075622
16.730751,0.062143,0.075673
16.730722,0.062215,0.075723
16.730696,0.062177,0.075773
16.730667,0.062215,0.075823
16.730639,0.062287,0.075873
16.730614,0.062225,0.075923
16.730585,0.062191,0.075974
16.730556,0.062263,0.076024
16.730532,0.062190,0.076074
16.730503,0.062213,0.076124
16.730476,0.062285,0.076174
16.730450,0.062285,0.076225
16.730423,0.062323,0.076275
16.730394,0.062239,0.076325
16.730366,0.062311,0.076375
16.730339,0.062284,0.076426
16.730312,0.062249,0.076476
16.730286,0.062322,0.076526
16.730259,0.062322,0.076576
16.730228,0.062322,0.076627
16.730202,0.062333,0.076677
16.730175,0.062360,0.076727
16.730145,0.062299,0.076777
16.730122,0.062310,0.076828
16.730095,0.062332,0.076878
16.730068,0.062332,0.076928
16.730038,0.062298,0.076978
16.730011,0.062298,0.077029
16.729984,0.062371,0.077079
16.729958,0.062332,0.077129
16.729931,0.062321,0.077179
16.729904,0.062332,0.077230
16.729876,0.062259,0.077280
16.729847,0.062259,0.077330
16.729822,0.062298,0.077380
16.729795,0.062298,0.077431
16.729767,0.062321,0.077481
16.729740,0.062344,0.077531
16.729713,0.062394,0.077581
16.729687,0.062309,0.077632
16.729656,0.062310,0.077682
16.729633,0.062310,0.077732
16.729603,0.062383,0.077782
16.729576,0.062310,0.077833
16.729551,0.062333,0.077883
16.729523,0.062310,0.077933
16.729496,0.062372,0.077984
16.729469,0.062383,0.078034
16.729443,0.062310,0.078084
16.729416,0.062310,0.078134
16.729385,0.062322,0.078185
16.729359,0.062445,0.078235
16.729332,0.062384,0.078285
16.729305,0.062423,0.078336
16.729280,0.062400,0.078386
16.729252,0.062423,0.078436
16.729225,0.062434,0.078487
16.729198,0.062423,0.078537
16.729168,0.062423,0.078587
16.729145,0.062423,0.078638
16.729118,0.062385,0.078688
16.729088,0.062446,0.078738
16.729061,0.062425,0.078789
16.729034,0.062413,0.078839
16.729008,0.062497,0.078889
16.728981,0.062436,0.078940
16.728954,0.062509,0.078990
16.728928,0.062425,0.079041
16.728901,0.062425,0.079091
16.728870,0.062436,0.079141
16.728844,0.062425,0.079192
16.728821,0.062425,0.079242
16.728790,0.062425,0.079292
16.728764,0.062498,0.079343
16.728737,0.062475,0.079393
16.728710,0.062448,0.079443
16.728683,0.062486,0.079494
16.728657,0.062425,0.079544
16.728628,0.062946,0.079595
16.728600,0.062820,0.079646
16.728573,0.062722,0.079696
16.728546,0.062510,0.079747
16.728521,0.062252,0.079797
16.728495,0.062197,0.079847
16.728468,0.062119,0.079897
16.728447,0.062117,0.079937
16.728418,0.062182,0.079987
16.728394,0.062108,0.080037
16.728367,0.062106,0.080087
16.728342,0.062095,0.080137
16.728313,0.062155,0.080188
16.728289,0.062083,0.080238
16.728262,0.061991,0.080288
16.728233,0.061981,0.080338
16.728210,0.061971,0.080388
16.728182,0.061993,0.080438
16.728157,0.061921,0.080488
16.728130,0.061861,0.080537
16.728104,0.061861,0.080587
16.728077,0.061852,0.080637
16.728054,0.061811,0.080687
16.728027,0.061932,0.080737
16.728001,0.061843,0.080787
16.727974,0.061872,0.080837
16.727949,0.061820,0.080887
16.727922,0.061831,0.080937
16.727898,0.061902,0.080986
16.727871,0.061852,0.081036
16.727844,0.061830,0.081086
16.727818,0.061851,0.081136
16.727791,0.061851,0.081186
16.727768,0.061872,0.081236
16.727741,0.061850,0.081286
16.727715,0.061921,0.081336
16.727688,0.061821,0.081386
16.727665,0.061882,0.081435
16.727636,0.061843,0.081485
16.727612,0.061904,0.081535
16.727585,0.061904,0.081585
16.727560,0.061954,0.081635
16.727531,0.062004,0.081685
16.727505,0.062004,0.081735
16.727480,0.062004,0.081785
16.727455,0.061965,0.081835
16.727428,0.062004,0.081885
16.727402,0.062004,0.081935
16.727377,0.062077,0.081985
16.727348,0.062077,0.082035
16.727329,0.062099,0.082075
16.727303,0.062050,0.082125
16.727278,0.062088,0.082175
16.727251,0.062100,0.082225
16.727224,0.062100,0.082276
16.727198,0.062173,0.082326
16.727173,0.062212,0.082376
16.727146,0.062150,0.082426
16.727119,0.062139,0.082476
16.727095,0.062212,0.082526
16.727066,0.062223,0.082576
16.727039,0.062235,0.082627
16.727016,0.062201,0.082677
16.726988,0.062212,0.082727
16.726963,0.062151,0.082777
16.726936,0.062223,0.082827
16.726908,0.062212,0.082877
16.726885,0.062223,0.082928
16.726858,0.062212,0.082978
16.726831,0.062201,0.083028
16.726805,0.062162,0.083078
16.726778,0.062162,0.083128
16.726751,0.062162,0.083178
16.726727,0.062162,0.083228
16.726702,0.062162,0.083279
16.726675,0.062173,0.083329
16.726648,0.062212,0.083379
16.726622,0.062162,0.083429
16.726597,0.062262,0.083479
16.726570,0.062189,0.083529
16.726543,0.062139,0.083579
16.726519,0.062111,0.083630
16.726492,0.062173,0.083680
16.726465,0.062139,0.083730
16.726440,0.062150,0.083780
16.726414,0.062111,0.083830
16.726389,0.062111,0.083880
16.726362,0.062111,0.083930
16.726337,0.062027,0.083980
16.726311,0.062038,0.084030
16.726284,0.062049,0.084080
16.726259,0.062049,0.084130
16.726233,0.061965,0.084180
16.726208,0.062038,0.084230
16.726181,0.061976,0.084280
16.726158,0.062038,0.084330
16.726130,0.061999,0.084380
16.726103,0.061938,0.084430
16.726078,0.061904,0.084480
16.726051,0.061854,0.084530
16.726028,0.061926,0.084580
16.726002,0.061876,0.084630
16.725977,0.061876,0.084680
16.725950,0.061854,0.084730
16.725925,0.061876,0.084780
16.725899,0.061876,0.084830
16.725876,0.061815,0.084879
16.725849,0.061888,0.084929
16.725824,0.061899,0.084979
16.725798,0.061815,0.085029
16.725773,0.061753,0.085079
16.725750,0.061815,0.085129
16.725723,0.061776,0.085179
16.725697,0.061776,0.085228
16.725670,0.061803,0.085278
16.725647,0.061792,0.085328
16.725620,0.061803,0.085378
16.725595,0.061826,0.085428
16.725569,0.061742,0.085478
16.725544,0.061826,0.085527
16.725521,0.061826,0.085577
16.725494,0.061865,0.085627
16.725470,0.061925,0.085677
16.725445,0.061887,0.085727
16.725418,0.061803,0.085777
16.725395,0.061803,0.085827
16.725367,0.061842,0.085877
16.725342,0.061925,0.085927
16.725317,0.061887,0.085976
16.725292,0.061837,0.086026
16.725277,0.061960,0.086056
16.725250,0.061986,0.086106
16.725225,0.061914,0.086156
16.725201,0.061975,0.086206
16.725174,0.061986,0.086256
16.725149,0.061903,0.086306
16.725122,0.061925,0.086356
16.725098,0.061949,0.086406
16.725071,0.062010,0.086456
16.725048,0.061998,0.086506
16.725021,0.062025,0.086556
16.724997,0.062003,0.086606
16.724970,0.061964,0.086656
16.724943,0.062109,0.086706
16.724924,0.062059,0.086746
16.724899,0.061986,0.086796
16.724873,0.062003,0.086846
16.724848,0.062075,0.086896
16.724821,0.062086,0.086946
16.724794,0.062148,0.086996
16.724771,0.062059,0.087046
16.724745,0.062075,0.087096
16.724720,0.062125,0.087147
16.724693,0.062086,0.087197
16.724667,0.062121,0.087247
16.724644,0.062109,0.087297
16.724617,0.062209,0.087347
16.724592,0.062109,0.087397
16.724571,0.062171,0.087437
16.724546,0.062159,0.087487
16.724520,0.062175,0.087537
16.724497,0.062186,0.087588
16.724470,0.062221,0.087638
16.724443,0.062221,0.087688
16.724419,0.062236,0.087738
16.724392,0.062259,0.087788
16.724369,0.062198,0.087839
16.724342,0.062221,0.087889
16.724318,0.062221,0.087939
16.724291,0.062198,0.087989
16.724262,0.062248,0.088039
16.724239,0.062248,0.088089
16.724213,0.062236,0.088140
16.724186,0.062236,0.088190
16.724159,0.062248,0.088240
16.724134,0.062309,0.088290
16.724112,0.062298,0.088341
16.724085,0.062298,0.088391
16.724056,0.062321,0.088441
16.724033,0.062344,0.088491
16.724007,0.062344,0.088542
16.723984,0.062344,0.088592
16.723957,0.062359,0.088642
16.723930,0.062359,0.088692
16.723904,0.062321,0.088743
16.723877,0.062394,0.088793
16.723850,0.062359,0.088843
16.723827,0.062348,0.088894
16.723801,0.062371,0.088944
16.723778,0.062444,0.088994
16.723751,0.062394,0.089045
16.723724,0.062449,0.089095
16.723701,0.062359,0.089145
16.723675,0.062449,0.089196
16.723648,0.062421,0.089246
16.723621,0.062433,0.089296
16.723595,0.062444,0.089347
16.723576,0.062456,0.089387
16.723549,0.062460,0.089437
16.723526,0.062483,0.089488
16.723499,0.062433,0.089538
16.723473,0.062518,0.089588
16.723450,0.062468,0.089639
16.723423,0.062483,0.089689
16.723396,0.062533,0.089740
16.723370,0.062533,0.089790
16.723343,0.062534,0.089841
16.723316,0.062556,0.089891
16.723293,0.062574,0.089941
16.723267,0.062657,0.089992
16.723240,0.062545,0.090042
16.723213,0.062568,0.090093
16.723186,0.062630,0.090143
16.723164,0.062642,0.090194
16.723137,0.062646,0.090244
16.723110,0.062709,0.090295
16.723083,0.062731,0.090346
16.723061,0.062837,0.090396
16.723034,0.062794,0.090447
16.723005,0.063015,0.090498
16.722979,0.063012,0.090548
16.722954,0.063032,0.090599
16.722925,0.062942,0.090650
16.722900,0.062992,0.090701
16.722874,0.062992,0.090752
16.722849,0.063247,0.090803
16.722820,0.063444,0.090854
16.722794,0.063323,0.090905
16.722767,0.063331,0.090956
16.722740,0.063254,0.091007
16.722713,0.063715,0.091058
16.722685,0.064035,0.091110
16.722656,0.064014,0.091162
16.722630,0.064332,0.091214
16.722599,0.064250,0.091265
16.722574,0.063948,0.091317
16.722546,0.064716,0.091369
16.722515,0.064498,0.091421
16.722488,0.064560,0.091473
16.722458,0.064948,0.091526
16.722427,0.065043,0.091578
16.722399,0.064929,0.091630
16.722372,0.064978,0.091683
16.722343,0.065058,0.091735
16.722315,0.064892,0.091788
16.722282,0.065498,0.091840
16.722256,0.065176,0.091893
16.722227,0.065228,0.091946
16.722198,0.065169,0.091998
16.722170,0.064869,0.092050
16.722137,0.065353,0.092103
16.722111,0.065141,0.092156
16.722084,0.064987,0.092208
16.722055,0.064938,0.092260
16.722027,0.064663,0.092313
16.722000,0.064580,0.092365
16.721968,0.064929,0.092417
16.721943,0.064471,0.092469
16.721914,0.064267,0.092521
16.721888,0.064126,0.092573
16.721859,0.064119,0.092624
16.721834,0.064013,0.092676
16.721807,0.063936,0.092727
16.721781,0.063791,0.092779
16.721752,0.063610,0.092830
16.721725,0.063395,0.092881
16.721699,0.063382,0.092932
16.721676,0.063271,0.092983
16.721649,0.063206,0.093034
16.721622,0.063017,0.093085
16.721596,0.063072,0.093136
16.721571,0.062908,0.093187
16.721546,0.062891,0.093238
16.721519,0.062812,0.093288
16.721493,0.062862,0.093339
16.721470,0.062652,0.093389
16.721447,0.062653,0.093440
16.721420,0.062549,0.093490
16.721394,0.062558,0.093541
16.721367,0.062557,0.093591
16.721344,0.062504,0.093642
16.721321,0.062479,0.093692
16.721294,0.062386,0.093742
16.721268,0.062317,0.093793
16.721245,0.062370,0.093843
16.721218,0.062309,0.093893
16.721197,0.062272,0.093943
16.721170,0.062281,0.093994
16.721142,0.062316,0.094044
16.721119,0.062590,0.094094
16.721085,0.064972,0.094147
16.721056,0.064998,0.094199
16.721027,0.065185,0.094252
16.720997,0.065902,0.094305
16.720968,0.065937,0.094358
16.720928,0.068666,0.094413
16.720898,0.068561,0.094469
16.720860,0.069727,0.094525
16.720818,0.072154,0.094583
16.720779,0.071912,0.094641
16.720737,0.073955,0.094701
16.720697,0.074044,0.094761
16.720654,0.075264,0.094821
16.720604,0.076680,0.094883
16.720558,0.078117,0.094946
16.720512,0.077610,0.095009
16.720463,0.079748,0.095073
16.720432,0.079716,0.095112
16.720387,0.079312,0.095176
16.720345,0.078611,0.095239
16.720299,0.077958,0.095302
16.720255,0.077064,0.095364
16.720219,0.075569,0.095425
16.720177,0.075681,0.095486
16.720146,0.071978,0.095544
16.720110,0.071235,0.095601
16.720085,0.068712,0.095657
16.720058,0.066255,0.095710
16.720034,0.066264,0.095753
16.720020,0.061417,0.095803
16.719999,0.060917,0.095852
16.719978,0.060374,0.095900
16.719967,0.057438,0.095947
16.719952,0.056707,0.095992
16.719940,0.054340,0.096036
16.719933,0.052302,0.096078
16.719921,0.052302,0.096121
16.719913,0.052289,0.096163
16.719902,0.051691,0.096204
16.719891,0.051470,0.096246
16.719883,0.051784,0.096288
16.719872,0.051510,0.096329
16.719860,0.051775,0.096371
16.719851,0.052143,0.096413
16.719837,0.052430,0.096455
16.719824,0.052935,0.096498
16.719810,0.053332,0.096541
16.719797,0.053236,0.096584
16.719784,0.053565,0.096627
16.719770,0.053892,0.096671
16.719755,0.054226,0.096714
16.719742,0.054537,0.096758
16.719725,0.054903,0.096803
16.719707,0.055271,0.096847
16.719692,0.055593,0.096892
16.719677,0.055947,0.096937
16.719660,0.056299,0.096983
16.719643,0.056567,0.097028
16.719622,0.056838,0.097074
16.719604,0.057074,0.097120
16.719589,0.057406,0.097166
16.719566,0.057646,0.097213
16.719547,0.057963,0.097260
16.719528,0.058429,0.097307
16.719509,0.058675,0.097354
16.719486,0.058708,0.097401
16.719467,0.058912,0.097449
16.719444,0.059392,0.097497
16.719425,0.059385,0.097545
16.719402,0.059809,0.097593
16.719381,0.059855,0.097641
16.719360,0.060013,0.097690
16.719334,0.060291,0.097738
16.719315,0.060219,0.097787
16.719292,0.060619,0.097836
16.719273,0.060608,0.097884
16.719246,0.060880,0.097934
16.719223,0.060945,0.097983
16.719200,0.061165,0.098032
16.719177,0.061277,0.098081
16.719156,0.061279,0.098131
16.719128,0.061503,0.098180
16.719105,0.061628,0.098230
16.719082,0.061732,0.098280
16.719059,0.061969,0.098330
16.719034,0.062132,0.098380
16.719006,0.062317,0.098430
16.718983,0.062423,0.098481
16.718960,0.062487,0.098531
16.718933,0.062609,0.098582
16.718906,0.063298,0.098633
16.718872,0.065452,0.098685
16.718842,0.065403,0.098738
16.718815,0.066572,0.098792
16.718784,0.066572,0.098845
16.718754,0.066534,0.098899
16.718710,0.070078,0.098956
16.718678,0.069969,0.099012
16.718639,0.070960,0.099069
16.718599,0.072072,0.099127
16.718563,0.071794,0.099185
16.718529,0.071794,0.099243
16.718475,0.076223,0.099305
16.718430,0.077058,0.099367
16.718376,0.079350,0.099431
16.718338,0.078710,0.099494
16.718281,0.081100,0.099560
16.718231,0.081100,0.099625
16.718185,0.080327,0.099690
16.718134,0.082070,0.099756
16.718086,0.081103,0.099821
16.718040,0.080116,0.099886
16.717993,0.080101,0.099951
16.717951,0.078120,0.100014
16.717907,0.078098,0.100077
16.717865,0.077105,0.100139
16.717825,0.076233,0.100200
16.717785,0.075254,0.100261
16.717747,0.074428,0.100321
16.717712,0.073604,0.100380
16.717676,0.072386,0.100439
16.717640,0.071572,0.100497
16.717607,0.070985,0.100554
16.717571,0.071290,0.100611
16.717537,0.070504,0.100668
16.717505,0.070162,0.100725
16.717472,0.069368,0.100781
16.717440,0.069023,0.100836
16.717407,0.069501,0.100892
16.717377,0.068911,0.100948
16.717346,0.068522,0.101003
16.717312,0.068352,0.101058
16.717285,0.067850,0.101113
16.717253,0.067845,0.101168
16.717224,0.067259,0.101222
16.717194,0.067122,0.101276
16.717167,0.066595,0.101330
16.717138,0.066204,0.101383
16.717110,0.065329,0.101436
16.717085,0.065276,0.101489
16.717058,0.065031,0.101541
16.717030,0.064682,0.101593
16.717007,0.064194,0.101645
16.716982,0.063792,0.101696
16.716957,0.063387,0.101747
16.716934,0.063097,0.101798
16.716911,0.062749,0.101849
16.716888,0.062704,0.101899
16.716864,0.062026,0.101950
16.716843,0.061720,0.101999
16.716820,0.061372,0.102049
16.716799,0.061166,0.102098
16.716776,0.060950,0.102147
16.716755,0.060733,0.102196
16.716736,0.060476,0.102245
16.716715,0.060309,0.102294
16.716694,0.060374,0.102342
16.716673,0.060043,0.102391
16.716652,0.060013,0.102439
16.716635,0.059915,0.102487
16.716614,0.059859,0.102536
16.716591,0.059709,0.102584
16.716572,0.059617,0.102632
16.716553,0.059574,0.102680
16.716534,0.059572,0.102728
16.716515,0.059478,0.102776
16.716492,0.059485,0.102824
16.716473,0.059497,0.102872
16.716454,0.059510,0.102920
16.716434,0.059531,0.102968
16.716415,0.059534,0.103016
16.716393,0.059536,0.103064
16.716373,0.059612,0.103112
16.716354,0.059622,0.103160
16.716339,0.059564,0.103199
16.716316,0.059630,0.103247
16.716297,0.059646,0.103295
16.716278,0.059711,0.103343
16.716257,0.059788,0.103391
16.716238,0.059792,0.103439
16.716215,0.059917,0.103488
16.716194,0.059933,0.103536
16.716175,0.059989,0.103584
16.716154,0.060035,0.103633
16.716135,0.060104,0.103681
16.716114,0.060120,0.103730
16.716091,0.060172,0.103778
16.716072,0.060235,0.103827
16.716051,0.060241,0.103875
16.716030,0.060253,0.103924
16.716007,0.060316,0.103973
16.715988,0.060368,0.104021
16.715965,0.060432,0.104070
16.715950,0.060449,0.104109
16.715927,0.060506,0.104158
16.715904,0.060559,0.104207
16.715885,0.060663,0.104256
16.715866,0.060720,0.104305
16.715843,0.060720,0.104354
16.715820,0.060789,0.104403
16.715797,0.060841,0.104452
16.715778,0.060841,0.104501
16.715755,0.060846,0.104550
16.715733,0.060846,0.104599
16.715710,0.060944,0.104648
16.715691,0.060950,0.104697
16.715670,0.060944,0.104746
16.715645,0.060990,0.104796
16.715624,0.061047,0.104845
16.715601,0.061054,0.104894
16.715580,0.061036,0.104943
16.715559,0.061030,0.104992
16.715536,0.061135,0.105042
16.715513,0.061118,0.105091
16.715494,0.061061,0.105140
16.715471,0.061224,0.105190
16.715448,0.061110,0.105239
16.715425,0.061105,0.105288
16.715408,0.061148,0.105328
16.715387,0.061195,0.105377
16.715364,0.061199,0.105426
16.715342,0.061179,0.105476
16.715321,0.061108,0.105525
16.715300,0.061150,0.105574
16.715277,0.061198,0.105624
16.715254,0.061189,0.105673
16.715233,0.061177,0.105722
16.715210,0.061205,0.105772
16.715187,0.061690,0.105821
16.715164,0.061759,0.105871
16.715139,0.062333,0.105922
16.715115,0.062188,0.105972
16.715088,0.063665,0.106023
16.715084,0.056616,0.106069
16.715069,0.056351,0.106114
16.715084,0.047114,0.106152
16.715080,0.047022,0.106190
16.715088,0.043852,0.106225
16.715090,0.043925,0.106261
16.715088,0.044461,0.106297
16.715088,0.044478,0.106333
16.715084,0.045055,0.106369
16.715080,0.045588,0.106406
16.715076,0.046112,0.106435
16.715073,0.046669,0.106473
16.715073,0.046680,0.106511
16.715065,0.047367,0.106549
16.715059,0.048043,0.106588
16.715050,0.049311,0.106627
16.715046,0.049245,0.106667
16.715034,0.049864,0.106707
16.715027,0.050442,0.106748
16.715014,0.051116,0.106789
16.715004,0.051776,0.106831
16.714993,0.052315,0.106873
16.714979,0.052950,0.106916
16.714966,0.053544,0.106959
16.714951,0.054713,0.107003
16.714935,0.055252,0.107048
16.714916,0.055701,0.107093
16.714901,0.056203,0.107138
16.714882,0.056758,0.107184
16.714867,0.057279,0.107230
16.714848,0.057745,0.107276
16.714828,0.058163,0.107323
16.714806,0.058609,0.107371
16.714787,0.059043,0.107418
16.714766,0.058969,0.107466
16.714745,0.059395,0.107514
16.714725,0.059801,0.107562
16.714705,0.060123,0.107610
16.714680,0.060564,0.107659
16.714657,0.060890,0.107708
16.714634,0.061484,0.107758
16.714611,0.061471,0.107808
16.714588,0.061862,0.107857
16.714561,0.062412,0.107908
16.714535,0.062531,0.107958
16.714512,0.062854,0.108009
16.714487,0.063033,0.108060
16.714460,0.063074,0.108111
16.714441,0.063245,0.108151
16.714417,0.063412,0.108203
16.714390,0.063626,0.108254
16.714363,0.063728,0.108305
16.714336,0.063783,0.108357
16.714314,0.063841,0.108408
16.714285,0.063990,0.108460
16.714256,0.064300,0.108512
16.714230,0.064406,0.108564
16.714203,0.064406,0.108615
16.714176,0.064569,0.108668
16.714149,0.064604,0.108720
16.714123,0.064633,0.108772
16.714096,0.064692,0.108824
16.714069,0.064800,0.108876
16.714041,0.064848,0.108929
16.714016,0.064853,0.108981
16.713987,0.065021,0.109033
16.713961,0.064900,0.109086
16.713932,0.064985,0.109138
16.713903,0.064996,0.109190
16.713879,0.065063,0.109243
16.713850,0.065045,0.109295
16.713823,0.065060,0.109348
16.713795,0.065061,0.109400
16.713768,0.065068,0.109453
16.713741,0.065070,0.109505
16.713713,0.065127,0.109558
16.713684,0.065045,0.109610
16.713657,0.065030,0.109663
16.713631,0.065022,0.109715
16.713604,0.065038,0.109768
16.713577,0.064958,0.109820
16.713549,0.064967,0.109872
16.713524,0.065002,0.109925
16.713495,0.064988,0.109977
16.713467,0.064942,0.110030
16.713440,0.064963,0.110082
16.713413,0.064923,0.110134
16.713387,0.064881,0.110187
16.713360,0.064879,0.110239
16.713333,0.064876,0.110291
16.713306,0.064835,0.110344
16.713280,0.064833,0.110396
16.713247,0.066140,0.110449
16.713219,0.066140,0.110502
16.713184,0.068540,0.110558
16.713154,0.068551,0.110613
16.713120,0.068391,0.110668
16.713085,0.069729,0.110724
16.713037,0.074109,0.110784
16.712997,0.073940,0.110844
16.712952,0.075534,0.110905
16.712915,0.075111,0.110965
16.712872,0.076651,0.111027
16.712807,0.082546,0.111094
16.712761,0.082171,0.111160
16.712704,0.083943,0.111228
16.712654,0.083098,0.111295
16.712605,0.083671,0.111362
16.712555,0.082594,0.111429
16.712505,0.082595,0.111495
16.712460,0.081465,0.111561
16.712418,0.079270,0.111625
16.712372,0.079254,0.111689
16.712330,0.077263,0.111751
16.712292,0.077159,0.111813
16.712252,0.076209,0.111875
16.712212,0.075356,0.111936
16.712177,0.074439,0.111996
16.712135,0.074349,0.112056
16.712101,0.073495,0.112115
16.712065,0.072811,0.112174
16.712030,0.072182,0.112232
16.711998,0.071422,0.112289
16.711964,0.070729,0.112347
16.711933,0.070158,0.112403
16.711901,0.070086,0.112460
16.711868,0.069379,0.112516
16.711838,0.068721,0.112571
16.711807,0.068402,0.112626
16.711779,0.067993,0.112681
16.711748,0.068172,0.112736
16.711716,0.067776,0.112791
16.711689,0.067232,0.112845
16.711660,0.067122,0.112899
16.711632,0.067212,0.112953
16.711605,0.066660,0.113007
16.711578,0.066550,0.113061
16.711548,0.066337,0.113114
16.711521,0.065921,0.113167
16.711494,0.065587,0.113220
16.711468,0.065548,0.113273
16.711443,0.065144,0.113326
16.711414,0.064820,0.113378
16.711391,0.064304,0.113430
16.711369,0.064214,0.113481
16.711344,0.063817,0.113533
16.711319,0.063592,0.113584
16.711296,0.063249,0.113635
16.711273,0.062957,0.113686
16.711248,0.062999,0.113737
16.711227,0.062685,0.113787
16.711206,0.062197,0.113837
16.711184,0.062135,0.113888
16.711161,0.061913,0.113938
16.711140,0.061675,0.113987
16.711121,0.061454,0.114037
16.711100,0.061061,0.114086
16.711077,0.061066,0.114135
16.711056,0.060771,0.114184
16.711037,0.060692,0.114233
16.711018,0.060574,0.114282
16.710995,0.060355,0.114331
16.710976,0.060420,0.114380
16.710957,0.060308,0.114428
16.710938,0.060196,0.114477
16.710917,0.060151,0.114525
16.710897,0.060157,0.114574
16.710876,0.060105,0.114622
16.710859,0.060061,0.114671
16.710838,0.059998,0.114719
16.710817,0.060006,0.114767
16.710798,0.060006,0.114816
16.710779,0.060014,0.114864
16.710760,0.059984,0.114913
16.710741,0.059993,0.114961
16.710718,0.060080,0.115009
16.710701,0.059979,0.115058
16.710680,0.060048,0.115106
16.710661,0.060057,0.115155
16.710642,0.060116,0.115203
16.710621,0.060174,0.115252
16.710602,0.060234,0.115300
16.710579,0.060244,0.115349
16.710560,0.060255,0.115397
16.710541,0.060303,0.115446
16.710518,0.060352,0.115495
16.710499,0.060495,0.115544
16.710480,0.060446,0.115592
16.710457,0.060544,0.115641
16.710438,0.060544,0.115690
16.710419,0.060592,0.115739
16.710396,0.060592,0.115788
16.710377,0.060615,0.115837
16.710358,0.060736,0.115886
16.710333,0.060785,0.115935
16.710312,0.060774,0.115984
16.710293,0.060834,0.116033
16.710272,0.060907,0.116082
16.710251,0.060907,0.116131
16.710230,0.060956,0.116180
16.710207,0.061017,0.116229
16.710188,0.061065,0.116278
16.710167,0.061065,0.116328
16.710144,0.061065,0.116377
16.710123,0.061126,0.116426
16.710102,0.061187,0.116476
16.710081,0.061236,0.116525
16.710060,0.061297,0.116574
16.710037,0.061371,0.116624
16.710018,0.061358,0.116673
16.709995,0.061408,0.116723
16.709972,0.061335,0.116772
16.709949,0.061530,0.116822
16.709930,0.061518,0.116872
16.709908,0.061518,0.116921
16.709885,0.061555,0.116971
16.709862,0.061580,0.117021
16.709843,0.061641,0.117070
16.709820,0.061628,0.117120
16.709797,0.061739,0.117170
16.709774,0.061777,0.117220
16.709755,0.061727,0.117269
16.709730,0.061789,0.117319
16.709709,0.061739,0.117369
16.709686,0.061924,0.117419
16.709665,0.061924,0.117469
16.709642,0.061850,0.117519
16.709621,0.061838,0.117569
16.709597,0.061937,0.117619
16.709578,0.061900,0.117668
16.709555,0.061961,0.117718
16.709532,0.061999,0.117768
16.709509,0.061999,0.117818
16.709486,0.062060,0.117868
16.709471,0.060032,0.117917
16.709452,0.059923,0.117965
16.709431,0.059888,0.118013
16.709414,0.059888,0.118062
16.709415,0.052683,0.118104
16.709408,0.052638,0.118147
16.709404,0.050123,0.118187
16.709396,0.050263,0.118228
16.709412,0.043498,0.118263
16.709414,0.043704,0.118298
16.709414,0.043688,0.118333
16.709415,0.044098,0.118369
16.709415,0.044595,0.118405
16.709412,0.045221,0.118441
16.709412,0.045752,0.118478
16.709408,0.046352,0.118516
16.709402,0.047076,0.118553
16.709398,0.047084,0.118591
16.709393,0.048456,0.118631
16.709389,0.048518,0.118670
16.709381,0.049073,0.118709
16.709372,0.049837,0.118749
16.709362,0.050529,0.118790
16.709356,0.051188,0.118831
16.709343,0.051887,0.118873
16.709332,0.052627,0.118916
16.709318,0.053307,0.118959
16.709309,0.053275,0.119002
16.709293,0.053938,0.119045
16.709278,0.054545,0.119089
16.709263,0.055195,0.119134
16.709249,0.055828,0.119179
16.709232,0.056448,0.119224
16.709215,0.057121,0.119270
16.709198,0.057636,0.119317
16.709177,0.058132,0.119364
16.709158,0.058656,0.119411
16.709139,0.059085,0.119459
16.709118,0.059615,0.119507
16.709097,0.060069,0.119555
16.709076,0.060508,0.119604
16.709053,0.060476,0.119653
16.709032,0.060948,0.119702
16.709009,0.061273,0.119751
16.708988,0.061700,0.119801
16.708963,0.061951,0.119851
16.708939,0.062283,0.119901
16.708916,0.062559,0.119952
16.708891,0.062877,0.120002
16.708866,0.063133,0.120053
16.708841,0.063280,0.120104
16.708817,0.063457,0.120155
16.708790,0.063748,0.120207
16.708765,0.063897,0.120258
16.708738,0.064025,0.120310
16.708712,0.064186,0.120362
16.708687,0.064413,0.120414
16.708660,0.064549,0.120466
16.708633,0.064677,0.120518
16.708611,0.064677,0.120570
16.708582,0.064891,0.120622
16.708553,0.064856,0.120675
16.708527,0.064841,0.120727
16.708502,0.064987,0.120779
16.708473,0.065184,0.120832
16.708447,0.065281,0.120885
16.708420,0.065281,0.120937
16.708393,0.065327,0.120990
16.708366,0.065360,0.121043
16.708340,0.065411,0.121095
16.708309,0.065495,0.121148
16.708282,0.065493,0.121201
16.708256,0.065493,0.121254
16.708229,0.065480,0.121307
16.708202,0.065580,0.121360
16.708172,0.065659,0.121413
16.708145,0.065642,0.121465
16.708117,0.065695,0.121518
16.708092,0.065679,0.121571
16.708065,0.065667,0.121624
16.708035,0.065717,0.121677
16.708010,0.065770,0.121730
16.707981,0.065770,0.121783
16.707952,0.065756,0.121837
16.707924,0.065758,0.121890
16.707901,0.065809,0.121943
16.707869,0.065873,0.121996
16.707842,0.065810,0.122049
16.707815,0.065799,0.122102
16.707790,0.065735,0.122155
16.707760,0.065735,0.122208
16.707731,0.065686,0.122261
16.707706,0.065726,0.122314
16.707680,0.065738,0.122367
16.707649,0.065675,0.122420
16.707623,0.065675,0.122473
16.707596,0.065612,0.122526
16.707569,0.065612,0.122579
16.707542,0.065550,0.122632
16.707516,0.065550,0.122684
16.707489,0.065499,0.122737
16.707462,0.065437,0.122790
16.707436,0.065437,0.122843
16.707409,0.065425,0.122896
16.707378,0.065374,0.122948
16.707352,0.065372,0.123001
16.707329,0.065321,0.123054
16.707302,0.065321,0.123106
16.707275,0.065321,0.123159
16.707245,0.065334,0.123212
16.707222,0.065207,0.123264
16.707195,0.065142,0.123317
16.707169,0.065080,0.123369
16.707142,0.065039,0.123422
16.707117,0.065039,0.123474
16.707090,0.065039,0.123527
16.707064,0.064963,0.123579
16.707037,0.064872,0.123631
16.707010,0.064922,0.123684
16.706984,0.064808,0.123736
16.706957,0.064870,0.123788
16.706932,0.064744,0.123840
16.706907,0.064704,0.123893
16.706882,0.064754,0.123945
16.706856,0.064639,0.123997
16.706829,0.064639,0.124049
16.706806,0.064575,0.124101
16.706779,0.064548,0.124153
16.706753,0.064548,0.124205
16.706726,0.064484,0.124257
16.706703,0.064484,0.124309
16.706676,0.064470,0.124361
16.706654,0.064445,0.124413
16.706627,0.064393,0.124465
16.706600,0.064381,0.124517
16.706577,0.064392,0.124569
16.706551,0.064265,0.124621
16.706524,0.064240,0.124673
16.706497,0.064303,0.124725
16.706474,0.064253,0.124776
16.706450,0.064176,0.124828
16.706425,0.064087,0.124880
16.706400,0.064149,0.124932
16.706375,0.064190,0.124983
16.706348,0.064215,0.125035
16.706322,0.064166,0.125087
16.706299,0.064112,0.125139
16.706274,0.064140,0.125190
16.706249,0.064131,0.125242
16.706223,0.064252,0.125294
16.706196,0.064411,0.125346
16.706173,0.064383,0.125398
16.706146,0.064156,0.125449
16.706123,0.064165,0.125501
16.706097,0.064503,0.125553
16.706070,0.064349,0.125605
16.706043,0.064401,0.125657
16.706020,0.064502,0.125709
16.705994,0.064761,0.125761
16.705967,0.064549,0.125813
16.705944,0.064690,0.125866
16.705917,0.064978,0.125918
16.705891,0.064820,0.125970
16.705864,0.064662,0.126022
16.705841,0.064841,0.126075
16.705814,0.065071,0.126127
16.705786,0.065007,0.126180
16.705761,0.064882,0.126232
16.705738,0.064808,0.126284
16.705709,0.064786,0.126336
16.705683,0.065061,0.126389
16.705658,0.064901,0.126441
16.705631,0.064890,0.126493
16.705608,0.064622,0.126546
16.705582,0.064533,0.126598
16.705563,0.064552,0.126639
16.705536,0.064554,0.126691
16.705509,0.064502,0.126743
16.705486,0.064511,0.126795
16.705460,0.064340,0.126847
16.705435,0.064148,0.126899
16.705410,0.064073,0.126951
16.705387,0.064021,0.127002
16.705362,0.063951,0.127054
16.705336,0.063936,0.127105
16.705315,0.063817,0.127157
16.705290,0.063765,0.127208
16.705265,0.063647,0.127260
16.705242,0.063596,0.127311
16.705219,0.063492,0.127362
16.705193,0.063433,0.127413
16.705170,0.063272,0.127464
16.705149,0.063157,0.127515
16.705124,0.063117,0.127566
16.705099,0.063061,0.127617
16.705076,0.062959,0.127668
16.705055,0.063030,0.127719
16.705030,0.062987,0.127769
16.705006,0.062932,0.127820
16.704985,0.062872,0.127871
16.704962,0.062830,0.127922
16.704937,0.062830,0.127972
16.704914,0.062838,0.128023
16.704893,0.062834,0.128074
16.704868,0.062843,0.128124
16.704845,0.062790,0.128175
16.704823,0.062730,0.128225
16.704803,0.062790,0.128276
16.704777,0.062869,0.128327
16.704752,0.062756,0.128377
16.704733,0.062867,0.128428
16.704708,0.062814,0.128479
16.704683,0.062814,0.128529
16.704662,0.062875,0.128580
16.704639,0.062886,0.128631
16.704615,0.062823,0.128682
16.704592,0.062834,0.128732
16.704571,0.062945,0.128783
16.704546,0.062895,0.128834
16.704523,0.062894,0.128884
16.704498,0.062905,0.128935
16.704477,0.062956,0.128986
16.704453,0.062944,0.129037
16.704430,0.062881,0.129087
16.704409,0.062955,0.129138
16.704384,0.062905,0.129189
16.704361,0.062854,0.129240
16.704336,0.062916,0.129290
16.704315,0.062881,0.129341
16.704292,0.062943,0.129392
16.704268,0.062893,0.129442
16.704245,0.062892,0.129493
16.704224,0.063004,0.129544
16.704199,0.062954,0.129595
16.704174,0.062954,0.129646
16.704155,0.062965,0.129696
16.704130,0.062931,0.129747
16.704105,0.062970,0.129798
16.704082,0.062908,0.129849
16.704062,0.062807,0.129899
16.704037,0.062880,0.129950
16.704014,0.062880,0.130001
16.703991,0.062857,0.130051
16.703968,0.062803,0.130102
16.703945,0.062741,0.130153
16.703920,0.062802,0.130203
16.703901,0.062762,0.130254
16.703876,0.062795,0.130305
16.703852,0.062641,0.130355
16.703835,0.062609,0.130406
16.703808,0.062699,0.130456
16.703785,0.062689,0.130507
16.703762,0.062690,0.130557
16.703743,0.062549,0.130608
16.703716,0.062521,0.130658
16.703697,0.062430,0.130708
16.703674,0.062516,0.130759
16.703651,0.062526,0.130809
16.703629,0.062611,0.130860
16.703606,0.062689,0.130910
16.703581,0.062882,0.130961
16.703558,0.062920,0.131012
16.703535,0.063097,0.131063
16.703512,0.063143,0.131114
16.703487,0.063411,0.131165
16.703461,0.063849,0.131216
16.703436,0.063992,0.131268
16.703413,0.064014,0.131319
16.703388,0.064253,0.131371
16.703362,0.064371,0.131423
16.703337,0.064762,0.131475
16.703310,0.064822,0.131528
16.703283,0.064806,0.131580
16.703260,0.064744,0.131632
16.703234,0.065013,0.131685
16.703207,0.064895,0.131737
16.703182,0.064906,0.131789
16.703157,0.064857,0.131842
16.703133,0.064728,0.131894
16.703106,0.064634,0.131946
16.703083,0.064667,0.131998
16.703054,0.064655,0.132050
16.703030,0.064463,0.132102
16.703007,0.064294,0.132154
16.702980,0.064299,0.132206
16.702959,0.064206,0.132258
16.702934,0.064192,0.132309
16.702911,0.064082,0.132361
16.702885,0.063928,0.132413
16.702860,0.063901,0.132464
16.702837,0.063833,0.132516
16.702812,0.063801,0.132567
16.702789,0.063641,0.132618
16.702763,0.063589,0.132670
16.702740,0.063491,0.132721
16.702721,0.063395,0.132772
16.702694,0.063432,0.132823
16.702671,0.063361,0.132874
16.702648,0.063317,0.132925
16.702621,0.063284,0.132976
16.702602,0.063327,0.133027
16.702579,0.063235,0.133078
16.702553,0.063288,0.133129
16.702530,0.063290,0.133181
16.702507,0.063271,0.133232
16.702486,0.063142,0.133282
16.702461,0.063188,0.133333
16.702438,0.063199,0.133384
16.702415,0.063172,0.133435
16.702393,0.063208,0.133486
16.702368,0.063193,0.133537
16.702347,0.063168,0.133588
16.702320,0.063214,0.133639
16.702297,0.063190,0.133690
16.702278,0.063201,0.133741
16.702251,0.063200,0.133792
16.702229,0.063200,0.133843
16.702202,0.063137,0.133894
16.702183,0.063239,0.133945
16.702160,0.063239,0.133996
16.702135,0.063189,0.134047
16.702114,0.063228,0.134098
16.702089,0.063178,0.134149
16.702066,0.063231,0.134200
16.702042,0.063231,0.134251
16.702021,0.063171,0.134302
16.701996,0.063233,0.134353
16.701969,0.063183,0.134404
16.701952,0.063123,0.134455
16.701927,0.063125,0.134506
16.701902,0.063127,0.134556
16.701881,0.063077,0.134607
16.701859,0.063140,0.134658
16.701834,0.063140,0.134709
16.701811,0.063093,0.134760
16.701788,0.063154,0.134811
16.701767,0.063093,0.134862
16.701742,0.063107,0.134913
16.701719,0.063107,0.134964
16.701696,0.063047,0.135014
16.701674,0.063122,0.135065
16.701649,0.063122,0.135116
16.701628,0.063061,0.135167
16.701603,0.063073,0.135218
16.701580,0.063023,0.135269
16.701559,0.063023,0.135320
16.701534,0.063023,0.135370
16.701511,0.062986,0.135421
16.701490,0.063059,0.135472
16.701468,0.063074,0.135523
16.701443,0.063010,0.135574
16.701418,0.063124,0.135625
16.701397,0.063124,0.135676
16.701374,0.063124,0.135727
16.701351,0.063035,0.135777
16.701328,0.063115,0.135828
16.701303,0.063101,0.135879
16.701283,0.063229,0.135930
16.701260,0.063266,0.135981
16.701248,0.063285,0.136002
16.701225,0.063454,0.136053
16.701202,0.063251,0.136104
16.701178,0.064065,0.136155
16.701153,0.064236,0.136207
16.701128,0.064178,0.136259
16.701099,0.064613,0.136311
16.701077,0.064271,0.136363
16.701054,0.064727,0.136415
16.701027,0.064564,0.136467
16.701004,0.066446,0.136510
16.700972,0.067004,0.136564
16.700947,0.066435,0.136618
16.700916,0.066984,0.136672
16.700890,0.067026,0.136726
16.700857,0.067851,0.136780
16.700829,0.067633,0.136835
16.700802,0.067189,0.136889
16.700775,0.066800,0.136943
16.700745,0.066768,0.136997
16.700722,0.066561,0.137050
16.700691,0.066456,0.137104
16.700666,0.065787,0.137157
16.700642,0.065765,0.137210
16.700617,0.065015,0.137263
16.700592,0.064705,0.137315
16.700571,0.064296,0.137367
16.700546,0.063896,0.137418
16.700523,0.063619,0.137469
16.700500,0.063236,0.137520
16.700478,0.063360,0.137572
16.700455,0.062913,0.137622
16.700432,0.062657,0.137673
16.700413,0.062395,0.137723
16.700392,0.062179,0.137773
16.700369,0.062026,0.137823
16.700352,0.061761,0.137873
16.700329,0.061718,0.137923
16.700306,0.061518,0.137973
16.700287,0.061489,0.138022
16.700268,0.061347,0.138072
16.700245,0.061301,0.138121
16.700226,0.061084,0.138170
16.700205,0.061110,0.138220
16.700186,0.061079,0.138269
16.700165,0.061029,0.138318
16.700146,0.061115,0.138367
16.700125,0.061111,0.138417
16.700106,0.061070,0.138466
16.700083,0.061150,0.138515
16.700066,0.061164,0.138564
16.700043,0.061228,0.138614
16.700022,0.061306,0.138663
16.700001,0.061372,0.138713
16.699982,0.061358,0.138762
16.699959,0.061482,0.138812
16.699940,0.061486,0.138861
16.699921,0.061603,0.138911
16.699896,0.061721,0.138961
16.699879,0.061740,0.139001
16.699858,0.061777,0.139051
16.699837,0.061846,0.139100
16.699814,0.061916,0.139150
16.699795,0.061986,0.139200
16.699772,0.061984,0.139250
16.699751,0.062092,0.139300
16.699728,0.062152,0.139351
16.699707,0.062211,0.139401
16.699684,0.062272,0.139451
16.699661,0.062309,0.139501
16.699642,0.062321,0.139551
16.699619,0.062394,0.139602
16.699596,0.062443,0.139652
16.699577,0.062567,0.139703
16.699554,0.062604,0.139753
16.699528,0.062505,0.139803
16.699509,0.062567,0.139854
16.699486,0.062678,0.139904
16.699463,0.062654,0.139955
16.699440,0.062616,0.140005
16.699419,0.062654,0.140056
16.699396,0.062779,0.140107
16.699373,0.062742,0.140157
16.699352,0.062729,0.140208
16.699327,0.062830,0.140259
16.699305,0.062843,0.140309
16.699286,0.062843,0.140360
16.699261,0.062843,0.140411
16.699238,0.062831,0.140461
16.699215,0.062831,0.140512
16.699194,0.062831,0.140563
16.699171,0.062883,0.140613
16.699146,0.062883,0.140664
16.699127,0.062883,0.140715
16.699102,0.062883,0.140765
16.699080,0.062859,0.140816
16.699059,0.062911,0.140867
16.699036,0.062811,0.140917
16.699013,0.062859,0.140968
16.698990,0.062859,0.141019
16.698969,0.062787,0.141069
16.698944,0.062798,0.141120
16.698921,0.062804,0.141171
16.698902,0.062764,0.141221
16.698877,0.062753,0.141272
16.698854,0.062764,0.141323
16.698835,0.062751,0.141373
16.698811,0.062679,0.141424
16.698788,0.062701,0.141474
16.698769,0.062629,0.141525
16.698746,0.062585,0.141575
16.698723,0.062600,0.141626
16.698700,0.062561,0.141676
16.698681,0.062522,0.141727
16.698654,0.062575,0.141777
16.698631,0.062577,0.141828
16.698608,0.063846,0.141879
16.698586,0.063643,0.141930
16.698559,0.064112,0.141982
16.698536,0.064430,0.142034
16.698509,0.064895,0.142086
16.698479,0.065335,0.142139
16.698458,0.065031,0.142192
16.698431,0.065094,0.142244
16.698406,0.065244,0.142297
16.698381,0.065175,0.142349
16.698353,0.065283,0.142402
16.698330,0.065025,0.142454
16.698307,0.064935,0.142507
16.698278,0.064834,0.142559
16.698254,0.064789,0.142611
16.698231,0.064451,0.142663
16.698208,0.064378,0.142715
16.698181,0.064187,0.142767
16.698158,0.064034,0.142818
16.698137,0.063936,0.142870
16.698112,0.063752,0.142921
16.698090,0.063571,0.142973
16.698067,0.063435,0.143024
16.698044,0.063372,0.143075
16.698017,0.063307,0.143126
16.697998,0.063181,0.143177
16.697975,0.063143,0.143228
16.697952,0.063158,0.143279
16.697929,0.062983,0.143330
16.697908,0.063050,0.143380
16.697884,0.062881,0.143431
16.697863,0.062855,0.143482
16.697840,0.062915,0.143533
16.697817,0.062833,0.143583
16.697796,0.062904,0.143634
16.697773,0.062745,0.143685
16.697750,0.062873,0.143735
16.697727,0.062873,0.143786
16.697706,0.062826,0.143837
16.697681,0.062856,0.143887
16.697662,0.062745,0.143938
16.697639,0.062824,0.143989
16.697615,0.062830,0.144039
16.697594,0.062898,0.144090
16.697573,0.062903,0.144141
16.697548,0.062876,0.144191
16.697525,0.062845,0.144242
16.697506,0.062928,0.144293
16.697481,0.062963,0.144344
16.697458,0.063077,0.144395
16.697435,0.063063,0.144445
16.697414,0.062998,0.144496
16.697390,0.063046,0.144547
16.697367,0.063032,0.144598
16.697346,0.063069,0.144649
16.697323,0.063067,0.144700
16.697300,0.063104,0.144750
16.697277,0.063091,0.144801
16.697254,0.063142,0.144852
16.697231,0.063140,0.144903
16.697208,0.063178,0.144954
16.697186,0.063116,0.145005
16.697163,0.063227,0.145056
16.697140,0.063288,0.145107
16.697119,0.063226,0.145158
16.697094,0.063214,0.145209
16.697073,0.063265,0.145260
16.697048,0.063235,0.145311
16.697027,0.063213,0.145362
16.697004,0.063212,0.145413
16.696980,0.063263,0.145464
16.696957,0.063336,0.145515
16.696934,0.063324,0.145566
16.696911,0.063273,0.145617
16.696888,0.063273,0.145668
16.696865,0.063324,0.145719
16.696842,0.063273,0.145770
16.696819,0.063262,0.145821
16.696796,0.063335,0.145872
16.696774,0.063335,0.145924
16.696751,0.063324,0.145975
16.696728,0.063223,0.146026
16.696705,0.063274,0.146077
16.696682,0.063336,0.146128
16.696659,0.063296,0.146179
16.696636,0.063296,0.146230
16.696613,0.063296,0.146281
16.696589,0.063224,0.146332
16.696568,0.063275,0.146383
16.696545,0.063236,0.146434
16.696522,0.063246,0.146485
16.696499,0.063259,0.146536
16.696476,0.063225,0.146587
16.696453,0.063239,0.146638
16.696432,0.063198,0.146689
16.696407,0.063210,0.146740
16.696384,0.063211,0.146791
16.696362,0.063206,0.146842
16.696339,0.063219,0.146893
16.696316,0.063278,0.146944
16.696293,0.063262,0.146995
16.696270,0.063255,0.147046
16.696247,0.063389,0.147097
16.696224,0.063506,0.147148
16.696201,0.063523,0.147199
16.696177,0.063790,0.147251
16.696152,0.064103,0.147302
16.696125,0.064881,0.147355
16.696098,0.065594,0.147408
16.696066,0.066999,0.147462
16.696041,0.066767,0.147516
16.696012,0.066896,0.147570
16.695976,0.069343,0.147625
16.695950,0.068513,0.147681
16.695921,0.068168,0.147736
16.695896,0.067399,0.147790
16.695866,0.067390,0.147844
16.695835,0.068202,0.147899
16.695807,0.067772,0.147954
16.695782,0.067359,0.148008
16.695753,0.066780,0.148062
16.695728,0.066596,0.148116
16.695702,0.066433,0.148169
16.695673,0.066091,0.148223
16.695652,0.065614,0.148276
16.695625,0.065256,0.148328
16.695601,0.064859,0.148381
16.695580,0.064512,0.148433
16.695553,0.064184,0.148484
16.695530,0.064094,0.148536
16.695509,0.063771,0.148588
16.695484,0.063396,0.148639
16.695463,0.063049,0.148689
16.695444,0.062762,0.148740
16.695423,0.062474,0.148790
16.695400,0.062242,0.148841
16.695381,0.062001,0.148891
16.695358,0.061823,0.148941
16.695339,0.061606,0.148990
16.695316,0.061549,0.149040
16.695301,0.061326,0.149089
16.695278,0.061215,0.149139
16.695259,0.061172,0.149188
16.695242,0.061066,0.149237
16.695219,0.061080,0.149287
16.695200,0.061038,0.149336
16.695183,0.060989,0.149385
16.695160,0.061008,0.149434
16.695141,0.061008,0.149483
16.695124,0.060971,0.149533
16.695101,0.061045,0.149582
16.695082,0.061009,0.149631
16.695063,0.061136,0.149680
16.695042,0.061128,0.149730
16.695023,0.061189,0.149779
16.695004,0.061268,0.149828
16.694981,0.061339,0.149878
16.694962,0.061409,0.149927
16.694942,0.061481,0.149977
16.694920,0.061453,0.150026
16.694901,0.061554,0.150076
16.694878,0.061536,0.150126
16.694859,0.061657,0.150175
16.694836,0.061771,0.150225
16.694817,0.061794,0.150275
16.694796,0.061914,0.150325
16.694775,0.061926,0.150375
16.694752,0.061999,0.150425
16.694733,0.062122,0.150475
16.694710,0.062073,0.150525
16.694687,0.062195,0.150575
16.694668,0.062268,0.150625
16.694645,0.062318,0.150676
16.694622,0.062382,0.150726
16.694603,0.062442,0.150776
16.694580,0.062442,0.150827
16.694557,0.062565,0.150877
16.694538,0.062577,0.150928
16.694513,0.062627,0.150978
16.694492,0.062663,0.151029
16.694471,0.062712,0.151079
16.694448,0.062738,0.151130
16.694426,0.062748,0.151180
16.694405,0.062823,0.151231
16.694382,0.062735,0.151282
16.694359,0.062859,0.151332
16.694338,0.062907,0.151383
16.694315,0.062931,0.151434
16.694292,0.062931,0.151485
16.694277,0.062919,0.151525
16.694252,0.062931,0.151576
16.694229,0.063043,0.151627
16.694210,0.062967,0.151678
16.694185,0.063040,0.151728
16.694162,0.063040,0.151779
16.694141,0.063028,0.151830
16.694118,0.063126,0.151881
16.694096,0.063215,0.151932
16.694073,0.063164,0.151983
16.694050,0.063227,0.152034
16.694027,0.063213,0.152085
16.694004,0.063279,0.152136
16.693983,0.063193,0.152187
16.693970,0.063252,0.152218
16.693943,0.063386,0.152269
16.693920,0.063637,0.152320
16.693897,0.063548,0.152371
16.693874,0.063587,0.152422
16.693853,0.063747,0.152474
16.693829,0.063886,0.152525
16.693804,0.064008,0.152577
16.693781,0.063927,0.152629
16.693756,0.064208,0.152680
16.693729,0.064918,0.152733
16.693710,0.064945,0.152775
16.693686,0.064909,0.152827
16.693657,0.065319,0.152880
16.693634,0.065117,0.152932
16.693611,0.064953,0.152985
16.693584,0.065016,0.153037
16.693558,0.065235,0.153090
16.693535,0.064916,0.153142
16.693510,0.064724,0.153194
16.693485,0.064704,0.153246
16.693462,0.064468,0.153298
16.693436,0.064293,0.153350
16.693417,0.064191,0.153402
16.693392,0.064039,0.153454
16.693367,0.063887,0.153505
16.693344,0.063678,0.153556
16.693325,0.063416,0.153608
16.693302,0.063242,0.153659
16.693279,0.063251,0.153710
16.693256,0.063085,0.153760
16.693237,0.062931,0.153811
16.693213,0.062859,0.153862
16.693192,0.062799,0.153913
16.693169,0.062765,0.153963
16.693148,0.062698,0.154014
16.693125,0.062618,0.154064
16.693104,0.062608,0.154115
16.693085,0.062530,0.154165
16.693060,0.062662,0.154216
16.693039,0.062611,0.154266
16.693020,0.062547,0.154317
16.692997,0.062498,0.154367
16.692974,0.062579,0.154417
16.692955,0.062533,0.154468
16.692932,0.062551,0.154518
16.692907,0.062745,0.154569
16.692886,0.062704,0.154620
16.692863,0.062841,0.154670
16.692842,0.062852,0.154721
16.692822,0.062864,0.154772
16.692797,0.062911,0.154822
16.692776,0.062926,0.154873
16.692753,0.063070,0.154924
16.692732,0.063040,0.154975
16.692707,0.063138,0.155026
16.692684,0.063110,0.155077
16.692661,0.063146,0.155128
16.692642,0.063196,0.155179
16.692619,0.063296,0.155230
16.692596,0.063284,0.155281
16.692574,0.063323,0.155332
16.692551,0.063361,0.155383
16.692524,0.063337,0.155434
16.692505,0.063390,0.155485
16.692482,0.063379,0.155536
16.692459,0.063408,0.155587
16.692436,0.063486,0.155638
16.692413,0.063486,0.155690
16.692390,0.063465,0.155741
16.692368,0.063466,0.155792
16.692345,0.063582,0.155843
16.692322,0.063572,0.155895
16.692299,0.063512,0.155946
16.692276,0.063563,0.155997
16.692249,0.063513,0.156048
16.692230,0.063606,0.156100
16.692207,0.063496,0.156151
16.692184,0.063496,0.156202
16.692162,0.063547,0.156253
16.692139,0.063539,0.156304
16.692112,0.063539,0.156356
16.692093,0.063539,0.156407
16.692070,0.063492,0.156458
16.692047,0.063552,0.156509
16.692024,0.063492,0.156561
16.692001,0.063544,0.156612
16.691978,0.063480,0.156663
16.691956,0.063495,0.156714
16.691933,0.063441,0.156765
16.691910,0.063483,0.156817
16.691887,0.063423,0.156868
16.691864,0.063471,0.156919
16.691841,0.063434,0.156970
16.691818,0.063434,0.157021
16.691795,0.063445,0.157072
16.691772,0.063422,0.157123
16.691750,0.063350,0.157175
16.691727,0.063308,0.157226
16.691708,0.063380,0.157277
16.691681,0.063380,0.157328
16.691658,0.063308,0.157379
16.691639,0.063308,0.157430
16.691612,0.063308,0.157481
16.691593,0.063256,0.157532
16.691570,0.063267,0.157583
16.691547,0.063256,0.157634
16.691525,0.063244,0.157685
16.691502,0.063244,0.157736
16.691479,0.063203,0.157787
16.691456,0.063166,0.157838
16.691435,0.063128,0.157889
16.691410,0.063155,0.157940
16.691387,0.063139,0.157991
16.691370,0.063087,0.158042
16.691345,0.063163,0.158093
16.691322,0.063163,0.158143
16.691301,0.063076,0.158194
16.691278,0.063087,0.158245
16.691257,0.063047,0.158296
16.691235,0.063047,0.158347
16.691212,0.062995,0.158398
16.691193,0.063072,0.158449
16.691168,0.062972,0.158499
16.691145,0.063044,0.158550
16.691124,0.063003,0.158601
16.691103,0.062992,0.158652
16.691078,0.062992,0.158703
16.691057,0.062968,0.158753
16.691034,0.062954,0.158804
16.691013,0.062917,0.158855
16.690992,0.062925,0.158906
16.690968,0.062940,0.158956
16.690947,0.062925,0.159007
16.690926,0.062902,0.159058
16.690903,0.062925,0.159109
16.690880,0.062911,0.159159
16.690861,0.062863,0.159210
16.690838,0.062848,0.159261
16.690813,0.062859,0.159311
16.690792,0.062871,0.159362
16.690771,0.062831,0.159413
16.690750,0.062831,0.159463
16.690727,0.062844,0.159514
16.690710,0.062780,0.159555
16.690687,0.062806,0.159605
16.690666,0.062855,0.159656
16.690643,0.062716,0.159707
16.690622,0.062827,0.159757
16.690599,0.062798,0.159808
16.690578,0.062745,0.159858
16.690557,0.063003,0.159909
16.690535,0.062969,0.159960
16.690498,0.067492,0.160015
16.690470,0.067877,0.160069
16.690441,0.067341,0.160124
16.690414,0.067478,0.160178
16.690382,0.068843,0.160234
16.690353,0.070181,0.160279
16.690331,0.067016,0.160333
16.690300,0.068241,0.160388
16.690262,0.071231,0.160445
16.690231,0.070343,0.160502
16.690203,0.069821,0.160558
16.690170,0.069212,0.160614
16.690144,0.068521,0.160669
16.690119,0.067931,0.160724
16.690090,0.067202,0.160778
16.690065,0.066633,0.160832
16.690041,0.065897,0.160885
16.690018,0.065376,0.160938
16.689995,0.064668,0.160990
16.689972,0.064098,0.161042
16.689949,0.063581,0.161093
16.689928,0.063656,0.161144
16.689907,0.063097,0.161195
16.689888,0.062489,0.161246
16.689867,0.062102,0.161296
16.689846,0.061729,0.161346
16.689827,0.061411,0.161395
16.689808,0.061147,0.161444
16.689789,0.060776,0.161493
16.689770,0.060841,0.161543
16.689751,0.060519,0.161591
16.689735,0.060387,0.161640
16.689718,0.060223,0.161689
16.689697,0.060177,0.161737
16.689678,0.060143,0.161786
16.689663,0.060114,0.161834
16.689644,0.059958,0.161882
16.689629,0.059958,0.161921
16.689611,0.059921,0.161969
16.689594,0.059992,0.162018
16.689573,0.059955,0.162066
16.689558,0.060029,0.162115
16.689539,0.060104,0.162163
16.689520,0.060182,0.162212
16.689503,0.060255,0.162260
16.689484,0.060268,0.162309
16.689465,0.060431,0.162358
16.689445,0.060565,0.162406
16.689426,0.060700,0.162455
16.689407,0.060796,0.162504
16.689388,0.060904,0.162554
16.689365,0.061000,0.162603
16.689346,0.061117,0.162652
16.689327,0.061186,0.162701
16.689304,0.061377,0.162751
16.689289,0.061459,0.162800
16.689266,0.061581,0.162850
16.689245,0.061689,0.162900
16.689226,0.061749,0.162950
16.689205,0.061911,0.163000
16.689182,0.061971,0.163050
16.689165,0.062094,0.163100
16.689142,0.062106,0.163150
16.689119,0.062192,0.163200
16.689098,0.062328,0.163250
16.689075,0.062388,0.163300
16.689056,0.062438,0.163351
16.689034,0.062451,0.163401
16.689014,0.062512,0.163452
16.688992,0.062662,0.163502
16.688969,0.062674,0.163553
16.688946,0.062773,0.163603
16.688925,0.062773,0.163654
16.688904,0.062784,0.163704
16.688881,0.062847,0.163755
16.688860,0.062847,0.163806
16.688839,0.062886,0.163857
16.688816,0.062935,0.163907
16.688795,0.062959,0.163958
16.688770,0.062995,0.164009
16.688749,0.063007,0.164060
16.688728,0.063097,0.164111
16.688715,0.063097,0.164141
16.688692,0.063046,0.164192
16.688667,0.063120,0.164243
16.688648,0.063158,0.164294
16.688625,0.063107,0.164345
16.688602,0.063156,0.164396
16.688580,0.063132,0.164447
16.688557,0.063134,0.164497
16.688538,0.063183,0.164548
16.688515,0.063207,0.164599
16.688492,0.063105,0.164650
16.688469,0.063155,0.164701
16.688446,0.063160,0.164752
16.688427,0.063183,0.164803
16.688402,0.063098,0.164854
16.688377,0.063120,0.164905
16.688358,0.063221,0.164956
16.688335,0.063167,0.165007
16.688313,0.063127,0.165058
16.688290,0.063187,0.165109
16.688267,0.063227,0.165160
16.688248,0.063146,0.165211
16.688225,0.063195,0.165262
16.688202,0.063165,0.165312
16.688179,0.063195,0.165363
16.688156,0.063175,0.165414
16.688133,0.063195,0.165465
16.688118,0.063204,0.165506
16.688095,0.063236,0.165557
16.688072,0.063287,0.165608
16.688049,0.063307,0.165659
16.688026,0.063254,0.165710
16.688004,0.063245,0.165761
16.687984,0.063284,0.165812
16.687962,0.063357,0.165863
16.687939,0.063390,0.165914
16.687916,0.063362,0.165966
16.687889,0.063542,0.166017
16.687870,0.063476,0.166068
16.687847,0.063582,0.166119
16.687822,0.063628,0.166171
16.687801,0.063631,0.166222
16.687777,0.063888,0.166273
16.687752,0.063872,0.166325
16.687731,0.064021,0.166377
16.687706,0.063985,0.166428
16.687683,0.064265,0.166480
16.687656,0.064320,0.166532
16.687634,0.064476,0.166584
16.687611,0.064567,0.166636
16.687588,0.064397,0.166688
16.687561,0.064645,0.166740
16.687538,0.064714,0.166792
16.687513,0.064769,0.166844
16.687490,0.064710,0.166897
16.687466,0.064683,0.166949
16.687441,0.064804,0.167001
16.687416,0.064740,0.167053
16.687391,0.064749,0.167105
16.687366,0.064678,0.167158
16.687347,0.064599,0.167210
16.687321,0.064581,0.167262
16.687296,0.064653,0.167314
16.687271,0.064577,0.167366
16.687248,0.064502,0.167418
16.687225,0.064503,0.167470
16.687199,0.064382,0.167522
16.687176,0.064382,0.167574
16.687153,0.064402,0.167626
16.687130,0.064315,0.167678
16.687107,0.064169,0.167729
16.687080,0.064234,0.167781
16.687059,0.064188,0.167833
16.687038,0.064094,0.167885
16.687014,0.064051,0.167936
16.686989,0.064085,0.167988
16.686968,0.064058,0.168040
16.686943,0.063990,0.168091
16.686920,0.063983,0.168143
16.686897,0.063944,0.168194
16.686872,0.063916,0.168246
16.686852,0.063828,0.168297
16.686827,0.063877,0.168349
16.686804,0.063828,0.168400
16.686781,0.063921,0.168452
16.686760,0.063767,0.168503
16.686735,0.063828,0.168555
16.686712,0.063852,0.168606
16.686689,0.063825,0.168658
16.686666,0.063750,0.168709
16.686646,0.063711,0.168761
16.686619,0.063696,0.168812
16.686600,0.063752,0.168863
16.686577,0.063688,0.168915
16.686554,0.063674,0.168966
16.686531,0.063610,0.169017
16.686508,0.063586,0.169069
16.686485,0.063560,0.169120
16.686462,0.063557,0.169171
16.686440,0.063555,0.169222
16.686417,0.063543,0.169274
16.686394,0.063530,0.169325
16.686371,0.063528,0.169376
16.686352,0.063465,0.169427
16.686325,0.063464,0.169479
16.686306,0.063475,0.169530
16.686283,0.063463,0.169581
16.686260,0.063464,0.169632
16.686237,0.063514,0.169683
16.686214,0.063451,0.169734
16.686192,0.063463,0.169786
16.686169,0.063401,0.169837
16.686150,0.063400,0.169888
16.686127,0.063339,0.169939
16.686104,0.063379,0.169990
16.686081,0.063339,0.170041
16.686058,0.063277,0.170092
16.686035,0.063330,0.170143
16.686012,0.063319,0.170194
16.685993,0.063392,0.170245
16.685970,0.063281,0.170297
16.685947,0.063281,0.170348
16.685925,0.063219,0.170399
16.685902,0.063241,0.170450
16.685883,0.063241,0.170501
16.685856,0.063221,0.170552
16.685833,0.063283,0.170603
16.685816,0.063182,0.170654
16.685793,0.063193,0.170704
16.685768,0.063357,0.170756
16.685745,0.063522,0.170807
16.685722,0.063470,0.170858
16.685703,0.063420,0.170909
16.685680,0.063596,0.170960
16.685654,0.064327,0.171012
16.685631,0.064265,0.171064
16.685608,0.064265,0.171116
16.685585,0.064557,0.171168
16.685558,0.064516,0.171220
16.685534,0.064912,0.171272
16.685509,0.065268,0.171325
16.685480,0.066011,0.171378
16.685455,0.066383,0.171432
16.685425,0.067595,0.171486
16.685394,0.067541,0.171541
16.685368,0.067907,0.171596
16.685329,0.071171,0.171653
16.685272,0.078642,0.171716
16.685219,0.082416,0.171783
16.685188,0.076527,0.171845
16.685148,0.076690,0.171906
16.685177,0.055716,0.171951
16.685162,0.056804,0.171997
16.685139,0.060363,0.172046
16.685112,0.062516,0.172096
16.685070,0.069238,0.172152
16.685017,0.076108,0.172213
16.684982,0.074842,0.172274
16.684944,0.074540,0.172334
16.684921,0.071200,0.172391
16.684887,0.071293,0.172449
16.684862,0.068656,0.172504
16.684837,0.067579,0.172559
16.684813,0.066854,0.172613
16.684788,0.066102,0.172666
16.684761,0.066156,0.172719
16.684740,0.064678,0.172771
16.684723,0.063113,0.172822
16.684700,0.063129,0.172873
16.684681,0.062567,0.172924
16.684660,0.062084,0.172974
16.684643,0.061545,0.173023
16.684624,0.060884,0.173072
16.684608,0.060566,0.173121
16.684589,0.060246,0.173170
16.684574,0.059993,0.173218
16.684555,0.059944,0.173267
16.684536,0.059675,0.173315
16.684521,0.059470,0.173363
16.684505,0.059364,0.173411
16.684486,0.059365,0.173458
16.684471,0.059276,0.173506
16.684452,0.059283,0.173554
16.684437,0.059130,0.173602
16.684422,0.059346,0.173650
16.684402,0.059257,0.173697
16.684387,0.059426,0.173745
16.684372,0.059541,0.173793
16.684353,0.059509,0.173841
16.684336,0.059722,0.173889
16.684317,0.059795,0.173938
16.684298,0.059809,0.173986
16.684282,0.059925,0.174034
16.684263,0.060042,0.174083
16.684246,0.060271,0.174131
16.684227,0.060509,0.174180
16.684208,0.060529,0.174229
16.684189,0.060663,0.174278
16.684168,0.060829,0.174327
16.684149,0.061045,0.174376
16.684132,0.061082,0.174425
16.684109,0.061159,0.174475
16.684090,0.061288,0.174524
16.684071,0.061397,0.174574
16.684052,0.061427,0.174623
16.684032,0.061597,0.174673
16.684013,0.061668,0.174723
16.683989,0.061840,0.174772
16.683971,0.061961,0.174822
16.683949,0.062084,0.174872
16.683929,0.062010,0.174922
16.683907,0.062183,0.174973
16.683887,0.062195,0.175023
16.683868,0.062195,0.175073
16.683846,0.062207,0.175123
16.683823,0.062268,0.175173
16.683804,0.062319,0.175224
16.683784,0.062331,0.175274
16.683762,0.062344,0.175324
16.683743,0.062406,0.175374
16.683720,0.062381,0.175425
16.683701,0.062394,0.175475
16.683678,0.062395,0.175525
16.683659,0.062445,0.175576
16.683636,0.062395,0.175626
16.683617,0.062397,0.175676
16.683594,0.062397,0.175727
16.683575,0.062397,0.175777
16.683552,0.062286,0.175827
16.683533,0.062336,0.175878
16.683510,0.062176,0.175928
16.683491,0.062300,0.175978
16.683468,0.062251,0.176028
16.683449,0.062237,0.176078
16.683428,0.062116,0.176128
16.683407,0.062067,0.176178
16.683388,0.061943,0.176228
16.683367,0.061944,0.176278
16.683348,0.061955,0.176328
16.683325,0.061735,0.176378
16.683308,0.061735,0.176428
16.683287,0.061674,0.176478
16.683266,0.061736,0.176527
16.683247,0.061455,0.176577
16.683228,0.061492,0.176627
16.683208,0.061271,0.176676
16.683189,0.061381,0.176726
16.683170,0.061163,0.176775
16.683151,0.060772,0.176824
16.683132,0.060821,0.176873
16.683113,0.060821,0.176922
16.683094,0.060640,0.176971
16.683075,0.060604,0.177020
16.683062,0.060118,0.177068
16.683043,0.060070,0.177117
16.683025,0.059697,0.177165
16.683006,0.059841,0.177213
16.682991,0.059601,0.177261
16.682976,0.058704,0.177308
16.682959,0.058813,0.177356
16.682941,0.058481,0.177403
16.682930,0.058539,0.177450
16.682913,0.058587,0.177498
16.682896,0.058695,0.177545
16.682880,0.059054,0.177593
16.682861,0.059270,0.177640
16.682842,0.059377,0.177688
16.682825,0.059594,0.177736
16.682806,0.059752,0.177784
16.682789,0.060016,0.177833
16.682770,0.060164,0.177881
16.682751,0.060284,0.177930
16.682732,0.060339,0.177979
16.682716,0.060360,0.178027
16.682695,0.060598,0.178076
16.682678,0.060678,0.178125
16.682657,0.060798,0.178174
16.682638,0.060805,0.178223
16.682621,0.060907,0.178272
16.682600,0.060832,0.178321
16.682581,0.060849,0.178370
16.682560,0.061069,0.178420
16.682541,0.061299,0.178469
16.682518,0.062333,0.178519
16.682486,0.065656,0.178572
16.682459,0.065935,0.178625
16.682438,0.065527,0.178678
16.682407,0.065842,0.178731
16.682384,0.065928,0.178785
16.682358,0.066188,0.178838
16.682327,0.066326,0.178891
16.682304,0.066099,0.178945
16.682280,0.065983,0.178998
16.682255,0.065752,0.179051
16.682228,0.065864,0.179104
16.682205,0.065476,0.179157
16.682178,0.065212,0.179210
16.682156,0.064891,0.179262
16.682133,0.064794,0.179314
16.682110,0.064556,0.179366
16.682087,0.064195,0.179418
16.682064,0.064104,0.179470
16.682039,0.064059,0.179521
16.682018,0.063860,0.179573
16.681995,0.063607,0.179624
16.681973,0.063357,0.179675
16.681950,0.063252,0.179726
16.681927,0.063261,0.179777
16.681908,0.063186,0.179828
16.681885,0.062922,0.179879
16.681862,0.062866,0.179930
16.681843,0.062753,0.179980
16.681820,0.062770,0.180031
16.681801,0.062648,0.180081
16.681778,0.062586,0.180132
16.681759,0.062682,0.180182
16.681736,0.062588,0.180233
16.681715,0.062648,0.180283
16.681694,0.062714,0.180334
16.681671,0.062842,0.180385
16.681650,0.062639,0.180435
16.681629,0.062842,0.180486
16.681606,0.062848,0.180537
16.681585,0.062703,0.180587
16.681564,0.062905,0.180638
16.681541,0.062876,0.180689
16.681520,0.063034,0.180739
16.681499,0.062990,0.180790
16.681477,0.063051,0.180841
16.681454,0.063086,0.180892
16.681431,0.063196,0.180943
16.681408,0.063123,0.180994
16.681389,0.063224,0.181045
16.681366,0.063163,0.181096
16.681343,0.063215,0.181147
16.681320,0.063204,0.181198
16.681301,0.063307,0.181249
16.681278,0.063309,0.181300
16.681252,0.063363,0.181351
16.681232,0.063368,0.181402
16.681210,0.063420,0.181453
16.681187,0.063373,0.181504
16.681164,0.063437,0.181555
16.681141,0.063391,0.181606
16.681122,0.063443,0.181658
16.681095,0.063496,0.181709
16.681076,0.063438,0.181760
16.681053,0.063562,0.181811
16.681030,0.063453,0.181862
16.681007,0.063517,0.181914
16.680984,0.063517,0.181965
16.680962,0.063574,0.182016
16.680939,0.063514,0.182067
16.680914,0.063589,0.182119
16.680897,0.063539,0.182170
16.680874,0.063524,0.182221
16.680851,0.063539,0.182272
16.680828,0.063539,0.182324
16.680805,0.063539,0.182375
16.680782,0.063490,0.182426
16.680759,0.063527,0.182477
16.680740,0.063478,0.182528
16.680714,0.063490,0.182580
16.680691,0.063527,0.182631
16.680672,0.063478,0.182682
16.680645,0.063478,0.182733
16.680626,0.063527,0.182784
16.680603,0.063426,0.182836
16.680580,0.063437,0.182887
16.680557,0.063437,0.182938
16.680534,0.063422,0.182989
16.680511,0.063422,0.183040
16.680492,0.063369,0.183091
16.680470,0.063380,0.183142
16.680447,0.063376,0.183194
16.680424,0.063316,0.183245
16.680401,0.063365,0.183296
16.680382,0.063301,0.183347
16.680359,0.063324,0.183398
16.680336,0.063249,0.183449
16.680313,0.063309,0.183500
16.680290,0.063234,0.183551
16.680271,0.063257,0.183602
16.680248,0.063254,0.183653
16.680225,0.063266,0.183704
16.680202,0.063239,0.183755
16.680180,0.063239,0.183806
16.680161,0.063187,0.183857
16.680138,0.063199,0.183908
16.680115,0.063207,0.183959
16.680092,0.063132,0.184010
16.680073,0.063109,0.184061
16.680050,0.063181,0.184112
16.680027,0.063090,0.184162
16.680006,0.063150,0.184213
16.679985,0.063076,0.184264
16.679964,0.063076,0.184315
16.679939,0.063085,0.184366
16.679916,0.063121,0.184417
16.679895,0.063070,0.184468
16.679874,0.063006,0.184519
16.679853,0.062992,0.184569
16.679831,0.063112,0.184620
16.679810,0.063049,0.184671
16.679798,0.059376,0.184719
16.679779,0.059921,0.184767
16.679768,0.058237,0.184814
16.679745,0.060736,0.184863
16.679710,0.065235,0.184916
16.679665,0.072083,0.184974
16.679630,0.071895,0.185032
16.679604,0.071948,0.185078
16.679573,0.071575,0.185136
16.679543,0.071125,0.185193
16.679510,0.070725,0.185251
16.679480,0.070065,0.185307
16.679451,0.069576,0.185363
16.679422,0.068799,0.185419
16.679394,0.068195,0.185474
16.679367,0.067517,0.185528
16.679344,0.066839,0.185582
16.679319,0.066043,0.185635
16.679295,0.065468,0.185688
16.679272,0.064952,0.185740
16.679249,0.064452,0.185792
16.679228,0.063899,0.185844
16.679207,0.063402,0.185895
16.679188,0.063014,0.185946
16.679165,0.062681,0.185996
16.679146,0.062294,0.186047
16.679127,0.061971,0.186097
16.679104,0.061812,0.186146
16.679087,0.061703,0.186196
16.679066,0.061597,0.186246
16.679047,0.061376,0.186295
16.679028,0.061167,0.186345
16.679008,0.061168,0.186394
16.678991,0.061121,0.186443
16.678970,0.061020,0.186493
16.678951,0.060915,0.186542
16.678934,0.060862,0.186591
16.678913,0.060978,0.186640
16.678896,0.060885,0.186689
16.678877,0.060952,0.186738
16.678856,0.061015,0.186787
16.678839,0.061084,0.186837
16.678818,0.061145,0.186886
16.678799,0.061268,0.186935
16.678780,0.061284,0.186985
16.678761,0.061357,0.187034
16.678741,0.061366,0.187084
16.678719,0.061423,0.187133
16.678703,0.061554,0.187183
16.678680,0.061612,0.187233
16.678659,0.061733,0.187282
16.678640,0.061742,0.187332
16.678619,0.061814,0.187382
16.678600,0.061936,0.187432
16.678579,0.062048,0.187482
16.678558,0.062159,0.187532
16.678539,0.062221,0.187582
16.678516,0.062283,0.187633
16.678497,0.062407,0.187683
16.678474,0.062358,0.187733
16.678452,0.062532,0.187784
16.678432,0.062594,0.187834
16.678413,0.062594,0.187885
16.678391,0.062594,0.187935
16.678368,0.062757,0.187986
16.678347,0.062770,0.188036
16.678326,0.062770,0.188087
16.678303,0.062783,0.188137
16.678284,0.062833,0.188188
16.678261,0.062883,0.188239
16.678238,0.062846,0.188290
16.678217,0.062933,0.188340
16.678196,0.062870,0.188391
16.678175,0.062933,0.188442
16.678152,0.062946,0.188493
16.678129,0.062996,0.188543
16.678110,0.062933,0.188594
16.678087,0.062983,0.188645
16.678066,0.062994,0.188696
16.678043,0.062994,0.188746
16.678024,0.062994,0.188797
16.678001,0.062981,0.188848
16.677979,0.062981,0.188899
16.677959,0.063031,0.188950
16.677937,0.062992,0.189001
16.677916,0.063055,0.189051
16.677893,0.063043,0.189102
16.677870,0.063043,0.189153
16.677849,0.063043,0.189204
16.677826,0.063030,0.189255
16.677805,0.062980,0.189305
16.677784,0.063043,0.189356
16.677761,0.063041,0.189407
16.677738,0.063041,0.189458
16.677717,0.062979,0.189509
16.677698,0.062991,0.189560
16.677673,0.063041,0.189610
16.677654,0.062979,0.189661
16.677631,0.062979,0.189712
16.677610,0.062929,0.189763
16.677589,0.062979,0.189814
16.677567,0.062979,0.189864
16.677546,0.062991,0.189915
16.677525,0.062916,0.189966
16.677502,0.062866,0.190017
16.677481,0.062940,0.190067
16.677458,0.062816,0.190118
16.677439,0.062866,0.190169
16.677416,0.062940,0.190219
16.677393,0.062804,0.190270
16.677374,0.062804,0.190321
16.677351,0.062792,0.190371
16.677330,0.062742,0.190422
16.677307,0.062816,0.190473
16.677288,0.062841,0.190523
16.677265,0.062692,0.190574
16.677242,0.062742,0.190624
16.677225,0.062658,0.190675
16.677202,0.062669,0.190726
16.677177,0.064508,0.190778
16.677137,0.069064,0.190833
16.677105,0.069518,0.190889
16.677076,0.068949,0.190945
16.677052,0.067847,0.191000
16.677025,0.067269,0.191054
16.676998,0.067258,0.191108
16.676971,0.067014,0.191162
16.676949,0.066556,0.191216
16.676922,0.066116,0.191269
16.676897,0.065754,0.191322
16.676872,0.065285,0.191375
16.676849,0.064882,0.191427
16.676826,0.064452,0.191479
16.676805,0.063983,0.191531
16.676783,0.063771,0.191582
16.676762,0.063366,0.191633
16.676739,0.063251,0.191684
16.676720,0.062905,0.191735
16.676701,0.062678,0.191786
16.676678,0.062527,0.191836
16.676659,0.062377,0.191886
16.676636,0.062228,0.191936
16.676617,0.062284,0.191987
16.676596,0.062080,0.192037
16.676575,0.061939,0.192087
16.676558,0.061861,0.192137
16.676535,0.061840,0.192186
16.676517,0.061840,0.192236
16.676495,0.061821,0.192286
16.676476,0.061887,0.192336
16.676455,0.061906,0.192386
16.676435,0.061826,0.192436
16.676416,0.061875,0.192486
16.676395,0.061933,0.192536
16.676374,0.061938,0.192586
16.676355,0.061884,0.192636
16.676334,0.061942,0.192686
16.676313,0.061953,0.192736
16.676294,0.062068,0.192786
16.676273,0.062224,0.192836
16.676250,0.062177,0.192886
16.676231,0.062210,0.192936
16.676208,0.062392,0.192986
16.676189,0.062442,0.193037
16.676170,0.062465,0.193087
16.676147,0.062441,0.193137
16.676125,0.062552,0.193188
16.676105,0.062543,0.193238
16.676083,0.062683,0.193289
16.676064,0.062737,0.193339
16.676041,0.062790,0.193390
16.676020,0.062779,0.193441
16.675999,0.062822,0.193491
16.675976,0.062885,0.193542
16.675955,0.062888,0.193593
16.675934,0.062943,0.193644
16.675913,0.062999,0.193694
16.675890,0.063051,0.193745
16.675867,0.063040,0.193796
16.675846,0.063044,0.193847
16.675823,0.063059,0.193898
16.675804,0.063051,0.193949
16.675781,0.063101,0.194000
16.675758,0.063104,0.194050
16.675735,0.063066,0.194101
16.675713,0.063130,0.194152
16.675694,0.063183,0.194203
16.675671,0.063119,0.194254
16.675652,0.063183,0.194305
16.675629,0.063183,0.194356
16.675606,0.063134,0.194407
16.675583,0.063134,0.194458
16.675564,0.063235,0.194509
16.675541,0.063235,0.194560
16.675518,0.063134,0.194611
16.675495,0.063193,0.194662
16.675472,0.063193,0.194713
16.675453,0.063204,0.194764
16.675430,0.063204,0.194815
16.675409,0.063129,0.194865
16.675388,0.063140,0.194916
16.675367,0.063088,0.194967
16.675346,0.063088,0.195018
16.675322,0.063099,0.195069
16.675299,0.063147,0.195120
16.675280,0.063083,0.195171
16.675257,0.063031,0.195222
16.675236,0.063031,0.195272
16.675213,0.063076,0.195323
16.675194,0.063099,0.195374
16.675171,0.063099,0.195425
16.675148,0.063125,0.195476
16.675127,0.063024,0.195527
16.675104,0.063020,0.195578
16.675085,0.063032,0.195628
16.675062,0.063029,0.195679
16.675041,0.063029,0.195730
16.675020,0.063014,0.195781
16.674997,0.062954,0.195832
16.674976,0.063014,0.195883
16.674953,0.063011,0.195933
16.674934,0.062962,0.195984
16.674911,0.063011,0.196035
16.674891,0.062960,0.196086
16.674868,0.062969,0.196137
16.674847,0.063029,0.196187
16.674826,0.062917,0.196238
16.674803,0.062914,0.196289
16.674782,0.062900,0.196340
16.674761,0.062961,0.196390
16.674740,0.062898,0.196441
16.674717,0.062898,0.196492
16.674694,0.062885,0.196542
16.674675,0.062919,0.196593
16.674652,0.062930,0.196644
16.674631,0.062878,0.196695
16.674610,0.062928,0.196745
16.674589,0.062865,0.196796
16.674566,0.062915,0.196847
16.674543,0.062863,0.196898
16.674524,0.062886,0.196948
16.674501,0.062949,0.196999
16.674480,0.062885,0.197050
16.674459,0.062896,0.197100
16.674438,0.062910,0.197151
16.674416,0.062998,0.197202
16.674393,0.062991,0.197253
16.674374,0.062989,0.197304
16.674351,0.063129,0.197354
16.674330,0.063024,0.197405
16.674307,0.063185,0.197456
16.674286,0.063486,0.197507
16.674259,0.064259,0.197559
16.674238,0.064096,0.197611
16.674215,0.063806,0.197662
16.674181,0.066741,0.197716
16.674160,0.066275,0.197770
16.674126,0.067332,0.197824
16.674099,0.068201,0.197879
16.674070,0.067777,0.197934
16.674040,0.068847,0.197989
16.674013,0.067999,0.198044
16.673985,0.069095,0.198100
16.673954,0.068630,0.198155
16.673927,0.068631,0.198210
16.673897,0.068077,0.198265
16.673870,0.067672,0.198320
16.673843,0.067150,0.198374
16.673817,0.067136,0.198428
16.673794,0.066601,0.198482
16.673769,0.066111,0.198535
16.673744,0.065656,0.198588
16.673717,0.065188,0.198641
16.673698,0.064703,0.198693
16.673676,0.064324,0.198745
16.673653,0.063883,0.198796
16.673634,0.063417,0.198847
16.673611,0.063031,0.198898
16.673592,0.062699,0.198949
16.673573,0.062377,0.198999
16.673550,0.062170,0.199049
16.673532,0.061854,0.199099
16.673512,0.061645,0.199149
16.673496,0.061380,0.199198
16.673481,0.061273,0.199228
16.673464,0.061130,0.199277
16.673445,0.060989,0.199327
16.673426,0.060892,0.199376
16.673407,0.060806,0.199425
16.673389,0.060831,0.199474
16.673372,0.060859,0.199523
16.673351,0.060806,0.199572
16.673334,0.060784,0.199621
16.673315,0.060727,0.199670
16.673294,0.060816,0.199719
16.673277,0.060889,0.199768
16.673258,0.060961,0.199817
16.673241,0.060918,0.199866
16.673222,0.061049,0.199915
16.673199,0.061175,0.199965
16.673180,0.061202,0.200014
16.673161,0.061268,0.200064
16.673141,0.061297,0.200113
16.673122,0.061415,0.200163
16.673103,0.061523,0.200212
16.673082,0.061591,0.200262
16.673061,0.061659,0.200312
16.673044,0.061759,0.200361
16.673021,0.061888,0.200411
16.673004,0.061968,0.200461
16.672981,0.062139,0.200511
16.672962,0.062238,0.200562
16.672939,0.062249,0.200612
16.672916,0.062260,0.200662
16.672901,0.062495,0.200712
16.672878,0.062506,0.200763
16.672855,0.062616,0.200813
16.672834,0.062678,0.200864
16.672815,0.062678,0.200914
16.672792,0.062777,0.200965
16.672771,0.062901,0.201016
16.672750,0.062914,0.201066
16.672728,0.062951,0.201117
16.672707,0.063001,0.201168
16.672686,0.063052,0.201219
16.672665,0.063076,0.201270
16.672642,0.063089,0.201321
16.672619,0.063139,0.201372
16.672600,0.063165,0.201422
16.672573,0.063240,0.201474
16.672554,0.063278,0.201525
16.672531,0.063278,0.201576
16.672508,0.063340,0.201627
16.672489,0.063341,0.201678
16.672466,0.063403,0.201729
16.672443,0.063417,0.201780
16.672421,0.063391,0.201831
16.672398,0.063403,0.201882
16.672375,0.063453,0.201933
16.672356,0.063506,0.201985
16.672333,0.063455,0.202036
16.672310,0.063493,0.202087
16.672287,0.063442,0.202138
16.672268,0.063481,0.202189
16.672241,0.063479,0.202241
16.672222,0.063418,0.202292
16.672199,0.063543,0.202343
16.672176,0.063543,0.202394
16.672153,0.063543,0.202445
16.672131,0.063532,0.202497
16.672112,0.063480,0.202548
16.672089,0.063570,0.202599
16.672066,0.063611,0.202650
16.672043,0.063621,0.202702
16.672020,0.063568,0.202753
16.671997,0.063878,0.202805
16.671974,0.063898,0.202856
16.671951,0.064000,0.202908
16.671928,0.063908,0.202959
16.671906,0.064038,0.203011
16.671883,0.064617,0.203063
16.671860,0.064594,0.203115
16.671833,0.064682,0.203167
16.671810,0.064668,0.203219
16.671785,0.064920,0.203272
16.671761,0.065307,0.203324
16.671738,0.065449,0.203377
16.671711,0.065384,0.203430
16.671684,0.065541,0.203483
16.671659,0.065798,0.203536
16.671635,0.066494,0.203589
16.671604,0.066502,0.203643
16.671581,0.066296,0.203697
16.671555,0.066475,0.203750
16.671528,0.066942,0.203804
16.671501,0.066908,0.203858
16.671474,0.066832,0.203912
16.671452,0.066562,0.203966
16.671425,0.066300,0.204019
16.671398,0.066183,0.204073
16.671373,0.065639,0.204125
16.671349,0.065698,0.204178
16.671326,0.064890,0.204231
16.671303,0.064710,0.204283
16.671280,0.064176,0.204335
16.671261,0.063411,0.204386
16.671238,0.063282,0.204437
16.671219,0.062941,0.204488
16.671198,0.062997,0.204538
16.671177,0.062541,0.204589
16.671158,0.062143,0.204639
16.671135,0.062211,0.204689
16.671116,0.062148,0.204739
16.671097,0.062062,0.204789
16.671078,0.062123,0.204839
16.671057,0.062047,0.204889
16.671038,0.062197,0.204940
16.671017,0.062178,0.204990
16.670994,0.062154,0.205040
16.670975,0.062146,0.205090
16.670952,0.062429,0.205140
16.670937,0.062233,0.205191
16.670914,0.062372,0.205241
16.670891,0.062382,0.205291
16.670872,0.062528,0.205342
16.670853,0.062490,0.205392
16.670830,0.062521,0.205442
16.670807,0.062618,0.205493
16.670788,0.062586,0.205543
16.670765,0.062651,0.205594
16.670746,0.062687,0.205644
16.670723,0.062735,0.205695
16.670702,0.062820,0.205746
16.670683,0.062837,0.205796
16.670662,0.062811,0.205847
16.670639,0.062833,0.205898
16.670616,0.062886,0.205948
16.670597,0.063008,0.205999
16.670574,0.062979,0.206050
16.670553,0.062988,0.206101
16.670530,0.063025,0.206152
16.670511,0.063064,0.206203
16.670486,0.063189,0.206253
16.670467,0.063162,0.206304
16.670444,0.063185,0.206355
16.670424,0.063175,0.206406
16.670403,0.063221,0.206457
16.670380,0.063257,0.206508
16.670357,0.063242,0.206559
16.670334,0.063272,0.206610
16.670315,0.063268,0.206661
16.670292,0.063204,0.206712
16.670273,0.063315,0.206763
16.670246,0.063315,0.206814
16.670227,0.063353,0.206866
16.670204,0.063289,0.206917
16.670181,0.063276,0.206968
16.670162,0.063325,0.207019
16.670139,0.063274,0.207070
16.670116,0.063312,0.207121
16.670097,0.063251,0.207172
16.670074,0.063325,0.207223
16.670052,0.063335,0.207274
16.670029,0.063384,0.207325
16.670006,0.063361,0.207376
16.669987,0.063299,0.207427
16.669964,0.063360,0.207478
16.669941,0.063297,0.207529
16.669922,0.063308,0.207580
16.669899,0.063348,0.207631
16.669880,0.063347,0.207683
16.669853,0.063347,0.207734
16.669834,0.063297,0.207785
16.669811,0.063296,0.207836
16.669788,0.063346,0.207887
16.669769,0.063284,0.207938
16.669746,0.063295,0.207989
16.669724,0.063295,0.208040
16.669701,0.063194,0.208091
16.669682,0.063245,0.208142
16.669659,0.063183,0.208193
16.669640,0.063183,0.208244
16.669617,0.063194,0.208295
16.669594,0.063223,0.208346
16.669571,0.063183,0.208397
16.669552,0.063194,0.208448
16.669529,0.063256,0.208499
16.669506,0.063144,0.208550
16.669485,0.063082,0.208600
16.669464,0.063133,0.208651
16.669443,0.063072,0.208702
16.669418,0.063184,0.208753
16.669399,0.063144,0.208804
16.669378,0.063083,0.208855
16.669357,0.063409,0.208906
16.669334,0.063585,0.208957
16.669312,0.063545,0.209009
16.669287,0.063761,0.209060
16.669266,0.063709,0.209111
16.669243,0.064192,0.209163
16.669216,0.064204,0.209215
16.669193,0.064329,0.209267
16.669170,0.064238,0.209319
16.669147,0.064288,0.209371
16.669125,0.064568,0.209423
16.669098,0.065223,0.209475
16.669075,0.065286,0.209528
16.669050,0.065760,0.209581
16.669022,0.066055,0.209634
16.668999,0.066299,0.209688
16.668966,0.067897,0.209742
16.668924,0.072530,0.209801
16.668888,0.072352,0.209859
16.668858,0.072086,0.209917
16.668793,0.081933,0.209983
16.668823,0.058190,0.210030
16.668808,0.057724,0.210077
16.668783,0.061930,0.210127
16.668743,0.067429,0.210181
16.668701,0.072101,0.210239
16.668673,0.071031,0.210297
16.668644,0.069775,0.210353
16.668613,0.069402,0.210409
16.668592,0.067715,0.210463
16.668564,0.067679,0.210518
16.668541,0.066092,0.210571
16.668518,0.065360,0.210624
16.668495,0.065208,0.210677
16.668470,0.064627,0.210729
16.668449,0.064183,0.210781
16.668430,0.063529,0.210832
16.668409,0.063056,0.210883
16.668388,0.062542,0.210933
16.668371,0.062037,0.210983
16.668352,0.061700,0.211033
16.668335,0.061306,0.211082
16.668316,0.060861,0.211131
16.668297,0.060527,0.211180
16.668282,0.060254,0.211229
16.668266,0.060034,0.211277
16.668245,0.059872,0.211325
16.668232,0.059591,0.211374
16.668213,0.059602,0.211422
16.668198,0.059449,0.211470
16.668182,0.059230,0.211517
16.668167,0.059250,0.211565
16.668148,0.059270,0.211613
16.668133,0.059172,0.211661
16.668118,0.059190,0.211708
16.668098,0.059174,0.211756
16.668083,0.059221,0.211804
16.668068,0.059330,0.211852
16.668053,0.059412,0.211900
16.668034,0.059490,0.211948
16.668018,0.059625,0.211996
16.667997,0.059757,0.212044
16.667980,0.059840,0.212092
16.667967,0.059832,0.212131
16.667950,0.059958,0.212179
16.667934,0.059984,0.212227
16.667915,0.060120,0.212276
16.667896,0.060258,0.212325
16.667877,0.060387,0.212373
16.667858,0.060627,0.212422
16.667841,0.060747,0.212471
16.667822,0.060798,0.212520
16.667805,0.060929,0.212569
16.667786,0.061072,0.212619
16.667767,0.061133,0.212668
16.667747,0.061377,0.212717
16.667725,0.061476,0.212767
16.667706,0.061499,0.212817
16.667686,0.061621,0.212866
16.667667,0.061745,0.212916
16.667645,0.061867,0.212966
16.667627,0.061979,0.213016
16.667603,0.062091,0.213066
16.667587,0.062203,0.213116
16.667564,0.062377,0.213166
16.667545,0.062439,0.213217
16.667522,0.062563,0.213267
16.667503,0.062614,0.213318
16.667479,0.062725,0.213368
16.667458,0.062725,0.213419
16.667437,0.062900,0.213470
16.667416,0.062913,0.213520
16.667395,0.062951,0.213571
16.667374,0.062951,0.213622
16.667353,0.063014,0.213673
16.667336,0.063064,0.213713
16.667315,0.063052,0.213764
16.667290,0.063155,0.213815
16.667271,0.063154,0.213866
16.667248,0.063154,0.213917
16.667225,0.063296,0.213968
16.667202,0.063319,0.214019
16.667179,0.063308,0.214070
16.667160,0.063294,0.214121
16.667137,0.063411,0.214172
16.667118,0.063306,0.214223
16.667095,0.063437,0.214275
16.667072,0.063487,0.214326
16.667049,0.063536,0.214377
16.667027,0.063501,0.214428
16.667004,0.063617,0.214480
16.666985,0.063638,0.214531
16.666960,0.063667,0.214582
16.666939,0.063705,0.214634
16.666916,0.063777,0.214685
16.666893,0.063791,0.214736
16.666870,0.063796,0.214788
16.666847,0.063898,0.214839
16.666824,0.064253,0.214891
16.666800,0.064190,0.214943
16.666779,0.064028,0.214995
16.666752,0.064211,0.215046
16.666733,0.064439,0.215098
16.666706,0.064280,0.215150
16.666687,0.064252,0.215202
16.666660,0.064266,0.215254
16.666637,0.064373,0.215306
16.666615,0.064240,0.215358
16.666595,0.064258,0.215409
16.666573,0.064208,0.215461
16.666550,0.064238,0.215513
16.666527,0.064214,0.215565
16.666504,0.064133,0.215617
16.666479,0.064135,0.215668
16.666458,0.063951,0.215720
16.666435,0.063851,0.215771
16.666412,0.063897,0.215823
16.666389,0.063758,0.215874
16.666367,0.063714,0.215926
16.666344,0.063700,0.215977
16.666321,0.063653,0.216028
16.666302,0.063583,0.216080
16.666279,0.063508,0.216131
16.666260,0.063512,0.216182
16.666233,0.063418,0.216233
16.666214,0.063491,0.216284
16.666191,0.063416,0.216336
16.666172,0.063425,0.216387
16.666149,0.063462,0.216438
16.666126,0.063378,0.216489
16.666103,0.063275,0.216540
16.666080,0.063338,0.216591
16.666061,0.063350,0.216642
16.666039,0.063362,0.216693
16.666016,0.063474,0.216744
16.665997,0.063360,0.216785
16.665977,0.063345,0.216836
16.665955,0.063361,0.216888
16.665936,0.063376,0.216939
16.665913,0.063395,0.216990
16.665890,0.063413,0.217041
16.665867,0.063462,0.217092
16.665848,0.063433,0.217143
16.665825,0.063455,0.217194
16.665802,0.063442,0.217246
16.665779,0.063428,0.217297
16.665760,0.063399,0.217348
16.665737,0.063438,0.217399
16.665714,0.063502,0.217450
16.665691,0.063414,0.217501
16.665672,0.063498,0.217553
16.665649,0.063436,0.217604
16.665627,0.063435,0.217655
16.665604,0.063485,0.217706
16.665581,0.063410,0.217757
16.665562,0.063460,0.217808
16.665539,0.063387,0.217860
16.665516,0.063387,0.217911
16.665497,0.063326,0.217962
16.665474,0.063363,0.218013
16.665451,0.063289,0.218064
16.665432,0.063313,0.218115
16.665405,0.063352,0.218166
16.665386,0.063366,0.218217
16.665363,0.063302,0.218268
16.665344,0.063290,0.218319
16.665321,0.063391,0.218370
16.665298,0.063303,0.218421
16.665279,0.063290,0.218472
16.665257,0.063290,0.218523
16.665234,0.063278,0.218574
16.665215,0.063341,0.218626
16.665192,0.063291,0.218677
16.665169,0.063331,0.218728
16.665146,0.063267,0.218779
16.665123,0.063206,0.218830
16.665104,0.063206,0.218881
16.665081,0.063157,0.218932
16.665062,0.063220,0.218983
16.665039,0.063169,0.219033
16.665016,0.063180,0.219084
16.664993,0.063219,0.219135
16.664974,0.063231,0.219186
16.664951,0.063158,0.219237
16.664932,0.063158,0.219288
16.664909,0.063158,0.219339
16.664888,0.063120,0.219390
16.664867,0.063132,0.219441
16.664846,0.063071,0.219492
16.664824,0.063059,0.219543
16.664803,0.063160,0.219594
16.664780,0.063109,0.219645
16.664761,0.063111,0.219695
16.664738,0.063059,0.219746
16.664719,0.063071,0.219797
16.664698,0.063022,0.219848
16.664675,0.063010,0.219899
16.664654,0.063059,0.219950
16.664631,0.062998,0.220000
16.664612,0.063010,0.220051
16.664589,0.063062,0.220102
16.664568,0.063010,0.220153
16.664545,0.062949,0.220204
16.664526,0.062949,0.220254
16.664503,0.062898,0.220305
16.664482,0.062949,0.220356
16.664461,0.062949,0.220407
16.664442,0.062961,0.220457
16.664419,0.062949,0.220508
16.664398,0.062961,0.220559
16.664375,0.062961,0.220610
16.664356,0.062860,0.220660
16.664333,0.062961,0.220711
16.664312,0.062900,0.220762
16.664291,0.062909,0.220813
16.664272,0.062921,0.220863
16.664249,0.062909,0.220914
16.664228,0.062997,0.220965
16.664207,0.062921,0.221016
16.664185,0.062921,0.221066
16.664162,0.063011,0.221117
16.664141,0.062946,0.221168
16.664122,0.063007,0.221219
16.664097,0.063173,0.221270
16.664078,0.063111,0.221321
16.664055,0.063097,0.221372
16.664036,0.063019,0.221422
16.664013,0.063081,0.221473
16.663990,0.063637,0.221525
16.663967,0.063537,0.221576
16.663946,0.063773,0.221627
16.663921,0.063566,0.221679
16.663898,0.064502,0.221731
16.663876,0.064348,0.221782
16.663845,0.066625,0.221836
16.663822,0.066336,0.221890
16.663795,0.065845,0.221943
16.663765,0.067464,0.221997
16.663733,0.069961,0.222054
16.663704,0.068969,0.222109
16.663675,0.068757,0.222165
16.663645,0.068493,0.222220
16.663620,0.068333,0.222275
16.663591,0.068039,0.222330
16.663565,0.067955,0.222385
16.663540,0.067461,0.222439
16.663513,0.066855,0.222493
16.663488,0.066745,0.222547
16.663464,0.066287,0.222600
16.663441,0.065526,0.222653
16.663414,0.065540,0.222706
16.663395,0.064573,0.222758
16.663374,0.064626,0.222800
16.663353,0.064202,0.222852
16.663330,0.063662,0.222903
16.663311,0.063297,0.222954
16.663292,0.062937,0.223005
16.663269,0.062587,0.223055
16.663250,0.062245,0.223105
16.663231,0.062247,0.223156
16.663214,0.061856,0.223205
16.663193,0.061638,0.223255
16.663174,0.061369,0.223305
16.663155,0.061157,0.223354
16.663139,0.060929,0.223403
16.663120,0.060664,0.223452
16.663101,0.060704,0.223501
16.663086,0.060541,0.223550
16.663067,0.060594,0.223599
16.663048,0.060539,0.223647
16.663029,0.060452,0.223696
16.663013,0.060412,0.223745
16.662994,0.060433,0.223794
16.662975,0.060409,0.223842
16.662956,0.060489,0.223891
16.662941,0.060509,0.223940
16.662920,0.060541,0.223989
16.662903,0.060552,0.224038
16.662888,0.060575,0.224086
16.662868,0.060711,0.224135
16.662848,0.060792,0.224184
16.662830,0.060830,0.224234
16.662813,0.060856,0.224283
16.662794,0.060933,0.224332
16.662775,0.061053,0.224381
16.662754,0.061082,0.224430
16.662735,0.061260,0.224480
16.662716,0.061219,0.224529
16.662697,0.061349,0.224578
16.662678,0.061506,0.224628
16.662659,0.061524,0.224678
16.662638,0.061692,0.224727
16.662619,0.061652,0.224777
16.662598,0.061820,0.224827
16.662579,0.061869,0.224877
16.662560,0.061979,0.224927
16.662537,0.062098,0.224977
16.662518,0.062158,0.225027
16.662498,0.062182,0.225077
16.662476,0.062178,0.225127
16.662457,0.062338,0.225178
16.662434,0.062335,0.225228
16.662415,0.062457,0.225278
16.662395,0.062517,0.225329
16.662373,0.062529,0.225379
16.662352,0.062590,0.225430
16.662334,0.062575,0.225480
16.662310,0.062687,0.225531
16.662289,0.062736,0.225581
16.662270,0.062810,0.225632
16.662249,0.062808,0.225683
16.662226,0.062833,0.225733
16.662207,0.062907,0.225784
16.662184,0.062907,0.225835
16.662163,0.062955,0.225885
16.662140,0.062955,0.225936
16.662119,0.062943,0.225987
16.662098,0.063055,0.226038
16.662075,0.063055,0.226089
16.662054,0.063042,0.226140
16.662035,0.063004,0.226190
16.662014,0.063042,0.226241
16.661991,0.063030,0.226292
16.661970,0.063080,0.226343
16.661949,0.063142,0.226394
16.661926,0.063029,0.226445
16.661903,0.063091,0.226496
16.661884,0.063196,0.226547
16.661861,0.063121,0.226597
16.661842,0.063181,0.226648
16.661819,0.063079,0.226699
16.661797,0.063150,0.226750
16.661774,0.063137,0.226801
16.661755,0.063118,0.226852
16.661732,0.063123,0.226903
16.661713,0.063069,0.226954
16.661690,0.063126,0.227005
16.661671,0.063128,0.227056
16.661648,0.063194,0.227107
16.661625,0.063290,0.227158
16.661602,0.063214,0.227209
16.661579,0.063287,0.227260
16.661560,0.063392,0.227311
16.661537,0.063933,0.227362
16.661512,0.063918,0.227414
16.661491,0.063910,0.227465
16.661465,0.064366,0.227517
16.661444,0.065023,0.227570
16.661419,0.065079,0.227622
16.661396,0.064858,0.227674
16.661369,0.064983,0.227727
16.661346,0.065263,0.227780
16.661320,0.065103,0.227832
16.661297,0.065102,0.227885
16.661274,0.065016,0.227937
16.661251,0.064917,0.227989
16.661226,0.064841,0.228042
16.661203,0.064668,0.228094
16.661179,0.064594,0.228146
16.661160,0.064340,0.228198
16.661133,0.064238,0.228250
16.661114,0.064129,0.228301
16.661089,0.063997,0.228353
16.661068,0.063853,0.228404
16.661045,0.063713,0.228456
16.661024,0.063690,0.228507
16.660999,0.063511,0.228558
16.660980,0.063397,0.228609
16.660957,0.063451,0.228661
16.660938,0.063221,0.228712
16.660915,0.063240,0.228763
16.660892,0.063141,0.228814
16.660870,0.063085,0.228864
16.660851,0.063133,0.228915
16.660828,0.063071,0.228966
16.660809,0.063004,0.229017
16.660786,0.063051,0.229068
16.660767,0.063020,0.229119
16.660744,0.063165,0.229170
16.660723,0.063131,0.229221
16.660698,0.063182,0.229271
16.660681,0.063087,0.229322
16.660660,0.063143,0.229373
16.660637,0.063168,0.229424
16.660614,0.063191,0.229475
16.660595,0.063197,0.229526
16.660572,0.063157,0.229577
16.660549,0.063184,0.229628
16.660526,0.063234,0.229679
16.660507,0.063195,0.229730
16.660484,0.063234,0.229781
16.660465,0.063307,0.229832
16.660442,0.063262,0.229883
16.660419,0.063262,0.229934
16.660397,0.063298,0.229985
16.660378,0.063271,0.230036
16.660355,0.063247,0.230087
16.660336,0.063321,0.230138
16.660313,0.063348,0.230189
16.660290,0.063355,0.230240
16.660271,0.063332,0.230291
16.660248,0.063382,0.230343
16.660225,0.063319,0.230394
16.660206,0.063317,0.230445
16.660179,0.063317,0.230496
16.660160,0.063377,0.230547
16.660137,0.063355,0.230598
16.660118,0.063365,0.230649
16.660095,0.063416,0.230700
16.660072,0.063351,0.230751
16.660053,0.063351,0.230802
16.660030,0.063402,0.230854
16.660007,0.063402,0.230905
16.659988,0.063350,0.230956
16.659966,0.063350,0.231007
16.659943,0.063350,0.231058
16.659924,0.063338,0.231109
16.659901,0.063338,0.231160
16.659878,0.063338,0.231211
16.659855,0.063389,0.231262
16.659836,0.063337,0.231313
16.659813,0.063287,0.231364
16.659794,0.063348,0.231415
16.659771,0.063360,0.231467
16.659748,0.063309,0.231518
16.659725,0.063309,0.231569
16.659706,0.063359,0.231620
16.659683,0.063298,0.231671
16.659660,0.063348,0.231722
16.659637,0.063298,0.231773
16.659618,0.063371,0.231824
16.659595,0.063382,0.231875
16.659576,0.063359,0.231926
16.659554,0.063359,0.231977
16.659531,0.063247,0.232028
16.659508,0.063298,0.232079
16.659489,0.063309,0.232130
16.659466,0.063321,0.232182
16.659447,0.063321,0.232233
16.659424,0.063270,0.232284
16.659401,0.063321,0.232335
16.659378,0.063271,0.232386
16.659359,0.063395,0.232437
16.659336,0.063332,0.232488
16.659313,0.063332,0.232539
16.659290,0.063370,0.232590
16.659271,0.063420,0.232641
16.659248,0.063459,0.232692
16.659229,0.063445,0.232744
16.659206,0.063431,0.232795
16.659182,0.063562,0.232846
16.659159,0.063562,0.232897
16.659138,0.063586,0.232949
16.659119,0.063482,0.233000
16.659096,0.063664,0.233051
16.659069,0.064166,0.233103
16.659050,0.064082,0.233155
16.659023,0.064309,0.233206
16.659000,0.064604,0.233258
16.658978,0.064367,0.233310
16.658955,0.065025,0.233363
16.658924,0.066259,0.233416
16.658894,0.068521,0.233471
16.658865,0.067841,0.233526
16.658840,0.067057,0.233580
16.658813,0.067618,0.233635
16.658779,0.070359,0.233692
16.658749,0.070031,0.233748
16.658718,0.070200,0.233805
16.658691,0.069119,0.233860
16.658661,0.069194,0.233916
16.658632,0.068659,0.233972
16.658604,0.068219,0.234027
16.658579,0.067713,0.234081
16.658554,0.067157,0.234135
16.658529,0.066610,0.234189
16.658504,0.065909,0.234242
16.658482,0.065305,0.234295
16.658459,0.064803,0.234347
16.658436,0.064304,0.234399
16.658417,0.063626,0.234450
16.658398,0.063046,0.234501
16.658377,0.062641,0.234552
16.658356,0.062299,0.234602
16.658339,0.062078,0.234652
16.658318,0.061746,0.234702
16.658302,0.061472,0.234751
16.658279,0.061268,0.234801
16.658264,0.061339,0.234850
16.658245,0.061132,0.234900
16.658228,0.060812,0.234949
16.658209,0.060726,0.234998
16.658192,0.060806,0.235047
16.658171,0.060721,0.235096
16.658155,0.060573,0.235144
16.658136,0.060540,0.235193
16.658119,0.060600,0.235242
16.658100,0.060586,0.235291
16.658085,0.060549,0.235340
16.658064,0.060580,0.235389
16.658047,0.060597,0.235438
16.658028,0.060732,0.235486
16.658012,0.060749,0.235535
16.657991,0.060863,0.235585
16.657974,0.060824,0.235634
16.657953,0.060950,0.235683
16.657936,0.061021,0.235732
16.657917,0.061154,0.235781
16.657898,0.061219,0.235831
16.657879,0.061285,0.235880
16.657860,0.061406,0.235930
16.657841,0.061473,0.235979
16.657820,0.061603,0.236029
16.657801,0.061721,0.236079
16.657782,0.061790,0.236128
16.657761,0.061800,0.236178
16.657742,0.061919,0.236228
16.657722,0.062042,0.236278
16.657700,0.062201,0.236328
16.657681,0.062173,0.236379
16.657661,0.062220,0.236429
16.657639,0.062343,0.236479
16.657619,0.062452,0.236529
16.657597,0.062488,0.236580
16.657578,0.062612,0.236630
16.657557,0.062635,0.236681
16.657536,0.062671,0.236731
16.657513,0.062783,0.236782
16.657494,0.062844,0.236833
16.657473,0.062843,0.236883
16.657452,0.062906,0.236934
16.657429,0.062954,0.236985
16.657410,0.063017,0.237036
16.657387,0.063029,0.237086
16.657372,0.063004,0.237127
16.657356,0.063079,0.237158
16.657337,0.063141,0.237209
16.657314,0.063128,0.237259
16.657291,0.063178,0.237310
16.657269,0.063128,0.237361
16.657249,0.063253,0.237412
16.657227,0.063253,0.237463
16.657207,0.063253,0.237514
16.657185,0.063290,0.237565
16.657166,0.063266,0.237616
16.657143,0.063390,0.237668
16.657120,0.063416,0.237719
16.657097,0.063341,0.237770
16.657078,0.063328,0.237821
16.657055,0.063379,0.237872
16.657036,0.063454,0.237923
16.657013,0.063404,0.237974
16.656990,0.063453,0.238025
16.656967,0.063443,0.238077
16.656944,0.063504,0.238128
16.656921,0.063493,0.238179
16.656902,0.063554,0.238230
16.656879,0.063544,0.238281
16.656857,0.063556,0.238333
16.656834,0.063530,0.238384
16.656815,0.063530,0.238435
16.656790,0.063635,0.238487
16.656771,0.063561,0.238538
16.656750,0.063561,0.238589
16.656725,0.063559,0.238640
16.656704,0.063549,0.238692
16.656681,0.063873,0.238743
16.656658,0.064096,0.238795
16.656635,0.064053,0.238846
16.656610,0.064486,0.238898
16.656582,0.066542,0.238952
16.656555,0.066429,0.239006
16.656525,0.068155,0.239061
16.656498,0.068023,0.239115
16.656466,0.068934,0.239171
16.656437,0.068773,0.239227
16.656401,0.071876,0.239285
16.656368,0.071504,0.239342
16.656336,0.071617,0.239400
16.656300,0.072432,0.239458
16.656265,0.073066,0.239517
16.656229,0.073774,0.239577
16.656197,0.073479,0.239636
16.656162,0.072951,0.239695
16.656128,0.072262,0.239753
16.656097,0.071248,0.239811
16.656071,0.070086,0.239867
16.656044,0.069017,0.239923
16.656019,0.068540,0.239978
16.655989,0.068561,0.240033
16.655973,0.064989,0.240086
16.655949,0.065100,0.240138
16.655928,0.064690,0.240190
16.655907,0.063610,0.240242
16.655888,0.062690,0.240292
16.655869,0.062022,0.240342
16.655849,0.061891,0.240392
16.655834,0.060555,0.240441
16.655823,0.059217,0.240489
16.655804,0.059214,0.240537
16.655790,0.058943,0.240584
16.655775,0.058854,0.240632
16.655762,0.058360,0.240679
16.655746,0.058402,0.240726
16.655731,0.058403,0.240773
16.655714,0.058680,0.240820
16.655699,0.058623,0.240867
16.655682,0.058818,0.240915
16.655666,0.058995,0.240962
16.655651,0.059174,0.241010
16.655636,0.059383,0.241058
16.655617,0.059550,0.241106
16.655600,0.059671,0.241154
16.655582,0.059917,0.241203
16.655565,0.060042,0.241251
16.655544,0.060279,0.241300
16.655529,0.060405,0.241348
16.655510,0.060545,0.241397
16.655493,0.060733,0.241446
16.655474,0.060865,0.241495
16.655457,0.061059,0.241544
16.655434,0.061298,0.241594
16.655418,0.061454,0.241643
16.655396,0.061490,0.241693
16.655380,0.061515,0.241743
16.655355,0.061661,0.241792
16.655338,0.061744,0.241842
16.655317,0.061781,0.241892
16.655300,0.061965,0.241942
16.655277,0.062113,0.241992
16.655258,0.062151,0.242042
16.655235,0.062246,0.242092
16.655216,0.062285,0.242143
16.655201,0.062261,0.242183
16.655182,0.062384,0.242233
16.655159,0.062484,0.242283
16.655138,0.062544,0.242334
16.655119,0.062531,0.242384
16.655098,0.062507,0.242435
16.655079,0.062608,0.242485
16.655056,0.062608,0.242536
16.655037,0.062718,0.242586
16.655014,0.062832,0.242637
16.654995,0.062819,0.242688
16.654974,0.062918,0.242738
16.654953,0.062991,0.242789
16.654930,0.062981,0.242840
16.654907,0.063054,0.242891
16.654892,0.062981,0.242931
16.654869,0.063165,0.242982
16.654846,0.063819,0.243034
16.654823,0.064222,0.243086
16.654800,0.064398,0.243138
16.654778,0.064388,0.243189
16.654751,0.065315,0.243242
16.654728,0.065441,0.243295
16.654701,0.065556,0.243348
16.654676,0.065956,0.243401
16.654652,0.065944,0.243454
16.654627,0.065787,0.243507
16.654598,0.066833,0.243561
16.654572,0.067107,0.243615
16.654543,0.067483,0.243670
16.654516,0.067536,0.243724
16.654491,0.067314,0.243778
16.654465,0.067613,0.243833
16.654432,0.068798,0.243888
16.654404,0.068785,0.243944
16.654375,0.068732,0.243999
16.654346,0.068440,0.244055
16.654316,0.069341,0.244110
16.654282,0.070557,0.244167
16.654253,0.070557,0.244224
16.654221,0.070800,0.244281
16.654190,0.070394,0.244338
16.654160,0.070825,0.244395
16.654129,0.070339,0.244452
16.654095,0.071843,0.244510
16.654062,0.071843,0.244568
16.654028,0.071965,0.244626
16.653996,0.071787,0.244684
16.653961,0.072114,0.244742
16.653929,0.072786,0.244801
16.653893,0.072786,0.244859
16.653858,0.073848,0.244919
16.653822,0.073944,0.244979
16.653790,0.073376,0.245038
16.653751,0.074375,0.245098
16.653713,0.074375,0.245158
16.653675,0.075650,0.245219
16.653639,0.075918,0.245280
16.653599,0.075579,0.245341
16.653566,0.074807,0.245401
16.653534,0.074108,0.245461
16.653502,0.072793,0.245520
16.653467,0.072901,0.245578
16.653435,0.072178,0.245637
16.653404,0.071480,0.245694
16.653376,0.071028,0.245752
16.653341,0.071528,0.245809
16.653315,0.070758,0.245866
16.653278,0.071811,0.245924
16.653248,0.071336,0.245982
16.653221,0.070513,0.246039
16.653179,0.073588,0.246098
16.653149,0.072244,0.246156
16.653114,0.072215,0.246214
16.653090,0.070772,0.246272
16.653059,0.070699,0.246329
16.653030,0.070399,0.246385
16.653000,0.070272,0.246442
16.652966,0.070135,0.246499
16.652943,0.069456,0.246555
16.652916,0.068602,0.246610
16.652912,0.061304,0.246659
16.652893,0.061182,0.246709
16.652878,0.060412,0.246757
16.652866,0.058936,0.246805
16.652851,0.058453,0.246852
16.652840,0.058261,0.246899
16.652828,0.056453,0.246945
16.652824,0.054325,0.246988
16.652813,0.054064,0.247032
16.652805,0.054672,0.247076
16.652802,0.052746,0.247119
16.652792,0.052897,0.247161
16.652786,0.052699,0.247204
16.652779,0.052752,0.247246
16.652775,0.052212,0.247288
16.652767,0.052270,0.247331
16.652758,0.052777,0.247373
16.652748,0.053648,0.247416
16.652740,0.053812,0.247460
16.652733,0.053468,0.247503
16.652718,0.054242,0.247547
16.652710,0.055232,0.247591
16.652699,0.055090,0.247636
16.652687,0.054806,0.247680
16.652674,0.055747,0.247725
16.652664,0.056027,0.247770
16.652649,0.056629,0.247816
16.652636,0.056701,0.247861
16.652624,0.057091,0.247907
16.652607,0.058116,0.247954
16.652588,0.059210,0.248002
16.652573,0.059332,0.248050
16.652554,0.059789,0.248098
16.652538,0.059970,0.248146
16.652519,0.060326,0.248195
16.652504,0.059917,0.248243
16.652481,0.061522,0.248293
16.652460,0.061941,0.248343
16.652441,0.061629,0.248393
16.652422,0.061770,0.248442
16.652397,0.063386,0.248494
16.652378,0.063180,0.248545
16.652359,0.063140,0.248595
16.652336,0.063538,0.248647
16.652311,0.063839,0.248698
16.652287,0.065093,0.248751
16.652264,0.064810,0.248803
16.652239,0.064706,0.248855
16.652214,0.065535,0.248908
16.652187,0.065907,0.248961
16.652164,0.065945,0.249014
16.652138,0.066525,0.249068
16.652111,0.066524,0.249122
16.652088,0.066355,0.249175
16.652061,0.066123,0.249228
16.652039,0.065840,0.249282
16.652014,0.065724,0.249335
16.651991,0.065429,0.249387
16.651970,0.065212,0.249440
16.651943,0.065212,0.249492
16.651920,0.065096,0.249545
16.651897,0.064867,0.249597
16.651875,0.064575,0.249649
16.651852,0.064296,0.249701
16.651829,0.064283,0.249753
16.651806,0.064056,0.249805
16.651787,0.063804,0.249856
16.651766,0.063766,0.249908
16.651745,0.063590,0.249959
16.651726,0.063490,0.250010
16.651703,0.063490,0.250061
16.651680,0.063252,0.250112
16.651657,0.063202,0.250163
16.651642,0.063026,0.250214
16.651619,0.062927,0.250265
16.651598,0.062852,0.250316
16.651579,0.062678,0.250366
16.651558,0.062541,0.250417
16.651539,0.062566,0.250467
16.651518,0.062454,0.250517
16.651501,0.062280,0.250568
16.651478,0.062219,0.250618
16.651459,0.062083,0.250668
16.651440,0.061996,0.250718
16.651421,0.061947,0.250768
16.651402,0.061947,0.250818
16.651382,0.061824,0.250868
16.651361,0.061737,0.250917
16.651344,0.061713,0.250967
16.651323,0.061700,0.251017
16.651306,0.061639,0.251067
16.651285,0.061517,0.251116
16.651268,0.061565,0.251166
16.651249,0.061541,0.251216
16.651230,0.061541,0.251265
16.651211,0.061418,0.251315
16.651192,0.061529,0.251364
16.651173,0.061516,0.251414
16.651154,0.061467,0.251463
16.651134,0.061442,0.251513
16.651115,0.061357,0.251563
16.651100,0.061455,0.251612
16.651077,0.061320,0.251662
16.651062,0.061418,0.251711
16.651043,0.061332,0.251761
16.651024,0.061418,0.251810
16.651005,0.061382,0.251860
16.650986,0.061394,0.251909
16.650967,0.061381,0.251959
16.650948,0.061332,0.252008
16.650932,0.061320,0.252057
16.650930,0.054906,0.252102
16.650923,0.054963,0.252146
16.650917,0.052130,0.252188
16.650913,0.052130,0.252230
16.650940,0.042358,0.252264
16.650942,0.042869,0.252299
16.650948,0.042641,0.252333
16.650953,0.043057,0.252368
16.650955,0.043353,0.252403
16.650957,0.043998,0.252438
16.650959,0.044385,0.252474
16.650961,0.045113,0.252511
16.650961,0.045774,0.252548
16.650959,0.046487,0.252585
16.650959,0.047534,0.252623
16.650955,0.048433,0.252662
16.650949,0.049038,0.252702
16.650944,0.049622,0.252742
16.650936,0.050771,0.252783
16.650928,0.051383,0.252824
16.650917,0.052551,0.252867
16.650911,0.052611,0.252909
16.650902,0.053205,0.252952
16.650890,0.054123,0.252996
16.650877,0.054658,0.253040
16.650864,0.055343,0.253085
16.650852,0.056069,0.253130
16.650837,0.056708,0.253175
16.650822,0.057288,0.253222
16.650806,0.057753,0.253268
16.650791,0.058367,0.253315
16.650774,0.058879,0.253363
16.650757,0.058945,0.253410
16.650738,0.059338,0.253458
16.650719,0.060200,0.253507
16.650700,0.060556,0.253556
16.650681,0.061005,0.253605
16.650661,0.061219,0.253654
16.650639,0.061474,0.253704
16.650621,0.061763,0.253754
16.650599,0.061993,0.253804
16.650578,0.062354,0.253854
16.650557,0.062510,0.253904
16.650536,0.062650,0.253955
16.650518,0.062632,0.253995
16.650497,0.063133,0.254046
16.650476,0.063002,0.254097
16.650448,0.064582,0.254149
16.650421,0.066413,0.254203
16.650387,0.068317,0.254258
16.650356,0.068472,0.254313
16.650330,0.068367,0.254368
16.650284,0.073332,0.254427
16.650246,0.075046,0.254488
16.650208,0.075009,0.254548
16.650166,0.076475,0.254610
16.650116,0.079707,0.254674
16.650070,0.080987,0.254739
16.650021,0.082319,0.254806
16.649971,0.083377,0.254873
16.649923,0.082611,0.254940
16.649879,0.081959,0.255006
16.649828,0.083456,0.255073
16.649784,0.082379,0.255139
16.649742,0.081466,0.255205
16.649698,0.080543,0.255270
16.649656,0.079508,0.255334
16.649620,0.078453,0.255397
16.649578,0.077531,0.255460
16.649544,0.076594,0.255522
16.649508,0.075759,0.255583
16.649469,0.075699,0.255644
16.649435,0.074859,0.255704
16.649403,0.074146,0.255764
16.649368,0.073312,0.255823
16.649338,0.071995,0.255881
16.649305,0.071874,0.255939
16.649273,0.071279,0.255997
16.649244,0.070776,0.256054
16.649214,0.070684,0.256111
16.649185,0.070104,0.256167
16.649158,0.069556,0.256223
16.649130,0.069040,0.256279
16.649101,0.068523,0.256334
16.649076,0.067983,0.256389
16.649050,0.067629,0.256444
16.649025,0.067217,0.256498
16.648998,0.066796,0.256552
16.648975,0.066458,0.256605
16.648949,0.066031,0.256659
16.648926,0.065635,0.256712
16.648903,0.065357,0.256764
16.648876,0.065024,0.256817
16.648857,0.064750,0.256869
16.648832,0.064550,0.256921
16.648811,0.064236,0.256973
16.648790,0.063912,0.257024
16.648771,0.063880,0.257076
16.648750,0.063603,0.257127
16.648727,0.063465,0.257178
16.648708,0.063089,0.257229
16.648685,0.063090,0.257280
16.648666,0.062857,0.257331
16.648645,0.062695,0.257381
16.648624,0.062630,0.257432
16.648607,0.062530,0.257482
16.648586,0.062360,0.257533
16.648567,0.062233,0.257583
16.648548,0.062281,0.257633
16.648525,0.062146,0.257683
16.648508,0.062110,0.257733
16.648487,0.062037,0.257783
16.648470,0.061842,0.257833
16.648449,0.061759,0.257883
16.648430,0.061759,0.257933
16.648411,0.061710,0.257982
16.648394,0.061567,0.258032
16.648373,0.061610,0.258082
16.648355,0.061560,0.258131
16.648335,0.061446,0.258181
16.648319,0.061438,0.258231
16.648296,0.061356,0.258280
16.648281,0.061336,0.258330
16.648258,0.061315,0.258379
16.648243,0.061235,0.258428
16.648224,0.061215,0.258478
16.648205,0.061215,0.258527
16.648190,0.061135,0.258576
16.648167,0.061056,0.258626
16.648151,0.061025,0.258675
16.648132,0.060955,0.258724
16.648115,0.060975,0.258773
16.648096,0.060975,0.258822
16.648079,0.060895,0.258871
16.648060,0.060836,0.258920
16.648043,0.060795,0.258969
16.648024,0.060785,0.259018
16.648006,0.060805,0.259068
16.647989,0.060745,0.259117
16.647972,0.060726,0.259165
16.647953,0.060795,0.259214
16.647934,0.060695,0.259263
16.647919,0.060695,0.259312
16.647898,0.060704,0.259361
16.647881,0.060704,0.259410
16.647863,0.060645,0.259459
16.647844,0.060704,0.259508
16.647825,0.060704,0.259557
16.647810,0.060704,0.259606
16.647789,0.060714,0.259655
16.647772,0.060714,0.259704
16.647757,0.060714,0.259753
16.647736,0.060714,0.259802
16.647718,0.060734,0.259851
16.647701,0.060734,0.259900
16.647684,0.060794,0.259949
16.647663,0.060805,0.259998
16.647648,0.060815,0.260047
16.647627,0.060805,0.260096
16.647610,0.060865,0.260145
16.647591,0.060815,0.260194
16.647573,0.060875,0.260243
16.647556,0.060875,0.260292
16.647537,0.060925,0.260341
16.647518,0.060925,0.260391
16.647499,0.060996,0.260440
16.647484,0.060996,0.260489
16.647469,0.060996,0.260528
16.647449,0.060947,0.260577
16.647430,0.061057,0.260627
16.647411,0.061007,0.260676
16.647392,0.061068,0.260725
16.647375,0.061079,0.260774
16.647354,0.061068,0.260824
16.647339,0.061068,0.260873
16.647320,0.061140,0.260922
16.647301,0.061189,0.260972
16.647282,0.061201,0.261021
16.647263,0.061261,0.261070
16.647243,0.061261,0.261120
16.647224,0.061201,0.261169
16.647205,0.061250,0.261218
16.647186,0.061311,0.261268
16.647167,0.061372,0.261317
16.647148,0.061372,0.261367
16.647133,0.061433,0.261407
16.647114,0.061383,0.261456
16.647095,0.061445,0.261506
16.647076,0.061445,0.261555
16.647057,0.061445,0.261605
16.647038,0.061506,0.261654
16.647018,0.061445,0.261704
16.646999,0.061445,0.261753
16.646980,0.061556,0.261803
16.646959,0.061544,0.261853
16.646940,0.061605,0.261902
16.646921,0.061666,0.261952
16.646904,0.061617,0.262002
16.646883,0.061716,0.262052
16.646868,0.061617,0.262091
16.646849,0.061716,0.262141
16.646830,0.061617,0.262191
16.646811,0.061667,0.262241
16.646790,0.061729,0.262290
16.646770,0.061716,0.262340
16.646751,0.061778,0.262390
16.646732,0.061729,0.262440
16.646711,0.061729,0.262489
16.646694,0.061729,0.262539
16.646673,0.061729,0.262589
16.646656,0.061790,0.262639
16.646633,0.061790,0.262689
16.646616,0.061790,0.262738
16.646595,0.061839,0.262788
16.646576,0.061839,0.262838
16.646555,0.061840,0.262888
16.646538,0.061890,0.262938
16.646517,0.061901,0.262988
16.646498,0.061901,0.263038
16.646479,0.061950,0.263088
16.646456,0.061901,0.263138
16.646442,0.061890,0.263178
16.646421,0.061890,0.263228
16.646402,0.061890,0.263277
16.646383,0.061963,0.263327
16.646362,0.061901,0.263377
16.646343,0.062001,0.263427
16.646320,0.061950,0.263477
16.646303,0.061901,0.263527
16.646284,0.061950,0.263577
16.646263,0.062012,0.263627
16.646244,0.061950,0.263677
16.646221,0.061950,0.263727
16.646202,0.062012,0.263777
16.646183,0.062012,0.263827
16.646166,0.062012,0.263877
16.646145,0.062001,0.263927
16.646124,0.062001,0.263977
16.646103,0.062001,0.264027
16.646084,0.062012,0.264077
16.646065,0.062012,0.264127
16.646046,0.062001,0.264177
16.646027,0.062001,0.264227
16.646006,0.062062,0.264277
16.645985,0.062011,0.264327
16.645966,0.062011,0.264377
16.645943,0.062073,0.264427
16.645924,0.062050,0.264477
16.645905,0.062111,0.264527
16.645885,0.062111,0.264578
16.645863,0.062111,0.264628
16.645844,0.062061,0.264678
16.645824,0.062011,0.264728
16.645805,0.062061,0.264778
16.645786,0.062111,0.264828
16.645763,0.062061,0.264878
16.645746,0.062061,0.264928
16.645725,0.062061,0.264978
16.645706,0.062061,0.265028
16.645683,0.062061,0.265078
16.645664,0.062123,0.265128
16.645645,0.062123,0.265178
16.645626,0.062122,0.265228
16.645603,0.062122,0.265278
16.645584,0.062122,0.265328
16.645565,0.062061,0.265379
16.645546,0.062110,0.265429
16.645523,0.062049,0.265479
16.645504,0.062110,0.265529
16.645485,0.062171,0.265579
16.645466,0.062121,0.265629
16.645443,0.062121,0.265679
16.645424,0.062171,0.265729
16.645405,0.062171,0.265779
16.645382,0.062121,0.265829
16.645363,0.062121,0.265880
16.645344,0.062183,0.265930
16.645321,0.062183,0.265980
16.645302,0.062110,0.266030
16.645283,0.062110,0.266080
16.645264,0.062171,0.266130
16.645245,0.062171,0.266180
16.645222,0.062232,0.266230
16.645203,0.062232,0.266281
16.645180,0.062171,0.266331
16.645161,0.062183,0.266381
16.645142,0.062232,0.266431
16.645123,0.062171,0.266481
16.645103,0.062232,0.266531
16.645081,0.062232,0.266582
16.645061,0.062232,0.266632
16.645039,0.062282,0.266682
16.645020,0.062282,0.266732
16.645000,0.062282,0.266782
16.644985,0.062294,0.266823
16.644962,0.062282,0.266873
16.644943,0.062294,0.266923
16.644924,0.062294,0.266973
16.644901,0.062282,0.267024
16.644882,0.062282,0.267074
16.644859,0.062220,0.267124
16.644840,0.062294,0.267174
16.644821,0.062294,0.267224
16.644802,0.062282,0.267275
16.644783,0.062332,0.267325
16.644760,0.062332,0.267375
16.644741,0.062294,0.267426
16.644718,0.062344,0.267476
16.644699,0.062344,0.267526
16.644676,0.062282,0.267576
16.644657,0.062332,0.267627
16.644638,0.062332,0.267677
16.644619,0.062355,0.267727
16.644596,0.062405,0.267777
16.644573,0.062282,0.267828
16.644558,0.062405,0.267878
16.644535,0.062282,0.267928
16.644516,0.062344,0.267978
16.644497,0.062332,0.268029
16.644474,0.062282,0.268079
16.644455,0.062343,0.268129
16.644432,0.062343,0.268180
16.644413,0.062355,0.268230
16.644394,0.062343,0.268280
16.644371,0.062344,0.268330
16.644352,0.062332,0.268381
16.644331,0.062393,0.268431
16.644310,0.062393,0.268481
16.644291,0.062343,0.268532
16.644272,0.062344,0.268582
16.644249,0.062344,0.268632
16.644230,0.062393,0.268682
16.644211,0.062344,0.268733
16.644188,0.062344,0.268783
16.644169,0.062393,0.268833
16.644146,0.062393,0.268884
16.644127,0.062344,0.268934
16.644108,0.062393,0.268984
16.644085,0.062393,0.269034
16.644066,0.062393,0.269085
16.644043,0.062393,0.269135
16.644024,0.062393,0.269185
16.644005,0.062393,0.269236
16.643982,0.062444,0.269286
16.643963,0.062393,0.269336
16.643944,0.062456,0.269387
16.643921,0.062405,0.269437
16.643902,0.062455,0.269487
16.643881,0.062393,0.269538
16.643860,0.062444,0.269588
16.643839,0.062444,0.269638
16.643818,0.062444,0.269689
16.643799,0.062455,0.269739
16.643780,0.062455,0.269790
16.643757,0.062444,0.269840
16.643738,0.062456,0.269890
16.643717,0.062444,0.269941
16.643694,0.062444,0.269991
16.643677,0.062444,0.270041
16.643654,0.062432,0.270092
16.643635,0.062444,0.270142
16.643612,0.062444,0.270192
16.643593,0.062444,0.270243
16.643574,0.062494,0.270293
16.643551,0.062432,0.270344
16.643530,0.062494,0.270394
16.643509,0.062493,0.270444
16.643490,0.062493,0.270495
16.643471,0.062493,0.270545
16.643448,0.062444,0.270595
16.643429,0.062483,0.270646
16.643406,0.062544,0.270696
16.643387,0.062494,0.270747
16.643364,0.062493,0.270797
16.643343,0.062544,0.270848
16.643326,0.062471,0.270898
16.643303,0.062532,0.270948
16.643284,0.062532,0.270999
16.643261,0.062544,0.271049
16.643242,0.062493,0.271100
16.643221,0.062471,0.271150
16.643200,0.062532,0.271200
16.643179,0.062522,0.271251
16.643156,0.062532,0.271301
16.643139,0.062544,0.271352
16.643116,0.062633,0.271402
16.643095,0.062600,0.271453
16.643076,0.062569,0.271503
16.643053,0.062549,0.271554
16.643034,0.062600,0.271604
16.643013,0.062611,0.271655
16.642992,0.062569,0.271705
16.642971,0.062670,0.271756
16.642950,0.062659,0.271806
16.642929,0.062659,0.271857
16.642908,0.062650,0.271907
16.642889,0.062678,0.271958
16.642866,0.062756,0.272008
16.642845,0.062784,0.272059
16.642826,0.062732,0.272110
16.642803,0.062751,0.272160
16.642782,0.062818,0.272211
16.642761,0.062990,0.272262
16.642740,0.062970,0.272312
16.642719,0.063090,0.272363
16.642696,0.063098,0.272414
16.642673,0.063144,0.272465
16.642654,0.063183,0.272516
16.642632,0.063230,0.272567
16.642612,0.063233,0.272618
16.642605,0.058062,0.272665
16.642635,0.043688,0.272700
16.642641,0.043718,0.272735
16.642643,0.043706,0.272771
16.642649,0.043879,0.272806
16.642647,0.044286,0.272842
16.642651,0.044813,0.272878
16.642651,0.045600,0.272915
16.642647,0.046252,0.272952
16.642647,0.046857,0.272990
16.642643,0.047694,0.273028
16.642639,0.048399,0.273067
16.642635,0.049274,0.273107
16.642630,0.049901,0.273147
16.642622,0.050670,0.273188
16.642616,0.051252,0.273229
16.642605,0.052104,0.273271
16.642597,0.052827,0.273314
16.642584,0.053576,0.273357
16.642572,0.054776,0.273401
16.642561,0.054674,0.273445
16.642551,0.055257,0.273490
16.642534,0.055967,0.273535
16.642521,0.056503,0.273581
16.642506,0.057046,0.273627
16.642490,0.057503,0.273673
16.642471,0.058066,0.273720
16.642460,0.058054,0.273767
16.642441,0.058964,0.273814
16.642424,0.058912,0.273862
16.642406,0.059321,0.273910
16.642385,0.059743,0.273958
16.642368,0.060071,0.274006
16.642349,0.060507,0.274055
16.642330,0.060896,0.274104
16.642307,0.061165,0.274153
16.642288,0.061489,0.274203
16.642269,0.061824,0.274253
16.642246,0.062095,0.274303
16.642227,0.062428,0.274353
16.642202,0.062628,0.274404
16.642183,0.062830,0.274455
16.642160,0.062889,0.274505
16.642136,0.063160,0.274556
16.642113,0.063566,0.274607
16.642090,0.063509,0.274659
16.642069,0.063685,0.274710
16.642044,0.063723,0.274761
16.642023,0.063997,0.274813
16.641998,0.064160,0.274865
16.641975,0.064173,0.274916
16.641953,0.064398,0.274968
16.641930,0.064498,0.275020
16.641903,0.064623,0.275073
16.641884,0.064774,0.275114
16.641859,0.064939,0.275167
16.641834,0.065014,0.275219
16.641808,0.065076,0.275272
16.641785,0.065229,0.275324
16.641758,0.065302,0.275377
16.641735,0.065342,0.275430
16.641708,0.065468,0.275482
16.641685,0.065456,0.275535
16.641659,0.065581,0.275588
16.641634,0.065592,0.275641
16.641607,0.065684,0.275694
16.641582,0.065696,0.275747
16.641560,0.065719,0.275800
16.641531,0.065769,0.275853
16.641506,0.065799,0.275906
16.641483,0.065787,0.275959
16.641457,0.065799,0.276012
16.641430,0.065840,0.276065
16.641405,0.065811,0.276118
16.641380,0.065885,0.276171
16.641354,0.065845,0.276225
16.641329,0.065789,0.276278
16.641304,0.065801,0.276331
16.641281,0.065771,0.276384
16.641253,0.065823,0.276437
16.641228,0.065771,0.276490
16.641203,0.065768,0.276543
16.641178,0.065801,0.276596
16.641151,0.065676,0.276649
16.641127,0.065709,0.276702
16.641102,0.065676,0.276755
16.641079,0.065647,0.276808
16.641050,0.065604,0.276861
16.641027,0.065567,0.276914
16.641001,0.065543,0.276966
16.640978,0.065598,0.277019
16.640953,0.065537,0.277072
16.640926,0.065545,0.277125
16.640902,0.065462,0.277178
16.640879,0.065516,0.277231
16.640854,0.065493,0.277284
16.640827,0.065715,0.277337
16.640800,0.065655,0.277389
16.640778,0.065745,0.277442
16.640753,0.065819,0.277496
16.640720,0.067103,0.277550
16.640697,0.067045,0.277604
16.640671,0.066802,0.277658
16.640621,0.073623,0.277717
16.640568,0.078931,0.277781
16.640522,0.080485,0.277846
16.640488,0.080319,0.277897
16.640444,0.079702,0.277962
16.640392,0.082467,0.278028
16.640347,0.082232,0.278095
16.640297,0.083079,0.278161
16.640244,0.085134,0.278230
16.640194,0.085319,0.278299
16.640144,0.085044,0.278368
16.640099,0.083410,0.278435
16.640051,0.083533,0.278502
16.639999,0.084290,0.278570
16.639948,0.084916,0.278639
16.639900,0.084833,0.278707
16.639854,0.083622,0.278774
16.639811,0.082516,0.278841
16.639767,0.081249,0.278907
16.639727,0.079880,0.278971
16.639688,0.078469,0.279034
16.639652,0.077181,0.279097
16.639614,0.075994,0.279158
16.639578,0.076010,0.279219
16.639544,0.074874,0.279280
16.639513,0.073689,0.279339
16.639479,0.072707,0.279398
16.639450,0.071674,0.279455
16.639421,0.070809,0.279512
16.639391,0.069929,0.279569
16.639366,0.069081,0.279625
16.639339,0.068334,0.279680
16.639311,0.067592,0.279734
16.639286,0.067590,0.279789
16.639263,0.066949,0.279843
16.639236,0.066362,0.279896
16.639215,0.065814,0.279949
16.639191,0.065305,0.280002
16.639168,0.064741,0.280054
16.639149,0.064398,0.280106
16.639126,0.063946,0.280158
16.639107,0.063609,0.280209
16.639084,0.063278,0.280260
16.639065,0.062998,0.280311
16.639044,0.062797,0.280361
16.639027,0.062539,0.280412
16.639004,0.062316,0.280462
16.638985,0.062034,0.280512
16.638968,0.061831,0.280562
16.638948,0.061661,0.280612
16.638931,0.061460,0.280661
16.638912,0.061310,0.280711
16.638893,0.061271,0.280760
16.638874,0.061223,0.280809
16.638857,0.061064,0.280859
16.638840,0.060917,0.280908
16.638823,0.060768,0.280957
16.638802,0.060789,0.281006
16.638786,0.060733,0.281055
16.638769,0.060684,0.281104
16.638748,0.060585,0.281153
16.638733,0.060537,0.281201
16.638714,0.060607,0.281250
16.638699,0.060439,0.281299
16.638678,0.060522,0.281348
16.638664,0.060411,0.281397
16.638645,0.060473,0.281445
16.638626,0.060461,0.281494
16.638611,0.060301,0.281543
16.638599,0.057605,0.281589
16.638592,0.056517,0.281635
16.638584,0.055273,0.281679
16.638573,0.055238,0.281724
16.638563,0.054666,0.281768
16.638561,0.052415,0.281810
16.638563,0.049665,0.281850
16.638569,0.046357,0.281888
16.638569,0.046496,0.281925
16.638573,0.045523,0.281962
16.638577,0.044498,0.281998
16.638584,0.043323,0.282033
16.638588,0.043826,0.282068
16.638592,0.044323,0.282104
16.638592,0.044871,0.282140
16.638594,0.044859,0.282176
16.638594,0.045526,0.282213
16.638592,0.046290,0.282250
16.638592,0.047033,0.282288
16.638588,0.047794,0.282327
16.638584,0.048722,0.282366
16.638580,0.049261,0.282406
16.638571,0.050813,0.282447
16.638563,0.051526,0.282488
16.638554,0.052357,0.282530
16.638546,0.052784,0.282573
16.638535,0.053494,0.282616
16.638523,0.054495,0.282660
16.638512,0.054990,0.282704
16.638496,0.055941,0.282750
16.638485,0.056056,0.282795
16.638468,0.056588,0.282840
16.638460,0.057043,0.282877
16.638443,0.057500,0.282924
16.638428,0.057843,0.282970
16.638412,0.058213,0.283017
16.638397,0.058551,0.283064
16.638378,0.058967,0.283112
16.638359,0.059206,0.283160
16.638344,0.059287,0.283207
16.638325,0.059522,0.283255
16.638309,0.059821,0.283304
16.638290,0.060277,0.283352
16.638271,0.060466,0.283401
16.638252,0.060492,0.283450
16.638233,0.060749,0.283499
16.638214,0.060968,0.283548
16.638195,0.061170,0.283597
16.638176,0.061379,0.283647
16.638155,0.061733,0.283697
16.638136,0.061944,0.283747
16.638115,0.062128,0.283797
16.638096,0.062069,0.283847
16.638073,0.062293,0.283897
16.638050,0.062487,0.283947
16.638029,0.062603,0.283998
16.638008,0.062751,0.284048
16.637987,0.062933,0.284099
16.637966,0.063333,0.284150
16.637943,0.063234,0.284201
16.637920,0.063446,0.284252
16.637897,0.063600,0.284304
16.637875,0.063689,0.284355
16.637852,0.063829,0.284407
16.637829,0.063947,0.284458
16.637806,0.064124,0.284510
16.637783,0.064267,0.284562
16.637760,0.064376,0.284614
16.637733,0.064537,0.284666
16.637711,0.064633,0.284718
16.637688,0.064669,0.284770
16.637663,0.064730,0.284822
16.637640,0.064894,0.284874
16.637617,0.064957,0.284927
16.637589,0.065123,0.284979
16.637566,0.065174,0.285032
16.637543,0.065162,0.285084
16.637516,0.065278,0.285137
16.637493,0.065216,0.285190
16.637466,0.065281,0.285242
16.637444,0.065397,0.285295
16.637421,0.065387,0.285348
16.637394,0.065453,0.285401
16.637371,0.065442,0.285453
16.637344,0.065496,0.285506
16.637320,0.065511,0.285559
16.637295,0.065617,0.285612
16.637270,0.065504,0.285665
16.637245,0.065504,0.285718
16.637220,0.065560,0.285771
16.637197,0.065550,0.285823
16.637171,0.065627,0.285876
16.637146,0.065577,0.285929
16.637121,0.065565,0.285982
16.637096,0.065568,0.286035
16.637074,0.065506,0.286088
16.637047,0.065506,0.286141
16.637028,0.065510,0.286183
16.637003,0.065563,0.286236
16.636978,0.065508,0.286289
16.636953,0.065512,0.286341
16.636929,0.065451,0.286394
16.636906,0.065401,0.286447
16.636879,0.065399,0.286500
16.636856,0.065399,0.286552
16.636833,0.065327,0.286605
16.636806,0.065285,0.286658
16.636784,0.065285,0.286710
16.636761,0.065288,0.286763
16.636734,0.065172,0.286816
16.636711,0.065235,0.286868
16.636688,0.065119,0.286921
16.636662,0.065161,0.286973
16.636639,0.065108,0.287026
16.636616,0.064993,0.287078
16.636591,0.064930,0.287131
16.636566,0.064939,0.287183
16.636543,0.064878,0.287235
16.636518,0.064993,0.287288
16.636496,0.064825,0.287340
16.636473,0.064828,0.287392
16.636448,0.064698,0.287445
16.636425,0.064698,0.287497
16.636402,0.064698,0.287549
16.636377,0.064698,0.287601
16.636356,0.064581,0.287653
16.636333,0.064531,0.287705
16.636309,0.064531,0.287757
16.636286,0.064466,0.287809
16.636261,0.064425,0.287861
16.636242,0.064361,0.287913
16.636219,0.064361,0.287965
16.636192,0.064296,0.288017
16.636169,0.064296,0.288069
16.636150,0.064182,0.288120
16.636124,0.064244,0.288172
16.636105,0.064130,0.288224
16.636078,0.064127,0.288276
16.636045,0.067375,0.288330
16.636017,0.068146,0.288385
16.635990,0.068027,0.288440
16.635950,0.071919,0.288498
16.635881,0.082776,0.288565
16.635822,0.085943,0.288634
16.635769,0.087674,0.288705
16.635719,0.086977,0.288775
16.635704,0.074530,0.288835
16.635668,0.074938,0.288895
16.635635,0.073636,0.288955
16.635616,0.068374,0.289010
16.635578,0.071600,0.289068
16.635550,0.070721,0.289125
16.635509,0.073710,0.289184
16.635464,0.076385,0.289246
16.635414,0.080292,0.289310
16.635357,0.084011,0.289378
16.635302,0.086571,0.289448
16.635250,0.086505,0.289518
16.635202,0.085538,0.289587
16.635155,0.084376,0.289655
16.635113,0.082970,0.289722
16.635069,0.081439,0.289787
16.635031,0.079851,0.289852
16.634995,0.078359,0.289915
16.634956,0.076816,0.289977
16.634922,0.075361,0.290038
16.634893,0.072779,0.290096
16.634863,0.072858,0.290155
16.634830,0.071600,0.290213
16.634802,0.070380,0.290270
16.634777,0.069318,0.290325
16.634747,0.069318,0.290381
16.634720,0.068383,0.290437
16.634697,0.067440,0.290491
16.634674,0.065876,0.290544
16.634651,0.065171,0.290597
16.634632,0.064487,0.290649
16.634613,0.063966,0.290700
16.634594,0.063448,0.290751
16.634571,0.062922,0.290802
16.634548,0.062910,0.290853
16.634533,0.062510,0.290903
16.634514,0.062212,0.290953
16.634495,0.061885,0.291003
16.634478,0.061597,0.291053
16.634460,0.061307,0.291102
16.634441,0.061124,0.291152
16.634422,0.060892,0.291201
16.634405,0.060778,0.291250
16.634388,0.060602,0.291299
16.634373,0.060492,0.291348
16.634356,0.060432,0.291396
16.634338,0.060311,0.291445
16.634319,0.060244,0.291494
16.634304,0.060188,0.291542
16.634285,0.060133,0.291591
16.634270,0.060092,0.291639
16.634254,0.060099,0.291687
16.634235,0.060037,0.291736
16.634220,0.060095,0.291784
16.634203,0.060034,0.291833
16.634186,0.060045,0.291881
16.634171,0.060034,0.291930
16.634153,0.059986,0.291978
16.634136,0.060047,0.292026
16.634117,0.060059,0.292075
16.634102,0.060132,0.292123
16.634087,0.060122,0.292172
16.634068,0.060123,0.292220
16.634052,0.060125,0.292269
16.634033,0.060128,0.292317
16.634018,0.060141,0.292366
16.633999,0.060251,0.292414
16.633984,0.060179,0.292463
16.633968,0.060192,0.292511
16.633949,0.060180,0.292560
16.633930,0.060254,0.292609
16.633915,0.060254,0.292657
16.633896,0.060316,0.292706
16.633881,0.060245,0.292754
16.633862,0.060245,0.292803
16.633846,0.060307,0.292852
16.633827,0.060427,0.292900
16.633812,0.060379,0.292949
16.633793,0.060428,0.292998
16.633776,0.060428,0.293046
16.633759,0.060428,0.293095
16.633743,0.060428,0.293144
16.633724,0.060490,0.293193
16.633705,0.060549,0.293242
16.633690,0.060536,0.293290
16.633671,0.060611,0.293339
16.633652,0.060598,0.293388
16.633635,0.060657,0.293437
16.633617,0.060645,0.293486
16.633600,0.060645,0.293535
16.633581,0.060755,0.293584
16.633564,0.060814,0.293633
16.633543,0.060827,0.293682
16.633528,0.060877,0.293731
16.633511,0.060861,0.293780
16.633490,0.060861,0.293829
16.633480,0.058716,0.293876
16.633472,0.055859,0.293922
16.633463,0.055903,0.293967
16.633451,0.055847,0.294012
16.633480,0.043100,0.294046
16.633484,0.043051,0.294081
16.633493,0.042127,0.294115
16.633499,0.042261,0.294149
16.633503,0.042464,0.294183
16.633509,0.042847,0.294218
16.633511,0.043851,0.294253
16.633514,0.043890,0.294289
16.633514,0.045341,0.294325
16.633514,0.045371,0.294362
16.633514,0.046054,0.294399
16.633514,0.047071,0.294437
16.633507,0.048455,0.294476
16.633503,0.049195,0.294516
16.633497,0.049800,0.294556
16.633492,0.050813,0.294597
16.633484,0.051432,0.294638
16.633472,0.052583,0.294681
16.633465,0.053129,0.294724
16.633451,0.053899,0.294767
16.633442,0.054436,0.294811
16.633427,0.055164,0.294856
16.633417,0.055719,0.294901
16.633400,0.056304,0.294946
16.633392,0.056342,0.294991
16.633375,0.056803,0.295037
16.633358,0.057684,0.295084
16.633343,0.058055,0.295131
16.633327,0.058519,0.295178
16.633312,0.058884,0.295225
16.633293,0.059218,0.295273
16.633274,0.059610,0.295321
16.633257,0.059854,0.295369
16.633240,0.059873,0.295418
16.633221,0.060137,0.295466
16.633202,0.060450,0.295515
16.633183,0.060649,0.295564
16.633165,0.060869,0.295613
16.633144,0.061137,0.295662
16.633125,0.061406,0.295712
16.633106,0.061559,0.295761
16.633085,0.061821,0.295811
16.633064,0.062024,0.295861
16.633045,0.062014,0.295911
16.633022,0.062151,0.295961
16.633003,0.062348,0.296012
16.632980,0.062717,0.296062
16.632959,0.062655,0.296113
16.632940,0.062805,0.296163
16.632915,0.063029,0.296214
16.632896,0.063214,0.296265
16.632870,0.063317,0.296316
16.632851,0.063488,0.296367
16.632828,0.063577,0.296419
16.632805,0.063595,0.296470
16.632782,0.063752,0.296521
16.632761,0.063909,0.296573
16.632736,0.064016,0.296625
16.632713,0.064111,0.296676
16.632690,0.064271,0.296728
16.632668,0.064306,0.296780
16.632645,0.064432,0.296832
16.632622,0.064482,0.296884
16.632595,0.064645,0.296936
16.632572,0.064693,0.296988
16.632549,0.064744,0.297040
16.632524,0.064807,0.297093
16.632502,0.064910,0.297145
16.632479,0.064910,0.297197
16.632454,0.064911,0.297250
16.632431,0.065014,0.297302
16.632404,0.065132,0.297355
16.632378,0.065069,0.297407
16.632355,0.065186,0.297460
16.632332,0.065174,0.297512
16.632309,0.065176,0.297565
16.632282,0.065179,0.297617
16.632259,0.065307,0.297670
16.632233,0.065296,0.297723
16.632210,0.065248,0.297775
16.632187,0.065301,0.297828
16.632160,0.065354,0.297881
16.632137,0.065304,0.297933
16.632111,0.065307,0.297986
16.632088,0.065307,0.298039
16.632065,0.065360,0.298091
16.632042,0.065307,0.298144
16.632015,0.065309,0.298197
16.631992,0.065298,0.298249
16.631966,0.065309,0.298302
16.631943,0.065259,0.298355
16.631916,0.065313,0.298407
16.631893,0.065186,0.298460
16.631870,0.065252,0.298513
16.631847,0.065252,0.298565
16.631821,0.065201,0.298618
16.631794,0.065147,0.298670
16.631771,0.065147,0.298723
16.631748,0.065124,0.298775
16.631725,0.065124,0.298828
16.631702,0.065073,0.298880
16.631680,0.065021,0.298933
16.631655,0.065032,0.298985
16.631626,0.065032,0.299038
16.631603,0.065021,0.299090
16.631580,0.064956,0.299142
16.631557,0.064967,0.299195
16.631535,0.064956,0.299247
16.631510,0.064914,0.299300
16.631487,0.064891,0.299352
16.631464,0.064765,0.299404
16.631439,0.064776,0.299456
16.631416,0.064723,0.299509
16.631392,0.064723,0.299561
16.631367,0.064761,0.299613
16.631346,0.064686,0.299665
16.631323,0.064697,0.299717
16.631298,0.064594,0.299769
16.631275,0.064553,0.299821
16.631252,0.064535,0.299874
16.631227,0.064482,0.299926
16.631207,0.064504,0.299978
16.631180,0.065357,0.300030
16.631136,0.071620,0.300088
16.631100,0.073166,0.300147
16.631050,0.077472,0.300209
16.630993,0.083231,0.300277
16.630947,0.082842,0.300343
16.630882,0.086807,0.300413
16.630836,0.085295,0.300482
16.630789,0.085371,0.300551
16.630745,0.083027,0.300618
16.630728,0.073945,0.300678
16.630703,0.071203,0.300735
16.630665,0.072366,0.300793
16.630642,0.069291,0.300849
16.630611,0.070439,0.300906
16.630566,0.075185,0.300967
16.630516,0.078105,0.301030
16.630466,0.081716,0.301096
16.630413,0.084173,0.301164
16.630365,0.083483,0.301231
16.630322,0.082441,0.301297
16.630280,0.081182,0.301363
16.630238,0.079942,0.301427
16.630196,0.079873,0.301492
16.630159,0.078561,0.301555
16.630123,0.077304,0.301617
16.630091,0.074671,0.301678
16.630056,0.073531,0.301737
16.630028,0.072349,0.301795
16.630001,0.071300,0.301853
16.629967,0.071211,0.301910
16.629944,0.069201,0.301966
16.629917,0.068248,0.302021
16.629894,0.067413,0.302075
16.629868,0.067398,0.302130
16.629843,0.066559,0.302183
16.629820,0.065913,0.302237
16.629799,0.065227,0.302289
16.629776,0.065211,0.302342
16.629757,0.064058,0.302393
16.629734,0.064045,0.302445
16.629711,0.063520,0.302496
16.629692,0.063069,0.302547
16.629673,0.062665,0.302598
16.629654,0.062317,0.302648
16.629635,0.062029,0.302698
16.629618,0.061688,0.302748
16.629599,0.061633,0.302798
16.629581,0.061517,0.302847
16.629562,0.061189,0.302896
16.629543,0.061020,0.302946
16.629530,0.060802,0.302995
16.629509,0.060693,0.303044
16.629494,0.060478,0.303092
16.629477,0.060490,0.303141
16.629459,0.060268,0.303190
16.629444,0.060224,0.303238
16.629425,0.060232,0.303287
16.629410,0.060132,0.303335
16.629395,0.060091,0.303384
16.629375,0.060091,0.303432
16.629356,0.060102,0.303481
16.629341,0.060053,0.303529
16.629326,0.060065,0.303578
16.629311,0.059968,0.303626
16.629292,0.060029,0.303674
16.629274,0.060031,0.303723
16.629257,0.059983,0.303771
16.629242,0.060045,0.303820
16.629223,0.060069,0.303868
16.629208,0.060008,0.303917
16.629189,0.060059,0.303965
16.629173,0.060072,0.304013
16.629154,0.060072,0.304062
16.629139,0.060083,0.304110
16.629124,0.060134,0.304159
16.629105,0.060196,0.304207
16.629089,0.060196,0.304256
16.629074,0.060196,0.304304
16.629055,0.060257,0.304353
16.629040,0.060316,0.304402
16.629021,0.060316,0.304450
16.629002,0.060316,0.304499
16.628986,0.060365,0.304548
16.628967,0.060303,0.304596
16.628952,0.060424,0.304645
16.628933,0.060424,0.304694
16.628916,0.060424,0.304742
16.628897,0.060483,0.304791
16.628880,0.060483,0.304840
16.628864,0.060532,0.304889
16.628847,0.060581,0.304938
16.628826,0.060591,0.304987
16.628811,0.060651,0.305035
16.628794,0.060638,0.305084
16.628773,0.060638,0.305133
16.628757,0.060699,0.305182
16.628740,0.060746,0.305231
16.628719,0.060746,0.305280
16.628704,0.060744,0.305329
16.628685,0.060745,0.305378
16.628666,0.060793,0.305427
16.628651,0.060791,0.305476
16.628637,0.059007,0.305524
16.628620,0.058958,0.305571
16.628611,0.057936,0.305618
16.628605,0.054639,0.305662
16.628599,0.053578,0.305705
16.628590,0.053622,0.305749
16.628586,0.052223,0.305791
16.628578,0.052355,0.305833
16.628586,0.048379,0.305872
16.628601,0.042802,0.305907
16.628607,0.042851,0.305941
16.628613,0.042745,0.305976
16.628616,0.043073,0.306010
16.628620,0.043501,0.306045
16.628620,0.043989,0.306081
16.628624,0.044659,0.306117
16.628628,0.045218,0.306153
16.628624,0.045902,0.306190
16.628622,0.046570,0.306228
16.628624,0.047224,0.306266
16.628618,0.047915,0.306305
16.628614,0.048662,0.306344
16.628609,0.049379,0.306384
16.628605,0.050055,0.306424
16.628599,0.050781,0.306465
16.628590,0.051518,0.306507
16.628582,0.052406,0.306549
16.628571,0.053044,0.306592
16.628563,0.053146,0.306634
16.628550,0.053801,0.306678
16.628540,0.054376,0.306722
16.628529,0.055404,0.306766
16.628517,0.055970,0.306803
16.628502,0.056022,0.306848
16.628489,0.056816,0.306893
16.628471,0.057891,0.306940
16.628454,0.058449,0.306987
16.628441,0.058491,0.307035
16.628422,0.059135,0.307082
16.628403,0.059574,0.307130
16.628384,0.060439,0.307179
16.628365,0.060854,0.307228
16.628345,0.061322,0.307278
16.628323,0.061609,0.307327
16.628304,0.061926,0.307377
16.628281,0.062204,0.307427
16.628262,0.062400,0.307478
16.628239,0.062721,0.307528
16.628216,0.062953,0.307579
16.628197,0.063101,0.307630
16.628174,0.063301,0.307681
16.628151,0.063527,0.307732
16.628130,0.063584,0.307783
16.628105,0.063761,0.307835
16.628082,0.063908,0.307886
16.628059,0.064057,0.307938
16.628036,0.064126,0.307990
16.628014,0.064267,0.308042
16.627991,0.064258,0.308093
16.627968,0.064397,0.308145
16.627945,0.064420,0.308197
16.627922,0.064446,0.308249
16.627897,0.064564,0.308301
16.627872,0.064669,0.308353
16.627850,0.064730,0.308406
16.627827,0.064756,0.308458
16.627802,0.064790,0.308510
16.627777,0.064836,0.308562
16.627754,0.064941,0.308615
16.627728,0.065101,0.308667
16.627705,0.065081,0.308720
16.627682,0.065260,0.308772
16.627655,0.065237,0.308825
16.627632,0.065270,0.308878
16.627609,0.065380,0.308930
16.627583,0.065430,0.308983
16.627556,0.065363,0.309036
16.627533,0.065411,0.309089
16.627508,0.065513,0.309141
16.627483,0.065511,0.309194
16.627459,0.065627,0.309247
16.627434,0.065549,0.309300
16.627409,0.065485,0.309353
16.627384,0.065652,0.309406
16.627361,0.065665,0.309459
16.627333,0.065667,0.309512
16.627310,0.065616,0.309565
16.627285,0.065656,0.309618
16.627262,0.065657,0.309671
16.627234,0.065659,0.309724
16.627211,0.065649,0.309777
16.627186,0.065651,0.309829
16.627161,0.065588,0.309882
16.627136,0.065653,0.309935
16.627111,0.065591,0.309988
16.627087,0.065605,0.310041
16.627062,0.065658,0.310094
16.627039,0.065658,0.310147
16.627012,0.065608,0.310200
16.626987,0.065546,0.310253
16.626965,0.065536,0.310306
16.626940,0.065536,0.310358
16.626913,0.065536,0.310411
16.626890,0.065540,0.310464
16.626865,0.065436,0.310517
16.626842,0.065386,0.310570
16.626820,0.065386,0.310622
16.626791,0.065428,0.310675
16.626766,0.065271,0.310728
16.626743,0.065259,0.310780
16.626720,0.065259,0.310833
16.626698,0.065262,0.310886
16.626671,0.065135,0.310938
16.626648,0.065135,0.310991
16.626625,0.065097,0.311043
16.626598,0.065097,0.311096
16.626575,0.065147,0.311148
16.626553,0.065021,0.311201
16.626530,0.065032,0.311253
16.626507,0.064982,0.311306
16.626484,0.064905,0.311358
16.626461,0.064917,0.311410
16.626434,0.064802,0.311463
16.626411,0.064791,0.311515
16.626389,0.064750,0.311567
16.626364,0.064688,0.311619
16.626341,0.064685,0.311671
16.626318,0.064647,0.311723
16.626293,0.064620,0.311776
16.626270,0.064570,0.311828
16.626249,0.064506,0.311880
16.626225,0.064453,0.311932
16.626202,0.064442,0.311984
16.626179,0.064454,0.312036
16.626156,0.064340,0.312088
16.626133,0.064401,0.312139
16.626110,0.064288,0.312191
16.626091,0.064226,0.312243
16.626068,0.064226,0.312285
16.626053,0.064176,0.312326
16.626030,0.064127,0.312378
16.626007,0.064083,0.312429
16.625984,0.064027,0.312481
16.625961,0.064100,0.312533
16.625938,0.064046,0.312584
16.625916,0.064441,0.312636
16.625891,0.064593,0.312688
16.625868,0.064518,0.312740
16.625847,0.064616,0.312793
16.625816,0.067265,0.312847
16.625786,0.067626,0.312901
16.625755,0.068469,0.312957
16.625729,0.068208,0.313012
16.625696,0.069427,0.313068
16.625668,0.069222,0.313123
16.625641,0.069070,0.313179
16.625612,0.068811,0.313235
16.625582,0.068406,0.313290
16.625555,0.068533,0.313345
16.625528,0.068507,0.313400
16.625500,0.068122,0.313455
16.625473,0.067723,0.313510
16.625448,0.067313,0.313564
16.625423,0.066837,0.313618
16.625399,0.066407,0.313672
16.625372,0.066415,0.313725
16.625347,0.065986,0.313778
16.625326,0.065632,0.313831
16.625303,0.064770,0.313884
16.625280,0.064815,0.313936
16.625257,0.064489,0.313988
16.625237,0.064170,0.314040
16.625214,0.063991,0.314091
16.625193,0.063978,0.314143
16.625172,0.063629,0.314194
16.625145,0.064945,0.314246
16.625120,0.065692,0.314299
16.625092,0.066033,0.314353
16.625069,0.066075,0.314406
16.625044,0.065887,0.314459
16.625019,0.066292,0.314513
16.624989,0.067053,0.314567
16.624962,0.067236,0.314621
16.624939,0.067048,0.314675
16.624912,0.066801,0.314729
16.624886,0.067440,0.314783
16.624855,0.067909,0.314838
16.624828,0.068020,0.314893
16.624802,0.068024,0.314948
16.624771,0.068139,0.315003
16.624743,0.068549,0.315058
16.624716,0.068504,0.315113
16.624691,0.068267,0.315168
16.624660,0.068324,0.315223
16.624634,0.068266,0.315278
16.624607,0.068081,0.315333
16.624577,0.067980,0.315388
16.624548,0.068341,0.315443
16.624523,0.068337,0.315498
16.624496,0.068283,0.315553
16.624466,0.068003,0.315608
16.624441,0.067937,0.315663
16.624413,0.067949,0.315718
16.624386,0.068144,0.315773
16.624355,0.068147,0.315828
16.624332,0.067858,0.315882
16.624306,0.067806,0.315937
16.624279,0.067573,0.315992
16.624249,0.068059,0.316047
16.624224,0.067940,0.316101
16.624199,0.067707,0.316156
16.624170,0.067656,0.316210
16.624142,0.067656,0.316265
16.624117,0.067895,0.316320
16.624090,0.067843,0.316374
16.624060,0.067726,0.316429
16.624035,0.067741,0.316484
16.624008,0.067375,0.316538
16.623983,0.067491,0.316592
16.623955,0.067491,0.316647
16.623932,0.067495,0.316701
16.623905,0.067390,0.316756
16.623878,0.067075,0.316810
16.623852,0.066778,0.316864
16.623825,0.067271,0.316918
16.623802,0.067153,0.316972
16.623779,0.067153,0.317015
16.623753,0.067090,0.317069
16.623730,0.066789,0.317123
16.623703,0.067023,0.317177
16.623676,0.066905,0.317231
16.623652,0.066801,0.317285
16.623627,0.066439,0.317339
16.623600,0.066374,0.317392
16.623577,0.066089,0.317446
16.623554,0.066152,0.317499
16.623528,0.066333,0.317552
16.623501,0.066281,0.317606
16.623480,0.065920,0.317659
16.623455,0.065920,0.317712
16.623430,0.065802,0.317765
16.623405,0.065815,0.317818
16.623383,0.065533,0.317871
16.623360,0.065468,0.317924
16.623337,0.065110,0.317977
16.623314,0.065110,0.318029
16.623293,0.064410,0.318081
16.623272,0.064345,0.318133
16.623251,0.063842,0.318184
16.623228,0.063652,0.318236
16.623209,0.062900,0.318286
16.623196,0.061018,0.318336
16.623177,0.060921,0.318385
16.623159,0.060663,0.318434
16.623146,0.059183,0.318481
16.623138,0.057220,0.318528
16.623158,0.047096,0.318566
16.623158,0.047274,0.318604
16.623154,0.048492,0.318643
16.623154,0.048057,0.318682
16.623138,0.051094,0.318723
16.623135,0.051315,0.318764
16.623129,0.051671,0.318806
16.623127,0.051062,0.318847
16.623119,0.051176,0.318888
16.623112,0.051387,0.318930
16.623108,0.051648,0.318971
16.623096,0.051928,0.319013
16.623093,0.052295,0.319055
16.623083,0.052605,0.319098
16.623077,0.052909,0.319141
16.623070,0.053218,0.319183
16.623056,0.053464,0.319227
16.623049,0.053507,0.319270
16.623039,0.053838,0.319313
16.623032,0.054229,0.319357
16.623020,0.054482,0.319401
16.623007,0.054813,0.319445
16.622997,0.055069,0.319489
16.622986,0.055294,0.319534
16.622972,0.055600,0.319579
16.622963,0.055606,0.319624
16.622950,0.055856,0.319669
16.622936,0.056181,0.319714
16.622925,0.056421,0.319760
16.622911,0.056682,0.319805
16.622898,0.057004,0.319851
16.622883,0.057200,0.319897
16.622868,0.057519,0.319944
16.622856,0.057484,0.319990
16.622841,0.057974,0.320037
16.622826,0.058041,0.320084
16.622810,0.058398,0.320131
16.622793,0.058614,0.320178
16.622778,0.058815,0.320225
16.622761,0.059102,0.320273
16.622744,0.059385,0.320321
16.622726,0.059999,0.320369
16.622709,0.059928,0.320418
16.622688,0.060114,0.320466
16.622671,0.060410,0.320515
16.622652,0.060687,0.320564
16.622631,0.060943,0.320613
16.622616,0.061187,0.320662
16.622597,0.061374,0.320712
16.622576,0.061355,0.320761
16.622557,0.061618,0.320811
16.622536,0.061775,0.320861
16.622513,0.062215,0.320911
16.622498,0.062249,0.320961
16.622475,0.062347,0.321012
16.622454,0.062521,0.321062
16.622433,0.062745,0.321113
16.622410,0.062908,0.321163
16.622387,0.063009,0.321214
16.622368,0.063174,0.321265
16.622349,0.063338,0.321316
16.622326,0.063454,0.321367
16.622301,0.063496,0.321418
16.622280,0.063725,0.321470
16.622255,0.063780,0.321521
16.622234,0.063885,0.321573
16.622211,0.063949,0.321624
16.622192,0.064005,0.321676
16.622166,0.064069,0.321728
16.622147,0.064069,0.321779
16.622124,0.064186,0.321831
16.622097,0.064182,0.321883
16.622078,0.064295,0.321935
16.622055,0.064295,0.321987
16.622032,0.064300,0.322038
16.622009,0.064354,0.322090
16.621986,0.064417,0.322142
16.621964,0.064420,0.322194
16.621937,0.064472,0.322246
16.621916,0.064588,0.322298
16.621893,0.064538,0.322350
16.621868,0.064538,0.322402
16.621845,0.064475,0.322454
16.621822,0.064536,0.322506
16.621801,0.064590,0.322559
16.621777,0.064488,0.322611
16.621754,0.064541,0.322663
16.621731,0.064530,0.322715
16.621706,0.064541,0.322767
16.621685,0.064528,0.322819
16.621662,0.064486,0.322871
16.621639,0.064486,0.322923
16.621613,0.064474,0.322975
16.621592,0.064474,0.323027
16.621571,0.064421,0.323079
16.621544,0.064432,0.323131
16.621521,0.064763,0.323183
16.621496,0.065605,0.323236
16.621473,0.065563,0.323289
16.621447,0.065806,0.323342
16.621422,0.066165,0.323395
16.621391,0.067551,0.323450
16.621363,0.068366,0.323505
16.621334,0.068141,0.323560
16.621300,0.069940,0.323616
16.621264,0.072487,0.323674
16.621231,0.072253,0.323733
16.621193,0.073998,0.323792
16.621157,0.073650,0.323852
16.621117,0.075490,0.323913
16.621080,0.075544,0.323974
16.621033,0.077789,0.324036
16.620991,0.078368,0.324100
16.620941,0.082000,0.324166
16.620897,0.081271,0.324231
16.620850,0.082379,0.324298
16.620804,0.082050,0.324364
16.620762,0.081073,0.324429
16.620720,0.080027,0.324494
16.620682,0.078993,0.324557
16.620644,0.077872,0.324620
16.620602,0.077927,0.324683
16.620567,0.076884,0.324745
16.620531,0.075824,0.324806
16.620495,0.074921,0.324867
16.620461,0.074007,0.324926
16.620430,0.073224,0.324985
16.620399,0.072516,0.325044
16.620371,0.071685,0.325102
16.620338,0.071019,0.325159
16.620308,0.070416,0.325216
16.620281,0.070297,0.325272
16.620251,0.070040,0.325329
16.620224,0.069239,0.325385
16.620197,0.069132,0.325440
16.620169,0.068532,0.325496
16.620144,0.067981,0.325551
16.620117,0.067680,0.325605
16.620090,0.067632,0.325660
16.620064,0.067107,0.325714
16.620043,0.066826,0.325768
16.620018,0.066145,0.325821
16.619993,0.065885,0.325874
16.619970,0.065857,0.325927
16.619947,0.065550,0.325980
16.619923,0.065083,0.326033
16.619904,0.064969,0.326085
16.619881,0.064555,0.326137
16.619860,0.064400,0.326189
16.619839,0.063998,0.326241
16.619818,0.063692,0.326292
16.619797,0.063314,0.326343
16.619776,0.062966,0.326394
16.619757,0.062812,0.326445
16.619738,0.062531,0.326495
16.619720,0.062181,0.326545
16.619701,0.062175,0.326595
16.619682,0.061947,0.326645
16.619663,0.061795,0.326695
16.619644,0.061467,0.326745
16.619629,0.061246,0.326794
16.619610,0.061303,0.326843
16.619591,0.061066,0.326893
16.619576,0.060903,0.326942
16.619556,0.060691,0.326991
16.619541,0.060362,0.327039
16.619522,0.060299,0.327088
16.619507,0.060305,0.327137
16.619488,0.060131,0.327185
16.619474,0.059983,0.327233
16.619457,0.059985,0.327282
16.619440,0.059875,0.327330
16.619425,0.059763,0.327378
16.619408,0.059759,0.327427
16.619390,0.059713,0.327475
16.619375,0.059661,0.327523
16.619360,0.059661,0.327571
16.619343,0.059610,0.327619
16.619328,0.059557,0.327667
16.619312,0.059603,0.327715
16.619295,0.059561,0.327763
16.619280,0.059619,0.327811
16.619263,0.059626,0.327859
16.619247,0.059575,0.327907
16.619230,0.059574,0.327955
16.619215,0.059624,0.328003
16.619200,0.059634,0.328052
16.619183,0.059643,0.328100
16.619167,0.059702,0.328148
16.619152,0.059752,0.328196
16.619131,0.059751,0.328244
16.619116,0.059810,0.328292
16.619101,0.059872,0.328341
16.619083,0.059823,0.328389
16.619068,0.059932,0.328437
16.619051,0.059992,0.328486
16.619034,0.059994,0.328534
16.619015,0.059994,0.328582
16.618999,0.060054,0.328631
16.618980,0.060115,0.328679
16.618965,0.060115,0.328728
16.618950,0.060176,0.328776
16.618931,0.060237,0.328825
16.618916,0.060237,0.328873
16.618896,0.060299,0.328922
16.618881,0.060397,0.328971
16.618860,0.060348,0.329019
16.618847,0.060360,0.329068
16.618828,0.060422,0.329117
16.618811,0.060520,0.329166
16.618792,0.060520,0.329214
16.618774,0.060569,0.329263
16.618757,0.060520,0.329312
16.618740,0.060641,0.329361
16.618721,0.060581,0.329410
16.618704,0.060702,0.329459
16.618687,0.060690,0.329508
16.618670,0.060690,0.329557
16.618650,0.060690,0.329606
16.618633,0.060740,0.329655
16.618616,0.060812,0.329704
16.618597,0.060812,0.329753
16.618578,0.060910,0.329802
16.618563,0.060860,0.329851
16.618544,0.060812,0.329900
16.618523,0.060919,0.329949
16.618507,0.060969,0.329998
16.618488,0.060969,0.330047
16.618469,0.060969,0.330097
16.618454,0.060969,0.330146
16.618435,0.061029,0.330195
16.618416,0.061029,0.330244
16.618397,0.061077,0.330293
16.618378,0.061127,0.330343
16.618359,0.061137,0.330392
16.618343,0.061137,0.330441
16.618324,0.061187,0.330491
16.618305,0.061197,0.330540
16.618286,0.061197,0.330589
16.618271,0.061174,0.330639
16.618252,0.061295,0.330688
16.618233,0.061257,0.330738
16.618214,0.061355,0.330787
16.618195,0.061355,0.330837
16.618174,0.061355,0.330886
16.618156,0.061342,0.330935
16.618137,0.061342,0.330985
16.618118,0.061416,0.331034
16.618099,0.061366,0.331084
16.618082,0.061464,0.331134
16.618061,0.061402,0.331183
16.618046,0.061463,0.331233
16.618025,0.061463,0.331282
16.618006,0.061523,0.331332
16.617987,0.061512,0.331381
16.617968,0.061560,0.331431
16.617949,0.061560,0.331481
16.617929,0.061522,0.331530
16.617910,0.061597,0.331580
16.617893,0.061535,0.331630
16.617872,0.061600,0.331679
16.617853,0.061611,0.331729
16.617836,0.061585,0.331779
16.617815,0.061612,0.331828
16.617798,0.061551,0.331878
16.617775,0.062007,0.331928
16.617756,0.061982,0.331978
16.617737,0.061939,0.332028
16.617710,0.064195,0.332080
16.617748,0.045188,0.332116
16.617754,0.044633,0.332152
16.617756,0.044496,0.332188
16.617764,0.044189,0.332224
16.617764,0.044368,0.332259
16.617767,0.044431,0.332295
16.617769,0.044857,0.332331
16.617769,0.045427,0.332368
16.617771,0.045945,0.332405
16.617767,0.046572,0.332443
16.617767,0.047184,0.332481
16.617764,0.047174,0.332519
16.617765,0.047895,0.332557
16.617758,0.048480,0.332597
16.617756,0.049113,0.332636
16.617750,0.049775,0.332676
16.617744,0.050434,0.332717
16.617737,0.051057,0.332758
16.617727,0.051679,0.332800
16.617722,0.052326,0.332842
16.617714,0.052338,0.332884
16.617704,0.052874,0.332927
16.617695,0.053440,0.332970
16.617683,0.054010,0.333014
16.617672,0.055119,0.333058
16.617661,0.055117,0.333102
16.617645,0.055619,0.333147
16.617634,0.056071,0.333192
16.617619,0.056580,0.333238
16.617603,0.057054,0.333284
16.617592,0.057514,0.333331
16.617573,0.057970,0.333377
16.617558,0.058327,0.333424
16.617540,0.058826,0.333472
16.617521,0.059588,0.333520
16.617504,0.059610,0.333568
16.617489,0.059977,0.333616
16.617470,0.060271,0.333665
16.617449,0.060642,0.333714
16.617428,0.061015,0.333763
16.617407,0.061342,0.333812
16.617390,0.061613,0.333862
16.617367,0.061928,0.333912
16.617348,0.062185,0.333962
16.617325,0.062457,0.334013
16.617304,0.062667,0.334063
16.617283,0.062940,0.334114
16.617260,0.063241,0.334165
16.617237,0.063418,0.334216
16.617214,0.063581,0.334267
16.617193,0.063582,0.334319
16.617170,0.063735,0.334370
16.617149,0.063873,0.334421
16.617126,0.064169,0.334473
16.617104,0.064346,0.334525
16.617077,0.064409,0.334577
16.617054,0.064531,0.334629
16.617031,0.064680,0.334681
16.617006,0.064732,0.334733
16.616982,0.064999,0.334786
16.616947,0.068667,0.334841
16.616917,0.068624,0.334897
16.616886,0.070150,0.334953
16.616852,0.070263,0.335010
16.616772,0.085831,0.335079
16.616711,0.089306,0.335151
16.616650,0.089823,0.335224
16.616596,0.089030,0.335295
16.616547,0.088062,0.335366
16.616503,0.084564,0.335435
16.616474,0.078492,0.335498
16.616447,0.073505,0.335557
16.616413,0.073500,0.335616
16.616375,0.075068,0.335677
16.616343,0.073703,0.335736
16.616302,0.075597,0.335797
16.616259,0.077475,0.335860
16.616234,0.077475,0.335897
16.616188,0.079313,0.335961
16.616140,0.081433,0.336027
16.616093,0.081405,0.336093
16.616051,0.080614,0.336158
16.616013,0.079631,0.336222
16.615971,0.079508,0.336286
16.615929,0.078315,0.336349
16.615894,0.076709,0.336411
16.615856,0.076646,0.336473
16.615820,0.075613,0.336534
16.615791,0.073797,0.336593
16.615755,0.073757,0.336653
16.615723,0.073009,0.336712
16.615692,0.072001,0.336770
16.615662,0.071195,0.336827
16.615635,0.070303,0.336884
16.615606,0.069489,0.336940
16.615582,0.068712,0.336995
16.615555,0.068052,0.337050
16.615528,0.067403,0.337104
16.615503,0.066808,0.337158
16.615482,0.066207,0.337212
16.615458,0.065663,0.337265
16.615433,0.065141,0.337317
16.615412,0.064742,0.337369
16.615391,0.064263,0.337421
16.615372,0.063510,0.337472
16.615351,0.063517,0.337524
16.615330,0.063287,0.337575
16.615311,0.062854,0.337625
16.615288,0.062967,0.337676
16.615269,0.062626,0.337727
16.615250,0.062396,0.337777
16.615231,0.062178,0.337827
16.615211,0.061957,0.337877
16.615192,0.061787,0.337927
16.615175,0.061467,0.337977
16.615154,0.061420,0.338026
16.615137,0.061425,0.338076
16.615120,0.061321,0.338125
16.615101,0.061206,0.338174
16.615082,0.061104,0.338224
16.615063,0.060950,0.338273
16.615047,0.060948,0.338322
16.615028,0.060848,0.338371
16.615011,0.060857,0.338420
16.614994,0.060817,0.338469
16.614979,0.060817,0.338518
16.614958,0.060767,0.338567
16.614941,0.060788,0.338616
16.614923,0.060788,0.338665
16.614904,0.060739,0.338714
16.614887,0.060739,0.338763
16.614870,0.060740,0.338812
16.614851,0.060679,0.338861
16.614834,0.060751,0.338910
16.614817,0.060751,0.338959
16.614798,0.060763,0.339008
16.614780,0.060763,0.339057
16.614763,0.060763,0.339106
16.614744,0.060774,0.339155
16.614725,0.060774,0.339204
16.614710,0.060836,0.339253
16.614691,0.060836,0.339302
16.614674,0.060836,0.339351
16.614655,0.060897,0.339401
16.614635,0.060848,0.339450
16.614620,0.060946,0.339499
16.614601,0.060946,0.339548
16.614582,0.060946,0.339597
16.614563,0.060897,0.339646
16.614544,0.060946,0.339695
16.614527,0.060946,0.339744
16.614510,0.061006,0.339794
16.614494,0.060958,0.339843
16.614473,0.060958,0.339892
16.614456,0.061006,0.339941
16.614437,0.061006,0.339990
16.614418,0.061006,0.340040
16.614403,0.060131,0.340088
16.614388,0.060180,0.340137
16.614378,0.057497,0.340183
16.614365,0.056970,0.340229
16.614353,0.057075,0.340275
16.614342,0.056088,0.340320
16.614330,0.056088,0.340365
16.614326,0.053574,0.340409
16.614319,0.053106,0.340451
16.614315,0.051519,0.340493
16.614311,0.051127,0.340534
16.614309,0.049697,0.340574
16.614307,0.049740,0.340614
16.614305,0.048682,0.340654
16.614307,0.047929,0.340692
16.614315,0.045337,0.340729
16.614315,0.045296,0.340765
16.614319,0.045098,0.340802
16.614317,0.045549,0.340839
16.614319,0.046077,0.340876
16.614317,0.046709,0.340913
16.614315,0.047357,0.340952
16.614311,0.047994,0.340990
16.614307,0.048603,0.341029
16.614305,0.048611,0.341069
16.614300,0.049867,0.341109
16.614296,0.049941,0.341149
16.614288,0.050464,0.341190
16.614285,0.051158,0.341231
16.614273,0.051686,0.341273
16.614265,0.052333,0.341315
16.614254,0.052953,0.341358
16.614244,0.053481,0.341401
16.614235,0.054082,0.341444
16.614222,0.054622,0.341488
16.614212,0.055344,0.341533
16.614197,0.055783,0.341578
16.614185,0.056336,0.341623
16.614168,0.056905,0.341669
16.614155,0.057571,0.341716
16.614136,0.058120,0.341763
16.614120,0.058647,0.341810
16.614105,0.059197,0.341858
16.614084,0.059647,0.341906
16.614063,0.060304,0.341954
16.614046,0.060703,0.342003
16.614029,0.061031,0.342053
16.614006,0.061455,0.342102
16.613987,0.062094,0.342152
16.613964,0.062284,0.342202
16.613941,0.062656,0.342253
16.613922,0.062769,0.342304
16.613899,0.063073,0.342355
16.613876,0.063151,0.342405
16.613852,0.063478,0.342457
16.613831,0.063816,0.342508
16.613808,0.064034,0.342560
16.613785,0.064051,0.342611
16.613762,0.064312,0.342663
16.613739,0.064462,0.342715
16.613714,0.064518,0.342767
16.613691,0.064635,0.342819
16.613665,0.064653,0.342872
16.613642,0.064739,0.342924
16.613617,0.064849,0.342976
16.613594,0.064950,0.343028
16.613571,0.064882,0.343081
16.613544,0.064932,0.343133
16.613522,0.064901,0.343185
16.613499,0.065054,0.343238
16.613476,0.065088,0.343290
16.613449,0.065078,0.343343
16.613430,0.065071,0.343385
16.613407,0.065132,0.343437
16.613384,0.065126,0.343490
16.613358,0.065221,0.343543
16.613335,0.065199,0.343595
16.613312,0.065250,0.343648
16.613285,0.065363,0.343700
16.613262,0.065280,0.343753
16.613235,0.065388,0.343806
16.613213,0.065372,0.343859
16.613190,0.065368,0.343911
16.613163,0.065350,0.343964
16.613140,0.065397,0.344017
16.613113,0.065431,0.344069
16.613091,0.065428,0.344122
16.613062,0.065492,0.344175
16.613039,0.065461,0.344228
16.613022,0.065473,0.344270
16.612999,0.065522,0.344312
16.612974,0.065524,0.344365
16.612951,0.065561,0.344418
16.612926,0.065546,0.344471
16.612904,0.065546,0.344524
16.612875,0.065559,0.344577
16.612852,0.065559,0.344629
16.612827,0.065611,0.344682
16.612804,0.065548,0.344735
16.612778,0.065484,0.344788
16.612753,0.065537,0.344841
16.612730,0.065602,0.344894
16.612705,0.065476,0.344947
16.612680,0.065591,0.344999
16.612654,0.065477,0.345052
16.612631,0.065479,0.345105
16.612606,0.065469,0.345158
16.612583,0.065406,0.345211
16.612558,0.065406,0.345263
16.612532,0.065370,0.345316
16.612511,0.065317,0.345369
16.612488,0.065370,0.345422
16.612461,0.065307,0.345474
16.612438,0.065296,0.345527
16.612415,0.065310,0.345580
16.612389,0.065301,0.345632
16.612366,0.065248,0.345685
16.612339,0.065250,0.345737
16.612316,0.065188,0.345790
16.612293,0.065138,0.345843
16.612270,0.065085,0.345895
16.612244,0.065076,0.345948
16.612221,0.065076,0.346000
16.612198,0.064962,0.346052
16.612175,0.064973,0.346105
16.612148,0.064923,0.346157
16.612125,0.064973,0.346210
16.612103,0.064858,0.346262
16.612082,0.064797,0.346314
16.612057,0.064847,0.346366
16.612032,0.064732,0.346419
16.612009,0.064797,0.346471
16.611984,0.064747,0.346523
16.611963,0.064682,0.346575
16.611938,0.064682,0.346627
16.611916,0.064630,0.346679
16.611893,0.064630,0.346732
16.611870,0.064580,0.346784
16.611845,0.064580,0.346836
16.611822,0.064515,0.346888
16.611799,0.064515,0.346940
16.611776,0.064527,0.346992
16.611752,0.064477,0.347044
16.611731,0.064413,0.347096
16.611708,0.064413,0.347148
16.611687,0.064299,0.347200
16.611664,0.064309,0.347252
16.611641,0.064296,0.347303
16.611618,0.064221,0.347355
16.611595,0.064208,0.347407
16.611572,0.064207,0.347459
16.611549,0.064143,0.347510
16.611526,0.064169,0.347562
16.611504,0.064069,0.347614
16.611481,0.064061,0.347665
16.611458,0.064099,0.347717
16.611439,0.064047,0.347769
16.611416,0.064197,0.347821
16.611393,0.064233,0.347872
16.611368,0.064488,0.347924
16.611343,0.064844,0.347977
16.611320,0.064630,0.348029
16.611298,0.064531,0.348081
16.611265,0.067617,0.348135
16.611237,0.067406,0.348190
16.611212,0.067511,0.348244
16.611187,0.067045,0.348298
16.611156,0.068180,0.348353
16.611126,0.069095,0.348409
16.611097,0.068796,0.348464
16.611069,0.068813,0.348520
16.611040,0.068523,0.348575
16.611012,0.068093,0.348630
16.610989,0.067835,0.348685
16.610962,0.067717,0.348739
16.610939,0.067366,0.348783
16.610916,0.066923,0.348837
16.610889,0.066594,0.348891
16.610865,0.066600,0.348944
16.610836,0.066193,0.348998
16.610815,0.065795,0.349051
16.610794,0.065394,0.349103
16.610771,0.065001,0.349156
16.610746,0.064553,0.349208
16.610725,0.063944,0.349260
16.610703,0.063963,0.349311
16.610683,0.063629,0.349362
16.610661,0.063123,0.349413
16.610641,0.063179,0.349464
16.610622,0.062971,0.349515
16.610601,0.062681,0.349566
16.610580,0.062525,0.349616
16.610561,0.062397,0.349666
16.610542,0.062284,0.349717
16.610523,0.062179,0.349767
16.610500,0.062121,0.349817
16.610481,0.062061,0.349867
16.610462,0.062005,0.349917
16.610443,0.061996,0.349967
16.610424,0.061980,0.350017
16.610401,0.062037,0.350067
16.610382,0.062088,0.350117
16.610363,0.062211,0.350167
16.610344,0.062166,0.350217
16.610325,0.062271,0.350267
16.610302,0.062285,0.350318
16.610283,0.062340,0.350368
16.610264,0.062398,0.350418
16.610241,0.062506,0.350469
16.610222,0.062514,0.350519
16.610201,0.062584,0.350570
16.610178,0.062633,0.350620
16.610161,0.062756,0.350671
16.610140,0.062807,0.350721
16.610119,0.062868,0.350772
16.610096,0.062880,0.350823
16.610077,0.062942,0.350874
16.610054,0.063004,0.350924
16.610035,0.063055,0.350975
16.610012,0.063181,0.351026
16.609993,0.063182,0.351077
16.609970,0.063258,0.351128
16.609947,0.063234,0.351179
16.609924,0.063297,0.351230
16.609905,0.063424,0.351281
16.609884,0.063374,0.351332
16.609863,0.063374,0.351384
16.609840,0.063376,0.351435
16.609818,0.063376,0.351486
16.609798,0.063427,0.351537
16.609777,0.063491,0.351588
16.609755,0.063491,0.351639
16.609732,0.063491,0.351691
16.609711,0.063491,0.351742
16.609690,0.063555,0.351793
16.609669,0.063504,0.351844
16.609646,0.063555,0.351895
16.609625,0.063491,0.351947
16.609604,0.063478,0.351998
16.609581,0.063478,0.352049
16.609558,0.063603,0.352100
16.609537,0.063553,0.352152
16.609516,0.063490,0.352203
16.609495,0.063541,0.352254
16.609472,0.063553,0.352305
16.609451,0.063490,0.352356
16.609428,0.063477,0.352408
16.609407,0.063477,0.352459
16.609388,0.063427,0.352510
16.609367,0.063427,0.352561
16.609343,0.063489,0.352612
16.609322,0.063438,0.352664
16.609301,0.063439,0.352715
16.609278,0.063363,0.352766
16.609261,0.063363,0.352817
16.609238,0.063239,0.352868
16.609215,0.063239,0.352919
16.609192,0.063300,0.352970
16.609173,0.063227,0.353021
16.609154,0.063053,0.353072
16.609131,0.063010,0.353123
16.609110,0.062841,0.353173
16.609091,0.062857,0.353224
16.609070,0.062841,0.353275
16.609051,0.062765,0.353325
16.609024,0.064179,0.353377
16.608999,0.064516,0.353429
16.608974,0.065736,0.353482
16.608952,0.065412,0.353535
16.608921,0.067141,0.353589
16.608894,0.067007,0.353643
16.608866,0.067389,0.353697
16.608841,0.067301,0.353752
16.608814,0.067108,0.353806
16.608791,0.067024,0.353860
16.608765,0.067142,0.353914
16.608742,0.066814,0.353957
16.608719,0.066816,0.354011
16.608692,0.066295,0.354064
16.608669,0.065904,0.354118
16.608644,0.065774,0.354171
16.608622,0.065723,0.354224
16.608597,0.065372,0.354276
16.608574,0.064769,0.354329
16.608553,0.064453,0.354380
16.608528,0.064479,0.354432
16.608509,0.064302,0.354484
16.608486,0.063911,0.354536
16.608465,0.063725,0.354587
16.608444,0.063490,0.354638
16.608423,0.063340,0.354690
16.608402,0.063118,0.354740
16.608383,0.062980,0.354791
16.608362,0.062782,0.354842
16.608341,0.062719,0.354892
16.608320,0.062559,0.354943
16.608303,0.062458,0.354993
16.608282,0.062477,0.355044
16.608261,0.062383,0.355094
16.608242,0.062499,0.355144
16.608221,0.062332,0.355195
16.608200,0.062395,0.355245
16.608181,0.062504,0.355295
16.608162,0.062364,0.355346
16.608141,0.062426,0.355396
16.608122,0.062452,0.355446
16.608099,0.062438,0.355497
16.608080,0.062449,0.355547
16.608061,0.062522,0.355597
16.608040,0.062568,0.355648
16.608019,0.062596,0.355698
16.607998,0.062636,0.355749
16.607979,0.062747,0.355800
16.607960,0.062719,0.355850
16.607937,0.062778,0.355901
16.607916,0.062888,0.355951
16.607895,0.062862,0.356002
16.607876,0.062900,0.356053
16.607853,0.062963,0.356104
16.607830,0.063066,0.356155
16.607811,0.063055,0.356205
16.607792,0.063109,0.356256
16.607769,0.063111,0.356307
16.607746,0.063113,0.356358
16.607727,0.063179,0.356409
16.607708,0.063170,0.356460
16.607685,0.063234,0.356511
16.607662,0.063227,0.356562
16.607641,0.063297,0.356613
16.607620,0.063297,0.356664
16.607601,0.063353,0.356715
16.607582,0.063293,0.356766
16.607555,0.063357,0.356817
16.607536,0.063308,0.356868
16.607513,0.063308,0.356919
16.607494,0.063323,0.356970
16.607471,0.063365,0.357022
16.607452,0.063305,0.357073
16.607430,0.063316,0.357124
16.607410,0.063331,0.357175
16.607388,0.063321,0.357226
16.607365,0.063321,0.357277
16.607344,0.063324,0.357328
16.607323,0.063324,0.357379
16.607304,0.063259,0.357430
16.607281,0.063334,0.357481
16.607262,0.063270,0.357532
16.607239,0.063270,0.357583
16.607220,0.063270,0.357634
16.607197,0.063280,0.357685
16.607174,0.063280,0.357736
16.607155,0.063280,0.357787
16.607132,0.063280,0.357838
16.607113,0.063216,0.357889
16.607090,0.063216,0.357940
16.607071,0.063216,0.357991
16.607048,0.063253,0.358042
16.607029,0.063189,0.358093
16.607006,0.063147,0.358144
16.606987,0.063171,0.358195
16.606964,0.063159,0.358246
16.606945,0.063159,0.358297
16.606922,0.063132,0.358348
16.606899,0.063143,0.358399
16.606880,0.063151,0.358450
16.606861,0.063091,0.358501
16.606838,0.063151,0.358552
16.606815,0.063114,0.358602
16.606796,0.063065,0.358653
16.606777,0.063102,0.358704
16.606754,0.063061,0.358755
16.606731,0.063032,0.358806
16.606712,0.063047,0.358857
16.606693,0.062994,0.358908
16.606670,0.063055,0.358958
16.606651,0.063043,0.359009
16.606628,0.063003,0.359060
16.606609,0.063014,0.359111
16.606586,0.062978,0.359162
16.606567,0.062926,0.359212
16.606544,0.062933,0.359263
16.606525,0.062935,0.359314
16.606504,0.062924,0.359365
16.606483,0.062922,0.359415
16.606464,0.062987,0.359466
16.606440,0.063372,0.359517
16.606419,0.063550,0.359569
16.606398,0.063506,0.359620
16.606369,0.066066,0.359673
16.606342,0.066025,0.359726
16.606319,0.065678,0.359779
16.606297,0.065173,0.359832
16.606266,0.067328,0.359886
16.606232,0.070039,0.359943
16.606199,0.070669,0.360000
16.606171,0.070110,0.360056
16.606140,0.069715,0.360112
16.606113,0.069110,0.360168
16.606087,0.068667,0.360223
16.606060,0.068265,0.360279
16.606035,0.067758,0.360333
16.606010,0.067353,0.360388
16.605980,0.067310,0.360442
16.605959,0.066841,0.360496
16.605934,0.066304,0.360549
16.605911,0.065836,0.360602
16.605888,0.064929,0.360655
16.605865,0.064841,0.360707
16.605843,0.064351,0.360759
16.605824,0.063897,0.360810
16.605804,0.063297,0.360861
16.605782,0.063205,0.360912
16.605762,0.062916,0.360963
16.605743,0.062459,0.361013
16.605724,0.062111,0.361064
16.605705,0.062037,0.361114
16.605682,0.061868,0.361163
16.605667,0.061537,0.361213
16.605648,0.061512,0.361263
16.605631,0.061408,0.361312
16.605614,0.061278,0.361362
16.605595,0.061263,0.361411
16.605576,0.061101,0.361460
16.605556,0.061099,0.361510
16.605537,0.061139,0.361559
16.605522,0.061144,0.361608
16.605503,0.061193,0.361658
16.605484,0.061263,0.361707
16.605465,0.061272,0.361756
16.605446,0.061343,0.361806
16.605427,0.061394,0.361855
16.605410,0.061520,0.361905
16.605392,0.061578,0.361955
16.605370,0.061705,0.362004
16.605352,0.061712,0.362054
16.605333,0.061822,0.362104
16.605312,0.061943,0.362154
16.605293,0.061913,0.362204
16.605274,0.062025,0.362254
16.605255,0.062097,0.362304
16.605236,0.062159,0.362354
16.605213,0.062283,0.362404
16.605194,0.062284,0.362455
16.605173,0.062407,0.362505
16.605154,0.062358,0.362555
16.605133,0.062433,0.362606
16.605112,0.062609,0.362656
16.605093,0.062670,0.362707
16.605072,0.062622,0.362757
16.605053,0.062735,0.362808
16.605032,0.062735,0.362858
16.605011,0.062809,0.362909
16.604990,0.062873,0.362960
16.604971,0.062923,0.363010
16.604946,0.062973,0.363061
16.604927,0.063037,0.363112
16.604908,0.062986,0.363163
16.604889,0.063097,0.363214
16.604866,0.063097,0.363265
16.604843,0.063161,0.363315
16.604824,0.063158,0.363366
16.604801,0.063209,0.363417
16.604782,0.063209,0.363468
16.604759,0.063270,0.363519
16.604736,0.063206,0.363570
16.604717,0.063270,0.363621
16.604696,0.063270,0.363672
16.604675,0.063330,0.363723
16.604652,0.063280,0.363774
16.604633,0.063330,0.363826
16.604610,0.063267,0.363877
16.604591,0.063254,0.363928
16.604570,0.063315,0.363979
16.604548,0.063315,0.364030
16.604527,0.063264,0.364081
16.604507,0.063325,0.364132
16.604488,0.063325,0.364183
16.604465,0.063325,0.364234
16.604443,0.063324,0.364285
16.604420,0.063323,0.364336
16.604399,0.063323,0.364387
16.604378,0.063273,0.364438
16.604359,0.063335,0.364489
16.604336,0.063385,0.364540
16.604317,0.063321,0.364591
16.604294,0.063333,0.364643
16.604273,0.063321,0.364694
16.604252,0.063321,0.364745
16.604229,0.063258,0.364796
16.604210,0.063293,0.364847
16.604187,0.063332,0.364898
16.604168,0.063219,0.364949
16.604145,0.063269,0.365000
16.604126,0.063283,0.365051
16.604103,0.063281,0.365102
16.604084,0.063232,0.365153
16.604065,0.063219,0.365204
16.604042,0.063187,0.365255
16.604019,0.063217,0.365306
16.604000,0.063275,0.365357
16.603977,0.063255,0.365408
16.603951,0.064149,0.365460
16.603931,0.063991,0.365511
16.603901,0.066200,0.365565
16.603878,0.065909,0.365618
16.603849,0.067402,0.365672
16.603825,0.067164,0.365726
16.603794,0.067880,0.365781
16.603769,0.067709,0.365836
16.603743,0.067619,0.365890
16.603718,0.067329,0.365944
16.603691,0.067048,0.365998
16.603666,0.066684,0.366052
16.603642,0.066710,0.366106
16.603617,0.066436,0.366160
16.603592,0.065960,0.366213
16.603569,0.065503,0.366266
16.603546,0.065347,0.366318
16.603523,0.065404,0.366371
16.603500,0.064662,0.366423
16.603481,0.064409,0.366475
16.603464,0.064316,0.366506
16.603447,0.064121,0.366548
16.603428,0.063986,0.366599
16.603405,0.063701,0.366651
16.603384,0.063491,0.366702
16.603363,0.063169,0.366753
16.603344,0.062928,0.366803
16.603325,0.062833,0.366854
16.603304,0.062763,0.366905
16.603285,0.062642,0.366955
16.603264,0.062484,0.367006
16.603243,0.062418,0.367056
16.603226,0.062406,0.367106
16.603205,0.062295,0.367157
16.603186,0.062356,0.367207
16.603165,0.062236,0.367257
16.603146,0.062255,0.367307
16.603127,0.062268,0.367357
16.603106,0.062329,0.367408
16.603086,0.062412,0.367458
16.603065,0.062381,0.367508
16.603046,0.062389,0.367559
16.603027,0.062411,0.367609
16.603006,0.062500,0.367659
16.602985,0.062415,0.367710
16.602966,0.062555,0.367760
16.602947,0.062524,0.367811
16.602926,0.062618,0.367861
16.602907,0.062601,0.367912
16.602884,0.062698,0.367962
16.602865,0.062686,0.368013
16.602846,0.062799,0.368063
16.602825,0.062836,0.368114
16.602802,0.062901,0.368165
16.602779,0.062889,0.368216
16.602764,0.062929,0.368266
16.602741,0.063036,0.368317
16.602722,0.063087,0.368368
16.602699,0.063090,0.368419
16.602680,0.063044,0.368470
16.602657,0.063087,0.368521
16.602638,0.063142,0.368571
16.602615,0.063146,0.368622
16.602596,0.063211,0.368673
16.602573,0.063267,0.368724
16.602554,0.063199,0.368775
16.602531,0.063214,0.368826
16.602512,0.063264,0.368877
16.602489,0.063207,0.368928
16.602470,0.063212,0.368979
16.602448,0.063212,0.369030
16.602428,0.063228,0.369081
16.602406,0.063280,0.369132
16.602386,0.063280,0.369183
16.602364,0.063231,0.369234
16.602345,0.063268,0.369285
16.602322,0.063170,0.369336
16.602303,0.063284,0.369387
16.602280,0.063224,0.369438
16.602261,0.063160,0.369489
16.602238,0.063160,0.369540
16.602219,0.063170,0.369591
16.602200,0.063121,0.369642
16.602177,0.063121,0.369693
16.602154,0.063046,0.369744
16.602135,0.063057,0.369795
16.602116,0.063068,0.369845
16.602093,0.063116,0.369896
16.602070,0.063116,0.369947
16.602051,0.063041,0.369998
16.602032,0.063052,0.370049
16.602013,0.062977,0.370100
16.601994,0.062987,0.370140
16.601978,0.062987,0.370181
16.601955,0.062946,0.370232
16.601936,0.062935,0.370283
16.601913,0.062871,0.370333
16.601894,0.062931,0.370384
16.601875,0.062942,0.370435
16.601856,0.062826,0.370485
16.601835,0.062874,0.370536
16.601810,0.062851,0.370587
16.601793,0.062799,0.370637
16.601774,0.062795,0.370688
16.601753,0.062818,0.370739
16.601732,0.062731,0.370789
16.601711,0.062780,0.370840
16.601688,0.062791,0.370891
16.601671,0.062751,0.370941
16.601652,0.062687,0.370992
16.601631,0.062681,0.371042
16.601608,0.062699,0.371093
16.601591,0.062696,0.371143
16.601570,0.062666,0.371194
16.601549,0.062678,0.371245
16.601530,0.062599,0.371295
16.601509,0.062539,0.371345
16.601488,0.062577,0.371396
16.601469,0.062555,0.371446
16.601450,0.062536,0.371497
16.601427,0.062594,0.371547
16.601406,0.062845,0.371598
16.601387,0.062923,0.371649
16.601368,0.062994,0.371700
16.601341,0.064432,0.371752
16.601307,0.068055,0.371806
16.601278,0.068350,0.371862
16.601267,0.063592,0.371913
16.601250,0.062412,0.371963
16.601221,0.064851,0.372015
16.601189,0.067379,0.372070
16.601151,0.070993,0.372127
16.601122,0.070269,0.372184
16.601093,0.069593,0.372240
16.601067,0.069038,0.372295
16.601042,0.068578,0.372351
16.601013,0.068364,0.372406
16.600986,0.068007,0.372461
16.600964,0.067516,0.372515
16.600937,0.066940,0.372569
16.600912,0.066442,0.372623
16.600887,0.065951,0.372676
16.600868,0.065342,0.372729
16.600845,0.064873,0.372781
16.600822,0.064412,0.372833
16.600801,0.064395,0.372885
16.600780,0.063948,0.372936
16.600758,0.063536,0.372988
16.600742,0.063047,0.373039
16.600719,0.062762,0.373089
16.600700,0.062461,0.373139
16.600681,0.062093,0.373190
16.600664,0.061868,0.373239
16.600647,0.061586,0.373289
16.600628,0.061353,0.373339
16.600609,0.061132,0.373388
16.600590,0.061097,0.373437
16.600574,0.060929,0.373486
16.600557,0.060881,0.373535
16.600536,0.060759,0.373584
16.600521,0.060738,0.373633
16.600504,0.060744,0.373682
16.600485,0.060741,0.373731
16.600470,0.060798,0.373780
16.600451,0.060796,0.373829
16.600431,0.060800,0.373878
16.600414,0.060806,0.373927
16.600395,0.060866,0.373977
16.600380,0.060866,0.374026
16.600361,0.061039,0.374075
16.600342,0.061053,0.374124
16.600323,0.061152,0.374173
16.600307,0.061235,0.374223
16.600285,0.061242,0.374272
16.600267,0.061371,0.374322
16.600250,0.061442,0.374371
16.600231,0.061512,0.374421
16.600212,0.061735,0.374471
16.600189,0.061807,0.374520
16.600174,0.061830,0.374570
16.600155,0.061890,0.374620
16.600132,0.062014,0.374670
16.600117,0.062077,0.374720
16.600094,0.062179,0.374770
16.600075,0.062266,0.374821
16.600056,0.062277,0.374871
16.600035,0.062452,0.374921
16.600016,0.062389,0.374972
16.599993,0.062505,0.375022
16.599974,0.062565,0.375072
16.599955,0.062576,0.375123
16.599934,0.062639,0.375173
16.599915,0.062703,0.375224
16.599894,0.062639,0.375275
16.599873,0.062739,0.375325
16.599852,0.062763,0.375376
16.599834,0.062812,0.375426
16.599812,0.062812,0.375477
16.599789,0.062863,0.375528
16.599771,0.062812,0.375578
16.599751,0.062873,0.375629
16.599728,0.062937,0.375680
16.599709,0.062997,0.375731
16.599689,0.062933,0.375781
16.599667,0.063047,0.375832
16.599648,0.063034,0.375883
16.599625,0.062981,0.375934
16.599606,0.063055,0.375985
16.599583,0.063042,0.376036
16.599564,0.062978,0.376086
16.599541,0.062978,0.376137
16.599522,0.063028,0.376188
16.599503,0.063089,0.376239
16.599480,0.062976,0.376290
16.599461,0.063087,0.376341
16.599442,0.063037,0.376391
16.599419,0.063098,0.376442
16.599400,0.063148,0.376493
16.599377,0.063085,0.376544
16.599358,0.062972,0.376595
16.599335,0.063022,0.376646
16.599316,0.063095,0.376696
16.599293,0.063159,0.376747
16.599274,0.063095,0.376798
16.599251,0.063083,0.376849
16.599232,0.063144,0.376900
16.599209,0.063082,0.376951
16.599190,0.063106,0.377002
16.599171,0.063118,0.377053
16.599148,0.063106,0.377104
16.599125,0.063093,0.377155
16.599106,0.063093,0.377205
16.599087,0.063043,0.377256
16.599068,0.063066,0.377307
16.599045,0.063179,0.377358
16.599022,0.062991,0.377409
16.599003,0.063042,0.377460
16.598984,0.063041,0.377511
16.598961,0.063078,0.377561
16.598942,0.063092,0.377612
16.598919,0.062967,0.377663
16.598900,0.063017,0.377714
16.598877,0.063018,0.377765
16.598858,0.063109,0.377816
16.598839,0.063078,0.377867
16.598808,0.065185,0.377919
16.598785,0.065162,0.377972
16.598763,0.064912,0.378024
16.598738,0.065485,0.378077
16.598701,0.069131,0.378133
16.598675,0.068827,0.378188
16.598650,0.068372,0.378243
16.598621,0.067966,0.378298
16.598595,0.067154,0.378352
16.598574,0.066733,0.378406
16.598545,0.066896,0.378460
16.598522,0.066399,0.378513
16.598499,0.065974,0.378567
16.598478,0.065602,0.378620
16.598454,0.065231,0.378672
16.598431,0.064840,0.378724
16.598408,0.064405,0.378776
16.598389,0.064096,0.378828
16.598368,0.063772,0.378880
16.598347,0.063666,0.378931
16.598328,0.063253,0.378982
16.598305,0.063045,0.379033
16.598286,0.063069,0.379084
16.598267,0.062651,0.379134
16.598248,0.062351,0.379184
16.598227,0.062329,0.379235
16.598206,0.062279,0.379285
16.598186,0.062045,0.379335
16.598171,0.062058,0.379385
16.598148,0.062041,0.379435
16.598133,0.061841,0.379485
16.598112,0.061812,0.379535
16.598091,0.061866,0.379585
16.598072,0.061797,0.379634
16.598053,0.061859,0.379684
16.598034,0.061970,0.379734
16.598015,0.062023,0.379784
16.597996,0.062023,0.379834
16.597977,0.062106,0.379884
16.597958,0.062069,0.379935
16.597939,0.062060,0.379985
16.597916,0.062184,0.380035
16.597897,0.062225,0.380085
16.597878,0.062494,0.380135
16.597858,0.062383,0.380186
16.597839,0.062480,0.380236
16.597818,0.062516,0.380286
16.597797,0.062629,0.380337
16.597778,0.062691,0.380387
16.597757,0.062616,0.380438
16.597738,0.062731,0.380489
16.597717,0.062771,0.380539
16.597694,0.062875,0.380590
16.597675,0.062865,0.380641
16.597656,0.062931,0.380691
16.597633,0.063034,0.380742
16.597614,0.063037,0.380793
16.597591,0.063092,0.380844
16.597572,0.063138,0.380895
16.597549,0.063152,0.380946
16.597530,0.063156,0.380997
16.597507,0.063251,0.381048
16.597488,0.063266,0.381099
16.597469,0.063207,0.381140
16.597450,0.063210,0.381190
16.597431,0.063275,0.381242
16.597408,0.063280,0.381293
16.597387,0.063332,0.381344
16.597364,0.063332,0.381395
16.597343,0.063450,0.381446
16.597322,0.063401,0.381497
16.597305,0.063390,0.381548
16.597282,0.063331,0.381599
16.597260,0.063390,0.381650
16.597239,0.063342,0.381701
16.597218,0.063407,0.381753
16.597197,0.063394,0.381804
16.597176,0.063405,0.381855
16.597155,0.063453,0.381906
16.597132,0.063405,0.381957
16.597111,0.063405,0.382008
16.597092,0.063340,0.382059
16.597071,0.063415,0.382110
16.597050,0.063411,0.382162
16.597029,0.063340,0.382213
16.597006,0.063399,0.382264
16.596985,0.063347,0.382315
16.596966,0.063334,0.382366
16.596943,0.063341,0.382417
16.596922,0.063341,0.382468
16.596901,0.063270,0.382519
16.596878,0.063277,0.382570
16.596859,0.063277,0.382621
16.596840,0.063223,0.382672
16.596817,0.063321,0.382723
16.596798,0.063208,0.382774
16.596773,0.063316,0.382825
16.596756,0.063267,0.382876
16.596733,0.063275,0.382927
16.596714,0.063249,0.382978
16.596691,0.063207,0.383029
16.596672,0.063155,0.383080
16.596649,0.063155,0.383131
16.596630,0.063188,0.383182
16.596607,0.063125,0.383233
16.596588,0.063125,0.383284
16.596569,0.063061,0.383335
16.596550,0.063069,0.383386
16.596527,0.063118,0.383437
16.596504,0.063156,0.383487
16.596485,0.063093,0.383538
16.596466,0.063052,0.383589
16.596443,0.063016,0.383640
16.596424,0.063027,0.383691
16.596401,0.063004,0.383742
16.596382,0.062972,0.383792
16.596359,0.063011,0.383843
16.596340,0.063008,0.383894
16.596321,0.063082,0.383945
16.596298,0.063041,0.383996
16.596279,0.063265,0.384047
16.596252,0.064349,0.384099
16.596228,0.065768,0.384152
16.596222,0.060030,0.384200
16.596203,0.060141,0.384249
16.596170,0.064434,0.384301
16.596138,0.068261,0.384356
16.596100,0.071578,0.384413
16.596069,0.071293,0.384471
16.596041,0.070504,0.384528
16.596012,0.069868,0.384584
16.595985,0.069205,0.384640
16.595959,0.068215,0.384695
16.595936,0.068106,0.384750
16.595907,0.067666,0.384804
16.595882,0.067094,0.384859
16.595858,0.066526,0.384912
16.595833,0.066039,0.384965
16.595812,0.065528,0.385018
16.595791,0.064894,0.385071
16.595768,0.064543,0.385123
16.595749,0.064114,0.385174
16.595726,0.063769,0.385226
16.595707,0.063256,0.385277
16.595684,0.063296,0.385328
16.595667,0.062936,0.385379
16.595648,0.062606,0.385429
16.595627,0.062362,0.385479
16.595608,0.062071,0.385529
16.595589,0.061827,0.385579
16.595572,0.061605,0.385629
16.595554,0.061572,0.385679
16.595535,0.061409,0.385728
16.595516,0.061305,0.385778
16.595501,0.061182,0.385827
16.595482,0.061061,0.385876
16.595463,0.061046,0.385925
16.595444,0.061165,0.385975
16.595428,0.061114,0.386024
16.595409,0.061126,0.386073
16.595390,0.061132,0.386123
16.595371,0.061241,0.386172
16.595352,0.061250,0.386221
16.595335,0.061308,0.386271
16.595318,0.061260,0.386320
16.595297,0.061386,0.386370
16.595280,0.061486,0.386419
16.595261,0.061501,0.386469
16.595243,0.061637,0.386519
16.595222,0.061647,0.386568
16.595205,0.061717,0.386618
16.595184,0.061788,0.386668
16.595165,0.061859,0.386718
16.595146,0.061972,0.386768
16.595127,0.062094,0.386818
16.595108,0.062169,0.386868
16.595093,0.062169,0.386908
16.595081,0.062169,0.386928
16.595062,0.062292,0.386978
16.595043,0.062243,0.387029
16.595024,0.062418,0.387079
16.595005,0.062381,0.387129
16.594984,0.062444,0.387180
16.594963,0.062557,0.387230
16.594944,0.062680,0.387281
16.594925,0.062680,0.387331
16.594904,0.062693,0.387382
16.594885,0.062693,0.387432
16.594862,0.062817,0.387483
16.594843,0.062868,0.387534
16.594822,0.062868,0.387584
16.594803,0.062881,0.387635
16.594780,0.062995,0.387686
16.594761,0.062992,0.387737
16.594738,0.063052,0.387788
16.594719,0.062988,0.387838
16.594700,0.063001,0.387889
16.594677,0.063051,0.387940
16.594658,0.063051,0.387991
16.594639,0.063038,0.388042
16.594616,0.063098,0.388093
16.594593,0.063035,0.388143
16.594574,0.063035,0.388194
16.594555,0.063095,0.388245
16.594532,0.063156,0.388296
16.594513,0.063042,0.388347
16.594490,0.063092,0.388398
16.594471,0.063029,0.388449
16.594452,0.063103,0.388499
16.594429,0.063039,0.388550
16.594410,0.062976,0.388601
16.594391,0.062976,0.388652
16.594368,0.062976,0.388703
16.594345,0.063024,0.388754
16.594326,0.062974,0.388804
16.594307,0.062984,0.388855
16.594288,0.062984,0.388906
16.594265,0.062972,0.388957
16.594242,0.062909,0.389007
16.594223,0.062921,0.389058
16.594204,0.062971,0.389109
16.594181,0.062970,0.389160
16.594162,0.062970,0.389210
16.594143,0.062919,0.389261
16.594120,0.062918,0.389312
16.594101,0.062980,0.389363
16.594082,0.062918,0.389414
16.594059,0.062855,0.389464
16.594040,0.062918,0.389515
16.594017,0.062918,0.389566
16.593998,0.062879,0.389616
16.593983,0.062879,0.389657
16.593964,0.062929,0.389708
16.593943,0.062879,0.389758
16.593922,0.062879,0.389809
16.593899,0.062766,0.389860
16.593880,0.062891,0.389911
16.593861,0.062815,0.389961
16.593840,0.062840,0.390012
16.593819,0.062840,0.390063
16.593800,0.062778,0.390113
16.593779,0.062765,0.390164
16.593758,0.062854,0.390214
16.593739,0.062904,0.390265
16.593716,0.062878,0.390316
16.593697,0.062868,0.390367
16.593674,0.063808,0.390418
16.593651,0.064040,0.390470
16.593628,0.063931,0.390521
16.593605,0.066943,0.390564
16.593571,0.069485,0.390620
16.593536,0.070877,0.390678
16.593506,0.070362,0.390734
16.593479,0.069831,0.390791
16.593452,0.068582,0.390846
16.593430,0.067820,0.390901
16.593403,0.067072,0.390955
16.593378,0.066458,0.391008
16.593357,0.065971,0.391062
16.593332,0.065408,0.391114
16.593309,0.065416,0.391167
16.593288,0.064968,0.391219
16.593269,0.064026,0.391271
16.593246,0.064111,0.391323
16.593224,0.063692,0.391374
16.593204,0.062973,0.391425
16.593185,0.062734,0.391476
16.593166,0.062430,0.391526
16.593147,0.062430,0.391576
16.593128,0.061926,0.391626
16.593111,0.061735,0.391676
16.593092,0.061718,0.391726
16.593075,0.061498,0.391775
16.593054,0.061453,0.391825
16.593037,0.061360,0.391874
16.593018,0.061203,0.391924
16.593002,0.061144,0.391973
16.592983,0.061095,0.392022
16.592964,0.061024,0.392072
16.592949,0.061038,0.392121
16.592930,0.060950,0.392170
16.592911,0.060953,0.392219
16.592892,0.061007,0.392268
16.592876,0.061063,0.392317
16.592857,0.061219,0.392367
16.592842,0.061172,0.392416
16.592823,0.061205,0.392466
16.592804,0.061273,0.392515
16.592785,0.061387,0.392564
16.592766,0.061410,0.392614
16.592745,0.061670,0.392664
16.592728,0.061761,0.392714
16.592707,0.061774,0.392763
16.592686,0.061901,0.392813
16.592667,0.062012,0.392863
16.592651,0.062095,0.392913
16.592628,0.062146,0.392963
16.592609,0.062184,0.393014
16.592588,0.062336,0.393064
16.592569,0.062338,0.393114
16.592550,0.062492,0.393165
16.592529,0.062534,0.393215
16.592510,0.062638,0.393266
16.592491,0.062705,0.393316
16.592468,0.062760,0.393367
16.592447,0.062816,0.393417
16.592428,0.062869,0.393468
16.592407,0.062915,0.393519
16.592388,0.062977,0.393570
16.592365,0.062993,0.393620
16.592346,0.063057,0.393671
16.592323,0.063050,0.393722
16.592304,0.063039,0.393773
16.592281,0.063045,0.393824
16.592262,0.063107,0.393875
16.592243,0.063172,0.393926
16.592220,0.063113,0.393976
16.592197,0.063165,0.394027
16.592176,0.063230,0.394078
16.592159,0.063165,0.394129
16.592136,0.063218,0.394180
16.592117,0.063218,0.394231
16.592094,0.063282,0.394282
16.592073,0.063234,0.394333
16.592052,0.063244,0.394384
16.592033,0.063244,0.394435
16.592010,0.063234,0.394486
16.591991,0.063234,0.394537
16.591969,0.063293,0.394588
16.591949,0.063293,0.394639
16.591930,0.063232,0.394690
16.591908,0.063232,0.394741
16.591885,0.063190,0.394792
16.591866,0.063216,0.394843
16.591846,0.063216,0.394894
16.591824,0.063239,0.394945
16.591805,0.063233,0.394996
16.591782,0.063162,0.395047
16.591761,0.063270,0.395098
16.591740,0.063228,0.395149
16.591721,0.063169,0.395200
16.591698,0.063164,0.395251
16.591679,0.063164,0.395302
16.591660,0.063159,0.395353
16.591637,0.063171,0.395404
16.591614,0.063107,0.395455
16.591595,0.063155,0.395506
16.591576,0.063166,0.395557
16.591553,0.063102,0.395608
16.591534,0.063151,0.395659
16.591511,0.063099,0.395709
16.591492,0.063072,0.395760
16.591473,0.063072,0.395811
16.591450,0.063031,0.395862
16.591431,0.063079,0.395913
16.591412,0.063053,0.395964
16.591389,0.063053,0.396015
16.591370,0.063012,0.396065
16.591347,0.063028,0.396116
16.591328,0.062933,0.396167
16.591305,0.062881,0.396218
16.591286,0.062962,0.396268
16.591267,0.062938,0.396319
16.591248,0.062858,0.396370
16.591225,0.062847,0.396421
16.591202,0.062924,0.396471
16.591183,0.062956,0.396522
16.591164,0.063050,0.396573
16.591141,0.063053,0.396624
16.591114,0.065254,0.396676
16.591091,0.065255,0.396729
16.591068,0.065094,0.396782
16.591072,0.057205,0.396828
16.591055,0.057614,0.396874
16.591030,0.062019,0.396924
16.591000,0.065050,0.396977
16.590956,0.071363,0.397034
16.590925,0.071341,0.397092
16.590897,0.070616,0.397149
16.590866,0.070201,0.397205
16.590839,0.069879,0.397262
16.590811,0.069426,0.397318
16.590782,0.068896,0.397373
16.590755,0.068291,0.397428
16.590727,0.068289,0.397483
16.590704,0.067751,0.397538
16.590679,0.067138,0.397592
16.590654,0.066561,0.397646
16.590630,0.065975,0.397699
16.590611,0.064967,0.397751
16.590588,0.064440,0.397803
16.590569,0.064021,0.397855
16.590546,0.063957,0.397907
16.590527,0.063578,0.397958
16.590508,0.063127,0.398009
16.590485,0.062888,0.398059
16.590467,0.062484,0.398110
16.590450,0.062231,0.398160
16.590431,0.061907,0.398210
16.590410,0.061737,0.398260
16.590391,0.061554,0.398309
16.590374,0.061594,0.398359
16.590355,0.061414,0.398409
16.590338,0.061254,0.398458
16.590321,0.061140,0.398507
16.590302,0.061075,0.398557
16.590286,0.061012,0.398606
16.590267,0.061045,0.398655
16.590248,0.061025,0.398704
16.590233,0.061083,0.398753
16.590210,0.061089,0.398803
16.590195,0.061091,0.398852
16.590176,0.061199,0.398901
16.590157,0.061211,0.398951
16.590141,0.061272,0.399000
16.590122,0.061339,0.399050
16.590103,0.061405,0.399099
16.590082,0.061582,0.399149
16.590065,0.061591,0.399198
16.590046,0.061660,0.399248
16.590027,0.061792,0.399298
16.590008,0.061741,0.399348
16.589989,0.061864,0.399398
16.589966,0.062037,0.399448
16.589951,0.062060,0.399498
16.589931,0.062133,0.399548
16.589912,0.062245,0.399598
16.589893,0.062308,0.399648
16.589870,0.062423,0.399699
16.589849,0.062445,0.399749
16.589830,0.062509,0.399799
16.589809,0.062559,0.399850
16.589790,0.062572,0.399900
16.589771,0.062635,0.399951
16.589750,0.062698,0.400001
16.589731,0.062761,0.400052
16.589708,0.062812,0.400103
16.589689,0.062872,0.400153
16.589668,0.062883,0.400204
16.589649,0.062936,0.400255
16.589626,0.062923,0.400306
16.589607,0.062936,0.400356
16.589584,0.062983,0.400407
16.589565,0.062933,0.400458
16.589550,0.062994,0.400499
16.589531,0.062994,0.400549
16.589508,0.063047,0.400600
16.589489,0.063057,0.400651
16.589466,0.063044,0.400702
16.589447,0.063055,0.400753
16.589424,0.063091,0.400804
16.589405,0.063091,0.400854
16.589382,0.063091,0.400905
16.589363,0.063165,0.400956
16.589344,0.063102,0.401007
16.589321,0.063089,0.401058
16.589298,0.063089,0.401109
16.589279,0.063150,0.401160
16.589260,0.063111,0.401211
16.589241,0.063099,0.401262
16.589218,0.063087,0.401313
16.589199,0.063148,0.401363
16.589180,0.063148,0.401414
16.589157,0.063109,0.401465
16.589134,0.063096,0.401516
16.589115,0.063046,0.401567
16.589096,0.063022,0.401618
16.589073,0.063095,0.401669
16.589054,0.063095,0.401720
16.589031,0.063094,0.401770
16.589012,0.063020,0.401821
16.588989,0.063020,0.401872
16.588970,0.063094,0.401923
16.588951,0.063043,0.401974
16.588932,0.063031,0.402025
16.588909,0.062968,0.402075
16.588890,0.062968,0.402126
16.588867,0.063105,0.402177
16.588848,0.063030,0.402228
16.588825,0.063042,0.402279
16.588806,0.062979,0.402330
16.588783,0.062967,0.402380
16.588764,0.062967,0.402431
16.588745,0.063053,0.402482
16.588726,0.062979,0.402533
16.588703,0.062967,0.402584
16.588684,0.062905,0.402634
16.588661,0.062866,0.402685
16.588642,0.062871,0.402736
16.588623,0.062840,0.402786
16.588604,0.062696,0.402837
16.588583,0.062683,0.402887
16.588564,0.062681,0.402938
16.588539,0.062850,0.402989
16.588497,0.070184,0.403045
16.588467,0.070431,0.403102
16.588440,0.069693,0.403158
16.588413,0.068664,0.403214
16.588387,0.068178,0.403269
16.588362,0.067602,0.403323
16.588337,0.067198,0.403377
16.588314,0.066853,0.403431
16.588287,0.066345,0.403485
16.588264,0.065968,0.403538
16.588243,0.065531,0.403591
16.588223,0.064979,0.403643
16.588196,0.064665,0.403695
16.588173,0.064693,0.403747
16.588152,0.064336,0.403799
16.588131,0.063971,0.403851
16.588112,0.063627,0.403902
16.588102,0.063627,0.403923
16.588081,0.063333,0.403974
16.588062,0.063055,0.404025
16.588043,0.062811,0.404075
16.588024,0.062593,0.404126
16.588005,0.062351,0.404176
16.587986,0.062201,0.404226
16.587967,0.061951,0.404276
16.587948,0.061953,0.404326
16.587929,0.061722,0.404376
16.587912,0.061722,0.404426
16.587893,0.061619,0.404475
16.587875,0.061567,0.404525
16.587854,0.061503,0.404575
16.587835,0.061558,0.404624
16.587816,0.061578,0.404674
16.587799,0.061524,0.404724
16.587780,0.061543,0.404773
16.587763,0.061540,0.404823
16.587744,0.061590,0.404873
16.587725,0.061633,0.404922
16.587704,0.061638,0.404972
16.587687,0.061677,0.405022
16.587667,0.061720,0.405071
16.587650,0.061796,0.405121
16.587627,0.061986,0.405171
16.587612,0.062082,0.405221
16.587589,0.062066,0.405271
16.587570,0.062065,0.405321
16.587551,0.062164,0.405372
16.587532,0.062265,0.405422
16.587513,0.062315,0.405472
16.587492,0.062356,0.405522
16.587473,0.062524,0.405573
16.587452,0.062466,0.405623
16.587431,0.062506,0.405673
16.587412,0.062520,0.405724
16.587393,0.062575,0.405774
16.587372,0.062643,0.405825
16.587353,0.062698,0.405875
16.587334,0.062703,0.405926
16.587311,0.062756,0.405977
16.587288,0.062749,0.406027
16.587269,0.062813,0.406078
16.587250,0.062867,0.406129
16.587231,0.062818,0.406179
16.587212,0.062876,0.406230
16.587189,0.062866,0.406281
16.587170,0.062869,0.406331
16.587147,0.062940,0.406382
16.587128,0.062885,0.406433
16.587109,0.062999,0.406484
16.587086,0.063009,0.406534
16.587067,0.062944,0.406585
16.587048,0.062960,0.406636
16.587025,0.062960,0.406687
16.587006,0.063009,0.406738
16.586983,0.063002,0.406788
16.586964,0.062960,0.406839
16.586945,0.062948,0.406890
16.586922,0.062896,0.406941
16.586903,0.062896,0.406991
16.586884,0.062955,0.407042
16.586861,0.063007,0.407093
16.586838,0.062991,0.407144
16.586819,0.062890,0.407194
16.586800,0.063002,0.407245
16.586781,0.062949,0.407296
16.586758,0.062944,0.407347
16.586739,0.062944,0.407398
16.586727,0.062944,0.407428
16.586704,0.062955,0.407479
16.586685,0.062939,0.407530
16.586662,0.062864,0.407580
16.586647,0.062923,0.407631
16.586624,0.062871,0.407682
16.586605,0.062871,0.407732
16.586582,0.062931,0.407783
16.586563,0.062926,0.407834
16.586540,0.062915,0.407885
16.586521,0.062911,0.407935
16.586502,0.062911,0.407986
16.586483,0.062870,0.408037
16.586460,0.062870,0.408087
16.586441,0.062926,0.408138
16.586420,0.062840,0.408189
16.586399,0.062900,0.408240
16.586380,0.062825,0.408290
16.586361,0.062908,0.408341
16.586338,0.062868,0.408392
16.586319,0.062804,0.408442
16.586300,0.062808,0.408493
16.586281,0.062816,0.408544
16.586258,0.062836,0.408594
16.586237,0.062762,0.408645
16.586216,0.062759,0.408696
16.586197,0.062745,0.408746
16.586178,0.062755,0.408797
16.586159,0.062670,0.408847
16.586136,0.062708,0.408898
16.586117,0.062748,0.408948
16.586098,0.062775,0.408999
16.586077,0.062791,0.409050
16.586056,0.062980,0.409101
16.586033,0.062960,0.409151
16.586006,0.066175,0.409205
16.585991,0.062847,0.409255
16.585972,0.062412,0.409306
16.585949,0.063787,0.409357
16.585911,0.067891,0.409412
16.585876,0.070946,0.409469
16.585848,0.070622,0.409526
16.585819,0.070086,0.409583
16.585793,0.069868,0.409628
16.585781,0.069868,0.409650
16.585754,0.069566,0.409706
16.585728,0.069063,0.409762
16.585699,0.068532,0.409817
16.585674,0.067977,0.409872
16.585648,0.067529,0.409927
16.585625,0.067084,0.409981
16.585598,0.066520,0.410034
16.585575,0.066049,0.410087
16.585554,0.065444,0.410140
16.585533,0.065012,0.410193
16.585510,0.064471,0.410245
16.585491,0.064144,0.410296
16.585468,0.064122,0.410348
16.585447,0.063572,0.410399
16.585430,0.063189,0.410450
16.585407,0.062902,0.410501
16.585388,0.062612,0.410552
16.585369,0.062309,0.410602
16.585350,0.062023,0.410652
16.585331,0.061792,0.410702
16.585314,0.061673,0.410751
16.585297,0.061493,0.410801
16.585279,0.061381,0.410850
16.585258,0.061319,0.410900
16.585243,0.061209,0.410949
16.585222,0.061254,0.410999
16.585205,0.061198,0.411048
16.585190,0.061198,0.411097
16.585169,0.061184,0.411147
16.585152,0.061244,0.411196
16.585133,0.061196,0.411245
16.585114,0.061264,0.411295
16.585094,0.061368,0.411344
16.585077,0.061433,0.411394
16.585060,0.061497,0.411444
16.585041,0.061495,0.411493
16.585024,0.061623,0.411543
16.585001,0.061690,0.411593
16.584984,0.061698,0.411642
16.584965,0.061776,0.411692
16.584946,0.061898,0.411742
16.584927,0.062018,0.411792
16.584908,0.062091,0.411842
16.584888,0.062152,0.411892
16.584866,0.062203,0.411942
16.584846,0.062277,0.411993
16.584827,0.062412,0.412043
16.584806,0.062435,0.412093
16.584789,0.062488,0.412144
16.584768,0.062551,0.412194
16.584747,0.062588,0.412245
16.584730,0.062591,0.412295
16.584705,0.062739,0.412346
16.584686,0.062677,0.412396
16.584667,0.062790,0.412447
16.584648,0.062854,0.412498
16.584625,0.062914,0.412548
16.584606,0.062978,0.412599
16.584587,0.062978,0.412650
16.584564,0.062978,0.412701
16.584545,0.062978,0.412752
16.584522,0.063091,0.412802
16.584503,0.063064,0.412853
16.584480,0.063152,0.412904
16.584461,0.063038,0.412955
16.584438,0.063212,0.413006
16.584423,0.063112,0.413057
16.584400,0.063212,0.413108
16.584381,0.063148,0.413159
16.584358,0.063148,0.413210
16.584335,0.063148,0.413261
16.584316,0.063209,0.413312
16.584297,0.063159,0.413363
16.584274,0.063169,0.413414
16.584255,0.063206,0.413465
16.584234,0.063206,0.413515
16.584213,0.063203,0.413566
16.584194,0.063203,0.413617
16.584171,0.063203,0.413668
16.584148,0.063201,0.413719
16.584129,0.063137,0.413770
16.584110,0.063137,0.413821
16.584087,0.063150,0.413872
16.584068,0.063150,0.413923
16.584049,0.063148,0.413974
16.584026,0.063148,0.414025
16.584007,0.063085,0.414076
16.583984,0.063134,0.414127
16.583965,0.063134,0.414178
16.583942,0.063083,0.414228
16.583923,0.063083,0.414279
16.583900,0.063082,0.414330
16.583881,0.063122,0.414381
16.583862,0.063070,0.414432
16.583843,0.063070,0.414483
16.583820,0.063019,0.414534
16.583801,0.063057,0.414585
16.583778,0.062957,0.414635
16.583759,0.063018,0.414686
16.583736,0.062973,0.414737
16.583717,0.062983,0.414788
16.583698,0.062944,0.414838
16.583679,0.062882,0.414889
16.583656,0.062836,0.414940
16.583637,0.062803,0.414990
16.583618,0.062634,0.415041
16.583597,0.062703,0.415092
16.583578,0.062582,0.415142
16.583557,0.062434,0.415192
16.583519,0.067740,0.415247
16.583496,0.067688,0.415302
16.583466,0.068447,0.415357
16.583441,0.067568,0.415411
16.583412,0.068742,0.415467
16.583385,0.068350,0.415522
16.583357,0.068171,0.415577
16.583332,0.067833,0.415632
16.583307,0.067386,0.415686
16.583282,0.066852,0.415740
16.583258,0.066419,0.415793
16.583237,0.065968,0.415846
16.583214,0.065510,0.415899
16.583191,0.065152,0.415952
16.583164,0.064772,0.416004
16.583145,0.064439,0.416056
16.583122,0.064080,0.416108
16.583103,0.063841,0.416159
16.583084,0.063730,0.416211
16.583063,0.063552,0.416262
16.583042,0.062970,0.416313
16.583023,0.062809,0.416363
16.583004,0.062580,0.416414
16.582985,0.062545,0.416464
16.582962,0.062313,0.416515
16.582947,0.062137,0.416565
16.582924,0.062010,0.416615
16.582909,0.061898,0.416665
16.582890,0.061922,0.416714
16.582870,0.061720,0.416764
16.582851,0.061640,0.416814
16.582834,0.061623,0.416864
16.582813,0.061717,0.416913
16.582796,0.061647,0.416963
16.582777,0.061701,0.417013
16.582760,0.061706,0.417063
16.582739,0.061719,0.417112
16.582722,0.061688,0.417162
16.582703,0.061749,0.417212
16.582685,0.061786,0.417262
16.582661,0.061910,0.417312
16.582645,0.061925,0.417362
16.582626,0.062027,0.417412
16.582603,0.062058,0.417462
16.582588,0.062134,0.417512
16.582573,0.062055,0.417552
16.582554,0.062200,0.417602
16.582531,0.062213,0.417652
16.582512,0.062347,0.417702
16.582491,0.062412,0.417753
16.582474,0.062523,0.417803
16.582453,0.062511,0.417854
16.582432,0.062552,0.417904
16.582415,0.062542,0.417955
16.582394,0.062659,0.418005
16.582373,0.062665,0.418056
16.582352,0.062788,0.418106
16.582333,0.062832,0.418157
16.582310,0.062911,0.418208
16.582291,0.062840,0.418258
16.582272,0.062904,0.418309
16.582249,0.062897,0.418360
16.582230,0.062955,0.418411
16.582211,0.063083,0.418461
16.582191,0.063083,0.418512
16.582169,0.063088,0.418563
16.582146,0.063088,0.418614
16.582127,0.063143,0.418665
16.582108,0.063104,0.418716
16.582085,0.063159,0.418767
16.582064,0.063221,0.418818
16.582043,0.063162,0.418869
16.582024,0.063227,0.418920
16.582005,0.063227,0.418971
16.581982,0.063217,0.419022
16.581961,0.063227,0.419073
16.581938,0.063227,0.419124
16.581921,0.063227,0.419175
16.581898,0.063227,0.419226
16.581879,0.063238,0.419277
16.581856,0.063286,0.419328
16.581837,0.063238,0.419379
16.581818,0.063286,0.419430
16.581795,0.063232,0.419481
16.581774,0.063232,0.419532
16.581753,0.063232,0.419583
16.581730,0.063228,0.419634
16.581711,0.063303,0.419685
16.581692,0.063239,0.419736
16.581669,0.063174,0.419787
16.581648,0.063222,0.419838
16.581627,0.063169,0.419889
16.581612,0.063217,0.419929
16.581596,0.063165,0.419970
16.581573,0.063116,0.420021
16.581554,0.063153,0.420072
16.581532,0.063160,0.420123
16.581512,0.063160,0.420174
16.581493,0.063107,0.420225
16.581470,0.063163,0.420276
16.581451,0.063088,0.420327
16.581432,0.063147,0.420377
16.581413,0.063083,0.420428
16.581390,0.063091,0.420479
16.581367,0.063091,0.420530
16.581348,0.063099,0.420581
16.581329,0.063035,0.420632
16.581306,0.063020,0.420683
16.581287,0.062972,0.420733
16.581264,0.062957,0.420784
16.581249,0.062931,0.420835
16.581226,0.062928,0.420886
16.581207,0.062887,0.420936
16.581184,0.062959,0.420987
16.581165,0.062968,0.421038
16.581142,0.062905,0.421089
16.581123,0.062920,0.421139
16.581104,0.062822,0.421190
16.581085,0.062844,0.421241
16.581062,0.062803,0.421291
16.581043,0.062842,0.421342
16.581024,0.062790,0.421393
16.581005,0.062758,0.421443
16.580982,0.062766,0.421494
16.580967,0.062781,0.421534
16.580946,0.062757,0.421585
16.580929,0.062730,0.421636
16.580904,0.063574,0.421687
16.580883,0.064079,0.421739
16.580849,0.067343,0.421793
16.580826,0.067034,0.421847
16.580818,0.061140,0.421896
16.580805,0.058680,0.421944
16.580780,0.061856,0.421993
16.580746,0.067226,0.422048
16.580708,0.071224,0.422105
16.580677,0.070627,0.422162
16.580650,0.069920,0.422218
16.580622,0.069298,0.422274
16.580593,0.068861,0.422330
16.580566,0.068449,0.422385
16.580544,0.067988,0.422440
16.580517,0.067421,0.422494
16.580494,0.066893,0.422548
16.580469,0.066255,0.422602
16.580444,0.065813,0.422655
16.580423,0.065294,0.422707
16.580404,0.064660,0.422760
16.580383,0.064295,0.422811
16.580360,0.063812,0.422863
16.580341,0.063361,0.422914
16.580320,0.063334,0.422965
16.580303,0.062612,0.423016
16.580282,0.062651,0.423066
16.580261,0.062295,0.423116
16.580246,0.061960,0.423166
16.580227,0.061618,0.423216
16.580210,0.061394,0.423265
16.580193,0.061372,0.423315
16.580173,0.061193,0.423364
16.580158,0.061022,0.423413
16.580139,0.061018,0.423463
16.580120,0.060906,0.423512
16.580105,0.060911,0.423561
16.580086,0.060910,0.423610
16.580067,0.060912,0.423659
16.580051,0.060845,0.423708
16.580032,0.060908,0.423757
16.580017,0.060917,0.423806
16.579998,0.061036,0.423856
16.579979,0.061037,0.423905
16.579960,0.061235,0.423954
16.579941,0.061242,0.424004
16.579926,0.061249,0.424053
16.579905,0.061378,0.424103
16.579887,0.061427,0.424152
16.579870,0.061509,0.424202
16.579849,0.061700,0.424251
16.579832,0.061701,0.424301
16.579811,0.061822,0.424351
16.579792,0.061895,0.424401
16.579773,0.062008,0.424451
16.579754,0.062020,0.424501
16.579735,0.062145,0.424551
16.579716,0.062257,0.424601
16.579695,0.062332,0.424652
16.579676,0.062332,0.424702
16.579655,0.062344,0.424752
16.579638,0.062395,0.424802
16.579615,0.062444,0.424853
16.579594,0.062518,0.424903
16.579576,0.062531,0.424954
16.579556,0.062631,0.425004
16.579535,0.062694,0.425055
16.579517,0.062644,0.425105
16.579496,0.062707,0.425156
16.579475,0.062768,0.425206
16.579456,0.062768,0.425257
16.579437,0.062817,0.425308
16.579414,0.062877,0.425358
16.579391,0.062890,0.425409
16.579372,0.062951,0.425460
16.579353,0.062938,0.425511
16.579330,0.062938,0.425561
16.579311,0.063048,0.425612
16.579292,0.062998,0.425663
16.579273,0.062995,0.425714
16.579250,0.063045,0.425765
16.579231,0.063045,0.425816
16.579212,0.062981,0.425866
16.579189,0.063042,0.425917
16.579166,0.063042,0.425968
16.579147,0.063042,0.426019
16.579128,0.063039,0.426070
16.579105,0.063039,0.426121
16.579086,0.063100,0.426171
16.579067,0.063100,0.426222
16.579048,0.063037,0.426273
16.579025,0.063087,0.426324
16.579006,0.062986,0.426375
16.578983,0.063036,0.426426
16.578964,0.063034,0.426477
16.578945,0.062983,0.426527
16.578922,0.062970,0.426578
16.578903,0.063032,0.426629
16.578880,0.063032,0.426680
16.578861,0.063032,0.426731
16.578842,0.062970,0.426781
16.578823,0.062970,0.426832
16.578800,0.062907,0.426883
16.578781,0.062980,0.426934
16.578758,0.062980,0.426984
16.578739,0.062968,0.427035
16.578720,0.062930,0.427086
16.578701,0.062992,0.427127
16.578686,0.062929,0.427167
16.578667,0.062979,0.427218
16.578648,0.062929,0.427269
16.578625,0.062917,0.427320
16.578606,0.062967,0.427370
16.578583,0.062916,0.427421
16.578564,0.062940,0.427472
16.578545,0.062866,0.427523
16.578522,0.062990,0.427573
16.578503,0.062928,0.427624
16.578484,0.062928,0.427675
16.578461,0.062866,0.427726
16.578442,0.062943,0.427776
16.578423,0.062880,0.427827
16.578403,0.062916,0.427878
16.578360,0.069517,0.427934
16.578331,0.069369,0.427990
16.578300,0.069752,0.428046
16.578274,0.069720,0.428102
16.578247,0.068744,0.428158
16.578220,0.068099,0.428213
16.578197,0.067240,0.428267
16.578169,0.067309,0.428321
16.578148,0.066815,0.428375
16.578123,0.066360,0.428429
16.578098,0.065887,0.428482
16.578079,0.065009,0.428534
16.578056,0.064978,0.428586
16.578033,0.064648,0.428639
16.578012,0.064300,0.428690
16.577991,0.063923,0.428742
16.577969,0.063692,0.428793
16.577950,0.063245,0.428844
16.577930,0.063057,0.428895
16.577911,0.062829,0.428946
16.577890,0.062680,0.428996
16.577871,0.062474,0.429047
16.577852,0.062199,0.429097
16.577835,0.062025,0.429147
16.577816,0.062055,0.429197
16.577797,0.061967,0.429247
16.577778,0.061726,0.429297
16.577757,0.061716,0.429347
16.577740,0.061707,0.429396
16.577721,0.061651,0.429446
16.577703,0.061688,0.429496
16.577684,0.061686,0.429545
16.577669,0.061679,0.429585
16.577654,0.061678,0.429625
16.577635,0.061621,0.429675
16.577618,0.061638,0.429724
16.577597,0.061708,0.429774
16.577579,0.061825,0.429824
16.577560,0.061894,0.429874
16.577541,0.061928,0.429924
16.577522,0.062019,0.429974
16.577503,0.062206,0.430024
16.577482,0.062188,0.430074
16.577465,0.062220,0.430124
16.577442,0.062317,0.430175
16.577423,0.062463,0.430225
16.577404,0.062576,0.430276
16.577383,0.062576,0.430326
16.577364,0.062726,0.430377
16.577345,0.062780,0.430427
16.577324,0.062706,0.430478
16.577301,0.062810,0.430528
16.577282,0.062925,0.430579
16.577263,0.063043,0.430630
16.577244,0.063047,0.430681
16.577221,0.063091,0.430732
16.577198,0.063095,0.430783
16.577179,0.063212,0.430834
16.577160,0.063205,0.430885
16.577137,0.063262,0.430936
16.577116,0.063327,0.430987
16.577095,0.063392,0.431038
16.577076,0.063385,0.431089
16.577055,0.063390,0.431140
16.577032,0.063401,0.431191
16.577011,0.063443,0.431242
16.576990,0.063459,0.431293
16.576969,0.063449,0.431345
16.576950,0.063449,0.431396
16.576929,0.063567,0.431447
16.576906,0.063465,0.431498
16.576885,0.063518,0.431549
16.576862,0.063518,0.431601
16.576841,0.063528,0.431652
16.576822,0.063594,0.431703
16.576801,0.063528,0.431754
16.576780,0.063528,0.431806
16.576759,0.063577,0.431857
16.576736,0.063565,0.431908
16.576715,0.063587,0.431960
16.576696,0.063539,0.432011
16.576675,0.063587,0.432062
16.576654,0.063582,0.432113
16.576633,0.063522,0.432165
16.576612,0.063517,0.432216
16.576588,0.063464,0.432267
16.576567,0.063565,0.432318
16.576548,0.063452,0.432369
16.576527,0.063501,0.432421
16.576506,0.063459,0.432472
16.576485,0.063405,0.432523
16.576464,0.063454,0.432574
16.576443,0.063513,0.432625
16.576424,0.063490,0.432676
16.576401,0.063449,0.432728
16.576380,0.063373,0.432779
16.576359,0.063381,0.432830
16.576338,0.063399,0.432881
16.576324,0.063399,0.432912
16.576309,0.063365,0.432953
16.576290,0.063301,0.433004
16.576267,0.063350,0.433055
16.576246,0.063320,0.433106
16.576227,0.063316,0.433157
16.576206,0.063568,0.433208
16.576185,0.063515,0.433259
16.576162,0.063523,0.433311
16.576138,0.063738,0.433362
16.576118,0.063685,0.433413
16.576096,0.063947,0.433465
16.576077,0.063894,0.433516
16.576054,0.064316,0.433568
16.576031,0.064232,0.433620
16.576010,0.064241,0.433672
16.575985,0.065016,0.433724
16.575962,0.064972,0.433777
16.575935,0.066019,0.433830
16.575911,0.066225,0.433883
16.575886,0.066201,0.433937
16.575855,0.067709,0.433991
16.575806,0.075887,0.434052
16.575760,0.077902,0.434115
16.575722,0.077838,0.434178
16.575712,0.068442,0.434233
16.575720,0.057519,0.434280
16.575689,0.062701,0.434330
16.575661,0.065630,0.434383
16.575619,0.071111,0.434440
16.575592,0.070094,0.434497
16.575565,0.069120,0.434553
16.575539,0.068360,0.434608
16.575516,0.067011,0.434662
16.575493,0.066594,0.434716
16.575470,0.066102,0.434769
16.575447,0.065791,0.434822
16.575424,0.065381,0.434875
16.575399,0.065267,0.434927
16.575378,0.064818,0.434980
16.575357,0.064468,0.435032
16.575336,0.064021,0.435083
16.575319,0.063558,0.435134
16.575298,0.063281,0.435185
16.575279,0.062833,0.435236
16.575258,0.062372,0.435286
16.575241,0.062120,0.435337
16.575222,0.061900,0.435386
16.575205,0.061553,0.435436
16.575186,0.061349,0.435486
16.575169,0.061112,0.435535
16.575153,0.060960,0.435584
16.575136,0.060779,0.435633
16.575119,0.060667,0.435682
16.575102,0.060488,0.435731
16.575085,0.060427,0.435780
16.575068,0.060419,0.435828
16.575052,0.060418,0.435877
16.575033,0.060416,0.435926
16.575016,0.060481,0.435974
16.574999,0.060471,0.436023
16.574984,0.060577,0.436072
16.574966,0.060525,0.436121
16.574949,0.060650,0.436170
16.574932,0.060707,0.436219
16.574913,0.060775,0.436268
16.574894,0.060882,0.436317
16.574879,0.060953,0.436356
16.574863,0.061131,0.436406
16.574844,0.061198,0.436455
16.574829,0.061315,0.436504
16.574808,0.061385,0.436554
16.574791,0.061495,0.436603
16.574770,0.061526,0.436653
16.574753,0.061597,0.436703
16.574736,0.061659,0.436752
16.574717,0.061782,0.436802
16.574696,0.061833,0.436852
16.574677,0.061944,0.436902
16.574657,0.062018,0.436952
16.574638,0.062092,0.437002
16.574619,0.062104,0.437052
16.574600,0.062167,0.437102
16.574581,0.062218,0.437153
16.574562,0.062281,0.437203
16.574541,0.062404,0.437253
16.574522,0.062467,0.437303
16.574503,0.062480,0.437354
16.574484,0.062470,0.437404
16.574463,0.062520,0.437455
16.574442,0.062593,0.437505
16.574423,0.062604,0.437556
16.574402,0.062593,0.437606
16.574383,0.062693,0.437657
16.574360,0.062768,0.437707
16.574341,0.062768,0.437758
16.574322,0.062766,0.437808
16.574303,0.062817,0.437859
16.574280,0.062877,0.437910
16.574261,0.062777,0.437960
16.574242,0.062890,0.438011
16.574226,0.062938,0.438052
16.574203,0.062938,0.438103
16.574184,0.062938,0.438153
16.574165,0.062934,0.438204
16.574142,0.062998,0.438255
16.574123,0.062921,0.438306
16.574104,0.062982,0.438356
16.574081,0.062982,0.438407
16.574062,0.063032,0.438458
16.574043,0.062931,0.438509
16.574024,0.062992,0.438560
16.574001,0.062929,0.438610
16.573982,0.062929,0.438661
16.573963,0.063029,0.438712
16.573940,0.063039,0.438763
16.573921,0.062987,0.438814
16.573898,0.063037,0.438864
16.573883,0.062963,0.438915
16.573860,0.062974,0.438966
16.573837,0.063037,0.439017
16.573818,0.062986,0.439068
16.573799,0.063035,0.439118
16.573776,0.062935,0.439169
16.573757,0.062984,0.439220
16.573738,0.063033,0.439271
16.573719,0.062970,0.439322
16.573696,0.062908,0.439372
16.573677,0.062932,0.439423
16.573654,0.062932,0.439474
16.573635,0.062931,0.439525
16.573616,0.062981,0.439575
16.573597,0.062919,0.439626
16.573578,0.062943,0.439677
16.573555,0.062930,0.439728
16.573536,0.063017,0.439778
16.573513,0.062954,0.439829
16.573494,0.062942,0.439880
16.573475,0.062879,0.439931
16.573452,0.062930,0.439981
16.573433,0.062942,0.440032
16.573414,0.062929,0.440083
16.573391,0.062981,0.440134
16.573372,0.063017,0.440185
16.573353,0.062981,0.440235
16.573334,0.063234,0.440286
16.573311,0.063335,0.440337
16.573288,0.063593,0.440389
16.573267,0.063473,0.440440
16.573246,0.064124,0.440492
16.573202,0.070417,0.440548
16.573170,0.070654,0.440605
16.573143,0.071004,0.440663
16.573112,0.070446,0.440719
16.573086,0.069667,0.440776
16.573059,0.068828,0.440831
16.573032,0.068261,0.440886
16.573006,0.067805,0.440941
16.572981,0.067250,0.440995
16.572956,0.066725,0.441049
16.572933,0.066039,0.441102
16.572914,0.065255,0.441155
16.572891,0.064883,0.441207
16.572870,0.064342,0.441259
16.572849,0.063734,0.441310
16.572830,0.063489,0.441362
16.572815,0.063502,0.441403
16.572796,0.062896,0.441453
16.572775,0.062579,0.441504
16.572756,0.062256,0.441554
16.572735,0.062059,0.441604
16.572720,0.061814,0.441654
16.572701,0.061676,0.441704
16.572683,0.061529,0.441753
16.572664,0.061313,0.441803
16.572647,0.061303,0.441852
16.572628,0.061258,0.441902
16.572613,0.061128,0.441951
16.572594,0.061115,0.442000
16.572575,0.061026,0.442049
16.572559,0.061030,0.442089
16.572544,0.061040,0.442138
16.572525,0.061040,0.442187
16.572510,0.060976,0.442236
16.572491,0.061128,0.442286
16.572472,0.061186,0.442335
16.572454,0.061321,0.442384
16.572435,0.061324,0.442434
16.572418,0.061469,0.442483
16.572399,0.061528,0.442533
16.572382,0.061494,0.442583
16.572363,0.061564,0.442632
16.572344,0.061687,0.442682
16.572323,0.061789,0.442732
16.572304,0.061917,0.442782
16.572285,0.061964,0.442832
16.572266,0.062009,0.442882
16.572247,0.062267,0.442932
16.572227,0.062366,0.442982
16.572208,0.062418,0.443033
16.572187,0.062344,0.443083
16.572168,0.062447,0.443133
16.572149,0.062548,0.443184
16.572128,0.062662,0.443234
16.572109,0.062707,0.443285
16.572090,0.062825,0.443335
16.572067,0.062877,0.443386
16.572048,0.062944,0.443437
16.572029,0.063048,0.443488
16.572006,0.062988,0.443539
16.571983,0.063044,0.443589
16.571964,0.063049,0.443640
16.571945,0.063103,0.443691
16.571926,0.063220,0.443742
16.571903,0.063212,0.443793
16.571882,0.063270,0.443844
16.571865,0.063221,0.443895
16.571842,0.063296,0.443946
16.571823,0.063279,0.443997
16.571800,0.063289,0.444048
16.571779,0.063289,0.444099
16.571760,0.063344,0.444150
16.571739,0.063358,0.444201
16.571716,0.063342,0.444253
16.571695,0.063342,0.444304
16.571674,0.063342,0.444355
16.571653,0.063358,0.444406
16.571634,0.063358,0.444457
16.571613,0.063358,0.444508
16.571592,0.063345,0.444559
16.571571,0.063356,0.444610
16.571550,0.063405,0.444661
16.571529,0.063345,0.444712
16.571508,0.063302,0.444763
16.571487,0.063302,0.444814
16.571466,0.063302,0.444865
16.571445,0.063351,0.444917
16.571426,0.063351,0.444968
16.571405,0.063286,0.445019
16.571384,0.063334,0.445070
16.571365,0.063281,0.445121
16.571342,0.063281,0.445172
16.571323,0.063228,0.445223
16.571302,0.063277,0.445274
16.571281,0.063164,0.445325
16.571262,0.063212,0.445376
16.571241,0.063223,0.445427
16.571220,0.063182,0.445478
16.571201,0.063208,0.445529
16.571178,0.063166,0.445580
16.571157,0.063151,0.445631
16.571140,0.063162,0.445681
16.571117,0.063058,0.445732
16.571098,0.063046,0.445783
16.571079,0.063061,0.445834
16.571056,0.063031,0.445885
16.571037,0.062990,0.445936
16.571014,0.062952,0.445986
16.570995,0.062952,0.446037
16.570976,0.062900,0.446088
16.570953,0.062960,0.446139
16.570934,0.062968,0.446189
16.570915,0.062893,0.446240
16.570896,0.062853,0.446291
16.570873,0.062797,0.446342
16.570854,0.062917,0.446392
16.570835,0.062822,0.446443
16.570816,0.062791,0.446494
16.570793,0.062822,0.446544
16.570776,0.062757,0.446595
16.570755,0.062799,0.446645
16.570736,0.062785,0.446696
16.570713,0.062753,0.446747
16.570694,0.062947,0.446797
16.570675,0.063016,0.446848
16.570652,0.063486,0.446899
16.570625,0.064977,0.446952
16.570593,0.068382,0.447007
16.570570,0.067366,0.447061
16.570564,0.059678,0.447109
16.570538,0.063644,0.447161
16.570507,0.066407,0.447214
16.570469,0.071441,0.447272
16.570438,0.070943,0.447329
16.570410,0.070617,0.447386
16.570381,0.069907,0.447443
16.570354,0.069307,0.447498
16.570328,0.068772,0.447554
16.570301,0.068164,0.447609
16.570276,0.067516,0.447663
16.570251,0.066972,0.447717
16.570229,0.066376,0.447771
16.570206,0.065826,0.447824
16.570183,0.065314,0.447877
16.570162,0.064692,0.447929
16.570141,0.064219,0.447981
16.570118,0.063815,0.448032
16.570101,0.063341,0.448083
16.570084,0.063003,0.448134
16.570061,0.062959,0.448185
16.570042,0.062567,0.448235
16.570026,0.062280,0.448285
16.570004,0.061948,0.448335
16.569988,0.061709,0.448385
16.569967,0.061437,0.448435
16.569950,0.061241,0.448484
16.569931,0.061114,0.448533
16.569916,0.060977,0.448582
16.569901,0.060927,0.448632
16.569881,0.060763,0.448681
16.569864,0.060758,0.448730
16.569847,0.060805,0.448779
16.569828,0.060804,0.448828
16.569813,0.060744,0.448877
16.569798,0.060797,0.448926
16.569778,0.060747,0.448975
16.569759,0.060736,0.449024
16.569744,0.060924,0.449073
16.569725,0.060933,0.449122
16.569706,0.061044,0.449171
16.569691,0.060996,0.449220
16.569672,0.061110,0.449270
16.569653,0.061128,0.449319
16.569633,0.061204,0.449368
16.569616,0.061322,0.449418
16.569599,0.061373,0.449467
16.569580,0.061443,0.449517
16.569563,0.061514,0.449566
16.569544,0.061636,0.449616
16.569527,0.061757,0.449666
16.569504,0.061819,0.449716
16.569489,0.061892,0.449766
16.569469,0.062016,0.449816
16.569447,0.061967,0.449866
16.569431,0.062030,0.449916
16.569408,0.062154,0.449966
16.569389,0.062204,0.450016
16.569368,0.062340,0.450066
16.569349,0.062405,0.450117
16.569330,0.062403,0.450167
16.569311,0.062453,0.450217
16.569292,0.062516,0.450268
16.569271,0.062579,0.450318
16.569252,0.062592,0.450369
16.569233,0.062703,0.450419
16.569212,0.062653,0.450470
16.569193,0.062703,0.450520
16.569172,0.062766,0.450571
16.569153,0.062827,0.450622
16.569130,0.062827,0.450672
16.569111,0.062887,0.450723
16.569092,0.062887,0.450774
16.569073,0.062823,0.450824
16.569050,0.062923,0.450875
16.569031,0.062937,0.450926
16.569012,0.062984,0.450977
16.568989,0.063045,0.451028
16.568970,0.063045,0.451078
16.568951,0.062981,0.451129
16.568928,0.063042,0.451180
16.568909,0.063042,0.451231
16.568886,0.062978,0.451282
16.568867,0.063029,0.451332
16.568848,0.063027,0.451383
16.568825,0.063089,0.451434
16.568806,0.063038,0.451485
16.568783,0.063089,0.451536
16.568768,0.063100,0.451587
16.568745,0.063111,0.451638
16.568724,0.063148,0.451689
16.568703,0.063097,0.451739
16.568684,0.063097,0.451790
16.568665,0.063022,0.451841
16.568642,0.063072,0.451892
16.568623,0.063083,0.451943
16.568604,0.063170,0.451994
16.568581,0.063157,0.452045
16.568560,0.063144,0.452096
16.568539,0.063131,0.452147
16.568520,0.063157,0.452198
16.568501,0.063155,0.452248
16.568478,0.063142,0.452299
16.568459,0.063093,0.452350
16.568436,0.063093,0.452401
16.568420,0.063167,0.452452
16.568398,0.063116,0.452503
16.568378,0.063116,0.452554
16.568356,0.063092,0.452605
16.568336,0.063091,0.452656
16.568317,0.063190,0.452707
16.568295,0.063128,0.452758
16.568272,0.063190,0.452808
16.568251,0.063283,0.452859
16.568233,0.063169,0.452910
16.568211,0.063801,0.452962
16.568188,0.063698,0.453013
16.568159,0.066432,0.453067
16.568119,0.070372,0.453124
16.568089,0.071167,0.453181
16.568064,0.069218,0.453237
16.568041,0.068268,0.453292
16.568012,0.068254,0.453347
16.567989,0.067161,0.453401
16.567963,0.067290,0.453455
16.567938,0.066612,0.453509
16.567917,0.066227,0.453562
16.567894,0.065692,0.453615
16.567871,0.065299,0.453668
16.567848,0.064865,0.453720
16.567825,0.064414,0.453772
16.567806,0.064054,0.453824
16.567787,0.063747,0.453875
16.567766,0.063524,0.453927
16.567745,0.063210,0.453978
16.567726,0.062779,0.454028
16.567707,0.062631,0.454079
16.567688,0.062380,0.454129
16.567669,0.062150,0.454179
16.567650,0.062102,0.454229
16.567631,0.061918,0.454279
16.567616,0.061821,0.454329
16.567593,0.061640,0.454379
16.567575,0.061699,0.454429
16.567556,0.061610,0.454478
16.567539,0.061589,0.454528
16.567520,0.061643,0.454578
16.567503,0.061595,0.454627
16.567482,0.061675,0.454677
16.567463,0.061712,0.454727
16.567444,0.061822,0.454777
16.567429,0.061777,0.454826
16.567406,0.061809,0.454876
16.567390,0.061873,0.454926
16.567371,0.061991,0.454976
16.567352,0.061951,0.455026
16.567333,0.062011,0.455076
16.567314,0.062086,0.455126
16.567293,0.062126,0.455176
16.567274,0.062203,0.455226
16.567255,0.062379,0.455277
16.567236,0.062362,0.455327
16.567215,0.062598,0.455378
16.567196,0.062559,0.455428
16.567177,0.062660,0.455479
16.567156,0.062711,0.455529
16.567135,0.062827,0.455580
16.567112,0.062868,0.455631
16.567093,0.062873,0.455681
16.567074,0.062977,0.455732
16.567055,0.063043,0.455783
16.567032,0.063099,0.455834
16.567013,0.063092,0.455885
16.566990,0.063148,0.455936
16.566971,0.063254,0.455987
16.566950,0.063270,0.456038
16.566929,0.063334,0.456089
16.566908,0.063387,0.456140
16.566887,0.063434,0.456191
16.566868,0.063375,0.456242
16.566847,0.063390,0.456293
16.566826,0.063455,0.456344
16.566805,0.063508,0.456396
16.566784,0.063459,0.456447
16.566761,0.063524,0.456498
16.566742,0.063524,0.456549
16.566721,0.063465,0.456600
16.566700,0.063512,0.456652
16.566679,0.063522,0.456703
16.566658,0.063474,0.456754
16.566637,0.063463,0.456805
16.566618,0.063463,0.456856
16.566595,0.063470,0.456908
16.566574,0.063405,0.456959
16.566553,0.063517,0.457010
16.566532,0.063576,0.457061
16.566511,0.063511,0.457112
16.566490,0.063797,0.457164
16.566467,0.063786,0.457215
16.566448,0.063804,0.457267
16.566425,0.063841,0.457318
16.566406,0.063901,0.457370
16.566383,0.063999,0.457421
16.566360,0.063999,0.457473
16.566338,0.064018,0.457525
16.566319,0.064055,0.457576
16.566296,0.064214,0.457628
16.566273,0.064214,0.457680
16.566252,0.064173,0.457732
16.566229,0.064169,0.457783
16.566208,0.064218,0.457835
16.566185,0.064484,0.457887
16.566164,0.064469,0.457939
16.566139,0.064580,0.457991
16.566118,0.064489,0.458043
16.566097,0.064653,0.458095
16.566074,0.064951,0.458148
16.566051,0.064948,0.458200
16.566027,0.065362,0.458253
16.566004,0.065709,0.458306
16.565977,0.065698,0.458359
16.565952,0.065917,0.458412
16.565926,0.066929,0.458466
16.565899,0.067000,0.458520
16.565868,0.069063,0.458576
16.565842,0.069000,0.458631
16.565804,0.071976,0.458689
16.565762,0.075656,0.458750
16.565742,0.069853,0.458807
16.565752,0.057500,0.458853
16.565727,0.061289,0.458903
16.565701,0.064174,0.458954
16.565660,0.070310,0.459011
16.565634,0.069620,0.459067
16.565607,0.068262,0.459122
16.565582,0.067451,0.459177
16.565559,0.066747,0.459230
16.565538,0.065426,0.459283
16.565517,0.064992,0.459336
16.565496,0.064296,0.459387
16.565475,0.063859,0.459439
16.565456,0.063178,0.459490
16.565435,0.063147,0.459541
16.565418,0.062709,0.459591
16.565399,0.062046,0.459641
16.565380,0.061705,0.459691
16.565365,0.061431,0.459741
16.565350,0.060845,0.459790
16.565331,0.060854,0.459839
16.565313,0.060620,0.459888
16.565298,0.060440,0.459937
16.565281,0.060075,0.459985
16.565266,0.059996,0.460033
16.565250,0.059853,0.460082
16.565235,0.059783,0.460130
16.565220,0.059734,0.460178
16.565203,0.059727,0.460226
16.565186,0.059762,0.460274
16.565170,0.059869,0.460323
16.565155,0.059933,0.460371
16.565136,0.059933,0.460419
16.565121,0.059983,0.460468
16.565105,0.060104,0.460516
16.565086,0.060222,0.460565
16.565071,0.060267,0.460613
16.565052,0.060387,0.460662
16.565037,0.060497,0.460711
16.565018,0.060620,0.460760
16.564999,0.060732,0.460809
16.564983,0.060906,0.460858
16.564964,0.061034,0.460907
16.564947,0.061162,0.460956
16.564930,0.061342,0.461006
16.564911,0.061460,0.461055
16.564894,0.061572,0.461105
16.564873,0.061644,0.461155
16.564854,0.061766,0.461205
16.564835,0.061901,0.461255
16.564816,0.062024,0.461305
16.564796,0.062149,0.461355
16.564777,0.062311,0.461405
16.564758,0.062323,0.461455
16.564739,0.062386,0.461505
16.564718,0.062512,0.461556
16.564699,0.062576,0.461606
16.564678,0.062685,0.461657
16.564659,0.062749,0.461707
16.564640,0.062812,0.461758
16.564617,0.062863,0.461809
16.564598,0.062987,0.461860
16.564579,0.062937,0.461910
16.564560,0.063050,0.461961
16.564537,0.063050,0.462012
16.564518,0.063097,0.462063
16.564495,0.063161,0.462114
16.564476,0.063161,0.462165
16.564455,0.063273,0.462216
16.564434,0.063222,0.462267
16.564413,0.063222,0.462318
16.564392,0.063336,0.462369
16.564373,0.063259,0.462420
16.564352,0.063319,0.462471
16.564331,0.063320,0.462522
16.564310,0.063318,0.462573
16.564289,0.063318,0.462624
16.564270,0.063379,0.462675
16.564249,0.063380,0.462726
16.564228,0.063378,0.462777
16.564207,0.063325,0.462829
16.564186,0.063426,0.462880
16.564165,0.063375,0.462931
16.564144,0.063375,0.462982
16.564123,0.063373,0.463033
16.564102,0.063424,0.463084
16.564081,0.063411,0.463135
16.564060,0.063360,0.463186
16.564041,0.063360,0.463237
16.564020,0.063384,0.463289
16.563999,0.063371,0.463340
16.563978,0.063308,0.463391
16.563957,0.063358,0.463442
16.563938,0.063358,0.463493
16.563917,0.063370,0.463544
16.563896,0.063369,0.463595
16.563875,0.063345,0.463646
16.563854,0.063294,0.463697
16.563835,0.063306,0.463748
16.563814,0.063306,0.463799
16.563793,0.063356,0.463850
16.563772,0.063293,0.463902
16.563751,0.063282,0.463953
16.563732,0.063281,0.464004
16.563711,0.063292,0.464055
16.563690,0.063281,0.464106
16.563667,0.063236,0.464157
16.563648,0.063257,0.464208
16.563627,0.063174,0.464259
16.563606,0.062981,0.464309
16.563587,0.062965,0.464360
16.563555,0.067188,0.464414
16.563530,0.066924,0.464468
16.563484,0.073220,0.464527
16.563446,0.074792,0.464588
16.563414,0.073559,0.464647
16.563381,0.072405,0.464705
16.563353,0.071420,0.464763
16.563326,0.070305,0.464820
16.563301,0.069450,0.464876
16.563274,0.068651,0.464931
16.563251,0.068035,0.464986
16.563225,0.067198,0.465040
16.563206,0.065511,0.465093
16.563183,0.064891,0.465145
16.563164,0.064204,0.465197
16.563141,0.063886,0.465249
16.563126,0.062868,0.465299
16.563105,0.062626,0.465350
16.563087,0.062083,0.465400
16.563068,0.061892,0.465450
16.563051,0.061453,0.465499
16.563038,0.060683,0.465548
16.563019,0.060481,0.465597
16.563004,0.060486,0.465646
16.562986,0.060319,0.465694
16.562971,0.060303,0.465743
16.562950,0.060230,0.465792
16.562935,0.060379,0.465840
16.562918,0.060297,0.465889
16.562902,0.060355,0.465938
16.562883,0.060422,0.465986
16.562868,0.060407,0.466035
16.562851,0.060636,0.466084
16.562834,0.060766,0.466133
16.562817,0.060834,0.466182
16.562798,0.060968,0.466231
16.562778,0.061021,0.466280
16.562761,0.061172,0.466330
16.562742,0.061251,0.466379
16.562725,0.061346,0.466429
16.562708,0.061512,0.466478
16.562689,0.061684,0.466528
16.562672,0.061779,0.466578
16.562653,0.061929,0.466628
16.562630,0.061992,0.466678
16.562614,0.062210,0.466728
16.562592,0.062252,0.466778
16.562574,0.062378,0.466828
16.562553,0.062444,0.466879
16.562534,0.062553,0.466929
16.562515,0.062617,0.466980
16.562492,0.062732,0.467030
16.562473,0.062801,0.467081
16.562454,0.062858,0.467132
16.562435,0.062870,0.467182
16.562412,0.062876,0.467233
16.562393,0.062987,0.467284
16.562374,0.062993,0.467335
16.562351,0.063057,0.467386
16.562332,0.063057,0.467436
16.562313,0.063110,0.467487
16.562294,0.063057,0.467538
16.562271,0.063116,0.467589
16.562252,0.063116,0.467640
16.562229,0.063169,0.467691
16.562210,0.063176,0.467742
16.562195,0.063116,0.467783
16.562172,0.063116,0.467833
16.562153,0.063163,0.467884
16.562134,0.063111,0.467935
16.562111,0.063170,0.467986
16.562092,0.063113,0.468037
16.562073,0.063113,0.468088
16.562054,0.063048,0.468139
16.562031,0.063108,0.468190
16.562012,0.063092,0.468241
16.561989,0.063152,0.468292
16.561970,0.063077,0.468342
16.561951,0.063024,0.468393
16.561928,0.063031,0.468444
16.561909,0.062990,0.468495
16.561890,0.063027,0.468546
16.561871,0.062960,0.468597
16.561848,0.063020,0.468647
16.561829,0.063017,0.468698
16.561810,0.062890,0.468749
16.561787,0.063000,0.468800
16.561768,0.062888,0.468850
16.561749,0.062833,0.468901
16.561729,0.062844,0.468952
16.561707,0.062868,0.469002
16.561687,0.062868,0.469053
16.561668,0.062866,0.469104
16.561649,0.062799,0.469154
16.561626,0.062797,0.469205
16.561607,0.062775,0.469256
16.561588,0.062806,0.469306
16.561569,0.062794,0.469357
16.561546,0.062793,0.469408
16.561527,0.062914,0.469458
16.561493,0.067021,0.469512
16.561470,0.066958,0.469566
16.561440,0.068727,0.469622
16.561441,0.059394,0.469670
16.561401,0.066443,0.469723
16.561361,0.071114,0.469781
16.561335,0.070415,0.469837
16.561306,0.069573,0.469894
16.561277,0.069043,0.469949
16.561255,0.068444,0.470004
16.561230,0.067953,0.470059
16.561203,0.067513,0.470114
16.561180,0.066955,0.470168
16.561157,0.065872,0.470221
16.561134,0.065391,0.470274
16.561115,0.064820,0.470326
16.561092,0.064362,0.470378
16.561073,0.063908,0.470429
16.561054,0.063155,0.470480
16.561035,0.062797,0.470531
16.561016,0.062400,0.470581
16.560997,0.062166,0.470631
16.560978,0.061869,0.470681
16.560963,0.061632,0.470731
16.560944,0.061395,0.470780
16.560928,0.061242,0.470830
16.560909,0.061055,0.470879
16.560890,0.061039,0.470928
16.560875,0.060975,0.470977
16.560856,0.060982,0.471027
16.560841,0.060923,0.471076
16.560822,0.060870,0.471125
16.560802,0.060873,0.471174
16.560787,0.061052,0.471223
16.560768,0.061107,0.471272
16.560749,0.061166,0.471322
16.560732,0.061237,0.471371
16.560713,0.061472,0.471421
16.560696,0.061487,0.471470
16.560677,0.061557,0.471520
16.560658,0.061686,0.471570
16.560638,0.061809,0.471620
16.560619,0.061932,0.471669
16.560600,0.062004,0.471720
16.560581,0.062017,0.471770
16.560562,0.062140,0.471820
16.560541,0.062266,0.471870
16.560524,0.062390,0.471920
16.560503,0.062392,0.471970
16.560484,0.062504,0.472021
16.560465,0.062580,0.472071
16.560444,0.062580,0.472122
16.560425,0.062580,0.472172
16.560406,0.062644,0.472223
16.560383,0.062768,0.472273
16.560364,0.062768,0.472324
16.560345,0.062817,0.472375
16.560326,0.062817,0.472425
16.560303,0.062828,0.472476
16.560284,0.062877,0.472527
16.560265,0.062877,0.472577
16.560246,0.062890,0.472628
16.560223,0.062864,0.472679
16.560204,0.062888,0.472729
16.560184,0.062938,0.472780
16.560162,0.062938,0.472831
16.560143,0.062998,0.472882
16.560123,0.062998,0.472933
16.560104,0.062933,0.472983
16.560081,0.062931,0.473034
16.560062,0.062982,0.473085
16.560043,0.062919,0.473136
16.560024,0.062867,0.473186
16.560005,0.062929,0.473237
16.559986,0.062865,0.473288
16.559963,0.062926,0.473339
16.559944,0.062876,0.473389
16.559925,0.062876,0.473440
16.559906,0.062874,0.473491
16.559883,0.062861,0.473541
16.559864,0.062811,0.473592
16.559845,0.062860,0.473643
16.559826,0.062858,0.473693
16.559803,0.062858,0.473744
16.559784,0.062858,0.473795
16.559765,0.062858,0.473845
16.559742,0.062808,0.473896
16.559723,0.062807,0.473947
16.559704,0.062869,0.473997
16.559685,0.062807,0.474048
16.559662,0.062756,0.474099
16.559643,0.062805,0.474149
16.559624,0.062805,0.474200
16.559605,0.062855,0.474251
16.559582,0.062829,0.474301
16.559563,0.062841,0.474352
16.559544,0.062829,0.474403
16.559525,0.062840,0.474453
16.559502,0.062927,0.474504
16.559483,0.062933,0.474555
16.559464,0.063251,0.474606
16.559441,0.063167,0.474657
16.559401,0.069517,0.474713
16.559368,0.070758,0.474770
16.559341,0.069412,0.474826
16.559317,0.068405,0.474881
16.559292,0.067885,0.474936
16.559265,0.067392,0.474990
16.559246,0.066419,0.475044
16.559219,0.065908,0.475097
16.559198,0.065484,0.475150
16.559177,0.064997,0.475202
16.559156,0.064637,0.475254
16.559134,0.064244,0.475306
16.559113,0.063904,0.475358
16.559093,0.063254,0.475409
16.559074,0.062941,0.475459
16.559055,0.062747,0.475510
16.559036,0.062526,0.475560
16.559017,0.062344,0.475611
16.558998,0.061988,0.475661
16.558983,0.061918,0.475711
16.558960,0.061870,0.475761
16.558945,0.061691,0.475810
16.558926,0.061553,0.475860
16.558908,0.061478,0.475910
16.558889,0.061615,0.475959
16.558872,0.061495,0.476009
16.558853,0.061511,0.476058
16.558836,0.061550,0.476108
16.558815,0.061725,0.476158
16.558798,0.061715,0.476208
16.558777,0.061835,0.476257
16.558762,0.061983,0.476307
16.558739,0.062069,0.476357
16.558723,0.062117,0.476408
16.558701,0.062207,0.476458
16.558681,0.062416,0.476508
16.558662,0.062401,0.476558
16.558643,0.062549,0.476609
16.558620,0.062727,0.476659
16.558601,0.062769,0.476710
16.558582,0.062871,0.476761
16.558563,0.062916,0.476811
16.558540,0.062983,0.476862
16.558521,0.063027,0.476913
16.558502,0.063031,0.476964
16.558479,0.063164,0.477015
16.558458,0.063146,0.477066
16.558439,0.063273,0.477117
16.558418,0.063320,0.477168
16.558397,0.063385,0.477219
16.558376,0.063401,0.477270
16.558355,0.063342,0.477321
16.558334,0.063407,0.477372
16.558315,0.063400,0.477424
16.558294,0.063400,0.477475
16.558273,0.063400,0.477526
16.558252,0.063341,0.477577
16.558231,0.063406,0.477628
16.558210,0.063358,0.477679
16.558189,0.063404,0.477730
16.558168,0.063414,0.477781
16.558147,0.063414,0.477833
16.558126,0.063362,0.477884
16.558105,0.063362,0.477935
16.558086,0.063362,0.477986
16.558067,0.063362,0.478037
16.558046,0.063297,0.478088
16.558025,0.063291,0.478139
16.558004,0.063344,0.478190
16.557985,0.063275,0.478241
16.557964,0.063226,0.478292
16.557943,0.063244,0.478343
16.557922,0.063239,0.478394
16.557903,0.063239,0.478445
16.557882,0.063148,0.478496
16.557861,0.063096,0.478547
16.557842,0.063107,0.478598
16.557819,0.063114,0.478649
16.557802,0.063088,0.478700
16.557781,0.063088,0.478750
16.557762,0.063042,0.478801
16.557739,0.062978,0.478852
16.557720,0.062964,0.478903
16.557701,0.062960,0.478954
16.557678,0.062972,0.479004
16.557663,0.062856,0.479055
16.557640,0.063003,0.479106
16.557621,0.063104,0.479157
16.557598,0.063011,0.479208
16.557579,0.063121,0.479259
16.557558,0.063121,0.479309
16.557537,0.063309,0.479361
16.557516,0.063552,0.479412
16.557495,0.063500,0.479463
16.557474,0.063530,0.479514
16.557453,0.063602,0.479566
16.557430,0.064471,0.479618
16.557405,0.064602,0.479670
16.557381,0.065232,0.479722
16.557354,0.066935,0.479776
16.557306,0.074187,0.479836
16.557289,0.068616,0.479891
16.557285,0.060906,0.479941
16.557272,0.060447,0.479989
16.557232,0.066775,0.480043
16.557194,0.071854,0.480101
16.557167,0.070029,0.480158
16.557140,0.068930,0.480213
16.557114,0.067931,0.480268
16.557095,0.067136,0.480322
16.557068,0.066567,0.480376
16.557045,0.065650,0.480429
16.557026,0.065152,0.480481
16.557005,0.064572,0.480533
16.556984,0.064041,0.480585
16.556961,0.063690,0.480636
16.556946,0.062895,0.480687
16.556927,0.062485,0.480737
16.556908,0.062183,0.480788
16.556889,0.061912,0.480837
16.556871,0.061351,0.480887
16.556858,0.061109,0.480936
16.556839,0.060973,0.480985
16.556820,0.060799,0.481034
16.556808,0.060798,0.481074
16.556789,0.060734,0.481123
16.556774,0.060623,0.481171
16.556757,0.060557,0.481220
16.556742,0.060546,0.481269
16.556723,0.060541,0.481318
16.556705,0.060540,0.481367
16.556690,0.060541,0.481416
16.556671,0.060593,0.481464
16.556656,0.060705,0.481513
16.556637,0.060826,0.481562
16.556622,0.060835,0.481612
16.556602,0.060959,0.481661
16.556583,0.061073,0.481710
16.556564,0.061264,0.481759
16.556547,0.061384,0.481809
16.556530,0.061454,0.481858
16.556511,0.061685,0.481908
16.556492,0.061807,0.481958
16.556473,0.061930,0.482008
16.556454,0.061992,0.482058
16.556435,0.062138,0.482108
16.556414,0.062312,0.482158
16.556396,0.062315,0.482209
16.556376,0.062501,0.482259
16.556355,0.062513,0.482309
16.556337,0.062614,0.482360
16.556316,0.062690,0.482410
16.556293,0.062813,0.482461
16.556278,0.062813,0.482512
16.556255,0.062867,0.482562
16.556236,0.062978,0.482613
16.556213,0.063004,0.482664
16.556194,0.063051,0.482715
16.556175,0.063102,0.482766
16.556152,0.063152,0.482817
16.556131,0.063101,0.482868
16.556114,0.063112,0.482918
16.556091,0.063212,0.482969
16.556072,0.063223,0.483020
16.556049,0.063273,0.483071
16.556028,0.063220,0.483122
16.556009,0.063270,0.483173
16.555988,0.063206,0.483224
16.555967,0.063267,0.483275
16.555946,0.063267,0.483326
16.555925,0.063264,0.483378
16.555908,0.063252,0.483429
16.555885,0.063314,0.483480
16.555866,0.063251,0.483531
16.555845,0.063262,0.483582
16.555824,0.063199,0.483633
16.555805,0.063248,0.483684
16.555784,0.063259,0.483735
16.555763,0.063259,0.483786
16.555744,0.063184,0.483837
16.555725,0.063234,0.483888
16.555704,0.063234,0.483939
16.555683,0.063194,0.483990
16.555662,0.063194,0.484041
16.555641,0.063181,0.484091
16.555622,0.063170,0.484142
16.555603,0.063232,0.484193
16.555580,0.063158,0.484244
16.555559,0.063169,0.484295
16.555542,0.063145,0.484346
16.555519,0.063123,0.484397
16.555500,0.063033,0.484448
16.555477,0.062949,0.484499
16.555458,0.062972,0.484549
16.555439,0.062835,0.484600
16.555420,0.062831,0.484651
16.555397,0.063194,0.484702
16.555355,0.069920,0.484758
16.555325,0.070936,0.484815
16.555298,0.069963,0.484872
16.555271,0.068799,0.484927
16.555244,0.068341,0.484982
16.555222,0.067682,0.485037
16.555197,0.066644,0.485091
16.555172,0.066165,0.485144
16.555151,0.065432,0.485197
16.555130,0.065114,0.485249
16.555111,0.064555,0.485301
16.555088,0.064236,0.485353
16.555069,0.063493,0.485404
16.555048,0.063251,0.485455
16.555031,0.063017,0.485506
16.555012,0.062650,0.485557
16.554991,0.062321,0.485607
16.554974,0.062210,0.485657
16.554955,0.061989,0.485707
16.554935,0.061818,0.485757
16.554916,0.061736,0.485807
16.554899,0.061628,0.485857
16.554882,0.061617,0.485906
16.554863,0.061540,0.485956
16.554846,0.061520,0.486005
16.554829,0.061586,0.486055
16.554806,0.061696,0.486105
16.554798,0.061696,0.486135
16.554779,0.061716,0.486184
16.554760,0.061720,0.486234
16.554741,0.061735,0.486284
16.554722,0.061810,0.486334
16.554707,0.061850,0.486384
16.554684,0.061944,0.486434
16.554665,0.062048,0.486484
16.554647,0.062205,0.486534
16.554626,0.062303,0.486584
16.554609,0.062289,0.486634
16.554588,0.062390,0.486685
16.554567,0.062378,0.486735
16.554550,0.062431,0.486785
16.554529,0.062496,0.486836
16.554508,0.062662,0.486886
16.554489,0.062728,0.486937
16.554470,0.062720,0.486987
16.554447,0.062900,0.487038
16.554432,0.062904,0.487089
16.554409,0.062908,0.487140
16.554390,0.062955,0.487190
16.554367,0.063031,0.487241
16.554348,0.063024,0.487292
16.554329,0.063036,0.487343
16.554306,0.063104,0.487394
16.554287,0.063045,0.487445
16.554268,0.063110,0.487496
16.554249,0.063175,0.487547
16.554230,0.063175,0.487597
16.554207,0.063175,0.487648
16.554188,0.063126,0.487699
16.554169,0.063185,0.487750
16.554146,0.063185,0.487801
16.554125,0.063120,0.487852
16.554104,0.063120,0.487903
16.554085,0.063185,0.487954
16.554066,0.063120,0.488005
16.554043,0.063104,0.488056
16.554024,0.063115,0.488107
16.554005,0.063073,0.488158
16.553982,0.063073,0.488209
16.553963,0.063057,0.488259
16.553944,0.063053,0.488310
16.553925,0.063000,0.488361
16.553902,0.063048,0.488412
16.553883,0.062995,0.488463
16.553860,0.063043,0.488513
16.553841,0.062927,0.488564
16.553822,0.062998,0.488615
16.553802,0.062982,0.488666
16.553780,0.062930,0.488717
16.553761,0.062926,0.488767
16.553741,0.062863,0.488818
16.553722,0.062860,0.488869
16.553703,0.062857,0.488919
16.553684,0.062853,0.488970
16.553661,0.062853,0.489021
16.553642,0.062862,0.489072
16.553623,0.062798,0.489122
16.553604,0.062796,0.489173
16.553581,0.062833,0.489223
16.553562,0.062842,0.489274
16.553543,0.062851,0.489325
16.553520,0.062837,0.489376
16.553501,0.062886,0.489426
16.553482,0.062835,0.489477
16.553463,0.062835,0.489528
16.553440,0.062894,0.489578
16.553421,0.062950,0.489629
16.553402,0.062959,0.489680
16.553383,0.062968,0.489731
16.553360,0.062928,0.489781
16.553341,0.063039,0.489832
16.553320,0.063621,0.489884
16.553299,0.063658,0.489935
16.553276,0.064463,0.489987
16.553240,0.068495,0.490042
16.553261,0.053586,0.490085
16.553249,0.054458,0.490129
16.553215,0.062222,0.490179
16.553173,0.069098,0.490235
16.553139,0.071038,0.490292
16.553110,0.070593,0.490349
16.553082,0.070028,0.490406
16.553055,0.069638,0.490462
16.553028,0.069054,0.490518
16.553001,0.068377,0.490573
16.552979,0.067795,0.490627
16.552954,0.066543,0.490681
16.552933,0.065972,0.490734
16.552910,0.065349,0.490787
16.552887,0.064889,0.490839
16.552868,0.064334,0.490891
16.552849,0.063459,0.490942
16.552830,0.063003,0.490993
16.552809,0.062607,0.491044
16.552792,0.062329,0.491094
16.552771,0.062105,0.491144
16.552753,0.061762,0.491194
16.552736,0.061372,0.491243
16.552719,0.061253,0.491293
16.552700,0.061141,0.491342
16.552685,0.061025,0.491391
16.552670,0.061019,0.491441
16.552650,0.060903,0.491490
16.552635,0.060885,0.491539
16.552616,0.060935,0.491588
16.552597,0.060937,0.491637
16.552582,0.060994,0.491686
16.552567,0.061106,0.491735
16.552546,0.061114,0.491785
16.552528,0.061218,0.491834
16.552509,0.061344,0.491884
16.552492,0.061410,0.491933
16.552473,0.061476,0.491983
16.552452,0.061705,0.492033
16.552435,0.061763,0.492082
16.552418,0.061773,0.492132
16.552399,0.061905,0.492182
16.552380,0.062028,0.492232
16.552359,0.062141,0.492282
16.552340,0.062253,0.492332
16.552320,0.062278,0.492383
16.552299,0.062341,0.492433
16.552282,0.062393,0.492483
16.552261,0.062629,0.492534
16.552240,0.062655,0.492584
16.552223,0.062645,0.492635
16.552200,0.062808,0.492685
16.552181,0.062808,0.492736
16.552162,0.062808,0.492787
16.552139,0.062869,0.492837
16.552120,0.062883,0.492888
16.552101,0.062872,0.492939
16.552082,0.062933,0.492990
16.552063,0.062996,0.493040
16.552040,0.062996,0.493091
16.552021,0.062983,0.493142
16.552002,0.062994,0.493193
16.551979,0.062994,0.493244
16.551960,0.063007,0.493294
16.551941,0.063044,0.493345
16.551922,0.063091,0.493396
16.551899,0.063042,0.493447
16.551880,0.062978,0.493498
16.551857,0.063028,0.493549
16.551838,0.063039,0.493600
16.551819,0.062976,0.493650
16.551796,0.062976,0.493701
16.551777,0.062976,0.493752
16.551758,0.062974,0.493803
16.551739,0.063036,0.493853
16.551720,0.062986,0.493904
16.551701,0.063024,0.493955
16.551678,0.063024,0.494006
16.551659,0.062972,0.494057
16.551636,0.062972,0.494107
16.551620,0.062972,0.494158
16.551598,0.062959,0.494209
16.551579,0.062898,0.494260
16.551556,0.062920,0.494310
16.551537,0.062971,0.494361
16.551517,0.062958,0.494412
16.551495,0.062946,0.494463
16.551476,0.062957,0.494514
16.551456,0.062883,0.494564
16.551437,0.062872,0.494615
16.551414,0.062922,0.494666
16.551395,0.062922,0.494717
16.551376,0.062933,0.494767
16.551357,0.062835,0.494818
16.551338,0.062726,0.494869
16.551319,0.062675,0.494919
16.551296,0.063572,0.494970
16.551258,0.068338,0.495025
16.551216,0.072870,0.495084
16.551188,0.071089,0.495142
16.551161,0.070181,0.495198
16.551136,0.069345,0.495254
16.551109,0.068601,0.495309
16.551086,0.067772,0.495364
16.551060,0.067078,0.495418
16.551037,0.066480,0.495472
16.551018,0.064841,0.495524
16.550997,0.064530,0.495576
16.550976,0.064080,0.495628
16.550953,0.063714,0.495679
16.550938,0.063030,0.495730
16.550919,0.062821,0.495781
16.550900,0.062545,0.495831
16.550880,0.062242,0.495881
16.550861,0.061951,0.495931
16.550842,0.061779,0.495981
16.550827,0.061611,0.496031
16.550808,0.061535,0.496080
16.550791,0.061347,0.496130
16.550772,0.061272,0.496179
16.550755,0.061193,0.496229
16.550739,0.061207,0.496278
16.550720,0.061207,0.496327
16.550701,0.061200,0.496377
16.550682,0.061306,0.496426
16.550665,0.061369,0.496476
16.550646,0.061347,0.496525
16.550629,0.061437,0.496575
16.550610,0.061592,0.496624
16.550592,0.061541,0.496674
16.550571,0.061735,0.496724
16.550552,0.061729,0.496773
16.550537,0.061855,0.496823
16.550518,0.062013,0.496873
16.550495,0.062059,0.496923
16.550478,0.062172,0.496973
16.550457,0.062283,0.497024
16.550440,0.062385,0.497074
16.550421,0.062488,0.497124
16.550400,0.062481,0.497175
16.550383,0.062546,0.497225
16.550362,0.062661,0.497276
16.550339,0.062780,0.497326
16.550320,0.062844,0.497377
16.550301,0.062852,0.497428
16.550282,0.062857,0.497479
16.550259,0.063022,0.497529
16.550240,0.063031,0.497580
16.550220,0.063092,0.497631
16.550198,0.063085,0.497682
16.550179,0.063100,0.497733
16.550159,0.063165,0.497784
16.550137,0.063165,0.497835
16.550116,0.063279,0.497886
16.550095,0.063331,0.497937
16.550076,0.063282,0.497988
16.550056,0.063230,0.498039
16.550035,0.063342,0.498090
16.550014,0.063289,0.498141
16.549994,0.063282,0.498192
16.549973,0.063342,0.498243
16.549953,0.063300,0.498294
16.549932,0.063300,0.498345
16.549911,0.063284,0.498396
16.549891,0.063284,0.498447
16.549870,0.063354,0.498498
16.549850,0.063289,0.498549
16.549831,0.063214,0.498600
16.549809,0.063273,0.498651
16.549788,0.063292,0.498702
16.549768,0.063216,0.498753
16.549749,0.063265,0.498804
16.549728,0.063212,0.498855
16.549707,0.063271,0.498906
16.549686,0.063204,0.498957
16.549667,0.063140,0.499008
16.549646,0.063200,0.499059
16.549625,0.063148,0.499110
16.549606,0.063084,0.499161
16.549583,0.063133,0.499212
16.549564,0.063118,0.499263
16.549545,0.063138,0.499314
16.549522,0.063023,0.499365
16.549503,0.063072,0.499415
16.549488,0.063058,0.499466
16.549465,0.063069,0.499517
16.549446,0.063003,0.499568
16.549423,0.063003,0.499619
16.549404,0.063041,0.499670
16.549383,0.063354,0.499721
16.549362,0.063363,0.499772
16.549339,0.063600,0.499823
16.549316,0.063621,0.499874
16.549294,0.064627,0.499927
16.549267,0.065996,0.499980
16.549244,0.066042,0.500033
16.549200,0.072133,0.500091
16.549213,0.058413,0.500138
16.549210,0.055604,0.500183
16.549175,0.061943,0.500233
16.549139,0.068204,0.500288
16.549097,0.072586,0.500347
16.549068,0.071490,0.500404
16.549038,0.071200,0.500462
16.549009,0.070543,0.500519
16.548983,0.069492,0.500575
16.548960,0.068344,0.500630
16.548931,0.067816,0.500684
16.548908,0.067022,0.500739
16.548885,0.066186,0.500792
16.548864,0.065606,0.500845
16.548843,0.065108,0.500897
16.548824,0.064204,0.500949
16.548803,0.063697,0.501000
16.548782,0.063302,0.501051
16.548763,0.062871,0.501102
16.548746,0.062583,0.501153
16.548725,0.062287,0.501203
16.548710,0.062014,0.501253
16.548691,0.061640,0.501303
16.548674,0.061506,0.501352
16.548655,0.061332,0.501402
16.548637,0.061213,0.501451
16.548618,0.061038,0.501500
16.548603,0.061017,0.501550
16.548588,0.060999,0.501599
16.548569,0.060940,0.501648
16.548550,0.060881,0.501697
16.548534,0.060992,0.501746
16.548515,0.061153,0.501795
16.548496,0.061171,0.501845
16.548479,0.061219,0.501894
16.548462,0.061401,0.501944
16.548445,0.061455,0.501993
16.548426,0.061569,0.502043
16.548409,0.061627,0.502093
16.548389,0.061713,0.502142
16.548370,0.061834,0.502192
16.548351,0.061933,0.502242
16.548332,0.062116,0.502292
16.548311,0.062139,0.502342
16.548292,0.062313,0.502393
16.548273,0.062314,0.502443
16.548254,0.062539,0.502493
16.548233,0.062564,0.502544
16.548214,0.062629,0.502594
16.548195,0.062740,0.502645
16.548172,0.062742,0.502695
16.548153,0.062806,0.502746
16.548134,0.062869,0.502797
16.548115,0.062919,0.502848
16.548096,0.062982,0.502898
16.548080,0.062969,0.502929
16.548061,0.063033,0.502980
16.548042,0.063046,0.503030
16.548023,0.063097,0.503081
16.548000,0.063107,0.503132
16.547979,0.063158,0.503183
16.547960,0.063158,0.503234
16.547939,0.063171,0.503285
16.547918,0.063158,0.503336
16.547897,0.063206,0.503387
16.547878,0.063195,0.503438
16.547859,0.063219,0.503489
16.547836,0.063219,0.503540
16.547815,0.063206,0.503591
16.547794,0.063206,0.503642
16.547775,0.063203,0.503693
16.547756,0.063216,0.503744
16.547735,0.063203,0.503795
16.547714,0.063140,0.503846
16.547697,0.063201,0.503897
16.547676,0.063151,0.503948
16.547657,0.063088,0.503998
16.547634,0.063125,0.504049
16.547615,0.063088,0.504100
16.547594,0.063149,0.504151
16.547573,0.063086,0.504202
16.547554,0.063074,0.504253
16.547531,0.063011,0.504304
16.547512,0.063024,0.504355
16.547493,0.063024,0.504405
16.547474,0.063010,0.504456
16.547455,0.062948,0.504507
16.547436,0.062998,0.504558
16.547413,0.063010,0.504609
16.547394,0.062970,0.504659
16.547375,0.062959,0.504710
16.547352,0.062851,0.504761
16.547333,0.062912,0.504812
16.547314,0.062869,0.504862
16.547295,0.062890,0.504913
16.547272,0.062745,0.504964
16.547253,0.062787,0.505014
16.547237,0.062577,0.505065
16.547216,0.062666,0.505115
16.547195,0.062886,0.505166
16.547153,0.069337,0.505222
16.547121,0.070654,0.505279
16.547092,0.069762,0.505335
16.547066,0.068799,0.505391
16.547045,0.068162,0.505446
16.547020,0.067505,0.505500
16.546993,0.066899,0.505554
16.546970,0.066295,0.505608
16.546947,0.065909,0.505661
16.546926,0.065415,0.505713
16.546906,0.064566,0.505766
16.546886,0.064197,0.505817
16.546867,0.063850,0.505869
16.546846,0.063498,0.505920
16.546825,0.063178,0.505971
16.546806,0.062936,0.506022
16.546787,0.062626,0.506072
16.546768,0.062262,0.506122
16.546747,0.062286,0.506173
16.546730,0.061906,0.506223
16.546711,0.061808,0.506272
16.546696,0.061692,0.506322
16.546675,0.061649,0.506372
16.546658,0.061464,0.506422
16.546640,0.061311,0.506471
16.546621,0.061389,0.506521
16.546604,0.061223,0.506570
16.546587,0.061281,0.506619
16.546570,0.061365,0.506669
16.546551,0.061369,0.506718
16.546534,0.061433,0.506768
16.546515,0.061484,0.506817
16.546497,0.061507,0.506867
16.546480,0.061656,0.506917
16.546459,0.061790,0.506967
16.546440,0.061831,0.507016
16.546421,0.061865,0.507066
16.546402,0.062020,0.507116
16.546383,0.062060,0.507166
16.546364,0.062159,0.507217
16.546345,0.062321,0.507267
16.546326,0.062432,0.507317
16.546305,0.062485,0.507367
16.546288,0.062590,0.507418
16.546268,0.062592,0.507468
16.546246,0.062710,0.507519
16.546227,0.062825,0.507570
16.546207,0.062829,0.507620
16.546188,0.062833,0.507671
16.546165,0.063002,0.507722
16.546146,0.062953,0.507773
16.546127,0.063081,0.507823
16.546104,0.063086,0.507874
16.546083,0.063193,0.507925
16.546066,0.063134,0.507976
16.546043,0.063144,0.508027
16.546024,0.063208,0.508078
16.546003,0.063172,0.508129
16.545984,0.063224,0.508180
16.545963,0.063214,0.508231
16.545942,0.063214,0.508282
16.545921,0.063289,0.508333
16.545902,0.063176,0.508384
16.545881,0.063289,0.508435
16.545860,0.063224,0.508486
16.545839,0.063224,0.508537
16.545818,0.063235,0.508588
16.545799,0.063235,0.508639
16.545780,0.063284,0.508690
16.545759,0.063229,0.508741
16.545738,0.063229,0.508792
16.545719,0.063177,0.508843
16.545700,0.063161,0.508894
16.545679,0.063221,0.508945
16.545658,0.063167,0.508996
16.545637,0.063167,0.509047
16.545616,0.063092,0.509098
16.545597,0.063152,0.509148
16.545578,0.063084,0.509199
16.545559,0.063095,0.509250
16.545536,0.063054,0.509301
16.545517,0.063080,0.509352
16.545496,0.063088,0.509403
16.545475,0.063024,0.509454
16.545456,0.062983,0.509504
16.545437,0.063092,0.509555
16.545418,0.063017,0.509606
16.545395,0.062962,0.509657
16.545376,0.062962,0.509708
16.545357,0.062959,0.509759
16.545338,0.062948,0.509809
16.545315,0.062957,0.509860
16.545296,0.062902,0.509911
16.545277,0.062902,0.509962
16.545258,0.063163,0.510013
16.545235,0.063374,0.510064
16.545214,0.063496,0.510115
16.545189,0.063999,0.510166
16.545164,0.065241,0.510219
16.545135,0.067207,0.510273
16.545078,0.077300,0.510336
16.545113,0.054750,0.510380
16.545107,0.053544,0.510423
16.545082,0.059000,0.510470
16.545036,0.068901,0.510526
16.544998,0.071915,0.510584
16.544968,0.071076,0.510641
16.544943,0.070144,0.510698
16.544916,0.069290,0.510754
16.544888,0.068686,0.510809
16.544865,0.067787,0.510864
16.544840,0.067147,0.510918
16.544815,0.066603,0.510972
16.544796,0.065458,0.511024
16.544773,0.065456,0.511077
16.544752,0.064377,0.511129
16.544731,0.063881,0.511181
16.544712,0.063456,0.511232
16.544693,0.062693,0.511282
16.544676,0.062296,0.511333
16.544659,0.062093,0.511383
16.544640,0.061812,0.511433
16.544621,0.061377,0.511482
16.544603,0.061351,0.511531
16.544586,0.061028,0.511581
16.544571,0.061003,0.511630
16.544556,0.060941,0.511679
16.544537,0.060822,0.511728
16.544518,0.060819,0.511777
16.544502,0.060801,0.511826
16.544483,0.060857,0.511875
16.544468,0.060904,0.511924
16.544449,0.060960,0.511974
16.544430,0.061021,0.512023
16.544415,0.061131,0.512072
16.544395,0.061185,0.512121
16.544376,0.061356,0.512171
16.544359,0.061470,0.512221
16.544340,0.061538,0.512270
16.544323,0.061656,0.512320
16.544304,0.061783,0.512370
16.544289,0.061843,0.512420
16.544266,0.062015,0.512470
16.544247,0.062076,0.512520
16.544228,0.062188,0.512570
16.544209,0.062212,0.512620
16.544189,0.062336,0.512670
16.544170,0.062399,0.512721
16.544149,0.062501,0.512771
16.544130,0.062626,0.512821
16.544111,0.062629,0.512872
16.544090,0.062692,0.512922
16.544071,0.062806,0.512973
16.544048,0.062819,0.513024
16.544033,0.062869,0.513075
16.544010,0.062869,0.513125
16.543991,0.062933,0.513176
16.543972,0.063033,0.513227
16.543949,0.063033,0.513278
16.543930,0.063033,0.513328
16.543911,0.063057,0.513379
16.543888,0.063107,0.513430
16.543869,0.063094,0.513481
16.543848,0.063158,0.513532
16.543831,0.063094,0.513583
16.543810,0.063105,0.513634
16.543789,0.063155,0.513685
16.543770,0.063092,0.513736
16.543751,0.063105,0.513787
16.543728,0.063105,0.513838
16.543707,0.063142,0.513888
16.543686,0.063153,0.513939
16.543667,0.063114,0.513990
16.543646,0.063090,0.514041
16.543629,0.063090,0.514092
16.543606,0.063151,0.514143
16.543585,0.063151,0.514194
16.543566,0.063151,0.514245
16.543545,0.063088,0.514296
16.543526,0.063188,0.514347
16.543505,0.063075,0.514397
16.543488,0.063075,0.514448
16.543465,0.063137,0.514499
16.543444,0.063086,0.514550
16.543423,0.063086,0.514601
16.543407,0.063086,0.514652
16.543385,0.063062,0.514703
16.543364,0.063135,0.514754
16.543343,0.063035,0.514804
16.543324,0.063023,0.514855
16.543303,0.063023,0.514906
16.543282,0.063111,0.514957
16.543262,0.062987,0.515008
16.543243,0.063048,0.515059
16.543224,0.063036,0.515110
16.543205,0.062911,0.515160
16.543182,0.062859,0.515211
16.543163,0.062950,0.515262
16.543144,0.062868,0.515312
16.543125,0.062839,0.515363
16.543102,0.062838,0.515414
16.543066,0.068152,0.515469
16.543028,0.071567,0.515526
16.542999,0.071164,0.515584
16.542969,0.070695,0.515641
16.542942,0.070087,0.515697
16.542915,0.069426,0.515753
16.542889,0.068639,0.515809
16.542866,0.067939,0.515863
16.542841,0.067291,0.515918
16.542820,0.065970,0.515971
16.542793,0.065892,0.516024
16.542774,0.064725,0.516076
16.542753,0.064253,0.516128
16.542736,0.063757,0.516180
16.542717,0.063222,0.516231
16.542698,0.062955,0.516281
16.542677,0.062519,0.516332
16.542660,0.062106,0.516382
16.542641,0.061848,0.516432
16.542625,0.061738,0.516481
16.542604,0.061490,0.516531
16.542587,0.061407,0.516581
16.542568,0.061340,0.516630
16.542553,0.061171,0.516679
16.542538,0.061221,0.516729
16.542519,0.061100,0.516778
16.542503,0.061125,0.516827
16.542482,0.061136,0.516877
16.542465,0.061111,0.516926
16.542448,0.061275,0.516975
16.542429,0.061292,0.517025
16.542412,0.061283,0.517074
16.542393,0.061352,0.517124
16.542376,0.061376,0.517173
16.542355,0.061683,0.517223
16.542339,0.061676,0.517273
16.542316,0.061777,0.517322
16.542301,0.061841,0.517372
16.542282,0.061938,0.517422
16.542263,0.062107,0.517472
16.542244,0.062208,0.517523
16.542223,0.062270,0.517573
16.542206,0.062372,0.517623
16.542185,0.062487,0.517673
16.542168,0.062552,0.517724
16.542147,0.062595,0.517774
16.542126,0.062661,0.517825
16.542103,0.062717,0.517875
16.542088,0.062785,0.517926
16.542068,0.062778,0.517977
16.542046,0.062842,0.518027
16.542027,0.062906,0.518078
16.542007,0.062963,0.518129
16.541988,0.063027,0.518180
16.541965,0.063032,0.518231
16.541946,0.063048,0.518281
16.541925,0.063048,0.518332
16.541904,0.063048,0.518383
16.541885,0.063165,0.518434
16.541866,0.063165,0.518485
16.541845,0.063165,0.518536
16.541824,0.063165,0.518587
16.541805,0.063165,0.518638
16.541782,0.063165,0.518689
16.541763,0.063123,0.518740
16.541742,0.063235,0.518791
16.541721,0.063235,0.518842
16.541700,0.063182,0.518893
16.541683,0.063170,0.518944
16.541662,0.063229,0.518995
16.541641,0.063278,0.519046
16.541620,0.063161,0.519097
16.541599,0.063184,0.519148
16.541580,0.063172,0.519199
16.541561,0.063167,0.519250
16.541540,0.063216,0.519301
16.541519,0.063111,0.519351
16.541502,0.063159,0.519402
16.541481,0.063084,0.519453
16.541462,0.063095,0.519504
16.541439,0.063092,0.519555
16.541418,0.063099,0.519606
16.541399,0.063107,0.519657
16.541378,0.063092,0.519708
16.541359,0.063081,0.519759
16.541336,0.063026,0.519809
16.541321,0.063037,0.519860
16.541302,0.063023,0.519911
16.541279,0.063072,0.519962
16.541260,0.063020,0.520013
16.541241,0.063017,0.520064
16.541218,0.063026,0.520115
16.541197,0.063127,0.520165
16.541176,0.063327,0.520217
16.541157,0.063338,0.520268
16.541138,0.063409,0.520319
16.541117,0.063519,0.520370
16.541092,0.064610,0.520422
16.541067,0.065515,0.520475
16.541042,0.065473,0.520528
16.540993,0.073895,0.520587
16.541016,0.055586,0.520632
16.540993,0.059487,0.520680
16.540960,0.065210,0.520733
16.540905,0.074870,0.520793
16.540874,0.072865,0.520852
16.540846,0.072067,0.520910
16.540819,0.071291,0.520967
16.540791,0.070748,0.521024
16.540764,0.069099,0.521080
16.540735,0.069107,0.521136
16.540714,0.067089,0.521190
16.540691,0.066545,0.521244
16.540672,0.065070,0.521296
16.540649,0.065092,0.521349
16.540630,0.064346,0.521401
16.540611,0.063399,0.521452
16.540592,0.063027,0.521503
16.540573,0.062596,0.521553
16.540558,0.062023,0.521603
16.540535,0.061976,0.521653
16.540520,0.061483,0.521703
16.540501,0.061208,0.521752
16.540485,0.061092,0.521801
16.540470,0.060910,0.521850
16.540459,0.060910,0.521880
16.540443,0.060731,0.521929
16.540424,0.060738,0.521978
16.540409,0.060732,0.522027
16.540392,0.060719,0.522076
16.540371,0.060759,0.522125
16.540356,0.060862,0.522174
16.540340,0.060865,0.522223
16.540321,0.060909,0.522272
16.540302,0.061075,0.522321
16.540283,0.061151,0.522371
16.540266,0.061256,0.522420
16.540251,0.061480,0.522470
16.540230,0.061546,0.522519
16.540215,0.061674,0.522569
16.540192,0.061843,0.522619
16.540176,0.061904,0.522669
16.540157,0.062015,0.522719
16.540134,0.062089,0.522769
16.540117,0.062213,0.522819
16.540096,0.062437,0.522869
16.540077,0.062439,0.522920
16.540060,0.062441,0.522970
16.540041,0.062529,0.523021
16.540022,0.062629,0.523071
16.540001,0.062742,0.523122
16.539978,0.062745,0.523172
16.539959,0.062808,0.523223
16.539940,0.062808,0.523274
16.539921,0.062933,0.523324
16.539898,0.062872,0.523375
16.539883,0.063000,0.523426
16.539864,0.062936,0.523477
16.539841,0.062997,0.523527
16.539822,0.062997,0.523578
16.539803,0.063097,0.523629
16.539780,0.063097,0.523680
16.539761,0.063048,0.523731
16.539738,0.063161,0.523782
16.539719,0.063172,0.523833
16.539700,0.063172,0.523884
16.539680,0.063095,0.523935
16.539658,0.063207,0.523986
16.539637,0.063146,0.524036
16.539619,0.063156,0.524087
16.539598,0.063143,0.524138
16.539577,0.063143,0.524189
16.539557,0.063204,0.524240
16.539539,0.063153,0.524291
16.539518,0.063204,0.524342
16.539497,0.063091,0.524393
16.539478,0.063028,0.524444
16.539455,0.063141,0.524495
16.539436,0.063040,0.524546
16.539415,0.063089,0.524596
16.539394,0.063089,0.524647
16.539375,0.063014,0.524698
16.539358,0.063088,0.524749
16.539337,0.063025,0.524800
16.539318,0.063025,0.524851
16.539295,0.062975,0.524902
16.539276,0.063001,0.524952
16.539257,0.062962,0.525003
16.539234,0.062899,0.525054
16.539215,0.062977,0.525105
16.539200,0.062864,0.525155
16.539177,0.062864,0.525206
16.539158,0.062863,0.525257
16.539139,0.062802,0.525307
16.539120,0.062852,0.525358
16.539097,0.062963,0.525409
16.539074,0.063890,0.525460
16.539051,0.064765,0.525513
16.539009,0.071082,0.525570
16.538967,0.073655,0.525629
16.538940,0.072727,0.525688
16.538912,0.071271,0.525746
16.538883,0.070124,0.525802
16.538862,0.068264,0.525857
16.538837,0.067327,0.525911
16.538815,0.066731,0.525965
16.538792,0.065607,0.526018
16.538771,0.065160,0.526071
16.538750,0.064364,0.526123
16.538731,0.063826,0.526174
16.538710,0.063287,0.526225
16.538692,0.062787,0.526276
16.538673,0.062530,0.526326
16.538654,0.062026,0.526376
16.538639,0.061836,0.526426
16.538620,0.061602,0.526476
16.538603,0.061416,0.526525
16.538586,0.061277,0.526575
16.538567,0.061234,0.526624
16.538551,0.061123,0.526673
16.538530,0.061025,0.526723
16.538517,0.060985,0.526772
16.538498,0.060889,0.526821
16.538479,0.060885,0.526870
16.538464,0.060990,0.526919
16.538445,0.060960,0.526968
16.538429,0.061026,0.527018
16.538414,0.061081,0.527067
16.538395,0.061098,0.527116
16.538376,0.061177,0.527166
16.538359,0.061183,0.527215
16.538340,0.061305,0.527264
16.538322,0.061561,0.527314
16.538303,0.061538,0.527364
16.538286,0.061580,0.527413
16.538265,0.061675,0.527463
16.538250,0.061719,0.527513
16.538231,0.061938,0.527563
16.538212,0.062098,0.527613
16.538191,0.062159,0.527663
16.538174,0.062209,0.527713
16.538153,0.062300,0.527763
16.538134,0.062413,0.527814
16.538113,0.062592,0.527864
16.538094,0.062658,0.527915
16.538074,0.062714,0.527965
16.538055,0.062769,0.528016
16.538036,0.062837,0.528067
16.538013,0.062965,0.528117
16.537994,0.063019,0.528168
16.537973,0.063086,0.528219
16.537952,0.063092,0.528270
16.537933,0.063092,0.528321
16.537914,0.063146,0.528372
16.537895,0.063198,0.528423
16.537874,0.063221,0.528474
16.537853,0.063338,0.528525
16.537832,0.063273,0.528576
16.537809,0.063338,0.528627
16.537790,0.063279,0.528678
16.537769,0.063348,0.528729
16.537750,0.063338,0.528780
16.537729,0.063338,0.528831
16.537708,0.063348,0.528882
16.537687,0.063408,0.528933
16.537668,0.063408,0.528984
16.537647,0.063343,0.529036
16.537626,0.063343,0.529087
16.537605,0.063402,0.529138
16.537586,0.063338,0.529189
16.537567,0.063397,0.529240
16.537546,0.063333,0.529291
16.537525,0.063340,0.529342
16.537504,0.063276,0.529393
16.537483,0.063325,0.529444
16.537464,0.063320,0.529495
16.537445,0.063331,0.529546
16.537424,0.063264,0.529597
16.537403,0.063313,0.529649
16.537382,0.063261,0.529700
16.537363,0.063208,0.529751
16.537342,0.063246,0.529802
16.537321,0.063193,0.529853
16.537300,0.063251,0.529904
16.537281,0.063199,0.529954
16.537262,0.063147,0.530005
16.537241,0.063196,0.530056
16.537220,0.063407,0.530107
16.537199,0.063642,0.530159
16.537174,0.063590,0.530210
16.537155,0.063689,0.530261
16.537136,0.063988,0.530313
16.537113,0.064368,0.530365
16.537090,0.064541,0.530417
16.537067,0.064958,0.530469
16.537041,0.065907,0.530523
16.537014,0.066551,0.530576
16.536983,0.069038,0.530632
16.536955,0.068996,0.530688
16.536884,0.082275,0.530754
16.536926,0.055237,0.530798
16.536911,0.057265,0.530845
16.536882,0.061499,0.530894
16.536835,0.071597,0.530952
16.536797,0.073161,0.531011
16.536768,0.071959,0.531069
16.536739,0.071689,0.531127
16.536711,0.070091,0.531183
16.536690,0.068826,0.531239
16.536663,0.068033,0.531294
16.536638,0.067066,0.531348
16.536617,0.066465,0.531401
16.536594,0.065695,0.531454
16.536575,0.064008,0.531506
16.536556,0.063308,0.531557
16.536537,0.062884,0.531608
16.536520,0.062044,0.531658
16.536503,0.061693,0.531708
16.536488,0.061447,0.531757
16.536469,0.061170,0.531806
16.536453,0.060773,0.531855
16.536438,0.060676,0.531904
16.536419,0.060510,0.531953
16.536404,0.060392,0.532002
16.536386,0.060344,0.532050
16.536371,0.060218,0.532099
16.536356,0.060257,0.532148
16.536339,0.060195,0.532196
16.536324,0.060192,0.532245
16.536306,0.060340,0.532293
16.536291,0.060337,0.532342
16.536272,0.060391,0.532391
16.536257,0.060494,0.532439
16.536240,0.060714,0.532488
16.536221,0.060764,0.532537
16.536205,0.060766,0.532586
16.536194,0.060873,0.532616
16.536175,0.061042,0.532665
16.536160,0.061047,0.532714
16.536140,0.061272,0.532764
16.536123,0.061395,0.532813
16.536104,0.061445,0.532863
16.536085,0.061572,0.532912
16.536068,0.061632,0.532962
16.536049,0.061804,0.533012
16.536030,0.061988,0.533062
16.536011,0.062100,0.533112
16.535992,0.062212,0.533162
16.535971,0.062288,0.533212
16.535954,0.062451,0.533263
16.535933,0.062526,0.533313
16.535913,0.062578,0.533364
16.535896,0.062642,0.533414
16.535873,0.062755,0.533465
16.535854,0.062695,0.533515
16.535835,0.062819,0.533566
16.535816,0.062882,0.533617
16.535793,0.062822,0.533667
16.535774,0.062885,0.533718
16.535755,0.062933,0.533769
16.535736,0.062983,0.533820
16.535717,0.062983,0.533870
16.535698,0.062997,0.533921
16.535675,0.062983,0.533972
16.535656,0.062984,0.534023
16.535633,0.063048,0.534074
16.535618,0.063048,0.534124
16.535595,0.063095,0.534175
16.535576,0.063032,0.534226
16.535555,0.063032,0.534277
16.535538,0.063032,0.534328
16.535515,0.063042,0.534379
16.535494,0.063043,0.534430
16.535475,0.063092,0.534481
16.535458,0.063029,0.534531
16.535435,0.062979,0.534582
16.535416,0.062979,0.534633
16.535397,0.062977,0.534684
16.535378,0.062916,0.534734
16.535355,0.062953,0.534785
16.535336,0.062853,0.534836
16.535316,0.062914,0.534887
16.535297,0.062914,0.534937
16.535278,0.062914,0.534988
16.535255,0.062840,0.535039
16.535236,0.062951,0.535089
16.535217,0.062889,0.535140
16.535194,0.062889,0.535191
16.535179,0.062888,0.535242
16.535160,0.062826,0.535292
16.535137,0.062752,0.535343
16.535118,0.062741,0.535394
16.535099,0.062791,0.535444
16.535080,0.062719,0.535495
16.535059,0.062625,0.535545
16.535042,0.062658,0.535596
16.535023,0.062580,0.535646
16.535002,0.062537,0.535697
16.534981,0.062776,0.535747
16.534946,0.067200,0.535802
16.534916,0.068574,0.535857
16.534897,0.067653,0.535911
16.534866,0.068730,0.535967
16.534836,0.069007,0.536022
16.534817,0.068839,0.536067
16.534788,0.068431,0.536122
16.534763,0.067614,0.536177
16.534740,0.066853,0.536231
16.534716,0.066356,0.536284
16.534695,0.065771,0.536337
16.534672,0.065248,0.536390
16.534653,0.064835,0.536442
16.534632,0.064482,0.536494
16.534611,0.064139,0.536546
16.534588,0.063590,0.536597
16.534569,0.063361,0.536648
16.534554,0.062946,0.536699
16.534531,0.062682,0.536749
16.534513,0.062465,0.536800
16.534496,0.062332,0.536850
16.534477,0.062074,0.536900
16.534458,0.061882,0.536950
16.534439,0.061737,0.537000
16.534424,0.061639,0.537049
16.534405,0.061570,0.537099
16.534388,0.061404,0.537149
16.534370,0.061425,0.537198
16.534353,0.061374,0.537248
16.534334,0.061481,0.537297
16.534317,0.061403,0.537347
16.534296,0.061391,0.537396
16.534279,0.061476,0.537446
16.534260,0.061463,0.537495
16.534241,0.061559,0.537545
16.534222,0.061649,0.537595
16.534206,0.061688,0.537645
16.534187,0.061763,0.537694
16.534168,0.061880,0.537744
16.534149,0.061864,0.537794
16.534134,0.061982,0.537844
16.534111,0.062028,0.537894
16.534094,0.062127,0.537944
16.534073,0.062176,0.537995
16.534056,0.062338,0.538045
16.534037,0.062402,0.538095
16.534018,0.062456,0.538145
16.533998,0.062519,0.538196
16.533978,0.062633,0.538246
16.533958,0.062751,0.538297
16.533936,0.062818,0.538348
16.533920,0.062881,0.538398
16.533897,0.062938,0.538449
16.533878,0.062943,0.538500
16.533859,0.063007,0.538551
16.533840,0.062948,0.538601
16.533817,0.063076,0.538652
16.533796,0.063151,0.538703
16.533779,0.063151,0.538754
16.533758,0.063203,0.538805
16.533737,0.063208,0.538856
16.533718,0.063156,0.538907
16.533695,0.063208,0.538958
16.533676,0.063280,0.539009
16.533655,0.063280,0.539060
16.533636,0.063221,0.539111
16.533615,0.063280,0.539162
16.533594,0.063291,0.539213
16.533575,0.063339,0.539264
16.533554,0.063226,0.539315
16.533533,0.063275,0.539366
16.533514,0.063275,0.539417
16.533493,0.063334,0.539468
16.533474,0.063329,0.539519
16.533453,0.063280,0.539570
16.533432,0.063329,0.539621
16.533411,0.063272,0.539672
16.533390,0.063374,0.539723
16.533373,0.063257,0.539774
16.533352,0.063328,0.539826
16.533331,0.063212,0.539877
16.533310,0.063201,0.539927
16.533291,0.063186,0.539978
16.533270,0.063197,0.540029
16.533251,0.063141,0.540080
16.533230,0.063202,0.540131
16.533209,0.063135,0.540182
16.533190,0.063185,0.540233
16.533169,0.063132,0.540284
16.533150,0.063181,0.540335
16.533127,0.063167,0.540386
16.533110,0.063127,0.540437
16.533089,0.063062,0.540488
16.533070,0.063036,0.540539
16.533051,0.063036,0.540589
16.533031,0.062996,0.540640
16.533009,0.062972,0.540691
16.532990,0.062981,0.540742
16.532970,0.062854,0.540792
16.532951,0.062781,0.540843
16.532932,0.062817,0.540894
16.532909,0.062748,0.540944
16.532917,0.055056,0.540989
16.532909,0.054267,0.541032
16.532883,0.059928,0.541081
16.532845,0.066234,0.541134
16.532803,0.072443,0.541193
16.532770,0.071964,0.541251
16.532742,0.071586,0.541308
16.532713,0.071271,0.541366
16.532684,0.070748,0.541423
16.532654,0.070296,0.541480
16.532627,0.069230,0.541535
16.532604,0.068533,0.541591
16.532578,0.067903,0.541645
16.532553,0.067302,0.541700
16.532528,0.066750,0.541754
16.532509,0.065494,0.541806
16.532490,0.065043,0.541859
16.532467,0.064556,0.541911
16.532448,0.063610,0.541962
16.532427,0.063210,0.542013
16.532406,0.062866,0.542064
16.532393,0.062496,0.542114
16.532372,0.062271,0.542165
16.532356,0.061982,0.542215
16.532337,0.061577,0.542264
16.532318,0.061513,0.542314
16.532301,0.061347,0.542363
16.532284,0.061223,0.542413
16.532265,0.061208,0.542462
16.532249,0.061206,0.542511
16.532232,0.061140,0.542561
16.532213,0.061190,0.542610
16.532196,0.061131,0.542659
16.532177,0.061237,0.542709
16.532160,0.061296,0.542758
16.532143,0.061357,0.542808
16.532124,0.061420,0.542857
16.532108,0.061533,0.542907
16.532089,0.061699,0.542957
16.532070,0.061697,0.543006
16.532051,0.061814,0.543056
16.532032,0.061833,0.543106
16.532013,0.061904,0.543156
16.531994,0.061965,0.543206
16.531977,0.062026,0.543256
16.531958,0.062089,0.543306
16.531939,0.062264,0.543356
16.531919,0.062275,0.543406
16.531900,0.062390,0.543457
16.531881,0.062453,0.543507
16.531860,0.062566,0.543558
16.531843,0.062518,0.543608
16.531824,0.062631,0.543658
16.531803,0.062695,0.543709
16.531784,0.062759,0.543760
16.531761,0.062822,0.543810
16.531742,0.062808,0.543861
16.531723,0.062825,0.543912
16.531704,0.062886,0.543962
16.531685,0.062886,0.544013
16.531662,0.062873,0.544064
16.531643,0.062886,0.544115
16.531624,0.062997,0.544165
16.531605,0.062884,0.544216
16.531586,0.062933,0.544267
16.531567,0.062984,0.544318
16.531544,0.063045,0.544368
16.531525,0.062931,0.544419
16.531506,0.062931,0.544470
16.531487,0.063045,0.544521
16.531464,0.062931,0.544571
16.531445,0.062931,0.544622
16.531425,0.062979,0.544673
16.531406,0.062979,0.544724
16.531387,0.062979,0.544774
16.531364,0.062979,0.544825
16.531343,0.062979,0.544876
16.531326,0.062977,0.544927
16.531307,0.062977,0.544978
16.531284,0.062977,0.545028
16.531265,0.062914,0.545079
16.531246,0.062975,0.545130
16.531227,0.062975,0.545181
16.531208,0.062924,0.545231
16.531189,0.062975,0.545282
16.531166,0.062912,0.545333
16.531147,0.062912,0.545384
16.531128,0.062922,0.545434
16.531109,0.062922,0.545485
16.531086,0.062922,0.545536
16.531067,0.062910,0.545587
16.531048,0.062922,0.545637
16.531029,0.062922,0.545688
16.531010,0.062872,0.545739
16.530987,0.062909,0.545789
16.530968,0.062846,0.545840
16.530949,0.062870,0.545891
16.530930,0.062895,0.545942
16.530910,0.062758,0.545992
16.530891,0.062894,0.546043
16.530857,0.066699,0.546097
16.530834,0.066636,0.546150
16.530794,0.071078,0.546208
16.530769,0.069715,0.546264
16.530743,0.068555,0.546319
16.530720,0.067971,0.546374
16.530695,0.067100,0.546428
16.530670,0.066645,0.546482
16.530647,0.066125,0.546535
16.530628,0.065668,0.546588
16.530605,0.065147,0.546641
16.530582,0.064801,0.546693
16.530561,0.064425,0.546745
16.530540,0.063747,0.546796
16.530521,0.063408,0.546848
16.530506,0.062840,0.546898
16.530483,0.062557,0.546949
16.530466,0.062268,0.546999
16.530449,0.061928,0.547049
16.530430,0.061802,0.547099
16.530413,0.061618,0.547148
16.530396,0.061512,0.547198
16.530378,0.061435,0.547247
16.530361,0.061405,0.547297
16.530342,0.061304,0.547346
16.530325,0.061306,0.547396
16.530308,0.061422,0.547445
16.530289,0.061467,0.547495
16.530270,0.061550,0.547545
16.530251,0.061541,0.547594
16.530235,0.061664,0.547644
16.530216,0.061740,0.547694
16.530197,0.061840,0.547744
16.530178,0.061915,0.547794
16.530159,0.062019,0.547844
16.530138,0.062214,0.547894
16.530121,0.062264,0.547944
16.530102,0.062299,0.547994
16.530083,0.062401,0.548044
16.530062,0.062465,0.548095
16.530045,0.062581,0.548145
16.530022,0.062686,0.548196
16.530003,0.062733,0.548246
16.529984,0.062785,0.548297
16.529964,0.062852,0.548348
16.529945,0.062915,0.548398
16.529926,0.062913,0.548449
16.529903,0.062977,0.548500
16.529882,0.063088,0.548551
16.529863,0.063102,0.548602
16.529846,0.063107,0.548653
16.529823,0.063172,0.548704
16.529802,0.063224,0.548755
16.529781,0.063289,0.548806
16.529762,0.063289,0.548857
16.529743,0.063282,0.548908
16.529722,0.063347,0.548959
16.529701,0.063295,0.549010
16.529680,0.063347,0.549061
16.529659,0.063358,0.549112
16.529642,0.063358,0.549163
16.529621,0.063358,0.549214
16.529600,0.063293,0.549265
16.529579,0.063345,0.549316
16.529558,0.063303,0.549367
16.529539,0.063303,0.549418
16.529520,0.063287,0.549469
16.529499,0.063287,0.549520
16.529478,0.063357,0.549571
16.529457,0.063293,0.549622
16.529438,0.063293,0.549673
16.529417,0.063277,0.549724
16.529398,0.063277,0.549775
16.529377,0.063220,0.549826
16.529356,0.063284,0.549877
16.529337,0.063155,0.549928
16.529316,0.063204,0.549979
16.529295,0.063200,0.550030
16.529276,0.063159,0.550081
16.529257,0.063106,0.550132
16.529236,0.063132,0.550183
16.529215,0.063076,0.550234
16.529194,0.063027,0.550285
16.529179,0.063035,0.550336
16.529158,0.062972,0.550386
16.529137,0.062946,0.550437
16.529118,0.062957,0.550488
16.529099,0.062942,0.550539
16.529076,0.062951,0.550589
16.529060,0.062865,0.550640
16.529037,0.062851,0.550691
16.529018,0.062871,0.550742
16.528999,0.062871,0.550792
16.528976,0.062857,0.550843
16.528961,0.062725,0.550894
16.528942,0.062711,0.550944
16.528921,0.062635,0.550995
16.528900,0.062717,0.551045
16.528896,0.058727,0.551093
16.528881,0.059070,0.551140
16.528852,0.062448,0.551191
16.528830,0.063459,0.551242
16.528786,0.071535,0.551299
16.528755,0.070935,0.551357
16.528725,0.070358,0.551413
16.528698,0.069940,0.551470
16.528671,0.069441,0.551526
16.528645,0.068867,0.551581
16.528622,0.068372,0.551637
16.528595,0.067772,0.551691
16.528570,0.067190,0.551745
16.528547,0.066505,0.551799
16.528522,0.066092,0.551852
16.528503,0.065551,0.551905
16.528481,0.065103,0.551958
16.528461,0.064587,0.552010
16.528439,0.064078,0.552061
16.528419,0.063676,0.552113
16.528400,0.062984,0.552164
16.528381,0.062710,0.552214
16.528364,0.062374,0.552264
16.528345,0.062080,0.552315
16.528328,0.061899,0.552364
16.528309,0.061699,0.552414
16.528294,0.061581,0.552464
16.528275,0.061406,0.552513
16.528257,0.061291,0.552563
16.528238,0.061216,0.552612
16.528221,0.061214,0.552661
16.528202,0.061208,0.552711
16.528185,0.061193,0.552760
16.528170,0.061263,0.552810
16.528151,0.061313,0.552859
16.528133,0.061423,0.552909
16.528114,0.061484,0.552958
16.528095,0.061597,0.553008
16.528076,0.061654,0.553058
16.528061,0.061777,0.553107
16.528042,0.061744,0.553157
16.528023,0.061914,0.553207
16.528004,0.061924,0.553257
16.527988,0.062045,0.553307
16.527966,0.062229,0.553357
16.527946,0.062292,0.553407
16.527929,0.062343,0.553458
16.527910,0.062419,0.553508
16.527889,0.062504,0.553559
16.527870,0.062607,0.553609
16.527851,0.062546,0.553659
16.527832,0.062609,0.553710
16.527813,0.062746,0.553761
16.527790,0.062809,0.553811
16.527771,0.062800,0.553862
16.527752,0.062812,0.553913
16.527733,0.062937,0.553963
16.527710,0.062937,0.554014
16.527695,0.062987,0.554065
16.527676,0.062987,0.554116
16.527653,0.062987,0.554166
16.527632,0.063051,0.554217
16.527615,0.063051,0.554268
16.527596,0.063112,0.554319
16.527573,0.063112,0.554370
16.527552,0.063098,0.554421
16.527531,0.063172,0.554472
16.527512,0.063159,0.554523
16.527491,0.063146,0.554574
16.527473,0.063095,0.554625
16.527451,0.063156,0.554676
16.527431,0.063143,0.554726
16.527412,0.063092,0.554777
16.527393,0.063092,0.554828
16.527372,0.063090,0.554879
16.527353,0.063101,0.554930
16.527332,0.063101,0.554981
16.527311,0.063088,0.555032
16.527290,0.063088,0.555083
16.527271,0.062963,0.555134
16.527252,0.063037,0.555184
16.527233,0.063036,0.555235
16.527214,0.063025,0.555286
16.527191,0.063011,0.555337
16.527172,0.063023,0.555388
16.527153,0.062922,0.555439
16.527134,0.062899,0.555489
16.527115,0.062898,0.555540
16.527096,0.062948,0.555591
16.527073,0.062886,0.555641
16.527054,0.062846,0.555692
16.527035,0.062812,0.555743
16.527016,0.062761,0.555793
16.526997,0.062761,0.555844
16.526978,0.062727,0.555895
16.526955,0.062683,0.555945
16.526936,0.062542,0.555996
16.526920,0.062962,0.556046
16.526897,0.062819,0.556097
16.526855,0.069860,0.556153
16.526825,0.069815,0.556210
16.526800,0.069319,0.556266
16.526775,0.068516,0.556321
16.526747,0.068315,0.556376
16.526726,0.067905,0.556431
16.526699,0.067418,0.556485
16.526676,0.066418,0.556539
16.526651,0.065953,0.556592
16.526632,0.065462,0.556645
16.526611,0.065051,0.556697
16.526588,0.064648,0.556749
16.526567,0.064324,0.556801
16.526546,0.063999,0.556853
16.526527,0.063446,0.556904
16.526508,0.063291,0.556955
16.526489,0.062990,0.557006
16.526470,0.062703,0.557056
16.526449,0.062315,0.557106
16.526436,0.062090,0.557157
16.526413,0.061925,0.557206
16.526398,0.061718,0.557256
16.526379,0.061711,0.557306
16.526360,0.061579,0.557356
16.526342,0.061492,0.557405
16.526325,0.061380,0.557455
16.526310,0.061356,0.557504
16.526291,0.061330,0.557554
16.526274,0.061322,0.557603
16.526255,0.061292,0.557653
16.526237,0.061358,0.557702
16.526218,0.061450,0.557752
16.526203,0.061499,0.557801
16.526184,0.061533,0.557851
16.526165,0.061624,0.557900
16.526146,0.061777,0.557950
16.526127,0.061857,0.558000
16.526108,0.061961,0.558050
16.526091,0.062059,0.558100
16.526072,0.062269,0.558150
16.526052,0.062207,0.558201
16.526033,0.062384,0.558251
16.526012,0.062375,0.558301
16.525995,0.062429,0.558352
16.525974,0.062557,0.558402
16.525955,0.062665,0.558453
16.525936,0.062669,0.558503
16.525917,0.062736,0.558554
16.525894,0.062842,0.558604
16.525875,0.062906,0.558655
16.525856,0.062911,0.558706
16.525837,0.062862,0.558757
16.525818,0.062919,0.558807
16.525799,0.062984,0.558858
16.525776,0.062996,0.558909
16.525757,0.063048,0.558960
16.525738,0.063113,0.559011
16.525717,0.063103,0.559062
16.525696,0.063054,0.559112
16.525677,0.063054,0.559163
16.525656,0.063178,0.559214
16.525639,0.063176,0.559265
16.525618,0.063176,0.559316
16.525597,0.063176,0.559367
16.525576,0.063176,0.559418
16.525557,0.063176,0.559469
16.525537,0.063176,0.559520
16.525517,0.063235,0.559571
16.525496,0.063235,0.559622
16.525475,0.063229,0.559673
16.525454,0.063229,0.559724
16.525436,0.063226,0.559775
16.525415,0.063172,0.559826
16.525394,0.063232,0.559877
16.525373,0.063216,0.559928
16.525354,0.063167,0.559979
16.525335,0.063212,0.560030
16.525314,0.063212,0.560081
16.525293,0.063207,0.560132
16.525272,0.063155,0.560183
16.525253,0.063204,0.560234
16.525234,0.063140,0.560284
16.525213,0.063200,0.560335
16.525192,0.063133,0.560386
16.525173,0.063144,0.560437
16.525152,0.063130,0.560488
16.525133,0.063078,0.560539
16.525112,0.063138,0.560590
16.525097,0.063074,0.560641
16.525074,0.063060,0.560692
16.525053,0.063058,0.560742
16.525036,0.063069,0.560793
16.525015,0.063055,0.560844
16.524994,0.062956,0.560895
16.524975,0.063027,0.560946
16.524952,0.062987,0.560996
16.524933,0.062952,0.561047
16.524918,0.062837,0.561098
16.524895,0.062888,0.561149
16.524876,0.062836,0.561199
16.524857,0.062825,0.561250
16.524834,0.062851,0.561301
16.524807,0.066020,0.561354
16.524792,0.063715,0.561405
16.524773,0.062451,0.561456
16.524738,0.067897,0.561510
16.524700,0.071409,0.561568
16.524670,0.071031,0.561625
16.524641,0.070294,0.561682
16.524616,0.069755,0.561738
16.524588,0.069125,0.561794
16.524559,0.068671,0.561849
16.524540,0.067662,0.561904
16.524513,0.067146,0.561958
16.524492,0.066484,0.562012
16.524467,0.066020,0.562065
16.524445,0.065493,0.562118
16.524427,0.064533,0.562170
16.524406,0.064128,0.562221
16.524384,0.063677,0.562273
16.524364,0.063314,0.562324
16.524347,0.062968,0.562375
16.524330,0.062623,0.562425
16.524311,0.062124,0.562475
16.524292,0.061960,0.562525
16.524273,0.061750,0.562575
16.524258,0.061672,0.562625
16.524239,0.061625,0.562674
16.524221,0.061457,0.562724
16.524204,0.061387,0.562774
16.524185,0.061376,0.562823
16.524168,0.061432,0.562873
16.524151,0.061372,0.562922
16.524134,0.061477,0.562972
16.524113,0.061481,0.563021
16.524097,0.061591,0.563071
16.524078,0.061647,0.563121
16.524059,0.061658,0.563170
16.524040,0.061832,0.563220
16.524023,0.061961,0.563270
16.524006,0.061959,0.563320
16.523987,0.062078,0.563370
16.523966,0.062087,0.563420
16.523947,0.062270,0.563470
16.523930,0.062281,0.563521
16.523911,0.062405,0.563571
16.523891,0.062529,0.563621
16.523869,0.062704,0.563672
16.523849,0.062706,0.563722
16.523834,0.062769,0.563773
16.523811,0.062844,0.563824
16.523792,0.062846,0.563874
16.523769,0.062960,0.563925
16.523754,0.063024,0.563976
16.523735,0.063088,0.564027
16.523712,0.063088,0.564078
16.523691,0.063152,0.564129
16.523672,0.063212,0.564180
16.523651,0.063276,0.564231
16.523632,0.063263,0.564282
16.523611,0.063276,0.564333
16.523590,0.063289,0.564384
16.523571,0.063326,0.564435
16.523550,0.063276,0.564486
16.523531,0.063276,0.564537
16.523510,0.063324,0.564588
16.523489,0.063324,0.564639
16.523470,0.063324,0.564690
16.523449,0.063384,0.564741
16.523430,0.063371,0.564792
16.523409,0.063371,0.564843
16.523388,0.063320,0.564895
16.523369,0.063257,0.564946
16.523348,0.063381,0.564997
16.523329,0.063329,0.565048
16.523308,0.063254,0.565099
16.523287,0.063315,0.565150
16.523266,0.063263,0.565201
16.523247,0.063252,0.565252
16.523228,0.063252,0.565303
16.523207,0.063313,0.565354
16.523186,0.063200,0.565405
16.523167,0.063249,0.565456
16.523148,0.063311,0.565507
16.523127,0.063197,0.565558
16.523106,0.063197,0.565609
16.523085,0.063197,0.565660
16.523066,0.063196,0.565711
16.523046,0.063133,0.565762
16.523026,0.063083,0.565813
16.523005,0.063083,0.565864
16.522985,0.063071,0.565915
16.522964,0.063070,0.565965
16.522945,0.063082,0.566016
16.522926,0.063082,0.566067
16.522907,0.063031,0.566118
16.522888,0.063019,0.566169
16.522865,0.063019,0.566220
16.522846,0.062922,0.566270
16.522827,0.062983,0.566321
16.522808,0.062932,0.566372
16.522789,0.062450,0.566422
16.522770,0.062456,0.566473
16.522720,0.071590,0.566530
16.522694,0.070857,0.566588
16.522667,0.069599,0.566644
16.522640,0.068697,0.566699
16.522615,0.068340,0.566754
16.522591,0.067827,0.566809
16.522566,0.067406,0.566863
16.522545,0.066535,0.566917
16.522520,0.066023,0.566970
16.522497,0.065483,0.567023
16.522480,0.065040,0.567075
16.522457,0.064048,0.567127
16.522438,0.063558,0.567178
16.522419,0.063352,0.567229
16.522400,0.062669,0.567280
16.522383,0.062521,0.567330
16.522366,0.061991,0.567380
16.522346,0.061837,0.567430
16.522329,0.061603,0.567480
16.522310,0.061439,0.567529
16.522295,0.061384,0.567579
16.522276,0.061297,0.567628
16.522259,0.061215,0.567678
16.522242,0.061160,0.567727
16.522223,0.061087,0.567776
16.522209,0.061138,0.567826
16.522190,0.061209,0.567875
16.522173,0.061271,0.567924
16.522156,0.061355,0.567974
16.522137,0.061382,0.568023
16.522120,0.061515,0.568073
16.522099,0.061510,0.568123
16.522083,0.061585,0.568172
16.522064,0.061678,0.568222
16.522045,0.061721,0.568272
16.522026,0.061989,0.568322
16.522007,0.062035,0.568372
16.521990,0.062144,0.568422
16.521969,0.062244,0.568472
16.521952,0.062283,0.568522
16.521931,0.062398,0.568573
16.521914,0.062389,0.568623
16.521893,0.062569,0.568673
16.521873,0.062672,0.568724
16.521854,0.062739,0.568775
16.521835,0.062848,0.568825
16.521812,0.062852,0.568876
16.521793,0.062857,0.568927
16.521778,0.063037,0.568977
16.521755,0.063043,0.569028
16.521734,0.063097,0.569079
16.521713,0.063100,0.569130
16.521696,0.063100,0.569181
16.521675,0.063165,0.569232
16.521654,0.063181,0.569283
16.521633,0.063171,0.569334
16.521612,0.063122,0.569385
16.521595,0.063122,0.569436
16.521574,0.063175,0.569487
16.521553,0.063175,0.569538
16.521532,0.063234,0.569589
16.521515,0.063244,0.569640
16.521494,0.063192,0.569691
16.521475,0.063169,0.569742
16.521454,0.063169,0.569793
16.521433,0.063176,0.569843
16.521416,0.063176,0.569894
16.521397,0.063121,0.569945
16.521374,0.063121,0.569996
16.521353,0.063121,0.570047
16.521334,0.063116,0.570098
16.521315,0.063176,0.570149
16.521294,0.063123,0.570200
16.521273,0.063097,0.570251
16.521252,0.063108,0.570302
16.521235,0.063054,0.570353
16.521217,0.063062,0.570403
16.521194,0.062987,0.570454
16.521175,0.062971,0.570505
16.521156,0.062990,0.570556
16.521135,0.062975,0.570607
16.521114,0.062975,0.570657
16.521095,0.062911,0.570708
16.521076,0.062908,0.570759
16.521057,0.062856,0.570809
16.521038,0.062882,0.570860
16.521019,0.062890,0.570911
16.520996,0.062787,0.570962
16.520977,0.062847,0.571012
16.520958,0.062781,0.571063
16.520939,0.062797,0.571113
16.520920,0.062783,0.571164
16.520901,0.062680,0.571215
16.520882,0.062680,0.571265
16.520859,0.062592,0.571316
16.520844,0.062566,0.571366
16.520824,0.062548,0.571417
16.520802,0.062631,0.571467
16.520782,0.062896,0.571518
16.520756,0.066046,0.571571
16.520733,0.065886,0.571624
16.520702,0.067325,0.571678
16.520706,0.057981,0.571725
16.520685,0.060472,0.571774
16.520649,0.067776,0.571829
16.520609,0.070972,0.571886
16.520580,0.070099,0.571942
16.520555,0.069505,0.571998
16.520527,0.068908,0.572054
16.520504,0.068478,0.572109
16.520477,0.067988,0.572164
16.520451,0.067515,0.572218
16.520428,0.066935,0.572272
16.520409,0.066470,0.572326
16.520386,0.065435,0.572379
16.520363,0.065028,0.572431
16.520342,0.064479,0.572483
16.520323,0.064064,0.572535
16.520304,0.063322,0.572586
16.520285,0.062929,0.572637
16.520267,0.062555,0.572687
16.520248,0.062265,0.572737
16.520233,0.061978,0.572787
16.520214,0.061731,0.572837
16.520195,0.061500,0.572887
16.520180,0.061319,0.572936
16.520161,0.061360,0.572986
16.520145,0.061232,0.573035
16.520126,0.061173,0.573084
16.520109,0.061110,0.573134
16.520090,0.061165,0.573183
16.520073,0.061203,0.573232
16.520056,0.061276,0.573282
16.520039,0.061229,0.573331
16.520021,0.061340,0.573381
16.520002,0.061351,0.573430
16.519985,0.061477,0.573480
16.519966,0.061543,0.573529
16.519951,0.061712,0.573579
16.519928,0.061890,0.573629
16.519913,0.061971,0.573679
16.519894,0.061982,0.573729
16.519873,0.062154,0.573779
16.519855,0.062218,0.573829
16.519836,0.062302,0.573879
16.519817,0.062377,0.573930
16.519794,0.062540,0.573980
16.519779,0.062555,0.574031
16.519760,0.062618,0.574081
16.519737,0.062682,0.574132
16.519718,0.062745,0.574182
16.519699,0.062859,0.574233
16.519680,0.062882,0.574284
16.519661,0.062882,0.574334
16.519640,0.062932,0.574385
16.519619,0.062996,0.574436
16.519600,0.063043,0.574487
16.519581,0.063107,0.574538
16.519562,0.063056,0.574588
16.519541,0.063107,0.574639
16.519520,0.063105,0.574690
16.519499,0.063167,0.574741
16.519482,0.063217,0.574792
16.519461,0.063153,0.574843
16.519440,0.063177,0.574894
16.519419,0.063213,0.574945
16.519400,0.063274,0.574996
16.519381,0.063160,0.575047
16.519360,0.063159,0.575098
16.519339,0.063210,0.575149
16.519318,0.063220,0.575200
16.519300,0.063156,0.575251
16.519279,0.063143,0.575302
16.519260,0.063153,0.575353
16.519239,0.063141,0.575404
16.519222,0.063078,0.575454
16.519201,0.063088,0.575505
16.519180,0.063088,0.575556
16.519159,0.063149,0.575607
16.519140,0.063086,0.575658
16.519121,0.063086,0.575709
16.519100,0.063035,0.575760
16.519081,0.063096,0.575811
16.519058,0.063033,0.575861
16.519043,0.063032,0.575912
16.519022,0.063032,0.575963
16.519001,0.062970,0.576014
16.518982,0.062981,0.576065
16.518963,0.063043,0.576116
16.518942,0.063031,0.576166
16.518921,0.062918,0.576217
16.518902,0.062968,0.576268
16.518883,0.062967,0.576319
16.518864,0.062991,0.576369
16.518845,0.062941,0.576420
16.518822,0.063015,0.576471
16.518803,0.062940,0.576522
16.518784,0.063067,0.576573
16.518764,0.063030,0.576624
16.518744,0.063132,0.576674
16.518726,0.063011,0.576725
16.518700,0.064991,0.576778
16.518658,0.070564,0.576835
16.518629,0.070229,0.576891
16.518600,0.070301,0.576948
16.518574,0.069759,0.577004
16.518545,0.069065,0.577060
16.518522,0.068417,0.577115
16.518497,0.067848,0.577170
16.518471,0.067515,0.577224
16.518448,0.066475,0.577278
16.518429,0.065968,0.577331
16.518402,0.065591,0.577384
16.518381,0.065068,0.577436
16.518364,0.064245,0.577488
16.518345,0.063821,0.577540
16.518322,0.063508,0.577591
16.518303,0.063198,0.577642
16.518288,0.062907,0.577692
16.518265,0.062654,0.577743
16.518248,0.062417,0.577793
16.518229,0.062150,0.577843
16.518211,0.061964,0.577893
16.518192,0.061761,0.577943
16.518177,0.061586,0.577993
16.518158,0.061557,0.578043
16.518141,0.061453,0.578092
16.518122,0.061519,0.578142
16.518105,0.061476,0.578191
16.518087,0.061472,0.578241
16.518070,0.061537,0.578291
16.518051,0.061550,0.578340
16.518032,0.061566,0.578390
16.518017,0.061553,0.578439
16.517998,0.061789,0.578489
16.517979,0.061860,0.578539
16.517960,0.061973,0.578589
16.517939,0.062015,0.578639
16.517923,0.062169,0.578689
16.517904,0.062189,0.578739
16.517885,0.062398,0.578790
16.517864,0.062460,0.578840
16.517845,0.062446,0.578890
16.517828,0.062496,0.578941
16.517807,0.062647,0.578991
16.517788,0.062753,0.579042
16.517765,0.062819,0.579093
16.517750,0.062922,0.579143
16.517731,0.062917,0.579194
16.517708,0.062995,0.579245
16.517689,0.062987,0.579296
16.517668,0.063092,0.579347
16.517649,0.063161,0.579398
16.517628,0.063213,0.579449
16.517607,0.063272,0.579500
16.517588,0.063277,0.579551
16.517569,0.063329,0.579602
16.517548,0.063286,0.579653
16.517527,0.063397,0.579704
16.517506,0.063338,0.579755
16.517488,0.063403,0.579806
16.517467,0.063403,0.579857
16.517447,0.063396,0.579908
16.517426,0.063407,0.579959
16.517406,0.063358,0.580011
16.517387,0.063358,0.580062
16.517366,0.063358,0.580113
16.517345,0.063407,0.580164
16.517326,0.063417,0.580215
16.517305,0.063417,0.580266
16.517282,0.063407,0.580317
16.517263,0.063352,0.580368
16.517242,0.063363,0.580419
16.517223,0.063399,0.580471
16.517202,0.063347,0.580522
16.517181,0.063347,0.580573
16.517162,0.063293,0.580624
16.517143,0.063341,0.580675
16.517122,0.063390,0.580726
16.517101,0.063336,0.580777
16.517080,0.063396,0.580828
16.517063,0.063456,0.580879
16.517042,0.063505,0.580931
16.517021,0.063554,0.580982
16.516998,0.063549,0.581033
16.516981,0.063557,0.581084
16.516956,0.063659,0.581136
16.516937,0.063783,0.581187
16.516914,0.063878,0.581239
16.516899,0.063776,0.581290
16.516876,0.063837,0.581342
16.516853,0.064098,0.581393
16.516834,0.064045,0.581445
16.516811,0.064167,0.581497
16.516790,0.064167,0.581548
16.516766,0.064647,0.581601
16.516743,0.064887,0.581653
16.516724,0.064782,0.581705
16.516697,0.065676,0.581758
16.516672,0.065918,0.581811
16.516647,0.067226,0.581865
16.516621,0.067078,0.581920
16.516588,0.069022,0.581975
16.516546,0.074287,0.582035
16.516479,0.084669,0.582103
16.516430,0.084400,0.582172
16.516394,0.081844,0.582238
16.516436,0.054667,0.582282
16.516418,0.057828,0.582328
16.516376,0.066756,0.582382
16.516342,0.069486,0.582438
16.516323,0.067100,0.582492
16.516298,0.066092,0.582546
16.516277,0.065251,0.582598
16.516258,0.064861,0.582650
16.516239,0.063842,0.582702
16.516220,0.063452,0.582753
16.516201,0.062667,0.582804
16.516186,0.062142,0.582854
16.516171,0.061532,0.582904
16.516151,0.061110,0.582953
16.516136,0.060783,0.583002
16.516121,0.060312,0.583050
16.516104,0.060160,0.583099
16.516090,0.059890,0.583147
16.516075,0.059671,0.583195
16.516060,0.059455,0.583243
16.516045,0.059453,0.583291
16.516029,0.059371,0.583339
16.516016,0.059260,0.583387
16.516001,0.059298,0.583435
16.515985,0.059390,0.583483
16.515970,0.059397,0.583530
16.515955,0.059482,0.583578
16.515940,0.059480,0.583626
16.515923,0.059634,0.583675
16.515907,0.059801,0.583723
16.515892,0.060012,0.583771
16.515875,0.060235,0.583820
16.515860,0.060285,0.583868
16.515841,0.060409,0.583917
16.515827,0.060578,0.583966
16.515808,0.060861,0.584015
16.515789,0.061026,0.584064
16.515772,0.061263,0.584114
16.515753,0.061380,0.584163
16.515738,0.061501,0.584213
16.515720,0.061622,0.584262
16.515701,0.061805,0.584312
16.515678,0.061917,0.584362
16.515663,0.062090,0.584412
16.515642,0.062314,0.584463
16.515625,0.062439,0.584513
16.515602,0.062501,0.584563
16.515583,0.062564,0.584614
16.515568,0.062616,0.584664
16.515545,0.062803,0.584715
16.515526,0.062869,0.584766
16.515507,0.062869,0.584816
16.515488,0.062993,0.584867
16.515467,0.063097,0.584918
16.515446,0.063097,0.584969
16.515425,0.063261,0.585020
16.515408,0.063272,0.585071
16.515387,0.063336,0.585122
16.515366,0.063322,0.585173
16.515345,0.063383,0.585224
16.515326,0.063383,0.585275
16.515306,0.063397,0.585327
16.515285,0.063383,0.585378
16.515265,0.063383,0.585429
16.515245,0.063333,0.585480
16.515224,0.063333,0.585531
16.515203,0.063383,0.585582
16.515184,0.063330,0.585633
16.515165,0.063318,0.585684
16.515144,0.063431,0.585735
16.515123,0.063431,0.585787
16.515102,0.063315,0.585838
16.515085,0.063427,0.585889
16.515064,0.063376,0.585940
16.515043,0.063315,0.585991
16.515022,0.063376,0.586042
16.515003,0.063364,0.586093
16.514984,0.063300,0.586144
16.514961,0.063374,0.586195
16.514940,0.063438,0.586246
16.514919,0.063487,0.586298
16.514900,0.063487,0.586349
16.514879,0.063473,0.586400
16.514858,0.063523,0.586451
16.514841,0.063473,0.586502
16.514820,0.063523,0.586554
16.514797,0.063636,0.586605
16.514774,0.063698,0.586656
16.514755,0.063698,0.586708
16.514736,0.063646,0.586759
16.514717,0.063697,0.586810
16.514694,0.064077,0.586862
16.514673,0.064241,0.586914
16.514652,0.064137,0.586966
16.514629,0.064378,0.587017
16.514603,0.066011,0.587071
16.514572,0.068216,0.587126
16.514545,0.068197,0.587181
16.514486,0.078231,0.587244
16.514477,0.068931,0.587299
16.514431,0.075174,0.587360
16.514404,0.072062,0.587418
16.514381,0.069406,0.587474
16.514362,0.067176,0.587528
16.514339,0.065937,0.587581
16.514320,0.064789,0.587634
16.514301,0.064180,0.587685
16.514284,0.063187,0.587736
16.514263,0.062510,0.587787
16.514248,0.061825,0.587837
16.514233,0.061525,0.587886
16.514214,0.061264,0.587936
16.514198,0.060954,0.587985
16.514183,0.060741,0.588034
16.514166,0.060576,0.588083
16.514151,0.060435,0.588131
16.514133,0.060258,0.588180
16.514118,0.060092,0.588229
16.514103,0.060017,0.588277
16.514084,0.059918,0.588325
16.514072,0.059831,0.588374
16.514057,0.059769,0.588422
16.514042,0.059784,0.588470
16.514027,0.059884,0.588518
16.514008,0.059902,0.588567
16.513992,0.059977,0.588615
16.513977,0.059985,0.588663
16.513960,0.060237,0.588712
16.513945,0.060122,0.588760
16.513927,0.060370,0.588809
16.513908,0.060483,0.588858
16.513895,0.060456,0.588907
16.513878,0.060661,0.588955
16.513859,0.060798,0.589005
16.513844,0.060897,0.589054
16.513824,0.061081,0.589103
16.513807,0.061176,0.589152
16.513790,0.061283,0.589202
16.513771,0.061554,0.589251
16.513754,0.061603,0.589301
16.513737,0.061764,0.589351
16.513718,0.061817,0.589401
16.513699,0.061869,0.589450
16.513680,0.062034,0.589500
16.513659,0.062100,0.589551
16.513643,0.062341,0.589601
16.513622,0.062445,0.589651
16.513603,0.062449,0.589702
16.513584,0.062566,0.589752
16.513565,0.062633,0.589803
16.513546,0.062686,0.589853
16.513527,0.062686,0.589904
16.513504,0.062815,0.589954
16.513485,0.062857,0.590005
16.513466,0.062919,0.590056
16.513447,0.062996,0.590106
16.513428,0.062996,0.590157
16.513407,0.063054,0.590208
16.513388,0.063054,0.590259
16.513367,0.063113,0.590310
16.513346,0.063113,0.590361
16.513327,0.063129,0.590412
16.513306,0.063289,0.590463
16.513287,0.063224,0.590514
16.513266,0.063300,0.590565
16.513247,0.063224,0.590616
16.513226,0.063273,0.590667
16.513205,0.063284,0.590718
16.513186,0.063301,0.590769
16.513166,0.063301,0.590820
16.513145,0.063338,0.590871
16.513124,0.063322,0.590922
16.513103,0.063333,0.590973
16.513086,0.063340,0.591024
16.513065,0.063340,0.591075
16.513044,0.063389,0.591126
16.513025,0.063336,0.591177
16.513004,0.063320,0.591228
16.512985,0.063268,0.591279
16.512964,0.063317,0.591330
16.512945,0.063264,0.591381
16.512924,0.063272,0.591433
16.512903,0.063269,0.591484
16.512884,0.063205,0.591534
16.512865,0.063202,0.591585
16.512844,0.063202,0.591636
16.512823,0.063150,0.591687
16.512804,0.063196,0.591738
16.512785,0.063185,0.591789
16.512764,0.063133,0.591840
16.512743,0.063130,0.591891
16.512722,0.063141,0.591942
16.512705,0.063076,0.591993
16.512686,0.063136,0.592044
16.512665,0.063111,0.592095
16.512644,0.063008,0.592145
16.512627,0.063019,0.592196
16.512606,0.063006,0.592247
16.512585,0.063004,0.592298
16.512566,0.063042,0.592349
16.512547,0.063002,0.592399
16.512527,0.062978,0.592450
16.512508,0.062967,0.592501
16.512489,0.062822,0.592552
16.512470,0.062788,0.592602
16.512474,0.054662,0.592646
16.512455,0.057733,0.592693
16.512424,0.063848,0.592744
16.512381,0.070852,0.592802
16.512344,0.072425,0.592860
16.512316,0.072044,0.592918
16.512283,0.071975,0.592976
16.512253,0.071432,0.593034
16.512224,0.071383,0.593091
16.512196,0.070778,0.593148
16.512167,0.070253,0.593205
16.512142,0.068817,0.593261
16.512117,0.068152,0.593316
16.512093,0.067535,0.593370
16.512070,0.066766,0.593424
16.512049,0.066017,0.593477
16.512028,0.065391,0.593530
16.512005,0.064957,0.593582
16.511986,0.063823,0.593634
16.511967,0.063742,0.593685
16.511950,0.063238,0.593736
16.511929,0.062994,0.593787
16.511909,0.062559,0.593837
16.511894,0.061956,0.593887
16.511875,0.061771,0.593937
16.511860,0.061642,0.593987
16.511841,0.061423,0.594036
16.511824,0.061348,0.594086
16.511806,0.061341,0.594135
16.511789,0.061234,0.594185
16.511772,0.061221,0.594234
16.511753,0.061222,0.594283
16.511738,0.061268,0.594333
16.511719,0.061311,0.594382
16.511702,0.061367,0.594432
16.511684,0.061476,0.594481
16.511665,0.061710,0.594531
16.511646,0.061828,0.594581
16.511627,0.061943,0.594631
16.511608,0.062111,0.594681
16.511589,0.062170,0.594731
16.511572,0.062341,0.594781
16.511553,0.062360,0.594832
16.511532,0.062533,0.594882
16.511513,0.062646,0.594933
16.511494,0.062770,0.594983
16.511475,0.062784,0.595034
16.511456,0.062886,0.595085
16.511433,0.063024,0.595135
16.511415,0.063088,0.595186
16.511395,0.063151,0.595237
16.511374,0.063202,0.595288
16.511354,0.063255,0.595339
16.511333,0.063218,0.595390
16.511314,0.063255,0.595441
16.511293,0.063268,0.595492
16.511274,0.063271,0.595543
16.511253,0.063271,0.595594
16.511232,0.063269,0.595645
16.511213,0.063285,0.595696
16.511194,0.063333,0.595747
16.511173,0.063333,0.595798
16.511152,0.063272,0.595850
16.511131,0.063283,0.595901
16.511114,0.063158,0.595951
16.511095,0.063169,0.596002
16.511074,0.063094,0.596053
16.511055,0.063105,0.596104
16.511036,0.063105,0.596155
16.511017,0.063056,0.596206
16.510994,0.062981,0.596257
16.510975,0.062979,0.596308
16.510960,0.062916,0.596358
16.510937,0.062865,0.596409
16.510918,0.062817,0.596460
16.510899,0.062816,0.596510
16.510880,0.062753,0.596561
16.510860,0.062678,0.596611
16.510839,0.062578,0.596662
16.510824,0.062466,0.596712
16.510803,0.062517,0.596763
16.510784,0.062464,0.596813
16.510765,0.062242,0.596863
16.510748,0.062242,0.596914
16.510729,0.062044,0.596964
16.510710,0.062056,0.597014
16.510691,0.061982,0.597064
16.510674,0.061994,0.597114
16.510658,0.062005,0.597164
16.510635,0.062043,0.597214
16.510616,0.062055,0.597264
16.510601,0.062110,0.597314
16.510580,0.062109,0.597364
16.510563,0.062087,0.597414
16.510542,0.062109,0.597464
16.510525,0.062238,0.597514
16.510506,0.062144,0.597564
16.510487,0.062735,0.597615
16.510441,0.070778,0.597672
16.510410,0.070431,0.597729
16.510384,0.069674,0.597785
16.510361,0.068553,0.597840
16.510334,0.067929,0.597895
16.510311,0.067400,0.597949
16.510288,0.066519,0.598003
16.510265,0.065964,0.598056
16.510244,0.065438,0.598109
16.510223,0.065052,0.598161
16.510204,0.064656,0.598214
16.510181,0.064250,0.598265
16.510162,0.063927,0.598317
16.510143,0.063673,0.598368
16.510122,0.063198,0.598419
16.510105,0.062911,0.598470
16.510086,0.062580,0.598520
16.510067,0.062369,0.598571
16.510048,0.062050,0.598621
16.510029,0.061921,0.598671
16.510014,0.061674,0.598720
16.509996,0.061586,0.598770
16.509979,0.061521,0.598820
16.509960,0.061317,0.598869
16.509945,0.061268,0.598919
16.509926,0.061396,0.598968
16.509909,0.061329,0.599018
16.509892,0.061329,0.599067
16.509874,0.061299,0.599117
16.509857,0.061270,0.599166
16.509838,0.061336,0.599215
16.509821,0.061502,0.599265
16.509804,0.061450,0.599315
16.509787,0.061538,0.599364
16.509766,0.061565,0.599414
16.509747,0.061760,0.599464
16.509731,0.061801,0.599513
16.509712,0.061944,0.599563
16.509693,0.061986,0.599613
16.509674,0.062095,0.599663
16.509657,0.062207,0.599714
16.509636,0.062308,0.599764
16.509617,0.062420,0.599814
16.509598,0.062473,0.599865
16.509581,0.062538,0.599915
16.509560,0.062644,0.599966
16.509541,0.062762,0.600016
16.509518,0.062837,0.600067
16.509502,0.062841,0.600118
16.509480,0.062897,0.600168
16.509460,0.062950,0.600219
16.509441,0.063019,0.600270
16.509422,0.063083,0.600321
16.509403,0.063076,0.600372
16.509380,0.063141,0.600423
16.509361,0.063156,0.600474
16.509342,0.063156,0.600524
16.509321,0.063221,0.600575
16.509300,0.063221,0.600626
16.509281,0.063231,0.600677
16.509262,0.063286,0.600728
16.509241,0.063273,0.600779
16.509222,0.063284,0.600830
16.509201,0.063338,0.600882
16.509180,0.063296,0.600933
16.509161,0.063307,0.600984
16.509142,0.063242,0.601035
16.509121,0.063332,0.601086
16.509100,0.063343,0.601137
16.509079,0.063291,0.601188
16.509062,0.063350,0.601239
16.509041,0.063285,0.601290
16.509020,0.063280,0.601341
16.509001,0.063280,0.601392
16.508980,0.063228,0.601443
16.508961,0.063224,0.601494
16.508940,0.063224,0.601545
16.508921,0.063208,0.601596
16.508900,0.063268,0.601647
16.508879,0.063152,0.601698
16.508862,0.063163,0.601749
16.508841,0.063148,0.601800
16.508820,0.063096,0.601851
16.508799,0.063156,0.601902
16.508781,0.063153,0.601952
16.508762,0.063101,0.602003
16.508741,0.063086,0.602054
16.508720,0.063035,0.602105
16.508703,0.063095,0.602156
16.508682,0.063020,0.602207
16.508661,0.063029,0.602258
16.508644,0.062978,0.602308
16.508625,0.062975,0.602359
16.508604,0.062984,0.602410
16.508583,0.062933,0.602461
16.508564,0.062982,0.602512
16.508545,0.062929,0.602562
16.508526,0.062929,0.602613
16.508505,0.063015,0.602664
16.508484,0.063110,0.602715
16.508467,0.063117,0.602766
16.508446,0.063107,0.602817
16.508423,0.063563,0.602868
16.508430,0.055824,0.602913
16.508396,0.062852,0.602963
16.508347,0.071761,0.603021
16.508318,0.071235,0.603079
16.508287,0.070900,0.603136
16.508263,0.070235,0.603193
16.508232,0.069634,0.603249
16.508211,0.068456,0.603304
16.508186,0.067870,0.603359
16.508163,0.066504,0.603412
16.508144,0.065915,0.603465
16.508121,0.064825,0.603518
16.508101,0.064351,0.603570
16.508083,0.063909,0.603621
16.508062,0.063379,0.603672
16.508041,0.063025,0.603723
16.508026,0.062691,0.603774
16.508007,0.062364,0.603824
16.507988,0.062087,0.603874
16.507973,0.061676,0.603924
16.507954,0.061438,0.603973
16.507938,0.061310,0.604023
16.507921,0.061312,0.604072
16.507902,0.061252,0.604122
16.507885,0.061235,0.604171
16.507868,0.061225,0.604220
16.507851,0.061164,0.604270
16.507833,0.061206,0.604319
16.507814,0.061310,0.604369
16.507799,0.061421,0.604418
16.507780,0.061479,0.604468
16.507763,0.061588,0.604517
16.507740,0.061749,0.604567
16.507725,0.061861,0.604617
16.507706,0.061917,0.604667
16.507687,0.062031,0.604717
16.507668,0.062147,0.604767
16.507648,0.062306,0.604817
16.507631,0.062435,0.604868
16.507610,0.062494,0.604918
16.507591,0.062556,0.604969
16.507572,0.062667,0.605019
16.507553,0.062718,0.605070
16.507530,0.062855,0.605120
16.507515,0.062968,0.605171
16.507494,0.063020,0.605222
16.507473,0.063072,0.605273
16.507454,0.063085,0.605324
16.507435,0.063212,0.605375
16.507414,0.063204,0.605426
16.507393,0.063204,0.605477
16.507374,0.063218,0.605528
16.507353,0.063218,0.605579
16.507334,0.063268,0.605630
16.507315,0.063332,0.605681
16.507294,0.063157,0.605732
16.507273,0.063282,0.605783
16.507254,0.063221,0.605834
16.507235,0.063221,0.605885
16.507214,0.063222,0.605936
16.507193,0.063158,0.605987
16.507174,0.063161,0.606037
16.507154,0.063158,0.606088
16.507135,0.063108,0.606139
16.507114,0.063095,0.606190
16.507095,0.063159,0.606241
16.507076,0.062985,0.606292
16.507057,0.062934,0.606343
16.507036,0.062982,0.606394
16.507015,0.062982,0.606444
16.506996,0.062869,0.606495
16.506977,0.062807,0.606546
16.506958,0.062758,0.606596
16.506939,0.062757,0.606647
16.506920,0.062733,0.606698
16.506901,0.062682,0.606748
16.506882,0.062519,0.606799
16.506863,0.062519,0.606849
16.506844,0.062530,0.606899
16.506824,0.062556,0.606950
16.506807,0.062496,0.607000
16.506786,0.062567,0.607051
16.506767,0.062630,0.607101
16.506748,0.062608,0.607152
16.506729,0.062657,0.607202
16.506706,0.062643,0.607253
16.506691,0.062643,0.607303
16.506672,0.062652,0.607354
16.506649,0.062662,0.607404
16.506634,0.062649,0.607455
16.506615,0.062720,0.607506
16.506592,0.062600,0.607556
16.506573,0.062567,0.607607
16.506554,0.062615,0.607657
16.506535,0.062948,0.607708
16.506516,0.062976,0.607759
16.506477,0.068390,0.607814
16.506447,0.069487,0.607870
16.506424,0.068466,0.607925
16.506395,0.068935,0.607981
16.506367,0.068457,0.608036
16.506344,0.067875,0.608090
16.506321,0.067247,0.608145
16.506298,0.066669,0.608198
16.506277,0.066078,0.608252
16.506252,0.065604,0.608305
16.506231,0.065263,0.608357
16.506210,0.064865,0.608410
16.506189,0.064232,0.608461
16.506168,0.063898,0.608513
16.506149,0.063649,0.608564
16.506132,0.063308,0.608615
16.506111,0.062999,0.608666
16.506092,0.062823,0.608717
16.506075,0.062332,0.608767
16.506056,0.062249,0.608817
16.506037,0.062021,0.608867
16.506020,0.061878,0.608917
16.506004,0.061667,0.608967
16.505985,0.061590,0.609017
16.505966,0.061609,0.609066
16.505947,0.061532,0.609116
16.505932,0.061418,0.609165
16.505913,0.061488,0.609215
16.505894,0.061487,0.609265
16.505880,0.061565,0.609314
16.505863,0.061557,0.609364
16.505844,0.061673,0.609414
16.505825,0.061634,0.609463
16.505806,0.061784,0.609513
16.505787,0.061762,0.609563
16.505770,0.061930,0.609613
16.505749,0.061964,0.609663
16.505733,0.061897,0.609713
16.505714,0.062064,0.609763
16.505695,0.062063,0.609813
16.505676,0.062225,0.609863
16.505657,0.062385,0.609913
16.505640,0.062512,0.609964
16.505619,0.062516,0.610014
16.505600,0.062570,0.610065
16.505583,0.062584,0.610115
16.505562,0.062699,0.610166
16.505539,0.062815,0.610216
16.505524,0.062818,0.610267
16.505505,0.062833,0.610318
16.505482,0.062903,0.610368
16.505465,0.062903,0.610419
16.505444,0.062960,0.610470
16.505423,0.063024,0.610521
16.505402,0.063034,0.610572
16.505384,0.063099,0.610623
16.505365,0.063039,0.610673
16.505344,0.063039,0.610724
16.505325,0.062991,0.610775
16.505306,0.063104,0.610826
16.505285,0.063055,0.610877
16.505266,0.063215,0.610928
16.505245,0.063114,0.610979
16.505224,0.063114,0.611030
16.505205,0.063163,0.611081
16.505186,0.063163,0.611131
16.505165,0.063109,0.611182
16.505144,0.063169,0.611233
16.505127,0.063169,0.611284
16.505106,0.063169,0.611335
16.505087,0.063153,0.611386
16.505068,0.063213,0.611437
16.505049,0.063172,0.611488
16.505028,0.063107,0.611539
16.505007,0.063156,0.611590
16.504988,0.063092,0.611641
16.504967,0.063092,0.611692
16.504948,0.063100,0.611743
16.504929,0.063160,0.611794
16.504908,0.063096,0.611845
16.504887,0.063082,0.611895
16.504868,0.063041,0.611946
16.504848,0.063101,0.611997
16.504827,0.063086,0.612048
16.504807,0.063135,0.612099
16.504791,0.063020,0.612150
16.504770,0.063029,0.612201
16.504749,0.063029,0.612252
16.504730,0.063015,0.612302
16.504711,0.062975,0.612353
16.504690,0.063024,0.612404
16.504669,0.063034,0.612455
16.504650,0.062959,0.612506
16.504633,0.062980,0.612556
16.504612,0.062980,0.612607
16.504593,0.062990,0.612658
16.504574,0.062928,0.612709
16.504555,0.062926,0.612759
16.504534,0.062987,0.612810
16.504513,0.062936,0.612861
16.504494,0.063101,0.612912
16.504475,0.063049,0.612963
16.504456,0.063538,0.613014
16.504433,0.063455,0.613065
16.504402,0.066701,0.613119
16.504416,0.055564,0.613164
16.504393,0.059267,0.613212
16.504356,0.065710,0.613265
16.504314,0.071599,0.613322
16.504284,0.070911,0.613379
16.504259,0.070341,0.613436
16.504229,0.070178,0.613493
16.504200,0.069598,0.613549
16.504175,0.069049,0.613605
16.504150,0.068305,0.613660
16.504128,0.067681,0.613714
16.504101,0.067111,0.613768
16.504080,0.065971,0.613822
16.504061,0.065239,0.613874
16.504040,0.064777,0.613927
16.504017,0.064372,0.613978
16.504002,0.063450,0.614030
16.503983,0.062973,0.614080
16.503963,0.062673,0.614131
16.503946,0.062307,0.614181
16.503925,0.062097,0.614231
16.503910,0.061821,0.614281
16.503891,0.061664,0.614331
16.503876,0.061240,0.614380
16.503859,0.061176,0.614430
16.503839,0.061116,0.614479
16.503822,0.061055,0.614528
16.503807,0.061034,0.614577
16.503792,0.061032,0.614627
16.503773,0.061131,0.614676
16.503756,0.061073,0.614725
16.503738,0.061161,0.614774
16.503719,0.061323,0.614824
16.503702,0.061430,0.614873
16.503687,0.061442,0.614923
16.503666,0.061542,0.614973
16.503651,0.061655,0.615022
16.503628,0.061919,0.615072
16.503613,0.061926,0.615122
16.503593,0.062094,0.615172
16.503572,0.062161,0.615222
16.503557,0.062222,0.615273
16.503536,0.062294,0.615323
16.503517,0.062494,0.615373
16.503498,0.062618,0.615424
16.503479,0.062693,0.615474
16.503456,0.062694,0.615525
16.503441,0.062809,0.615575
16.503422,0.062922,0.615626
16.503399,0.062924,0.615677
16.503380,0.063037,0.615728
16.503361,0.063101,0.615779
16.503340,0.063167,0.615830
16.503319,0.063204,0.615881
16.503298,0.063144,0.615932
16.503281,0.063221,0.615982
16.503260,0.063282,0.616033
16.503239,0.063269,0.616085
16.503220,0.063272,0.616136
16.503199,0.063272,0.616187
16.503180,0.063333,0.616238
16.503160,0.063322,0.616289
16.503139,0.063333,0.616340
16.503119,0.063322,0.616391
16.503099,0.063333,0.616442
16.503080,0.063320,0.616493
16.503059,0.063320,0.616544
16.503038,0.063320,0.616595
16.503019,0.063271,0.616646
16.502998,0.063258,0.616697
16.502979,0.063268,0.616748
16.502960,0.063207,0.616799
16.502939,0.063207,0.616850
16.502918,0.063207,0.616901
16.502901,0.063255,0.616952
16.502880,0.063142,0.617003
16.502859,0.063181,0.617054
16.502840,0.063192,0.617105
16.502819,0.063203,0.617156
16.502800,0.063192,0.617207
16.502779,0.063229,0.617258
16.502760,0.063117,0.617309
16.502741,0.063117,0.617360
16.502722,0.063290,0.617411
16.502701,0.063431,0.617462
16.502680,0.063469,0.617513
16.502659,0.063521,0.617564
16.502640,0.063541,0.617616
16.502617,0.063643,0.617667
16.502594,0.064021,0.617718
16.502575,0.064375,0.617770
16.502552,0.064300,0.617822
16.502529,0.064778,0.617874
16.502508,0.064988,0.617927
16.502472,0.068627,0.617982
16.502438,0.071669,0.618040
16.502409,0.071261,0.618097
16.502365,0.075483,0.618158
16.502335,0.073697,0.618218
16.502304,0.072734,0.618276
16.502277,0.070542,0.618333
16.502254,0.069235,0.618389
16.502234,0.067124,0.618443
16.502214,0.065401,0.618496
16.502197,0.064177,0.618548
16.502178,0.063355,0.618599
16.502159,0.062891,0.618650
16.502144,0.062078,0.618700
16.502125,0.061745,0.618749
16.502106,0.061454,0.618799
16.502089,0.061221,0.618848
16.502075,0.061011,0.618897
16.502060,0.060797,0.618946
16.502041,0.060529,0.618995
16.502026,0.060479,0.619044
16.502010,0.060387,0.619093
16.501993,0.060377,0.619141
16.501976,0.060198,0.619190
16.501963,0.060179,0.619238
16.501947,0.060167,0.619287
16.501930,0.060224,0.619336
16.501913,0.060166,0.619384
16.501898,0.060168,0.619433
16.501883,0.060236,0.619481
16.501867,0.060372,0.619530
16.501848,0.060499,0.619579
16.501831,0.060582,0.619628
16.501816,0.060614,0.619676
16.501797,0.060740,0.619725
16.501781,0.060874,0.619775
16.501764,0.060928,0.619824
16.501747,0.061027,0.619873
16.501730,0.061299,0.619922
16.501713,0.061342,0.619972
16.501694,0.061459,0.620021
16.501675,0.061591,0.620071
16.501656,0.061658,0.620121
16.501640,0.061871,0.620171
16.501621,0.061869,0.620221
16.501600,0.062054,0.620271
16.501583,0.062218,0.620321
16.501564,0.062344,0.620371
16.501547,0.062284,0.620421
16.501526,0.062451,0.620472
16.501507,0.062576,0.620522
16.501488,0.062580,0.620573
16.501469,0.062643,0.620623
16.501450,0.062760,0.620674
16.501431,0.062886,0.620725
16.501410,0.062950,0.620775
16.501389,0.062893,0.620826
16.501369,0.062967,0.620877
16.501350,0.063019,0.620928
16.501329,0.063031,0.620979
16.501310,0.063148,0.621029
16.501289,0.063148,0.621080
16.501270,0.063212,0.621131
16.501251,0.063223,0.621182
16.501230,0.063223,0.621233
16.501209,0.063261,0.621284
16.501190,0.063272,0.621335
16.501171,0.063272,0.621386
16.501150,0.063282,0.621437
16.501131,0.063326,0.621488
16.501110,0.063274,0.621539
16.501089,0.063386,0.621591
16.501072,0.063321,0.621642
16.501051,0.063269,0.621693
16.501030,0.063269,0.621744
16.501011,0.063329,0.621795
16.500990,0.063325,0.621846
16.500971,0.063325,0.621897
16.500952,0.063258,0.621948
16.500931,0.063258,0.621999
16.500910,0.063318,0.622050
16.500889,0.063263,0.622101
16.500872,0.063240,0.622152
16.500851,0.063309,0.622203
16.500830,0.063260,0.622254
16.500811,0.063245,0.622305
16.500790,0.063243,0.622356
16.500771,0.063252,0.622407
16.500751,0.063200,0.622458
16.500731,0.063198,0.622509
16.500710,0.063247,0.622560
16.500690,0.063409,0.622611
16.500671,0.063696,0.622663
16.500648,0.063706,0.622714
16.500626,0.064524,0.622766
16.500601,0.065377,0.622819
16.500578,0.065310,0.622872
16.500549,0.067820,0.622926
16.500502,0.074099,0.622986
16.500452,0.079039,0.623050
16.500488,0.054793,0.623094
16.500475,0.056419,0.623139
16.500450,0.061411,0.623189
16.500397,0.071593,0.623247
16.500359,0.074980,0.623307
16.500324,0.073597,0.623367
16.500294,0.073357,0.623426
16.500271,0.070488,0.623483
16.500244,0.069677,0.623539
16.500217,0.068574,0.623594
16.500195,0.067947,0.623649
16.500172,0.066463,0.623702
16.500153,0.065717,0.623755
16.500134,0.064701,0.623808
16.500113,0.064260,0.623859
16.500092,0.063505,0.623911
16.500076,0.062525,0.623961
16.500059,0.062105,0.624011
16.500042,0.061586,0.624061
16.500027,0.061338,0.624110
16.500011,0.060629,0.624159
16.499994,0.060287,0.624208
16.499977,0.060013,0.624256
16.499966,0.059859,0.624304
16.499950,0.059741,0.624353
16.499935,0.059413,0.624400
16.499920,0.059514,0.624448
16.499905,0.059558,0.624497
16.499889,0.059540,0.624545
16.499874,0.059582,0.624593
16.499855,0.059796,0.624641
16.499844,0.059832,0.624689
16.499826,0.059998,0.624738
16.499809,0.060152,0.624786
16.499794,0.060305,0.624835
16.499777,0.060414,0.624883
16.499760,0.060686,0.624932
16.499744,0.060847,0.624981
16.499725,0.060959,0.625031
16.499708,0.061195,0.625080
16.499689,0.061307,0.625129
16.499672,0.061586,0.625179
16.499653,0.061756,0.625229
16.499638,0.061816,0.625279
16.499615,0.062038,0.625329
16.499599,0.062110,0.625379
16.499578,0.062172,0.625429
16.499561,0.062296,0.625479
16.499542,0.062460,0.625529
16.499523,0.062511,0.625580
16.499504,0.062637,0.625630
16.499481,0.062637,0.625681
16.499466,0.062639,0.625731
16.499447,0.062866,0.625782
16.499424,0.062805,0.625833
16.499405,0.062930,0.625883
16.499386,0.062933,0.625934
16.499365,0.062946,0.625985
16.499348,0.062996,0.626036
16.499329,0.062986,0.626087
16.499306,0.063047,0.626137
16.499289,0.063060,0.626188
16.499268,0.062986,0.626239
16.499247,0.063037,0.626290
16.499229,0.062923,0.626341
16.499208,0.063048,0.626391
16.499189,0.062997,0.626442
16.499172,0.062998,0.626493
16.499149,0.062934,0.626544
16.499130,0.062874,0.626594
16.499111,0.062871,0.626645
16.499092,0.062821,0.626696
16.499073,0.062821,0.626747
16.499054,0.062758,0.626797
16.499035,0.062697,0.626848
16.499016,0.062647,0.626898
16.498997,0.062645,0.626949
16.498978,0.062633,0.626999
16.498959,0.062522,0.627050
16.498940,0.062509,0.627100
16.498920,0.062570,0.627151
16.498901,0.062582,0.627201
16.498882,0.062570,0.627252
16.498863,0.062631,0.627302
16.498844,0.062630,0.627353
16.498825,0.062679,0.627403
16.498806,0.062657,0.627454
16.498783,0.062729,0.627504
16.498768,0.062717,0.627555
16.498749,0.062717,0.627605
16.498726,0.062755,0.627656
16.498707,0.062722,0.627707
16.498692,0.062712,0.627757
16.498669,0.062805,0.627808
16.498650,0.062720,0.627858
16.498631,0.062600,0.627909
16.498611,0.062580,0.627959
16.498592,0.062565,0.628010
16.498573,0.062698,0.628060
16.498550,0.064042,0.628112
16.498508,0.070712,0.628169
16.498482,0.070156,0.628226
16.498455,0.069148,0.628281
16.498428,0.068656,0.628337
16.498404,0.068160,0.628392
16.498379,0.067794,0.628446
16.498356,0.066878,0.628500
16.498333,0.066279,0.628554
16.498314,0.065722,0.628607
16.498291,0.065026,0.628659
16.498268,0.064549,0.628711
16.498251,0.064240,0.628763
16.498228,0.063908,0.628815
16.498211,0.063670,0.628866
16.498190,0.063271,0.628917
16.498169,0.062882,0.628968
16.498154,0.062695,0.629018
16.498135,0.062394,0.629069
16.498116,0.062158,0.629119
16.498100,0.062031,0.629169
16.498081,0.061881,0.629219
16.498062,0.061731,0.629268
16.498043,0.061579,0.629318
16.498028,0.061576,0.629368
16.498009,0.061579,0.629417
16.497990,0.061533,0.629467
16.497974,0.061561,0.629517
16.497955,0.061576,0.629566
16.497936,0.061597,0.629616
16.497921,0.061740,0.629666
16.497902,0.061711,0.629715
16.497883,0.061764,0.629765
16.497868,0.061799,0.629815
16.497849,0.061841,0.629865
16.497828,0.061935,0.629915
16.497810,0.062103,0.629965
16.497793,0.062210,0.630015
16.497772,0.062318,0.630065
16.497755,0.062353,0.630116
16.497734,0.062407,0.630166
16.497715,0.062581,0.630217
16.497696,0.062582,0.630267
16.497677,0.062690,0.630318
16.497658,0.062756,0.630368
16.497639,0.062759,0.630419
16.497620,0.062938,0.630470
16.497601,0.062942,0.630520
16.497580,0.063059,0.630571
16.497561,0.063063,0.630622
16.497540,0.063143,0.630673
16.497519,0.063143,0.630724
16.497501,0.063135,0.630775
16.497480,0.063200,0.630826
16.497459,0.063200,0.630877
16.497440,0.063153,0.630928
16.497419,0.063153,0.630978
16.497400,0.063205,0.631029
16.497381,0.063264,0.631080
16.497360,0.063280,0.631131
16.497337,0.063355,0.631183
16.497320,0.063280,0.631234
16.497301,0.063329,0.631285
16.497280,0.063280,0.631336
16.497261,0.063291,0.631387
16.497240,0.063327,0.631438
16.497219,0.063275,0.631489
16.497202,0.063334,0.631540
16.497181,0.063285,0.631591
16.497160,0.063334,0.631642
16.497141,0.063329,0.631693
16.497120,0.063265,0.631744
16.497103,0.063224,0.631795
16.497082,0.063284,0.631846
16.497061,0.063208,0.631897
16.497042,0.063167,0.631948
16.497023,0.063227,0.631999
16.497002,0.063148,0.632050
16.496983,0.063186,0.632101
16.496962,0.063096,0.632152
16.496941,0.063092,0.632203
16.496923,0.063101,0.632254
16.496902,0.062977,0.632304
16.496881,0.063011,0.632355
16.496864,0.062971,0.632406
16.496845,0.062971,0.632457
16.496824,0.062957,0.632508
16.496807,0.062893,0.632558
16.496786,0.062891,0.632609
16.496765,0.062851,0.632660
16.496750,0.062912,0.632710
16.496727,0.062837,0.632761
16.496708,0.062763,0.632812
16.496689,0.062761,0.632862
16.496670,0.062721,0.632913
16.496651,0.062781,0.632963
16.496632,0.062713,0.633014
16.496613,0.062700,0.633065
16.496593,0.062670,0.633115
16.496574,0.062515,0.633166
16.496555,0.062575,0.633216
16.496550,0.058283,0.633263
16.496532,0.059316,0.633311
16.496510,0.062554,0.633361
16.496471,0.068395,0.633416
16.496437,0.071075,0.633474
16.496405,0.070850,0.633531
16.496376,0.070388,0.633588
16.496349,0.070185,0.633644
16.496323,0.069721,0.633701
16.496296,0.068600,0.633756
16.496273,0.067932,0.633811
16.496246,0.067340,0.633865
16.496227,0.066720,0.633919
16.496202,0.066131,0.633972
16.496181,0.065514,0.634025
16.496164,0.064182,0.634077
16.496143,0.063741,0.634128
16.496124,0.063362,0.634179
16.496109,0.062954,0.634230
16.496086,0.062524,0.634280
16.496069,0.062283,0.634331
16.496052,0.061514,0.634380
16.496037,0.061383,0.634430
16.496017,0.061210,0.634479
16.496004,0.061033,0.634528
16.495987,0.060971,0.634577
16.495968,0.060910,0.634627
16.495951,0.060880,0.634676
16.495937,0.060930,0.634725
16.495918,0.060930,0.634774
16.495903,0.060913,0.634823
16.495884,0.061022,0.634872
16.495867,0.061022,0.634921
16.495850,0.061129,0.634971
16.495832,0.061198,0.635020
16.495815,0.061310,0.635070
16.495796,0.061533,0.635119
16.495777,0.061539,0.635169
16.495762,0.061706,0.635219
16.495743,0.061776,0.635269
16.495724,0.061885,0.635318
16.495707,0.061955,0.635368
16.495686,0.062065,0.635418
16.495668,0.062088,0.635468
16.495651,0.062211,0.635519
16.495630,0.062213,0.635569
16.495611,0.062387,0.635619
16.495594,0.062453,0.635670
16.495571,0.062501,0.635720
16.495556,0.062566,0.635770
16.495537,0.062568,0.635821
16.495514,0.062644,0.635871
16.495499,0.062645,0.635922
16.495480,0.062695,0.635973
16.495457,0.062708,0.636023
16.495438,0.062772,0.636074
16.495419,0.062836,0.636124
16.495399,0.062809,0.636175
16.495380,0.062809,0.636226
16.495361,0.062923,0.636276
16.495340,0.062873,0.636327
16.495319,0.062937,0.636378
16.495304,0.062997,0.636429
16.495283,0.062997,0.636479
16.495262,0.062997,0.636530
16.495243,0.063035,0.636581
16.495224,0.063095,0.636632
16.495203,0.063095,0.636683
16.495184,0.063095,0.636734
16.495163,0.063095,0.636785
16.495146,0.063045,0.636836
16.495125,0.063092,0.636886
16.495104,0.063092,0.636937
16.495085,0.063080,0.636988
16.495066,0.063153,0.637039
16.495047,0.063153,0.637090
16.495028,0.063091,0.637141
16.495007,0.063090,0.637192
16.494987,0.063151,0.637243
16.494968,0.063139,0.637294
16.494947,0.063150,0.637345
16.494926,0.063088,0.637395
16.494907,0.063149,0.637446
16.494888,0.063137,0.637497
16.494867,0.063025,0.637548
16.494848,0.063137,0.637599
16.494827,0.063086,0.637650
16.494808,0.063086,0.637701
16.494789,0.063034,0.637752
16.494768,0.063086,0.637803
16.494751,0.063023,0.637853
16.494732,0.063147,0.637904
16.494711,0.063084,0.637955
16.494692,0.063021,0.638006
16.494671,0.063033,0.638057
16.494652,0.063021,0.638108
16.494633,0.063021,0.638159
16.494612,0.063021,0.638209
16.494591,0.063083,0.638260
16.494574,0.063071,0.638311
16.494553,0.062982,0.638362
16.494534,0.062898,0.638413
16.494514,0.062898,0.638463
16.494465,0.071697,0.638521
16.494436,0.071751,0.638579
16.494408,0.070690,0.638636
16.494385,0.068995,0.638692
16.494360,0.068431,0.638747
16.494335,0.067902,0.638802
16.494310,0.067329,0.638856
16.494289,0.066406,0.638909
16.494267,0.065974,0.638963
16.494244,0.065507,0.639015
16.494225,0.065068,0.639068
16.494202,0.064691,0.639120
16.494183,0.063965,0.639172
16.494164,0.063627,0.639223
16.494143,0.063280,0.639274
16.494125,0.062969,0.639325
16.494106,0.062717,0.639375
16.494087,0.062410,0.639426
16.494070,0.062116,0.639476
16.494053,0.061964,0.639526
16.494034,0.061782,0.639576
16.494019,0.061677,0.639625
16.493999,0.061517,0.639675
16.493980,0.061419,0.639724
16.493965,0.061493,0.639774
16.493946,0.061476,0.639824
16.493931,0.061436,0.639873
16.493914,0.061387,0.639923
16.493896,0.061448,0.639972
16.493877,0.061476,0.640022
16.493858,0.061648,0.640071
16.493839,0.061611,0.640121
16.493824,0.061621,0.640171
16.493805,0.061771,0.640221
16.493786,0.061908,0.640271
16.493767,0.061963,0.640321
16.493748,0.062059,0.640371
16.493731,0.062128,0.640421
16.493711,0.062175,0.640471
16.493692,0.062299,0.640521
16.493675,0.062401,0.640571
16.493652,0.062579,0.640622
16.493633,0.062621,0.640672
16.493618,0.062612,0.640723
16.493595,0.062678,0.640773
16.493580,0.062800,0.640824
16.493557,0.062863,0.640875
16.493538,0.062860,0.640926
16.493521,0.062913,0.640976
16.493500,0.062980,0.641027
16.493479,0.063099,0.641078
16.493460,0.063039,0.641129
16.493441,0.063107,0.641180
16.493420,0.063172,0.641231
16.493401,0.063172,0.641282
16.493380,0.063227,0.641333
16.493359,0.063168,0.641384
16.493341,0.063240,0.641435
16.493320,0.063243,0.641486
16.493301,0.063246,0.641537
16.493280,0.063230,0.641588
16.493259,0.063181,0.641639
16.493242,0.063230,0.641690
16.493221,0.063293,0.641741
16.493200,0.063186,0.641792
16.493181,0.063235,0.641843
16.493160,0.063300,0.641894
16.493141,0.063246,0.641945
16.493122,0.063240,0.641996
16.493101,0.063229,0.642047
16.493080,0.063289,0.642098
16.493063,0.063289,0.642149
16.493042,0.063284,0.642200
16.493023,0.063284,0.642251
16.493002,0.063167,0.642302
16.492981,0.063227,0.642353
16.492964,0.063212,0.642404
16.492943,0.063159,0.642455
16.492922,0.063271,0.642506
16.492903,0.063215,0.642557
16.492882,0.063275,0.642608
16.492863,0.063223,0.642659
16.492844,0.063159,0.642709
16.492823,0.063208,0.642760
16.492804,0.063205,0.642811
16.492786,0.063153,0.642862
16.492765,0.063138,0.642913
16.492746,0.063086,0.642964
16.492725,0.063196,0.643015
16.492704,0.063095,0.643066
16.492687,0.063130,0.643117
16.492666,0.063130,0.643168
16.492645,0.063076,0.643219
16.492626,0.063085,0.643270
16.492607,0.063085,0.643320
16.492588,0.063071,0.643371
16.492567,0.063020,0.643422
16.492546,0.063081,0.643473
16.492529,0.063140,0.643524
16.492510,0.063066,0.643575
16.492485,0.064164,0.643626
16.492466,0.064079,0.643678
16.492466,0.057424,0.643724
16.492437,0.061906,0.643774
16.492390,0.071867,0.643832
16.492359,0.071353,0.643890
16.492331,0.071177,0.643947
16.492302,0.070625,0.644004
16.492275,0.070057,0.644061
16.492249,0.069401,0.644117
16.492222,0.068881,0.644172
16.492199,0.067482,0.644227
16.492176,0.066890,0.644281
16.492151,0.066327,0.644334
16.492130,0.065737,0.644387
16.492109,0.065150,0.644440
16.492088,0.064645,0.644492
16.492069,0.063723,0.644543
16.492050,0.063421,0.644594
16.492031,0.063037,0.644645
16.492016,0.062709,0.644696
16.491995,0.062327,0.644746
16.491982,0.061899,0.644796
16.491962,0.061676,0.644845
16.491943,0.061438,0.644895
16.491928,0.061309,0.644944
16.491911,0.061248,0.644994
16.491892,0.061178,0.645043
16.491877,0.061119,0.645093
16.491859,0.061104,0.645142
16.491840,0.061096,0.645191
16.491825,0.061184,0.645240
16.491806,0.061240,0.645290
16.491789,0.061239,0.645339
16.491774,0.061283,0.645389
16.491758,0.061341,0.645428
16.491741,0.061450,0.645478
16.491722,0.061512,0.645527
16.491707,0.061570,0.645577
16.491688,0.061673,0.645627
16.491669,0.061740,0.645677
16.491653,0.061908,0.645727
16.491632,0.062029,0.645777
16.491611,0.062098,0.645827
16.491596,0.062209,0.645877
16.491575,0.062271,0.645927
16.491558,0.062322,0.645977
16.491539,0.062446,0.646028
16.491520,0.062522,0.646078
16.491501,0.062635,0.646129
16.491482,0.062637,0.646179
16.491463,0.062676,0.646230
16.491444,0.062752,0.646280
16.491425,0.062816,0.646331
16.491402,0.062805,0.646381
16.491385,0.062868,0.646432
16.491367,0.062932,0.646483
16.491344,0.062946,0.646534
16.491325,0.062996,0.646585
16.491304,0.063046,0.646635
16.491285,0.063047,0.646686
16.491266,0.063047,0.646737
16.491245,0.063047,0.646788
16.491228,0.063034,0.646839
16.491209,0.063122,0.646890
16.491188,0.063111,0.646941
16.491169,0.063108,0.646991
16.491148,0.063095,0.647042
16.491129,0.063108,0.647093
16.491110,0.063095,0.647144
16.491089,0.063095,0.647195
16.491068,0.063083,0.647246
16.491051,0.063143,0.647297
16.491030,0.063106,0.647348
16.491011,0.063043,0.647399
16.490990,0.063094,0.647449
16.490973,0.063080,0.647500
16.490953,0.063030,0.647551
16.490932,0.063030,0.647602
16.490911,0.063091,0.647653
16.490894,0.063080,0.647704
16.490873,0.063028,0.647755
16.490854,0.063017,0.647805
16.490833,0.063028,0.647856
16.490812,0.063016,0.647907
16.490797,0.063004,0.647958
16.490776,0.062965,0.648009
16.490757,0.062890,0.648059
16.490738,0.062902,0.648110
16.490719,0.062890,0.648161
16.490700,0.062828,0.648212
16.490681,0.062877,0.648262
16.490662,0.062866,0.648313
16.490643,0.062833,0.648364
16.490620,0.062780,0.648414
16.490601,0.062831,0.648465
16.490585,0.062739,0.648516
16.490562,0.062729,0.648566
16.490543,0.062743,0.648617
16.490524,0.062946,0.648668
16.490498,0.064992,0.648720
16.490459,0.070436,0.648777
16.490429,0.070254,0.648833
16.490402,0.070265,0.648890
16.490376,0.069638,0.648946
16.490353,0.068722,0.649002
16.490324,0.067990,0.649056
16.490301,0.067254,0.649111
16.490280,0.066668,0.649164
16.490257,0.066135,0.649218
16.490234,0.065281,0.649270
16.490211,0.064905,0.649323
16.490192,0.064541,0.649375
16.490173,0.063806,0.649426
16.490158,0.063541,0.649478
16.490137,0.063215,0.649529
16.490116,0.062745,0.649579
16.490099,0.062459,0.649629
16.490082,0.062229,0.649680
16.490061,0.062077,0.649730
16.490046,0.061884,0.649780
16.490028,0.061638,0.649829
16.490009,0.061504,0.649879
16.489994,0.061376,0.649928
16.489977,0.061277,0.649978
16.489958,0.061250,0.650027
16.489943,0.061251,0.650077
16.489925,0.061282,0.650126
16.489906,0.061247,0.650175
16.489891,0.061312,0.650225
16.489872,0.061345,0.650274
16.489857,0.061483,0.650324
16.489838,0.061483,0.650374
16.489819,0.061633,0.650423
16.489803,0.061674,0.650473
16.489784,0.061824,0.650523
16.489763,0.061915,0.650573
16.489748,0.061973,0.650623
16.489727,0.062185,0.650673
16.489710,0.062231,0.650723
16.489691,0.062285,0.650773
16.489670,0.062473,0.650824
16.489651,0.062513,0.650874
16.489632,0.062581,0.650925
16.489613,0.062696,0.650975
16.489594,0.062763,0.651026
16.489574,0.062826,0.651076
16.489555,0.062834,0.651127
16.489536,0.062888,0.651178
16.489517,0.062903,0.651228
16.489496,0.063019,0.651279
16.489477,0.063034,0.651330
16.489458,0.063088,0.651381
16.489437,0.063088,0.651432
16.489418,0.063104,0.651483
16.489397,0.063104,0.651534
16.489378,0.063104,0.651585
16.489359,0.063156,0.651636
16.489338,0.063215,0.651687
16.489319,0.063169,0.651738
16.489298,0.063169,0.651789
16.489281,0.063280,0.651840
16.489260,0.063291,0.651891
16.489239,0.063238,0.651942
16.489222,0.063163,0.651993
16.489201,0.063174,0.652044
16.489182,0.063233,0.652095
16.489162,0.063169,0.652146
16.489141,0.063180,0.652196
16.489122,0.063164,0.652247
16.489101,0.063112,0.652298
16.489082,0.063172,0.652349
16.489063,0.063167,0.652400
16.489042,0.063167,0.652451
16.489021,0.063156,0.652502
16.489004,0.063149,0.652553
16.488983,0.063160,0.652604
16.488964,0.063156,0.652655
16.488943,0.063093,0.652706
16.488924,0.063153,0.652757
16.488905,0.063086,0.652808
16.488884,0.063098,0.652859
16.488867,0.063047,0.652909
16.488846,0.063156,0.652960
16.488827,0.063093,0.653011
16.488808,0.063102,0.653062
16.488787,0.063062,0.653113
16.488766,0.063075,0.653164
16.488749,0.063085,0.653215
16.488728,0.063121,0.653266
16.488708,0.063147,0.653317
16.488688,0.063144,0.653368
16.488668,0.063232,0.653419
16.488649,0.063237,0.653470
16.488628,0.063575,0.653521
16.488602,0.065489,0.653574
16.488567,0.068475,0.653629
16.488541,0.068757,0.653684
16.488529,0.063679,0.653736
16.488487,0.071383,0.653793
16.488457,0.070575,0.653850
16.488432,0.069730,0.653906
16.488405,0.069159,0.653962
16.488380,0.068623,0.654017
16.488354,0.067918,0.654072
16.488333,0.067359,0.654127
16.488312,0.066246,0.654180
16.488289,0.065665,0.654233
16.488268,0.065016,0.654285
16.488247,0.063976,0.654337
16.488228,0.063614,0.654388
16.488211,0.063137,0.654439
16.488194,0.062374,0.654489
16.488174,0.062019,0.654539
16.488159,0.061720,0.654589
16.488144,0.061414,0.654639
16.488125,0.061082,0.654688
16.488110,0.060927,0.654737
16.488094,0.060660,0.654786
16.488075,0.060577,0.654835
16.488062,0.060415,0.654884
16.488045,0.060354,0.654932
16.488029,0.060348,0.654981
16.488010,0.060408,0.655030
16.487997,0.060384,0.655078
16.487980,0.060426,0.655127
16.487965,0.060527,0.655176
16.487946,0.060685,0.655225
16.487930,0.060775,0.655274
16.487911,0.060880,0.655323
16.487896,0.060924,0.655372
16.487881,0.061094,0.655421
16.487862,0.061197,0.655471
16.487846,0.061469,0.655520
16.487827,0.061633,0.655570
16.487808,0.061740,0.655620
16.487789,0.061855,0.655670
16.487772,0.061962,0.655720
16.487751,0.062134,0.655770
16.487732,0.062344,0.655820
16.487715,0.062406,0.655870
16.487694,0.062530,0.655921
16.487675,0.062581,0.655971
16.487656,0.062645,0.656022
16.487637,0.062759,0.656072
16.487617,0.062761,0.656123
16.487598,0.062824,0.656174
16.487579,0.062937,0.656225
16.487558,0.062990,0.656275
16.487537,0.063094,0.656326
16.487520,0.063057,0.656377
16.487499,0.063107,0.656428
16.487480,0.063111,0.656479
16.487461,0.063161,0.656530
16.487442,0.063165,0.656581
16.487423,0.063176,0.656632
16.487402,0.063166,0.656683
16.487383,0.063153,0.656734
16.487364,0.063092,0.656785
16.487343,0.063116,0.656835
16.487324,0.063067,0.656886
16.487303,0.063103,0.656937
16.487286,0.063054,0.656988
16.487265,0.063054,0.657039
16.487244,0.062940,0.657090
16.487225,0.062991,0.657140
16.487207,0.062977,0.657191
16.487186,0.063003,0.657242
16.487167,0.062878,0.657293
16.487146,0.062939,0.657344
16.487129,0.062875,0.657394
16.487108,0.062915,0.657445
16.487089,0.062926,0.657496
16.487072,0.062926,0.657546
16.487051,0.062864,0.657597
16.487034,0.062915,0.657648
16.487011,0.062912,0.657699
16.486992,0.062924,0.657749
16.486977,0.062800,0.657800
16.486954,0.062849,0.657851
16.486935,0.062826,0.657901
16.486916,0.062786,0.657952
16.486897,0.062812,0.658003
16.486877,0.062802,0.658053
16.486858,0.062802,0.658104
16.486839,0.062873,0.658155
16.486820,0.062851,0.658205
16.486801,0.062798,0.658256
16.486782,0.062779,0.658307
16.486763,0.062713,0.658357
16.486740,0.062767,0.658408
16.486721,0.063780,0.658459
16.486694,0.065424,0.658512
16.486673,0.064847,0.658564
16.486637,0.069358,0.658620
16.486609,0.070030,0.658677
16.486580,0.069377,0.658733
16.486557,0.068703,0.658788
16.486530,0.067836,0.658843
16.486511,0.066813,0.658897
16.486485,0.066378,0.658950
16.486465,0.065921,0.659003
16.486443,0.065476,0.659056
16.486420,0.065087,0.659109
16.486399,0.065022,0.659161
16.486378,0.064631,0.659213
16.486359,0.064080,0.659265
16.486336,0.063766,0.659316
16.486320,0.063504,0.659368
16.486300,0.063144,0.659418
16.486282,0.062884,0.659469
16.486263,0.062743,0.659520
16.486244,0.062356,0.659570
16.486227,0.062272,0.659620
16.486210,0.062098,0.659670
16.486191,0.061959,0.659720
16.486172,0.061778,0.659770
16.486156,0.061673,0.659820
16.486137,0.061692,0.659870
16.486122,0.061592,0.659919
16.486099,0.061605,0.659969
16.486084,0.061639,0.660019
16.486065,0.061657,0.660068
16.486050,0.061723,0.660118
16.486031,0.061783,0.660168
16.486012,0.061756,0.660218
16.485992,0.061868,0.660268
16.485977,0.061895,0.660318
16.485956,0.061984,0.660368
16.485939,0.062135,0.660418
16.485920,0.062293,0.660468
16.485903,0.062290,0.660518
16.485882,0.062397,0.660569
16.485863,0.062441,0.660619
16.485844,0.062504,0.660669
16.485828,0.062556,0.660720
16.485806,0.062670,0.660770
16.485786,0.062746,0.660821
16.485767,0.062840,0.660872
16.485746,0.062966,0.660922
16.485729,0.062931,0.660973
16.485710,0.062999,0.661024
16.485689,0.063114,0.661075
16.485670,0.063168,0.661126
16.485649,0.063172,0.661177
16.485632,0.063177,0.661228
16.485611,0.063241,0.661279
16.485590,0.063293,0.661330
16.485569,0.063308,0.661381
16.485550,0.063373,0.661432
16.485533,0.063373,0.661483
16.485512,0.063336,0.661534
16.485491,0.063336,0.661585
16.485472,0.063438,0.661636
16.485451,0.063378,0.661687
16.485430,0.063388,0.661739
16.485411,0.063388,0.661790
16.485390,0.063388,0.661841
16.485371,0.063388,0.661892
16.485348,0.063347,0.661943
16.485329,0.063394,0.661994
16.485312,0.063334,0.662045
16.485291,0.063329,0.662096
16.485271,0.063277,0.662147
16.485250,0.063277,0.662198
16.485231,0.063272,0.662249
16.485212,0.063272,0.662300
16.485191,0.063272,0.662351
16.485172,0.063216,0.662402
16.485151,0.063276,0.662453
16.485132,0.063276,0.662504
16.485113,0.063250,0.662555
16.485094,0.063197,0.662606
16.485073,0.063217,0.662657
16.485052,0.063254,0.662708
16.485033,0.063367,0.662759
16.485014,0.063251,0.662811
16.484995,0.063424,0.662862
16.484974,0.063485,0.662913
16.484951,0.063697,0.662964
16.484932,0.063757,0.663016
16.484909,0.064046,0.663067
16.484890,0.064169,0.663119
16.484867,0.064446,0.663171
16.484844,0.064672,0.663223
16.484825,0.064620,0.663275
16.484800,0.065305,0.663328
16.484776,0.066061,0.663381
16.484749,0.066536,0.663435
16.484724,0.067419,0.663489
16.484695,0.067249,0.663544
16.484669,0.068572,0.663599
16.484592,0.084846,0.663667
16.484539,0.086436,0.663737
16.484550,0.067220,0.663791
16.484520,0.068777,0.663847
16.484520,0.060707,0.663896
16.484491,0.064231,0.663947
16.484444,0.072661,0.664006
16.484417,0.071411,0.664064
16.484390,0.069962,0.664120
16.484369,0.067992,0.664175
16.484346,0.066806,0.664229
16.484329,0.065297,0.664281
16.484310,0.064495,0.664333
16.484291,0.063225,0.664384
16.484272,0.062524,0.664435
16.484259,0.061393,0.664484
16.484245,0.060813,0.664533
16.484228,0.060311,0.664582
16.484213,0.060033,0.664630
16.484201,0.059361,0.664678
16.484186,0.059120,0.664726
16.484173,0.058909,0.664773
16.484161,0.058768,0.664821
16.484146,0.058714,0.664868
16.484131,0.058638,0.664915
16.484116,0.058549,0.664963
16.484104,0.058762,0.665010
16.484089,0.058790,0.665057
16.484074,0.058846,0.665105
16.484060,0.058948,0.665152
16.484045,0.059261,0.665200
16.484030,0.059407,0.665248
16.484016,0.059560,0.665296
16.483999,0.059928,0.665344
16.483986,0.059930,0.665393
16.483969,0.060087,0.665441
16.483952,0.060313,0.665490
16.483932,0.060471,0.665539
16.483917,0.060581,0.665588
16.483902,0.060805,0.665637
16.483883,0.061184,0.665686
16.483868,0.061343,0.665735
16.483849,0.061359,0.665785
16.483833,0.061526,0.665834
16.483810,0.061807,0.665884
16.483793,0.061999,0.665934
16.483776,0.062049,0.665984
16.483755,0.062210,0.666035
16.483738,0.062395,0.666085
16.483719,0.062520,0.666135
16.483700,0.062621,0.666186
16.483681,0.062746,0.666236
16.483662,0.062861,0.666287
16.483639,0.062974,0.666338
16.483622,0.063040,0.666389
16.483601,0.063154,0.666440
16.483582,0.063157,0.666491
16.483561,0.063221,0.666542
16.483541,0.063218,0.666593
16.483521,0.063282,0.666644
16.483501,0.063272,0.666695
16.483482,0.063322,0.666746
16.483461,0.063272,0.666797
16.483442,0.063322,0.666848
16.483423,0.063322,0.666899
16.483402,0.063387,0.666950
16.483383,0.063333,0.667001
16.483362,0.063333,0.667052
16.483343,0.063324,0.667103
16.483324,0.063333,0.667154
16.483303,0.063284,0.667205
16.483284,0.063207,0.667256
16.483263,0.063207,0.667307
16.483244,0.063207,0.667358
16.483225,0.063207,0.667409
16.483206,0.063145,0.667460
16.483185,0.063155,0.667511
16.483164,0.063094,0.667562
16.483147,0.063091,0.667613
16.483126,0.063142,0.667664
16.483107,0.063142,0.667715
16.483086,0.063131,0.667765
16.483068,0.063017,0.667816
16.483049,0.063079,0.667867
16.483028,0.062915,0.667918
16.483009,0.063028,0.667969
16.482990,0.062904,0.668019
16.482969,0.062953,0.668070
16.482950,0.062902,0.668121
16.482933,0.062828,0.668172
16.482914,0.062767,0.668222
16.482895,0.062715,0.668273
16.482876,0.062654,0.668323
16.482857,0.062497,0.668374
16.482838,0.062375,0.668424
16.482821,0.062445,0.668474
16.482800,0.062405,0.668525
16.482782,0.062261,0.668575
16.482765,0.062134,0.668625
16.482746,0.062080,0.668675
16.482727,0.062131,0.668725
16.482710,0.062249,0.668775
16.482679,0.066206,0.668829
16.482649,0.067759,0.668884
16.482626,0.067031,0.668938
16.482597,0.068718,0.668993
16.482571,0.069116,0.669049
16.482544,0.068529,0.669104
16.482521,0.067457,0.669158
16.482498,0.066748,0.669212
16.482477,0.065946,0.669265
16.482452,0.065511,0.669318
16.482433,0.065060,0.669371
16.482410,0.064753,0.669423
16.482388,0.064384,0.669475
16.482372,0.063861,0.669526
16.482349,0.063617,0.669578
16.482334,0.063238,0.669629
16.482313,0.063031,0.669680
16.482296,0.062782,0.669730
16.482277,0.062468,0.669780
16.482262,0.062354,0.669821
16.482248,0.062244,0.669861
16.482229,0.062137,0.669911
16.482212,0.061917,0.669961
16.482193,0.061848,0.670011
16.482178,0.061760,0.670061
16.482159,0.061687,0.670110
16.482143,0.061599,0.670160
16.482124,0.061604,0.670210
16.482105,0.061550,0.670259
16.482090,0.061537,0.670309
16.482071,0.061622,0.670359
16.482052,0.061702,0.670409
16.482037,0.061801,0.670458
16.482016,0.061951,0.670508
16.481998,0.062003,0.670558
16.481979,0.062028,0.670608
16.481962,0.062245,0.670659
16.481943,0.062176,0.670709
16.481924,0.062399,0.670759
16.481907,0.062510,0.670809
16.481884,0.062562,0.670860
16.481865,0.062678,0.670910
16.481850,0.062743,0.670961
16.481827,0.062797,0.671012
16.481808,0.062927,0.671062
16.481789,0.062990,0.671113
16.481770,0.062994,0.671164
16.481750,0.063062,0.671215
16.481730,0.063066,0.671266
16.481712,0.063120,0.671317
16.481691,0.063120,0.671367
16.481672,0.063195,0.671418
16.481651,0.063200,0.671469
16.481630,0.063264,0.671520
16.481613,0.063205,0.671571
16.481590,0.063329,0.671622
16.481573,0.063317,0.671673
16.481552,0.063329,0.671725
16.481533,0.063329,0.671776
16.481514,0.063319,0.671827
16.481493,0.063280,0.671878
16.481472,0.063339,0.671929
16.481453,0.063339,0.671980
16.481434,0.063399,0.672031
16.481415,0.063334,0.672082
16.481394,0.063334,0.672133
16.481373,0.063383,0.672184
16.481354,0.063277,0.672235
16.481333,0.063389,0.672287
16.481314,0.063272,0.672338
16.481295,0.063262,0.672389
16.481274,0.063272,0.672440
16.481253,0.063268,0.672491
16.481234,0.063276,0.672542
16.481215,0.063276,0.672593
16.481195,0.063224,0.672644
16.481174,0.063209,0.672695
16.481157,0.063134,0.672745
16.481136,0.063205,0.672796
16.481117,0.063202,0.672847
16.481098,0.063150,0.672898
16.481077,0.063135,0.672949
16.481058,0.063084,0.673000
16.481039,0.063144,0.673051
16.481020,0.063130,0.673102
16.480999,0.063078,0.673153
16.480978,0.063076,0.673204
16.480961,0.063073,0.673254
16.480940,0.063123,0.673305
16.480921,0.063132,0.673356
16.480900,0.063595,0.673407
16.480877,0.063718,0.673459
16.480854,0.064486,0.673511
16.480827,0.066651,0.673565
16.480791,0.071007,0.673622
16.480736,0.078189,0.673685
16.480694,0.079473,0.673749
16.480724,0.057836,0.673796
16.480698,0.061784,0.673846
16.480659,0.067803,0.673900
16.480621,0.072600,0.673959
16.480587,0.072367,0.674017
16.480562,0.071145,0.674074
16.480536,0.070050,0.674131
16.480511,0.068555,0.674186
16.480488,0.067880,0.674241
16.480465,0.066950,0.674295
16.480444,0.066052,0.674348
16.480423,0.065347,0.674401
16.480404,0.064623,0.674453
16.480385,0.063425,0.674504
16.480366,0.062784,0.674555
16.480350,0.062362,0.674605
16.480333,0.061957,0.674655
16.480312,0.061556,0.674705
16.480301,0.061181,0.674754
16.480286,0.060656,0.674803
16.480267,0.060398,0.674852
16.480253,0.060295,0.674900
16.480238,0.060128,0.674949
16.480223,0.060010,0.674997
16.480209,0.059894,0.675046
16.480190,0.059901,0.675094
16.480179,0.059876,0.675142
16.480160,0.059870,0.675190
16.480145,0.059971,0.675239
16.480131,0.059954,0.675287
16.480116,0.060053,0.675336
16.480097,0.060262,0.675384
16.480083,0.060484,0.675433
16.480064,0.060583,0.675482
16.480045,0.060692,0.675531
16.480030,0.060864,0.675580
16.480015,0.061184,0.675629
16.479998,0.061297,0.675678
16.479977,0.061475,0.675728
16.479958,0.061519,0.675778
16.479942,0.061697,0.675827
16.479923,0.061867,0.675877
16.479908,0.061987,0.675927
16.479887,0.062049,0.675977
16.479870,0.062210,0.676028
16.479851,0.062396,0.676078
16.479832,0.062471,0.676128
16.479813,0.062573,0.676179
16.479794,0.062737,0.676229
16.479774,0.062800,0.676280
16.479755,0.062866,0.676331
16.479734,0.062930,0.676381
16.479717,0.062933,0.676432
16.479694,0.062933,0.676483
16.479677,0.063047,0.676534
16.479658,0.062986,0.676585
16.479637,0.063050,0.676635
16.479618,0.063114,0.676686
16.479599,0.063125,0.676737
16.479580,0.063165,0.676788
16.479559,0.063102,0.676839
16.479540,0.063102,0.676890
16.479521,0.063115,0.676941
16.479500,0.063113,0.676992
16.479481,0.063052,0.677043
16.479460,0.063113,0.677094
16.479441,0.063113,0.677144
16.479424,0.063100,0.677195
16.479404,0.063100,0.677246
16.479383,0.063050,0.677297
16.479362,0.062999,0.677348
16.479345,0.062999,0.677399
16.479324,0.062923,0.677449
16.479305,0.062874,0.677500
16.479288,0.062923,0.677551
16.479271,0.062874,0.677602
16.479248,0.062934,0.677652
16.479229,0.062871,0.677703
16.479210,0.062820,0.677754
16.479191,0.062747,0.677804
16.479172,0.062807,0.677855
16.479153,0.062807,0.677906
16.479134,0.062695,0.677956
16.479115,0.062633,0.678007
16.479095,0.062644,0.678057
16.479076,0.062632,0.678108
16.479057,0.062618,0.678158
16.479038,0.062731,0.678209
16.479019,0.062731,0.678259
16.479004,0.062679,0.678310
16.478981,0.062668,0.678360
16.478962,0.062668,0.678411
16.478943,0.062671,0.678461
16.478924,0.062649,0.678512
16.478909,0.062621,0.678563
16.478886,0.062649,0.678613
16.478867,0.062515,0.678663
16.478851,0.062725,0.678714
16.478809,0.068839,0.678770
16.478777,0.070799,0.678827
16.478752,0.070266,0.678883
16.478725,0.069628,0.678940
16.478699,0.068560,0.678995
16.478676,0.067664,0.679049
16.478653,0.067015,0.679103
16.478630,0.065939,0.679157
16.478607,0.065439,0.679209
16.478588,0.065061,0.679262
16.478569,0.064362,0.679314
16.478548,0.063927,0.679365
16.478531,0.063658,0.679417
16.478512,0.063174,0.679468
16.478493,0.062956,0.679518
16.478474,0.062567,0.679569
16.478455,0.062366,0.679619
16.478437,0.062107,0.679669
16.478418,0.061999,0.679719
16.478405,0.061738,0.679769
16.478386,0.061639,0.679819
16.478367,0.061568,0.679868
16.478352,0.061438,0.679918
16.478334,0.061363,0.679967
16.478317,0.061381,0.680017
16.478298,0.061379,0.680066
16.478279,0.061379,0.680116
16.478264,0.061345,0.680165
16.478247,0.061433,0.680215
16.478230,0.061546,0.680264
16.478210,0.061642,0.680314
16.478191,0.061660,0.680364
16.478176,0.061744,0.680414
16.478155,0.061811,0.680463
16.478140,0.061915,0.680513
16.478121,0.062007,0.680563
16.478102,0.062051,0.680613
16.478085,0.062219,0.680664
16.478062,0.062304,0.680714
16.478048,0.062305,0.680764
16.478027,0.062528,0.680815
16.478008,0.062593,0.680865
16.477989,0.062707,0.680916
16.477970,0.062710,0.680966
16.477951,0.062756,0.681017
16.477932,0.062882,0.681067
16.477913,0.062949,0.681118
16.477892,0.063065,0.681169
16.477873,0.063069,0.681220
16.477854,0.063127,0.681271
16.477833,0.063254,0.681322
16.477814,0.063259,0.681373
16.477793,0.063324,0.681424
16.477772,0.063324,0.681475
16.477755,0.063329,0.681526
16.477736,0.063329,0.681577
16.477715,0.063345,0.681628
16.477695,0.063446,0.681679
16.477674,0.063397,0.681731
16.477654,0.063397,0.681782
16.477636,0.063397,0.681833
16.477615,0.063397,0.681884
16.477592,0.063457,0.681935
16.477573,0.063408,0.681986
16.477554,0.063467,0.682038
16.477535,0.063457,0.682089
16.477516,0.063451,0.682140
16.477493,0.063451,0.682191
16.477474,0.063459,0.682242
16.477455,0.063345,0.682293
16.477436,0.063382,0.682344
16.477417,0.063340,0.682396
16.477394,0.063340,0.682447
16.477377,0.063336,0.682498
16.477356,0.063325,0.682549
16.477339,0.063332,0.682600
16.477318,0.063268,0.682651
16.477299,0.063328,0.682702
16.477278,0.063288,0.682753
16.477257,0.063272,0.682804
16.477240,0.063298,0.682855
16.477219,0.063257,0.682906
16.477200,0.063202,0.682957
16.477179,0.063262,0.683008
16.477160,0.063412,0.683059
16.477135,0.063474,0.683110
16.477119,0.063421,0.683161
16.477097,0.063656,0.683213
16.477076,0.063807,0.683264
16.477057,0.063918,0.683316
16.477034,0.064092,0.683367
16.477015,0.064102,0.683419
16.476990,0.064710,0.683471
16.476969,0.064990,0.683524
16.476946,0.064896,0.683576
16.476925,0.065291,0.683629
16.476892,0.067765,0.683683
16.476864,0.068938,0.683739
16.476835,0.068829,0.683794
16.476755,0.085813,0.683864
16.476807,0.055375,0.683908
16.476797,0.055018,0.683953
16.476772,0.060351,0.684001
16.476734,0.066756,0.684055
16.476690,0.073005,0.684114
16.476665,0.070386,0.684171
16.476639,0.069603,0.684227
16.476612,0.069093,0.684283
16.476591,0.067966,0.684338
16.476572,0.066102,0.684391
16.476547,0.066165,0.684444
16.476528,0.064858,0.684497
16.476509,0.064802,0.684549
16.476486,0.064064,0.684600
16.476467,0.063626,0.684652
16.476448,0.063205,0.684703
16.476433,0.062659,0.684753
16.476416,0.061965,0.684803
16.476398,0.061657,0.684853
16.476381,0.061328,0.684902
16.476366,0.061000,0.684952
16.476353,0.060898,0.685001
16.476334,0.060459,0.685049
16.476318,0.060358,0.685098
16.476303,0.060191,0.685147
16.476288,0.060110,0.685195
16.476273,0.060048,0.685244
16.476255,0.059987,0.685292
16.476240,0.060033,0.685340
16.476227,0.060077,0.685389
16.476210,0.060111,0.685437
16.476192,0.060105,0.685486
16.476179,0.060221,0.685534
16.476162,0.060324,0.685583
16.476147,0.060481,0.685632
16.476128,0.060603,0.685681
16.476112,0.060772,0.685730
16.476097,0.060876,0.685779
16.476078,0.060991,0.685828
16.476063,0.061167,0.685877
16.476046,0.061283,0.685927
16.476025,0.061441,0.685976
16.476009,0.061572,0.686026
16.475990,0.061632,0.686076
16.475975,0.061743,0.686125
16.475954,0.061854,0.686175
16.475937,0.061977,0.686225
16.475918,0.062050,0.686275
16.475899,0.062226,0.686325
16.475882,0.062288,0.686376
16.475861,0.062351,0.686426
16.475843,0.062353,0.686476
16.475822,0.062591,0.686527
16.475807,0.062578,0.686577
16.475784,0.062705,0.686628
16.475765,0.062644,0.686678
16.475750,0.062708,0.686729
16.475727,0.062832,0.686780
16.475710,0.062933,0.686830
16.475689,0.062933,0.686881
16.475670,0.062933,0.686932
16.475649,0.062996,0.686983
16.475634,0.063007,0.687033
16.475613,0.062983,0.687084
16.475592,0.063047,0.687135
16.475573,0.063107,0.687186
16.475554,0.063094,0.687237
16.475534,0.063158,0.687288
16.475513,0.063094,0.687339
16.475494,0.063105,0.687389
16.475475,0.063105,0.687440
16.475456,0.063155,0.687491
16.475435,0.063206,0.687542
16.475414,0.063153,0.687593
16.475397,0.063204,0.687644
16.475376,0.063153,0.687695
16.475357,0.063153,0.687746
16.475336,0.063141,0.687797
16.475319,0.063140,0.687848
16.475300,0.063203,0.687899
16.475281,0.063202,0.687950
16.475260,0.063139,0.688001
16.475241,0.063139,0.688051
16.475222,0.063126,0.688102
16.475201,0.063176,0.688153
16.475182,0.063075,0.688204
16.475161,0.063137,0.688255
16.475143,0.063137,0.688306
16.475122,0.063074,0.688357
16.475103,0.063112,0.688408
16.475082,0.063050,0.688459
16.475065,0.063072,0.688509
16.475044,0.063101,0.688560
16.475027,0.063038,0.688611
16.475006,0.063139,0.688662
16.474985,0.063099,0.688713
16.474968,0.063012,0.688764
16.474949,0.062926,0.688815
16.474928,0.062897,0.688865
16.474909,0.062951,0.688916
16.474890,0.062853,0.688967
16.474852,0.068910,0.689022
16.474815,0.071468,0.689080
16.474792,0.070075,0.689136
16.474764,0.069827,0.689193
16.474739,0.069195,0.689249
16.474710,0.068704,0.689304
16.474686,0.068114,0.689359
16.474663,0.067401,0.689413
16.474640,0.066788,0.689467
16.474621,0.065604,0.689520
16.474600,0.065146,0.689573
16.474577,0.064816,0.689625
16.474556,0.064426,0.689677
16.474537,0.063934,0.689728
16.474518,0.063544,0.689780
16.474499,0.063254,0.689831
16.474480,0.063030,0.689882
16.474461,0.062530,0.689932
16.474445,0.062173,0.689982
16.474428,0.062014,0.690032
16.474409,0.061869,0.690082
16.474392,0.061667,0.690132
16.474373,0.061559,0.690181
16.474358,0.061553,0.690231
16.474339,0.061507,0.690281
16.474323,0.061539,0.690330
16.474304,0.061502,0.690380
16.474289,0.061554,0.690429
16.474270,0.061520,0.690479
16.474251,0.061639,0.690529
16.474236,0.061595,0.690578
16.474216,0.061731,0.690628
16.474201,0.061759,0.690678
16.474182,0.061859,0.690728
16.474161,0.062013,0.690778
16.474146,0.062117,0.690828
16.474125,0.062162,0.690878
16.474108,0.062212,0.690928
16.474087,0.062369,0.690979
16.474072,0.062431,0.691029
16.474052,0.062470,0.691079
16.474033,0.062585,0.691130
16.474014,0.062636,0.691180
16.473991,0.062715,0.691231
16.473974,0.062882,0.691282
16.473955,0.062815,0.691332
16.473936,0.062882,0.691383
16.473917,0.062946,0.691434
16.473898,0.063126,0.691485
16.473877,0.063135,0.691536
16.473858,0.063259,0.691587
16.473837,0.063200,0.691638
16.473820,0.063317,0.691689
16.473797,0.063307,0.691740
16.473780,0.063319,0.691791
16.473759,0.063332,0.691842
16.473736,0.063332,0.691893
16.473721,0.063397,0.691944
16.473698,0.063345,0.691995
16.473679,0.063410,0.692046
16.473660,0.063345,0.692097
16.473640,0.063397,0.692149
16.473621,0.063397,0.692200
16.473602,0.063355,0.692251
16.473579,0.063350,0.692302
16.473562,0.063402,0.692353
16.473541,0.063350,0.692404
16.473524,0.063285,0.692455
16.473503,0.063270,0.692506
16.473482,0.063270,0.692557
16.473463,0.063329,0.692608
16.473442,0.063227,0.692659
16.473425,0.063224,0.692710
16.473404,0.063159,0.692761
16.473385,0.063268,0.692812
16.473364,0.063216,0.692863
16.473343,0.063264,0.692914
16.473326,0.063313,0.692965
16.473307,0.063373,0.693016
16.473286,0.063483,0.693067
16.473263,0.063491,0.693119
16.473244,0.063592,0.693170
16.473225,0.063578,0.693221
16.473206,0.063537,0.693272
16.473186,0.063699,0.693324
16.473164,0.063647,0.693375
16.473141,0.063909,0.693427
16.473122,0.063970,0.693478
16.473101,0.063929,0.693530
16.473080,0.064090,0.693582
16.473057,0.064740,0.693634
16.473038,0.064760,0.693686
16.473017,0.065042,0.693728
16.472996,0.065001,0.693780
16.472973,0.065574,0.693833
16.472942,0.067419,0.693888
16.472918,0.067817,0.693942
16.472885,0.069764,0.693999
16.472832,0.077204,0.694061
16.472805,0.074691,0.694121
16.472765,0.075923,0.694182
16.472784,0.059138,0.694230
16.472754,0.064039,0.694282
16.472715,0.069988,0.694338
16.472689,0.068949,0.694394
16.472670,0.067305,0.694448
16.472649,0.065792,0.694501
16.472628,0.065117,0.694554
16.472610,0.063952,0.694605
16.472593,0.063278,0.694656
16.472574,0.062061,0.694706
16.472561,0.061666,0.694756
16.472542,0.061381,0.694805
16.472527,0.060940,0.694855
16.472513,0.060364,0.694903
16.472496,0.059829,0.694951
16.472485,0.059666,0.695000
16.472469,0.059532,0.695048
16.472454,0.059316,0.695095
16.472441,0.059152,0.695143
16.472425,0.059149,0.695191
16.472412,0.059092,0.695238
16.472397,0.059122,0.695286
16.472382,0.059222,0.695334
16.472368,0.059267,0.695382
16.472353,0.059363,0.695430
16.472336,0.059412,0.695477
16.472324,0.059577,0.695526
16.472309,0.059780,0.695574
16.472292,0.059939,0.695622
16.472275,0.060063,0.695671
16.472260,0.060331,0.695719
16.472244,0.060459,0.695768
16.472225,0.060570,0.695817
16.472210,0.060853,0.695866
16.472193,0.061138,0.695915
16.472176,0.061294,0.695965
16.472157,0.061423,0.696014
16.472137,0.061604,0.696064
16.472120,0.061885,0.696114
16.472101,0.062078,0.696164
16.472086,0.062141,0.696214
16.472065,0.062215,0.696264
16.472046,0.062440,0.696314
16.472027,0.062454,0.696365
16.472008,0.062691,0.696415
16.471987,0.062743,0.696466
16.471970,0.062869,0.696517
16.471951,0.062983,0.696567
16.471930,0.063047,0.696618
16.471910,0.063097,0.696669
16.471891,0.063047,0.696720
16.471872,0.063171,0.696771
16.471851,0.063222,0.696822
16.471832,0.063124,0.696873
16.471813,0.063186,0.696924
16.471794,0.063172,0.696975
16.471773,0.063108,0.697026
16.471754,0.063108,0.697077
16.471735,0.063108,0.697128
16.471718,0.063108,0.697178
16.471697,0.063169,0.697229
16.471678,0.063105,0.697280
16.471657,0.063042,0.697331
16.471638,0.063042,0.697382
16.471619,0.062929,0.697433
16.471598,0.062929,0.697483
16.471581,0.062941,0.697534
16.471561,0.062878,0.697585
16.471542,0.062865,0.697636
16.471523,0.062753,0.697686
16.471504,0.062702,0.697737
16.471485,0.062639,0.697787
16.471466,0.062639,0.697838
16.471447,0.062637,0.697888
16.471432,0.062489,0.697939
16.471409,0.062475,0.697989
16.471390,0.062462,0.698039
16.471375,0.062487,0.698090
16.471352,0.062475,0.698140
16.471336,0.062548,0.698191
16.471317,0.062597,0.698241
16.471298,0.062597,0.698292
16.471279,0.062608,0.698342
16.471260,0.062620,0.698393
16.471241,0.062694,0.698443
16.471222,0.062720,0.698494
16.471201,0.063171,0.698545
16.471180,0.063865,0.698596
16.471161,0.063686,0.698648
16.471115,0.071502,0.698705
16.471087,0.071135,0.698763
16.471060,0.070110,0.698819
16.471035,0.068971,0.698875
16.471010,0.068159,0.698930
16.470987,0.067095,0.698984
16.470963,0.066613,0.699037
16.470943,0.066117,0.699091
16.470917,0.065676,0.699144
16.470901,0.064737,0.699196
16.470879,0.064364,0.699248
16.470860,0.063947,0.699300
16.470840,0.063755,0.699351
16.470821,0.063298,0.699402
16.470802,0.063118,0.699453
16.470783,0.062950,0.699504
16.470764,0.062582,0.699554
16.470749,0.062303,0.699604
16.470728,0.062179,0.699655
16.470713,0.061969,0.699704
16.470694,0.061777,0.699754
16.470680,0.061627,0.699804
16.470661,0.061520,0.699854
16.470642,0.061485,0.699903
16.470623,0.061453,0.699953
16.470608,0.061435,0.700002
16.470592,0.061400,0.700052
16.470573,0.061427,0.700101
16.470558,0.061388,0.700151
16.470539,0.061468,0.700200
16.470520,0.061464,0.700250
16.470505,0.061647,0.700300
16.470486,0.061732,0.700350
16.470467,0.061840,0.700399
16.470449,0.061973,0.700449
16.470432,0.062045,0.700499
16.470413,0.062041,0.700549
16.470396,0.062185,0.700600
16.470375,0.062220,0.700650
16.470360,0.062505,0.700700
16.470337,0.062495,0.700751
16.470318,0.062597,0.700801
16.470303,0.062650,0.700852
16.470280,0.062816,0.700902
16.470261,0.062862,0.700953
16.470242,0.062917,0.701004
16.470222,0.062984,0.701055
16.470201,0.063040,0.701105
16.470184,0.063034,0.701156
16.470165,0.063098,0.701207
16.470146,0.063155,0.701258
16.470125,0.063223,0.701309
16.470106,0.063166,0.701360
16.470085,0.063156,0.701411
16.470068,0.063221,0.701462
16.470047,0.063185,0.701513
16.470028,0.063237,0.701564
16.470007,0.063230,0.701615
16.469986,0.063289,0.701666
16.469969,0.063243,0.701717
16.469948,0.063246,0.701768
16.469929,0.063305,0.701819
16.469910,0.063240,0.701870
16.469891,0.063230,0.701921
16.469872,0.063181,0.701972
16.469851,0.063192,0.702023
16.469830,0.063228,0.702074
16.469810,0.063239,0.702125
16.469791,0.063186,0.702176
16.469772,0.063186,0.702227
16.469751,0.063181,0.702278
16.469732,0.063181,0.702329
16.469713,0.063181,0.702380
16.469694,0.063176,0.702431
16.469673,0.063165,0.702482
16.469654,0.063160,0.702533
16.469633,0.063220,0.702584
16.469616,0.063155,0.702635
16.469595,0.063114,0.702685
16.469576,0.063163,0.702736
16.469555,0.063099,0.702787
16.469538,0.063095,0.702838
16.469519,0.063102,0.702889
16.469500,0.063076,0.702940
16.469479,0.063076,0.702991
16.469460,0.063095,0.703042
16.469440,0.063032,0.703093
16.469421,0.063006,0.703143
16.469400,0.063055,0.703194
16.469383,0.063063,0.703245
16.469362,0.063011,0.703296
16.469343,0.063049,0.703347
16.469324,0.062963,0.703397
16.469305,0.063002,0.703448
16.469286,0.062920,0.703499
16.469265,0.062980,0.703550
16.469246,0.062856,0.703600
16.469227,0.062830,0.703651
16.469212,0.062811,0.703702
16.469189,0.063142,0.703753
16.469193,0.056593,0.703798
16.469181,0.055599,0.703843
16.469162,0.058528,0.703890
16.469120,0.067476,0.703945
16.469082,0.071965,0.704003
16.469051,0.071524,0.704060
16.469021,0.071160,0.704118
16.468996,0.070696,0.704175
16.468964,0.070234,0.704232
16.468943,0.069118,0.704287
16.468918,0.068556,0.704343
16.468891,0.067894,0.704397
16.468872,0.066678,0.704451
16.468847,0.066076,0.704504
16.468826,0.065568,0.704557
16.468805,0.065107,0.704610
16.468788,0.064124,0.704662
16.468765,0.064150,0.704713
16.468746,0.063680,0.704765
16.468727,0.063059,0.704816
16.468710,0.062730,0.704866
16.468693,0.062423,0.704916
16.468676,0.062184,0.704967
16.468657,0.061886,0.705016
16.468643,0.061784,0.705066
16.468624,0.061595,0.705116
16.468609,0.061575,0.705166
16.468590,0.061508,0.705215
16.468573,0.061444,0.705265
16.468555,0.061441,0.705314
16.468536,0.061443,0.705364
16.468517,0.061486,0.705413
16.468502,0.061428,0.705463
16.468483,0.061551,0.705513
16.468468,0.061672,0.705562
16.468449,0.061723,0.705612
16.468433,0.061842,0.705662
16.468414,0.061865,0.705712
16.468395,0.062026,0.705762
16.468374,0.062045,0.705812
16.468359,0.062094,0.705862
16.468340,0.062227,0.705912
16.468321,0.062228,0.705962
16.468304,0.062302,0.706013
16.468285,0.062427,0.706063
16.468262,0.062541,0.706113
16.468246,0.062667,0.706164
16.468227,0.062669,0.706214
16.468208,0.062695,0.706265
16.468189,0.062695,0.706316
16.468170,0.062859,0.706366
16.468151,0.062809,0.706417
16.468132,0.062873,0.706468
16.468111,0.062937,0.706518
16.468092,0.062986,0.706569
16.468073,0.062990,0.706620
16.468056,0.062977,0.706671
16.468035,0.063000,0.706721
16.468016,0.062987,0.706772
16.467995,0.063035,0.706823
16.467978,0.063035,0.706874
16.467957,0.062985,0.706925
16.467937,0.063035,0.706976
16.467918,0.063059,0.707026
16.467899,0.063108,0.707077
16.467880,0.063032,0.707128
16.467859,0.063032,0.707179
16.467840,0.063056,0.707230
16.467821,0.063043,0.707281
16.467802,0.062979,0.707331
16.467781,0.062979,0.707382
16.467764,0.062979,0.707433
16.467745,0.063040,0.707484
16.467726,0.062977,0.707535
16.467705,0.062977,0.707585
16.467686,0.063038,0.707636
16.467667,0.062975,0.707687
16.467648,0.062975,0.707738
16.467627,0.062975,0.707789
16.467611,0.062987,0.707839
16.467590,0.062987,0.707890
16.467571,0.062974,0.707941
16.467550,0.062973,0.707992
16.467533,0.062985,0.708043
16.467512,0.062922,0.708093
16.467493,0.063034,0.708144
16.467472,0.062984,0.708195
16.467457,0.062984,0.708246
16.467436,0.063008,0.708296
16.467417,0.062945,0.708347
16.467396,0.062944,0.708398
16.467379,0.063110,0.708449
16.467358,0.063252,0.708500
16.467331,0.066090,0.708553
16.467304,0.065809,0.708606
16.467278,0.067734,0.708661
16.467241,0.071009,0.708718
16.467218,0.069148,0.708774
16.467194,0.068331,0.708829
16.467171,0.067151,0.708883
16.467148,0.066727,0.708937
16.467125,0.066224,0.708991
16.467102,0.065784,0.709044
16.467083,0.065190,0.709096
16.467064,0.064312,0.709148
16.467043,0.063977,0.709200
16.467022,0.063613,0.709251
16.467005,0.063316,0.709302
16.466986,0.062990,0.709353
16.466969,0.062678,0.709403
16.466949,0.062452,0.709454
16.466934,0.062261,0.709504
16.466913,0.062056,0.709554
16.466900,0.061738,0.709604
16.466881,0.061723,0.709653
16.466862,0.061491,0.709703
16.466846,0.061424,0.709753
16.466829,0.061298,0.709802
16.466812,0.061320,0.709852
16.466795,0.061302,0.709901
16.466780,0.061353,0.709950
16.466759,0.061356,0.710000
16.466743,0.061446,0.710049
16.466724,0.061411,0.710099
16.466709,0.061538,0.710149
16.466690,0.061582,0.710198
16.466671,0.061712,0.710248
16.466656,0.061717,0.710298
16.466637,0.061982,0.710348
16.466618,0.062015,0.710398
16.466600,0.062108,0.710448
16.466581,0.062333,0.710498
16.466560,0.062360,0.710548
16.466545,0.062525,0.710599
16.466522,0.062517,0.710649
16.466507,0.062646,0.710700
16.466488,0.062693,0.710750
16.466467,0.062812,0.710801
16.466446,0.062921,0.710852
16.466431,0.062925,0.710902
16.466410,0.062923,0.710953
16.466391,0.062938,0.711004
16.466370,0.063055,0.711055
16.466352,0.063045,0.711106
16.466331,0.063113,0.711157
16.466312,0.063064,0.711207
16.466291,0.063064,0.711258
16.466274,0.063070,0.711309
16.466255,0.063080,0.711360
16.466236,0.063057,0.711411
16.466215,0.063068,0.711462
16.466198,0.063068,0.711512
16.466177,0.063068,0.711563
16.466158,0.063014,0.711614
16.466137,0.063073,0.711665
16.466120,0.062998,0.711716
16.466099,0.063057,0.711767
16.466080,0.063068,0.711817
16.466061,0.063015,0.711868
16.466043,0.063003,0.711919
16.466022,0.063003,0.711970
16.466003,0.062987,0.712021
16.465982,0.062995,0.712071
16.465965,0.063002,0.712122
16.465944,0.062949,0.712173
16.465925,0.062934,0.712224
16.465906,0.062971,0.712274
16.465889,0.062967,0.712325
16.465868,0.062915,0.712376
16.465849,0.062964,0.712427
16.465828,0.062885,0.712478
16.465811,0.062845,0.712528
16.465792,0.062916,0.712579
16.465773,0.062939,0.712630
16.465755,0.062833,0.712680
16.465736,0.062882,0.712731
16.465714,0.062838,0.712782
16.465698,0.062775,0.712832
16.465677,0.062800,0.712883
16.465660,0.062804,0.712934
16.465637,0.062847,0.712984
16.465607,0.067448,0.713039
16.465588,0.065575,0.713092
16.465565,0.065509,0.713144
16.465532,0.068011,0.713199
16.465496,0.071194,0.713257
16.465471,0.070001,0.713313
16.465445,0.069093,0.713369
16.465420,0.068543,0.713424
16.465397,0.068011,0.713479
16.465370,0.067495,0.713533
16.465351,0.066434,0.713587
16.465328,0.065885,0.713640
16.465309,0.065060,0.713692
16.465290,0.064489,0.713745
16.465269,0.064032,0.713796
16.465252,0.063186,0.713847
16.465233,0.062565,0.713898
16.465218,0.062506,0.713948
16.465197,0.062217,0.713998
16.465179,0.061739,0.714048
16.465164,0.061543,0.714098
16.465145,0.061332,0.714147
16.465130,0.061172,0.714196
16.465113,0.061095,0.714246
16.465096,0.061072,0.714295
16.465080,0.061008,0.714344
16.465065,0.060996,0.714393
16.465046,0.061119,0.714443
16.465031,0.061180,0.714492
16.465012,0.061229,0.714541
16.464996,0.061352,0.714591
16.464977,0.061471,0.714640
16.464958,0.061639,0.714690
16.464943,0.061724,0.714740
16.464922,0.061785,0.714790
16.464905,0.061917,0.714840
16.464888,0.062091,0.714890
16.464869,0.062174,0.714940
16.464851,0.062350,0.714990
16.464832,0.062312,0.715040
16.464809,0.062498,0.715091
16.464794,0.062563,0.715141
16.464775,0.062677,0.715192
16.464754,0.062753,0.715242
16.464737,0.062854,0.715293
16.464718,0.062854,0.715344
16.464697,0.062981,0.715394
16.464678,0.063041,0.715445
16.464659,0.063045,0.715496
16.464640,0.063041,0.715547
16.464619,0.063052,0.715598
16.464600,0.063102,0.715649
16.464581,0.063166,0.715700
16.464561,0.063113,0.715751
16.464542,0.063149,0.715802
16.464523,0.063274,0.715853
16.464504,0.063210,0.715904
16.464485,0.063271,0.715955
16.464462,0.063271,0.716006
16.464445,0.063271,0.716057
16.464424,0.063268,0.716108
16.464405,0.063268,0.716159
16.464384,0.063254,0.716210
16.464363,0.063264,0.716261
16.464346,0.063252,0.716312
16.464325,0.063313,0.716363
16.464306,0.063313,0.716414
16.464287,0.063199,0.716465
16.464268,0.063210,0.716516
16.464247,0.063260,0.716567
16.464226,0.063209,0.716618
16.464211,0.063197,0.716669
16.464191,0.063207,0.716720
16.464170,0.063144,0.716771
16.464151,0.063082,0.716821
16.464127,0.063946,0.716873
16.464109,0.063946,0.716925
16.464087,0.064212,0.716976
16.464066,0.064782,0.717029
16.464041,0.065022,0.717081
16.464005,0.069505,0.717137
16.463982,0.069385,0.717193
16.463936,0.073370,0.717252
16.463875,0.082449,0.717319
16.463863,0.072751,0.717377
16.463810,0.079215,0.717441
16.463789,0.073747,0.717501
16.463768,0.069712,0.717557
16.463747,0.067757,0.717612
16.463724,0.066981,0.717666
16.463711,0.063472,0.717717
16.463697,0.062391,0.717767
16.463680,0.061069,0.717816
16.463669,0.060419,0.717865
16.463657,0.058965,0.717913
16.463642,0.058771,0.717960
16.463631,0.058615,0.718007
16.463615,0.058458,0.718054
16.463604,0.058431,0.718102
16.463591,0.058405,0.718149
16.463577,0.058319,0.718196
16.463562,0.058524,0.718243
16.463551,0.058458,0.718290
16.463535,0.058458,0.718337
16.463520,0.058776,0.718385
16.463509,0.058797,0.718432
16.463493,0.059173,0.718480
16.463478,0.059504,0.718528
16.463463,0.059643,0.718576
16.463448,0.059767,0.718624
16.463432,0.059839,0.718672
16.463413,0.060296,0.718721
16.463398,0.060540,0.718770
16.463383,0.060687,0.718819
16.463364,0.060876,0.718868
16.463348,0.061021,0.718917
16.463331,0.061306,0.718966
16.463310,0.061406,0.719016
16.463295,0.061682,0.719066
16.463276,0.061897,0.719116
16.463259,0.062015,0.719166
16.463240,0.062070,0.719216
16.463221,0.062186,0.719266
16.463203,0.062368,0.719316
16.463184,0.062362,0.719366
16.463165,0.062542,0.719417
16.463146,0.062597,0.719467
16.463127,0.062664,0.719518
16.463108,0.062777,0.719569
16.463089,0.062829,0.719619
16.463068,0.062904,0.719670
16.463049,0.062846,0.719721
16.463030,0.062957,0.719771
16.463013,0.063011,0.719822
16.462992,0.063080,0.719873
16.462973,0.063016,0.719924
16.462954,0.063068,0.719975
16.462934,0.063127,0.720026
16.462914,0.063116,0.720077
16.462894,0.063062,0.720127
16.462873,0.063111,0.720178
16.462856,0.063170,0.720229
16.462835,0.063116,0.720280
16.462816,0.063123,0.720331
16.462795,0.063119,0.720382
16.462778,0.063108,0.720433
16.462759,0.063103,0.720484
16.462738,0.063163,0.720535
16.462719,0.063147,0.720586
16.462702,0.063143,0.720637
16.462683,0.063091,0.720687
16.462662,0.063099,0.720738
16.462643,0.063084,0.720789
16.462624,0.063020,0.720840
16.462605,0.063029,0.720891
16.462584,0.063063,0.720942
16.462564,0.063074,0.720993
16.462545,0.063008,0.721043
16.462526,0.062956,0.721094
16.462507,0.062920,0.721145
16.462488,0.062917,0.721196
16.462469,0.062926,0.721246
16.462450,0.062891,0.721297
16.462429,0.062730,0.721348
16.462410,0.062746,0.721398
16.462393,0.062796,0.721449
16.462376,0.062876,0.721500
16.462349,0.064125,0.721551
16.462315,0.068538,0.721607
16.462318,0.059258,0.721655
16.462286,0.065228,0.721707
16.462246,0.071098,0.721765
16.462215,0.070437,0.721821
16.462191,0.069809,0.721878
16.462166,0.069437,0.721934
16.462139,0.068548,0.721989
16.462114,0.067929,0.722044
16.462093,0.066786,0.722098
16.462067,0.066755,0.722151
16.462048,0.066230,0.722205
16.462025,0.065755,0.722258
16.462006,0.064606,0.722310
16.461987,0.064190,0.722362
16.461966,0.063786,0.722413
16.461948,0.062976,0.722464
16.461933,0.062686,0.722514
16.461914,0.062173,0.722565
16.461895,0.061935,0.722614
16.461880,0.061701,0.722664
16.461861,0.061471,0.722714
16.461845,0.061387,0.722763
16.461830,0.061265,0.722813
16.461813,0.061199,0.722862
16.461796,0.061188,0.722911
16.461777,0.061234,0.722961
16.461761,0.061234,0.723010
16.461742,0.061240,0.723060
16.461727,0.061419,0.723109
16.461708,0.061482,0.723159
16.461689,0.061654,0.723208
16.461674,0.061720,0.723258
16.461655,0.061785,0.723308
16.461637,0.061967,0.723358
16.461618,0.062028,0.723408
16.461599,0.062160,0.723458
16.461582,0.062284,0.723508
16.461563,0.062297,0.723559
16.461544,0.062433,0.723609
16.461525,0.062536,0.723659
16.461506,0.062662,0.723710
16.461487,0.062737,0.723761
16.461468,0.062850,0.723811
16.461449,0.062850,0.723862
16.461430,0.062978,0.723913
16.461411,0.062978,0.723963
16.461391,0.063041,0.724014
16.461372,0.063091,0.724065
16.461351,0.063153,0.724116
16.461334,0.063179,0.724167
16.461313,0.063166,0.724218
16.461292,0.063216,0.724269
16.461273,0.063277,0.724320
16.461254,0.063277,0.724371
16.461235,0.063226,0.724422
16.461216,0.063324,0.724473
16.461193,0.063274,0.724524
16.461174,0.063335,0.724575
16.461155,0.063320,0.724626
16.461136,0.063271,0.724677
16.461117,0.063207,0.724728
16.461098,0.063255,0.724779
16.461077,0.063265,0.724830
16.461058,0.063265,0.724881
16.461040,0.063214,0.724932
16.461020,0.063214,0.724983
16.461000,0.063188,0.725034
16.460979,0.063149,0.725085
16.460960,0.063212,0.725136
16.460941,0.063199,0.725187
16.460922,0.063147,0.725238
16.460901,0.063084,0.725289
16.460882,0.063158,0.725340
16.460863,0.063134,0.725391
16.460844,0.063144,0.725442
16.460823,0.063169,0.725493
16.460804,0.063106,0.725543
16.460787,0.063106,0.725594
16.460768,0.063105,0.725645
16.460747,0.063142,0.725696
16.460728,0.063092,0.725747
16.460709,0.063185,0.725798
16.460690,0.063781,0.725849
16.460659,0.065921,0.725903
16.460619,0.070964,0.725960
16.460594,0.069886,0.726016
16.460571,0.068524,0.726071
16.460548,0.067364,0.726126
16.460522,0.067536,0.726180
16.460503,0.066320,0.726234
16.460480,0.065814,0.726287
16.460457,0.065414,0.726340
16.460436,0.064986,0.726392
16.460419,0.064610,0.726444
16.460396,0.063742,0.726495
16.460377,0.063569,0.726547
16.460361,0.062756,0.726597
16.460342,0.062607,0.726648
16.460329,0.062180,0.726698
16.460308,0.061888,0.726748
16.460293,0.061728,0.726798
16.460274,0.061620,0.726847
16.460258,0.061515,0.726897
16.460239,0.061461,0.726946
16.460224,0.061370,0.726996
16.460205,0.061333,0.727045
16.460190,0.061425,0.727095
16.460171,0.061391,0.727144
16.460152,0.061481,0.727194
16.460136,0.061550,0.727244
16.460117,0.061637,0.727293
16.460100,0.061819,0.727343
16.460083,0.061917,0.727393
16.460064,0.062167,0.727443
16.460047,0.062184,0.727493
16.460028,0.062296,0.727544
16.460007,0.062431,0.727594
16.459991,0.062422,0.727644
16.459969,0.062600,0.727695
16.459953,0.062655,0.727745
16.459934,0.062824,0.727796
16.459913,0.062869,0.727847
16.459894,0.062924,0.727898
16.459873,0.063040,0.727948
16.459858,0.062990,0.727999
16.459837,0.063106,0.728050
16.459818,0.063163,0.728101
16.459797,0.063228,0.728152
16.459780,0.063172,0.728203
16.459759,0.063227,0.728254
16.459740,0.063230,0.728305
16.459719,0.063243,0.728356
16.459700,0.063230,0.728407
16.459679,0.063295,0.728458
16.459661,0.063295,0.728509
16.459641,0.063305,0.728560
16.459621,0.063293,0.728611
16.459602,0.063293,0.728662
16.459583,0.063293,0.728713
16.459564,0.063239,0.728764
16.459541,0.063287,0.728815
16.459524,0.063239,0.728866
16.459505,0.063185,0.728917
16.459486,0.063169,0.728968
16.459465,0.063169,0.729019
16.459446,0.063176,0.729070
16.459425,0.063160,0.729121
16.459408,0.063160,0.729172
16.459389,0.063114,0.729223
16.459368,0.063114,0.729274
16.459349,0.063110,0.729325
16.459330,0.063024,0.729376
16.459311,0.063019,0.729426
16.459290,0.063128,0.729477
16.459272,0.063012,0.729528
16.459253,0.062972,0.729579
16.459234,0.063032,0.729630
16.459213,0.063006,0.729681
16.459194,0.063041,0.729731
16.459175,0.062977,0.729782
16.459156,0.062914,0.729833
16.459137,0.062901,0.729884
16.459118,0.062979,0.729934
16.459101,0.062918,0.729985
16.459080,0.063141,0.730036
16.459059,0.063968,0.730088
16.459017,0.070274,0.730144
16.458990,0.070079,0.730201
16.458998,0.057836,0.730247
16.458965,0.064503,0.730299
16.458925,0.070882,0.730357
16.458897,0.070504,0.730413
16.458870,0.070002,0.730470
16.458843,0.069407,0.730526
16.458818,0.068917,0.730581
16.458790,0.068406,0.730637
16.458771,0.067495,0.730691
16.458748,0.066454,0.730745
16.458725,0.065788,0.730798
16.458706,0.065311,0.730850
16.458687,0.064421,0.730902
16.458666,0.063966,0.730954
16.458645,0.063619,0.731005
16.458630,0.062866,0.731056
16.458611,0.062609,0.731106
16.458595,0.062051,0.731157
16.458574,0.061800,0.731206
16.458561,0.061632,0.731256
16.458542,0.061441,0.731306
16.458527,0.061319,0.731355
16.458509,0.061188,0.731404
16.458492,0.061178,0.731454
16.458477,0.061170,0.731503
16.458460,0.061226,0.731552
16.458443,0.061343,0.731602
16.458427,0.061403,0.731651
16.458405,0.061528,0.731701
16.458389,0.061645,0.731751
16.458370,0.061777,0.731801
16.458355,0.061897,0.731851
16.458334,0.062007,0.731901
16.458317,0.062037,0.731951
16.458300,0.062222,0.732001
16.458279,0.062346,0.732051
16.458263,0.062408,0.732101
16.458244,0.062545,0.732152
16.458225,0.062611,0.732202
16.458206,0.062724,0.732253
16.458187,0.062800,0.732304
16.458166,0.062914,0.732354
16.458147,0.062964,0.732405
16.458128,0.062978,0.732456
16.458109,0.062978,0.732507
16.458090,0.063051,0.732557
16.458071,0.062991,0.732608
16.458052,0.063102,0.732659
16.458033,0.063115,0.732710
16.458012,0.063165,0.732761
16.457993,0.063153,0.732812
16.457973,0.063226,0.732863
16.457954,0.063274,0.732914
16.457935,0.063274,0.732965
16.457914,0.063210,0.733016
16.457895,0.063220,0.733067
16.457874,0.063220,0.733118
16.457857,0.063257,0.733169
16.457836,0.063206,0.733220
16.457817,0.063268,0.733271
16.457796,0.063265,0.733322
16.457779,0.063202,0.733373
16.457760,0.063202,0.733424
16.457737,0.063200,0.733475
16.457720,0.063200,0.733526
16.457701,0.063211,0.733577
16.457684,0.063199,0.733628
16.457663,0.063147,0.733678
16.457644,0.063084,0.733729
16.457623,0.063134,0.733780
16.457605,0.063146,0.733831
16.457584,0.063020,0.733882
16.457565,0.063094,0.733933
16.457546,0.063082,0.733984
16.457527,0.063031,0.734035
16.457508,0.063031,0.734085
16.457489,0.062980,0.734136
16.457470,0.062968,0.734187
16.457451,0.062979,0.734238
16.457432,0.062992,0.734289
16.457411,0.063016,0.734339
16.457392,0.062941,0.734390
16.457375,0.062941,0.734441
16.457352,0.063697,0.734492
16.457333,0.063634,0.734544
16.457291,0.070310,0.734600
16.457264,0.070138,0.734657
16.457224,0.073997,0.734717
16.457191,0.073176,0.734776
16.457165,0.071315,0.734833
16.457138,0.070366,0.734890
16.457119,0.068180,0.734945
16.457096,0.067545,0.734999
16.457071,0.066972,0.735053
16.457054,0.064900,0.735106
16.457035,0.064219,0.735157
16.457018,0.063180,0.735208
16.457001,0.062622,0.735259
16.456985,0.061690,0.735309
16.456968,0.061174,0.735358
16.456955,0.060509,0.735407
16.456938,0.060198,0.735455
16.456924,0.060061,0.735504
16.456907,0.059998,0.735552
16.456894,0.059953,0.735601
16.456879,0.060002,0.735649
16.456863,0.060001,0.735697
16.456846,0.060123,0.735746
16.456833,0.060269,0.735794
16.456814,0.060348,0.735843
16.456799,0.060578,0.735892
16.456783,0.060615,0.735941
16.456764,0.060934,0.735990
16.456747,0.060974,0.736039
16.456730,0.061312,0.736089
16.456711,0.061389,0.736138
16.456696,0.061486,0.736188
16.456680,0.061758,0.736238
16.456661,0.061857,0.736287
16.456640,0.062073,0.736337
16.456625,0.062128,0.736388
16.456604,0.062305,0.736438
16.456589,0.062416,0.736488
16.456566,0.062520,0.736539
16.456551,0.062584,0.736589
16.456532,0.062588,0.736640
16.456512,0.062709,0.736690
16.456493,0.062825,0.736741
16.456472,0.062831,0.736791
16.456453,0.062947,0.736842
16.456434,0.063002,0.736893
16.456413,0.063005,0.736944
16.456394,0.063070,0.736995
16.456377,0.063021,0.737045
16.456358,0.063122,0.737096
16.456337,0.063198,0.737147
16.456318,0.063198,0.737198
16.456301,0.063181,0.737249
16.456280,0.063192,0.737300
16.456261,0.063192,0.737351
16.456240,0.063186,0.737402
16.456223,0.063228,0.737453
16.456203,0.063235,0.737504
16.456182,0.063181,0.737555
16.456163,0.063229,0.737606
16.456142,0.063165,0.737657
16.456125,0.063224,0.737708
16.456104,0.063178,0.737759
16.456085,0.063119,0.737810
16.456064,0.063155,0.737861
16.456047,0.063099,0.737912
16.456028,0.063144,0.737963
16.456007,0.063132,0.738013
16.455990,0.063091,0.738064
16.455969,0.063047,0.738115
16.455952,0.063032,0.738166
16.455931,0.063069,0.738217
16.455912,0.063006,0.738268
16.455891,0.063063,0.738319
16.455873,0.063101,0.738369
16.455854,0.063098,0.738420
16.455833,0.063271,0.738471
16.455814,0.063594,0.738523
16.455791,0.063882,0.738574
16.455774,0.063869,0.738626
16.455751,0.064165,0.738677
16.455719,0.068227,0.738732
16.455669,0.075239,0.738793
16.455673,0.063305,0.738844
16.455669,0.057922,0.738891
16.455645,0.061801,0.738941
16.455620,0.064378,0.738993
16.455574,0.071810,0.739051
16.455547,0.070308,0.739107
16.455524,0.068533,0.739162
16.455503,0.068137,0.739217
16.455477,0.067669,0.739272
16.455452,0.067204,0.739326
16.455433,0.066645,0.739380
16.455408,0.066056,0.739433
16.455387,0.065632,0.739486
16.455366,0.065121,0.739539
16.455345,0.064654,0.739591
16.455326,0.064155,0.739643
16.455307,0.063767,0.739694
16.455290,0.062957,0.739745
16.455273,0.062597,0.739795
16.455254,0.062374,0.739846
16.455238,0.061986,0.739896
16.455219,0.061801,0.739945
16.455204,0.061563,0.739995
16.455189,0.061376,0.740045
16.455172,0.061184,0.740094
16.455154,0.061072,0.740143
16.455137,0.060955,0.740192
16.455120,0.060872,0.740241
16.455105,0.060882,0.740291
16.455088,0.060919,0.740340
16.455072,0.060862,0.740389
16.455055,0.060902,0.740438
16.455038,0.060953,0.740487
16.455023,0.060977,0.740536
16.455008,0.061085,0.740585
16.454988,0.061257,0.740635
16.454971,0.061317,0.740684
16.454954,0.061381,0.740734
16.454937,0.061497,0.740783
16.454918,0.061573,0.740833
16.454903,0.061683,0.740883
16.454884,0.061793,0.740933
16.454866,0.061986,0.740983
16.454845,0.062048,0.741033
16.454830,0.062133,0.741083
16.454807,0.062295,0.741133
16.454792,0.062382,0.741183
16.454773,0.062445,0.741234
16.454754,0.062497,0.741284
16.454735,0.062573,0.741335
16.454716,0.062636,0.741385
16.454699,0.062750,0.741436
16.454678,0.062739,0.741486
16.454660,0.062876,0.741537
16.454639,0.062827,0.741588
16.454622,0.062890,0.741638
16.454601,0.062940,0.741689
16.454584,0.062991,0.741740
16.454565,0.062988,0.741791
16.454544,0.062988,0.741842
16.454525,0.063051,0.741892
16.454506,0.063051,0.741943
16.454489,0.063052,0.741994
16.454468,0.063113,0.742045
16.454449,0.063098,0.742096
16.454430,0.063162,0.742147
16.454411,0.063109,0.742198
16.454391,0.063097,0.742249
16.454370,0.063109,0.742300
16.454353,0.063095,0.742350
16.454332,0.063106,0.742401
16.454313,0.063106,0.742452
16.454292,0.063043,0.742503
16.454273,0.063104,0.742554
16.454258,0.063029,0.742605
16.454237,0.063090,0.742656
16.454218,0.062977,0.742707
16.454197,0.063101,0.742757
16.454180,0.063038,0.742808
16.454159,0.062975,0.742859
16.454140,0.063025,0.742910
16.454119,0.063025,0.742961
16.454103,0.062974,0.743012
16.454084,0.062972,0.743062
16.454063,0.062960,0.743113
16.454046,0.062972,0.743164
16.454025,0.062972,0.743215
16.454006,0.062909,0.743265
16.453987,0.062846,0.743316
16.453970,0.062846,0.743367
16.453949,0.062908,0.743417
16.453930,0.062908,0.743468
16.453911,0.062845,0.743519
16.453894,0.062857,0.743569
16.453875,0.062844,0.743620
16.453854,0.062794,0.743671
16.453836,0.062832,0.743721
16.453819,0.062263,0.743772
16.453794,0.064050,0.743823
16.453753,0.070805,0.743880
16.453726,0.070202,0.743937
16.453701,0.069519,0.743993
16.453674,0.068843,0.744049
16.453648,0.068320,0.744104
16.453625,0.067415,0.744158
16.453604,0.066955,0.744212
16.453583,0.066479,0.744266
16.453560,0.065565,0.744319
16.453539,0.065145,0.744371
16.453518,0.064816,0.744423
16.453499,0.064400,0.744475
16.453478,0.063919,0.744527
16.453461,0.063321,0.744578
16.453442,0.063009,0.744629
16.453423,0.062827,0.744679
16.453407,0.062428,0.744730
16.453388,0.062223,0.744780
16.453369,0.061962,0.744830
16.453352,0.061754,0.744880
16.453335,0.061619,0.744929
16.453320,0.061510,0.744979
16.453300,0.061465,0.745029
16.453285,0.061415,0.745078
16.453270,0.061367,0.745128
16.453251,0.061394,0.745177
16.453236,0.061453,0.745227
16.453217,0.061417,0.745276
16.453201,0.061437,0.745326
16.453182,0.061585,0.745375
16.453163,0.061663,0.745425
16.453146,0.061795,0.745475
16.453129,0.061835,0.745525
16.453112,0.061909,0.745575
16.453093,0.061890,0.745625
16.453075,0.062159,0.745675
16.453056,0.062206,0.745725
16.453039,0.062292,0.745775
16.453018,0.062342,0.745825
16.453003,0.062454,0.745876
16.452984,0.062570,0.745926
16.452965,0.062512,0.745977
16.452946,0.062626,0.746027
16.452927,0.062684,0.746078
16.452908,0.062803,0.746128
16.452888,0.062855,0.746179
16.452869,0.062924,0.746230
16.452850,0.062928,0.746281
16.452829,0.063037,0.746331
16.452812,0.063092,0.746382
16.452791,0.063107,0.746433
16.452772,0.063172,0.746484
16.452751,0.063165,0.746535
16.452732,0.063230,0.746586
16.452713,0.063230,0.746637
16.452694,0.063295,0.746688
16.452675,0.063246,0.746739
16.452652,0.063347,0.746790
16.452633,0.063347,0.746841
16.452614,0.063246,0.746892
16.452597,0.063299,0.746943
16.452576,0.063358,0.746994
16.452557,0.063246,0.747046
16.452539,0.063303,0.747097
16.452518,0.063303,0.747148
16.452499,0.063287,0.747199
16.452477,0.063246,0.747250
16.452459,0.063235,0.747301
16.452442,0.063229,0.747352
16.452421,0.063229,0.747403
16.452402,0.063300,0.747454
16.452381,0.063176,0.747505
16.452362,0.063224,0.747555
16.452345,0.063119,0.747606
16.452326,0.063178,0.747657
16.452305,0.063163,0.747708
16.452286,0.063099,0.747759
16.452269,0.063155,0.747810
16.452248,0.063155,0.747861
16.452229,0.063099,0.747912
16.452208,0.063088,0.747963
16.452190,0.063088,0.748014
16.452171,0.063084,0.748065
16.452150,0.062980,0.748115
16.452131,0.063029,0.748166
16.452112,0.063014,0.748217
16.452095,0.063023,0.748268
16.452074,0.063032,0.748319
16.452055,0.062945,0.748370
16.452038,0.062931,0.748420
16.452017,0.062868,0.748471
16.452000,0.062877,0.748522
16.451979,0.062760,0.748572
16.451962,0.062747,0.748623
16.451942,0.062705,0.748673
16.451923,0.062683,0.748724
16.451893,0.066789,0.748778
16.451893,0.058345,0.748825
16.451885,0.057437,0.748871
16.451862,0.060806,0.748920
16.451824,0.067362,0.748975
16.451786,0.071366,0.749032
16.451759,0.070685,0.749089
16.451733,0.070230,0.749146
16.451706,0.069875,0.749202
16.451679,0.069415,0.749258
16.451654,0.068176,0.749313
16.451633,0.067733,0.749368
16.451607,0.067178,0.749422
16.451584,0.066512,0.749475
16.451563,0.065932,0.749529
16.451542,0.065424,0.749581
16.451521,0.064906,0.749634
16.451504,0.063901,0.749685
16.451485,0.063570,0.749737
16.451468,0.063169,0.749788
16.451447,0.062775,0.749838
16.451431,0.062111,0.749888
16.451416,0.061882,0.749938
16.451397,0.061594,0.749988
16.451382,0.061696,0.750037
16.451363,0.061567,0.750087
16.451347,0.061235,0.750137
16.451328,0.061211,0.750186
16.451313,0.061085,0.750235
16.451298,0.061028,0.750284
16.451281,0.061010,0.750334
16.451263,0.060961,0.750383
16.451248,0.061067,0.750432
16.451229,0.061120,0.750481
16.451214,0.061176,0.750531
16.451195,0.061225,0.750580
16.451180,0.061290,0.750629
16.451160,0.061398,0.750679
16.451145,0.061463,0.750728
16.451130,0.061578,0.750778
16.451111,0.061636,0.750828
16.451094,0.061815,0.750878
16.451073,0.061824,0.750928
16.451056,0.061885,0.750977
16.451038,0.062007,0.751027
16.451019,0.062067,0.751077
16.451002,0.062079,0.751128
16.450983,0.062204,0.751178
16.450966,0.062379,0.751228
16.450947,0.062381,0.751278
16.450928,0.062493,0.751329
16.450909,0.062569,0.751379
16.450890,0.062632,0.751430
16.450871,0.062695,0.751480
16.450853,0.062698,0.751531
16.450832,0.062749,0.751581
16.450813,0.062822,0.751632
16.450796,0.062826,0.751683
16.450777,0.062863,0.751733
16.450758,0.062927,0.751784
16.450737,0.062987,0.751835
16.450718,0.063051,0.751886
16.450701,0.063051,0.751937
16.450680,0.063115,0.751988
16.450663,0.063102,0.752038
16.450642,0.063038,0.752089
16.450624,0.063162,0.752140
16.450603,0.063098,0.752191
16.450584,0.063223,0.752242
16.450565,0.063223,0.752293
16.450546,0.063210,0.752344
16.450527,0.063146,0.752395
16.450506,0.063207,0.752446
16.450485,0.063207,0.752497
16.450466,0.063156,0.752548
16.450447,0.063218,0.752599
16.450430,0.063268,0.752650
16.450409,0.063204,0.752701
16.450390,0.063204,0.752752
16.450371,0.063204,0.752803
16.450352,0.063202,0.752854
16.450333,0.063202,0.752905
16.450312,0.063139,0.752956
16.450293,0.063200,0.753007
16.450274,0.063200,0.753057
16.450254,0.063200,0.753108
16.450233,0.063149,0.753159
16.450214,0.063198,0.753210
16.450197,0.063210,0.753261
16.450176,0.063210,0.753312
16.450157,0.063147,0.753363
16.450136,0.063147,0.753414
16.450119,0.063185,0.753465
16.450102,0.063147,0.753516
16.450081,0.063146,0.753567
16.450062,0.063095,0.753618
16.450041,0.063095,0.753669
16.450024,0.063095,0.753720
16.450005,0.063095,0.753770
16.449984,0.063044,0.753821
16.449965,0.063044,0.753872
16.449945,0.063059,0.753923
16.449905,0.070341,0.753980
16.449879,0.069632,0.754036
16.449846,0.070858,0.754093
16.449818,0.070089,0.754149
16.449793,0.069056,0.754205
16.449772,0.068588,0.754260
16.449741,0.068232,0.754315
16.449718,0.067817,0.754370
16.449696,0.067420,0.754425
16.449673,0.066983,0.754479
16.449650,0.066564,0.754532
16.449631,0.065563,0.754585
16.449608,0.065059,0.754638
16.449589,0.064550,0.754690
16.449568,0.064130,0.754741
16.449551,0.063648,0.754793
16.449532,0.062964,0.754843
16.449512,0.062485,0.754894
16.449497,0.062386,0.754944
16.449480,0.062002,0.754994
16.449461,0.061818,0.755044
16.449448,0.061703,0.755094
16.449429,0.061519,0.755143
16.449409,0.061437,0.755193
16.449394,0.061415,0.755242
16.449375,0.061393,0.755292
16.449360,0.061448,0.755341
16.449341,0.061438,0.755391
16.449326,0.061402,0.755441
16.449306,0.061529,0.755490
16.449291,0.061471,0.755540
16.449272,0.061589,0.755589
16.449257,0.061608,0.755639
16.449238,0.061693,0.755689
16.449221,0.061844,0.755739
16.449202,0.061933,0.755789
16.449186,0.062027,0.755839
16.449167,0.062120,0.755889
16.449150,0.062169,0.755939
16.449131,0.062264,0.755989
16.449112,0.062351,0.756039
16.449093,0.062453,0.756090
16.449074,0.062642,0.756140
16.449055,0.062635,0.756191
16.449039,0.062729,0.756241
16.449020,0.062729,0.756282
16.449005,0.062747,0.756332
16.448984,0.062811,0.756383
16.448965,0.062919,0.756434
16.448946,0.062976,0.756485
16.448927,0.063040,0.756535
16.448908,0.063045,0.756586
16.448889,0.063050,0.756637
16.448868,0.063156,0.756688
16.448849,0.063221,0.756739
16.448830,0.063289,0.756790
16.448811,0.063289,0.756841
16.448792,0.063230,0.756892
16.448772,0.063282,0.756943
16.448753,0.063295,0.756994
16.448734,0.063299,0.757045
16.448711,0.063299,0.757096
16.448692,0.063299,0.757147
16.448675,0.063289,0.757198
16.448654,0.063309,0.757249
16.448637,0.063309,0.757300
16.448616,0.063293,0.757351
16.448597,0.063244,0.757402
16.448578,0.063239,0.757454
16.448559,0.063228,0.757504
16.448540,0.063287,0.757555
16.448517,0.063222,0.757606
16.448500,0.063169,0.757657
16.448481,0.063127,0.757708
16.448462,0.063165,0.757759
16.448441,0.063160,0.757810
16.448421,0.063111,0.757861
16.448404,0.063171,0.757912
16.448383,0.063103,0.757963
16.448364,0.063155,0.758014
16.448341,0.063200,0.758065
16.448326,0.063147,0.758116
16.448307,0.063207,0.758167
16.448288,0.063357,0.758218
16.448269,0.063301,0.758269
16.448246,0.063361,0.758320
16.448227,0.063321,0.758371
16.448208,0.063422,0.758422
16.448189,0.063456,0.758473
16.448170,0.063547,0.758525
16.448147,0.063528,0.758576
16.448128,0.063638,0.758627
16.448109,0.063775,0.758679
16.448086,0.063814,0.758730
16.448069,0.063936,0.758782
16.448048,0.064305,0.758833
16.448023,0.064802,0.758886
16.448002,0.065224,0.758938
16.447975,0.065926,0.758991
16.447954,0.065962,0.759045
16.447929,0.066472,0.759098
16.447887,0.072744,0.759157
16.447853,0.072201,0.759215
16.447821,0.073683,0.759275
16.447809,0.066822,0.759328
16.447800,0.062759,0.759379
16.447763,0.068193,0.759434
16.447727,0.071579,0.759492
16.447702,0.069903,0.759548
16.447681,0.068619,0.759603
16.447655,0.067333,0.759658
16.447638,0.066001,0.759711
16.447617,0.065348,0.759764
16.447596,0.064658,0.759816
16.447578,0.063855,0.759867
16.447559,0.063337,0.759918
16.447540,0.062501,0.759969
16.447527,0.062048,0.760019
16.447510,0.061623,0.760069
16.447495,0.061151,0.760118
16.447475,0.060690,0.760167
16.447464,0.060457,0.760216
16.447449,0.060113,0.760264
16.447433,0.060034,0.760312
16.447418,0.059854,0.760361
16.447403,0.059628,0.760409
16.447388,0.059618,0.760457
16.447376,0.059657,0.760505
16.447361,0.059636,0.760553
16.447346,0.059629,0.760601
16.447330,0.059679,0.760649
16.447315,0.059736,0.760697
16.447300,0.059838,0.760746
16.447285,0.059939,0.760794
16.447269,0.060039,0.760843
16.447254,0.060161,0.760891
16.447239,0.060331,0.760940
16.447220,0.060510,0.760988
16.447205,0.060622,0.761037
16.447189,0.060684,0.761086
16.447172,0.060970,0.761135
16.447155,0.061149,0.761185
16.447140,0.061278,0.761234
16.447121,0.061388,0.761284
16.447105,0.061478,0.761333
16.447084,0.061823,0.761383
16.447067,0.061773,0.761433
16.447050,0.061959,0.761483
16.447031,0.062193,0.761533
16.447014,0.062219,0.761583
16.446991,0.062332,0.761633
16.446976,0.062446,0.761684
16.446957,0.062569,0.761734
16.446938,0.062582,0.761785
16.446922,0.062694,0.761835
16.446899,0.062758,0.761886
16.446880,0.062822,0.761937
16.446863,0.062983,0.761987
16.446844,0.062960,0.762038
16.446825,0.062933,0.762089
16.446804,0.063006,0.762140
16.446787,0.063056,0.762191
16.446766,0.063056,0.762241
16.446747,0.063107,0.762292
16.446728,0.063103,0.762343
16.446709,0.063164,0.762394
16.446690,0.063116,0.762445
16.446667,0.063213,0.762496
16.446650,0.063149,0.762547
16.446630,0.063149,0.762598
16.446613,0.063210,0.762649
16.446594,0.063109,0.762700
16.446575,0.063146,0.762751
16.446554,0.063207,0.762802
16.446537,0.063143,0.762852
16.446516,0.063204,0.762903
16.446495,0.063141,0.762954
16.446478,0.063040,0.763005
16.446459,0.063114,0.763056
16.446440,0.063101,0.763107
16.446419,0.063088,0.763158
16.446400,0.063025,0.763209
16.446383,0.063025,0.763260
16.446362,0.063086,0.763310
16.446344,0.063035,0.763361
16.446323,0.063035,0.763412
16.446306,0.062971,0.763463
16.446287,0.062959,0.763514
16.446266,0.062858,0.763564
16.446247,0.062796,0.763615
16.446230,0.062857,0.763666
16.446211,0.062857,0.763716
16.446192,0.062756,0.763767
16.446173,0.062806,0.763818
16.446156,0.062694,0.763868
16.446136,0.062631,0.763919
16.446117,0.062681,0.763969
16.446098,0.062469,0.764020
16.446079,0.062481,0.764070
16.446064,0.062469,0.764120
16.446045,0.062419,0.764171
16.446026,0.062518,0.764221
16.446007,0.062693,0.764272
16.445988,0.062617,0.764322
16.445969,0.062678,0.764373
16.445934,0.067355,0.764427
16.445898,0.070733,0.764484
16.445869,0.070750,0.764541
16.445847,0.069534,0.764597
16.445824,0.068120,0.764652
16.445801,0.067570,0.764707
16.445774,0.067617,0.764761
16.445753,0.066655,0.764815
16.445728,0.066639,0.764869
16.445707,0.066120,0.764922
16.445688,0.065064,0.764974
16.445667,0.064733,0.765027
16.445644,0.064406,0.765079
16.445625,0.063677,0.765130
16.445606,0.063312,0.765181
16.445591,0.063034,0.765232
16.445572,0.062827,0.765283
16.445553,0.062550,0.765333
16.445538,0.062096,0.765383
16.445518,0.062044,0.765433
16.445503,0.061904,0.765483
16.445484,0.061623,0.765533
16.445469,0.061512,0.765582
16.445450,0.061500,0.765632
16.445435,0.061426,0.765681
16.445415,0.061352,0.765731
16.445400,0.061409,0.765780
16.445385,0.061538,0.765830
16.445366,0.061561,0.765880
16.445347,0.061577,0.765929
16.445330,0.061708,0.765979
16.445312,0.061702,0.766029
16.445295,0.061709,0.766079
16.445276,0.062038,0.766129
16.445261,0.061996,0.766179
16.445242,0.062151,0.766229
16.445225,0.062179,0.766279
16.445206,0.062216,0.766329
16.445187,0.062315,0.766379
16.445168,0.062602,0.766430
16.445148,0.062604,0.766480
16.445129,0.062756,0.766531
16.445110,0.062810,0.766582
16.445093,0.062816,0.766632
16.445074,0.062923,0.766683
16.445053,0.062975,0.766734
16.445036,0.062971,0.766785
16.445015,0.063100,0.766835
16.444996,0.063104,0.766886
16.444977,0.063158,0.766937
16.444958,0.063215,0.766988
16.444939,0.063284,0.767039
16.444918,0.063289,0.767090
16.444897,0.063289,0.767141
16.444878,0.063331,0.767192
16.444859,0.063396,0.767244
16.444839,0.063360,0.767295
16.444820,0.063413,0.767346
16.444801,0.063465,0.767397
16.444782,0.063465,0.767448
16.444763,0.063364,0.767499
16.444744,0.063416,0.767550
16.444725,0.063476,0.767602
16.444702,0.063416,0.767653
16.444683,0.063465,0.767704
16.444660,0.063410,0.767755
16.444645,0.063470,0.767806
16.444626,0.063421,0.767857
16.444603,0.063480,0.767909
16.444584,0.063363,0.767960
16.444565,0.063401,0.768011
16.444546,0.063399,0.768062
16.444527,0.063406,0.768113
16.444508,0.063293,0.768164
16.444489,0.063352,0.768215
16.444469,0.063336,0.768266
16.444447,0.063344,0.768317
16.444431,0.063279,0.768368
16.444412,0.063339,0.768420
16.444389,0.063313,0.768471
16.444370,0.063271,0.768522
16.444351,0.063267,0.768573
16.444334,0.063203,0.768624
16.444313,0.063200,0.768675
16.444294,0.063200,0.768726
16.444275,0.063084,0.768776
16.444256,0.063205,0.768827
16.444237,0.063153,0.768878
16.444218,0.063355,0.768929
16.444195,0.063352,0.768980
16.444176,0.063311,0.769032
16.444160,0.063575,0.769083
16.444136,0.063836,0.769134
16.444117,0.064011,0.769186
16.444096,0.063981,0.769238
16.444073,0.064472,0.769289
16.444052,0.065125,0.769342
16.444027,0.065645,0.769395
16.444000,0.066381,0.769448
16.443974,0.067380,0.769503
16.443924,0.075192,0.769563
16.443871,0.082250,0.769630
16.443825,0.082013,0.769696
16.443829,0.068468,0.769751
16.443844,0.055298,0.769796
16.443813,0.061407,0.769845
16.443775,0.067742,0.769900
16.443737,0.072460,0.769958
16.443714,0.069363,0.770014
16.443691,0.068487,0.770069
16.443668,0.067943,0.770124
16.443644,0.067087,0.770178
16.443624,0.065877,0.770231
16.443605,0.064765,0.770284
16.443584,0.064334,0.770336
16.443569,0.063591,0.770387
16.443550,0.063168,0.770438
16.443531,0.062403,0.770488
16.443516,0.061704,0.770538
16.443501,0.061252,0.770587
16.443483,0.060900,0.770636
16.443470,0.060275,0.770685
16.443455,0.060310,0.770734
16.443439,0.059910,0.770782
16.443428,0.059645,0.770830
16.443413,0.059579,0.770878
16.443398,0.059515,0.770926
16.443382,0.059554,0.770974
16.443367,0.059478,0.771022
16.443356,0.059472,0.771070
16.443340,0.059640,0.771118
16.443325,0.059736,0.771166
16.443310,0.059781,0.771215
16.443295,0.059884,0.771263
16.443277,0.060000,0.771311
16.443264,0.060205,0.771360
16.443245,0.060368,0.771409
16.443230,0.060488,0.771457
16.443214,0.060608,0.771506
16.443197,0.060853,0.771555
16.443182,0.060957,0.771604
16.443163,0.061181,0.771654
16.443148,0.061260,0.771703
16.443127,0.061442,0.771753
16.443111,0.061613,0.771802
16.443096,0.061723,0.771852
16.443077,0.061786,0.771902
16.443058,0.061919,0.771952
16.443041,0.062056,0.772002
16.443024,0.062108,0.772052
16.443005,0.062221,0.772102
16.442987,0.062284,0.772153
16.442966,0.062396,0.772203
16.442951,0.062472,0.772253
16.442932,0.062472,0.772304
16.442913,0.062585,0.772354
16.442894,0.062649,0.772405
16.442875,0.062602,0.772455
16.442856,0.062662,0.772506
16.442841,0.062649,0.772556
16.442822,0.062662,0.772607
16.442799,0.062652,0.772657
16.442783,0.062649,0.772708
16.442764,0.062649,0.772758
16.442745,0.062599,0.772809
16.442726,0.062589,0.772859
16.442707,0.062536,0.772910
16.442688,0.062610,0.772960
16.442673,0.062485,0.773011
16.442654,0.062360,0.773061
16.442635,0.062360,0.773111
16.442616,0.062411,0.773162
16.442596,0.062249,0.773212
16.442581,0.062199,0.773262
16.442562,0.062210,0.773312
16.442545,0.062135,0.773362
16.442528,0.062084,0.773412
16.442509,0.062083,0.773462
16.442492,0.061860,0.773512
16.442474,0.061860,0.773562
16.442457,0.061908,0.773612
16.442438,0.061958,0.773662
16.442423,0.062007,0.773712
16.442402,0.061957,0.773762
16.442385,0.062080,0.773812
16.442368,0.062128,0.773862
16.442348,0.062190,0.773912
16.442331,0.062190,0.773962
16.442310,0.062177,0.774013
16.442291,0.062288,0.774063
16.442276,0.062225,0.774113
16.442257,0.062288,0.774163
16.442242,0.062337,0.774213
16.442219,0.062349,0.774264
16.442204,0.062386,0.774314
16.442184,0.062436,0.774364
16.442165,0.062374,0.774415
16.442146,0.062351,0.774465
16.442127,0.062413,0.774515
16.442112,0.062423,0.774566
16.442095,0.062119,0.774616
16.442076,0.062193,0.774666
16.442057,0.062125,0.774716
16.442034,0.063645,0.774767
16.442001,0.068359,0.774823
16.441973,0.068803,0.774878
16.441948,0.068199,0.774933
16.441925,0.068114,0.774988
16.441896,0.068014,0.775043
16.441872,0.067523,0.775097
16.441851,0.067145,0.775151
16.441824,0.066790,0.775205
16.441803,0.066207,0.775259
16.441780,0.066223,0.775312
16.441761,0.065470,0.775365
16.441738,0.065172,0.775418
16.441719,0.064756,0.775470
16.441700,0.064238,0.775522
16.441679,0.064108,0.775573
16.441662,0.063560,0.775624
16.441643,0.063469,0.775676
16.441624,0.063030,0.775726
16.441605,0.062831,0.775777
16.441586,0.062604,0.775828
16.441570,0.062450,0.775878
16.441551,0.062279,0.775928
16.441534,0.062072,0.775978
16.441515,0.062020,0.776028
16.441498,0.062014,0.776078
16.441481,0.061908,0.776128
16.441462,0.061862,0.776178
16.441444,0.061953,0.776228
16.441427,0.061906,0.776278
16.441408,0.061927,0.776328
16.441391,0.061965,0.776378
16.441376,0.062049,0.776428
16.441355,0.062192,0.776478
16.441338,0.062219,0.776528
16.441319,0.062296,0.776579
16.441301,0.062339,0.776629
16.441284,0.062495,0.776679
16.441265,0.062478,0.776730
16.441246,0.062573,0.776780
16.441227,0.062625,0.776831
16.441206,0.062737,0.776881
16.441189,0.062791,0.776932
16.441170,0.062955,0.776983
16.441151,0.063011,0.777034
16.441132,0.063014,0.777084
16.441111,0.063069,0.777135
16.441092,0.063125,0.777186
16.441072,0.063129,0.777237
16.441051,0.063309,0.777288
16.441032,0.063197,0.777339
16.441013,0.063303,0.777390
16.440994,0.063308,0.777441
16.440975,0.063334,0.777492
16.440956,0.063376,0.777543
16.440937,0.063381,0.777594
16.440918,0.063446,0.777646
16.440895,0.063499,0.777697
16.440880,0.063387,0.777748
16.440857,0.063450,0.777799
16.440838,0.063403,0.777850
16.440819,0.063413,0.777901
16.440796,0.063466,0.777953
16.440781,0.063504,0.778004
16.440762,0.063401,0.778055
16.440739,0.063450,0.778106
16.440720,0.063460,0.778157
16.440701,0.063460,0.778208
16.440681,0.063408,0.778260
16.440662,0.063467,0.778311
16.440643,0.063402,0.778362
16.440624,0.063327,0.778413
16.440605,0.063338,0.778464
16.440582,0.063387,0.778515
16.440563,0.063333,0.778566
16.440544,0.063279,0.778617
16.440525,0.063328,0.778668
16.440506,0.063276,0.778719
16.440487,0.063271,0.778770
16.440466,0.063268,0.778821
16.440449,0.063204,0.778872
16.440430,0.063140,0.778923
16.440407,0.063200,0.778974
16.440390,0.063148,0.779025
16.440372,0.063130,0.779076
16.440353,0.063118,0.779127
16.440334,0.063078,0.779178
16.440313,0.063138,0.779229
16.440296,0.063038,0.779280
16.440277,0.063038,0.779330
16.440256,0.063057,0.779381
16.440237,0.062994,0.779432
16.440231,0.062992,0.779452
16.440210,0.062916,0.779503
16.440193,0.062874,0.779554
16.440174,0.062822,0.779604
16.440155,0.062771,0.779655
16.440136,0.062794,0.779706
16.440113,0.063920,0.779757
16.440081,0.068086,0.779812
16.440079,0.061237,0.779862
16.440056,0.062704,0.779912
16.440022,0.067683,0.779967
16.439983,0.071429,0.780024
16.439957,0.070279,0.780081
16.439932,0.069792,0.780137
16.439903,0.069376,0.780193
16.439880,0.068522,0.780249
16.439857,0.068009,0.780303
16.439831,0.067491,0.780358
16.439810,0.066904,0.780412
16.439789,0.066416,0.780465
16.439766,0.065866,0.780518
16.439743,0.065330,0.780571
16.439724,0.064425,0.780623
16.439707,0.063937,0.780675
16.439686,0.063465,0.780726
16.439671,0.063054,0.780777
16.439651,0.062775,0.780827
16.439632,0.062534,0.780878
16.439617,0.062246,0.780928
16.439600,0.062013,0.780978
16.439583,0.061623,0.781028
16.439568,0.061439,0.781077
16.439548,0.061326,0.781127
16.439533,0.061185,0.781176
16.439518,0.061115,0.781225
16.439499,0.061049,0.781274
16.439484,0.061098,0.781324
16.439466,0.061098,0.781373
16.439449,0.061038,0.781422
16.439434,0.061081,0.781472
16.439419,0.061149,0.781521
16.439400,0.061206,0.781570
16.439384,0.061202,0.781620
16.439365,0.061222,0.781669
16.439350,0.061442,0.781718
16.439331,0.061559,0.781768
16.439316,0.061624,0.781818
16.439295,0.061753,0.781868
16.439280,0.061824,0.781917
16.439260,0.061935,0.781967
16.439243,0.062057,0.782017
16.439224,0.062181,0.782068
16.439205,0.062255,0.782118
16.439190,0.062319,0.782168
16.439171,0.062432,0.782218
16.439152,0.062557,0.782269
16.439133,0.062670,0.782319
16.439114,0.062673,0.782370
16.439095,0.062786,0.782421
16.439079,0.062749,0.782471
16.439056,0.062863,0.782522
16.439037,0.062927,0.782573
16.439020,0.062927,0.782623
16.438999,0.062991,0.782674
16.438982,0.063051,0.782725
16.438961,0.063152,0.782776
16.438944,0.063051,0.782827
16.438925,0.063115,0.782878
16.438904,0.063166,0.782929
16.438885,0.063162,0.782979
16.438868,0.063212,0.783030
16.438847,0.063213,0.783081
16.438828,0.063213,0.783132
16.438808,0.063274,0.783183
16.438786,0.063210,0.783234
16.438770,0.063261,0.783285
16.438751,0.063271,0.783336
16.438728,0.063320,0.783387
16.438709,0.063320,0.783439
16.438690,0.063319,0.783490
16.438671,0.063268,0.783541
16.438652,0.063329,0.783592
16.438633,0.063316,0.783643
16.438614,0.063316,0.783694
16.438595,0.063265,0.783745
16.438576,0.063315,0.783796
16.438557,0.063315,0.783847
16.438538,0.063364,0.783898
16.438515,0.063251,0.783949
16.438496,0.063324,0.784000
16.438480,0.063261,0.784051
16.438457,0.063311,0.784102
16.438438,0.063236,0.784153
16.438421,0.063197,0.784204
16.438400,0.063208,0.784255
16.438383,0.063258,0.784306
16.438362,0.063247,0.784357
16.438343,0.063207,0.784408
16.438324,0.063207,0.784459
16.438305,0.063144,0.784510
16.438286,0.063133,0.784561
16.438267,0.063144,0.784612
16.438246,0.063194,0.784663
16.438227,0.063131,0.784714
16.438210,0.063131,0.784765
16.438189,0.063069,0.784816
16.438169,0.063119,0.784867
16.438133,0.068321,0.784922
16.438108,0.068998,0.784977
16.438070,0.071729,0.785035
16.438046,0.070134,0.785092
16.438019,0.069057,0.785147
16.437994,0.068791,0.785203
16.437973,0.068468,0.785258
16.437944,0.067914,0.785313
16.437923,0.067327,0.785367
16.437901,0.066246,0.785420
16.437881,0.065730,0.785473
16.437860,0.065143,0.785526
16.437840,0.064840,0.785578
16.437822,0.064216,0.785630
16.437803,0.063113,0.785681
16.437784,0.062802,0.785732
16.437767,0.062596,0.785782
16.437748,0.062408,0.785832
16.437729,0.062154,0.785883
16.437714,0.061962,0.785932
16.437696,0.061753,0.785982
16.437683,0.061653,0.786032
16.437664,0.061529,0.786082
16.437649,0.061419,0.786131
16.437630,0.061442,0.786181
16.437614,0.061384,0.786230
16.437599,0.061452,0.786280
16.437580,0.061473,0.786329
16.437561,0.061541,0.786379
16.437546,0.061604,0.786429
16.437527,0.061581,0.786478
16.437511,0.061651,0.786528
16.437492,0.061701,0.786578
16.437475,0.061886,0.786628
16.437458,0.061954,0.786678
16.437439,0.062173,0.786728
16.437420,0.062094,0.786778
16.437403,0.062267,0.786828
16.437382,0.062367,0.786878
16.437366,0.062416,0.786929
16.437347,0.062518,0.786979
16.437328,0.062572,0.787030
16.437311,0.062675,0.787080
16.437290,0.062790,0.787131
16.437271,0.062799,0.787181
16.437254,0.062915,0.787232
16.437235,0.062971,0.787283
16.437216,0.062980,0.787334
16.437197,0.063094,0.787385
16.437176,0.063086,0.787436
16.437159,0.063166,0.787486
16.437138,0.063160,0.787537
16.437119,0.063214,0.787588
16.437099,0.063230,0.787639
16.437077,0.063295,0.787690
16.437061,0.063295,0.787741
16.437042,0.063295,0.787793
16.437019,0.063358,0.787844
16.437000,0.063347,0.787895
16.436981,0.063347,0.787946
16.436962,0.063347,0.787997
16.436943,0.063299,0.788048
16.436924,0.063347,0.788099
16.436905,0.063358,0.788150
16.436886,0.063358,0.788201
16.436867,0.063352,0.788252
16.436848,0.063303,0.788303
16.436829,0.063239,0.788354
16.436810,0.063186,0.788405
16.436787,0.063294,0.788456
16.436771,0.063233,0.788507
16.436752,0.063217,0.788558
16.436729,0.063240,0.788609
16.436712,0.063183,0.788660
16.436695,0.063183,0.788711
16.436674,0.063160,0.788762
16.436657,0.063103,0.788813
16.436638,0.063163,0.788864
16.436615,0.063163,0.788915
16.436600,0.063147,0.788966
16.436581,0.063095,0.789017
16.436560,0.063050,0.789068
16.436541,0.063035,0.789118
16.436522,0.063095,0.789169
16.436502,0.063133,0.789220
16.436481,0.063242,0.789271
16.436462,0.063202,0.789322
16.436443,0.063363,0.789373
16.436424,0.063412,0.789424
16.436405,0.063522,0.789476
16.436386,0.063407,0.789527
16.436367,0.063580,0.789578
16.436344,0.063781,0.789629
16.436323,0.063831,0.789681
16.436304,0.063790,0.789732
16.436285,0.063901,0.789784
16.436264,0.064640,0.789836
16.436241,0.064537,0.789888
16.436218,0.065535,0.789941
16.436195,0.065504,0.789994
16.436172,0.066249,0.790047
16.436123,0.074364,0.790107
16.436058,0.083838,0.790175
16.436089,0.059936,0.790223
16.436077,0.059281,0.790271
16.436073,0.056492,0.790316
16.436037,0.063824,0.790368
16.435993,0.071326,0.790425
16.435966,0.069952,0.790482
16.435947,0.067800,0.790537
16.435925,0.067326,0.790591
16.435900,0.066864,0.790645
16.435879,0.066169,0.790698
16.435860,0.065119,0.790751
16.435841,0.064692,0.790803
16.435820,0.063776,0.790854
16.435802,0.063370,0.790905
16.435785,0.062916,0.790956
16.435768,0.062153,0.791006
16.435753,0.061868,0.791056
16.435734,0.061594,0.791106
16.435719,0.061288,0.791155
16.435703,0.060818,0.791204
16.435688,0.060596,0.791253
16.435673,0.060461,0.791302
16.435654,0.060379,0.791350
16.435642,0.060268,0.791399
16.435627,0.060157,0.791448
16.435612,0.060190,0.791496
16.435598,0.060175,0.791545
16.435579,0.060173,0.791593
16.435566,0.060274,0.791642
16.435551,0.060324,0.791690
16.435535,0.060436,0.791739
16.435516,0.060555,0.791788
16.435501,0.060662,0.791837
16.435486,0.060782,0.791886
16.435469,0.060894,0.791935
16.435452,0.060959,0.791984
16.435436,0.061185,0.792034
16.435417,0.061302,0.792083
16.435402,0.061420,0.792132
16.435383,0.061541,0.792182
16.435368,0.061602,0.792232
16.435349,0.061774,0.792282
16.435331,0.061846,0.792332
16.435312,0.061969,0.792381
16.435297,0.061920,0.792431
16.435278,0.062033,0.792481
16.435257,0.062208,0.792532
16.435242,0.062233,0.792582
16.435223,0.062396,0.792632
16.435207,0.062509,0.792683
16.435188,0.062522,0.792733
16.435165,0.062598,0.792783
16.435150,0.062649,0.792834
16.435129,0.062826,0.792885
16.435110,0.062812,0.792935
16.435091,0.062886,0.792986
16.435072,0.062937,0.793037
16.435055,0.062937,0.793088
16.435036,0.062937,0.793138
16.435015,0.062937,0.793189
16.434998,0.062987,0.793240
16.434978,0.063112,0.793291
16.434958,0.063061,0.793342
16.434938,0.063097,0.793393
16.434921,0.063159,0.793444
16.434900,0.063095,0.793494
16.434881,0.063095,0.793545
16.434860,0.063156,0.793596
16.434845,0.063156,0.793647
16.434826,0.063143,0.793698
16.434807,0.063092,0.793749
16.434786,0.063153,0.793800
16.434769,0.063103,0.793851
16.434750,0.063100,0.793902
16.434729,0.063088,0.793953
16.434710,0.063088,0.794004
16.434690,0.063025,0.794054
16.434671,0.063037,0.794105
16.434652,0.062985,0.794156
16.434635,0.062974,0.794207
16.434616,0.062973,0.794258
16.434597,0.062972,0.794308
16.434578,0.062922,0.794359
16.434557,0.062984,0.794410
16.434540,0.063033,0.794461
16.434521,0.062983,0.794512
16.434502,0.062970,0.794562
16.434483,0.062870,0.794613
16.434465,0.062944,0.794664
16.434444,0.062932,0.794715
16.434425,0.062920,0.794765
16.434406,0.062857,0.794816
16.434389,0.062943,0.794867
16.434370,0.062881,0.794917
16.434351,0.062930,0.794968
16.434332,0.062868,0.795019
16.434313,0.062905,0.795070
16.434277,0.068657,0.795125
16.434250,0.068347,0.795180
16.434219,0.070122,0.795237
16.434193,0.069335,0.795293
16.434170,0.068371,0.795348
16.434147,0.067389,0.795402
16.434124,0.067061,0.795456
16.434099,0.066720,0.795510
16.434082,0.065677,0.795563
16.434059,0.065171,0.795616
16.434038,0.064796,0.795668
16.434021,0.064392,0.795720
16.434000,0.063994,0.795771
16.433981,0.063649,0.795823
16.433960,0.063379,0.795874
16.433943,0.063086,0.795925
16.433929,0.062618,0.795975
16.433907,0.062343,0.796026
16.433891,0.062145,0.796076
16.433872,0.061960,0.796126
16.433855,0.061834,0.796175
16.433842,0.061605,0.796225
16.433823,0.061545,0.796275
16.433807,0.061514,0.796324
16.433788,0.061520,0.796374
16.433773,0.061442,0.796424
16.433754,0.061430,0.796473
16.433739,0.061576,0.796523
16.433720,0.061607,0.796572
16.433702,0.061653,0.796622
16.433685,0.061697,0.796672
16.433668,0.061756,0.796722
16.433649,0.061852,0.796772
16.433632,0.062044,0.796822
16.433615,0.061942,0.796872
16.433598,0.062147,0.796922
16.433578,0.062273,0.796972
16.433559,0.062446,0.797022
16.433544,0.062494,0.797073
16.433521,0.062583,0.797123
16.433502,0.062700,0.797174
16.433487,0.062753,0.797224
16.433466,0.062795,0.797275
16.433447,0.062928,0.797326
16.433430,0.063032,0.797377
16.433409,0.063025,0.797427
16.433388,0.063145,0.797478
16.433371,0.063150,0.797529
16.433350,0.063217,0.797580
16.433331,0.063264,0.797631
16.433311,0.063329,0.797682
16.433292,0.063345,0.797733
16.433273,0.063345,0.797785
16.433254,0.063286,0.797836
16.433235,0.063338,0.797887
16.433216,0.063338,0.797938
16.433197,0.063413,0.797989
16.433174,0.063354,0.798040
16.433155,0.063407,0.798091
16.433140,0.063407,0.798142
16.433117,0.063407,0.798193
16.433098,0.063466,0.798245
16.433079,0.063401,0.798296
16.433060,0.063352,0.798347
16.433041,0.063411,0.798398
16.433022,0.063347,0.798449
16.432999,0.063334,0.798500
16.432980,0.063293,0.798551
16.432961,0.063341,0.798602
16.432941,0.063331,0.798653
16.432922,0.063289,0.798704
16.432903,0.063336,0.798755
16.432884,0.063284,0.798806
16.432865,0.063332,0.798857
16.432846,0.063279,0.798908
16.432827,0.063256,0.798959
16.432808,0.063264,0.799011
16.432789,0.063271,0.799062
16.432770,0.063207,0.799112
16.432751,0.063244,0.799164
16.432732,0.063192,0.799214
16.432713,0.063252,0.799266
16.432692,0.063136,0.799316
16.432674,0.063196,0.799367
16.432657,0.063159,0.799418
16.432636,0.063096,0.799469
16.432617,0.063126,0.799520
16.432598,0.063063,0.799571
16.432579,0.063343,0.799622
16.432560,0.063555,0.799673
16.432537,0.063648,0.799725
16.432516,0.063811,0.799776
16.432493,0.064997,0.799828
16.432472,0.064900,0.799881
16.432442,0.067306,0.799935
16.432411,0.069273,0.799991
16.432358,0.078630,0.800054
16.432364,0.063857,0.800106
16.432354,0.060526,0.800155
16.432325,0.064971,0.800207
16.432291,0.068837,0.800263
16.432251,0.072477,0.800321
16.432228,0.071124,0.800378
16.432201,0.070251,0.800435
16.432175,0.069290,0.800491
16.432152,0.068301,0.800546
16.432129,0.067346,0.800600
16.432106,0.066378,0.800654
16.432087,0.065579,0.800707
16.432070,0.064221,0.800758
16.432049,0.063759,0.800810
16.432032,0.063223,0.800861
16.432016,0.062840,0.800912
16.431995,0.062447,0.800962
16.431980,0.062079,0.801012
16.431965,0.061789,0.801062
16.431946,0.061554,0.801111
16.431931,0.061236,0.801161
16.431917,0.061037,0.801210
16.431898,0.060800,0.801259
16.431885,0.060631,0.801308
16.431870,0.060601,0.801357
16.431850,0.060539,0.801406
16.431839,0.060459,0.801454
16.431820,0.060394,0.801503
16.431805,0.060445,0.801552
16.431789,0.060499,0.801601
16.431774,0.060497,0.801650
16.431759,0.060548,0.801698
16.431740,0.060719,0.801747
16.431726,0.060840,0.801796
16.431711,0.060963,0.801846
16.431692,0.061015,0.801895
16.431677,0.061145,0.801944
16.431656,0.061385,0.801994
16.431641,0.061454,0.802043
16.431625,0.061634,0.802093
16.431606,0.061707,0.802143
16.431587,0.061830,0.802193
16.431572,0.062014,0.802243
16.431553,0.062138,0.802293
16.431536,0.062090,0.802343
16.431519,0.062264,0.802393
16.431496,0.062327,0.802443
16.431480,0.062390,0.802494
16.431461,0.062566,0.802544
16.431442,0.062530,0.802594
16.431427,0.062640,0.802645
16.431406,0.062704,0.802696
16.431385,0.062817,0.802746
16.431370,0.062817,0.802797
16.431351,0.062868,0.802848
16.431330,0.062868,0.802898
16.431313,0.062941,0.802949
16.431293,0.062941,0.803000
16.431273,0.062941,0.803051
16.431255,0.063001,0.803101
16.431238,0.062988,0.803152
16.431217,0.062938,0.803203
16.431198,0.063049,0.803254
16.431179,0.063049,0.803305
16.431160,0.062998,0.803355
16.431141,0.063046,0.803406
16.431122,0.063083,0.803457
16.431103,0.063046,0.803508
16.431086,0.063056,0.803559
16.431067,0.063043,0.803610
16.431047,0.063080,0.803661
16.431026,0.063029,0.803711
16.431009,0.063039,0.803762
16.430990,0.063038,0.803813
16.430969,0.062975,0.803864
16.430952,0.062987,0.803915
16.430935,0.063037,0.803966
16.430914,0.062985,0.804016
16.430895,0.063034,0.804067
16.430876,0.063047,0.804118
16.430857,0.063096,0.804169
16.430838,0.063096,0.804220
16.430819,0.063033,0.804271
16.430799,0.063033,0.804321
16.430782,0.063046,0.804372
16.430763,0.063056,0.804423
16.430742,0.063056,0.804474
16.430723,0.062993,0.804525
16.430706,0.063080,0.804576
16.430685,0.063105,0.804627
16.430664,0.063092,0.804677
16.430647,0.063055,0.804728
16.430630,0.063290,0.804779
16.430607,0.063676,0.804831
16.430588,0.064250,0.804882
16.430565,0.064146,0.804934
16.430542,0.064926,0.804987
16.430500,0.070985,0.805044
16.430473,0.070657,0.805101
16.430450,0.069079,0.805156
16.430428,0.068319,0.805212
16.430405,0.067167,0.805266
16.430382,0.066650,0.805319
16.430359,0.066203,0.805373
16.430340,0.065644,0.805426
16.430317,0.065236,0.805478
16.430296,0.064789,0.805531
16.430279,0.064021,0.805582
16.430260,0.064068,0.805634
16.430239,0.063660,0.805685
16.430222,0.063069,0.805736
16.430204,0.063043,0.805787
16.430187,0.062706,0.805838
16.430168,0.062367,0.805888
16.430151,0.062195,0.805938
16.430134,0.061945,0.805988
16.430117,0.061812,0.806038
16.430098,0.061697,0.806088
16.430084,0.061615,0.806137
16.430065,0.061501,0.806187
16.430050,0.061465,0.806237
16.430031,0.061644,0.806286
16.430016,0.061490,0.806336
16.429996,0.061579,0.806385
16.429981,0.061637,0.806435
16.429960,0.061698,0.806485
16.429947,0.061777,0.806535
16.429926,0.061976,0.806585
16.429911,0.061885,0.806635
16.429892,0.061923,0.806685
16.429874,0.062104,0.806735
16.429855,0.062247,0.806785
16.429836,0.062291,0.806835
16.429817,0.062418,0.806885
16.429802,0.062516,0.806936
16.429781,0.062691,0.806986
16.429762,0.062793,0.807037
16.429745,0.062831,0.807088
16.429726,0.062938,0.807139
16.429705,0.063055,0.807189
16.429688,0.063158,0.807240
16.429668,0.063165,0.807291
16.429649,0.063198,0.807342
16.429626,0.063329,0.807393
16.429607,0.063334,0.807444
16.429592,0.063451,0.807496
16.429569,0.063455,0.807547
16.429550,0.063448,0.807598
16.429531,0.063448,0.807649
16.429512,0.063506,0.807700
16.429493,0.063501,0.807751
16.429474,0.063564,0.807803
16.429455,0.063580,0.807854
16.429432,0.063580,0.807905
16.429413,0.063580,0.807957
16.429394,0.063584,0.808008
16.429375,0.063632,0.808059
16.429354,0.063632,0.808110
16.429337,0.063632,0.808162
16.429314,0.063584,0.808213
16.429295,0.063696,0.808264
16.429276,0.063869,0.808316
16.429255,0.063922,0.808367
16.429234,0.063922,0.808419
16.429214,0.063982,0.808471
16.429193,0.063868,0.808522
16.429173,0.064018,0.808574
16.429155,0.064029,0.808625
16.429134,0.063987,0.808677
16.429115,0.064031,0.808729
16.429092,0.064031,0.808780
16.429073,0.064080,0.808832
16.429054,0.064015,0.808883
16.429031,0.064124,0.808935
16.429012,0.064075,0.808987
16.428993,0.064120,0.809039
16.428970,0.064131,0.809090
16.428951,0.064131,0.809142
16.428930,0.064063,0.809194
16.428909,0.064214,0.809246
16.428890,0.064150,0.809297
16.428869,0.064120,0.809349
16.428850,0.064169,0.809401
16.428829,0.064154,0.809453
16.428808,0.064203,0.809504
16.428787,0.064109,0.809556
16.428768,0.064197,0.809608
16.428745,0.064095,0.809659
16.428726,0.064235,0.809711
16.428707,0.064377,0.809763
16.428688,0.064385,0.809815
16.428665,0.064229,0.809867
16.428642,0.064671,0.809919
16.428621,0.064669,0.809971
16.428604,0.064594,0.810023
16.428577,0.065149,0.810076
16.428555,0.066494,0.810129
16.428526,0.067960,0.810184
16.428488,0.071606,0.810242
16.428452,0.073337,0.810301
16.428469,0.058964,0.810349
16.428452,0.059484,0.810397
16.428425,0.063274,0.810448
16.428391,0.068189,0.810503
16.428368,0.067326,0.810557
16.428349,0.066336,0.810611
16.428324,0.065950,0.810664
16.428303,0.065368,0.810716
16.428286,0.065007,0.810769
16.428265,0.064590,0.810821
16.428246,0.064208,0.810873
16.428225,0.063782,0.810924
16.428207,0.062981,0.810975
16.428192,0.062612,0.811025
16.428173,0.062251,0.811076
16.428156,0.061949,0.811126
16.428139,0.061407,0.811175
16.428125,0.061107,0.811224
16.428108,0.060912,0.811274
16.428093,0.060545,0.811322
16.428082,0.060416,0.811371
16.428062,0.060273,0.811420
16.428049,0.060196,0.811468
16.428032,0.060126,0.811517
16.428019,0.060080,0.811565
16.428005,0.060177,0.811614
16.427988,0.060161,0.811662
16.427973,0.060158,0.811711
16.427959,0.060312,0.811759
16.427940,0.060326,0.811808
16.427929,0.060378,0.811847
16.427914,0.060440,0.811896
16.427898,0.060549,0.811944
16.427879,0.060671,0.811993
16.427866,0.060802,0.812042
16.427849,0.060868,0.812092
16.427832,0.061095,0.812141
16.427814,0.061215,0.812190
16.427799,0.061333,0.812240
16.427780,0.061363,0.812289
16.427765,0.061546,0.812339
16.427748,0.061719,0.812389
16.427729,0.061843,0.812438
16.427711,0.061905,0.812488
16.427694,0.062090,0.812539
16.427673,0.062215,0.812589
16.427658,0.062327,0.812639
16.427639,0.062280,0.812689
16.427620,0.062466,0.812740
16.427601,0.062517,0.812790
16.427582,0.062579,0.812840
16.427567,0.062630,0.812891
16.427546,0.062693,0.812941
16.427528,0.062766,0.812992
16.427507,0.062766,0.813043
16.427490,0.062817,0.813093
16.427471,0.062877,0.813144
16.427452,0.062827,0.813195
16.427433,0.062938,0.813246
16.427416,0.062987,0.813296
16.427397,0.062987,0.813347
16.427376,0.063048,0.813398
16.427359,0.062984,0.813449
16.427340,0.062984,0.813500
16.427319,0.063045,0.813550
16.427299,0.063105,0.813601
16.427282,0.063042,0.813652
16.427265,0.063042,0.813703
16.427244,0.063028,0.813754
16.427225,0.063039,0.813805
16.427208,0.063027,0.813855
16.427187,0.063100,0.813906
16.427168,0.063100,0.813957
16.427149,0.063087,0.814008
16.427130,0.063074,0.814059
16.427111,0.063085,0.814110
16.427092,0.063035,0.814161
16.427074,0.063097,0.814212
16.427055,0.063083,0.814263
16.427036,0.063083,0.814313
16.427017,0.063070,0.814364
16.426994,0.063083,0.814415
16.426977,0.063070,0.814466
16.426960,0.063031,0.814517
16.426939,0.063031,0.814568
16.426920,0.063081,0.814619
16.426901,0.063081,0.814669
16.426886,0.063018,0.814720
16.426865,0.063092,0.814771
16.426846,0.063029,0.814822
16.426826,0.063029,0.814873
16.426807,0.063079,0.814924
16.426788,0.063017,0.814975
16.426769,0.063028,0.815025
16.426750,0.063078,0.815076
16.426731,0.063028,0.815127
16.426712,0.063016,0.815178
16.426695,0.062945,0.815229
16.426676,0.062609,0.815279
16.426659,0.062675,0.815330
16.426640,0.062648,0.815380
16.426594,0.071425,0.815438
16.426563,0.071396,0.815495
16.426535,0.070722,0.815552
16.426510,0.069276,0.815608
16.426487,0.068798,0.815664
16.426460,0.068233,0.815719
16.426437,0.067393,0.815773
16.426416,0.066864,0.815827
16.426392,0.066361,0.815881
16.426371,0.066027,0.815934
16.426353,0.065050,0.815986
16.426332,0.064731,0.816039
16.426311,0.064319,0.816090
16.426292,0.063961,0.816142
16.426273,0.063972,0.816194
16.426254,0.063493,0.816245
16.426235,0.063258,0.816296
16.426218,0.063042,0.816347
16.426199,0.062765,0.816397
16.426182,0.062412,0.816448
16.426163,0.062333,0.816498
16.426147,0.062008,0.816548
16.426132,0.061897,0.816598
16.426111,0.061855,0.816648
16.426098,0.061708,0.816697
16.426079,0.061659,0.816747
16.426064,0.061685,0.816797
16.426044,0.061710,0.816847
16.426027,0.061768,0.816896
16.426010,0.061662,0.816946
16.425993,0.061781,0.816996
16.425976,0.061915,0.817046
16.425957,0.061892,0.817096
16.425940,0.061958,0.817146
16.425924,0.061987,0.817196
16.425903,0.062077,0.817246
16.425884,0.062247,0.817296
16.425869,0.062344,0.817346
16.425850,0.062318,0.817397
16.425831,0.062466,0.817447
16.425816,0.062539,0.817497
16.425793,0.062520,0.817548
16.425774,0.062685,0.817598
16.425758,0.062801,0.817649
16.425739,0.062804,0.817700
16.425718,0.062859,0.817750
16.425701,0.062967,0.817801
16.425682,0.063035,0.817852
16.425663,0.063045,0.817903
16.425644,0.063109,0.817954
16.425627,0.063151,0.818005
16.425606,0.063107,0.818056
16.425587,0.063224,0.818106
16.425568,0.063165,0.818157
16.425549,0.063279,0.818208
16.425529,0.063230,0.818259
16.425510,0.063230,0.818310
16.425491,0.063282,0.818362
16.425472,0.063347,0.818413
16.425449,0.063305,0.818464
16.425434,0.063305,0.818515
16.425415,0.063347,0.818566
16.425392,0.063282,0.818617
16.425373,0.063293,0.818668
16.425354,0.063228,0.818719
16.425339,0.063186,0.818770
16.425316,0.063235,0.818821
16.425297,0.063235,0.818872
16.425278,0.063170,0.818923
16.425259,0.063181,0.818974
16.425240,0.063289,0.819025
16.425220,0.063224,0.819076
16.425203,0.063224,0.819127
16.425182,0.063119,0.819178
16.425165,0.063167,0.819229
16.425144,0.063152,0.819279
16.425127,0.063099,0.819330
16.425106,0.063159,0.819381
16.425091,0.063155,0.819432
16.425072,0.063080,0.819483
16.425051,0.063140,0.819534
16.425032,0.063035,0.819585
16.425014,0.062972,0.819636
16.424994,0.063020,0.819686
16.424974,0.062957,0.819737
16.424957,0.063014,0.819788
16.424940,0.063014,0.819839
16.424919,0.062974,0.819890
16.424900,0.062936,0.819941
16.424881,0.062923,0.819991
16.424862,0.062882,0.820042
16.424845,0.062868,0.820093
16.424826,0.062864,0.820143
16.424807,0.062893,0.820194
16.424788,0.062902,0.820245
16.424768,0.062870,0.820296
16.424751,0.063065,0.820346
16.424728,0.063300,0.820397
16.424713,0.063403,0.820449
16.424690,0.063847,0.820500
16.424664,0.065741,0.820553
16.424622,0.072094,0.820611
16.424616,0.063777,0.820663
16.424606,0.061163,0.820712
16.424576,0.065399,0.820765
16.424534,0.071659,0.820823
16.424507,0.070608,0.820879
16.424482,0.069960,0.820936
16.424454,0.069329,0.820992
16.424429,0.068828,0.821047
16.424408,0.067671,0.821102
16.424385,0.067200,0.821156
16.424362,0.066715,0.821210
16.424341,0.066024,0.821263
16.424318,0.065588,0.821316
16.424299,0.065067,0.821368
16.424278,0.064654,0.821421
16.424261,0.063791,0.821472
16.424240,0.063287,0.821523
16.424225,0.062943,0.821574
16.424208,0.062622,0.821624
16.424187,0.062319,0.821675
16.424173,0.061982,0.821725
16.424156,0.061824,0.821774
16.424141,0.061488,0.821824
16.424122,0.061290,0.821873
16.424109,0.061109,0.821923
16.424093,0.060998,0.821972
16.424074,0.060874,0.822021
16.424061,0.060956,0.822070
16.424042,0.060954,0.822119
16.424026,0.060901,0.822168
16.424011,0.060956,0.822218
16.423994,0.060903,0.822267
16.423979,0.060961,0.822316
16.423964,0.061176,0.822365
16.423943,0.061238,0.822415
16.423927,0.061242,0.822464
16.423912,0.061430,0.822514
16.423893,0.061538,0.822563
16.423878,0.061554,0.822613
16.423862,0.061675,0.822663
16.423841,0.061746,0.822712
16.423824,0.061746,0.822762
16.423807,0.061878,0.822812
16.423792,0.061928,0.822862
16.423771,0.062074,0.822912
16.423756,0.062148,0.822962
16.423737,0.062250,0.823012
16.423717,0.062362,0.823063
16.423698,0.062450,0.823113
16.423683,0.062626,0.823164
16.423660,0.062677,0.823214
16.423645,0.062677,0.823265
16.423624,0.062703,0.823315
16.423607,0.062753,0.823366
16.423588,0.062817,0.823416
16.423569,0.062930,0.823467
16.423550,0.062941,0.823518
16.423531,0.062991,0.823569
16.423513,0.062928,0.823619
16.423494,0.062928,0.823670
16.423475,0.063001,0.823721
16.423456,0.063038,0.823772
16.423437,0.062988,0.823823
16.423418,0.063098,0.823874
16.423399,0.063098,0.823924
16.423382,0.062998,0.823975
16.423363,0.063059,0.824026
16.423344,0.062982,0.824077
16.423323,0.062982,0.824128
16.423302,0.063105,0.824179
16.423286,0.062992,0.824229
16.423267,0.063040,0.824280
16.423248,0.063039,0.824331
16.423231,0.063039,0.824382
16.423212,0.063039,0.824433
16.423191,0.063088,0.824484
16.423172,0.063037,0.824534
16.423153,0.063025,0.824585
16.423136,0.063086,0.824636
16.423115,0.063035,0.824687
16.423098,0.062972,0.824738
16.423079,0.063033,0.824789
16.423061,0.062983,0.824839
16.423040,0.063033,0.824890
16.423021,0.063020,0.824941
16.423002,0.063032,0.824992
16.422983,0.063031,0.825043
16.422964,0.062981,0.825094
16.422947,0.063043,0.825144
16.422930,0.062992,0.825195
16.422909,0.063042,0.825246
16.422890,0.062992,0.825297
16.422871,0.062930,0.825348
16.422852,0.063016,0.825398
16.422832,0.063017,0.825449
16.422815,0.062991,0.825500
16.422794,0.063144,0.825551
16.422752,0.070622,0.825608
16.422722,0.071726,0.825666
16.422693,0.070613,0.825723
16.422668,0.069454,0.825779
16.422646,0.068536,0.825834
16.422623,0.067450,0.825888
16.422600,0.067058,0.825942
16.422577,0.066548,0.825996
16.422558,0.065493,0.826049
16.422537,0.065063,0.826101
16.422516,0.064646,0.826153
16.422497,0.064265,0.826205
16.422478,0.063865,0.826257
16.422459,0.063467,0.826308
16.422440,0.063149,0.826359
16.422422,0.062907,0.826410
16.422405,0.062329,0.826460
16.422390,0.062157,0.826510
16.422371,0.061928,0.826560
16.422356,0.061738,0.826610
16.422337,0.061528,0.826659
16.422321,0.061389,0.826709
16.422306,0.061294,0.826758
16.422287,0.061287,0.826808
16.422272,0.061290,0.826857
16.422256,0.061252,0.826906
16.422237,0.061329,0.826956
16.422222,0.061329,0.827005
16.422207,0.061293,0.827055
16.422188,0.061446,0.827104
16.422173,0.061401,0.827154
16.422153,0.061358,0.827203
16.422138,0.061474,0.827253
16.422119,0.061668,0.827303
16.422104,0.061742,0.827352
16.422083,0.061844,0.827402
16.422068,0.062044,0.827452
16.422050,0.062002,0.827502
16.422031,0.062113,0.827552
16.422012,0.062211,0.827603
16.421993,0.062312,0.827653
16.421978,0.062365,0.827703
16.421959,0.062521,0.827754
16.421940,0.062635,0.827804
16.421925,0.062644,0.827855
16.421904,0.062748,0.827905
16.421883,0.062804,0.827956
16.421867,0.062808,0.828007
16.421848,0.062936,0.828057
16.421827,0.062881,0.828108
16.421808,0.062998,0.828159
16.421791,0.062980,0.828210
16.421772,0.063045,0.828260
16.421753,0.063061,0.828311
16.421736,0.063064,0.828362
16.421715,0.063129,0.828413
16.421698,0.063171,0.828464
16.421677,0.063171,0.828515
16.421658,0.063181,0.828566
16.421638,0.063133,0.828617
16.421619,0.063181,0.828668
16.421600,0.063181,0.828719
16.421581,0.063192,0.828770
16.421562,0.063133,0.828821
16.421543,0.063185,0.828872
16.421524,0.063234,0.828923
16.421505,0.063192,0.828974
16.421486,0.063138,0.829024
16.421467,0.063073,0.829075
16.421450,0.063121,0.829126
16.421429,0.063121,0.829177
16.421412,0.063109,0.829228
16.421391,0.063127,0.829279
16.421373,0.063127,0.829330
16.421354,0.063052,0.829381
16.421335,0.063059,0.829431
16.421316,0.063059,0.829482
16.421297,0.063096,0.829533
16.421276,0.063054,0.829584
16.421257,0.063103,0.829635
16.421242,0.062998,0.829686
16.421223,0.062994,0.829737
16.421204,0.062982,0.829787
16.421183,0.062967,0.829838
16.421165,0.062975,0.829889
16.421146,0.062935,0.829940
16.421129,0.062968,0.829990
16.421108,0.062968,0.830041
16.421091,0.062954,0.830092
16.421072,0.062962,0.830143
16.421053,0.062899,0.830194
16.421032,0.062885,0.830244
16.421017,0.062833,0.830295
16.420998,0.062830,0.830346
16.420977,0.062767,0.830396
16.420959,0.062721,0.830447
16.420942,0.062770,0.830497
16.420923,0.062760,0.830548
16.420906,0.062697,0.830599
16.420885,0.062845,0.830649
16.420845,0.069414,0.830705
16.420818,0.069387,0.830761
16.420824,0.058912,0.830809
16.420807,0.060904,0.830858
16.420767,0.067982,0.830913
16.420727,0.072331,0.830971
16.420700,0.071480,0.831029
16.420673,0.070524,0.831085
16.420647,0.070259,0.831142
16.420620,0.069956,0.831199
16.420595,0.068907,0.831254
16.420570,0.068203,0.831309
16.420547,0.067511,0.831364
16.420525,0.066774,0.831417
16.420502,0.066129,0.831471
16.420486,0.064985,0.831523
16.420467,0.064283,0.831575
16.420444,0.064267,0.831627
16.420425,0.063866,0.831678
16.420410,0.062955,0.831729
16.420393,0.062915,0.831780
16.420372,0.062128,0.831830
16.420357,0.061771,0.831880
16.420341,0.061601,0.831929
16.420326,0.061312,0.831979
16.420309,0.061130,0.832028
16.420296,0.060950,0.832077
16.420277,0.060831,0.832126
16.420261,0.060606,0.832175
16.420250,0.060487,0.832224
16.420231,0.060545,0.832273
16.420216,0.060531,0.832322
16.420200,0.060634,0.832371
16.420183,0.060642,0.832419
16.420170,0.060700,0.832468
16.420153,0.060810,0.832517
16.420137,0.060930,0.832567
16.420118,0.061043,0.832616
16.420103,0.061118,0.832665
16.420086,0.061183,0.832714
16.420067,0.061412,0.832764
16.420052,0.061471,0.832814
16.420036,0.061552,0.832863
16.420017,0.061836,0.832913
16.420000,0.061909,0.832963
16.419981,0.061960,0.833013
16.419966,0.062084,0.833063
16.419945,0.062146,0.833113
16.419930,0.062209,0.833163
16.419910,0.062286,0.833214
16.419891,0.062349,0.833264
16.419872,0.062349,0.833314
16.419857,0.062512,0.833365
16.419838,0.062589,0.833415
16.419819,0.062539,0.833466
16.419800,0.062599,0.833516
16.419785,0.062652,0.833567
16.419764,0.062652,0.833617
16.419746,0.062713,0.833668
16.419725,0.062663,0.833718
16.419708,0.062763,0.833769
16.419689,0.062663,0.833819
16.419670,0.062712,0.833870
16.419653,0.062713,0.833921
16.419636,0.062750,0.833971
16.419615,0.062774,0.834022
16.419598,0.062710,0.834072
16.419579,0.062710,0.834123
16.419563,0.062697,0.834173
16.419542,0.062747,0.834224
16.419523,0.062807,0.834275
16.419504,0.062768,0.834325
16.419485,0.062768,0.834376
16.419468,0.062868,0.834427
16.419449,0.062868,0.834477
16.419430,0.062865,0.834528
16.419411,0.062865,0.834579
16.419394,0.062863,0.834630
16.419374,0.062914,0.834680
16.419355,0.062926,0.834731
16.419336,0.062863,0.834782
16.419317,0.062851,0.834832
16.419300,0.062900,0.834883
16.419281,0.062911,0.834934
16.419262,0.062848,0.834984
16.419243,0.062848,0.835035
16.419224,0.062972,0.835086
16.419207,0.062910,0.835137
16.419188,0.062909,0.835187
16.419168,0.062909,0.835238
16.419149,0.062959,0.835289
16.419130,0.062908,0.835340
16.419111,0.062958,0.835390
16.419092,0.062895,0.835441
16.419077,0.062934,0.835492
16.419056,0.062933,0.835543
16.419037,0.062883,0.835593
16.419018,0.062822,0.835644
16.419001,0.062838,0.835695
16.418983,0.062663,0.835745
16.418962,0.062634,0.835796
16.418945,0.062634,0.835846
16.418911,0.067920,0.835901
16.418886,0.067868,0.835956
16.418848,0.071617,0.836013
16.418823,0.070700,0.836070
16.418795,0.069517,0.836127
16.418772,0.068833,0.836182
16.418747,0.067819,0.836237
16.418724,0.067204,0.836291
16.418703,0.066701,0.836345
16.418682,0.066309,0.836398
16.418661,0.065631,0.836451
16.418640,0.065275,0.836504
16.418619,0.064945,0.836556
16.418602,0.064276,0.836608
16.418581,0.063845,0.836659
16.418564,0.063551,0.836711
16.418541,0.063251,0.836762
16.418526,0.062826,0.836812
16.418510,0.062509,0.836863
16.418491,0.062329,0.836913
16.418472,0.062113,0.836963
16.418457,0.061968,0.837013
16.418440,0.061895,0.837063
16.418421,0.061735,0.837113
16.418404,0.061718,0.837162
16.418388,0.061662,0.837212
16.418369,0.061632,0.837262
16.418354,0.061613,0.837312
16.418339,0.061592,0.837361
16.418320,0.061698,0.837411
16.418301,0.061764,0.837461
16.418285,0.061799,0.837511
16.418268,0.061847,0.837561
16.418249,0.061881,0.837610
16.418232,0.061921,0.837660
16.418217,0.061999,0.837710
16.418198,0.062215,0.837761
16.418179,0.062311,0.837811
16.418159,0.062309,0.837861
16.418144,0.062505,0.837912
16.418125,0.062545,0.837962
16.418106,0.062721,0.838013
16.418087,0.062674,0.838063
16.418068,0.062842,0.838114
16.418051,0.062957,0.838165
16.418030,0.063001,0.838215
16.418011,0.063005,0.838266
16.417994,0.063009,0.838317
16.417976,0.063088,0.838368
16.417953,0.063205,0.838419
16.417934,0.063203,0.838470
16.417915,0.063208,0.838521
16.417900,0.063332,0.838572
16.417877,0.063326,0.838623
16.417858,0.063331,0.838674
16.417839,0.063342,0.838725
16.417820,0.063407,0.838776
16.417801,0.063396,0.838827
16.417782,0.063407,0.838879
16.417763,0.063358,0.838930
16.417744,0.063358,0.838981
16.417721,0.063407,0.839032
16.417702,0.063407,0.839083
16.417686,0.063417,0.839134
16.417667,0.063352,0.839185
16.417645,0.063401,0.839236
16.417625,0.063401,0.839287
16.417606,0.063347,0.839339
16.417591,0.063354,0.839390
16.417568,0.063338,0.839441
16.417549,0.063338,0.839492
16.417530,0.063295,0.839543
16.417511,0.063292,0.839594
16.417492,0.063216,0.839645
16.417473,0.063216,0.839696
16.417454,0.063212,0.839747
16.417435,0.063171,0.839798
16.417416,0.063155,0.839849
16.417398,0.063103,0.839899
16.417377,0.063099,0.839950
16.417360,0.063032,0.840001
16.417343,0.063092,0.840052
16.417324,0.063081,0.840103
16.417305,0.062977,0.840154
16.417286,0.062913,0.840204
16.417267,0.062922,0.840255
16.417248,0.062856,0.840306
16.417231,0.062917,0.840357
16.417212,0.062891,0.840407
16.417194,0.062851,0.840458
16.417173,0.062811,0.840509
16.417154,0.062849,0.840559
16.417137,0.062795,0.840610
16.417120,0.062770,0.840661
16.417099,0.062717,0.840711
16.417080,0.062794,0.840762
16.417084,0.056694,0.840808
16.417067,0.057920,0.840854
16.417023,0.067656,0.840909
16.416988,0.071240,0.840966
16.416960,0.070864,0.841023
16.416935,0.070251,0.841080
16.416908,0.069587,0.841136
16.416882,0.068987,0.841192
16.416859,0.068457,0.841247
16.416836,0.067869,0.841302
16.416813,0.067290,0.841356
16.416792,0.066002,0.841409
16.416771,0.065431,0.841462
16.416750,0.064956,0.841514
16.416729,0.064517,0.841566
16.416712,0.064005,0.841618
16.416695,0.063510,0.841669
16.416676,0.063179,0.841720
16.416656,0.062432,0.841771
16.416643,0.062160,0.841821
16.416624,0.061883,0.841871
16.416607,0.061696,0.841920
16.416592,0.061444,0.841970
16.416573,0.061276,0.842019
16.416557,0.061235,0.842069
16.416542,0.061174,0.842118
16.416529,0.061097,0.842167
16.416510,0.061045,0.842217
16.416494,0.061092,0.842266
16.416477,0.061135,0.842315
16.416460,0.061183,0.842364
16.416443,0.061227,0.842414
16.416428,0.061234,0.842463
16.416409,0.061395,0.842513
16.416393,0.061336,0.842562
16.416378,0.061558,0.842612
16.416359,0.061613,0.842662
16.416344,0.061680,0.842711
16.416323,0.061792,0.842761
16.416307,0.061918,0.842811
16.416290,0.061977,0.842861
16.416271,0.062026,0.842911
16.416252,0.062199,0.842961
16.416237,0.062210,0.843012
16.416218,0.062273,0.843062
16.416199,0.062447,0.843112
16.416180,0.062560,0.843163
16.416164,0.062626,0.843213
16.416142,0.062689,0.843264
16.416124,0.062752,0.843314
16.416107,0.062803,0.843365
16.416088,0.062806,0.843416
16.416067,0.062869,0.843466
16.416052,0.062983,0.843517
16.416033,0.062983,0.843568
16.416014,0.062986,0.843619
16.415993,0.062986,0.843669
16.415976,0.062986,0.843720
16.415956,0.063000,0.843771
16.415937,0.063048,0.843822
16.415920,0.063048,0.843873
16.415901,0.063112,0.843924
16.415882,0.063162,0.843975
16.415863,0.063051,0.844025
16.415844,0.063149,0.844076
16.415821,0.063162,0.844127
16.415806,0.063049,0.844178
16.415787,0.063109,0.844229
16.415768,0.063148,0.844280
16.415747,0.063097,0.844331
16.415730,0.063097,0.844382
16.415710,0.063097,0.844433
16.415691,0.063033,0.844483
16.415672,0.063157,0.844534
16.415655,0.063032,0.844585
16.415636,0.063081,0.844636
16.415617,0.062981,0.844687
16.415596,0.063032,0.844738
16.415579,0.063093,0.844789
16.415560,0.062969,0.844839
16.415541,0.063030,0.844890
16.415524,0.062969,0.844941
16.415504,0.063029,0.844992
16.415485,0.063029,0.845043
16.415466,0.062967,0.845093
16.415447,0.063028,0.845144
16.415428,0.063016,0.845195
16.415409,0.062892,0.845246
16.415392,0.062890,0.845297
16.415373,0.063014,0.845347
16.415354,0.062879,0.845398
16.415335,0.062928,0.845449
16.415316,0.062855,0.845500
16.415298,0.062844,0.845550
16.415279,0.062822,0.845601
16.415260,0.062781,0.845652
16.415241,0.062677,0.845702
16.415224,0.062629,0.845753
16.415201,0.064899,0.845805
16.415180,0.064665,0.845857
16.415136,0.070714,0.845914
16.415112,0.070249,0.845971
16.415083,0.069476,0.846027
16.415062,0.068561,0.846082
16.415037,0.067986,0.846137
16.415012,0.067261,0.846191
16.414993,0.066735,0.846245
16.414970,0.066214,0.846298
16.414948,0.065363,0.846351
16.414928,0.064915,0.846403
16.414909,0.064308,0.846455
16.414890,0.064210,0.846507
16.414875,0.063599,0.846558
16.414852,0.063236,0.846609
16.414837,0.062983,0.846660
16.414818,0.062724,0.846711
16.414803,0.062559,0.846761
16.414783,0.062150,0.846811
16.414766,0.061996,0.846861
16.414749,0.061857,0.846911
16.414734,0.061693,0.846961
16.414715,0.061562,0.847011
16.414700,0.061527,0.847060
16.414684,0.061473,0.847110
16.414669,0.061425,0.847149
16.414650,0.061482,0.847199
16.414635,0.061460,0.847249
16.414619,0.061525,0.847298
16.414600,0.061546,0.847348
16.414585,0.061700,0.847398
16.414568,0.061697,0.847447
16.414551,0.061854,0.847497
16.414532,0.061930,0.847547
16.414515,0.062003,0.847597
16.414497,0.062062,0.847647
16.414478,0.062257,0.847697
16.414459,0.062314,0.847748
16.414444,0.062415,0.847798
16.414421,0.062478,0.847848
16.414406,0.062655,0.847899
16.414387,0.062659,0.847949
16.414368,0.062753,0.848000
16.414351,0.062879,0.848051
16.414331,0.062946,0.848102
16.414312,0.063001,0.848152
16.414293,0.063059,0.848203
16.414276,0.063074,0.848254
16.414255,0.063078,0.848305
16.414234,0.063195,0.848356
16.414217,0.063137,0.848407
16.414200,0.063212,0.848458
16.414177,0.063212,0.848509
16.414158,0.063329,0.848560
16.414139,0.063270,0.848611
16.414120,0.063221,0.848662
16.414104,0.063286,0.848713
16.414082,0.063280,0.848764
16.414062,0.063231,0.848815
16.414043,0.063231,0.848866
16.414024,0.063221,0.848917
16.414005,0.063231,0.848968
16.413986,0.063291,0.849019
16.413967,0.063226,0.849070
16.413948,0.063226,0.849121
16.413933,0.063226,0.849172
16.413910,0.063172,0.849223
16.413891,0.063172,0.849274
16.413872,0.063221,0.849325
16.413857,0.063104,0.849375
16.413837,0.063104,0.849426
16.413818,0.063164,0.849477
16.413799,0.063111,0.849528
16.413780,0.063159,0.849579
16.413763,0.063043,0.849630
16.413742,0.063103,0.849681
16.413723,0.063103,0.849732
16.413704,0.063039,0.849783
16.413685,0.063096,0.849834
16.413666,0.063032,0.849884
16.413649,0.062928,0.849935
16.413630,0.062977,0.849986
16.413612,0.062962,0.850037
16.413591,0.062911,0.850087
16.413572,0.062922,0.850138
16.413553,0.062896,0.850189
16.413538,0.062905,0.850240
16.413519,0.062842,0.850290
16.413498,0.062851,0.850341
16.413481,0.062837,0.850392
16.413462,0.062898,0.850442
16.413445,0.062846,0.850493
16.413424,0.062844,0.850544
16.413406,0.062819,0.850594
16.413387,0.062734,0.850645
16.413370,0.062795,0.850696
16.413351,0.062804,0.850746
16.413332,0.062827,0.850797
16.413326,0.058867,0.850844
16.413321,0.055866,0.850889
16.413292,0.062574,0.850940
16.413250,0.069027,0.850996
16.413218,0.071741,0.851053
16.413189,0.071134,0.851111
16.413160,0.070901,0.851168
16.413134,0.070596,0.851225
16.413107,0.069531,0.851281
16.413084,0.068924,0.851337
16.413059,0.068377,0.851392
16.413036,0.067728,0.851446
16.413013,0.067068,0.851500
16.412994,0.065861,0.851553
16.412971,0.065370,0.851606
16.412952,0.064778,0.851658
16.412933,0.064383,0.851710
16.412914,0.063482,0.851762
16.412895,0.063466,0.851813
16.412876,0.063086,0.851864
16.412861,0.062409,0.851914
16.412844,0.062120,0.851964
16.412828,0.061895,0.852014
16.412811,0.061711,0.852064
16.412796,0.061545,0.852113
16.412777,0.061428,0.852163
16.412762,0.061302,0.852212
16.412743,0.061194,0.852262
16.412729,0.061175,0.852311
16.412712,0.061173,0.852360
16.412697,0.061154,0.852410
16.412678,0.061159,0.852459
16.412663,0.061265,0.852508
16.412647,0.061259,0.852558
16.412628,0.061369,0.852607
16.412613,0.061432,0.852657
16.412594,0.061537,0.852706
16.412579,0.061611,0.852756
16.412561,0.061668,0.852806
16.412544,0.061786,0.852856
16.412525,0.061904,0.852906
16.412510,0.061914,0.852956
16.412491,0.062087,0.853006
16.412474,0.062148,0.853056
16.412457,0.062162,0.853106
16.412437,0.062274,0.853156
16.412418,0.062449,0.853206
16.412399,0.062450,0.853257
16.412384,0.062453,0.853307
16.412365,0.062515,0.853358
16.412344,0.062578,0.853408
16.412331,0.062642,0.853459
16.412310,0.062631,0.853509
16.412291,0.062695,0.853560
16.412273,0.062745,0.853610
16.412254,0.062758,0.853661
16.412235,0.062822,0.853712
16.412216,0.062808,0.853762
16.412199,0.062759,0.853813
16.412180,0.062759,0.853863
16.412161,0.062822,0.853914
16.412144,0.062883,0.853965
16.412125,0.062870,0.854016
16.412106,0.062820,0.854066
16.412086,0.062870,0.854117
16.412069,0.062870,0.854168
16.412050,0.062807,0.854218
16.412031,0.062881,0.854269
16.412014,0.062820,0.854320
16.411995,0.062868,0.854370
16.411976,0.062805,0.854421
16.411957,0.062855,0.854472
16.411938,0.062805,0.854522
16.411921,0.062805,0.854573
16.411901,0.062805,0.854624
16.411884,0.062741,0.854674
16.411865,0.062803,0.854725
16.411846,0.062853,0.854776
16.411827,0.062802,0.854826
16.411810,0.062753,0.854877
16.411791,0.062814,0.854928
16.411770,0.062790,0.854978
16.411755,0.062800,0.855029
16.411736,0.062688,0.855079
16.411716,0.062688,0.855130
16.411701,0.062714,0.855181
16.411680,0.062726,0.855231
16.411663,0.062675,0.855282
16.411644,0.062737,0.855332
16.411629,0.062640,0.855383
16.411606,0.062640,0.855433
16.411587,0.062701,0.855484
16.411572,0.062639,0.855535
16.411552,0.062615,0.855585
16.411533,0.062553,0.855635
16.411518,0.062604,0.855686
16.411497,0.062584,0.855736
16.411480,0.062493,0.855787
16.411465,0.062414,0.855837
16.411442,0.062723,0.855888
16.411415,0.065365,0.855940
16.411396,0.064954,0.855993
16.411360,0.069592,0.856049
16.411335,0.069439,0.856105
16.411308,0.069011,0.856161
16.411282,0.068306,0.856216
16.411261,0.067802,0.856270
16.411236,0.067251,0.856325
16.411217,0.066235,0.856378
16.411194,0.065816,0.856431
16.411171,0.065431,0.856484
16.411152,0.064916,0.856536
16.411133,0.064488,0.856588
16.411114,0.064027,0.856640
16.411095,0.063712,0.856691
16.411076,0.063451,0.856742
16.411057,0.063185,0.856793
16.411039,0.062920,0.856844
16.411022,0.062620,0.856895
16.411003,0.062444,0.856945
16.410988,0.062141,0.856995
16.410971,0.061959,0.857045
16.410954,0.061792,0.857095
16.410936,0.061723,0.857145
16.410919,0.061636,0.857194
16.410904,0.061537,0.857244
16.410885,0.061432,0.857293
16.410870,0.061466,0.857343
16.410851,0.061501,0.857393
16.410835,0.061508,0.857442
16.410820,0.061483,0.857492
16.410801,0.061471,0.857541
16.410784,0.061676,0.857591
16.410769,0.061810,0.857641
16.410749,0.061851,0.857691
16.410732,0.061897,0.857741
16.410715,0.061988,0.857791
16.410698,0.062078,0.857841
16.410679,0.062124,0.857891
16.410660,0.062185,0.857941
16.410645,0.062234,0.857991
16.410625,0.062349,0.858042
16.410610,0.062449,0.858092
16.410591,0.062513,0.858142
16.410568,0.062578,0.858193
16.410553,0.062693,0.858243
16.410534,0.062762,0.858294
16.410515,0.062818,0.858345
16.410494,0.062942,0.858395
16.410477,0.062950,0.858446
16.410460,0.063014,0.858497
16.410440,0.063029,0.858548
16.410421,0.063022,0.858599
16.410402,0.063135,0.858650
16.410381,0.063088,0.858701
16.410362,0.063200,0.858752
16.410343,0.063215,0.858802
16.410328,0.063205,0.858853
16.410305,0.063280,0.858904
16.410286,0.063280,0.858956
16.410267,0.063215,0.859006
16.410248,0.063280,0.859057
16.410233,0.063228,0.859108
16.410210,0.063264,0.859159
16.410191,0.063215,0.859210
16.410172,0.063233,0.859261
16.410156,0.063233,0.859312
16.410137,0.063169,0.859363
16.410114,0.063217,0.859414
16.410095,0.063213,0.859465
16.410076,0.063224,0.859516
16.410061,0.063208,0.859567
16.410042,0.063156,0.859618
16.410019,0.063141,0.859669
16.410000,0.063148,0.859720
16.409985,0.063197,0.859771
16.409966,0.063092,0.859822
16.409945,0.063090,0.859873
16.409925,0.063139,0.859924
16.409908,0.063135,0.859975
16.409889,0.063133,0.860026
16.409872,0.063069,0.860076
16.409851,0.063017,0.860127
16.409832,0.063066,0.860178
16.409813,0.063001,0.860229
16.409796,0.063050,0.860280
16.409777,0.063062,0.860331
16.409756,0.063059,0.860381
16.409739,0.063035,0.860432
16.409721,0.062972,0.860483
16.409702,0.063042,0.860534
16.409683,0.062979,0.860585
16.409664,0.062954,0.860635
16.409645,0.062834,0.860686
16.409626,0.062857,0.860737
16.409607,0.063108,0.860788
16.409590,0.063136,0.860839
16.409586,0.057759,0.860885
16.409584,0.055245,0.860930
16.409559,0.059799,0.860978
16.409523,0.066507,0.861031
16.409483,0.071948,0.861089
16.409454,0.071353,0.861147
16.409424,0.071136,0.861204
16.409397,0.070443,0.861261
16.409370,0.070400,0.861318
16.409344,0.069926,0.861374
16.409317,0.069420,0.861430
16.409292,0.068685,0.861486
16.409271,0.068057,0.861541
16.409248,0.067417,0.861595
16.409225,0.066146,0.861648
16.409204,0.065623,0.861701
16.409184,0.065172,0.861754
16.409166,0.064658,0.861806
16.409145,0.064180,0.861858
16.409126,0.063671,0.861909
16.409111,0.063102,0.861960
16.409092,0.062776,0.862010
16.409077,0.062473,0.862061
16.409058,0.062184,0.862111
16.409040,0.062055,0.862161
16.409025,0.061883,0.862211
16.409008,0.061659,0.862261
16.408993,0.061481,0.862310
16.408974,0.061466,0.862360
16.408958,0.061455,0.862409
16.408939,0.061452,0.862459
16.408924,0.061508,0.862508
16.408905,0.061504,0.862558
16.408890,0.061557,0.862608
16.408875,0.061674,0.862657
16.408857,0.061692,0.862707
16.408838,0.061736,0.862757
16.408821,0.061801,0.862807
16.408804,0.061987,0.862857
16.408789,0.061996,0.862907
16.408768,0.062106,0.862957
16.408752,0.062166,0.863007
16.408733,0.062361,0.863057
16.408714,0.062424,0.863108
16.408695,0.062436,0.863158
16.408680,0.062500,0.863208
16.408659,0.062612,0.863259
16.408642,0.062714,0.863310
16.408623,0.062679,0.863360
16.408604,0.062803,0.863411
16.408587,0.062803,0.863461
16.408567,0.062855,0.863512
16.408548,0.062869,0.863563
16.408531,0.062933,0.863614
16.408512,0.062982,0.863664
16.408493,0.062982,0.863715
16.408474,0.062983,0.863766
16.408455,0.063107,0.863817
16.408436,0.063107,0.863868
16.408417,0.063107,0.863919
16.408398,0.063107,0.863970
16.408379,0.063107,0.864020
16.408360,0.063107,0.864071
16.408344,0.063094,0.864122
16.408321,0.063094,0.864173
16.408302,0.063168,0.864224
16.408283,0.063158,0.864275
16.408268,0.063155,0.864326
16.408249,0.063105,0.864377
16.408226,0.063153,0.864428
16.408207,0.063216,0.864479
16.408192,0.063152,0.864530
16.408173,0.063076,0.864580
16.408154,0.063027,0.864631
16.408133,0.063076,0.864682
16.408115,0.063137,0.864733
16.408096,0.063088,0.864784
16.408079,0.063037,0.864835
16.408058,0.063025,0.864886
16.408041,0.063087,0.864937
16.408022,0.062974,0.864987
16.408003,0.063023,0.865038
16.407984,0.063023,0.865089
16.407967,0.063085,0.865140
16.407946,0.063085,0.865191
16.407928,0.063072,0.865242
16.407909,0.063010,0.865292
16.407892,0.062948,0.865343
16.407873,0.062948,0.865394
16.407852,0.062947,0.865445
16.407833,0.062959,0.865496
16.407816,0.062885,0.865546
16.407799,0.062924,0.865597
16.407780,0.062901,0.865648
16.407759,0.062850,0.865698
16.407742,0.062979,0.865749
16.407722,0.063410,0.865800
16.407701,0.063913,0.865852
16.407673,0.066075,0.865905
16.407652,0.066104,0.865959
16.407627,0.066124,0.866012
16.407585,0.072524,0.866070
16.407549,0.074513,0.866130
16.407518,0.073423,0.866190
16.407495,0.070885,0.866247
16.407471,0.069863,0.866303
16.407448,0.068350,0.866358
16.407425,0.067231,0.866412
16.407406,0.065654,0.866465
16.407389,0.064595,0.866517
16.407368,0.063814,0.866569
16.407349,0.063096,0.866620
16.407335,0.062840,0.866670
16.407316,0.062820,0.866721
16.407299,0.062221,0.866771
16.407282,0.062008,0.866821
16.407265,0.061708,0.866871
16.407249,0.061268,0.866921
16.407234,0.061171,0.866970
16.407217,0.060928,0.867019
16.407204,0.060788,0.867068
16.407188,0.060805,0.867117
16.407171,0.060630,0.867166
16.407156,0.060557,0.867215
16.407143,0.060425,0.867263
16.407127,0.060412,0.867312
16.407108,0.060352,0.867361
16.407097,0.060426,0.867410
16.407082,0.060501,0.867458
16.407066,0.060502,0.867507
16.407047,0.060606,0.867556
16.407032,0.060622,0.867605
16.407017,0.060714,0.867654
16.407001,0.060799,0.867703
16.406984,0.060834,0.867752
16.406967,0.060858,0.867801
16.406952,0.061038,0.867850
16.406937,0.061140,0.867900
16.406918,0.061291,0.867949
16.406902,0.061286,0.867998
16.406883,0.061549,0.868048
16.406868,0.061706,0.868098
16.406849,0.061815,0.868148
16.406834,0.061914,0.868198
16.406815,0.062013,0.868248
16.406799,0.062077,0.868298
16.406780,0.062250,0.868348
16.406761,0.062366,0.868398
16.406742,0.062472,0.868449
16.406727,0.062546,0.868499
16.406708,0.062654,0.868550
16.406689,0.062658,0.868600
16.406668,0.062834,0.868651
16.406651,0.062849,0.868701
16.406633,0.062955,0.868752
16.406614,0.062960,0.868803
16.406595,0.063024,0.868854
16.406574,0.063024,0.868905
16.406557,0.063088,0.868956
16.406536,0.063205,0.869007
16.406519,0.063156,0.869058
16.406498,0.063270,0.869109
16.406479,0.063221,0.869160
16.406460,0.063345,0.869211
16.406441,0.063345,0.869262
16.406422,0.063280,0.869313
16.406403,0.063381,0.869364
16.406384,0.063394,0.869415
16.406364,0.063339,0.869466
16.406345,0.063392,0.869517
16.406326,0.063399,0.869568
16.406307,0.063399,0.869619
16.406288,0.063334,0.869671
16.406269,0.063394,0.869722
16.406250,0.063394,0.869773
16.406231,0.063389,0.869824
