-0,-0,-0,-0,-0,-0,-0,-0,-0,-0,-0,-0,-0,-0,
-0,-0,-0,-0,-0,-0,-0,-0,-0,-0,-0,-0,-0,-0,
-0,-0,-0,-0,-0,-0,-0,-0,-0,-0,-0,-0,-0,-0,
-0,-0,-0,-0,-0,-0,-0,-0,-0,-0,-0,-0,-0,-0,
-0,-0,-0,-0,-0,-0,-0,-0,-0,-0,-0,-0,-0,-0,
-0,-0,-0,-0,-0,-0,-0,-0,-0,-0,-0,-0,-0,-0,
-0,-0,-0,-0,-0,-0,-0,-0,-0,-0,-0,-0,-0,-0,
-0,-0,-0,-0,-0,-0,-0,-0,-0,-0,-0,-0,-0,-0,
-0,-0,-0,-0,-0,-0,-0,-0,-0,-0,-0,-0,-0,-0,
-0,-0,-0,-0,-0,-0,-0,-0,-0,-0,-0,-0,-0,-0,
-0,-0,-0,-0,-0,-0,-0,-0,-0,-0,-0,-0,-0,-0,
-0,-0,-0,-0,-0,-0,-0,-0,-0,-0,-0,-0,-0,-0,
-0,-0,-0,-0,-0,-0,-0,-0,-0,-0,-0,-0,-0,-0,
-0,-0,-0,-0,-0,-0,-0,-0,-0,-0,-0,-0,-0,-0,
-0,-0,-0,-0,-0,-0,-0,-0,-0,-0,-0,-0,-0,-0,
-0,-0,-0,-0,-0,-0,-0,-0,-0,-0,-0,-0,-0,-0,
-0,-0,-0,-0,-0,-0,-0,-0,-0,-0,-0,-0,-0,-0,
-0,-0,-0,-0,-0,-0,-0,-0,-0,-0,-0,-0,-0,-0,
-0,-0,-0,-0,-0,-0,-0,-0,-0,-0,-0,-0,-0,-0,
-0,-0,-0,-0,-0,-0,-0,-0,-0,-0,-0,-0,-0,-0,
-0,-0,-0,-0,-0,-0,-0,-0,-0,-0,-0,-0,-0,-0,
-0,-0,-0,-0,-0,-0,-0,-0,-0,-0,-0,-0,-0,-0,
-0,-0,-0,-0,-0,-0,-0,-0,-0,-0,-0,-0,-0,-0,
-0,-0,-0,-0,-0,-0,-0,-0,-0,-0,-0,-0,-0,-0,
-0,-0,-0,-0,-0,-0,-0,-0,-0,-0,-0,-0,-0,-0,
-0,-0,-0,-0,-0,-0,-0,-0,-0,-0,-0,-0,-0,-0,
-0,-0,-0,-0,-0,-0,-0,-0,-0,-0,-0,-0,-0,-0,
-0,-0,-0,-0,-0,-0,-0,-0,-0,-0,-0,-0,-0,-0,
-0,-0,-0,-0,-0,-0,-0,-0,-0,-0,-0,-0,-0,-0,
-0,-0,-0,-0,-0,-0,-0,-0,-0,-0,-0,-0,-0,-0,
-0,-0,-0,-0,-0,-0,-0,-0,-0,-0,-0,-0,-0,-0,
-0,-0,-0,-0,-0,-0,-0,-0,-0,-0,-0,-0,-0,-0,
-0,-0,-0,-0,-0,-0,-0,-0,-0,-0,-0,-0,-0,-0,
-0,-0,-0,-0,-0,-0,-0,-0,-0,-0,-0,-0,-0,-0,
-0,-0,-0,-0,-0,-0,-0,-0,-0,-0,-0,-0,-0,-0,
-0,-0,-0,-0,-0,-0,-0,-0,-0,-0,-0,-0,-0,-0,
-0,-0,-0,-0,-0,-0,-0,-0,-0,-0,-0,-0,-0,-0,
-0,-0,-0,-0,-0,-0,-0,-0,-0,-0,-0,-0,-0,-0,
-0,-0,-0,-0,-0,-0,-0,-0,-0,-0,-0,-0,-0,-0,
-0,-0,-0,-0,-0,-0,-0,-0,-0,-0,-0,-0,-0,-0,
-0,-0,-0,-0,-0,-0,-0,-0,-0,-0,-0,-0,-0,-0,
-0,-0,-0,-0,-0,-0,-0,-0,-0,-0,-0,-0,-0,-0,
-0,-0,-0,-0,-0,-0,-0,-0,-0,-0,-0,-0,-0,-0,
-0,-0,-0,-0,-0,-0,-0,-0,-0,-0,-0,-0,-0,-0,
-0,-0,-0,-0,-0,-0,-0,-0,-0,-0,-0,-0,-0,-0,
-0,-0,-0,-0,-0,-0,-0,-0,-0,-0,-0,-0,-0,-0,
-0,-0,-0,-0,-0,-0,-0,-0,-0,-0,-0,-0,-0,-0,
-0,-0,-0,-0,-0,-0,-0,-0,-0,-0,-0,-0,-0,-0,
-0,-0,-0,-0,-0,-0,-0,-0,-0,-0,-0,-0,-0,-0,
-0,-0,-0,-0,-0,-0,-0,-0,-0,-0,-0,-0,-0,-0,
-0,-0,-0,-0,-0,-0,-0,-0,-0,-0,-0,-0,-0,-0,
-0,-0,-0,-0,-0,-0,-0,-0,-0,-0,-0,-0,-0,-0,
-0,-0,-0,-0,-0,-0,-0,-0,-0,-0,-0,-0,-0,-0,
-0,-0,-0,-0,-0,-0,-0,-0,-0,-0,-0,-0,-0,-0,
-0,-0,-0,-0,-0,-0,-0,-0,-0,-0,-0,-0,-0,-0,
-0,-0,-0,-0,-0,-0,-0,-0,-0,-0,-0,-0,-0,-0,
-0,-0,-0,-0,-0,-0,-0,-0,-0,-0,-0,-0,-0,-0,
-0,-0,-0,-0,-0,-0,-0,-0,-0,-0,-0,-0,-0,-0,
-0,-0,-0,-0,-0,-0,-0,-0,-0,-0,-0,-0,-0,-0,
-0,-0,-0,-0,-0,-0,-0,-0,-0,-0,-0,-0,-0,-0,
-0,-0,-0,-0,-0,-0,-0,-0,-0,-0,-0,-0,-0,-0,
-0,-0,-0,-0,-0,-0,-0,-0,-0,-0,-0,-0,-0,-0,
-0,-0,-0,-0,-0,-0,-0,-0,-0,-0,-0,-0,-0,-0,
-0,-0,-0,-0,-0,-0,-0,-0,-0,-0,-0,-0,-0,-0,
-0,-0,-0,-0,-0,-0,-0,-0,-0,-0,-0,-0,-0,-0,
-0,-0,-0,-0,-0,-0,-0,-0,-0,-0,-0,-0,-0,-0,
-0,-0,-0,-0,-0,-0,-0,-0,-0,-0,-0,-0,-0,-0,
-0,-0,-0,-0,-0,-0,-0,-0,-0,-0,-0,-0,-0,-0,
-0,-0,-0,-0,-0,-0,-0,-0,-0,-0,-0,-0,-0,-0,
-0,-0,-0,-0,-0,-0,-0,-0,-0,-0,-0,-0,-0,-0,
-0,-0,-0,-0,-0,-0,-0,-0,-0,-0,-0,-0,-0,-0,
-0,-0,-0,-0,-0,-0,-0,-0,-0,-0,-0,-0,-0,-0,
-0,-0,-0,-0,-0,-0,-0,-0,-0,-0,-0,-0,-0,-0,
-0,-0,-0,-0,-0,-0,-0,-0,-0,-0,-0,-0,-0,-0,
-0,-0,-0,-0,-0,-0,-0,-0,-0,-0,-0,-0,-0,-0,
-0,-0,-0,-0,-0,-0,-0,-0,-0,-0,-0,-0,-0,-0,
-0,-0,-0,-0,-0,-0,-0,-0,-0,-0,-0,-0,-0,-0,
-0,-0,-0,-0,-0,-0,-0,-0,-0,-0,-0,-0,-0,-0,
-0,-0,-0,-0,-0,-0,-0,-0,-0,-0,-0,-0,-0,-0,
-0,-0,-0,-0,-0,-0,-0,-0,-0,-0,-0,-0,-0,-0,
-0,-0,-0,-0,-0,-0,-0,-0,-0,-0,-0,-0,-0,-0,
-0,-0,-0,-0,-0,-0,-0,-0,-0,-0,-0,-0,-0,-0,
-0,-0,-0,-0,-0,-0,-0,-0,-0,-0,-0,-0,-0,-0,
-0,-0,-0,-0,-0,-0,-0,-0,-0,-0,-0,-0,-0,-0,
-0,-0,-0,-0,-0,-0,-0,-0,-0,-0,-0,-0,-0,-0,
-0,-0,-0,-0,-0,-0,-0,-0,-0,-0,-0,-0,-0,-0,
-0,-0,-0,-0,-0,-0,-0,-0,-0,-0,-0,-0,-0,-0,
-0,-0,-0,-0,-0,-0,-0,-0,-0,-0,-0,-0,-0,-0,
-0,-0,-0,-0,-0,-0,-0,-0,-0,-0,-0,-0,-0,-0,
-0,-0,-0,-0,-0,-0,-0,-0,-0,-0,-0,-0,-0,-0,
-0,-0,-0,-0,-0,-0,-0,-0,-0,-0,-0,-0,-0,-0,
-0,-0,-0,-0,-0,-0,-0,-0,-0,-0,-0,-0,-0,-0,
-0,-0,-0,-0,-0,-0,-0,-0,-0,-0,-0,-0,-0,-0,
-0,-0,-0,-0,-0,-0,-0,-0,-0,-0,-0,-0,-0,-0,
-0,-0,-0,-0,-0,-0,-0,-0,-0,-0,-0,-0,-0,-0,
-0,-0,-0,-0,-0,-0,-0,-0,-0,-0,-0,-0,-0,-0,
-0,-0,-0,-0,-0,-0,-0,-0,-0,-0,-0,-0,-0,-0,
-0,-0,-0,-0,-0,-0,-0,-0,-0,-0,-0,-0,-0,-0,
-0,-0,-0,-0,-0,-0,-0,-0,-0,-0,-0,-0,-0,-0,
-0,-0,-0,-0,-0,-0,-0,-0,-0,-0,-0,-0,-0,-0,
-0,-0,-0,-0,-0,-0,-0,-0,-0,-0,-0,-0,-0,-0,
-0,-0,-0,-0,-0,-0,-0,-0,-0,-0,-0,-0,-0,-0,
-0,-0,-0,-0,-0,-0,-0,-0,-0,-0,-0,-0,-0,-0,
-0,-0,-0,-0,-0,-0,-0,-0,-0,-0,-0,-0,-0,-0,
-0,-0,-0,-0,-0,-0,-0,-0,-0,-0,-0,-0,-0,-0,
-0,-0,-0,-0,-0,-0,-0,-0,-0,-0,-0,-0,-0,-0,
-0,-0,-0,-0,-0,-0,-0,-0,-0,-0,-0,-0,-0,-0,
-0,-0,-0,-0,-0,-0,-0,-0,-0,-0,-0,-0,-0,-0,
-0,-0,-0,-0,-0,-0,-0,-0,-0,-0,-0,-0,-0,-0,
-0,-0,-0,-0,-0,-0,-0,-0,-0,-0,-0,-0,-0,-0,
-0,-0,-0,-0,-0,-0,-0,-0,-0,-0,-0,-0,-0,-0,
-0,-0,-0,-0,-0,-0,-0,-0,-0,-0,-0,-0,-0,-0,
-0,-0,-0,-0,-0,-0,-0,-0,-0,-0,-0,-0,-0,-0,
-0,-0,-0,-0,-0,-0,-0,-0,-0,-0,-0,-0,-0,-0,
-0,-0,-0,-0,-0,-0,-0,-0,-0,-0,-0,-0,-0,-0,
-0,-0,-0,-0,-0,-0,-0,-0,-0,-0,-0,-0,-0,-0,
-0,-0,-0,-0,-0,-0,-0,-0,-0,-0,-0,-0,-0,-0,
-0,-0,-0,-0,-0,-0,-0,-0,-0,-0,-0,-0,-0,-0,
-0,-0,-0,-0,-0,-0,-0,-0,-0,-0,-0,-0,-0,-0,
-0,-0,-0,-0,-0,-0,-0,-0,-0,-0,-0,-0,-0,-0,
-0,-0,-0,-0,-0,-0,-0,-0,-0,-0,-0,-0,-0,-0,
-0,-0,-0,-0,-0,-0,-0,-0,-0,-0,-0,-0,-0,-0,
-0,-0,-0,-0,-0,-0,-0,-0,-0,-0,-0,-0,-0,-0,
-0,-0,-0,-0,-0,-0,-0,-0,-0,-0,-0,-0,-0,-0,
-0,-0,-0,-0,-0,-0,-0,-0,-0,-0,-0,-0,-0,-0,
-0,-0,-0,-0,-0,-0,-0,-0,-0,-0,-0,-0,-0,-0,
-0,-0,-0,-0,-0,-0,-0,-0,-0,-0,-0,-0,-0,-0,
-0,-0,-0,-0,-0,-0,-0,-0,-0,-0,-0,-0,-0,-0,
-0,-0,-0,-0,-0,-0,-0,-0,-0,-0,-0,-0,-0,-0,
-0,-0,-0,-0,-0,-0,-0,-0,-0,-0,-0,-0,-0,-0,
-0,-0,-0,-0,-0,-0,-0,-0,-0,-0,-0,-0,-0,-0,
-0,-0,-0,-0,-0,-0,-0,-0,-0,-0,-0,-0,-0,-0,
-0,-0,-0,-0,-0,-0,-0,-0,-0,-0,-0,-0,-0,-0,
-0,-0,-0,-0,-0,-0,-0,-0,-0,-0,-0,-0,-0,-0,
-0,-0,-0,-0,-0,-0,-0,-0,-0,-0,-0,-0,-0,-0,
-0,-0,-0,-0,-0,-0,-0,-0,-0,-0,-0,-0,-0,-0,
-0,-0,-0,-0,-0,-0,-0,-0,-0,-0,-0,-0,-0,-0,
-0,-0,-0,-0,-0,-0,-0,-0,-0,-0,-0,-0,-0,-0,
-0,-0,-0,-0,-0,-0,-0,-0,-0,-0,-0,-0,-0,-0,
-0,-0,-0,-0,-0,-0,-0,-0,-0,-0,-0,-0,-0,-0,
-0,-0,-0,-0,-0,-0,-0,-0,-0,-0,-0,-0,-0,-0,
-0,-0,-0,-0,-0,-0,-0,-0,-0,-0,-0,-0,-0,-0,
-0,-0,-0,-0,-0,-0,-0,-0,-0,-0,-0,-0,-0,-0,
-0,-0,-0,-0,-0,-0,-0,-0,-0,-0,-0,-0,-0,-0,
-0,-0,-0,-0,-0,-0,-0,-0,-0,-0,-0,-0,-0,-0,
-0,-0,-0,-0,-0,-0,-0,-0,-0,-0,-0,-0,-0,-0,
-0,-0,-0,-0,-0,-0,-0,-0,-0,-0,-0,-0,-0,-0,
-0,-0,-0,-0,-0,-0,-0,-0,-0,-0,-0,-0,-0,-0,
-0,-0,-0,-0,-0,-0,-0,-0,-0,-0,-0,-0,-0,-0,
-0,-0,-0,-0,-0,-0,-0,-0,-0,-0,-0,-0,-0,-0,
-0,-0,-0,-0,-0,-0,-0,-0,-0,-0,-0,-0,-0,-0,
-0,-0,-0,-0,-0,-0,-0,-0,-0,-0,-0,-0,-0,-0,
-0,-0,-0,-0,-0,-0,-0,-0,-0,-0,-0,-0,-0,-0,
-0,-0,-0,-0,-0,-0,-0,-0,-0,-0,-0,-0,-0,-0,
-0,-0,-0,-0,-0,-0,-0,-0,-0,-0,-0,-0,-0,-0,
-0,-0,-0,-0,-0,-0,-0,-0,-0,-0,-0,-0,-0,-0,
-0,-0,-0,-0,-0,-0,-0,-0,-0,-0,-0,-0,-0,-0,
-0,-0,-0,-0,-0,-0,-0,-0,-0,-0,-0,-0,-0,-0,
-0,-0,-0,-0,-0,-0,-0,-0,-0,-0,-0,-0,-0,-0,
-0,-0,-0,-0,-0,-0,-0,-0,-0,-0,-0,-0,-0,-0,
-0,-0,-0,-0,-0,-0,-0,-0,-0,-0,-0,-0,-0,-0,
-0,-0,-0,-0,-0,-0,-0,-0,-0,-0,-0,-0,-0,-0,
-0,-0,-0,-0,-0,-0,-0,-0,-0,-0,-0,-0,-0,-0,
-0,-0,-0,-0,-0,-0,-0,-0,-0,-0,-0,-0,-0,-0,
-0,-0,-0,-0,-0,-0,-0,-0,-0,-0,-0,-0,-0,-0,
-0,-0,-0,-0,-0,-0,-0,-0,-0,-0,-0,-0,-0,-0,
-0,-0,-0,-0,-0,-0,-0,-0,-0,-0,-0,-0,-0,-0,
-0,-0,-0,-0,-0,-0,-0,-0,-0,-0,-0,-0,-0,-0,
-0,-0,-0,-0,-0,-0,-0,-0,-0,-0,-0,-0,-0,-0,
-0,-0,-0,-0,-0,-0,-0,-0,-0,-0,-0,-0,-0,-0,
-0,-0,-0,-0,-0,-0,-0,-0,-0,-0,-0,-0,-0,-0,
-0,-0,-0,-0,-0,-0,-0,-0,-0,-0,-0,-0,-0,-0,
-0,-0,-0,-0,-0,-0,-0,-0,-0,-0,-0,-0,-0,-0,
-0,-0,-0,-0,-0,-0,-0,-0,-0,-0,-0,-0,-0,-0,
-0,-0,-0,-0,-0,-0,-0,-0,-0,-0,-0,-0,-0,-0,
-0,-0,-0,-0,-0,-0,-0,-0,-0,-0,-0,-0,-0,-0,
-0,-0,-0,-0,-0,-0,-0,-0,-0,-0,-0,-0,-0,-0,
-0,-0,-0,-0,-0,-0,-0,-0,-0,-0,-0,-0,-0,-0,
-0,-0,-0,-0,-0,-0,-0,-0,-0,-0,-0,-0,-0,-0,
-0,-0,-0,-0,-0,-0,-0,-0,-0,-0,-0,-0,-0,-0,
-0,-0,-0,-0,-0,-0,-0,-0,-0,-0,-0,-0,-0,-0,
-0,-0,-0,-0,-0,-0,-0,-0,-0,-0,-0,-0,-0,-0,
-0,-0,-0,-0,-0,-0,-0,-0,-0,-0,-0,-0,-0,-0,
-0,-0,-0,-0,-0,-0,-0,-0,-0,-0,-0,-0,-0,-0,
-0,-0,-0,-0,-0,-0,-0,-0,-0,-0,-0,-0,-0,-0,
-0,-0,-0,-0,-0,-0,-0,-0,-0,-0,-0,-0,-0,-0,
-0,-0,-0,-0,-0,-0,-0,-0,-0,-0,-0,-0,-0,-0,
-0,-0,-0,-0,-0,-0,-0,-0,-0,-0,-0,-0,-0,-0,
-0,-0,-0,-0,-0,-0,-0,-0,-0,-0,-0,-0,-0,-0,
-0,-0,-0,-0,-0,-0,-0,-0,-0,-0,-0,-0,-0,-0,
-0,-0,-0,-0,-0,-0,-0,-0,-0,-0,-0,-0,-0,-0,
-0,-0,-0,-0,-0,-0,-0,-0,-0,-0,-0,-0,-0,-0,
-0,-0,-0,-0,-0,-0,-0,-0,-0,-0,-0,-0,-0,-0,
-0,-0,-0,-0,-0,-0,-0,-0,-0,-0,-0,-0,-0,-0,
-0,-0,-0,-0,-0,-0,-0,-0,-0,-0,-0,-0,-0,-0,
-0,-0,-0,-0,-0,-0,-0,-0,-0,-0,-0,-0,-0,-0,
-0,-0,-0,-0,-0,-0,-0,-0,-0,-0,-0,-0,-0,-0,
-0,-0,-0,-0,-0,-0,-0,-0,-0,-0,-0,-0,-0,-0,
-0,-0,-0,-0,-0,-0,-0,-0,-0,-0,-0,-0,-0,-0,
-0,-0,-0,-0,-0,-0,-0,-0,-0,-0,-0,-0,-0,-0,
-0,-0,-0,-0,-0,-0,-0,-0,-0,-0,-0,-0,-0,-0,
-0,-0,-0,-0,-0,-0,-0,-0,-0,-0,-0,-0,-0,-0,
-0,-0,-0,-0,-0,-0,-0,-0,-0,-0,-0,-0,-0,-0,
-0,-0,-0,-0,-0,-0,-0,-0,-0,-0,-0,-0,-0,-0,
-0,-0,-0,-0,-0,-0,-0,-0,-0,-0,-0,-0,-0,-0,
-0,-0,-0,-0,-0,-0,-0,-0,-0,-0,-0,-0,-0,-0,
-0,-0,-0,-0,-0,-0,-0,-0,-0,-0,-0,-0,-0,-0,
-0,-0,-0,-0,-0,-0,-0,-0,-0,-0,-0,-0,-0,-0,
-0,-0,-0,-0,-0,-0,-0,-0,-0,-0,-0,-0,-0,-0,
-0,-0,-0,-0,-0,-0,-0,-0,-0,-0,-0,-0,-0,-0,
-0,-0,-0,-0,-0,-0,-0,-0,-0,-0,-0,-0,-0,-0,
-0,-0,-0,-0,-0,-0,-0,-0,-0,-0,-0,-0,-0,-0,
-0,-0,-0,-0,-0,-0,-0,-0,-0,-0,-0,-0,-0,-0,
-0,-0,-0,-0,-0,-0,-0,-0,-0,-0,-0,-0,-0,-0,
-0,-0,-0,-0,-0,-0,-0,-0,-0,-0,-0,-0,-0,-0,
-0,-0,-0,-0,-0,-0,-0,-0,-0,-0,-0,-0,-0,-0,
-0,-0,-0,-0,-0,-0,-0,-0,-0,-0,-0,-0,-0,-0,
-0,-0,-0,-0,-0,-0,-0,-0,-0,-0,-0,-0,-0,-0,
-0,-0,-0,-0,-0,-0,-0,-0,-0,-0,-0,-0,-0,-0,
-0,-0,-0,-0,-0,-0,-0,-0,-0,-0,-0,-0,-0,-0,
-0,-0,-0,-0,-0,-0,-0,-0,-0,-0,-0,-0,-0,-0,
-0,-0,-0,-0,-0,-0,-0,-0,-0,-0,-0,-0,-0,-0,
-0,-0,-0,-0,-0,-0,-0,-0,-0,-0,-0,-0,-0,-0,
-0,-0,-0,-0,-0,-0,-0,-0,-0,-0,-0,-0,-0,-0,
-0,-0,-0,-0,-0,-0,-0,-0,-0,-0,-0,-0,-0,-0,
-0,-0,-0,-0,-0,-0,-0,-0,-0,-0,-0,-0,-0,-0,
-0,-0,-0,-0,-0,-0,-0,-0,-0,-0,-0,-0,-0,-0,
-0,-0,-0,-0,-0,-0,-0,-0,-0,-0,-0,-0,-0,-0,
-0,-0,-0,-0,-0,-0,-0,-0,-0,-0,-0,-0,-0,-0,
-0,-0,-0,-0,-0,-0,-0,-0,-0,-0,-0,-0,-0,-0,
-0,-0,-0,-0,-0,-0,-0,-0,-0,-0,-0,-0,-0,-0,
-0,-0,-0,-0,-0,-0,-0,-0,-0,-0,-0,-0,-0,-0,
-0,-0,-0,-0,-0,-0,-0,-0,-0,-0,-0,-0,-0,-0,
-0,-0,-0,-0,-0,-0,-0,-0,-0,-0,-0,-0,-0,-0,
-0,-0,-0,-0,-0,-0,-0,-0,-0,-0,-0,-0,-0,-0,
-0,-0,-0,-0,-0,-0,-0,-0,-0,-0,-0,-0,-0,-0,
-0,-0,-0,-0,-0,-0,-0,-0,-0,-0,-0,-0,-0,-0,
-0,-0,-0,-0,-0,-0,-0,-0,-0,-0,-0,-0,-0,-0,
-0,-0,-0,-0,-0,-0,-0,-0,-0,-0,-0,-0,-0,-0,
-0,-0,-0,-0,-0,-0,-0,-0,-0,-0,-0,-0,-0,-0,
-0,-0,-0,-0,-0,-0,-0,-0,-0,-0,-0,-0,-0,-0,
-0,-0,-0,-0,-0,-0,-0,-0,-0,-0,-0,-0,-0,-0,
-0,-0,-0,-0,-0,-0,-0,-0,-0,-0,-0,-0,-0,-0,
-0,-0,-0,-0,-0,-0,-0,-0,-0,-0,-0,-0,-0,-0,
-0,-0,-0,-0,-0,-0,-0,-0,-0,-0,-0,-0,-0,-0,
-0,-0,-0,-0,-0,-0,-0,-0,-0,-0,-0,-0,-0,-0,
-0,-0,-0,-0,-0,-0,-0,-0,-0,-0,-0,-0,-0,-0,
-0,-0,-0,-0,-0,-0,-0,-0,-0,-0,-0,-0,-0,-0,
-0,-0,-0,-0,-0,-0,-0,-0,-0,-0,-0,-0,-0,-0,
-0,-0,-0,-0,-0,-0,-0,-0,-0,-0,-0,-0,-0,-0,
-0,-0,-0,-0,-0,-0,-0,-0,-0,-0,-0,-0,-0,-0,
-0,-0,-0,-0,-0,-0,-0,-0,-0,-0,-0,-0,-0,-0,
-0,-0,-0,-0,-0,-0,-0,-0,-0,-0,-0,-0,-0,-0,
-0,-0,-0,-0,-0,-0,-0,-0,-0,-0,-0,-0,-0,-0,
-0,-0,-0,-0,-0,-0,-0,-0,-0,-0,-0,-0,-0,-0,
-0,-0,-0,-0,-0,-0,-0,-0,-0,-0,-0,-0,-0,-0,
-0,-0,-0,-0,-0,-0,-0,-0,-0,-0,-0,-0,-0,-0,
-0,-0,-0,-0,-0,-0,-0,-0,-0,-0,-0,-0,-0,-0,
-0,-0,-0,-0,-0,-0,-0,-0,-0,-0,-0,-0,-0,-0,
-0,-0,-0,-0,-0,-0,-0,-0,-0,-0,-0,-0,-0,-0,
-0,-0,-0,-0,-0,-0,-0,-0,-0,-0,-0,-0,-0,-0,
-0,-0,-0,-0,-0,-0,-0,-0,-0,-0,-0,-0,-0,-0,
-0,-0,-0,-0,-0,-0,-0,-0,-0,-0,-0,-0,-0,-0,
-0,-0,-0,-0,-0,-0,-0,-0,-0,-0,-0,-0,-0,-0,
-0,-0,-0,-0,-0,-0,-0,-0,-0,-0,-0,-0,-0,-0,
-0,-0,-0,-0,-0,-0,-0,-0,-0,-0,-0,-0,-0,-0,
-0,-0,-0,-0,-0,-0,-0,-0,-0,-0,-0,-0,-0,-0,
-0,-0,-0,-0,-0,-0,-0,-0,-0,-0,-0,-0,-0,-0,
-0,-0,-0,-0,-0,-0,-0,-0,-0,-0,-0,-0,-0,-0,
-0,-0,-0,-0,-0,-0,-0,-0,-0,-0,-0,-0,-0,-0,
-0,-0,-0,-0,-0,-0,-0,-0,-0,-0,-0,-0,-0,-0,
-0,-0,-0,-0,-0,-0,-0,-0,-0,-0,-0,-0,-0,-0,
-0,-0,-0,-0,-0,-0,-0,-0,-0,-0,-0,-0,-0,-0,
-0,-0,-0,-0,-0,-0,-0,-0,-0,-0,-0,-0,-0,-0,
-0,-0,-0,-0,-0,-0,-0,-0,-0,-0,-0,-0,-0,-0,
-0,-0,-0,-0,-0,-0,-0,-0,-0,-0,-0,-0,-0,-0,
-0,-0,-0,-0,-0,-0,-0,-0,-0,-0,-0,-0,-0,-0,
-0,-0,-0,-0,-0,-0,-0,-0,-0,-0,-0,-0,-0,-0,
-0,-0,-0,-0,-0,-0,-0,-0,-0,-0,-0,-0,-0,-0,
-0,-0,-0,-0,-0,-0,-0,-0,-0,-0,-0,-0,-0,-0,
-0,-0,-0,-0,-0,-0,-0,-0,-0,-0,-0,-0,-0,-0,
-0,-0,-0,-0,-0,-0,-0,-0,-0,-0,-0,-0,-0,-0,
-0,-0,-0,-0,-0,-0,-0,-0,-0,-0,-0,-0,-0,-0,
-0,-0,-0,-0,-0,-0,-0,-0,-0,-0,-0,-0,-0,-0,
-0,-0,-0,-0,-0,-0,-0,-0,-0,-0,-0,-0,-0,-0,
-0,-0,-0,-0,-0,-0,-0,-0,-0,-0,-0,-0,-0,-0,
-0,-0,-0,-0,-0,-0,-0,-0,-0,-0,-0,-0,-0,-0,
-0,-0,-0,-0,-0,-0,-0,-0,-0,-0,-0,-0,-0,-0,
-0,-0,-0,-0,-0,-0,-0,-0,-0,-0,-0,-0,-0,-0,
-0,-0,-0,-0,-0,-0,-0,-0,-0,-0,-0,-0,-0,-0,
-0,-0,-0,-0,-0,-0,-0,-0,-0,-0,-0,-0,-0,-0,
-0,-0,-0,-0,-0,-0,-0,-0,-0,-0,-0,-0,-0,-0,
-0,-0,-0,-0,-0,-0,-0,-0,-0,-0,-0,-0,-0,-0,
-0,-0,-0,-0,-0,-0,-0,-0,-0,-0,-0,-0,-0,-0,
-0,-0,-0,-0,-0,-0,-0,-0,-0,-0,-0,-0,-0,-0,
-0,-0,-0,-0,-0,-0,-0,-0,-0,-0,-0,-0,-0,-0,
-0,-0,-0,-0,-0,-0,-0,-0,-0,-0,-0,-0,-0,-0,
-0,-0,-0,-0,-0,-0,-0,-0,-0,-0,-0,-0,-0,-0,
-0,-0,-0,-0,-0,-0,-0,-0,-0,-0,-0,-0,-0,-0,
-0,-0,-0,-0,-0,-0,-0,-0,-0,-0,-0,-0,-0,-0,
-0,-0,-0,-0,-0,-0,-0,-0,-0,-0,-0,-0,-0,-0,
-0,-0,-0,-0,-0,-0,-0,-0,-0,-0,-0,-0,-0,-0,
-0,-0,-0,-0,-0,-0,-0,-0,-0,-0,-0,-0,-0,-0,
-0,-0,-0,-0,-0,-0,-0,-0,-0,-0,-0,-0,-0,-0,
-0,-0,-0,-0,-0,-0,-0,-0,-0,-0,-0,-0,-0,-0,
-0,-0,-0,-0,-0,-0,-0,-0,-0,-0,-0,-0,-0,-0,
-0,-0,-0,-0,-0,-0,-0,-0,-0,-0,-0,-0,-0,-0,
-0,-0,-0,-0,-0,-0,-0,-0,-0,-0,-0,-0,-0,-0,
-0,-0,-0,-0,-0,-0,-0,-0,-0,-0,-0,-0,-0,-0,
-0,-0,-0,-0,-0,-0,-0,-0,-0,-0,-0,-0,-0,-0,
-0,-0,-0,-0,-0,-0,-0,-0,-0,-0,-0,-0,-0,-0,
-0,-0,-0,-0,-0,-0,-0,-0,-0,-0,-0,-0,-0,-0,
-0,-0,-0,-0,-0,-0,-0,-0,-0,-0,-0,-0,-0,-0,
-0,-0,-0,-0,-0,-0,-0,-0,-0,-0,-0,-0,-0,-0,
-0,-0,-0,-0,-0,-0,-0,-0,-0,-0,-0,-0,-0,-0,
-0,-0,-0,-0,-0,-0,-0,-0,-0,-0,-0,-0,-0,-0,
-0,-0,-0,-0,-0,-0,-0,-0,-0,-0,-0,-0,-0,-0,
-0,-0,-0,-0,-0,-0,-0,-0,-0,-0,-0,-0,-0,-0,
-0,-0,-0,-0,-0,-0,-0,-0,-0,-0,-0,-0,-0,-0,
-0,-0,-0,-0,-0,-0,-0,-0,-0,-0,-0,-0,-0,-0,
-0,-0,-0,-0,-0,-0,-0,-0,-0,-0,-0,-0,-0,-0,
-0,-0,-0,-0,-0,-0,-0,-0,-0,-0,-0,-0,-0,-0,
-0,-0,-0,-0,-0,-0,-0,-0,-0,-0,-0,-0,-0,-0,
-0,-0,-0,-0,-0,-0,-0,-0,-0,-0,-0,-0,-0,-0,
-0,-0,-0,-0,-0,-0,-0,-0,-0,-0,-0,-0,-0,-0,
-0,-0,-0,-0,-0,-0,-0,-0,-0,-0,-0,-0,-0,-0,
-0,-0,-0,-0,-0,-0,-0,-0,-0,-0,-0,-0,-0,-0,
-0,-0,-0,-0,-0,-0,-0,-0,-0,-0,-0,-0,-0,-0,
-0,-0,-0,-0,-0,-0,-0,-0,-0,-0,-0,-0,-0,-0,
-0,-0,-0,-0,-0,-0,-0,-0,-0,-0,-0,-0,-0,-0,
-0,-0,-0,-0,-0,-0,-0,-0,-0,-0,-0,-0,-0,-0,
-0,-0,-0,-0,-0,-0,-0,-0,-0,-0,-0,-0,-0,-0,
-0,-0,-0,-0,-0,-0,-0,-0,-0,-0,-0,-0,-0,-0,
-0,-0,-0,-0,-0,-0,-0,-0,-0,-0,-0,-0,-0,-0,
-0,-0,-0,-0,-0,-0,-0,-0,-0,-0,-0,-0,-0,-0,
-0,-0,-0,-0,-0,-0,-0,-0,-0,-0,-0,-0,-0,-0,
-0,-0,-0,-0,-0,-0,-0,-0,-0,-0,-0,-0,-0,-0,
-0,-0,-0,-0,-0,-0,-0,-0,-0,-0,-0,-0,-0,-0,
-0,-0,-0,-0,-0,-0,-0,-0,-0,-0,-0,-0,-0,-0,
-0,-0,-0,-0,-0,-0,-0,-0,-0,-0,-0,-0,-0,-0,
-0,-0,-0,-0,-0,-0,-0,-0,-0,-0,-0,-0,-0,-0,
-0,-0,-0,-0,-0,-0,-0,-0,-0,-0,-0,-0,-0,-0,
-0,-0,-0,-0,-0,-0,-0,-0,-0,-0,-0,-0,-0,-0,
-0,-0,-0,-0,-0,-0,-0,-0,-0,-0,-0,-0,-0,-0,
-0,-0,-0,-0,-0,-0,-0,-0,-0,-0,-0,-0,-0,-0,
-0,-0,-0,-0,-0,-0,-0,-0,-0,-0,-0,-0,-0,-0,
-0,-0,-0,-0,-0,-0,-0,-0,-0,-0,-0,-0,-0,-0,
-0,-0,-0,-0,-0,-0,-0,-0,-0,-0,-0,-0,-0,-0,
-0,-0,-0,-0,-0,-0,-0,-0,-0,-0,-0,-0,-0,-0,
-0,-0,-0,-0,-0,-0,-0,-0,-0,-0,-0,-0,-0,-0,
-0,-0,-0,-0,-0,-0,-0,-0,-0,-0,-0,-0,-0,-0,
-0,-0,-0,-0,-0,-0,-0,-0,-0,-0,-0,-0,-0,-0,
-0,-0,-0,-0,-0,-0,-0,-0,-0,-0,-0,-0,-0,-0,
-0,-0,-0,-0,-0,-0,-0,-0,-0,-0,-0,-0,-0,-0,
-0,-0,-0,-0,-0,-0,-0,-0,-0,-0,-0,-0,-0,-0,
-0,-0,-0,-0,-0,-0,-0,-0,-0,-0,-0,-0,-0,-0,
-0,-0,-0,-0,-0,-0,-0,-0,-0,-0,-0,-0,-0,-0,
-0,-0,-0,-0,-0,-0,-0,-0,-0,-0,-0,-0,-0,-0,
-0,-0,-0,-0,-0,-0,-0,-0,-0,-0,-0,-0,-0,-0,
-0,-0,-0,-0,-0,-0,-0,-0,-0,-0,-0,-0,-0,-0,
-0,-0,-0,-0,-0,-0,-0,-0,-0,-0,-0,-0,-0,-0,
-0,-0,-0,-0,-0,-0,-0,-0,-0,-0,-0,-0,-0,-0,
-0,-0,-0,-0,-0,-0,-0,-0,-0,-0,-0,-0,-0,-0,
-0,-0,-0,-0,-0,-0,-0,-0,-0,-0,-0,-0,-0,-0,
-0,-0,-0,-0,-0,-0,-0,-0,-0,-0,-0,-0,-0,-0,
-0,-0,-0,-0,-0,-0,-0,-0,-0,-0,-0,-0,-0,-0,
-0,-0,-0,-0,-0,-0,-0,-0,-0,-0,-0,-0,-0,-0,
-0,-0,-0,-0,-0,-0,-0,-0,-0,-0,-0,-0,-0,-0,
-0,-0,-0,-0,-0,-0,-0,-0,-0,-0,-0,-0,-0,-0,
-0,-0,-0,-0,-0,-0,-0,-0,-0,-0,-0,-0,-0,-0,
-0,-0,-0,-0,-0,-0,-0,-0,-0,-0,-0,-0,-0,-0,
-0,-0,-0,-0,-0,-0,-0,-0,-0,-0,-0,-0,-0,-0,
-0,-0,-0,-0,-0,-0,-0,-0,-0,-0,-0,-0,-0,-0,
-0,-0,-0,-0,-0,-0,-0,-0,-0,-0,-0,-0,-0,-0,
-0,-0,-0,-0,-0,-0,-0,-0,-0,-0,-0,-0,-0,-0,
-0,-0,-0,-0,-0,-0,-0,-0,-0,-0,-0,-0,-0,-0,
-0,-0,-0,-0,-0,-0,-0,-0,-0,-0,-0,-0,-0,-0,
-0,-0,-0,-0,-0,-0,-0,-0,-0,-0,-0,-0,-0,-0,
-0,-0,-0,-0,-0,-0,-0,-0,-0,-0,-0,-0,-0,-0,
-0,-0,-0,-0,-0,-0,-0,-0,-0,-0,-0,-0,-0,-0,
-0,-0,-0,-0,-0,-0,-0,-0,-0,-0,-0,-0,-0,-0,
-0,-0,-0,-0,-0,-0,-0,-0,-0,-0,-0,-0,-0,-0,
-0,-0,-0,-0,-0,-0,-0,-0,-0,-0,-0,-0,-0,-0,
-0,-0,-0,-0,-0,-0,-0,-0,-0,-0,-0,-0,-0,-0,
-0,-0,-0,-0,-0,-0,-0,-0,-0,-0,-0,-0,-0,-0,
-0,-0,-0,-0,-0,-0,-0,-0,-0,-0,-0,-0,-0,-0,
-0,-0,-0,-0,-0,-0,-0,-0,-0,-0,-0,-0,-0,-0,
-0,-0,-0,-0,-0,-0,-0,-0,-0,-0,-0,-0,-0,-0,
-0,-0,-0,-0,-0,-0,-0,-0,-0,-0,-0,-0,-0,-0,
-0,-0,-0,-0,-0,-0,-0,-0,-0,-0,-0,-0,-0,-0,
-0,-0,-0,-0,-0,-0,-0,-0,-0,-0,-0,-0,-0,-0,
-0,-0,-0,-0,-0,-0,-0,-0,-0,-0,-0,-0,-0,-0,
-0,-0,-0,-0,-0,-0,-0,-0,-0,-0,-0,-0,-0,-0,
-0,-0,-0,-0,-0,-0,-0,-0,-0,-0,-0,-0,-0,-0,
-0,-0,-0,-0,-0,-0,-0,-0,-0,-0,-0,-0,-0,-0,
-0,-0,-0,-0,-0,-0,-0,-0,-0,-0,-0,-0,-0,-0,
-0,-0,-0,-0,-0,-0,-0,-0,-0,-0,-0,-0,-0,-0,
-0,-0,-0,-0,-0,-0,-0,-0,-0,-0,-0,-0,-0,-0,
-0,-0,-0,-0,-0,-0,-0,-0,-0,-0,-0,-0,-0,-0,
-0,-0,-0,-0,-0,-0,-0,-0,-0,-0,-0,-0,-0,-0,
0.143077164888,0.130994796753,0.156274139881,0.143077164888,0.143077164888,0.143077164888,0.146707653999,0.139536514878,0.146707653999,0.139536514878,0.12775310874,0.160239443183,0.12775310874,0.160239443183,
0.143429294229,0.131271988153,0.156614392996,0.143339306116,0.143429294229,0.143339306116,0.14704208076,0.139879569411,0.146976828575,0.139817506075,0.128063261509,0.160609617829,0.128006458282,0.160538345575,
0.143429294229,0.131271988153,0.156614392996,0.143339306116,0.143429294229,0.143339306116,0.14704208076,0.139879569411,0.146976828575,0.139817506075,0.128063261509,0.160609617829,0.128006458282,0.160538345575,
0.144501119852,0.132112771273,0.157647192478,0.144131630659,0.144501119852,0.144131630659,0.148058384657,0.140923604369,0.147790580988,0.140668720007,0.129006952047,0.161734938622,0.128773614764,0.161442399025,
-0,-0,-0,-0,-0,-0,-0,-0,-0,-0,-0,-0,-0,-0,
-0,-0,-0,-0,-0,-0,-0,-0,-0,-0,-0,-0,-0,-0,
-0,-0,-0,-0,-0,-0,-0,-0,-0,-0,-0,-0,-0,-0,
-0,-0,-0,-0,-0,-0,-0,-0,-0,-0,-0,-0,-0,-0,
-0,-0,-0,-0,-0,-0,-0,-0,-0,-0,-0,-0,-0,-0,
-0,-0,-0,-0,-0,-0,-0,-0,-0,-0,-0,-0,-0,-0,
-0,-0,-0,-0,-0,-0,-0,-0,-0,-0,-0,-0,-0,-0,
-0,-0,-0,-0,-0,-0,-0,-0,-0,-0,-0,-0,-0,-0,
-0,-0,-0,-0,-0,-0,-0,-0,-0,-0,-0,-0,-0,-0,
-0,-0,-0,-0,-0,-0,-0,-0,-0,-0,-0,-0,-0,-0,
-0,-0,-0,-0,-0,-0,-0,-0,-0,-0,-0,-0,-0,-0,
-0,-0,-0,-0,-0,-0,-0,-0,-0,-0,-0,-0,-0,-0,
-0,-0,-0,-0,-0,-0,-0,-0,-0,-0,-0,-0,-0,-0,
-0,-0,-0,-0,-0,-0,-0,-0,-0,-0,-0,-0,-0,-0,
-0,-0,-0,-0,-0,-0,-0,-0,-0,-0,-0,-0,-0,-0,
-0,-0,-0,-0,-0,-0,-0,-0,-0,-0,-0,-0,-0,-0,
-0,-0,-0,-0,-0,-0,-0,-0,-0,-0,-0,-0,-0,-0,
-0,-0,-0,-0,-0,-0,-0,-0,-0,-0,-0,-0,-0,-0,
-0,-0,-0,-0,-0,-0,-0,-0,-0,-0,-0,-0,-0,-0,
-0,-0,-0,-0,-0,-0,-0,-0,-0,-0,-0,-0,-0,-0,
-0,-0,-0,-0,-0,-0,-0,-0,-0,-0,-0,-0,-0,-0,
-0,-0,-0,-0,-0,-0,-0,-0,-0,-0,-0,-0,-0,-0,
-0,-0,-0,-0,-0,-0,-0,-0,-0,-0,-0,-0,-0,-0,
-0,-0,-0,-0,-0,-0,-0,-0,-0,-0,-0,-0,-0,-0,
-0,-0,-0,-0,-0,-0,-0,-0,-0,-0,-0,-0,-0,-0,
-0,-0,-0,-0,-0,-0,-0,-0,-0,-0,-0,-0,-0,-0,
-0,-0,-0,-0,-0,-0,-0,-0,-0,-0,-0,-0,-0,-0,
-0,-0,-0,-0,-0,-0,-0,-0,-0,-0,-0,-0,-0,-0,
-0,-0,-0,-0,-0,-0,-0,-0,-0,-0,-0,-0,-0,-0,
-0,-0,-0,-0,-0,-0,-0,-0,-0,-0,-0,-0,-0,-0,
-0,-0,-0,-0,-0,-0,-0,-0,-0,-0,-0,-0,-0,-0,
-0,-0,-0,-0,-0,-0,-0,-0,-0,-0,-0,-0,-0,-0,
-0,-0,-0,-0,-0,-0,-0,-0,-0,-0,-0,-0,-0,-0,
-0,-0,-0,-0,-0,-0,-0,-0,-0,-0,-0,-0,-0,-0,
-0,-0,-0,-0,-0,-0,-0,-0,-0,-0,-0,-0,-0,-0,
-0,-0,-0,-0,-0,-0,-0,-0,-0,-0,-0,-0,-0,-0,
-0,-0,-0,-0,-0,-0,-0,-0,-0,-0,-0,-0,-0,-0,
-0,-0,-0,-0,-0,-0,-0,-0,-0,-0,-0,-0,-0,-0,
-0,-0,-0,-0,-0,-0,-0,-0,-0,-0,-0,-0,-0,-0,
-0,-0,-0,-0,-0,-0,-0,-0,-0,-0,-0,-0,-0,-0,
-0,-0,-0,-0,-0,-0,-0,-0,-0,-0,-0,-0,-0,-0,
-0,-0,-0,-0,-0,-0,-0,-0,-0,-0,-0,-0,-0,-0,
-0,-0,-0,-0,-0,-0,-0,-0,-0,-0,-0,-0,-0,-0,
-0,-0,-0,-0,-0,-0,-0,-0,-0,-0,-0,-0,-0,-0,
-0,-0,-0,-0,-0,-0,-0,-0,-0,-0,-0,-0,-0,-0,
-0,-0,-0,-0,-0,-0,-0,-0,-0,-0,-0,-0,-0,-0,
-0,-0,-0,-0,-0,-0,-0,-0,-0,-0,-0,-0,-0,-0,
-0,-0,-0,-0,-0,-0,-0,-0,-0,-0,-0,-0,-0,-0,
-0,-0,-0,-0,-0,-0,-0,-0,-0,-0,-0,-0,-0,-0,
-0,-0,-0,-0,-0,-0,-0,-0,-0,-0,-0,-0,-0,-0,
-0,-0,-0,-0,-0,-0,-0,-0,-0,-0,-0,-0,-0,-0,
-0,-0,-0,-0,-0,-0,-0,-0,-0,-0,-0,-0,-0,-0,
-0,-0,-0,-0,-0,-0,-0,-0,-0,-0,-0,-0,-0,-0,
-0,-0,-0,-0,-0,-0,-0,-0,-0,-0,-0,-0,-0,-0,
-0,-0,-0,-0,-0,-0,-0,-0,-0,-0,-0,-0,-0,-0,
-0,-0,-0,-0,-0,-0,-0,-0,-0,-0,-0,-0,-0,-0,
-0,-0,-0,-0,-0,-0,-0,-0,-0,-0,-0,-0,-0,-0,
-0,-0,-0,-0,-0,-0,-0,-0,-0,-0,-0,-0,-0,-0,
-0,-0,-0,-0,-0,-0,-0,-0,-0,-0,-0,-0,-0,-0,
-0,-0,-0,-0,-0,-0,-0,-0,-0,-0,-0,-0,-0,-0,
-0,-0,-0,-0,-0,-0,-0,-0,-0,-0,-0,-0,-0,-0,
-0,-0,-0,-0,-0,-0,-0,-0,-0,-0,-0,-0,-0,-0,
-0,-0,-0,-0,-0,-0,-0,-0,-0,-0,-0,-0,-0,-0,
-0,-0,-0,-0,-0,-0,-0,-0,-0,-0,-0,-0,-0,-0,
-0,-0,-0,-0,-0,-0,-0,-0,-0,-0,-0,-0,-0,-0,
-0,-0,-0,-0,-0,-0,-0,-0,-0,-0,-0,-0,-0,-0,
-0,-0,-0,-0,-0,-0,-0,-0,-0,-0,-0,-0,-0,-0,
-0,-0,-0,-0,-0,-0,-0,-0,-0,-0,-0,-0,-0,-0,
-0,-0,-0,-0,-0,-0,-0,-0,-0,-0,-0,-0,-0,-0,
-0,-0,-0,-0,-0,-0,-0,-0,-0,-0,-0,-0,-0,-0,
-0,-0,-0,-0,-0,-0,-0,-0,-0,-0,-0,-0,-0,-0,
-0,-0,-0,-0,-0,-0,-0,-0,-0,-0,-0,-0,-0,-0,
-0,-0,-0,-0,-0,-0,-0,-0,-0,-0,-0,-0,-0,-0,
-0,-0,-0,-0,-0,-0,-0,-0,-0,-0,-0,-0,-0,-0,
-0,-0,-0,-0,-0,-0,-0,-0,-0,-0,-0,-0,-0,-0,
-0,-0,-0,-0,-0,-0,-0,-0,-0,-0,-0,-0,-0,-0,
-0,-0,-0,-0,-0,-0,-0,-0,-0,-0,-0,-0,-0,-0,
-0,-0,-0,-0,-0,-0,-0,-0,-0,-0,-0,-0,-0,-0,
-0,-0,-0,-0,-0,-0,-0,-0,-0,-0,-0,-0,-0,-0,
-0,-0,-0,-0,-0,-0,-0,-0,-0,-0,-0,-0,-0,-0,
-0,-0,-0,-0,-0,-0,-0,-0,-0,-0,-0,-0,-0,-0,
-0,-0,-0,-0,-0,-0,-0,-0,-0,-0,-0,-0,-0,-0,
-0,-0,-0,-0,-0,-0,-0,-0,-0,-0,-0,-0,-0,-0,
-0,-0,-0,-0,-0,-0,-0,-0,-0,-0,-0,-0,-0,-0,
-0,-0,-0,-0,-0,-0,-0,-0,-0,-0,-0,-0,-0,-0,
-0,-0,-0,-0,-0,-0,-0,-0,-0,-0,-0,-0,-0,-0,
-0,-0,-0,-0,-0,-0,-0,-0,-0,-0,-0,-0,-0,-0,
-0,-0,-0,-0,-0,-0,-0,-0,-0,-0,-0,-0,-0,-0,
-0,-0,-0,-0,-0,-0,-0,-0,-0,-0,-0,-0,-0,-0,
-0,-0,-0,-0,-0,-0,-0,-0,-0,-0,-0,-0,-0,-0,
-0,-0,-0,-0,-0,-0,-0,-0,-0,-0,-0,-0,-0,-0,
-0,-0,-0,-0,-0,-0,-0,-0,-0,-0,-0,-0,-0,-0,
-0,-0,-0,-0,-0,-0,-0,-0,-0,-0,-0,-0,-0,-0,
-0,-0,-0,-0,-0,-0,-0,-0,-0,-0,-0,-0,-0,-0,
-0,-0,-0,-0,-0,-0,-0,-0,-0,-0,-0,-0,-0,-0,
-0,-0,-0,-0,-0,-0,-0,-0,-0,-0,-0,-0,-0,-0,
-0,-0,-0,-0,-0,-0,-0,-0,-0,-0,-0,-0,-0,-0,
-0,-0,-0,-0,-0,-0,-0,-0,-0,-0,-0,-0,-0,-0,
-0,-0,-0,-0,-0,-0,-0,-0,-0,-0,-0,-0,-0,-0,
-0,-0,-0,-0,-0,-0,-0,-0,-0,-0,-0,-0,-0,-0,
-0,-0,-0,-0,-0,-0,-0,-0,-0,-0,-0,-0,-0,-0,
-0,-0,-0,-0,-0,-0,-0,-0,-0,-0,-0,-0,-0,-0,
-0,-0,-0,-0,-0,-0,-0,-0,-0,-0,-0,-0,-0,-0,
-0,-0,-0,-0,-0,-0,-0,-0,-0,-0,-0,-0,-0,-0,
-0,-0,-0,-0,-0,-0,-0,-0,-0,-0,-0,-0,-0,-0,
-0,-0,-0,-0,-0,-0,-0,-0,-0,-0,-0,-0,-0,-0,
-0,-0,-0,-0,-0,-0,-0,-0,-0,-0,-0,-0,-0,-0,
-0,-0,-0,-0,-0,-0,-0,-0,-0,-0,-0,-0,-0,-0,
-0,-0,-0,-0,-0,-0,-0,-0,-0,-0,-0,-0,-0,-0,
-0,-0,-0,-0,-0,-0,-0,-0,-0,-0,-0,-0,-0,-0,
-0,-0,-0,-0,-0,-0,-0,-0,-0,-0,-0,-0,-0,-0,
-0,-0,-0,-0,-0,-0,-0,-0,-0,-0,-0,-0,-0,-0,
-0,-0,-0,-0,-0,-0,-0,-0,-0,-0,-0,-0,-0,-0,
-0,-0,-0,-0,-0,-0,-0,-0,-0,-0,-0,-0,-0,-0,
-0,-0,-0,-0,-0,-0,-0,-0,-0,-0,-0,-0,-0,-0,
-0,-0,-0,-0,-0,-0,-0,-0,-0,-0,-0,-0,-0,-0,
-0,-0,-0,-0,-0,-0,-0,-0,-0,-0,-0,-0,-0,-0,
-0,-0,-0,-0,-0,-0,-0,-0,-0,-0,-0,-0,-0,-0,
-0,-0,-0,-0,-0,-0,-0,-0,-0,-0,-0,-0,-0,-0,
-0,-0,-0,-0,-0,-0,-0,-0,-0,-0,-0,-0,-0,-0,
-0,-0,-0,-0,-0,-0,-0,-0,-0,-0,-0,-0,-0,-0,
-0,-0,-0,-0,-0,-0,-0,-0,-0,-0,-0,-0,-0,-0,
-0,-0,-0,-0,-0,-0,-0,-0,-0,-0,-0,-0,-0,-0,
-0,-0,-0,-0,-0,-0,-0,-0,-0,-0,-0,-0,-0,-0,
-0,-0,-0,-0,-0,-0,-0,-0,-0,-0,-0,-0,-0,-0,
-0,-0,-0,-0,-0,-0,-0,-0,-0,-0,-0,-0,-0,-0,
-0,-0,-0,-0,-0,-0,-0,-0,-0,-0,-0,-0,-0,-0,
-0,-0,-0,-0,-0,-0,-0,-0,-0,-0,-0,-0,-0,-0,
-0,-0,-0,-0,-0,-0,-0,-0,-0,-0,-0,-0,-0,-0,
-0,-0,-0,-0,-0,-0,-0,-0,-0,-0,-0,-0,-0,-0,
-0,-0,-0,-0,-0,-0,-0,-0,-0,-0,-0,-0,-0,-0,
-0,-0,-0,-0,-0,-0,-0,-0,-0,-0,-0,-0,-0,-0,
-0,-0,-0,-0,-0,-0,-0,-0,-0,-0,-0,-0,-0,-0,
-0,-0,-0,-0,-0,-0,-0,-0,-0,-0,-0,-0,-0,-0,
-0,-0,-0,-0,-0,-0,-0,-0,-0,-0,-0,-0,-0,-0,
-0,-0,-0,-0,-0,-0,-0,-0,-0,-0,-0,-0,-0,-0,
-0,-0,-0,-0,-0,-0,-0,-0,-0,-0,-0,-0,-0,-0,
-0,-0,-0,-0,-0,-0,-0,-0,-0,-0,-0,-0,-0,-0,
-0,-0,-0,-0,-0,-0,-0,-0,-0,-0,-0,-0,-0,-0,
-0,-0,-0,-0,-0,-0,-0,-0,-0,-0,-0,-0,-0,-0,
-0,-0,-0,-0,-0,-0,-0,-0,-0,-0,-0,-0,-0,-0,
-0,-0,-0,-0,-0,-0,-0,-0,-0,-0,-0,-0,-0,-0,
-0,-0,-0,-0,-0,-0,-0,-0,-0,-0,-0,-0,-0,-0,
-0,-0,-0,-0,-0,-0,-0,-0,-0,-0,-0,-0,-0,-0,
-0,-0,-0,-0,-0,-0,-0,-0,-0,-0,-0,-0,-0,-0,
-0,-0,-0,-0,-0,-0,-0,-0,-0,-0,-0,-0,-0,-0,
-0,-0,-0,-0,-0,-0,-0,-0,-0,-0,-0,-0,-0,-0,
-0,-0,-0,-0,-0,-0,-0,-0,-0,-0,-0,-0,-0,-0,
-0,-0,-0,-0,-0,-0,-0,-0,-0,-0,-0,-0,-0,-0,
-0,-0,-0,-0,-0,-0,-0,-0,-0,-0,-0,-0,-0,-0,
-0,-0,-0,-0,-0,-0,-0,-0,-0,-0,-0,-0,-0,-0,
-0,-0,-0,-0,-0,-0,-0,-0,-0,-0,-0,-0,-0,-0,
-0,-0,-0,-0,-0,-0,-0,-0,-0,-0,-0,-0,-0,-0,
-0,-0,-0,-0,-0,-0,-0,-0,-0,-0,-0,-0,-0,-0,
-0,-0,-0,-0,-0,-0,-0,-0,-0,-0,-0,-0,-0,-0,
-0,-0,-0,-0,-0,-0,-0,-0,-0,-0,-0,-0,-0,-0,
-0,-0,-0,-0,-0,-0,-0,-0,-0,-0,-0,-0,-0,-0,
-0,-0,-0,-0,-0,-0,-0,-0,-0,-0,-0,-0,-0,-0,
-0,-0,-0,-0,-0,-0,-0,-0,-0,-0,-0,-0,-0,-0,
-0,-0,-0,-0,-0,-0,-0,-0,-0,-0,-0,-0,-0,-0,
-0,-0,-0,-0,-0,-0,-0,-0,-0,-0,-0,-0,-0,-0,
-0,-0,-0,-0,-0,-0,-0,-0,-0,-0,-0,-0,-0,-0,
-0,-0,-0,-0,-0,-0,-0,-0,-0,-0,-0,-0,-0,-0,
-0,-0,-0,-0,-0,-0,-0,-0,-0,-0,-0,-0,-0,-0,
-0,-0,-0,-0,-0,-0,-0,-0,-0,-0,-0,-0,-0,-0,
-0,-0,-0,-0,-0,-0,-0,-0,-0,-0,-0,-0,-0,-0,
-0,-0,-0,-0,-0,-0,-0,-0,-0,-0,-0,-0,-0,-0,
-0,-0,-0,-0,-0,-0,-0,-0,-0,-0,-0,-0,-0,-0,
-0,-0,-0,-0,-0,-0,-0,-0,-0,-0,-0,-0,-0,-0,
-0,-0,-0,-0,-0,-0,-0,-0,-0,-0,-0,-0,-0,-0,
-0,-0,-0,-0,-0,-0,-0,-0,-0,-0,-0,-0,-0,-0,
-0,-0,-0,-0,-0,-0,-0,-0,-0,-0,-0,-0,-0,-0,
-0,-0,-0,-0,-0,-0,-0,-0,-0,-0,-0,-0,-0,-0,
-0,-0,-0,-0,-0,-0,-0,-0,-0,-0,-0,-0,-0,-0,
-0,-0,-0,-0,-0,-0,-0,-0,-0,-0,-0,-0,-0,-0,
-0,-0,-0,-0,-0,-0,-0,-0,-0,-0,-0,-0,-0,-0,
-0,-0,-0,-0,-0,-0,-0,-0,-0,-0,-0,-0,-0,-0,
-0,-0,-0,-0,-0,-0,-0,-0,-0,-0,-0,-0,-0,-0,
-0,-0,-0,-0,-0,-0,-0,-0,-0,-0,-0,-0,-0,-0,
-0,-0,-0,-0,-0,-0,-0,-0,-0,-0,-0,-0,-0,-0,
-0,-0,-0,-0,-0,-0,-0,-0,-0,-0,-0,-0,-0,-0,
-0,-0,-0,-0,-0,-0,-0,-0,-0,-0,-0,-0,-0,-0,
-0,-0,-0,-0,-0,-0,-0,-0,-0,-0,-0,-0,-0,-0,
-0,-0,-0,-0,-0,-0,-0,-0,-0,-0,-0,-0,-0,-0,
-0,-0,-0,-0,-0,-0,-0,-0,-0,-0,-0,-0,-0,-0,
-0,-0,-0,-0,-0,-0,-0,-0,-0,-0,-0,-0,-0,-0,
-0,-0,-0,-0,-0,-0,-0,-0,-0,-0,-0,-0,-0,-0,
-0,-0,-0,-0,-0,-0,-0,-0,-0,-0,-0,-0,-0,-0,
-0,-0,-0,-0,-0,-0,-0,-0,-0,-0,-0,-0,-0,-0,
-0,-0,-0,-0,-0,-0,-0,-0,-0,-0,-0,-0,-0,-0,
-0,-0,-0,-0,-0,-0,-0,-0,-0,-0,-0,-0,-0,-0,
-0,-0,-0,-0,-0,-0,-0,-0,-0,-0,-0,-0,-0,-0,
-0,-0,-0,-0,-0,-0,-0,-0,-0,-0,-0,-0,-0,-0,
-0,-0,-0,-0,-0,-0,-0,-0,-0,-0,-0,-0,-0,-0,
-0,-0,-0,-0,-0,-0,-0,-0,-0,-0,-0,-0,-0,-0,
-0,-0,-0,-0,-0,-0,-0,-0,-0,-0,-0,-0,-0,-0,
-0,-0,-0,-0,-0,-0,-0,-0,-0,-0,-0,-0,-0,-0,
-0,-0,-0,-0,-0,-0,-0,-0,-0,-0,-0,-0,-0,-0,
-0,-0,-0,-0,-0,-0,-0,-0,-0,-0,-0,-0,-0,-0,
-0,-0,-0,-0,-0,-0,-0,-0,-0,-0,-0,-0,-0,-0,
-0,-0,-0,-0,-0,-0,-0,-0,-0,-0,-0,-0,-0,-0,
-0,-0,-0,-0,-0,-0,-0,-0,-0,-0,-0,-0,-0,-0,
-0,-0,-0,-0,-0,-0,-0,-0,-0,-0,-0,-0,-0,-0,
-0,-0,-0,-0,-0,-0,-0,-0,-0,-0,-0,-0,-0,-0,
-0,-0,-0,-0,-0,-0,-0,-0,-0,-0,-0,-0,-0,-0,
-0,-0,-0,-0,-0,-0,-0,-0,-0,-0,-0,-0,-0,-0,
-0,-0,-0,-0,-0,-0,-0,-0,-0,-0,-0,-0,-0,-0,
-0,-0,-0,-0,-0,-0,-0,-0,-0,-0,-0,-0,-0,-0,
-0,-0,-0,-0,-0,-0,-0,-0,-0,-0,-0,-0,-0,-0,
-0,-0,-0,-0,-0,-0,-0,-0,-0,-0,-0,-0,-0,-0,
-0,-0,-0,-0,-0,-0,-0,-0,-0,-0,-0,-0,-0,-0,
-0,-0,-0,-0,-0,-0,-0,-0,-0,-0,-0,-0,-0,-0,
-0,-0,-0,-0,-0,-0,-0,-0,-0,-0,-0,-0,-0,-0,
-0,-0,-0,-0,-0,-0,-0,-0,-0,-0,-0,-0,-0,-0,
-0,-0,-0,-0,-0,-0,-0,-0,-0,-0,-0,-0,-0,-0,
-0,-0,-0,-0,-0,-0,-0,-0,-0,-0,-0,-0,-0,-0,
-0,-0,-0,-0,-0,-0,-0,-0,-0,-0,-0,-0,-0,-0,
-0,-0,-0,-0,-0,-0,-0,-0,-0,-0,-0,-0,-0,-0,
-0,-0,-0,-0,-0,-0,-0,-0,-0,-0,-0,-0,-0,-0,
-0,-0,-0,-0,-0,-0,-0,-0,-0,-0,-0,-0,-0,-0,
-0,-0,-0,-0,-0,-0,-0,-0,-0,-0,-0,-0,-0,-0,
-0,-0,-0,-0,-0,-0,-0,-0,-0,-0,-0,-0,-0,-0,
-0,-0,-0,-0,-0,-0,-0,-0,-0,-0,-0,-0,-0,-0,
-0,-0,-0,-0,-0,-0,-0,-0,-0,-0,-0,-0,-0,-0,
-0,-0,-0,-0,-0,-0,-0,-0,-0,-0,-0,-0,-0,-0,
-0,-0,-0,-0,-0,-0,-0,-0,-0,-0,-0,-0,-0,-0,
-0,-0,-0,-0,-0,-0,-0,-0,-0,-0,-0,-0,-0,-0,
-0,-0,-0,-0,-0,-0,-0,-0,-0,-0,-0,-0,-0,-0,
-0,-0,-0,-0,-0,-0,-0,-0,-0,-0,-0,-0,-0,-0,
-0,-0,-0,-0,-0,-0,-0,-0,-0,-0,-0,-0,-0,-0,
-0,-0,-0,-0,-0,-0,-0,-0,-0,-0,-0,-0,-0,-0,
-0,-0,-0,-0,-0,-0,-0,-0,-0,-0,-0,-0,-0,-0,
-0,-0,-0,-0,-0,-0,-0,-0,-0,-0,-0,-0,-0,-0,
-0,-0,-0,-0,-0,-0,-0,-0,-0,-0,-0,-0,-0,-0,
-0,-0,-0,-0,-0,-0,-0,-0,-0,-0,-0,-0,-0,-0,
-0,-0,-0,-0,-0,-0,-0,-0,-0,-0,-0,-0,-0,-0,
-0,-0,-0,-0,-0,-0,-0,-0,-0,-0,-0,-0,-0,-0,
-0,-0,-0,-0,-0,-0,-0,-0,-0,-0,-0,-0,-0,-0,
-0,-0,-0,-0,-0,-0,-0,-0,-0,-0,-0,-0,-0,-0,
-0,-0,-0,-0,-0,-0,-0,-0,-0,-0,-0,-0,-0,-0,
-0,-0,-0,-0,-0,-0,-0,-0,-0,-0,-0,-0,-0,-0,
-0,-0,-0,-0,-0,-0,-0,-0,-0,-0,-0,-0,-0,-0,
-0,-0,-0,-0,-0,-0,-0,-0,-0,-0,-0,-0,-0,-0,
-0,-0,-0,-0,-0,-0,-0,-0,-0,-0,-0,-0,-0,-0,
-0,-0,-0,-0,-0,-0,-0,-0,-0,-0,-0,-0,-0,-0,
-0,-0,-0,-0,-0,-0,-0,-0,-0,-0,-0,-0,-0,-0,
-0,-0,-0,-0,-0,-0,-0,-0,-0,-0,-0,-0,-0,-0,
-0,-0,-0,-0,-0,-0,-0,-0,-0,-0,-0,-0,-0,-0,
-0,-0,-0,-0,-0,-0,-0,-0,-0,-0,-0,-0,-0,-0,
-0,-0,-0,-0,-0,-0,-0,-0,-0,-0,-0,-0,-0,-0,
-0,-0,-0,-0,-0,-0,-0,-0,-0,-0,-0,-0,-0,-0,
-0,-0,-0,-0,-0,-0,-0,-0,-0,-0,-0,-0,-0,-0,
-0,-0,-0,-0,-0,-0,-0,-0,-0,-0,-0,-0,-0,-0,
-0,-0,-0,-0,-0,-0,-0,-0,-0,-0,-0,-0,-0,-0,
-0,-0,-0,-0,-0,-0,-0,-0,-0,-0,-0,-0,-0,-0,
-0,-0,-0,-0,-0,-0,-0,-0,-0,-0,-0,-0,-0,-0,
-0,-0,-0,-0,-0,-0,-0,-0,-0,-0,-0,-0,-0,-0,
-0,-0,-0,-0,-0,-0,-0,-0,-0,-0,-0,-0,-0,-0,
-0,-0,-0,-0,-0,-0,-0,-0,-0,-0,-0,-0,-0,-0,
-0,-0,-0,-0,-0,-0,-0,-0,-0,-0,-0,-0,-0,-0,
-0,-0,-0,-0,-0,-0,-0,-0,-0,-0,-0,-0,-0,-0,
-0,-0,-0,-0,-0,-0,-0,-0,-0,-0,-0,-0,-0,-0,
-0,-0,-0,-0,-0,-0,-0,-0,-0,-0,-0,-0,-0,-0,
-0,-0,-0,-0,-0,-0,-0,-0,-0,-0,-0,-0,-0,-0,
-0,-0,-0,-0,-0,-0,-0,-0,-0,-0,-0,-0,-0,-0,
-0,-0,-0,-0,-0,-0,-0,-0,-0,-0,-0,-0,-0,-0,
-0,-0,-0,-0,-0,-0,-0,-0,-0,-0,-0,-0,-0,-0,
-0,-0,-0,-0,-0,-0,-0,-0,-0,-0,-0,-0,-0,-0,
-0,-0,-0,-0,-0,-0,-0,-0,-0,-0,-0,-0,-0,-0,
-0,-0,-0,-0,-0,-0,-0,-0,-0,-0,-0,-0,-0,-0,
-0,-0,-0,-0,-0,-0,-0,-0,-0,-0,-0,-0,-0,-0,
-0,-0,-0,-0,-0,-0,-0,-0,-0,-0,-0,-0,-0,-0,
-0,-0,-0,-0,-0,-0,-0,-0,-0,-0,-0,-0,-0,-0,
-0,-0,-0,-0,-0,-0,-0,-0,-0,-0,-0,-0,-0,-0,
-0,-0,-0,-0,-0,-0,-0,-0,-0,-0,-0,-0,-0,-0,
-0,-0,-0,-0,-0,-0,-0,-0,-0,-0,-0,-0,-0,-0,
-0,-0,-0,-0,-0,-0,-0,-0,-0,-0,-0,-0,-0,-0,
-0,-0,-0,-0,-0,-0,-0,-0,-0,-0,-0,-0,-0,-0,
-0,-0,-0,-0,-0,-0,-0,-0,-0,-0,-0,-0,-0,-0,
-0,-0,-0,-0,-0,-0,-0,-0,-0,-0,-0,-0,-0,-0,
-0,-0,-0,-0,-0,-0,-0,-0,-0,-0,-0,-0,-0,-0,
-0,-0,-0,-0,-0,-0,-0,-0,-0,-0,-0,-0,-0,-0,
-0,-0,-0,-0,-0,-0,-0,-0,-0,-0,-0,-0,-0,-0,
-0,-0,-0,-0,-0,-0,-0,-0,-0,-0,-0,-0,-0,-0,
-0,-0,-0,-0,-0,-0,-0,-0,-0,-0,-0,-0,-0,-0,
-0,-0,-0,-0,-0,-0,-0,-0,-0,-0,-0,-0,-0,-0,
-0,-0,-0,-0,-0,-0,-0,-0,-0,-0,-0,-0,-0,-0,
-0,-0,-0,-0,-0,-0,-0,-0,-0,-0,-0,-0,-0,-0,
-0,-0,-0,-0,-0,-0,-0,-0,-0,-0,-0,-0,-0,-0,
-0,-0,-0,-0,-0,-0,-0,-0,-0,-0,-0,-0,-0,-0,
-0,-0,-0,-0,-0,-0,-0,-0,-0,-0,-0,-0,-0,-0,
-0,-0,-0,-0,-0,-0,-0,-0,-0,-0,-0,-0,-0,-0,
-0,-0,-0,-0,-0,-0,-0,-0,-0,-0,-0,-0,-0,-0,
-0,-0,-0,-0,-0,-0,-0,-0,-0,-0,-0,-0,-0,-0,
-0,-0,-0,-0,-0,-0,-0,-0,-0,-0,-0,-0,-0,-0,
-0,-0,-0,-0,-0,-0,-0,-0,-0,-0,-0,-0,-0,-0,
-0,-0,-0,-0,-0,-0,-0,-0,-0,-0,-0,-0,-0,-0,
-0,-0,-0,-0,-0,-0,-0,-0,-0,-0,-0,-0,-0,-0,
-0,-0,-0,-0,-0,-0,-0,-0,-0,-0,-0,-0,-0,-0,
-0,-0,-0,-0,-0,-0,-0,-0,-0,-0,-0,-0,-0,-0,
-0,-0,-0,-0,-0,-0,-0,-0,-0,-0,-0,-0,-0,-0,
-0,-0,-0,-0,-0,-0,-0,-0,-0,-0,-0,-0,-0,-0,
-0,-0,-0,-0,-0,-0,-0,-0,-0,-0,-0,-0,-0,-0,
-0,-0,-0,-0,-0,-0,-0,-0,-0,-0,-0,-0,-0,-0,
-0,-0,-0,-0,-0,-0,-0,-0,-0,-0,-0,-0,-0,-0,
-0,-0,-0,-0,-0,-0,-0,-0,-0,-0,-0,-0,-0,-0,
-0,-0,-0,-0,-0,-0,-0,-0,-0,-0,-0,-0,-0,-0,
-0,-0,-0,-0,-0,-0,-0,-0,-0,-0,-0,-0,-0,-0,
-0,-0,-0,-0,-0,-0,-0,-0,-0,-0,-0,-0,-0,-0,
-0,-0,-0,-0,-0,-0,-0,-0,-0,-0,-0,-0,-0,-0,
-0,-0,-0,-0,-0,-0,-0,-0,-0,-0,-0,-0,-0,-0,
-0,-0,-0,-0,-0,-0,-0,-0,-0,-0,-0,-0,-0,-0,
-0,-0,-0,-0,-0,-0,-0,-0,-0,-0,-0,-0,-0,-0,
-0,-0,-0,-0,-0,-0,-0,-0,-0,-0,-0,-0,-0,-0,
-0,-0,-0,-0,-0,-0,-0,-0,-0,-0,-0,-0,-0,-0,
-0,-0,-0,-0,-0,-0,-0,-0,-0,-0,-0,-0,-0,-0,
-0,-0,-0,-0,-0,-0,-0,-0,-0,-0,-0,-0,-0,-0,
-0,-0,-0,-0,-0,-0,-0,-0,-0,-0,-0,-0,-0,-0,
-0,-0,-0,-0,-0,-0,-0,-0,-0,-0,-0,-0,-0,-0,
-0,-0,-0,-0,-0,-0,-0,-0,-0,-0,-0,-0,-0,-0,
-0,-0,-0,-0,-0,-0,-0,-0,-0,-0,-0,-0,-0,-0,
-0,-0,-0,-0,-0,-0,-0,-0,-0,-0,-0,-0,-0,-0,
-0,-0,-0,-0,-0,-0,-0,-0,-0,-0,-0,-0,-0,-0,
-0,-0,-0,-0,-0,-0,-0,-0,-0,-0,-0,-0,-0,-0,
-0,-0,-0,-0,-0,-0,-0,-0,-0,-0,-0,-0,-0,-0,
-0,-0,-0,-0,-0,-0,-0,-0,-0,-0,-0,-0,-0,-0,
-0,-0,-0,-0,-0,-0,-0,-0,-0,-0,-0,-0,-0,-0,
-0,-0,-0,-0,-0,-0,-0,-0,-0,-0,-0,-0,-0,-0,
-0,-0,-0,-0,-0,-0,-0,-0,-0,-0,-0,-0,-0,-0,
-0,-0,-0,-0,-0,-0,-0,-0,-0,-0,-0,-0,-0,-0,
-0,-0,-0,-0,-0,-0,-0,-0,-0,-0,-0,-0,-0,-0,
-0,-0,-0,-0,-0,-0,-0,-0,-0,-0,-0,-0,-0,-0,
-0,-0,-0,-0,-0,-0,-0,-0,-0,-0,-0,-0,-0,-0,
-0,-0,-0,-0,-0,-0,-0,-0,-0,-0,-0,-0,-0,-0,
-0,-0,-0,-0,-0,-0,-0,-0,-0,-0,-0,-0,-0,-0,
-0,-0,-0,-0,-0,-0,-0,-0,-0,-0,-0,-0,-0,-0,
-0,-0,-0,-0,-0,-0,-0,-0,-0,-0,-0,-0,-0,-0,
-0,-0,-0,-0,-0,-0,-0,-0,-0,-0,-0,-0,-0,-0,
-0,-0,-0,-0,-0,-0,-0,-0,-0,-0,-0,-0,-0,-0,
-0,-0,-0,-0,-0,-0,-0,-0,-0,-0,-0,-0,-0,-0,
-0,-0,-0,-0,-0,-0,-0,-0,-0,-0,-0,-0,-0,-0,
-0,-0,-0,-0,-0,-0,-0,-0,-0,-0,-0,-0,-0,-0,
-0,-0,-0,-0,-0,-0,-0,-0,-0,-0,-0,-0,-0,-0,
-0,-0,-0,-0,-0,-0,-0,-0,-0,-0,-0,-0,-0,-0,
-0,-0,-0,-0,-0,-0,-0,-0,-0,-0,-0,-0,-0,-0,
-0,-0,-0,-0,-0,-0,-0,-0,-0,-0,-0,-0,-0,-0,
-0,-0,-0,-0,-0,-0,-0,-0,-0,-0,-0,-0,-0,-0,
-0,-0,-0,-0,-0,-0,-0,-0,-0,-0,-0,-0,-0,-0,
-0,-0,-0,-0,-0,-0,-0,-0,-0,-0,-0,-0,-0,-0,
-0,-0,-0,-0,-0,-0,-0,-0,-0,-0,-0,-0,-0,-0,
-0,-0,-0,-0,-0,-0,-0,-0,-0,-0,-0,-0,-0,-0,
-0,-0,-0,-0,-0,-0,-0,-0,-0,-0,-0,-0,-0,-0,
-0,-0,-0,-0,-0,-0,-0,-0,-0,-0,-0,-0,-0,-0,
-0,-0,-0,-0,-0,-0,-0,-0,-0,-0,-0,-0,-0,-0,
-0,-0,-0,-0,-0,-0,-0,-0,-0,-0,-0,-0,-0,-0,
-0,-0,-0,-0,-0,-0,-0,-0,-0,-0,-0,-0,-0,-0,
-0,-0,-0,-0,-0,-0,-0,-0,-0,-0,-0,-0,-0,-0,
-0,-0,-0,-0,-0,-0,-0,-0,-0,-0,-0,-0,-0,-0,
-0,-0,-0,-0,-0,-0,-0,-0,-0,-0,-0,-0,-0,-0,
-0,-0,-0,-0,-0,-0,-0,-0,-0,-0,-0,-0,-0,-0,
-0,-0,-0,-0,-0,-0,-0,-0,-0,-0,-0,-0,-0,-0,
-0,-0,-0,-0,-0,-0,-0,-0,-0,-0,-0,-0,-0,-0,
-0,-0,-0,-0,-0,-0,-0,-0,-0,-0,-0,-0,-0,-0,
-0,-0,-0,-0,-0,-0,-0,-0,-0,-0,-0,-0,-0,-0,
-0,-0,-0,-0,-0,-0,-0,-0,-0,-0,-0,-0,-0,-0,
-0,-0,-0,-0,-0,-0,-0,-0,-0,-0,-0,-0,-0,-0,
-0,-0,-0,-0,-0,-0,-0,-0,-0,-0,-0,-0,-0,-0,
-0,-0,-0,-0,-0,-0,-0,-0,-0,-0,-0,-0,-0,-0,
-0,-0,-0,-0,-0,-0,-0,-0,-0,-0,-0,-0,-0,-0,
-0,-0,-0,-0,-0,-0,-0,-0,-0,-0,-0,-0,-0,-0,
-0,-0,-0,-0,-0,-0,-0,-0,-0,-0,-0,-0,-0,-0,
-0,-0,-0,-0,-0,-0,-0,-0,-0,-0,-0,-0,-0,-0,
-0,-0,-0,-0,-0,-0,-0,-0,-0,-0,-0,-0,-0,-0,
-0,-0,-0,-0,-0,-0,-0,-0,-0,-0,-0,-0,-0,-0,
-0,-0,-0,-0,-0,-0,-0,-0,-0,-0,-0,-0,-0,-0,
-0,-0,-0,-0,-0,-0,-0,-0,-0,-0,-0,-0,-0,-0,
-0,-0,-0,-0,-0,-0,-0,-0,-0,-0,-0,-0,-0,-0,
-0,-0,-0,-0,-0,-0,-0,-0,-0,-0,-0,-0,-0,-0,
-0,-0,-0,-0,-0,-0,-0,-0,-0,-0,-0,-0,-0,-0,
-0,-0,-0,-0,-0,-0,-0,-0,-0,-0,-0,-0,-0,-0,
-0,-0,-0,-0,-0,-0,-0,-0,-0,-0,-0,-0,-0,-0,
-0,-0,-0,-0,-0,-0,-0,-0,-0,-0,-0,-0,-0,-0,
-0,-0,-0,-0,-0,-0,-0,-0,-0,-0,-0,-0,-0,-0,
-0,-0,-0,-0,-0,-0,-0,-0,-0,-0,-0,-0,-0,-0,
-0,-0,-0,-0,-0,-0,-0,-0,-0,-0,-0,-0,-0,-0,
-0,-0,-0,-0,-0,-0,-0,-0,-0,-0,-0,-0,-0,-0,
-0,-0,-0,-0,-0,-0,-0,-0,-0,-0,-0,-0,-0,-0,
-0,-0,-0,-0,-0,-0,-0,-0,-0,-0,-0,-0,-0,-0,
-0,-0,-0,-0,-0,-0,-0,-0,-0,-0,-0,-0,-0,-0,
-0,-0,-0,-0,-0,-0,-0,-0,-0,-0,-0,-0,-0,-0,
-0,-0,-0,-0,-0,-0,-0,-0,-0,-0,-0,-0,-0,-0,
-0,-0,-0,-0,-0,-0,-0,-0,-0,-0,-0,-0,-0,-0,
-0,-0,-0,-0,-0,-0,-0,-0,-0,-0,-0,-0,-0,-0,
-0,-0,-0,-0,-0,-0,-0,-0,-0,-0,-0,-0,-0,-0,
-0,-0,-0,-0,-0,-0,-0,-0,-0,-0,-0,-0,-0,-0,
-0,-0,-0,-0,-0,-0,-0,-0,-0,-0,-0,-0,-0,-0,
-0,-0,-0,-0,-0,-0,-0,-0,-0,-0,-0,-0,-0,-0,
-0,-0,-0,-0,-0,-0,-0,-0,-0,-0,-0,-0,-0,-0,
-0,-0,-0,-0,-0,-0,-0,-0,-0,-0,-0,-0,-0,-0,
-0,-0,-0,-0,-0,-0,-0,-0,-0,-0,-0,-0,-0,-0,
-0,-0,-0,-0,-0,-0,-0,-0,-0,-0,-0,-0,-0,-0,
-0,-0,-0,-0,-0,-0,-0,-0,-0,-0,-0,-0,-0,-0,
-0,-0,-0,-0,-0,-0,-0,-0,-0,-0,-0,-0,-0,-0,
-0,-0,-0,-0,-0,-0,-0,-0,-0,-0,-0,-0,-0,-0,
-0,-0,-0,-0,-0,-0,-0,-0,-0,-0,-0,-0,-0,-0,
-0,-0,-0,-0,-0,-0,-0,-0,-0,-0,-0,-0,-0,-0,
-0,-0,-0,-0,-0,-0,-0,-0,-0,-0,-0,-0,-0,-0,
-0,-0,-0,-0,-0,-0,-0,-0,-0,-0,-0,-0,-0,-0,
-0,-0,-0,-0,-0,-0,-0,-0,-0,-0,-0,-0,-0,-0,
-0,-0,-0,-0,-0,-0,-0,-0,-0,-0,-0,-0,-0,-0,
-0,-0,-0,-0,-0,-0,-0,-0,-0,-0,-0,-0,-0,-0,
-0,-0,-0,-0,-0,-0,-0,-0,-0,-0,-0,-0,-0,-0,
-0,-0,-0,-0,-0,-0,-0,-0,-0,-0,-0,-0,-0,-0,
-0,-0,-0,-0,-0,-0,-0,-0,-0,-0,-0,-0,-0,-0,
-0,-0,-0,-0,-0,-0,-0,-0,-0,-0,-0,-0,-0,-0,
-0,-0,-0,-0,-0,-0,-0,-0,-0,-0,-0,-0,-0,-0,
-0,-0,-0,-0,-0,-0,-0,-0,-0,-0,-0,-0,-0,-0,
-0,-0,-0,-0,-0,-0,-0,-0,-0,-0,-0,-0,-0,-0,
-0,-0,-0,-0,-0,-0,-0,-0,-0,-0,-0,-0,-0,-0,
-0,-0,-0,-0,-0,-0,-0,-0,-0,-0,-0,-0,-0,-0,
-0,-0,-0,-0,-0,-0,-0,-0,-0,-0,-0,-0,-0,-0,
-0,-0,-0,-0,-0,-0,-0,-0,-0,-0,-0,-0,-0,-0,
-0,-0,-0,-0,-0,-0,-0,-0,-0,-0,-0,-0,-0,-0,
-0,-0,-0,-0,-0,-0,-0,-0,-0,-0,-0,-0,-0,-0,
-0,-0,-0,-0,-0,-0,-0,-0,-0,-0,-0,-0,-0,-0,
-0,-0,-0,-0,-0,-0,-0,-0,-0,-0,-0,-0,-0,-0,
-0,-0,-0,-0,-0,-0,-0,-0,-0,-0,-0,-0,-0,-0,
-0,-0,-0,-0,-0,-0,-0,-0,-0,-0,-0,-0,-0,-0,
-0,-0,-0,-0,-0,-0,-0,-0,-0,-0,-0,-0,-0,-0,
-0,-0,-0,-0,-0,-0,-0,-0,-0,-0,-0,-0,-0,-0,
-0,-0,-0,-0,-0,-0,-0,-0,-0,-0,-0,-0,-0,-0,
-0,-0,-0,-0,-0,-0,-0,-0,-0,-0,-0,-0,-0,-0,
-0,-0,-0,-0,-0,-0,-0,-0,-0,-0,-0,-0,-0,-0,
-0,-0,-0,-0,-0,-0,-0,-0,-0,-0,-0,-0,-0,-0,
-0,-0,-0,-0,-0,-0,-0,-0,-0,-0,-0,-0,-0,-0,
-0,-0,-0,-0,-0,-0,-0,-0,-0,-0,-0,-0,-0,-0,
-0,-0,-0,-0,-0,-0,-0,-0,-0,-0,-0,-0,-0,-0,
-0,-0,-0,-0,-0,-0,-0,-0,-0,-0,-0,-0,-0,-0,
-0,-0,-0,-0,-0,-0,-0,-0,-0,-0,-0,-0,-0,-0,
-0,-0,-0,-0,-0,-0,-0,-0,-0,-0,-0,-0,-0,-0,
-0,-0,-0,-0,-0,-0,-0,-0,-0,-0,-0,-0,-0,-0,
-0,-0,-0,-0,-0,-0,-0,-0,-0,-0,-0,-0,-0,-0,
-0,-0,-0,-0,-0,-0,-0,-0,-0,-0,-0,-0,-0,-0,
-0,-0,-0,-0,-0,-0,-0,-0,-0,-0,-0,-0,-0,-0,
-0,-0,-0,-0,-0,-0,-0,-0,-0,-0,-0,-0,-0,-0,
-0,-0,-0,-0,-0,-0,-0,-0,-0,-0,-0,-0,-0,-0,
-0,-0,-0,-0,-0,-0,-0,-0,-0,-0,-0,-0,-0,-0,
-0,-0,-0,-0,-0,-0,-0,-0,-0,-0,-0,-0,-0,-0,
-0,-0,-0,-0,-0,-0,-0,-0,-0,-0,-0,-0,-0,-0,
-0,-0,-0,-0,-0,-0,-0,-0,-0,-0,-0,-0,-0,-0,
-0,-0,-0,-0,-0,-0,-0,-0,-0,-0,-0,-0,-0,-0,
-0,-0,-0,-0,-0,-0,-0,-0,-0,-0,-0,-0,-0,-0,
-0,-0,-0,-0,-0,-0,-0,-0,-0,-0,-0,-0,-0,-0,
-0,-0,-0,-0,-0,-0,-0,-0,-0,-0,-0,-0,-0,-0,
-0,-0,-0,-0,-0,-0,-0,-0,-0,-0,-0,-0,-0,-0,
-0,-0,-0,-0,-0,-0,-0,-0,-0,-0,-0,-0,-0,-0,
-0,-0,-0,-0,-0,-0,-0,-0,-0,-0,-0,-0,-0,-0,
-0,-0,-0,-0,-0,-0,-0,-0,-0,-0,-0,-0,-0,-0,
-0,-0,-0,-0,-0,-0,-0,-0,-0,-0,-0,-0,-0,-0,
-0,-0,-0,-0,-0,-0,-0,-0,-0,-0,-0,-0,-0,-0,
-0,-0,-0,-0,-0,-0,-0,-0,-0,-0,-0,-0,-0,-0,
-0,-0,-0,-0,-0,-0,-0,-0,-0,-0,-0,-0,-0,-0,
-0,-0,-0,-0,-0,-0,-0,-0,-0,-0,-0,-0,-0,-0,
-0,-0,-0,-0,-0,-0,-0,-0,-0,-0,-0,-0,-0,-0,
-0,-0,-0,-0,-0,-0,-0,-0,-0,-0,-0,-0,-0,-0,
-0,-0,-0,-0,-0,-0,-0,-0,-0,-0,-0,-0,-0,-0,
-0,-0,-0,-0,-0,-0,-0,-0,-0,-0,-0,-0,-0,-0,
-0,-0,-0,-0,-0,-0,-0,-0,-0,-0,-0,-0,-0,-0,
-0,-0,-0,-0,-0,-0,-0,-0,-0,-0,-0,-0,-0,-0,
-0,-0,-0,-0,-0,-0,-0,-0,-0,-0,-0,-0,-0,-0,
-0,-0,-0,-0,-0,-0,-0,-0,-0,-0,-0,-0,-0,-0,
-0,-0,-0,-0,-0,-0,-0,-0,-0,-0,-0,-0,-0,-0,
-0,-0,-0,-0,-0,-0,-0,-0,-0,-0,-0,-0,-0,-0,
-0,-0,-0,-0,-0,-0,-0,-0,-0,-0,-0,-0,-0,-0,
-0,-0,-0,-0,-0,-0,-0,-0,-0,-0,-0,-0,-0,-0,
-0,-0,-0,-0,-0,-0,-0,-0,-0,-0,-0,-0,-0,-0,
-0,-0,-0,-0,-0,-0,-0,-0,-0,-0,-0,-0,-0,-0,
-0,-0,-0,-0,-0,-0,-0,-0,-0,-0,-0,-0,-0,-0,
-0,-0,-0,-0,-0,-0,-0,-0,-0,-0,-0,-0,-0,-0,
-0,-0,-0,-0,-0,-0,-0,-0,-0,-0,-0,-0,-0,-0,
-0,-0,-0,-0,-0,-0,-0,-0,-0,-0,-0,-0,-0,-0,
-0,-0,-0,-0,-0,-0,-0,-0,-0,-0,-0,-0,-0,-0,
-0,-0,-0,-0,-0,-0,-0,-0,-0,-0,-0,-0,-0,-0,
-0,-0,-0,-0,-0,-0,-0,-0,-0,-0,-0,-0,-0,-0,
-0,-0,-0,-0,-0,-0,-0,-0,-0,-0,-0,-0,-0,-0,
-0,-0,-0,-0,-0,-0,-0,-0,-0,-0,-0,-0,-0,-0,
-0,-0,-0,-0,-0,-0,-0,-0,-0,-0,-0,-0,-0,-0,
-0,-0,-0,-0,-0,-0,-0,-0,-0,-0,-0,-0,-0,-0,
-0,-0,-0,-0,-0,-0,-0,-0,-0,-0,-0,-0,-0,-0,
-0,-0,-0,-0,-0,-0,-0,-0,-0,-0,-0,-0,-0,-0,
-0,-0,-0,-0,-0,-0,-0,-0,-0,-0,-0,-0,-0,-0,
-0,-0,-0,-0,-0,-0,-0,-0,-0,-0,-0,-0,-0,-0,
-0,-0,-0,-0,-0,-0,-0,-0,-0,-0,-0,-0,-0,-0,
-0,-0,-0,-0,-0,-0,-0,-0,-0,-0,-0,-0,-0,-0,
-0,-0,-0,-0,-0,-0,-0,-0,-0,-0,-0,-0,-0,-0,
-0,-0,-0,-0,-0,-0,-0,-0,-0,-0,-0,-0,-0,-0,
-0,-0,-0,-0,-0,-0,-0,-0,-0,-0,-0,-0,-0,-0,
-0,-0,-0,-0,-0,-0,-0,-0,-0,-0,-0,-0,-0,-0,
-0,-0,-0,-0,-0,-0,-0,-0,-0,-0,-0,-0,-0,-0,
-0,-0,-0,-0,-0,-0,-0,-0,-0,-0,-0,-0,-0,-0,
-0,-0,-0,-0,-0,-0,-0,-0,-0,-0,-0,-0,-0,-0,
-0,-0,-0,-0,-0,-0,-0,-0,-0,-0,-0,-0,-0,-0,
-0,-0,-0,-0,-0,-0,-0,-0,-0,-0,-0,-0,-0,-0,
-0,-0,-0,-0,-0,-0,-0,-0,-0,-0,-0,-0,-0,-0,
-0,-0,-0,-0,-0,-0,-0,-0,-0,-0,-0,-0,-0,-0,
-0,-0,-0,-0,-0,-0,-0,-0,-0,-0,-0,-0,-0,-0,
-0,-0,-0,-0,-0,-0,-0,-0,-0,-0,-0,-0,-0,-0,
-0,-0,-0,-0,-0,-0,-0,-0,-0,-0,-0,-0,-0,-0,
-0,-0,-0,-0,-0,-0,-0,-0,-0,-0,-0,-0,-0,-0,
-0,-0,-0,-0,-0,-0,-0,-0,-0,-0,-0,-0,-0,-0,
-0,-0,-0,-0,-0,-0,-0,-0,-0,-0,-0,-0,-0,-0,
-0,-0,-0,-0,-0,-0,-0,-0,-0,-0,-0,-0,-0,-0,
-0,-0,-0,-0,-0,-0,-0,-0,-0,-0,-0,-0,-0,-0,
-0,-0,-0,-0,-0,-0,-0,-0,-0,-0,-0,-0,-0,-0,
-0,-0,-0,-0,-0,-0,-0,-0,-0,-0,-0,-0,-0,-0,
-0,-0,-0,-0,-0,-0,-0,-0,-0,-0,-0,-0,-0,-0,
-0,-0,-0,-0,-0,-0,-0,-0,-0,-0,-0,-0,-0,-0,
-0,-0,-0,-0,-0,-0,-0,-0,-0,-0,-0,-0,-0,-0,
-0,-0,-0,-0,-0,-0,-0,-0,-0,-0,-0,-0,-0,-0,
-0,-0,-0,-0,-0,-0,-0,-0,-0,-0,-0,-0,-0,-0,
-0,-0,-0,-0,-0,-0,-0,-0,-0,-0,-0,-0,-0,-0,
-0,-0,-0,-0,-0,-0,-0,-0,-0,-0,-0,-0,-0,-0,
-0,-0,-0,-0,-0,-0,-0,-0,-0,-0,-0,-0,-0,-0,
-0,-0,-0,-0,-0,-0,-0,-0,-0,-0,-0,-0,-0,-0,
-0,-0,-0,-0,-0,-0,-0,-0,-0,-0,-0,-0,-0,-0,
-0,-0,-0,-0,-0,-0,-0,-0,-0,-0,-0,-0,-0,-0,
-0,-0,-0,-0,-0,-0,-0,-0,-0,-0,-0,-0,-0,-0,
-0,-0,-0,-0,-0,-0,-0,-0,-0,-0,-0,-0,-0,-0,
-0,-0,-0,-0,-0,-0,-0,-0,-0,-0,-0,-0,-0,-0,
-0,-0,-0,-0,-0,-0,-0,-0,-0,-0,-0,-0,-0,-0,
-0,-0,-0,-0,-0,-0,-0,-0,-0,-0,-0,-0,-0,-0,
-0,-0,-0,-0,-0,-0,-0,-0,-0,-0,-0,-0,-0,-0,
-0,-0,-0,-0,-0,-0,-0,-0,-0,-0,-0,-0,-0,-0,
-0,-0,-0,-0,-0,-0,-0,-0,-0,-0,-0,-0,-0,-0,
-0,-0,-0,-0,-0,-0,-0,-0,-0,-0,-0,-0,-0,-0,
-0,-0,-0,-0,-0,-0,-0,-0,-0,-0,-0,-0,-0,-0,
-0,-0,-0,-0,-0,-0,-0,-0,-0,-0,-0,-0,-0,-0,
-0,-0,-0,-0,-0,-0,-0,-0,-0,-0,-0,-0,-0,-0,
-0,-0,-0,-0,-0,-0,-0,-0,-0,-0,-0,-0,-0,-0,
-0,-0,-0,-0,-0,-0,-0,-0,-0,-0,-0,-0,-0,-0,
-0,-0,-0,-0,-0,-0,-0,-0,-0,-0,-0,-0,-0,-0,
-0,-0,-0,-0,-0,-0,-0,-0,-0,-0,-0,-0,-0,-0,
-0,-0,-0,-0,-0,-0,-0,-0,-0,-0,-0,-0,-0,-0,
-0,-0,-0,-0,-0,-0,-0,-0,-0,-0,-0,-0,-0,-0,
-0,-0,-0,-0,-0,-0,-0,-0,-0,-0,-0,-0,-0,-0,
-0,-0,-0,-0,-0,-0,-0,-0,-0,-0,-0,-0,-0,-0,
-0,-0,-0,-0,-0,-0,-0,-0,-0,-0,-0,-0,-0,-0,
-0,-0,-0,-0,-0,-0,-0,-0,-0,-0,-0,-0,-0,-0,
-0,-0,-0,-0,-0,-0,-0,-0,-0,-0,-0,-0,-0,-0,
-0,-0,-0,-0,-0,-0,-0,-0,-0,-0,-0,-0,-0,-0,
-0,-0,-0,-0,-0,-0,-0,-0,-0,-0,-0,-0,-0,-0,
-0,-0,-0,-0,-0,-0,-0,-0,-0,-0,-0,-0,-0,-0,
-0,-0,-0,-0,-0,-0,-0,-0,-0,-0,-0,-0,-0,-0,
-0,-0,-0,-0,-0,-0,-0,-0,-0,-0,-0,-0,-0,-0,
-0,-0,-0,-0,-0,-0,-0,-0,-0,-0,-0,-0,-0,-0,
-0,-0,-0,-0,-0,-0,-0,-0,-0,-0,-0,-0,-0,-0,
-0,-0,-0,-0,-0,-0,-0,-0,-0,-0,-0,-0,-0,-0,
-0,-0,-0,-0,-0,-0,-0,-0,-0,-0,-0,-0,-0,-0,
-0,-0,-0,-0,-0,-0,-0,-0,-0,-0,-0,-0,-0,-0,
-0,-0,-0,-0,-0,-0,-0,-0,-0,-0,-0,-0,-0,-0,
-0,-0,-0,-0,-0,-0,-0,-0,-0,-0,-0,-0,-0,-0,
-0,-0,-0,-0,-0,-0,-0,-0,-0,-0,-0,-0,-0,-0,
-0,-0,-0,-0,-0,-0,-0,-0,-0,-0,-0,-0,-0,-0,
-0,-0,-0,-0,-0,-0,-0,-0,-0,-0,-0,-0,-0,-0,
-0,-0,-0,-0,-0,-0,-0,-0,-0,-0,-0,-0,-0,-0,
-0,-0,-0,-0,-0,-0,-0,-0,-0,-0,-0,-0,-0,-0,
-0,-0,-0,-0,-0,-0,-0,-0,-0,-0,-0,-0,-0,-0,
-0,-0,-0,-0,-0,-0,-0,-0,-0,-0,-0,-0,-0,-0,
-0,-0,-0,-0,-0,-0,-0,-0,-0,-0,-0,-0,-0,-0,
-0,-0,-0,-0,-0,-0,-0,-0,-0,-0,-0,-0,-0,-0,
-0,-0,-0,-0,-0,-0,-0,-0,-0,-0,-0,-0,-0,-0,
-0,-0,-0,-0,-0,-0,-0,-0,-0,-0,-0,-0,-0,-0,
-0,-0,-0,-0,-0,-0,-0,-0,-0,-0,-0,-0,-0,-0,
-0,-0,-0,-0,-0,-0,-0,-0,-0,-0,-0,-0,-0,-0,
-0,-0,-0,-0,-0,-0,-0,-0,-0,-0,-0,-0,-0,-0,
-0,-0,-0,-0,-0,-0,-0,-0,-0,-0,-0,-0,-0,-0,
-0,-0,-0,-0,-0,-0,-0,-0,-0,-0,-0,-0,-0,-0,
-0,-0,-0,-0,-0,-0,-0,-0,-0,-0,-0,-0,-0,-0,
-0,-0,-0,-0,-0,-0,-0,-0,-0,-0,-0,-0,-0,-0,
-0,-0,-0,-0,-0,-0,-0,-0,-0,-0,-0,-0,-0,-0,
-0,-0,-0,-0,-0,-0,-0,-0,-0,-0,-0,-0,-0,-0,
-0,-0,-0,-0,-0,-0,-0,-0,-0,-0,-0,-0,-0,-0,
-0,-0,-0,-0,-0,-0,-0,-0,-0,-0,-0,-0,-0,-0,
-0,-0,-0,-0,-0,-0,-0,-0,-0,-0,-0,-0,-0,-0,
-0,-0,-0,-0,-0,-0,-0,-0,-0,-0,-0,-0,-0,-0,
-0,-0,-0,-0,-0,-0,-0,-0,-0,-0,-0,-0,-0,-0,
-0,-0,-0,-0,-0,-0,-0,-0,-0,-0,-0,-0,-0,-0,
-0,-0,-0,-0,-0,-0,-0,-0,-0,-0,-0,-0,-0,-0,
-0,-0,-0,-0,-0,-0,-0,-0,-0,-0,-0,-0,-0,-0,
-0,-0,-0,-0,-0,-0,-0,-0,-0,-0,-0,-0,-0,-0,
-0,-0,-0,-0,-0,-0,-0,-0,-0,-0,-0,-0,-0,-0,
-0,-0,-0,-0,-0,-0,-0,-0,-0,-0,-0,-0,-0,-0,
-0,-0,-0,-0,-0,-0,-0,-0,-0,-0,-0,-0,-0,-0,
-0,-0,-0,-0,-0,-0,-0,-0,-0,-0,-0,-0,-0,-0,
-0,-0,-0,-0,-0,-0,-0,-0,-0,-0,-0,-0,-0,-0,
-0,-0,-0,-0,-0,-0,-0,-0,-0,-0,-0,-0,-0,-0,
-0,-0,-0,-0,-0,-0,-0,-0,-0,-0,-0,-0,-0,-0,
-0,-0,-0,-0,-0,-0,-0,-0,-0,-0,-0,-0,-0,-0,
-0,-0,-0,-0,-0,-0,-0,-0,-0,-0,-0,-0,-0,-0,
-0,-0,-0,-0,-0,-0,-0,-0,-0,-0,-0,-0,-0,-0,
-0,-0,-0,-0,-0,-0,-0,-0,-0,-0,-0,-0,-0,-0,
-0,-0,-0,-0,-0,-0,-0,-0,-0,-0,-0,-0,-0,-0,
-0,-0,-0,-0,-0,-0,-0,-0,-0,-0,-0,-0,-0,-0,
-0,-0,-0,-0,-0,-0,-0,-0,-0,-0,-0,-0,-0,-0,
-0,-0,-0,-0,-0,-0,-0,-0,-0,-0,-0,-0,-0,-0,
-0,-0,-0,-0,-0,-0,-0,-0,-0,-0,-0,-0,-0,-0,
-0,-0,-0,-0,-0,-0,-0,-0,-0,-0,-0,-0,-0,-0,
-0,-0,-0,-0,-0,-0,-0,-0,-0,-0,-0,-0,-0,-0,
-0,-0,-0,-0,-0,-0,-0,-0,-0,-0,-0,-0,-0,-0,
-0,-0,-0,-0,-0,-0,-0,-0,-0,-0,-0,-0,-0,-0,
-0,-0,-0,-0,-0,-0,-0,-0,-0,-0,-0,-0,-0,-0,
-0,-0,-0,-0,-0,-0,-0,-0,-0,-0,-0,-0,-0,-0,
-0,-0,-0,-0,-0,-0,-0,-0,-0,-0,-0,-0,-0,-0,
-0,-0,-0,-0,-0,-0,-0,-0,-0,-0,-0,-0,-0,-0,
-0,-0,-0,-0,-0,-0,-0,-0,-0,-0,-0,-0,-0,-0,
-0,-0,-0,-0,-0,-0,-0,-0,-0,-0,-0,-0,-0,-0,
-0,-0,-0,-0,-0,-0,-0,-0,-0,-0,-0,-0,-0,-0,
-0,-0,-0,-0,-0,-0,-0,-0,-0,-0,-0,-0,-0,-0,
-0,-0,-0,-0,-0,-0,-0,-0,-0,-0,-0,-0,-0,-0,
-0,-0,-0,-0,-0,-0,-0,-0,-0,-0,-0,-0,-0,-0,
-0,-0,-0,-0,-0,-0,-0,-0,-0,-0,-0,-0,-0,-0,
-0,-0,-0,-0,-0,-0,-0,-0,-0,-0,-0,-0,-0,-0,
-0,-0,-0,-0,-0,-0,-0,-0,-0,-0,-0,-0,-0,-0,
-0,-0,-0,-0,-0,-0,-0,-0,-0,-0,-0,-0,-0,-0,
-0,-0,-0,-0,-0,-0,-0,-0,-0,-0,-0,-0,-0,-0,
-0,-0,-0,-0,-0,-0,-0,-0,-0,-0,-0,-0,-0,-0,
-0,-0,-0,-0,-0,-0,-0,-0,-0,-0,-0,-0,-0,-0,
-0,-0,-0,-0,-0,-0,-0,-0,-0,-0,-0,-0,-0,-0,
-0,-0,-0,-0,-0,-0,-0,-0,-0,-0,-0,-0,-0,-0,
-0,-0,-0,-0,-0,-0,-0,-0,-0,-0,-0,-0,-0,-0,
-0,-0,-0,-0,-0,-0,-0,-0,-0,-0,-0,-0,-0,-0,
-0,-0,-0,-0,-0,-0,-0,-0,-0,-0,-0,-0,-0,-0,
-0,-0,-0,-0,-0,-0,-0,-0,-0,-0,-0,-0,-0,-0,
-0,-0,-0,-0,-0,-0,-0,-0,-0,-0,-0,-0,-0,-0,
-0,-0,-0,-0,-0,-0,-0,-0,-0,-0,-0,-0,-0,-0,
-0,-0,-0,-0,-0,-0,-0,-0,-0,-0,-0,-0,-0,-0,
-0,-0,-0,-0,-0,-0,-0,-0,-0,-0,-0,-0,-0,-0,
-0,-0,-0,-0,-0,-0,-0,-0,-0,-0,-0,-0,-0,-0,
-0,-0,-0,-0,-0,-0,-0,-0,-0,-0,-0,-0,-0,-0,
-0,-0,-0,-0,-0,-0,-0,-0,-0,-0,-0,-0,-0,-0,
-0,-0,-0,-0,-0,-0,-0,-0,-0,-0,-0,-0,-0,-0,
-0,-0,-0,-0,-0,-0,-0,-0,-0,-0,-0,-0,-0,-0,
-0,-0,-0,-0,-0,-0,-0,-0,-0,-0,-0,-0,-0,-0,
-0,-0,-0,-0,-0,-0,-0,-0,-0,-0,-0,-0,-0,-0,
-0,-0,-0,-0,-0,-0,-0,-0,-0,-0,-0,-0,-0,-0,
-0,-0,-0,-0,-0,-0,-0,-0,-0,-0,-0,-0,-0,-0,
-0,-0,-0,-0,-0,-0,-0,-0,-0,-0,-0,-0,-0,-0,
-0,-0,-0,-0,-0,-0,-0,-0,-0,-0,-0,-0,-0,-0,
-0,-0,-0,-0,-0,-0,-0,-0,-0,-0,-0,-0,-0,-0,
-0,-0,-0,-0,-0,-0,-0,-0,-0,-0,-0,-0,-0,-0,
-0,-0,-0,-0,-0,-0,-0,-0,-0,-0,-0,-0,-0,-0,
-0,-0,-0,-0,-0,-0,-0,-0,-0,-0,-0,-0,-0,-0,
-0,-0,-0,-0,-0,-0,-0,-0,-0,-0,-0,-0,-0,-0,
-0,-0,-0,-0,-0,-0,-0,-0,-0,-0,-0,-0,-0,-0,
-0,-0,-0,-0,-0,-0,-0,-0,-0,-0,-0,-0,-0,-0,
-0,-0,-0,-0,-0,-0,-0,-0,-0,-0,-0,-0,-0,-0,
-0,-0,-0,-0,-0,-0,-0,-0,-0,-0,-0,-0,-0,-0,
-0,-0,-0,-0,-0,-0,-0,-0,-0,-0,-0,-0,-0,-0,
-0,-0,-0,-0,-0,-0,-0,-0,-0,-0,-0,-0,-0,-0,
-0,-0,-0,-0,-0,-0,-0,-0,-0,-0,-0,-0,-0,-0,
-0,-0,-0,-0,-0,-0,-0,-0,-0,-0,-0,-0,-0,-0,
-0,-0,-0,-0,-0,-0,-0,-0,-0,-0,-0,-0,-0,-0,
-0,-0,-0,-0,-0,-0,-0,-0,-0,-0,-0,-0,-0,-0,
-0,-0,-0,-0,-0,-0,-0,-0,-0,-0,-0,-0,-0,-0,
-0,-0,-0,-0,-0,-0,-0,-0,-0,-0,-0,-0,-0,-0,
-0,-0,-0,-0,-0,-0,-0,-0,-0,-0,-0,-0,-0,-0,
-0,-0,-0,-0,-0,-0,-0,-0,-0,-0,-0,-0,-0,-0,
-0,-0,-0,-0,-0,-0,-0,-0,-0,-0,-0,-0,-0,-0,
-0,-0,-0,-0,-0,-0,-0,-0,-0,-0,-0,-0,-0,-0,
-0,-0,-0,-0,-0,-0,-0,-0,-0,-0,-0,-0,-0,-0,
-0,-0,-0,-0,-0,-0,-0,-0,-0,-0,-0,-0,-0,-0,
-0,-0,-0,-0,-0,-0,-0,-0,-0,-0,-0,-0,-0,-0,
-0,-0,-0,-0,-0,-0,-0,-0,-0,-0,-0,-0,-0,-0,
-0,-0,-0,-0,-0,-0,-0,-0,-0,-0,-0,-0,-0,-0,
-0,-0,-0,-0,-0,-0,-0,-0,-0,-0,-0,-0,-0,-0,
-0,-0,-0,-0,-0,-0,-0,-0,-0,-0,-0,-0,-0,-0,
-0,-0,-0,-0,-0,-0,-0,-0,-0,-0,-0,-0,-0,-0,
-0,-0,-0,-0,-0,-0,-0,-0,-0,-0,-0,-0,-0,-0,
-0,-0,-0,-0,-0,-0,-0,-0,-0,-0,-0,-0,-0,-0,
-0,-0,-0,-0,-0,-0,-0,-0,-0,-0,-0,-0,-0,-0,
-0,-0,-0,-0,-0,-0,-0,-0,-0,-0,-0,-0,-0,-0,
-0,-0,-0,-0,-0,-0,-0,-0,-0,-0,-0,-0,-0,-0,
-0,-0,-0,-0,-0,-0,-0,-0,-0,-0,-0,-0,-0,-0,
-0,-0,-0,-0,-0,-0,-0,-0,-0,-0,-0,-0,-0,-0,
-0,-0,-0,-0,-0,-0,-0,-0,-0,-0,-0,-0,-0,-0,
-0,-0,-0,-0,-0,-0,-0,-0,-0,-0,-0,-0,-0,-0,
-0,-0,-0,-0,-0,-0,-0,-0,-0,-0,-0,-0,-0,-0,
-0,-0,-0,-0,-0,-0,-0,-0,-0,-0,-0,-0,-0,-0,
-0,-0,-0,-0,-0,-0,-0,-0,-0,-0,-0,-0,-0,-0,
-0,-0,-0,-0,-0,-0,-0,-0,-0,-0,-0,-0,-0,-0,
-0,-0,-0,-0,-0,-0,-0,-0,-0,-0,-0,-0,-0,-0,
-0,-0,-0,-0,-0,-0,-0,-0,-0,-0,-0,-0,-0,-0,
-0,-0,-0,-0,-0,-0,-0,-0,-0,-0,-0,-0,-0,-0,
-0,-0,-0,-0,-0,-0,-0,-0,-0,-0,-0,-0,-0,-0,
-0,-0,-0,-0,-0,-0,-0,-0,-0,-0,-0,-0,-0,-0,
-0,-0,-0,-0,-0,-0,-0,-0,-0,-0,-0,-0,-0,-0,
-0,-0,-0,-0,-0,-0,-0,-0,-0,-0,-0,-0,-0,-0,
-0,-0,-0,-0,-0,-0,-0,-0,-0,-0,-0,-0,-0,-0,
-0,-0,-0,-0,-0,-0,-0,-0,-0,-0,-0,-0,-0,-0,
-0,-0,-0,-0,-0,-0,-0,-0,-0,-0,-0,-0,-0,-0,
-0,-0,-0,-0,-0,-0,-0,-0,-0,-0,-0,-0,-0,-0,
-0,-0,-0,-0,-0,-0,-0,-0,-0,-0,-0,-0,-0,-0,
-0,-0,-0,-0,-0,-0,-0,-0,-0,-0,-0,-0,-0,-0,
-0,-0,-0,-0,-0,-0,-0,-0,-0,-0,-0,-0,-0,-0,
-0,-0,-0,-0,-0,-0,-0,-0,-0,-0,-0,-0,-0,-0,
-0,-0,-0,-0,-0,-0,-0,-0,-0,-0,-0,-0,-0,-0,
-0,-0,-0,-0,-0,-0,-0,-0,-0,-0,-0,-0,-0,-0,
-0,-0,-0,-0,-0,-0,-0,-0,-0,-0,-0,-0,-0,-0,
-0,-0,-0,-0,-0,-0,-0,-0,-0,-0,-0,-0,-0,-0,
-0,-0,-0,-0,-0,-0,-0,-0,-0,-0,-0,-0,-0,-0,
-0,-0,-0,-0,-0,-0,-0,-0,-0,-0,-0,-0,-0,-0,
-0,-0,-0,-0,-0,-0,-0,-0,-0,-0,-0,-0,-0,-0,
-0,-0,-0,-0,-0,-0,-0,-0,-0,-0,-0,-0,-0,-0,
-0,-0,-0,-0,-0,-0,-0,-0,-0,-0,-0,-0,-0,-0,
-0,-0,-0,-0,-0,-0,-0,-0,-0,-0,-0,-0,-0,-0,
-0,-0,-0,-0,-0,-0,-0,-0,-0,-0,-0,-0,-0,-0,
-0,-0,-0,-0,-0,-0,-0,-0,-0,-0,-0,-0,-0,-0,
-0,-0,-0,-0,-0,-0,-0,-0,-0,-0,-0,-0,-0,-0,
-0,-0,-0,-0,-0,-0,-0,-0,-0,-0,-0,-0,-0,-0,
-0,-0,-0,-0,-0,-0,-0,-0,-0,-0,-0,-0,-0,-0,
-0,-0,-0,-0,-0,-0,-0,-0,-0,-0,-0,-0,-0,-0,
-0,-0,-0,-0,-0,-0,-0,-0,-0,-0,-0,-0,-0,-0,
-0,-0,-0,-0,-0,-0,-0,-0,-0,-0,-0,-0,-0,-0,
-0,-0,-0,-0,-0,-0,-0,-0,-0,-0,-0,-0,-0,-0,
-0,-0,-0,-0,-0,-0,-0,-0,-0,-0,-0,-0,-0,-0,
-0,-0,-0,-0,-0,-0,-0,-0,-0,-0,-0,-0,-0,-0,
-0,-0,-0,-0,-0,-0,-0,-0,-0,-0,-0,-0,-0,-0,
-0,-0,-0,-0,-0,-0,-0,-0,-0,-0,-0,-0,-0,-0,
-0,-0,-0,-0,-0,-0,-0,-0,-0,-0,-0,-0,-0,-0,
-0,-0,-0,-0,-0,-0,-0,-0,-0,-0,-0,-0,-0,-0,
-0,-0,-0,-0,-0,-0,-0,-0,-0,-0,-0,-0,-0,-0,
-0,-0,-0,-0,-0,-0,-0,-0,-0,-0,-0,-0,-0,-0,
-0,-0,-0,-0,-0,-0,-0,-0,-0,-0,-0,-0,-0,-0,
-0,-0,-0,-0,-0,-0,-0,-0,-0,-0,-0,-0,-0,-0,
-0,-0,-0,-0,-0,-0,-0,-0,-0,-0,-0,-0,-0,-0,
-0,-0,-0,-0,-0,-0,-0,-0,-0,-0,-0,-0,-0,-0,
-0,-0,-0,-0,-0,-0,-0,-0,-0,-0,-0,-0,-0,-0,
-0,-0,-0,-0,-0,-0,-0,-0,-0,-0,-0,-0,-0,-0,
-0,-0,-0,-0,-0,-0,-0,-0,-0,-0,-0,-0,-0,-0,
-0,-0,-0,-0,-0,-0,-0,-0,-0,-0,-0,-0,-0,-0,
-0,-0,-0,-0,-0,-0,-0,-0,-0,-0,-0,-0,-0,-0,
-0,-0,-0,-0,-0,-0,-0,-0,-0,-0,-0,-0,-0,-0,
-0,-0,-0,-0,-0,-0,-0,-0,-0,-0,-0,-0,-0,-0,
-0,-0,-0,-0,-0,-0,-0,-0,-0,-0,-0,-0,-0,-0,
-0,-0,-0,-0,-0,-0,-0,-0,-0,-0,-0,-0,-0,-0,
-0,-0,-0,-0,-0,-0,-0,-0,-0,-0,-0,-0,-0,-0,
-0,-0,-0,-0,-0,-0,-0,-0,-0,-0,-0,-0,-0,-0,
-0,-0,-0,-0,-0,-0,-0,-0,-0,-0,-0,-0,-0,-0,
-0,-0,-0,-0,-0,-0,-0,-0,-0,-0,-0,-0,-0,-0,
-0,-0,-0,-0,-0,-0,-0,-0,-0,-0,-0,-0,-0,-0,
-0,-0,-0,-0,-0,-0,-0,-0,-0,-0,-0,-0,-0,-0,
-0,-0,-0,-0,-0,-0,-0,-0,-0,-0,-0,-0,-0,-0,
-0,-0,-0,-0,-0,-0,-0,-0,-0,-0,-0,-0,-0,-0,
-0,-0,-0,-0,-0,-0,-0,-0,-0,-0,-0,-0,-0,-0,
-0,-0,-0,-0,-0,-0,-0,-0,-0,-0,-0,-0,-0,-0,
-0,-0,-0,-0,-0,-0,-0,-0,-0,-0,-0,-0,-0,-0,
-0,-0,-0,-0,-0,-0,-0,-0,-0,-0,-0,-0,-0,-0,
-0,-0,-0,-0,-0,-0,-0,-0,-0,-0,-0,-0,-0,-0,
-0,-0,-0,-0,-0,-0,-0,-0,-0,-0,-0,-0,-0,-0,
-0,-0,-0,-0,-0,-0,-0,-0,-0,-0,-0,-0,-0,-0,
-0,-0,-0,-0,-0,-0,-0,-0,-0,-0,-0,-0,-0,-0,
-0,-0,-0,-0,-0,-0,-0,-0,-0,-0,-0,-0,-0,-0,
-0,-0,-0,-0,-0,-0,-0,-0,-0,-0,-0,-0,-0,-0,
-0,-0,-0,-0,-0,-0,-0,-0,-0,-0,-0,-0,-0,-0,
-0,-0,-0,-0,-0,-0,-0,-0,-0,-0,-0,-0,-0,-0,
-0,-0,-0,-0,-0,-0,-0,-0,-0,-0,-0,-0,-0,-0,
-0,-0,-0,-0,-0,-0,-0,-0,-0,-0,-0,-0,-0,-0,
-0,-0,-0,-0,-0,-0,-0,-0,-0,-0,-0,-0,-0,-0,
-0,-0,-0,-0,-0,-0,-0,-0,-0,-0,-0,-0,-0,-0,
-0,-0,-0,-0,-0,-0,-0,-0,-0,-0,-0,-0,-0,-0,
-0,-0,-0,-0,-0,-0,-0,-0,-0,-0,-0,-0,-0,-0,
-0,-0,-0,-0,-0,-0,-0,-0,-0,-0,-0,-0,-0,-0,
-0,-0,-0,-0,-0,-0,-0,-0,-0,-0,-0,-0,-0,-0,
-0,-0,-0,-0,-0,-0,-0,-0,-0,-0,-0,-0,-0,-0,
-0,-0,-0,-0,-0,-0,-0,-0,-0,-0,-0,-0,-0,-0,
-0,-0,-0,-0,-0,-0,-0,-0,-0,-0,-0,-0,-0,-0,
-0,-0,-0,-0,-0,-0,-0,-0,-0,-0,-0,-0,-0,-0,
-0,-0,-0,-0,-0,-0,-0,-0,-0,-0,-0,-0,-0,-0,
-0,-0,-0,-0,-0,-0,-0,-0,-0,-0,-0,-0,-0,-0,
-0,-0,-0,-0,-0,-0,-0,-0,-0,-0,-0,-0,-0,-0,
-0,-0,-0,-0,-0,-0,-0,-0,-0,-0,-0,-0,-0,-0,
-0,-0,-0,-0,-0,-0,-0,-0,-0,-0,-0,-0,-0,-0,
-0,-0,-0,-0,-0,-0,-0,-0,-0,-0,-0,-0,-0,-0,
-0,-0,-0,-0,-0,-0,-0,-0,-0,-0,-0,-0,-0,-0,
-0,-0,-0,-0,-0,-0,-0,-0,-0,-0,-0,-0,-0,-0,
-0,-0,-0,-0,-0,-0,-0,-0,-0,-0,-0,-0,-0,-0,
-0,-0,-0,-0,-0,-0,-0,-0,-0,-0,-0,-0,-0,-0,
-0,-0,-0,-0,-0,-0,-0,-0,-0,-0,-0,-0,-0,-0,
-0,-0,-0,-0,-0,-0,-0,-0,-0,-0,-0,-0,-0,-0,
-0,-0,-0,-0,-0,-0,-0,-0,-0,-0,-0,-0,-0,-0,
-0,-0,-0,-0,-0,-0,-0,-0,-0,-0,-0,-0,-0,-0,
-0,-0,-0,-0,-0,-0,-0,-0,-0,-0,-0,-0,-0,-0,
-0,-0,-0,-0,-0,-0,-0,-0,-0,-0,-0,-0,-0,-0,
-0,-0,-0,-0,-0,-0,-0,-0,-0,-0,-0,-0,-0,-0,
-0,-0,-0,-0,-0,-0,-0,-0,-0,-0,-0,-0,-0,-0,
-0,-0,-0,-0,-0,-0,-0,-0,-0,-0,-0,-0,-0,-0,
-0,-0,-0,-0,-0,-0,-0,-0,-0,-0,-0,-0,-0,-0,
-0,-0,-0,-0,-0,-0,-0,-0,-0,-0,-0,-0,-0,-0,
-0,-0,-0,-0,-0,-0,-0,-0,-0,-0,-0,-0,-0,-0,
-0,-0,-0,-0,-0,-0,-0,-0,-0,-0,-0,-0,-0,-0,
-0,-0,-0,-0,-0,-0,-0,-0,-0,-0,-0,-0,-0,-0,
-0,-0,-0,-0,-0,-0,-0,-0,-0,-0,-0,-0,-0,-0,
-0,-0,-0,-0,-0,-0,-0,-0,-0,-0,-0,-0,-0,-0,
-0,-0,-0,-0,-0,-0,-0,-0,-0,-0,-0,-0,-0,-0,
-0,-0,-0,-0,-0,-0,-0,-0,-0,-0,-0,-0,-0,-0,
-0,-0,-0,-0,-0,-0,-0,-0,-0,-0,-0,-0,-0,-0,
-0,-0,-0,-0,-0,-0,-0,-0,-0,-0,-0,-0,-0,-0,
-0,-0,-0,-0,-0,-0,-0,-0,-0,-0,-0,-0,-0,-0,
-0,-0,-0,-0,-0,-0,-0,-0,-0,-0,-0,-0,-0,-0,
-0,-0,-0,-0,-0,-0,-0,-0,-0,-0,-0,-0,-0,-0,
-0,-0,-0,-0,-0,-0,-0,-0,-0,-0,-0,-0,-0,-0,
-0,-0,-0,-0,-0,-0,-0,-0,-0,-0,-0,-0,-0,-0,
-0,-0,-0,-0,-0,-0,-0,-0,-0,-0,-0,-0,-0,-0,
-0,-0,-0,-0,-0,-0,-0,-0,-0,-0,-0,-0,-0,-0,
-0,-0,-0,-0,-0,-0,-0,-0,-0,-0,-0,-0,-0,-0,
-0,-0,-0,-0,-0,-0,-0,-0,-0,-0,-0,-0,-0,-0,
-0,-0,-0,-0,-0,-0,-0,-0,-0,-0,-0,-0,-0,-0,
-0,-0,-0,-0,-0,-0,-0,-0,-0,-0,-0,-0,-0,-0,
-0,-0,-0,-0,-0,-0,-0,-0,-0,-0,-0,-0,-0,-0,
-0,-0,-0,-0,-0,-0,-0,-0,-0,-0,-0,-0,-0,-0,
-0,-0,-0,-0,-0,-0,-0,-0,-0,-0,-0,-0,-0,-0,
-0,-0,-0,-0,-0,-0,-0,-0,-0,-0,-0,-0,-0,-0,
-0,-0,-0,-0,-0,-0,-0,-0,-0,-0,-0,-0,-0,-0,
-0,-0,-0,-0,-0,-0,-0,-0,-0,-0,-0,-0,-0,-0,
-0,-0,-0,-0,-0,-0,-0,-0,-0,-0,-0,-0,-0,-0,
-0,-0,-0,-0,-0,-0,-0,-0,-0,-0,-0,-0,-0,-0,
-0,-0,-0,-0,-0,-0,-0,-0,-0,-0,-0,-0,-0,-0,
-0,-0,-0,-0,-0,-0,-0,-0,-0,-0,-0,-0,-0,-0,
-0,-0,-0,-0,-0,-0,-0,-0,-0,-0,-0,-0,-0,-0,
-0,-0,-0,-0,-0,-0,-0,-0,-0,-0,-0,-0,-0,-0,
-0,-0,-0,-0,-0,-0,-0,-0,-0,-0,-0,-0,-0,-0,
-0,-0,-0,-0,-0,-0,-0,-0,-0,-0,-0,-0,-0,-0,
-0,-0,-0,-0,-0,-0,-0,-0,-0,-0,-0,-0,-0,-0,
-0,-0,-0,-0,-0,-0,-0,-0,-0,-0,-0,-0,-0,-0,
-0,-0,-0,-0,-0,-0,-0,-0,-0,-0,-0,-0,-0,-0,
-0,-0,-0,-0,-0,-0,-0,-0,-0,-0,-0,-0,-0,-0,
-0,-0,-0,-0,-0,-0,-0,-0,-0,-0,-0,-0,-0,-0,
-0,-0,-0,-0,-0,-0,-0,-0,-0,-0,-0,-0,-0,-0,
-0,-0,-0,-0,-0,-0,-0,-0,-0,-0,-0,-0,-0,-0,
-0,-0,-0,-0,-0,-0,-0,-0,-0,-0,-0,-0,-0,-0,
-0,-0,-0,-0,-0,-0,-0,-0,-0,-0,-0,-0,-0,-0,
-0,-0,-0,-0,-0,-0,-0,-0,-0,-0,-0,-0,-0,-0,
-0,-0,-0,-0,-0,-0,-0,-0,-0,-0,-0,-0,-0,-0,
-0,-0,-0,-0,-0,-0,-0,-0,-0,-0,-0,-0,-0,-0,
-0,-0,-0,-0,-0,-0,-0,-0,-0,-0,-0,-0,-0,-0,
-0,-0,-0,-0,-0,-0,-0,-0,-0,-0,-0,-0,-0,-0,
-0,-0,-0,-0,-0,-0,-0,-0,-0,-0,-0,-0,-0,-0,
-0,-0,-0,-0,-0,-0,-0,-0,-0,-0,-0,-0,-0,-0,
-0,-0,-0,-0,-0,-0,-0,-0,-0,-0,-0,-0,-0,-0,
-0,-0,-0,-0,-0,-0,-0,-0,-0,-0,-0,-0,-0,-0,
-0,-0,-0,-0,-0,-0,-0,-0,-0,-0,-0,-0,-0,-0,
-0,-0,-0,-0,-0,-0,-0,-0,-0,-0,-0,-0,-0,-0,
-0,-0,-0,-0,-0,-0,-0,-0,-0,-0,-0,-0,-0,-0,
-0,-0,-0,-0,-0,-0,-0,-0,-0,-0,-0,-0,-0,-0,
-0,-0,-0,-0,-0,-0,-0,-0,-0,-0,-0,-0,-0,-0,
-0,-0,-0,-0,-0,-0,-0,-0,-0,-0,-0,-0,-0,-0,
-0,-0,-0,-0,-0,-0,-0,-0,-0,-0,-0,-0,-0,-0,
-0,-0,-0,-0,-0,-0,-0,-0,-0,-0,-0,-0,-0,-0,
-0,-0,-0,-0,-0,-0,-0,-0,-0,-0,-0,-0,-0,-0,
-0,-0,-0,-0,-0,-0,-0,-0,-0,-0,-0,-0,-0,-0,
-0,-0,-0,-0,-0,-0,-0,-0,-0,-0,-0,-0,-0,-0,
-0,-0,-0,-0,-0,-0,-0,-0,-0,-0,-0,-0,-0,-0,
-0,-0,-0,-0,-0,-0,-0,-0,-0,-0,-0,-0,-0,-0,
-0,-0,-0,-0,-0,-0,-0,-0,-0,-0,-0,-0,-0,-0,
-0,-0,-0,-0,-0,-0,-0,-0,-0,-0,-0,-0,-0,-0,
-0,-0,-0,-0,-0,-0,-0,-0,-0,-0,-0,-0,-0,-0,
-0,-0,-0,-0,-0,-0,-0,-0,-0,-0,-0,-0,-0,-0,
-0,-0,-0,-0,-0,-0,-0,-0,-0,-0,-0,-0,-0,-0,
-0,-0,-0,-0,-0,-0,-0,-0,-0,-0,-0,-0,-0,-0,
-0,-0,-0,-0,-0,-0,-0,-0,-0,-0,-0,-0,-0,-0,
-0,-0,-0,-0,-0,-0,-0,-0,-0,-0,-0,-0,-0,-0,
-0,-0,-0,-0,-0,-0,-0,-0,-0,-0,-0,-0,-0,-0,
-0,-0,-0,-0,-0,-0,-0,-0,-0,-0,-0,-0,-0,-0,
-0,-0,-0,-0,-0,-0,-0,-0,-0,-0,-0,-0,-0,-0,
-0,-0,-0,-0,-0,-0,-0,-0,-0,-0,-0,-0,-0,-0,
-0,-0,-0,-0,-0,-0,-0,-0,-0,-0,-0,-0,-0,-0,
-0,-0,-0,-0,-0,-0,-0,-0,-0,-0,-0,-0,-0,-0,
-0,-0,-0,-0,-0,-0,-0,-0,-0,-0,-0,-0,-0,-0,
-0,-0,-0,-0,-0,-0,-0,-0,-0,-0,-0,-0,-0,-0,
-0,-0,-0,-0,-0,-0,-0,-0,-0,-0,-0,-0,-0,-0,
-0,-0,-0,-0,-0,-0,-0,-0,-0,-0,-0,-0,-0,-0,
-0,-0,-0,-0,-0,-0,-0,-0,-0,-0,-0,-0,-0,-0,
-0,-0,-0,-0,-0,-0,-0,-0,-0,-0,-0,-0,-0,-0,
-0,-0,-0,-0,-0,-0,-0,-0,-0,-0,-0,-0,-0,-0,
-0,-0,-0,-0,-0,-0,-0,-0,-0,-0,-0,-0,-0,-0,
-0,-0,-0,-0,-0,-0,-0,-0,-0,-0,-0,-0,-0,-0,
-0,-0,-0,-0,-0,-0,-0,-0,-0,-0,-0,-0,-0,-0,
-0,-0,-0,-0,-0,-0,-0,-0,-0,-0,-0,-0,-0,-0,
-0,-0,-0,-0,-0,-0,-0,-0,-0,-0,-0,-0,-0,-0,
-0,-0,-0,-0,-0,-0,-0,-0,-0,-0,-0,-0,-0,-0,
-0,-0,-0,-0,-0,-0,-0,-0,-0,-0,-0,-0,-0,-0,
-0,-0,-0,-0,-0,-0,-0,-0,-0,-0,-0,-0,-0,-0,
-0,-0,-0,-0,-0,-0,-0,-0,-0,-0,-0,-0,-0,-0,
-0,-0,-0,-0,-0,-0,-0,-0,-0,-0,-0,-0,-0,-0,
-0,-0,-0,-0,-0,-0,-0,-0,-0,-0,-0,-0,-0,-0,
-0,-0,-0,-0,-0,-0,-0,-0,-0,-0,-0,-0,-0,-0,
-0,-0,-0,-0,-0,-0,-0,-0,-0,-0,-0,-0,-0,-0,
-0,-0,-0,-0,-0,-0,-0,-0,-0,-0,-0,-0,-0,-0,
-0,-0,-0,-0,-0,-0,-0,-0,-0,-0,-0,-0,-0,-0,
-0,-0,-0,-0,-0,-0,-0,-0,-0,-0,-0,-0,-0,-0,
-0,-0,-0,-0,-0,-0,-0,-0,-0,-0,-0,-0,-0,-0,
-0,-0,-0,-0,-0,-0,-0,-0,-0,-0,-0,-0,-0,-0,
-0,-0,-0,-0,-0,-0,-0,-0,-0,-0,-0,-0,-0,-0,
-0,-0,-0,-0,-0,-0,-0,-0,-0,-0,-0,-0,-0,-0,
-0,-0,-0,-0,-0,-0,-0,-0,-0,-0,-0,-0,-0,-0,
-0,-0,-0,-0,-0,-0,-0,-0,-0,-0,-0,-0,-0,-0,
-0,-0,-0,-0,-0,-0,-0,-0,-0,-0,-0,-0,-0,-0,
-0,-0,-0,-0,-0,-0,-0,-0,-0,-0,-0,-0,-0,-0,
-0,-0,-0,-0,-0,-0,-0,-0,-0,-0,-0,-0,-0,-0,
-0,-0,-0,-0,-0,-0,-0,-0,-0,-0,-0,-0,-0,-0,
-0,-0,-0,-0,-0,-0,-0,-0,-0,-0,-0,-0,-0,-0,
-0,-0,-0,-0,-0,-0,-0,-0,-0,-0,-0,-0,-0,-0,
-0,-0,-0,-0,-0,-0,-0,-0,-0,-0,-0,-0,-0,-0,
-0,-0,-0,-0,-0,-0,-0,-0,-0,-0,-0,-0,-0,-0,
-0,-0,-0,-0,-0,-0,-0,-0,-0,-0,-0,-0,-0,-0,
-0,-0,-0,-0,-0,-0,-0,-0,-0,-0,-0,-0,-0,-0,
-0,-0,-0,-0,-0,-0,-0,-0,-0,-0,-0,-0,-0,-0,
-0,-0,-0,-0,-0,-0,-0,-0,-0,-0,-0,-0,-0,-0,
-0,-0,-0,-0,-0,-0,-0,-0,-0,-0,-0,-0,-0,-0,
-0,-0,-0,-0,-0,-0,-0,-0,-0,-0,-0,-0,-0,-0,
-0,-0,-0,-0,-0,-0,-0,-0,-0,-0,-0,-0,-0,-0,
-0,-0,-0,-0,-0,-0,-0,-0,-0,-0,-0,-0,-0,-0,
-0,-0,-0,-0,-0,-0,-0,-0,-0,-0,-0,-0,-0,-0,
-0,-0,-0,-0,-0,-0,-0,-0,-0,-0,-0,-0,-0,-0,
-0,-0,-0,-0,-0,-0,-0,-0,-0,-0,-0,-0,-0,-0,
-0,-0,-0,-0,-0,-0,-0,-0,-0,-0,-0,-0,-0,-0,
-0,-0,-0,-0,-0,-0,-0,-0,-0,-0,-0,-0,-0,-0,
-0,-0,-0,-0,-0,-0,-0,-0,-0,-0,-0,-0,-0,-0,
-0,-0,-0,-0,-0,-0,-0,-0,-0,-0,-0,-0,-0,-0,
-0,-0,-0,-0,-0,-0,-0,-0,-0,-0,-0,-0,-0,-0,
-0,-0,-0,-0,-0,-0,-0,-0,-0,-0,-0,-0,-0,-0,
-0,-0,-0,-0,-0,-0,-0,-0,-0,-0,-0,-0,-0,-0,
-0,-0,-0,-0,-0,-0,-0,-0,-0,-0,-0,-0,-0,-0,
-0,-0,-0,-0,-0,-0,-0,-0,-0,-0,-0,-0,-0,-0,
-0,-0,-0,-0,-0,-0,-0,-0,-0,-0,-0,-0,-0,-0,
-0,-0,-0,-0,-0,-0,-0,-0,-0,-0,-0,-0,-0,-0,
-0,-0,-0,-0,-0,-0,-0,-0,-0,-0,-0,-0,-0,-0,
-0,-0,-0,-0,-0,-0,-0,-0,-0,-0,-0,-0,-0,-0,
-0,-0,-0,-0,-0,-0,-0,-0,-0,-0,-0,-0,-0,-0,
-0,-0,-0,-0,-0,-0,-0,-0,-0,-0,-0,-0,-0,-0,
-0,-0,-0,-0,-0,-0,-0,-0,-0,-0,-0,-0,-0,-0,
-0,-0,-0,-0,-0,-0,-0,-0,-0,-0,-0,-0,-0,-0,
-0,-0,-0,-0,-0,-0,-0,-0,-0,-0,-0,-0,-0,-0,
-0,-0,-0,-0,-0,-0,-0,-0,-0,-0,-0,-0,-0,-0,
-0,-0,-0,-0,-0,-0,-0,-0,-0,-0,-0,-0,-0,-0,
-0,-0,-0,-0,-0,-0,-0,-0,-0,-0,-0,-0,-0,-0,
-0,-0,-0,-0,-0,-0,-0,-0,-0,-0,-0,-0,-0,-0,
-0,-0,-0,-0,-0,-0,-0,-0,-0,-0,-0,-0,-0,-0,
-0,-0,-0,-0,-0,-0,-0,-0,-0,-0,-0,-0,-0,-0,
-0,-0,-0,-0,-0,-0,-0,-0,-0,-0,-0,-0,-0,-0,
-0,-0,-0,-0,-0,-0,-0,-0,-0,-0,-0,-0,-0,-0,
-0,-0,-0,-0,-0,-0,-0,-0,-0,-0,-0,-0,-0,-0,
-0,-0,-0,-0,-0,-0,-0,-0,-0,-0,-0,-0,-0,-0,
-0,-0,-0,-0,-0,-0,-0,-0,-0,-0,-0,-0,-0,-0,
-0,-0,-0,-0,-0,-0,-0,-0,-0,-0,-0,-0,-0,-0,
-0,-0,-0,-0,-0,-0,-0,-0,-0,-0,-0,-0,-0,-0,
-0,-0,-0,-0,-0,-0,-0,-0,-0,-0,-0,-0,-0,-0,
-0,-0,-0,-0,-0,-0,-0,-0,-0,-0,-0,-0,-0,-0,
-0,-0,-0,-0,-0,-0,-0,-0,-0,-0,-0,-0,-0,-0,
-0,-0,-0,-0,-0,-0,-0,-0,-0,-0,-0,-0,-0,-0,
-0,-0,-0,-0,-0,-0,-0,-0,-0,-0,-0,-0,-0,-0,
-0,-0,-0,-0,-0,-0,-0,-0,-0,-0,-0,-0,-0,-0,
-0,-0,-0,-0,-0,-0,-0,-0,-0,-0,-0,-0,-0,-0,
-0,-0,-0,-0,-0,-0,-0,-0,-0,-0,-0,-0,-0,-0,
-0,-0,-0,-0,-0,-0,-0,-0,-0,-0,-0,-0,-0,-0,
-0,-0,-0,-0,-0,-0,-0,-0,-0,-0,-0,-0,-0,-0,
-0,-0,-0,-0,-0,-0,-0,-0,-0,-0,-0,-0,-0,-0,
-0,-0,-0,-0,-0,-0,-0,-0,-0,-0,-0,-0,-0,-0,
-0,-0,-0,-0,-0,-0,-0,-0,-0,-0,-0,-0,-0,-0,
-0,-0,-0,-0,-0,-0,-0,-0,-0,-0,-0,-0,-0,-0,
-0,-0,-0,-0,-0,-0,-0,-0,-0,-0,-0,-0,-0,-0,
-0,-0,-0,-0,-0,-0,-0,-0,-0,-0,-0,-0,-0,-0,
-0,-0,-0,-0,-0,-0,-0,-0,-0,-0,-0,-0,-0,-0,
-0,-0,-0,-0,-0,-0,-0,-0,-0,-0,-0,-0,-0,-0,
-0,-0,-0,-0,-0,-0,-0,-0,-0,-0,-0,-0,-0,-0,
-0,-0,-0,-0,-0,-0,-0,-0,-0,-0,-0,-0,-0,-0,
-0,-0,-0,-0,-0,-0,-0,-0,-0,-0,-0,-0,-0,-0,
-0,-0,-0,-0,-0,-0,-0,-0,-0,-0,-0,-0,-0,-0,
-0,-0,-0,-0,-0,-0,-0,-0,-0,-0,-0,-0,-0,-0,
-0,-0,-0,-0,-0,-0,-0,-0,-0,-0,-0,-0,-0,-0,
-0,-0,-0,-0,-0,-0,-0,-0,-0,-0,-0,-0,-0,-0,
-0,-0,-0,-0,-0,-0,-0,-0,-0,-0,-0,-0,-0,-0,
-0,-0,-0,-0,-0,-0,-0,-0,-0,-0,-0,-0,-0,-0,
-0,-0,-0,-0,-0,-0,-0,-0,-0,-0,-0,-0,-0,-0,
-0,-0,-0,-0,-0,-0,-0,-0,-0,-0,-0,-0,-0,-0,
-0,-0,-0,-0,-0,-0,-0,-0,-0,-0,-0,-0,-0,-0,
-0,-0,-0,-0,-0,-0,-0,-0,-0,-0,-0,-0,-0,-0,
-0,-0,-0,-0,-0,-0,-0,-0,-0,-0,-0,-0,-0,-0,
-0,-0,-0,-0,-0,-0,-0,-0,-0,-0,-0,-0,-0,-0,
-0,-0,-0,-0,-0,-0,-0,-0,-0,-0,-0,-0,-0,-0,
-0,-0,-0,-0,-0,-0,-0,-0,-0,-0,-0,-0,-0,-0,
-0,-0,-0,-0,-0,-0,-0,-0,-0,-0,-0,-0,-0,-0,
-0,-0,-0,-0,-0,-0,-0,-0,-0,-0,-0,-0,-0,-0,
-0,-0,-0,-0,-0,-0,-0,-0,-0,-0,-0,-0,-0,-0,
-0,-0,-0,-0,-0,-0,-0,-0,-0,-0,-0,-0,-0,-0,
-0,-0,-0,-0,-0,-0,-0,-0,-0,-0,-0,-0,-0,-0,
-0,-0,-0,-0,-0,-0,-0,-0,-0,-0,-0,-0,-0,-0,
-0,-0,-0,-0,-0,-0,-0,-0,-0,-0,-0,-0,-0,-0,
-0,-0,-0,-0,-0,-0,-0,-0,-0,-0,-0,-0,-0,-0,
-0,-0,-0,-0,-0,-0,-0,-0,-0,-0,-0,-0,-0,-0,
-0,-0,-0,-0,-0,-0,-0,-0,-0,-0,-0,-0,-0,-0,
-0,-0,-0,-0,-0,-0,-0,-0,-0,-0,-0,-0,-0,-0,
-0,-0,-0,-0,-0,-0,-0,-0,-0,-0,-0,-0,-0,-0,
-0,-0,-0,-0,-0,-0,-0,-0,-0,-0,-0,-0,-0,-0,
-0,-0,-0,-0,-0,-0,-0,-0,-0,-0,-0,-0,-0,-0,
-0,-0,-0,-0,-0,-0,-0,-0,-0,-0,-0,-0,-0,-0,
-0,-0,-0,-0,-0,-0,-0,-0,-0,-0,-0,-0,-0,-0,
-0,-0,-0,-0,-0,-0,-0,-0,-0,-0,-0,-0,-0,-0,
-0,-0,-0,-0,-0,-0,-0,-0,-0,-0,-0,-0,-0,-0,
-0,-0,-0,-0,-0,-0,-0,-0,-0,-0,-0,-0,-0,-0,
-0,-0,-0,-0,-0,-0,-0,-0,-0,-0,-0,-0,-0,-0,
-0,-0,-0,-0,-0,-0,-0,-0,-0,-0,-0,-0,-0,-0,
-0,-0,-0,-0,-0,-0,-0,-0,-0,-0,-0,-0,-0,-0,
-0,-0,-0,-0,-0,-0,-0,-0,-0,-0,-0,-0,-0,-0,
-0,-0,-0,-0,-0,-0,-0,-0,-0,-0,-0,-0,-0,-0,
-0,-0,-0,-0,-0,-0,-0,-0,-0,-0,-0,-0,-0,-0,
-0,-0,-0,-0,-0,-0,-0,-0,-0,-0,-0,-0,-0,-0,
-0,-0,-0,-0,-0,-0,-0,-0,-0,-0,-0,-0,-0,-0,
-0,-0,-0,-0,-0,-0,-0,-0,-0,-0,-0,-0,-0,-0,
-0,-0,-0,-0,-0,-0,-0,-0,-0,-0,-0,-0,-0,-0,
-0,-0,-0,-0,-0,-0,-0,-0,-0,-0,-0,-0,-0,-0,
-0,-0,-0,-0,-0,-0,-0,-0,-0,-0,-0,-0,-0,-0,
-0,-0,-0,-0,-0,-0,-0,-0,-0,-0,-0,-0,-0,-0,
-0,-0,-0,-0,-0,-0,-0,-0,-0,-0,-0,-0,-0,-0,
-0,-0,-0,-0,-0,-0,-0,-0,-0,-0,-0,-0,-0,-0,
-0,-0,-0,-0,-0,-0,-0,-0,-0,-0,-0,-0,-0,-0,
-0,-0,-0,-0,-0,-0,-0,-0,-0,-0,-0,-0,-0,-0,
-0,-0,-0,-0,-0,-0,-0,-0,-0,-0,-0,-0,-0,-0,
-0,-0,-0,-0,-0,-0,-0,-0,-0,-0,-0,-0,-0,-0,
-0,-0,-0,-0,-0,-0,-0,-0,-0,-0,-0,-0,-0,-0,
-0,-0,-0,-0,-0,-0,-0,-0,-0,-0,-0,-0,-0,-0,
-0,-0,-0,-0,-0,-0,-0,-0,-0,-0,-0,-0,-0,-0,
-0,-0,-0,-0,-0,-0,-0,-0,-0,-0,-0,-0,-0,-0,
-0,-0,-0,-0,-0,-0,-0,-0,-0,-0,-0,-0,-0,-0,
-0,-0,-0,-0,-0,-0,-0,-0,-0,-0,-0,-0,-0,-0,
-0,-0,-0,-0,-0,-0,-0,-0,-0,-0,-0,-0,-0,-0,
-0,-0,-0,-0,-0,-0,-0,-0,-0,-0,-0,-0,-0,-0,
-0,-0,-0,-0,-0,-0,-0,-0,-0,-0,-0,-0,-0,-0,
-0,-0,-0,-0,-0,-0,-0,-0,-0,-0,-0,-0,-0,-0,
-0,-0,-0,-0,-0,-0,-0,-0,-0,-0,-0,-0,-0,-0,
-0,-0,-0,-0,-0,-0,-0,-0,-0,-0,-0,-0,-0,-0,
-0,-0,-0,-0,-0,-0,-0,-0,-0,-0,-0,-0,-0,-0,
-0,-0,-0,-0,-0,-0,-0,-0,-0,-0,-0,-0,-0,-0,
-0,-0,-0,-0,-0,-0,-0,-0,-0,-0,-0,-0,-0,-0,
-0,-0,-0,-0,-0,-0,-0,-0,-0,-0,-0,-0,-0,-0,
-0,-0,-0,-0,-0,-0,-0,-0,-0,-0,-0,-0,-0,-0,
-0,-0,-0,-0,-0,-0,-0,-0,-0,-0,-0,-0,-0,-0,
-0,-0,-0,-0,-0,-0,-0,-0,-0,-0,-0,-0,-0,-0,
-0,-0,-0,-0,-0,-0,-0,-0,-0,-0,-0,-0,-0,-0,
-0,-0,-0,-0,-0,-0,-0,-0,-0,-0,-0,-0,-0,-0,
-0,-0,-0,-0,-0,-0,-0,-0,-0,-0,-0,-0,-0,-0,
-0,-0,-0,-0,-0,-0,-0,-0,-0,-0,-0,-0,-0,-0,
-0,-0,-0,-0,-0,-0,-0,-0,-0,-0,-0,-0,-0,-0,
-0,-0,-0,-0,-0,-0,-0,-0,-0,-0,-0,-0,-0,-0,
-0,-0,-0,-0,-0,-0,-0,-0,-0,-0,-0,-0,-0,-0,
-0,-0,-0,-0,-0,-0,-0,-0,-0,-0,-0,-0,-0,-0,
-0,-0,-0,-0,-0,-0,-0,-0,-0,-0,-0,-0,-0,-0,
-0,-0,-0,-0,-0,-0,-0,-0,-0,-0,-0,-0,-0,-0,
-0,-0,-0,-0,-0,-0,-0,-0,-0,-0,-0,-0,-0,-0,
-0,-0,-0,-0,-0,-0,-0,-0,-0,-0,-0,-0,-0,-0,
-0,-0,-0,-0,-0,-0,-0,-0,-0,-0,-0,-0,-0,-0,
-0,-0,-0,-0,-0,-0,-0,-0,-0,-0,-0,-0,-0,-0,
-0,-0,-0,-0,-0,-0,-0,-0,-0,-0,-0,-0,-0,-0,
-0,-0,-0,-0,-0,-0,-0,-0,-0,-0,-0,-0,-0,-0,
-0,-0,-0,-0,-0,-0,-0,-0,-0,-0,-0,-0,-0,-0,
-0,-0,-0,-0,-0,-0,-0,-0,-0,-0,-0,-0,-0,-0,
-0,-0,-0,-0,-0,-0,-0,-0,-0,-0,-0,-0,-0,-0,
-0,-0,-0,-0,-0,-0,-0,-0,-0,-0,-0,-0,-0,-0,
-0,-0,-0,-0,-0,-0,-0,-0,-0,-0,-0,-0,-0,-0,
-0,-0,-0,-0,-0,-0,-0,-0,-0,-0,-0,-0,-0,-0,
-0,-0,-0,-0,-0,-0,-0,-0,-0,-0,-0,-0,-0,-0,
-0,-0,-0,-0,-0,-0,-0,-0,-0,-0,-0,-0,-0,-0,
-0,-0,-0,-0,-0,-0,-0,-0,-0,-0,-0,-0,-0,-0,
-0,-0,-0,-0,-0,-0,-0,-0,-0,-0,-0,-0,-0,-0,
-0,-0,-0,-0,-0,-0,-0,-0,-0,-0,-0,-0,-0,-0,
-0,-0,-0,-0,-0,-0,-0,-0,-0,-0,-0,-0,-0,-0,
-0,-0,-0,-0,-0,-0,-0,-0,-0,-0,-0,-0,-0,-0,
-0,-0,-0,-0,-0,-0,-0,-0,-0,-0,-0,-0,-0,-0,
-0,-0,-0,-0,-0,-0,-0,-0,-0,-0,-0,-0,-0,-0,
-0,-0,-0,-0,-0,-0,-0,-0,-0,-0,-0,-0,-0,-0,
-0,-0,-0,-0,-0,-0,-0,-0,-0,-0,-0,-0,-0,-0,
-0,-0,-0,-0,-0,-0,-0,-0,-0,-0,-0,-0,-0,-0,
-0,-0,-0,-0,-0,-0,-0,-0,-0,-0,-0,-0,-0,-0,
-0,-0,-0,-0,-0,-0,-0,-0,-0,-0,-0,-0,-0,-0,
-0,-0,-0,-0,-0,-0,-0,-0,-0,-0,-0,-0,-0,-0,
-0,-0,-0,-0,-0,-0,-0,-0,-0,-0,-0,-0,-0,-0,
-0,-0,-0,-0,-0,-0,-0,-0,-0,-0,-0,-0,-0,-0,
-0,-0,-0,-0,-0,-0,-0,-0,-0,-0,-0,-0,-0,-0,
-0,-0,-0,-0,-0,-0,-0,-0,-0,-0,-0,-0,-0,-0,
-0,-0,-0,-0,-0,-0,-0,-0,-0,-0,-0,-0,-0,-0,
-0,-0,-0,-0,-0,-0,-0,-0,-0,-0,-0,-0,-0,-0,
-0,-0,-0,-0,-0,-0,-0,-0,-0,-0,-0,-0,-0,-0,
-0,-0,-0,-0,-0,-0,-0,-0,-0,-0,-0,-0,-0,-0,
-0,-0,-0,-0,-0,-0,-0,-0,-0,-0,-0,-0,-0,-0,
-0,-0,-0,-0,-0,-0,-0,-0,-0,-0,-0,-0,-0,-0,
-0,-0,-0,-0,-0,-0,-0,-0,-0,-0,-0,-0,-0,-0,
-0,-0,-0,-0,-0,-0,-0,-0,-0,-0,-0,-0,-0,-0,
-0,-0,-0,-0,-0,-0,-0,-0,-0,-0,-0,-0,-0,-0,
-0,-0,-0,-0,-0,-0,-0,-0,-0,-0,-0,-0,-0,-0,
-0,-0,-0,-0,-0,-0,-0,-0,-0,-0,-0,-0,-0,-0,
-0,-0,-0,-0,-0,-0,-0,-0,-0,-0,-0,-0,-0,-0,
-0,-0,-0,-0,-0,-0,-0,-0,-0,-0,-0,-0,-0,-0,
-0,-0,-0,-0,-0,-0,-0,-0,-0,-0,-0,-0,-0,-0,
-0,-0,-0,-0,-0,-0,-0,-0,-0,-0,-0,-0,-0,-0,
-0,-0,-0,-0,-0,-0,-0,-0,-0,-0,-0,-0,-0,-0,
-0,-0,-0,-0,-0,-0,-0,-0,-0,-0,-0,-0,-0,-0,
-0,-0,-0,-0,-0,-0,-0,-0,-0,-0,-0,-0,-0,-0,
-0,-0,-0,-0,-0,-0,-0,-0,-0,-0,-0,-0,-0,-0,
-0,-0,-0,-0,-0,-0,-0,-0,-0,-0,-0,-0,-0,-0,
-0,-0,-0,-0,-0,-0,-0,-0,-0,-0,-0,-0,-0,-0,
-0,-0,-0,-0,-0,-0,-0,-0,-0,-0,-0,-0,-0,-0,
-0,-0,-0,-0,-0,-0,-0,-0,-0,-0,-0,-0,-0,-0,
-0,-0,-0,-0,-0,-0,-0,-0,-0,-0,-0,-0,-0,-0,
-0,-0,-0,-0,-0,-0,-0,-0,-0,-0,-0,-0,-0,-0,
-0,-0,-0,-0,-0,-0,-0,-0,-0,-0,-0,-0,-0,-0,
-0,-0,-0,-0,-0,-0,-0,-0,-0,-0,-0,-0,-0,-0,
-0,-0,-0,-0,-0,-0,-0,-0,-0,-0,-0,-0,-0,-0,
-0,-0,-0,-0,-0,-0,-0,-0,-0,-0,-0,-0,-0,-0,
-0,-0,-0,-0,-0,-0,-0,-0,-0,-0,-0,-0,-0,-0,
-0,-0,-0,-0,-0,-0,-0,-0,-0,-0,-0,-0,-0,-0,
-0,-0,-0,-0,-0,-0,-0,-0,-0,-0,-0,-0,-0,-0,
-0,-0,-0,-0,-0,-0,-0,-0,-0,-0,-0,-0,-0,-0,
-0,-0,-0,-0,-0,-0,-0,-0,-0,-0,-0,-0,-0,-0,
-0,-0,-0,-0,-0,-0,-0,-0,-0,-0,-0,-0,-0,-0,
-0,-0,-0,-0,-0,-0,-0,-0,-0,-0,-0,-0,-0,-0,
-0,-0,-0,-0,-0,-0,-0,-0,-0,-0,-0,-0,-0,-0,
-0,-0,-0,-0,-0,-0,-0,-0,-0,-0,-0,-0,-0,-0,
-0,-0,-0,-0,-0,-0,-0,-0,-0,-0,-0,-0,-0,-0,
-0,-0,-0,-0,-0,-0,-0,-0,-0,-0,-0,-0,-0,-0,
-0,-0,-0,-0,-0,-0,-0,-0,-0,-0,-0,-0,-0,-0,
-0,-0,-0,-0,-0,-0,-0,-0,-0,-0,-0,-0,-0,-0,
-0,-0,-0,-0,-0,-0,-0,-0,-0,-0,-0,-0,-0,-0,
-0,-0,-0,-0,-0,-0,-0,-0,-0,-0,-0,-0,-0,-0,
-0,-0,-0,-0,-0,-0,-0,-0,-0,-0,-0,-0,-0,-0,
-0,-0,-0,-0,-0,-0,-0,-0,-0,-0,-0,-0,-0,-0,
-0,-0,-0,-0,-0,-0,-0,-0,-0,-0,-0,-0,-0,-0,
-0,-0,-0,-0,-0,-0,-0,-0,-0,-0,-0,-0,-0,-0,
-0,-0,-0,-0,-0,-0,-0,-0,-0,-0,-0,-0,-0,-0,
-0,-0,-0,-0,-0,-0,-0,-0,-0,-0,-0,-0,-0,-0,
-0,-0,-0,-0,-0,-0,-0,-0,-0,-0,-0,-0,-0,-0,
-0,-0,-0,-0,-0,-0,-0,-0,-0,-0,-0,-0,-0,-0,
-0,-0,-0,-0,-0,-0,-0,-0,-0,-0,-0,-0,-0,-0,
-0,-0,-0,-0,-0,-0,-0,-0,-0,-0,-0,-0,-0,-0,
-0,-0,-0,-0,-0,-0,-0,-0,-0,-0,-0,-0,-0,-0,
-0,-0,-0,-0,-0,-0,-0,-0,-0,-0,-0,-0,-0,-0,
-0,-0,-0,-0,-0,-0,-0,-0,-0,-0,-0,-0,-0,-0,
-0,-0,-0,-0,-0,-0,-0,-0,-0,-0,-0,-0,-0,-0,
-0,-0,-0,-0,-0,-0,-0,-0,-0,-0,-0,-0,-0,-0,
-0,-0,-0,-0,-0,-0,-0,-0,-0,-0,-0,-0,-0,-0,
-0,-0,-0,-0,-0,-0,-0,-0,-0,-0,-0,-0,-0,-0,
-0,-0,-0,-0,-0,-0,-0,-0,-0,-0,-0,-0,-0,-0,
-0,-0,-0,-0,-0,-0,-0,-0,-0,-0,-0,-0,-0,-0,
-0,-0,-0,-0,-0,-0,-0,-0,-0,-0,-0,-0,-0,-0,
-0,-0,-0,-0,-0,-0,-0,-0,-0,-0,-0,-0,-0,-0,
-0,-0,-0,-0,-0,-0,-0,-0,-0,-0,-0,-0,-0,-0,
-0,-0,-0,-0,-0,-0,-0,-0,-0,-0,-0,-0,-0,-0,
-0,-0,-0,-0,-0,-0,-0,-0,-0,-0,-0,-0,-0,-0,
-0,-0,-0,-0,-0,-0,-0,-0,-0,-0,-0,-0,-0,-0,
-0,-0,-0,-0,-0,-0,-0,-0,-0,-0,-0,-0,-0,-0,
-0,-0,-0,-0,-0,-0,-0,-0,-0,-0,-0,-0,-0,-0,
-0,-0,-0,-0,-0,-0,-0,-0,-0,-0,-0,-0,-0,-0,
-0,-0,-0,-0,-0,-0,-0,-0,-0,-0,-0,-0,-0,-0,
-0,-0,-0,-0,-0,-0,-0,-0,-0,-0,-0,-0,-0,-0,
-0,-0,-0,-0,-0,-0,-0,-0,-0,-0,-0,-0,-0,-0,
-0,-0,-0,-0,-0,-0,-0,-0,-0,-0,-0,-0,-0,-0,
-0,-0,-0,-0,-0,-0,-0,-0,-0,-0,-0,-0,-0,-0,
-0,-0,-0,-0,-0,-0,-0,-0,-0,-0,-0,-0,-0,-0,
-0,-0,-0,-0,-0,-0,-0,-0,-0,-0,-0,-0,-0,-0,
-0,-0,-0,-0,-0,-0,-0,-0,-0,-0,-0,-0,-0,-0,
-0,-0,-0,-0,-0,-0,-0,-0,-0,-0,-0,-0,-0,-0,
-0,-0,-0,-0,-0,-0,-0,-0,-0,-0,-0,-0,-0,-0,
-0,-0,-0,-0,-0,-0,-0,-0,-0,-0,-0,-0,-0,-0,
-0,-0,-0,-0,-0,-0,-0,-0,-0,-0,-0,-0,-0,-0,
-0,-0,-0,-0,-0,-0,-0,-0,-0,-0,-0,-0,-0,-0,
-0,-0,-0,-0,-0,-0,-0,-0,-0,-0,-0,-0,-0,-0,
-0,-0,-0,-0,-0,-0,-0,-0,-0,-0,-0,-0,-0,-0,
-0,-0,-0,-0,-0,-0,-0,-0,-0,-0,-0,-0,-0,-0,
-0,-0,-0,-0,-0,-0,-0,-0,-0,-0,-0,-0,-0,-0,
-0,-0,-0,-0,-0,-0,-0,-0,-0,-0,-0,-0,-0,-0,
-0,-0,-0,-0,-0,-0,-0,-0,-0,-0,-0,-0,-0,-0,
-0,-0,-0,-0,-0,-0,-0,-0,-0,-0,-0,-0,-0,-0,
-0,-0,-0,-0,-0,-0,-0,-0,-0,-0,-0,-0,-0,-0,
-0,-0,-0,-0,-0,-0,-0,-0,-0,-0,-0,-0,-0,-0,
-0,-0,-0,-0,-0,-0,-0,-0,-0,-0,-0,-0,-0,-0,
-0,-0,-0,-0,-0,-0,-0,-0,-0,-0,-0,-0,-0,-0,
-0,-0,-0,-0,-0,-0,-0,-0,-0,-0,-0,-0,-0,-0,
-0,-0,-0,-0,-0,-0,-0,-0,-0,-0,-0,-0,-0,-0,
-0,-0,-0,-0,-0,-0,-0,-0,-0,-0,-0,-0,-0,-0,
-0,-0,-0,-0,-0,-0,-0,-0,-0,-0,-0,-0,-0,-0,
-0,-0,-0,-0,-0,-0,-0,-0,-0,-0,-0,-0,-0,-0,
-0,-0,-0,-0,-0,-0,-0,-0,-0,-0,-0,-0,-0,-0,
-0,-0,-0,-0,-0,-0,-0,-0,-0,-0,-0,-0,-0,-0,
-0,-0,-0,-0,-0,-0,-0,-0,-0,-0,-0,-0,-0,-0,
-0,-0,-0,-0,-0,-0,-0,-0,-0,-0,-0,-0,-0,-0,
-0,-0,-0,-0,-0,-0,-0,-0,-0,-0,-0,-0,-0,-0,
-0,-0,-0,-0,-0,-0,-0,-0,-0,-0,-0,-0,-0,-0,
-0,-0,-0,-0,-0,-0,-0,-0,-0,-0,-0,-0,-0,-0,
-0,-0,-0,-0,-0,-0,-0,-0,-0,-0,-0,-0,-0,-0,
-0,-0,-0,-0,-0,-0,-0,-0,-0,-0,-0,-0,-0,-0,
-0,-0,-0,-0,-0,-0,-0,-0,-0,-0,-0,-0,-0,-0,
-0,-0,-0,-0,-0,-0,-0,-0,-0,-0,-0,-0,-0,-0,
-0,-0,-0,-0,-0,-0,-0,-0,-0,-0,-0,-0,-0,-0,
-0,-0,-0,-0,-0,-0,-0,-0,-0,-0,-0,-0,-0,-0,
-0,-0,-0,-0,-0,-0,-0,-0,-0,-0,-0,-0,-0,-0,
-0,-0,-0,-0,-0,-0,-0,-0,-0,-0,-0,-0,-0,-0,
-0,-0,-0,-0,-0,-0,-0,-0,-0,-0,-0,-0,-0,-0,
-0,-0,-0,-0,-0,-0,-0,-0,-0,-0,-0,-0,-0,-0,
-0,-0,-0,-0,-0,-0,-0,-0,-0,-0,-0,-0,-0,-0,
-0,-0,-0,-0,-0,-0,-0,-0,-0,-0,-0,-0,-0,-0,
-0,-0,-0,-0,-0,-0,-0,-0,-0,-0,-0,-0,-0,-0,
-0,-0,-0,-0,-0,-0,-0,-0,-0,-0,-0,-0,-0,-0,
-0,-0,-0,-0,-0,-0,-0,-0,-0,-0,-0,-0,-0,-0,
-0,-0,-0,-0,-0,-0,-0,-0,-0,-0,-0,-0,-0,-0,
-0,-0,-0,-0,-0,-0,-0,-0,-0,-0,-0,-0,-0,-0,
-0,-0,-0,-0,-0,-0,-0,-0,-0,-0,-0,-0,-0,-0,
-0,-0,-0,-0,-0,-0,-0,-0,-0,-0,-0,-0,-0,-0,
-0,-0,-0,-0,-0,-0,-0,-0,-0,-0,-0,-0,-0,-0,
-0,-0,-0,-0,-0,-0,-0,-0,-0,-0,-0,-0,-0,-0,
-0,-0,-0,-0,-0,-0,-0,-0,-0,-0,-0,-0,-0,-0,
-0,-0,-0,-0,-0,-0,-0,-0,-0,-0,-0,-0,-0,-0,
-0,-0,-0,-0,-0,-0,-0,-0,-0,-0,-0,-0,-0,-0,
-0,-0,-0,-0,-0,-0,-0,-0,-0,-0,-0,-0,-0,-0,
-0,-0,-0,-0,-0,-0,-0,-0,-0,-0,-0,-0,-0,-0,
-0,-0,-0,-0,-0,-0,-0,-0,-0,-0,-0,-0,-0,-0,
-0,-0,-0,-0,-0,-0,-0,-0,-0,-0,-0,-0,-0,-0,
-0,-0,-0,-0,-0,-0,-0,-0,-0,-0,-0,-0,-0,-0,
-0,-0,-0,-0,-0,-0,-0,-0,-0,-0,-0,-0,-0,-0,
-0,-0,-0,-0,-0,-0,-0,-0,-0,-0,-0,-0,-0,-0,
-0,-0,-0,-0,-0,-0,-0,-0,-0,-0,-0,-0,-0,-0,
-0,-0,-0,-0,-0,-0,-0,-0,-0,-0,-0,-0,-0,-0,
-0,-0,-0,-0,-0,-0,-0,-0,-0,-0,-0,-0,-0,-0,
-0,-0,-0,-0,-0,-0,-0,-0,-0,-0,-0,-0,-0,-0,
-0,-0,-0,-0,-0,-0,-0,-0,-0,-0,-0,-0,-0,-0,
-0,-0,-0,-0,-0,-0,-0,-0,-0,-0,-0,-0,-0,-0,
-0,-0,-0,-0,-0,-0,-0,-0,-0,-0,-0,-0,-0,-0,
-0,-0,-0,-0,-0,-0,-0,-0,-0,-0,-0,-0,-0,-0,
-0,-0,-0,-0,-0,-0,-0,-0,-0,-0,-0,-0,-0,-0,
-0,-0,-0,-0,-0,-0,-0,-0,-0,-0,-0,-0,-0,-0,
-0,-0,-0,-0,-0,-0,-0,-0,-0,-0,-0,-0,-0,-0,
-0,-0,-0,-0,-0,-0,-0,-0,-0,-0,-0,-0,-0,-0,
-0,-0,-0,-0,-0,-0,-0,-0,-0,-0,-0,-0,-0,-0,
-0,-0,-0,-0,-0,-0,-0,-0,-0,-0,-0,-0,-0,-0,
-0,-0,-0,-0,-0,-0,-0,-0,-0,-0,-0,-0,-0,-0,
-0,-0,-0,-0,-0,-0,-0,-0,-0,-0,-0,-0,-0,-0,
-0,-0,-0,-0,-0,-0,-0,-0,-0,-0,-0,-0,-0,-0,
-0,-0,-0,-0,-0,-0,-0,-0,-0,-0,-0,-0,-0,-0,
-0,-0,-0,-0,-0,-0,-0,-0,-0,-0,-0,-0,-0,-0,
-0,-0,-0,-0,-0,-0,-0,-0,-0,-0,-0,-0,-0,-0,
-0,-0,-0,-0,-0,-0,-0,-0,-0,-0,-0,-0,-0,-0,
-0,-0,-0,-0,-0,-0,-0,-0,-0,-0,-0,-0,-0,-0,
-0,-0,-0,-0,-0,-0,-0,-0,-0,-0,-0,-0,-0,-0,
-0,-0,-0,-0,-0,-0,-0,-0,-0,-0,-0,-0,-0,-0,
-0,-0,-0,-0,-0,-0,-0,-0,-0,-0,-0,-0,-0,-0,
-0,-0,-0,-0,-0,-0,-0,-0,-0,-0,-0,-0,-0,-0,
-0,-0,-0,-0,-0,-0,-0,-0,-0,-0,-0,-0,-0,-0,
-0,-0,-0,-0,-0,-0,-0,-0,-0,-0,-0,-0,-0,-0,
-0,-0,-0,-0,-0,-0,-0,-0,-0,-0,-0,-0,-0,-0,
-0,-0,-0,-0,-0,-0,-0,-0,-0,-0,-0,-0,-0,-0,
-0,-0,-0,-0,-0,-0,-0,-0,-0,-0,-0,-0,-0,-0,
-0,-0,-0,-0,-0,-0,-0,-0,-0,-0,-0,-0,-0,-0,
-0,-0,-0,-0,-0,-0,-0,-0,-0,-0,-0,-0,-0,-0,
-0,-0,-0,-0,-0,-0,-0,-0,-0,-0,-0,-0,-0,-0,
-0,-0,-0,-0,-0,-0,-0,-0,-0,-0,-0,-0,-0,-0,
-0,-0,-0,-0,-0,-0,-0,-0,-0,-0,-0,-0,-0,-0,
-0,-0,-0,-0,-0,-0,-0,-0,-0,-0,-0,-0,-0,-0,
-0,-0,-0,-0,-0,-0,-0,-0,-0,-0,-0,-0,-0,-0,
-0,-0,-0,-0,-0,-0,-0,-0,-0,-0,-0,-0,-0,-0,
-0,-0,-0,-0,-0,-0,-0,-0,-0,-0,-0,-0,-0,-0,
-0,-0,-0,-0,-0,-0,-0,-0,-0,-0,-0,-0,-0,-0,
-0,-0,-0,-0,-0,-0,-0,-0,-0,-0,-0,-0,-0,-0,
-0,-0,-0,-0,-0,-0,-0,-0,-0,-0,-0,-0,-0,-0,
-0,-0,-0,-0,-0,-0,-0,-0,-0,-0,-0,-0,-0,-0,
-0,-0,-0,-0,-0,-0,-0,-0,-0,-0,-0,-0,-0,-0,
-0,-0,-0,-0,-0,-0,-0,-0,-0,-0,-0,-0,-0,-0,
-0,-0,-0,-0,-0,-0,-0,-0,-0,-0,-0,-0,-0,-0,
-0,-0,-0,-0,-0,-0,-0,-0,-0,-0,-0,-0,-0,-0,
-0,-0,-0,-0,-0,-0,-0,-0,-0,-0,-0,-0,-0,-0,
-0,-0,-0,-0,-0,-0,-0,-0,-0,-0,-0,-0,-0,-0,
-0,-0,-0,-0,-0,-0,-0,-0,-0,-0,-0,-0,-0,-0,
-0,-0,-0,-0,-0,-0,-0,-0,-0,-0,-0,-0,-0,-0,
-0,-0,-0,-0,-0,-0,-0,-0,-0,-0,-0,-0,-0,-0,
-0,-0,-0,-0,-0,-0,-0,-0,-0,-0,-0,-0,-0,-0,
-0,-0,-0,-0,-0,-0,-0,-0,-0,-0,-0,-0,-0,-0,
-0,-0,-0,-0,-0,-0,-0,-0,-0,-0,-0,-0,-0,-0,
-0,-0,-0,-0,-0,-0,-0,-0,-0,-0,-0,-0,-0,-0,
-0,-0,-0,-0,-0,-0,-0,-0,-0,-0,-0,-0,-0,-0,
-0,-0,-0,-0,-0,-0,-0,-0,-0,-0,-0,-0,-0,-0,
-0,-0,-0,-0,-0,-0,-0,-0,-0,-0,-0,-0,-0,-0,
-0,-0,-0,-0,-0,-0,-0,-0,-0,-0,-0,-0,-0,-0,
-0,-0,-0,-0,-0,-0,-0,-0,-0,-0,-0,-0,-0,-0,
-0,-0,-0,-0,-0,-0,-0,-0,-0,-0,-0,-0,-0,-0,
-0,-0,-0,-0,-0,-0,-0,-0,-0,-0,-0,-0,-0,-0,
-0,-0,-0,-0,-0,-0,-0,-0,-0,-0,-0,-0,-0,-0,
-0,-0,-0,-0,-0,-0,-0,-0,-0,-0,-0,-0,-0,-0,
-0,-0,-0,-0,-0,-0,-0,-0,-0,-0,-0,-0,-0,-0,
-0,-0,-0,-0,-0,-0,-0,-0,-0,-0,-0,-0,-0,-0,
-0,-0,-0,-0,-0,-0,-0,-0,-0,-0,-0,-0,-0,-0,
-0,-0,-0,-0,-0,-0,-0,-0,-0,-0,-0,-0,-0,-0,
-0,-0,-0,-0,-0,-0,-0,-0,-0,-0,-0,-0,-0,-0,
-0,-0,-0,-0,-0,-0,-0,-0,-0,-0,-0,-0,-0,-0,
-0,-0,-0,-0,-0,-0,-0,-0,-0,-0,-0,-0,-0,-0,
-0,-0,-0,-0,-0,-0,-0,-0,-0,-0,-0,-0,-0,-0,
-0,-0,-0,-0,-0,-0,-0,-0,-0,-0,-0,-0,-0,-0,
-0,-0,-0,-0,-0,-0,-0,-0,-0,-0,-0,-0,-0,-0,
-0,-0,-0,-0,-0,-0,-0,-0,-0,-0,-0,-0,-0,-0,
-0,-0,-0,-0,-0,-0,-0,-0,-0,-0,-0,-0,-0,-0,
-0,-0,-0,-0,-0,-0,-0,-0,-0,-0,-0,-0,-0,-0,
-0,-0,-0,-0,-0,-0,-0,-0,-0,-0,-0,-0,-0,-0,
-0,-0,-0,-0,-0,-0,-0,-0,-0,-0,-0,-0,-0,-0,
-0,-0,-0,-0,-0,-0,-0,-0,-0,-0,-0,-0,-0,-0,
-0,-0,-0,-0,-0,-0,-0,-0,-0,-0,-0,-0,-0,-0,
-0,-0,-0,-0,-0,-0,-0,-0,-0,-0,-0,-0,-0,-0,
-0,-0,-0,-0,-0,-0,-0,-0,-0,-0,-0,-0,-0,-0,
-0,-0,-0,-0,-0,-0,-0,-0,-0,-0,-0,-0,-0,-0,
-0,-0,-0,-0,-0,-0,-0,-0,-0,-0,-0,-0,-0,-0,
-0,-0,-0,-0,-0,-0,-0,-0,-0,-0,-0,-0,-0,-0,
-0,-0,-0,-0,-0,-0,-0,-0,-0,-0,-0,-0,-0,-0,
-0,-0,-0,-0,-0,-0,-0,-0,-0,-0,-0,-0,-0,-0,
-0,-0,-0,-0,-0,-0,-0,-0,-0,-0,-0,-0,-0,-0,
-0,-0,-0,-0,-0,-0,-0,-0,-0,-0,-0,-0,-0,-0,
-0,-0,-0,-0,-0,-0,-0,-0,-0,-0,-0,-0,-0,-0,
-0,-0,-0,-0,-0,-0,-0,-0,-0,-0,-0,-0,-0,-0,
-0,-0,-0,-0,-0,-0,-0,-0,-0,-0,-0,-0,-0,-0,
-0,-0,-0,-0,-0,-0,-0,-0,-0,-0,-0,-0,-0,-0,
-0,-0,-0,-0,-0,-0,-0,-0,-0,-0,-0,-0,-0,-0,
-0,-0,-0,-0,-0,-0,-0,-0,-0,-0,-0,-0,-0,-0,
-0,-0,-0,-0,-0,-0,-0,-0,-0,-0,-0,-0,-0,-0,
-0,-0,-0,-0,-0,-0,-0,-0,-0,-0,-0,-0,-0,-0,
-0,-0,-0,-0,-0,-0,-0,-0,-0,-0,-0,-0,-0,-0,
-0,-0,-0,-0,-0,-0,-0,-0,-0,-0,-0,-0,-0,-0,
-0,-0,-0,-0,-0,-0,-0,-0,-0,-0,-0,-0,-0,-0,
-0,-0,-0,-0,-0,-0,-0,-0,-0,-0,-0,-0,-0,-0,
-0,-0,-0,-0,-0,-0,-0,-0,-0,-0,-0,-0,-0,-0,
-0,-0,-0,-0,-0,-0,-0,-0,-0,-0,-0,-0,-0,-0,
-0,-0,-0,-0,-0,-0,-0,-0,-0,-0,-0,-0,-0,-0,
-0,-0,-0,-0,-0,-0,-0,-0,-0,-0,-0,-0,-0,-0,
-0,-0,-0,-0,-0,-0,-0,-0,-0,-0,-0,-0,-0,-0,
-0,-0,-0,-0,-0,-0,-0,-0,-0,-0,-0,-0,-0,-0,
-0,-0,-0,-0,-0,-0,-0,-0,-0,-0,-0,-0,-0,-0,
-0,-0,-0,-0,-0,-0,-0,-0,-0,-0,-0,-0,-0,-0,
-0,-0,-0,-0,-0,-0,-0,-0,-0,-0,-0,-0,-0,-0,
-0,-0,-0,-0,-0,-0,-0,-0,-0,-0,-0,-0,-0,-0,
-0,-0,-0,-0,-0,-0,-0,-0,-0,-0,-0,-0,-0,-0,
-0,-0,-0,-0,-0,-0,-0,-0,-0,-0,-0,-0,-0,-0,
-0,-0,-0,-0,-0,-0,-0,-0,-0,-0,-0,-0,-0,-0,
-0,-0,-0,-0,-0,-0,-0,-0,-0,-0,-0,-0,-0,-0,
-0,-0,-0,-0,-0,-0,-0,-0,-0,-0,-0,-0,-0,-0,
-0,-0,-0,-0,-0,-0,-0,-0,-0,-0,-0,-0,-0,-0,
-0,-0,-0,-0,-0,-0,-0,-0,-0,-0,-0,-0,-0,-0,
-0,-0,-0,-0,-0,-0,-0,-0,-0,-0,-0,-0,-0,-0,
-0,-0,-0,-0,-0,-0,-0,-0,-0,-0,-0,-0,-0,-0,
-0,-0,-0,-0,-0,-0,-0,-0,-0,-0,-0,-0,-0,-0,
-0,-0,-0,-0,-0,-0,-0,-0,-0,-0,-0,-0,-0,-0,
-0,-0,-0,-0,-0,-0,-0,-0,-0,-0,-0,-0,-0,-0,
-0,-0,-0,-0,-0,-0,-0,-0,-0,-0,-0,-0,-0,-0,
-0,-0,-0,-0,-0,-0,-0,-0,-0,-0,-0,-0,-0,-0,
-0,-0,-0,-0,-0,-0,-0,-0,-0,-0,-0,-0,-0,-0,
-0,-0,-0,-0,-0,-0,-0,-0,-0,-0,-0,-0,-0,-0,
-0,-0,-0,-0,-0,-0,-0,-0,-0,-0,-0,-0,-0,-0,
-0,-0,-0,-0,-0,-0,-0,-0,-0,-0,-0,-0,-0,-0,
-0,-0,-0,-0,-0,-0,-0,-0,-0,-0,-0,-0,-0,-0,
-0,-0,-0,-0,-0,-0,-0,-0,-0,-0,-0,-0,-0,-0,
-0,-0,-0,-0,-0,-0,-0,-0,-0,-0,-0,-0,-0,-0,
-0,-0,-0,-0,-0,-0,-0,-0,-0,-0,-0,-0,-0,-0,
-0,-0,-0,-0,-0,-0,-0,-0,-0,-0,-0,-0,-0,-0,
-0,-0,-0,-0,-0,-0,-0,-0,-0,-0,-0,-0,-0,-0,
-0,-0,-0,-0,-0,-0,-0,-0,-0,-0,-0,-0,-0,-0,
-0,-0,-0,-0,-0,-0,-0,-0,-0,-0,-0,-0,-0,-0,
-0,-0,-0,-0,-0,-0,-0,-0,-0,-0,-0,-0,-0,-0,
-0,-0,-0,-0,-0,-0,-0,-0,-0,-0,-0,-0,-0,-0,
-0,-0,-0,-0,-0,-0,-0,-0,-0,-0,-0,-0,-0,-0,
-0,-0,-0,-0,-0,-0,-0,-0,-0,-0,-0,-0,-0,-0,
-0,-0,-0,-0,-0,-0,-0,-0,-0,-0,-0,-0,-0,-0,
-0,-0,-0,-0,-0,-0,-0,-0,-0,-0,-0,-0,-0,-0,
-0,-0,-0,-0,-0,-0,-0,-0,-0,-0,-0,-0,-0,-0,
-0,-0,-0,-0,-0,-0,-0,-0,-0,-0,-0,-0,-0,-0,
-0,-0,-0,-0,-0,-0,-0,-0,-0,-0,-0,-0,-0,-0,
-0,-0,-0,-0,-0,-0,-0,-0,-0,-0,-0,-0,-0,-0,
-0,-0,-0,-0,-0,-0,-0,-0,-0,-0,-0,-0,-0,-0,
-0,-0,-0,-0,-0,-0,-0,-0,-0,-0,-0,-0,-0,-0,
-0,-0,-0,-0,-0,-0,-0,-0,-0,-0,-0,-0,-0,-0,
-0,-0,-0,-0,-0,-0,-0,-0,-0,-0,-0,-0,-0,-0,
-0,-0,-0,-0,-0,-0,-0,-0,-0,-0,-0,-0,-0,-0,
-0,-0,-0,-0,-0,-0,-0,-0,-0,-0,-0,-0,-0,-0,
-0,-0,-0,-0,-0,-0,-0,-0,-0,-0,-0,-0,-0,-0,
-0,-0,-0,-0,-0,-0,-0,-0,-0,-0,-0,-0,-0,-0,
-0,-0,-0,-0,-0,-0,-0,-0,-0,-0,-0,-0,-0,-0,
-0,-0,-0,-0,-0,-0,-0,-0,-0,-0,-0,-0,-0,-0,
-0,-0,-0,-0,-0,-0,-0,-0,-0,-0,-0,-0,-0,-0,
-0,-0,-0,-0,-0,-0,-0,-0,-0,-0,-0,-0,-0,-0,
-0,-0,-0,-0,-0,-0,-0,-0,-0,-0,-0,-0,-0,-0,
-0,-0,-0,-0,-0,-0,-0,-0,-0,-0,-0,-0,-0,-0,
-0,-0,-0,-0,-0,-0,-0,-0,-0,-0,-0,-0,-0,-0,
-0,-0,-0,-0,-0,-0,-0,-0,-0,-0,-0,-0,-0,-0,
-0,-0,-0,-0,-0,-0,-0,-0,-0,-0,-0,-0,-0,-0,
-0,-0,-0,-0,-0,-0,-0,-0,-0,-0,-0,-0,-0,-0,
-0,-0,-0,-0,-0,-0,-0,-0,-0,-0,-0,-0,-0,-0,
-0,-0,-0,-0,-0,-0,-0,-0,-0,-0,-0,-0,-0,-0,
-0,-0,-0,-0,-0,-0,-0,-0,-0,-0,-0,-0,-0,-0,
-0,-0,-0,-0,-0,-0,-0,-0,-0,-0,-0,-0,-0,-0,
-0,-0,-0,-0,-0,-0,-0,-0,-0,-0,-0,-0,-0,-0,
-0,-0,-0,-0,-0,-0,-0,-0,-0,-0,-0,-0,-0,-0,
-0,-0,-0,-0,-0,-0,-0,-0,-0,-0,-0,-0,-0,-0,
-0,-0,-0,-0,-0,-0,-0,-0,-0,-0,-0,-0,-0,-0,
-0,-0,-0,-0,-0,-0,-0,-0,-0,-0,-0,-0,-0,-0,
-0,-0,-0,-0,-0,-0,-0,-0,-0,-0,-0,-0,-0,-0,
-0,-0,-0,-0,-0,-0,-0,-0,-0,-0,-0,-0,-0,-0,
-0,-0,-0,-0,-0,-0,-0,-0,-0,-0,-0,-0,-0,-0,
-0,-0,-0,-0,-0,-0,-0,-0,-0,-0,-0,-0,-0,-0,
-0,-0,-0,-0,-0,-0,-0,-0,-0,-0,-0,-0,-0,-0,
-0,-0,-0,-0,-0,-0,-0,-0,-0,-0,-0,-0,-0,-0,
-0,-0,-0,-0,-0,-0,-0,-0,-0,-0,-0,-0,-0,-0,
-0,-0,-0,-0,-0,-0,-0,-0,-0,-0,-0,-0,-0,-0,
-0,-0,-0,-0,-0,-0,-0,-0,-0,-0,-0,-0,-0,-0,
-0,-0,-0,-0,-0,-0,-0,-0,-0,-0,-0,-0,-0,-0,
-0,-0,-0,-0,-0,-0,-0,-0,-0,-0,-0,-0,-0,-0,
-0,-0,-0,-0,-0,-0,-0,-0,-0,-0,-0,-0,-0,-0,
-0,-0,-0,-0,-0,-0,-0,-0,-0,-0,-0,-0,-0,-0,
-0,-0,-0,-0,-0,-0,-0,-0,-0,-0,-0,-0,-0,-0,
-0,-0,-0,-0,-0,-0,-0,-0,-0,-0,-0,-0,-0,-0,
-0,-0,-0,-0,-0,-0,-0,-0,-0,-0,-0,-0,-0,-0,
-0,-0,-0,-0,-0,-0,-0,-0,-0,-0,-0,-0,-0,-0,
-0,-0,-0,-0,-0,-0,-0,-0,-0,-0,-0,-0,-0,-0,
-0,-0,-0,-0,-0,-0,-0,-0,-0,-0,-0,-0,-0,-0,
-0,-0,-0,-0,-0,-0,-0,-0,-0,-0,-0,-0,-0,-0,
-0,-0,-0,-0,-0,-0,-0,-0,-0,-0,-0,-0,-0,-0,
-0,-0,-0,-0,-0,-0,-0,-0,-0,-0,-0,-0,-0,-0,
-0,-0,-0,-0,-0,-0,-0,-0,-0,-0,-0,-0,-0,-0,
-0,-0,-0,-0,-0,-0,-0,-0,-0,-0,-0,-0,-0,-0,
-0,-0,-0,-0,-0,-0,-0,-0,-0,-0,-0,-0,-0,-0,
-0,-0,-0,-0,-0,-0,-0,-0,-0,-0,-0,-0,-0,-0,
-0,-0,-0,-0,-0,-0,-0,-0,-0,-0,-0,-0,-0,-0,
-0,-0,-0,-0,-0,-0,-0,-0,-0,-0,-0,-0,-0,-0,
-0,-0,-0,-0,-0,-0,-0,-0,-0,-0,-0,-0,-0,-0,
-0,-0,-0,-0,-0,-0,-0,-0,-0,-0,-0,-0,-0,-0,
-0,-0,-0,-0,-0,-0,-0,-0,-0,-0,-0,-0,-0,-0,
-0,-0,-0,-0,-0,-0,-0,-0,-0,-0,-0,-0,-0,-0,
-0,-0,-0,-0,-0,-0,-0,-0,-0,-0,-0,-0,-0,-0,
-0,-0,-0,-0,-0,-0,-0,-0,-0,-0,-0,-0,-0,-0,
-0,-0,-0,-0,-0,-0,-0,-0,-0,-0,-0,-0,-0,-0,
-0,-0,-0,-0,-0,-0,-0,-0,-0,-0,-0,-0,-0,-0,
-0,-0,-0,-0,-0,-0,-0,-0,-0,-0,-0,-0,-0,-0,
-0,-0,-0,-0,-0,-0,-0,-0,-0,-0,-0,-0,-0,-0,
-0,-0,-0,-0,-0,-0,-0,-0,-0,-0,-0,-0,-0,-0,
-0,-0,-0,-0,-0,-0,-0,-0,-0,-0,-0,-0,-0,-0,
-0,-0,-0,-0,-0,-0,-0,-0,-0,-0,-0,-0,-0,-0,
-0,-0,-0,-0,-0,-0,-0,-0,-0,-0,-0,-0,-0,-0,
-0,-0,-0,-0,-0,-0,-0,-0,-0,-0,-0,-0,-0,-0,
-0,-0,-0,-0,-0,-0,-0,-0,-0,-0,-0,-0,-0,-0,
-0,-0,-0,-0,-0,-0,-0,-0,-0,-0,-0,-0,-0,-0,
-0,-0,-0,-0,-0,-0,-0,-0,-0,-0,-0,-0,-0,-0,
-0,-0,-0,-0,-0,-0,-0,-0,-0,-0,-0,-0,-0,-0,
-0,-0,-0,-0,-0,-0,-0,-0,-0,-0,-0,-0,-0,-0,
-0,-0,-0,-0,-0,-0,-0,-0,-0,-0,-0,-0,-0,-0,
-0,-0,-0,-0,-0,-0,-0,-0,-0,-0,-0,-0,-0,-0,
-0,-0,-0,-0,-0,-0,-0,-0,-0,-0,-0,-0,-0,-0,
-0,-0,-0,-0,-0,-0,-0,-0,-0,-0,-0,-0,-0,-0,
-0,-0,-0,-0,-0,-0,-0,-0,-0,-0,-0,-0,-0,-0,
-0,-0,-0,-0,-0,-0,-0,-0,-0,-0,-0,-0,-0,-0,
-0,-0,-0,-0,-0,-0,-0,-0,-0,-0,-0,-0,-0,-0,
-0,-0,-0,-0,-0,-0,-0,-0,-0,-0,-0,-0,-0,-0,
-0,-0,-0,-0,-0,-0,-0,-0,-0,-0,-0,-0,-0,-0,
-0,-0,-0,-0,-0,-0,-0,-0,-0,-0,-0,-0,-0,-0,
-0,-0,-0,-0,-0,-0,-0,-0,-0,-0,-0,-0,-0,-0,
-0,-0,-0,-0,-0,-0,-0,-0,-0,-0,-0,-0,-0,-0,
-0,-0,-0,-0,-0,-0,-0,-0,-0,-0,-0,-0,-0,-0,
-0,-0,-0,-0,-0,-0,-0,-0,-0,-0,-0,-0,-0,-0,
-0,-0,-0,-0,-0,-0,-0,-0,-0,-0,-0,-0,-0,-0,
-0,-0,-0,-0,-0,-0,-0,-0,-0,-0,-0,-0,-0,-0,
-0,-0,-0,-0,-0,-0,-0,-0,-0,-0,-0,-0,-0,-0,
-0,-0,-0,-0,-0,-0,-0,-0,-0,-0,-0,-0,-0,-0,
-0,-0,-0,-0,-0,-0,-0,-0,-0,-0,-0,-0,-0,-0,
-0,-0,-0,-0,-0,-0,-0,-0,-0,-0,-0,-0,-0,-0,
-0,-0,-0,-0,-0,-0,-0,-0,-0,-0,-0,-0,-0,-0,
-0,-0,-0,-0,-0,-0,-0,-0,-0,-0,-0,-0,-0,-0,
-0,-0,-0,-0,-0,-0,-0,-0,-0,-0,-0,-0,-0,-0,
-0,-0,-0,-0,-0,-0,-0,-0,-0,-0,-0,-0,-0,-0,
-0,-0,-0,-0,-0,-0,-0,-0,-0,-0,-0,-0,-0,-0,
-0,-0,-0,-0,-0,-0,-0,-0,-0,-0,-0,-0,-0,-0,
-0,-0,-0,-0,-0,-0,-0,-0,-0,-0,-0,-0,-0,-0,
-0,-0,-0,-0,-0,-0,-0,-0,-0,-0,-0,-0,-0,-0,
-0,-0,-0,-0,-0,-0,-0,-0,-0,-0,-0,-0,-0,-0,
-0,-0,-0,-0,-0,-0,-0,-0,-0,-0,-0,-0,-0,-0,
-0,-0,-0,-0,-0,-0,-0,-0,-0,-0,-0,-0,-0,-0,
-0,-0,-0,-0,-0,-0,-0,-0,-0,-0,-0,-0,-0,-0,
-0,-0,-0,-0,-0,-0,-0,-0,-0,-0,-0,-0,-0,-0,
-0,-0,-0,-0,-0,-0,-0,-0,-0,-0,-0,-0,-0,-0,
-0,-0,-0,-0,-0,-0,-0,-0,-0,-0,-0,-0,-0,-0,
-0,-0,-0,-0,-0,-0,-0,-0,-0,-0,-0,-0,-0,-0,
-0,-0,-0,-0,-0,-0,-0,-0,-0,-0,-0,-0,-0,-0,
-0,-0,-0,-0,-0,-0,-0,-0,-0,-0,-0,-0,-0,-0,
-0,-0,-0,-0,-0,-0,-0,-0,-0,-0,-0,-0,-0,-0,
-0,-0,-0,-0,-0,-0,-0,-0,-0,-0,-0,-0,-0,-0,
-0,-0,-0,-0,-0,-0,-0,-0,-0,-0,-0,-0,-0,-0,
-0,-0,-0,-0,-0,-0,-0,-0,-0,-0,-0,-0,-0,-0,
-0,-0,-0,-0,-0,-0,-0,-0,-0,-0,-0,-0,-0,-0,
-0,-0,-0,-0,-0,-0,-0,-0,-0,-0,-0,-0,-0,-0,
-0,-0,-0,-0,-0,-0,-0,-0,-0,-0,-0,-0,-0,-0,
-0,-0,-0,-0,-0,-0,-0,-0,-0,-0,-0,-0,-0,-0,
-0,-0,-0,-0,-0,-0,-0,-0,-0,-0,-0,-0,-0,-0,
-0,-0,-0,-0,-0,-0,-0,-0,-0,-0,-0,-0,-0,-0,
-0,-0,-0,-0,-0,-0,-0,-0,-0,-0,-0,-0,-0,-0,
-0,-0,-0,-0,-0,-0,-0,-0,-0,-0,-0,-0,-0,-0,
-0,-0,-0,-0,-0,-0,-0,-0,-0,-0,-0,-0,-0,-0,
-0,-0,-0,-0,-0,-0,-0,-0,-0,-0,-0,-0,-0,-0,
-0,-0,-0,-0,-0,-0,-0,-0,-0,-0,-0,-0,-0,-0,
-0,-0,-0,-0,-0,-0,-0,-0,-0,-0,-0,-0,-0,-0,
-0,-0,-0,-0,-0,-0,-0,-0,-0,-0,-0,-0,-0,-0,
-0,-0,-0,-0,-0,-0,-0,-0,-0,-0,-0,-0,-0,-0,
-0,-0,-0,-0,-0,-0,-0,-0,-0,-0,-0,-0,-0,-0,
-0,-0,-0,-0,-0,-0,-0,-0,-0,-0,-0,-0,-0,-0,
-0,-0,-0,-0,-0,-0,-0,-0,-0,-0,-0,-0,-0,-0,
-0,-0,-0,-0,-0,-0,-0,-0,-0,-0,-0,-0,-0,-0,
-0,-0,-0,-0,-0,-0,-0,-0,-0,-0,-0,-0,-0,-0,
-0,-0,-0,-0,-0,-0,-0,-0,-0,-0,-0,-0,-0,-0,
-0,-0,-0,-0,-0,-0,-0,-0,-0,-0,-0,-0,-0,-0,
-0,-0,-0,-0,-0,-0,-0,-0,-0,-0,-0,-0,-0,-0,
-0,-0,-0,-0,-0,-0,-0,-0,-0,-0,-0,-0,-0,-0,
-0,-0,-0,-0,-0,-0,-0,-0,-0,-0,-0,-0,-0,-0,
-0,-0,-0,-0,-0,-0,-0,-0,-0,-0,-0,-0,-0,-0,
-0,-0,-0,-0,-0,-0,-0,-0,-0,-0,-0,-0,-0,-0,
-0,-0,-0,-0,-0,-0,-0,-0,-0,-0,-0,-0,-0,-0,
-0,-0,-0,-0,-0,-0,-0,-0,-0,-0,-0,-0,-0,-0,
-0,-0,-0,-0,-0,-0,-0,-0,-0,-0,-0,-0,-0,-0,
-0,-0,-0,-0,-0,-0,-0,-0,-0,-0,-0,-0,-0,-0,
-0,-0,-0,-0,-0,-0,-0,-0,-0,-0,-0,-0,-0,-0,
-0,-0,-0,-0,-0,-0,-0,-0,-0,-0,-0,-0,-0,-0,
-0,-0,-0,-0,-0,-0,-0,-0,-0,-0,-0,-0,-0,-0,
-0,-0,-0,-0,-0,-0,-0,-0,-0,-0,-0,-0,-0,-0,
-0,-0,-0,-0,-0,-0,-0,-0,-0,-0,-0,-0,-0,-0,
-0,-0,-0,-0,-0,-0,-0,-0,-0,-0,-0,-0,-0,-0,
-0,-0,-0,-0,-0,-0,-0,-0,-0,-0,-0,-0,-0,-0,
-0,-0,-0,-0,-0,-0,-0,-0,-0,-0,-0,-0,-0,-0,
-0,-0,-0,-0,-0,-0,-0,-0,-0,-0,-0,-0,-0,-0,
-0,-0,-0,-0,-0,-0,-0,-0,-0,-0,-0,-0,-0,-0,
-0,-0,-0,-0,-0,-0,-0,-0,-0,-0,-0,-0,-0,-0,
-0,-0,-0,-0,-0,-0,-0,-0,-0,-0,-0,-0,-0,-0,
-0,-0,-0,-0,-0,-0,-0,-0,-0,-0,-0,-0,-0,-0,
-0,-0,-0,-0,-0,-0,-0,-0,-0,-0,-0,-0,-0,-0,
-0,-0,-0,-0,-0,-0,-0,-0,-0,-0,-0,-0,-0,-0,
-0,-0,-0,-0,-0,-0,-0,-0,-0,-0,-0,-0,-0,-0,
-0,-0,-0,-0,-0,-0,-0,-0,-0,-0,-0,-0,-0,-0,
-0,-0,-0,-0,-0,-0,-0,-0,-0,-0,-0,-0,-0,-0,
-0,-0,-0,-0,-0,-0,-0,-0,-0,-0,-0,-0,-0,-0,
-0,-0,-0,-0,-0,-0,-0,-0,-0,-0,-0,-0,-0,-0,
-0,-0,-0,-0,-0,-0,-0,-0,-0,-0,-0,-0,-0,-0,
-0,-0,-0,-0,-0,-0,-0,-0,-0,-0,-0,-0,-0,-0,
-0,-0,-0,-0,-0,-0,-0,-0,-0,-0,-0,-0,-0,-0,
-0,-0,-0,-0,-0,-0,-0,-0,-0,-0,-0,-0,-0,-0,
-0,-0,-0,-0,-0,-0,-0,-0,-0,-0,-0,-0,-0,-0,
-0,-0,-0,-0,-0,-0,-0,-0,-0,-0,-0,-0,-0,-0,
-0,-0,-0,-0,-0,-0,-0,-0,-0,-0,-0,-0,-0,-0,
-0,-0,-0,-0,-0,-0,-0,-0,-0,-0,-0,-0,-0,-0,
-0,-0,-0,-0,-0,-0,-0,-0,-0,-0,-0,-0,-0,-0,
-0,-0,-0,-0,-0,-0,-0,-0,-0,-0,-0,-0,-0,-0,
-0,-0,-0,-0,-0,-0,-0,-0,-0,-0,-0,-0,-0,-0,
-0,-0,-0,-0,-0,-0,-0,-0,-0,-0,-0,-0,-0,-0,
-0,-0,-0,-0,-0,-0,-0,-0,-0,-0,-0,-0,-0,-0,
-0,-0,-0,-0,-0,-0,-0,-0,-0,-0,-0,-0,-0,-0,
-0,-0,-0,-0,-0,-0,-0,-0,-0,-0,-0,-0,-0,-0,
-0,-0,-0,-0,-0,-0,-0,-0,-0,-0,-0,-0,-0,-0,
-0,-0,-0,-0,-0,-0,-0,-0,-0,-0,-0,-0,-0,-0,
-0,-0,-0,-0,-0,-0,-0,-0,-0,-0,-0,-0,-0,-0,
-0,-0,-0,-0,-0,-0,-0,-0,-0,-0,-0,-0,-0,-0,
-0,-0,-0,-0,-0,-0,-0,-0,-0,-0,-0,-0,-0,-0,
-0,-0,-0,-0,-0,-0,-0,-0,-0,-0,-0,-0,-0,-0,
-0,-0,-0,-0,-0,-0,-0,-0,-0,-0,-0,-0,-0,-0,
-0,-0,-0,-0,-0,-0,-0,-0,-0,-0,-0,-0,-0,-0,
-0,-0,-0,-0,-0,-0,-0,-0,-0,-0,-0,-0,-0,-0,
-0,-0,-0,-0,-0,-0,-0,-0,-0,-0,-0,-0,-0,-0,
-0,-0,-0,-0,-0,-0,-0,-0,-0,-0,-0,-0,-0,-0,
-0,-0,-0,-0,-0,-0,-0,-0,-0,-0,-0,-0,-0,-0,
-0,-0,-0,-0,-0,-0,-0,-0,-0,-0,-0,-0,-0,-0,
-0,-0,-0,-0,-0,-0,-0,-0,-0,-0,-0,-0,-0,-0,
-0,-0,-0,-0,-0,-0,-0,-0,-0,-0,-0,-0,-0,-0,
-0,-0,-0,-0,-0,-0,-0,-0,-0,-0,-0,-0,-0,-0,
-0,-0,-0,-0,-0,-0,-0,-0,-0,-0,-0,-0,-0,-0,
-0,-0,-0,-0,-0,-0,-0,-0,-0,-0,-0,-0,-0,-0,
-0,-0,-0,-0,-0,-0,-0,-0,-0,-0,-0,-0,-0,-0,
-0,-0,-0,-0,-0,-0,-0,-0,-0,-0,-0,-0,-0,-0,
-0,-0,-0,-0,-0,-0,-0,-0,-0,-0,-0,-0,-0,-0,
-0,-0,-0,-0,-0,-0,-0,-0,-0,-0,-0,-0,-0,-0,
-0,-0,-0,-0,-0,-0,-0,-0,-0,-0,-0,-0,-0,-0,
-0,-0,-0,-0,-0,-0,-0,-0,-0,-0,-0,-0,-0,-0,
-0,-0,-0,-0,-0,-0,-0,-0,-0,-0,-0,-0,-0,-0,
-0,-0,-0,-0,-0,-0,-0,-0,-0,-0,-0,-0,-0,-0,
-0,-0,-0,-0,-0,-0,-0,-0,-0,-0,-0,-0,-0,-0,
-0,-0,-0,-0,-0,-0,-0,-0,-0,-0,-0,-0,-0,-0,
-0,-0,-0,-0,-0,-0,-0,-0,-0,-0,-0,-0,-0,-0,
-0,-0,-0,-0,-0,-0,-0,-0,-0,-0,-0,-0,-0,-0,
-0,-0,-0,-0,-0,-0,-0,-0,-0,-0,-0,-0,-0,-0,
-0,-0,-0,-0,-0,-0,-0,-0,-0,-0,-0,-0,-0,-0,
-0,-0,-0,-0,-0,-0,-0,-0,-0,-0,-0,-0,-0,-0,
-0,-0,-0,-0,-0,-0,-0,-0,-0,-0,-0,-0,-0,-0,
-0,-0,-0,-0,-0,-0,-0,-0,-0,-0,-0,-0,-0,-0,
-0,-0,-0,-0,-0,-0,-0,-0,-0,-0,-0,-0,-0,-0,
-0,-0,-0,-0,-0,-0,-0,-0,-0,-0,-0,-0,-0,-0,
-0,-0,-0,-0,-0,-0,-0,-0,-0,-0,-0,-0,-0,-0,
-0,-0,-0,-0,-0,-0,-0,-0,-0,-0,-0,-0,-0,-0,
-0,-0,-0,-0,-0,-0,-0,-0,-0,-0,-0,-0,-0,-0,
-0,-0,-0,-0,-0,-0,-0,-0,-0,-0,-0,-0,-0,-0,
-0,-0,-0,-0,-0,-0,-0,-0,-0,-0,-0,-0,-0,-0,
-0,-0,-0,-0,-0,-0,-0,-0,-0,-0,-0,-0,-0,-0,
-0,-0,-0,-0,-0,-0,-0,-0,-0,-0,-0,-0,-0,-0,
-0,-0,-0,-0,-0,-0,-0,-0,-0,-0,-0,-0,-0,-0,
-0,-0,-0,-0,-0,-0,-0,-0,-0,-0,-0,-0,-0,-0,
-0,-0,-0,-0,-0,-0,-0,-0,-0,-0,-0,-0,-0,-0,
-0,-0,-0,-0,-0,-0,-0,-0,-0,-0,-0,-0,-0,-0,
-0,-0,-0,-0,-0,-0,-0,-0,-0,-0,-0,-0,-0,-0,
-0,-0,-0,-0,-0,-0,-0,-0,-0,-0,-0,-0,-0,-0,
-0,-0,-0,-0,-0,-0,-0,-0,-0,-0,-0,-0,-0,-0,
-0,-0,-0,-0,-0,-0,-0,-0,-0,-0,-0,-0,-0,-0,
-0,-0,-0,-0,-0,-0,-0,-0,-0,-0,-0,-0,-0,-0,
-0,-0,-0,-0,-0,-0,-0,-0,-0,-0,-0,-0,-0,-0,
-0,-0,-0,-0,-0,-0,-0,-0,-0,-0,-0,-0,-0,-0,
-0,-0,-0,-0,-0,-0,-0,-0,-0,-0,-0,-0,-0,-0,
-0,-0,-0,-0,-0,-0,-0,-0,-0,-0,-0,-0,-0,-0,
-0,-0,-0,-0,-0,-0,-0,-0,-0,-0,-0,-0,-0,-0,
-0,-0,-0,-0,-0,-0,-0,-0,-0,-0,-0,-0,-0,-0,
-0,-0,-0,-0,-0,-0,-0,-0,-0,-0,-0,-0,-0,-0,
-0,-0,-0,-0,-0,-0,-0,-0,-0,-0,-0,-0,-0,-0,
-0,-0,-0,-0,-0,-0,-0,-0,-0,-0,-0,-0,-0,-0,
-0,-0,-0,-0,-0,-0,-0,-0,-0,-0,-0,-0,-0,-0,
-0,-0,-0,-0,-0,-0,-0,-0,-0,-0,-0,-0,-0,-0,
-0,-0,-0,-0,-0,-0,-0,-0,-0,-0,-0,-0,-0,-0,
-0,-0,-0,-0,-0,-0,-0,-0,-0,-0,-0,-0,-0,-0,
-0,-0,-0,-0,-0,-0,-0,-0,-0,-0,-0,-0,-0,-0,
-0,-0,-0,-0,-0,-0,-0,-0,-0,-0,-0,-0,-0,-0,
-0,-0,-0,-0,-0,-0,-0,-0,-0,-0,-0,-0,-0,-0,
-0,-0,-0,-0,-0,-0,-0,-0,-0,-0,-0,-0,-0,-0,
-0,-0,-0,-0,-0,-0,-0,-0,-0,-0,-0,-0,-0,-0,
-0,-0,-0,-0,-0,-0,-0,-0,-0,-0,-0,-0,-0,-0,
-0,-0,-0,-0,-0,-0,-0,-0,-0,-0,-0,-0,-0,-0,
-0,-0,-0,-0,-0,-0,-0,-0,-0,-0,-0,-0,-0,-0,
-0,-0,-0,-0,-0,-0,-0,-0,-0,-0,-0,-0,-0,-0,
-0,-0,-0,-0,-0,-0,-0,-0,-0,-0,-0,-0,-0,-0,
-0,-0,-0,-0,-0,-0,-0,-0,-0,-0,-0,-0,-0,-0,
-0,-0,-0,-0,-0,-0,-0,-0,-0,-0,-0,-0,-0,-0,
-0,-0,-0,-0,-0,-0,-0,-0,-0,-0,-0,-0,-0,-0,
-0,-0,-0,-0,-0,-0,-0,-0,-0,-0,-0,-0,-0,-0,
-0,-0,-0,-0,-0,-0,-0,-0,-0,-0,-0,-0,-0,-0,
-0,-0,-0,-0,-0,-0,-0,-0,-0,-0,-0,-0,-0,-0,
-0,-0,-0,-0,-0,-0,-0,-0,-0,-0,-0,-0,-0,-0,
-0,-0,-0,-0,-0,-0,-0,-0,-0,-0,-0,-0,-0,-0,
-0,-0,-0,-0,-0,-0,-0,-0,-0,-0,-0,-0,-0,-0,
-0,-0,-0,-0,-0,-0,-0,-0,-0,-0,-0,-0,-0,-0,
-0,-0,-0,-0,-0,-0,-0,-0,-0,-0,-0,-0,-0,-0,
-0,-0,-0,-0,-0,-0,-0,-0,-0,-0,-0,-0,-0,-0,
-0,-0,-0,-0,-0,-0,-0,-0,-0,-0,-0,-0,-0,-0,
-0,-0,-0,-0,-0,-0,-0,-0,-0,-0,-0,-0,-0,-0,
-0,-0,-0,-0,-0,-0,-0,-0,-0,-0,-0,-0,-0,-0,
-0,-0,-0,-0,-0,-0,-0,-0,-0,-0,-0,-0,-0,-0,
-0,-0,-0,-0,-0,-0,-0,-0,-0,-0,-0,-0,-0,-0,
-0,-0,-0,-0,-0,-0,-0,-0,-0,-0,-0,-0,-0,-0,
-0,-0,-0,-0,-0,-0,-0,-0,-0,-0,-0,-0,-0,-0,
-0,-0,-0,-0,-0,-0,-0,-0,-0,-0,-0,-0,-0,-0,
-0,-0,-0,-0,-0,-0,-0,-0,-0,-0,-0,-0,-0,-0,
-0,-0,-0,-0,-0,-0,-0,-0,-0,-0,-0,-0,-0,-0,
-0,-0,-0,-0,-0,-0,-0,-0,-0,-0,-0,-0,-0,-0,
-0,-0,-0,-0,-0,-0,-0,-0,-0,-0,-0,-0,-0,-0,
-0,-0,-0,-0,-0,-0,-0,-0,-0,-0,-0,-0,-0,-0,
-0,-0,-0,-0,-0,-0,-0,-0,-0,-0,-0,-0,-0,-0,
-0,-0,-0,-0,-0,-0,-0,-0,-0,-0,-0,-0,-0,-0,
-0,-0,-0,-0,-0,-0,-0,-0,-0,-0,-0,-0,-0,-0,
-0,-0,-0,-0,-0,-0,-0,-0,-0,-0,-0,-0,-0,-0,
-0,-0,-0,-0,-0,-0,-0,-0,-0,-0,-0,-0,-0,-0,
-0,-0,-0,-0,-0,-0,-0,-0,-0,-0,-0,-0,-0,-0,
-0,-0,-0,-0,-0,-0,-0,-0,-0,-0,-0,-0,-0,-0,
-0,-0,-0,-0,-0,-0,-0,-0,-0,-0,-0,-0,-0,-0,
-0,-0,-0,-0,-0,-0,-0,-0,-0,-0,-0,-0,-0,-0,
-0,-0,-0,-0,-0,-0,-0,-0,-0,-0,-0,-0,-0,-0,
-0,-0,-0,-0,-0,-0,-0,-0,-0,-0,-0,-0,-0,-0,
-0,-0,-0,-0,-0,-0,-0,-0,-0,-0,-0,-0,-0,-0,
-0,-0,-0,-0,-0,-0,-0,-0,-0,-0,-0,-0,-0,-0,
-0,-0,-0,-0,-0,-0,-0,-0,-0,-0,-0,-0,-0,-0,
-0,-0,-0,-0,-0,-0,-0,-0,-0,-0,-0,-0,-0,-0,
-0,-0,-0,-0,-0,-0,-0,-0,-0,-0,-0,-0,-0,-0,
-0,-0,-0,-0,-0,-0,-0,-0,-0,-0,-0,-0,-0,-0,
-0,-0,-0,-0,-0,-0,-0,-0,-0,-0,-0,-0,-0,-0,
-0,-0,-0,-0,-0,-0,-0,-0,-0,-0,-0,-0,-0,-0,
-0,-0,-0,-0,-0,-0,-0,-0,-0,-0,-0,-0,-0,-0,
-0,-0,-0,-0,-0,-0,-0,-0,-0,-0,-0,-0,-0,-0,
-0,-0,-0,-0,-0,-0,-0,-0,-0,-0,-0,-0,-0,-0,
-0,-0,-0,-0,-0,-0,-0,-0,-0,-0,-0,-0,-0,-0,
-0,-0,-0,-0,-0,-0,-0,-0,-0,-0,-0,-0,-0,-0,
-0,-0,-0,-0,-0,-0,-0,-0,-0,-0,-0,-0,-0,-0,
-0,-0,-0,-0,-0,-0,-0,-0,-0,-0,-0,-0,-0,-0,
-0,-0,-0,-0,-0,-0,-0,-0,-0,-0,-0,-0,-0,-0,
-0,-0,-0,-0,-0,-0,-0,-0,-0,-0,-0,-0,-0,-0,
-0,-0,-0,-0,-0,-0,-0,-0,-0,-0,-0,-0,-0,-0,
-0,-0,-0,-0,-0,-0,-0,-0,-0,-0,-0,-0,-0,-0,
-0,-0,-0,-0,-0,-0,-0,-0,-0,-0,-0,-0,-0,-0,
-0,-0,-0,-0,-0,-0,-0,-0,-0,-0,-0,-0,-0,-0,
-0,-0,-0,-0,-0,-0,-0,-0,-0,-0,-0,-0,-0,-0,
-0,-0,-0,-0,-0,-0,-0,-0,-0,-0,-0,-0,-0,-0,
-0,-0,-0,-0,-0,-0,-0,-0,-0,-0,-0,-0,-0,-0,
-0,-0,-0,-0,-0,-0,-0,-0,-0,-0,-0,-0,-0,-0,
-0,-0,-0,-0,-0,-0,-0,-0,-0,-0,-0,-0,-0,-0,
-0,-0,-0,-0,-0,-0,-0,-0,-0,-0,-0,-0,-0,-0,
-0,-0,-0,-0,-0,-0,-0,-0,-0,-0,-0,-0,-0,-0,
-0,-0,-0,-0,-0,-0,-0,-0,-0,-0,-0,-0,-0,-0,
-0,-0,-0,-0,-0,-0,-0,-0,-0,-0,-0,-0,-0,-0,
-0,-0,-0,-0,-0,-0,-0,-0,-0,-0,-0,-0,-0,-0,
-0,-0,-0,-0,-0,-0,-0,-0,-0,-0,-0,-0,-0,-0,
-0,-0,-0,-0,-0,-0,-0,-0,-0,-0,-0,-0,-0,-0,
-0,-0,-0,-0,-0,-0,-0,-0,-0,-0,-0,-0,-0,-0,
-0,-0,-0,-0,-0,-0,-0,-0,-0,-0,-0,-0,-0,-0,
-0,-0,-0,-0,-0,-0,-0,-0,-0,-0,-0,-0,-0,-0,
-0,-0,-0,-0,-0,-0,-0,-0,-0,-0,-0,-0,-0,-0,
-0,-0,-0,-0,-0,-0,-0,-0,-0,-0,-0,-0,-0,-0,
-0,-0,-0,-0,-0,-0,-0,-0,-0,-0,-0,-0,-0,-0,
-0,-0,-0,-0,-0,-0,-0,-0,-0,-0,-0,-0,-0,-0,
-0,-0,-0,-0,-0,-0,-0,-0,-0,-0,-0,-0,-0,-0,
-0,-0,-0,-0,-0,-0,-0,-0,-0,-0,-0,-0,-0,-0,
-0,-0,-0,-0,-0,-0,-0,-0,-0,-0,-0,-0,-0,-0,
-0,-0,-0,-0,-0,-0,-0,-0,-0,-0,-0,-0,-0,-0,
-0,-0,-0,-0,-0,-0,-0,-0,-0,-0,-0,-0,-0,-0,
-0,-0,-0,-0,-0,-0,-0,-0,-0,-0,-0,-0,-0,-0,
-0,-0,-0,-0,-0,-0,-0,-0,-0,-0,-0,-0,-0,-0,
-0,-0,-0,-0,-0,-0,-0,-0,-0,-0,-0,-0,-0,-0,
-0,-0,-0,-0,-0,-0,-0,-0,-0,-0,-0,-0,-0,-0,
-0,-0,-0,-0,-0,-0,-0,-0,-0,-0,-0,-0,-0,-0,
-0,-0,-0,-0,-0,-0,-0,-0,-0,-0,-0,-0,-0,-0,
-0,-0,-0,-0,-0,-0,-0,-0,-0,-0,-0,-0,-0,-0,
-0,-0,-0,-0,-0,-0,-0,-0,-0,-0,-0,-0,-0,-0,
-0,-0,-0,-0,-0,-0,-0,-0,-0,-0,-0,-0,-0,-0,
-0,-0,-0,-0,-0,-0,-0,-0,-0,-0,-0,-0,-0,-0,
-0,-0,-0,-0,-0,-0,-0,-0,-0,-0,-0,-0,-0,-0,
-0,-0,-0,-0,-0,-0,-0,-0,-0,-0,-0,-0,-0,-0,
-0,-0,-0,-0,-0,-0,-0,-0,-0,-0,-0,-0,-0,-0,
-0,-0,-0,-0,-0,-0,-0,-0,-0,-0,-0,-0,-0,-0,
-0,-0,-0,-0,-0,-0,-0,-0,-0,-0,-0,-0,-0,-0,
-0,-0,-0,-0,-0,-0,-0,-0,-0,-0,-0,-0,-0,-0,
-0,-0,-0,-0,-0,-0,-0,-0,-0,-0,-0,-0,-0,-0,
-0,-0,-0,-0,-0,-0,-0,-0,-0,-0,-0,-0,-0,-0,
-0,-0,-0,-0,-0,-0,-0,-0,-0,-0,-0,-0,-0,-0,
-0,-0,-0,-0,-0,-0,-0,-0,-0,-0,-0,-0,-0,-0,
-0,-0,-0,-0,-0,-0,-0,-0,-0,-0,-0,-0,-0,-0,
-0,-0,-0,-0,-0,-0,-0,-0,-0,-0,-0,-0,-0,-0,
-0,-0,-0,-0,-0,-0,-0,-0,-0,-0,-0,-0,-0,-0,
-0,-0,-0,-0,-0,-0,-0,-0,-0,-0,-0,-0,-0,-0,
-0,-0,-0,-0,-0,-0,-0,-0,-0,-0,-0,-0,-0,-0,
-0,-0,-0,-0,-0,-0,-0,-0,-0,-0,-0,-0,-0,-0,
-0,-0,-0,-0,-0,-0,-0,-0,-0,-0,-0,-0,-0,-0,
-0,-0,-0,-0,-0,-0,-0,-0,-0,-0,-0,-0,-0,-0,
-0,-0,-0,-0,-0,-0,-0,-0,-0,-0,-0,-0,-0,-0,
-0,-0,-0,-0,-0,-0,-0,-0,-0,-0,-0,-0,-0,-0,
-0,-0,-0,-0,-0,-0,-0,-0,-0,-0,-0,-0,-0,-0,
-0,-0,-0,-0,-0,-0,-0,-0,-0,-0,-0,-0,-0,-0,
-0,-0,-0,-0,-0,-0,-0,-0,-0,-0,-0,-0,-0,-0,
-0,-0,-0,-0,-0,-0,-0,-0,-0,-0,-0,-0,-0,-0,
-0,-0,-0,-0,-0,-0,-0,-0,-0,-0,-0,-0,-0,-0,
-0,-0,-0,-0,-0,-0,-0,-0,-0,-0,-0,-0,-0,-0,
-0,-0,-0,-0,-0,-0,-0,-0,-0,-0,-0,-0,-0,-0,
-0,-0,-0,-0,-0,-0,-0,-0,-0,-0,-0,-0,-0,-0,
-0,-0,-0,-0,-0,-0,-0,-0,-0,-0,-0,-0,-0,-0,
-0,-0,-0,-0,-0,-0,-0,-0,-0,-0,-0,-0,-0,-0,
-0,-0,-0,-0,-0,-0,-0,-0,-0,-0,-0,-0,-0,-0,
-0,-0,-0,-0,-0,-0,-0,-0,-0,-0,-0,-0,-0,-0,
-0,-0,-0,-0,-0,-0,-0,-0,-0,-0,-0,-0,-0,-0,
-0,-0,-0,-0,-0,-0,-0,-0,-0,-0,-0,-0,-0,-0,
-0,-0,-0,-0,-0,-0,-0,-0,-0,-0,-0,-0,-0,-0,
-0,-0,-0,-0,-0,-0,-0,-0,-0,-0,-0,-0,-0,-0,
-0,-0,-0,-0,-0,-0,-0,-0,-0,-0,-0,-0,-0,-0,
-0,-0,-0,-0,-0,-0,-0,-0,-0,-0,-0,-0,-0,-0,
-0,-0,-0,-0,-0,-0,-0,-0,-0,-0,-0,-0,-0,-0,
-0,-0,-0,-0,-0,-0,-0,-0,-0,-0,-0,-0,-0,-0,
-0,-0,-0,-0,-0,-0,-0,-0,-0,-0,-0,-0,-0,-0,
-0,-0,-0,-0,-0,-0,-0,-0,-0,-0,-0,-0,-0,-0,
-0,-0,-0,-0,-0,-0,-0,-0,-0,-0,-0,-0,-0,-0,
-0,-0,-0,-0,-0,-0,-0,-0,-0,-0,-0,-0,-0,-0,
-0,-0,-0,-0,-0,-0,-0,-0,-0,-0,-0,-0,-0,-0,
-0,-0,-0,-0,-0,-0,-0,-0,-0,-0,-0,-0,-0,-0,
-0,-0,-0,-0,-0,-0,-0,-0,-0,-0,-0,-0,-0,-0,
-0,-0,-0,-0,-0,-0,-0,-0,-0,-0,-0,-0,-0,-0,
-0,-0,-0,-0,-0,-0,-0,-0,-0,-0,-0,-0,-0,-0,
-0,-0,-0,-0,-0,-0,-0,-0,-0,-0,-0,-0,-0,-0,
-0,-0,-0,-0,-0,-0,-0,-0,-0,-0,-0,-0,-0,-0,
-0,-0,-0,-0,-0,-0,-0,-0,-0,-0,-0,-0,-0,-0,
-0,-0,-0,-0,-0,-0,-0,-0,-0,-0,-0,-0,-0,-0,
-0,-0,-0,-0,-0,-0,-0,-0,-0,-0,-0,-0,-0,-0,
-0,-0,-0,-0,-0,-0,-0,-0,-0,-0,-0,-0,-0,-0,
-0,-0,-0,-0,-0,-0,-0,-0,-0,-0,-0,-0,-0,-0,
-0,-0,-0,-0,-0,-0,-0,-0,-0,-0,-0,-0,-0,-0,
-0,-0,-0,-0,-0,-0,-0,-0,-0,-0,-0,-0,-0,-0,
-0,-0,-0,-0,-0,-0,-0,-0,-0,-0,-0,-0,-0,-0,
-0,-0,-0,-0,-0,-0,-0,-0,-0,-0,-0,-0,-0,-0,
-0,-0,-0,-0,-0,-0,-0,-0,-0,-0,-0,-0,-0,-0,
-0,-0,-0,-0,-0,-0,-0,-0,-0,-0,-0,-0,-0,-0,
-0,-0,-0,-0,-0,-0,-0,-0,-0,-0,-0,-0,-0,-0,
-0,-0,-0,-0,-0,-0,-0,-0,-0,-0,-0,-0,-0,-0,
-0,-0,-0,-0,-0,-0,-0,-0,-0,-0,-0,-0,-0,-0,
-0,-0,-0,-0,-0,-0,-0,-0,-0,-0,-0,-0,-0,-0,
-0,-0,-0,-0,-0,-0,-0,-0,-0,-0,-0,-0,-0,-0,
-0,-0,-0,-0,-0,-0,-0,-0,-0,-0,-0,-0,-0,-0,
-0,-0,-0,-0,-0,-0,-0,-0,-0,-0,-0,-0,-0,-0,
-0,-0,-0,-0,-0,-0,-0,-0,-0,-0,-0,-0,-0,-0,
-0,-0,-0,-0,-0,-0,-0,-0,-0,-0,-0,-0,-0,-0,
-0,-0,-0,-0,-0,-0,-0,-0,-0,-0,-0,-0,-0,-0,
-0,-0,-0,-0,-0,-0,-0,-0,-0,-0,-0,-0,-0,-0,
-0,-0,-0,-0,-0,-0,-0,-0,-0,-0,-0,-0,-0,-0,
-0,-0,-0,-0,-0,-0,-0,-0,-0,-0,-0,-0,-0,-0,
-0,-0,-0,-0,-0,-0,-0,-0,-0,-0,-0,-0,-0,-0,
-0,-0,-0,-0,-0,-0,-0,-0,-0,-0,-0,-0,-0,-0,
-0,-0,-0,-0,-0,-0,-0,-0,-0,-0,-0,-0,-0,-0,
-0,-0,-0,-0,-0,-0,-0,-0,-0,-0,-0,-0,-0,-0,
-0,-0,-0,-0,-0,-0,-0,-0,-0,-0,-0,-0,-0,-0,
-0,-0,-0,-0,-0,-0,-0,-0,-0,-0,-0,-0,-0,-0,
-0,-0,-0,-0,-0,-0,-0,-0,-0,-0,-0,-0,-0,-0,
-0,-0,-0,-0,-0,-0,-0,-0,-0,-0,-0,-0,-0,-0,
-0,-0,-0,-0,-0,-0,-0,-0,-0,-0,-0,-0,-0,-0,
-0,-0,-0,-0,-0,-0,-0,-0,-0,-0,-0,-0,-0,-0,
-0,-0,-0,-0,-0,-0,-0,-0,-0,-0,-0,-0,-0,-0,
-0,-0,-0,-0,-0,-0,-0,-0,-0,-0,-0,-0,-0,-0,
-0,-0,-0,-0,-0,-0,-0,-0,-0,-0,-0,-0,-0,-0,
-0,-0,-0,-0,-0,-0,-0,-0,-0,-0,-0,-0,-0,-0,
-0,-0,-0,-0,-0,-0,-0,-0,-0,-0,-0,-0,-0,-0,
-0,-0,-0,-0,-0,-0,-0,-0,-0,-0,-0,-0,-0,-0,
-0,-0,-0,-0,-0,-0,-0,-0,-0,-0,-0,-0,-0,-0,
-0,-0,-0,-0,-0,-0,-0,-0,-0,-0,-0,-0,-0,-0,
-0,-0,-0,-0,-0,-0,-0,-0,-0,-0,-0,-0,-0,-0,
-0,-0,-0,-0,-0,-0,-0,-0,-0,-0,-0,-0,-0,-0,
-0,-0,-0,-0,-0,-0,-0,-0,-0,-0,-0,-0,-0,-0,
-0,-0,-0,-0,-0,-0,-0,-0,-0,-0,-0,-0,-0,-0,
-0,-0,-0,-0,-0,-0,-0,-0,-0,-0,-0,-0,-0,-0,
-0,-0,-0,-0,-0,-0,-0,-0,-0,-0,-0,-0,-0,-0,
-0,-0,-0,-0,-0,-0,-0,-0,-0,-0,-0,-0,-0,-0,
-0,-0,-0,-0,-0,-0,-0,-0,-0,-0,-0,-0,-0,-0,
-0,-0,-0,-0,-0,-0,-0,-0,-0,-0,-0,-0,-0,-0,
-0,-0,-0,-0,-0,-0,-0,-0,-0,-0,-0,-0,-0,-0,
-0,-0,-0,-0,-0,-0,-0,-0,-0,-0,-0,-0,-0,-0,
-0,-0,-0,-0,-0,-0,-0,-0,-0,-0,-0,-0,-0,-0,
-0,-0,-0,-0,-0,-0,-0,-0,-0,-0,-0,-0,-0,-0,
-0,-0,-0,-0,-0,-0,-0,-0,-0,-0,-0,-0,-0,-0,
-0,-0,-0,-0,-0,-0,-0,-0,-0,-0,-0,-0,-0,-0,
-0,-0,-0,-0,-0,-0,-0,-0,-0,-0,-0,-0,-0,-0,
-0,-0,-0,-0,-0,-0,-0,-0,-0,-0,-0,-0,-0,-0,
-0,-0,-0,-0,-0,-0,-0,-0,-0,-0,-0,-0,-0,-0,
-0,-0,-0,-0,-0,-0,-0,-0,-0,-0,-0,-0,-0,-0,
-0,-0,-0,-0,-0,-0,-0,-0,-0,-0,-0,-0,-0,-0,
-0,-0,-0,-0,-0,-0,-0,-0,-0,-0,-0,-0,-0,-0,
-0,-0,-0,-0,-0,-0,-0,-0,-0,-0,-0,-0,-0,-0,
-0,-0,-0,-0,-0,-0,-0,-0,-0,-0,-0,-0,-0,-0,
-0,-0,-0,-0,-0,-0,-0,-0,-0,-0,-0,-0,-0,-0,
-0,-0,-0,-0,-0,-0,-0,-0,-0,-0,-0,-0,-0,-0,
-0,-0,-0,-0,-0,-0,-0,-0,-0,-0,-0,-0,-0,-0,
-0,-0,-0,-0,-0,-0,-0,-0,-0,-0,-0,-0,-0,-0,
-0,-0,-0,-0,-0,-0,-0,-0,-0,-0,-0,-0,-0,-0,
-0,-0,-0,-0,-0,-0,-0,-0,-0,-0,-0,-0,-0,-0,
-0,-0,-0,-0,-0,-0,-0,-0,-0,-0,-0,-0,-0,-0,
-0,-0,-0,-0,-0,-0,-0,-0,-0,-0,-0,-0,-0,-0,
-0,-0,-0,-0,-0,-0,-0,-0,-0,-0,-0,-0,-0,-0,
-0,-0,-0,-0,-0,-0,-0,-0,-0,-0,-0,-0,-0,-0,
-0,-0,-0,-0,-0,-0,-0,-0,-0,-0,-0,-0,-0,-0,
-0,-0,-0,-0,-0,-0,-0,-0,-0,-0,-0,-0,-0,-0,
-0,-0,-0,-0,-0,-0,-0,-0,-0,-0,-0,-0,-0,-0,
-0,-0,-0,-0,-0,-0,-0,-0,-0,-0,-0,-0,-0,-0,
-0,-0,-0,-0,-0,-0,-0,-0,-0,-0,-0,-0,-0,-0,
-0,-0,-0,-0,-0,-0,-0,-0,-0,-0,-0,-0,-0,-0,
-0,-0,-0,-0,-0,-0,-0,-0,-0,-0,-0,-0,-0,-0,
-0,-0,-0,-0,-0,-0,-0,-0,-0,-0,-0,-0,-0,-0,
-0,-0,-0,-0,-0,-0,-0,-0,-0,-0,-0,-0,-0,-0,
-0,-0,-0,-0,-0,-0,-0,-0,-0,-0,-0,-0,-0,-0,
-0,-0,-0,-0,-0,-0,-0,-0,-0,-0,-0,-0,-0,-0,
-0,-0,-0,-0,-0,-0,-0,-0,-0,-0,-0,-0,-0,-0,
-0,-0,-0,-0,-0,-0,-0,-0,-0,-0,-0,-0,-0,-0,
-0,-0,-0,-0,-0,-0,-0,-0,-0,-0,-0,-0,-0,-0,
-0,-0,-0,-0,-0,-0,-0,-0,-0,-0,-0,-0,-0,-0,
-0,-0,-0,-0,-0,-0,-0,-0,-0,-0,-0,-0,-0,-0,
-0,-0,-0,-0,-0,-0,-0,-0,-0,-0,-0,-0,-0,-0,
-0,-0,-0,-0,-0,-0,-0,-0,-0,-0,-0,-0,-0,-0,
-0,-0,-0,-0,-0,-0,-0,-0,-0,-0,-0,-0,-0,-0,
-0,-0,-0,-0,-0,-0,-0,-0,-0,-0,-0,-0,-0,-0,
-0,-0,-0,-0,-0,-0,-0,-0,-0,-0,-0,-0,-0,-0,
-0,-0,-0,-0,-0,-0,-0,-0,-0,-0,-0,-0,-0,-0,
-0,-0,-0,-0,-0,-0,-0,-0,-0,-0,-0,-0,-0,-0,
-0,-0,-0,-0,-0,-0,-0,-0,-0,-0,-0,-0,-0,-0,
-0,-0,-0,-0,-0,-0,-0,-0,-0,-0,-0,-0,-0,-0,
-0,-0,-0,-0,-0,-0,-0,-0,-0,-0,-0,-0,-0,-0,
-0,-0,-0,-0,-0,-0,-0,-0,-0,-0,-0,-0,-0,-0,
-0,-0,-0,-0,-0,-0,-0,-0,-0,-0,-0,-0,-0,-0,
-0,-0,-0,-0,-0,-0,-0,-0,-0,-0,-0,-0,-0,-0,
-0,-0,-0,-0,-0,-0,-0,-0,-0,-0,-0,-0,-0,-0,
-0,-0,-0,-0,-0,-0,-0,-0,-0,-0,-0,-0,-0,-0,
-0,-0,-0,-0,-0,-0,-0,-0,-0,-0,-0,-0,-0,-0,
-0,-0,-0,-0,-0,-0,-0,-0,-0,-0,-0,-0,-0,-0,
-0,-0,-0,-0,-0,-0,-0,-0,-0,-0,-0,-0,-0,-0,
-0,-0,-0,-0,-0,-0,-0,-0,-0,-0,-0,-0,-0,-0,
-0,-0,-0,-0,-0,-0,-0,-0,-0,-0,-0,-0,-0,-0,
-0,-0,-0,-0,-0,-0,-0,-0,-0,-0,-0,-0,-0,-0,
-0,-0,-0,-0,-0,-0,-0,-0,-0,-0,-0,-0,-0,-0,
-0,-0,-0,-0,-0,-0,-0,-0,-0,-0,-0,-0,-0,-0,
-0,-0,-0,-0,-0,-0,-0,-0,-0,-0,-0,-0,-0,-0,
-0,-0,-0,-0,-0,-0,-0,-0,-0,-0,-0,-0,-0,-0,
-0,-0,-0,-0,-0,-0,-0,-0,-0,-0,-0,-0,-0,-0,
-0,-0,-0,-0,-0,-0,-0,-0,-0,-0,-0,-0,-0,-0,
-0,-0,-0,-0,-0,-0,-0,-0,-0,-0,-0,-0,-0,-0,
-0,-0,-0,-0,-0,-0,-0,-0,-0,-0,-0,-0,-0,-0,
-0,-0,-0,-0,-0,-0,-0,-0,-0,-0,-0,-0,-0,-0,
-0,-0,-0,-0,-0,-0,-0,-0,-0,-0,-0,-0,-0,-0,
-0,-0,-0,-0,-0,-0,-0,-0,-0,-0,-0,-0,-0,-0,
-0,-0,-0,-0,-0,-0,-0,-0,-0,-0,-0,-0,-0,-0,
-0,-0,-0,-0,-0,-0,-0,-0,-0,-0,-0,-0,-0,-0,
-0,-0,-0,-0,-0,-0,-0,-0,-0,-0,-0,-0,-0,-0,
-0,-0,-0,-0,-0,-0,-0,-0,-0,-0,-0,-0,-0,-0,
-0,-0,-0,-0,-0,-0,-0,-0,-0,-0,-0,-0,-0,-0,
-0,-0,-0,-0,-0,-0,-0,-0,-0,-0,-0,-0,-0,-0,
-0,-0,-0,-0,-0,-0,-0,-0,-0,-0,-0,-0,-0,-0,
-0,-0,-0,-0,-0,-0,-0,-0,-0,-0,-0,-0,-0,-0,
-0,-0,-0,-0,-0,-0,-0,-0,-0,-0,-0,-0,-0,-0,
-0,-0,-0,-0,-0,-0,-0,-0,-0,-0,-0,-0,-0,-0,
-0,-0,-0,-0,-0,-0,-0,-0,-0,-0,-0,-0,-0,-0,
-0,-0,-0,-0,-0,-0,-0,-0,-0,-0,-0,-0,-0,-0,
-0,-0,-0,-0,-0,-0,-0,-0,-0,-0,-0,-0,-0,-0,
-0,-0,-0,-0,-0,-0,-0,-0,-0,-0,-0,-0,-0,-0,
-0,-0,-0,-0,-0,-0,-0,-0,-0,-0,-0,-0,-0,-0,
-0,-0,-0,-0,-0,-0,-0,-0,-0,-0,-0,-0,-0,-0,
-0,-0,-0,-0,-0,-0,-0,-0,-0,-0,-0,-0,-0,-0,
-0,-0,-0,-0,-0,-0,-0,-0,-0,-0,-0,-0,-0,-0,
-0,-0,-0,-0,-0,-0,-0,-0,-0,-0,-0,-0,-0,-0,
-0,-0,-0,-0,-0,-0,-0,-0,-0,-0,-0,-0,-0,-0,
0.141463056207,0.145925402641,0.137169986963,0.141496926546,0.141463056207,0.141496926546,0.132512718439,0.151028499007,0.132535159588,0.1510540694,0.155773937702,0.128475904465,0.155800327659,0.12849766016,
0.14215990901,0.146760597825,0.137753278017,0.14221136272,0.14215990901,0.14221136272,0.133243024349,0.151689603925,0.133277133107,0.15172842145,0.156570360065,0.129089444876,0.156610444188,0.12912248075,
0.14215990901,0.146760597825,0.137753278017,0.14221136272,0.14215990901,0.14221136272,0.133243024349,0.151689603925,0.133277133107,0.15172842145,0.156570360065,0.129089444876,0.156610444188,0.12912248075,
0.142832741141,0.147573515773,0.13831114769,0.142901852727,0.142832741141,0.142901852727,0.133951961994,0.152323871851,0.133997783065,0.152375981212,0.157341614366,0.129680141807,0.15739543736,0.129724502563,
0.1437048316,0.148708373308,0.138870805502,0.1437048316,0.1437048316,0.1437048316,0.134930148721,0.153050482273,0.134930148721,0.153050482273,0.158378720284,0.13039073348,0.158378720284,0.13039073348,
0.144875794649,0.150169730186,0.13980409503,0.144911497831,0.144875794649,0.144911497831,0.136191338301,0.154125511646,0.136215060949,0.154152363539,0.159737080336,0.131406903267,0.159764900804,0.131429791451,
0.145416513085,0.150859236717,0.140223920345,0.145471066236,0.145416513085,0.145471066236,0.136782050133,0.154613345861,0.136818319559,0.154654353857,0.160369515419,0.131872475147,0.160412058234,0.131907448173,
0.145937293768,0.151530534029,0.140622615814,0.146010935307,0.145937293768,0.146010935307,0.1373552531,0.155078798532,0.13740426302,0.155134111643,0.160981088877,0.132319152355,0.161038517952,0.132366359234,
0.14294052124,0.148614227772,0.137486919761,0.14294052124,0.14294052124,0.14294052124,0.134586438537,0.151814624667,0.134586438537,0.151814624667,0.157838121057,0.129449576139,0.157838121057,0.129449576139,
0.143411844969,0.149234235287,0.137837693095,0.143430128694,0.143411844969,0.143430128694,0.135112524033,0.152228102088,0.135124698281,0.152241826057,0.158395886421,0.129850670695,0.158410161734,0.129862368107,
0.144233956933,0.150358691812,0.13841445744,0.144288405776,0.144233956933,0.144288405776,0.13605491817,0.152923062444,0.1360912323,0.152963876724,0.159384220839,0.130538776517,0.159426778555,0.130573615432,
0.144601136446,0.150877207518,0.138657450676,0.144671887159,0.144601136446,0.144671887159,0.136485606432,0.153222635388,0.136532828212,0.15327565372,0.159831345081,0.130841493607,0.159886628389,0.130886763334,
0.145818829536,0.152276232839,0.139651462436,0.145833492279,0.145818829536,0.145833492279,0.137744516134,0.154371738434,0.137754291296,0.154382705688,0.16119839251,0.131910860538,0.161209851503,0.13192024827,
0.145818829536,0.152276232839,0.139651462436,0.145833492279,0.145818829536,0.145833492279,0.137744516134,0.154371738434,0.137754291296,0.154382705688,0.16119839251,0.131910860538,0.161209851503,0.13192024827,
0.146085381508,0.152694821358,0.139791980386,0.146114423871,0.146085381508,0.146114423871,0.138081848621,0.154562562704,0.138101249933,0.154584288597,0.161538079381,0.132118970156,0.161560773849,0.132137537003,
0.1463111341,0.153071418405,0.139891460538,0.146352857351,0.1463111341,0.146352857351,0.138380616903,0.154709801078,0.138408526778,0.154741004109,0.161833673716,0.132288902998,0.161866307259,0.132315576077,
0.1463111341,0.153071418405,0.139891460538,0.146352857351,0.1463111341,0.146352857351,0.138380616903,0.154709801078,0.138408526778,0.154741004109,0.161833673716,0.132288902998,0.161866307259,0.132315576077,
0.149000182748,0.155591934919,0.142688900232,0.149000182748,0.149000182748,0.149000182748,0.140826910734,0.157648175955,0.140826910734,0.157648175955,0.164621800184,0.13486123085,0.164621800184,0.13486123085,
0.149134814739,0.155878171325,0.142694309354,0.149145185947,0.149134814739,0.149145185947,0.141040354967,0.15769739449,0.141047284007,0.157705143094,0.164821475744,0.134944140911,0.164829567075,0.134950757027,
0.149134814739,0.155878171325,0.142694309354,0.149145185947,0.149134814739,0.149145185947,0.141040354967,0.15769739449,0.141047284007,0.157705143094,0.164821475744,0.134944140911,0.164829567075,0.134950757027,
0.149221330881,0.15611410141,0.142652526498,0.149240627885,0.149221330881,0.149240627885,0.141207680106,0.157696068287,0.141220599413,0.157710492611,0.164968922734,0.134982332587,0.164984017611,0.13499468565,
0.149257779121,0.156297564507,0.142562001944,0.14928470552,0.149257779121,0.14928470552,0.141326904297,0.157642394304,0.141344934702,0.157662510872,0.165062040091,0.13497415185,0.16508308053,0.13499134779,
0.144566208124,0.151977211237,0.137531831861,0.144578486681,0.144566208124,0.144578486681,0.13712503016,0.15241637826,0.137133255601,0.152425527573,0.160220563412,0.130445197225,0.160230189562,0.130453020334,
0.144566208124,0.151977211237,0.137531831861,0.144578486681,0.144566208124,0.144578486681,0.13712503016,0.15241637826,0.137133255601,0.152425527573,0.160220563412,0.130445197225,0.160230189562,0.130453020334,
0.144398182631,0.151942014694,0.137248948216,0.144415527582,0.144398182631,0.144415527582,0.13704508543,0.152152568102,0.137056723237,0.152165487409,0.160089448094,0.130250096321,0.160103037953,0.130261152983,
0.144177347422,0.151850506663,0.136915951967,0.144198924303,0.144177347422,0.144198924303,0.136913761497,0.151834324002,0.136928245425,0.151850402355,0.159900590777,0.130006462336,0.159917518497,0.130020231009,
0.145177781582,0.153177469969,0.13760317862,0.145183458924,0.145177781582,0.145183458924,0.138054341078,0.152671083808,0.138058140874,0.152675300837,0.161079406738,0.130847916007,0.161083847284,0.130851522088,
0.145177781582,0.153177469969,0.13760317862,0.145183458924,0.145177781582,0.145183458924,0.138054341078,0.152671083808,0.138058140874,0.152675300837,0.161079406738,0.130847916007,0.161083847284,0.130851522088,
0.144766941667,0.152884811163,0.137088894844,0.144774198532,0.144766941667,0.144774198532,0.137738645077,0.152156636119,0.137743532658,0.152162030339,0.160683721304,0.130429178476,0.160689413548,0.130433797836,
0.14430180192,0.152533590794,0.136524125934,0.144310235977,0.14430180192,0.144310235977,0.137369632721,0.151586920023,0.137375310063,0.151593178511,0.160228475928,0.129960894585,0.160235106945,0.129966259003,
0.146305561066,0.154382616282,0.138653188944,0.146306484938,0.146305561066,0.146306484938,0.139164224267,0.153814017773,0.139164835215,0.153814703226,0.162304341793,0.131884336472,0.16230507195,0.131884932518,
0.146305561066,0.154382616282,0.138653188944,0.146306484938,0.146305561066,0.146306484938,0.139164224267,0.153814017773,0.139164835215,0.153814703226,0.162304341793,0.131884336472,0.16230507195,0.131884932518,
0.145732939243,0.153918772936,0.137985467911,0.145734861493,0.145732939243,0.145734861493,0.138690337539,0.15313410759,0.13869163394,0.153135538101,0.161733865738,0.131315797567,0.161735370755,0.131317034364,
0.144426718354,0.152816563845,0.136501997709,0.144430220127,0.144426718354,0.144430220127,0.13758379221,0.151611417532,0.137586161494,0.151614025235,0.160415947437,0.130032375455,0.160418719053,0.130034610629,
0.144915193319,0.152957499027,0.137296333909,0.144915193319,0.144915193319,0.144915193319,0.137831032276,0.152363806963,0.137831032276,0.152363806963,0.160818964243,0.130584195256,0.160818964243,0.130584195256,
0.144136637449,0.152272373438,0.136436849833,0.144137322903,0.144136637449,0.144137322903,0.137153893709,0.151475444436,0.137154355645,0.151475965977,0.160024508834,0.129826381803,0.160025060177,0.129826828837,
0.142431154847,0.150739774108,0.134583309293,0.142433494329,0.142431154847,0.142433494329,0.135652497411,0.149549633265,0.135654062033,0.149551361799,0.158271670341,0.128176689148,0.158273518085,0.128178164363,
0.141506791115,0.149894744158,0.133591920137,0.141510099173,0.141506791115,0.141510099173,0.134830594063,0.148514926434,0.134832829237,0.148517385125,0.157315954566,0.127287238836,0.157318562269,0.127289354801,
0.145118385553,0.153681486845,0.137032389641,0.145118385553,0.145118385553,0.145118385553,0.138340875506,0.152227923274,0.138340875506,0.152227923274,0.161210551858,0.130632534623,0.161210551858,0.130632534623,
0.144127756357,0.152767941356,0.135977342725,0.144128933549,0.144127756357,0.144128933549,0.137454897165,0.15112490952,0.137455686927,0.151125788689,0.160183906555,0.129681304097,0.160184845328,0.129682049155,
0.143044099212,0.15175293386,0.134837910533,0.143047139049,0.143044099212,0.143047139049,0.136476397514,0.14992877841,0.136478453875,0.149931028485,0.15905508399,0.128645628691,0.159057483077,0.128647550941,
0.140749052167,0.149580672383,0.132445827127,0.140756443143,0.140749052167,0.140756443143,0.134391486645,0.147409617901,0.134396493435,0.147415101528,0.156655073166,0.126460000873,0.156660884619,0.126464694738,
0.140749052167,0.149580672383,0.132445827127,0.140756443143,0.140749052167,0.140756443143,0.134391486645,0.147409617901,0.134396493435,0.147415101528,0.156655073166,0.126460000873,0.156660884619,0.126464694738,
0.142698213458,0.151572361588,0.134346067905,0.142700836062,0.142698213458,0.142700836062,0.136254057288,0.149447932839,0.136255830526,0.14944986999,0.158740386367,0.128277927637,0.158742457628,0.128279596567,
0.141398459673,0.150322124362,0.133010208607,0.141404494643,0.141398459673,0.141404494643,0.135060831904,0.148035332561,0.135064899921,0.148039788008,0.157374501228,0.127045840025,0.157379239798,0.127049669623,
0.140063092113,0.149031430483,0.131643429399,0.140072658658,0.140063092113,0.140072658658,0.133831590414,0.146587669849,0.133838057518,0.146594747901,0.15596845746,0.125782236457,0.155975997448,0.125788316131,
0.140063092113,0.149031430483,0.131643429399,0.140072658658,0.140063092113,0.140072658658,0.133831590414,0.146587669849,0.133838057518,0.146594747901,0.15596845746,0.125782236457,0.155975997448,0.125788316131,
0.140214771032,0.149053812027,0.131899893284,0.140214771032,0.140214771032,0.140214771032,0.133894667029,0.146833196282,0.133894667029,0.146833196282,0.15608946979,0.125954568386,0.15608946979,0.125954568386,
0.137354716659,0.146264031529,0.128995776176,0.137362927198,0.137354716659,0.137362927198,0.131247147918,0.143748998642,0.131252706051,0.143755078316,0.153068512678,0.123256221414,0.153074979782,0.12326143682,
0.135858431458,0.144793987274,0.127486214042,0.135871142149,0.135858431458,0.135871142149,0.129856392741,0.142141774297,0.129864990711,0.142151176929,0.151483505964,0.121848359704,0.151493534446,0.121856428683,
0.134335368872,0.143292590976,0.125954285264,0.13435266912,0.134335368872,0.13435266912,0.12843824923,0.140508547425,0.128449946642,0.140521347523,0.149867728353,0.120417326689,0.149881377816,0.120428301394,
-0,-0,-0,-0,-0,-0,-0,-0,-0,-0,-0,-0,-0,-0,
-0,-0,-0,-0,-0,-0,-0,-0,-0,-0,-0,-0,-0,-0,
-0,-0,-0,-0,-0,-0,-0,-0,-0,-0,-0,-0,-0,-0,
-0,-0,-0,-0,-0,-0,-0,-0,-0,-0,-0,-0,-0,-0,
-0,-0,-0,-0,-0,-0,-0,-0,-0,-0,-0,-0,-0,-0,
-0,-0,-0,-0,-0,-0,-0,-0,-0,-0,-0,-0,-0,-0,
-0,-0,-0,-0,-0,-0,-0,-0,-0,-0,-0,-0,-0,-0,
-0,-0,-0,-0,-0,-0,-0,-0,-0,-0,-0,-0,-0,-0,
-0,-0,-0,-0,-0,-0,-0,-0,-0,-0,-0,-0,-0,-0,
-0,-0,-0,-0,-0,-0,-0,-0,-0,-0,-0,-0,-0,-0,
-0,-0,-0,-0,-0,-0,-0,-0,-0,-0,-0,-0,-0,-0,
-0,-0,-0,-0,-0,-0,-0,-0,-0,-0,-0,-0,-0,-0,
-0,-0,-0,-0,-0,-0,-0,-0,-0,-0,-0,-0,-0,-0,
-0,-0,-0,-0,-0,-0,-0,-0,-0,-0,-0,-0,-0,-0,
-0,-0,-0,-0,-0,-0,-0,-0,-0,-0,-0,-0,-0,-0,
-0,-0,-0,-0,-0,-0,-0,-0,-0,-0,-0,-0,-0,-0,
-0,-0,-0,-0,-0,-0,-0,-0,-0,-0,-0,-0,-0,-0,
-0,-0,-0,-0,-0,-0,-0,-0,-0,-0,-0,-0,-0,-0,
-0,-0,-0,-0,-0,-0,-0,-0,-0,-0,-0,-0,-0,-0,
-0,-0,-0,-0,-0,-0,-0,-0,-0,-0,-0,-0,-0,-0,
-0,-0,-0,-0,-0,-0,-0,-0,-0,-0,-0,-0,-0,-0,
-0,-0,-0,-0,-0,-0,-0,-0,-0,-0,-0,-0,-0,-0,
-0,-0,-0,-0,-0,-0,-0,-0,-0,-0,-0,-0,-0,-0,
-0,-0,-0,-0,-0,-0,-0,-0,-0,-0,-0,-0,-0,-0,
-0,-0,-0,-0,-0,-0,-0,-0,-0,-0,-0,-0,-0,-0,
-0,-0,-0,-0,-0,-0,-0,-0,-0,-0,-0,-0,-0,-0,
-0,-0,-0,-0,-0,-0,-0,-0,-0,-0,-0,-0,-0,-0,
-0,-0,-0,-0,-0,-0,-0,-0,-0,-0,-0,-0,-0,-0,
-0,-0,-0,-0,-0,-0,-0,-0,-0,-0,-0,-0,-0,-0,
-0,-0,-0,-0,-0,-0,-0,-0,-0,-0,-0,-0,-0,-0,
-0,-0,-0,-0,-0,-0,-0,-0,-0,-0,-0,-0,-0,-0,
-0,-0,-0,-0,-0,-0,-0,-0,-0,-0,-0,-0,-0,-0,
-0,-0,-0,-0,-0,-0,-0,-0,-0,-0,-0,-0,-0,-0,
-0,-0,-0,-0,-0,-0,-0,-0,-0,-0,-0,-0,-0,-0,
-0,-0,-0,-0,-0,-0,-0,-0,-0,-0,-0,-0,-0,-0,
-0,-0,-0,-0,-0,-0,-0,-0,-0,-0,-0,-0,-0,-0,
-0,-0,-0,-0,-0,-0,-0,-0,-0,-0,-0,-0,-0,-0,
-0,-0,-0,-0,-0,-0,-0,-0,-0,-0,-0,-0,-0,-0,
-0,-0,-0,-0,-0,-0,-0,-0,-0,-0,-0,-0,-0,-0,
-0,-0,-0,-0,-0,-0,-0,-0,-0,-0,-0,-0,-0,-0,
-0,-0,-0,-0,-0,-0,-0,-0,-0,-0,-0,-0,-0,-0,
-0,-0,-0,-0,-0,-0,-0,-0,-0,-0,-0,-0,-0,-0,
-0,-0,-0,-0,-0,-0,-0,-0,-0,-0,-0,-0,-0,-0,
-0,-0,-0,-0,-0,-0,-0,-0,-0,-0,-0,-0,-0,-0,
-0,-0,-0,-0,-0,-0,-0,-0,-0,-0,-0,-0,-0,-0,
-0,-0,-0,-0,-0,-0,-0,-0,-0,-0,-0,-0,-0,-0,
-0,-0,-0,-0,-0,-0,-0,-0,-0,-0,-0,-0,-0,-0,
-0,-0,-0,-0,-0,-0,-0,-0,-0,-0,-0,-0,-0,-0,
-0,-0,-0,-0,-0,-0,-0,-0,-0,-0,-0,-0,-0,-0,
-0,-0,-0,-0,-0,-0,-0,-0,-0,-0,-0,-0,-0,-0,
-0,-0,-0,-0,-0,-0,-0,-0,-0,-0,-0,-0,-0,-0,
-0,-0,-0,-0,-0,-0,-0,-0,-0,-0,-0,-0,-0,-0,
-0,-0,-0,-0,-0,-0,-0,-0,-0,-0,-0,-0,-0,-0,
-0,-0,-0,-0,-0,-0,-0,-0,-0,-0,-0,-0,-0,-0,
-0,-0,-0,-0,-0,-0,-0,-0,-0,-0,-0,-0,-0,-0,
-0,-0,-0,-0,-0,-0,-0,-0,-0,-0,-0,-0,-0,-0,
-0,-0,-0,-0,-0,-0,-0,-0,-0,-0,-0,-0,-0,-0,
-0,-0,-0,-0,-0,-0,-0,-0,-0,-0,-0,-0,-0,-0,
-0,-0,-0,-0,-0,-0,-0,-0,-0,-0,-0,-0,-0,-0,
-0,-0,-0,-0,-0,-0,-0,-0,-0,-0,-0,-0,-0,-0,
-0,-0,-0,-0,-0,-0,-0,-0,-0,-0,-0,-0,-0,-0,
-0,-0,-0,-0,-0,-0,-0,-0,-0,-0,-0,-0,-0,-0,
-0,-0,-0,-0,-0,-0,-0,-0,-0,-0,-0,-0,-0,-0,
-0,-0,-0,-0,-0,-0,-0,-0,-0,-0,-0,-0,-0,-0,
-0,-0,-0,-0,-0,-0,-0,-0,-0,-0,-0,-0,-0,-0,
-0,-0,-0,-0,-0,-0,-0,-0,-0,-0,-0,-0,-0,-0,
-0,-0,-0,-0,-0,-0,-0,-0,-0,-0,-0,-0,-0,-0,
-0,-0,-0,-0,-0,-0,-0,-0,-0,-0,-0,-0,-0,-0,
-0,-0,-0,-0,-0,-0,-0,-0,-0,-0,-0,-0,-0,-0,
-0,-0,-0,-0,-0,-0,-0,-0,-0,-0,-0,-0,-0,-0,
-0,-0,-0,-0,-0,-0,-0,-0,-0,-0,-0,-0,-0,-0,
-0,-0,-0,-0,-0,-0,-0,-0,-0,-0,-0,-0,-0,-0,
-0,-0,-0,-0,-0,-0,-0,-0,-0,-0,-0,-0,-0,-0,
-0,-0,-0,-0,-0,-0,-0,-0,-0,-0,-0,-0,-0,-0,
-0,-0,-0,-0,-0,-0,-0,-0,-0,-0,-0,-0,-0,-0,
-0,-0,-0,-0,-0,-0,-0,-0,-0,-0,-0,-0,-0,-0,
-0,-0,-0,-0,-0,-0,-0,-0,-0,-0,-0,-0,-0,-0,
-0,-0,-0,-0,-0,-0,-0,-0,-0,-0,-0,-0,-0,-0,
-0,-0,-0,-0,-0,-0,-0,-0,-0,-0,-0,-0,-0,-0,
-0,-0,-0,-0,-0,-0,-0,-0,-0,-0,-0,-0,-0,-0,
-0,-0,-0,-0,-0,-0,-0,-0,-0,-0,-0,-0,-0,-0,
-0,-0,-0,-0,-0,-0,-0,-0,-0,-0,-0,-0,-0,-0,
-0,-0,-0,-0,-0,-0,-0,-0,-0,-0,-0,-0,-0,-0,
-0,-0,-0,-0,-0,-0,-0,-0,-0,-0,-0,-0,-0,-0,
-0,-0,-0,-0,-0,-0,-0,-0,-0,-0,-0,-0,-0,-0,
-0,-0,-0,-0,-0,-0,-0,-0,-0,-0,-0,-0,-0,-0,
-0,-0,-0,-0,-0,-0,-0,-0,-0,-0,-0,-0,-0,-0,
-0,-0,-0,-0,-0,-0,-0,-0,-0,-0,-0,-0,-0,-0,
-0,-0,-0,-0,-0,-0,-0,-0,-0,-0,-0,-0,-0,-0,
-0,-0,-0,-0,-0,-0,-0,-0,-0,-0,-0,-0,-0,-0,
-0,-0,-0,-0,-0,-0,-0,-0,-0,-0,-0,-0,-0,-0,
-0,-0,-0,-0,-0,-0,-0,-0,-0,-0,-0,-0,-0,-0,
-0,-0,-0,-0,-0,-0,-0,-0,-0,-0,-0,-0,-0,-0,
-0,-0,-0,-0,-0,-0,-0,-0,-0,-0,-0,-0,-0,-0,
-0,-0,-0,-0,-0,-0,-0,-0,-0,-0,-0,-0,-0,-0,
-0,-0,-0,-0,-0,-0,-0,-0,-0,-0,-0,-0,-0,-0,
-0,-0,-0,-0,-0,-0,-0,-0,-0,-0,-0,-0,-0,-0,
-0,-0,-0,-0,-0,-0,-0,-0,-0,-0,-0,-0,-0,-0,
-0,-0,-0,-0,-0,-0,-0,-0,-0,-0,-0,-0,-0,-0,
-0,-0,-0,-0,-0,-0,-0,-0,-0,-0,-0,-0,-0,-0,
-0,-0,-0,-0,-0,-0,-0,-0,-0,-0,-0,-0,-0,-0,
-0,-0,-0,-0,-0,-0,-0,-0,-0,-0,-0,-0,-0,-0,
-0,-0,-0,-0,-0,-0,-0,-0,-0,-0,-0,-0,-0,-0,
-0,-0,-0,-0,-0,-0,-0,-0,-0,-0,-0,-0,-0,-0,
-0,-0,-0,-0,-0,-0,-0,-0,-0,-0,-0,-0,-0,-0,
-0,-0,-0,-0,-0,-0,-0,-0,-0,-0,-0,-0,-0,-0,
-0,-0,-0,-0,-0,-0,-0,-0,-0,-0,-0,-0,-0,-0,
-0,-0,-0,-0,-0,-0,-0,-0,-0,-0,-0,-0,-0,-0,
-0,-0,-0,-0,-0,-0,-0,-0,-0,-0,-0,-0,-0,-0,
-0,-0,-0,-0,-0,-0,-0,-0,-0,-0,-0,-0,-0,-0,
-0,-0,-0,-0,-0,-0,-0,-0,-0,-0,-0,-0,-0,-0,
-0,-0,-0,-0,-0,-0,-0,-0,-0,-0,-0,-0,-0,-0,
-0,-0,-0,-0,-0,-0,-0,-0,-0,-0,-0,-0,-0,-0,
-0,-0,-0,-0,-0,-0,-0,-0,-0,-0,-0,-0,-0,-0,
-0,-0,-0,-0,-0,-0,-0,-0,-0,-0,-0,-0,-0,-0,
-0,-0,-0,-0,-0,-0,-0,-0,-0,-0,-0,-0,-0,-0,
-0,-0,-0,-0,-0,-0,-0,-0,-0,-0,-0,-0,-0,-0,
-0,-0,-0,-0,-0,-0,-0,-0,-0,-0,-0,-0,-0,-0,
-0,-0,-0,-0,-0,-0,-0,-0,-0,-0,-0,-0,-0,-0,
-0,-0,-0,-0,-0,-0,-0,-0,-0,-0,-0,-0,-0,-0,
-0,-0,-0,-0,-0,-0,-0,-0,-0,-0,-0,-0,-0,-0,
-0,-0,-0,-0,-0,-0,-0,-0,-0,-0,-0,-0,-0,-0,
-0,-0,-0,-0,-0,-0,-0,-0,-0,-0,-0,-0,-0,-0,
-0,-0,-0,-0,-0,-0,-0,-0,-0,-0,-0,-0,-0,-0,
-0,-0,-0,-0,-0,-0,-0,-0,-0,-0,-0,-0,-0,-0,
-0,-0,-0,-0,-0,-0,-0,-0,-0,-0,-0,-0,-0,-0,
-0,-0,-0,-0,-0,-0,-0,-0,-0,-0,-0,-0,-0,-0,
-0,-0,-0,-0,-0,-0,-0,-0,-0,-0,-0,-0,-0,-0,
0.145118549466,0.151238843799,0.139246851206,0.145119532943,0.145118549466,0.145119532943,0.136888772249,0.153843387961,0.1368894279,0.153844118118,0.160331115127,0.131349638104,0.160331875086,0.131350263953,
0.145118549466,0.151238843799,0.139246851206,0.145119532943,0.145118549466,0.145119532943,0.136888772249,0.153843387961,0.1368894279,0.153844118118,0.160331115127,0.131349638104,0.160331875086,0.131350263953,
0.14906911552,0.155108362436,0.143266394734,0.149070575833,0.14906911552,0.149070575833,0.140573278069,0.158078849316,0.140574261546,0.1580799371,0.164482310414,0.135100618005,0.164483442903,0.135101556778,
0.151095211506,0.157091647387,0.145329236984,0.151096850634,0.151095211506,0.151096850634,0.142463773489,0.160250112414,0.142464861274,0.16025133431,0.166608989239,0.137026444077,0.166610255837,0.137027487159,
0.151095211506,0.157091647387,0.145329236984,0.151096850634,0.151095211506,0.151096850634,0.142463773489,0.160250112414,0.142464861274,0.16025133431,0.166608989239,0.137026444077,0.166610255837,0.137027487159,
0.147928237915,0.154454231262,0.141679763794,0.147928580642,0.147928237915,0.147928580642,0.139777243137,0.156555011868,0.139777466655,0.156555265188,0.163460612297,0.133872285485,0.163460865617,0.133872494102,
0.150046899915,0.156543523073,0.143821954727,0.150047525764,0.150046899915,0.150047525764,0.141761600971,0.158816993237,0.141762018204,0.158817440271,0.165692195296,0.135879456997,0.165692672133,0.135879859328,
0.154404371977,0.160842880607,0.148234635592,0.15441429615,0.154404371977,0.15441429615,0.145846307278,0.163468047976,0.145852938294,0.163475483656,0.170278221369,0.140013366938,0.170285969973,0.140019744635,
0.156646683812,0.163057744503,0.150509744883,0.156668037176,0.156646683812,0.156668037176,0.147950470448,0.165861010551,0.14796474576,0.165877014399,0.17263661325,0.142143845558,0.172653257847,0.142157554626,
0.15104226768,0.157761618495,0.144611746073,0.15104226768,0.15104226768,0.15104226768,0.142833009362,0.159724012017,0.142833009362,0.159724012017,0.166828140616,0.136750802398,0.166828140616,0.136750802398,
0.153327867389,0.160033583641,0.146919518709,0.153342202306,0.153327867389,0.153342202306,0.14498347044,0.162157595158,0.144993066788,0.162168323994,0.169240117073,0.13891620934,0.169251292944,0.138925388455,
0.155655428767,0.162347614765,0.149271532893,0.155686438084,0.155655428767,0.155686438084,0.147174626589,0.164635211229,0.147195354104,0.164658397436,0.171694904566,0.141123265028,0.171719074249,0.141143143177,
0.154465317726,0.161423414946,0.147817537189,0.154465317726,0.154465317726,0.154465317726,0.146222621202,0.163175374269,0.146222621202,0.163175374269,0.170519992709,0.139924809337,0.170519992709,0.139924809337,
0.154465317726,0.161423414946,0.147817537189,0.154465317726,0.154465317726,0.154465317726,0.146222621202,0.163175374269,0.146222621202,0.163175374269,0.170519992709,0.139924809337,0.170519992709,0.139924809337,
0.159307196736,0.1662517488,0.15269061923,0.159335508943,0.159307196736,0.159335508943,0.150792479515,0.168314293027,0.15081140399,0.168335437775,0.175629869103,0.14451174438,0.175651922822,0.144529893994,
0.161783486605,0.168718621135,0.155181661248,0.161822408438,0.161783486605,0.161822408438,0.153130859137,0.17093989253,0.153156906366,0.170968979597,0.178240001202,0.146859437227,0.178270339966,0.146884426475,
0.164278849959,0.171201661229,0.157691791654,0.16432544589,0.164278849959,0.16432544589,0.155487492681,0.17358456552,0.155518680811,0.173619389534,0.180867701769,0.149226665497,0.180903971195,0.14925660193,
0.154732584953,0.161300331354,0.148445814848,0.154732584953,0.154732584953,0.154732584953,0.14626288414,0.163698628545,0.14626288414,0.163698628545,0.170637562871,0.140312537551,0.170637562871,0.140312537551,
0.159576222301,0.166119262576,0.153309077024,0.159580558538,0.159576222301,0.159580558538,0.150833427906,0.168833166361,0.150836318731,0.168836444616,0.175743743777,0.144899711013,0.175747126341,0.144902512431,
0.162016838789,0.168544128537,0.155758470297,0.16201877594,0.162016838789,0.16201877594,0.153137251735,0.171418100595,0.153138533235,0.171419546008,0.178313270211,0.147212892771,0.178314760327,0.147214129567,
0.164452001452,0.170960262418,0.158202379942,0.164448261261,0.164452001452,0.164448261261,0.155435815454,0.173996269703,0.155433297157,0.173993468285,0.180874377489,0.149522334337,0.180871427059,0.149519920349,
0.162741318345,0.169903993607,0.15589402616,0.162732690573,0.162741318345,0.162732690573,0.154201388359,0.171756714582,0.154195606709,0.171750277281,0.179309308529,0.147707775235,0.179302588105,0.147702246904,
0.167555183172,0.174698501825,0.160690456629,0.167517825961,0.167555183172,0.167517825961,0.158758997917,0.17683249712,0.158733963966,0.176804631948,0.184379950166,0.152261793613,0.184350907803,0.152237802744,
0.169920191169,0.177049130201,0.163047432899,0.169864401221,0.169920191169,0.169864401221,0.16099780798,0.179325222969,0.160960406065,0.179283574224,0.186867341399,0.15450130403,0.186823934317,0.154465422034,
0.169920191169,0.177049130201,0.163047432899,0.169864401221,0.169920191169,0.169864401221,0.16099780798,0.179325222969,0.160960406065,0.179283574224,0.186867341399,0.15450130403,0.186823934317,0.154465422034,
0.164914220572,0.17092871666,0.159125715494,0.164914220572,0.164914220572,0.164914220572,0.155595868826,0.174796000123,0.155595868826,0.174796000123,0.181161850691,0.150126993656,0.181161850691,0.150126993656,
0.167088061571,0.173072680831,0.161302223802,0.167064473033,0.167088061571,0.167064473033,0.157644927502,0.177095010877,0.157629191875,0.177077323198,0.183441832662,0.152189224958,0.183423519135,0.152174040675,
0.17129650712,0.177214458585,0.165517374873,0.171220213175,0.17129650712,0.171220213175,0.161610707641,0.181544691324,0.161559835076,0.181487515569,0.18784917891,0.156185373664,0.187790006399,0.156136214733,
0.17129650712,0.177214458585,0.165517374873,0.171220213175,0.17129650712,0.171220213175,0.161610707641,0.181544691324,0.161559835076,0.181487515569,0.18784917891,0.156185373664,0.187790006399,0.156136214733,
0.173321515322,0.17920319736,0.167546659708,0.173216670752,0.173321515322,0.173216670752,0.163518413901,0.183685466647,0.163448467851,0.183606863022,0.189966797829,0.158110141754,0.189885541797,0.158042505383,
0.165221646428,0.171195417643,0.159471675754,0.165221646428,0.165221646428,0.165221646428,0.15586528182,0.175145626068,0.15586528182,0.175145626068,0.181468367577,0.150432765484,0.181468367577,0.150432765484,
0.167138233781,0.173081189394,0.161388501525,0.167110949755,0.167138233781,0.167110949755,0.15767031908,0.177172154188,0.157652154565,0.177151694894,0.183476924896,0.152250498533,0.183455765247,0.152232944965,
0.168950989842,0.174860551953,0.163199096918,0.168891236186,0.168950989842,0.168891236186,0.15937691927,0.179087683558,0.159337058663,0.179042890668,0.18537452817,0.153969883919,0.185328185558,0.153931364417,
0.172386035323,0.178225263953,0.166632264853,0.172260031104,0.172386035323,0.172260031104,0.162609413266,0.182717487216,0.162525340915,0.182623043656,0.188965499401,0.157230913639,0.188867837191,0.157149672508,
0.167441785336,0.173368349671,0.161707624793,0.167410835624,0.167441785336,0.167410835624,0.157955348492,0.17749555409,0.157934695482,0.177472367883,0.183782532811,0.152549862862,0.183758497238,0.152529895306,
0.168889313936,0.174783065915,0.16315074265,0.168823689222,0.168889313936,0.168823689222,0.159315958619,0.179024815559,0.159272179008,0.178975626826,0.185295760632,0.153922185302,0.185244843364,0.153879895806,
0.168889313936,0.174783065915,0.16315074265,0.168823689222,0.168889313936,0.168823689222,0.159315958619,0.179024815559,0.159272179008,0.178975626826,0.185295760632,0.153922185302,0.185244843364,0.153879895806,
0.170266926289,0.176127284765,0.164524868131,0.170166864991,0.170266926289,0.170166864991,0.160610243678,0.180480450392,0.160543516278,0.180405452847,0.186734586954,0.155228972435,0.186656996608,0.155164495111,
0.164836123586,0.171006277204,0.158910781145,0.164836123586,0.164836123586,0.164836123586,0.155620664358,0.174605950713,0.155620664358,0.174605950713,0.181127250195,0.150014549494,0.181127250195,0.150014549494,
0.165892720222,0.172034174204,0.159960627556,0.165859341621,0.165892720222,0.165859341621,0.156611591578,0.175722211599,0.15658929944,0.17569719255,0.182231277227,0.151014477015,0.182205349207,0.150992959738,
0.166876062751,0.172988787293,0.160938590765,0.16681060195,0.166876062751,0.16681060195,0.157533049583,0.176761597395,0.157489344478,0.176712587476,0.183257743716,0.151945635676,0.183206900954,0.151903480291,
0.167785674334,0.173869475722,0.161843970418,0.167688965797,0.167785674334,0.167688965797,0.158384472132,0.177723661065,0.1583199054,0.177651211619,0.18420612812,0.152807503939,0.18413105607,0.152745217085,
0.167109578848,0.172913789749,0.161528095603,0.167109578848,0.167109578848,0.167109578848,0.157582804561,0.177222877741,0.157582804561,0.177222877741,0.183360308409,0.152304559946,0.183360308409,0.152304559946,
0.168586120009,0.174329310656,0.163001477718,0.168525248766,0.168586120009,0.168525248766,0.158959001303,0.178788110614,0.158918395638,0.178742438555,0.184894010425,0.153705909848,0.184846803546,0.153666630387,
0.169163912535,0.17487642169,0.163578286767,0.169072955847,0.169163912535,0.169072955847,0.159494698048,0.179401755333,0.159434080124,0.179333537817,0.185491591692,0.154254674911,0.185421079397,0.154196023941,
0.169669151306,0.175351247191,0.164083480835,0.16954921186,0.169669151306,0.16954921186,0.159961596131,0.179939299822,0.1598816365,0.179849341512,0.186012789607,0.154735028744,0.18591979146,0.154657676816,
0.17372700572,0.178866356611,0.168728783727,0.173698872328,0.17372700572,0.173698872328,0.163499504328,0.184594273567,0.163480773568,0.184573143721,0.19005677104,0.158796951175,0.190034985542,0.158778756857,
0.17372700572,0.178866356611,0.168728783727,0.173698872328,0.17372700572,0.173698872328,0.163499504328,0.184594273567,0.163480773568,0.184573143721,0.19005677104,0.158796951175,0.190034985542,0.158778756857,
0.174158751965,0.179235056043,0.16916666925,0.174076020718,0.174158751965,0.174076020718,0.163882732391,0.185062125325,0.163827687502,0.184999987483,0.190487727523,0.159211546183,0.190423741937,0.159158080816,
0.174269706011,0.179315745831,0.169281706214,0.174161866307,0.174269706011,0.174161866307,0.163975030184,0.185185909271,0.163903266191,0.185104891658,0.190593257546,0.159319490194,0.190509855747,0.159249782562,
0.175324365497,0.180556550622,0.17026565969,0.175324365497,0.175324365497,0.175324365497,0.165064930916,0.18623059988,0.165064930916,0.18623059988,0.191773787141,0.160290151834,0.191773787141,0.160290151834,
0.175193712115,0.180397331715,0.170139297843,0.175170332193,0.175193712115,0.175170332193,0.164928108454,0.186100110412,0.164912551641,0.186082527041,0.191625997424,0.160168483853,0.191607907414,0.160153374076,
0.174730047584,0.179878816009,0.169685825706,0.1746635288,0.174730047584,0.1746635288,0.164462849498,0.185626611114,0.164418578148,0.185576632619,0.191118404269,0.159733399749,0.191066935658,0.159690394998,
0.174403294921,0.179525628686,0.169365018606,0.174316987395,0.174403294921,0.174316987395,0.164140298963,0.1852902174,0.164082854986,0.185225367546,0.190765097737,0.15942594409,0.190698325634,0.159370169044,
0.174840956926,0.180158823729,0.169703319669,0.174840956926,0.174840956926,0.174840956926,0.164661571383,0.185660079122,0.164661571383,0.185660079122,0.191291153431,0.159809827805,0.191291153431,0.159809827805,
0.174352303147,0.179645255208,0.169220641255,0.174333944917,0.174352303147,0.174333944917,0.164185643196,0.18515317142,0.164173409343,0.185139387846,0.190768241882,0.159348428249,0.190754055977,0.159336566925,
0.173804536462,0.17907308042,0.168679520488,0.173768937588,0.173804536462,0.173768937588,0.163653716445,0.184584259987,0.163630008698,0.184557542205,0.1901832968,0.158831164241,0.190155759454,0.158808156848,
0.172537282109,0.177758410573,0.167427673936,0.172470584512,0.172537282109,0.172470584512,0.162427097559,0.183266282082,0.162382707,0.183216199279,0.18883292377,0.15763437748,0.188781306148,0.15759126842,
0.176283791661,0.181685268879,0.171053394675,0.176269412041,0.176283791661,0.176269412041,0.166073650122,0.187126755714,0.166064053774,0.187115967274,0.192852526903,0.161139592528,0.192841395736,0.161130294204,
0.17540371418,0.180782809854,0.170182093978,0.17537599802,0.17540371418,0.17537599802,0.165226042271,0.186209231615,0.165207564831,0.186188399792,0.191919118166,0.160306960344,0.191897660494,0.16028906405,
0.17540371418,0.180782809854,0.170182093978,0.17537599802,0.17540371418,0.17537599802,0.165226042271,0.186209231615,0.165207564831,0.186188399792,0.191919118166,0.160306960344,0.191897660494,0.16028906405,
0.174472659826,0.179829642177,0.169260621071,0.174432635307,0.174472659826,0.174432635307,0.164330124855,0.185238197446,0.164303466678,0.185208171606,0.190931975842,0.15942633152,0.190901011229,0.159400463104,
0.17290353775,0.178262040019,0.167709037662,0.172880962491,0.17290353775,0.172880962491,0.162838488817,0.183593958616,0.162823438644,0.183576986194,0.189279571176,0.157942891121,0.189262062311,0.157928302884,
0.171743661165,0.177080571651,0.166560485959,0.171710938215,0.171743661165,0.171710938215,0.16172555089,0.182382285595,0.161703780293,0.182357728481,0.18805128336,0.156845986843,0.188025966287,0.156824871898,
0.170540243387,0.175855621696,0.165369257331,0.170498237014,0.170540243387,0.170498237014,0.160571470857,0.181124925613,0.160543516278,0.181093364954,0.186776861548,0.155708342791,0.186744332314,0.155681237578,
0.170540243387,0.175855621696,0.165369257331,0.170498237014,0.170540243387,0.170498237014,0.160571470857,0.181124925613,0.160543516278,0.181093364954,0.186776861548,0.155708342791,0.186744332314,0.155681237578,
0.173636123538,0.179381594062,0.168100357056,0.173636123538,0.173636123538,0.173636123538,0.163741588593,0.18413823843,0.163741588593,0.18413823843,0.190214693546,0.15850751102,0.190214693546,0.15850751102,
0.170900985599,0.176597416401,0.165397837758,0.170884713531,0.170900985599,0.170884713531,0.16111728549,0.181283250451,0.161106467247,0.181271031499,0.187318354845,0.155923068523,0.187305733562,0.155912578106,
0.169435322285,0.175106853247,0.163949817419,0.169411823153,0.169435322285,0.169411823153,0.159712255001,0.179752483964,0.159696578979,0.179734826088,0.185766071081,0.154538810253,0.185747861862,0.154523655772,
0.169435322285,0.175106853247,0.163949817419,0.169411823153,0.169435322285,0.169411823153,0.159712255001,0.179752483964,0.159696578979,0.179734826088,0.185766071081,0.154538810253,0.185747861862,0.154523655772,
0.172413527966,0.178087547421,0.166940897703,0.172413527966,0.172413527966,0.172413527966,0.162531763315,0.18290425837,0.162531763315,0.18290425837,0.188909947872,0.157361492515,0.188909947872,0.157361492515,
0.170853316784,0.176502794027,0.165399000049,0.170847073197,0.170853316784,0.170847073197,0.161036595702,0.181274622679,0.161032408476,0.181269899011,0.187258675694,0.155887335539,0.187253832817,0.155883282423,
0.167489141226,0.173088893294,0.162074312568,0.167472377419,0.167489141226,0.167472377419,0.157815679908,0.17775824666,0.157804518938,0.17774567008,0.183697342873,0.152710273862,0.18368434906,0.152699485421,
0.167489141226,0.173088893294,0.162074312568,0.167472377419,0.167489141226,0.167472377419,0.157815679908,0.17775824666,0.157804518938,0.17774567008,0.183697342873,0.152710273862,0.18368434906,0.152699485421,
0.16576564312,0.1713398844,0.16037209332,0.165744513273,0.16576564312,0.165744513273,0.156166344881,0.175956279039,0.156152248383,0.175940424204,0.181871727109,0.151083916426,0.181855350733,0.151070296764,
0.167681694031,0.173249080777,0.162312746048,0.167677521706,0.167681694031,0.167677521706,0.157987535,0.177977785468,0.157984748483,0.177974656224,0.183874696493,0.152918756008,0.18387144804,0.152916043997,
0.16581171751,0.171353816986,0.160464212298,0.165803551674,0.16581171751,0.165803551674,0.156199097633,0.176021650434,0.156193643808,0.176015526056,0.181895047426,0.151153340936,0.181888699532,0.151148080826,
0.162007331848,0.167496904731,0.156705722213,0.161992147565,0.162007331848,0.161992147565,0.152562066913,0.172040745616,0.152551963925,0.172029316425,0.17786449194,0.147564768791,0.177852675319,0.147554978728,
0.160076141357,0.165538370609,0.154798865318,0.16005782783,0.160076141357,0.16005782783,0.150716573,0.170019239187,0.150704368949,0.170005485415,0.175816848874,0.145744651556,0.175802633166,0.145732849836,
0.163022011518,0.168889820576,0.157381892204,0.163022011518,0.163022011518,0.163022011518,0.153730064631,0.17288428545,0.153730064631,0.17288428545,0.179091826081,0.148398816586,0.179091826081,0.148398816586,
0.16097073257,0.166806787252,0.155359610915,0.160967856646,0.16097073257,0.160967856646,0.151767879725,0.170739337802,0.151765972376,0.170737192035,0.176916077733,0.1464664042,0.17691385746,0.146464556456,
0.158905595541,0.16470913589,0.153324589133,0.158900275826,0.158905595541,0.158900275826,0.149792969227,0.168579429388,0.14978942275,0.168575435877,0.174724340439,0.144522160292,0.174720197916,0.144518733025,
0.154739171267,0.160475447774,0.149221688509,0.154730021954,0.154739171267,0.154730021954,0.145810246468,0.164220303297,0.145804136992,0.164213433862,0.170298606157,0.140603333712,0.170291483402,0.140597447753,
0.156795278192,0.162591189146,0.151226758957,0.156793609262,0.156795278192,0.156793609262,0.147784665227,0.166362345219,0.147783562541,0.16636107862,0.172498896718,0.142525419593,0.172497600317,0.142524346709,
0.154586941004,0.160348564386,0.149052485824,0.154584959149,0.154586941004,0.154584959149,0.145674824715,0.164051130414,0.145673513412,0.164049640298,0.170152872801,0.140449032187,0.17015132308,0.140447765589,
0.154586941004,0.160348564386,0.149052485824,0.154584959149,0.154586941004,0.154584959149,0.145674824715,0.164051130414,0.145673513412,0.164049640298,0.170152872801,0.140449032187,0.17015132308,0.140447765589,
0.152372568846,0.158099010587,0.146873265505,0.152370512486,0.152372568846,0.152370512486,0.143559798598,0.161733031273,0.143558427691,0.161731496453,0.167798876762,0.138368353248,0.167797297239,0.138367027044,
0.14863704145,0.153898626566,0.143577545881,0.148636952043,0.14863704145,0.148636952043,0.139770701528,0.158073738217,0.139770641923,0.158073663712,0.163655236363,0.135001376271,0.163655176759,0.135001316667,
0.146363154054,0.151593476534,0.14133515954,0.146363079548,0.146363154054,0.146363079548,0.137604370713,0.155687242746,0.13760432601,0.155687212944,0.161236837506,0.132865816355,0.161236792803,0.132865771651,
0.144089743495,0.149287864566,0.139094308019,0.144089862704,0.144089743495,0.144089862704,0.135439097881,0.153300642967,0.135439172387,0.153300732374,0.158817246556,0.130732223392,0.158817321062,0.130732297897,
0.144089743495,0.149287864566,0.139094308019,0.144089862704,0.144089743495,0.144089862704,0.135439097881,0.153300642967,0.135439172387,0.153300732374,0.158817246556,0.130732223392,0.158817321062,0.130732297897,
0.147510528564,0.152732521296,0.142480507493,0.14751175046,0.147510528564,0.14751175046,0.138663738966,0.156925871968,0.13866455853,0.15692679584,0.162473216653,0.133928835392,0.162474185228,0.133929640055,
0.147510528564,0.152732521296,0.142480507493,0.14751175046,0.147510528564,0.14751175046,0.138663738966,0.156925871968,0.13866455853,0.15692679584,0.162473216653,0.133928835392,0.162474185228,0.133929640055,
0.145093485713,0.150283634663,0.140096589923,0.145095556974,0.145093485713,0.145095556974,0.136362731457,0.154387578368,0.136364102364,0.154389128089,0.159901887178,0.131659701467,0.159903496504,0.13166102767,
0.148892372847,0.153976514935,0.143982797861,0.148892372847,0.148892372847,0.148892372847,0.139883384109,0.158483356237,0.139883384109,0.158483356237,0.163891255856,0.135267794132,0.163891255856,0.135267794132,
0.14641828835,0.151473507285,0.141539573669,0.146419554949,0.14641828835,0.146419554949,0.137529477477,0.155883729458,0.137530311942,0.155884683132,0.161261379719,0.132943332195,0.161262378097,0.132944136858,
0.14641828835,0.151473507285,0.141539573669,0.146419554949,0.14641828835,0.146419554949,0.137529477477,0.155883729458,0.137530311942,0.155884683132,0.161261379719,0.132943332195,0.161262378097,0.132944136858,
0.141439497471,0.146435171366,0.136624395847,0.141443431377,0.141439497471,0.141443431377,0.132795855403,0.150648653507,0.132798478007,0.150651618838,0.155963867903,0.128270298243,0.155966967344,0.128272846341,
0.138965860009,0.143930152059,0.1341843009,0.138971328735,0.138965860009,0.138971328735,0.130445078015,0.148046582937,0.130448698997,0.148050710559,0.153328746557,0.125951349735,0.153333008289,0.125954866409,
0.145239770412,0.149722859263,0.140892952681,0.145239770412,0.145239770412,0.145239770412,0.136096835136,0.154997482896,0.136096835136,0.154997482896,0.159780606627,0.132022693753,0.159780606627,0.132022693753,
0.142714843154,0.147177875042,0.138390704989,0.142716437578,0.142714843154,0.142716437578,0.133701711893,0.152336627245,0.133702754974,0.152337834239,0.157098531723,0.129648983479,0.157099783421,0.129650011659,
0.140177518129,0.144619941711,0.135876148939,0.140180230141,0.140177518129,0.140180230141,0.13129606843,0.149661123753,0.131297856569,0.149663180113,0.154401496053,0.127265065908,0.154403626919,0.127266824245,
0.135144650936,0.139542281628,0.130892679095,0.135149970651,0.135144650936,0.135149970651,0.126526519656,0.144351989031,0.126530051231,0.144356012344,0.149045214057,0.122542381287,0.149049341679,0.122545793653,
0.140789523721,0.144735142589,0.136951446533,0.140789523721,0.140789523721,0.140789523721,0.131604284048,0.150615826249,0.131604284048,0.150615826249,0.154836833477,0.128016620874,0.154836833477,0.128016620874,
0.140789523721,0.144735142589,0.136951446533,0.140789523721,0.140789523721,0.140789523721,0.131604284048,0.150615826249,0.131604284048,0.150615826249,0.154836833477,0.128016620874,0.154836833477,0.128016620874,
0.138206005096,0.142140284181,0.134381771088,0.138207197189,0.138206005096,0.138207197189,0.129161015153,0.147884771228,0.129161804914,0.147885680199,0.152093932033,0.125586524606,0.152094855905,0.125587299466,
0.135638743639,0.139560312033,0.131829768419,0.135641217232,0.135638743639,0.135641217232,0.126733839512,0.145170137286,0.126735463738,0.145171999931,0.149365901947,0.123173803091,0.149367824197,0.123175390065,
0.1305578053,0.13444955647,0.126783177257,0.130562439561,0.1305578053,0.130562439561,0.121932134032,0.13979510963,0.121935196221,0.139798611403,0.143959671259,0.11840479821,0.14396327734,0.118407770991,
-0,-0,-0,-0,-0,-0,-0,-0,-0,-0,-0,-0,-0,-0,
-0,-0,-0,-0,-0,-0,-0,-0,-0,-0,-0,-0,-0,-0,
-0,-0,-0,-0,-0,-0,-0,-0,-0,-0,-0,-0,-0,-0,
-0,-0,-0,-0,-0,-0,-0,-0,-0,-0,-0,-0,-0,-0,
-0,-0,-0,-0,-0,-0,-0,-0,-0,-0,-0,-0,-0,-0,
-0,-0,-0,-0,-0,-0,-0,-0,-0,-0,-0,-0,-0,-0,
-0,-0,-0,-0,-0,-0,-0,-0,-0,-0,-0,-0,-0,-0,
-0,-0,-0,-0,-0,-0,-0,-0,-0,-0,-0,-0,-0,-0,
-0,-0,-0,-0,-0,-0,-0,-0,-0,-0,-0,-0,-0,-0,
-0,-0,-0,-0,-0,-0,-0,-0,-0,-0,-0,-0,-0,-0,
-0,-0,-0,-0,-0,-0,-0,-0,-0,-0,-0,-0,-0,-0,
-0,-0,-0,-0,-0,-0,-0,-0,-0,-0,-0,-0,-0,-0,
-0,-0,-0,-0,-0,-0,-0,-0,-0,-0,-0,-0,-0,-0,
-0,-0,-0,-0,-0,-0,-0,-0,-0,-0,-0,-0,-0,-0,
-0,-0,-0,-0,-0,-0,-0,-0,-0,-0,-0,-0,-0,-0,
-0,-0,-0,-0,-0,-0,-0,-0,-0,-0,-0,-0,-0,-0,
-0,-0,-0,-0,-0,-0,-0,-0,-0,-0,-0,-0,-0,-0,
-0,-0,-0,-0,-0,-0,-0,-0,-0,-0,-0,-0,-0,-0,
-0,-0,-0,-0,-0,-0,-0,-0,-0,-0,-0,-0,-0,-0,
-0,-0,-0,-0,-0,-0,-0,-0,-0,-0,-0,-0,-0,-0,
-0,-0,-0,-0,-0,-0,-0,-0,-0,-0,-0,-0,-0,-0,
-0,-0,-0,-0,-0,-0,-0,-0,-0,-0,-0,-0,-0,-0,
-0,-0,-0,-0,-0,-0,-0,-0,-0,-0,-0,-0,-0,-0,
-0,-0,-0,-0,-0,-0,-0,-0,-0,-0,-0,-0,-0,-0,
-0,-0,-0,-0,-0,-0,-0,-0,-0,-0,-0,-0,-0,-0,
-0,-0,-0,-0,-0,-0,-0,-0,-0,-0,-0,-0,-0,-0,
-0,-0,-0,-0,-0,-0,-0,-0,-0,-0,-0,-0,-0,-0,
-0,-0,-0,-0,-0,-0,-0,-0,-0,-0,-0,-0,-0,-0,
-0,-0,-0,-0,-0,-0,-0,-0,-0,-0,-0,-0,-0,-0,
-0,-0,-0,-0,-0,-0,-0,-0,-0,-0,-0,-0,-0,-0,
-0,-0,-0,-0,-0,-0,-0,-0,-0,-0,-0,-0,-0,-0,
-0,-0,-0,-0,-0,-0,-0,-0,-0,-0,-0,-0,-0,-0,
-0,-0,-0,-0,-0,-0,-0,-0,-0,-0,-0,-0,-0,-0,
-0,-0,-0,-0,-0,-0,-0,-0,-0,-0,-0,-0,-0,-0,
-0,-0,-0,-0,-0,-0,-0,-0,-0,-0,-0,-0,-0,-0,
-0,-0,-0,-0,-0,-0,-0,-0,-0,-0,-0,-0,-0,-0,
-0,-0,-0,-0,-0,-0,-0,-0,-0,-0,-0,-0,-0,-0,
-0,-0,-0,-0,-0,-0,-0,-0,-0,-0,-0,-0,-0,-0,
-0,-0,-0,-0,-0,-0,-0,-0,-0,-0,-0,-0,-0,-0,
-0,-0,-0,-0,-0,-0,-0,-0,-0,-0,-0,-0,-0,-0,
-0,-0,-0,-0,-0,-0,-0,-0,-0,-0,-0,-0,-0,-0,
-0,-0,-0,-0,-0,-0,-0,-0,-0,-0,-0,-0,-0,-0,
-0,-0,-0,-0,-0,-0,-0,-0,-0,-0,-0,-0,-0,-0,
-0,-0,-0,-0,-0,-0,-0,-0,-0,-0,-0,-0,-0,-0,
-0,-0,-0,-0,-0,-0,-0,-0,-0,-0,-0,-0,-0,-0,
-0,-0,-0,-0,-0,-0,-0,-0,-0,-0,-0,-0,-0,-0,
-0,-0,-0,-0,-0,-0,-0,-0,-0,-0,-0,-0,-0,-0,
-0,-0,-0,-0,-0,-0,-0,-0,-0,-0,-0,-0,-0,-0,
-0,-0,-0,-0,-0,-0,-0,-0,-0,-0,-0,-0,-0,-0,
-0,-0,-0,-0,-0,-0,-0,-0,-0,-0,-0,-0,-0,-0,
-0,-0,-0,-0,-0,-0,-0,-0,-0,-0,-0,-0,-0,-0,
-0,-0,-0,-0,-0,-0,-0,-0,-0,-0,-0,-0,-0,-0,
-0,-0,-0,-0,-0,-0,-0,-0,-0,-0,-0,-0,-0,-0,
-0,-0,-0,-0,-0,-0,-0,-0,-0,-0,-0,-0,-0,-0,
-0,-0,-0,-0,-0,-0,-0,-0,-0,-0,-0,-0,-0,-0,
-0,-0,-0,-0,-0,-0,-0,-0,-0,-0,-0,-0,-0,-0,
-0,-0,-0,-0,-0,-0,-0,-0,-0,-0,-0,-0,-0,-0,
-0,-0,-0,-0,-0,-0,-0,-0,-0,-0,-0,-0,-0,-0,
-0,-0,-0,-0,-0,-0,-0,-0,-0,-0,-0,-0,-0,-0,
-0,-0,-0,-0,-0,-0,-0,-0,-0,-0,-0,-0,-0,-0,
-0,-0,-0,-0,-0,-0,-0,-0,-0,-0,-0,-0,-0,-0,
-0,-0,-0,-0,-0,-0,-0,-0,-0,-0,-0,-0,-0,-0,
-0,-0,-0,-0,-0,-0,-0,-0,-0,-0,-0,-0,-0,-0,
-0,-0,-0,-0,-0,-0,-0,-0,-0,-0,-0,-0,-0,-0,
-0,-0,-0,-0,-0,-0,-0,-0,-0,-0,-0,-0,-0,-0,
-0,-0,-0,-0,-0,-0,-0,-0,-0,-0,-0,-0,-0,-0,
-0,-0,-0,-0,-0,-0,-0,-0,-0,-0,-0,-0,-0,-0,
-0,-0,-0,-0,-0,-0,-0,-0,-0,-0,-0,-0,-0,-0,
-0,-0,-0,-0,-0,-0,-0,-0,-0,-0,-0,-0,-0,-0,
-0,-0,-0,-0,-0,-0,-0,-0,-0,-0,-0,-0,-0,-0,
-0,-0,-0,-0,-0,-0,-0,-0,-0,-0,-0,-0,-0,-0,
-0,-0,-0,-0,-0,-0,-0,-0,-0,-0,-0,-0,-0,-0,
-0,-0,-0,-0,-0,-0,-0,-0,-0,-0,-0,-0,-0,-0,
-0,-0,-0,-0,-0,-0,-0,-0,-0,-0,-0,-0,-0,-0,
-0,-0,-0,-0,-0,-0,-0,-0,-0,-0,-0,-0,-0,-0,
-0,-0,-0,-0,-0,-0,-0,-0,-0,-0,-0,-0,-0,-0,
-0,-0,-0,-0,-0,-0,-0,-0,-0,-0,-0,-0,-0,-0,
-0,-0,-0,-0,-0,-0,-0,-0,-0,-0,-0,-0,-0,-0,
-0,-0,-0,-0,-0,-0,-0,-0,-0,-0,-0,-0,-0,-0,
-0,-0,-0,-0,-0,-0,-0,-0,-0,-0,-0,-0,-0,-0,
-0,-0,-0,-0,-0,-0,-0,-0,-0,-0,-0,-0,-0,-0,
-0,-0,-0,-0,-0,-0,-0,-0,-0,-0,-0,-0,-0,-0,
-0,-0,-0,-0,-0,-0,-0,-0,-0,-0,-0,-0,-0,-0,
-0,-0,-0,-0,-0,-0,-0,-0,-0,-0,-0,-0,-0,-0,
-0,-0,-0,-0,-0,-0,-0,-0,-0,-0,-0,-0,-0,-0,
-0,-0,-0,-0,-0,-0,-0,-0,-0,-0,-0,-0,-0,-0,
-0,-0,-0,-0,-0,-0,-0,-0,-0,-0,-0,-0,-0,-0,
-0,-0,-0,-0,-0,-0,-0,-0,-0,-0,-0,-0,-0,-0,
-0,-0,-0,-0,-0,-0,-0,-0,-0,-0,-0,-0,-0,-0,
-0,-0,-0,-0,-0,-0,-0,-0,-0,-0,-0,-0,-0,-0,
-0,-0,-0,-0,-0,-0,-0,-0,-0,-0,-0,-0,-0,-0,
-0,-0,-0,-0,-0,-0,-0,-0,-0,-0,-0,-0,-0,-0,
-0,-0,-0,-0,-0,-0,-0,-0,-0,-0,-0,-0,-0,-0,
-0,-0,-0,-0,-0,-0,-0,-0,-0,-0,-0,-0,-0,-0,
-0,-0,-0,-0,-0,-0,-0,-0,-0,-0,-0,-0,-0,-0,
-0,-0,-0,-0,-0,-0,-0,-0,-0,-0,-0,-0,-0,-0,
-0,-0,-0,-0,-0,-0,-0,-0,-0,-0,-0,-0,-0,-0,
-0,-0,-0,-0,-0,-0,-0,-0,-0,-0,-0,-0,-0,-0,
-0,-0,-0,-0,-0,-0,-0,-0,-0,-0,-0,-0,-0,-0,
-0,-0,-0,-0,-0,-0,-0,-0,-0,-0,-0,-0,-0,-0,
-0,-0,-0,-0,-0,-0,-0,-0,-0,-0,-0,-0,-0,-0,
-0,-0,-0,-0,-0,-0,-0,-0,-0,-0,-0,-0,-0,-0,
-0,-0,-0,-0,-0,-0,-0,-0,-0,-0,-0,-0,-0,-0,
-0,-0,-0,-0,-0,-0,-0,-0,-0,-0,-0,-0,-0,-0,
-0,-0,-0,-0,-0,-0,-0,-0,-0,-0,-0,-0,-0,-0,
-0,-0,-0,-0,-0,-0,-0,-0,-0,-0,-0,-0,-0,-0,
-0,-0,-0,-0,-0,-0,-0,-0,-0,-0,-0,-0,-0,-0,
-0,-0,-0,-0,-0,-0,-0,-0,-0,-0,-0,-0,-0,-0,
-0,-0,-0,-0,-0,-0,-0,-0,-0,-0,-0,-0,-0,-0,
-0,-0,-0,-0,-0,-0,-0,-0,-0,-0,-0,-0,-0,-0,
-0,-0,-0,-0,-0,-0,-0,-0,-0,-0,-0,-0,-0,-0,
-0,-0,-0,-0,-0,-0,-0,-0,-0,-0,-0,-0,-0,-0,
-0,-0,-0,-0,-0,-0,-0,-0,-0,-0,-0,-0,-0,-0,
-0,-0,-0,-0,-0,-0,-0,-0,-0,-0,-0,-0,-0,-0,
-0,-0,-0,-0,-0,-0,-0,-0,-0,-0,-0,-0,-0,-0,
-0,-0,-0,-0,-0,-0,-0,-0,-0,-0,-0,-0,-0,-0,
-0,-0,-0,-0,-0,-0,-0,-0,-0,-0,-0,-0,-0,-0,
-0,-0,-0,-0,-0,-0,-0,-0,-0,-0,-0,-0,-0,-0,
-0,-0,-0,-0,-0,-0,-0,-0,-0,-0,-0,-0,-0,-0,
-0,-0,-0,-0,-0,-0,-0,-0,-0,-0,-0,-0,-0,-0,
-0,-0,-0,-0,-0,-0,-0,-0,-0,-0,-0,-0,-0,-0,
-0,-0,-0,-0,-0,-0,-0,-0,-0,-0,-0,-0,-0,-0,
-0,-0,-0,-0,-0,-0,-0,-0,-0,-0,-0,-0,-0,-0,
-0,-0,-0,-0,-0,-0,-0,-0,-0,-0,-0,-0,-0,-0,
-0,-0,-0,-0,-0,-0,-0,-0,-0,-0,-0,-0,-0,-0,
-0,-0,-0,-0,-0,-0,-0,-0,-0,-0,-0,-0,-0,-0,
-0,-0,-0,-0,-0,-0,-0,-0,-0,-0,-0,-0,-0,-0,
-0,-0,-0,-0,-0,-0,-0,-0,-0,-0,-0,-0,-0,-0,
-0,-0,-0,-0,-0,-0,-0,-0,-0,-0,-0,-0,-0,-0,
-0,-0,-0,-0,-0,-0,-0,-0,-0,-0,-0,-0,-0,-0,
-0,-0,-0,-0,-0,-0,-0,-0,-0,-0,-0,-0,-0,-0,
-0,-0,-0,-0,-0,-0,-0,-0,-0,-0,-0,-0,-0,-0,
-0,-0,-0,-0,-0,-0,-0,-0,-0,-0,-0,-0,-0,-0,
-0,-0,-0,-0,-0,-0,-0,-0,-0,-0,-0,-0,-0,-0,
-0,-0,-0,-0,-0,-0,-0,-0,-0,-0,-0,-0,-0,-0,
-0,-0,-0,-0,-0,-0,-0,-0,-0,-0,-0,-0,-0,-0,
-0,-0,-0,-0,-0,-0,-0,-0,-0,-0,-0,-0,-0,-0,
0.139724776149,0.140360295773,0.139092117548,0.139724776149,0.139724776149,0.139724776149,0.128938063979,0.151413857937,0.128938063979,0.151413857937,0.152102559805,0.128354266286,0.152102559805,0.128354266286,
0.14190480113,0.142461150885,0.141370654106,0.141924917698,0.14190480113,0.141924917698,0.130956843495,0.153774380684,0.130969971418,0.153789788485,0.154366329312,0.130454659462,0.154381796718,0.130467742682,
0.14190480113,0.142461150885,0.141370654106,0.141924917698,0.14190480113,0.141924917698,0.130956843495,0.153774380684,0.130969971418,0.153789788485,0.154366329312,0.130454659462,0.154381796718,0.130467742682,
0.144112512469,0.144589483738,0.143679350615,0.144154906273,0.144112512469,0.144154906273,0.133002653718,0.156163826585,0.133030310273,0.156196311116,0.156657651067,0.132583394647,0.156690239906,0.132610961795,
0.148610219359,0.14892834425,0.148385986686,0.148703634739,0.148610219359,0.148703634739,0.137175038457,0.161028295755,0.137235999107,0.161099851131,0.161322310567,0.136925026774,0.161394000053,0.136985883117,
0.146526694298,0.148120194674,0.14498527348,0.146555632353,0.146526694298,0.146555632353,0.13582842052,0.158078283072,0.135847389698,0.158100366592,0.159778341651,0.134383484721,0.159800648689,0.134402260184,
0.146526694298,0.148120194674,0.14498527348,0.146555632353,0.146526694298,0.146555632353,0.13582842052,0.158078283072,0.135847389698,0.158100366592,0.159778341651,0.134383484721,0.159800648689,0.134402260184,
0.148912250996,0.150453403592,0.147453486919,0.148973047733,0.148912250996,0.148973047733,0.138055324554,0.160643771291,0.138095170259,0.160690128803,0.162269860506,0.136672198772,0.162316694856,0.136711642146,
0.151329576969,0.152820363641,0.149956360459,0.151427030563,0.151329576969,0.151427030563,0.140314117074,0.163242176175,0.140377998352,0.163316503167,0.164793863893,0.138993248343,0.16486890614,0.139056518674,
0.153446793556,0.155155092478,0.151813954115,0.153487056494,0.153446793556,0.153487056494,0.142444312572,0.165315955877,0.142470747232,0.165346652269,0.1671256423,0.140902623534,0.167156651616,0.140928760171,
0.158483624458,0.160116970539,0.157019510865,0.158620163798,0.158483624458,0.158620163798,0.147169917822,0.170714408159,0.147259563208,0.170818418264,0.172390460968,0.145739853382,0.17249545455,0.145828619599,
0.158483624458,0.160116970539,0.157019510865,0.158620163798,0.158483624458,0.158620163798,0.147169917822,0.170714408159,0.147259563208,0.170818418264,0.172390460968,0.145739853382,0.17249545455,0.145828619599,
0.161041170359,0.162638604641,0.159662082791,0.161227926612,0.161041170359,0.161227926612,0.149572536349,0.173452451825,0.149695158005,0.173594653606,0.175062224269,0.14819791913,0.175205737352,0.148319408298,
0.157792031765,0.159469813108,0.156149208546,0.157792031765,0.157792031765,0.157792031765,0.146549880505,0.169900745153,0.146549880505,0.169900745153,0.171698331833,0.145016536117,0.171698331833,0.145016536117,
0.162905007601,0.164525806904,0.161406308413,0.162994116545,0.162905007601,0.162994116545,0.151361763477,0.175360947847,0.15142031014,0.175428763032,0.177048027515,0.14992043376,0.177116498351,0.149978429079,
0.165469527245,0.167061284184,0.164040192962,0.165599837899,0.165469527245,0.165599837899,0.15377753973,0.178095951676,0.153863132,0.178195089102,0.179729014635,0.152381241322,0.179829090834,0.152466073632,
0.165469527245,0.167061284184,0.164040192962,0.165599837899,0.165469527245,0.165599837899,0.15377753973,0.178095951676,0.153863132,0.178195089102,0.179729014635,0.152381241322,0.179829090834,0.152466073632,
0.16130515933,0.163350462914,0.159303456545,0.16130515933,0.16130515933,0.16130515933,0.150062352419,0.173394620419,0.150062352419,0.173394620419,0.175583869219,0.148192286491,0.175583869219,0.148192286491,
0.163819625974,0.165845111012,0.161868974566,0.163851842284,0.163819625974,0.163851842284,0.152434766293,0.176069304347,0.152455955744,0.176093801856,0.178219288588,0.150596857071,0.178244054317,0.150617808104,
0.166316479445,0.16832460463,0.164413705468,0.166380092502,0.166316479445,0.166380092502,0.154793083668,0.178722187877,0.154834955931,0.178770542145,0.180835932493,0.152984768152,0.180884853005,0.153026148677,
0.171244695783,0.17321652174,0.169431865215,0.171363458037,0.171244695783,0.171363458037,0.159451365471,0.183952257037,0.159529551864,0.184042453766,0.1859960109,0.157700300217,0.18608725071,0.157777637243,
0.166455835104,0.167719215155,0.165220484138,0.166455835104,0.166455835104,0.166455835104,0.154567405581,0.179262980819,0.154567405581,0.179262980819,0.180614158511,0.153412282467,0.180614158511,0.153412282467,
0.168810263276,0.170046016574,0.16762329638,0.168831437826,0.168810263276,0.168831437826,0.156788229942,0.181765183806,0.156802147627,0.181781321764,0.183074742556,0.15566791594,0.18309096992,0.155681729317,
0.171110242605,0.172321110964,0.169966816902,0.171150431037,0.171110242605,0.171150431037,0.158959984779,0.184206351638,0.158986374736,0.184236943722,0.185478448868,0.157870978117,0.185509234667,0.157897204161,
0.175581663847,0.176741972566,0.174519538879,0.17565317452,0.175581663847,0.17565317452,0.163184642792,0.188947573304,0.163231655955,0.189001992345,0.190147578716,0.162156045437,0.190202340484,0.162202760577,
0.166580095887,0.167280986905,0.165901944041,0.166580095887,0.166580095887,0.166580095887,0.15442147851,0.179701894522,0.15442147851,0.179701894522,0.180446892977,0.153783395886,0.180446892977,0.153783395886,
0.168547421694,0.169222652912,0.167902439833,0.168554976583,0.168547421694,0.168554976583,0.156277224422,0.18178935349,0.156282171607,0.181795090437,0.182502314448,0.155666157603,0.182508096099,0.155671089888,
0.168547421694,0.169222652912,0.167902439833,0.168554976583,0.168547421694,0.168554976583,0.156277224422,0.18178935349,0.156282171607,0.181795090437,0.182502314448,0.155666157603,0.182508096099,0.155671089888,
0.170458614826,0.171108305454,0.169845253229,0.170472249389,0.170458614826,0.170472249389,0.158080592752,0.183816179633,0.158089518547,0.183826580644,0.184498056769,0.15749579668,0.184508472681,0.157504692674,
0.171803921461,0.172845840454,0.170787572861,0.171803921461,0.171803921461,0.171803921461,0.159542098641,0.18501265347,0.159542098641,0.18501265347,0.186124891043,0.158589959145,0.186124891043,0.158589959145,
0.17526422441,0.176268056035,0.174290448427,0.175268858671,0.17526422441,0.175268858671,0.162813991308,0.188672572374,0.162817046046,0.188676118851,0.18974070251,0.161898702383,0.189744278789,0.16190174222,
0.17526422441,0.176268056035,0.174290448427,0.175268858671,0.17526422441,0.175268858671,0.162813991308,0.188672572374,0.162817046046,0.188676118851,0.18974070251,0.161898702383,0.189744278789,0.16190174222,
0.176861554384,0.17784807086,0.175905272365,0.176866412163,0.176861554384,0.176866412163,0.164325460792,0.190360203385,0.164328664541,0.190363898873,0.191409304738,0.163426101208,0.191413015127,0.163429275155,
0.178388550878,0.179358035326,0.177448868752,0.178393036127,0.178388550878,0.178393036127,0.165770679712,0.191972985864,0.165773630142,0.19197639823,0.193003699183,0.164886698127,0.193007141352,0.164889633656,
0.177425205708,0.178334012628,0.176537156105,0.177421584725,0.177425205708,0.177421584725,0.164825066924,0.190991997719,0.164822712541,0.190989241004,0.191962301731,0.163993239403,0.191959559917,0.16399089992,
0.178626477718,0.179522067308,0.177748754621,0.178619995713,0.178626477718,0.178619995713,0.165962412953,0.192259445786,0.165958166122,0.192254513502,0.193216890097,0.165141373873,0.19321192801,0.165137127042,
0.179753363132,0.180635362864,0.178884744644,0.179742395878,0.179753363132,0.179742395878,0.167029201984,0.193448022008,0.167021989822,0.193439692259,0.194393068552,0.166218534112,0.194384694099,0.166211381555,
0.172854617238,0.174179211259,0.171559363604,0.172850519419,0.172854617238,0.172850519419,0.160699620843,0.185931861401,0.160696923733,0.185928761959,0.187348976731,0.159488901496,0.187345832586,0.159486234188,
0.174462988973,0.175773262978,0.173173829913,0.174450680614,0.174462988973,0.174450680614,0.162223190069,0.187626600266,0.162215083838,0.187617242336,0.189032420516,0.161021620035,0.189022988081,0.161013588309,
0.175156414509,0.176459878683,0.173870414495,0.175140485168,0.175156414509,0.175140485168,0.162879884243,0.188357412815,0.162869408727,0.188345313072,0.189757704735,0.161682829261,0.189745515585,0.16167242825,
0.175066322088,0.176397427917,0.173768222332,0.175066322088,0.175066322088,0.175066322088,0.162804350257,0.188255906105,0.162804350257,0.188255906105,0.189677536488,0.161588847637,0.189677536488,0.161588847637,
0.175488755107,0.176814600825,0.174192920327,0.175485759974,0.175488755107,0.175485759974,0.163204014301,0.18870139122,0.163202032447,0.188699111342,0.19011887908,0.161991894245,0.190116584301,0.161989957094,
0.175488755107,0.176814600825,0.174192920327,0.175485759974,0.175488755107,0.175485759974,0.163204014301,0.18870139122,0.163202032447,0.188699111342,0.19011887908,0.161991894245,0.190116584301,0.161989957094,
0.176116287708,0.177432537079,0.17482611537,0.176109462976,0.176116287708,0.176109462976,0.163796842098,0.189364314079,0.163792341948,0.189359098673,0.190773457289,0.162591680884,0.19076821208,0.162587210536,
0.176322206855,0.177634134889,0.175035536289,0.17631457746,0.176322206855,0.17631457746,0.16399076581,0.189582675695,0.163985729218,0.189576879144,0.190987557173,0.162789195776,0.190981715918,0.162784188986,
0.183611392975,0.184550985694,0.182696774602,0.183612078428,0.183611392975,0.183612078428,0.170729056001,0.197470575571,0.170729503036,0.197471126914,0.198470816016,0.169869810343,0.198471352458,0.169870257378,
0.183611392975,0.184550985694,0.182696774602,0.183612078428,0.183611392975,0.183612078428,0.170729056001,0.197470575571,0.170729503036,0.197471126914,0.198470816016,0.169869810343,0.198471352458,0.169870257378,
0.183552086353,0.184488832951,0.182641521096,0.183554023504,0.183552086353,0.183554023504,0.170671060681,0.197410494089,0.17067232728,0.197411969304,0.198407009244,0.169815003872,0.198408484459,0.169816285372,
0.183228939772,0.184160843492,0.182327255607,0.183235004544,0.183228939772,0.183235004544,0.170360460877,0.197075992823,0.170364439487,0.197080612183,0.198065131903,0.169510826468,0.198069751263,0.169514790177,
0.185036495328,0.186045557261,0.184056207538,0.185039401054,0.185036495328,0.185039401054,0.172121495008,0.198926314712,0.172123402357,0.198928505182,0.199999183416,0.171199381351,0.200001373887,0.1712012887,
0.184581294656,0.185589641333,0.183606863022,0.184589400887,0.184581294656,0.184589400887,0.171686783433,0.198451608419,0.17169213295,0.198457762599,0.199520975351,0.17076779902,0.199527189136,0.170773103833,
0.184063494205,0.185071349144,0.183095157146,0.184077262878,0.184063494205,0.184077262878,0.17119255662,0.197911292315,0.171201601624,0.19792175293,0.198977187276,0.17027670145,0.198987722397,0.170285701752,
0.186180099845,0.187206268311,0.185180425644,0.186180099845,0.186180099845,0.186180099845,0.173220545053,0.200114160776,0.173220545053,0.200114160776,0.201206505299,0.172281354666,0.201206505299,0.172281354666,
0.185345798731,0.186372712255,0.184353962541,0.18535451591,0.185345798731,0.18535451591,0.172424733639,0.199242785573,0.172430470586,0.19924941659,0.200331419706,0.171488970518,0.200338095427,0.171494662762,
0.184456631541,0.185484439135,0.183472827077,0.184474378824,0.184456631541,0.184474378824,0.171576797962,0.198313802481,0.171588480473,0.198327302933,0.199398711324,0.17064447701,0.19941227138,0.170656085014,
0.184456631541,0.185484439135,0.183472827077,0.184474378824,0.184456631541,0.184474378824,0.171576797962,0.198313802481,0.171588480473,0.198327302933,0.199398711324,0.17064447701,0.19941227138,0.170656085014,
0.185598194599,0.186658635736,0.184564322233,0.185598194599,0.185598194599,0.185598194599,0.172681987286,0.199485331774,0.172681987286,0.199485331774,0.200614690781,0.171711117029,0.200614690781,0.171711117029,
0.183418780565,0.184482455254,0.182403340936,0.183440685272,0.183418780565,0.183440685272,0.17060431838,0.197207450867,0.170618727803,0.197224110365,0.198328912258,0.169640868902,0.198345676064,0.169655188918,
0.182193696499,0.18325959146,0.18118815124,0.18222784996,0.182193696499,0.18222784996,0.169437050819,0.195926308632,0.169459491968,0.195952266455,0.197043806314,0.168477326632,0.197069913149,0.168499648571,
0.182193696499,0.18325959146,0.18118815124,0.18222784996,0.182193696499,0.18222784996,0.169437050819,0.195926308632,0.169459491968,0.195952266455,0.197043806314,0.168477326632,0.197069913149,0.168499648571,
0.184232205153,0.185321420431,0.183169439435,0.184232205153,0.184232205153,0.184232205153,0.171393156052,0.198037832975,0.171393156052,0.198037832975,0.199198439717,0.170395687222,0.199198439717,0.170395687222,
0.182901367545,0.183992981911,0.181849002838,0.182914316654,0.182901367545,0.182914316654,0.170124918222,0.196646153927,0.170133426785,0.196655973792,0.197802647948,0.169131398201,0.197812527418,0.169139862061,
0.179901570082,0.180999025702,0.178871572018,0.179943040013,0.179901570082,0.179943040013,0.167267799377,0.193507283926,0.167295068502,0.193538844585,0.194655299187,0.166282430291,0.194687053561,0.166309535503,
0.178346186876,0.179446384311,0.177327409387,0.178401812911,0.178346186876,0.178401812911,0.165787026286,0.191878914833,0.165823578835,0.19192121923,0.193022623658,0.164805799723,0.193065166473,0.164842158556,
0.17675536871,0.177858605981,0.175748184323,0.176825776696,0.17675536871,0.176825776696,0.164273053408,0.190212920308,0.164319321513,0.190266489983,0.19135221839,0.163296073675,0.191406130791,0.163342058659,
0.182659983635,0.183262616396,0.18207487464,0.182659983635,0.182659983635,0.182659983635,0.169656544924,0.196663767099,0.169656544924,0.196663767099,0.197304695845,0.169106334448,0.197304695845,0.169106334448,
0.180901244283,0.181512519717,0.18032476306,0.18091866374,0.180901244283,0.18091866374,0.16798388958,0.194821029902,0.167995333672,0.194834291935,0.19546212256,0.167433813214,0.195475429296,0.167445212603,
0.177293688059,0.177921965718,0.17673394084,0.177345097065,0.177293688059,0.177345097065,0.164554595947,0.191038787365,0.164588332176,0.191077947617,0.191680312157,0.164004728198,0.19171962142,0.164038345218,
0.17544645071,0.176083177328,0.174894675612,0.175514400005,0.17544645071,0.175514400005,0.162799566984,0.189100816846,0.162844151258,0.189152568579,0.189742729068,0.162249654531,0.189794689417,0.162294089794,
0.173697948456,0.174232631922,0.173189640045,0.173697948456,0.173697948456,0.173697948456,0.161123797297,0.187257766724,0.161123797297,0.187257766724,0.187823712826,0.160643339157,0.187823712826,0.160643339157,
0.171760305762,0.172304108739,0.171260625124,0.171778336167,0.171760305762,0.171778336167,0.159283965826,0.185223907232,0.159295797348,0.185237646103,0.185790225863,0.158803403378,0.185804024339,0.158815205097,
0.169800668955,0.17035344243,0.169309392571,0.169836327434,0.169800668955,0.169836327434,0.157423943281,0.183166012168,0.157447323203,0.183193206787,0.183732748032,0.156943261623,0.183760046959,0.156966567039,
0.16582223773,0.166392162442,0.165346756577,0.165891379118,0.16582223773,0.165891379118,0.153649821877,0.178985029459,0.153695091605,0.179037794471,0.1795527637,0.153168782592,0.179605677724,0.153213903308,
0.169445127249,0.170027464628,0.168888852,0.169445127249,0.169445127249,0.169445127249,0.157100751996,0.182763874531,0.157100751996,0.182763874531,0.183381557465,0.156576097012,0.183381557465,0.156576097012,
0.167326241732,0.167916893959,0.166779100895,0.167343989015,0.167326241732,0.167343989015,0.155090078712,0.18053779006,0.155101701617,0.180551305413,0.181155145168,0.154565960169,0.181168735027,0.154577538371,
0.165192842484,0.165791600943,0.164654567838,0.165227860212,0.165192842484,0.165227860212,0.153066456318,0.178295269608,0.153089389205,0.178322002292,0.178912386298,0.152542844415,0.178939208388,0.152565717697,
0.163046196103,0.163652867079,0.16251654923,0.163098022342,0.163046196103,0.163098022342,0.151031136513,0.176037743688,0.151065096259,0.176077291369,0.176654621959,0.15050804615,0.176694318652,0.150541856885,
0.16743940115,0.16758069396,0.167334198952,0.167457073927,0.16743940115,0.167457073927,0.154966786504,0.180925861001,0.154978349805,0.180939346552,0.181059658527,0.154853314161,0.181073173881,0.154864862561,
0.16743940115,0.16758069396,0.167334198952,0.167457073927,0.16743940115,0.167457073927,0.154966786504,0.180925861001,0.154978349805,0.180939346552,0.181059658527,0.154853314161,0.181073173881,0.154864862561,
0.162842512131,0.163014397025,0.162741631269,0.162895590067,0.162842512131,0.162895590067,0.150614455342,0.176084399223,0.150649145246,0.176124960184,0.176232501864,0.150488913059,0.176273092628,0.150523588061,
0.160532921553,0.160719901323,0.160434022546,0.160603329539,0.160532921553,0.160603329539,0.148429259658,0.173650056124,0.148475274444,0.173703894019,0.173805296421,0.148297697306,0.17385917902,0.148343682289,
0.158218070865,0.158419758081,0.158120885491,0.158305153251,0.158218070865,0.158305153251,0.146240025759,0.171208888292,0.146296948195,0.171275496483,0.171371206641,0.146102517843,0.171437874436,0.146159380674,
0.16351673007,0.163910284638,0.163137853146,0.16351673007,0.16351673007,0.16351673007,0.15135653317,0.176657155156,0.15135653317,0.176657155156,0.177075356245,0.150999888778,0.177075356245,0.150999888778,
0.158711969852,0.159130305052,0.158343657851,0.158747658134,0.158711969852,0.158747658134,0.14680826664,0.171595335007,0.146831601858,0.171622619033,0.172021508217,0.146445333958,0.172048851848,0.146468624473,
0.156280085444,0.156710475683,0.155916616321,0.156332835555,0.156280085444,0.156332835555,0.144507855177,0.169031172991,0.144542336464,0.169071495533,0.169461399317,0.144141748548,0.169501811266,0.144176155329,
0.156280085444,0.156710475683,0.155916616321,0.156332835555,0.156280085444,0.156332835555,0.144507855177,0.169031172991,0.144542336464,0.169071495533,0.169461399317,0.144141748548,0.169501811266,0.144176155329,
0.1538490206,0.154291033745,0.153490155935,0.153918161988,0.1538490206,0.153918161988,0.142209291458,0.16646642983,0.142254471779,0.166519328952,0.166900590062,0.141840100288,0.166953638196,0.141885176301,
0.154428318143,0.154701128602,0.154190257192,0.154445469379,0.154428318143,0.154445469379,0.142688885331,0.167143136263,0.142700076103,0.167156249285,0.167420372367,0.142453581095,0.167433515191,0.142464756966,
0.154428318143,0.154701128602,0.154190257192,0.154445469379,0.154428318143,0.154445469379,0.142688885331,0.167143136263,0.142700076103,0.167156249285,0.167420372367,0.142453581095,0.167433515191,0.142464756966,
0.149417504668,0.149720013142,0.149183511734,0.149468943477,0.149417504668,0.149468943477,0.137956887484,0.161850482225,0.137990474701,0.161889865994,0.162141785026,0.137709975243,0.162181258202,0.137743487954,
0.1469219625,0.147238537669,0.146689832211,0.146989554167,0.1469219625,0.146989554167,0.13560192287,0.159212350845,0.135646030307,0.159264147282,0.15951038897,0.135349482298,0.159562289715,0.135393515229,
0.147334948182,0.147621452808,0.147081941366,0.147351846099,0.147334948182,0.147351846099,0.135982394218,0.159644469619,0.135993421078,0.159657418728,0.159937545657,0.135734155774,0.159950524569,0.135745152831,
0.147334948182,0.147621452808,0.147081941366,0.147351846099,0.147334948182,0.147351846099,0.135982394218,0.159644469619,0.135993421078,0.159657418728,0.159937545657,0.135734155774,0.159950524569,0.135745152831,
0.144781827927,0.14508292079,0.144530504942,0.144815251231,0.144781827927,0.144815251231,0.133574351668,0.156944036484,0.133596152067,0.15696965158,0.157244220376,0.133320271969,0.157269895077,0.133342027664,
0.142240032554,0.142555087805,0.141990274191,0.142289221287,0.142240032554,0.142289221287,0.131178170443,0.154254034162,0.131210252643,0.154291749001,0.154561057687,0.130918502808,0.154598847032,0.130950495601,
0.142240032554,0.142555087805,0.141990274191,0.142289221287,0.142240032554,0.142289221287,0.131178170443,0.154254034162,0.131210252643,0.154291749001,0.154561057687,0.130918502808,0.154598847032,0.130950495601,
0.143623754382,0.143434017897,0.143824800849,0.143623754382,0.143623754382,0.143623754382,0.132250204682,0.155978098512,0.132250204682,0.155978098512,0.155766397715,0.132430523634,0.155766397715,0.132430523634,
0.141008526087,0.140842154622,0.141202107072,0.141024693847,0.141008526087,0.141024693847,0.129789784551,0.153204724193,0.129800289869,0.15321713686,0.153009682894,0.12995582819,0.15302208066,0.129966363311,
0.138409286737,0.138265535235,0.138595432043,0.138440847397,0.138409286737,0.138440847397,0.12734568119,0.15044669807,0.127366214991,0.15047095716,0.150267884135,0.127497792244,0.150292113423,0.127518355846,
-0,-0,-0,-0,-0,-0,-0,-0,-0,-0,-0,-0,-0,-0,
-0,-0,-0,-0,-0,-0,-0,-0,-0,-0,-0,-0,-0,-0,
-0,-0,-0,-0,-0,-0,-0,-0,-0,-0,-0,-0,-0,-0,
-0,-0,-0,-0,-0,-0,-0,-0,-0,-0,-0,-0,-0,-0,
-0,-0,-0,-0,-0,-0,-0,-0,-0,-0,-0,-0,-0,-0,
-0,-0,-0,-0,-0,-0,-0,-0,-0,-0,-0,-0,-0,-0,
-0,-0,-0,-0,-0,-0,-0,-0,-0,-0,-0,-0,-0,-0,
-0,-0,-0,-0,-0,-0,-0,-0,-0,-0,-0,-0,-0,-0,
-0,-0,-0,-0,-0,-0,-0,-0,-0,-0,-0,-0,-0,-0,
-0,-0,-0,-0,-0,-0,-0,-0,-0,-0,-0,-0,-0,-0,
-0,-0,-0,-0,-0,-0,-0,-0,-0,-0,-0,-0,-0,-0,
-0,-0,-0,-0,-0,-0,-0,-0,-0,-0,-0,-0,-0,-0,
-0,-0,-0,-0,-0,-0,-0,-0,-0,-0,-0,-0,-0,-0,
-0,-0,-0,-0,-0,-0,-0,-0,-0,-0,-0,-0,-0,-0,
-0,-0,-0,-0,-0,-0,-0,-0,-0,-0,-0,-0,-0,-0,
-0,-0,-0,-0,-0,-0,-0,-0,-0,-0,-0,-0,-0,-0,
-0,-0,-0,-0,-0,-0,-0,-0,-0,-0,-0,-0,-0,-0,
-0,-0,-0,-0,-0,-0,-0,-0,-0,-0,-0,-0,-0,-0,
-0,-0,-0,-0,-0,-0,-0,-0,-0,-0,-0,-0,-0,-0,
-0,-0,-0,-0,-0,-0,-0,-0,-0,-0,-0,-0,-0,-0,
-0,-0,-0,-0,-0,-0,-0,-0,-0,-0,-0,-0,-0,-0,
-0,-0,-0,-0,-0,-0,-0,-0,-0,-0,-0,-0,-0,-0,
-0,-0,-0,-0,-0,-0,-0,-0,-0,-0,-0,-0,-0,-0,
-0,-0,-0,-0,-0,-0,-0,-0,-0,-0,-0,-0,-0,-0,
-0,-0,-0,-0,-0,-0,-0,-0,-0,-0,-0,-0,-0,-0,
-0,-0,-0,-0,-0,-0,-0,-0,-0,-0,-0,-0,-0,-0,
-0,-0,-0,-0,-0,-0,-0,-0,-0,-0,-0,-0,-0,-0,
-0,-0,-0,-0,-0,-0,-0,-0,-0,-0,-0,-0,-0,-0,
-0,-0,-0,-0,-0,-0,-0,-0,-0,-0,-0,-0,-0,-0,
-0,-0,-0,-0,-0,-0,-0,-0,-0,-0,-0,-0,-0,-0,
-0,-0,-0,-0,-0,-0,-0,-0,-0,-0,-0,-0,-0,-0,
-0,-0,-0,-0,-0,-0,-0,-0,-0,-0,-0,-0,-0,-0,
-0,-0,-0,-0,-0,-0,-0,-0,-0,-0,-0,-0,-0,-0,
-0,-0,-0,-0,-0,-0,-0,-0,-0,-0,-0,-0,-0,-0,
-0,-0,-0,-0,-0,-0,-0,-0,-0,-0,-0,-0,-0,-0,
-0,-0,-0,-0,-0,-0,-0,-0,-0,-0,-0,-0,-0,-0,
-0,-0,-0,-0,-0,-0,-0,-0,-0,-0,-0,-0,-0,-0,
-0,-0,-0,-0,-0,-0,-0,-0,-0,-0,-0,-0,-0,-0,
-0,-0,-0,-0,-0,-0,-0,-0,-0,-0,-0,-0,-0,-0,
-0,-0,-0,-0,-0,-0,-0,-0,-0,-0,-0,-0,-0,-0,
-0,-0,-0,-0,-0,-0,-0,-0,-0,-0,-0,-0,-0,-0,
-0,-0,-0,-0,-0,-0,-0,-0,-0,-0,-0,-0,-0,-0,
-0,-0,-0,-0,-0,-0,-0,-0,-0,-0,-0,-0,-0,-0,
-0,-0,-0,-0,-0,-0,-0,-0,-0,-0,-0,-0,-0,-0,
-0,-0,-0,-0,-0,-0,-0,-0,-0,-0,-0,-0,-0,-0,
-0,-0,-0,-0,-0,-0,-0,-0,-0,-0,-0,-0,-0,-0,
-0,-0,-0,-0,-0,-0,-0,-0,-0,-0,-0,-0,-0,-0,
-0,-0,-0,-0,-0,-0,-0,-0,-0,-0,-0,-0,-0,-0,
-0,-0,-0,-0,-0,-0,-0,-0,-0,-0,-0,-0,-0,-0,
-0,-0,-0,-0,-0,-0,-0,-0,-0,-0,-0,-0,-0,-0,
-0,-0,-0,-0,-0,-0,-0,-0,-0,-0,-0,-0,-0,-0,
-0,-0,-0,-0,-0,-0,-0,-0,-0,-0,-0,-0,-0,-0,
-0,-0,-0,-0,-0,-0,-0,-0,-0,-0,-0,-0,-0,-0,
-0,-0,-0,-0,-0,-0,-0,-0,-0,-0,-0,-0,-0,-0,
-0,-0,-0,-0,-0,-0,-0,-0,-0,-0,-0,-0,-0,-0,
-0,-0,-0,-0,-0,-0,-0,-0,-0,-0,-0,-0,-0,-0,
-0,-0,-0,-0,-0,-0,-0,-0,-0,-0,-0,-0,-0,-0,
-0,-0,-0,-0,-0,-0,-0,-0,-0,-0,-0,-0,-0,-0,
-0,-0,-0,-0,-0,-0,-0,-0,-0,-0,-0,-0,-0,-0,
-0,-0,-0,-0,-0,-0,-0,-0,-0,-0,-0,-0,-0,-0,
-0,-0,-0,-0,-0,-0,-0,-0,-0,-0,-0,-0,-0,-0,
-0,-0,-0,-0,-0,-0,-0,-0,-0,-0,-0,-0,-0,-0,
-0,-0,-0,-0,-0,-0,-0,-0,-0,-0,-0,-0,-0,-0,
-0,-0,-0,-0,-0,-0,-0,-0,-0,-0,-0,-0,-0,-0,
-0,-0,-0,-0,-0,-0,-0,-0,-0,-0,-0,-0,-0,-0,
-0,-0,-0,-0,-0,-0,-0,-0,-0,-0,-0,-0,-0,-0,
-0,-0,-0,-0,-0,-0,-0,-0,-0,-0,-0,-0,-0,-0,
-0,-0,-0,-0,-0,-0,-0,-0,-0,-0,-0,-0,-0,-0,
-0,-0,-0,-0,-0,-0,-0,-0,-0,-0,-0,-0,-0,-0,
-0,-0,-0,-0,-0,-0,-0,-0,-0,-0,-0,-0,-0,-0,
-0,-0,-0,-0,-0,-0,-0,-0,-0,-0,-0,-0,-0,-0,
-0,-0,-0,-0,-0,-0,-0,-0,-0,-0,-0,-0,-0,-0,
-0,-0,-0,-0,-0,-0,-0,-0,-0,-0,-0,-0,-0,-0,
-0,-0,-0,-0,-0,-0,-0,-0,-0,-0,-0,-0,-0,-0,
-0,-0,-0,-0,-0,-0,-0,-0,-0,-0,-0,-0,-0,-0,
-0,-0,-0,-0,-0,-0,-0,-0,-0,-0,-0,-0,-0,-0,
-0,-0,-0,-0,-0,-0,-0,-0,-0,-0,-0,-0,-0,-0,
-0,-0,-0,-0,-0,-0,-0,-0,-0,-0,-0,-0,-0,-0,
-0,-0,-0,-0,-0,-0,-0,-0,-0,-0,-0,-0,-0,-0,
-0,-0,-0,-0,-0,-0,-0,-0,-0,-0,-0,-0,-0,-0,
-0,-0,-0,-0,-0,-0,-0,-0,-0,-0,-0,-0,-0,-0,
-0,-0,-0,-0,-0,-0,-0,-0,-0,-0,-0,-0,-0,-0,
-0,-0,-0,-0,-0,-0,-0,-0,-0,-0,-0,-0,-0,-0,
-0,-0,-0,-0,-0,-0,-0,-0,-0,-0,-0,-0,-0,-0,
-0,-0,-0,-0,-0,-0,-0,-0,-0,-0,-0,-0,-0,-0,
-0,-0,-0,-0,-0,-0,-0,-0,-0,-0,-0,-0,-0,-0,
-0,-0,-0,-0,-0,-0,-0,-0,-0,-0,-0,-0,-0,-0,
-0,-0,-0,-0,-0,-0,-0,-0,-0,-0,-0,-0,-0,-0,
-0,-0,-0,-0,-0,-0,-0,-0,-0,-0,-0,-0,-0,-0,
-0,-0,-0,-0,-0,-0,-0,-0,-0,-0,-0,-0,-0,-0,
-0,-0,-0,-0,-0,-0,-0,-0,-0,-0,-0,-0,-0,-0,
-0,-0,-0,-0,-0,-0,-0,-0,-0,-0,-0,-0,-0,-0,
-0,-0,-0,-0,-0,-0,-0,-0,-0,-0,-0,-0,-0,-0,
-0,-0,-0,-0,-0,-0,-0,-0,-0,-0,-0,-0,-0,-0,
-0,-0,-0,-0,-0,-0,-0,-0,-0,-0,-0,-0,-0,-0,
-0,-0,-0,-0,-0,-0,-0,-0,-0,-0,-0,-0,-0,-0,
-0,-0,-0,-0,-0,-0,-0,-0,-0,-0,-0,-0,-0,-0,
-0,-0,-0,-0,-0,-0,-0,-0,-0,-0,-0,-0,-0,-0,
-0,-0,-0,-0,-0,-0,-0,-0,-0,-0,-0,-0,-0,-0,
-0,-0,-0,-0,-0,-0,-0,-0,-0,-0,-0,-0,-0,-0,
-0,-0,-0,-0,-0,-0,-0,-0,-0,-0,-0,-0,-0,-0,
-0,-0,-0,-0,-0,-0,-0,-0,-0,-0,-0,-0,-0,-0,
-0,-0,-0,-0,-0,-0,-0,-0,-0,-0,-0,-0,-0,-0,
-0,-0,-0,-0,-0,-0,-0,-0,-0,-0,-0,-0,-0,-0,
-0,-0,-0,-0,-0,-0,-0,-0,-0,-0,-0,-0,-0,-0,
-0,-0,-0,-0,-0,-0,-0,-0,-0,-0,-0,-0,-0,-0,
-0,-0,-0,-0,-0,-0,-0,-0,-0,-0,-0,-0,-0,-0,
-0,-0,-0,-0,-0,-0,-0,-0,-0,-0,-0,-0,-0,-0,
-0,-0,-0,-0,-0,-0,-0,-0,-0,-0,-0,-0,-0,-0,
-0,-0,-0,-0,-0,-0,-0,-0,-0,-0,-0,-0,-0,-0,
-0,-0,-0,-0,-0,-0,-0,-0,-0,-0,-0,-0,-0,-0,
-0,-0,-0,-0,-0,-0,-0,-0,-0,-0,-0,-0,-0,-0,
-0,-0,-0,-0,-0,-0,-0,-0,-0,-0,-0,-0,-0,-0,
-0,-0,-0,-0,-0,-0,-0,-0,-0,-0,-0,-0,-0,-0,
-0,-0,-0,-0,-0,-0,-0,-0,-0,-0,-0,-0,-0,-0,
-0,-0,-0,-0,-0,-0,-0,-0,-0,-0,-0,-0,-0,-0,
-0,-0,-0,-0,-0,-0,-0,-0,-0,-0,-0,-0,-0,-0,
-0,-0,-0,-0,-0,-0,-0,-0,-0,-0,-0,-0,-0,-0,
-0,-0,-0,-0,-0,-0,-0,-0,-0,-0,-0,-0,-0,-0,
-0,-0,-0,-0,-0,-0,-0,-0,-0,-0,-0,-0,-0,-0,
-0,-0,-0,-0,-0,-0,-0,-0,-0,-0,-0,-0,-0,-0,
-0,-0,-0,-0,-0,-0,-0,-0,-0,-0,-0,-0,-0,-0,
-0,-0,-0,-0,-0,-0,-0,-0,-0,-0,-0,-0,-0,-0,
-0,-0,-0,-0,-0,-0,-0,-0,-0,-0,-0,-0,-0,-0,
-0,-0,-0,-0,-0,-0,-0,-0,-0,-0,-0,-0,-0,-0,
0.145860567689,0.14574380219,0.145928025246,0.145808920264,0.145860567689,0.145808920264,0.134389817715,0.158294573426,0.134356170893,0.158254951239,0.158194631338,0.134474739432,0.158155024052,0.134441077709,
0.145860567689,0.14574380219,0.145928025246,0.145808920264,0.145860567689,0.145808920264,0.134389817715,0.158294573426,0.134356170893,0.158254951239,0.158194631338,0.134474739432,0.158155024052,0.134441077709,
0.148509055376,0.14831545949,0.148627340794,0.148431271315,0.148509055376,0.148431271315,0.136860400438,0.161125063896,0.136809706688,0.161065369844,0.160955920815,0.137004256248,0.16089630127,0.136953502893,
0.151195466518,0.150922760367,0.151367306709,0.15109193325,0.151195466518,0.15109193325,0.139367312193,0.163995176554,0.139299824834,0.163915753365,0.163754194975,0.139572426677,0.163674890995,0.139504849911,
0.149202138186,0.150410547853,0.147997587919,0.149179667234,0.149202138186,0.149179667234,0.138189598918,0.161089375615,0.138174891472,0.161072194576,0.162397533655,0.137076929212,0.162380248308,0.137062326074,
0.149202138186,0.150410547853,0.147997587919,0.149179667234,0.149202138186,0.149179667234,0.138189598918,0.161089375615,0.138174891472,0.161072194576,0.162397533655,0.137076929212,0.162380248308,0.137062326074,
0.154860258102,0.15596267581,0.153720289469,0.1547973454,0.154860258102,0.1547973454,0.143498167396,0.167106449604,0.143456950784,0.167058452964,0.168321147561,0.142463102937,0.168272823095,0.142422169447,
0.157766014338,0.158814743161,0.156663581729,0.157687395811,0.157766014338,0.157687395811,0.146226927638,0.170195281506,0.146175399423,0.170135289431,0.171360060573,0.145233482122,0.171299681067,0.145182311535,
0.155403971672,0.156693518162,0.154142320156,0.155403971672,0.155403971672,0.155403971672,0.144097611308,0.167601883411,0.144097611308,0.167601883411,0.16898342967,0.142919972539,0.16898342967,0.142919972539,
0.158372476697,0.159613773227,0.157148048282,0.158361986279,0.158372476697,0.158361986279,0.146888226271,0.170755833387,0.146881341934,0.170747846365,0.172090500593,0.145749434829,0.172082453966,0.145742624998,
0.164440795779,0.165578633547,0.16329562664,0.164407134056,0.164440795779,0.164407134056,0.152596399188,0.177198603749,0.152574300766,0.177172929049,0.178433269262,0.151540979743,0.178407415748,0.151519030333,
0.167529642582,0.168611258268,0.166425719857,0.167481437325,0.167529642582,0.167481437325,0.155503422022,0.180475533009,0.155471771955,0.180438801646,0.181656971574,0.154492542148,0.181619986892,0.154461100698,
0.166815668344,0.168265104294,0.165377706289,0.166800379753,0.166815668344,0.166800379753,0.154993891716,0.179537922144,0.154983848333,0.179526284337,0.181098714471,0.153658464551,0.181086957455,0.153648510575,
0.166815668344,0.168265104294,0.165377706289,0.166800379753,0.166815668344,0.166800379753,0.154993891716,0.179537922144,0.154983848333,0.179526284337,0.181098714471,0.153658464551,0.181086957455,0.153648510575,
0.169950380921,0.171346545219,0.168546661735,0.169916808605,0.169950380921,0.169916808605,0.157947346568,0.182858675718,0.157925277948,0.182833105326,0.184371471405,0.156651750207,0.184345707297,0.156629860401,
0.170252665877,0.171533554792,0.168999493122,0.170252665877,0.170252665877,0.170252665877,0.158180832863,0.183250412345,0.158180832863,0.183250412345,0.18461945653,0.157008334994,0.18461945653,0.157008334994,
0.176509663463,0.177669078112,0.175329193473,0.17646189034,0.176509663463,0.17646189034,0.164076536894,0.189874649048,0.164045155048,0.189838320017,0.191137775779,0.162992805243,0.191101208329,0.162961602211,
0.179641023278,0.180734962225,0.178497344255,0.179565012455,0.179641023278,0.179565012455,0.167028173804,0.193187236786,0.166978210211,0.19312942028,0.194394677877,0.165991276503,0.194336503744,0.165941596031,
0.179641023278,0.180734962225,0.178497344255,0.179565012455,0.179641023278,0.179565012455,0.167028173804,0.193187236786,0.166978210211,0.19312942028,0.194394677877,0.165991276503,0.194336503744,0.165941596031,
0.182759404182,0.183784589171,0.181652694941,0.182652026415,0.182759404182,0.182652026415,0.169968098402,0.196484476328,0.1698974967,0.196402847767,0.197634413838,0.16897970438,0.19755230844,0.16890950501,
0.175073996186,0.17655608058,0.173564165831,0.175010740757,0.175073996186,0.175010740757,0.162887766957,0.188156485558,0.162846133113,0.188108414412,0.189773440361,0.161503553391,0.189724951982,0.161462277174,
0.177995368838,0.179417431355,0.176509410143,0.177896514535,0.177995368838,0.177896514535,0.165642023087,0.191243439913,0.165576949716,0.19116833806,0.192814588547,0.164296030998,0.192738860846,0.16423150897,
0.180880621076,0.182239666581,0.179418474436,0.180743083358,0.180880621076,0.180743083358,0.168362379074,0.194290906191,0.16827185452,0.194186463952,0.195814728737,0.167056024075,0.195709437132,0.166966184974,
0.183723598719,0.185017332435,0.182285666466,0.183545440435,0.183723598719,0.183545440435,0.17104318738,0.19729270041,0.170925885439,0.197157382965,0.198767751455,0.169777750969,0.198631435633,0.169661328197,
0.172958448529,0.174460634589,0.17149104178,0.172958448529,0.172958448529,0.172958448529,0.160877302289,0.185951188207,0.160877302289,0.185951188207,0.187556311488,0.159503951669,0.187556311488,0.159503951669,
0.178278073668,0.17966067791,0.176851242781,0.178200095892,0.178278073668,0.178200095892,0.165887892246,0.191573604941,0.165836602449,0.191514357924,0.193091347814,0.164587527514,0.19303162396,0.164536640048,
0.180845350027,0.182165488601,0.17943868041,0.18072552979,0.180845350027,0.18072552979,0.168306171894,0.194285601377,0.168227300048,0.194194570184,0.195758372545,0.167043536901,0.195666655898,0.166965276003,
0.180845350027,0.182165488601,0.17943868041,0.18072552979,0.180845350027,0.18072552979,0.168306171894,0.194285601377,0.168227300048,0.194194570184,0.195758372545,0.167043536901,0.195666655898,0.166965276003,
0.176075905561,0.177511572838,0.174674361944,0.176075905561,0.176075905561,0.176075905561,0.163812220097,0.189262151718,0.163812220097,0.189262151718,0.190795227885,0.162499681115,0.190795227885,0.162499681115,
0.17846095562,0.179837346077,0.177078515291,0.178421258926,0.17846095562,0.178421258926,0.166057273746,0.191783189774,0.166031137109,0.191753014922,0.193273603916,0.164780497551,0.193243205547,0.164754584432,
0.180729150772,0.182045534253,0.179364696145,0.180647850037,0.180729150772,0.180647850037,0.168191924691,0.19417989254,0.168138429523,0.194118112326,0.19562792778,0.166950821877,0.195565700531,0.166897714138,
0.180729150772,0.182045534253,0.179364696145,0.180647850037,0.180729150772,0.180647850037,0.168191924691,0.19417989254,0.168138429523,0.194118112326,0.19562792778,0.166950821877,0.195565700531,0.166897714138,
0.185053631663,0.186248838902,0.183727949858,0.184890761971,0.185053631663,0.184890761971,0.172261595726,0.198749035597,0.172154381871,0.198625326157,0.200110197067,0.171093791723,0.19998562336,0.170987308025,
0.174066931009,0.176395788789,0.171773254871,0.174030914903,0.174066931009,0.174030914903,0.162382408977,0.186587631702,0.162358656526,0.186560332775,0.189086571336,0.160244867206,0.189058914781,0.160221427679,
0.175902664661,0.17818915844,0.173614174128,0.175829976797,0.175902664661,0.175829976797,0.164111718535,0.188524737954,0.1640637815,0.18846963346,0.190997570753,0.16199554503,0.190941765904,0.161948204041,
0.175902664661,0.17818915844,0.173614174128,0.175829976797,0.175902664661,0.175829976797,0.164111718535,0.188524737954,0.1640637815,0.18846963346,0.190997570753,0.16199554503,0.190941765904,0.161948204041,
0.179347872734,0.181548282504,0.17707310617,0.179203853011,0.179347872734,0.179203853011,0.167355999351,0.192160755396,0.167260944843,0.192051634192,0.194579005241,0.165284827352,0.19446849823,0.165190964937,
0.175777688622,0.178345710039,0.173291489482,0.175777688622,0.175777688622,0.175777688622,0.164137810469,0.188250482082,0.164137810469,0.188250482082,0.190981566906,0.161800101399,0.190981566906,0.161800101399,
0.177179902792,0.179709374905,0.174699679017,0.177147805691,0.177179902792,0.177147805691,0.165456473827,0.189731493592,0.165435284376,0.189707189798,0.192438259721,0.163138821721,0.1924136132,0.163117900491,
0.178503602743,0.180994331837,0.176030442119,0.178440406919,0.178503602743,0.178440406919,0.166700541973,0.191130146384,0.166658788919,0.191082313657,0.193811908364,0.164403557777,0.193763390183,0.16436240077,
0.179747864604,0.182199910283,0.177282810211,0.179654687643,0.179747864604,0.179654687643,0.167869210243,0.192445486784,0.167807668447,0.192374914885,0.195101723075,0.165593460202,0.195030212402,0.16553273797,
0.171511769295,0.174982115626,0.168169096112,0.171511769295,0.171511769295,0.171511769295,0.16056907177,0.183210149407,0.16056907177,0.183210149407,0.186891674995,0.157418161631,0.186891674995,0.157418161631,
0.17362588644,0.177037626505,0.170287296176,0.173572689295,0.17362588644,0.173572689295,0.162555456161,0.185443654656,0.162520229816,0.185403466225,0.189090803266,0.159432381392,0.189049825072,0.1593978405,
0.17362588644,0.177037626505,0.170287296176,0.173572689295,0.17362588644,0.173572689295,0.162555456161,0.185443654656,0.162520229816,0.185403466225,0.189090803266,0.159432381392,0.189049825072,0.1593978405,
0.174511730671,0.177893146873,0.171177759767,0.174433514476,0.174511730671,0.174433514476,0.163385361433,0.186381444335,0.163333550096,0.186322391033,0.190009534359,0.160277962685,0.189949318767,0.160227164626,
0.17532093823,0.178671896458,0.171993002295,0.175219029188,0.17532093823,0.175219029188,0.164142251015,0.187239214778,0.164074778557,0.18716225028,0.190847411752,0.161051318049,0.19076898694,0.16098511219,
0.177841648459,0.181117027998,0.17465120554,0.177798464894,0.177841648459,0.177798464894,0.166510269046,0.18994268775,0.166481673717,0.189910069108,0.193434283137,0.163517519832,0.193401038647,0.163489460945,
0.177841648459,0.181117027998,0.17465120554,0.177798464894,0.177841648459,0.177798464894,0.166510269046,0.18994268775,0.166481673717,0.189910069108,0.193434283137,0.163517519832,0.193401038647,0.163489460945,
0.178309366107,0.181553125381,0.175130069256,0.178246423602,0.178309366107,0.178246423602,0.166941478848,0.190443724394,0.166899785399,0.19039618969,0.193912193179,0.16396830976,0.193863794208,0.163927391171,
0.1787019521,0.181914418936,0.175534784794,0.17862059176,0.1787019521,0.17862059176,0.167301222682,0.190866246819,0.167247354984,0.19080477953,0.194311305881,0.164347976446,0.194248750806,0.164295047522,
0.176442608237,0.179749786854,0.17324334383,0.176425874233,0.176442608237,0.176425874233,0.165192946792,0.18846412003,0.165181845427,0.188451454043,0.191978335381,0.162182286382,0.191965445876,0.162171378732,
0.17663833499,0.179882764816,0.173468753695,0.176590293646,0.17663833499,0.176590293646,0.165350109339,0.188693061471,0.165318340063,0.188656747341,0.192157670856,0.162382125854,0.192120701075,0.162350907922,
0.176633313298,0.179846942425,0.173479989171,0.176571533084,0.176633313298,0.176571533084,0.165330886841,0.188700035214,0.165289998055,0.188653349876,0.192139431834,0.162384644151,0.19209189713,0.162344485521,
0.176560908556,0.179744422436,0.173424869776,0.176487162709,0.176560908556,0.176487162709,0.165247648954,0.188636600971,0.165198802948,0.18858088553,0.192050606012,0.162323355675,0.191993877292,0.162275403738,
0.182505041361,0.183984443545,0.181090846658,0.182505041361,0.182505041361,0.182505041361,0.170042291284,0.195887953043,0.170042291284,0.195887953043,0.197456732392,0.168708324432,0.197456732392,0.168708324432,
0.182217538357,0.183667957783,0.180820584297,0.182206213474,0.182217538357,0.182206213474,0.169755041599,0.195598140359,0.169747591019,0.19558955729,0.197142094374,0.168442547321,0.197133421898,0.168435156345,
0.18145506084,0.182851165533,0.180092483759,0.181424692273,0.18145506084,0.181424692273,0.169003397226,0.19482126832,0.168983384967,0.194798216224,0.196317628026,0.167732134461,0.196294397116,0.167712271214,
0.180981576443,0.182352542877,0.179635941982,0.180943399668,0.180981576443,0.180943399668,0.168540537357,0.194335669279,0.168515384197,0.194306686521,0.195809468627,0.167288854718,0.19578024745,0.167263865471,
0.183197334409,0.184631198645,0.181820988655,0.183190360665,0.183197334409,0.183190360665,0.170679345727,0.196637988091,0.17067477107,0.196632713079,0.198161631823,0.169383868575,0.198156297207,0.169379323721,
0.183197334409,0.184631198645,0.181820988655,0.183190360665,0.183197334409,0.183190360665,0.170679345727,0.196637988091,0.17067477107,0.196632713079,0.198161631823,0.169383868575,0.198156297207,0.169379323721,
0.182493925095,0.183904930949,0.181134656072,0.182481601834,0.182493925095,0.182481601834,0.169998005033,0.195911258459,0.169989898801,0.195901915431,0.197413519025,0.168721154332,0.197404101491,0.168713122606,
0.181736066937,0.183125406504,0.180393621325,0.181719362736,0.181736066937,0.181719362736,0.169265389442,0.195127040148,0.169254362583,0.19511435926,0.19660872221,0.168006464839,0.196595951915,0.167995542288,
0.181927442551,0.183297529817,0.180613040924,0.18192049861,0.181927442551,0.18192049861,0.169436171651,0.195344045758,0.169431596994,0.195338770747,0.196800112724,0.168199166656,0.19679479301,0.168194621801,
0.180911496282,0.182263314724,0.179612860084,0.18090249598,0.180911496282,0.18090249598,0.168459132314,0.194288149476,0.168453201652,0.194281309843,0.195726037025,0.167238011956,0.195719152689,0.167232140899,
0.179848700762,0.181183427572,0.17856541276,0.179838478565,0.179848700762,0.179838478565,0.167438134551,0.193182513118,0.167431399226,0.193174749613,0.19460311532,0.166232198477,0.194595307112,0.166225522757,
0.179848700762,0.181183427572,0.17856541276,0.179838478565,0.179848700762,0.179838478565,0.167438134551,0.193182513118,0.167431399226,0.193174749613,0.19460311532,0.166232198477,0.194595307112,0.166225522757,
0.181960731745,0.183331698179,0.180652678013,0.181960731745,0.181960731745,0.181960731745,0.169467806816,0.195381388068,0.169467806816,0.195381388068,0.196834430099,0.168233290315,0.196834430099,0.168233290315,
0.180656284094,0.182013511658,0.179363399744,0.180658221245,0.180656284094,0.180658221245,0.168217644095,0.194022044539,0.168218895793,0.194023534656,0.195459723473,0.166996732354,0.195461198688,0.166997998953,
0.179312080145,0.180656552315,0.178033933043,0.179316565394,0.179312080145,0.179316565394,0.166930317879,0.192620277405,0.166933268309,0.192623689771,0.194043368101,0.165722355247,0.194046795368,0.165725290775,
0.179257854819,0.180579081178,0.177998632193,0.179257854819,0.179257854819,0.179257854819,0.166868254542,0.192574039102,0.166868254542,0.192574039102,0.193974480033,0.165679901838,0.193974480033,0.165679901838,
0.176290586591,0.177591368556,0.175059810281,0.176299646497,0.176290586591,0.176299646497,0.164031371474,0.189475506544,0.164037317038,0.189482361078,0.190850034356,0.162866100669,0.190856948495,0.162872001529,
0.174717143178,0.176008954644,0.173500433564,0.174731835723,0.174717143178,0.174731835723,0.162528589368,0.187830939889,0.162538260221,0.187842100859,0.189193278551,0.161374211311,0.189204528928,0.161383807659,
0.173112601042,0.174396172166,0.171909585595,0.173133298755,0.173112601042,0.173133298755,0.160997033119,0.186152905226,0.161010652781,0.186168640852,0.187503650784,0.159853056073,0.187519490719,0.159866571426,
0.173112601042,0.174396172166,0.171909585595,0.173133298755,0.173112601042,0.173133298755,0.160997033119,0.186152905226,0.161010652781,0.186168640852,0.187503650784,0.159853056073,0.187519490719,0.159866571426,
0.178793311119,0.179538816214,0.178098231554,0.178800091147,0.178793311119,0.178800091147,0.166120365262,0.192440658808,0.166124805808,0.19244581461,0.193224653602,0.165458768606,0.193229854107,0.165463209152,
0.175199255347,0.175944730639,0.174521043897,0.175223708153,0.175199255347,0.175223708153,0.162696957588,0.188675358891,0.16271302104,0.188693985343,0.189450487494,0.162043452263,0.189469173551,0.16205945611,
0.17336474359,0.17411108315,0.172694385052,0.173398315907,0.17336474359,0.173398315907,0.160950943828,0.186751887202,0.160972997546,0.186777487397,0.187523379922,0.160300821066,0.187549069524,0.160322770476,
0.175591781735,0.17706951499,0.17415484786,0.175591781735,0.175591781735,0.175591781735,0.163408055902,0.188687831163,0.163408055902,0.188687831163,0.19026568532,0.162062227726,0.19026568532,0.162062227726,
0.173620462418,0.175093114376,0.172198981047,0.173631176353,0.173620462418,0.173631176353,0.161528900266,0.186624407768,0.161535948515,0.186632543802,0.188191592693,0.160192966461,0.188199803233,0.160199955106,
0.173620462418,0.175093114376,0.172198981047,0.173631176353,0.173620462418,0.173631176353,0.161528900266,0.186624407768,0.161535948515,0.186632543802,0.188191592693,0.160192966461,0.188199803233,0.160199955106,
0.171629235148,0.17309704423,0.17022292316,0.171650648117,0.171629235148,0.171650648117,0.159631699324,0.184539020061,0.159645795822,0.184555336833,0.186095803976,0.15830540657,0.186112225056,0.15831938386,
0.167591497302,0.169050261378,0.166214898229,0.167634248734,0.167591497302,0.167634248734,0.155787482858,0.180307149887,0.155815571547,0.18033964932,0.181843772531,0.154479891062,0.181876569986,0.154507771134,
0.176795378327,0.176609441638,0.177025675774,0.176810011268,0.176795378327,0.176810011268,0.163748756051,0.19089114666,0.163758337498,0.190902322531,0.190670490265,0.163944989443,0.190681666136,0.163954585791,
0.174592539668,0.174425318837,0.174818053842,0.174621522427,0.174592539668,0.174621522427,0.161660090089,0.18857370317,0.161679074168,0.188595831394,0.188365608454,0.161845311522,0.188387736678,0.161864310503,
0.170148685575,0.170019105077,0.170363649726,0.170205533504,0.170148685575,0.170205533504,0.157449483871,0.183895021677,0.15748667717,0.183938458562,0.183712720871,0.157612174749,0.183756127954,0.15764939785,
0.174402683973,0.174726307392,0.174099594355,0.174402683973,0.174402683973,0.174402683973,0.161685049534,0.188124224544,0.161685049534,0.188124224544,0.188464850187,0.161396831274,0.188464850187,0.161396831274,
0.172066524625,0.172404587269,0.171764105558,0.172081887722,0.172066524625,0.172081887722,0.159468948841,0.18566763401,0.159479022026,0.185679361224,0.186015814543,0.159174442291,0.186027556658,0.159184500575,
0.169722169638,0.170074552298,0.169420212507,0.169752538204,0.169722169638,0.169752538204,0.157246097922,0.183201164007,0.157265990973,0.183224350214,0.183556899428,0.156945288181,0.183580100536,0.156965136528,
0.167370676994,0.167737185955,0.167068913579,0.167415603995,0.167370676994,0.167415603995,0.155017524958,0.180725857615,0.155046969652,0.180760160089,0.181089192629,0.154710367322,0.181123584509,0.154739737511,
0.168069466949,0.168751418591,0.167410388589,0.168069466949,0.168069466949,0.168069466949,0.155833259225,0.18127065897,0.155833259225,0.18127065897,0.181996956468,0.155214309692,0.181996956468,0.155214309692,
0.163331329823,0.164032697678,0.162682279944,0.163361206651,0.163331329823,0.163361206651,0.151341170073,0.176284939051,0.151360735297,0.176307752728,0.17701677978,0.150718331337,0.177039667964,0.150737807155,
0.160918772221,0.161630645394,0.160274460912,0.160964131355,0.160918772221,0.160964131355,0.14905589819,0.173744142056,0.149085596204,0.173778757453,0.174479335546,0.148430630565,0.174514099956,0.14846020937,
0.158505111933,0.159227102995,0.15786537528,0.15856538713,0.158505111933,0.15856538713,0.146770641208,0.171200782061,0.146810099483,0.171246826649,0.171939224005,0.146143049002,0.171985447407,0.146182328463,
0.165499687195,0.165813758969,0.165204361081,0.165499687195,0.165499687195,0.165499687195,0.153206914663,0.178783416748,0.153206914663,0.178783416748,0.179113149643,0.152925372124,0.179113149643,0.152925372124,
0.16044819355,0.160797312856,0.160149931908,0.160480797291,0.16044819355,0.160480797291,0.148427560925,0.173457100987,0.148448899388,0.173482045531,0.173807635903,0.148128718138,0.17383261025,0.148150011897,
0.16044819355,0.160797312856,0.160149931908,0.160480797291,0.16044819355,0.160480797291,0.148427560925,0.173457100987,0.148448899388,0.173482045531,0.173807635903,0.148128718138,0.17383261025,0.148150011897,
0.157909080386,0.158275455236,0.157609432936,0.157957777381,0.157909080386,0.157957777381,0.146027058363,0.170777738094,0.146058902144,0.170814976096,0.171138480306,0.145719751716,0.171175792813,0.145751520991,
0.155374974012,0.155757591128,0.155073538423,0.15543833375,0.155374974012,0.15543833375,0.143632277846,0.16810208559,0.143673688173,0.168150573969,0.168472751975,0.14331677556,0.168521314859,0.14335809648,
0.155122369528,0.155425012112,0.154853239655,0.155137777328,0.155122369528,0.155137777328,0.143360555172,0.167858481407,0.143370613456,0.167870283127,0.16816842556,0.143096879125,0.168180242181,0.143106922507,
0.149980992079,0.150318995118,0.149708911777,0.150029286742,0.149980992079,0.150029286742,0.138507038355,0.162425041199,0.138538584113,0.162462025881,0.162755995989,0.13822594285,0.162793040276,0.138257414103,
0.14742462337,0.147779300809,0.147151097655,0.14748840034,0.14742462337,0.14748840034,0.136095523834,0.159721255302,0.13613717258,0.15977011621,0.160062119365,0.135806187987,0.16011108458,0.135847747326,
0.149652928114,0.149908289313,0.149414718151,0.149652928114,0.149652928114,0.149652928114,0.138162001967,0.162103772163,0.138162001967,0.162103772163,0.162371620536,0.137934625149,0.162371620536,0.137934625149,
0.147081151605,0.147354573011,0.14684087038,0.147097378969,0.147081151605,0.147097378969,0.13573667407,0.159383058548,0.135747268796,0.159395515919,0.159661918879,0.135500133038,0.159674361348,0.135510697961,
0.144496366382,0.144787654281,0.144254952669,0.144529566169,0.144496366382,0.144529566169,0.133300334215,0.156647413969,0.133321985602,0.156672850251,0.15693667531,0.133055150509,0.156962156296,0.133076757193,
0.139367938042,0.139692902565,0.139124721289,0.139433532953,0.139367938042,0.139433532953,0.128469944,0.151215150952,0.128512710333,0.151265501976,0.151523917913,0.12820866704,0.151574343443,0.128251329064,
0.136825934052,0.13716673851,0.13658207655,0.136906951666,0.136825934052,0.136906951666,0.126077458262,0.148520365357,0.126130253077,0.148582547903,0.148838192225,0.12580871582,0.148900508881,0.125861391425,
0.14198616147,0.141730219126,0.142254009843,0.14198616147,0.14198616147,0.14198616147,0.130673900247,0.154280588031,0.130673900247,0.154280588031,0.153996497393,0.13091532886,0.153996497393,0.13091532886,
0.139372333884,0.139143615961,0.13963060081,0.139390215278,0.139372333884,0.139390215278,0.128217354417,0.151506334543,0.128228992224,0.151520088315,0.151242107153,0.128441691399,0.151255846024,0.128453344107,
0.136776119471,0.136573731899,0.137024864554,0.136811077595,0.136776119471,0.136811077595,0.12577855587,0.148749187589,0.125801295042,0.148776084185,0.148504316807,0.125986307859,0.148531168699,0.126009076834,
0.13163857162,0.131486281753,0.131868481636,0.13170529902,0.13163857162,0.13170529902,0.120956175029,0.143288359046,0.120999529958,0.143339708447,0.143080741167,0.121132008731,0.143132030964,0.121175415814,
-0,-0,-0,-0,-0,-0,-0,-0,-0,-0,-0,-0,-0,-0,
-0,-0,-0,-0,-0,-0,-0,-0,-0,-0,-0,-0,-0,-0,
-0,-0,-0,-0,-0,-0,-0,-0,-0,-0,-0,-0,-0,-0,
-0,-0,-0,-0,-0,-0,-0,-0,-0,-0,-0,-0,-0,-0,
-0,-0,-0,-0,-0,-0,-0,-0,-0,-0,-0,-0,-0,-0,
-0,-0,-0,-0,-0,-0,-0,-0,-0,-0,-0,-0,-0,-0,
-0,-0,-0,-0,-0,-0,-0,-0,-0,-0,-0,-0,-0,-0,
-0,-0,-0,-0,-0,-0,-0,-0,-0,-0,-0,-0,-0,-0,
-0,-0,-0,-0,-0,-0,-0,-0,-0,-0,-0,-0,-0,-0,
-0,-0,-0,-0,-0,-0,-0,-0,-0,-0,-0,-0,-0,-0,
-0,-0,-0,-0,-0,-0,-0,-0,-0,-0,-0,-0,-0,-0,
-0,-0,-0,-0,-0,-0,-0,-0,-0,-0,-0,-0,-0,-0,
-0,-0,-0,-0,-0,-0,-0,-0,-0,-0,-0,-0,-0,-0,
-0,-0,-0,-0,-0,-0,-0,-0,-0,-0,-0,-0,-0,-0,
-0,-0,-0,-0,-0,-0,-0,-0,-0,-0,-0,-0,-0,-0,
-0,-0,-0,-0,-0,-0,-0,-0,-0,-0,-0,-0,-0,-0,
-0,-0,-0,-0,-0,-0,-0,-0,-0,-0,-0,-0,-0,-0,
-0,-0,-0,-0,-0,-0,-0,-0,-0,-0,-0,-0,-0,-0,
-0,-0,-0,-0,-0,-0,-0,-0,-0,-0,-0,-0,-0,-0,
-0,-0,-0,-0,-0,-0,-0,-0,-0,-0,-0,-0,-0,-0,
-0,-0,-0,-0,-0,-0,-0,-0,-0,-0,-0,-0,-0,-0,
-0,-0,-0,-0,-0,-0,-0,-0,-0,-0,-0,-0,-0,-0,
-0,-0,-0,-0,-0,-0,-0,-0,-0,-0,-0,-0,-0,-0,
-0,-0,-0,-0,-0,-0,-0,-0,-0,-0,-0,-0,-0,-0,
-0,-0,-0,-0,-0,-0,-0,-0,-0,-0,-0,-0,-0,-0,
-0,-0,-0,-0,-0,-0,-0,-0,-0,-0,-0,-0,-0,-0,
-0,-0,-0,-0,-0,-0,-0,-0,-0,-0,-0,-0,-0,-0,
-0,-0,-0,-0,-0,-0,-0,-0,-0,-0,-0,-0,-0,-0,
-0,-0,-0,-0,-0,-0,-0,-0,-0,-0,-0,-0,-0,-0,
-0,-0,-0,-0,-0,-0,-0,-0,-0,-0,-0,-0,-0,-0,
-0,-0,-0,-0,-0,-0,-0,-0,-0,-0,-0,-0,-0,-0,
-0,-0,-0,-0,-0,-0,-0,-0,-0,-0,-0,-0,-0,-0,
-0,-0,-0,-0,-0,-0,-0,-0,-0,-0,-0,-0,-0,-0,
-0,-0,-0,-0,-0,-0,-0,-0,-0,-0,-0,-0,-0,-0,
-0,-0,-0,-0,-0,-0,-0,-0,-0,-0,-0,-0,-0,-0,
-0,-0,-0,-0,-0,-0,-0,-0,-0,-0,-0,-0,-0,-0,
-0,-0,-0,-0,-0,-0,-0,-0,-0,-0,-0,-0,-0,-0,
-0,-0,-0,-0,-0,-0,-0,-0,-0,-0,-0,-0,-0,-0,
-0,-0,-0,-0,-0,-0,-0,-0,-0,-0,-0,-0,-0,-0,
-0,-0,-0,-0,-0,-0,-0,-0,-0,-0,-0,-0,-0,-0,
-0,-0,-0,-0,-0,-0,-0,-0,-0,-0,-0,-0,-0,-0,
-0,-0,-0,-0,-0,-0,-0,-0,-0,-0,-0,-0,-0,-0,
-0,-0,-0,-0,-0,-0,-0,-0,-0,-0,-0,-0,-0,-0,
-0,-0,-0,-0,-0,-0,-0,-0,-0,-0,-0,-0,-0,-0,
-0,-0,-0,-0,-0,-0,-0,-0,-0,-0,-0,-0,-0,-0,
-0,-0,-0,-0,-0,-0,-0,-0,-0,-0,-0,-0,-0,-0,
-0,-0,-0,-0,-0,-0,-0,-0,-0,-0,-0,-0,-0,-0,
-0,-0,-0,-0,-0,-0,-0,-0,-0,-0,-0,-0,-0,-0,
-0,-0,-0,-0,-0,-0,-0,-0,-0,-0,-0,-0,-0,-0,
-0,-0,-0,-0,-0,-0,-0,-0,-0,-0,-0,-0,-0,-0,
-0,-0,-0,-0,-0,-0,-0,-0,-0,-0,-0,-0,-0,-0,
-0,-0,-0,-0,-0,-0,-0,-0,-0,-0,-0,-0,-0,-0,
-0,-0,-0,-0,-0,-0,-0,-0,-0,-0,-0,-0,-0,-0,
-0,-0,-0,-0,-0,-0,-0,-0,-0,-0,-0,-0,-0,-0,
-0,-0,-0,-0,-0,-0,-0,-0,-0,-0,-0,-0,-0,-0,
-0,-0,-0,-0,-0,-0,-0,-0,-0,-0,-0,-0,-0,-0,
-0,-0,-0,-0,-0,-0,-0,-0,-0,-0,-0,-0,-0,-0,
-0,-0,-0,-0,-0,-0,-0,-0,-0,-0,-0,-0,-0,-0,
-0,-0,-0,-0,-0,-0,-0,-0,-0,-0,-0,-0,-0,-0,
-0,-0,-0,-0,-0,-0,-0,-0,-0,-0,-0,-0,-0,-0,
-0,-0,-0,-0,-0,-0,-0,-0,-0,-0,-0,-0,-0,-0,
-0,-0,-0,-0,-0,-0,-0,-0,-0,-0,-0,-0,-0,-0,
-0,-0,-0,-0,-0,-0,-0,-0,-0,-0,-0,-0,-0,-0,
-0,-0,-0,-0,-0,-0,-0,-0,-0,-0,-0,-0,-0,-0,
-0,-0,-0,-0,-0,-0,-0,-0,-0,-0,-0,-0,-0,-0,
-0,-0,-0,-0,-0,-0,-0,-0,-0,-0,-0,-0,-0,-0,
-0,-0,-0,-0,-0,-0,-0,-0,-0,-0,-0,-0,-0,-0,
-0,-0,-0,-0,-0,-0,-0,-0,-0,-0,-0,-0,-0,-0,
-0,-0,-0,-0,-0,-0,-0,-0,-0,-0,-0,-0,-0,-0,
-0,-0,-0,-0,-0,-0,-0,-0,-0,-0,-0,-0,-0,-0,
-0,-0,-0,-0,-0,-0,-0,-0,-0,-0,-0,-0,-0,-0,
-0,-0,-0,-0,-0,-0,-0,-0,-0,-0,-0,-0,-0,-0,
-0,-0,-0,-0,-0,-0,-0,-0,-0,-0,-0,-0,-0,-0,
-0,-0,-0,-0,-0,-0,-0,-0,-0,-0,-0,-0,-0,-0,
-0,-0,-0,-0,-0,-0,-0,-0,-0,-0,-0,-0,-0,-0,
-0,-0,-0,-0,-0,-0,-0,-0,-0,-0,-0,-0,-0,-0,
-0,-0,-0,-0,-0,-0,-0,-0,-0,-0,-0,-0,-0,-0,
-0,-0,-0,-0,-0,-0,-0,-0,-0,-0,-0,-0,-0,-0,
-0,-0,-0,-0,-0,-0,-0,-0,-0,-0,-0,-0,-0,-0,
-0,-0,-0,-0,-0,-0,-0,-0,-0,-0,-0,-0,-0,-0,
-0,-0,-0,-0,-0,-0,-0,-0,-0,-0,-0,-0,-0,-0,
-0,-0,-0,-0,-0,-0,-0,-0,-0,-0,-0,-0,-0,-0,
-0,-0,-0,-0,-0,-0,-0,-0,-0,-0,-0,-0,-0,-0,
-0,-0,-0,-0,-0,-0,-0,-0,-0,-0,-0,-0,-0,-0,
-0,-0,-0,-0,-0,-0,-0,-0,-0,-0,-0,-0,-0,-0,
-0,-0,-0,-0,-0,-0,-0,-0,-0,-0,-0,-0,-0,-0,
-0,-0,-0,-0,-0,-0,-0,-0,-0,-0,-0,-0,-0,-0,
-0,-0,-0,-0,-0,-0,-0,-0,-0,-0,-0,-0,-0,-0,
-0,-0,-0,-0,-0,-0,-0,-0,-0,-0,-0,-0,-0,-0,
-0,-0,-0,-0,-0,-0,-0,-0,-0,-0,-0,-0,-0,-0,
-0,-0,-0,-0,-0,-0,-0,-0,-0,-0,-0,-0,-0,-0,
-0,-0,-0,-0,-0,-0,-0,-0,-0,-0,-0,-0,-0,-0,
-0,-0,-0,-0,-0,-0,-0,-0,-0,-0,-0,-0,-0,-0,
-0,-0,-0,-0,-0,-0,-0,-0,-0,-0,-0,-0,-0,-0,
-0,-0,-0,-0,-0,-0,-0,-0,-0,-0,-0,-0,-0,-0,
-0,-0,-0,-0,-0,-0,-0,-0,-0,-0,-0,-0,-0,-0,
-0,-0,-0,-0,-0,-0,-0,-0,-0,-0,-0,-0,-0,-0,
-0,-0,-0,-0,-0,-0,-0,-0,-0,-0,-0,-0,-0,-0,
-0,-0,-0,-0,-0,-0,-0,-0,-0,-0,-0,-0,-0,-0,
-0,-0,-0,-0,-0,-0,-0,-0,-0,-0,-0,-0,-0,-0,
-0,-0,-0,-0,-0,-0,-0,-0,-0,-0,-0,-0,-0,-0,
-0,-0,-0,-0,-0,-0,-0,-0,-0,-0,-0,-0,-0,-0,
-0,-0,-0,-0,-0,-0,-0,-0,-0,-0,-0,-0,-0,-0,
-0,-0,-0,-0,-0,-0,-0,-0,-0,-0,-0,-0,-0,-0,
-0,-0,-0,-0,-0,-0,-0,-0,-0,-0,-0,-0,-0,-0,
-0,-0,-0,-0,-0,-0,-0,-0,-0,-0,-0,-0,-0,-0,
-0,-0,-0,-0,-0,-0,-0,-0,-0,-0,-0,-0,-0,-0,
-0,-0,-0,-0,-0,-0,-0,-0,-0,-0,-0,-0,-0,-0,
-0,-0,-0,-0,-0,-0,-0,-0,-0,-0,-0,-0,-0,-0,
-0,-0,-0,-0,-0,-0,-0,-0,-0,-0,-0,-0,-0,-0,
-0,-0,-0,-0,-0,-0,-0,-0,-0,-0,-0,-0,-0,-0,
-0,-0,-0,-0,-0,-0,-0,-0,-0,-0,-0,-0,-0,-0,
-0,-0,-0,-0,-0,-0,-0,-0,-0,-0,-0,-0,-0,-0,
-0,-0,-0,-0,-0,-0,-0,-0,-0,-0,-0,-0,-0,-0,
-0,-0,-0,-0,-0,-0,-0,-0,-0,-0,-0,-0,-0,-0,
-0,-0,-0,-0,-0,-0,-0,-0,-0,-0,-0,-0,-0,-0,
-0,-0,-0,-0,-0,-0,-0,-0,-0,-0,-0,-0,-0,-0,
-0,-0,-0,-0,-0,-0,-0,-0,-0,-0,-0,-0,-0,-0,
-0,-0,-0,-0,-0,-0,-0,-0,-0,-0,-0,-0,-0,-0,
-0,-0,-0,-0,-0,-0,-0,-0,-0,-0,-0,-0,-0,-0,
-0,-0,-0,-0,-0,-0,-0,-0,-0,-0,-0,-0,-0,-0,
-0,-0,-0,-0,-0,-0,-0,-0,-0,-0,-0,-0,-0,-0,
-0,-0,-0,-0,-0,-0,-0,-0,-0,-0,-0,-0,-0,-0,
-0,-0,-0,-0,-0,-0,-0,-0,-0,-0,-0,-0,-0,-0,
-0,-0,-0,-0,-0,-0,-0,-0,-0,-0,-0,-0,-0,-0,
-0,-0,-0,-0,-0,-0,-0,-0,-0,-0,-0,-0,-0,-0,
-0,-0,-0,-0,-0,-0,-0,-0,-0,-0,-0,-0,-0,-0,
-0,-0,-0,-0,-0,-0,-0,-0,-0,-0,-0,-0,-0,-0,
-0,-0,-0,-0,-0,-0,-0,-0,-0,-0,-0,-0,-0,-0,
-0,-0,-0,-0,-0,-0,-0,-0,-0,-0,-0,-0,-0,-0,
-0,-0,-0,-0,-0,-0,-0,-0,-0,-0,-0,-0,-0,-0,
-0,-0,-0,-0,-0,-0,-0,-0,-0,-0,-0,-0,-0,-0,
-0,-0,-0,-0,-0,-0,-0,-0,-0,-0,-0,-0,-0,-0,
-0,-0,-0,-0,-0,-0,-0,-0,-0,-0,-0,-0,-0,-0,
-0,-0,-0,-0,-0,-0,-0,-0,-0,-0,-0,-0,-0,-0,
-0,-0,-0,-0,-0,-0,-0,-0,-0,-0,-0,-0,-0,-0,
-0,-0,-0,-0,-0,-0,-0,-0,-0,-0,-0,-0,-0,-0,
-0,-0,-0,-0,-0,-0,-0,-0,-0,-0,-0,-0,-0,-0,
-0,-0,-0,-0,-0,-0,-0,-0,-0,-0,-0,-0,-0,-0,
0.140767008066,0.142280057073,0.139270037413,0.140767008066,0.140767008066,0.140767008066,0.130342900753,0.152024790645,0.130342900753,0.152024790645,0.15365883708,0.128956794739,0.15365883708,0.128956794739,
0.143555417657,0.145082190633,0.142024040222,0.14353454113,0.143555417657,0.14353454113,0.132984638214,0.154959842563,0.132970973849,0.15494389832,0.156619295478,0.131575599313,0.156603187323,0.131562069058,
0.149274542928,0.150830596685,0.147673860192,0.149213239551,0.149274542928,0.149213239551,0.138408526778,0.160974234343,0.138368323445,0.160927504301,0.162685677409,0.136952489614,0.162638425827,0.136912718415,
0.152205511928,0.153777346015,0.150569960475,0.152124911547,0.152205511928,0.152124911547,0.141191124916,0.164053693414,0.141138240695,0.163992255926,0.165791794658,0.13971093297,0.165729701519,0.139658614993,
0.14686127007,0.149971321225,0.143825277686,0.14686127007,0.14686127007,0.14686127007,0.136914253235,0.157533556223,0.136914253235,0.157533556223,0.160864263773,0.134079426527,0.160864263773,0.134079426527,
0.149746671319,0.152904570103,0.146649435163,0.149732038379,0.149746671319,0.149732038379,0.139668926597,0.160549670458,0.139659270644,0.160538569093,0.163937926292,0.136782243848,0.163926586509,0.136772796512,
0.152679264545,0.155886530876,0.149520263076,0.152651011944,0.152679264545,0.152651011944,0.14247071743,0.163613140583,0.142452076077,0.163591742516,0.167059987783,0.139531195164,0.16703812778,0.139512941241,
0.15566265583,0.15892149508,0.152441814542,0.155622839928,0.15566265583,0.155622839928,0.145323351026,0.166727855802,0.145297065377,0.166697695851,0.170234426856,0.142329901457,0.170203641057,0.142304167151,
0.153582528234,0.157399564981,0.149874404073,0.153582528234,0.153582528234,0.153582528234,0.143650054932,0.164206683636,0.143650054932,0.164206683636,0.16827814281,0.140173748136,0.16827814281,0.140173748136,
0.159635752439,0.163587972522,0.155787214637,0.159626752138,0.159635752439,0.159626752138,0.149456620216,0.170510441065,0.149450659752,0.170503646135,0.174726858735,0.145849272609,0.174719899893,0.145843446255,
0.162743806839,0.166768833995,0.158825784922,0.162736162543,0.162743806839,0.162736162543,0.152442097664,0.173744484782,0.15243704617,0.173738718033,0.178035601974,0.148767098784,0.178029701114,0.1487621665,
0.165904209018,0.170004367828,0.161915779114,0.165899246931,0.165904209018,0.165899246931,0.155480355024,0.177030652761,0.155477076769,0.177026927471,0.181398138404,0.15173612535,0.181394323707,0.1517329216,
0.166965261102,0.170745432377,0.163291409612,0.166968777776,0.166965261102,0.166968777776,0.156329035759,0.178333476186,0.15633136034,0.178336113691,0.182356849313,0.152877360582,0.182359546423,0.152879625559,
0.166965261102,0.170745432377,0.163291409612,0.166968777776,0.166965261102,0.166968777776,0.156329035759,0.178333476186,0.15633136034,0.178336113691,0.182356849313,0.152877360582,0.182359546423,0.152879625559,
0.170192524791,0.174042731524,0.16645154357,0.170197114348,0.170192524791,0.170197114348,0.159431070089,0.181689172983,0.159434095025,0.181692630053,0.185784459114,0.155914068222,0.18578800559,0.155917048454,
0.17345072329,0.177370935678,0.169640228152,0.17345392704,0.17345072329,0.17345392704,0.162564918399,0.185073971748,0.162567019463,0.185076400638,0.189242422581,0.158981442451,0.189244881272,0.158983513713,
0.176732212305,0.180722117424,0.172849699855,0.176731169224,0.176732212305,0.176731169224,0.165723249316,0.188479796052,0.165722548962,0.188479021192,0.192722544074,0.162072196603,0.19272172451,0.162071511149,
0.175360128284,0.179694235325,0.171133950353,0.175345033407,0.175360128284,0.175345033407,0.164592459798,0.186833903193,0.164582446218,0.186822533607,0.191448420286,0.160623133183,0.191436767578,0.16061334312,
0.178581029177,0.182989254594,0.174271911383,0.178554862738,0.178581029177,0.178554862738,0.167697668076,0.190169066191,0.16768027842,0.190149351954,0.194866001606,0.163653388619,0.194845810533,0.163636431098,
0.178581029177,0.182989254594,0.174271911383,0.178554862738,0.178581029177,0.178554862738,0.167697668076,0.190169066191,0.16768027842,0.190149351954,0.194866001606,0.163653388619,0.194845810533,0.163636431098,
0.181797713041,0.186279147863,0.177403241396,0.181757062674,0.181797713041,0.181757062674,0.170800864697,0.19349655509,0.170773848891,0.193465963006,0.198276698589,0.166680902243,0.198245346546,0.16665455699,
0.177794545889,0.183222860098,0.172531217337,0.177778631449,0.177794545889,0.177778631449,0.167499631643,0.188722699881,0.167489036918,0.188710749149,0.194482207298,0.162539035082,0.194469898939,0.162528753281,
0.183937996626,0.189541861415,0.178466960788,0.183883234859,0.183937996626,0.183883234859,0.17344981432,0.195049002767,0.173413306475,0.195007935166,0.201009780169,0.168306142092,0.200967460871,0.168270722032,
0.186965987086,0.192656040192,0.181389287114,0.18688839674,0.186965987086,0.18688839674,0.176385685802,0.198162555695,0.176333919168,0.198104411364,0.204224079847,0.171150282025,0.204164117575,0.171100050211,
0.180792629719,0.185378104448,0.176323741674,0.180770099163,0.180792629719,0.180770099163,0.169913426042,0.192370191216,0.169898465276,0.192353248596,0.197246015072,0.165710732341,0.197228625417,0.165696114302,
0.183649286628,0.18830165267,0.179091259837,0.183601945639,0.183649286628,0.183601945639,0.172673374414,0.195317104459,0.172641903162,0.195281505585,0.200275033712,0.168396160007,0.200238525867,0.168365463614,
0.189214587212,0.193998277187,0.184476524591,0.189113423228,0.189214587212,0.189113423228,0.178056180477,0.201050028205,0.177988857031,0.200974002481,0.206171736121,0.173630237579,0.206093803048,0.173564597964,
0.191912606359,0.196760803461,0.187084108591,0.191782936454,0.191912606359,0.191782936454,0.18066868186,0.203825294971,0.180582344532,0.203727900982,0.209028527141,0.176168724895,0.208928644657,0.176084518433,
0.168950662017,0.174161314964,0.163932427764,0.168950662017,0.168950662017,0.168950662017,0.159031093121,0.179500758648,0.159031093121,0.179500758648,0.185015544295,0.154289796948,0.185015544295,0.154289796948,
0.171308740973,0.176589116454,0.166198208928,0.171282887459,0.171308740973,0.171282887459,0.161313503981,0.181927219033,0.161296263337,0.18190780282,0.187527492642,0.156495019794,0.187507465482,0.156478330493,
0.17360663414,0.178955689073,0.168404251337,0.173554375768,0.17360663414,0.173554375768,0.163539350033,0.184289455414,0.163504555821,0.184250235558,0.189974471927,0.158644348383,0.189934015274,0.158610582352,
0.175840288401,0.181257098913,0.170546770096,0.175761327147,0.175840288401,0.175761327147,0.165704756975,0.186583504081,0.165652140975,0.186524242163,0.192352339625,0.160734012723,0.192291259766,0.160682961345,
0.179260998964,0.184795409441,0.173879802227,0.179208666086,0.179260998964,0.179208666086,0.169015854597,0.190122187138,0.16898098588,0.190082937479,0.195999085903,0.163948252797,0.195958629251,0.16391441226,
0.179260998964,0.184795409441,0.173879802227,0.179208666086,0.179260998964,0.179208666086,0.169015854597,0.190122187138,0.16898098588,0.190082937479,0.195999085903,0.163948252797,0.195958629251,0.16391441226,
0.181200027466,0.186797440052,0.175733223557,0.181121960282,0.181200027466,0.181121960282,0.170900478959,0.192107439041,0.170848429203,0.192048937082,0.198062822223,0.165762066841,0.198002487421,0.165711537004,
0.183064177632,0.188723757863,0.177513077855,0.182960823178,0.183064177632,0.182960823178,0.172714009881,0.194014027715,0.172645047307,0.193936556578,0.200046747923,0.167505770922,0.199966862798,0.167438909411,
0.183064177632,0.188723757863,0.177513077855,0.182960823178,0.183064177632,0.182960823178,0.172714009881,0.194014027715,0.172645047307,0.193936556578,0.200046747923,0.167505770922,0.199966862798,0.167438909411,
0.176328420639,0.182333245873,0.170525237918,0.176284104586,0.176328420639,0.176284104586,0.166515156627,0.186720773578,0.166485548019,0.186687588692,0.193077027798,0.161032944918,0.193042740226,0.161004334688,
0.177788212895,0.183851897717,0.171908453107,0.1777228266,0.177788212895,0.1777228266,0.167940318584,0.188207924366,0.16789662838,0.188158988953,0.194635853171,0.162393689156,0.194585204124,0.162351414561,
0.179170846939,0.185292303562,0.173216328025,0.179085224867,0.179170846939,0.179085224867,0.169291764498,0.189614608884,0.169234573841,0.189550533891,0.196112573147,0.163682103157,0.196046352386,0.163626804948,
0.179170846939,0.185292303562,0.173216328025,0.179085224867,0.179170846939,0.179085224867,0.169291764498,0.189614608884,0.169234573841,0.189550533891,0.196112573147,0.163682103157,0.196046352386,0.163626804948,
0.173876464367,0.17891600728,0.169022619724,0.17385853827,0.173876464367,0.17385853827,0.163707211614,0.184699773788,0.163695290685,0.18468631804,0.190020650625,0.15911026299,0.190006777644,0.159098654985,
0.176009565592,0.181140512228,0.171037659049,0.175959944725,0.176009565592,0.175959944725,0.165791451931,0.186870366335,0.165758386254,0.186833113432,0.192302301526,0.161095231771,0.192263975739,0.161063119769,
0.176009565592,0.181140512228,0.171037659049,0.175959944725,0.176009565592,0.175959944725,0.165791451931,0.186870366335,0.165758386254,0.186833113432,0.192302301526,0.161095231771,0.192263975739,0.161063119769,
0.176961824298,0.182137489319,0.171933144331,0.176897674799,0.176961824298,0.176897674799,0.16672436893,0.187836393714,0.166681647301,0.187788248062,0.193322211504,0.161980122328,0.193272650242,0.161938607693,
0.17326310277,0.178620934486,0.168139696121,0.17326310277,0.17326310277,0.17326310277,0.163307934999,0.183855623007,0.163307934999,0.183855623007,0.189492031932,0.158438161016,0.189492031932,0.158438161016,
0.174044504762,0.179445922375,0.168868377805,0.174032822251,0.174044504762,0.174032822251,0.164077103138,0.184644475579,0.16406929493,0.184635698795,0.190332040191,0.159161791205,0.190322995186,0.159154251218,
0.174044504762,0.179445922375,0.168868377805,0.174032822251,0.174044504762,0.174032822251,0.164077103138,0.184644475579,0.16406929493,0.184635698795,0.190332040191,0.159161791205,0.190322995186,0.159154251218,
0.175172120333,0.180655956268,0.169901117682,0.175143182278,0.175172120333,0.175143182278,0.165198087692,0.185770183802,0.16517880559,0.18574847281,0.191552102566,0.160199284554,0.191529750824,0.160180568695,
0.175627350807,0.181151390076,0.170311540365,0.175591394305,0.175627350807,0.175591394305,0.165654614568,0.186220258474,0.165630623698,0.186193272471,0.19204749167,0.16061578691,0.192019671202,0.160592526197,
0.180042609572,0.185352995992,0.17495906353,0.180042609572,0.180042609572,0.180042609572,0.169740498066,0.191000536084,0.169740498066,0.191000536084,0.196585103869,0.164906919003,0.196585103869,0.164906919003,
0.180437386036,0.185788065195,0.175310343504,0.180431872606,0.180437386036,0.180431872606,0.170139536262,0.191387459636,0.170135855675,0.191383346915,0.197016701102,0.16526658833,0.197012454271,0.165263041854,
0.180648580194,0.186038613319,0.175482049584,0.180640757084,0.180648580194,0.180640757084,0.170362725854,0.191583752632,0.170357495546,0.191577851772,0.197255060077,0.165452882648,0.197249025106,0.165447801352,
0.180861935019,0.186328738928,0.175621256232,0.180852383375,0.180861935019,0.180852383375,0.170608535409,0.191759362817,0.170602172613,0.191752180457,0.197511464357,0.16562820971,0.197504088283,0.165622010827,
0.17188282311,0.176201894879,0.167769432068,0.17188282311,0.17188282311,0.17188282311,0.16148544848,0.182996079326,0.16148544848,0.182996079326,0.187523424625,0.15756136179,0.187523424625,0.15756136179,
0.17188282311,0.176201894879,0.167769432068,0.17188282311,0.17188282311,0.17188282311,0.16148544848,0.182996079326,0.16148544848,0.182996079326,0.187523424625,0.15756136179,0.187523424625,0.15756136179,
0.171744689345,0.176098689437,0.167601510882,0.171748206019,0.171744689345,0.171748206019,0.161372005939,0.18283161521,0.161374345422,0.182834267616,0.187393814325,0.157417982817,0.187396541238,0.157420247793,
0.1715452075,0.175933718681,0.167373403907,0.171553045511,0.1715452075,0.171553045511,0.161199897528,0.182603269815,0.161205112934,0.182609170675,0.187199503183,0.15721668303,0.187205553055,0.157221764326,
0.170966371894,0.175422504544,0.166740879416,0.170985117555,0.170966371894,0.170985117555,0.160683527589,0.181959286332,0.160696014762,0.181973427534,0.186621069908,0.156644403934,0.186635583639,0.156656578183,
0.173672020435,0.178416237235,0.169154539704,0.173672020435,0.173672020435,0.173672020435,0.163415387273,0.184620708227,0.163415387273,0.184620708227,0.189591065049,0.159103497863,0.189591065049,0.159103497863,
0.173184171319,0.177960902452,0.168644160032,0.173192664981,0.173184171319,0.173192664981,0.162967190146,0.184092462063,0.16297288239,0.184098854661,0.189092665911,0.158630132675,0.189099252224,0.158635675907,
0.172640696168,0.177449271083,0.168079450727,0.172658324242,0.172640696168,0.172658324242,0.162465706468,0.183506384492,0.162477463484,0.183519631624,0.188535451889,0.158104434609,0.18854907155,0.158115833998,
0.172042682767,0.176882386208,0.167461439967,0.172069936991,0.172042682767,0.172069936991,0.161911934614,0.182863608003,0.161930069327,0.182884097099,0.18792052567,0.157527402043,0.187941551208,0.157545015216,
0.173129349947,0.178053811193,0.168469175696,0.173152074218,0.173129349947,0.173152074218,0.163010016084,0.183933779597,0.163025170565,0.183950811625,0.189077198505,0.158548146486,0.189094752073,0.158562853932,
0.173129349947,0.178053811193,0.168469175696,0.173152074218,0.173129349947,0.173152074218,0.163010016084,0.183933779597,0.163025170565,0.183950811625,0.189077198505,0.158548146486,0.189094752073,0.158562853932,
0.172278642654,0.177231654525,0.167603895068,0.172314018011,0.172278642654,0.172314018011,0.162213847041,0.183028534055,0.162237405777,0.183055117726,0.188195675611,0.157732650638,0.188222959638,0.157755568624,
0.172278642654,0.177231654525,0.167603895068,0.172314018011,0.172278642654,0.172314018011,0.162213847041,0.183028534055,0.162237405777,0.183055117726,0.188195675611,0.157732650638,0.188222959638,0.157755568624,
0.171380370855,0.176360443234,0.166691839695,0.171427771449,0.171380370855,0.171427771449,0.161371856928,0.18207372725,0.161403372884,0.182109311223,0.187263429165,0.156872421503,0.187300026417,0.156903073192,
0.1748816818,0.178873300552,0.171073064208,0.174894496799,0.1748816818,0.174894496799,0.164147526026,0.186365380883,0.164156034589,0.186375066638,0.190550416708,0.160514742136,0.190560281277,0.160523056984,
0.172692030668,0.176750317216,0.16884881258,0.172734588385,0.172692030668,0.172734588385,0.162093788385,0.184039562941,0.162122026086,0.184071600437,0.188280329108,0.158415555954,0.188313111663,0.158443138003,
0.171532556415,0.175622791052,0.167673483491,0.171590045094,0.171532556415,0.171590045094,0.161005049944,0.182809114456,0.161043211818,0.182852447033,0.187076285481,0.157305434346,0.187120631337,0.157342731953,
0.171532556415,0.175622791052,0.167673483491,0.171590045094,0.171532556415,0.171590045094,0.161005049944,0.182809114456,0.161043211818,0.182852447033,0.187076285481,0.157305434346,0.187120631337,0.157342731953,
0.174402579665,0.178378939629,0.170596554875,0.174402579665,0.174402579665,0.174402579665,0.163685426116,0.185865134001,0.163685426116,0.185865134001,0.190040886402,0.160061076283,0.190040886402,0.160061076283,
0.173058331013,0.177067756653,0.169238045812,0.173076048493,0.173058331013,0.173076048493,0.162420585752,0.184441685677,0.162432357669,0.184455037117,0.188643708825,0.158775180578,0.18865737319,0.158786669374,
0.170261517167,0.174333587289,0.166415959597,0.170314505696,0.170261517167,0.170314505696,0.159787192941,0.181481659412,0.159822359681,0.181521609426,0.185732677579,0.156102970243,0.185773536563,0.156137317419,
0.168811321259,0.172912880778,0.164954781532,0.168881803751,0.168811321259,0.168881803751,0.158420905471,0.179947525263,0.158467680216,0.180000633001,0.184221163392,0.154718980193,0.184275522828,0.154764637351,
0.175742790103,0.180242314935,0.171422675252,0.175742790103,0.175742790103,0.175742790103,0.165214300156,0.1869789958,0.165214300156,0.1869789958,0.191714957356,0.161109954119,0.191714957356,0.161109954119,
0.174126267433,0.178653866053,0.16979944706,0.174146428704,0.174126267433,0.174146428704,0.16368752718,0.18527340889,0.163700908422,0.185288578272,0.19002905488,0.15956826508,0.190044656396,0.159581318498,
0.172479823232,0.177033945918,0.168147474527,0.172519788146,0.172479823232,0.172519788146,0.162132039666,0.183536529541,0.162158593535,0.183566585183,0.188310474157,0.157999143004,0.188341334462,0.158025041223,
0.169097900391,0.173700451851,0.164758011699,0.169176265597,0.169097900391,0.169176265597,0.158935815096,0.179969534278,0.158987894654,0.180028498173,0.184775799513,0.154779538512,0.184836357832,0.154830262065,
0.180445119739,0.185140043497,0.175908833742,0.180445119739,0.180445119739,0.180445119739,0.169743731618,0.19184872508,0.169743731618,0.19184872508,0.196805998683,0.165447637439,0.196805998683,0.165447637439,
0.178634509444,0.183356717229,0.174093216658,0.178655162454,0.178634509444,0.178655162454,0.168030813336,0.189941108227,0.168044537306,0.189956590533,0.194916903973,0.163721084595,0.194932833314,0.163734465837,
0.176724001765,0.181471318007,0.172180622816,0.176766172051,0.176724001765,0.176766172051,0.166222169995,0.187929406762,0.166250213981,0.187961131334,0.192921087146,0.161901280284,0.192953646183,0.161928609014,
0.174790069461,0.179560542107,0.170246005058,0.174853131175,0.174790069461,0.174853131175,0.164390996099,0.185893267393,0.164432957768,0.18594071269,0.190899014473,0.160060554743,0.19094774127,0.160101398826,
0.174790069461,0.179560542107,0.170246005058,0.174853131175,0.174790069461,0.174853131175,0.164390996099,0.185893267393,0.164432957768,0.18594071269,0.190899014473,0.160060554743,0.19094774127,0.160101398826,
0.178341940045,0.184165880084,0.172731012106,0.178341940045,0.178341940045,0.178341940045,0.168317109346,0.188984423876,0.168317109346,0.188984423876,0.195130392909,0.163000300527,0.195130392909,0.163000300527,
0.176187336445,0.18201893568,0.170592814684,0.176209792495,0.176187336445,0.176209792495,0.166267737746,0.186726078391,0.166282743216,0.186742886901,0.192868962884,0.160956919193,0.192886337638,0.160971432924,
0.174014806747,0.179851904511,0.168438017368,0.17405898869,0.174014806747,0.17405898869,0.164201155305,0.184448748827,0.164230644703,0.184481859207,0.190586730838,0.158897966146,0.190620929003,0.15892650187,
0.171827793121,0.177668184042,0.166270211339,0.171892985702,0.171827793121,0.171892985702,0.16212067008,0.182156205177,0.162164151669,0.182205066085,0.188287317753,0.156826838851,0.188337802887,0.15686891973,
0.169133201241,0.175516232848,0.163056015968,0.169176116586,0.169133201241,0.169176116586,0.159866183996,0.178970709443,0.159894883633,0.179002821445,0.185674652457,0.15408025682,0.185707971454,0.154107898474,
0.169133201241,0.175516232848,0.163056015968,0.169176116586,0.169133201241,0.169176116586,0.159866183996,0.178970709443,0.159894883633,0.179002821445,0.185674652457,0.15408025682,0.185707971454,0.154107898474,
0.166822552681,0.173194050789,0.160778686404,0.166886270046,0.166822552681,0.166886270046,0.15766248107,0.176554322243,0.157705053687,0.176601991057,0.183236122131,0.151899605989,0.183285593987,0.151940628886,
0.164504483342,0.170862212777,0.15849532187,0.164588183165,0.164504483342,0.164588183165,0.155451640487,0.174129903316,0.155507564545,0.174192547798,0.180787578225,0.149713560939,0.180852606893,0.149767413735,
0.171540826559,0.178489133716,0.164906084538,0.171562388539,0.171540826559,0.171562388539,0.162440389395,0.181169509888,0.16245482862,0.181185603142,0.188479155302,0.156133905053,0.188495904207,0.156147778034,
0.166555792093,0.173456162214,0.160014003515,0.166620790958,0.166555792093,0.166620790958,0.157673731446,0.175969675183,0.157717227936,0.176018208265,0.183207988739,0.151437789202,0.183258518577,0.151479557157,
0.164059340954,0.170932352543,0.15756598115,0.164144739509,0.164059340954,0.164144739509,0.155286863446,0.173365026712,0.155343994498,0.173428803682,0.180564820766,0.149088650942,0.180631250143,0.149143517017,
0.164059340954,0.170932352543,0.15756598115,0.164144739509,0.164059340954,0.164144739509,0.155286863446,0.173365026712,0.155343994498,0.173428803682,0.180564820766,0.149088650942,0.180631250143,0.149143517017,
0.172110885382,0.179405882955,0.165154591203,0.172132894397,0.172110885382,0.172132894397,0.16315510869,0.181572258472,0.16316986084,0.181588679552,0.189242899418,0.156539812684,0.189260020852,0.156553983688,
0.169444024563,0.176705643535,0.162544384599,0.169488802552,0.169444024563,0.169488802552,0.1606002599,0.178795695305,0.160630270839,0.178829118609,0.186420381069,0.154029607773,0.186455234885,0.154058381915,
0.164121687412,0.171309769154,0.157338991761,0.16420917213,0.164121687412,0.16420917213,0.155502289534,0.173252761364,0.155560880899,0.173318043351,0.180779904127,0.149025678635,0.180848032236,0.14908182621,
0.164121687412,0.171309769154,0.157338991761,0.16420917213,0.164121687412,0.16420917213,0.155502289534,0.173252761364,0.155560880899,0.173318043351,0.180779904127,0.149025678635,0.180848032236,0.14908182621,
0.165737017989,0.172488182783,0.159269541502,0.165737017989,0.165737017989,0.165737017989,0.156800717115,0.175190538168,0.156800717115,0.175190538168,0.182313621044,0.150671154261,0.182313621044,0.150671154261,
0.163000375032,0.16971847415,0.156589880586,0.163023859262,0.163000375032,0.163023859262,0.15418317914,0.172336876392,0.154198884964,0.17235442996,0.179413929582,0.148098140955,0.179432198405,0.14811322093,
0.160273402929,0.166956335306,0.153920874,0.160319328308,0.160273402929,0.160319328308,0.151575312018,0.169492542744,0.15160600841,0.169526875019,0.176521882415,0.145536229014,0.176557630301,0.145565703511,
0.154850795865,0.161457508802,0.148617178202,0.154939010739,0.154850795865,0.154939010739,0.146390989423,0.163834258914,0.146449938416,0.163900241256,0.170763298869,0.140447840095,0.170832082629,0.140504419804,
0.154324129224,0.161048442125,0.147921100259,0.154348015785,0.154324129224,0.154348015785,0.14596696198,0.163174465299,0.145982936025,0.16319231689,0.170259088278,0.139889925718,0.17027772963,0.139905229211,
0.154324129224,0.161048442125,0.147921100259,0.154348015785,0.154324129224,0.154348015785,0.14596696198,0.163174465299,0.145982936025,0.16319231689,0.170259088278,0.139889925718,0.17027772963,0.139905229211,
0.151562988758,0.158242121339,0.145227745175,0.151609614491,0.151562988758,0.151609614491,0.143326148391,0.160294800997,0.143357306719,0.160329669714,0.16732108593,0.13730430603,0.167357474566,0.137334182858,
0.14881914854,0.155451312661,0.142552256584,0.148887395859,0.14881914854,0.148887395859,0.140702456236,0.157432243228,0.140748083591,0.157483279705,0.16439884901,0.134736910462,0.164452150464,0.134780585766,
0.145978018641,0.153254047036,0.139102756977,0.146023362875,0.145978018641,0.146023362875,0.138387694955,0.154002010822,0.138418093324,0.154035821557,0.161645829678,0.131843701005,0.161681339145,0.131872653961,
0.145978018641,0.153254047036,0.139102756977,0.146023362875,0.145978018641,0.146023362875,0.138387694955,0.154002010822,0.138418093324,0.154035821557,0.161645829678,0.131843701005,0.161681339145,0.131872653961,
0.143194958568,0.150405973196,0.136405706406,0.143262311816,0.143194958568,0.143262311816,0.135720133781,0.151105552912,0.1357652843,0.151155799627,0.158670693636,0.12924925983,0.158723458648,0.12929224968,
0.140434980392,0.147579178214,0.133731678128,0.14052259922,0.140434980392,0.14052259922,0.133075326681,0.148231953382,0.133134007454,0.148297339678,0.1557174474,0.126678287983,0.155786126852,0.126734167337,
0.140434980392,0.147579178214,0.133731678128,0.14052259922,0.140434980392,0.14052259922,0.133075326681,0.148231953382,0.133134007454,0.148297339678,0.1557174474,0.126678287983,0.155786126852,0.126734167337,
0.146678030491,0.152886033058,0.140729472041,0.146678030491,0.146678030491,0.146678030491,0.138424634933,0.155426338315,0.138424634933,0.155426338315,0.161999672651,0.132806748152,0.161999672651,0.132806748152,
0.141031831503,0.14714871347,0.135219037533,0.141076400876,0.141031831503,0.141076400876,0.133037745953,0.149522826076,0.133067473769,0.14955624938,0.15597859025,0.127530395985,0.156013458967,0.127558901906,
0.141031831503,0.14714871347,0.135219037533,0.141076400876,0.141031831503,0.141076400876,0.133037745953,0.149522826076,0.133067473769,0.14955624938,0.15597859025,0.127530395985,0.156013458967,0.127558901906,
0.138228803873,0.144297882915,0.132485538721,0.138295203447,0.138228803873,0.138295203447,0.130364686251,0.146590590477,0.130408957601,0.146640390158,0.152985408902,0.124914363027,0.153037369251,0.124956801534,
0.135452628136,0.14147233963,0.129779174924,0.135539650917,0.135452628136,0.135539650917,0.127718001604,0.143685281277,0.127776026726,0.143750578165,0.150018125772,0.122325509787,0.150086283684,0.122381091118,
0.139483854175,0.145290136337,0.133932650089,0.139506191015,0.139483854175,0.139506191015,0.131394252181,0.148078978062,0.131409138441,0.148095756769,0.154229700565,0.126154065132,0.154247164726,0.126168355346,
0.139483854175,0.145290136337,0.133932650089,0.139506191015,0.139483854175,0.139506191015,0.131394252181,0.148078978062,0.131409138441,0.148095756769,0.154229700565,0.126154065132,0.154247164726,0.126168355346,
0.133824944496,0.139543831348,0.128407254815,0.133893042803,0.133824944496,0.133893042803,0.126006990671,0.14214964211,0.126052334905,0.142200797796,0.148185610771,0.120874255896,0.148238942027,0.120917752385,
0.131041407585,0.136714190245,0.125690698624,0.131130307913,0.131041407585,0.131130307913,0.123358257115,0.139231219888,0.123417437077,0.139298021793,0.145208358765,0.118280380964,0.145278006792,0.118337132037,
-0,-0,-0,-0,-0,-0,-0,-0,-0,-0,-0,-0,-0,-0,
-0,-0,-0,-0,-0,-0,-0,-0,-0,-0,-0,-0,-0,-0,
-0,-0,-0,-0,-0,-0,-0,-0,-0,-0,-0,-0,-0,-0,
-0,-0,-0,-0,-0,-0,-0,-0,-0,-0,-0,-0,-0,-0,
-0,-0,-0,-0,-0,-0,-0,-0,-0,-0,-0,-0,-0,-0,
-0,-0,-0,-0,-0,-0,-0,-0,-0,-0,-0,-0,-0,-0,
-0,-0,-0,-0,-0,-0,-0,-0,-0,-0,-0,-0,-0,-0,
-0,-0,-0,-0,-0,-0,-0,-0,-0,-0,-0,-0,-0,-0,
-0,-0,-0,-0,-0,-0,-0,-0,-0,-0,-0,-0,-0,-0,
-0,-0,-0,-0,-0,-0,-0,-0,-0,-0,-0,-0,-0,-0,
-0,-0,-0,-0,-0,-0,-0,-0,-0,-0,-0,-0,-0,-0,
-0,-0,-0,-0,-0,-0,-0,-0,-0,-0,-0,-0,-0,-0,
-0,-0,-0,-0,-0,-0,-0,-0,-0,-0,-0,-0,-0,-0,
-0,-0,-0,-0,-0,-0,-0,-0,-0,-0,-0,-0,-0,-0,
-0,-0,-0,-0,-0,-0,-0,-0,-0,-0,-0,-0,-0,-0,
-0,-0,-0,-0,-0,-0,-0,-0,-0,-0,-0,-0,-0,-0,
-0,-0,-0,-0,-0,-0,-0,-0,-0,-0,-0,-0,-0,-0,
-0,-0,-0,-0,-0,-0,-0,-0,-0,-0,-0,-0,-0,-0,
-0,-0,-0,-0,-0,-0,-0,-0,-0,-0,-0,-0,-0,-0,
-0,-0,-0,-0,-0,-0,-0,-0,-0,-0,-0,-0,-0,-0,
-0,-0,-0,-0,-0,-0,-0,-0,-0,-0,-0,-0,-0,-0,
-0,-0,-0,-0,-0,-0,-0,-0,-0,-0,-0,-0,-0,-0,
-0,-0,-0,-0,-0,-0,-0,-0,-0,-0,-0,-0,-0,-0,
-0,-0,-0,-0,-0,-0,-0,-0,-0,-0,-0,-0,-0,-0,
-0,-0,-0,-0,-0,-0,-0,-0,-0,-0,-0,-0,-0,-0,
-0,-0,-0,-0,-0,-0,-0,-0,-0,-0,-0,-0,-0,-0,
-0,-0,-0,-0,-0,-0,-0,-0,-0,-0,-0,-0,-0,-0,
-0,-0,-0,-0,-0,-0,-0,-0,-0,-0,-0,-0,-0,-0,
-0,-0,-0,-0,-0,-0,-0,-0,-0,-0,-0,-0,-0,-0,
-0,-0,-0,-0,-0,-0,-0,-0,-0,-0,-0,-0,-0,-0,
-0,-0,-0,-0,-0,-0,-0,-0,-0,-0,-0,-0,-0,-0,
-0,-0,-0,-0,-0,-0,-0,-0,-0,-0,-0,-0,-0,-0,
-0,-0,-0,-0,-0,-0,-0,-0,-0,-0,-0,-0,-0,-0,
-0,-0,-0,-0,-0,-0,-0,-0,-0,-0,-0,-0,-0,-0,
-0,-0,-0,-0,-0,-0,-0,-0,-0,-0,-0,-0,-0,-0,
-0,-0,-0,-0,-0,-0,-0,-0,-0,-0,-0,-0,-0,-0,
-0,-0,-0,-0,-0,-0,-0,-0,-0,-0,-0,-0,-0,-0,
-0,-0,-0,-0,-0,-0,-0,-0,-0,-0,-0,-0,-0,-0,
-0,-0,-0,-0,-0,-0,-0,-0,-0,-0,-0,-0,-0,-0,
-0,-0,-0,-0,-0,-0,-0,-0,-0,-0,-0,-0,-0,-0,
-0,-0,-0,-0,-0,-0,-0,-0,-0,-0,-0,-0,-0,-0,
-0,-0,-0,-0,-0,-0,-0,-0,-0,-0,-0,-0,-0,-0,
-0,-0,-0,-0,-0,-0,-0,-0,-0,-0,-0,-0,-0,-0,
-0,-0,-0,-0,-0,-0,-0,-0,-0,-0,-0,-0,-0,-0,
-0,-0,-0,-0,-0,-0,-0,-0,-0,-0,-0,-0,-0,-0,
-0,-0,-0,-0,-0,-0,-0,-0,-0,-0,-0,-0,-0,-0,
-0,-0,-0,-0,-0,-0,-0,-0,-0,-0,-0,-0,-0,-0,
-0,-0,-0,-0,-0,-0,-0,-0,-0,-0,-0,-0,-0,-0,
-0,-0,-0,-0,-0,-0,-0,-0,-0,-0,-0,-0,-0,-0,
-0,-0,-0,-0,-0,-0,-0,-0,-0,-0,-0,-0,-0,-0,
-0,-0,-0,-0,-0,-0,-0,-0,-0,-0,-0,-0,-0,-0,
-0,-0,-0,-0,-0,-0,-0,-0,-0,-0,-0,-0,-0,-0,
-0,-0,-0,-0,-0,-0,-0,-0,-0,-0,-0,-0,-0,-0,
-0,-0,-0,-0,-0,-0,-0,-0,-0,-0,-0,-0,-0,-0,
-0,-0,-0,-0,-0,-0,-0,-0,-0,-0,-0,-0,-0,-0,
-0,-0,-0,-0,-0,-0,-0,-0,-0,-0,-0,-0,-0,-0,
-0,-0,-0,-0,-0,-0,-0,-0,-0,-0,-0,-0,-0,-0,
-0,-0,-0,-0,-0,-0,-0,-0,-0,-0,-0,-0,-0,-0,
-0,-0,-0,-0,-0,-0,-0,-0,-0,-0,-0,-0,-0,-0,
-0,-0,-0,-0,-0,-0,-0,-0,-0,-0,-0,-0,-0,-0,
-0,-0,-0,-0,-0,-0,-0,-0,-0,-0,-0,-0,-0,-0,
-0,-0,-0,-0,-0,-0,-0,-0,-0,-0,-0,-0,-0,-0,
-0,-0,-0,-0,-0,-0,-0,-0,-0,-0,-0,-0,-0,-0,
-0,-0,-0,-0,-0,-0,-0,-0,-0,-0,-0,-0,-0,-0,
-0,-0,-0,-0,-0,-0,-0,-0,-0,-0,-0,-0,-0,-0,
-0,-0,-0,-0,-0,-0,-0,-0,-0,-0,-0,-0,-0,-0,
-0,-0,-0,-0,-0,-0,-0,-0,-0,-0,-0,-0,-0,-0,
-0,-0,-0,-0,-0,-0,-0,-0,-0,-0,-0,-0,-0,-0,
-0,-0,-0,-0,-0,-0,-0,-0,-0,-0,-0,-0,-0,-0,
-0,-0,-0,-0,-0,-0,-0,-0,-0,-0,-0,-0,-0,-0,
-0,-0,-0,-0,-0,-0,-0,-0,-0,-0,-0,-0,-0,-0,
-0,-0,-0,-0,-0,-0,-0,-0,-0,-0,-0,-0,-0,-0,
-0,-0,-0,-0,-0,-0,-0,-0,-0,-0,-0,-0,-0,-0,
-0,-0,-0,-0,-0,-0,-0,-0,-0,-0,-0,-0,-0,-0,
-0,-0,-0,-0,-0,-0,-0,-0,-0,-0,-0,-0,-0,-0,
-0,-0,-0,-0,-0,-0,-0,-0,-0,-0,-0,-0,-0,-0,
-0,-0,-0,-0,-0,-0,-0,-0,-0,-0,-0,-0,-0,-0,
-0,-0,-0,-0,-0,-0,-0,-0,-0,-0,-0,-0,-0,-0,
-0,-0,-0,-0,-0,-0,-0,-0,-0,-0,-0,-0,-0,-0,
-0,-0,-0,-0,-0,-0,-0,-0,-0,-0,-0,-0,-0,-0,
-0,-0,-0,-0,-0,-0,-0,-0,-0,-0,-0,-0,-0,-0,
-0,-0,-0,-0,-0,-0,-0,-0,-0,-0,-0,-0,-0,-0,
-0,-0,-0,-0,-0,-0,-0,-0,-0,-0,-0,-0,-0,-0,
-0,-0,-0,-0,-0,-0,-0,-0,-0,-0,-0,-0,-0,-0,
-0,-0,-0,-0,-0,-0,-0,-0,-0,-0,-0,-0,-0,-0,
-0,-0,-0,-0,-0,-0,-0,-0,-0,-0,-0,-0,-0,-0,
-0,-0,-0,-0,-0,-0,-0,-0,-0,-0,-0,-0,-0,-0,
-0,-0,-0,-0,-0,-0,-0,-0,-0,-0,-0,-0,-0,-0,
-0,-0,-0,-0,-0,-0,-0,-0,-0,-0,-0,-0,-0,-0,
-0,-0,-0,-0,-0,-0,-0,-0,-0,-0,-0,-0,-0,-0,
-0,-0,-0,-0,-0,-0,-0,-0,-0,-0,-0,-0,-0,-0,
-0,-0,-0,-0,-0,-0,-0,-0,-0,-0,-0,-0,-0,-0,
-0,-0,-0,-0,-0,-0,-0,-0,-0,-0,-0,-0,-0,-0,
-0,-0,-0,-0,-0,-0,-0,-0,-0,-0,-0,-0,-0,-0,
-0,-0,-0,-0,-0,-0,-0,-0,-0,-0,-0,-0,-0,-0,
-0,-0,-0,-0,-0,-0,-0,-0,-0,-0,-0,-0,-0,-0,
-0,-0,-0,-0,-0,-0,-0,-0,-0,-0,-0,-0,-0,-0,
-0,-0,-0,-0,-0,-0,-0,-0,-0,-0,-0,-0,-0,-0,
-0,-0,-0,-0,-0,-0,-0,-0,-0,-0,-0,-0,-0,-0,
-0,-0,-0,-0,-0,-0,-0,-0,-0,-0,-0,-0,-0,-0,
-0,-0,-0,-0,-0,-0,-0,-0,-0,-0,-0,-0,-0,-0,
-0,-0,-0,-0,-0,-0,-0,-0,-0,-0,-0,-0,-0,-0,
-0,-0,-0,-0,-0,-0,-0,-0,-0,-0,-0,-0,-0,-0,
-0,-0,-0,-0,-0,-0,-0,-0,-0,-0,-0,-0,-0,-0,
-0,-0,-0,-0,-0,-0,-0,-0,-0,-0,-0,-0,-0,-0,
-0,-0,-0,-0,-0,-0,-0,-0,-0,-0,-0,-0,-0,-0,
-0,-0,-0,-0,-0,-0,-0,-0,-0,-0,-0,-0,-0,-0,
-0,-0,-0,-0,-0,-0,-0,-0,-0,-0,-0,-0,-0,-0,
-0,-0,-0,-0,-0,-0,-0,-0,-0,-0,-0,-0,-0,-0,
-0,-0,-0,-0,-0,-0,-0,-0,-0,-0,-0,-0,-0,-0,
-0,-0,-0,-0,-0,-0,-0,-0,-0,-0,-0,-0,-0,-0,
-0,-0,-0,-0,-0,-0,-0,-0,-0,-0,-0,-0,-0,-0,
-0,-0,-0,-0,-0,-0,-0,-0,-0,-0,-0,-0,-0,-0,
-0,-0,-0,-0,-0,-0,-0,-0,-0,-0,-0,-0,-0,-0,
-0,-0,-0,-0,-0,-0,-0,-0,-0,-0,-0,-0,-0,-0,
-0,-0,-0,-0,-0,-0,-0,-0,-0,-0,-0,-0,-0,-0,
-0,-0,-0,-0,-0,-0,-0,-0,-0,-0,-0,-0,-0,-0,
-0,-0,-0,-0,-0,-0,-0,-0,-0,-0,-0,-0,-0,-0,
-0,-0,-0,-0,-0,-0,-0,-0,-0,-0,-0,-0,-0,-0,
-0,-0,-0,-0,-0,-0,-0,-0,-0,-0,-0,-0,-0,-0,
-0,-0,-0,-0,-0,-0,-0,-0,-0,-0,-0,-0,-0,-0,
-0,-0,-0,-0,-0,-0,-0,-0,-0,-0,-0,-0,-0,-0,
-0,-0,-0,-0,-0,-0,-0,-0,-0,-0,-0,-0,-0,-0,
-0,-0,-0,-0,-0,-0,-0,-0,-0,-0,-0,-0,-0,-0,
-0,-0,-0,-0,-0,-0,-0,-0,-0,-0,-0,-0,-0,-0,
-0,-0,-0,-0,-0,-0,-0,-0,-0,-0,-0,-0,-0,-0,
-0,-0,-0,-0,-0,-0,-0,-0,-0,-0,-0,-0,-0,-0,
-0,-0,-0,-0,-0,-0,-0,-0,-0,-0,-0,-0,-0,-0,
-0,-0,-0,-0,-0,-0,-0,-0,-0,-0,-0,-0,-0,-0,
-0,-0,-0,-0,-0,-0,-0,-0,-0,-0,-0,-0,-0,-0,
-0,-0,-0,-0,-0,-0,-0,-0,-0,-0,-0,-0,-0,-0,
-0,-0,-0,-0,-0,-0,-0,-0,-0,-0,-0,-0,-0,-0,
-0,-0,-0,-0,-0,-0,-0,-0,-0,-0,-0,-0,-0,-0,
-0,-0,-0,-0,-0,-0,-0,-0,-0,-0,-0,-0,-0,-0,
-0,-0,-0,-0,-0,-0,-0,-0,-0,-0,-0,-0,-0,-0,
-0,-0,-0,-0,-0,-0,-0,-0,-0,-0,-0,-0,-0,-0,
-0,-0,-0,-0,-0,-0,-0,-0,-0,-0,-0,-0,-0,-0,
-0,-0,-0,-0,-0,-0,-0,-0,-0,-0,-0,-0,-0,-0,
-0,-0,-0,-0,-0,-0,-0,-0,-0,-0,-0,-0,-0,-0,
0.145629376173,0.156960919499,0.135167494416,0.145685002208,0.145629376173,0.145685002208,0.140605181456,0.150849968195,0.140643149614,0.15089070797,0.162556692958,0.130479320884,0.162600591779,0.130514547229,
0.145629376173,0.156960919499,0.135167494416,0.145685002208,0.145629376173,0.145685002208,0.140605181456,0.150849968195,0.140643149614,0.15089070797,0.162556692958,0.130479320884,0.162600591779,0.130514547229,
0.149330765009,0.161126554012,0.1385627985,0.149508029222,0.149330765009,0.149508029222,0.144377350807,0.154507800937,0.144498512149,0.154637470841,0.166613668203,0.133887127042,0.1667535007,0.133999496698,
0.151168778539,0.16320194304,0.140246883035,0.151410669088,0.151168778539,0.151410669088,0.146256044507,0.156319707632,0.1464214921,0.156496539712,0.168628036976,0.135580673814,0.16881878674,0.135734036565,
0.145740404725,0.157472655177,0.134882971644,0.145740404725,0.145740404725,0.145740404725,0.1409971416,0.150643736124,0.1409971416,0.150643736124,0.162770017982,0.130492523313,0.162770017982,0.130492523313,
0.147473782301,0.159442514181,0.136463597417,0.147537976503,0.147473782301,0.147537976503,0.142775803804,0.152346253395,0.14281976223,0.152393147349,0.164673894644,0.13208706677,0.164724588394,0.132127732038,
0.150920838118,0.163372516632,0.139601677656,0.151118665934,0.150920838118,0.151118665934,0.146323770285,0.1557225734,0.146459370852,0.155866891146,0.16845934093,0.13526019454,0.168615460396,0.135385543108,
0.150920838118,0.163372516632,0.139601677656,0.151118665934,0.150920838118,0.151118665934,0.146323770285,0.1557225734,0.146459370852,0.155866891146,0.16845934093,0.13526019454,0.168615460396,0.135385543108,
0.144553497434,0.152106627822,0.137587398291,0.144553497434,0.144553497434,0.144553497434,0.137548610568,0.152014330029,0.137548610568,0.152014330029,0.159797459841,0.130788445473,0.159797459841,0.130788445473,
0.146527662873,0.15426492691,0.139453053474,0.14659024775,0.146527662873,0.14659024775,0.13951818645,0.154009193182,0.139560312033,0.154055714607,0.161944687366,0.132619991899,0.161993578076,0.13266004622,
0.148501604795,0.156424894929,0.141315743327,0.148625656962,0.148501604795,0.148625656962,0.141490057111,0.15600079298,0.141573637724,0.156092941761,0.16409099102,0.134451597929,0.164187908173,0.134531021118,
0.148501604795,0.156424894929,0.141315743327,0.148625656962,0.148501604795,0.148625656962,0.141490057111,0.15600079298,0.141573637724,0.156092941761,0.16409099102,0.134451597929,0.164187908173,0.134531021118,
0.145771324635,0.149311766028,0.142543494701,0.145771324635,0.145771324635,0.145771324635,0.136444181204,0.155832856894,0.136444181204,0.155832856894,0.159458428621,0.13329064846,0.159458428621,0.13329064846,
0.148023173213,0.151698499918,0.144717618823,0.14807343483,0.148023173213,0.14807343483,0.138643503189,0.158151105046,0.138676777482,0.158189058304,0.161889076233,0.135390415788,0.16192792356,0.13542291522,
0.150270923972,0.154082804918,0.146883875132,0.15036919713,0.150270923972,0.15036919713,0.140841379762,0.160461649299,0.140906512737,0.16053584218,0.164314851165,0.1374861449,0.164390832186,0.137549713254,
0.150270923972,0.154082804918,0.146883875132,0.15036919713,0.150270923972,0.15036919713,0.140841379762,0.160461649299,0.140906512737,0.16053584218,0.164314851165,0.1374861449,0.164390832186,0.137549713254,
0.152510374784,0.156460344791,0.149038091302,0.152654394507,0.152510374784,0.152654394507,0.143033787608,0.162760078907,0.143129318953,0.162868753076,0.166731342673,0.139573842287,0.16684268415,0.13966704905,
0.151732817292,0.155012860894,0.148828580976,0.151773333549,0.151732817292,0.151773333549,0.141998961568,0.162255272269,0.142025753856,0.162285909057,0.165559217334,0.139111205935,0.165590465069,0.139137476683,
0.156140238047,0.159677654505,0.153064370155,0.156252920628,0.156140238047,0.156252920628,0.146310716867,0.166776388884,0.146385356784,0.166861474514,0.17030762136,0.143221899867,0.170394510031,0.14329496026,
0.15830796957,0.16197617352,0.155141115189,0.158453509212,0.15830796957,0.158453509212,0.148435682058,0.16899445653,0.148532181978,0.169104292989,0.172643169761,0.145242899656,0.172755405307,0.145337313414,
0.15830796957,0.16197617352,0.155141115189,0.158453509212,0.15830796957,0.158453509212,0.148435682058,0.16899445653,0.148532181978,0.169104292989,0.172643169761,0.145242899656,0.172755405307,0.145337313414,
0.151764929295,0.155235812068,0.148690715432,0.151764929295,0.151764929295,0.151764929295,0.142211839557,0.162086158991,0.142211839557,0.162086158991,0.165579199791,0.139152318239,0.165579199791,0.139152318239,
0.155753627419,0.159465312958,0.152497753501,0.155798003078,0.155753627419,0.155798003078,0.146123960614,0.166160672903,0.146153405309,0.166194140911,0.169877588749,0.142866179347,0.169911801815,0.142894983292,
0.157677963376,0.161510929465,0.154326051474,0.157740175724,0.157677963376,0.157740175724,0.148015961051,0.168120115995,0.148057296872,0.168167054653,0.17195224762,0.144656226039,0.17200024426,0.144696608186,
0.157677963376,0.161510929465,0.154326051474,0.157740175724,0.157677963376,0.157740175724,0.148015961051,0.168120115995,0.148057296872,0.168167054653,0.17195224762,0.144656226039,0.17200024426,0.144696608186,
0.155563384295,0.156790629029,0.154618903995,0.155563384295,0.155563384295,0.155563384295,0.144597277045,0.167459085584,0.144597277045,0.167459085584,0.168608680367,0.143574953079,0.168608680367,0.143574953079,
0.157596424222,0.158920004964,0.156572431326,0.157609269023,0.157596424222,0.157609269023,0.146574601531,0.169549956918,0.146583050489,0.169559717178,0.170793801546,0.145470410585,0.170803636312,0.145478770137,
0.16144965589,0.162969857454,0.160251677036,0.161477208138,0.16144965589,0.161477208138,0.150332629681,0.173497870564,0.150350794196,0.173518791795,0.17494033277,0.149055883288,0.174961447716,0.149073883891,
0.163292855024,0.164913237095,0.162003800273,0.163325622678,0.163292855024,0.163325622678,0.152134791017,0.175380691886,0.152156367898,0.175405561924,0.176925629377,0.150768980384,0.176950708032,0.150790378451,
0.15821942687,0.161634758115,0.155227810144,0.15821942687,0.15821942687,0.15821942687,0.148342937231,0.168883383274,0.148342937231,0.168883383274,0.172301843762,0.145347028971,0.172301843762,0.145347028971,
0.159790411592,0.163313612342,0.156701162457,0.159793943167,0.159790411592,0.159793943167,0.149894416332,0.170471742749,0.149896755815,0.170474410057,0.173999577761,0.146802172065,0.174002274871,0.146804481745,
0.161242157221,0.164871901274,0.158052444458,0.161245167255,0.161242157221,0.161245167255,0.151332810521,0.17193312943,0.151334807277,0.171935364604,0.175571158528,0.148143574595,0.175573498011,0.14814555645,
0.161242157221,0.164871901274,0.158052444458,0.161245167255,0.161242157221,0.161245167255,0.151332810521,0.17193312943,0.151334807277,0.171935364604,0.175571158528,0.148143574595,0.175573498011,0.14814555645,
0.162628650665,0.166364774108,0.159337803721,0.162630304694,0.162628650665,0.162630304694,0.152709692717,0.173325017095,0.152710780501,0.17332623899,0.177073538303,0.149423241615,0.177074819803,0.1494243294,
0.165504932404,0.167963013053,0.163461118937,0.165504932404,0.165504932404,0.165504932404,0.154800996184,0.17707207799,0.154800996184,0.17707207799,0.179474681616,0.152696639299,0.179474681616,0.152696639299,
0.166737526655,0.169289886951,0.164597094059,0.166730284691,0.166737526655,0.166730284691,0.156025215983,0.178306773305,0.156020462513,0.178301334381,0.180811494589,0.153831779957,0.180805951357,0.15382707119,
0.166737526655,0.169289886951,0.164597094059,0.166730284691,0.166737526655,0.166730284691,0.156025215983,0.178306773305,0.156020462513,0.178301334381,0.180811494589,0.153831779957,0.180805951357,0.15382707119,
0.167899146676,0.170545712113,0.165661737323,0.167884364724,0.167899146676,0.167884364724,0.157182246447,0.179466441274,0.157172456384,0.179455265403,0.182073384523,0.154899522662,0.182062074542,0.15488986671,
0.172375097871,0.174351170659,0.170751705766,0.172375097871,0.172375097871,0.172375097871,0.161018535495,0.18463909626,0.161018535495,0.18463909626,0.186559140682,0.159334778786,0.186559140682,0.159334778786,
0.174419805408,0.176587820053,0.172593787313,0.174401849508,0.174419805408,0.174401849508,0.163067534566,0.186664000154,0.163055628538,0.186650380492,0.188795536757,0.161199912429,0.188781782985,0.161188140512,
0.175283417106,0.17754650116,0.173355847597,0.175255462527,0.175283417106,0.175255462527,0.163940683007,0.187509700656,0.163922190666,0.187488496304,0.189746633172,0.16198143363,0.189725205302,0.161963164806,
0.175283417106,0.17754650116,0.173355847597,0.175255462527,0.175283417106,0.175255462527,0.163940683007,0.187509700656,0.163922190666,0.187488496304,0.189746633172,0.16198143363,0.189725205302,0.161963164806,
0.175362348557,0.177069872618,0.174056351185,0.175362348557,0.175362348557,0.175362348557,0.163815364242,0.187850728631,0.163815364242,0.187850728631,0.189447402954,0.162397876382,0.189447402954,0.162397876382,
0.176706835628,0.17858672142,0.175213858485,0.176687642932,0.176706835628,0.176687642932,0.165186136961,0.189152762294,0.16517342627,0.189138233662,0.190942198038,0.163601309061,0.190927550197,0.163588747382,
0.177216976881,0.179181978106,0.175631508231,0.177188321948,0.177216976881,0.177188321948,0.165716379881,0.189634501934,0.165697425604,0.189612805843,0.191519245505,0.164048925042,0.191497340798,0.164030149579,
0.177654102445,0.179703772068,0.175976991653,0.177616477013,0.177654102445,0.177616477013,0.166176766157,0.190040051937,0.166151836514,0.19001160562,0.192019402981,0.164427235723,0.191990628839,0.164402633905,
0.171848371625,0.173509970307,0.170715108514,0.171848371625,0.171848371625,0.171848371625,0.160652890801,0.183992609382,0.160652890801,0.183992609382,0.185463801026,0.159330636263,0.185463801026,0.159330636263,
0.172216564417,0.174012944102,0.170934930444,0.172200784087,0.172216564417,0.172200784087,0.161071315408,0.184296265244,0.161060899496,0.184284329414,0.185919508338,0.159617528319,0.185907453299,0.159607201815,
0.172216564417,0.174012944102,0.170934930444,0.172200784087,0.172216564417,0.172200784087,0.161071315408,0.184296265244,0.161060899496,0.184284329414,0.185919508338,0.159617528319,0.185907453299,0.159607201815,
0.1722997576,0.174162760377,0.170945361257,0.172277003527,0.1722997576,0.172277003527,0.161183744669,0.184343144298,0.161168709397,0.184325963259,0.186041265726,0.159665226936,0.186023920774,0.159650310874,
0.172523155808,0.174749180675,0.170751452446,0.172523155808,0.172523155808,0.172523155808,0.161440625787,0.18450050056,0.161440625787,0.18450050056,0.186630725861,0.159569397569,0.186630725861,0.159569397569,
0.172356888652,0.174652919173,0.170510411263,0.172351136804,0.172356888652,0.172351136804,0.161317393184,0.184283748269,0.161313578486,0.184279412031,0.186491847038,0.15937897563,0.186487495899,0.159375235438,
0.171837165952,0.174269646406,0.169846400619,0.171821862459,0.171837165952,0.171821862459,0.160890430212,0.183656811714,0.160880282521,0.18364520371,0.186016127467,0.158821880817,0.186004385352,0.158811867237,
0.171485483646,0.173984184861,0.169425308704,0.171466261148,0.171485483646,0.171466261148,0.160588309169,0.183248519897,0.160575583577,0.183233991265,0.185680910945,0.158456936479,0.185666233301,0.158444404602,
0.172413140535,0.174048915505,0.171204477549,0.172413140535,0.172413140535,0.172413140535,0.161015480757,0.184749647975,0.161015480757,0.184749647975,0.186258628964,0.159679174423,0.186258628964,0.159679174423,
0.17206184566,0.173766061664,0.170781165361,0.1720585078,0.17206184566,0.1720585078,0.160713225603,0.184342235327,0.160711035132,0.184339672327,0.185926884413,0.159311920404,0.185924336314,0.159309744835,
0.171561717987,0.173331797123,0.170212209225,0.171555802226,0.171561717987,0.171555802226,0.16026763618,0.183780610561,0.160263717175,0.183776140213,0.185437977314,0.158803984523,0.185433447361,0.158800110221,
0.171005174518,0.172839939594,0.16958861053,0.17099738121,0.171005174518,0.17099738121,0.15976767242,0.183160796762,0.159762501717,0.183154881001,0.184889227152,0.158243104815,0.184883236885,0.158238008618,
0.17116767168,0.172713086009,0.169982925057,0.171165809035,0.17116767168,0.171165809035,0.159691095352,0.183581918478,0.159689903259,0.183580502868,0.18503241241,0.158409580588,0.185030996799,0.158408358693,
0.170377656817,0.171988636255,0.169126227498,0.17037551105,0.170377656817,0.17037551105,0.158968627453,0.182717546821,0.158967241645,0.182715937495,0.184239521623,0.157626032829,0.184237882495,0.157624661922,
0.169536978006,0.171212047338,0.168220877647,0.169535070658,0.169536978006,0.169535070658,0.158197298646,0.181800916791,0.158196032047,0.181799486279,0.183392524719,0.15679526329,0.183391079307,0.156794011593,
0.167709335685,0.169507846236,0.166269853711,0.167709305882,0.167709335685,0.167709305882,0.156513392925,0.179816678166,0.156513363123,0.179816603661,0.181541830301,0.154997572303,0.181541800499,0.154997527599,
0.173980951309,0.175769492984,0.172535821795,0.173980951309,0.173980951309,0.173980951309,0.162452548742,0.186435177922,0.162452548742,0.186435177922,0.188155531883,0.160936608911,0.188155531883,0.160936608911,
0.172902241349,0.174752771854,0.171395465732,0.172903701663,0.172902241349,0.172903701663,0.161452636123,0.185271129012,0.161453619599,0.185272186995,0.187058404088,0.159879744053,0.187059506774,0.159880697727,
0.171778261662,0.173689186573,0.170212194324,0.171781927347,0.171778261662,0.171781927347,0.160409078002,0.184060454369,0.16041149199,0.184063225985,0.185912579298,0.158781051636,0.185915365815,0.158783450723,
0.171778261662,0.173689186573,0.170212194324,0.171781927347,0.171778261662,0.171781927347,0.160409078002,0.184060454369,0.16041149199,0.184063225985,0.185912579298,0.158781051636,0.185915365815,0.158783450723,
0.172534957528,0.173912256956,0.171456977725,0.172534957528,0.172534957528,0.172534957528,0.160811066628,0.185202762485,0.160811066628,0.185202762485,0.186513632536,0.1596634835,0.186513632536,0.1596634835,
0.171343997121,0.172784820199,0.170204415917,0.171347051859,0.171343997121,0.171347051859,0.159705325961,0.183920323849,0.159707307816,0.183922603726,0.185298919678,0.158500030637,0.185301229358,0.158502012491,
0.168705001473,0.170263886452,0.167452797294,0.168716147542,0.168705001473,0.168716147542,0.157245382667,0.181090280414,0.157252684236,0.181098729372,0.182593882084,0.155933812261,0.182602360845,0.155941069126,
0.168705001473,0.170263886452,0.167452797294,0.168716147542,0.168705001473,0.168716147542,0.157245382667,0.181090280414,0.157252684236,0.181098729372,0.182593882084,0.155933812261,0.182602360845,0.155941069126,
0.169458657503,0.170701026917,0.16847859323,0.169458657503,0.169458657503,0.169458657503,0.157752156258,0.182102799416,0.157752156258,0.182102799416,0.183299869299,0.156721174717,0.183299869299,0.156721174717,
0.168049752712,0.169351354241,0.167014151812,0.168054580688,0.168049752712,0.168054580688,0.156438082457,0.180593237281,0.156441271305,0.180596917868,0.181852370501,0.155354142189,0.18185608089,0.155357301235,
0.165014058352,0.166425257921,0.163876965642,0.165029525757,0.165014058352,0.165029525757,0.153599470854,0.177348986268,0.153609678149,0.177360758185,0.178722500801,0.152418300509,0.178734347224,0.152428418398,
0.163449943066,0.16491304338,0.16226528585,0.163471102715,0.163449943066,0.163471102715,0.152135536075,0.17567910254,0.152149453759,0.175695195794,0.177106544375,0.150908634067,0.177122786641,0.150922432542,
0.161854982376,0.163368150592,0.160624682903,0.161881893873,0.161854982376,0.161881893873,0.15064188838,0.17397724092,0.150659605861,0.173997700214,0.175456613302,0.149371027946,0.175477281213,0.149388581514,
0.165577366948,0.166036307812,0.165363416076,0.165577366948,0.165577366948,0.165577366948,0.153678178787,0.178463488817,0.153678178787,0.178463488817,0.178826659918,0.153366610408,0.178826659918,0.153366610408,
0.16393238306,0.164449900389,0.163663640618,0.16393828392,0.16393238306,0.16393828392,0.152139306068,0.176706463099,0.152143150568,0.176710933447,0.177130833268,0.151775330305,0.177135318518,0.151779159904,
0.160563036799,0.16119222343,0.160190179944,0.16058075428,0.160563036799,0.16058075428,0.14898532629,0.173109710217,0.148996978998,0.173123210669,0.173650681973,0.148521706462,0.173664242029,0.148533299565,
0.163504481316,0.163676202297,0.163526624441,0.163504481316,0.163504481316,0.163504481316,0.151502296329,0.176510617137,0.151502296329,0.176510617137,0.176590770483,0.151432558894,0.176590770483,0.151432558894,
0.161703422666,0.161934867501,0.161670207977,0.161709904671,0.161703422666,0.161709904671,0.149816870689,0.174587577581,0.149821132421,0.174592554569,0.174729898572,0.14969393611,0.174734845757,0.149698168039,
0.159880638123,0.160170063376,0.159793958068,0.159893617034,0.159880638123,0.159893617034,0.148110717535,0.172641888261,0.148119240999,0.172651797533,0.17284438014,0.147936299443,0.172854349017,0.147944793105,
0.156175762415,0.15657544136,0.155987530947,0.156201556325,0.156175762415,0.156201556325,0.144641771913,0.168688356876,0.144658654928,0.168708056211,0.169005408883,0.144369527698,0.169025152922,0.144386380911,
0.158836305141,0.159052595496,0.158809840679,0.158836305141,0.158836305141,0.158836305141,0.147087305784,0.171575456858,0.147087305784,0.171575456858,0.171706333756,0.146974816918,0.171706333756,0.146974816918,
0.15690882504,0.157178893685,0.156832307577,0.156914755702,0.15690882504,0.156914755702,0.145280882716,0.16952034831,0.14528478682,0.169524878263,0.16970731318,0.145120427012,0.169711858034,0.145124331117,
0.154965788126,0.155287817121,0.154840990901,0.154977574944,0.154965788126,0.154977574944,0.143459737301,0.167448848486,0.143467441201,0.167457863688,0.16769002378,0.14325299859,0.167699053884,0.143260702491,
0.153008326888,0.153380453587,0.152836993337,0.153025880456,0.153008326888,0.153025880456,0.141624867916,0.165362134576,0.141636356711,0.165375545621,0.165655627847,0.141373574734,0.165669053793,0.141385003924,
0.153008326888,0.153380453587,0.152836993337,0.153025880456,0.153008326888,0.153025880456,0.141624867916,0.165362134576,0.141636356711,0.165375545621,0.165655627847,0.141373574734,0.165669053793,0.141385003924,
0.152900189161,0.152445703745,0.153520926833,0.152911782265,0.152900189161,0.152911782265,0.14109697938,0.165736913681,0.14110454917,0.165745794773,0.165154412389,0.141592934728,0.165163248777,0.141600519419,
0.150878101587,0.150481313467,0.15144354105,0.150894522667,0.150878101587,0.150894522667,0.139205381274,0.163576737046,0.139216080308,0.163589298725,0.163055106997,0.139648988843,0.163067653775,0.13965973258,
0.148845255375,0.148504391313,0.149357125163,0.148866385221,0.148845255375,0.148866385221,0.137303724885,0.16140499711,0.137317508459,0.161421224475,0.16094250977,0.137696623802,0.160958647728,0.137710437179,
0.148845255375,0.148504391313,0.149357125163,0.148866385221,0.148845255375,0.148866385221,0.137303724885,0.16140499711,0.137317508459,0.161421224475,0.16094250977,0.137696623802,0.160958647728,0.137710437179,
0.15375199914,0.154129430652,0.153500050306,0.15375199914,0.15375199914,0.15375199914,0.142245963216,0.166222333908,0.142245963216,0.166222333908,0.16656306386,0.14195522666,0.16656306386,0.14195522666,
0.149408981204,0.149876222014,0.149073198438,0.149417951703,0.149408981204,0.149417951703,0.138171046972,0.161596432328,0.13817691803,0.161603301764,0.162031382322,0.137800425291,0.162038251758,0.137806281447,
0.147215127945,0.147723600268,0.146840393543,0.147227913141,0.147215127945,0.147227913141,0.136112362146,0.159259825945,0.136120691895,0.159269586205,0.159738332033,0.135704904795,0.159748107195,0.135713219643,
0.145018681884,0.145566374063,0.144606679678,0.145034909248,0.145018681884,0.145034909248,0.13405136764,0.156920149922,0.134061962366,0.15693256259,0.157440260053,0.133608773351,0.157452717423,0.133619338274,
0.149086877704,0.14931628108,0.148956403136,0.149086877704,0.149086877704,0.149086877704,0.137724876404,0.161412939429,0.137724876404,0.161412939429,0.161607772112,0.137558802962,0.161607772112,0.137558802962,
0.146852687001,0.147126406431,0.146680235863,0.146856367588,0.146852687001,0.146856367588,0.135630071163,0.159031420946,0.13563247025,0.159034252167,0.15927310288,0.135424256325,0.159275919199,0.135426640511,
0.142331510782,0.142684608698,0.142081350088,0.142339527607,0.142331510782,0.142339527607,0.131389796734,0.154212519526,0.13139501214,0.154218658805,0.15453954041,0.131111726165,0.154545679688,0.131116956472,
0.140073671937,0.140463590622,0.139787361026,0.140083730221,0.140073671937,0.140083730221,0.129272654653,0.151805475354,0.129279211164,0.151813164353,0.152172207832,0.128961101174,0.152179911733,0.128967627883,
0.143632635474,0.143929123878,0.143376350403,0.143634811044,0.143632635474,0.143634811044,0.132517248392,0.155691087246,0.132518664002,0.155692771077,0.15599103272,0.13226261735,0.155992716551,0.132264047861,
0.143632635474,0.143929123878,0.143376350403,0.143634811044,0.143632635474,0.143634811044,0.132517248392,0.155691087246,0.132518664002,0.155692771077,0.15599103272,0.13226261735,0.155992716551,0.132264047861,
0.141279608011,0.141613483429,0.140985995531,0.14128229022,0.141279608011,0.14128229022,0.130311563611,0.153181552887,0.130313321948,0.153183594346,0.153522148728,0.130022630095,0.153524205089,0.130024373531,
0.136590078473,0.136993199587,0.136227399111,0.136593773961,0.136590078473,0.136593773961,0.125916883349,0.148178711534,0.125919312239,0.148181542754,0.148594707251,0.125564545393,0.148597553372,0.12556694448,
0.136590078473,0.136993199587,0.136227399111,0.136593773961,0.136590078473,0.136593773961,0.125916883349,0.148178711534,0.125919312239,0.148181542754,0.148594707251,0.125564545393,0.148597553372,0.12556694448,
0.140478372574,0.140717029572,0.140246152878,0.140478372574,0.140478372574,0.140478372574,0.129471197724,0.152422964573,0.129471197724,0.152422964573,0.152678638697,0.12925440073,0.152678638697,0.12925440073,
0.138051554561,0.138325035572,0.137783512473,0.138050526381,0.138051554561,0.138050526381,0.127197310328,0.149833291769,0.127196639776,0.149832502007,0.150127455592,0.126948103309,0.150126680732,0.126947447658,
0.135635182261,0.13594160974,0.135333269835,0.135633200407,0.135635182261,0.135633200407,0.124933719635,0.147254243493,0.124932438135,0.147252708673,0.147584840655,0.124653883278,0.147583335638,0.124652594328,
0.130837887526,0.131204783916,0.130473896861,0.130834147334,0.130837887526,0.130834147334,0.120441302657,0.142132252455,0.120438866317,0.142129361629,0.142529800534,0.12010538578,0.142526909709,0.120102956891,
-0,-0,-0,-0,-0,-0,-0,-0,-0,-0,-0,-0,-0,-0,
-0,-0,-0,-0,-0,-0,-0,-0,-0,-0,-0,-0,-0,-0,
-0,-0,-0,-0,-0,-0,-0,-0,-0,-0,-0,-0,-0,-0,
-0,-0,-0,-0,-0,-0,-0,-0,-0,-0,-0,-0,-0,-0,
-0,-0,-0,-0,-0,-0,-0,-0,-0,-0,-0,-0,-0,-0,
-0,-0,-0,-0,-0,-0,-0,-0,-0,-0,-0,-0,-0,-0,
-0,-0,-0,-0,-0,-0,-0,-0,-0,-0,-0,-0,-0,-0,
-0,-0,-0,-0,-0,-0,-0,-0,-0,-0,-0,-0,-0,-0,
-0,-0,-0,-0,-0,-0,-0,-0,-0,-0,-0,-0,-0,-0,
-0,-0,-0,-0,-0,-0,-0,-0,-0,-0,-0,-0,-0,-0,
-0,-0,-0,-0,-0,-0,-0,-0,-0,-0,-0,-0,-0,-0,
-0,-0,-0,-0,-0,-0,-0,-0,-0,-0,-0,-0,-0,-0,
-0,-0,-0,-0,-0,-0,-0,-0,-0,-0,-0,-0,-0,-0,
-0,-0,-0,-0,-0,-0,-0,-0,-0,-0,-0,-0,-0,-0,
-0,-0,-0,-0,-0,-0,-0,-0,-0,-0,-0,-0,-0,-0,
-0,-0,-0,-0,-0,-0,-0,-0,-0,-0,-0,-0,-0,-0,
-0,-0,-0,-0,-0,-0,-0,-0,-0,-0,-0,-0,-0,-0,
-0,-0,-0,-0,-0,-0,-0,-0,-0,-0,-0,-0,-0,-0,
-0,-0,-0,-0,-0,-0,-0,-0,-0,-0,-0,-0,-0,-0,
-0,-0,-0,-0,-0,-0,-0,-0,-0,-0,-0,-0,-0,-0,
-0,-0,-0,-0,-0,-0,-0,-0,-0,-0,-0,-0,-0,-0,
-0,-0,-0,-0,-0,-0,-0,-0,-0,-0,-0,-0,-0,-0,
-0,-0,-0,-0,-0,-0,-0,-0,-0,-0,-0,-0,-0,-0,
-0,-0,-0,-0,-0,-0,-0,-0,-0,-0,-0,-0,-0,-0,
-0,-0,-0,-0,-0,-0,-0,-0,-0,-0,-0,-0,-0,-0,
-0,-0,-0,-0,-0,-0,-0,-0,-0,-0,-0,-0,-0,-0,
-0,-0,-0,-0,-0,-0,-0,-0,-0,-0,-0,-0,-0,-0,
-0,-0,-0,-0,-0,-0,-0,-0,-0,-0,-0,-0,-0,-0,
-0,-0,-0,-0,-0,-0,-0,-0,-0,-0,-0,-0,-0,-0,
-0,-0,-0,-0,-0,-0,-0,-0,-0,-0,-0,-0,-0,-0,
-0,-0,-0,-0,-0,-0,-0,-0,-0,-0,-0,-0,-0,-0,
-0,-0,-0,-0,-0,-0,-0,-0,-0,-0,-0,-0,-0,-0,
-0,-0,-0,-0,-0,-0,-0,-0,-0,-0,-0,-0,-0,-0,
-0,-0,-0,-0,-0,-0,-0,-0,-0,-0,-0,-0,-0,-0,
-0,-0,-0,-0,-0,-0,-0,-0,-0,-0,-0,-0,-0,-0,
-0,-0,-0,-0,-0,-0,-0,-0,-0,-0,-0,-0,-0,-0,
-0,-0,-0,-0,-0,-0,-0,-0,-0,-0,-0,-0,-0,-0,
-0,-0,-0,-0,-0,-0,-0,-0,-0,-0,-0,-0,-0,-0,
-0,-0,-0,-0,-0,-0,-0,-0,-0,-0,-0,-0,-0,-0,
-0,-0,-0,-0,-0,-0,-0,-0,-0,-0,-0,-0,-0,-0,
-0,-0,-0,-0,-0,-0,-0,-0,-0,-0,-0,-0,-0,-0,
-0,-0,-0,-0,-0,-0,-0,-0,-0,-0,-0,-0,-0,-0,
-0,-0,-0,-0,-0,-0,-0,-0,-0,-0,-0,-0,-0,-0,
-0,-0,-0,-0,-0,-0,-0,-0,-0,-0,-0,-0,-0,-0,
-0,-0,-0,-0,-0,-0,-0,-0,-0,-0,-0,-0,-0,-0,
-0,-0,-0,-0,-0,-0,-0,-0,-0,-0,-0,-0,-0,-0,
-0,-0,-0,-0,-0,-0,-0,-0,-0,-0,-0,-0,-0,-0,
-0,-0,-0,-0,-0,-0,-0,-0,-0,-0,-0,-0,-0,-0,
-0,-0,-0,-0,-0,-0,-0,-0,-0,-0,-0,-0,-0,-0,
-0,-0,-0,-0,-0,-0,-0,-0,-0,-0,-0,-0,-0,-0,
-0,-0,-0,-0,-0,-0,-0,-0,-0,-0,-0,-0,-0,-0,
-0,-0,-0,-0,-0,-0,-0,-0,-0,-0,-0,-0,-0,-0,
-0,-0,-0,-0,-0,-0,-0,-0,-0,-0,-0,-0,-0,-0,
-0,-0,-0,-0,-0,-0,-0,-0,-0,-0,-0,-0,-0,-0,
-0,-0,-0,-0,-0,-0,-0,-0,-0,-0,-0,-0,-0,-0,
-0,-0,-0,-0,-0,-0,-0,-0,-0,-0,-0,-0,-0,-0,
-0,-0,-0,-0,-0,-0,-0,-0,-0,-0,-0,-0,-0,-0,
-0,-0,-0,-0,-0,-0,-0,-0,-0,-0,-0,-0,-0,-0,
-0,-0,-0,-0,-0,-0,-0,-0,-0,-0,-0,-0,-0,-0,
-0,-0,-0,-0,-0,-0,-0,-0,-0,-0,-0,-0,-0,-0,
-0,-0,-0,-0,-0,-0,-0,-0,-0,-0,-0,-0,-0,-0,
-0,-0,-0,-0,-0,-0,-0,-0,-0,-0,-0,-0,-0,-0,
-0,-0,-0,-0,-0,-0,-0,-0,-0,-0,-0,-0,-0,-0,
-0,-0,-0,-0,-0,-0,-0,-0,-0,-0,-0,-0,-0,-0,
-0,-0,-0,-0,-0,-0,-0,-0,-0,-0,-0,-0,-0,-0,
-0,-0,-0,-0,-0,-0,-0,-0,-0,-0,-0,-0,-0,-0,
-0,-0,-0,-0,-0,-0,-0,-0,-0,-0,-0,-0,-0,-0,
-0,-0,-0,-0,-0,-0,-0,-0,-0,-0,-0,-0,-0,-0,
-0,-0,-0,-0,-0,-0,-0,-0,-0,-0,-0,-0,-0,-0,
-0,-0,-0,-0,-0,-0,-0,-0,-0,-0,-0,-0,-0,-0,
-0,-0,-0,-0,-0,-0,-0,-0,-0,-0,-0,-0,-0,-0,
-0,-0,-0,-0,-0,-0,-0,-0,-0,-0,-0,-0,-0,-0,
-0,-0,-0,-0,-0,-0,-0,-0,-0,-0,-0,-0,-0,-0,
-0,-0,-0,-0,-0,-0,-0,-0,-0,-0,-0,-0,-0,-0,
-0,-0,-0,-0,-0,-0,-0,-0,-0,-0,-0,-0,-0,-0,
-0,-0,-0,-0,-0,-0,-0,-0,-0,-0,-0,-0,-0,-0,
-0,-0,-0,-0,-0,-0,-0,-0,-0,-0,-0,-0,-0,-0,
-0,-0,-0,-0,-0,-0,-0,-0,-0,-0,-0,-0,-0,-0,
-0,-0,-0,-0,-0,-0,-0,-0,-0,-0,-0,-0,-0,-0,
-0,-0,-0,-0,-0,-0,-0,-0,-0,-0,-0,-0,-0,-0,
-0,-0,-0,-0,-0,-0,-0,-0,-0,-0,-0,-0,-0,-0,
-0,-0,-0,-0,-0,-0,-0,-0,-0,-0,-0,-0,-0,-0,
-0,-0,-0,-0,-0,-0,-0,-0,-0,-0,-0,-0,-0,-0,
-0,-0,-0,-0,-0,-0,-0,-0,-0,-0,-0,-0,-0,-0,
-0,-0,-0,-0,-0,-0,-0,-0,-0,-0,-0,-0,-0,-0,
-0,-0,-0,-0,-0,-0,-0,-0,-0,-0,-0,-0,-0,-0,
-0,-0,-0,-0,-0,-0,-0,-0,-0,-0,-0,-0,-0,-0,
-0,-0,-0,-0,-0,-0,-0,-0,-0,-0,-0,-0,-0,-0,
-0,-0,-0,-0,-0,-0,-0,-0,-0,-0,-0,-0,-0,-0,
-0,-0,-0,-0,-0,-0,-0,-0,-0,-0,-0,-0,-0,-0,
-0,-0,-0,-0,-0,-0,-0,-0,-0,-0,-0,-0,-0,-0,
-0,-0,-0,-0,-0,-0,-0,-0,-0,-0,-0,-0,-0,-0,
-0,-0,-0,-0,-0,-0,-0,-0,-0,-0,-0,-0,-0,-0,
-0,-0,-0,-0,-0,-0,-0,-0,-0,-0,-0,-0,-0,-0,
-0,-0,-0,-0,-0,-0,-0,-0,-0,-0,-0,-0,-0,-0,
-0,-0,-0,-0,-0,-0,-0,-0,-0,-0,-0,-0,-0,-0,
-0,-0,-0,-0,-0,-0,-0,-0,-0,-0,-0,-0,-0,-0,
-0,-0,-0,-0,-0,-0,-0,-0,-0,-0,-0,-0,-0,-0,
-0,-0,-0,-0,-0,-0,-0,-0,-0,-0,-0,-0,-0,-0,
-0,-0,-0,-0,-0,-0,-0,-0,-0,-0,-0,-0,-0,-0,
-0,-0,-0,-0,-0,-0,-0,-0,-0,-0,-0,-0,-0,-0,
-0,-0,-0,-0,-0,-0,-0,-0,-0,-0,-0,-0,-0,-0,
-0,-0,-0,-0,-0,-0,-0,-0,-0,-0,-0,-0,-0,-0,
-0,-0,-0,-0,-0,-0,-0,-0,-0,-0,-0,-0,-0,-0,
-0,-0,-0,-0,-0,-0,-0,-0,-0,-0,-0,-0,-0,-0,
-0,-0,-0,-0,-0,-0,-0,-0,-0,-0,-0,-0,-0,-0,
-0,-0,-0,-0,-0,-0,-0,-0,-0,-0,-0,-0,-0,-0,
-0,-0,-0,-0,-0,-0,-0,-0,-0,-0,-0,-0,-0,-0,
-0,-0,-0,-0,-0,-0,-0,-0,-0,-0,-0,-0,-0,-0,
-0,-0,-0,-0,-0,-0,-0,-0,-0,-0,-0,-0,-0,-0,
-0,-0,-0,-0,-0,-0,-0,-0,-0,-0,-0,-0,-0,-0,
-0,-0,-0,-0,-0,-0,-0,-0,-0,-0,-0,-0,-0,-0,
-0,-0,-0,-0,-0,-0,-0,-0,-0,-0,-0,-0,-0,-0,
-0,-0,-0,-0,-0,-0,-0,-0,-0,-0,-0,-0,-0,-0,
-0,-0,-0,-0,-0,-0,-0,-0,-0,-0,-0,-0,-0,-0,
-0,-0,-0,-0,-0,-0,-0,-0,-0,-0,-0,-0,-0,-0,
-0,-0,-0,-0,-0,-0,-0,-0,-0,-0,-0,-0,-0,-0,
-0,-0,-0,-0,-0,-0,-0,-0,-0,-0,-0,-0,-0,-0,
-0,-0,-0,-0,-0,-0,-0,-0,-0,-0,-0,-0,-0,-0,
-0,-0,-0,-0,-0,-0,-0,-0,-0,-0,-0,-0,-0,-0,
-0,-0,-0,-0,-0,-0,-0,-0,-0,-0,-0,-0,-0,-0,
-0,-0,-0,-0,-0,-0,-0,-0,-0,-0,-0,-0,-0,-0,
-0,-0,-0,-0,-0,-0,-0,-0,-0,-0,-0,-0,-0,-0,
-0,-0,-0,-0,-0,-0,-0,-0,-0,-0,-0,-0,-0,-0,
-0,-0,-0,-0,-0,-0,-0,-0,-0,-0,-0,-0,-0,-0,
-0,-0,-0,-0,-0,-0,-0,-0,-0,-0,-0,-0,-0,-0,
-0,-0,-0,-0,-0,-0,-0,-0,-0,-0,-0,-0,-0,-0,
-0,-0,-0,-0,-0,-0,-0,-0,-0,-0,-0,-0,-0,-0,
-0,-0,-0,-0,-0,-0,-0,-0,-0,-0,-0,-0,-0,-0,
-0,-0,-0,-0,-0,-0,-0,-0,-0,-0,-0,-0,-0,-0,
-0,-0,-0,-0,-0,-0,-0,-0,-0,-0,-0,-0,-0,-0,
-0,-0,-0,-0,-0,-0,-0,-0,-0,-0,-0,-0,-0,-0,
-0,-0,-0,-0,-0,-0,-0,-0,-0,-0,-0,-0,-0,-0,
-0,-0,-0,-0,-0,-0,-0,-0,-0,-0,-0,-0,-0,-0,
-0,-0,-0,-0,-0,-0,-0,-0,-0,-0,-0,-0,-0,-0,
-0,-0,-0,-0,-0,-0,-0,-0,-0,-0,-0,-0,-0,-0,
-0,-0,-0,-0,-0,-0,-0,-0,-0,-0,-0,-0,-0,-0,
-0,-0,-0,-0,-0,-0,-0,-0,-0,-0,-0,-0,-0,-0,
-0,-0,-0,-0,-0,-0,-0,-0,-0,-0,-0,-0,-0,-0,
-0,-0,-0,-0,-0,-0,-0,-0,-0,-0,-0,-0,-0,-0,
-0,-0,-0,-0,-0,-0,-0,-0,-0,-0,-0,-0,-0,-0,
-0,-0,-0,-0,-0,-0,-0,-0,-0,-0,-0,-0,-0,-0,
-0,-0,-0,-0,-0,-0,-0,-0,-0,-0,-0,-0,-0,-0,
0.146177917719,0.146399483085,0.146013632417,0.14620500803,0.146177917719,0.14620500803,0.134875535965,0.158444225788,0.134893208742,0.158464998007,0.158653318882,0.1346976161,0.158674120903,0.134715259075,
0.14889511466,0.149111777544,0.148767203093,0.148953199387,0.14889511466,0.148953199387,0.137440443039,0.16133120656,0.137478351593,0.161375701427,0.161517828703,0.137281477451,0.161562398076,0.137319341302,
0.14889511466,0.149111777544,0.148767203093,0.148953199387,0.14889511466,0.148953199387,0.137440443039,0.16133120656,0.137478351593,0.161375701427,0.161517828703,0.137281477451,0.161562398076,0.137319341302,
0.151648461819,0.151863127947,0.151558101177,0.151741549373,0.151648461819,0.151741549373,0.140042170882,0.164254665375,0.140102952719,0.16432595253,0.164419785142,0.139901384711,0.164491146803,0.139962106943,
0.154727846384,0.154941126704,0.154678195715,0.154805615544,0.154727846384,0.154805615544,0.143032506108,0.167427167296,0.143083333969,0.167486667633,0.16756953299,0.142911210656,0.167629078031,0.142961993814,
0.157545357943,0.157770857215,0.157532513142,0.157670617104,0.157545357943,0.157670617104,0.145705863833,0.170410037041,0.145787745714,0.170505821705,0.170539006591,0.145595878363,0.170634865761,0.14567771554,
0.16039994359,0.160641610622,0.160425156355,0.160577908158,0.16039994359,0.160577908158,0.148417457938,0.173430010676,0.148533880711,0.173566043377,0.1735470891,0.148317560554,0.173683226109,0.148433893919,
0.156520292163,0.156707391143,0.156448468566,0.156520292163,0.156520292163,0.156520292163,0.144765809178,0.169260114431,0.144765809178,0.169260114431,0.169400349259,0.14464636147,0.169400349259,0.14464636147,
0.162256062031,0.162499114871,0.162256747484,0.162380293012,0.162256062031,0.162380293012,0.15022611618,0.175320640206,0.150307416916,0.175415545702,0.175451830029,0.15011420846,0.175546765327,0.150195464492,
0.162256062031,0.162499114871,0.162256747484,0.162380293012,0.162256062031,0.162380293012,0.15022611618,0.175320640206,0.150307416916,0.175415545702,0.175451830029,0.15011420846,0.175546765327,0.150195464492,
0.165182456374,0.165461331606,0.165218517184,0.165375724435,0.165182456374,0.165375724435,0.153017565608,0.178408131003,0.153144136071,0.178555712104,0.178539454937,0.152905419469,0.178687125444,0.153031900525,
0.168141156435,0.168458089232,0.168210476637,0.168403580785,0.168141156435,0.168403580785,0.155842527747,0.181526347995,0.156014531851,0.181726664305,0.181660115719,0.155728206038,0.181860595942,0.155900046229,
0.163349419832,0.163541391492,0.163383617997,0.16341035068,0.163349419832,0.16341035068,0.151313349605,0.176405325532,0.151353240013,0.176451846957,0.176492094994,0.151241615415,0.17653863132,0.151281476021,
0.163349419832,0.163541391492,0.163383617997,0.16341035068,0.163349419832,0.16341035068,0.151313349605,0.176405325532,0.151353240013,0.176451846957,0.176492094994,0.151241615415,0.17653863132,0.151281476021,
0.166245311499,0.166479125619,0.166302248836,0.166367828846,0.166245311499,0.166367828846,0.154081508517,0.179451987147,0.154161795974,0.179545521736,0.179549068213,0.154000908136,0.179642602801,0.154081165791,
0.172074183822,0.172394782305,0.172165870667,0.172312363982,0.172074183822,0.172312363982,0.159660577774,0.185573473573,0.15981683135,0.185755074024,0.185698464513,0.159555882215,0.185880213976,0.159712031484,
0.172074183822,0.172394782305,0.172165870667,0.172312363982,0.172074183822,0.172312363982,0.159660577774,0.185573473573,0.15981683135,0.185755074024,0.185698464513,0.159555882215,0.185880213976,0.159712031484,
0.165175288916,0.166052386165,0.164633631706,0.165221869946,0.165175288916,0.165221869946,0.153556630015,0.177773550153,0.153587251902,0.177808985114,0.178529664874,0.152892962098,0.178565263748,0.152923449874,
0.167922660708,0.16885189712,0.167378813028,0.168014496565,0.167922660708,0.168014496565,0.15619520843,0.180646657944,0.156255602837,0.180716499686,0.181431502104,0.155506044626,0.18150164187,0.155566141009,
0.167922660708,0.16885189712,0.167378813028,0.168014496565,0.167922660708,0.168014496565,0.15619520843,0.180646657944,0.156255602837,0.180716499686,0.181431502104,0.155506044626,0.18150164187,0.155566141009,
0.170658558607,0.171640247107,0.170109078288,0.170792430639,0.170658558607,0.170792430639,0.158824905753,0.183504417539,0.158913001418,0.183606207371,0.184319972992,0.158108443022,0.184422254562,0.158196166158,
0.173206344247,0.174355849624,0.17237085104,0.173206344247,0.173206344247,0.173206344247,0.161366567016,0.186009451747,0.161366567016,0.186009451747,0.187065809965,0.160436242819,0.187065809965,0.160436242819,
0.175816088915,0.177021086216,0.174958646297,0.175844803452,0.175816088915,0.175844803452,0.163882136345,0.188724055886,0.16390106082,0.188745841384,0.189821407199,0.162915378809,0.189843341708,0.162934154272,
0.178390547633,0.179651096463,0.177508249879,0.178445160389,0.178390547633,0.178445160389,0.16636569798,0.191398918629,0.166401714087,0.191440358758,0.19253885746,0.165361151099,0.192580521107,0.165396943688,
0.178390547633,0.179651096463,0.177508249879,0.178445160389,0.178390547633,0.178445160389,0.16636569798,0.191398918629,0.166401714087,0.191440358758,0.19253885746,0.165361151099,0.192580521107,0.165396943688,
0.174694985151,0.179785057902,0.170362398028,0.174694985151,0.174694985151,0.174694985151,0.165381908417,0.184767842293,0.165381908417,0.184767842293,0.189748004079,0.16093814373,0.189748004079,0.16093814373,
0.176757022738,0.181927725673,0.172367379069,0.176771357656,0.176757022738,0.176771357656,0.167402043939,0.186876952648,0.167411625385,0.18688762188,0.191928237677,0.1628921628,0.191939219832,0.162901476026,
0.178763240576,0.184013575315,0.174316719174,0.178791433573,0.178763240576,0.178791433573,0.169369146228,0.188926950097,0.169388055801,0.188948050141,0.19404886663,0.164793729782,0.194070503116,0.164812088013,
0.178763240576,0.184013575315,0.174316719174,0.178791433573,0.178763240576,0.178791433573,0.169369146228,0.188926950097,0.169388055801,0.188948050141,0.19404886663,0.164793729782,0.194070503116,0.164812088013,
0.180710852146,0.18603913486,0.176207214594,0.18075107038,0.180710852146,0.18075107038,0.171280324459,0.190915197134,0.17130728066,0.190945222974,0.196106895804,0.166640013456,0.196137756109,0.166666269302,
0.180138602853,0.18553814292,0.175549343228,0.180138602853,0.180138602853,0.180138602853,0.170833811164,0.190212979913,0.170833811164,0.190212979913,0.195474877954,0.166107982397,0.195474877954,0.166107982397,
0.180138602853,0.18553814292,0.175549343228,0.180138602853,0.180138602853,0.180138602853,0.170833811164,0.190212979913,0.170833811164,0.190212979913,0.195474877954,0.166107982397,0.195474877954,0.166107982397,
0.183508560061,0.189045891166,0.178806260228,0.183517411351,0.183508560061,0.183517411351,0.174146533012,0.193643346429,0.174152478576,0.193649932742,0.199035063386,0.16930013895,0.199041873217,0.169305935502,
0.183508560061,0.189045891166,0.178806260228,0.183517411351,0.183508560061,0.183517411351,0.174146533012,0.193643346429,0.174152478576,0.193649932742,0.199035063386,0.16930013895,0.199041873217,0.169305935502,
0.185093685985,0.190697073936,0.180335611105,0.185105249286,0.185093685985,0.185105249286,0.175706610084,0.195254400373,0.175714358687,0.195262998343,0.200709193945,0.170801654458,0.200718060136,0.170809209347,
0.177427917719,0.181121870875,0.174535691738,0.177429527044,0.177427917719,0.177429527044,0.167470872402,0.188273072243,0.167471945286,0.188274234533,0.191706955433,0.164326444268,0.191708132625,0.164327472448,
0.180078744888,0.183856189251,0.177111133933,0.180077433586,0.180078744888,0.180077433586,0.170061066747,0.190984681249,0.170060187578,0.190983742476,0.194501236081,0.166840523481,0.194500237703,0.166839703918,
0.180078744888,0.183856189251,0.177111133933,0.180077433586,0.180078744888,0.180077433586,0.170061066747,0.190984681249,0.170060187578,0.190983742476,0.194501236081,0.166840523481,0.194500237703,0.166839703918,
0.181301534176,0.185119301081,0.17829695344,0.181298419833,0.181301534176,0.181298419833,0.171257406473,0.192233711481,0.171255335212,0.192231416702,0.195790529251,0.167999953032,0.195788159966,0.167997911572,
0.166132971644,0.170203536749,0.162880256772,0.166132971644,0.166132971644,0.166132971644,0.156892478466,0.176213845611,0.156892478466,0.176213845611,0.180045992136,0.153407454491,0.180045992136,0.153407454491,
0.167137935758,0.171245157719,0.163851812482,0.167136222124,0.167137935758,0.167136222124,0.157875135541,0.177241131663,0.157873988152,0.177239850163,0.181109786034,0.154356598854,0.181108489633,0.154355481267,
0.167137935758,0.171245157719,0.163851812482,0.167136222124,0.167137935758,0.167136222124,0.157875135541,0.177241131663,0.157873988152,0.177239850163,0.181109786034,0.154356598854,0.181108489633,0.154355481267,
0.168734267354,0.172908231616,0.165384039283,0.168727084994,0.168734267354,0.168727084994,0.159441068769,0.178866237402,0.159436270595,0.178860872984,0.182803422213,0.155860260129,0.182797923684,0.155855596066,
0.169436275959,0.173642218113,0.166055426002,0.16942679882,0.169436275959,0.16942679882,0.160131275654,0.179579213262,0.160124912858,0.179572105408,0.183549240232,0.156520739198,0.183541953564,0.156514510512,
0.192856401205,0.196182847023,0.190252259374,0.19285479188,0.192856401205,0.19285479188,0.181882083416,0.204745218158,0.181881040335,0.204744026065,0.207845404744,0.179058015347,0.207844242454,0.179056957364,
0.193409144878,0.196771591902,0.190768942237,0.193405345082,0.193409144878,0.193405345082,0.182432547212,0.205298110843,0.182429984212,0.205295264721,0.208436504006,0.179574549198,0.20843359828,0.179572045803,
0.194308057427,0.19774082303,0.191598400474,0.19430154562,0.194308057427,0.19430154562,0.183333724737,0.206190675497,0.183329373598,0.206185817719,0.209403246641,0.180410072207,0.209398299456,0.180405795574,
0.194308057427,0.19774082303,0.191598400474,0.19430154562,0.194308057427,0.19430154562,0.183333724737,0.206190675497,0.183329373598,0.206185817719,0.209403246641,0.180410072207,0.209398299456,0.180405795574,
0.188540205359,0.191327601671,0.186535000801,0.18853983283,0.188540205359,0.18853983283,0.177559494972,0.200452208519,0.177559241652,0.200451940298,0.202962875366,0.17528180778,0.202962592244,0.175281539559,
0.188709646463,0.191525384784,0.18667653203,0.188708722591,0.188709646463,0.188708722591,0.17773681879,0.200611829758,0.177736222744,0.200611174107,0.203152552247,0.175432860851,0.20315182209,0.175432294607,
0.188709646463,0.191525384784,0.18667653203,0.188708722591,0.188709646463,0.188708722591,0.17773681879,0.200611829758,0.177736222744,0.200611174107,0.203152552247,0.175432860851,0.20315182209,0.175432294607,
0.188815578818,0.191659286618,0.186755359173,0.18881483376,0.188815578818,0.18881483376,0.177852839231,0.200706034899,0.177852332592,0.200705483556,0.203276097775,0.175523146987,0.203275546432,0.17552267015,
0.189062952995,0.192667916417,0.186246871948,0.189062952995,0.189062952995,0.189062952995,0.17845647037,0.200539931655,0.17845647037,0.200539931655,0.20392614603,0.17542232573,0.20392614603,0.17542232573,
0.188848033547,0.192477509379,0.186007961631,0.188848599792,0.188848033547,0.188848599792,0.178262412548,0.200302034616,0.178262814879,0.20030246675,0.203714340925,0.175205856562,0.203714758158,0.17520621419,
0.188575580716,0.192228958011,0.185712680221,0.188577383757,0.188575580716,0.188577383757,0.178012683988,0.200005054474,0.178013905883,0.200006380677,0.203442543745,0.174934506416,0.203443899751,0.174935653806,
0.188246309757,0.191922903061,0.185361489654,0.188249960542,0.188246309757,0.188249960542,0.177707836032,0.199649527669,0.177710279822,0.199652299285,0.203111320734,0.174608826637,0.20311409235,0.174611210823,
0.189093321562,0.191961944103,0.186946168542,0.189098611474,0.189093321562,0.189098611474,0.178003326058,0.201083391905,0.178006857634,0.201087370515,0.203738614917,0.175641968846,0.20374263823,0.175645470619,
0.188509866595,0.191402450204,0.186340659857,0.18851852417,0.188509866595,0.18851852417,0.177454054356,0.200463980436,0.177459776402,0.20047044754,0.203144058585,0.175071582198,0.203150644898,0.175077259541,
0.187874048948,0.190790250897,0.185683980584,0.187887117267,0.187874048948,0.187887117267,0.176854237914,0.199790611863,0.17686291039,0.199800401926,0.202494814992,0.174451395869,0.202504783869,0.174459934235,
0.194763630629,0.195745885372,0.194365724921,0.194763630629,0.194763630629,0.194763630629,0.182313919067,0.208227962255,0.182313919067,0.208227962255,0.208957344294,0.181663393974,0.208957344294,0.181663393974,
0.194113686681,0.195130646229,0.193684384227,0.194118857384,0.194113686681,0.194118857384,0.181704863906,0.207535356283,0.181708261371,0.207539260387,0.208300188184,0.181023657322,0.20830412209,0.181027054787,
0.192458018661,0.19354274869,0.191966921091,0.19247366488,0.192458018661,0.19247366488,0.180144205689,0.205780744553,0.180154591799,0.205792590976,0.206615194678,0.179402887821,0.206627085805,0.179413229227,
0.19155728817,0.192675560713,0.191036075354,0.191578894854,0.19155728817,0.191578894854,0.179293870926,0.20482775569,0.179308161139,0.204844087362,0.205696433783,0.178523033857,0.205712854862,0.178537264466,
0.19061011076,0.1917617172,0.190059363842,0.190638154745,0.19061011076,0.190638154745,0.178398936987,0.20382656157,0.178417503834,0.203847765923,0.204729050398,0.177598953247,0.204750344157,0.177617415786,
0.194232940674,0.195260450244,0.193789303303,0.194232940674,0.194232940674,0.194232940674,0.181826904416,0.20765016973,0.181826904416,0.20765016973,0.208427786827,0.181133553386,0.208427786827,0.181133553386,
0.193139851093,0.194201260805,0.192665457726,0.193146049976,0.193139851093,0.193146049976,0.180791303515,0.206497550011,0.180795416236,0.206502273679,0.207309901714,0.180068030953,0.207314655185,0.18007209897,
0.190823495388,0.191952168941,0.190289154649,0.190843448043,0.190823495388,0.190843448043,0.178595453501,0.204056799412,0.178608685732,0.204071909189,0.20493760705,0.177813276649,0.204952791333,0.177826419473,
0.189603537321,0.190765410662,0.189040094614,0.189631029963,0.189603537321,0.189631029963,0.177438348532,0.202772051096,0.17745654285,0.20279289782,0.20368643105,0.176627367735,0.203707307577,0.176645502448,
0.192584261298,0.193658441305,0.192087709904,0.192584261298,0.192584261298,0.192584261298,0.180262073874,0.205912709236,0.180262073874,0.205912709236,0.206742838025,0.179521754384,0.206742838025,0.179521754384,
0.191231444478,0.192339703441,0.190705046058,0.191239446402,0.191231444478,0.191239446402,0.178977146745,0.204490065575,0.178982406855,0.204496130347,0.205354645848,0.178207278252,0.205360680819,0.178212553263,
0.189841404557,0.190983146429,0.189285755157,0.189857557416,0.189841404557,0.189857557416,0.177656546235,0.203028559685,0.177667230368,0.203040778637,0.203926935792,0.176857709885,0.20393922925,0.176868334413,
0.186954781413,0.188161835074,0.186342507601,0.186987698078,0.186954781413,0.186987698078,0.174913585186,0.199994251132,0.174935340881,0.20001912117,0.200958475471,0.17405846715,0.200983509421,0.174080103636,
0.190511092544,0.191273018718,0.190230920911,0.190520107746,0.190511092544,0.190520107746,0.17795945704,0.20408628881,0.177965387702,0.204093143344,0.204635202885,0.177466973662,0.204642042518,0.177472904325,
0.188879817724,0.18968129158,0.188564881682,0.188897565007,0.188879817724,0.188897565007,0.176411911845,0.202368766069,0.176423624158,0.202382177114,0.202957689762,0.175885051489,0.202971190214,0.175896704197,
0.188879817724,0.18968129158,0.188564881682,0.188897565007,0.188879817724,0.188897565007,0.176411911845,0.202368766069,0.176423624158,0.202382177114,0.202957689762,0.175885051489,0.202971190214,0.175896704197,
0.187217742205,0.188058018684,0.186868786812,0.187244221568,0.187217742205,0.187244221568,0.174835026264,0.200618833303,0.174852520227,0.200638920069,0.201247021556,0.174274519086,0.201267123222,0.174291923642,
0.182631850243,0.184433788061,0.181296154857,0.182631850243,0.182631850243,0.182631850243,0.170892506838,0.195309698582,0.170892506838,0.195309698582,0.196982294321,0.169423446059,0.196982294321,0.169423446059,
0.180793464184,0.182622715831,0.179435282946,0.180802166462,0.180793464184,0.180802166462,0.169144287705,0.193378418684,0.169150054455,0.193384990096,0.195078283548,0.167652592063,0.195084944367,0.167658284307,
0.178931102157,0.180786520243,0.177551537752,0.178948521614,0.178931102157,0.178948521614,0.1673733145,0.191421955824,0.167384818196,0.191435113549,0.193147912621,0.165860071778,0.193161159754,0.165871486068,
0.178931102157,0.180786520243,0.177551537752,0.178948521614,0.178931102157,0.178948521614,0.1673733145,0.191421955824,0.167384818196,0.191435113549,0.193147912621,0.165860071778,0.193161159754,0.165871486068,
0.177690535784,0.178551480174,0.177214458585,0.177690535784,0.177690535784,0.177690535784,0.165615618229,0.190756082535,0.165615618229,0.190756082535,0.191467195749,0.164989158511,0.191467195749,0.164989158511,
0.173822924495,0.17475451529,0.173285633326,0.173840105534,0.173822924495,0.173840105534,0.161950960755,0.18667845428,0.161962285638,0.186691492796,0.187461048365,0.161263808608,0.187474146485,0.161275088787,
0.173822924495,0.17475451529,0.173285633326,0.173840105534,0.173822924495,0.173840105534,0.161950960755,0.18667845428,0.161962285638,0.186691492796,0.187461048365,0.161263808608,0.187474146485,0.161275088787,
0.171828866005,0.172793582082,0.171262532473,0.17185421288,0.171828866005,0.17185421288,0.1600612849,0.184576138854,0.160077989101,0.184595376253,0.185392454267,0.15934561193,0.185411795974,0.159362211823,
0.169817790389,0.170814350247,0.169223621488,0.169851183891,0.169817790389,0.169851183891,0.1581556499,0.182455718517,0.158177644014,0.182481050491,0.183304488659,0.157412618399,0.183329984546,0.157434478402,
0.175439059734,0.174821183085,0.176348224282,0.17544773221,0.175439059734,0.17544773221,0.16261151433,0.189354732633,0.162617206573,0.189361363649,0.188534930348,0.163321971893,0.188541531563,0.163327693939,
0.175439059734,0.174821183085,0.176348224282,0.17544773221,0.175439059734,0.17544773221,0.16261151433,0.189354732633,0.162617206573,0.189361363649,0.188534930348,0.163321971893,0.188541531563,0.163327693939,
0.171163782477,0.170649692416,0.171977579594,0.171188592911,0.171163782477,0.171188592911,0.158578723669,0.184827044606,0.158595025539,0.184846013784,0.184113889933,0.159196302295,0.184132784605,0.159212619066,
0.169006109238,0.168541997671,0.169774070382,0.169038832188,0.169006109238,0.169038832188,0.156543880701,0.182541489601,0.156565338373,0.182566508651,0.181879669428,0.157116770744,0.181904599071,0.157138288021,
0.1728708148,0.171596050262,0.174397706985,0.172878697515,0.1728708148,0.172878697515,0.159806311131,0.187066987157,0.159811452031,0.187073066831,0.185559928417,0.161107450724,0.185565948486,0.161112621427,
0.17060354352,0.169389486313,0.172073215246,0.17061881721,0.17060354352,0.17061881721,0.157671630383,0.184661224484,0.157681629062,0.184672892094,0.183217167854,0.158917576075,0.183228731155,0.158927619457,
0.166042938828,0.164946094155,0.167401790619,0.166072353721,0.166042938828,0.166072353721,0.153379052877,0.179820433259,0.153398260474,0.179842963815,0.17849817872,0.154518306255,0.178520530462,0.154537692666,
0.166042938828,0.164946094155,0.167401790619,0.166072353721,0.166042938828,0.166072353721,0.153379052877,0.179820433259,0.153398260474,0.179842963815,0.17849817872,0.154518306255,0.178520530462,0.154537692666,
0.168245583773,0.168217688799,0.168497800827,0.168245583773,0.168245583773,0.168245583773,0.155955731869,0.181561857462,0.155955731869,0.181561857462,0.181413695216,0.156087741256,0.181413695216,0.156087741256,
0.165822774172,0.165836453438,0.166036993265,0.165829569101,0.165822774172,0.165829569101,0.153667613864,0.178998678923,0.15367205441,0.179003834724,0.178893297911,0.153762713075,0.178898453712,0.15376713872,
0.16339738667,0.163451075554,0.163574978709,0.163410842419,0.16339738667,0.163410842419,0.151377633214,0.176432088017,0.151386424899,0.176442340016,0.176367983222,0.151437133551,0.176378250122,0.151445955038,
0.158544078469,0.158673226833,0.15865252912,0.158570274711,0.158544078469,0.158570274711,0.146796941757,0.171294242144,0.146814078093,0.171314254403,0.171308070421,0.146789461374,0.171328082681,0.14680659771,
0.161176919937,0.161202833056,0.161366999149,0.161176919937,0.161176919937,0.161176919937,0.149255618453,0.174106389284,0.149255618453,0.174106389284,0.174020379782,0.149333626032,0.174020379782,0.149333626032,
0.158681496978,0.158744260669,0.158837392926,0.158687457442,0.158681496978,0.158687457442,0.146899983287,0.171464920044,0.146903887391,0.1714694947,0.171417176723,0.146945044398,0.17142175138,0.146948963404,
0.156189382076,0.156287401915,0.156312420964,0.15620110929,0.156189382076,0.15620110929,0.144548133016,0.168826147914,0.144555807114,0.168835148215,0.168815150857,0.14456166327,0.168824136257,0.144569322467,
0.153701782227,0.153833478689,0.153793394566,0.15371902287,0.153701782227,0.15371902287,0.142201200128,0.166191413999,0.142212480307,0.166204586625,0.166215538979,0.142184615135,0.166228711605,0.142195880413,
0.151595547795,0.151691973209,0.151666864753,0.151605546474,0.151595547795,0.151605546474,0.140119433403,0.164055630565,0.140126004815,0.164063289762,0.164071083069,0.140109345317,0.164078772068,0.140115901828,
0.149038374424,0.149166345596,0.149079725146,0.149052605033,0.149038374424,0.149052605033,0.137709677219,0.161343738437,0.137719020247,0.161354646087,0.161392450333,0.13767118752,0.161403357983,0.137680485845,
0.146491527557,0.146649613976,0.146504580975,0.146510198712,0.146491527557,0.146510198712,0.135310485959,0.158641964197,0.135322660208,0.15865623951,0.158722311258,0.135245010257,0.158736586571,0.135257184505,
0.146491527557,0.146649613976,0.146504580975,0.146510198712,0.146491527557,0.146510198712,0.135310485959,0.158641964197,0.135322660208,0.15865623951,0.158722311258,0.135245010257,0.158736586571,0.135257184505,
0.152488619089,0.152237862349,0.152859181166,0.152488619089,0.152488619089,0.152488619089,0.14075127244,0.165236070752,0.14075127244,0.165236070752,0.164900869131,0.141039043665,0.164900869131,0.141039043665,
0.147202759981,0.147024646401,0.147504717112,0.147211164236,0.147202759981,0.147211164236,0.135776489973,0.159623518586,0.135781958699,0.159629970789,0.159364491701,0.135998800397,0.159370929003,0.136004269123,
0.144558742642,0.144414097071,0.144828572869,0.144570633769,0.144558742642,0.144570633769,0.133289113641,0.156814724207,0.133296877146,0.156823843718,0.156591117382,0.133481025696,0.15660020709,0.1334887743,
0.144558742642,0.144414097071,0.144828572869,0.144570633769,0.144558742642,0.144570633769,0.133289113641,0.156814724207,0.133296877146,0.156823843718,0.156591117382,0.133481025696,0.15660020709,0.1334887743,
0.146515727043,0.146299615502,0.146812498569,0.146515727043,0.146515727043,0.146515727043,0.135062485933,0.158961415291,0.135062485933,0.158961415291,0.158684074879,0.135299488902,0.158684074879,0.135299488902,
0.143836259842,0.143654212356,0.144101083279,0.143840000033,0.143836259842,0.143840000033,0.132543370128,0.156113311648,0.132545799017,0.15611615777,0.155871599913,0.132749840617,0.155874460936,0.132752269506,
0.138445541263,0.138325124979,0.138650283217,0.138453900814,0.138445541263,0.138453900814,0.127477154136,0.150380387902,0.127482563257,0.150386810303,0.150204479694,0.127627328038,0.150210887194,0.127632781863,
0.138445541263,0.138325124979,0.138650283217,0.138453900814,0.138445541263,0.138453900814,0.127477154136,0.150380387902,0.127482563257,0.150386810303,0.150204479694,0.127627328038,0.150210887194,0.127632781863,
0.135781526566,0.135689541698,0.135958448052,0.135792002082,0.135781526566,0.135792002082,0.124974966049,0.147545546293,0.12498178333,0.147553578019,0.147400081158,0.125099167228,0.147408112884,0.12510599196,
0.139039993286,0.13830961287,0.139796122909,0.139042377472,0.139039993286,0.139042377472,0.127689048648,0.151405781507,0.127690598369,0.151407599449,0.150598883629,0.128373607993,0.150600701571,0.128375157714,
0.139039993286,0.13830961287,0.139796122909,0.139042377472,0.139039993286,0.139042377472,0.127689048648,0.151405781507,0.127690598369,0.151407599449,0.150598883629,0.128373607993,0.150600701571,0.128375157714,
0.136298179626,0.135608047247,0.137014985085,0.136302232742,0.136298179626,0.136302232742,0.125120267272,0.148480921984,0.125122889876,0.148484051228,0.147716850042,0.125767856836,0.147719964385,0.125770494342,
0.130889564753,0.13027510047,0.131532505155,0.130896747112,0.130889564753,0.130896747112,0.120056241751,0.142707496881,0.120060898364,0.142713025212,0.142023950815,0.120634436607,0.142029464245,0.120639108121,
-0,-0,-0,-0,-0,-0,-0,-0,-0,-0,-0,-0,-0,-0,
-0,-0,-0,-0,-0,-0,-0,-0,-0,-0,-0,-0,-0,-0,
-0,-0,-0,-0,-0,-0,-0,-0,-0,-0,-0,-0,-0,-0,
-0,-0,-0,-0,-0,-0,-0,-0,-0,-0,-0,-0,-0,-0,
-0,-0,-0,-0,-0,-0,-0,-0,-0,-0,-0,-0,-0,-0,
-0,-0,-0,-0,-0,-0,-0,-0,-0,-0,-0,-0,-0,-0,
-0,-0,-0,-0,-0,-0,-0,-0,-0,-0,-0,-0,-0,-0,
-0,-0,-0,-0,-0,-0,-0,-0,-0,-0,-0,-0,-0,-0,
-0,-0,-0,-0,-0,-0,-0,-0,-0,-0,-0,-0,-0,-0,
-0,-0,-0,-0,-0,-0,-0,-0,-0,-0,-0,-0,-0,-0,
-0,-0,-0,-0,-0,-0,-0,-0,-0,-0,-0,-0,-0,-0,
-0,-0,-0,-0,-0,-0,-0,-0,-0,-0,-0,-0,-0,-0,
-0,-0,-0,-0,-0,-0,-0,-0,-0,-0,-0,-0,-0,-0,
-0,-0,-0,-0,-0,-0,-0,-0,-0,-0,-0,-0,-0,-0,
-0,-0,-0,-0,-0,-0,-0,-0,-0,-0,-0,-0,-0,-0,
-0,-0,-0,-0,-0,-0,-0,-0,-0,-0,-0,-0,-0,-0,
-0,-0,-0,-0,-0,-0,-0,-0,-0,-0,-0,-0,-0,-0,
-0,-0,-0,-0,-0,-0,-0,-0,-0,-0,-0,-0,-0,-0,
-0,-0,-0,-0,-0,-0,-0,-0,-0,-0,-0,-0,-0,-0,
-0,-0,-0,-0,-0,-0,-0,-0,-0,-0,-0,-0,-0,-0,
-0,-0,-0,-0,-0,-0,-0,-0,-0,-0,-0,-0,-0,-0,
-0,-0,-0,-0,-0,-0,-0,-0,-0,-0,-0,-0,-0,-0,
-0,-0,-0,-0,-0,-0,-0,-0,-0,-0,-0,-0,-0,-0,
-0,-0,-0,-0,-0,-0,-0,-0,-0,-0,-0,-0,-0,-0,
-0,-0,-0,-0,-0,-0,-0,-0,-0,-0,-0,-0,-0,-0,
-0,-0,-0,-0,-0,-0,-0,-0,-0,-0,-0,-0,-0,-0,
-0,-0,-0,-0,-0,-0,-0,-0,-0,-0,-0,-0,-0,-0,
-0,-0,-0,-0,-0,-0,-0,-0,-0,-0,-0,-0,-0,-0,
-0,-0,-0,-0,-0,-0,-0,-0,-0,-0,-0,-0,-0,-0,
-0,-0,-0,-0,-0,-0,-0,-0,-0,-0,-0,-0,-0,-0,
-0,-0,-0,-0,-0,-0,-0,-0,-0,-0,-0,-0,-0,-0,
-0,-0,-0,-0,-0,-0,-0,-0,-0,-0,-0,-0,-0,-0,
-0,-0,-0,-0,-0,-0,-0,-0,-0,-0,-0,-0,-0,-0,
-0,-0,-0,-0,-0,-0,-0,-0,-0,-0,-0,-0,-0,-0,
-0,-0,-0,-0,-0,-0,-0,-0,-0,-0,-0,-0,-0,-0,
-0,-0,-0,-0,-0,-0,-0,-0,-0,-0,-0,-0,-0,-0,
-0,-0,-0,-0,-0,-0,-0,-0,-0,-0,-0,-0,-0,-0,
-0,-0,-0,-0,-0,-0,-0,-0,-0,-0,-0,-0,-0,-0,
-0,-0,-0,-0,-0,-0,-0,-0,-0,-0,-0,-0,-0,-0,
-0,-0,-0,-0,-0,-0,-0,-0,-0,-0,-0,-0,-0,-0,
-0,-0,-0,-0,-0,-0,-0,-0,-0,-0,-0,-0,-0,-0,
-0,-0,-0,-0,-0,-0,-0,-0,-0,-0,-0,-0,-0,-0,
-0,-0,-0,-0,-0,-0,-0,-0,-0,-0,-0,-0,-0,-0,
-0,-0,-0,-0,-0,-0,-0,-0,-0,-0,-0,-0,-0,-0,
-0,-0,-0,-0,-0,-0,-0,-0,-0,-0,-0,-0,-0,-0,
-0,-0,-0,-0,-0,-0,-0,-0,-0,-0,-0,-0,-0,-0,
-0,-0,-0,-0,-0,-0,-0,-0,-0,-0,-0,-0,-0,-0,
-0,-0,-0,-0,-0,-0,-0,-0,-0,-0,-0,-0,-0,-0,
-0,-0,-0,-0,-0,-0,-0,-0,-0,-0,-0,-0,-0,-0,
-0,-0,-0,-0,-0,-0,-0,-0,-0,-0,-0,-0,-0,-0,
-0,-0,-0,-0,-0,-0,-0,-0,-0,-0,-0,-0,-0,-0,
-0,-0,-0,-0,-0,-0,-0,-0,-0,-0,-0,-0,-0,-0,
-0,-0,-0,-0,-0,-0,-0,-0,-0,-0,-0,-0,-0,-0,
-0,-0,-0,-0,-0,-0,-0,-0,-0,-0,-0,-0,-0,-0,
-0,-0,-0,-0,-0,-0,-0,-0,-0,-0,-0,-0,-0,-0,
-0,-0,-0,-0,-0,-0,-0,-0,-0,-0,-0,-0,-0,-0,
-0,-0,-0,-0,-0,-0,-0,-0,-0,-0,-0,-0,-0,-0,
-0,-0,-0,-0,-0,-0,-0,-0,-0,-0,-0,-0,-0,-0,
-0,-0,-0,-0,-0,-0,-0,-0,-0,-0,-0,-0,-0,-0,
-0,-0,-0,-0,-0,-0,-0,-0,-0,-0,-0,-0,-0,-0,
-0,-0,-0,-0,-0,-0,-0,-0,-0,-0,-0,-0,-0,-0,
-0,-0,-0,-0,-0,-0,-0,-0,-0,-0,-0,-0,-0,-0,
-0,-0,-0,-0,-0,-0,-0,-0,-0,-0,-0,-0,-0,-0,
-0,-0,-0,-0,-0,-0,-0,-0,-0,-0,-0,-0,-0,-0,
-0,-0,-0,-0,-0,-0,-0,-0,-0,-0,-0,-0,-0,-0,
-0,-0,-0,-0,-0,-0,-0,-0,-0,-0,-0,-0,-0,-0,
-0,-0,-0,-0,-0,-0,-0,-0,-0,-0,-0,-0,-0,-0,
-0,-0,-0,-0,-0,-0,-0,-0,-0,-0,-0,-0,-0,-0,
-0,-0,-0,-0,-0,-0,-0,-0,-0,-0,-0,-0,-0,-0,
-0,-0,-0,-0,-0,-0,-0,-0,-0,-0,-0,-0,-0,-0,
-0,-0,-0,-0,-0,-0,-0,-0,-0,-0,-0,-0,-0,-0,
-0,-0,-0,-0,-0,-0,-0,-0,-0,-0,-0,-0,-0,-0,
-0,-0,-0,-0,-0,-0,-0,-0,-0,-0,-0,-0,-0,-0,
-0,-0,-0,-0,-0,-0,-0,-0,-0,-0,-0,-0,-0,-0,
-0,-0,-0,-0,-0,-0,-0,-0,-0,-0,-0,-0,-0,-0,
-0,-0,-0,-0,-0,-0,-0,-0,-0,-0,-0,-0,-0,-0,
-0,-0,-0,-0,-0,-0,-0,-0,-0,-0,-0,-0,-0,-0,
-0,-0,-0,-0,-0,-0,-0,-0,-0,-0,-0,-0,-0,-0,
-0,-0,-0,-0,-0,-0,-0,-0,-0,-0,-0,-0,-0,-0,
-0,-0,-0,-0,-0,-0,-0,-0,-0,-0,-0,-0,-0,-0,
-0,-0,-0,-0,-0,-0,-0,-0,-0,-0,-0,-0,-0,-0,
-0,-0,-0,-0,-0,-0,-0,-0,-0,-0,-0,-0,-0,-0,
-0,-0,-0,-0,-0,-0,-0,-0,-0,-0,-0,-0,-0,-0,
-0,-0,-0,-0,-0,-0,-0,-0,-0,-0,-0,-0,-0,-0,
-0,-0,-0,-0,-0,-0,-0,-0,-0,-0,-0,-0,-0,-0,
-0,-0,-0,-0,-0,-0,-0,-0,-0,-0,-0,-0,-0,-0,
-0,-0,-0,-0,-0,-0,-0,-0,-0,-0,-0,-0,-0,-0,
-0,-0,-0,-0,-0,-0,-0,-0,-0,-0,-0,-0,-0,-0,
-0,-0,-0,-0,-0,-0,-0,-0,-0,-0,-0,-0,-0,-0,
-0,-0,-0,-0,-0,-0,-0,-0,-0,-0,-0,-0,-0,-0,
-0,-0,-0,-0,-0,-0,-0,-0,-0,-0,-0,-0,-0,-0,
-0,-0,-0,-0,-0,-0,-0,-0,-0,-0,-0,-0,-0,-0,
-0,-0,-0,-0,-0,-0,-0,-0,-0,-0,-0,-0,-0,-0,
-0,-0,-0,-0,-0,-0,-0,-0,-0,-0,-0,-0,-0,-0,
-0,-0,-0,-0,-0,-0,-0,-0,-0,-0,-0,-0,-0,-0,
-0,-0,-0,-0,-0,-0,-0,-0,-0,-0,-0,-0,-0,-0,
-0,-0,-0,-0,-0,-0,-0,-0,-0,-0,-0,-0,-0,-0,
-0,-0,-0,-0,-0,-0,-0,-0,-0,-0,-0,-0,-0,-0,
-0,-0,-0,-0,-0,-0,-0,-0,-0,-0,-0,-0,-0,-0,
-0,-0,-0,-0,-0,-0,-0,-0,-0,-0,-0,-0,-0,-0,
-0,-0,-0,-0,-0,-0,-0,-0,-0,-0,-0,-0,-0,-0,
-0,-0,-0,-0,-0,-0,-0,-0,-0,-0,-0,-0,-0,-0,
-0,-0,-0,-0,-0,-0,-0,-0,-0,-0,-0,-0,-0,-0,
-0,-0,-0,-0,-0,-0,-0,-0,-0,-0,-0,-0,-0,-0,
-0,-0,-0,-0,-0,-0,-0,-0,-0,-0,-0,-0,-0,-0,
-0,-0,-0,-0,-0,-0,-0,-0,-0,-0,-0,-0,-0,-0,
-0,-0,-0,-0,-0,-0,-0,-0,-0,-0,-0,-0,-0,-0,
-0,-0,-0,-0,-0,-0,-0,-0,-0,-0,-0,-0,-0,-0,
-0,-0,-0,-0,-0,-0,-0,-0,-0,-0,-0,-0,-0,-0,
-0,-0,-0,-0,-0,-0,-0,-0,-0,-0,-0,-0,-0,-0,
-0,-0,-0,-0,-0,-0,-0,-0,-0,-0,-0,-0,-0,-0,
-0,-0,-0,-0,-0,-0,-0,-0,-0,-0,-0,-0,-0,-0,
-0,-0,-0,-0,-0,-0,-0,-0,-0,-0,-0,-0,-0,-0,
-0,-0,-0,-0,-0,-0,-0,-0,-0,-0,-0,-0,-0,-0,
-0,-0,-0,-0,-0,-0,-0,-0,-0,-0,-0,-0,-0,-0,
-0,-0,-0,-0,-0,-0,-0,-0,-0,-0,-0,-0,-0,-0,
-0,-0,-0,-0,-0,-0,-0,-0,-0,-0,-0,-0,-0,-0,
-0,-0,-0,-0,-0,-0,-0,-0,-0,-0,-0,-0,-0,-0,
-0,-0,-0,-0,-0,-0,-0,-0,-0,-0,-0,-0,-0,-0,
-0,-0,-0,-0,-0,-0,-0,-0,-0,-0,-0,-0,-0,-0,
-0,-0,-0,-0,-0,-0,-0,-0,-0,-0,-0,-0,-0,-0,
-0,-0,-0,-0,-0,-0,-0,-0,-0,-0,-0,-0,-0,-0,
-0,-0,-0,-0,-0,-0,-0,-0,-0,-0,-0,-0,-0,-0,
-0,-0,-0,-0,-0,-0,-0,-0,-0,-0,-0,-0,-0,-0,
-0,-0,-0,-0,-0,-0,-0,-0,-0,-0,-0,-0,-0,-0,
-0,-0,-0,-0,-0,-0,-0,-0,-0,-0,-0,-0,-0,-0,
-0,-0,-0,-0,-0,-0,-0,-0,-0,-0,-0,-0,-0,-0,
-0,-0,-0,-0,-0,-0,-0,-0,-0,-0,-0,-0,-0,-0,
-0,-0,-0,-0,-0,-0,-0,-0,-0,-0,-0,-0,-0,-0,
-0,-0,-0,-0,-0,-0,-0,-0,-0,-0,-0,-0,-0,-0,
-0,-0,-0,-0,-0,-0,-0,-0,-0,-0,-0,-0,-0,-0,
-0,-0,-0,-0,-0,-0,-0,-0,-0,-0,-0,-0,-0,-0,
-0,-0,-0,-0,-0,-0,-0,-0,-0,-0,-0,-0,-0,-0,
-0,-0,-0,-0,-0,-0,-0,-0,-0,-0,-0,-0,-0,-0,
-0,-0,-0,-0,-0,-0,-0,-0,-0,-0,-0,-0,-0,-0,
-0,-0,-0,-0,-0,-0,-0,-0,-0,-0,-0,-0,-0,-0,
-0,-0,-0,-0,-0,-0,-0,-0,-0,-0,-0,-0,-0,-0,
-0,-0,-0,-0,-0,-0,-0,-0,-0,-0,-0,-0,-0,-0,
-0,-0,-0,-0,-0,-0,-0,-0,-0,-0,-0,-0,-0,-0,
-0,-0,-0,-0,-0,-0,-0,-0,-0,-0,-0,-0,-0,-0,
-0,-0,-0,-0,-0,-0,-0,-0,-0,-0,-0,-0,-0,-0,
-0,-0,-0,-0,-0,-0,-0,-0,-0,-0,-0,-0,-0,-0,
-0,-0,-0,-0,-0,-0,-0,-0,-0,-0,-0,-0,-0,-0,
-0,-0,-0,-0,-0,-0,-0,-0,-0,-0,-0,-0,-0,-0,
-0,-0,-0,-0,-0,-0,-0,-0,-0,-0,-0,-0,-0,-0,
-0,-0,-0,-0,-0,-0,-0,-0,-0,-0,-0,-0,-0,-0,
0.145267143846,0.15631955862,0.135069876909,0.145346477628,0.145267143846,0.145346477628,0.140071079135,0.150680035353,0.14012517035,0.150738209486,0.162100031972,0.130203023553,0.162162616849,0.130253300071,
0.145267143846,0.15631955862,0.135069876909,0.145346477628,0.145267143846,0.145346477628,0.140071079135,0.150680035353,0.14012517035,0.150738209486,0.162100031972,0.130203023553,0.162162616849,0.130253300071,
0.147794365883,0.159053564072,0.137483477592,0.147957190871,0.147794365883,0.147957190871,0.142570510507,0.153259038925,0.14268155396,0.153378412127,0.164843767881,0.132551074028,0.164972156286,0.132654309273,
0.150321647525,0.161791622639,0.139897540212,0.150572136045,0.150321647525,0.150572136045,0.145073488355,0.15583562851,0.145244389772,0.156019210815,0.167586773634,0.134900972247,0.167784199119,0.135059893131,
0.151239752769,0.163171038032,0.140346601605,0.151417195797,0.151239752769,0.151417195797,0.146269321442,0.156433358788,0.146390646696,0.1565631181,0.168674498796,0.135653853416,0.168814405799,0.135766357183,
0.151239752769,0.163171038032,0.140346601605,0.151417195797,0.151239752769,0.151417195797,0.146269321442,0.156433358788,0.146390646696,0.1565631181,0.168674498796,0.135653853416,0.168814405799,0.135766357183,
0.153697565198,0.165856063366,0.142684936523,0.153970897198,0.153697565198,0.153970897198,0.148719131947,0.158925905824,0.148906111717,0.159125715494,0.171344742179,0.137939840555,0.171560138464,0.138113260269,
0.15615388751,0.168542996049,0.145020753145,0.156525194645,0.15615388751,0.156525194645,0.151171073318,0.161413758993,0.151425182819,0.161685049534,0.174012422562,0.140225797892,0.174304902554,0.140461489558,
0.148195311427,0.156754672527,0.140274479985,0.148195311427,0.148195311427,0.148195311427,0.141535133123,0.15524841845,0.141535133123,0.15524841845,0.164086148143,0.133863762021,0.164086148143,0.133863762021,
0.152999982238,0.161910876632,0.144925177097,0.15317825973,0.152999982238,0.15317825973,0.1462700665,0.160176381469,0.146390587091,0.160308331251,0.169273227453,0.138359472156,0.16941267252,0.138473451138,
0.152999982238,0.161910876632,0.144925177097,0.15317825973,0.152999982238,0.15317825973,0.1462700665,0.160176381469,0.146390587091,0.160308331251,0.169273227453,0.138359472156,0.16941267252,0.138473451138,
0.155386403203,0.164477080107,0.147231087089,0.155653864145,0.155386403203,0.155653864145,0.148627221584,0.162618398666,0.14880810678,0.162816271186,0.171848669648,0.140593394637,0.172057807446,0.140764459968,
0.14850230515,0.153252676129,0.144130453467,0.14850230515,0.14850230515,0.14850230515,0.139687761664,0.15797445178,0.139687761664,0.15797445178,0.162862613797,0.135438278317,0.162862613797,0.135438278317,
0.15089994669,0.155764847994,0.14649489522,0.150975197554,0.15089994669,0.150975197554,0.142014846206,0.160467281938,0.142064929008,0.160523876548,0.165431603789,0.13769544661,0.165489926934,0.137743994594,
0.155658662319,0.160763263702,0.1511759758,0.155883356929,0.155658662319,0.155883356929,0.146644368768,0.165402919054,0.146794006228,0.165571719408,0.170531138778,0.142174839973,0.170705169439,0.14231993258,
0.155658662319,0.160763263702,0.1511759758,0.155883356929,0.155658662319,0.155883356929,0.146644368768,0.165402919054,0.146794006228,0.165571719408,0.170531138778,0.142174839973,0.170705169439,0.14231993258,
0.158017143607,0.163243308663,0.153491199017,0.158313691616,0.158017143607,0.158313691616,0.148942574859,0.167844161391,0.149140164256,0.168066814542,0.173057630658,0.14439509809,0.173287212849,0.144586637616,
0.150898784399,0.153466165066,0.148670747876,0.150960087776,0.150898784399,0.150960087776,0.140786603093,0.161847367883,0.140827059746,0.161893859506,0.164412677288,0.138549923897,0.164459899068,0.138589724898,
0.153203368187,0.155857741833,0.150952979922,0.153324723244,0.153203368187,0.153324723244,0.143011838198,0.164251297712,0.143091931939,0.16434328258,0.16687387228,0.140723720193,0.166967332363,0.140802547336,
0.157747626305,0.160579800606,0.155442655087,0.157982945442,0.157747626305,0.157982945442,0.147406846285,0.168981984258,0.1475623101,0.169160172343,0.171726450324,0.145009428263,0.171907573938,0.14516235888,
0.157747626305,0.160579800606,0.155442655087,0.157982945442,0.157747626305,0.157982945442,0.147406846285,0.168981984258,0.1475623101,0.169160172343,0.171726450324,0.145009428263,0.171907573938,0.14516235888,
0.15024612844,0.153971448541,0.1468501091,0.15024612844,0.15024612844,0.15024612844,0.140780612826,0.160438090563,0.140780612826,0.160438090563,0.164260014892,0.137467950583,0.164260014892,0.137467950583,
0.152288123965,0.156115889549,0.1488404423,0.152333155274,0.152288123965,0.152333155274,0.142767295241,0.162549078465,0.142797112465,0.16258302331,0.166452020407,0.139382243156,0.166486799717,0.139411374927,
0.154291749001,0.158222556114,0.150789901614,0.154379948974,0.154291749001,0.154379948974,0.144719094038,0.164617270231,0.144777581096,0.164683833718,0.168602958322,0.141260147095,0.168671101332,0.141317263246,
0.154291749001,0.158222556114,0.150789901614,0.154379948974,0.154291749001,0.154379948974,0.144719094038,0.164617270231,0.144777581096,0.164683833718,0.168602958322,0.141260147095,0.168671101332,0.141317263246,
0.157528877258,0.163073539734,0.152537032962,0.157528877258,0.157528877258,0.157528877258,0.148885160685,0.166824236512,0.148885160685,0.166824236512,0.17244464159,0.143956795335,0.17244464159,0.143956795335,
0.161049380898,0.166816100478,0.155925661325,0.161123290658,0.161049380898,0.161123290658,0.152351975441,0.170419082046,0.152401432395,0.170474350452,0.176224038005,0.147256061435,0.17628121376,0.147303819656,
0.162703871727,0.168580800295,0.157511755824,0.162811487913,0.162703871727,0.162811487913,0.15398581326,0.172103136778,0.154057830572,0.172183647752,0.178001314402,0.148805335164,0.17808458209,0.148874938488,
0.162703871727,0.168580800295,0.157511755824,0.162811487913,0.162703871727,0.162811487913,0.15398581326,0.172103136778,0.154057830572,0.172183647752,0.178001314402,0.148805335164,0.17808458209,0.148874938488,
0.165015906096,0.171193405986,0.159448802471,0.165015906096,0.165015906096,0.165015906096,0.156398013234,0.174268320203,0.156398013234,0.174268320203,0.180525287986,0.1508975178,0.180525287986,0.1508975178,
0.167925357819,0.174319252372,0.162213861942,0.167980998755,0.167925357819,0.167980998755,0.159289196134,0.177209064364,0.159326508641,0.177250623703,0.183654591441,0.153617843986,0.183697611094,0.153653845191,
0.169249042869,0.175748720765,0.163464695215,0.169329628348,0.169249042869,0.169329628348,0.160609647632,0.178541317582,0.160663738847,0.178601399064,0.185080230236,0.1548538059,0.18514251709,0.154905930161,
0.170504719019,0.17710852623,0.164647817612,0.170608952641,0.170504719019,0.170608952641,0.161864981055,0.179802164435,0.161934942007,0.179879844189,0.186433523893,0.156025514007,0.18651406467,0.156092941761,
0.165575742722,0.169901698828,0.161808848381,0.165575742722,0.165575742722,0.165575742722,0.155977398157,0.175930395722,0.155977398157,0.175930395722,0.180237844586,0.152183890343,0.180237844586,0.152183890343,
0.165575742722,0.169901698828,0.161808848381,0.165575742722,0.165575742722,0.165575742722,0.155977398157,0.175930395722,0.155977398157,0.175930395722,0.180237844586,0.152183890343,0.180237844586,0.152183890343,
0.167781829834,0.172273620963,0.163897290826,0.167818129063,0.167781829834,0.167818129063,0.15816898644,0.178157821298,0.158193141222,0.178185045719,0.182614848018,0.154242143035,0.182642772794,0.15426568687,
0.168783470988,0.173356622458,0.164840325713,0.168836772442,0.168783470988,0.168836772442,0.159167736769,0.179165139794,0.159203246236,0.179205149412,0.183696091175,0.155175060034,0.183737099171,0.155209705234,
0.165642544627,0.169470250607,0.162359625101,0.165642544627,0.165642544627,0.165642544627,0.155775114894,0.176295444369,0.155775114894,0.176295444369,0.180081754923,0.152444213629,0.180081754923,0.152444213629,
0.166442677379,0.170343518257,0.16310544312,0.16645693779,0.166442677379,0.16645693779,0.156576320529,0.177096188068,0.156585842371,0.177106902003,0.180950120091,0.153185740113,0.180961102247,0.153195053339,
0.167176112533,0.171149194241,0.163784965873,0.16720430553,0.167176112533,0.16720430553,0.157313659787,0.177827209234,0.157332405448,0.177848413587,0.181748121977,0.153864040971,0.181769773364,0.153882354498,
0.167176112533,0.171149194241,0.163784965873,0.16720430553,0.167176112533,0.16720430553,0.157313659787,0.177827209234,0.157332405448,0.177848413587,0.181748121977,0.153864040971,0.181769773364,0.153882354498,
0.168444260955,0.172558933496,0.164946809411,0.168499425054,0.168444260955,0.168499425054,0.158597633243,0.179081842303,0.158634379506,0.179123312235,0.183134406805,0.15503205359,0.183176785707,0.155067950487,
0.167538389564,0.171455070376,0.164096266031,0.16755130887,0.167538389564,0.16755130887,0.157480344176,0.17836228013,0.157488971949,0.178371995687,0.182302191854,0.154049515724,0.182312175632,0.154057919979,
0.167538389564,0.171455070376,0.164096266031,0.16755130887,0.167538389564,0.16755130887,0.157480344176,0.17836228013,0.157488971949,0.178371995687,0.182302191854,0.154049515724,0.182312175632,0.154057919979,
0.167924463749,0.171913012862,0.164426773787,0.167949944735,0.167924463749,0.167949944735,0.157885894179,0.178728953004,0.157902806997,0.178748086095,0.182736948133,0.154395610094,0.182756543159,0.154412150383,
0.168501213193,0.17263020575,0.164895400405,0.168551832438,0.168501213193,0.168551832438,0.158509030938,0.179259166121,0.15854267776,0.179297223687,0.183399826288,0.154903024435,0.183438777924,0.1549359411,
0.173627182841,0.176973551512,0.170721024275,0.173640206456,0.173627182841,0.173640206456,0.162960961461,0.185115545988,0.162969559431,0.185125365853,0.188455730677,0.160039931536,0.188465684652,0.160048410296,
0.173627182841,0.176973551512,0.170721024275,0.173640206456,0.173627182841,0.173640206456,0.162960961461,0.185115545988,0.162969559431,0.185125365853,0.188455730677,0.160039931536,0.188465684652,0.160048410296,
0.173712208867,0.177127018571,0.170752927661,0.173738226295,0.173712208867,0.173738226295,0.163076415658,0.185169711709,0.163093656301,0.185189291835,0.188575029373,0.160098895431,0.188594996929,0.160115867853,
0.17373380065,0.177216023207,0.170722424984,0.173772871494,0.17373380065,0.173772871494,0.163130789995,0.185158029199,0.163156718016,0.185187458992,0.188627377152,0.160097837448,0.18865737319,0.160123288631,
0.17359085381,0.177204594016,0.170478373766,0.1736561656,0.17359085381,0.1736561656,0.163060292602,0.18494142592,0.163103654981,0.184990629554,0.188535556197,0.15991948545,0.188585683703,0.159962028265,
0.172412723303,0.173459872603,0.171800628304,0.172412723303,0.172412723303,0.172412723303,0.160747095942,0.185058653355,0.160747095942,0.185058653355,0.185932919383,0.15996299684,0.185932919383,0.15996299684,
0.172299474478,0.173408553004,0.171638578176,0.17231272161,0.172299474478,0.17231272161,0.160666897893,0.184911802411,0.160675629973,0.184921905398,0.18584561348,0.159831449389,0.18585576117,0.15984018147,
0.172127187252,0.17329852283,0.171418428421,0.172155037522,0.172127187252,0.172155037522,0.160530433059,0.184703528881,0.160548776388,0.18472468853,0.185696557164,0.159643992782,0.185717821121,0.159662246704,
0.17127931118,0.171432614326,0.17158909142,0.17127931118,0.17127931118,0.17127931118,0.159292861819,0.184309214354,0.159292861819,0.184309214354,0.184208631516,0.159353226423,0.184208631516,0.159353226423,
0.170692548156,0.17096683383,0.17090857029,0.170722335577,0.170692548156,0.170722335577,0.158784195781,0.183643877506,0.158803775907,0.183666557074,0.18365880847,0.158745005727,0.183681488037,0.158764600754,
0.170277237892,0.170611724257,0.17044660449,0.170322135091,0.170277237892,0.170322135091,0.158413335681,0.183183759451,0.158442899585,0.18321788311,0.183256179094,0.158324614167,0.183290362358,0.158354178071,
0.169808715582,0.170203104615,0.169931530952,0.16986861825,0.169808715582,0.16986861825,0.157991632819,0.182667911053,0.158031031489,0.182713493705,0.182797670364,0.157853573561,0.18284329772,0.157892942429,
0.172184735537,0.174644902349,0.17015182972,0.17220005393,0.172184735537,0.17220005393,0.161154195666,0.184098735452,0.161164313555,0.184110313654,0.186493515968,0.159051284194,0.186505228281,0.159061267972,
0.172184735537,0.174644902349,0.17015182972,0.17220005393,0.172184735537,0.17220005393,0.161154195666,0.184098735452,0.161164313555,0.184110313654,0.186493515968,0.159051284194,0.186505228281,0.159061267972,
0.17058250308,0.173154070973,0.168468728662,0.170629322529,0.17058250308,0.170629322529,0.159676775336,0.18237003684,0.159707769752,0.182405456901,0.184868842363,0.157485470176,0.18490472436,0.157516032457,
0.169710680842,0.172336027026,0.167558282614,0.169773235917,0.169710680842,0.169773235917,0.158869892359,0.181432411075,0.158911287785,0.181479677558,0.183981195092,0.156636208296,0.184029176831,0.156677007675,
0.162695452571,0.165435925126,0.16039724648,0.162695452571,0.162695452571,0.162695452571,0.152306392789,0.173927292228,0.152306392789,0.173927292228,0.176614075899,0.149948984385,0.176614075899,0.149948984385,
0.161680981517,0.164466619492,0.15935203433,0.161696463823,0.161680981517,0.161696463823,0.151360362768,0.172843396664,0.151370644569,0.172855094075,0.175571531057,0.14896838367,0.175583437085,0.148978471756,
0.161680981517,0.164466619492,0.15935203433,0.161696463823,0.161680981517,0.161696463823,0.151360362768,0.172843396664,0.151370644569,0.172855094075,0.175571531057,0.14896838367,0.175583437085,0.148978471756,
0.160625860095,0.163454994559,0.158267393708,0.160656511784,0.160625860095,0.160656511784,0.150375053287,0.171717301011,0.150395363569,0.171740457416,0.174485266209,0.147949874401,0.174508810043,0.147969827056,
0.158397838473,0.161308765411,0.155984207988,0.158457800746,0.158397838473,0.158457800746,0.148290634155,0.169343024492,0.148330301046,0.169388324022,0.172185882926,0.145803332329,0.172231972218,0.145842343569,
0.160018339753,0.162726759911,0.157744586468,0.160033375025,0.160018339753,0.160033375025,0.149713784456,0.171163886786,0.149723738432,0.171175256371,0.173823043704,0.147385075688,0.173834562302,0.147394880652,
0.158744677901,0.161492735147,0.156444251537,0.158774390817,0.158744677901,0.158774390817,0.148518919945,0.169809699059,0.148538589478,0.169832199812,0.172505185008,0.146160215139,0.172528028488,0.14617960155,
0.158744677901,0.161492735147,0.156444251537,0.158774390817,0.158744677901,0.158774390817,0.148518919945,0.169809699059,0.148538589478,0.169832199812,0.172505185008,0.146160215139,0.172528028488,0.14617960155,
0.157437577844,0.160223454237,0.155112043023,0.157481729984,0.157437577844,0.157481729984,0.147291779518,0.168420955539,0.147321000695,0.168454349041,0.171151012182,0.144904702902,0.171184971929,0.144933432341,
0.15823751688,0.161307036877,0.155610501766,0.158266350627,0.15823751688,0.158266350627,0.148179620504,0.169111132622,0.148198708892,0.169132947922,0.172153666615,0.145519152284,0.172175884247,0.145537912846,
0.156738102436,0.15983915329,0.154091268778,0.156780704856,0.156738102436,0.156780704856,0.146766841412,0.167522892356,0.14679504931,0.167555123568,0.170594036579,0.144083529711,0.170626819134,0.144111230969,
0.155211895704,0.158342525363,0.152546867728,0.15526804328,0.155211895704,0.15526804328,0.145328119397,0.165906965733,0.145365282893,0.165949374437,0.169004708529,0.142623662949,0.169047921896,0.14266012609,
0.155211895704,0.158342525363,0.152546867728,0.15526804328,0.155211895704,0.15526804328,0.145328119397,0.165906965733,0.145365282893,0.165949374437,0.169004708529,0.142623662949,0.169047921896,0.14266012609,
0.158868014812,0.161471456289,0.156651824713,0.158868014812,0.158868014812,0.158868014812,0.148525476456,0.170053526759,0.148525476456,0.170053526759,0.172622799873,0.146270498633,0.172622799873,0.146270498633,
0.157188355923,0.159824341536,0.154950454831,0.157201781869,0.157188355923,0.157201781869,0.146941304207,0.168275654316,0.146950155497,0.168285802007,0.170875161886,0.144662097096,0.17088547349,0.144670829177,
0.155486807227,0.158153429627,0.15322881937,0.155513390899,0.155486807227,0.155513390899,0.145335972309,0.1664750278,0.145353540778,0.166495144367,0.169102847576,0.143034279346,0.169123277068,0.143051534891,
0.153764590621,0.156459897757,0.151488080621,0.153804048896,0.153764590621,0.153804048896,0.14371073246,0.164652884007,0.143736809492,0.164682745934,0.167307168245,0.141388192773,0.167337492108,0.141413837671,
0.155909731984,0.157875016332,0.154272735119,0.155909731984,0.155909731984,0.155909731984,0.145332217216,0.167362704873,0.145332217216,0.167362704873,0.169284135103,0.14364759624,0.169284135103,0.14364759624,
0.152372777462,0.154409736395,0.150684922934,0.152398824692,0.152372777462,0.152398824692,0.142002150416,0.163612097502,0.142019301653,0.16363184154,0.165601208806,0.140262380242,0.165621191263,0.14027929306,
0.150554180145,0.152623742819,0.148843452334,0.150592654943,0.150554180145,0.150592654943,0.140289053321,0.161684319377,0.140314400196,0.161713540554,0.163704171777,0.138524413109,0.163733765483,0.138549461961,
0.148720249534,0.150820419192,0.146988019347,0.148770555854,0.148720249534,0.148770555854,0.138561248779,0.159740418196,0.138594374061,0.159778654575,0.161789268255,0.136773407459,0.161827966571,0.136806100607,
0.150464355946,0.15146394074,0.149757146835,0.150476828218,0.150464355946,0.150476828218,0.139649391174,0.162214457989,0.139657571912,0.162223920226,0.163117811084,0.138846248388,0.163127332926,0.138854384422,
0.150464355946,0.15146394074,0.149757146835,0.150476828218,0.150464355946,0.150476828218,0.139649391174,0.162214457989,0.139657571912,0.162223920226,0.163117811084,0.138846248388,0.163127332926,0.138854384422,
0.146675124764,0.147758632898,0.145901843905,0.146711677313,0.146675124764,0.146711677313,0.136090099812,0.158186092973,0.136114090681,0.158213943243,0.159171581268,0.135218665004,0.159199610353,0.135242506862,
0.144763082266,0.14588598907,0.143958836794,0.144811138511,0.144763082266,0.144811138511,0.134294062853,0.156153306365,0.134325563908,0.15618994832,0.157177388668,0.133390650153,0.157214283943,0.133421957493,
0.148994252086,0.148603513837,0.149480611086,0.149006545544,0.148994252086,0.149006545544,0.137328162789,0.161676421762,0.137336164713,0.161685854197,0.161202549934,0.137733817101,0.161211937666,0.137741833925,
0.146983459592,0.146656930447,0.147416248918,0.147007793188,0.146983459592,0.147007793188,0.135453253984,0.15952372551,0.13546910882,0.159542411566,0.159113481641,0.135804414749,0.159132122993,0.135820299387,
0.146983459592,0.146656930447,0.147416248918,0.147007793188,0.146983459592,0.147007793188,0.135453253984,0.15952372551,0.13546910882,0.159542411566,0.159113481641,0.135804414749,0.159132122993,0.135820299387,
0.142936676741,0.142732828856,0.143266633153,0.142983600497,0.142936676741,0.142983600497,0.13167989254,0.155190959573,0.13171043992,0.155226975679,0.154902651906,0.131926819682,0.154938608408,0.13195745647,
0.140903428197,0.140758037567,0.141184195876,0.140960916877,0.140903428197,0.140960916877,0.129784032702,0.153013750911,0.129821479321,0.153057903051,0.152783721685,0.129981249571,0.15282779932,0.130018770695,
0.14706081152,0.146669819951,0.147504687309,0.14706081152,0.14706081152,0.14706081152,0.135459810495,0.159668758512,0.135459810495,0.159668758512,0.159216880798,0.135845348239,0.159216880798,0.135845348239,
0.144918769598,0.144591599703,0.14530980587,0.144930809736,0.144918769598,0.144930809736,0.133462235332,0.157375812531,0.133470058441,0.15738505125,0.156987041235,0.133793801069,0.156996235251,0.133801668882,
0.14277356863,0.142508223653,0.143113300204,0.142797142267,0.14277356863,0.142797142267,0.131461799145,0.155079171062,0.131477147341,0.155097290874,0.154751598835,0.131741121411,0.154769673944,0.13175649941,
0.138476997614,0.138329386711,0.138718828559,0.138522282243,0.138476997614,0.138522282243,0.127455681562,0.150478377938,0.127485141158,0.15051317215,0.150267615914,0.127635478973,0.150302350521,0.127664983273,
0.141999542713,0.14165481925,0.142373010516,0.141999542713,0.141999542713,0.141999542713,0.130667358637,0.154321804643,0.130667358637,0.154321804643,0.153932347894,0.130998432636,0.153932347894,0.130998432636,
0.139767572284,0.139483809471,0.140090897679,0.13977907598,0.139767572284,0.13977907598,0.128586575389,0.151931613684,0.128594055772,0.151940464973,0.151602342725,0.128866329789,0.151611149311,0.128873825073,
0.137537792325,0.137312561274,0.13781221211,0.137559577823,0.137537792325,0.137559577823,0.12650796771,0.149543240666,0.126522138715,0.149560004473,0.149272188544,0.126738160849,0.149288907647,0.126752361655,
0.135311245918,0.135142475367,0.135538414121,0.13534283638,0.135311245918,0.13534283638,0.124432645738,0.147157922387,0.124453186989,0.14718221128,0.146943092346,0.12461502105,0.146967351437,0.124635592103,
0.135311245918,0.135142475367,0.135538414121,0.13534283638,0.135311245918,0.13534283638,0.124432645738,0.147157922387,0.124453186989,0.14718221128,0.146943092346,0.12461502105,0.146967351437,0.124635592103,
-0,-0,-0,-0,-0,-0,-0,-0,-0,-0,-0,-0,-0,-0,
-0,-0,-0,-0,-0,-0,-0,-0,-0,-0,-0,-0,-0,-0,
-0,-0,-0,-0,-0,-0,-0,-0,-0,-0,-0,-0,-0,-0,
-0,-0,-0,-0,-0,-0,-0,-0,-0,-0,-0,-0,-0,-0,
-0,-0,-0,-0,-0,-0,-0,-0,-0,-0,-0,-0,-0,-0,
-0,-0,-0,-0,-0,-0,-0,-0,-0,-0,-0,-0,-0,-0,
-0,-0,-0,-0,-0,-0,-0,-0,-0,-0,-0,-0,-0,-0,
-0,-0,-0,-0,-0,-0,-0,-0,-0,-0,-0,-0,-0,-0,
-0,-0,-0,-0,-0,-0,-0,-0,-0,-0,-0,-0,-0,-0,
-0,-0,-0,-0,-0,-0,-0,-0,-0,-0,-0,-0,-0,-0,
-0,-0,-0,-0,-0,-0,-0,-0,-0,-0,-0,-0,-0,-0,
-0,-0,-0,-0,-0,-0,-0,-0,-0,-0,-0,-0,-0,-0,
-0,-0,-0,-0,-0,-0,-0,-0,-0,-0,-0,-0,-0,-0,
-0,-0,-0,-0,-0,-0,-0,-0,-0,-0,-0,-0,-0,-0,
-0,-0,-0,-0,-0,-0,-0,-0,-0,-0,-0,-0,-0,-0,
-0,-0,-0,-0,-0,-0,-0,-0,-0,-0,-0,-0,-0,-0,
-0,-0,-0,-0,-0,-0,-0,-0,-0,-0,-0,-0,-0,-0,
-0,-0,-0,-0,-0,-0,-0,-0,-0,-0,-0,-0,-0,-0,
-0,-0,-0,-0,-0,-0,-0,-0,-0,-0,-0,-0,-0,-0,
-0,-0,-0,-0,-0,-0,-0,-0,-0,-0,-0,-0,-0,-0,
-0,-0,-0,-0,-0,-0,-0,-0,-0,-0,-0,-0,-0,-0,
-0,-0,-0,-0,-0,-0,-0,-0,-0,-0,-0,-0,-0,-0,
-0,-0,-0,-0,-0,-0,-0,-0,-0,-0,-0,-0,-0,-0,
-0,-0,-0,-0,-0,-0,-0,-0,-0,-0,-0,-0,-0,-0,
-0,-0,-0,-0,-0,-0,-0,-0,-0,-0,-0,-0,-0,-0,
-0,-0,-0,-0,-0,-0,-0,-0,-0,-0,-0,-0,-0,-0,
-0,-0,-0,-0,-0,-0,-0,-0,-0,-0,-0,-0,-0,-0,
-0,-0,-0,-0,-0,-0,-0,-0,-0,-0,-0,-0,-0,-0,
-0,-0,-0,-0,-0,-0,-0,-0,-0,-0,-0,-0,-0,-0,
-0,-0,-0,-0,-0,-0,-0,-0,-0,-0,-0,-0,-0,-0,
-0,-0,-0,-0,-0,-0,-0,-0,-0,-0,-0,-0,-0,-0,
-0,-0,-0,-0,-0,-0,-0,-0,-0,-0,-0,-0,-0,-0,
-0,-0,-0,-0,-0,-0,-0,-0,-0,-0,-0,-0,-0,-0,
-0,-0,-0,-0,-0,-0,-0,-0,-0,-0,-0,-0,-0,-0,
-0,-0,-0,-0,-0,-0,-0,-0,-0,-0,-0,-0,-0,-0,
-0,-0,-0,-0,-0,-0,-0,-0,-0,-0,-0,-0,-0,-0,
-0,-0,-0,-0,-0,-0,-0,-0,-0,-0,-0,-0,-0,-0,
-0,-0,-0,-0,-0,-0,-0,-0,-0,-0,-0,-0,-0,-0,
-0,-0,-0,-0,-0,-0,-0,-0,-0,-0,-0,-0,-0,-0,
-0,-0,-0,-0,-0,-0,-0,-0,-0,-0,-0,-0,-0,-0,
-0,-0,-0,-0,-0,-0,-0,-0,-0,-0,-0,-0,-0,-0,
-0,-0,-0,-0,-0,-0,-0,-0,-0,-0,-0,-0,-0,-0,
-0,-0,-0,-0,-0,-0,-0,-0,-0,-0,-0,-0,-0,-0,
-0,-0,-0,-0,-0,-0,-0,-0,-0,-0,-0,-0,-0,-0,
-0,-0,-0,-0,-0,-0,-0,-0,-0,-0,-0,-0,-0,-0,
-0,-0,-0,-0,-0,-0,-0,-0,-0,-0,-0,-0,-0,-0,
-0,-0,-0,-0,-0,-0,-0,-0,-0,-0,-0,-0,-0,-0,
-0,-0,-0,-0,-0,-0,-0,-0,-0,-0,-0,-0,-0,-0,
-0,-0,-0,-0,-0,-0,-0,-0,-0,-0,-0,-0,-0,-0,
-0,-0,-0,-0,-0,-0,-0,-0,-0,-0,-0,-0,-0,-0,
-0,-0,-0,-0,-0,-0,-0,-0,-0,-0,-0,-0,-0,-0,
-0,-0,-0,-0,-0,-0,-0,-0,-0,-0,-0,-0,-0,-0,
-0,-0,-0,-0,-0,-0,-0,-0,-0,-0,-0,-0,-0,-0,
-0,-0,-0,-0,-0,-0,-0,-0,-0,-0,-0,-0,-0,-0,
-0,-0,-0,-0,-0,-0,-0,-0,-0,-0,-0,-0,-0,-0,
-0,-0,-0,-0,-0,-0,-0,-0,-0,-0,-0,-0,-0,-0,
-0,-0,-0,-0,-0,-0,-0,-0,-0,-0,-0,-0,-0,-0,
-0,-0,-0,-0,-0,-0,-0,-0,-0,-0,-0,-0,-0,-0,
-0,-0,-0,-0,-0,-0,-0,-0,-0,-0,-0,-0,-0,-0,
-0,-0,-0,-0,-0,-0,-0,-0,-0,-0,-0,-0,-0,-0,
-0,-0,-0,-0,-0,-0,-0,-0,-0,-0,-0,-0,-0,-0,
-0,-0,-0,-0,-0,-0,-0,-0,-0,-0,-0,-0,-0,-0,
-0,-0,-0,-0,-0,-0,-0,-0,-0,-0,-0,-0,-0,-0,
-0,-0,-0,-0,-0,-0,-0,-0,-0,-0,-0,-0,-0,-0,
-0,-0,-0,-0,-0,-0,-0,-0,-0,-0,-0,-0,-0,-0,
-0,-0,-0,-0,-0,-0,-0,-0,-0,-0,-0,-0,-0,-0,
-0,-0,-0,-0,-0,-0,-0,-0,-0,-0,-0,-0,-0,-0,
-0,-0,-0,-0,-0,-0,-0,-0,-0,-0,-0,-0,-0,-0,
-0,-0,-0,-0,-0,-0,-0,-0,-0,-0,-0,-0,-0,-0,
-0,-0,-0,-0,-0,-0,-0,-0,-0,-0,-0,-0,-0,-0,
-0,-0,-0,-0,-0,-0,-0,-0,-0,-0,-0,-0,-0,-0,
-0,-0,-0,-0,-0,-0,-0,-0,-0,-0,-0,-0,-0,-0,
-0,-0,-0,-0,-0,-0,-0,-0,-0,-0,-0,-0,-0,-0,
-0,-0,-0,-0,-0,-0,-0,-0,-0,-0,-0,-0,-0,-0,
-0,-0,-0,-0,-0,-0,-0,-0,-0,-0,-0,-0,-0,-0,
-0,-0,-0,-0,-0,-0,-0,-0,-0,-0,-0,-0,-0,-0,
-0,-0,-0,-0,-0,-0,-0,-0,-0,-0,-0,-0,-0,-0,
-0,-0,-0,-0,-0,-0,-0,-0,-0,-0,-0,-0,-0,-0,
-0,-0,-0,-0,-0,-0,-0,-0,-0,-0,-0,-0,-0,-0,
-0,-0,-0,-0,-0,-0,-0,-0,-0,-0,-0,-0,-0,-0,
-0,-0,-0,-0,-0,-0,-0,-0,-0,-0,-0,-0,-0,-0,
-0,-0,-0,-0,-0,-0,-0,-0,-0,-0,-0,-0,-0,-0,
-0,-0,-0,-0,-0,-0,-0,-0,-0,-0,-0,-0,-0,-0,
-0,-0,-0,-0,-0,-0,-0,-0,-0,-0,-0,-0,-0,-0,
-0,-0,-0,-0,-0,-0,-0,-0,-0,-0,-0,-0,-0,-0,
-0,-0,-0,-0,-0,-0,-0,-0,-0,-0,-0,-0,-0,-0,
-0,-0,-0,-0,-0,-0,-0,-0,-0,-0,-0,-0,-0,-0,
-0,-0,-0,-0,-0,-0,-0,-0,-0,-0,-0,-0,-0,-0,
-0,-0,-0,-0,-0,-0,-0,-0,-0,-0,-0,-0,-0,-0,
-0,-0,-0,-0,-0,-0,-0,-0,-0,-0,-0,-0,-0,-0,
-0,-0,-0,-0,-0,-0,-0,-0,-0,-0,-0,-0,-0,-0,
-0,-0,-0,-0,-0,-0,-0,-0,-0,-0,-0,-0,-0,-0,
-0,-0,-0,-0,-0,-0,-0,-0,-0,-0,-0,-0,-0,-0,
-0,-0,-0,-0,-0,-0,-0,-0,-0,-0,-0,-0,-0,-0,
-0,-0,-0,-0,-0,-0,-0,-0,-0,-0,-0,-0,-0,-0,
-0,-0,-0,-0,-0,-0,-0,-0,-0,-0,-0,-0,-0,-0,
-0,-0,-0,-0,-0,-0,-0,-0,-0,-0,-0,-0,-0,-0,
-0,-0,-0,-0,-0,-0,-0,-0,-0,-0,-0,-0,-0,-0,
-0,-0,-0,-0,-0,-0,-0,-0,-0,-0,-0,-0,-0,-0,
-0,-0,-0,-0,-0,-0,-0,-0,-0,-0,-0,-0,-0,-0,
-0,-0,-0,-0,-0,-0,-0,-0,-0,-0,-0,-0,-0,-0,
-0,-0,-0,-0,-0,-0,-0,-0,-0,-0,-0,-0,-0,-0,
-0,-0,-0,-0,-0,-0,-0,-0,-0,-0,-0,-0,-0,-0,
-0,-0,-0,-0,-0,-0,-0,-0,-0,-0,-0,-0,-0,-0,
-0,-0,-0,-0,-0,-0,-0,-0,-0,-0,-0,-0,-0,-0,
-0,-0,-0,-0,-0,-0,-0,-0,-0,-0,-0,-0,-0,-0,
-0,-0,-0,-0,-0,-0,-0,-0,-0,-0,-0,-0,-0,-0,
-0,-0,-0,-0,-0,-0,-0,-0,-0,-0,-0,-0,-0,-0,
-0,-0,-0,-0,-0,-0,-0,-0,-0,-0,-0,-0,-0,-0,
-0,-0,-0,-0,-0,-0,-0,-0,-0,-0,-0,-0,-0,-0,
-0,-0,-0,-0,-0,-0,-0,-0,-0,-0,-0,-0,-0,-0,
-0,-0,-0,-0,-0,-0,-0,-0,-0,-0,-0,-0,-0,-0,
-0,-0,-0,-0,-0,-0,-0,-0,-0,-0,-0,-0,-0,-0,
-0,-0,-0,-0,-0,-0,-0,-0,-0,-0,-0,-0,-0,-0,
-0,-0,-0,-0,-0,-0,-0,-0,-0,-0,-0,-0,-0,-0,
-0,-0,-0,-0,-0,-0,-0,-0,-0,-0,-0,-0,-0,-0,
-0,-0,-0,-0,-0,-0,-0,-0,-0,-0,-0,-0,-0,-0,
-0,-0,-0,-0,-0,-0,-0,-0,-0,-0,-0,-0,-0,-0,
-0,-0,-0,-0,-0,-0,-0,-0,-0,-0,-0,-0,-0,-0,
-0,-0,-0,-0,-0,-0,-0,-0,-0,-0,-0,-0,-0,-0,
-0,-0,-0,-0,-0,-0,-0,-0,-0,-0,-0,-0,-0,-0,
-0,-0,-0,-0,-0,-0,-0,-0,-0,-0,-0,-0,-0,-0,
-0,-0,-0,-0,-0,-0,-0,-0,-0,-0,-0,-0,-0,-0,
-0,-0,-0,-0,-0,-0,-0,-0,-0,-0,-0,-0,-0,-0,
-0,-0,-0,-0,-0,-0,-0,-0,-0,-0,-0,-0,-0,-0,
0.145263805985,0.144525259733,0.14604434371,0.145272582769,0.145263805985,0.145272582769,0.133574485779,0.157986626029,0.133580178022,0.157993376255,0.157163023949,0.134274810553,0.157169729471,0.1342805475,
0.150010317564,0.149145528674,0.150946080685,0.150045707822,0.150010317564,0.150045707822,0.138004809618,0.163079455495,0.138027846813,0.163106665015,0.162104085088,0.138835519552,0.162131145597,0.138858690858,
0.152440071106,0.151513561606,0.153456583619,0.152493178844,0.152440071106,0.152493178844,0.140275657177,0.165684401989,0.14031021297,0.165725231171,0.164632335305,0.141172394156,0.164672896266,0.141207173467,
0.152440071106,0.151513561606,0.153456583619,0.152493178844,0.152440071106,0.152493178844,0.140275657177,0.165684401989,0.14031021297,0.165725231171,0.164632335305,0.141172394156,0.164672896266,0.141207173467,
0.148076236248,0.148671492934,0.147664144635,0.148076236248,0.148076236248,0.148076236248,0.13706561923,0.160036072135,0.13706561923,0.160036072135,0.16056625545,0.136589303613,0.16056625545,0.136589303613,
0.150537028909,0.151105940342,0.150177195668,0.15056014061,0.150537028909,0.15056014061,0.139384582639,0.162654936314,0.139399707317,0.162672579288,0.163142114878,0.138944193721,0.163159802556,0.138959243894,
0.150537028909,0.151105940342,0.150177195668,0.15056014061,0.150537028909,0.15056014061,0.139384582639,0.162654936314,0.139399707317,0.162672579288,0.163142114878,0.138944193721,0.163159802556,0.138959243894,
0.155568316579,0.156090572476,0.155318692327,0.155649155378,0.155568316579,0.155649155378,0.144132509828,0.168005019426,0.144185483456,0.168066725135,0.168406426907,0.143763899803,0.168468296528,0.14381672442,
0.155654996634,0.156460508704,0.15507799387,0.155654996634,0.155654996634,0.155654996634,0.144408017397,0.167858108878,0.144408017397,0.167858108878,0.168586224318,0.143754720688,0.168586224318,0.143754720688,
0.158258840442,0.15905764699,0.157735064626,0.158301874995,0.158258840442,0.158301874995,0.146875530481,0.170619487762,0.146903768182,0.170652300119,0.171314552426,0.146249458194,0.171347513795,0.146277576685,
0.158258840442,0.15905764699,0.157735064626,0.158301874995,0.158258840442,0.158301874995,0.146875530481,0.170619487762,0.146903768182,0.170652300119,0.171314552426,0.146249458194,0.171347513795,0.146277576685,
0.160903453827,0.161698773503,0.160435050726,0.160994768143,0.160903453827,0.160994768143,0.149384334683,0.173422470689,0.149444267154,0.173492059112,0.174085095525,0.148785039783,0.174154937267,0.148844748735,
0.166305303574,0.167099460959,0.165949121118,0.166500344872,0.166305303574,0.166500344872,0.154515862465,0.179141268134,0.154643982649,0.179289832711,0.179741412401,0.153968200088,0.179890438914,0.154095858335,
0.160737097263,0.164048045874,0.157873675227,0.160785466433,0.160737097263,0.160785466433,0.150645256042,0.171641692519,0.150677323341,0.171678245068,0.174937725067,0.147760152817,0.174974948168,0.147791609168,
0.160737097263,0.164048045874,0.157873675227,0.160785466433,0.160737097263,0.160785466433,0.150645256042,0.171641692519,0.150677323341,0.171678245068,0.174937725067,0.147760152817,0.174974948168,0.147791609168,
0.163432896137,0.166791141033,0.160574406385,0.163528099656,0.163432896137,0.163528099656,0.153232589364,0.174465507269,0.153295710683,0.174537420273,0.177781999111,0.150326445699,0.177855283022,0.150388345122,
0.166144102812,0.169549688697,0.163288414478,0.166283994913,0.166144102812,0.166283994913,0.155836477876,0.177302718163,0.155929222703,0.177408248186,0.180640906096,0.15290825069,0.180748432875,0.152999252081,
0.166144102812,0.169549688697,0.163288414478,0.166283994913,0.166144102812,0.166283994913,0.155836477876,0.177302718163,0.155929222703,0.177408248186,0.180640906096,0.15290825069,0.180748432875,0.152999252081,
0.163989171386,0.16594068706,0.162396237254,0.163989171386,0.163989171386,0.163989171386,0.153041675687,0.175833493471,0.153041675687,0.175833493471,0.177721187472,0.151381626725,0.177721187472,0.151381626725,
0.166635513306,0.168613225222,0.165053755045,0.166667714715,0.166635513306,0.166667714715,0.155574202538,0.178608819842,0.155595466495,0.178633183241,0.180503278971,0.153906315565,0.180527940392,0.153927356005,
0.169275775552,0.171279028058,0.167702868581,0.169337198138,0.169275775552,0.169337198138,0.158102422953,0.181375175714,0.158142998815,0.18142169714,0.183277398348,0.156425893307,0.183324411511,0.156466051936,
0.163861647248,0.166515156627,0.161674112082,0.163861647248,0.163861647248,0.163861647248,0.153406172991,0.175165951252,0.153406172991,0.175165951252,0.177750065923,0.151143223047,0.177750065923,0.151143223047,
0.168835863471,0.1715606004,0.166628807783,0.168874591589,0.168835863471,0.168874591589,0.158186852932,0.180354014039,0.158212542534,0.180383250117,0.182983934879,0.155879557133,0.183013632894,0.155904889107,
0.168835863471,0.1715606004,0.166628807783,0.168874591589,0.168835863471,0.168874591589,0.158186852932,0.180354014039,0.158212542534,0.180383250117,0.182983934879,0.155879557133,0.183013632894,0.155904889107,
0.171277776361,0.174037411809,0.16905747354,0.17133179307,0.171277776361,0.17133179307,0.160536155105,0.182897046208,0.160571977496,0.182937830687,0.185551434755,0.158205419779,0.185592800379,0.158240705729,
0.173685237765,0.176479101181,0.171450346708,0.173752516508,0.173685237765,0.173752516508,0.162853747606,0.18540212512,0.162898316979,0.18545293808,0.188081383705,0.160499215126,0.188132867217,0.16054315865,
0.173381268978,0.177056640387,0.170375674963,0.173381268978,0.173381268978,0.173381268978,0.163298174739,0.184302389622,0.163298174739,0.184302389622,0.18783134222,0.160145714879,0.18783134222,0.160145714879,
0.175686389208,0.179401442409,0.172659173608,0.17569643259,0.175686389208,0.17569643259,0.165527418256,0.18669000268,0.165534108877,0.18669757247,0.190249726176,0.162344738841,0.190257430077,0.162351310253,
0.177916377783,0.181669712067,0.174864515662,0.177932217717,0.177916377783,0.177932217717,0.167685523629,0.188996881247,0.167696118355,0.189008831978,0.192588374019,0.164471939206,0.192600548267,0.164482340217,
0.182228803635,0.186055183411,0.179125636816,0.182251036167,0.182228803635,0.182251036167,0.171862185001,0.193453133106,0.171877041459,0.193469807506,0.197107434273,0.168587446213,0.197124451399,0.168601989746,
0.188371285796,0.194653570652,0.182942792773,0.188372001052,0.188371285796,0.188372001052,0.179216995835,0.198257759213,0.179217487574,0.198258295655,0.204431563616,0.173676773906,0.204432114959,0.173677235842,
0.188371285796,0.194653570652,0.182942792773,0.188372001052,0.188371285796,0.188372001052,0.179216995835,0.198257759213,0.179217487574,0.198258295655,0.204431563616,0.173676773906,0.204432114959,0.173677235842,
0.190303936601,0.196638420224,0.184826672077,0.19030021131,0.190303936601,0.19030021131,0.18110640347,0.200234130025,0.181103914976,0.200231388211,0.206459283829,0.175516679883,0.206456437707,0.175514250994,
0.192172184587,0.198557153344,0.186646744609,0.192163020372,0.192172184587,0.192163020372,0.182933911681,0.202143311501,0.182927712798,0.202136486769,0.208418622613,0.17729575932,0.208411559463,0.177289769053,
0.195358067751,0.201362520456,0.190210312605,0.195358067751,0.195358067751,0.195358067751,0.185835808516,0.205658584833,0.185835808516,0.205658584833,0.211513057351,0.180537819862,0.211513057351,0.180537819862,
0.196948543191,0.202989846468,0.191758662462,0.196936801076,0.196948543191,0.196936801076,0.187390893698,0.207282632589,0.187382981181,0.207273930311,0.213177189231,0.182053908706,0.21316818893,0.182046279311,
0.196948543191,0.202989846468,0.191758662462,0.196936801076,0.196948543191,0.196936801076,0.187390893698,0.207282632589,0.187382981181,0.207273930311,0.213177189231,0.182053908706,0.21316818893,0.182046279311,
0.198467582464,0.204544231296,0.193236485124,0.198443844914,0.198467582464,0.198443844914,0.188876777887,0.208832636476,0.188860803843,0.208814918995,0.214766055346,0.183502092957,0.21474789083,0.183486565948,
0.196886688471,0.203862518072,0.19087639451,0.196886688471,0.196886688471,0.196886688471,0.18798558414,0.206530243158,0.18798558414,0.206530243158,0.213337644935,0.181808829308,0.213337644935,0.181808829308,
0.19805046916,0.205057993531,0.192000001669,0.19803661108,0.19805046916,0.19803661108,0.189128652215,0.20771163702,0.189119324088,0.207701340318,0.214555636048,0.182916492224,0.214545026422,0.18290746212,
0.19805046916,0.205057993531,0.192000001669,0.19803661108,0.19805046916,0.19803661108,0.189128652215,0.20771163702,0.189119324088,0.207701340318,0.214555636048,0.182916492224,0.214545026422,0.18290746212,
0.199142768979,0.206180036068,0.193053081632,0.199114322662,0.199142768979,0.199114322662,0.190201997757,0.208819299936,0.190182775259,0.208798214793,0.21569852531,0.183955863118,0.215676754713,0.183937251568,
0.200162380934,0.207228124142,0.194035157561,0.200119808316,0.200162380934,0.200119808316,0.191204696894,0.209852516651,0.191175922751,0.209820955992,0.216765478253,0.184926047921,0.216732874513,0.184898212552,
0.201847106218,0.206751987338,0.197660088539,0.201833710074,0.201847106218,0.201833710074,0.191296592355,0.213223665953,0.191287651658,0.213213697076,0.218004897237,0.186983391643,0.21799467504,0.186974614859,
0.201847106218,0.206751987338,0.197660088539,0.201833710074,0.201847106218,0.201833710074,0.191296592355,0.213223665953,0.191287651658,0.213213697076,0.218004897237,0.186983391643,0.21799467504,0.186974614859,
0.203438848257,0.208383217454,0.19919064641,0.203397557139,0.203438848257,0.203397557139,0.192855596542,0.214840173721,0.192827865481,0.214809387922,0.219673708081,0.188493683934,0.219642207026,0.188466608524,
0.204125031829,0.209088474512,0.199847787619,0.204071044922,0.204125031829,0.204071044922,0.193528950214,0.215535268188,0.193492785096,0.215494945645,0.220393896103,0.189143806696,0.220352709293,0.18910844624,
0.204738676548,0.20972083509,0.200433522463,0.20467287302,0.204738676548,0.20467287302,0.194132208824,0.216155648232,0.194088056684,0.216106489301,0.221038684249,0.189724624157,0.22098839283,0.189681500196,
0.199277639389,0.204907789826,0.194524809718,0.199277639389,0.199277639389,0.199277639389,0.189398154616,0.209947243333,0.189398154616,0.209947243333,0.215411409736,0.184477075934,0.215411409736,0.184477075934,
0.199685066938,0.205330759287,0.194907709956,0.199673727155,0.199685066938,0.199673727155,0.189801439643,0.210355192423,0.189793780446,0.210346758366,0.215840280056,0.184861063957,0.215831622481,0.18485365808,
0.20029938221,0.205974191427,0.195476680994,0.200267776847,0.20029938221,0.200267776847,0.190413206816,0.21096521616,0.190391913056,0.210941597819,0.216489389539,0.185437142849,0.216465234756,0.185416415334,
0.20050778985,0.206196337938,0.195664227009,0.200467363,0.20050778985,0.200467363,0.190623164177,0.211168825626,0.190596029162,0.211138755083,0.216711327434,0.185630664229,0.216680437326,0.185604229569,
0.198110491037,0.20352652669,0.193571507931,0.198110491037,0.198110491037,0.198110491037,0.188143476844,0.208869829774,0.188143476844,0.208869829774,0.214117065072,0.183433368802,0.214117065072,0.183433368802,
0.198257505894,0.203686535358,0.193699210882,0.198249787092,0.198257505894,0.198249787092,0.188293680549,0.209010690451,0.188288480043,0.2090049088,0.21427500248,0.183568194509,0.214269116521,0.183563187718,
0.198151051998,0.203600302339,0.193560421467,0.198129966855,0.198151051998,0.198129966855,0.188204362988,0.208881184459,0.188190191984,0.208865493536,0.21417376399,0.183454290032,0.214157640934,0.183440491557,
0.198005601764,0.203464433551,0.193400502205,0.197979256511,0.198005601764,0.197979256511,0.188070297241,0.208721742034,0.188052564859,0.208702147007,0.214027300477,0.183309078217,0.214007183909,0.183291807771,
0.196585044265,0.201206535101,0.192784264684,0.196585044265,0.196585044265,0.196585044265,0.186177149415,0.20781262219,0.186177149415,0.20781262219,0.2122643888,0.182203456759,0.2122643888,0.182203456759,
0.196394473314,0.201026365161,0.192579224706,0.1963904351,0.196394473314,0.1963904351,0.1859998703,0.207606360316,0.185997113585,0.207603320479,0.212071537971,0.182014673948,0.212068453431,0.182012036443,
0.196043670177,0.200684219599,0.19221624732,0.196036607027,0.196043670177,0.196036607027,0.185667067766,0.207235217094,0.185662329197,0.20722989738,0.21171182394,0.181672394276,0.21170642972,0.181667760015,
0.196043670177,0.200684219599,0.19221624732,0.196036607027,0.196043670177,0.196036607027,0.185667067766,0.207235217094,0.185662329197,0.20722989738,0.21171182394,0.181672394276,0.21170642972,0.181667760015,
0.195176750422,0.199833884835,0.191327646375,0.195166200399,0.195176750422,0.195166200399,0.184841647744,0.206322669983,0.184834569693,0.20631480217,0.21082046628,0.180829748511,0.210812404752,0.180822834373,
0.19021075964,0.19399484992,0.187254443765,0.19021075964,0.19021075964,0.19021075964,0.179693743587,0.201582193375,0.179693743587,0.201582193375,0.205146238208,0.176515042782,0.205146238208,0.176515042782,
0.189574837685,0.193366527557,0.186609625816,0.189575254917,0.189574837685,0.189575254917,0.179085358977,0.200917124748,0.179085642099,0.200917452574,0.204490348697,0.175899326801,0.204490676522,0.175899624825,
0.189574837685,0.193366527557,0.186609625816,0.189575254917,0.189574837685,0.189575254917,0.179085358977,0.200917124748,0.179085642099,0.200917452574,0.204490348697,0.175899326801,0.204490676522,0.175899624825,
0.188891142607,0.192690223455,0.185917571187,0.188892737031,0.188891142607,0.188892737031,0.178430840373,0.20020262897,0.178431913257,0.20020377636,0.203784734011,0.175237983465,0.203785941005,0.175238996744,
0.191766694188,0.195769429207,0.188547104597,0.191766694188,0.191766694188,0.191766694188,0.181199669838,0.203177541494,0.181199669838,0.203177541494,0.206997394562,0.177794650197,0.206997394562,0.177794650197,
0.190821453929,0.194831222296,0.187595024705,0.190824374557,0.190821453929,0.190824374557,0.180293157697,0.20219193399,0.180295094848,0.202194169164,0.20601990819,0.176882356405,0.206022143364,0.176884263754,
0.189833566546,0.193850129843,0.186600878835,0.189839974046,0.189833566546,0.189839974046,0.179345548153,0.201162159443,0.179349854589,0.201166972518,0.20499779284,0.175929442048,0.205002680421,0.175933644176,
0.188804134727,0.192827254534,0.185565918684,0.188814595342,0.188804134727,0.188814595342,0.178358092904,0.200089380145,0.17836509645,0.200097218156,0.203932181001,0.174937024713,0.203940242529,0.17494392395,
0.19220019877,0.194225311279,0.190807968378,0.19220019877,0.19220019877,0.19220019877,0.180429056287,0.204929530621,0.180429056287,0.204929530621,0.206732243299,0.178814515471,0.206732243299,0.178814515471,
0.191150456667,0.193195670843,0.189739927649,0.191155225039,0.191150456667,0.191155225039,0.179428830743,0.203828513622,0.179431959987,0.203832060099,0.205652192235,0.177796766162,0.205655828118,0.177799880505,
0.188740506768,0.190827131271,0.187295168638,0.18875874579,0.188740506768,0.18875874579,0.177130848169,0.201303526759,0.177142947912,0.201317280531,0.203168943524,0.175464227796,0.203182846308,0.17547622323,
0.187480166554,0.189587548375,0.186017915606,0.187505826354,0.187480166554,0.187505826354,0.175929158926,0.199983149767,0.17594614625,0.200002506375,0.201869219542,0.174245476723,0.201888754964,0.174262315035,
0.183582276106,0.184145182371,0.183695614338,0.183589994907,0.183582276106,0.183589994907,0.171557500958,0.196654617786,0.171562612057,0.196660459042,0.196872711182,0.171329975128,0.196878552437,0.171335056424,
0.180850088596,0.181472495198,0.180912554264,0.180876389146,0.180850088596,0.180876389146,0.168958216906,0.193786427379,0.168975576758,0.193806409836,0.194064065814,0.168679699302,0.194084018469,0.168697029352,
0.179439038038,0.180091202259,0.17947614193,0.179474800825,0.179439038038,0.179474800825,0.167616039515,0.19230492413,0.167639657855,0.19233199954,0.192612245679,0.167312115431,0.192639380693,0.167335689068,
0.179439038038,0.180091202259,0.17947614193,0.179474800825,0.179439038038,0.179474800825,0.167616039515,0.19230492413,0.167639657855,0.19233199954,0.192612245679,0.167312115431,0.192639380693,0.167335689068,
0.183790102601,0.187641054392,0.180550336838,0.183790102601,0.183790102601,0.183790102601,0.173191249371,0.195205643773,0.173191249371,0.195205643773,0.198980808258,0.169868320227,0.198980808258,0.169868320227,
0.182100087404,0.185958653688,0.178860262036,0.182111516595,0.182100087404,0.182111516595,0.171573579311,0.193442568183,0.171581193805,0.193451181054,0.197222977877,0.168248161674,0.197231739759,0.168255656958,
0.178645148873,0.182515799999,0.17540679872,0.178678184748,0.178645148873,0.178678184748,0.16826684773,0.189837485552,0.168288841844,0.189862266183,0.193625792861,0.16493883729,0.193651080132,0.164960414171,
0.176881879568,0.180756896734,0.173645049334,0.17692501843,0.176881879568,0.17692501843,0.166579380631,0.187997028232,0.166608139873,0.188029482961,0.191788062453,0.163251206279,0.191821113229,0.163279384375,
0.175535798073,0.179079249501,0.172616884112,0.17554704845,0.175535798073,0.17554704845,0.165177837014,0.186713531613,0.165185317397,0.186721980572,0.190159231424,0.162154659629,0.190167874098,0.162162005901,
0.175535798073,0.179079249501,0.172616884112,0.17554704845,0.175535798073,0.17554704845,0.165177837014,0.186713531613,0.165185317397,0.186721980572,0.190159231424,0.162154659629,0.190167874098,0.162162005901,
0.173686951399,0.177235290408,0.170769274235,0.173709258437,0.173686951399,0.173709258437,0.163408964872,0.1847833395,0.163423851132,0.18480014801,0.188232123852,0.160385191441,0.188249215484,0.160399794579,
0.169931665063,0.173486605287,0.167018845677,0.169975414872,0.169931665063,0.169975414872,0.159816846251,0.180861890316,0.159845948219,0.180894806981,0.184313863516,0.15679462254,0.184347420931,0.156823128462,
0.17366874218,0.176522493362,0.171405643225,0.17367978394,0.17366874218,0.17367978394,0.163022294641,0.185181051493,0.163029626012,0.185189366341,0.187904074788,0.160624593496,0.187912493944,0.160631790757,
0.171679362655,0.174544587731,0.169411599636,0.171702608466,0.171679362655,0.171702608466,0.161122694612,0.183100223541,0.161138117313,0.183117717505,0.18583291769,0.158718496561,0.185850709677,0.158733710647,
0.169674903154,0.17255038023,0.167403295636,0.169709965587,0.169674903154,0.169709965587,0.159208953381,0.181003168225,0.159232258797,0.181029632688,0.183744490147,0.156799301505,0.183771386743,0.156822234392,
0.169674903154,0.17255038023,0.167403295636,0.169709965587,0.169674903154,0.169709965587,0.159208953381,0.181003168225,0.159232258797,0.181029632688,0.183744490147,0.156799301505,0.183771386743,0.156822234392,
0.173852935433,0.176189437509,0.172007337213,0.173852935433,0.173852935433,0.173852935433,0.162811249495,0.185786679387,0.162811249495,0.185786679387,0.18801446259,0.160853207111,0.18801446259,0.160853207111,
0.171695232391,0.174050420523,0.169838875532,0.171708211303,0.171695232391,0.171708211303,0.160755947232,0.183524355292,0.160764545202,0.183534175158,0.185768902302,0.158785119653,0.185778826475,0.158793628216,
0.169527441263,0.171900004148,0.167661324143,0.169553101063,0.169527441263,0.169553101063,0.158691480756,0.181251019239,0.158708438277,0.181270420551,0.183511078358,0.156708985567,0.183530703187,0.156725749373,
0.167350038886,0.169738650322,0.165475144982,0.167388081551,0.167350038886,0.167388081551,0.156618192792,0.178967028856,0.156643375754,0.178995802999,0.181241422892,0.154625117779,0.181270539761,0.154650002718,
0.169338494539,0.172273978591,0.166874095798,0.169338494539,0.169338494539,0.169338494539,0.158757790923,0.180758789182,0.158757790923,0.180758789182,0.183642238379,0.156234398484,0.183642238379,0.156234398484,
0.164826408029,0.16777934134,0.162360906601,0.164852246642,0.164826408029,0.164852246642,0.154456883669,0.17603109777,0.154474005103,0.176050633192,0.178926974535,0.151927322149,0.178946807981,0.151944175363,
0.162536889315,0.16549654305,0.16007257998,0.162575483322,0.162536889315,0.162575483322,0.152275174856,0.173631414771,0.152300730348,0.173660546541,0.176531463861,0.149744331837,0.17656108737,0.149769484997,
0.162536889315,0.16549654305,0.16007257998,0.162575483322,0.162536889315,0.162575483322,0.152275174856,0.173631414771,0.152300730348,0.173660546541,0.176531463861,0.149744331837,0.17656108737,0.149769484997,
0.166604757309,0.168621852994,0.164994522929,0.166604757309,0.166604757309,0.166604757309,0.155630037189,0.178476542234,0.155630037189,0.178476542234,0.180409342051,0.153932511806,0.180409342051,0.153932511806,
0.164271518588,0.166309535503,0.162648916245,0.164284795523,0.164271518588,0.164284795523,0.153413370252,0.176023855805,0.153422117233,0.176033914089,0.177975520492,0.151701316237,0.177985668182,0.151709973812,
0.159520968795,0.161596626043,0.157876804471,0.159560009837,0.159520968795,0.159560009837,0.148901507258,0.171028092504,0.148927271366,0.171057671309,0.173013582826,0.147163927555,0.17304353416,0.147189378738,
0.159520968795,0.161596626043,0.157876804471,0.159560009837,0.159520968795,0.159560009837,0.148901507258,0.171028092504,0.148927271366,0.171057671309,0.173013582826,0.147163927555,0.17304353416,0.147189378738,
0.157146021724,0.159238293767,0.155492663383,0.157197386026,0.157146021724,0.157197386026,0.146646752954,0.16852940619,0.146680623293,0.168568342924,0.170529812574,0.144898176193,0.170569211245,0.144931659102,
0.160149723291,0.161132499576,0.159519791603,0.160163834691,0.160149723291,0.160163834691,0.148912578821,0.172347337008,0.148921832442,0.172358080745,0.173199281096,0.148152530193,0.173210054636,0.148161739111,
0.157713070512,0.158729970455,0.157057762146,0.157740741968,0.157713070512,0.157740741968,0.146607741714,0.169774696231,0.14662592113,0.169795751572,0.170659303665,0.145820692182,0.170680448413,0.14583876729,
0.157713070512,0.158729970455,0.157057762146,0.157740741968,0.157713070512,0.157740741968,0.146607741714,0.169774696231,0.14662592113,0.169795751572,0.170659303665,0.145820692182,0.170680448413,0.14583876729,
0.152851894498,0.153932362795,0.152149215341,0.152905210853,0.152851894498,0.152905210853,0.142011553049,0.164639666677,0.142046555877,0.164680272341,0.165585309267,0.141174301505,0.16562615335,0.141209110618,
0.1583314538,0.159086540341,0.157805457711,0.1583314538,0.1583314538,0.1583314538,0.146916553378,0.170703172684,0.146916553378,0.170703172684,0.171386510134,0.146317645907,0.171386510134,0.146317645907,
0.155768051744,0.156562000513,0.155214130878,0.155782297254,0.155768051744,0.155782297254,0.144497871399,0.1679905653,0.144507229328,0.168001428246,0.16871035099,0.143868491054,0.16872125864,0.143877789378,
0.155768051744,0.156562000513,0.155214130878,0.155782297254,0.155768051744,0.155782297254,0.144497871399,0.1679905653,0.144507229328,0.168001428246,0.16871035099,0.143868491054,0.16872125864,0.143877789378,
0.153212994337,0.154044002295,0.152632385492,0.153240934014,0.153212994337,0.153240934014,0.142087757587,0.165285885334,0.142106071115,0.165307164192,0.166040495038,0.141429319978,0.166061893106,0.141447558999,
0.148130357265,0.149030163884,0.14749969542,0.148183554411,0.148130357265,0.148183554411,0.137295559049,0.159902453423,0.137330442667,0.15994310379,0.160722255707,0.136583060026,0.160763084888,0.136617764831,
0.153237894177,0.151815295219,0.154807716608,0.153237894177,0.153237894177,0.153237894177,0.140955910087,0.16662402451,0.140955910087,0.16662402451,0.165007665753,0.142340272665,0.165007665753,0.142340272665,
0.150673821568,0.149325042963,0.152180597186,0.150687888265,0.150673821568,0.150687888265,0.138556927443,0.163888260722,0.138566076756,0.163899064064,0.162345230579,0.139877408743,0.162355944514,0.139886632562,
0.148120358586,0.146843388677,0.149565503001,0.148147910833,0.148120358586,0.148147910833,0.136168628931,0.161162734032,0.136186525226,0.161183908582,0.159691259265,0.137426823378,0.159712255001,0.137444883585,
0.145578369498,0.144371271133,0.146963328123,0.145618796349,0.145578369498,0.145618796349,0.133791804314,0.158448427916,0.13381806016,0.15847954154,0.157046720386,0.134989365935,0.157077565789,0.1350158602,
0.144078031182,0.143333181739,0.144917607307,0.144104614854,0.144078031182,0.144104614854,0.132495611906,0.156697720289,0.132512912154,0.156718164682,0.155839785933,0.133226796985,0.155860126019,0.13324418664,
0.144078031182,0.143333181739,0.144917607307,0.144104614854,0.144078031182,0.144104614854,0.132495611906,0.156697720289,0.132512912154,0.156718164682,0.155839785933,0.133226796985,0.155860126019,0.13324418664,
0.141459569335,0.140777215362,0.142247527838,0.141498684883,0.141459569335,0.141498684883,0.130047976971,0.153901025653,0.130073398352,0.153931111097,0.153104603291,0.130726203322,0.153134524822,0.130751758814,
0.138857573271,0.138235524297,0.139595240355,0.138908371329,0.138857573271,0.138908371329,0.127616479993,0.151120752096,0.127649486065,0.151159822941,0.15038394928,0.128243416548,0.150422856212,0.128276601434,
0.143323838711,0.143081635237,0.143595069647,0.143323838711,0.143323838711,0.143323838711,0.131965622306,0.155667006969,0.131965622306,0.155667006969,0.155388861895,0.132202520967,0.155388861895,0.132202520967,
0.140638232231,0.140449896455,0.140866965055,0.140650287271,0.140638232231,0.140650287271,0.129452630877,0.152801424265,0.129460483789,0.152810677886,0.152575448155,0.129645049572,0.152584686875,0.129652887583,
0.140638232231,0.140449896455,0.140866965055,0.140650287271,0.140638232231,0.140650287271,0.129452630877,0.152801424265,0.129460483789,0.152810677886,0.152575448155,0.129645049572,0.152584686875,0.129652887583,
0.13527341187,0.135187223554,0.135422155261,0.135308891535,0.13527341187,0.135308891535,0.124434962869,0.147074133158,0.124458052218,0.147101432085,0.146946907043,0.124543353915,0.146974176168,0.124566465616,
0.132624208927,0.132585674524,0.13273537159,0.132670357823,0.132624208927,0.132670357823,0.121958374977,0.144244343042,0.121988385916,0.144279822707,0.14416334033,0.122027538717,0.144198805094,0.122057557106,
-0,-0,-0,-0,-0,-0,-0,-0,-0,-0,-0,-0,-0,-0,
-0,-0,-0,-0,-0,-0,-0,-0,-0,-0,-0,-0,-0,-0,
-0,-0,-0,-0,-0,-0,-0,-0,-0,-0,-0,-0,-0,-0,
-0,-0,-0,-0,-0,-0,-0,-0,-0,-0,-0,-0,-0,-0,
-0,-0,-0,-0,-0,-0,-0,-0,-0,-0,-0,-0,-0,-0,
-0,-0,-0,-0,-0,-0,-0,-0,-0,-0,-0,-0,-0,-0,
-0,-0,-0,-0,-0,-0,-0,-0,-0,-0,-0,-0,-0,-0,
-0,-0,-0,-0,-0,-0,-0,-0,-0,-0,-0,-0,-0,-0,
-0,-0,-0,-0,-0,-0,-0,-0,-0,-0,-0,-0,-0,-0,
-0,-0,-0,-0,-0,-0,-0,-0,-0,-0,-0,-0,-0,-0,
-0,-0,-0,-0,-0,-0,-0,-0,-0,-0,-0,-0,-0,-0,
-0,-0,-0,-0,-0,-0,-0,-0,-0,-0,-0,-0,-0,-0,
-0,-0,-0,-0,-0,-0,-0,-0,-0,-0,-0,-0,-0,-0,
-0,-0,-0,-0,-0,-0,-0,-0,-0,-0,-0,-0,-0,-0,
-0,-0,-0,-0,-0,-0,-0,-0,-0,-0,-0,-0,-0,-0,
-0,-0,-0,-0,-0,-0,-0,-0,-0,-0,-0,-0,-0,-0,
-0,-0,-0,-0,-0,-0,-0,-0,-0,-0,-0,-0,-0,-0,
-0,-0,-0,-0,-0,-0,-0,-0,-0,-0,-0,-0,-0,-0,
-0,-0,-0,-0,-0,-0,-0,-0,-0,-0,-0,-0,-0,-0,
-0,-0,-0,-0,-0,-0,-0,-0,-0,-0,-0,-0,-0,-0,
-0,-0,-0,-0,-0,-0,-0,-0,-0,-0,-0,-0,-0,-0,
-0,-0,-0,-0,-0,-0,-0,-0,-0,-0,-0,-0,-0,-0,
-0,-0,-0,-0,-0,-0,-0,-0,-0,-0,-0,-0,-0,-0,
-0,-0,-0,-0,-0,-0,-0,-0,-0,-0,-0,-0,-0,-0,
-0,-0,-0,-0,-0,-0,-0,-0,-0,-0,-0,-0,-0,-0,
-0,-0,-0,-0,-0,-0,-0,-0,-0,-0,-0,-0,-0,-0,
-0,-0,-0,-0,-0,-0,-0,-0,-0,-0,-0,-0,-0,-0,
-0,-0,-0,-0,-0,-0,-0,-0,-0,-0,-0,-0,-0,-0,
-0,-0,-0,-0,-0,-0,-0,-0,-0,-0,-0,-0,-0,-0,
-0,-0,-0,-0,-0,-0,-0,-0,-0,-0,-0,-0,-0,-0,
-0,-0,-0,-0,-0,-0,-0,-0,-0,-0,-0,-0,-0,-0,
-0,-0,-0,-0,-0,-0,-0,-0,-0,-0,-0,-0,-0,-0,
-0,-0,-0,-0,-0,-0,-0,-0,-0,-0,-0,-0,-0,-0,
-0,-0,-0,-0,-0,-0,-0,-0,-0,-0,-0,-0,-0,-0,
-0,-0,-0,-0,-0,-0,-0,-0,-0,-0,-0,-0,-0,-0,
-0,-0,-0,-0,-0,-0,-0,-0,-0,-0,-0,-0,-0,-0,
-0,-0,-0,-0,-0,-0,-0,-0,-0,-0,-0,-0,-0,-0,
-0,-0,-0,-0,-0,-0,-0,-0,-0,-0,-0,-0,-0,-0,
-0,-0,-0,-0,-0,-0,-0,-0,-0,-0,-0,-0,-0,-0,
-0,-0,-0,-0,-0,-0,-0,-0,-0,-0,-0,-0,-0,-0,
-0,-0,-0,-0,-0,-0,-0,-0,-0,-0,-0,-0,-0,-0,
-0,-0,-0,-0,-0,-0,-0,-0,-0,-0,-0,-0,-0,-0,
-0,-0,-0,-0,-0,-0,-0,-0,-0,-0,-0,-0,-0,-0,
-0,-0,-0,-0,-0,-0,-0,-0,-0,-0,-0,-0,-0,-0,
-0,-0,-0,-0,-0,-0,-0,-0,-0,-0,-0,-0,-0,-0,
-0,-0,-0,-0,-0,-0,-0,-0,-0,-0,-0,-0,-0,-0,
-0,-0,-0,-0,-0,-0,-0,-0,-0,-0,-0,-0,-0,-0,
-0,-0,-0,-0,-0,-0,-0,-0,-0,-0,-0,-0,-0,-0,
-0,-0,-0,-0,-0,-0,-0,-0,-0,-0,-0,-0,-0,-0,
-0,-0,-0,-0,-0,-0,-0,-0,-0,-0,-0,-0,-0,-0,
-0,-0,-0,-0,-0,-0,-0,-0,-0,-0,-0,-0,-0,-0,
-0,-0,-0,-0,-0,-0,-0,-0,-0,-0,-0,-0,-0,-0,
-0,-0,-0,-0,-0,-0,-0,-0,-0,-0,-0,-0,-0,-0,
-0,-0,-0,-0,-0,-0,-0,-0,-0,-0,-0,-0,-0,-0,
-0,-0,-0,-0,-0,-0,-0,-0,-0,-0,-0,-0,-0,-0,
-0,-0,-0,-0,-0,-0,-0,-0,-0,-0,-0,-0,-0,-0,
-0,-0,-0,-0,-0,-0,-0,-0,-0,-0,-0,-0,-0,-0,
-0,-0,-0,-0,-0,-0,-0,-0,-0,-0,-0,-0,-0,-0,
-0,-0,-0,-0,-0,-0,-0,-0,-0,-0,-0,-0,-0,-0,
-0,-0,-0,-0,-0,-0,-0,-0,-0,-0,-0,-0,-0,-0,
-0,-0,-0,-0,-0,-0,-0,-0,-0,-0,-0,-0,-0,-0,
-0,-0,-0,-0,-0,-0,-0,-0,-0,-0,-0,-0,-0,-0,
-0,-0,-0,-0,-0,-0,-0,-0,-0,-0,-0,-0,-0,-0,
-0,-0,-0,-0,-0,-0,-0,-0,-0,-0,-0,-0,-0,-0,
-0,-0,-0,-0,-0,-0,-0,-0,-0,-0,-0,-0,-0,-0,
-0,-0,-0,-0,-0,-0,-0,-0,-0,-0,-0,-0,-0,-0,
-0,-0,-0,-0,-0,-0,-0,-0,-0,-0,-0,-0,-0,-0,
-0,-0,-0,-0,-0,-0,-0,-0,-0,-0,-0,-0,-0,-0,
-0,-0,-0,-0,-0,-0,-0,-0,-0,-0,-0,-0,-0,-0,
-0,-0,-0,-0,-0,-0,-0,-0,-0,-0,-0,-0,-0,-0,
-0,-0,-0,-0,-0,-0,-0,-0,-0,-0,-0,-0,-0,-0,
-0,-0,-0,-0,-0,-0,-0,-0,-0,-0,-0,-0,-0,-0,
-0,-0,-0,-0,-0,-0,-0,-0,-0,-0,-0,-0,-0,-0,
-0,-0,-0,-0,-0,-0,-0,-0,-0,-0,-0,-0,-0,-0,
-0,-0,-0,-0,-0,-0,-0,-0,-0,-0,-0,-0,-0,-0,
-0,-0,-0,-0,-0,-0,-0,-0,-0,-0,-0,-0,-0,-0,
-0,-0,-0,-0,-0,-0,-0,-0,-0,-0,-0,-0,-0,-0,
-0,-0,-0,-0,-0,-0,-0,-0,-0,-0,-0,-0,-0,-0,
-0,-0,-0,-0,-0,-0,-0,-0,-0,-0,-0,-0,-0,-0,
-0,-0,-0,-0,-0,-0,-0,-0,-0,-0,-0,-0,-0,-0,
-0,-0,-0,-0,-0,-0,-0,-0,-0,-0,-0,-0,-0,-0,
-0,-0,-0,-0,-0,-0,-0,-0,-0,-0,-0,-0,-0,-0,
-0,-0,-0,-0,-0,-0,-0,-0,-0,-0,-0,-0,-0,-0,
-0,-0,-0,-0,-0,-0,-0,-0,-0,-0,-0,-0,-0,-0,
-0,-0,-0,-0,-0,-0,-0,-0,-0,-0,-0,-0,-0,-0,
-0,-0,-0,-0,-0,-0,-0,-0,-0,-0,-0,-0,-0,-0,
-0,-0,-0,-0,-0,-0,-0,-0,-0,-0,-0,-0,-0,-0,
-0,-0,-0,-0,-0,-0,-0,-0,-0,-0,-0,-0,-0,-0,
-0,-0,-0,-0,-0,-0,-0,-0,-0,-0,-0,-0,-0,-0,
-0,-0,-0,-0,-0,-0,-0,-0,-0,-0,-0,-0,-0,-0,
-0,-0,-0,-0,-0,-0,-0,-0,-0,-0,-0,-0,-0,-0,
-0,-0,-0,-0,-0,-0,-0,-0,-0,-0,-0,-0,-0,-0,
-0,-0,-0,-0,-0,-0,-0,-0,-0,-0,-0,-0,-0,-0,
-0,-0,-0,-0,-0,-0,-0,-0,-0,-0,-0,-0,-0,-0,
-0,-0,-0,-0,-0,-0,-0,-0,-0,-0,-0,-0,-0,-0,
-0,-0,-0,-0,-0,-0,-0,-0,-0,-0,-0,-0,-0,-0,
-0,-0,-0,-0,-0,-0,-0,-0,-0,-0,-0,-0,-0,-0,
-0,-0,-0,-0,-0,-0,-0,-0,-0,-0,-0,-0,-0,-0,
-0,-0,-0,-0,-0,-0,-0,-0,-0,-0,-0,-0,-0,-0,
-0,-0,-0,-0,-0,-0,-0,-0,-0,-0,-0,-0,-0,-0,
-0,-0,-0,-0,-0,-0,-0,-0,-0,-0,-0,-0,-0,-0,
-0,-0,-0,-0,-0,-0,-0,-0,-0,-0,-0,-0,-0,-0,
-0,-0,-0,-0,-0,-0,-0,-0,-0,-0,-0,-0,-0,-0,
-0,-0,-0,-0,-0,-0,-0,-0,-0,-0,-0,-0,-0,-0,
-0,-0,-0,-0,-0,-0,-0,-0,-0,-0,-0,-0,-0,-0,
-0,-0,-0,-0,-0,-0,-0,-0,-0,-0,-0,-0,-0,-0,
-0,-0,-0,-0,-0,-0,-0,-0,-0,-0,-0,-0,-0,-0,
-0,-0,-0,-0,-0,-0,-0,-0,-0,-0,-0,-0,-0,-0,
-0,-0,-0,-0,-0,-0,-0,-0,-0,-0,-0,-0,-0,-0,
-0,-0,-0,-0,-0,-0,-0,-0,-0,-0,-0,-0,-0,-0,
-0,-0,-0,-0,-0,-0,-0,-0,-0,-0,-0,-0,-0,-0,
-0,-0,-0,-0,-0,-0,-0,-0,-0,-0,-0,-0,-0,-0,
-0,-0,-0,-0,-0,-0,-0,-0,-0,-0,-0,-0,-0,-0,
-0,-0,-0,-0,-0,-0,-0,-0,-0,-0,-0,-0,-0,-0,
-0,-0,-0,-0,-0,-0,-0,-0,-0,-0,-0,-0,-0,-0,
-0,-0,-0,-0,-0,-0,-0,-0,-0,-0,-0,-0,-0,-0,
-0,-0,-0,-0,-0,-0,-0,-0,-0,-0,-0,-0,-0,-0,
-0,-0,-0,-0,-0,-0,-0,-0,-0,-0,-0,-0,-0,-0,
-0,-0,-0,-0,-0,-0,-0,-0,-0,-0,-0,-0,-0,-0,
-0,-0,-0,-0,-0,-0,-0,-0,-0,-0,-0,-0,-0,-0,
-0,-0,-0,-0,-0,-0,-0,-0,-0,-0,-0,-0,-0,-0,
-0,-0,-0,-0,-0,-0,-0,-0,-0,-0,-0,-0,-0,-0,
-0,-0,-0,-0,-0,-0,-0,-0,-0,-0,-0,-0,-0,-0,
-0,-0,-0,-0,-0,-0,-0,-0,-0,-0,-0,-0,-0,-0,
-0,-0,-0,-0,-0,-0,-0,-0,-0,-0,-0,-0,-0,-0,
-0,-0,-0,-0,-0,-0,-0,-0,-0,-0,-0,-0,-0,-0,
-0,-0,-0,-0,-0,-0,-0,-0,-0,-0,-0,-0,-0,-0,
-0,-0,-0,-0,-0,-0,-0,-0,-0,-0,-0,-0,-0,-0,
-0,-0,-0,-0,-0,-0,-0,-0,-0,-0,-0,-0,-0,-0,
-0,-0,-0,-0,-0,-0,-0,-0,-0,-0,-0,-0,-0,-0,
-0,-0,-0,-0,-0,-0,-0,-0,-0,-0,-0,-0,-0,-0,
-0,-0,-0,-0,-0,-0,-0,-0,-0,-0,-0,-0,-0,-0,
-0,-0,-0,-0,-0,-0,-0,-0,-0,-0,-0,-0,-0,-0,
-0,-0,-0,-0,-0,-0,-0,-0,-0,-0,-0,-0,-0,-0,
-0,-0,-0,-0,-0,-0,-0,-0,-0,-0,-0,-0,-0,-0,
-0,-0,-0,-0,-0,-0,-0,-0,-0,-0,-0,-0,-0,-0,
-0,-0,-0,-0,-0,-0,-0,-0,-0,-0,-0,-0,-0,-0,
-0,-0,-0,-0,-0,-0,-0,-0,-0,-0,-0,-0,-0,-0,
-0,-0,-0,-0,-0,-0,-0,-0,-0,-0,-0,-0,-0,-0,
-0,-0,-0,-0,-0,-0,-0,-0,-0,-0,-0,-0,-0,-0,
-0,-0,-0,-0,-0,-0,-0,-0,-0,-0,-0,-0,-0,-0,
-0,-0,-0,-0,-0,-0,-0,-0,-0,-0,-0,-0,-0,-0,
0.140040025115,0.150782823563,0.130062609911,0.140040025115,0.140040025115,0.140040025115,0.134966731071,0.145304009318,0.134966731071,0.145304009318,0.156450629234,0.125350773335,0.156450629234,0.125350773335,
0.140040025115,0.150782823563,0.130062609911,0.140040025115,0.140040025115,0.140040025115,0.134966731071,0.145304009318,0.134966731071,0.145304009318,0.156450629234,0.125350773335,0.156450629234,0.125350773335,
0.144334256649,0.155471622944,0.134142532945,0.144493475556,0.144334256649,0.144493475556,0.139234542847,0.149669080973,0.139343127608,0.149785816669,0.161129266024,0.129331603646,0.161254927516,0.129432469606,
0.146464273334,0.157805994153,0.136165037751,0.146709233522,0.146464273334,0.146709233522,0.141357749701,0.15182954073,0.141524896026,0.15200906992,0.163450106978,0.131307855248,0.163643375039,0.131463110447,
0.148585647345,0.160135269165,0.138178780675,0.148919478059,0.148585647345,0.148919478059,0.143475875258,0.153978586197,0.143703728914,0.154223129153,0.165761306882,0.133277252316,0.166024565697,0.133488923311,
0.143063217402,0.154282957315,0.132660463452,0.143063217402,0.143063217402,0.143063217402,0.138131350279,0.148171558976,0.138131350279,0.148171558976,0.159791201353,0.12808662653,0.159791201353,0.12808662653,
0.145122915506,0.156549662352,0.13460868597,0.145206421614,0.145122915506,0.145206421614,0.140190333128,0.150254741311,0.140247359872,0.150315880775,0.162038221955,0.129995495081,0.162104159594,0.130048379302,
0.149183496833,0.161039367318,0.138441830873,0.149442851543,0.149183496833,0.149442851543,0.144265040755,0.154348537326,0.144442349672,0.154538244009,0.166469484568,0.133760690689,0.166674077511,0.133925080299,
0.149183496833,0.161039367318,0.138441830873,0.149442851543,0.149183496833,0.149442851543,0.144265040755,0.154348537326,0.144442349672,0.154538244009,0.166469484568,0.133760690689,0.166674077511,0.133925080299,
0.15120229125,0.163277029991,0.140344530344,0.151550978422,0.15120229125,0.151550978422,0.146296039224,0.15637896955,0.146534502506,0.156633883715,0.168671965599,0.135633662343,0.168946921825,0.135854750872,
0.15014141798,0.161933213472,0.139285236597,0.150223404169,0.15014141798,0.150223404169,0.145159602165,0.155319496989,0.145215645432,0.155379444361,0.167471513152,0.134626299143,0.167536154389,0.134678274393,
0.15014141798,0.161933213472,0.139285236597,0.150223404169,0.15014141798,0.150223404169,0.145159602165,0.155319496989,0.145215645432,0.155379444361,0.167471513152,0.134626299143,0.167536154389,0.134678274393,
0.152084156871,0.164093643427,0.141106024384,0.152247592807,0.152084156871,0.152247592807,0.147120177746,0.157265543938,0.147231951356,0.157385021448,0.169592320919,0.136426478624,0.169721186161,0.136530131102,
0.155894219875,0.168339848518,0.144665360451,0.156213536859,0.155894219875,0.156213536859,0.150975704193,0.161069914699,0.151194304228,0.161303132772,0.173750132322,0.139957264066,0.174001723528,0.140159904957,
0.157752990723,0.170416265726,0.146395668387,0.158146202564,0.157752990723,0.158146202564,0.152862101793,0.162919610739,0.153131425381,0.163206636906,0.17577791214,0.141679808497,0.176087602973,0.141929417849,
0.145002663136,0.149786025286,0.140623226762,0.145002663136,0.145002663136,0.145002663136,0.136418879032,0.154232785106,0.136418879032,0.154232785106,0.159144043922,0.132152214646,0.159144043922,0.132152214646,
0.147034808993,0.151936843991,0.142604798079,0.147096037865,0.147034808993,0.147096037865,0.1384023875,0.156332328916,0.138443142176,0.156378373504,0.161331743002,0.134055987,0.161379262805,0.134095475078,
0.149049952626,0.154071465135,0.144566357136,0.149170070887,0.149049952626,0.149170070887,0.140371546149,0.15841126442,0.14045150578,0.158501520753,0.163500905037,0.135943621397,0.163594067097,0.136021077633,
0.153015226126,0.158277541399,0.148415863514,0.153246164322,0.153015226126,0.153246164322,0.14425316453,0.162492930889,0.144407063723,0.1626663059,0.167768612504,0.139657139778,0.167947590351,0.139806166291,
0.146830618382,0.149723008275,0.144242361188,0.146830618382,0.146830618382,0.146830618382,0.137128159404,0.157318666577,0.137128159404,0.157318666577,0.160250395536,0.134571641684,0.160250395536,0.134571641684,
0.148806244135,0.151791602373,0.146175399423,0.148851707578,0.148806244135,0.148851707578,0.139044582844,0.159367710352,0.139074578881,0.159402132034,0.162370890379,0.136424452066,0.162405967712,0.136453926563,
0.150756388903,0.153835743666,0.148079872131,0.150845229626,0.150756388903,0.150845229626,0.140938475728,0.161387354136,0.140997201204,0.161454603076,0.164464250207,0.138252839446,0.164532750845,0.138310447335,
0.152677312493,0.155851721764,0.149952068925,0.152807503939,0.152677312493,0.152807503939,0.142806321383,0.163373738527,0.142892435193,0.163472220302,0.16652649641,0.140053242445,0.166626855731,0.140137672424,
0.149079725146,0.151262328029,0.147180974483,0.149079725146,0.149079725146,0.149079725146,0.138896524906,0.16010466218,0.138896524906,0.16010466218,0.162284657359,0.136990219355,0.162284657359,0.136990219355,
0.152814820409,0.155165910721,0.150824517012,0.15288323164,0.152814820409,0.15288323164,0.14251883328,0.163973212242,0.142563953996,0.164025098085,0.166291207075,0.14049090445,0.166343837976,0.140535354614,
0.154608160257,0.157045140862,0.152566030622,0.154706314206,0.154608160257,0.154706314206,0.14426201582,0.165825143456,0.144326746464,0.165899574757,0.168216317892,0.142169654369,0.168291836977,0.142233490944,
0.156360432506,0.158884376287,0.154263705015,0.156486734748,0.156360432506,0.156486734748,0.145967647433,0.167631655931,0.146051004529,0.167727395892,0.170098096132,0.143809080124,0.170195221901,0.143891230226,
0.151925206184,0.154163360596,0.149979889393,0.151925206184,0.151925206184,0.151925206184,0.141627937555,0.163065820932,0.141627937555,0.163065820932,0.165302336216,0.139675214887,0.165302336216,0.139675214887,
0.151925206184,0.154163360596,0.149979889393,0.151925206184,0.151925206184,0.151925206184,0.141627937555,0.163065820932,0.141627937555,0.163065820932,0.165302336216,0.139675214887,0.165302336216,0.139675214887,
0.153557926416,0.155879124999,0.151556015015,0.153580218554,0.153557926416,0.153580218554,0.143217608333,0.164747357368,0.143232285976,0.164764240384,0.16705827415,0.141199693084,0.167075425386,0.14121414721,
0.156563684344,0.159052237868,0.154435515404,0.15661893785,0.156563684344,0.15661893785,0.146153837442,0.167829230428,0.146190330386,0.167871132493,0.170296773314,0.143998861313,0.170339271426,0.144034817815,
0.157985791564,0.160558924079,0.155791550875,0.158055528998,0.157985791564,0.158055528998,0.147546693683,0.169282883406,0.147592782974,0.169335722923,0.171830818057,0.145321384072,0.171884477139,0.145366773009,
0.15883654356,0.160957142711,0.157034426928,0.158849179745,0.15883654356,0.158849179745,0.148145496845,0.170400127769,0.148153811693,0.170409739017,0.172495022416,0.146312922239,0.172504737973,0.146321132779,
0.161308333278,0.163589477539,0.159369796515,0.161338090897,0.161308333278,0.161338090897,0.150575101376,0.172914132476,0.150594756007,0.172936692834,0.175167858601,0.148604080081,0.175190716982,0.148623496294,
0.161308333278,0.163589477539,0.159369796515,0.161338090897,0.161308333278,0.161338090897,0.150575101376,0.172914132476,0.150594756007,0.172936692834,0.175167858601,0.148604080081,0.175190716982,0.148623496294,
0.161371439695,0.164860755205,0.15833067894,0.161371439695,0.161371439695,0.161371439695,0.151399359107,0.172130674124,0.151399359107,0.172130674124,0.175618350506,0.148348674178,0.175618350506,0.148348674178,
0.162358805537,0.165928244591,0.1592489779,0.162365049124,0.162358805537,0.162365049124,0.152381584048,0.173122137785,0.152385696769,0.173126846552,0.176689311862,0.149261087179,0.176694110036,0.149265125394,
0.162358805537,0.165928244591,0.1592489779,0.162365049124,0.162358805537,0.162365049124,0.152381584048,0.173122137785,0.152385696769,0.173126846552,0.176689311862,0.149261087179,0.176694110036,0.149265125394,
0.163210943341,0.166858404875,0.160031720996,0.163221210241,0.163210943341,0.163221210241,0.153234362602,0.17397172749,0.153241187334,0.173979461193,0.177617430687,0.150044932961,0.177625313401,0.150051608682,
0.16471759975,0.168518841267,0.161400109529,0.16473454237,0.16471759975,0.16473454237,0.154751300812,0.175463348627,0.154762580991,0.175476133823,0.179264754057,0.151425361633,0.179277807474,0.15143635869,
0.161802336574,0.163263484836,0.16070304811,0.161802336574,0.161802336574,0.161802336574,0.150734171271,0.173792883754,0.150734171271,0.173792883754,0.175157904625,0.149536162615,0.175157904625,0.149536162615,
0.162451684475,0.16397999227,0.161288782954,0.162453010678,0.162451684475,0.162453010678,0.151385247707,0.174437463284,0.151386126876,0.174438476562,0.17587274313,0.150126457214,0.175873756409,0.150127336383,
0.163035497069,0.164630815387,0.161808893085,0.163038045168,0.163035497069,0.163038045168,0.151973992586,0.175013124943,0.151975646615,0.175015047193,0.176518663764,0.150654494762,0.176520586014,0.150656163692,
0.163553446531,0.165215522051,0.16226324439,0.163557112217,0.163553446531,0.163557112217,0.152499988675,0.175519615412,0.152502402663,0.175522372127,0.177095159888,0.151119977236,0.177097976208,0.15112234652,
0.163944751024,0.165418475866,0.162838622928,0.163944751024,0.163944751024,0.163944751024,0.15278378129,0.176032215357,0.15278378129,0.176032215357,0.177407100797,0.151576250792,0.177407100797,0.151576250792,
0.164714977145,0.166319280863,0.163483157754,0.164716556668,0.164714977145,0.164716556668,0.153581187129,0.17676782608,0.153582200408,0.176769047976,0.178280517459,0.152254745364,0.178281709552,0.152255758643,
0.164956688881,0.166625127196,0.163662701845,0.164958775043,0.164956688881,0.164958775043,0.153842777014,0.176985576749,0.153844162822,0.176987171173,0.178566202521,0.152457758784,0.178567767143,0.15245911479,
0.165134802461,0.166866749525,0.163779199123,0.165137544274,0.165134802461,0.165137544274,0.15404355526,0.177136868238,0.154045343399,0.177138924599,0.178784787655,0.152600497007,0.178786873817,0.152602255344,
0.164508551359,0.166776329279,0.162666380405,0.164510726929,0.164508551359,0.164510726929,0.153775542974,0.176117658615,0.153776988387,0.176119327545,0.178310111165,0.151853829622,0.178311750293,0.151855260134,
0.164508551359,0.166776329279,0.162666380405,0.164510726929,0.164508551359,0.164510726929,0.153775542974,0.176117658615,0.153776988387,0.176119327545,0.178310111165,0.151853829622,0.178311750293,0.151855260134,
0.164369642735,0.166694432497,0.162472933531,0.164373442531,0.164369642735,0.164373442531,0.153671383858,0.175939917564,0.153673931956,0.17594280839,0.178192406893,0.151698052883,0.17819532752,0.151700556278,
0.164172053337,0.166552856565,0.162221997976,0.164177760482,0.164172053337,0.164177760482,0.153510853648,0.17570117116,0.153514608741,0.175705507398,0.178012624383,0.151486903429,0.178017050028,0.151490613818,
0.165223270655,0.167460307479,0.163415133953,0.165225535631,0.165223270655,0.165225535631,0.154446020722,0.176880955696,0.154447540641,0.176882639527,0.179037973285,0.152553915977,0.179039672017,0.152555391192,
0.164364203811,0.166706219316,0.162457555532,0.164372697473,0.164364203811,0.164372697473,0.1536783427,0.175922483206,0.153683975339,0.175928920507,0.178189367056,0.151692301035,0.178195878863,0.151697829366,
0.164364203811,0.166706219316,0.162457555532,0.164372697473,0.164364203811,0.164372697473,0.1536783427,0.175922483206,0.153683975339,0.175928920507,0.178189367056,0.151692301035,0.178195878863,0.151697829366,
0.163853824139,0.166246548295,0.161899983883,0.163865894079,0.163853824139,0.163865894079,0.153216645122,0.175359532237,0.153224632144,0.175368666649,0.177679315209,0.151185438037,0.177688553929,0.15119330585,
0.165728732944,0.167557805777,0.164323881269,0.165728732944,0.165728732944,0.165728732944,0.154734730721,0.177634716034,0.154734730721,0.177634716034,0.179353863001,0.153218194842,0.179353863001,0.153218194842,
0.165045320988,0.166924566031,0.163594648242,0.165050595999,0.165045320988,0.165050595999,0.154106631875,0.176892310381,0.154110133648,0.176896303892,0.178663417697,0.152545839548,0.178667426109,0.152549296618,
0.163534075022,0.165510088205,0.161995977163,0.163550853729,0.163534075022,0.163550853729,0.152711257339,0.175257891417,0.152722358704,0.175270587206,0.177128717303,0.15106575191,0.177141547203,0.151076704264,
0.162708222866,0.164730727673,0.16112858057,0.162731215358,0.162708222866,0.162731215358,0.151945918798,0.174367919564,0.151961088181,0.174385324121,0.176286458969,0.150259941816,0.17630405724,0.150274932384,
0.15752056241,0.159386843443,0.156059384346,0.157526955009,0.15752056241,0.157526955009,0.146915689111,0.169019237161,0.146919935942,0.169024080038,0.170789420605,0.145356401801,0.170794323087,0.145360559225,
0.15752056241,0.159386843443,0.156059384346,0.157526955009,0.15752056241,0.157526955009,0.146915689111,0.169019237161,0.146919935942,0.169024080038,0.170789420605,0.145356401801,0.170794323087,0.145360559225,
0.156549274921,0.158458486199,0.155051141977,0.156563296914,0.156549274921,0.156563296914,0.146010994911,0.167977944016,0.146020233631,0.167988568544,0.169791579247,0.144415140152,0.169802367687,0.144424289465,
0.154484555125,0.156475707889,0.152916789055,0.154514253139,0.154484555125,0.154514253139,0.14408415556,0.165768548846,0.144103705883,0.1657910496,0.167664825916,0.142419055104,0.167687594891,0.142438426614,
0.157108530402,0.158241197467,0.156262278557,0.157116964459,0.157108530402,0.157116964459,0.14600366354,0.169147878885,0.146009236574,0.169154286385,0.170202434063,0.145077735186,0.170208916068,0.145083233714,
0.155914723873,0.157097041607,0.155027374625,0.15593329072,0.155914723873,0.15593329072,0.144891425967,0.167869001627,0.144903644919,0.167883142829,0.168972849846,0.143923819065,0.168987110257,0.143935933709,
0.154685780406,0.155916392803,0.153758794069,0.154714584351,0.154685780406,0.154714584351,0.143745467067,0.166553556919,0.143764391541,0.166575461626,0.167705193162,0.142737522721,0.167727261782,0.142756327987,
0.154685780406,0.155916392803,0.153758794069,0.154714584351,0.154685780406,0.154714584351,0.143745467067,0.166553556919,0.143764391541,0.166575461626,0.167705193162,0.142737522721,0.167727261782,0.142756327987,
0.156287536025,0.157406076789,0.155447512865,0.156287536025,0.156287536025,0.156287536025,0.14522010088,0.16828623414,0.14522010088,0.16828623414,0.16932952404,0.144303351641,0.16932952404,0.144303351641,
0.154877662659,0.156043097377,0.154001146555,0.154890090227,0.154877662659,0.154890090227,0.143901139498,0.166782319546,0.143909290433,0.166791751981,0.16787096858,0.142946198583,0.167880490422,0.142954304814,
0.153437033296,0.154647946358,0.152525380254,0.153461784124,0.153437033296,0.153461784124,0.142552763224,0.165246233344,0.142569035292,0.165265083313,0.166378796101,0.141560912132,0.166397809982,0.141577064991,
0.153437033296,0.154647946358,0.152525380254,0.153461784124,0.153437033296,0.153461784124,0.142552763224,0.165246233344,0.142569035292,0.165265083313,0.166378796101,0.141560912132,0.166397809982,0.141577064991,
0.151968628168,0.153223454952,0.151023179293,0.152005597949,0.151968628168,0.152005597949,0.141177743673,0.163681089878,0.141202032566,0.163709267974,0.164856046438,0.140150383115,0.164884388447,0.140174508095,
0.156363844872,0.157304883003,0.155600577593,0.156363844872,0.156363844872,0.156363844872,0.145061850548,0.168600589037,0.145061850548,0.168600589037,0.169514536858,0.144268736243,0.169514536858,0.144268736243,
0.154832214117,0.155824258924,0.154029518366,0.154845029116,0.154832214117,0.154845029116,0.143631100655,0.166964575648,0.143639475107,0.166974335909,0.167927667499,0.142796397209,0.167937472463,0.142804756761,
0.151561364532,0.152650207281,0.150688424706,0.151603370905,0.151561364532,0.151603370905,0.140571415424,0.163476198912,0.140598967671,0.163508266211,0.16453024745,0.139660254121,0.164562493563,0.139687597752,
0.149892643094,0.15102724731,0.148986756802,0.149948790669,0.149892643094,0.149948790669,0.139009699225,0.161697104573,0.139046534896,0.161739960313,0.162794068456,0.138062536716,0.162837207317,0.138099119067,
0.150890141726,0.149855300784,0.152076795697,0.150904908776,0.150890141726,0.150904908776,0.138897284865,0.163955315948,0.138906911016,0.163966655731,0.162756279111,0.139925584197,0.162767514586,0.139935255051,
0.150890141726,0.149855300784,0.152076795697,0.150904908776,0.150890141726,0.150904908776,0.138897284865,0.163955315948,0.138906911016,0.163966655731,0.162756279111,0.139925584197,0.162767514586,0.139935255051,
0.147471427917,0.146572053432,0.148550912738,0.147518962622,0.147471427917,0.147518962622,0.135716691613,0.160290807486,0.135747611523,0.160327330232,0.159222438931,0.13663226366,0.159258708358,0.136663392186,
0.145732864738,0.144899249077,0.146760582924,0.1457965523,0.145732864738,0.1457965523,0.134098887444,0.158427491784,0.134140327573,0.158476442099,0.157422408462,0.13495990634,0.157471045852,0.135001599789,
0.148511230946,0.148024946451,0.149098336697,0.148528188467,0.148511230946,0.148528188467,0.136827468872,0.161218717694,0.136838525534,0.161231726408,0.160638928413,0.137324035168,0.160651892424,0.137335121632,
0.148511230946,0.148024946451,0.149098336697,0.148528188467,0.148511230946,0.148528188467,0.136827468872,0.161218717694,0.136838525534,0.161231726408,0.160638928413,0.137324035168,0.160651892424,0.137335121632,
0.146618589759,0.146195068955,0.14715898037,0.14665299654,0.146618589759,0.14665299654,0.135063409805,0.159193709493,0.135085836053,0.15922011435,0.158673033118,0.135509282351,0.15869936347,0.135531768203,
0.142796292901,0.142492830753,0.143246874213,0.142863616347,0.142796292901,0.142863616347,0.131500393152,0.15510378778,0.131544232368,0.155155494809,0.154696539044,0.131849169731,0.154748111963,0.131893128157,
0.147252231836,0.146737352014,0.147820517421,0.147252231836,0.147252231836,0.147252231836,0.135584339499,0.159937247634,0.135584339499,0.159937247634,0.159351140261,0.136084645987,0.159351140261,0.136084645987,
0.145205229521,0.14475274086,0.145727545023,0.145222708583,0.145205229521,0.145222708583,0.13367536664,0.157748013735,0.133686736226,0.15776142478,0.157220453024,0.134125500917,0.157233819366,0.134136915207,
0.143151313066,0.142759248614,0.143628954887,0.143185555935,0.143151313066,0.143185555935,0.131759941578,0.155551120639,0.131782233715,0.155577421188,0.155080363154,0.132161483169,0.155106589198,0.132183805108,
0.139026254416,0.138749107718,0.139418393373,0.139091894031,0.139026254416,0.139091894031,0.127913162112,0.151138052344,0.127955853939,0.151188492775,0.15077573061,0.128222063184,0.150826066732,0.128264859319,
0.143000036478,0.142532259226,0.143497467041,0.143000036478,0.143000036478,0.143000036478,0.131556585431,0.155446097255,0.131556585431,0.155446097255,0.154922887683,0.132001638412,0.154922887683,0.132001638412,
0.140843912959,0.140435650945,0.141297981143,0.140860870481,0.140843912959,0.140860870481,0.129545748234,0.15313988924,0.129556775093,0.153152912855,0.152672290802,0.129943236709,0.152685299516,0.12995429337,
0.140843912959,0.140435650945,0.141297981143,0.140860870481,0.140843912959,0.140860870481,0.129545748234,0.15313988924,0.129556775093,0.153152912855,0.152672290802,0.129943236709,0.152685299516,0.12995429337,
0.138686701655,0.13833591342,0.139098897576,0.138719931245,0.138686701655,0.138719931245,0.12753406167,0.150832146406,0.127555668354,0.150857701898,0.15041834116,0.127885639668,0.150443807244,0.127907305956,
0.136529237032,0.13623380661,0.1369009763,0.136578008533,0.136529237032,0.136578008533,0.1255222857,0.148523762822,0.125554010272,0.148561283946,0.148161843419,0.125829622149,0.148199275136,0.125861406326,
-0,-0,-0,-0,-0,-0,-0,-0,-0,-0,-0,-0,-0,-0,
-0,-0,-0,-0,-0,-0,-0,-0,-0,-0,-0,-0,-0,-0,
-0,-0,-0,-0,-0,-0,-0,-0,-0,-0,-0,-0,-0,-0,
-0,-0,-0,-0,-0,-0,-0,-0,-0,-0,-0,-0,-0,-0,
-0,-0,-0,-0,-0,-0,-0,-0,-0,-0,-0,-0,-0,-0,
-0,-0,-0,-0,-0,-0,-0,-0,-0,-0,-0,-0,-0,-0,
-0,-0,-0,-0,-0,-0,-0,-0,-0,-0,-0,-0,-0,-0,
-0,-0,-0,-0,-0,-0,-0,-0,-0,-0,-0,-0,-0,-0,
-0,-0,-0,-0,-0,-0,-0,-0,-0,-0,-0,-0,-0,-0,
-0,-0,-0,-0,-0,-0,-0,-0,-0,-0,-0,-0,-0,-0,
-0,-0,-0,-0,-0,-0,-0,-0,-0,-0,-0,-0,-0,-0,
-0,-0,-0,-0,-0,-0,-0,-0,-0,-0,-0,-0,-0,-0,
-0,-0,-0,-0,-0,-0,-0,-0,-0,-0,-0,-0,-0,-0,
-0,-0,-0,-0,-0,-0,-0,-0,-0,-0,-0,-0,-0,-0,
-0,-0,-0,-0,-0,-0,-0,-0,-0,-0,-0,-0,-0,-0,
-0,-0,-0,-0,-0,-0,-0,-0,-0,-0,-0,-0,-0,-0,
-0,-0,-0,-0,-0,-0,-0,-0,-0,-0,-0,-0,-0,-0,
-0,-0,-0,-0,-0,-0,-0,-0,-0,-0,-0,-0,-0,-0,
-0,-0,-0,-0,-0,-0,-0,-0,-0,-0,-0,-0,-0,-0,
-0,-0,-0,-0,-0,-0,-0,-0,-0,-0,-0,-0,-0,-0,
-0,-0,-0,-0,-0,-0,-0,-0,-0,-0,-0,-0,-0,-0,
-0,-0,-0,-0,-0,-0,-0,-0,-0,-0,-0,-0,-0,-0,
-0,-0,-0,-0,-0,-0,-0,-0,-0,-0,-0,-0,-0,-0,
-0,-0,-0,-0,-0,-0,-0,-0,-0,-0,-0,-0,-0,-0,
-0,-0,-0,-0,-0,-0,-0,-0,-0,-0,-0,-0,-0,-0,
-0,-0,-0,-0,-0,-0,-0,-0,-0,-0,-0,-0,-0,-0,
-0,-0,-0,-0,-0,-0,-0,-0,-0,-0,-0,-0,-0,-0,
-0,-0,-0,-0,-0,-0,-0,-0,-0,-0,-0,-0,-0,-0,
-0,-0,-0,-0,-0,-0,-0,-0,-0,-0,-0,-0,-0,-0,
-0,-0,-0,-0,-0,-0,-0,-0,-0,-0,-0,-0,-0,-0,
-0,-0,-0,-0,-0,-0,-0,-0,-0,-0,-0,-0,-0,-0,
-0,-0,-0,-0,-0,-0,-0,-0,-0,-0,-0,-0,-0,-0,
-0,-0,-0,-0,-0,-0,-0,-0,-0,-0,-0,-0,-0,-0,
-0,-0,-0,-0,-0,-0,-0,-0,-0,-0,-0,-0,-0,-0,
-0,-0,-0,-0,-0,-0,-0,-0,-0,-0,-0,-0,-0,-0,
-0,-0,-0,-0,-0,-0,-0,-0,-0,-0,-0,-0,-0,-0,
-0,-0,-0,-0,-0,-0,-0,-0,-0,-0,-0,-0,-0,-0,
-0,-0,-0,-0,-0,-0,-0,-0,-0,-0,-0,-0,-0,-0,
-0,-0,-0,-0,-0,-0,-0,-0,-0,-0,-0,-0,-0,-0,
-0,-0,-0,-0,-0,-0,-0,-0,-0,-0,-0,-0,-0,-0,
-0,-0,-0,-0,-0,-0,-0,-0,-0,-0,-0,-0,-0,-0,
-0,-0,-0,-0,-0,-0,-0,-0,-0,-0,-0,-0,-0,-0,
-0,-0,-0,-0,-0,-0,-0,-0,-0,-0,-0,-0,-0,-0,
-0,-0,-0,-0,-0,-0,-0,-0,-0,-0,-0,-0,-0,-0,
-0,-0,-0,-0,-0,-0,-0,-0,-0,-0,-0,-0,-0,-0,
-0,-0,-0,-0,-0,-0,-0,-0,-0,-0,-0,-0,-0,-0,
-0,-0,-0,-0,-0,-0,-0,-0,-0,-0,-0,-0,-0,-0,
-0,-0,-0,-0,-0,-0,-0,-0,-0,-0,-0,-0,-0,-0,
-0,-0,-0,-0,-0,-0,-0,-0,-0,-0,-0,-0,-0,-0,
-0,-0,-0,-0,-0,-0,-0,-0,-0,-0,-0,-0,-0,-0,
-0,-0,-0,-0,-0,-0,-0,-0,-0,-0,-0,-0,-0,-0,
-0,-0,-0,-0,-0,-0,-0,-0,-0,-0,-0,-0,-0,-0,
-0,-0,-0,-0,-0,-0,-0,-0,-0,-0,-0,-0,-0,-0,
-0,-0,-0,-0,-0,-0,-0,-0,-0,-0,-0,-0,-0,-0,
-0,-0,-0,-0,-0,-0,-0,-0,-0,-0,-0,-0,-0,-0,
-0,-0,-0,-0,-0,-0,-0,-0,-0,-0,-0,-0,-0,-0,
-0,-0,-0,-0,-0,-0,-0,-0,-0,-0,-0,-0,-0,-0,
-0,-0,-0,-0,-0,-0,-0,-0,-0,-0,-0,-0,-0,-0,
-0,-0,-0,-0,-0,-0,-0,-0,-0,-0,-0,-0,-0,-0,
-0,-0,-0,-0,-0,-0,-0,-0,-0,-0,-0,-0,-0,-0,
-0,-0,-0,-0,-0,-0,-0,-0,-0,-0,-0,-0,-0,-0,
-0,-0,-0,-0,-0,-0,-0,-0,-0,-0,-0,-0,-0,-0,
-0,-0,-0,-0,-0,-0,-0,-0,-0,-0,-0,-0,-0,-0,
-0,-0,-0,-0,-0,-0,-0,-0,-0,-0,-0,-0,-0,-0,
-0,-0,-0,-0,-0,-0,-0,-0,-0,-0,-0,-0,-0,-0,
-0,-0,-0,-0,-0,-0,-0,-0,-0,-0,-0,-0,-0,-0,
-0,-0,-0,-0,-0,-0,-0,-0,-0,-0,-0,-0,-0,-0,
-0,-0,-0,-0,-0,-0,-0,-0,-0,-0,-0,-0,-0,-0,
-0,-0,-0,-0,-0,-0,-0,-0,-0,-0,-0,-0,-0,-0,
-0,-0,-0,-0,-0,-0,-0,-0,-0,-0,-0,-0,-0,-0,
-0,-0,-0,-0,-0,-0,-0,-0,-0,-0,-0,-0,-0,-0,
-0,-0,-0,-0,-0,-0,-0,-0,-0,-0,-0,-0,-0,-0,
-0,-0,-0,-0,-0,-0,-0,-0,-0,-0,-0,-0,-0,-0,
-0,-0,-0,-0,-0,-0,-0,-0,-0,-0,-0,-0,-0,-0,
-0,-0,-0,-0,-0,-0,-0,-0,-0,-0,-0,-0,-0,-0,
-0,-0,-0,-0,-0,-0,-0,-0,-0,-0,-0,-0,-0,-0,
-0,-0,-0,-0,-0,-0,-0,-0,-0,-0,-0,-0,-0,-0,
-0,-0,-0,-0,-0,-0,-0,-0,-0,-0,-0,-0,-0,-0,
-0,-0,-0,-0,-0,-0,-0,-0,-0,-0,-0,-0,-0,-0,
-0,-0,-0,-0,-0,-0,-0,-0,-0,-0,-0,-0,-0,-0,
-0,-0,-0,-0,-0,-0,-0,-0,-0,-0,-0,-0,-0,-0,
-0,-0,-0,-0,-0,-0,-0,-0,-0,-0,-0,-0,-0,-0,
-0,-0,-0,-0,-0,-0,-0,-0,-0,-0,-0,-0,-0,-0,
-0,-0,-0,-0,-0,-0,-0,-0,-0,-0,-0,-0,-0,-0,
-0,-0,-0,-0,-0,-0,-0,-0,-0,-0,-0,-0,-0,-0,
-0,-0,-0,-0,-0,-0,-0,-0,-0,-0,-0,-0,-0,-0,
-0,-0,-0,-0,-0,-0,-0,-0,-0,-0,-0,-0,-0,-0,
-0,-0,-0,-0,-0,-0,-0,-0,-0,-0,-0,-0,-0,-0,
-0,-0,-0,-0,-0,-0,-0,-0,-0,-0,-0,-0,-0,-0,
-0,-0,-0,-0,-0,-0,-0,-0,-0,-0,-0,-0,-0,-0,
-0,-0,-0,-0,-0,-0,-0,-0,-0,-0,-0,-0,-0,-0,
-0,-0,-0,-0,-0,-0,-0,-0,-0,-0,-0,-0,-0,-0,
-0,-0,-0,-0,-0,-0,-0,-0,-0,-0,-0,-0,-0,-0,
-0,-0,-0,-0,-0,-0,-0,-0,-0,-0,-0,-0,-0,-0,
-0,-0,-0,-0,-0,-0,-0,-0,-0,-0,-0,-0,-0,-0,
-0,-0,-0,-0,-0,-0,-0,-0,-0,-0,-0,-0,-0,-0,
-0,-0,-0,-0,-0,-0,-0,-0,-0,-0,-0,-0,-0,-0,
-0,-0,-0,-0,-0,-0,-0,-0,-0,-0,-0,-0,-0,-0,
-0,-0,-0,-0,-0,-0,-0,-0,-0,-0,-0,-0,-0,-0,
-0,-0,-0,-0,-0,-0,-0,-0,-0,-0,-0,-0,-0,-0,
-0,-0,-0,-0,-0,-0,-0,-0,-0,-0,-0,-0,-0,-0,
-0,-0,-0,-0,-0,-0,-0,-0,-0,-0,-0,-0,-0,-0,
-0,-0,-0,-0,-0,-0,-0,-0,-0,-0,-0,-0,-0,-0,
-0,-0,-0,-0,-0,-0,-0,-0,-0,-0,-0,-0,-0,-0,
-0,-0,-0,-0,-0,-0,-0,-0,-0,-0,-0,-0,-0,-0,
-0,-0,-0,-0,-0,-0,-0,-0,-0,-0,-0,-0,-0,-0,
-0,-0,-0,-0,-0,-0,-0,-0,-0,-0,-0,-0,-0,-0,
-0,-0,-0,-0,-0,-0,-0,-0,-0,-0,-0,-0,-0,-0,
-0,-0,-0,-0,-0,-0,-0,-0,-0,-0,-0,-0,-0,-0,
-0,-0,-0,-0,-0,-0,-0,-0,-0,-0,-0,-0,-0,-0,
-0,-0,-0,-0,-0,-0,-0,-0,-0,-0,-0,-0,-0,-0,
-0,-0,-0,-0,-0,-0,-0,-0,-0,-0,-0,-0,-0,-0,
-0,-0,-0,-0,-0,-0,-0,-0,-0,-0,-0,-0,-0,-0,
-0,-0,-0,-0,-0,-0,-0,-0,-0,-0,-0,-0,-0,-0,
-0,-0,-0,-0,-0,-0,-0,-0,-0,-0,-0,-0,-0,-0,
-0,-0,-0,-0,-0,-0,-0,-0,-0,-0,-0,-0,-0,-0,
-0,-0,-0,-0,-0,-0,-0,-0,-0,-0,-0,-0,-0,-0,
-0,-0,-0,-0,-0,-0,-0,-0,-0,-0,-0,-0,-0,-0,
-0,-0,-0,-0,-0,-0,-0,-0,-0,-0,-0,-0,-0,-0,
0.142088234425,0.141718357801,0.142478242517,0.142088234425,0.142088234425,0.142088234425,0.130728453398,0.154440000653,0.130728453398,0.154440000653,0.154027938843,0.131078734994,0.154027938843,0.131078734994,
0.14449006319,0.14420735836,0.144846886396,0.144543990493,0.14449006319,0.144543990493,0.133032694459,0.156956315041,0.133067801595,0.156997740269,0.156609758735,0.133327648044,0.156651109457,0.133362814784,
0.146921902895,0.146730259061,0.147243589163,0.147031724453,0.146921902895,0.147031724453,0.135368302464,0.159501552582,0.135439857841,0.159585833549,0.159223586321,0.135605171323,0.159307748079,0.135676845908,
0.146921902895,0.146730259061,0.147243589163,0.147031724453,0.146921902895,0.147031724453,0.135368302464,0.159501552582,0.135439857841,0.159585833549,0.159223586321,0.135605171323,0.159307748079,0.135676845908,
0.149381816387,0.149285331368,0.149666339159,0.149549543858,0.149381816387,0.149549543858,0.137733578682,0.162073552608,0.1378428936,0.162202209234,0.161867469549,0.137909516692,0.161995947361,0.138018980622,
0.152088016272,0.151887714863,0.152474939823,0.152205526829,0.152088016272,0.152205526829,0.140315651894,0.164902895689,0.140392303467,0.164992973208,0.164586097002,0.140587553382,0.16467602551,0.140664353967,
0.154623091221,0.154523894191,0.154975906014,0.154806748033,0.154623091221,0.154806748033,0.142758369446,0.167549908161,0.142878264189,0.167690634727,0.16730645299,0.142967954278,0.16744697094,0.143088012934,
0.154623091221,0.154523894191,0.154975906014,0.154806748033,0.154623091221,0.154806748033,0.142758369446,0.167549908161,0.142878264189,0.167690634727,0.16730645299,0.142967954278,0.16744697094,0.143088012934,
0.157191425562,0.157199531794,0.157509759068,0.157446950674,0.157191425562,0.157446950674,0.145236521959,0.170229420066,0.145403414965,0.17042504251,0.17006278038,0.145380720496,0.170258209109,0.145547777414,
0.152414098382,0.15152965486,0.153415769339,0.152414098382,0.152414098382,0.152414098382,0.140383690596,0.165503934026,0.140383690596,0.165503934026,0.16448520124,0.14125624299,0.16448520124,0.14125624299,
0.157650411129,0.156954750419,0.158608183265,0.157793015242,0.157650411129,0.157793015242,0.14542260766,0.170981049538,0.145515590906,0.17109040916,0.170089304447,0.146188184619,0.170198082924,0.146281674504,
0.157650411129,0.156954750419,0.158608183265,0.157793015242,0.157650411129,0.157793015242,0.14542260766,0.170981049538,0.145515590906,0.17109040916,0.170089304447,0.146188184619,0.170198082924,0.146281674504,
0.160306364298,0.159709498286,0.161236941814,0.160519301891,0.160306364298,0.160519301891,0.147982358932,0.173754125834,0.148121342063,0.173917293549,0.172930985689,0.148689985275,0.173093378544,0.148829624057,
0.157275766134,0.157216012478,0.157460734248,0.157275766134,0.157275766134,0.157275766134,0.145383343101,0.170172944665,0.145383343101,0.170172944665,0.170042738318,0.145498082042,0.170042738318,0.145498082042,
0.159875184298,0.159922376275,0.160015776753,0.159935727715,0.159875184298,0.159935727715,0.147895127535,0.172877281904,0.147934734821,0.172923594713,0.172828957438,0.147939965129,0.172875225544,0.147979557514,
0.165080979466,0.165346160531,0.165118187666,0.165251791477,0.165080979466,0.165251791477,0.152932822704,0.178281575441,0.153044715524,0.178412020206,0.178406819701,0.15282908082,0.178537324071,0.152940869331,
0.167674899101,0.168050661683,0.167653083801,0.167895019054,0.167674899101,0.167895019054,0.155446767807,0.180968478322,0.155591025949,0.181136444211,0.181185171008,0.155264481902,0.181353330612,0.155408605933,
0.15905533731,0.158502861857,0.159788817167,0.15905533731,0.15905533731,0.15905533731,0.146922841668,0.172235026956,0.146922841668,0.172235026956,0.171543687582,0.147520318627,0.171543687582,0.147520318627,
0.161587789655,0.161122977734,0.16227568686,0.161627545953,0.161587789655,0.161627545953,0.149365752935,0.174868509173,0.149391725659,0.174898952246,0.174249514937,0.149901837111,0.1742798388,0.149927899241,
0.164113730192,0.163737997413,0.16475135088,0.164189934731,0.164113730192,0.164189934731,0.151804864407,0.177491471171,0.151854723692,0.177549764514,0.176947981119,0.152276664972,0.17700612545,0.152326673269,
0.169088900089,0.168893158436,0.169613182545,0.169227018952,0.169088900089,0.169227018952,0.15661624074,0.18264657259,0.156706705689,0.18275205791,0.182261794806,0.156952604651,0.182367056608,0.157043248415,
0.16280515492,0.16221691668,0.163580864668,0.16280515492,0.16280515492,0.16280515492,0.150472745299,0.176195338368,0.150472745299,0.176195338368,0.175462260842,0.151106595993,0.175462260842,0.151106595993,
0.165206253529,0.164699107409,0.165925890207,0.16522911191,0.165206253529,0.16522911191,0.152791067958,0.178685203195,0.152806043625,0.178702682257,0.178026467562,0.153361707926,0.178043887019,0.153376698494,
0.167560607195,0.167134463787,0.168219849467,0.167601972818,0.167560607195,0.167601972818,0.155066549778,0.181122735143,0.155093625188,0.181154385209,0.18054060638,0.15557192266,0.180572107434,0.155599117279,
0.167560607195,0.167134463787,0.168219849467,0.167601972818,0.167560607195,0.167601972818,0.155066549778,0.181122735143,0.155093625188,0.181154385209,0.18054060638,0.15557192266,0.180572107434,0.155599117279,
0.16987042129,0.169525742531,0.170465826988,0.169927239418,0.16987042129,0.169927239418,0.157301396132,0.18351072073,0.157338559628,0.183554127812,0.18300716579,0.157739654183,0.183050453663,0.15777695179,
0.16564026475,0.165082767606,0.166388660669,0.16564026475,0.16564026475,0.16564026475,0.153184339404,0.179157361388,0.153184339404,0.179157361388,0.17845569551,0.153791382909,0.17845569551,0.153791382909,
0.167709350586,0.167223230004,0.168391346931,0.16771247983,0.167709350586,0.16771247983,0.155185267329,0.181294038892,0.155187338591,0.181296467781,0.180666998029,0.155728727579,0.180669382215,0.155730798841,
0.167709350586,0.167223230004,0.168391346931,0.16771247983,0.167709350586,0.16771247983,0.155185267329,0.181294038892,0.155187338591,0.181296467781,0.180666998029,0.155728727579,0.180669382215,0.155730798841,
0.169718742371,0.169304594398,0.170332178473,0.169723555446,0.169718742371,0.169723555446,0.157130792737,0.183366090059,0.157133921981,0.183369725943,0.182815015316,0.157609328628,0.182818651199,0.157612457871,
0.171665087342,0.171323239803,0.172207906842,0.171669691801,0.171665087342,0.171669691801,0.159017473459,0.185370117426,0.159020498395,0.185373589396,0.184896215796,0.159429997206,0.184899747372,0.159432992339,
0.170603230596,0.170751869678,0.17066372931,0.170595005155,0.170603230596,0.170595005155,0.158268660307,0.183952599764,0.158263236284,0.183946311474,0.184002757072,0.158230021596,0.183996498585,0.158224657178,
0.170603230596,0.170751869678,0.17066372931,0.170595005155,0.170603230596,0.170595005155,0.158268660307,0.183952599764,0.158263236284,0.183946311474,0.184002757072,0.158230021596,0.183996498585,0.158224657178,
0.172231003642,0.172450050712,0.172215640545,0.172215208411,0.172231003642,0.172215208411,0.159853264689,0.185618773103,0.159842908382,0.185606762767,0.185747757554,0.1597468853,0.185735717416,0.15973649919,
0.173786744475,0.174076095223,0.173694819212,0.173762559891,0.173786744475,0.173762559891,0.161369904876,0.187208473682,0.161354064941,0.187190055847,0.187416538596,0.161195397377,0.18739810586,0.161179572344,
0.16937237978,0.168434947729,0.170565798879,0.169363886118,0.16937237978,0.169363886118,0.156664714217,0.18317475915,0.156659156084,0.183168247342,0.182030141354,0.157655403018,0.18202367425,0.157649755478,
0.172020226717,0.171186745167,0.173087641597,0.171987086535,0.172020226717,0.171987086535,0.159236639738,0.185887232423,0.159214928746,0.18586191535,0.184866890311,0.160121172667,0.18484172225,0.160099342465,
0.172020226717,0.171186745167,0.173087641597,0.171987086535,0.172020226717,0.171987086535,0.159236639738,0.185887232423,0.159214928746,0.18586191535,0.184866890311,0.160121172667,0.18484172225,0.160099342465,
0.173233628273,0.172452270985,0.174237132072,0.173187568784,0.173233628273,0.173187568784,0.160417959094,0.187126561999,0.160387828946,0.18709141016,0.186168909073,0.161248892546,0.186133906245,0.161218553782,
0.173523366451,0.172050133348,0.175235390663,0.173523366451,0.173523366451,0.173523366451,0.160325795412,0.187865659595,0.160325795412,0.187865659595,0.186152622104,0.161805421114,0.186152622104,0.161805421114,
0.174523741007,0.173098236322,0.176173776388,0.174509346485,0.174523741007,0.174509346485,0.161301121116,0.188884273171,0.161291733384,0.188873261213,0.187230557203,0.162730142474,0.187219649553,0.162720650434,
0.175448447466,0.174071058631,0.177036315203,0.175419911742,0.175448447466,0.175419911742,0.162204772234,0.189823240042,0.162186145782,0.189801424742,0.188229069114,0.163582876325,0.188207447529,0.163564071059,
0.175448447466,0.174071058631,0.177036315203,0.175419911742,0.175448447466,0.175419911742,0.162204772234,0.189823240042,0.162186145782,0.189801424742,0.188229069114,0.163582876325,0.188207447529,0.163564071059,
0.172674015164,0.173732846975,0.171909958124,0.172674015164,0.172674015164,0.172674015164,0.160775899887,0.185528323054,0.160775899887,0.185528323054,0.186512053013,0.159931823611,0.186512053013,0.159931823611,
0.173137694597,0.174248620868,0.17231105268,0.173125714064,0.173137694597,0.173125714064,0.161244660616,0.185979992151,0.161236807704,0.185970917344,0.187025368214,0.160347312689,0.187016233802,0.160339519382,
0.173530802131,0.174692898989,0.172642961144,0.173507362604,0.173530802131,0.173507362604,0.161645799875,0.186358347535,0.16163033247,0.186340525746,0.187464162707,0.160696193576,0.187446296215,0.160680860281,
0.174106448889,0.175368100405,0.17310038209,0.174061819911,0.174106448889,0.174061819911,0.162245765328,0.18689648807,0.162216335535,0.186862617731,0.188119456172,0.161194980145,0.188085347414,0.161165773869,
0.176429867744,0.17644366622,0.176698431373,0.176429867744,0.176429867744,0.176429867744,0.163849890232,0.190048828721,0.163849890232,0.190048828721,0.18991483748,0.163970664144,0.18991483748,0.163970664144,
0.176560088992,0.176620900631,0.176771730185,0.176550045609,0.176560088992,0.176550045609,0.163996860385,0.19015571475,0.163990288973,0.190148115158,0.190077647567,0.164069414139,0.190070003271,0.164062798023,
0.176621839404,0.176729097962,0.176777735353,0.176602393389,0.176621839404,0.176602393389,0.164078205824,0.190191447735,0.164065465331,0.190176665783,0.190168365836,0.164103329182,0.190153554082,0.164090558887,
0.176616683602,0.176769688725,0.176718100905,0.17658855021,0.176616683602,0.17658855021,0.16409535706,0.190157711506,0.164076879621,0.190136298537,0.19018855691,0.164073944092,0.19016712904,0.164055466652,
0.178331583738,0.178348064423,0.178600385785,0.178331583738,0.178331583738,0.178331583738,0.165666908026,0.192038044333,0.165666908026,0.192038044333,0.191905677319,0.165786787868,0.191905677319,0.165786787868,
0.178036749363,0.178096950054,0.178254827857,0.178030282259,0.178036749363,0.178030282259,0.165406182408,0.191703274846,0.165401920676,0.191698342562,0.191621631384,0.165482223034,0.1916166991,0.165477976203,
0.177680402994,0.177783533931,0.177849143744,0.177668094635,0.177680402994,0.177668094635,0.165086358786,0.191304698586,0.165078282356,0.191295310855,0.191272705793,0.165119573474,0.191263318062,0.165111467242,
0.177264139056,0.177409425378,0.177384838462,0.177246615291,0.177264139056,0.177246615291,0.164708957076,0.190844014287,0.16469745338,0.190830662847,0.19086048007,0.164700299501,0.190847158432,0.164688766003,
0.177262112498,0.176715970039,0.178125992417,0.177262112498,0.177262112498,0.177262112498,0.164439529181,0.191165536642,0.164439529181,0.191165536642,0.190411537886,0.165097609162,0.190411537886,0.165097609162,
0.176218777895,0.175755739212,0.176989033818,0.176210656762,0.176218777895,0.176210656762,0.163481324911,0.190026640892,0.163475990295,0.19002045691,0.189367502928,0.164057254791,0.189361333847,0.164051890373,
0.175567016006,0.175144612789,0.17629224062,0.175555974245,0.175567016006,0.175555974245,0.162877634168,0.189321711659,0.162870407104,0.189313307405,0.188708558679,0.163413673639,0.188700184226,0.163406446576,
0.174861624837,0.174478963017,0.175542593002,0.174847513437,0.174861624837,0.174847513437,0.162222445011,0.188560992479,0.162213176489,0.188550233841,0.187992930412,0.162719458342,0.187982201576,0.162710189819,
0.177021533251,0.176455199718,0.177905648947,0.177021533251,0.177021533251,0.177021533251,0.164200916886,0.190923690796,0.164200916886,0.190923690796,0.190148368478,0.164878159761,0.190148368478,0.164878159761,
0.176265105605,0.17573903501,0.177104726434,0.176262497902,0.176265105605,0.176262497902,0.163496881723,0.190109819174,0.163495182991,0.190107822418,0.189379945397,0.164134651423,0.189377948642,0.16413295269,
0.174431025982,0.173985004425,0.175185367465,0.174427032471,0.174431025982,0.174427032471,0.161782085896,0.188146948814,0.161779493093,0.18814393878,0.187505766749,0.162342950702,0.187502756715,0.162340313196,
0.173442855477,0.173035889864,0.174156203866,0.173438861966,0.173442855477,0.173438861966,0.160856664181,0.187091484666,0.160854056478,0.187088489532,0.186493262649,0.16138023138,0.186490252614,0.161377593875,
0.177622035146,0.17758205533,0.177947029471,0.177622035146,0.177622035146,0.177622035146,0.164964497089,0.19132322073,0.164964497089,0.19132322073,0.191131368279,0.165137648582,0.191131368279,0.165137648582,
0.176555603743,0.176553726196,0.176841109991,0.176556006074,0.176555603743,0.176556006074,0.163963884115,0.190186396241,0.163964167237,0.190186738968,0.190036222339,0.164100989699,0.190036565065,0.16410125792,
0.175367727876,0.175402686,0.17561557889,0.175369277596,0.175367727876,0.175369277596,0.162847042084,0.188923120499,0.162848040462,0.18892429769,0.188812941313,0.162949487567,0.188814103603,0.162950515747,
0.172862157226,0.172968655825,0.173038393259,0.172867640853,0.172862157226,0.172867640853,0.160489216447,0.186261251569,0.160492837429,0.186265408993,0.186228051782,0.160525217652,0.186232179403,0.160528793931,
0.172862157226,0.172968655825,0.173038393259,0.172867640853,0.172862157226,0.172867640853,0.160489216447,0.186261251569,0.160492837429,0.186265408993,0.186228051782,0.160525217652,0.186232179403,0.160528793931,
0.17124080658,0.172103613615,0.170703843236,0.17124080658,0.17124080658,0.17124080658,0.159371554852,0.184076234698,0.159371554852,0.184076234698,0.184834316373,0.158726006746,0.184834316373,0.158726006746,
0.169809401035,0.170698091388,0.169247195125,0.169812560081,0.169809401035,0.169812560081,0.158018186688,0.182563051581,0.158020272851,0.182565435767,0.183348700404,0.157349035144,0.183351114392,0.157351106405,
0.168345153332,0.169258728623,0.167759075761,0.168351724744,0.168345153332,0.168351724744,0.156633391976,0.181015580893,0.156637728214,0.181020587683,0.181827634573,0.155941769481,0.181832686067,0.155946061015,
0.165322244167,0.166282400489,0.164691969752,0.165336310863,0.165322244167,0.165336310863,0.153773665428,0.177822068334,0.15378293395,0.177832782269,0.178683325648,0.153040274978,0.178694054484,0.153049468994,
0.17526216805,0.174786403775,0.175962969661,0.175266683102,0.17526216805,0.175266683102,0.162415638566,0.189182132483,0.162418618798,0.189185604453,0.188551828265,0.162963852286,0.188555255532,0.16296684742,
0.173557177186,0.17312130332,0.174220442772,0.173566371202,0.173557177186,0.173566371202,0.160807818174,0.18737564981,0.160813882947,0.187382698059,0.186786860228,0.161320000887,0.186793863773,0.161326035857,
0.173557177186,0.17312130332,0.174220442772,0.173566371202,0.173557177186,0.173566371202,0.160807818174,0.18737564981,0.160813882947,0.187382698059,0.186786860228,0.161320000887,0.186793863773,0.161326035857,
0.171824485064,0.171427533031,0.172451332211,0.171838507056,0.171824485064,0.171838507056,0.15917378664,0.18553994596,0.159182965755,0.185550659895,0.184991553426,0.159650832415,0.185002207756,0.159660026431,
0.166503414512,0.164849966764,0.168441385031,0.166508436203,0.166503414512,0.166508436203,0.153626352549,0.180526971817,0.153629630804,0.180530786514,0.178597003222,0.155295416713,0.178600773215,0.155298694968,
0.162956386805,0.161398977041,0.164802104235,0.162972524762,0.162956386805,0.162972524762,0.150290563703,0.176758855581,0.150301098824,0.176771193743,0.174929141998,0.151871293783,0.17494136095,0.151881888509,
0.162956386805,0.161398977041,0.164802104235,0.162972524762,0.162956386805,0.162972524762,0.150290563703,0.176758855581,0.150301098824,0.176771193743,0.174929141998,0.151871293783,0.17494136095,0.151881888509,
0.161149784923,0.159639298916,0.162950605154,0.161171525717,0.161149784923,0.161171525717,0.148591771722,0.174839437008,0.148605972528,0.174856111407,0.173058629036,0.150129392743,0.173075169325,0.150143712759,
0.165950715542,0.165902838111,0.16621504724,0.165950715542,0.165950715542,0.165950715542,0.153753876686,0.179169341922,0.153753876686,0.179169341922,0.179005369544,0.153902113438,0.179005369544,0.153902113438,
0.161928161979,0.161943584681,0.162136882544,0.161941155791,0.161928161979,0.161941155791,0.149955153465,0.174914196134,0.149963676929,0.174924150109,0.174814194441,0.150048166513,0.174824118614,0.150056675076,
0.159893020988,0.159938663244,0.160075336695,0.159912437201,0.159893020988,0.159912437201,0.148033738136,0.172760859132,0.148046463728,0.172775730491,0.172691300511,0.148100465536,0.172706156969,0.14811322093,
0.157845512033,0.157920330763,0.158002346754,0.157871305943,0.157845512033,0.157871305943,0.146100983024,0.170593976974,0.146117866039,0.170613706112,0.170553863049,0.146142393351,0.170573562384,0.146159246564,
0.162183940411,0.161604821682,0.162954717875,0.162183940411,0.162183940411,0.162183940411,0.149893283844,0.175529673696,0.149893283844,0.175529673696,0.174805179238,0.150521323085,0.174805179238,0.150521323085,
0.160097315907,0.159556031227,0.160834357142,0.160104081035,0.160097315907,0.160104081035,0.14792662859,0.173318192363,0.147931054235,0.173323348165,0.172632023692,0.148521289229,0.172637149692,0.148525729775,
0.155797079206,0.155330598354,0.156469106674,0.155819073319,0.155797079206,0.155819073319,0.143875077367,0.168759420514,0.143889427185,0.168776258826,0.168148249388,0.144404545426,0.168165028095,0.144418939948,
0.153634995222,0.153204217553,0.154275909066,0.153664246202,0.153634995222,0.153664246202,0.141838684678,0.166466549039,0.141857802868,0.166488930583,0.165891170502,0.142337054014,0.165913492441,0.142356202006,
0.156648978591,0.156122907996,0.157325237989,0.156657040119,0.156648978591,0.156657040119,0.144596546888,0.169743329287,0.144601806998,0.169749513268,0.169096767902,0.145154997706,0.169102922082,0.145160272717,
0.156648978591,0.156122907996,0.157325237989,0.156657040119,0.156648978591,0.156657040119,0.144596546888,0.169743329287,0.144601806998,0.169749513268,0.169096767902,0.145154997706,0.169102922082,0.145160272717,
0.154375433922,0.153887286782,0.155019775033,0.154391750693,0.154375433922,0.154391750693,0.142456144094,0.167331457138,0.142466813326,0.167343974113,0.166722401977,0.142982035875,0.166734859347,0.142992734909,
0.149820551276,0.149404644966,0.150404021144,0.149852693081,0.149820551276,0.149852693081,0.13816973567,0.162497296929,0.138190671802,0.162521958351,0.161959707737,0.138633668423,0.161984279752,0.13865467906,
0.154303446412,0.153123363853,0.155613303185,0.154303446412,0.154303446412,0.154303446412,0.142053201795,0.167640566826,0.142053201795,0.167640566826,0.166295871139,0.143205419183,0.166295871139,0.143205419183,
0.151934757829,0.150802105665,0.153202831745,0.151942849159,0.151934757829,0.151942849159,0.139828264713,0.165121972561,0.139833539724,0.165128216147,0.163824990392,0.140938788652,0.163831174374,0.140944093466,
0.149568215013,0.148481726646,0.15079562366,0.149584233761,0.149568215013,0.149584233761,0.137606054544,0.162604868412,0.137616455555,0.162617191672,0.161354333162,0.138675972819,0.161366552114,0.138686478138,
0.144844338298,0.143846392632,0.145993694663,0.144875526428,0.144844338298,0.144875526428,0.133172348142,0.157577872276,0.133192628622,0.157601863146,0.156416535378,0.134164452553,0.15644030273,0.134184852242,
0.147848054767,0.147019162774,0.148753941059,0.147855550051,0.147848054767,0.147855550051,0.136023595929,0.160719156265,0.136028468609,0.160724937916,0.159780412912,0.136824727058,0.159786134958,0.13682962954,
0.147848054767,0.147019162774,0.148753941059,0.147855550051,0.147848054767,0.147855550051,0.136023595929,0.160719156265,0.136028468609,0.160724937916,0.159780412912,0.136824727058,0.159786134958,0.13682962954,
0.145391345024,0.144603967667,0.146261632442,0.145406171679,0.145391345024,0.145406171679,0.133717805147,0.158104836941,0.133727446198,0.158116236329,0.157207474113,0.134482994676,0.157218813896,0.13449268043,
0.142942935228,0.142195731401,0.143778711557,0.142964869738,0.142942935228,0.142964869738,0.131420567632,0.155498340726,0.131434828043,0.155515223742,0.154641062021,0.13215097785,0.15465785563,0.132165342569,
0.139397919178,0.138642519712,0.140208795667,0.139412090182,0.139397919178,0.139412090182,0.128037378192,0.151780381799,0.12804658711,0.15179130435,0.1509308815,0.128759101033,0.150941729546,0.128768369555,
0.136939555407,0.136223033071,0.137717247009,0.136960357428,0.136939555407,0.136960357428,0.125734180212,0.14915946126,0.125747680664,0.149175480008,0.148348689079,0.126422420144,0.148364603519,0.126435980201,
0.136939555407,0.136223033071,0.137717247009,0.136960357428,0.136939555407,0.136960357428,0.125734180212,0.14915946126,0.125747680664,0.149175480008,0.148348689079,0.126422420144,0.148364603519,0.126435980201,
0.134494125843,0.133815124631,0.135239779949,0.134521365166,0.134494125843,0.134521365166,0.123443946242,0.146551281214,0.12346162647,0.146572262049,0.14577794075,0.124099850655,0.145798817277,0.12411762774,
-0,-0,-0,-0,-0,-0,-0,-0,-0,-0,-0,-0,-0,-0,
-0,-0,-0,-0,-0,-0,-0,-0,-0,-0,-0,-0,-0,-0,
-0,-0,-0,-0,-0,-0,-0,-0,-0,-0,-0,-0,-0,-0,
-0,-0,-0,-0,-0,-0,-0,-0,-0,-0,-0,-0,-0,-0,
-0,-0,-0,-0,-0,-0,-0,-0,-0,-0,-0,-0,-0,-0,
-0,-0,-0,-0,-0,-0,-0,-0,-0,-0,-0,-0,-0,-0,
-0,-0,-0,-0,-0,-0,-0,-0,-0,-0,-0,-0,-0,-0,
-0,-0,-0,-0,-0,-0,-0,-0,-0,-0,-0,-0,-0,-0,
-0,-0,-0,-0,-0,-0,-0,-0,-0,-0,-0,-0,-0,-0,
-0,-0,-0,-0,-0,-0,-0,-0,-0,-0,-0,-0,-0,-0,
-0,-0,-0,-0,-0,-0,-0,-0,-0,-0,-0,-0,-0,-0,
-0,-0,-0,-0,-0,-0,-0,-0,-0,-0,-0,-0,-0,-0,
-0,-0,-0,-0,-0,-0,-0,-0,-0,-0,-0,-0,-0,-0,
-0,-0,-0,-0,-0,-0,-0,-0,-0,-0,-0,-0,-0,-0,
-0,-0,-0,-0,-0,-0,-0,-0,-0,-0,-0,-0,-0,-0,
-0,-0,-0,-0,-0,-0,-0,-0,-0,-0,-0,-0,-0,-0,
-0,-0,-0,-0,-0,-0,-0,-0,-0,-0,-0,-0,-0,-0,
-0,-0,-0,-0,-0,-0,-0,-0,-0,-0,-0,-0,-0,-0,
-0,-0,-0,-0,-0,-0,-0,-0,-0,-0,-0,-0,-0,-0,
-0,-0,-0,-0,-0,-0,-0,-0,-0,-0,-0,-0,-0,-0,
-0,-0,-0,-0,-0,-0,-0,-0,-0,-0,-0,-0,-0,-0,
-0,-0,-0,-0,-0,-0,-0,-0,-0,-0,-0,-0,-0,-0,
-0,-0,-0,-0,-0,-0,-0,-0,-0,-0,-0,-0,-0,-0,
-0,-0,-0,-0,-0,-0,-0,-0,-0,-0,-0,-0,-0,-0,
-0,-0,-0,-0,-0,-0,-0,-0,-0,-0,-0,-0,-0,-0,
-0,-0,-0,-0,-0,-0,-0,-0,-0,-0,-0,-0,-0,-0,
-0,-0,-0,-0,-0,-0,-0,-0,-0,-0,-0,-0,-0,-0,
-0,-0,-0,-0,-0,-0,-0,-0,-0,-0,-0,-0,-0,-0,
-0,-0,-0,-0,-0,-0,-0,-0,-0,-0,-0,-0,-0,-0,
-0,-0,-0,-0,-0,-0,-0,-0,-0,-0,-0,-0,-0,-0,
-0,-0,-0,-0,-0,-0,-0,-0,-0,-0,-0,-0,-0,-0,
-0,-0,-0,-0,-0,-0,-0,-0,-0,-0,-0,-0,-0,-0,
-0,-0,-0,-0,-0,-0,-0,-0,-0,-0,-0,-0,-0,-0,
-0,-0,-0,-0,-0,-0,-0,-0,-0,-0,-0,-0,-0,-0,
-0,-0,-0,-0,-0,-0,-0,-0,-0,-0,-0,-0,-0,-0,
-0,-0,-0,-0,-0,-0,-0,-0,-0,-0,-0,-0,-0,-0,
-0,-0,-0,-0,-0,-0,-0,-0,-0,-0,-0,-0,-0,-0,
-0,-0,-0,-0,-0,-0,-0,-0,-0,-0,-0,-0,-0,-0,
-0,-0,-0,-0,-0,-0,-0,-0,-0,-0,-0,-0,-0,-0,
-0,-0,-0,-0,-0,-0,-0,-0,-0,-0,-0,-0,-0,-0,
-0,-0,-0,-0,-0,-0,-0,-0,-0,-0,-0,-0,-0,-0,
-0,-0,-0,-0,-0,-0,-0,-0,-0,-0,-0,-0,-0,-0,
-0,-0,-0,-0,-0,-0,-0,-0,-0,-0,-0,-0,-0,-0,
-0,-0,-0,-0,-0,-0,-0,-0,-0,-0,-0,-0,-0,-0,
-0,-0,-0,-0,-0,-0,-0,-0,-0,-0,-0,-0,-0,-0,
-0,-0,-0,-0,-0,-0,-0,-0,-0,-0,-0,-0,-0,-0,
-0,-0,-0,-0,-0,-0,-0,-0,-0,-0,-0,-0,-0,-0,
-0,-0,-0,-0,-0,-0,-0,-0,-0,-0,-0,-0,-0,-0,
-0,-0,-0,-0,-0,-0,-0,-0,-0,-0,-0,-0,-0,-0,
-0,-0,-0,-0,-0,-0,-0,-0,-0,-0,-0,-0,-0,-0,
-0,-0,-0,-0,-0,-0,-0,-0,-0,-0,-0,-0,-0,-0,
-0,-0,-0,-0,-0,-0,-0,-0,-0,-0,-0,-0,-0,-0,
-0,-0,-0,-0,-0,-0,-0,-0,-0,-0,-0,-0,-0,-0,
-0,-0,-0,-0,-0,-0,-0,-0,-0,-0,-0,-0,-0,-0,
-0,-0,-0,-0,-0,-0,-0,-0,-0,-0,-0,-0,-0,-0,
-0,-0,-0,-0,-0,-0,-0,-0,-0,-0,-0,-0,-0,-0,
-0,-0,-0,-0,-0,-0,-0,-0,-0,-0,-0,-0,-0,-0,
-0,-0,-0,-0,-0,-0,-0,-0,-0,-0,-0,-0,-0,-0,
-0,-0,-0,-0,-0,-0,-0,-0,-0,-0,-0,-0,-0,-0,
-0,-0,-0,-0,-0,-0,-0,-0,-0,-0,-0,-0,-0,-0,
-0,-0,-0,-0,-0,-0,-0,-0,-0,-0,-0,-0,-0,-0,
-0,-0,-0,-0,-0,-0,-0,-0,-0,-0,-0,-0,-0,-0,
-0,-0,-0,-0,-0,-0,-0,-0,-0,-0,-0,-0,-0,-0,
-0,-0,-0,-0,-0,-0,-0,-0,-0,-0,-0,-0,-0,-0,
-0,-0,-0,-0,-0,-0,-0,-0,-0,-0,-0,-0,-0,-0,
-0,-0,-0,-0,-0,-0,-0,-0,-0,-0,-0,-0,-0,-0,
-0,-0,-0,-0,-0,-0,-0,-0,-0,-0,-0,-0,-0,-0,
-0,-0,-0,-0,-0,-0,-0,-0,-0,-0,-0,-0,-0,-0,
-0,-0,-0,-0,-0,-0,-0,-0,-0,-0,-0,-0,-0,-0,
-0,-0,-0,-0,-0,-0,-0,-0,-0,-0,-0,-0,-0,-0,
-0,-0,-0,-0,-0,-0,-0,-0,-0,-0,-0,-0,-0,-0,
-0,-0,-0,-0,-0,-0,-0,-0,-0,-0,-0,-0,-0,-0,
-0,-0,-0,-0,-0,-0,-0,-0,-0,-0,-0,-0,-0,-0,
-0,-0,-0,-0,-0,-0,-0,-0,-0,-0,-0,-0,-0,-0,
-0,-0,-0,-0,-0,-0,-0,-0,-0,-0,-0,-0,-0,-0,
-0,-0,-0,-0,-0,-0,-0,-0,-0,-0,-0,-0,-0,-0,
-0,-0,-0,-0,-0,-0,-0,-0,-0,-0,-0,-0,-0,-0,
-0,-0,-0,-0,-0,-0,-0,-0,-0,-0,-0,-0,-0,-0,
-0,-0,-0,-0,-0,-0,-0,-0,-0,-0,-0,-0,-0,-0,
-0,-0,-0,-0,-0,-0,-0,-0,-0,-0,-0,-0,-0,-0,
-0,-0,-0,-0,-0,-0,-0,-0,-0,-0,-0,-0,-0,-0,
-0,-0,-0,-0,-0,-0,-0,-0,-0,-0,-0,-0,-0,-0,
-0,-0,-0,-0,-0,-0,-0,-0,-0,-0,-0,-0,-0,-0,
-0,-0,-0,-0,-0,-0,-0,-0,-0,-0,-0,-0,-0,-0,
-0,-0,-0,-0,-0,-0,-0,-0,-0,-0,-0,-0,-0,-0,
-0,-0,-0,-0,-0,-0,-0,-0,-0,-0,-0,-0,-0,-0,
-0,-0,-0,-0,-0,-0,-0,-0,-0,-0,-0,-0,-0,-0,
-0,-0,-0,-0,-0,-0,-0,-0,-0,-0,-0,-0,-0,-0,
-0,-0,-0,-0,-0,-0,-0,-0,-0,-0,-0,-0,-0,-0,
-0,-0,-0,-0,-0,-0,-0,-0,-0,-0,-0,-0,-0,-0,
-0,-0,-0,-0,-0,-0,-0,-0,-0,-0,-0,-0,-0,-0,
-0,-0,-0,-0,-0,-0,-0,-0,-0,-0,-0,-0,-0,-0,
-0,-0,-0,-0,-0,-0,-0,-0,-0,-0,-0,-0,-0,-0,
-0,-0,-0,-0,-0,-0,-0,-0,-0,-0,-0,-0,-0,-0,
-0,-0,-0,-0,-0,-0,-0,-0,-0,-0,-0,-0,-0,-0,
-0,-0,-0,-0,-0,-0,-0,-0,-0,-0,-0,-0,-0,-0,
-0,-0,-0,-0,-0,-0,-0,-0,-0,-0,-0,-0,-0,-0,
-0,-0,-0,-0,-0,-0,-0,-0,-0,-0,-0,-0,-0,-0,
-0,-0,-0,-0,-0,-0,-0,-0,-0,-0,-0,-0,-0,-0,
-0,-0,-0,-0,-0,-0,-0,-0,-0,-0,-0,-0,-0,-0,
-0,-0,-0,-0,-0,-0,-0,-0,-0,-0,-0,-0,-0,-0,
-0,-0,-0,-0,-0,-0,-0,-0,-0,-0,-0,-0,-0,-0,
-0,-0,-0,-0,-0,-0,-0,-0,-0,-0,-0,-0,-0,-0,
-0,-0,-0,-0,-0,-0,-0,-0,-0,-0,-0,-0,-0,-0,
-0,-0,-0,-0,-0,-0,-0,-0,-0,-0,-0,-0,-0,-0,
-0,-0,-0,-0,-0,-0,-0,-0,-0,-0,-0,-0,-0,-0,
-0,-0,-0,-0,-0,-0,-0,-0,-0,-0,-0,-0,-0,-0,
-0,-0,-0,-0,-0,-0,-0,-0,-0,-0,-0,-0,-0,-0,
-0,-0,-0,-0,-0,-0,-0,-0,-0,-0,-0,-0,-0,-0,
-0,-0,-0,-0,-0,-0,-0,-0,-0,-0,-0,-0,-0,-0,
-0,-0,-0,-0,-0,-0,-0,-0,-0,-0,-0,-0,-0,-0,
-0,-0,-0,-0,-0,-0,-0,-0,-0,-0,-0,-0,-0,-0,
-0,-0,-0,-0,-0,-0,-0,-0,-0,-0,-0,-0,-0,-0,
-0,-0,-0,-0,-0,-0,-0,-0,-0,-0,-0,-0,-0,-0,
-0,-0,-0,-0,-0,-0,-0,-0,-0,-0,-0,-0,-0,-0,
-0,-0,-0,-0,-0,-0,-0,-0,-0,-0,-0,-0,-0,-0,
-0,-0,-0,-0,-0,-0,-0,-0,-0,-0,-0,-0,-0,-0,
-0,-0,-0,-0,-0,-0,-0,-0,-0,-0,-0,-0,-0,-0,
-0,-0,-0,-0,-0,-0,-0,-0,-0,-0,-0,-0,-0,-0,
-0,-0,-0,-0,-0,-0,-0,-0,-0,-0,-0,-0,-0,-0,
-0,-0,-0,-0,-0,-0,-0,-0,-0,-0,-0,-0,-0,-0,
-0,-0,-0,-0,-0,-0,-0,-0,-0,-0,-0,-0,-0,-0,
-0,-0,-0,-0,-0,-0,-0,-0,-0,-0,-0,-0,-0,-0,
-0,-0,-0,-0,-0,-0,-0,-0,-0,-0,-0,-0,-0,-0,
-0,-0,-0,-0,-0,-0,-0,-0,-0,-0,-0,-0,-0,-0,
-0,-0,-0,-0,-0,-0,-0,-0,-0,-0,-0,-0,-0,-0,
-0,-0,-0,-0,-0,-0,-0,-0,-0,-0,-0,-0,-0,-0,
-0,-0,-0,-0,-0,-0,-0,-0,-0,-0,-0,-0,-0,-0,
-0,-0,-0,-0,-0,-0,-0,-0,-0,-0,-0,-0,-0,-0,
-0,-0,-0,-0,-0,-0,-0,-0,-0,-0,-0,-0,-0,-0,
-0,-0,-0,-0,-0,-0,-0,-0,-0,-0,-0,-0,-0,-0,
-0,-0,-0,-0,-0,-0,-0,-0,-0,-0,-0,-0,-0,-0,
-0,-0,-0,-0,-0,-0,-0,-0,-0,-0,-0,-0,-0,-0,
-0,-0,-0,-0,-0,-0,-0,-0,-0,-0,-0,-0,-0,-0,
-0,-0,-0,-0,-0,-0,-0,-0,-0,-0,-0,-0,-0,-0,
-0,-0,-0,-0,-0,-0,-0,-0,-0,-0,-0,-0,-0,-0,
-0,-0,-0,-0,-0,-0,-0,-0,-0,-0,-0,-0,-0,-0,
-0,-0,-0,-0,-0,-0,-0,-0,-0,-0,-0,-0,-0,-0,
-0,-0,-0,-0,-0,-0,-0,-0,-0,-0,-0,-0,-0,-0,
-0,-0,-0,-0,-0,-0,-0,-0,-0,-0,-0,-0,-0,-0,
-0,-0,-0,-0,-0,-0,-0,-0,-0,-0,-0,-0,-0,-0,
-0,-0,-0,-0,-0,-0,-0,-0,-0,-0,-0,-0,-0,-0,
-0,-0,-0,-0,-0,-0,-0,-0,-0,-0,-0,-0,-0,-0,
-0,-0,-0,-0,-0,-0,-0,-0,-0,-0,-0,-0,-0,-0,
-0,-0,-0,-0,-0,-0,-0,-0,-0,-0,-0,-0,-0,-0,
-0,-0,-0,-0,-0,-0,-0,-0,-0,-0,-0,-0,-0,-0,
-0,-0,-0,-0,-0,-0,-0,-0,-0,-0,-0,-0,-0,-0,
-0,-0,-0,-0,-0,-0,-0,-0,-0,-0,-0,-0,-0,-0,
-0,-0,-0,-0,-0,-0,-0,-0,-0,-0,-0,-0,-0,-0,
-0,-0,-0,-0,-0,-0,-0,-0,-0,-0,-0,-0,-0,-0,
-0,-0,-0,-0,-0,-0,-0,-0,-0,-0,-0,-0,-0,-0,
-0,-0,-0,-0,-0,-0,-0,-0,-0,-0,-0,-0,-0,-0,
-0,-0,-0,-0,-0,-0,-0,-0,-0,-0,-0,-0,-0,-0,
-0,-0,-0,-0,-0,-0,-0,-0,-0,-0,-0,-0,-0,-0,
-0,-0,-0,-0,-0,-0,-0,-0,-0,-0,-0,-0,-0,-0,
-0,-0,-0,-0,-0,-0,-0,-0,-0,-0,-0,-0,-0,-0,
-0,-0,-0,-0,-0,-0,-0,-0,-0,-0,-0,-0,-0,-0,
-0,-0,-0,-0,-0,-0,-0,-0,-0,-0,-0,-0,-0,-0,
-0,-0,-0,-0,-0,-0,-0,-0,-0,-0,-0,-0,-0,-0,
-0,-0,-0,-0,-0,-0,-0,-0,-0,-0,-0,-0,-0,-0,
-0,-0,-0,-0,-0,-0,-0,-0,-0,-0,-0,-0,-0,-0,
-0,-0,-0,-0,-0,-0,-0,-0,-0,-0,-0,-0,-0,-0,
-0,-0,-0,-0,-0,-0,-0,-0,-0,-0,-0,-0,-0,-0,
-0,-0,-0,-0,-0,-0,-0,-0,-0,-0,-0,-0,-0,-0,
-0,-0,-0,-0,-0,-0,-0,-0,-0,-0,-0,-0,-0,-0,
-0,-0,-0,-0,-0,-0,-0,-0,-0,-0,-0,-0,-0,-0,
-0,-0,-0,-0,-0,-0,-0,-0,-0,-0,-0,-0,-0,-0,
-0,-0,-0,-0,-0,-0,-0,-0,-0,-0,-0,-0,-0,-0,
-0,-0,-0,-0,-0,-0,-0,-0,-0,-0,-0,-0,-0,-0,
-0,-0,-0,-0,-0,-0,-0,-0,-0,-0,-0,-0,-0,-0,
-0,-0,-0,-0,-0,-0,-0,-0,-0,-0,-0,-0,-0,-0,
-0,-0,-0,-0,-0,-0,-0,-0,-0,-0,-0,-0,-0,-0,
-0,-0,-0,-0,-0,-0,-0,-0,-0,-0,-0,-0,-0,-0,
-0,-0,-0,-0,-0,-0,-0,-0,-0,-0,-0,-0,-0,-0,
-0,-0,-0,-0,-0,-0,-0,-0,-0,-0,-0,-0,-0,-0,
-0,-0,-0,-0,-0,-0,-0,-0,-0,-0,-0,-0,-0,-0,
-0,-0,-0,-0,-0,-0,-0,-0,-0,-0,-0,-0,-0,-0,
-0,-0,-0,-0,-0,-0,-0,-0,-0,-0,-0,-0,-0,-0,
-0,-0,-0,-0,-0,-0,-0,-0,-0,-0,-0,-0,-0,-0,
-0,-0,-0,-0,-0,-0,-0,-0,-0,-0,-0,-0,-0,-0,
-0,-0,-0,-0,-0,-0,-0,-0,-0,-0,-0,-0,-0,-0,
-0,-0,-0,-0,-0,-0,-0,-0,-0,-0,-0,-0,-0,-0,
-0,-0,-0,-0,-0,-0,-0,-0,-0,-0,-0,-0,-0,-0,
-0,-0,-0,-0,-0,-0,-0,-0,-0,-0,-0,-0,-0,-0,
-0,-0,-0,-0,-0,-0,-0,-0,-0,-0,-0,-0,-0,-0,
-0,-0,-0,-0,-0,-0,-0,-0,-0,-0,-0,-0,-0,-0,
-0,-0,-0,-0,-0,-0,-0,-0,-0,-0,-0,-0,-0,-0,
-0,-0,-0,-0,-0,-0,-0,-0,-0,-0,-0,-0,-0,-0,
0.140584498644,0.140633940697,0.140536829829,0.140584498644,0.140584498644,0.140584498644,0.129478275776,0.152643844485,0.129478275776,0.152643844485,0.152696564794,0.12943354249,0.152696564794,0.12943354249,
0.142466545105,0.142659544945,0.142288267612,0.142479211092,0.142466545105,0.142479211092,0.131320506334,0.154563158751,0.131328746676,0.154572874308,0.154764682055,0.131149485707,0.154774397612,0.131157726049,
0.144368737936,0.144708827138,0.144055813551,0.144393339753,0.144368737936,0.144393339753,0.133184596896,0.156500384212,0.133200645447,0.15651923418,0.156854689121,0.132883727551,0.156873583794,0.132899746299,
0.144368737936,0.144708827138,0.144055813551,0.144393339753,0.144368737936,0.144393339753,0.133184596896,0.156500384212,0.133200645447,0.15651923418,0.156854689121,0.132883727551,0.156873583794,0.132899746299,
0.146276399493,0.146767556667,0.145825281739,0.146313101053,0.146276399493,0.146313101053,0.135056883097,0.158440113068,0.135080844164,0.158468201756,0.158951163292,0.134622633457,0.158979356289,0.134646505117,
0.144440427423,0.144011586905,0.144909977913,0.144440427423,0.144440427423,0.144440427423,0.132949784398,0.156934395432,0.132949784398,0.156934395432,0.156447634101,0.133364215493,0.156447634101,0.133364215493,
0.146460175514,0.146167516708,0.146806225181,0.146472960711,0.146460175514,0.146472960711,0.134920045733,0.159001797438,0.134928390384,0.159011617303,0.15865598619,0.135214924812,0.158665776253,0.135223269463,
0.148493975401,0.148343101144,0.148714244366,0.148522689939,0.148493975401,0.148522689939,0.136907160282,0.161081016064,0.136925891042,0.16110303998,0.160880371928,0.137078732252,0.160902351141,0.137097477913,
0.150542587042,0.150539442897,0.150634974241,0.150590777397,0.150542587042,0.150590777397,0.138912007213,0.163172870874,0.138943463564,0.163209825754,0.16312161088,0.138956487179,0.163158535957,0.13898794353,
0.148603230715,0.147589206696,0.149704769254,0.148603230715,0.148603230715,0.148603230715,0.136677414179,0.161590278149,0.136677414179,0.161590278149,0.160445526242,0.137654438615,0.160445526242,0.137654438615,
0.152932196856,0.152184873819,0.153809830546,0.152975857258,0.152932196856,0.152975857258,0.140892088413,0.166036337614,0.14092053473,0.166069850326,0.165158033371,0.141643226147,0.16519138217,0.141671806574,
0.155120298266,0.154512345791,0.155880376697,0.155185878277,0.155120298266,0.155185878277,0.143026530743,0.168279021978,0.143069282174,0.168329313397,0.167540088296,0.143659263849,0.167590156198,0.143702208996,
0.157314226031,0.156848862767,0.157952055335,0.15740005672,0.157314226031,0.15740005672,0.145169496536,0.170524030924,0.1452254951,0.170589819551,0.169928595424,0.145680084825,0.169994160533,0.145736306906,
0.15235671401,0.151390507817,0.153442904353,0.15235671401,0.15235671401,0.15235671401,0.140295401216,0.165484115481,0.140295401216,0.165484115481,0.164375126362,0.141244545579,0.164375126362,0.141244545579,
0.154552280903,0.153715208173,0.155525445938,0.154568374157,0.154552280903,0.154568374157,0.142432808876,0.167737692595,0.142443284392,0.167750030756,0.166760146618,0.143270403147,0.166772425175,0.143280923367,
0.158954098821,0.158381298184,0.159688100219,0.158994719386,0.158954098821,0.158994719386,0.146725162864,0.17224547267,0.146751672029,0.172276645899,0.171540811658,0.147330626845,0.171571835876,0.14735725522,
0.161135464907,0.160697832704,0.161742299795,0.161183491349,0.161135464907,0.161183491349,0.148856639862,0.174473106861,0.148887991905,0.174509868026,0.173910424113,0.149341017008,0.17394708097,0.149372473359,
0.158108711243,0.157256782055,0.159087374806,0.158112198114,0.158108711243,0.158112198114,0.14580321312,0.171484783292,0.145805463195,0.171487390995,0.170496344566,0.146650418639,0.170498996973,0.146652713418,
0.158108711243,0.157256782055,0.159087374806,0.158112198114,0.158108711243,0.158112198114,0.14580321312,0.171484783292,0.145805463195,0.171487390995,0.170496344566,0.146650418639,0.170498996973,0.146652713418,
0.160269677639,0.159542694688,0.161123603582,0.160273239017,0.160269677639,0.160273239017,0.147910162807,0.173694327474,0.147912487388,0.173697084188,0.172841191292,0.148642227054,0.172843918204,0.148644551635,
0.164496541023,0.164024174213,0.165087431669,0.164490833879,0.164496541023,0.164490833879,0.152040600777,0.17800308764,0.152036875486,0.177998706698,0.177430033684,0.152533680201,0.177425682545,0.152529925108,
0.166551083326,0.166208028793,0.167004168034,0.166536167264,0.166551083326,0.166536167264,0.154053121805,0.180090636015,0.154043331742,0.180079206824,0.179661989212,0.154422700405,0.179650589824,0.154412940145,
0.154815152287,0.155350103974,0.154439985752,0.154815152287,0.154815152287,0.154815152287,0.143374457955,0.167210206389,0.143374457955,0.167210206389,0.167703777552,0.14295488596,0.167703777552,0.14295488596,
0.156626403332,0.157287806273,0.156115874648,0.156614676118,0.156626403332,0.156614676118,0.14515440166,0.169043302536,0.145146727562,0.169034346938,0.169678196311,0.144613698125,0.169669210911,0.144606053829,
0.158388584852,0.159176900983,0.157739922404,0.158362612128,0.158388584852,0.158362612128,0.146889254451,0.17082233727,0.146872252226,0.170802548528,0.171600267291,0.146225810051,0.171580374241,0.146208882332,
0.161747276783,0.162790551782,0.160815924406,0.161687150598,0.161747276783,0.161687150598,0.15020570159,0.174200028181,0.150166213512,0.174154222012,0.175267875195,0.149293035269,0.175221800804,0.14925378561,
0.157705128193,0.157283231616,0.1582762748,0.157705128193,0.157705128193,0.157705128193,0.145657002926,0.170788794756,0.145657002926,0.170788794756,0.170253261924,0.146117031574,0.170253261924,0.146117031574,
0.159412384033,0.159099206328,0.159855827689,0.15939244628,0.159412384033,0.15939244628,0.147328957915,0.172519877553,0.147315949202,0.172504618764,0.172112226486,0.147679805756,0.172097012401,0.14766676724,
0.161057725549,0.160853937268,0.161371380091,0.161016345024,0.161057725549,0.161016345024,0.148943483829,0.174183920026,0.14891640842,0.174152284861,0.173905536532,0.149183809757,0.173873946071,0.149156704545,
0.162637636065,0.16254375875,0.162819847465,0.162573546171,0.162637636065,0.162573546171,0.150497063994,0.175777420402,0.150455102324,0.175728455186,0.175629466772,0.150625780225,0.175580516458,0.150583788753,
0.162310093641,0.16236898303,0.162370979786,0.162262052298,0.162310093641,0.162262052298,0.150278106332,0.175335556269,0.150246635079,0.175298810005,0.17533442378,0.150279149413,0.175297707319,0.150247707963,
0.163630455732,0.163792863488,0.163563266397,0.163556456566,0.163630455732,0.163556456566,0.151583477855,0.17665708065,0.151535004377,0.176600560546,0.176780983806,0.151477336884,0.1767244488,0.15142890811,
0.164877682924,0.165143549442,0.164682000875,0.164777249098,0.164877682924,0.164777249098,0.152819991112,0.177900895476,0.152754172683,0.177824258804,0.178149998188,0.152606442571,0.178073242307,0.152540713549,
0.166050538421,0.166419804096,0.165726408362,0.165923550725,0.166050538421,0.165923550725,0.153986364603,0.179065972567,0.153903096914,0.178969115019,0.179440110922,0.153665363789,0.179343104362,0.153582274914,
0.160713434219,0.161249488592,0.160349979997,0.160713434219,0.160713434219,0.160713434219,0.14898738265,0.173407226801,0.14898738265,0.173407226801,0.17389446497,0.148572385311,0.17389446497,0.148572385311,
0.162710517645,0.163444399834,0.162102118134,0.162659674883,0.162710517645,0.162659674883,0.150984019041,0.175377100706,0.150950655341,0.175338372588,0.176103264093,0.15036393702,0.176064372063,0.150330722332,
0.163569748402,0.164400011301,0.162841185927,0.163493275642,0.163569748402,0.163493275642,0.151849389076,0.176216185093,0.151799187064,0.17615789175,0.177059173584,0.151128932834,0.177000626922,0.151078984141,
0.164352402091,0.165278434753,0.16350479424,0.164250716567,0.164352402091,0.164250716567,0.152641996741,0.176974952221,0.152575194836,0.176897495985,0.177933827043,0.151821956038,0.177855923772,0.151755526662,
0.162158161402,0.162257149816,0.162235155702,0.162134334445,0.162158161402,0.162134334445,0.150198355317,0.175115317106,0.1501827389,0.175097122788,0.175128743052,0.150189325213,0.175110563636,0.150173708797,
0.162158161402,0.162257149816,0.162235155702,0.162134334445,0.162158161402,0.162134334445,0.150198355317,0.175115317106,0.1501827389,0.175097122788,0.175128743052,0.150189325213,0.175110563636,0.150173708797,
0.163352429867,0.163617089391,0.163219109178,0.163282185793,0.163352429867,0.163282185793,0.151415273547,0.176261380315,0.15136924386,0.17620781064,0.176477715373,0.151232168078,0.176424086094,0.151186183095,
0.163840085268,0.164186879992,0.163603782654,0.163748055696,0.163840085268,0.163748055696,0.151919543743,0.176720008254,0.15185919404,0.176649779081,0.177036225796,0.151650696993,0.176965892315,0.151590451598,
0.165267199278,0.164943143725,0.16577000916,0.16524630785,0.165267199278,0.16524630785,0.152952387929,0.178620219231,0.152938678861,0.178604260087,0.178174525499,0.153335526586,0.178158611059,0.153321817517,
0.165589258075,0.16534152627,0.165995955467,0.165548533201,0.165589258075,0.165548533201,0.153295174241,0.178909868002,0.153268486261,0.178878739476,0.178557157516,0.153598502278,0.178526103497,0.153571799397,
0.165840342641,0.165668323636,0.166152328253,0.165780678391,0.165840342641,0.165780678391,0.153570264578,0.179125383496,0.153531193733,0.179079830647,0.178864613175,0.153794705868,0.17881911993,0.153755560517,
0.165840342641,0.165668323636,0.166152328253,0.165780678391,0.165840342641,0.165780678391,0.153570264578,0.179125383496,0.153531193733,0.179079830647,0.178864613175,0.153794705868,0.17881911993,0.153755560517,
0.164775550365,0.164941966534,0.164832442999,0.164775550365,0.164775550365,0.164775550365,0.152746319771,0.177811741829,0.152746319771,0.177811741829,0.177871316671,0.152696087956,0.177871316671,0.152696087956,
0.16471119225,0.164946511388,0.164684280753,0.164696246386,0.16471119225,0.164696246386,0.152718424797,0.177700638771,0.152708634734,0.177689239383,0.177842617035,0.15259745717,0.177831187844,0.152587667108,
0.164581984282,0.164885252714,0.16447301209,0.164552941918,0.164581984282,0.164552941918,0.152628391981,0.177522152662,0.152609363198,0.177499994636,0.177744999528,0.152437984943,0.177722841501,0.152418941259,
0.164134860039,0.164570957422,0.163867354393,0.164080277085,0.164134860039,0.164080277085,0.152267485857,0.176969334483,0.152231663465,0.176927745342,0.177349343896,0.151942119002,0.177307635546,0.151906430721,
0.16583634913,0.16595299542,0.16594325006,0.16583634913,0.16583634913,0.16583634913,0.1537309587,0.178954318166,0.1537309587,0.178954318166,0.178960442543,0.15372723341,0.178960442543,0.15372723341,
0.165444821119,0.165624856949,0.165477007627,0.165433973074,0.165444821119,0.165433973074,0.153388664126,0.178504422307,0.15338152647,0.17849612236,0.178585022688,0.153320983052,0.178576722741,0.153313860297,
0.164994850755,0.165237188339,0.164954200387,0.164974018931,0.164994850755,0.164974018931,0.152990296483,0.17799384892,0.152976632118,0.177977949381,0.178147345781,0.152860015631,0.178131461143,0.152846351266,
0.16448764503,0.164791196585,0.164376080036,0.164457678795,0.16448764503,0.164457678795,0.15253700316,0.177423998713,0.152517348528,0.177401155233,0.17764878273,0.152345523238,0.177625894547,0.152325883508,
0.164470270276,0.164670243859,0.164477273822,0.164454728365,0.164470270276,0.164454728365,0.15247233212,0.177466198802,0.152462154627,0.177454322577,0.177571445704,0.152384012938,0.177559584379,0.152373850346,
0.164470270276,0.164670243859,0.164477273822,0.164454728365,0.164470270276,0.164454728365,0.15247233212,0.177466198802,0.152462154627,0.177454322577,0.177571445704,0.152384012938,0.177559584379,0.152373850346,
0.163720294833,0.163977235556,0.163663119078,0.163698509336,0.163720294833,0.163698509336,0.151785820723,0.176644742489,0.151771515608,0.176628127694,0.176815375686,0.151641428471,0.176798731089,0.151627123356,
0.162920191884,0.163232877851,0.162800729275,0.162892818451,0.162920191884,0.162892818451,0.151051178575,0.175771385431,0.151033222675,0.175750494003,0.17600569129,0.150852143764,0.17598477006,0.150834217668,
0.164797663689,0.164839118719,0.164979293942,0.164797663689,0.164797663689,0.164797663689,0.152708977461,0.177901983261,0.152708977461,0.177901983261,0.177827879786,0.152775213122,0.177827879786,0.152775213122,
0.164797663689,0.164839118719,0.164979293942,0.164797663689,0.164797663689,0.164797663689,0.152708977461,0.177901983261,0.152708977461,0.177901983261,0.177827879786,0.152775213122,0.177827879786,0.152775213122,
0.162823066115,0.162970066071,0.162887811661,0.162814468145,0.162823066115,0.162814468145,0.150879874825,0.175766855478,0.150874271989,0.175760298967,0.17581269145,0.150843128562,0.17580614984,0.150837495923,
0.161770105362,0.161968067288,0.161779135466,0.161758109927,0.161770105362,0.161758109927,0.149902388453,0.174631208181,0.149894535542,0.174622058868,0.174734592438,0.149816215038,0.174725458026,0.149808377028,
0.164341971278,0.163757771254,0.165126979351,0.164341971278,0.164341971278,0.164341971278,0.151952594519,0.177793502808,0.151952594519,0.177793502808,0.177056387067,0.152587845922,0.177056387067,0.152587845922,
0.163159385324,0.162629932165,0.163885891438,0.163157463074,0.163159385324,0.163157463074,0.150852665305,0.176521062851,0.150851398706,0.176519587636,0.175844937563,0.151435375214,0.175843462348,0.151434123516,
0.163159385324,0.162629932165,0.163885891438,0.163157463074,0.163159385324,0.163157463074,0.150852665305,0.176521062851,0.150851398706,0.176519587636,0.175844937563,0.151435375214,0.175843462348,0.151434123516,
0.160671532154,0.160248458385,0.161285504699,0.160667181015,0.160671532154,0.160667181015,0.148535758257,0.173848241568,0.148532927036,0.17384493351,0.173289954662,0.149016916752,0.173286676407,0.14901407063,
0.159372806549,0.159001216292,0.159932851791,0.159367889166,0.159372806549,0.159367889166,0.147324979305,0.172454714775,0.147321775556,0.172450944781,0.171953216195,0.147757261992,0.171949476004,0.147754043341,
0.160338774323,0.159786060452,0.161085501313,0.160338535905,0.160338774323,0.160338535905,0.148158207536,0.173570945859,0.148158058524,0.173570811749,0.172871038318,0.148760735989,0.172870859504,0.148760601878,
0.160338774323,0.159786060452,0.161085501313,0.160338535905,0.160338774323,0.160338535905,0.148158207536,0.173570945859,0.148158058524,0.173570811749,0.172871038318,0.148760735989,0.172870859504,0.148760601878,
0.158918172121,0.158415555954,0.159612879157,0.158918097615,0.158918172121,0.158918097615,0.146830931306,0.172050252557,0.146830901504,0.172050207853,0.171405255795,0.147386074066,0.171405225992,0.147386044264,
0.155985578895,0.155579522252,0.156580328941,0.155986234546,0.155985578895,0.155986234546,0.144089356065,0.168913096189,0.144089773297,0.16891361773,0.168373942375,0.144553348422,0.168374434114,0.144553780556,
0.157890677452,0.157876700163,0.158070579171,0.157891198993,0.157890677452,0.157891198993,0.146043717861,0.170742094517,0.146044075489,0.170742511749,0.170638754964,0.146134540439,0.170639157295,0.146134898067,
0.157890677452,0.157876700163,0.158070579171,0.157891198993,0.157890677452,0.157891198993,0.146043717861,0.170742094517,0.146044075489,0.170742511749,0.170638754964,0.146134540439,0.170639157295,0.146134898067,
0.156260207295,0.156288489699,0.156397134066,0.156261757016,0.156260207295,0.156261757016,0.144515186548,0.169003114104,0.14451622963,0.169004276395,0.168945774436,0.144566595554,0.168946951628,0.144567623734,
0.154605969787,0.154675215483,0.154701441526,0.154608801007,0.154605969787,0.154608801007,0.142964094877,0.167239159346,0.142965942621,0.167241334915,0.167226374149,0.142977386713,0.167228519917,0.142979219556,
0.157149299979,0.157519936562,0.156901553273,0.157149299979,0.157149299979,0.157149299979,0.145458474755,0.169811606407,0.145458474755,0.169811606407,0.170147284865,0.145173549652,0.170147284865,0.145173549652,
0.155322238803,0.155729219317,0.155039578676,0.155324861407,0.155322238803,0.155324861407,0.143741935492,0.167867779732,0.143743649125,0.167869791389,0.168242082,0.143424153328,0.168244123459,0.143425866961,
0.153477624059,0.1539195925,0.153161674738,0.153483137488,0.153477624059,0.153483137488,0.142008841038,0.165905535221,0.14201246202,0.16590975225,0.166316881776,0.141659617424,0.166321113706,0.141663238406,
0.153477624059,0.1539195925,0.153161674738,0.153483137488,0.153477624059,0.153483137488,0.142008841038,0.165905535221,0.14201246202,0.16590975225,0.166316881776,0.141659617424,0.166321113706,0.141663238406,
0.153274178505,0.152550563216,0.154103219509,0.153274178505,0.153274178505,0.153274178505,0.141256630421,0.166340574622,0.141256630421,0.166340574622,0.165501564741,0.141974598169,0.165501564741,0.141974598169,
0.149504452944,0.148873746395,0.150244623423,0.149511754513,0.149504452944,0.149511754513,0.137726470828,0.162317827344,0.137731209397,0.162323400378,0.161576643586,0.1383600384,0.16158221662,0.138364806771,
0.147575438023,0.146988987923,0.148273825645,0.147586837411,0.147575438023,0.147586837411,0.135919734836,0.160259783268,0.135927155614,0.16026853025,0.159564971924,0.136513382196,0.159573659301,0.136520832777,
0.145635053515,0.145091563463,0.146292984486,0.145650550723,0.145635053515,0.145650550723,0.134102493525,0.158189490438,0.134112596512,0.158201381564,0.157539620996,0.134657427669,0.157551467419,0.134667590261,
0.146409109235,0.146292418242,0.146610587835,0.146413505077,0.146409109235,0.146413505077,0.135006949306,0.158796474338,0.13500982523,0.158799842,0.158625006676,0.135154485703,0.158628389239,0.135157346725,
0.142317995429,0.142271623015,0.14245660603,0.142332196236,0.142317995429,0.142332196236,0.13116954267,0.154438734055,0.131178796291,0.154449656606,0.154339358211,0.131255567074,0.154350250959,0.131264820695,
0.142317995429,0.142271623015,0.14245660603,0.142332196236,0.142317995429,0.142332196236,0.13116954267,0.154438734055,0.131178796291,0.154449656606,0.154339358211,0.131255567074,0.154350250959,0.131264820695,
0.14026452601,0.140251204371,0.140373468399,0.14028327167,0.14026452601,0.14028327167,0.129243806005,0.152250885963,0.129256010056,0.152265280485,0.152185469866,0.129300877452,0.152199834585,0.129313111305,
0.144538268447,0.143820762634,0.145299166441,0.144538268447,0.144538268447,0.144538268447,0.132912740111,0.157190978527,0.132912740111,0.157190978527,0.156389668584,0.133594512939,0.156389668584,0.133594512939,
0.142379686236,0.141705781221,0.143102064729,0.142385691404,0.142379686236,0.142385691404,0.130892112851,0.15488755703,0.130896016955,0.15489217639,0.154130488634,0.131535768509,0.154135093093,0.131539702415,
0.138058394194,0.137467727065,0.138707309961,0.138076007366,0.138058394194,0.138076007366,0.126848295331,0.150274664164,0.126859739423,0.150288209319,0.149602100253,0.127419278026,0.149615585804,0.127430766821,
0.135897874832,0.135346859694,0.136511787772,0.135921046138,0.135897874832,0.135921046138,0.124827206135,0.147967472672,0.124842256308,0.147985324264,0.147335201502,0.125363603234,0.147352963686,0.125378713012,
0.140403851867,0.140298455954,0.140511676669,0.140403851867,0.140403851867,0.140403851867,0.129237294197,0.15253585577,0.129237294197,0.15253585577,0.152420073748,0.129335463047,0.152420073748,0.129335463047,
0.138134479523,0.138062477112,0.138216257095,0.138141900301,0.138134479523,0.138141900301,0.12711058557,0.150117427111,0.127115398645,0.150123119354,0.150033906102,0.127181351185,0.150039583445,0.127186179161,
0.135870352387,0.13583034277,0.135927200317,0.135884910822,0.135870352387,0.135884910822,0.124989315867,0.147703886032,0.124998793006,0.147715061903,0.147651255131,0.125033870339,0.147662445903,0.125043332577,
0.131360143423,0.131380021572,0.131370484829,0.131388187408,0.131360143423,0.131388187408,0.120765402913,0.142893865705,0.120783634484,0.142915442586,0.14289906621,0.120761021972,0.14292062819,0.120779246092,
-0,-0,-0,-0,-0,-0,-0,-0,-0,-0,-0,-0,-0,-0,
-0,-0,-0,-0,-0,-0,-0,-0,-0,-0,-0,-0,-0,-0,
-0,-0,-0,-0,-0,-0,-0,-0,-0,-0,-0,-0,-0,-0,
-0,-0,-0,-0,-0,-0,-0,-0,-0,-0,-0,-0,-0,-0,
-0,-0,-0,-0,-0,-0,-0,-0,-0,-0,-0,-0,-0,-0,
-0,-0,-0,-0,-0,-0,-0,-0,-0,-0,-0,-0,-0,-0,
-0,-0,-0,-0,-0,-0,-0,-0,-0,-0,-0,-0,-0,-0,
-0,-0,-0,-0,-0,-0,-0,-0,-0,-0,-0,-0,-0,-0,
-0,-0,-0,-0,-0,-0,-0,-0,-0,-0,-0,-0,-0,-0,
-0,-0,-0,-0,-0,-0,-0,-0,-0,-0,-0,-0,-0,-0,
-0,-0,-0,-0,-0,-0,-0,-0,-0,-0,-0,-0,-0,-0,
-0,-0,-0,-0,-0,-0,-0,-0,-0,-0,-0,-0,-0,-0,
-0,-0,-0,-0,-0,-0,-0,-0,-0,-0,-0,-0,-0,-0,
-0,-0,-0,-0,-0,-0,-0,-0,-0,-0,-0,-0,-0,-0,
-0,-0,-0,-0,-0,-0,-0,-0,-0,-0,-0,-0,-0,-0,
-0,-0,-0,-0,-0,-0,-0,-0,-0,-0,-0,-0,-0,-0,
-0,-0,-0,-0,-0,-0,-0,-0,-0,-0,-0,-0,-0,-0,
-0,-0,-0,-0,-0,-0,-0,-0,-0,-0,-0,-0,-0,-0,
-0,-0,-0,-0,-0,-0,-0,-0,-0,-0,-0,-0,-0,-0,
-0,-0,-0,-0,-0,-0,-0,-0,-0,-0,-0,-0,-0,-0,
-0,-0,-0,-0,-0,-0,-0,-0,-0,-0,-0,-0,-0,-0,
-0,-0,-0,-0,-0,-0,-0,-0,-0,-0,-0,-0,-0,-0,
-0,-0,-0,-0,-0,-0,-0,-0,-0,-0,-0,-0,-0,-0,
-0,-0,-0,-0,-0,-0,-0,-0,-0,-0,-0,-0,-0,-0,
-0,-0,-0,-0,-0,-0,-0,-0,-0,-0,-0,-0,-0,-0,
-0,-0,-0,-0,-0,-0,-0,-0,-0,-0,-0,-0,-0,-0,
-0,-0,-0,-0,-0,-0,-0,-0,-0,-0,-0,-0,-0,-0,
-0,-0,-0,-0,-0,-0,-0,-0,-0,-0,-0,-0,-0,-0,
-0,-0,-0,-0,-0,-0,-0,-0,-0,-0,-0,-0,-0,-0,
-0,-0,-0,-0,-0,-0,-0,-0,-0,-0,-0,-0,-0,-0,
-0,-0,-0,-0,-0,-0,-0,-0,-0,-0,-0,-0,-0,-0,
-0,-0,-0,-0,-0,-0,-0,-0,-0,-0,-0,-0,-0,-0,
-0,-0,-0,-0,-0,-0,-0,-0,-0,-0,-0,-0,-0,-0,
-0,-0,-0,-0,-0,-0,-0,-0,-0,-0,-0,-0,-0,-0,
-0,-0,-0,-0,-0,-0,-0,-0,-0,-0,-0,-0,-0,-0,
-0,-0,-0,-0,-0,-0,-0,-0,-0,-0,-0,-0,-0,-0,
-0,-0,-0,-0,-0,-0,-0,-0,-0,-0,-0,-0,-0,-0,
-0,-0,-0,-0,-0,-0,-0,-0,-0,-0,-0,-0,-0,-0,
-0,-0,-0,-0,-0,-0,-0,-0,-0,-0,-0,-0,-0,-0,
-0,-0,-0,-0,-0,-0,-0,-0,-0,-0,-0,-0,-0,-0,
-0,-0,-0,-0,-0,-0,-0,-0,-0,-0,-0,-0,-0,-0,
-0,-0,-0,-0,-0,-0,-0,-0,-0,-0,-0,-0,-0,-0,
-0,-0,-0,-0,-0,-0,-0,-0,-0,-0,-0,-0,-0,-0,
-0,-0,-0,-0,-0,-0,-0,-0,-0,-0,-0,-0,-0,-0,
-0,-0,-0,-0,-0,-0,-0,-0,-0,-0,-0,-0,-0,-0,
-0,-0,-0,-0,-0,-0,-0,-0,-0,-0,-0,-0,-0,-0,
-0,-0,-0,-0,-0,-0,-0,-0,-0,-0,-0,-0,-0,-0,
-0,-0,-0,-0,-0,-0,-0,-0,-0,-0,-0,-0,-0,-0,
-0,-0,-0,-0,-0,-0,-0,-0,-0,-0,-0,-0,-0,-0,
-0,-0,-0,-0,-0,-0,-0,-0,-0,-0,-0,-0,-0,-0,
-0,-0,-0,-0,-0,-0,-0,-0,-0,-0,-0,-0,-0,-0,
-0,-0,-0,-0,-0,-0,-0,-0,-0,-0,-0,-0,-0,-0,
-0,-0,-0,-0,-0,-0,-0,-0,-0,-0,-0,-0,-0,-0,
-0,-0,-0,-0,-0,-0,-0,-0,-0,-0,-0,-0,-0,-0,
-0,-0,-0,-0,-0,-0,-0,-0,-0,-0,-0,-0,-0,-0,
-0,-0,-0,-0,-0,-0,-0,-0,-0,-0,-0,-0,-0,-0,
-0,-0,-0,-0,-0,-0,-0,-0,-0,-0,-0,-0,-0,-0,
-0,-0,-0,-0,-0,-0,-0,-0,-0,-0,-0,-0,-0,-0,
-0,-0,-0,-0,-0,-0,-0,-0,-0,-0,-0,-0,-0,-0,
-0,-0,-0,-0,-0,-0,-0,-0,-0,-0,-0,-0,-0,-0,
-0,-0,-0,-0,-0,-0,-0,-0,-0,-0,-0,-0,-0,-0,
-0,-0,-0,-0,-0,-0,-0,-0,-0,-0,-0,-0,-0,-0,
-0,-0,-0,-0,-0,-0,-0,-0,-0,-0,-0,-0,-0,-0,
-0,-0,-0,-0,-0,-0,-0,-0,-0,-0,-0,-0,-0,-0,
-0,-0,-0,-0,-0,-0,-0,-0,-0,-0,-0,-0,-0,-0,
-0,-0,-0,-0,-0,-0,-0,-0,-0,-0,-0,-0,-0,-0,
-0,-0,-0,-0,-0,-0,-0,-0,-0,-0,-0,-0,-0,-0,
-0,-0,-0,-0,-0,-0,-0,-0,-0,-0,-0,-0,-0,-0,
-0,-0,-0,-0,-0,-0,-0,-0,-0,-0,-0,-0,-0,-0,
-0,-0,-0,-0,-0,-0,-0,-0,-0,-0,-0,-0,-0,-0,
-0,-0,-0,-0,-0,-0,-0,-0,-0,-0,-0,-0,-0,-0,
-0,-0,-0,-0,-0,-0,-0,-0,-0,-0,-0,-0,-0,-0,
-0,-0,-0,-0,-0,-0,-0,-0,-0,-0,-0,-0,-0,-0,
-0,-0,-0,-0,-0,-0,-0,-0,-0,-0,-0,-0,-0,-0,
-0,-0,-0,-0,-0,-0,-0,-0,-0,-0,-0,-0,-0,-0,
-0,-0,-0,-0,-0,-0,-0,-0,-0,-0,-0,-0,-0,-0,
-0,-0,-0,-0,-0,-0,-0,-0,-0,-0,-0,-0,-0,-0,
-0,-0,-0,-0,-0,-0,-0,-0,-0,-0,-0,-0,-0,-0,
-0,-0,-0,-0,-0,-0,-0,-0,-0,-0,-0,-0,-0,-0,
-0,-0,-0,-0,-0,-0,-0,-0,-0,-0,-0,-0,-0,-0,
-0,-0,-0,-0,-0,-0,-0,-0,-0,-0,-0,-0,-0,-0,
-0,-0,-0,-0,-0,-0,-0,-0,-0,-0,-0,-0,-0,-0,
-0,-0,-0,-0,-0,-0,-0,-0,-0,-0,-0,-0,-0,-0,
-0,-0,-0,-0,-0,-0,-0,-0,-0,-0,-0,-0,-0,-0,
-0,-0,-0,-0,-0,-0,-0,-0,-0,-0,-0,-0,-0,-0,
-0,-0,-0,-0,-0,-0,-0,-0,-0,-0,-0,-0,-0,-0,
-0,-0,-0,-0,-0,-0,-0,-0,-0,-0,-0,-0,-0,-0,
-0,-0,-0,-0,-0,-0,-0,-0,-0,-0,-0,-0,-0,-0,
-0,-0,-0,-0,-0,-0,-0,-0,-0,-0,-0,-0,-0,-0,
-0,-0,-0,-0,-0,-0,-0,-0,-0,-0,-0,-0,-0,-0,
-0,-0,-0,-0,-0,-0,-0,-0,-0,-0,-0,-0,-0,-0,
-0,-0,-0,-0,-0,-0,-0,-0,-0,-0,-0,-0,-0,-0,
-0,-0,-0,-0,-0,-0,-0,-0,-0,-0,-0,-0,-0,-0,
-0,-0,-0,-0,-0,-0,-0,-0,-0,-0,-0,-0,-0,-0,
-0,-0,-0,-0,-0,-0,-0,-0,-0,-0,-0,-0,-0,-0,
-0,-0,-0,-0,-0,-0,-0,-0,-0,-0,-0,-0,-0,-0,
-0,-0,-0,-0,-0,-0,-0,-0,-0,-0,-0,-0,-0,-0,
-0,-0,-0,-0,-0,-0,-0,-0,-0,-0,-0,-0,-0,-0,
-0,-0,-0,-0,-0,-0,-0,-0,-0,-0,-0,-0,-0,-0,
-0,-0,-0,-0,-0,-0,-0,-0,-0,-0,-0,-0,-0,-0,
-0,-0,-0,-0,-0,-0,-0,-0,-0,-0,-0,-0,-0,-0,
-0,-0,-0,-0,-0,-0,-0,-0,-0,-0,-0,-0,-0,-0,
-0,-0,-0,-0,-0,-0,-0,-0,-0,-0,-0,-0,-0,-0,
-0,-0,-0,-0,-0,-0,-0,-0,-0,-0,-0,-0,-0,-0,
-0,-0,-0,-0,-0,-0,-0,-0,-0,-0,-0,-0,-0,-0,
-0,-0,-0,-0,-0,-0,-0,-0,-0,-0,-0,-0,-0,-0,
-0,-0,-0,-0,-0,-0,-0,-0,-0,-0,-0,-0,-0,-0,
-0,-0,-0,-0,-0,-0,-0,-0,-0,-0,-0,-0,-0,-0,
-0,-0,-0,-0,-0,-0,-0,-0,-0,-0,-0,-0,-0,-0,
-0,-0,-0,-0,-0,-0,-0,-0,-0,-0,-0,-0,-0,-0,
-0,-0,-0,-0,-0,-0,-0,-0,-0,-0,-0,-0,-0,-0,
-0,-0,-0,-0,-0,-0,-0,-0,-0,-0,-0,-0,-0,-0,
-0,-0,-0,-0,-0,-0,-0,-0,-0,-0,-0,-0,-0,-0,
-0,-0,-0,-0,-0,-0,-0,-0,-0,-0,-0,-0,-0,-0,
-0,-0,-0,-0,-0,-0,-0,-0,-0,-0,-0,-0,-0,-0,
-0,-0,-0,-0,-0,-0,-0,-0,-0,-0,-0,-0,-0,-0,
-0,-0,-0,-0,-0,-0,-0,-0,-0,-0,-0,-0,-0,-0,
-0,-0,-0,-0,-0,-0,-0,-0,-0,-0,-0,-0,-0,-0,
-0,-0,-0,-0,-0,-0,-0,-0,-0,-0,-0,-0,-0,-0,
-0,-0,-0,-0,-0,-0,-0,-0,-0,-0,-0,-0,-0,-0,
-0,-0,-0,-0,-0,-0,-0,-0,-0,-0,-0,-0,-0,-0,
-0,-0,-0,-0,-0,-0,-0,-0,-0,-0,-0,-0,-0,-0,
-0,-0,-0,-0,-0,-0,-0,-0,-0,-0,-0,-0,-0,-0,
-0,-0,-0,-0,-0,-0,-0,-0,-0,-0,-0,-0,-0,-0,
-0,-0,-0,-0,-0,-0,-0,-0,-0,-0,-0,-0,-0,-0,
-0,-0,-0,-0,-0,-0,-0,-0,-0,-0,-0,-0,-0,-0,
-0,-0,-0,-0,-0,-0,-0,-0,-0,-0,-0,-0,-0,-0,
-0,-0,-0,-0,-0,-0,-0,-0,-0,-0,-0,-0,-0,-0,
-0,-0,-0,-0,-0,-0,-0,-0,-0,-0,-0,-0,-0,-0,
-0,-0,-0,-0,-0,-0,-0,-0,-0,-0,-0,-0,-0,-0,
-0,-0,-0,-0,-0,-0,-0,-0,-0,-0,-0,-0,-0,-0,
-0,-0,-0,-0,-0,-0,-0,-0,-0,-0,-0,-0,-0,-0,
-0,-0,-0,-0,-0,-0,-0,-0,-0,-0,-0,-0,-0,-0,
-0,-0,-0,-0,-0,-0,-0,-0,-0,-0,-0,-0,-0,-0,
-0,-0,-0,-0,-0,-0,-0,-0,-0,-0,-0,-0,-0,-0,
-0,-0,-0,-0,-0,-0,-0,-0,-0,-0,-0,-0,-0,-0,
-0,-0,-0,-0,-0,-0,-0,-0,-0,-0,-0,-0,-0,-0,
-0,-0,-0,-0,-0,-0,-0,-0,-0,-0,-0,-0,-0,-0,
-0,-0,-0,-0,-0,-0,-0,-0,-0,-0,-0,-0,-0,-0,
-0,-0,-0,-0,-0,-0,-0,-0,-0,-0,-0,-0,-0,-0,
-0,-0,-0,-0,-0,-0,-0,-0,-0,-0,-0,-0,-0,-0,
-0,-0,-0,-0,-0,-0,-0,-0,-0,-0,-0,-0,-0,-0,
0.147419542074,0.147641539574,0.14720711112,0.147426694632,0.147419542074,0.147426694632,0.13601462543,0.159783571959,0.136019289494,0.159789055586,0.160019204021,0.135814398527,0.160024702549,0.135819047689,
0.149921327829,0.150251835585,0.149608150125,0.14993584156,0.149921327829,0.14993584156,0.138430386782,0.162371248007,0.13843986392,0.162382379174,0.1627202034,0.138133570552,0.162731349468,0.138143032789,
0.152453035116,0.152895599604,0.152035653591,0.152474880219,0.152453035116,0.152474880219,0.140877693892,0.164986938238,0.140891969204,0.165003657341,0.165452927351,0.140480965376,0.165469676256,0.140495210886,
0.149183645844,0.150075778365,0.148303180933,0.149183645844,0.149183645844,0.149183645844,0.138007283211,0.161266162992,0.138007283211,0.161266162992,0.162227869034,0.137190505862,0.162227869034,0.137190505862,
0.151684269309,0.15269702673,0.150690853596,0.151690483093,0.151684269309,0.151690483093,0.140430301428,0.163843125105,0.140434369445,0.163847878575,0.164930984378,0.139505445957,0.164935752749,0.139509484172,
0.154216974974,0.155355453491,0.153108298779,0.154231995344,0.154216974974,0.154231995344,0.142887488008,0.166450604796,0.142897322774,0.166462063789,0.1676684618,0.141851007938,0.1676800102,0.141860768199,
0.154216974974,0.155355453491,0.153108298779,0.154231995344,0.154216974974,0.154231995344,0.142887488008,0.166450604796,0.142897322774,0.166462063789,0.1676684618,0.141851007938,0.1676800102,0.141860768199,
0.15266919136,0.154736757278,0.150647133589,0.15266919136,0.15266919136,0.15266919136,0.14189632237,0.164263278246,0.14189632237,0.164263278246,0.166479691863,0.14001005888,0.166479691863,0.14001005888,
0.157654136419,0.160019397736,0.155374377966,0.157686710358,0.157654136419,0.157686710358,0.146763846278,0.169366240501,0.146785274148,0.169390976429,0.171881020069,0.144619509578,0.171906113625,0.144640624523,
0.160190448165,0.162711590528,0.157777607441,0.160241737962,0.160190448165,0.160241737962,0.149244815111,0.171958446503,0.149278610945,0.171997383237,0.174628272653,0.146966069937,0.174667805433,0.146999359131,
0.162753179669,0.16543392837,0.160203352571,0.162822768092,0.162753179669,0.162822768092,0.151754468679,0.174574494362,0.151800334454,0.174627244473,0.177403315902,0.149337664247,0.177456945181,0.149382814765,
0.156666338444,0.15959790349,0.153828650713,0.156681001186,0.156666338444,0.156681001186,0.146130338311,0.167973309755,0.146140009165,0.167984440923,0.1710947752,0.143465295434,0.171106114984,0.143474817276,
0.156666338444,0.15959790349,0.153828650713,0.156681001186,0.156666338444,0.156681001186,0.146130338311,0.167973309755,0.146140009165,0.167984440923,0.1710947752,0.143465295434,0.171106114984,0.143474817276,
0.161631524563,0.164884090424,0.158505558968,0.161668270826,0.161631524563,0.161668270826,0.151000544429,0.17302942276,0.15102481842,0.173057228327,0.17647716403,0.148051530123,0.176505535841,0.148075327277,
0.164120569825,0.167536169291,0.160843715072,0.16416375339,0.164120569825,0.16416375339,0.153446033597,0.175558269024,0.153474569321,0.175590917468,0.179174020886,0.150350496173,0.179207339883,0.150378465652,
0.160401582718,0.164340749383,0.156582981348,0.160401582718,0.160401582718,0.160401582718,0.15019865334,0.171302765608,0.15019865334,0.171302765608,0.175497233868,0.14661256969,0.175497233868,0.14661256969,
0.162766963243,0.166872024536,0.158787429333,0.162764936686,0.162766963243,0.162764936686,0.152530536056,0.173694968224,0.152529209852,0.173693478107,0.178064152598,0.148791670799,0.178062587976,0.148790374398,
0.162766963243,0.166872024536,0.158787429333,0.162764936686,0.162766963243,0.162764936686,0.152530536056,0.173694968224,0.152529209852,0.173693478107,0.178064152598,0.148791670799,0.178062587976,0.148790374398,
0.16744017601,0.171878442168,0.163127958775,0.167423993349,0.16744017601,0.167423993349,0.157146200538,0.178408816457,0.1571354568,0.178396612406,0.183133736253,0.153095647693,0.183121204376,0.153085172176,
0.16973631084,0.1743414253,0.165252923965,0.169708117843,0.16973631084,0.169708117843,0.159418523312,0.180718526244,0.159399807453,0.180697306991,0.185623928905,0.155209600925,0.185602128506,0.155191376805,
0.160116717219,0.164605423808,0.155779927969,0.160116717219,0.160116717219,0.160116717219,0.150226533413,0.170664429665,0.150226533413,0.170664429665,0.175434201956,0.146145403385,0.175434201956,0.146145403385,
0.162273570895,0.166920661926,0.157770320773,0.162257775664,0.162273570895,0.162257775664,0.152359619737,0.172834128141,0.152349129319,0.172822266817,0.177777528763,0.148126333952,0.177765309811,0.148116156459,
0.164391174912,0.169196367264,0.159719318151,0.164356887341,0.164391174912,0.164356887341,0.154456928372,0.174960181117,0.154434144497,0.174934387207,0.18007811904,0.150070548058,0.180051550269,0.150048404932,
0.164391174912,0.169196367264,0.159719318151,0.164356887341,0.164391174912,0.164356887341,0.154456928372,0.174960181117,0.154434144497,0.174934387207,0.18007811904,0.150070548058,0.180051550269,0.150048404932,
0.16646425426,0.171426981688,0.161622017622,0.166408926249,0.16646425426,0.166408926249,0.156513288617,0.177037224174,0.156476527452,0.176995635033,0.182330325246,0.151973113418,0.182287484407,0.151937395334,
0.163697838783,0.168815925717,0.158726245165,0.163650229573,0.163697838783,0.163650229573,0.153984978795,0.174018919468,0.153953298926,0.173983126879,0.179464906454,0.149312674999,0.179427981377,0.149281963706,
0.163697838783,0.168815925717,0.158726245165,0.163650229573,0.163697838783,0.163650229573,0.153984978795,0.174018919468,0.153953298926,0.173983126879,0.179464906454,0.149312674999,0.179427981377,0.149281963706,
0.165533363819,0.1707983464,0.160395607352,0.165458112955,0.165533363819,0.165458112955,0.155811548233,0.175848811865,0.15576146543,0.175792276859,0.181462019682,0.150992274284,0.181403696537,0.150943741202,
0.167308360338,0.172719120979,0.162004351616,0.167204126716,0.167308360338,0.167204126716,0.15758125484,0.177614033222,0.157511800528,0.177535772324,0.183393925428,0.152615398169,0.18331310153,0.152548149228,
0.164692431688,0.169933885336,0.159588515759,0.164634972811,0.164692431688,0.164634972811,0.154989108443,0.174994245172,0.154950872064,0.174951061606,0.180577412248,0.150197446346,0.180532872677,0.15016040206,
0.164692431688,0.169933885336,0.159588515759,0.164634972811,0.164692431688,0.164634972811,0.154989108443,0.174994245172,0.154950872064,0.174951061606,0.180577412248,0.150197446346,0.180532872677,0.15016040206,
0.166206181049,0.171580404043,0.160944804549,0.166116043925,0.166206181049,0.166116043925,0.15650357306,0.176491245627,0.156443536282,0.176423564553,0.182229653001,0.151575610042,0.182159766555,0.151517495513,
0.167649701238,0.173155248165,0.162231996655,0.167526498437,0.167649701238,0.167526498437,0.157951340079,0.17791429162,0.157869264483,0.177821829915,0.183806523681,0.152888298035,0.183710992336,0.152808845043,
0.167649701238,0.173155248165,0.162231996655,0.167526498437,0.167649701238,0.167526498437,0.157951340079,0.17791429162,0.157869264483,0.177821829915,0.183806523681,0.152888298035,0.183710992336,0.152808845043,
0.172349229455,0.17754329741,0.167336955667,0.172349229455,0.172349229455,0.172349229455,0.162221908569,0.183115005493,0.162221908569,0.183115005493,0.188618883491,0.15749193728,0.188618883491,0.15749193728,
0.173713982105,0.179036080837,0.168548449874,0.17368131876,0.173713982105,0.17368131876,0.163594067097,0.184456020594,0.163572311401,0.184431493282,0.190110355616,0.158732071519,0.190085083246,0.158710971475,
0.176026284695,0.18159134686,0.170563474298,0.175924494863,0.176026284695,0.175924494863,0.165936753154,0.186703979969,0.165868908167,0.186627626419,0.192647397518,0.16082111001,0.192568615079,0.160755366087,
0.17706489563,0.182749718428,0.171457275748,0.176930561662,0.17706489563,0.176930561662,0.166995853186,0.187705695629,0.166906252503,0.187604993582,0.193790659308,0.161755979061,0.193686679006,0.161669194698,
0.170272424817,0.17635923624,0.164405375719,0.170242607594,0.170272424817,0.170242607594,0.160766661167,0.180339992046,0.160746768117,0.180317670107,0.18678304553,0.155224144459,0.186759918928,0.15520490706,
0.171621531248,0.177920982242,0.165496110916,0.171530649066,0.171621531248,0.171530649066,0.162177950144,0.181595876813,0.162117183208,0.181527867913,0.188291162252,0.156414285302,0.188220635056,0.156355708838,
0.172182887793,0.17858555913,0.165932819247,0.172062888741,0.172182887793,0.172062888741,0.162774518132,0.182106941938,0.162694275379,0.182017177343,0.188924267888,0.156903907657,0.188831165433,0.156826555729,
0.169089466333,0.175675690174,0.162787646055,0.169089466333,0.169089466333,0.169089466333,0.159920960665,0.178792878985,0.159920960665,0.178792878985,0.185737013817,0.153944194317,0.185737013817,0.153944194317,
0.169556424022,0.176242485642,0.163135334849,0.169529169798,0.169556424022,0.169529169798,0.160425871611,0.179207503796,0.160407647491,0.179187133908,0.186269000173,0.154346287251,0.186247840524,0.154328748584,
0.169819965959,0.176598012447,0.163287818432,0.169766098261,0.169819965959,0.169766098261,0.160733222961,0.179413020611,0.160697177052,0.179372787476,0.186583444476,0.154558435082,0.186541587114,0.154523774981,
0.170134186745,0.177088826895,0.163390338421,0.17003017664,0.170134186745,0.17003017664,0.16114166379,0.179605692625,0.16107198596,0.179528042674,0.186984479427,0.154784873128,0.186903640628,0.154717952013,
0.173689872026,0.180513262749,0.167154937983,0.173689872026,0.173689872026,0.173689872026,0.164413914084,0.18349686265,0.164413914084,0.18349686265,0.190689146519,0.158214375377,0.190689146519,0.158214375377,
0.173565343022,0.180468320847,0.166935220361,0.173542827368,0.173565343022,0.173542827368,0.164344862103,0.183303818107,0.164329811931,0.183287024498,0.190590113401,0.15806363523,0.19057264924,0.158049166203,
0.173373803496,0.180353969336,0.166652217507,0.173330113292,0.173373803496,0.173330113292,0.164210751653,0.183042317629,0.164181470871,0.183009698987,0.190419405699,0.15785074234,0.190385475755,0.157822594047,
0.173373803496,0.180353969336,0.166652217507,0.173330113292,0.173373803496,0.173330113292,0.164210751653,0.183042317629,0.164181470871,0.183009698987,0.190419405699,0.15785074234,0.190385475755,0.157822594047,
0.174405783415,0.181528523564,0.16758787632,0.174405783415,0.174405783415,0.174405783415,0.165256276727,0.184068307281,0.165256276727,0.184068307281,0.191572055221,0.158784717321,0.191572055221,0.158784717321,
0.173890411854,0.181078672409,0.166996032,0.173872962594,0.173890411854,0.173872962594,0.16480730474,0.18347518146,0.16479562223,0.183462157845,0.191055640578,0.158269703388,0.191042095423,0.158258482814,
0.173315137625,0.1805665344,0.166348159313,0.173281833529,0.173315137625,0.173281833529,0.164299964905,0.182821080089,0.164277642965,0.182796239853,0.190474972129,0.157699301839,0.190449088812,0.157677873969,
0.173315137625,0.1805665344,0.166348159313,0.173281833529,0.173315137625,0.173281833529,0.164299964905,0.182821080089,0.164277642965,0.182796239853,0.190474972129,0.157699301839,0.190449088812,0.157677873969,
0.172681316733,0.179993242025,0.165645420551,0.172633305192,0.172681316733,0.172633305192,0.163735538721,0.182107388973,0.163703337312,0.182071611285,0.189831361175,0.157074779272,0.189794048667,0.157043904066,
0.166392788291,0.174475297332,0.158691048622,0.166367128491,0.166392788291,0.166367128491,0.158232450485,0.174974143505,0.158215194941,0.174955040216,0.183470517397,0.150905951858,0.183450520039,0.150889500976,
0.166392788291,0.174475297332,0.158691048622,0.166367128491,0.166392788291,0.166367128491,0.158232450485,0.174974143505,0.158215194941,0.174955040216,0.183470517397,0.150905951858,0.183450520039,0.150889500976,
0.165444210172,0.173565864563,0.157698065042,0.165407299995,0.165444210172,0.165407299995,0.157358586788,0.173941969872,0.157333746552,0.173914536834,0.182484120131,0.149993702769,0.182455331087,0.149970054626,
0.164447560906,0.172605469823,0.156660765409,0.164400458336,0.164447560906,0.164400458336,0.156437546015,0.172861203551,0.156405836344,0.172826185822,0.181445598602,0.149037450552,0.181408822536,0.149007245898,
0.164447560906,0.172605469823,0.156660765409,0.164400458336,0.164447560906,0.164400458336,0.156437546015,0.172861203551,0.156405836344,0.172826185822,0.181445598602,0.149037450552,0.181408822536,0.149007245898,
0.166722968221,0.175029441714,0.158838391304,0.166722968221,0.166722968221,0.166722968221,0.158669263124,0.175192594528,0.158669263124,0.175192594528,0.183905795217,0.151152983308,0.183905795217,0.151152983308,
0.164243772626,0.172601729631,0.156302884221,0.164228111506,0.164243772626,0.164228111506,0.156353279948,0.172534689307,0.156342715025,0.172523036599,0.181308180094,0.148788586259,0.18129594624,0.148778542876,
0.16294375062,0.171323090792,0.154980167747,0.162921562791,0.16294375062,0.162921562791,0.155135765672,0.171144843102,0.155120849609,0.17112839222,0.179943293333,0.14755153656,0.179925978184,0.147537335753,
0.16294375062,0.171323090792,0.154980167747,0.162921562791,0.16294375062,0.162921562791,0.155135765672,0.171144843102,0.155120849609,0.17112839222,0.179943293333,0.14755153656,0.179925978184,0.147537335753,
0.167197853327,0.175617560744,0.159207567573,0.167197853327,0.167197853327,0.167197853327,0.15918494761,0.175620436668,0.15918494761,0.175620436668,0.184450432658,0.151566132903,0.184450432658,0.151566132903,
0.165801033378,0.17424044013,0.157790750265,0.165795609355,0.165801033378,0.165795609355,0.157873645425,0.174131065607,0.157869979739,0.174127042294,0.182983741164,0.150237470865,0.182979479432,0.150233983994,
0.162676259875,0.171138077974,0.154645979404,0.162663802505,0.162676259875,0.162663802505,0.154927879572,0.170814439654,0.154919505119,0.170805200934,0.179692983627,0.14727461338,0.179683253169,0.147266671062,
0.1610673666,0.169536143541,0.15303209424,0.16105234623,0.1610673666,0.16105234623,0.15340910852,0.169109374285,0.153398990631,0.169098228216,0.177995979786,0.145751684904,0.177984192967,0.145742058754,
0.17063768208,0.17862829566,0.163021191955,0.17063768208,0.17063768208,0.17063768208,0.162171021104,0.179550647736,0.162171021104,0.179550647736,0.187949672341,0.154925003648,0.187949672341,0.154925003648,
0.168974429369,0.176983103156,0.161342665553,0.168972343206,0.168974429369,0.168972343206,0.160603970289,0.177784740925,0.16060256958,0.177783206105,0.186203271151,0.153343811631,0.186201632023,0.153342500329,
0.167177855968,0.175198405981,0.159537568688,0.167174443603,0.167177855968,0.167174443603,0.158907309175,0.175882026553,0.158904999495,0.175879478455,0.184313252568,0.151639238,0.184310600162,0.151637047529,
0.163512423635,0.171548441052,0.155864447355,0.163507848978,0.163512423635,0.163507848978,0.155442506075,0.172003984451,0.155439436436,0.172000601888,0.180451273918,0.148166924715,0.180447697639,0.148164004087,
0.167837157845,0.175898432732,0.160161375999,0.167837157845,0.167837157845,0.167837157845,0.159556597471,0.176551759243,0.159556597471,0.176551759243,0.185022801161,0.152252212167,0.185022801161,0.152252212167,
0.165944635868,0.174012824893,0.158266410232,0.16594466567,0.165944635868,0.16594466567,0.157766282558,0.174551218748,0.157766327262,0.174551218748,0.183029130101,0.150459244847,0.183029145002,0.15045927465,
0.163938075304,0.172007381916,0.156263828278,0.163938984275,0.163938075304,0.163938984275,0.155865117908,0.172433674335,0.155865728855,0.172434329987,0.180912047625,0.148561254144,0.180912747979,0.148561835289,
0.163938075304,0.172007381916,0.156263828278,0.163938984275,0.163938075304,0.163938984275,0.155865117908,0.172433674335,0.155865728855,0.172434329987,0.180912047625,0.148561254144,0.180912747979,0.148561835289,
0.161915332079,0.169983059168,0.154247969389,0.161917448044,0.161915332079,0.161917448044,0.153947845101,0.170299977064,0.153949275613,0.170301556587,0.178775817156,0.14664979279,0.178777471185,0.146651148796,
0.165983825922,0.17422619462,0.158143296838,0.165983825922,0.165983825922,0.165983825922,0.157898470759,0.174486204982,0.157898470759,0.174486204982,0.183144450188,0.150434598327,0.183144450188,0.150434598327,
0.163768395782,0.172002956271,0.155942395329,0.163771137595,0.163768395782,0.163771137595,0.155793994665,0.172154799104,0.155795827508,0.172156825662,0.180803269148,0.148342624307,0.180805414915,0.148344382644,
0.161544129252,0.169768214226,0.15373544395,0.161549836397,0.161544129252,0.161549836397,0.153680562973,0.169814735651,0.153684437275,0.169818967581,0.178450524807,0.146244287491,0.178454995155,0.146247953176,
0.159312233329,0.167523160577,0.151523530483,0.159321084619,0.159312233329,0.159321084619,0.151559412479,0.167467221618,0.151565372944,0.167473807931,0.176087498665,0.144140705466,0.176094412804,0.144146367908,
0.156517580152,0.164652585983,0.148801207542,0.156525120139,0.156517580152,0.156525120139,0.148867428303,0.164565607905,0.148872494698,0.164571225643,0.173109695315,0.141520619392,0.173115596175,0.14152546227,
0.156517580152,0.164652585983,0.148801207542,0.156525120139,0.156517580152,0.156525120139,0.148867428303,0.164565607905,0.148872494698,0.164571225643,0.173109695315,0.141520619392,0.173115596175,0.14152546227,
0.154181718826,0.162295103073,0.146494433284,0.154193431139,0.154181718826,0.154193431139,0.146645233035,0.162111520767,0.146653115749,0.162120208144,0.170630738139,0.139324307442,0.170639917254,0.139331787825,
0.151844158769,0.15993334353,0.144188404083,0.151860013604,0.151844158769,0.151860013604,0.144421130419,0.159655988216,0.144431769848,0.159667760134,0.168147653341,0.137128412724,0.168160051107,0.137138530612,
0.155381858349,0.16297891736,0.148146480322,0.155386418104,0.155381858349,0.155386418104,0.147457554936,0.163735806942,0.147460609674,0.163739204407,0.171735912561,0.140586689115,0.171739473939,0.140589594841,
0.155381858349,0.16297891736,0.148146480322,0.155386418104,0.155381858349,0.155386418104,0.147457554936,0.163735806942,0.147460609674,0.163739204407,0.171735912561,0.140586689115,0.171739473939,0.140589594841,
0.150499552488,0.158058077097,0.14331959188,0.150514245033,0.150499552488,0.150514245033,0.142818629742,0.158600434661,0.14282849431,0.158611387014,0.166554868221,0.135996103287,0.166566371918,0.136005491018,
0.148065298796,0.155600667,0.140916645527,0.148084998131,0.148065298796,0.148084998131,0.140505388379,0.156040325761,0.140518605709,0.156055003405,0.163967892528,0.133710533381,0.163983315229,0.133723109961,
0.152340084314,0.159963667393,0.145082071424,0.152340084314,0.152340084314,0.152340084314,0.144597098231,0.160499483347,0.144597098231,0.160499483347,0.168529376388,0.137706264853,0.168529376388,0.137706264853,
0.152340084314,0.159963667393,0.145082071424,0.152340084314,0.152340084314,0.152340084314,0.144597098231,0.160499483347,0.144597098231,0.160499483347,0.168529376388,0.137706264853,0.168529376388,0.137706264853,
0.149781912565,0.157379314303,0.142559736967,0.149788498878,0.149781912565,0.149788498878,0.142163857818,0.15781198442,0.142168268561,0.157816886902,0.165811061859,0.135304346681,0.165816232562,0.135308563709,
0.144696980715,0.152234226465,0.137553155422,0.1447160393,0.144696980715,0.1447160393,0.137326925993,0.15247015655,0.137339711189,0.152484357357,0.160399824381,0.130536749959,0.160414755344,0.130548909307,
0.142171427608,0.149674803019,0.135069981217,0.14219635725,0.142171427608,0.14219635725,0.134924441576,0.149817019701,0.134941160679,0.149835601449,0.157708182931,0.128172144294,0.157727748156,0.128188043833,
0.147490084171,0.155708804727,0.139708906412,0.147490084171,0.147490084171,0.147490084171,0.140373319387,0.154968693852,0.140373319387,0.154968693852,0.163602009416,0.132965788245,0.163602009416,0.132965788245,
0.144824162126,0.152995437384,0.137099936604,0.144831508398,0.144824162126,0.144831508398,0.13782890141,0.152177751064,0.137833848596,0.152183204889,0.16075772047,0.130472674966,0.160763502121,0.13047735393,
0.142175018787,0.150296419859,0.134509757161,0.142189487815,0.142175018787,0.142189487815,0.135300502181,0.149404287338,0.135310232639,0.149415045977,0.157928526402,0.127997606993,0.157939881086,0.12800681591,
0.136931061745,0.144945651293,0.129389494658,0.136959016323,0.136931061745,0.136959016323,0.130295589566,0.143914014101,0.130314394832,0.14393478632,0.152319774032,0.123105220497,0.152341768146,0.123122990131,
0.141192823648,0.149043098092,0.13376288116,0.141200050712,0.141192823648,0.141200050712,0.134203925729,0.148547902703,0.134208783507,0.148553282022,0.156803146005,0.127138465643,0.156808823347,0.127143070102,
0.138494297862,0.14629290998,0.131124302745,0.138507917523,0.138494297862,0.138507917523,0.131630316377,0.145720422268,0.131639450788,0.145730540156,0.153918400407,0.124619424343,0.153929099441,0.124628081918,
0.135817438364,0.143562018871,0.128509297967,0.135837137699,0.135817438364,0.135837137699,0.129077419639,0.142915487289,0.12909065187,0.142930135131,0.151053890586,0.122123047709,0.151069372892,0.122135572135,
0.130531743169,0.138161510229,0.123352669179,0.130562797189,0.130531743169,0.130562797189,0.124036744237,0.137376412749,0.124057605863,0.13739952445,0.145389005542,0.117200911045,0.145413458347,0.117220625281,
-0,-0,-0,-0,-0,-0,-0,-0,-0,-0,-0,-0,-0,-0,
-0,-0,-0,-0,-0,-0,-0,-0,-0,-0,-0,-0,-0,-0,
-0,-0,-0,-0,-0,-0,-0,-0,-0,-0,-0,-0,-0,-0,
-0,-0,-0,-0,-0,-0,-0,-0,-0,-0,-0,-0,-0,-0,
-0,-0,-0,-0,-0,-0,-0,-0,-0,-0,-0,-0,-0,-0,
-0,-0,-0,-0,-0,-0,-0,-0,-0,-0,-0,-0,-0,-0,
-0,-0,-0,-0,-0,-0,-0,-0,-0,-0,-0,-0,-0,-0,
-0,-0,-0,-0,-0,-0,-0,-0,-0,-0,-0,-0,-0,-0,
-0,-0,-0,-0,-0,-0,-0,-0,-0,-0,-0,-0,-0,-0,
-0,-0,-0,-0,-0,-0,-0,-0,-0,-0,-0,-0,-0,-0,
-0,-0,-0,-0,-0,-0,-0,-0,-0,-0,-0,-0,-0,-0,
-0,-0,-0,-0,-0,-0,-0,-0,-0,-0,-0,-0,-0,-0,
-0,-0,-0,-0,-0,-0,-0,-0,-0,-0,-0,-0,-0,-0,
-0,-0,-0,-0,-0,-0,-0,-0,-0,-0,-0,-0,-0,-0,
-0,-0,-0,-0,-0,-0,-0,-0,-0,-0,-0,-0,-0,-0,
-0,-0,-0,-0,-0,-0,-0,-0,-0,-0,-0,-0,-0,-0,
-0,-0,-0,-0,-0,-0,-0,-0,-0,-0,-0,-0,-0,-0,
-0,-0,-0,-0,-0,-0,-0,-0,-0,-0,-0,-0,-0,-0,
-0,-0,-0,-0,-0,-0,-0,-0,-0,-0,-0,-0,-0,-0,
-0,-0,-0,-0,-0,-0,-0,-0,-0,-0,-0,-0,-0,-0,
-0,-0,-0,-0,-0,-0,-0,-0,-0,-0,-0,-0,-0,-0,
-0,-0,-0,-0,-0,-0,-0,-0,-0,-0,-0,-0,-0,-0,
-0,-0,-0,-0,-0,-0,-0,-0,-0,-0,-0,-0,-0,-0,
-0,-0,-0,-0,-0,-0,-0,-0,-0,-0,-0,-0,-0,-0,
-0,-0,-0,-0,-0,-0,-0,-0,-0,-0,-0,-0,-0,-0,
-0,-0,-0,-0,-0,-0,-0,-0,-0,-0,-0,-0,-0,-0,
-0,-0,-0,-0,-0,-0,-0,-0,-0,-0,-0,-0,-0,-0,
-0,-0,-0,-0,-0,-0,-0,-0,-0,-0,-0,-0,-0,-0,
-0,-0,-0,-0,-0,-0,-0,-0,-0,-0,-0,-0,-0,-0,
-0,-0,-0,-0,-0,-0,-0,-0,-0,-0,-0,-0,-0,-0,
-0,-0,-0,-0,-0,-0,-0,-0,-0,-0,-0,-0,-0,-0,
-0,-0,-0,-0,-0,-0,-0,-0,-0,-0,-0,-0,-0,-0,
-0,-0,-0,-0,-0,-0,-0,-0,-0,-0,-0,-0,-0,-0,
-0,-0,-0,-0,-0,-0,-0,-0,-0,-0,-0,-0,-0,-0,
-0,-0,-0,-0,-0,-0,-0,-0,-0,-0,-0,-0,-0,-0,
-0,-0,-0,-0,-0,-0,-0,-0,-0,-0,-0,-0,-0,-0,
-0,-0,-0,-0,-0,-0,-0,-0,-0,-0,-0,-0,-0,-0,
-0,-0,-0,-0,-0,-0,-0,-0,-0,-0,-0,-0,-0,-0,
-0,-0,-0,-0,-0,-0,-0,-0,-0,-0,-0,-0,-0,-0,
-0,-0,-0,-0,-0,-0,-0,-0,-0,-0,-0,-0,-0,-0,
-0,-0,-0,-0,-0,-0,-0,-0,-0,-0,-0,-0,-0,-0,
-0,-0,-0,-0,-0,-0,-0,-0,-0,-0,-0,-0,-0,-0,
-0,-0,-0,-0,-0,-0,-0,-0,-0,-0,-0,-0,-0,-0,
-0,-0,-0,-0,-0,-0,-0,-0,-0,-0,-0,-0,-0,-0,
-0,-0,-0,-0,-0,-0,-0,-0,-0,-0,-0,-0,-0,-0,
-0,-0,-0,-0,-0,-0,-0,-0,-0,-0,-0,-0,-0,-0,
-0,-0,-0,-0,-0,-0,-0,-0,-0,-0,-0,-0,-0,-0,
-0,-0,-0,-0,-0,-0,-0,-0,-0,-0,-0,-0,-0,-0,
-0,-0,-0,-0,-0,-0,-0,-0,-0,-0,-0,-0,-0,-0,
-0,-0,-0,-0,-0,-0,-0,-0,-0,-0,-0,-0,-0,-0,
-0,-0,-0,-0,-0,-0,-0,-0,-0,-0,-0,-0,-0,-0,
-0,-0,-0,-0,-0,-0,-0,-0,-0,-0,-0,-0,-0,-0,
-0,-0,-0,-0,-0,-0,-0,-0,-0,-0,-0,-0,-0,-0,
-0,-0,-0,-0,-0,-0,-0,-0,-0,-0,-0,-0,-0,-0,
-0,-0,-0,-0,-0,-0,-0,-0,-0,-0,-0,-0,-0,-0,
-0,-0,-0,-0,-0,-0,-0,-0,-0,-0,-0,-0,-0,-0,
-0,-0,-0,-0,-0,-0,-0,-0,-0,-0,-0,-0,-0,-0,
-0,-0,-0,-0,-0,-0,-0,-0,-0,-0,-0,-0,-0,-0,
-0,-0,-0,-0,-0,-0,-0,-0,-0,-0,-0,-0,-0,-0,
-0,-0,-0,-0,-0,-0,-0,-0,-0,-0,-0,-0,-0,-0,
-0,-0,-0,-0,-0,-0,-0,-0,-0,-0,-0,-0,-0,-0,
-0,-0,-0,-0,-0,-0,-0,-0,-0,-0,-0,-0,-0,-0,
-0,-0,-0,-0,-0,-0,-0,-0,-0,-0,-0,-0,-0,-0,
-0,-0,-0,-0,-0,-0,-0,-0,-0,-0,-0,-0,-0,-0,
-0,-0,-0,-0,-0,-0,-0,-0,-0,-0,-0,-0,-0,-0,
-0,-0,-0,-0,-0,-0,-0,-0,-0,-0,-0,-0,-0,-0,
-0,-0,-0,-0,-0,-0,-0,-0,-0,-0,-0,-0,-0,-0,
-0,-0,-0,-0,-0,-0,-0,-0,-0,-0,-0,-0,-0,-0,
-0,-0,-0,-0,-0,-0,-0,-0,-0,-0,-0,-0,-0,-0,
-0,-0,-0,-0,-0,-0,-0,-0,-0,-0,-0,-0,-0,-0,
-0,-0,-0,-0,-0,-0,-0,-0,-0,-0,-0,-0,-0,-0,
-0,-0,-0,-0,-0,-0,-0,-0,-0,-0,-0,-0,-0,-0,
-0,-0,-0,-0,-0,-0,-0,-0,-0,-0,-0,-0,-0,-0,
-0,-0,-0,-0,-0,-0,-0,-0,-0,-0,-0,-0,-0,-0,
-0,-0,-0,-0,-0,-0,-0,-0,-0,-0,-0,-0,-0,-0,
-0,-0,-0,-0,-0,-0,-0,-0,-0,-0,-0,-0,-0,-0,
-0,-0,-0,-0,-0,-0,-0,-0,-0,-0,-0,-0,-0,-0,
-0,-0,-0,-0,-0,-0,-0,-0,-0,-0,-0,-0,-0,-0,
-0,-0,-0,-0,-0,-0,-0,-0,-0,-0,-0,-0,-0,-0,
-0,-0,-0,-0,-0,-0,-0,-0,-0,-0,-0,-0,-0,-0,
-0,-0,-0,-0,-0,-0,-0,-0,-0,-0,-0,-0,-0,-0,
-0,-0,-0,-0,-0,-0,-0,-0,-0,-0,-0,-0,-0,-0,
-0,-0,-0,-0,-0,-0,-0,-0,-0,-0,-0,-0,-0,-0,
-0,-0,-0,-0,-0,-0,-0,-0,-0,-0,-0,-0,-0,-0,
-0,-0,-0,-0,-0,-0,-0,-0,-0,-0,-0,-0,-0,-0,
-0,-0,-0,-0,-0,-0,-0,-0,-0,-0,-0,-0,-0,-0,
-0,-0,-0,-0,-0,-0,-0,-0,-0,-0,-0,-0,-0,-0,
-0,-0,-0,-0,-0,-0,-0,-0,-0,-0,-0,-0,-0,-0,
-0,-0,-0,-0,-0,-0,-0,-0,-0,-0,-0,-0,-0,-0,
-0,-0,-0,-0,-0,-0,-0,-0,-0,-0,-0,-0,-0,-0,
-0,-0,-0,-0,-0,-0,-0,-0,-0,-0,-0,-0,-0,-0,
-0,-0,-0,-0,-0,-0,-0,-0,-0,-0,-0,-0,-0,-0,
-0,-0,-0,-0,-0,-0,-0,-0,-0,-0,-0,-0,-0,-0,
-0,-0,-0,-0,-0,-0,-0,-0,-0,-0,-0,-0,-0,-0,
-0,-0,-0,-0,-0,-0,-0,-0,-0,-0,-0,-0,-0,-0,
-0,-0,-0,-0,-0,-0,-0,-0,-0,-0,-0,-0,-0,-0,
-0,-0,-0,-0,-0,-0,-0,-0,-0,-0,-0,-0,-0,-0,
-0,-0,-0,-0,-0,-0,-0,-0,-0,-0,-0,-0,-0,-0,
-0,-0,-0,-0,-0,-0,-0,-0,-0,-0,-0,-0,-0,-0,
-0,-0,-0,-0,-0,-0,-0,-0,-0,-0,-0,-0,-0,-0,
-0,-0,-0,-0,-0,-0,-0,-0,-0,-0,-0,-0,-0,-0,
-0,-0,-0,-0,-0,-0,-0,-0,-0,-0,-0,-0,-0,-0,
-0,-0,-0,-0,-0,-0,-0,-0,-0,-0,-0,-0,-0,-0,
-0,-0,-0,-0,-0,-0,-0,-0,-0,-0,-0,-0,-0,-0,
-0,-0,-0,-0,-0,-0,-0,-0,-0,-0,-0,-0,-0,-0,
-0,-0,-0,-0,-0,-0,-0,-0,-0,-0,-0,-0,-0,-0,
-0,-0,-0,-0,-0,-0,-0,-0,-0,-0,-0,-0,-0,-0,
-0,-0,-0,-0,-0,-0,-0,-0,-0,-0,-0,-0,-0,-0,
-0,-0,-0,-0,-0,-0,-0,-0,-0,-0,-0,-0,-0,-0,
-0,-0,-0,-0,-0,-0,-0,-0,-0,-0,-0,-0,-0,-0,
-0,-0,-0,-0,-0,-0,-0,-0,-0,-0,-0,-0,-0,-0,
-0,-0,-0,-0,-0,-0,-0,-0,-0,-0,-0,-0,-0,-0,
-0,-0,-0,-0,-0,-0,-0,-0,-0,-0,-0,-0,-0,-0,
-0,-0,-0,-0,-0,-0,-0,-0,-0,-0,-0,-0,-0,-0,
-0,-0,-0,-0,-0,-0,-0,-0,-0,-0,-0,-0,-0,-0,
-0,-0,-0,-0,-0,-0,-0,-0,-0,-0,-0,-0,-0,-0,
-0,-0,-0,-0,-0,-0,-0,-0,-0,-0,-0,-0,-0,-0,
-0,-0,-0,-0,-0,-0,-0,-0,-0,-0,-0,-0,-0,-0,
-0,-0,-0,-0,-0,-0,-0,-0,-0,-0,-0,-0,-0,-0,
-0,-0,-0,-0,-0,-0,-0,-0,-0,-0,-0,-0,-0,-0,
-0,-0,-0,-0,-0,-0,-0,-0,-0,-0,-0,-0,-0,-0,
-0,-0,-0,-0,-0,-0,-0,-0,-0,-0,-0,-0,-0,-0,
-0,-0,-0,-0,-0,-0,-0,-0,-0,-0,-0,-0,-0,-0,
-0,-0,-0,-0,-0,-0,-0,-0,-0,-0,-0,-0,-0,-0,
-0,-0,-0,-0,-0,-0,-0,-0,-0,-0,-0,-0,-0,-0,
-0,-0,-0,-0,-0,-0,-0,-0,-0,-0,-0,-0,-0,-0,
-0,-0,-0,-0,-0,-0,-0,-0,-0,-0,-0,-0,-0,-0,
-0,-0,-0,-0,-0,-0,-0,-0,-0,-0,-0,-0,-0,-0,
-0,-0,-0,-0,-0,-0,-0,-0,-0,-0,-0,-0,-0,-0,
-0,-0,-0,-0,-0,-0,-0,-0,-0,-0,-0,-0,-0,-0,
-0,-0,-0,-0,-0,-0,-0,-0,-0,-0,-0,-0,-0,-0,
-0,-0,-0,-0,-0,-0,-0,-0,-0,-0,-0,-0,-0,-0,
-0,-0,-0,-0,-0,-0,-0,-0,-0,-0,-0,-0,-0,-0,
-0,-0,-0,-0,-0,-0,-0,-0,-0,-0,-0,-0,-0,-0,
-0,-0,-0,-0,-0,-0,-0,-0,-0,-0,-0,-0,-0,-0,
-0,-0,-0,-0,-0,-0,-0,-0,-0,-0,-0,-0,-0,-0,
-0,-0,-0,-0,-0,-0,-0,-0,-0,-0,-0,-0,-0,-0,
-0,-0,-0,-0,-0,-0,-0,-0,-0,-0,-0,-0,-0,-0,
-0,-0,-0,-0,-0,-0,-0,-0,-0,-0,-0,-0,-0,-0,
-0,-0,-0,-0,-0,-0,-0,-0,-0,-0,-0,-0,-0,-0,
-0,-0,-0,-0,-0,-0,-0,-0,-0,-0,-0,-0,-0,-0,
-0,-0,-0,-0,-0,-0,-0,-0,-0,-0,-0,-0,-0,-0,
-0,-0,-0,-0,-0,-0,-0,-0,-0,-0,-0,-0,-0,-0,
-0,-0,-0,-0,-0,-0,-0,-0,-0,-0,-0,-0,-0,-0,
-0,-0,-0,-0,-0,-0,-0,-0,-0,-0,-0,-0,-0,-0,
-0,-0,-0,-0,-0,-0,-0,-0,-0,-0,-0,-0,-0,-0,
-0,-0,-0,-0,-0,-0,-0,-0,-0,-0,-0,-0,-0,-0,
-0,-0,-0,-0,-0,-0,-0,-0,-0,-0,-0,-0,-0,-0,
-0,-0,-0,-0,-0,-0,-0,-0,-0,-0,-0,-0,-0,-0,
-0,-0,-0,-0,-0,-0,-0,-0,-0,-0,-0,-0,-0,-0,
-0,-0,-0,-0,-0,-0,-0,-0,-0,-0,-0,-0,-0,-0,
-0,-0,-0,-0,-0,-0,-0,-0,-0,-0,-0,-0,-0,-0,
-0,-0,-0,-0,-0,-0,-0,-0,-0,-0,-0,-0,-0,-0,
-0,-0,-0,-0,-0,-0,-0,-0,-0,-0,-0,-0,-0,-0,
-0,-0,-0,-0,-0,-0,-0,-0,-0,-0,-0,-0,-0,-0,
-0,-0,-0,-0,-0,-0,-0,-0,-0,-0,-0,-0,-0,-0,
-0,-0,-0,-0,-0,-0,-0,-0,-0,-0,-0,-0,-0,-0,
-0,-0,-0,-0,-0,-0,-0,-0,-0,-0,-0,-0,-0,-0,
-0,-0,-0,-0,-0,-0,-0,-0,-0,-0,-0,-0,-0,-0,
-0,-0,-0,-0,-0,-0,-0,-0,-0,-0,-0,-0,-0,-0,
-0,-0,-0,-0,-0,-0,-0,-0,-0,-0,-0,-0,-0,-0,
-0,-0,-0,-0,-0,-0,-0,-0,-0,-0,-0,-0,-0,-0,
-0,-0,-0,-0,-0,-0,-0,-0,-0,-0,-0,-0,-0,-0,
-0,-0,-0,-0,-0,-0,-0,-0,-0,-0,-0,-0,-0,-0,
-0,-0,-0,-0,-0,-0,-0,-0,-0,-0,-0,-0,-0,-0,
-0,-0,-0,-0,-0,-0,-0,-0,-0,-0,-0,-0,-0,-0,
-0,-0,-0,-0,-0,-0,-0,-0,-0,-0,-0,-0,-0,-0,
-0,-0,-0,-0,-0,-0,-0,-0,-0,-0,-0,-0,-0,-0,
-0,-0,-0,-0,-0,-0,-0,-0,-0,-0,-0,-0,-0,-0,
-0,-0,-0,-0,-0,-0,-0,-0,-0,-0,-0,-0,-0,-0,
-0,-0,-0,-0,-0,-0,-0,-0,-0,-0,-0,-0,-0,-0,
-0,-0,-0,-0,-0,-0,-0,-0,-0,-0,-0,-0,-0,-0,
-0,-0,-0,-0,-0,-0,-0,-0,-0,-0,-0,-0,-0,-0,
-0,-0,-0,-0,-0,-0,-0,-0,-0,-0,-0,-0,-0,-0,
-0,-0,-0,-0,-0,-0,-0,-0,-0,-0,-0,-0,-0,-0,
-0,-0,-0,-0,-0,-0,-0,-0,-0,-0,-0,-0,-0,-0,
-0,-0,-0,-0,-0,-0,-0,-0,-0,-0,-0,-0,-0,-0,
-0,-0,-0,-0,-0,-0,-0,-0,-0,-0,-0,-0,-0,-0,
-0,-0,-0,-0,-0,-0,-0,-0,-0,-0,-0,-0,-0,-0,
-0,-0,-0,-0,-0,-0,-0,-0,-0,-0,-0,-0,-0,-0,
-0,-0,-0,-0,-0,-0,-0,-0,-0,-0,-0,-0,-0,-0,
0.145257204771,0.165836080909,0.127236306667,0.145262137055,0.145257204771,0.145262137055,0.147965982556,0.142599418759,0.147969529033,0.142602846026,0.162799015641,0.129606828094,0.162802919745,0.129609942436,
0.145257204771,0.165836080909,0.127236306667,0.145262137055,0.145257204771,0.145262137055,0.147965982556,0.142599418759,0.147969529033,0.142602846026,0.162799015641,0.129606828094,0.162802919745,0.129609942436,
0.146669998765,0.167487204075,0.128448829055,0.146679878235,0.146669998765,0.146679878235,0.149506732821,0.143889918923,0.149513855577,0.143896773458,0.164307013154,0.130928739905,0.164314836264,0.130934983492,
0.149473458529,0.170766189694,0.130852892995,0.149493098259,0.149473458529,0.149493098259,0.152572110295,0.146443367004,0.152586296201,0.146456971765,0.167293459177,0.133556768298,0.167309001088,0.133569180965,
0.150863558054,0.172393500805,0.132044062018,0.150888249278,0.150863558054,0.150888249278,0.154096201062,0.147705808282,0.154114022851,0.147722899914,0.168771311641,0.134862408042,0.168790832162,0.134878009558,
0.14385971427,0.164737701416,0.125628069043,0.14385971427,0.14385971427,0.14385971427,0.147023454309,0.140764474869,0.147023454309,0.140764474869,0.161192774773,0.128390461206,0.161192774773,0.128390461206,
0.145192950964,0.16630230844,0.126768574119,0.145198792219,0.145192950964,0.145198792219,0.148487195373,0.141973912716,0.148491412401,0.141977950931,0.162611484528,0.129641786218,0.162616103888,0.129645466805,
0.146522089839,0.167863711715,0.127905875444,0.146535515785,0.146522089839,0.146535515785,0.149949148297,0.143177658319,0.149958863854,0.143186926842,0.164024114609,0.130891114473,0.164034739137,0.130899593234,
0.149167627096,0.170976504683,0.13017064333,0.149201646447,0.149167627096,0.149201646447,0.152867347002,0.145567625761,0.152891993523,0.145591080189,0.16683062911,0.133383587003,0.166857510805,0.133405089378,
0.146921545267,0.168208748102,0.128328368068,0.146921545267,0.146921545267,0.146921545267,0.150260418653,0.143657416105,0.150260418653,0.143657416105,0.164471432567,0.131244510412,0.164471432567,0.131244510412,
0.148277103901,0.169801384211,0.129490852356,0.148288011551,0.148277103901,0.148288011551,0.151751309633,0.144886091352,0.151759207249,0.144893616438,0.165911793709,0.132519826293,0.165920421481,0.132526725531,
0.149622768164,0.171382933855,0.130643859506,0.1496437639,0.149622768164,0.1496437639,0.153234064579,0.146103143692,0.153249263763,0.146117627621,0.16733944416,0.133787482977,0.167356058955,0.133800774813,
0.150954633951,0.172948628664,0.13178357482,0.150984272361,0.150954633951,0.150984272361,0.154704481363,0.147304698825,0.154725968838,0.147325158119,0.168750092387,0.135043755174,0.168773502111,0.135062500834,
0.150523811579,0.172582939267,0.131294488907,0.150535538793,0.150523811579,0.150535538793,0.154398307204,0.146750345826,0.154406815767,0.146758437157,0.1682497859,0.134668663144,0.168259054422,0.134676083922,
0.151790261269,0.174072876573,0.132372975349,0.151805147529,0.151790261269,0.151805147529,0.155803084373,0.147885471582,0.155813902617,0.147895753384,0.169586449862,0.135865718126,0.169598206878,0.13587513566,
0.151790261269,0.174072876573,0.132372975349,0.151805147529,0.151790261269,0.151805147529,0.155803084373,0.147885471582,0.155813902617,0.147895753384,0.169586449862,0.135865718126,0.169598206878,0.13587513566,
0.153026103973,0.175528094172,0.13342320919,0.15304261446,0.153026103973,0.15304261446,0.15717792511,0.148989111185,0.157189935446,0.149000480771,0.170888125896,0.137035667896,0.170901164412,0.137046128511,
0.152400881052,0.17493674159,0.132768183947,0.152400881052,0.152400881052,0.152400881052,0.156660526991,0.148257449269,0.156660526991,0.148257449269,0.170180499554,0.136478990316,0.170180499554,0.136478990316,
0.152400881052,0.17493674159,0.132768183947,0.152400881052,0.152400881052,0.152400881052,0.156660526991,0.148257449269,0.156660526991,0.148257449269,0.170180499554,0.136478990316,0.170180499554,0.136478990316,
0.154659301043,0.177604526281,0.134672760963,0.154652744532,0.154659301043,0.154652744532,0.159194678068,0.150251686573,0.159189894795,0.150247186422,0.17254653573,0.138624861836,0.172541365027,0.138620704412,
0.155719578266,0.178860217333,0.135562166572,0.155707299709,0.155719578266,0.155707299709,0.160392194986,0.151179969311,0.16038325429,0.151171535254,0.173652738333,0.13963535428,0.173643067479,0.139627560973,
0.156728208065,0.180057436228,0.136404424906,0.156708389521,0.156728208065,0.156708389521,0.161537483335,0.152056887746,0.161523044109,0.152043282986,0.174701690674,0.140598863363,0.174686089158,0.140586286783,
0.148557454348,0.171101659536,0.128984794021,0.148557454348,0.148557454348,0.148557454348,0.153220951557,0.144037127495,0.153220951557,0.144037127495,0.165894031525,0.133032798767,0.165894031525,0.133032798767,
0.149472206831,0.172192573547,0.129743397236,0.149463608861,0.149472206831,0.149463608861,0.154265373945,0.144826740026,0.154259100556,0.144820854068,0.166844457388,0.133906707168,0.166837662458,0.133901268244,
0.151112765074,0.17416113615,0.131090477109,0.151083648205,0.151112765074,0.151083648205,0.156160801649,0.146220892668,0.156139522791,0.146200969815,0.168538033962,0.135481625795,0.168515071273,0.135463163257,
0.151841819286,0.175042331219,0.131681621075,0.151800453663,0.151841819286,0.151800453663,0.157015115023,0.146828502417,0.156984865665,0.146800220013,0.169284716249,0.136185526848,0.169252112508,0.136159285903,
0.148361116648,0.171028003097,0.128698706627,0.148361116648,0.148361116648,0.148361116648,0.153195977211,0.143679916859,0.153195977211,0.143679916859,0.165630921721,0.132892251015,0.165630921721,0.132892251015,
0.149063229561,0.171878933907,0.129265502095,0.149050578475,0.149063229561,0.149050578475,0.154019445181,0.144263967872,0.154010206461,0.144255310297,0.166351482272,0.133568584919,0.166341498494,0.133560568094,
0.14967545867,0.172628596425,0.129751950502,0.149649381638,0.14967545867,0.149649381638,0.154749825597,0.144761160016,0.15473075211,0.144743323326,0.166974544525,0.134162008762,0.166953966022,0.134145468473,
0.150698229671,0.173901334405,0.130544245243,0.150643840432,0.150698229671,0.150643840432,0.156003057957,0.145559489727,0.155963242054,0.145522341132,0.168001011014,0.135163456202,0.167958140373,0.135128960013,
0.149780958891,0.172928273678,0.129732102156,0.149780958891,0.149780958891,0.149780958891,0.15507543087,0.144667714834,0.15507543087,0.144667714834,0.167024597526,0.134317696095,0.167024597526,0.134317696095,
0.150088459253,0.173336237669,0.1299469769,0.150074869394,0.150088459253,0.150074869394,0.155489578843,0.144871562719,0.155479639769,0.144862294197,0.167318612337,0.134629175067,0.167307913303,0.134620577097,
0.150088459253,0.173336237669,0.1299469769,0.150074869394,0.150088459253,0.150074869394,0.155489578843,0.144871562719,0.155479639769,0.144862294197,0.167318612337,0.134629175067,0.167307913303,0.134620577097,
0.150325864553,0.173665583134,0.130099460483,0.150298729539,0.150325864553,0.150298729539,0.155831173062,0.145007818937,0.155811280012,0.144989326596,0.167536765337,0.134876012802,0.167515382171,0.134858816862,
0.147360414267,0.17039078474,0.127442866564,0.147360414267,0.147360414267,0.147360414267,0.152773052454,0.142139911652,0.152773052454,0.142139911652,0.164354324341,0.132123887539,0.164354324341,0.132123887539,
0.147465094924,0.170632898808,0.127420708537,0.147439390421,0.147465094924,0.147439390421,0.153066858649,0.142061471939,0.153047993779,0.142043963075,0.164394587278,0.132272511721,0.164374321699,0.13225620985,
0.147386848927,0.170607149601,0.127294018865,0.147348761559,0.147386848927,0.147348761559,0.15307739377,0.141897499561,0.153049409389,0.14187155664,0.164274126291,0.13222579658,0.164244115353,0.132201641798,
0.147386848927,0.170607149601,0.127294018865,0.147348761559,0.147386848927,0.147348761559,0.15307739377,0.141897499561,0.153049409389,0.14187155664,0.164274126291,0.13222579658,0.164244115353,0.132201641798,
0.146514266729,0.169726654887,0.126476496458,0.146514266729,0.146514266729,0.146514266729,0.1522795856,0.140967816114,0.1522795856,0.140967816114,0.163301423192,0.131453290582,0.163301423192,0.131453290582,
0.14595502615,0.169221177697,0.125868141651,0.145932301879,0.14595502615,0.145932301879,0.151877999306,0.140257239342,0.151861280203,0.140241801739,0.162627726793,0.130986109376,0.162609815598,0.130971685052,
0.145545065403,0.168821454048,0.125449061394,0.145511597395,0.145545065403,0.145511597395,0.151540189981,0.139778256416,0.151515573263,0.139755532146,0.162150964141,0.130631417036,0.162124603987,0.13061016798,
0.145072877407,0.168351560831,0.124975591898,0.14502941072,0.145072877407,0.14502941072,0.151136994362,0.139240443707,0.151104971766,0.139210939407,0.161607369781,0.130219087005,0.161573141813,0.130191504955,
0.142766296864,0.165816485882,0.122920446098,0.142766296864,0.142766296864,0.142766296864,0.148759156466,0.137015521526,0.148759156466,0.137015521526,0.159136876464,0.128079950809,0.159136876464,0.128079950809,
0.141421228647,0.164423286915,0.121623829007,0.141405701637,0.141421228647,0.141405701637,0.147527858615,0.13556368649,0.147516384721,0.135553151369,0.157621324062,0.126882269979,0.157609075308,0.12687240541,
0.141421228647,0.164423286915,0.121623829007,0.141405701637,0.141421228647,0.141405701637,0.147527858615,0.13556368649,0.147516384721,0.135553151369,0.157621324062,0.126882269979,0.157609075308,0.12687240541,
0.140666216612,0.163632959127,0.12090396136,0.140643954277,0.140666216612,0.140643954277,0.146824762225,0.134760409594,0.146808326244,0.134745314717,0.156774953008,0.126206994057,0.156757414341,0.126192867756,
0.13985876739,0.162782639265,0.120138555765,0.139829993248,0.13985876739,0.139829993248,0.146065846086,0.133908033371,0.14604459703,0.133888557553,0.155872225761,0.125483065844,0.155849546194,0.12546479702,
0.14400061965,0.167605012655,0.123720511794,0.14400061965,0.14400061965,0.14400061965,0.150652214885,0.1376426965,0.150652214885,0.1376426965,0.160204902291,0.129435345531,0.160204902291,0.129435345531,
0.143021523952,0.166561305523,0.12280395627,0.143016144633,0.143021523952,0.143016144633,0.149713009596,0.136627599597,0.149709030986,0.136623978615,0.159118011594,0.12855194509,0.159113779664,0.128548532724,
0.140922009945,0.164311692119,0.120849683881,0.140907838941,0.140922009945,0.140907838941,0.14768281579,0.134466737509,0.147672325373,0.134457185864,0.156792879105,0.126653879881,0.156781733036,0.12664487958,
0.139805048704,0.163109496236,0.119815178216,0.139787450433,0.139805048704,0.139787450433,0.146595314145,0.13332439959,0.146582260728,0.133312523365,0.155558347702,0.125642448664,0.155544504523,0.125631257892,
0.140563234687,0.164169698954,0.120348632336,0.140560209751,0.140563234687,0.140560209751,0.147727414966,0.133745655417,0.14772516489,0.133743613958,0.156208842993,0.126483872533,0.156206458807,0.126481950283,
0.140563234687,0.164169698954,0.120348632336,0.140560209751,0.140563234687,0.140560209751,0.147727414966,0.133745655417,0.14772516489,0.133743613958,0.156208842993,0.126483872533,0.156206458807,0.126481950283,
0.139260455966,0.162754520774,0.119153730571,0.139255672693,0.139260455966,0.139255672693,0.146440148354,0.132431417704,0.146436601877,0.132428213954,0.154776036739,0.125298961997,0.154772281647,0.12529592216,
0.136548936367,0.159800097346,0.116675280035,0.13654242456,0.136548936367,0.13654242456,0.143749475479,0.12970726192,0.143744632602,0.129702880979,0.151797056198,0.12283077836,0.151791930199,0.122826628387,
-0,-0,-0,-0,-0,-0,-0,-0,-0,-0,-0,-0,-0,-0,
-0,-0,-0,-0,-0,-0,-0,-0,-0,-0,-0,-0,-0,-0,
-0,-0,-0,-0,-0,-0,-0,-0,-0,-0,-0,-0,-0,-0,
-0,-0,-0,-0,-0,-0,-0,-0,-0,-0,-0,-0,-0,-0,
-0,-0,-0,-0,-0,-0,-0,-0,-0,-0,-0,-0,-0,-0,
-0,-0,-0,-0,-0,-0,-0,-0,-0,-0,-0,-0,-0,-0,
-0,-0,-0,-0,-0,-0,-0,-0,-0,-0,-0,-0,-0,-0,
-0,-0,-0,-0,-0,-0,-0,-0,-0,-0,-0,-0,-0,-0,
-0,-0,-0,-0,-0,-0,-0,-0,-0,-0,-0,-0,-0,-0,
-0,-0,-0,-0,-0,-0,-0,-0,-0,-0,-0,-0,-0,-0,
-0,-0,-0,-0,-0,-0,-0,-0,-0,-0,-0,-0,-0,-0,
-0,-0,-0,-0,-0,-0,-0,-0,-0,-0,-0,-0,-0,-0,
-0,-0,-0,-0,-0,-0,-0,-0,-0,-0,-0,-0,-0,-0,
-0,-0,-0,-0,-0,-0,-0,-0,-0,-0,-0,-0,-0,-0,
-0,-0,-0,-0,-0,-0,-0,-0,-0,-0,-0,-0,-0,-0,
-0,-0,-0,-0,-0,-0,-0,-0,-0,-0,-0,-0,-0,-0,
-0,-0,-0,-0,-0,-0,-0,-0,-0,-0,-0,-0,-0,-0,
-0,-0,-0,-0,-0,-0,-0,-0,-0,-0,-0,-0,-0,-0,
-0,-0,-0,-0,-0,-0,-0,-0,-0,-0,-0,-0,-0,-0,
-0,-0,-0,-0,-0,-0,-0,-0,-0,-0,-0,-0,-0,-0,
-0,-0,-0,-0,-0,-0,-0,-0,-0,-0,-0,-0,-0,-0,
-0,-0,-0,-0,-0,-0,-0,-0,-0,-0,-0,-0,-0,-0,
-0,-0,-0,-0,-0,-0,-0,-0,-0,-0,-0,-0,-0,-0,
-0,-0,-0,-0,-0,-0,-0,-0,-0,-0,-0,-0,-0,-0,
-0,-0,-0,-0,-0,-0,-0,-0,-0,-0,-0,-0,-0,-0,
-0,-0,-0,-0,-0,-0,-0,-0,-0,-0,-0,-0,-0,-0,
-0,-0,-0,-0,-0,-0,-0,-0,-0,-0,-0,-0,-0,-0,
-0,-0,-0,-0,-0,-0,-0,-0,-0,-0,-0,-0,-0,-0,
-0,-0,-0,-0,-0,-0,-0,-0,-0,-0,-0,-0,-0,-0,
-0,-0,-0,-0,-0,-0,-0,-0,-0,-0,-0,-0,-0,-0,
-0,-0,-0,-0,-0,-0,-0,-0,-0,-0,-0,-0,-0,-0,
-0,-0,-0,-0,-0,-0,-0,-0,-0,-0,-0,-0,-0,-0,
-0,-0,-0,-0,-0,-0,-0,-0,-0,-0,-0,-0,-0,-0,
-0,-0,-0,-0,-0,-0,-0,-0,-0,-0,-0,-0,-0,-0,
-0,-0,-0,-0,-0,-0,-0,-0,-0,-0,-0,-0,-0,-0,
-0,-0,-0,-0,-0,-0,-0,-0,-0,-0,-0,-0,-0,-0,
-0,-0,-0,-0,-0,-0,-0,-0,-0,-0,-0,-0,-0,-0,
-0,-0,-0,-0,-0,-0,-0,-0,-0,-0,-0,-0,-0,-0,
-0,-0,-0,-0,-0,-0,-0,-0,-0,-0,-0,-0,-0,-0,
-0,-0,-0,-0,-0,-0,-0,-0,-0,-0,-0,-0,-0,-0,
-0,-0,-0,-0,-0,-0,-0,-0,-0,-0,-0,-0,-0,-0,
-0,-0,-0,-0,-0,-0,-0,-0,-0,-0,-0,-0,-0,-0,
-0,-0,-0,-0,-0,-0,-0,-0,-0,-0,-0,-0,-0,-0,
-0,-0,-0,-0,-0,-0,-0,-0,-0,-0,-0,-0,-0,-0,
-0,-0,-0,-0,-0,-0,-0,-0,-0,-0,-0,-0,-0,-0,
-0,-0,-0,-0,-0,-0,-0,-0,-0,-0,-0,-0,-0,-0,
-0,-0,-0,-0,-0,-0,-0,-0,-0,-0,-0,-0,-0,-0,
-0,-0,-0,-0,-0,-0,-0,-0,-0,-0,-0,-0,-0,-0,
-0,-0,-0,-0,-0,-0,-0,-0,-0,-0,-0,-0,-0,-0,
-0,-0,-0,-0,-0,-0,-0,-0,-0,-0,-0,-0,-0,-0,
-0,-0,-0,-0,-0,-0,-0,-0,-0,-0,-0,-0,-0,-0,
-0,-0,-0,-0,-0,-0,-0,-0,-0,-0,-0,-0,-0,-0,
-0,-0,-0,-0,-0,-0,-0,-0,-0,-0,-0,-0,-0,-0,
-0,-0,-0,-0,-0,-0,-0,-0,-0,-0,-0,-0,-0,-0,
-0,-0,-0,-0,-0,-0,-0,-0,-0,-0,-0,-0,-0,-0,
-0,-0,-0,-0,-0,-0,-0,-0,-0,-0,-0,-0,-0,-0,
-0,-0,-0,-0,-0,-0,-0,-0,-0,-0,-0,-0,-0,-0,
-0,-0,-0,-0,-0,-0,-0,-0,-0,-0,-0,-0,-0,-0,
-0,-0,-0,-0,-0,-0,-0,-0,-0,-0,-0,-0,-0,-0,
-0,-0,-0,-0,-0,-0,-0,-0,-0,-0,-0,-0,-0,-0,
-0,-0,-0,-0,-0,-0,-0,-0,-0,-0,-0,-0,-0,-0,
-0,-0,-0,-0,-0,-0,-0,-0,-0,-0,-0,-0,-0,-0,
-0,-0,-0,-0,-0,-0,-0,-0,-0,-0,-0,-0,-0,-0,
-0,-0,-0,-0,-0,-0,-0,-0,-0,-0,-0,-0,-0,-0,
-0,-0,-0,-0,-0,-0,-0,-0,-0,-0,-0,-0,-0,-0,
-0,-0,-0,-0,-0,-0,-0,-0,-0,-0,-0,-0,-0,-0,
-0,-0,-0,-0,-0,-0,-0,-0,-0,-0,-0,-0,-0,-0,
-0,-0,-0,-0,-0,-0,-0,-0,-0,-0,-0,-0,-0,-0,
-0,-0,-0,-0,-0,-0,-0,-0,-0,-0,-0,-0,-0,-0,
-0,-0,-0,-0,-0,-0,-0,-0,-0,-0,-0,-0,-0,-0,
-0,-0,-0,-0,-0,-0,-0,-0,-0,-0,-0,-0,-0,-0,
-0,-0,-0,-0,-0,-0,-0,-0,-0,-0,-0,-0,-0,-0,
-0,-0,-0,-0,-0,-0,-0,-0,-0,-0,-0,-0,-0,-0,
-0,-0,-0,-0,-0,-0,-0,-0,-0,-0,-0,-0,-0,-0,
-0,-0,-0,-0,-0,-0,-0,-0,-0,-0,-0,-0,-0,-0,
-0,-0,-0,-0,-0,-0,-0,-0,-0,-0,-0,-0,-0,-0,
-0,-0,-0,-0,-0,-0,-0,-0,-0,-0,-0,-0,-0,-0,
-0,-0,-0,-0,-0,-0,-0,-0,-0,-0,-0,-0,-0,-0,
-0,-0,-0,-0,-0,-0,-0,-0,-0,-0,-0,-0,-0,-0,
-0,-0,-0,-0,-0,-0,-0,-0,-0,-0,-0,-0,-0,-0,
-0,-0,-0,-0,-0,-0,-0,-0,-0,-0,-0,-0,-0,-0,
-0,-0,-0,-0,-0,-0,-0,-0,-0,-0,-0,-0,-0,-0,
-0,-0,-0,-0,-0,-0,-0,-0,-0,-0,-0,-0,-0,-0,
-0,-0,-0,-0,-0,-0,-0,-0,-0,-0,-0,-0,-0,-0,
-0,-0,-0,-0,-0,-0,-0,-0,-0,-0,-0,-0,-0,-0,
-0,-0,-0,-0,-0,-0,-0,-0,-0,-0,-0,-0,-0,-0,
-0,-0,-0,-0,-0,-0,-0,-0,-0,-0,-0,-0,-0,-0,
-0,-0,-0,-0,-0,-0,-0,-0,-0,-0,-0,-0,-0,-0,
-0,-0,-0,-0,-0,-0,-0,-0,-0,-0,-0,-0,-0,-0,
-0,-0,-0,-0,-0,-0,-0,-0,-0,-0,-0,-0,-0,-0,
-0,-0,-0,-0,-0,-0,-0,-0,-0,-0,-0,-0,-0,-0,
-0,-0,-0,-0,-0,-0,-0,-0,-0,-0,-0,-0,-0,-0,
-0,-0,-0,-0,-0,-0,-0,-0,-0,-0,-0,-0,-0,-0,
-0,-0,-0,-0,-0,-0,-0,-0,-0,-0,-0,-0,-0,-0,
-0,-0,-0,-0,-0,-0,-0,-0,-0,-0,-0,-0,-0,-0,
-0,-0,-0,-0,-0,-0,-0,-0,-0,-0,-0,-0,-0,-0,
-0,-0,-0,-0,-0,-0,-0,-0,-0,-0,-0,-0,-0,-0,
-0,-0,-0,-0,-0,-0,-0,-0,-0,-0,-0,-0,-0,-0,
-0,-0,-0,-0,-0,-0,-0,-0,-0,-0,-0,-0,-0,-0,
-0,-0,-0,-0,-0,-0,-0,-0,-0,-0,-0,-0,-0,-0,
-0,-0,-0,-0,-0,-0,-0,-0,-0,-0,-0,-0,-0,-0,
-0,-0,-0,-0,-0,-0,-0,-0,-0,-0,-0,-0,-0,-0,
-0,-0,-0,-0,-0,-0,-0,-0,-0,-0,-0,-0,-0,-0,
-0,-0,-0,-0,-0,-0,-0,-0,-0,-0,-0,-0,-0,-0,
-0,-0,-0,-0,-0,-0,-0,-0,-0,-0,-0,-0,-0,-0,
-0,-0,-0,-0,-0,-0,-0,-0,-0,-0,-0,-0,-0,-0,
-0,-0,-0,-0,-0,-0,-0,-0,-0,-0,-0,-0,-0,-0,
-0,-0,-0,-0,-0,-0,-0,-0,-0,-0,-0,-0,-0,-0,
-0,-0,-0,-0,-0,-0,-0,-0,-0,-0,-0,-0,-0,-0,
-0,-0,-0,-0,-0,-0,-0,-0,-0,-0,-0,-0,-0,-0,
-0,-0,-0,-0,-0,-0,-0,-0,-0,-0,-0,-0,-0,-0,
-0,-0,-0,-0,-0,-0,-0,-0,-0,-0,-0,-0,-0,-0,
-0,-0,-0,-0,-0,-0,-0,-0,-0,-0,-0,-0,-0,-0,
-0,-0,-0,-0,-0,-0,-0,-0,-0,-0,-0,-0,-0,-0,
-0,-0,-0,-0,-0,-0,-0,-0,-0,-0,-0,-0,-0,-0,
-0,-0,-0,-0,-0,-0,-0,-0,-0,-0,-0,-0,-0,-0,
-0,-0,-0,-0,-0,-0,-0,-0,-0,-0,-0,-0,-0,-0,
-0,-0,-0,-0,-0,-0,-0,-0,-0,-0,-0,-0,-0,-0,
-0,-0,-0,-0,-0,-0,-0,-0,-0,-0,-0,-0,-0,-0,
-0,-0,-0,-0,-0,-0,-0,-0,-0,-0,-0,-0,-0,-0,
-0,-0,-0,-0,-0,-0,-0,-0,-0,-0,-0,-0,-0,-0,
-0,-0,-0,-0,-0,-0,-0,-0,-0,-0,-0,-0,-0,-0,
-0,-0,-0,-0,-0,-0,-0,-0,-0,-0,-0,-0,-0,-0,
-0,-0,-0,-0,-0,-0,-0,-0,-0,-0,-0,-0,-0,-0,
-0,-0,-0,-0,-0,-0,-0,-0,-0,-0,-0,-0,-0,-0,
-0,-0,-0,-0,-0,-0,-0,-0,-0,-0,-0,-0,-0,-0,
-0,-0,-0,-0,-0,-0,-0,-0,-0,-0,-0,-0,-0,-0,
-0,-0,-0,-0,-0,-0,-0,-0,-0,-0,-0,-0,-0,-0,
-0,-0,-0,-0,-0,-0,-0,-0,-0,-0,-0,-0,-0,-0,
-0,-0,-0,-0,-0,-0,-0,-0,-0,-0,-0,-0,-0,-0,
-0,-0,-0,-0,-0,-0,-0,-0,-0,-0,-0,-0,-0,-0,
-0,-0,-0,-0,-0,-0,-0,-0,-0,-0,-0,-0,-0,-0,
-0,-0,-0,-0,-0,-0,-0,-0,-0,-0,-0,-0,-0,-0,
-0,-0,-0,-0,-0,-0,-0,-0,-0,-0,-0,-0,-0,-0,
-0,-0,-0,-0,-0,-0,-0,-0,-0,-0,-0,-0,-0,-0,
-0,-0,-0,-0,-0,-0,-0,-0,-0,-0,-0,-0,-0,-0,
-0,-0,-0,-0,-0,-0,-0,-0,-0,-0,-0,-0,-0,-0,
-0,-0,-0,-0,-0,-0,-0,-0,-0,-0,-0,-0,-0,-0,
-0,-0,-0,-0,-0,-0,-0,-0,-0,-0,-0,-0,-0,-0,
-0,-0,-0,-0,-0,-0,-0,-0,-0,-0,-0,-0,-0,-0,
-0,-0,-0,-0,-0,-0,-0,-0,-0,-0,-0,-0,-0,-0,
-0,-0,-0,-0,-0,-0,-0,-0,-0,-0,-0,-0,-0,-0,
-0,-0,-0,-0,-0,-0,-0,-0,-0,-0,-0,-0,-0,-0,
-0,-0,-0,-0,-0,-0,-0,-0,-0,-0,-0,-0,-0,-0,
-0,-0,-0,-0,-0,-0,-0,-0,-0,-0,-0,-0,-0,-0,
-0,-0,-0,-0,-0,-0,-0,-0,-0,-0,-0,-0,-0,-0,
-0,-0,-0,-0,-0,-0,-0,-0,-0,-0,-0,-0,-0,-0,
-0,-0,-0,-0,-0,-0,-0,-0,-0,-0,-0,-0,-0,-0,
-0,-0,-0,-0,-0,-0,-0,-0,-0,-0,-0,-0,-0,-0,
-0,-0,-0,-0,-0,-0,-0,-0,-0,-0,-0,-0,-0,-0,
-0,-0,-0,-0,-0,-0,-0,-0,-0,-0,-0,-0,-0,-0,
-0,-0,-0,-0,-0,-0,-0,-0,-0,-0,-0,-0,-0,-0,
-0,-0,-0,-0,-0,-0,-0,-0,-0,-0,-0,-0,-0,-0,
-0,-0,-0,-0,-0,-0,-0,-0,-0,-0,-0,-0,-0,-0,
-0,-0,-0,-0,-0,-0,-0,-0,-0,-0,-0,-0,-0,-0,
-0,-0,-0,-0,-0,-0,-0,-0,-0,-0,-0,-0,-0,-0,
-0,-0,-0,-0,-0,-0,-0,-0,-0,-0,-0,-0,-0,-0,
-0,-0,-0,-0,-0,-0,-0,-0,-0,-0,-0,-0,-0,-0,
-0,-0,-0,-0,-0,-0,-0,-0,-0,-0,-0,-0,-0,-0,
-0,-0,-0,-0,-0,-0,-0,-0,-0,-0,-0,-0,-0,-0,
-0,-0,-0,-0,-0,-0,-0,-0,-0,-0,-0,-0,-0,-0,
-0,-0,-0,-0,-0,-0,-0,-0,-0,-0,-0,-0,-0,-0,
-0,-0,-0,-0,-0,-0,-0,-0,-0,-0,-0,-0,-0,-0,
-0,-0,-0,-0,-0,-0,-0,-0,-0,-0,-0,-0,-0,-0,
-0,-0,-0,-0,-0,-0,-0,-0,-0,-0,-0,-0,-0,-0,
-0,-0,-0,-0,-0,-0,-0,-0,-0,-0,-0,-0,-0,-0,
-0,-0,-0,-0,-0,-0,-0,-0,-0,-0,-0,-0,-0,-0,
-0,-0,-0,-0,-0,-0,-0,-0,-0,-0,-0,-0,-0,-0,
-0,-0,-0,-0,-0,-0,-0,-0,-0,-0,-0,-0,-0,-0,
-0,-0,-0,-0,-0,-0,-0,-0,-0,-0,-0,-0,-0,-0,
-0,-0,-0,-0,-0,-0,-0,-0,-0,-0,-0,-0,-0,-0,
-0,-0,-0,-0,-0,-0,-0,-0,-0,-0,-0,-0,-0,-0,
-0,-0,-0,-0,-0,-0,-0,-0,-0,-0,-0,-0,-0,-0,
-0,-0,-0,-0,-0,-0,-0,-0,-0,-0,-0,-0,-0,-0,
-0,-0,-0,-0,-0,-0,-0,-0,-0,-0,-0,-0,-0,-0,
-0,-0,-0,-0,-0,-0,-0,-0,-0,-0,-0,-0,-0,-0,
-0,-0,-0,-0,-0,-0,-0,-0,-0,-0,-0,-0,-0,-0,
-0,-0,-0,-0,-0,-0,-0,-0,-0,-0,-0,-0,-0,-0,
-0,-0,-0,-0,-0,-0,-0,-0,-0,-0,-0,-0,-0,-0,
-0,-0,-0,-0,-0,-0,-0,-0,-0,-0,-0,-0,-0,-0,
-0,-0,-0,-0,-0,-0,-0,-0,-0,-0,-0,-0,-0,-0,
-0,-0,-0,-0,-0,-0,-0,-0,-0,-0,-0,-0,-0,-0,
-0,-0,-0,-0,-0,-0,-0,-0,-0,-0,-0,-0,-0,-0,
-0,-0,-0,-0,-0,-0,-0,-0,-0,-0,-0,-0,-0,-0,
-0,-0,-0,-0,-0,-0,-0,-0,-0,-0,-0,-0,-0,-0,
-0,-0,-0,-0,-0,-0,-0,-0,-0,-0,-0,-0,-0,-0,
-0,-0,-0,-0,-0,-0,-0,-0,-0,-0,-0,-0,-0,-0,
-0,-0,-0,-0,-0,-0,-0,-0,-0,-0,-0,-0,-0,-0,
-0,-0,-0,-0,-0,-0,-0,-0,-0,-0,-0,-0,-0,-0,
-0,-0,-0,-0,-0,-0,-0,-0,-0,-0,-0,-0,-0,-0,
-0,-0,-0,-0,-0,-0,-0,-0,-0,-0,-0,-0,-0,-0,
-0,-0,-0,-0,-0,-0,-0,-0,-0,-0,-0,-0,-0,-0,
-0,-0,-0,-0,-0,-0,-0,-0,-0,-0,-0,-0,-0,-0,
-0,-0,-0,-0,-0,-0,-0,-0,-0,-0,-0,-0,-0,-0,
-0,-0,-0,-0,-0,-0,-0,-0,-0,-0,-0,-0,-0,-0,
-0,-0,-0,-0,-0,-0,-0,-0,-0,-0,-0,-0,-0,-0,
-0,-0,-0,-0,-0,-0,-0,-0,-0,-0,-0,-0,-0,-0,
-0,-0,-0,-0,-0,-0,-0,-0,-0,-0,-0,-0,-0,-0,
-0,-0,-0,-0,-0,-0,-0,-0,-0,-0,-0,-0,-0,-0,
-0,-0,-0,-0,-0,-0,-0,-0,-0,-0,-0,-0,-0,-0,
-0,-0,-0,-0,-0,-0,-0,-0,-0,-0,-0,-0,-0,-0,
-0,-0,-0,-0,-0,-0,-0,-0,-0,-0,-0,-0,-0,-0,
-0,-0,-0,-0,-0,-0,-0,-0,-0,-0,-0,-0,-0,-0,
-0,-0,-0,-0,-0,-0,-0,-0,-0,-0,-0,-0,-0,-0,
-0,-0,-0,-0,-0,-0,-0,-0,-0,-0,-0,-0,-0,-0,
-0,-0,-0,-0,-0,-0,-0,-0,-0,-0,-0,-0,-0,-0,
-0,-0,-0,-0,-0,-0,-0,-0,-0,-0,-0,-0,-0,-0,
-0,-0,-0,-0,-0,-0,-0,-0,-0,-0,-0,-0,-0,-0,
-0,-0,-0,-0,-0,-0,-0,-0,-0,-0,-0,-0,-0,-0,
-0,-0,-0,-0,-0,-0,-0,-0,-0,-0,-0,-0,-0,-0,
-0,-0,-0,-0,-0,-0,-0,-0,-0,-0,-0,-0,-0,-0,
-0,-0,-0,-0,-0,-0,-0,-0,-0,-0,-0,-0,-0,-0,
-0,-0,-0,-0,-0,-0,-0,-0,-0,-0,-0,-0,-0,-0,
-0,-0,-0,-0,-0,-0,-0,-0,-0,-0,-0,-0,-0,-0,
-0,-0,-0,-0,-0,-0,-0,-0,-0,-0,-0,-0,-0,-0,
-0,-0,-0,-0,-0,-0,-0,-0,-0,-0,-0,-0,-0,-0,
-0,-0,-0,-0,-0,-0,-0,-0,-0,-0,-0,-0,-0,-0,
-0,-0,-0,-0,-0,-0,-0,-0,-0,-0,-0,-0,-0,-0,
-0,-0,-0,-0,-0,-0,-0,-0,-0,-0,-0,-0,-0,-0,
-0,-0,-0,-0,-0,-0,-0,-0,-0,-0,-0,-0,-0,-0,
-0,-0,-0,-0,-0,-0,-0,-0,-0,-0,-0,-0,-0,-0,
-0,-0,-0,-0,-0,-0,-0,-0,-0,-0,-0,-0,-0,-0,
-0,-0,-0,-0,-0,-0,-0,-0,-0,-0,-0,-0,-0,-0,
-0,-0,-0,-0,-0,-0,-0,-0,-0,-0,-0,-0,-0,-0,
-0,-0,-0,-0,-0,-0,-0,-0,-0,-0,-0,-0,-0,-0,
-0,-0,-0,-0,-0,-0,-0,-0,-0,-0,-0,-0,-0,-0,
-0,-0,-0,-0,-0,-0,-0,-0,-0,-0,-0,-0,-0,-0,
-0,-0,-0,-0,-0,-0,-0,-0,-0,-0,-0,-0,-0,-0,
-0,-0,-0,-0,-0,-0,-0,-0,-0,-0,-0,-0,-0,-0,
-0,-0,-0,-0,-0,-0,-0,-0,-0,-0,-0,-0,-0,-0,
-0,-0,-0,-0,-0,-0,-0,-0,-0,-0,-0,-0,-0,-0,
-0,-0,-0,-0,-0,-0,-0,-0,-0,-0,-0,-0,-0,-0,
-0,-0,-0,-0,-0,-0,-0,-0,-0,-0,-0,-0,-0,-0,
-0,-0,-0,-0,-0,-0,-0,-0,-0,-0,-0,-0,-0,-0,
-0,-0,-0,-0,-0,-0,-0,-0,-0,-0,-0,-0,-0,-0,
-0,-0,-0,-0,-0,-0,-0,-0,-0,-0,-0,-0,-0,-0,
-0,-0,-0,-0,-0,-0,-0,-0,-0,-0,-0,-0,-0,-0,
-0,-0,-0,-0,-0,-0,-0,-0,-0,-0,-0,-0,-0,-0,
-0,-0,-0,-0,-0,-0,-0,-0,-0,-0,-0,-0,-0,-0,
-0,-0,-0,-0,-0,-0,-0,-0,-0,-0,-0,-0,-0,-0,
-0,-0,-0,-0,-0,-0,-0,-0,-0,-0,-0,-0,-0,-0,
-0,-0,-0,-0,-0,-0,-0,-0,-0,-0,-0,-0,-0,-0,
-0,-0,-0,-0,-0,-0,-0,-0,-0,-0,-0,-0,-0,-0,
-0,-0,-0,-0,-0,-0,-0,-0,-0,-0,-0,-0,-0,-0,
-0,-0,-0,-0,-0,-0,-0,-0,-0,-0,-0,-0,-0,-0,
-0,-0,-0,-0,-0,-0,-0,-0,-0,-0,-0,-0,-0,-0,
-0,-0,-0,-0,-0,-0,-0,-0,-0,-0,-0,-0,-0,-0,
-0,-0,-0,-0,-0,-0,-0,-0,-0,-0,-0,-0,-0,-0,
-0,-0,-0,-0,-0,-0,-0,-0,-0,-0,-0,-0,-0,-0,
-0,-0,-0,-0,-0,-0,-0,-0,-0,-0,-0,-0,-0,-0,
-0,-0,-0,-0,-0,-0,-0,-0,-0,-0,-0,-0,-0,-0,
-0,-0,-0,-0,-0,-0,-0,-0,-0,-0,-0,-0,-0,-0,
-0,-0,-0,-0,-0,-0,-0,-0,-0,-0,-0,-0,-0,-0,
-0,-0,-0,-0,-0,-0,-0,-0,-0,-0,-0,-0,-0,-0,
-0,-0,-0,-0,-0,-0,-0,-0,-0,-0,-0,-0,-0,-0,
-0,-0,-0,-0,-0,-0,-0,-0,-0,-0,-0,-0,-0,-0,
-0,-0,-0,-0,-0,-0,-0,-0,-0,-0,-0,-0,-0,-0,
-0,-0,-0,-0,-0,-0,-0,-0,-0,-0,-0,-0,-0,-0,
-0,-0,-0,-0,-0,-0,-0,-0,-0,-0,-0,-0,-0,-0,
-0,-0,-0,-0,-0,-0,-0,-0,-0,-0,-0,-0,-0,-0,
-0,-0,-0,-0,-0,-0,-0,-0,-0,-0,-0,-0,-0,-0,
-0,-0,-0,-0,-0,-0,-0,-0,-0,-0,-0,-0,-0,-0,
-0,-0,-0,-0,-0,-0,-0,-0,-0,-0,-0,-0,-0,-0,
-0,-0,-0,-0,-0,-0,-0,-0,-0,-0,-0,-0,-0,-0,
-0,-0,-0,-0,-0,-0,-0,-0,-0,-0,-0,-0,-0,-0,
-0,-0,-0,-0,-0,-0,-0,-0,-0,-0,-0,-0,-0,-0,
-0,-0,-0,-0,-0,-0,-0,-0,-0,-0,-0,-0,-0,-0,
-0,-0,-0,-0,-0,-0,-0,-0,-0,-0,-0,-0,-0,-0,
-0,-0,-0,-0,-0,-0,-0,-0,-0,-0,-0,-0,-0,-0,
-0,-0,-0,-0,-0,-0,-0,-0,-0,-0,-0,-0,-0,-0,
-0,-0,-0,-0,-0,-0,-0,-0,-0,-0,-0,-0,-0,-0,
-0,-0,-0,-0,-0,-0,-0,-0,-0,-0,-0,-0,-0,-0,
-0,-0,-0,-0,-0,-0,-0,-0,-0,-0,-0,-0,-0,-0,
-0,-0,-0,-0,-0,-0,-0,-0,-0,-0,-0,-0,-0,-0,
-0,-0,-0,-0,-0,-0,-0,-0,-0,-0,-0,-0,-0,-0,
-0,-0,-0,-0,-0,-0,-0,-0,-0,-0,-0,-0,-0,-0,
-0,-0,-0,-0,-0,-0,-0,-0,-0,-0,-0,-0,-0,-0,
-0,-0,-0,-0,-0,-0,-0,-0,-0,-0,-0,-0,-0,-0,
-0,-0,-0,-0,-0,-0,-0,-0,-0,-0,-0,-0,-0,-0,
-0,-0,-0,-0,-0,-0,-0,-0,-0,-0,-0,-0,-0,-0,
-0,-0,-0,-0,-0,-0,-0,-0,-0,-0,-0,-0,-0,-0,
-0,-0,-0,-0,-0,-0,-0,-0,-0,-0,-0,-0,-0,-0,
-0,-0,-0,-0,-0,-0,-0,-0,-0,-0,-0,-0,-0,-0,
-0,-0,-0,-0,-0,-0,-0,-0,-0,-0,-0,-0,-0,-0,
-0,-0,-0,-0,-0,-0,-0,-0,-0,-0,-0,-0,-0,-0,
-0,-0,-0,-0,-0,-0,-0,-0,-0,-0,-0,-0,-0,-0,
-0,-0,-0,-0,-0,-0,-0,-0,-0,-0,-0,-0,-0,-0,
-0,-0,-0,-0,-0,-0,-0,-0,-0,-0,-0,-0,-0,-0,
-0,-0,-0,-0,-0,-0,-0,-0,-0,-0,-0,-0,-0,-0,
-0,-0,-0,-0,-0,-0,-0,-0,-0,-0,-0,-0,-0,-0,
-0,-0,-0,-0,-0,-0,-0,-0,-0,-0,-0,-0,-0,-0,
-0,-0,-0,-0,-0,-0,-0,-0,-0,-0,-0,-0,-0,-0,
-0,-0,-0,-0,-0,-0,-0,-0,-0,-0,-0,-0,-0,-0,
-0,-0,-0,-0,-0,-0,-0,-0,-0,-0,-0,-0,-0,-0,
-0,-0,-0,-0,-0,-0,-0,-0,-0,-0,-0,-0,-0,-0,
-0,-0,-0,-0,-0,-0,-0,-0,-0,-0,-0,-0,-0,-0,
-0,-0,-0,-0,-0,-0,-0,-0,-0,-0,-0,-0,-0,-0,
-0,-0,-0,-0,-0,-0,-0,-0,-0,-0,-0,-0,-0,-0,
-0,-0,-0,-0,-0,-0,-0,-0,-0,-0,-0,-0,-0,-0,
-0,-0,-0,-0,-0,-0,-0,-0,-0,-0,-0,-0,-0,-0,
-0,-0,-0,-0,-0,-0,-0,-0,-0,-0,-0,-0,-0,-0,
-0,-0,-0,-0,-0,-0,-0,-0,-0,-0,-0,-0,-0,-0,
-0,-0,-0,-0,-0,-0,-0,-0,-0,-0,-0,-0,-0,-0,
-0,-0,-0,-0,-0,-0,-0,-0,-0,-0,-0,-0,-0,-0,
-0,-0,-0,-0,-0,-0,-0,-0,-0,-0,-0,-0,-0,-0,
-0,-0,-0,-0,-0,-0,-0,-0,-0,-0,-0,-0,-0,-0,
-0,-0,-0,-0,-0,-0,-0,-0,-0,-0,-0,-0,-0,-0,
-0,-0,-0,-0,-0,-0,-0,-0,-0,-0,-0,-0,-0,-0,
-0,-0,-0,-0,-0,-0,-0,-0,-0,-0,-0,-0,-0,-0,
-0,-0,-0,-0,-0,-0,-0,-0,-0,-0,-0,-0,-0,-0,
-0,-0,-0,-0,-0,-0,-0,-0,-0,-0,-0,-0,-0,-0,
-0,-0,-0,-0,-0,-0,-0,-0,-0,-0,-0,-0,-0,-0,
-0,-0,-0,-0,-0,-0,-0,-0,-0,-0,-0,-0,-0,-0,
-0,-0,-0,-0,-0,-0,-0,-0,-0,-0,-0,-0,-0,-0,
-0,-0,-0,-0,-0,-0,-0,-0,-0,-0,-0,-0,-0,-0,
-0,-0,-0,-0,-0,-0,-0,-0,-0,-0,-0,-0,-0,-0,
-0,-0,-0,-0,-0,-0,-0,-0,-0,-0,-0,-0,-0,-0,
-0,-0,-0,-0,-0,-0,-0,-0,-0,-0,-0,-0,-0,-0,
-0,-0,-0,-0,-0,-0,-0,-0,-0,-0,-0,-0,-0,-0,
-0,-0,-0,-0,-0,-0,-0,-0,-0,-0,-0,-0,-0,-0,
-0,-0,-0,-0,-0,-0,-0,-0,-0,-0,-0,-0,-0,-0,
-0,-0,-0,-0,-0,-0,-0,-0,-0,-0,-0,-0,-0,-0,
-0,-0,-0,-0,-0,-0,-0,-0,-0,-0,-0,-0,-0,-0,
-0,-0,-0,-0,-0,-0,-0,-0,-0,-0,-0,-0,-0,-0,
-0,-0,-0,-0,-0,-0,-0,-0,-0,-0,-0,-0,-0,-0,
-0,-0,-0,-0,-0,-0,-0,-0,-0,-0,-0,-0,-0,-0,
-0,-0,-0,-0,-0,-0,-0,-0,-0,-0,-0,-0,-0,-0,
-0,-0,-0,-0,-0,-0,-0,-0,-0,-0,-0,-0,-0,-0,
-0,-0,-0,-0,-0,-0,-0,-0,-0,-0,-0,-0,-0,-0,
-0,-0,-0,-0,-0,-0,-0,-0,-0,-0,-0,-0,-0,-0,
-0,-0,-0,-0,-0,-0,-0,-0,-0,-0,-0,-0,-0,-0,
-0,-0,-0,-0,-0,-0,-0,-0,-0,-0,-0,-0,-0,-0,
-0,-0,-0,-0,-0,-0,-0,-0,-0,-0,-0,-0,-0,-0,
-0,-0,-0,-0,-0,-0,-0,-0,-0,-0,-0,-0,-0,-0,
-0,-0,-0,-0,-0,-0,-0,-0,-0,-0,-0,-0,-0,-0,
-0,-0,-0,-0,-0,-0,-0,-0,-0,-0,-0,-0,-0,-0,
-0,-0,-0,-0,-0,-0,-0,-0,-0,-0,-0,-0,-0,-0,
-0,-0,-0,-0,-0,-0,-0,-0,-0,-0,-0,-0,-0,-0,
-0,-0,-0,-0,-0,-0,-0,-0,-0,-0,-0,-0,-0,-0,
-0,-0,-0,-0,-0,-0,-0,-0,-0,-0,-0,-0,-0,-0,
-0,-0,-0,-0,-0,-0,-0,-0,-0,-0,-0,-0,-0,-0,
-0,-0,-0,-0,-0,-0,-0,-0,-0,-0,-0,-0,-0,-0,
-0,-0,-0,-0,-0,-0,-0,-0,-0,-0,-0,-0,-0,-0,
-0,-0,-0,-0,-0,-0,-0,-0,-0,-0,-0,-0,-0,-0,
-0,-0,-0,-0,-0,-0,-0,-0,-0,-0,-0,-0,-0,-0,
-0,-0,-0,-0,-0,-0,-0,-0,-0,-0,-0,-0,-0,-0,
-0,-0,-0,-0,-0,-0,-0,-0,-0,-0,-0,-0,-0,-0,
-0,-0,-0,-0,-0,-0,-0,-0,-0,-0,-0,-0,-0,-0,
-0,-0,-0,-0,-0,-0,-0,-0,-0,-0,-0,-0,-0,-0,
-0,-0,-0,-0,-0,-0,-0,-0,-0,-0,-0,-0,-0,-0,
-0,-0,-0,-0,-0,-0,-0,-0,-0,-0,-0,-0,-0,-0,
-0,-0,-0,-0,-0,-0,-0,-0,-0,-0,-0,-0,-0,-0,
-0,-0,-0,-0,-0,-0,-0,-0,-0,-0,-0,-0,-0,-0,
-0,-0,-0,-0,-0,-0,-0,-0,-0,-0,-0,-0,-0,-0,
-0,-0,-0,-0,-0,-0,-0,-0,-0,-0,-0,-0,-0,-0,
-0,-0,-0,-0,-0,-0,-0,-0,-0,-0,-0,-0,-0,-0,
-0,-0,-0,-0,-0,-0,-0,-0,-0,-0,-0,-0,-0,-0,
-0,-0,-0,-0,-0,-0,-0,-0,-0,-0,-0,-0,-0,-0,
-0,-0,-0,-0,-0,-0,-0,-0,-0,-0,-0,-0,-0,-0,
-0,-0,-0,-0,-0,-0,-0,-0,-0,-0,-0,-0,-0,-0,
-0,-0,-0,-0,-0,-0,-0,-0,-0,-0,-0,-0,-0,-0,
-0,-0,-0,-0,-0,-0,-0,-0,-0,-0,-0,-0,-0,-0,
-0,-0,-0,-0,-0,-0,-0,-0,-0,-0,-0,-0,-0,-0,
-0,-0,-0,-0,-0,-0,-0,-0,-0,-0,-0,-0,-0,-0,
-0,-0,-0,-0,-0,-0,-0,-0,-0,-0,-0,-0,-0,-0,
-0,-0,-0,-0,-0,-0,-0,-0,-0,-0,-0,-0,-0,-0,
-0,-0,-0,-0,-0,-0,-0,-0,-0,-0,-0,-0,-0,-0,
-0,-0,-0,-0,-0,-0,-0,-0,-0,-0,-0,-0,-0,-0,
-0,-0,-0,-0,-0,-0,-0,-0,-0,-0,-0,-0,-0,-0,
-0,-0,-0,-0,-0,-0,-0,-0,-0,-0,-0,-0,-0,-0,
-0,-0,-0,-0,-0,-0,-0,-0,-0,-0,-0,-0,-0,-0,
-0,-0,-0,-0,-0,-0,-0,-0,-0,-0,-0,-0,-0,-0,
-0,-0,-0,-0,-0,-0,-0,-0,-0,-0,-0,-0,-0,-0,
-0,-0,-0,-0,-0,-0,-0,-0,-0,-0,-0,-0,-0,-0,
-0,-0,-0,-0,-0,-0,-0,-0,-0,-0,-0,-0,-0,-0,
-0,-0,-0,-0,-0,-0,-0,-0,-0,-0,-0,-0,-0,-0,
-0,-0,-0,-0,-0,-0,-0,-0,-0,-0,-0,-0,-0,-0,
-0,-0,-0,-0,-0,-0,-0,-0,-0,-0,-0,-0,-0,-0,
-0,-0,-0,-0,-0,-0,-0,-0,-0,-0,-0,-0,-0,-0,
-0,-0,-0,-0,-0,-0,-0,-0,-0,-0,-0,-0,-0,-0,
-0,-0,-0,-0,-0,-0,-0,-0,-0,-0,-0,-0,-0,-0,
-0,-0,-0,-0,-0,-0,-0,-0,-0,-0,-0,-0,-0,-0,
-0,-0,-0,-0,-0,-0,-0,-0,-0,-0,-0,-0,-0,-0,
-0,-0,-0,-0,-0,-0,-0,-0,-0,-0,-0,-0,-0,-0,
-0,-0,-0,-0,-0,-0,-0,-0,-0,-0,-0,-0,-0,-0,
-0,-0,-0,-0,-0,-0,-0,-0,-0,-0,-0,-0,-0,-0,
-0,-0,-0,-0,-0,-0,-0,-0,-0,-0,-0,-0,-0,-0,
-0,-0,-0,-0,-0,-0,-0,-0,-0,-0,-0,-0,-0,-0,
-0,-0,-0,-0,-0,-0,-0,-0,-0,-0,-0,-0,-0,-0,
-0,-0,-0,-0,-0,-0,-0,-0,-0,-0,-0,-0,-0,-0,
-0,-0,-0,-0,-0,-0,-0,-0,-0,-0,-0,-0,-0,-0,
-0,-0,-0,-0,-0,-0,-0,-0,-0,-0,-0,-0,-0,-0,
-0,-0,-0,-0,-0,-0,-0,-0,-0,-0,-0,-0,-0,-0,
-0,-0,-0,-0,-0,-0,-0,-0,-0,-0,-0,-0,-0,-0,
-0,-0,-0,-0,-0,-0,-0,-0,-0,-0,-0,-0,-0,-0,
-0,-0,-0,-0,-0,-0,-0,-0,-0,-0,-0,-0,-0,-0,
-0,-0,-0,-0,-0,-0,-0,-0,-0,-0,-0,-0,-0,-0,
-0,-0,-0,-0,-0,-0,-0,-0,-0,-0,-0,-0,-0,-0,
-0,-0,-0,-0,-0,-0,-0,-0,-0,-0,-0,-0,-0,-0,
-0,-0,-0,-0,-0,-0,-0,-0,-0,-0,-0,-0,-0,-0,
-0,-0,-0,-0,-0,-0,-0,-0,-0,-0,-0,-0,-0,-0,
-0,-0,-0,-0,-0,-0,-0,-0,-0,-0,-0,-0,-0,-0,
-0,-0,-0,-0,-0,-0,-0,-0,-0,-0,-0,-0,-0,-0,
-0,-0,-0,-0,-0,-0,-0,-0,-0,-0,-0,-0,-0,-0,
-0,-0,-0,-0,-0,-0,-0,-0,-0,-0,-0,-0,-0,-0,
-0,-0,-0,-0,-0,-0,-0,-0,-0,-0,-0,-0,-0,-0,
-0,-0,-0,-0,-0,-0,-0,-0,-0,-0,-0,-0,-0,-0,
-0,-0,-0,-0,-0,-0,-0,-0,-0,-0,-0,-0,-0,-0,
-0,-0,-0,-0,-0,-0,-0,-0,-0,-0,-0,-0,-0,-0,
-0,-0,-0,-0,-0,-0,-0,-0,-0,-0,-0,-0,-0,-0,
-0,-0,-0,-0,-0,-0,-0,-0,-0,-0,-0,-0,-0,-0,
-0,-0,-0,-0,-0,-0,-0,-0,-0,-0,-0,-0,-0,-0,
-0,-0,-0,-0,-0,-0,-0,-0,-0,-0,-0,-0,-0,-0,
-0,-0,-0,-0,-0,-0,-0,-0,-0,-0,-0,-0,-0,-0,
-0,-0,-0,-0,-0,-0,-0,-0,-0,-0,-0,-0,-0,-0,
-0,-0,-0,-0,-0,-0,-0,-0,-0,-0,-0,-0,-0,-0,
-0,-0,-0,-0,-0,-0,-0,-0,-0,-0,-0,-0,-0,-0,
-0,-0,-0,-0,-0,-0,-0,-0,-0,-0,-0,-0,-0,-0,
-0,-0,-0,-0,-0,-0,-0,-0,-0,-0,-0,-0,-0,-0,
-0,-0,-0,-0,-0,-0,-0,-0,-0,-0,-0,-0,-0,-0,
-0,-0,-0,-0,-0,-0,-0,-0,-0,-0,-0,-0,-0,-0,
-0,-0,-0,-0,-0,-0,-0,-0,-0,-0,-0,-0,-0,-0,
-0,-0,-0,-0,-0,-0,-0,-0,-0,-0,-0,-0,-0,-0,
-0,-0,-0,-0,-0,-0,-0,-0,-0,-0,-0,-0,-0,-0,
-0,-0,-0,-0,-0,-0,-0,-0,-0,-0,-0,-0,-0,-0,
-0,-0,-0,-0,-0,-0,-0,-0,-0,-0,-0,-0,-0,-0,
-0,-0,-0,-0,-0,-0,-0,-0,-0,-0,-0,-0,-0,-0,
-0,-0,-0,-0,-0,-0,-0,-0,-0,-0,-0,-0,-0,-0,
-0,-0,-0,-0,-0,-0,-0,-0,-0,-0,-0,-0,-0,-0,
-0,-0,-0,-0,-0,-0,-0,-0,-0,-0,-0,-0,-0,-0,
-0,-0,-0,-0,-0,-0,-0,-0,-0,-0,-0,-0,-0,-0,
-0,-0,-0,-0,-0,-0,-0,-0,-0,-0,-0,-0,-0,-0,
-0,-0,-0,-0,-0,-0,-0,-0,-0,-0,-0,-0,-0,-0,
-0,-0,-0,-0,-0,-0,-0,-0,-0,-0,-0,-0,-0,-0,
-0,-0,-0,-0,-0,-0,-0,-0,-0,-0,-0,-0,-0,-0,
-0,-0,-0,-0,-0,-0,-0,-0,-0,-0,-0,-0,-0,-0,
-0,-0,-0,-0,-0,-0,-0,-0,-0,-0,-0,-0,-0,-0,
-0,-0,-0,-0,-0,-0,-0,-0,-0,-0,-0,-0,-0,-0,
-0,-0,-0,-0,-0,-0,-0,-0,-0,-0,-0,-0,-0,-0,
-0,-0,-0,-0,-0,-0,-0,-0,-0,-0,-0,-0,-0,-0,
-0,-0,-0,-0,-0,-0,-0,-0,-0,-0,-0,-0,-0,-0,
-0,-0,-0,-0,-0,-0,-0,-0,-0,-0,-0,-0,-0,-0,
-0,-0,-0,-0,-0,-0,-0,-0,-0,-0,-0,-0,-0,-0,
-0,-0,-0,-0,-0,-0,-0,-0,-0,-0,-0,-0,-0,-0,
-0,-0,-0,-0,-0,-0,-0,-0,-0,-0,-0,-0,-0,-0,
-0,-0,-0,-0,-0,-0,-0,-0,-0,-0,-0,-0,-0,-0,
-0,-0,-0,-0,-0,-0,-0,-0,-0,-0,-0,-0,-0,-0,
-0,-0,-0,-0,-0,-0,-0,-0,-0,-0,-0,-0,-0,-0,
-0,-0,-0,-0,-0,-0,-0,-0,-0,-0,-0,-0,-0,-0,
-0,-0,-0,-0,-0,-0,-0,-0,-0,-0,-0,-0,-0,-0,
-0,-0,-0,-0,-0,-0,-0,-0,-0,-0,-0,-0,-0,-0,
-0,-0,-0,-0,-0,-0,-0,-0,-0,-0,-0,-0,-0,-0,
-0,-0,-0,-0,-0,-0,-0,-0,-0,-0,-0,-0,-0,-0,
-0,-0,-0,-0,-0,-0,-0,-0,-0,-0,-0,-0,-0,-0,
-0,-0,-0,-0,-0,-0,-0,-0,-0,-0,-0,-0,-0,-0,
-0,-0,-0,-0,-0,-0,-0,-0,-0,-0,-0,-0,-0,-0,
-0,-0,-0,-0,-0,-0,-0,-0,-0,-0,-0,-0,-0,-0,
-0,-0,-0,-0,-0,-0,-0,-0,-0,-0,-0,-0,-0,-0,
-0,-0,-0,-0,-0,-0,-0,-0,-0,-0,-0,-0,-0,-0,
-0,-0,-0,-0,-0,-0,-0,-0,-0,-0,-0,-0,-0,-0,
-0,-0,-0,-0,-0,-0,-0,-0,-0,-0,-0,-0,-0,-0,
-0,-0,-0,-0,-0,-0,-0,-0,-0,-0,-0,-0,-0,-0,
-0,-0,-0,-0,-0,-0,-0,-0,-0,-0,-0,-0,-0,-0,
-0,-0,-0,-0,-0,-0,-0,-0,-0,-0,-0,-0,-0,-0,
-0,-0,-0,-0,-0,-0,-0,-0,-0,-0,-0,-0,-0,-0,
-0,-0,-0,-0,-0,-0,-0,-0,-0,-0,-0,-0,-0,-0,
-0,-0,-0,-0,-0,-0,-0,-0,-0,-0,-0,-0,-0,-0,
-0,-0,-0,-0,-0,-0,-0,-0,-0,-0,-0,-0,-0,-0,
-0,-0,-0,-0,-0,-0,-0,-0,-0,-0,-0,-0,-0,-0,
-0,-0,-0,-0,-0,-0,-0,-0,-0,-0,-0,-0,-0,-0,
-0,-0,-0,-0,-0,-0,-0,-0,-0,-0,-0,-0,-0,-0,
-0,-0,-0,-0,-0,-0,-0,-0,-0,-0,-0,-0,-0,-0,
-0,-0,-0,-0,-0,-0,-0,-0,-0,-0,-0,-0,-0,-0,
-0,-0,-0,-0,-0,-0,-0,-0,-0,-0,-0,-0,-0,-0,
-0,-0,-0,-0,-0,-0,-0,-0,-0,-0,-0,-0,-0,-0,
-0,-0,-0,-0,-0,-0,-0,-0,-0,-0,-0,-0,-0,-0,
-0,-0,-0,-0,-0,-0,-0,-0,-0,-0,-0,-0,-0,-0,
-0,-0,-0,-0,-0,-0,-0,-0,-0,-0,-0,-0,-0,-0,
-0,-0,-0,-0,-0,-0,-0,-0,-0,-0,-0,-0,-0,-0,
-0,-0,-0,-0,-0,-0,-0,-0,-0,-0,-0,-0,-0,-0,
-0,-0,-0,-0,-0,-0,-0,-0,-0,-0,-0,-0,-0,-0,
-0,-0,-0,-0,-0,-0,-0,-0,-0,-0,-0,-0,-0,-0,
-0,-0,-0,-0,-0,-0,-0,-0,-0,-0,-0,-0,-0,-0,
-0,-0,-0,-0,-0,-0,-0,-0,-0,-0,-0,-0,-0,-0,
-0,-0,-0,-0,-0,-0,-0,-0,-0,-0,-0,-0,-0,-0,
-0,-0,-0,-0,-0,-0,-0,-0,-0,-0,-0,-0,-0,-0,
-0,-0,-0,-0,-0,-0,-0,-0,-0,-0,-0,-0,-0,-0,
-0,-0,-0,-0,-0,-0,-0,-0,-0,-0,-0,-0,-0,-0,
-0,-0,-0,-0,-0,-0,-0,-0,-0,-0,-0,-0,-0,-0,
-0,-0,-0,-0,-0,-0,-0,-0,-0,-0,-0,-0,-0,-0,
-0,-0,-0,-0,-0,-0,-0,-0,-0,-0,-0,-0,-0,-0,
-0,-0,-0,-0,-0,-0,-0,-0,-0,-0,-0,-0,-0,-0,
-0,-0,-0,-0,-0,-0,-0,-0,-0,-0,-0,-0,-0,-0,
-0,-0,-0,-0,-0,-0,-0,-0,-0,-0,-0,-0,-0,-0,
-0,-0,-0,-0,-0,-0,-0,-0,-0,-0,-0,-0,-0,-0,
-0,-0,-0,-0,-0,-0,-0,-0,-0,-0,-0,-0,-0,-0,
-0,-0,-0,-0,-0,-0,-0,-0,-0,-0,-0,-0,-0,-0,
-0,-0,-0,-0,-0,-0,-0,-0,-0,-0,-0,-0,-0,-0,
-0,-0,-0,-0,-0,-0,-0,-0,-0,-0,-0,-0,-0,-0,
-0,-0,-0,-0,-0,-0,-0,-0,-0,-0,-0,-0,-0,-0,
-0,-0,-0,-0,-0,-0,-0,-0,-0,-0,-0,-0,-0,-0,
-0,-0,-0,-0,-0,-0,-0,-0,-0,-0,-0,-0,-0,-0,
-0,-0,-0,-0,-0,-0,-0,-0,-0,-0,-0,-0,-0,-0,
-0,-0,-0,-0,-0,-0,-0,-0,-0,-0,-0,-0,-0,-0,
-0,-0,-0,-0,-0,-0,-0,-0,-0,-0,-0,-0,-0,-0,
-0,-0,-0,-0,-0,-0,-0,-0,-0,-0,-0,-0,-0,-0,
-0,-0,-0,-0,-0,-0,-0,-0,-0,-0,-0,-0,-0,-0,
-0,-0,-0,-0,-0,-0,-0,-0,-0,-0,-0,-0,-0,-0,
-0,-0,-0,-0,-0,-0,-0,-0,-0,-0,-0,-0,-0,-0,
-0,-0,-0,-0,-0,-0,-0,-0,-0,-0,-0,-0,-0,-0,
-0,-0,-0,-0,-0,-0,-0,-0,-0,-0,-0,-0,-0,-0,
-0,-0,-0,-0,-0,-0,-0,-0,-0,-0,-0,-0,-0,-0,
-0,-0,-0,-0,-0,-0,-0,-0,-0,-0,-0,-0,-0,-0,
-0,-0,-0,-0,-0,-0,-0,-0,-0,-0,-0,-0,-0,-0,
-0,-0,-0,-0,-0,-0,-0,-0,-0,-0,-0,-0,-0,-0,
-0,-0,-0,-0,-0,-0,-0,-0,-0,-0,-0,-0,-0,-0,
-0,-0,-0,-0,-0,-0,-0,-0,-0,-0,-0,-0,-0,-0,
-0,-0,-0,-0,-0,-0,-0,-0,-0,-0,-0,-0,-0,-0,
-0,-0,-0,-0,-0,-0,-0,-0,-0,-0,-0,-0,-0,-0,
-0,-0,-0,-0,-0,-0,-0,-0,-0,-0,-0,-0,-0,-0,
-0,-0,-0,-0,-0,-0,-0,-0,-0,-0,-0,-0,-0,-0,
-0,-0,-0,-0,-0,-0,-0,-0,-0,-0,-0,-0,-0,-0,
-0,-0,-0,-0,-0,-0,-0,-0,-0,-0,-0,-0,-0,-0,
-0,-0,-0,-0,-0,-0,-0,-0,-0,-0,-0,-0,-0,-0,
-0,-0,-0,-0,-0,-0,-0,-0,-0,-0,-0,-0,-0,-0,
-0,-0,-0,-0,-0,-0,-0,-0,-0,-0,-0,-0,-0,-0,
-0,-0,-0,-0,-0,-0,-0,-0,-0,-0,-0,-0,-0,-0,
-0,-0,-0,-0,-0,-0,-0,-0,-0,-0,-0,-0,-0,-0,
-0,-0,-0,-0,-0,-0,-0,-0,-0,-0,-0,-0,-0,-0,
-0,-0,-0,-0,-0,-0,-0,-0,-0,-0,-0,-0,-0,-0,
-0,-0,-0,-0,-0,-0,-0,-0,-0,-0,-0,-0,-0,-0,
-0,-0,-0,-0,-0,-0,-0,-0,-0,-0,-0,-0,-0,-0,
-0,-0,-0,-0,-0,-0,-0,-0,-0,-0,-0,-0,-0,-0,
-0,-0,-0,-0,-0,-0,-0,-0,-0,-0,-0,-0,-0,-0,
-0,-0,-0,-0,-0,-0,-0,-0,-0,-0,-0,-0,-0,-0,
-0,-0,-0,-0,-0,-0,-0,-0,-0,-0,-0,-0,-0,-0,
-0,-0,-0,-0,-0,-0,-0,-0,-0,-0,-0,-0,-0,-0,
-0,-0,-0,-0,-0,-0,-0,-0,-0,-0,-0,-0,-0,-0,
-0,-0,-0,-0,-0,-0,-0,-0,-0,-0,-0,-0,-0,-0,
-0,-0,-0,-0,-0,-0,-0,-0,-0,-0,-0,-0,-0,-0,
-0,-0,-0,-0,-0,-0,-0,-0,-0,-0,-0,-0,-0,-0,
-0,-0,-0,-0,-0,-0,-0,-0,-0,-0,-0,-0,-0,-0,
-0,-0,-0,-0,-0,-0,-0,-0,-0,-0,-0,-0,-0,-0,
-0,-0,-0,-0,-0,-0,-0,-0,-0,-0,-0,-0,-0,-0,
-0,-0,-0,-0,-0,-0,-0,-0,-0,-0,-0,-0,-0,-0,
-0,-0,-0,-0,-0,-0,-0,-0,-0,-0,-0,-0,-0,-0,
-0,-0,-0,-0,-0,-0,-0,-0,-0,-0,-0,-0,-0,-0,
-0,-0,-0,-0,-0,-0,-0,-0,-0,-0,-0,-0,-0,-0,
-0,-0,-0,-0,-0,-0,-0,-0,-0,-0,-0,-0,-0,-0,
-0,-0,-0,-0,-0,-0,-0,-0,-0,-0,-0,-0,-0,-0,
-0,-0,-0,-0,-0,-0,-0,-0,-0,-0,-0,-0,-0,-0,
-0,-0,-0,-0,-0,-0,-0,-0,-0,-0,-0,-0,-0,-0,
-0,-0,-0,-0,-0,-0,-0,-0,-0,-0,-0,-0,-0,-0,
-0,-0,-0,-0,-0,-0,-0,-0,-0,-0,-0,-0,-0,-0,
-0,-0,-0,-0,-0,-0,-0,-0,-0,-0,-0,-0,-0,-0,
-0,-0,-0,-0,-0,-0,-0,-0,-0,-0,-0,-0,-0,-0,
-0,-0,-0,-0,-0,-0,-0,-0,-0,-0,-0,-0,-0,-0,
-0,-0,-0,-0,-0,-0,-0,-0,-0,-0,-0,-0,-0,-0,
-0,-0,-0,-0,-0,-0,-0,-0,-0,-0,-0,-0,-0,-0,
-0,-0,-0,-0,-0,-0,-0,-0,-0,-0,-0,-0,-0,-0,
-0,-0,-0,-0,-0,-0,-0,-0,-0,-0,-0,-0,-0,-0,
-0,-0,-0,-0,-0,-0,-0,-0,-0,-0,-0,-0,-0,-0,
-0,-0,-0,-0,-0,-0,-0,-0,-0,-0,-0,-0,-0,-0,
-0,-0,-0,-0,-0,-0,-0,-0,-0,-0,-0,-0,-0,-0,
-0,-0,-0,-0,-0,-0,-0,-0,-0,-0,-0,-0,-0,-0,
-0,-0,-0,-0,-0,-0,-0,-0,-0,-0,-0,-0,-0,-0,
-0,-0,-0,-0,-0,-0,-0,-0,-0,-0,-0,-0,-0,-0,
-0,-0,-0,-0,-0,-0,-0,-0,-0,-0,-0,-0,-0,-0,
-0,-0,-0,-0,-0,-0,-0,-0,-0,-0,-0,-0,-0,-0,
-0,-0,-0,-0,-0,-0,-0,-0,-0,-0,-0,-0,-0,-0,
-0,-0,-0,-0,-0,-0,-0,-0,-0,-0,-0,-0,-0,-0,
-0,-0,-0,-0,-0,-0,-0,-0,-0,-0,-0,-0,-0,-0,
-0,-0,-0,-0,-0,-0,-0,-0,-0,-0,-0,-0,-0,-0,
-0,-0,-0,-0,-0,-0,-0,-0,-0,-0,-0,-0,-0,-0,
-0,-0,-0,-0,-0,-0,-0,-0,-0,-0,-0,-0,-0,-0,
-0,-0,-0,-0,-0,-0,-0,-0,-0,-0,-0,-0,-0,-0,
-0,-0,-0,-0,-0,-0,-0,-0,-0,-0,-0,-0,-0,-0,
-0,-0,-0,-0,-0,-0,-0,-0,-0,-0,-0,-0,-0,-0,
-0,-0,-0,-0,-0,-0,-0,-0,-0,-0,-0,-0,-0,-0,
-0,-0,-0,-0,-0,-0,-0,-0,-0,-0,-0,-0,-0,-0,
-0,-0,-0,-0,-0,-0,-0,-0,-0,-0,-0,-0,-0,-0,
-0,-0,-0,-0,-0,-0,-0,-0,-0,-0,-0,-0,-0,-0,
-0,-0,-0,-0,-0,-0,-0,-0,-0,-0,-0,-0,-0,-0,
-0,-0,-0,-0,-0,-0,-0,-0,-0,-0,-0,-0,-0,-0,
-0,-0,-0,-0,-0,-0,-0,-0,-0,-0,-0,-0,-0,-0,
-0,-0,-0,-0,-0,-0,-0,-0,-0,-0,-0,-0,-0,-0,
-0,-0,-0,-0,-0,-0,-0,-0,-0,-0,-0,-0,-0,-0,
-0,-0,-0,-0,-0,-0,-0,-0,-0,-0,-0,-0,-0,-0,
-0,-0,-0,-0,-0,-0,-0,-0,-0,-0,-0,-0,-0,-0,
-0,-0,-0,-0,-0,-0,-0,-0,-0,-0,-0,-0,-0,-0,
-0,-0,-0,-0,-0,-0,-0,-0,-0,-0,-0,-0,-0,-0,
-0,-0,-0,-0,-0,-0,-0,-0,-0,-0,-0,-0,-0,-0,
-0,-0,-0,-0,-0,-0,-0,-0,-0,-0,-0,-0,-0,-0,
-0,-0,-0,-0,-0,-0,-0,-0,-0,-0,-0,-0,-0,-0,
-0,-0,-0,-0,-0,-0,-0,-0,-0,-0,-0,-0,-0,-0,
-0,-0,-0,-0,-0,-0,-0,-0,-0,-0,-0,-0,-0,-0,
-0,-0,-0,-0,-0,-0,-0,-0,-0,-0,-0,-0,-0,-0,
-0,-0,-0,-0,-0,-0,-0,-0,-0,-0,-0,-0,-0,-0,
-0,-0,-0,-0,-0,-0,-0,-0,-0,-0,-0,-0,-0,-0,
-0,-0,-0,-0,-0,-0,-0,-0,-0,-0,-0,-0,-0,-0,
-0,-0,-0,-0,-0,-0,-0,-0,-0,-0,-0,-0,-0,-0,
-0,-0,-0,-0,-0,-0,-0,-0,-0,-0,-0,-0,-0,-0,
-0,-0,-0,-0,-0,-0,-0,-0,-0,-0,-0,-0,-0,-0,
-0,-0,-0,-0,-0,-0,-0,-0,-0,-0,-0,-0,-0,-0,
-0,-0,-0,-0,-0,-0,-0,-0,-0,-0,-0,-0,-0,-0,
-0,-0,-0,-0,-0,-0,-0,-0,-0,-0,-0,-0,-0,-0,
-0,-0,-0,-0,-0,-0,-0,-0,-0,-0,-0,-0,-0,-0,
-0,-0,-0,-0,-0,-0,-0,-0,-0,-0,-0,-0,-0,-0,
-0,-0,-0,-0,-0,-0,-0,-0,-0,-0,-0,-0,-0,-0,
-0,-0,-0,-0,-0,-0,-0,-0,-0,-0,-0,-0,-0,-0,
-0,-0,-0,-0,-0,-0,-0,-0,-0,-0,-0,-0,-0,-0,
-0,-0,-0,-0,-0,-0,-0,-0,-0,-0,-0,-0,-0,-0,
-0,-0,-0,-0,-0,-0,-0,-0,-0,-0,-0,-0,-0,-0,
-0,-0,-0,-0,-0,-0,-0,-0,-0,-0,-0,-0,-0,-0,
-0,-0,-0,-0,-0,-0,-0,-0,-0,-0,-0,-0,-0,-0,
-0,-0,-0,-0,-0,-0,-0,-0,-0,-0,-0,-0,-0,-0,
-0,-0,-0,-0,-0,-0,-0,-0,-0,-0,-0,-0,-0,-0,
-0,-0,-0,-0,-0,-0,-0,-0,-0,-0,-0,-0,-0,-0,
-0,-0,-0,-0,-0,-0,-0,-0,-0,-0,-0,-0,-0,-0,
-0,-0,-0,-0,-0,-0,-0,-0,-0,-0,-0,-0,-0,-0,
-0,-0,-0,-0,-0,-0,-0,-0,-0,-0,-0,-0,-0,-0,
-0,-0,-0,-0,-0,-0,-0,-0,-0,-0,-0,-0,-0,-0,
-0,-0,-0,-0,-0,-0,-0,-0,-0,-0,-0,-0,-0,-0,
-0,-0,-0,-0,-0,-0,-0,-0,-0,-0,-0,-0,-0,-0,
-0,-0,-0,-0,-0,-0,-0,-0,-0,-0,-0,-0,-0,-0,
-0,-0,-0,-0,-0,-0,-0,-0,-0,-0,-0,-0,-0,-0,
-0,-0,-0,-0,-0,-0,-0,-0,-0,-0,-0,-0,-0,-0,
-0,-0,-0,-0,-0,-0,-0,-0,-0,-0,-0,-0,-0,-0,
-0,-0,-0,-0,-0,-0,-0,-0,-0,-0,-0,-0,-0,-0,
-0,-0,-0,-0,-0,-0,-0,-0,-0,-0,-0,-0,-0,-0,
-0,-0,-0,-0,-0,-0,-0,-0,-0,-0,-0,-0,-0,-0,
-0,-0,-0,-0,-0,-0,-0,-0,-0,-0,-0,-0,-0,-0,
-0,-0,-0,-0,-0,-0,-0,-0,-0,-0,-0,-0,-0,-0,
-0,-0,-0,-0,-0,-0,-0,-0,-0,-0,-0,-0,-0,-0,
-0,-0,-0,-0,-0,-0,-0,-0,-0,-0,-0,-0,-0,-0,
-0,-0,-0,-0,-0,-0,-0,-0,-0,-0,-0,-0,-0,-0,
-0,-0,-0,-0,-0,-0,-0,-0,-0,-0,-0,-0,-0,-0,
-0,-0,-0,-0,-0,-0,-0,-0,-0,-0,-0,-0,-0,-0,
-0,-0,-0,-0,-0,-0,-0,-0,-0,-0,-0,-0,-0,-0,
-0,-0,-0,-0,-0,-0,-0,-0,-0,-0,-0,-0,-0,-0,
-0,-0,-0,-0,-0,-0,-0,-0,-0,-0,-0,-0,-0,-0,
-0,-0,-0,-0,-0,-0,-0,-0,-0,-0,-0,-0,-0,-0,
-0,-0,-0,-0,-0,-0,-0,-0,-0,-0,-0,-0,-0,-0,
-0,-0,-0,-0,-0,-0,-0,-0,-0,-0,-0,-0,-0,-0,
-0,-0,-0,-0,-0,-0,-0,-0,-0,-0,-0,-0,-0,-0,
-0,-0,-0,-0,-0,-0,-0,-0,-0,-0,-0,-0,-0,-0,
-0,-0,-0,-0,-0,-0,-0,-0,-0,-0,-0,-0,-0,-0,
-0,-0,-0,-0,-0,-0,-0,-0,-0,-0,-0,-0,-0,-0,
-0,-0,-0,-0,-0,-0,-0,-0,-0,-0,-0,-0,-0,-0,
-0,-0,-0,-0,-0,-0,-0,-0,-0,-0,-0,-0,-0,-0,
-0,-0,-0,-0,-0,-0,-0,-0,-0,-0,-0,-0,-0,-0,
-0,-0,-0,-0,-0,-0,-0,-0,-0,-0,-0,-0,-0,-0,
-0,-0,-0,-0,-0,-0,-0,-0,-0,-0,-0,-0,-0,-0,
-0,-0,-0,-0,-0,-0,-0,-0,-0,-0,-0,-0,-0,-0,
-0,-0,-0,-0,-0,-0,-0,-0,-0,-0,-0,-0,-0,-0,
-0,-0,-0,-0,-0,-0,-0,-0,-0,-0,-0,-0,-0,-0,
-0,-0,-0,-0,-0,-0,-0,-0,-0,-0,-0,-0,-0,-0,
-0,-0,-0,-0,-0,-0,-0,-0,-0,-0,-0,-0,-0,-0,
-0,-0,-0,-0,-0,-0,-0,-0,-0,-0,-0,-0,-0,-0,
-0,-0,-0,-0,-0,-0,-0,-0,-0,-0,-0,-0,-0,-0,
-0,-0,-0,-0,-0,-0,-0,-0,-0,-0,-0,-0,-0,-0,
-0,-0,-0,-0,-0,-0,-0,-0,-0,-0,-0,-0,-0,-0,
-0,-0,-0,-0,-0,-0,-0,-0,-0,-0,-0,-0,-0,-0,
-0,-0,-0,-0,-0,-0,-0,-0,-0,-0,-0,-0,-0,-0,
-0,-0,-0,-0,-0,-0,-0,-0,-0,-0,-0,-0,-0,-0,
-0,-0,-0,-0,-0,-0,-0,-0,-0,-0,-0,-0,-0,-0,
-0,-0,-0,-0,-0,-0,-0,-0,-0,-0,-0,-0,-0,-0,
-0,-0,-0,-0,-0,-0,-0,-0,-0,-0,-0,-0,-0,-0,
-0,-0,-0,-0,-0,-0,-0,-0,-0,-0,-0,-0,-0,-0,
-0,-0,-0,-0,-0,-0,-0,-0,-0,-0,-0,-0,-0,-0,
-0,-0,-0,-0,-0,-0,-0,-0,-0,-0,-0,-0,-0,-0,
-0,-0,-0,-0,-0,-0,-0,-0,-0,-0,-0,-0,-0,-0,
-0,-0,-0,-0,-0,-0,-0,-0,-0,-0,-0,-0,-0,-0,
-0,-0,-0,-0,-0,-0,-0,-0,-0,-0,-0,-0,-0,-0,
-0,-0,-0,-0,-0,-0,-0,-0,-0,-0,-0,-0,-0,-0,
-0,-0,-0,-0,-0,-0,-0,-0,-0,-0,-0,-0,-0,-0,
-0,-0,-0,-0,-0,-0,-0,-0,-0,-0,-0,-0,-0,-0,
-0,-0,-0,-0,-0,-0,-0,-0,-0,-0,-0,-0,-0,-0,
-0,-0,-0,-0,-0,-0,-0,-0,-0,-0,-0,-0,-0,-0,
-0,-0,-0,-0,-0,-0,-0,-0,-0,-0,-0,-0,-0,-0,
-0,-0,-0,-0,-0,-0,-0,-0,-0,-0,-0,-0,-0,-0,
-0,-0,-0,-0,-0,-0,-0,-0,-0,-0,-0,-0,-0,-0,
-0,-0,-0,-0,-0,-0,-0,-0,-0,-0,-0,-0,-0,-0,
-0,-0,-0,-0,-0,-0,-0,-0,-0,-0,-0,-0,-0,-0,
-0,-0,-0,-0,-0,-0,-0,-0,-0,-0,-0,-0,-0,-0,
-0,-0,-0,-0,-0,-0,-0,-0,-0,-0,-0,-0,-0,-0,
-0,-0,-0,-0,-0,-0,-0,-0,-0,-0,-0,-0,-0,-0,
-0,-0,-0,-0,-0,-0,-0,-0,-0,-0,-0,-0,-0,-0,
-0,-0,-0,-0,-0,-0,-0,-0,-0,-0,-0,-0,-0,-0,
-0,-0,-0,-0,-0,-0,-0,-0,-0,-0,-0,-0,-0,-0,
-0,-0,-0,-0,-0,-0,-0,-0,-0,-0,-0,-0,-0,-0,
-0,-0,-0,-0,-0,-0,-0,-0,-0,-0,-0,-0,-0,-0,
-0,-0,-0,-0,-0,-0,-0,-0,-0,-0,-0,-0,-0,-0,
-0,-0,-0,-0,-0,-0,-0,-0,-0,-0,-0,-0,-0,-0,
-0,-0,-0,-0,-0,-0,-0,-0,-0,-0,-0,-0,-0,-0,
-0,-0,-0,-0,-0,-0,-0,-0,-0,-0,-0,-0,-0,-0,
-0,-0,-0,-0,-0,-0,-0,-0,-0,-0,-0,-0,-0,-0,
-0,-0,-0,-0,-0,-0,-0,-0,-0,-0,-0,-0,-0,-0,
-0,-0,-0,-0,-0,-0,-0,-0,-0,-0,-0,-0,-0,-0,
-0,-0,-0,-0,-0,-0,-0,-0,-0,-0,-0,-0,-0,-0,
-0,-0,-0,-0,-0,-0,-0,-0,-0,-0,-0,-0,-0,-0,
-0,-0,-0,-0,-0,-0,-0,-0,-0,-0,-0,-0,-0,-0,
-0,-0,-0,-0,-0,-0,-0,-0,-0,-0,-0,-0,-0,-0,
-0,-0,-0,-0,-0,-0,-0,-0,-0,-0,-0,-0,-0,-0,
-0,-0,-0,-0,-0,-0,-0,-0,-0,-0,-0,-0,-0,-0,
-0,-0,-0,-0,-0,-0,-0,-0,-0,-0,-0,-0,-0,-0,
-0,-0,-0,-0,-0,-0,-0,-0,-0,-0,-0,-0,-0,-0,
-0,-0,-0,-0,-0,-0,-0,-0,-0,-0,-0,-0,-0,-0,
-0,-0,-0,-0,-0,-0,-0,-0,-0,-0,-0,-0,-0,-0,
-0,-0,-0,-0,-0,-0,-0,-0,-0,-0,-0,-0,-0,-0,
-0,-0,-0,-0,-0,-0,-0,-0,-0,-0,-0,-0,-0,-0,
-0,-0,-0,-0,-0,-0,-0,-0,-0,-0,-0,-0,-0,-0,
-0,-0,-0,-0,-0,-0,-0,-0,-0,-0,-0,-0,-0,-0,
-0,-0,-0,-0,-0,-0,-0,-0,-0,-0,-0,-0,-0,-0,
-0,-0,-0,-0,-0,-0,-0,-0,-0,-0,-0,-0,-0,-0,
-0,-0,-0,-0,-0,-0,-0,-0,-0,-0,-0,-0,-0,-0,
-0,-0,-0,-0,-0,-0,-0,-0,-0,-0,-0,-0,-0,-0,
-0,-0,-0,-0,-0,-0,-0,-0,-0,-0,-0,-0,-0,-0,
-0,-0,-0,-0,-0,-0,-0,-0,-0,-0,-0,-0,-0,-0,
-0,-0,-0,-0,-0,-0,-0,-0,-0,-0,-0,-0,-0,-0,
-0,-0,-0,-0,-0,-0,-0,-0,-0,-0,-0,-0,-0,-0,
-0,-0,-0,-0,-0,-0,-0,-0,-0,-0,-0,-0,-0,-0,
-0,-0,-0,-0,-0,-0,-0,-0,-0,-0,-0,-0,-0,-0,
-0,-0,-0,-0,-0,-0,-0,-0,-0,-0,-0,-0,-0,-0,
-0,-0,-0,-0,-0,-0,-0,-0,-0,-0,-0,-0,-0,-0,
-0,-0,-0,-0,-0,-0,-0,-0,-0,-0,-0,-0,-0,-0,
-0,-0,-0,-0,-0,-0,-0,-0,-0,-0,-0,-0,-0,-0,
-0,-0,-0,-0,-0,-0,-0,-0,-0,-0,-0,-0,-0,-0,
-0,-0,-0,-0,-0,-0,-0,-0,-0,-0,-0,-0,-0,-0,
-0,-0,-0,-0,-0,-0,-0,-0,-0,-0,-0,-0,-0,-0,
-0,-0,-0,-0,-0,-0,-0,-0,-0,-0,-0,-0,-0,-0,
-0,-0,-0,-0,-0,-0,-0,-0,-0,-0,-0,-0,-0,-0,
-0,-0,-0,-0,-0,-0,-0,-0,-0,-0,-0,-0,-0,-0,
-0,-0,-0,-0,-0,-0,-0,-0,-0,-0,-0,-0,-0,-0,
-0,-0,-0,-0,-0,-0,-0,-0,-0,-0,-0,-0,-0,-0,
-0,-0,-0,-0,-0,-0,-0,-0,-0,-0,-0,-0,-0,-0,
-0,-0,-0,-0,-0,-0,-0,-0,-0,-0,-0,-0,-0,-0,
-0,-0,-0,-0,-0,-0,-0,-0,-0,-0,-0,-0,-0,-0,
-0,-0,-0,-0,-0,-0,-0,-0,-0,-0,-0,-0,-0,-0,
-0,-0,-0,-0,-0,-0,-0,-0,-0,-0,-0,-0,-0,-0,
-0,-0,-0,-0,-0,-0,-0,-0,-0,-0,-0,-0,-0,-0,
-0,-0,-0,-0,-0,-0,-0,-0,-0,-0,-0,-0,-0,-0,
-0,-0,-0,-0,-0,-0,-0,-0,-0,-0,-0,-0,-0,-0,
-0,-0,-0,-0,-0,-0,-0,-0,-0,-0,-0,-0,-0,-0,
-0,-0,-0,-0,-0,-0,-0,-0,-0,-0,-0,-0,-0,-0,
-0,-0,-0,-0,-0,-0,-0,-0,-0,-0,-0,-0,-0,-0,
-0,-0,-0,-0,-0,-0,-0,-0,-0,-0,-0,-0,-0,-0,
-0,-0,-0,-0,-0,-0,-0,-0,-0,-0,-0,-0,-0,-0,
-0,-0,-0,-0,-0,-0,-0,-0,-0,-0,-0,-0,-0,-0,
-0,-0,-0,-0,-0,-0,-0,-0,-0,-0,-0,-0,-0,-0,
-0,-0,-0,-0,-0,-0,-0,-0,-0,-0,-0,-0,-0,-0,
-0,-0,-0,-0,-0,-0,-0,-0,-0,-0,-0,-0,-0,-0,
-0,-0,-0,-0,-0,-0,-0,-0,-0,-0,-0,-0,-0,-0,
-0,-0,-0,-0,-0,-0,-0,-0,-0,-0,-0,-0,-0,-0,
-0,-0,-0,-0,-0,-0,-0,-0,-0,-0,-0,-0,-0,-0,
-0,-0,-0,-0,-0,-0,-0,-0,-0,-0,-0,-0,-0,-0,
-0,-0,-0,-0,-0,-0,-0,-0,-0,-0,-0,-0,-0,-0,
-0,-0,-0,-0,-0,-0,-0,-0,-0,-0,-0,-0,-0,-0,
-0,-0,-0,-0,-0,-0,-0,-0,-0,-0,-0,-0,-0,-0,
-0,-0,-0,-0,-0,-0,-0,-0,-0,-0,-0,-0,-0,-0,
-0,-0,-0,-0,-0,-0,-0,-0,-0,-0,-0,-0,-0,-0,
-0,-0,-0,-0,-0,-0,-0,-0,-0,-0,-0,-0,-0,-0,
-0,-0,-0,-0,-0,-0,-0,-0,-0,-0,-0,-0,-0,-0,
-0,-0,-0,-0,-0,-0,-0,-0,-0,-0,-0,-0,-0,-0,
-0,-0,-0,-0,-0,-0,-0,-0,-0,-0,-0,-0,-0,-0,
-0,-0,-0,-0,-0,-0,-0,-0,-0,-0,-0,-0,-0,-0,
-0,-0,-0,-0,-0,-0,-0,-0,-0,-0,-0,-0,-0,-0,
-0,-0,-0,-0,-0,-0,-0,-0,-0,-0,-0,-0,-0,-0,
-0,-0,-0,-0,-0,-0,-0,-0,-0,-0,-0,-0,-0,-0,
-0,-0,-0,-0,-0,-0,-0,-0,-0,-0,-0,-0,-0,-0,
-0,-0,-0,-0,-0,-0,-0,-0,-0,-0,-0,-0,-0,-0,
-0,-0,-0,-0,-0,-0,-0,-0,-0,-0,-0,-0,-0,-0,
-0,-0,-0,-0,-0,-0,-0,-0,-0,-0,-0,-0,-0,-0,
-0,-0,-0,-0,-0,-0,-0,-0,-0,-0,-0,-0,-0,-0,
-0,-0,-0,-0,-0,-0,-0,-0,-0,-0,-0,-0,-0,-0,
-0,-0,-0,-0,-0,-0,-0,-0,-0,-0,-0,-0,-0,-0,
-0,-0,-0,-0,-0,-0,-0,-0,-0,-0,-0,-0,-0,-0,
-0,-0,-0,-0,-0,-0,-0,-0,-0,-0,-0,-0,-0,-0,
-0,-0,-0,-0,-0,-0,-0,-0,-0,-0,-0,-0,-0,-0,
-0,-0,-0,-0,-0,-0,-0,-0,-0,-0,-0,-0,-0,-0,
-0,-0,-0,-0,-0,-0,-0,-0,-0,-0,-0,-0,-0,-0,
-0,-0,-0,-0,-0,-0,-0,-0,-0,-0,-0,-0,-0,-0,
-0,-0,-0,-0,-0,-0,-0,-0,-0,-0,-0,-0,-0,-0,
0.14252576232,0.167645394802,0.121169984341,0.14252576232,0.14252576232,0.14252576232,0.152653470635,0.1330704391,0.152653470635,0.1330704391,0.156523570418,0.129780143499,0.156523570418,0.129780143499,
0.14367261529,0.168954417109,0.12217412889,0.143672868609,0.14367261529,0.143672868609,0.153950661421,0.134081318974,0.153950840235,0.134081482887,0.157675176859,0.130914062262,0.157675355673,0.130914211273,
0.144762083888,0.170197814703,0.123128071427,0.144762545824,0.144762083888,0.144762545824,0.15518835187,0.13503690064,0.155188709497,0.135037213564,0.158763557673,0.131995946169,0.1587639153,0.131996244192,
0.144762083888,0.170197814703,0.123128071427,0.144762545824,0.144762083888,0.144762545824,0.15518835187,0.13503690064,0.155188709497,0.135037213564,0.158763557673,0.131995946169,0.1587639153,0.131996244192,
0.14579179883,0.171373039484,0.124029710889,0.145792484283,0.14579179883,0.145792484283,0.156364053488,0.135935038328,0.156364560127,0.135935485363,0.159786358476,0.133023515344,0.159786880016,0.133023947477,
0.152971953154,0.179398819804,0.130438059568,0.152972072363,0.152971953154,0.152972072363,0.164032787085,0.14265832305,0.164032876492,0.142658382654,0.167303323746,0.139869481325,0.167303413153,0.13986954093,
0.154636263847,0.181294992566,0.131895422935,0.15463373065,0.154636263847,0.15463373065,0.165977999568,0.14407017827,0.165976077318,0.144068524241,0.168908715248,0.14157037437,0.168906748295,0.141568735242,
0.155364066362,0.182124182582,0.132531672716,0.155359119177,0.155364066362,0.155359119177,0.166841328144,0.144676342607,0.166837573051,0.144673079252,0.169598251581,0.142324477434,0.169594436884,0.142321258783,
0.158735081553,0.185825437307,0.135594069958,0.158735081553,0.158735081553,0.158735081553,0.170254826546,0.147997811437,0.170254826546,0.147997811437,0.173255428672,0.145434200764,0.173255428672,0.145434200764,
0.159870192409,0.187121212482,0.136578649282,0.15985943377,0.159870192409,0.15985943377,0.171646371484,0.1489020437,0.171638205647,0.148894965649,0.174289062619,0.146643847227,0.174280777574,0.146636873484,
0.160292223096,0.187604248524,0.136940777302,0.160273939371,0.160292223096,0.160273939371,0.172188788652,0.14921566844,0.172174885869,0.149203628302,0.174650043249,0.14711239934,0.174635946751,0.147100523114,
0.160292223096,0.187604248524,0.136940777302,0.160273939371,0.160292223096,0.160273939371,0.172188788652,0.14921566844,0.172174885869,0.149203628302,0.174650043249,0.14711239934,0.174635946751,0.147100523114,
0.160636723042,0.187999144197,0.137233778834,0.160609796643,0.160636723042,0.160609796643,0.172649055719,0.149455875158,0.172628611326,0.149438157678,0.174928158522,0.147508189082,0.174907445908,0.14749071002,
0.162787348032,0.190370500088,0.139192521572,0.162777632475,0.162787348032,0.162777632475,0.174851387739,0.151557266712,0.174844011664,0.151550874114,0.177242279053,0.149511933327,0.17723479867,0.149505615234,
0.162787348032,0.190370500088,0.139192521572,0.162777632475,0.162787348032,0.162777632475,0.174851387739,0.151557266712,0.174844011664,0.151550874114,0.177242279053,0.149511933327,0.17723479867,0.149505615234,
0.163022011518,0.190648749471,0.139369040728,0.162987336516,0.163022011518,0.162987336516,0.175292015076,0.151605665684,0.175265669823,0.151582866907,0.177315995097,0.14987424016,0.17728933692,0.149851694703,
0.163022071123,0.190655052662,0.139352828264,0.162973701954,0.163022071123,0.162973701954,0.175387263298,0.151519730687,0.175350472331,0.15148794651,0.177228718996,0.149944454432,0.177191540599,0.14991299808,
0.164470002055,0.192125439644,0.140783175826,0.16445569694,0.164470002055,0.16445569694,0.175875306129,0.153800413013,0.175864487886,0.153790950775,0.179669588804,0.150552436709,0.179658532143,0.150543168187,
0.164470002055,0.192125439644,0.140783175826,0.16445569694,0.164470002055,0.16445569694,0.175875306129,0.153800413013,0.175864487886,0.153790950775,0.179669588804,0.150552436709,0.179658532143,0.150543168187,
0.164484769106,0.192159101367,0.140769898891,0.164454236627,0.164484769106,0.164454236627,0.175990283489,0.153723090887,0.175967186689,0.153702914715,0.179603457451,0.150630578399,0.179579883814,0.150610804558,
0.164484769106,0.192159101367,0.140769898891,0.164454236627,0.164484769106,0.164454236627,0.175990283489,0.153723090887,0.175967186689,0.153702914715,0.179603457451,0.150630578399,0.179579883814,0.150610804558,
0.164278790355,0.191960677505,0.140534356236,0.164215177298,0.164278790355,0.164215177298,0.175969436765,0.153347417712,0.175921261311,0.153305441141,0.179222017527,0.150564432144,0.179172948003,0.150523200631,
0.163322836161,0.191031098366,0.13963368535,0.163322836161,0.163322836161,0.163322836161,0.175909385085,0.151642039418,0.175909385085,0.151642039418,0.177367508411,0.150393694639,0.177367508411,0.150393694639,
0.16277487576,0.190422356129,0.139125645161,0.162756100297,0.16277487576,0.162756100297,0.175419524312,0.151041731238,0.175405219197,0.151029407978,0.176705420017,0.149940878153,0.176690995693,0.149928659201,
0.16277487576,0.190422356129,0.139125645161,0.162756100297,0.16277487576,0.162756100297,0.175419524312,0.151041731238,0.175405219197,0.151029407978,0.176705420017,0.149940878153,0.176690995693,0.149928659201,
0.162157684565,0.18973557651,0.13855651021,0.162120401859,0.162157684565,0.162120401859,0.174854725599,0.15037766099,0.174826294184,0.150353193283,0.175971254706,0.149421811104,0.175942629576,0.14939750731,
0.160722702742,0.188135802746,0.137241527438,0.160649448633,0.160722702742,0.160649448633,0.173507273197,0.14886534214,0.17345136404,0.148817360401,0.174294650555,0.148191154003,0.174238473177,0.148143395782,
0.158129394054,0.185294419527,0.13493065536,0.158110186458,0.158129394054,0.158110186458,0.170799732208,0.146398276091,0.170785069466,0.146385699511,0.17155739665,0.145750135183,0.171542659402,0.145737618208,
0.157198294997,0.184253454208,0.13408370316,0.157160460949,0.157198294997,0.157160460949,0.169893354177,0.145446076989,0.169864445925,0.14542132616,0.170498073101,0.144928634167,0.17046906054,0.144903987646,
0.157198294997,0.184253454208,0.13408370316,0.157160460949,0.157198294997,0.157160460949,0.169893354177,0.145446076989,0.169864445925,0.14542132616,0.170498073101,0.144928634167,0.17046906054,0.144903987646,
0.155282109976,0.182152301073,0.132375776768,0.155282109976,0.155282109976,0.155282109976,0.167773351073,0.143724188209,0.167773351073,0.143724188209,0.168593645096,0.143023759127,0.168593645096,0.143023759127,
0.153145268559,0.179762259126,0.130439758301,0.153110355139,0.153145268559,0.153110355139,0.165660277009,0.141569525003,0.165633589029,0.141546711326,0.166192829609,0.141114741564,0.166166067123,0.141092002392,
0.151965126395,0.178441077471,0.129373818636,0.151913687587,0.151965126395,0.151913687587,0.164481371641,0.140390619636,0.164442002773,0.140357017517,0.164877191186,0.140052467585,0.164837732911,0.140018939972,
0.150737702847,0.177066117525,0.128267034888,0.150670513511,0.150737702847,0.150670513511,0.163249924779,0.139169514179,0.163198456168,0.13912563026,0.163513109088,0.138944402337,0.163461565971,0.138900607824,
0.150737702847,0.177066117525,0.128267034888,0.150670513511,0.150737702847,0.150670513511,0.163249924779,0.139169514179,0.163198456168,0.13912563026,0.163513109088,0.138944402337,0.163461565971,0.138900607824,
0.145915776491,0.171719029546,0.123977020383,0.145900607109,0.145915776491,0.145900607109,0.158484876156,0.134341984987,0.158473223448,0.134332120419,0.158106267452,0.134662881494,0.158094644547,0.134652972221,
0.143062859774,0.168508529663,0.121422342956,0.143018871546,0.143062859774,0.143018871546,0.155572831631,0.13154950738,0.155539005995,0.131520912051,0.154970690608,0.132059842348,0.154936999083,0.132031142712,
0.143062859774,0.168508529663,0.121422342956,0.143018871546,0.143062859774,0.143018871546,0.155572831631,0.13154950738,0.155539005995,0.131520912051,0.154970690608,0.132059842348,0.154936999083,0.132031142712,
0.141584932804,0.166844069958,0.12010140717,0.141527742147,0.141584932804,0.141527742147,0.154058232903,0.130108624697,0.154014244676,0.130071476102,0.153350830078,0.130708009005,0.153307035565,0.130670696497,
0.140075355768,0.165143221617,0.118753917515,0.140006005764,0.140075355768,0.140006005764,0.152507394552,0.128640562296,0.152453988791,0.128595530987,0.151699095964,0.129325211048,0.151645988226,0.129279911518,
0.14019459486,0.165356054902,0.118850782514,0.140181556344,0.14019459486,0.140181556344,0.152185574174,0.129144892097,0.152175560594,0.129136398435,0.152330294251,0.129022195935,0.152320280671,0.129013717175,
0.14019459486,0.165356054902,0.118850782514,0.140181556344,0.14019459486,0.140181556344,0.152185574174,0.129144892097,0.152175560594,0.129136398435,0.152330294251,0.129022195935,0.152320280671,0.129013717175,
0.137041151524,0.161807015538,0.116034701467,0.137004315853,0.137041151524,0.137004315853,0.148943319917,0.126080155373,0.148915022612,0.126056194305,0.148885175586,0.126129388809,0.148856893182,0.126105427742,
0.135426536202,0.159987956285,0.114595532417,0.135378956795,0.135426536202,0.135378956795,0.147278025746,0.124515943229,0.147241428494,0.124485000968,0.147124424577,0.124645940959,0.147087857127,0.124614968896,
-0,-0,-0,-0,-0,-0,-0,-0,-0,-0,-0,-0,-0,-0,
-0,-0,-0,-0,-0,-0,-0,-0,-0,-0,-0,-0,-0,-0,
-0,-0,-0,-0,-0,-0,-0,-0,-0,-0,-0,-0,-0,-0,
-0,-0,-0,-0,-0,-0,-0,-0,-0,-0,-0,-0,-0,-0,
-0,-0,-0,-0,-0,-0,-0,-0,-0,-0,-0,-0,-0,-0,
-0,-0,-0,-0,-0,-0,-0,-0,-0,-0,-0,-0,-0,-0,
-0,-0,-0,-0,-0,-0,-0,-0,-0,-0,-0,-0,-0,-0,
-0,-0,-0,-0,-0,-0,-0,-0,-0,-0,-0,-0,-0,-0,
-0,-0,-0,-0,-0,-0,-0,-0,-0,-0,-0,-0,-0,-0,
-0,-0,-0,-0,-0,-0,-0,-0,-0,-0,-0,-0,-0,-0,
-0,-0,-0,-0,-0,-0,-0,-0,-0,-0,-0,-0,-0,-0,
-0,-0,-0,-0,-0,-0,-0,-0,-0,-0,-0,-0,-0,-0,
-0,-0,-0,-0,-0,-0,-0,-0,-0,-0,-0,-0,-0,-0,
-0,-0,-0,-0,-0,-0,-0,-0,-0,-0,-0,-0,-0,-0,
-0,-0,-0,-0,-0,-0,-0,-0,-0,-0,-0,-0,-0,-0,
-0,-0,-0,-0,-0,-0,-0,-0,-0,-0,-0,-0,-0,-0,
-0,-0,-0,-0,-0,-0,-0,-0,-0,-0,-0,-0,-0,-0,
-0,-0,-0,-0,-0,-0,-0,-0,-0,-0,-0,-0,-0,-0,
-0,-0,-0,-0,-0,-0,-0,-0,-0,-0,-0,-0,-0,-0,
-0,-0,-0,-0,-0,-0,-0,-0,-0,-0,-0,-0,-0,-0,
-0,-0,-0,-0,-0,-0,-0,-0,-0,-0,-0,-0,-0,-0,
-0,-0,-0,-0,-0,-0,-0,-0,-0,-0,-0,-0,-0,-0,
-0,-0,-0,-0,-0,-0,-0,-0,-0,-0,-0,-0,-0,-0,
-0,-0,-0,-0,-0,-0,-0,-0,-0,-0,-0,-0,-0,-0,
-0,-0,-0,-0,-0,-0,-0,-0,-0,-0,-0,-0,-0,-0,
-0,-0,-0,-0,-0,-0,-0,-0,-0,-0,-0,-0,-0,-0,
-0,-0,-0,-0,-0,-0,-0,-0,-0,-0,-0,-0,-0,-0,
-0,-0,-0,-0,-0,-0,-0,-0,-0,-0,-0,-0,-0,-0,
-0,-0,-0,-0,-0,-0,-0,-0,-0,-0,-0,-0,-0,-0,
-0,-0,-0,-0,-0,-0,-0,-0,-0,-0,-0,-0,-0,-0,
-0,-0,-0,-0,-0,-0,-0,-0,-0,-0,-0,-0,-0,-0,
-0,-0,-0,-0,-0,-0,-0,-0,-0,-0,-0,-0,-0,-0,
-0,-0,-0,-0,-0,-0,-0,-0,-0,-0,-0,-0,-0,-0,
-0,-0,-0,-0,-0,-0,-0,-0,-0,-0,-0,-0,-0,-0,
-0,-0,-0,-0,-0,-0,-0,-0,-0,-0,-0,-0,-0,-0,
-0,-0,-0,-0,-0,-0,-0,-0,-0,-0,-0,-0,-0,-0,
-0,-0,-0,-0,-0,-0,-0,-0,-0,-0,-0,-0,-0,-0,
-0,-0,-0,-0,-0,-0,-0,-0,-0,-0,-0,-0,-0,-0,
-0,-0,-0,-0,-0,-0,-0,-0,-0,-0,-0,-0,-0,-0,
-0,-0,-0,-0,-0,-0,-0,-0,-0,-0,-0,-0,-0,-0,
-0,-0,-0,-0,-0,-0,-0,-0,-0,-0,-0,-0,-0,-0,
-0,-0,-0,-0,-0,-0,-0,-0,-0,-0,-0,-0,-0,-0,
-0,-0,-0,-0,-0,-0,-0,-0,-0,-0,-0,-0,-0,-0,
-0,-0,-0,-0,-0,-0,-0,-0,-0,-0,-0,-0,-0,-0,
-0,-0,-0,-0,-0,-0,-0,-0,-0,-0,-0,-0,-0,-0,
-0,-0,-0,-0,-0,-0,-0,-0,-0,-0,-0,-0,-0,-0,
-0,-0,-0,-0,-0,-0,-0,-0,-0,-0,-0,-0,-0,-0,
-0,-0,-0,-0,-0,-0,-0,-0,-0,-0,-0,-0,-0,-0,
-0,-0,-0,-0,-0,-0,-0,-0,-0,-0,-0,-0,-0,-0,
-0,-0,-0,-0,-0,-0,-0,-0,-0,-0,-0,-0,-0,-0,
-0,-0,-0,-0,-0,-0,-0,-0,-0,-0,-0,-0,-0,-0,
-0,-0,-0,-0,-0,-0,-0,-0,-0,-0,-0,-0,-0,-0,
-0,-0,-0,-0,-0,-0,-0,-0,-0,-0,-0,-0,-0,-0,
-0,-0,-0,-0,-0,-0,-0,-0,-0,-0,-0,-0,-0,-0,
-0,-0,-0,-0,-0,-0,-0,-0,-0,-0,-0,-0,-0,-0,
-0,-0,-0,-0,-0,-0,-0,-0,-0,-0,-0,-0,-0,-0,
-0,-0,-0,-0,-0,-0,-0,-0,-0,-0,-0,-0,-0,-0,
-0,-0,-0,-0,-0,-0,-0,-0,-0,-0,-0,-0,-0,-0,
-0,-0,-0,-0,-0,-0,-0,-0,-0,-0,-0,-0,-0,-0,
-0,-0,-0,-0,-0,-0,-0,-0,-0,-0,-0,-0,-0,-0,
-0,-0,-0,-0,-0,-0,-0,-0,-0,-0,-0,-0,-0,-0,
-0,-0,-0,-0,-0,-0,-0,-0,-0,-0,-0,-0,-0,-0,
-0,-0,-0,-0,-0,-0,-0,-0,-0,-0,-0,-0,-0,-0,
-0,-0,-0,-0,-0,-0,-0,-0,-0,-0,-0,-0,-0,-0,
-0,-0,-0,-0,-0,-0,-0,-0,-0,-0,-0,-0,-0,-0,
-0,-0,-0,-0,-0,-0,-0,-0,-0,-0,-0,-0,-0,-0,
-0,-0,-0,-0,-0,-0,-0,-0,-0,-0,-0,-0,-0,-0,
-0,-0,-0,-0,-0,-0,-0,-0,-0,-0,-0,-0,-0,-0,
-0,-0,-0,-0,-0,-0,-0,-0,-0,-0,-0,-0,-0,-0,
-0,-0,-0,-0,-0,-0,-0,-0,-0,-0,-0,-0,-0,-0,
-0,-0,-0,-0,-0,-0,-0,-0,-0,-0,-0,-0,-0,-0,
-0,-0,-0,-0,-0,-0,-0,-0,-0,-0,-0,-0,-0,-0,
-0,-0,-0,-0,-0,-0,-0,-0,-0,-0,-0,-0,-0,-0,
-0,-0,-0,-0,-0,-0,-0,-0,-0,-0,-0,-0,-0,-0,
-0,-0,-0,-0,-0,-0,-0,-0,-0,-0,-0,-0,-0,-0,
-0,-0,-0,-0,-0,-0,-0,-0,-0,-0,-0,-0,-0,-0,
-0,-0,-0,-0,-0,-0,-0,-0,-0,-0,-0,-0,-0,-0,
-0,-0,-0,-0,-0,-0,-0,-0,-0,-0,-0,-0,-0,-0,
-0,-0,-0,-0,-0,-0,-0,-0,-0,-0,-0,-0,-0,-0,
-0,-0,-0,-0,-0,-0,-0,-0,-0,-0,-0,-0,-0,-0,
-0,-0,-0,-0,-0,-0,-0,-0,-0,-0,-0,-0,-0,-0,
-0,-0,-0,-0,-0,-0,-0,-0,-0,-0,-0,-0,-0,-0,
-0,-0,-0,-0,-0,-0,-0,-0,-0,-0,-0,-0,-0,-0,
-0,-0,-0,-0,-0,-0,-0,-0,-0,-0,-0,-0,-0,-0,
-0,-0,-0,-0,-0,-0,-0,-0,-0,-0,-0,-0,-0,-0,
-0,-0,-0,-0,-0,-0,-0,-0,-0,-0,-0,-0,-0,-0,
-0,-0,-0,-0,-0,-0,-0,-0,-0,-0,-0,-0,-0,-0,
-0,-0,-0,-0,-0,-0,-0,-0,-0,-0,-0,-0,-0,-0,
-0,-0,-0,-0,-0,-0,-0,-0,-0,-0,-0,-0,-0,-0,
-0,-0,-0,-0,-0,-0,-0,-0,-0,-0,-0,-0,-0,-0,
-0,-0,-0,-0,-0,-0,-0,-0,-0,-0,-0,-0,-0,-0,
-0,-0,-0,-0,-0,-0,-0,-0,-0,-0,-0,-0,-0,-0,
-0,-0,-0,-0,-0,-0,-0,-0,-0,-0,-0,-0,-0,-0,
-0,-0,-0,-0,-0,-0,-0,-0,-0,-0,-0,-0,-0,-0,
-0,-0,-0,-0,-0,-0,-0,-0,-0,-0,-0,-0,-0,-0,
-0,-0,-0,-0,-0,-0,-0,-0,-0,-0,-0,-0,-0,-0,
-0,-0,-0,-0,-0,-0,-0,-0,-0,-0,-0,-0,-0,-0,
-0,-0,-0,-0,-0,-0,-0,-0,-0,-0,-0,-0,-0,-0,
-0,-0,-0,-0,-0,-0,-0,-0,-0,-0,-0,-0,-0,-0,
-0,-0,-0,-0,-0,-0,-0,-0,-0,-0,-0,-0,-0,-0,
-0,-0,-0,-0,-0,-0,-0,-0,-0,-0,-0,-0,-0,-0,
-0,-0,-0,-0,-0,-0,-0,-0,-0,-0,-0,-0,-0,-0,
-0,-0,-0,-0,-0,-0,-0,-0,-0,-0,-0,-0,-0,-0,
-0,-0,-0,-0,-0,-0,-0,-0,-0,-0,-0,-0,-0,-0,
-0,-0,-0,-0,-0,-0,-0,-0,-0,-0,-0,-0,-0,-0,
-0,-0,-0,-0,-0,-0,-0,-0,-0,-0,-0,-0,-0,-0,
-0,-0,-0,-0,-0,-0,-0,-0,-0,-0,-0,-0,-0,-0,
-0,-0,-0,-0,-0,-0,-0,-0,-0,-0,-0,-0,-0,-0,
-0,-0,-0,-0,-0,-0,-0,-0,-0,-0,-0,-0,-0,-0,
-0,-0,-0,-0,-0,-0,-0,-0,-0,-0,-0,-0,-0,-0,
-0,-0,-0,-0,-0,-0,-0,-0,-0,-0,-0,-0,-0,-0,
-0,-0,-0,-0,-0,-0,-0,-0,-0,-0,-0,-0,-0,-0,
-0,-0,-0,-0,-0,-0,-0,-0,-0,-0,-0,-0,-0,-0,
-0,-0,-0,-0,-0,-0,-0,-0,-0,-0,-0,-0,-0,-0,
-0,-0,-0,-0,-0,-0,-0,-0,-0,-0,-0,-0,-0,-0,
-0,-0,-0,-0,-0,-0,-0,-0,-0,-0,-0,-0,-0,-0,
-0,-0,-0,-0,-0,-0,-0,-0,-0,-0,-0,-0,-0,-0,
-0,-0,-0,-0,-0,-0,-0,-0,-0,-0,-0,-0,-0,-0,
-0,-0,-0,-0,-0,-0,-0,-0,-0,-0,-0,-0,-0,-0,
-0,-0,-0,-0,-0,-0,-0,-0,-0,-0,-0,-0,-0,-0,
-0,-0,-0,-0,-0,-0,-0,-0,-0,-0,-0,-0,-0,-0,
-0,-0,-0,-0,-0,-0,-0,-0,-0,-0,-0,-0,-0,-0,
-0,-0,-0,-0,-0,-0,-0,-0,-0,-0,-0,-0,-0,-0,
-0,-0,-0,-0,-0,-0,-0,-0,-0,-0,-0,-0,-0,-0,
-0,-0,-0,-0,-0,-0,-0,-0,-0,-0,-0,-0,-0,-0,
-0,-0,-0,-0,-0,-0,-0,-0,-0,-0,-0,-0,-0,-0,
-0,-0,-0,-0,-0,-0,-0,-0,-0,-0,-0,-0,-0,-0,
-0,-0,-0,-0,-0,-0,-0,-0,-0,-0,-0,-0,-0,-0,
-0,-0,-0,-0,-0,-0,-0,-0,-0,-0,-0,-0,-0,-0,
-0,-0,-0,-0,-0,-0,-0,-0,-0,-0,-0,-0,-0,-0,
-0,-0,-0,-0,-0,-0,-0,-0,-0,-0,-0,-0,-0,-0,
-0,-0,-0,-0,-0,-0,-0,-0,-0,-0,-0,-0,-0,-0,
-0,-0,-0,-0,-0,-0,-0,-0,-0,-0,-0,-0,-0,-0,
-0,-0,-0,-0,-0,-0,-0,-0,-0,-0,-0,-0,-0,-0,
-0,-0,-0,-0,-0,-0,-0,-0,-0,-0,-0,-0,-0,-0,
-0,-0,-0,-0,-0,-0,-0,-0,-0,-0,-0,-0,-0,-0,
-0,-0,-0,-0,-0,-0,-0,-0,-0,-0,-0,-0,-0,-0,
-0,-0,-0,-0,-0,-0,-0,-0,-0,-0,-0,-0,-0,-0,
-0,-0,-0,-0,-0,-0,-0,-0,-0,-0,-0,-0,-0,-0,
-0,-0,-0,-0,-0,-0,-0,-0,-0,-0,-0,-0,-0,-0,
-0,-0,-0,-0,-0,-0,-0,-0,-0,-0,-0,-0,-0,-0,
-0,-0,-0,-0,-0,-0,-0,-0,-0,-0,-0,-0,-0,-0,
-0,-0,-0,-0,-0,-0,-0,-0,-0,-0,-0,-0,-0,-0,
-0,-0,-0,-0,-0,-0,-0,-0,-0,-0,-0,-0,-0,-0,
-0,-0,-0,-0,-0,-0,-0,-0,-0,-0,-0,-0,-0,-0,
-0,-0,-0,-0,-0,-0,-0,-0,-0,-0,-0,-0,-0,-0,
-0,-0,-0,-0,-0,-0,-0,-0,-0,-0,-0,-0,-0,-0,
-0,-0,-0,-0,-0,-0,-0,-0,-0,-0,-0,-0,-0,-0,
-0,-0,-0,-0,-0,-0,-0,-0,-0,-0,-0,-0,-0,-0,
-0,-0,-0,-0,-0,-0,-0,-0,-0,-0,-0,-0,-0,-0,
-0,-0,-0,-0,-0,-0,-0,-0,-0,-0,-0,-0,-0,-0,
-0,-0,-0,-0,-0,-0,-0,-0,-0,-0,-0,-0,-0,-0,
-0,-0,-0,-0,-0,-0,-0,-0,-0,-0,-0,-0,-0,-0,
-0,-0,-0,-0,-0,-0,-0,-0,-0,-0,-0,-0,-0,-0,
-0,-0,-0,-0,-0,-0,-0,-0,-0,-0,-0,-0,-0,-0,
-0,-0,-0,-0,-0,-0,-0,-0,-0,-0,-0,-0,-0,-0,
-0,-0,-0,-0,-0,-0,-0,-0,-0,-0,-0,-0,-0,-0,
-0,-0,-0,-0,-0,-0,-0,-0,-0,-0,-0,-0,-0,-0,
-0,-0,-0,-0,-0,-0,-0,-0,-0,-0,-0,-0,-0,-0,
-0,-0,-0,-0,-0,-0,-0,-0,-0,-0,-0,-0,-0,-0,
-0,-0,-0,-0,-0,-0,-0,-0,-0,-0,-0,-0,-0,-0,
-0,-0,-0,-0,-0,-0,-0,-0,-0,-0,-0,-0,-0,-0,
-0,-0,-0,-0,-0,-0,-0,-0,-0,-0,-0,-0,-0,-0,
-0,-0,-0,-0,-0,-0,-0,-0,-0,-0,-0,-0,-0,-0,
-0,-0,-0,-0,-0,-0,-0,-0,-0,-0,-0,-0,-0,-0,
-0,-0,-0,-0,-0,-0,-0,-0,-0,-0,-0,-0,-0,-0,
-0,-0,-0,-0,-0,-0,-0,-0,-0,-0,-0,-0,-0,-0,
-0,-0,-0,-0,-0,-0,-0,-0,-0,-0,-0,-0,-0,-0,
-0,-0,-0,-0,-0,-0,-0,-0,-0,-0,-0,-0,-0,-0,
-0,-0,-0,-0,-0,-0,-0,-0,-0,-0,-0,-0,-0,-0,
-0,-0,-0,-0,-0,-0,-0,-0,-0,-0,-0,-0,-0,-0,
-0,-0,-0,-0,-0,-0,-0,-0,-0,-0,-0,-0,-0,-0,
-0,-0,-0,-0,-0,-0,-0,-0,-0,-0,-0,-0,-0,-0,
-0,-0,-0,-0,-0,-0,-0,-0,-0,-0,-0,-0,-0,-0,
-0,-0,-0,-0,-0,-0,-0,-0,-0,-0,-0,-0,-0,-0,
-0,-0,-0,-0,-0,-0,-0,-0,-0,-0,-0,-0,-0,-0,
-0,-0,-0,-0,-0,-0,-0,-0,-0,-0,-0,-0,-0,-0,
-0,-0,-0,-0,-0,-0,-0,-0,-0,-0,-0,-0,-0,-0,
-0,-0,-0,-0,-0,-0,-0,-0,-0,-0,-0,-0,-0,-0,
-0,-0,-0,-0,-0,-0,-0,-0,-0,-0,-0,-0,-0,-0,
-0,-0,-0,-0,-0,-0,-0,-0,-0,-0,-0,-0,-0,-0,
-0,-0,-0,-0,-0,-0,-0,-0,-0,-0,-0,-0,-0,-0,
-0,-0,-0,-0,-0,-0,-0,-0,-0,-0,-0,-0,-0,-0,
-0,-0,-0,-0,-0,-0,-0,-0,-0,-0,-0,-0,-0,-0,
-0,-0,-0,-0,-0,-0,-0,-0,-0,-0,-0,-0,-0,-0,
-0,-0,-0,-0,-0,-0,-0,-0,-0,-0,-0,-0,-0,-0,
-0,-0,-0,-0,-0,-0,-0,-0,-0,-0,-0,-0,-0,-0,
-0,-0,-0,-0,-0,-0,-0,-0,-0,-0,-0,-0,-0,-0,
-0,-0,-0,-0,-0,-0,-0,-0,-0,-0,-0,-0,-0,-0,
-0,-0,-0,-0,-0,-0,-0,-0,-0,-0,-0,-0,-0,-0,
-0,-0,-0,-0,-0,-0,-0,-0,-0,-0,-0,-0,-0,-0,
-0,-0,-0,-0,-0,-0,-0,-0,-0,-0,-0,-0,-0,-0,
-0,-0,-0,-0,-0,-0,-0,-0,-0,-0,-0,-0,-0,-0,
-0,-0,-0,-0,-0,-0,-0,-0,-0,-0,-0,-0,-0,-0,
-0,-0,-0,-0,-0,-0,-0,-0,-0,-0,-0,-0,-0,-0,
-0,-0,-0,-0,-0,-0,-0,-0,-0,-0,-0,-0,-0,-0,
-0,-0,-0,-0,-0,-0,-0,-0,-0,-0,-0,-0,-0,-0,
-0,-0,-0,-0,-0,-0,-0,-0,-0,-0,-0,-0,-0,-0,
-0,-0,-0,-0,-0,-0,-0,-0,-0,-0,-0,-0,-0,-0,
-0,-0,-0,-0,-0,-0,-0,-0,-0,-0,-0,-0,-0,-0,
-0,-0,-0,-0,-0,-0,-0,-0,-0,-0,-0,-0,-0,-0,
-0,-0,-0,-0,-0,-0,-0,-0,-0,-0,-0,-0,-0,-0,
-0,-0,-0,-0,-0,-0,-0,-0,-0,-0,-0,-0,-0,-0,
-0,-0,-0,-0,-0,-0,-0,-0,-0,-0,-0,-0,-0,-0,
-0,-0,-0,-0,-0,-0,-0,-0,-0,-0,-0,-0,-0,-0,
-0,-0,-0,-0,-0,-0,-0,-0,-0,-0,-0,-0,-0,-0,
-0,-0,-0,-0,-0,-0,-0,-0,-0,-0,-0,-0,-0,-0,
-0,-0,-0,-0,-0,-0,-0,-0,-0,-0,-0,-0,-0,-0,
-0,-0,-0,-0,-0,-0,-0,-0,-0,-0,-0,-0,-0,-0,
-0,-0,-0,-0,-0,-0,-0,-0,-0,-0,-0,-0,-0,-0,
-0,-0,-0,-0,-0,-0,-0,-0,-0,-0,-0,-0,-0,-0,
-0,-0,-0,-0,-0,-0,-0,-0,-0,-0,-0,-0,-0,-0,
-0,-0,-0,-0,-0,-0,-0,-0,-0,-0,-0,-0,-0,-0,
-0,-0,-0,-0,-0,-0,-0,-0,-0,-0,-0,-0,-0,-0,
-0,-0,-0,-0,-0,-0,-0,-0,-0,-0,-0,-0,-0,-0,
-0,-0,-0,-0,-0,-0,-0,-0,-0,-0,-0,-0,-0,-0,
-0,-0,-0,-0,-0,-0,-0,-0,-0,-0,-0,-0,-0,-0,
-0,-0,-0,-0,-0,-0,-0,-0,-0,-0,-0,-0,-0,-0,
-0,-0,-0,-0,-0,-0,-0,-0,-0,-0,-0,-0,-0,-0,
-0,-0,-0,-0,-0,-0,-0,-0,-0,-0,-0,-0,-0,-0,
-0,-0,-0,-0,-0,-0,-0,-0,-0,-0,-0,-0,-0,-0,
-0,-0,-0,-0,-0,-0,-0,-0,-0,-0,-0,-0,-0,-0,
-0,-0,-0,-0,-0,-0,-0,-0,-0,-0,-0,-0,-0,-0,
-0,-0,-0,-0,-0,-0,-0,-0,-0,-0,-0,-0,-0,-0,
-0,-0,-0,-0,-0,-0,-0,-0,-0,-0,-0,-0,-0,-0,
-0,-0,-0,-0,-0,-0,-0,-0,-0,-0,-0,-0,-0,-0,
-0,-0,-0,-0,-0,-0,-0,-0,-0,-0,-0,-0,-0,-0,
-0,-0,-0,-0,-0,-0,-0,-0,-0,-0,-0,-0,-0,-0,
-0,-0,-0,-0,-0,-0,-0,-0,-0,-0,-0,-0,-0,-0,
-0,-0,-0,-0,-0,-0,-0,-0,-0,-0,-0,-0,-0,-0,
-0,-0,-0,-0,-0,-0,-0,-0,-0,-0,-0,-0,-0,-0,
-0,-0,-0,-0,-0,-0,-0,-0,-0,-0,-0,-0,-0,-0,
-0,-0,-0,-0,-0,-0,-0,-0,-0,-0,-0,-0,-0,-0,
-0,-0,-0,-0,-0,-0,-0,-0,-0,-0,-0,-0,-0,-0,
-0,-0,-0,-0,-0,-0,-0,-0,-0,-0,-0,-0,-0,-0,
-0,-0,-0,-0,-0,-0,-0,-0,-0,-0,-0,-0,-0,-0,
-0,-0,-0,-0,-0,-0,-0,-0,-0,-0,-0,-0,-0,-0,
-0,-0,-0,-0,-0,-0,-0,-0,-0,-0,-0,-0,-0,-0,
-0,-0,-0,-0,-0,-0,-0,-0,-0,-0,-0,-0,-0,-0,
-0,-0,-0,-0,-0,-0,-0,-0,-0,-0,-0,-0,-0,-0,
-0,-0,-0,-0,-0,-0,-0,-0,-0,-0,-0,-0,-0,-0,
-0,-0,-0,-0,-0,-0,-0,-0,-0,-0,-0,-0,-0,-0,
-0,-0,-0,-0,-0,-0,-0,-0,-0,-0,-0,-0,-0,-0,
-0,-0,-0,-0,-0,-0,-0,-0,-0,-0,-0,-0,-0,-0,
-0,-0,-0,-0,-0,-0,-0,-0,-0,-0,-0,-0,-0,-0,
-0,-0,-0,-0,-0,-0,-0,-0,-0,-0,-0,-0,-0,-0,
-0,-0,-0,-0,-0,-0,-0,-0,-0,-0,-0,-0,-0,-0,
-0,-0,-0,-0,-0,-0,-0,-0,-0,-0,-0,-0,-0,-0,
-0,-0,-0,-0,-0,-0,-0,-0,-0,-0,-0,-0,-0,-0,
-0,-0,-0,-0,-0,-0,-0,-0,-0,-0,-0,-0,-0,-0,
-0,-0,-0,-0,-0,-0,-0,-0,-0,-0,-0,-0,-0,-0,
-0,-0,-0,-0,-0,-0,-0,-0,-0,-0,-0,-0,-0,-0,
-0,-0,-0,-0,-0,-0,-0,-0,-0,-0,-0,-0,-0,-0,
-0,-0,-0,-0,-0,-0,-0,-0,-0,-0,-0,-0,-0,-0,
-0,-0,-0,-0,-0,-0,-0,-0,-0,-0,-0,-0,-0,-0,
-0,-0,-0,-0,-0,-0,-0,-0,-0,-0,-0,-0,-0,-0,
-0,-0,-0,-0,-0,-0,-0,-0,-0,-0,-0,-0,-0,-0,
-0,-0,-0,-0,-0,-0,-0,-0,-0,-0,-0,-0,-0,-0,
-0,-0,-0,-0,-0,-0,-0,-0,-0,-0,-0,-0,-0,-0,
-0,-0,-0,-0,-0,-0,-0,-0,-0,-0,-0,-0,-0,-0,
-0,-0,-0,-0,-0,-0,-0,-0,-0,-0,-0,-0,-0,-0,
-0,-0,-0,-0,-0,-0,-0,-0,-0,-0,-0,-0,-0,-0,
-0,-0,-0,-0,-0,-0,-0,-0,-0,-0,-0,-0,-0,-0,
-0,-0,-0,-0,-0,-0,-0,-0,-0,-0,-0,-0,-0,-0,
-0,-0,-0,-0,-0,-0,-0,-0,-0,-0,-0,-0,-0,-0,
-0,-0,-0,-0,-0,-0,-0,-0,-0,-0,-0,-0,-0,-0,
-0,-0,-0,-0,-0,-0,-0,-0,-0,-0,-0,-0,-0,-0,
-0,-0,-0,-0,-0,-0,-0,-0,-0,-0,-0,-0,-0,-0,
-0,-0,-0,-0,-0,-0,-0,-0,-0,-0,-0,-0,-0,-0,
-0,-0,-0,-0,-0,-0,-0,-0,-0,-0,-0,-0,-0,-0,
-0,-0,-0,-0,-0,-0,-0,-0,-0,-0,-0,-0,-0,-0,
-0,-0,-0,-0,-0,-0,-0,-0,-0,-0,-0,-0,-0,-0,
-0,-0,-0,-0,-0,-0,-0,-0,-0,-0,-0,-0,-0,-0,
-0,-0,-0,-0,-0,-0,-0,-0,-0,-0,-0,-0,-0,-0,
-0,-0,-0,-0,-0,-0,-0,-0,-0,-0,-0,-0,-0,-0,
-0,-0,-0,-0,-0,-0,-0,-0,-0,-0,-0,-0,-0,-0,
-0,-0,-0,-0,-0,-0,-0,-0,-0,-0,-0,-0,-0,-0,
-0,-0,-0,-0,-0,-0,-0,-0,-0,-0,-0,-0,-0,-0,
-0,-0,-0,-0,-0,-0,-0,-0,-0,-0,-0,-0,-0,-0,
-0,-0,-0,-0,-0,-0,-0,-0,-0,-0,-0,-0,-0,-0,
-0,-0,-0,-0,-0,-0,-0,-0,-0,-0,-0,-0,-0,-0,
-0,-0,-0,-0,-0,-0,-0,-0,-0,-0,-0,-0,-0,-0,
-0,-0,-0,-0,-0,-0,-0,-0,-0,-0,-0,-0,-0,-0,
-0,-0,-0,-0,-0,-0,-0,-0,-0,-0,-0,-0,-0,-0,
-0,-0,-0,-0,-0,-0,-0,-0,-0,-0,-0,-0,-0,-0,
-0,-0,-0,-0,-0,-0,-0,-0,-0,-0,-0,-0,-0,-0,
-0,-0,-0,-0,-0,-0,-0,-0,-0,-0,-0,-0,-0,-0,
-0,-0,-0,-0,-0,-0,-0,-0,-0,-0,-0,-0,-0,-0,
-0,-0,-0,-0,-0,-0,-0,-0,-0,-0,-0,-0,-0,-0,
-0,-0,-0,-0,-0,-0,-0,-0,-0,-0,-0,-0,-0,-0,
-0,-0,-0,-0,-0,-0,-0,-0,-0,-0,-0,-0,-0,-0,
-0,-0,-0,-0,-0,-0,-0,-0,-0,-0,-0,-0,-0,-0,
-0,-0,-0,-0,-0,-0,-0,-0,-0,-0,-0,-0,-0,-0,
-0,-0,-0,-0,-0,-0,-0,-0,-0,-0,-0,-0,-0,-0,
-0,-0,-0,-0,-0,-0,-0,-0,-0,-0,-0,-0,-0,-0,
-0,-0,-0,-0,-0,-0,-0,-0,-0,-0,-0,-0,-0,-0,
-0,-0,-0,-0,-0,-0,-0,-0,-0,-0,-0,-0,-0,-0,
-0,-0,-0,-0,-0,-0,-0,-0,-0,-0,-0,-0,-0,-0,
-0,-0,-0,-0,-0,-0,-0,-0,-0,-0,-0,-0,-0,-0,
-0,-0,-0,-0,-0,-0,-0,-0,-0,-0,-0,-0,-0,-0,
-0,-0,-0,-0,-0,-0,-0,-0,-0,-0,-0,-0,-0,-0,
-0,-0,-0,-0,-0,-0,-0,-0,-0,-0,-0,-0,-0,-0,
-0,-0,-0,-0,-0,-0,-0,-0,-0,-0,-0,-0,-0,-0,
-0,-0,-0,-0,-0,-0,-0,-0,-0,-0,-0,-0,-0,-0,
-0,-0,-0,-0,-0,-0,-0,-0,-0,-0,-0,-0,-0,-0,
-0,-0,-0,-0,-0,-0,-0,-0,-0,-0,-0,-0,-0,-0,
-0,-0,-0,-0,-0,-0,-0,-0,-0,-0,-0,-0,-0,-0,
-0,-0,-0,-0,-0,-0,-0,-0,-0,-0,-0,-0,-0,-0,
-0,-0,-0,-0,-0,-0,-0,-0,-0,-0,-0,-0,-0,-0,
-0,-0,-0,-0,-0,-0,-0,-0,-0,-0,-0,-0,-0,-0,
-0,-0,-0,-0,-0,-0,-0,-0,-0,-0,-0,-0,-0,-0,
-0,-0,-0,-0,-0,-0,-0,-0,-0,-0,-0,-0,-0,-0,
-0,-0,-0,-0,-0,-0,-0,-0,-0,-0,-0,-0,-0,-0,
-0,-0,-0,-0,-0,-0,-0,-0,-0,-0,-0,-0,-0,-0,
-0,-0,-0,-0,-0,-0,-0,-0,-0,-0,-0,-0,-0,-0,
-0,-0,-0,-0,-0,-0,-0,-0,-0,-0,-0,-0,-0,-0,
-0,-0,-0,-0,-0,-0,-0,-0,-0,-0,-0,-0,-0,-0,
-0,-0,-0,-0,-0,-0,-0,-0,-0,-0,-0,-0,-0,-0,
-0,-0,-0,-0,-0,-0,-0,-0,-0,-0,-0,-0,-0,-0,
-0,-0,-0,-0,-0,-0,-0,-0,-0,-0,-0,-0,-0,-0,
-0,-0,-0,-0,-0,-0,-0,-0,-0,-0,-0,-0,-0,-0,
-0,-0,-0,-0,-0,-0,-0,-0,-0,-0,-0,-0,-0,-0,
-0,-0,-0,-0,-0,-0,-0,-0,-0,-0,-0,-0,-0,-0,
-0,-0,-0,-0,-0,-0,-0,-0,-0,-0,-0,-0,-0,-0,
-0,-0,-0,-0,-0,-0,-0,-0,-0,-0,-0,-0,-0,-0,
-0,-0,-0,-0,-0,-0,-0,-0,-0,-0,-0,-0,-0,-0,
-0,-0,-0,-0,-0,-0,-0,-0,-0,-0,-0,-0,-0,-0,
-0,-0,-0,-0,-0,-0,-0,-0,-0,-0,-0,-0,-0,-0,
-0,-0,-0,-0,-0,-0,-0,-0,-0,-0,-0,-0,-0,-0,
-0,-0,-0,-0,-0,-0,-0,-0,-0,-0,-0,-0,-0,-0,
-0,-0,-0,-0,-0,-0,-0,-0,-0,-0,-0,-0,-0,-0,
-0,-0,-0,-0,-0,-0,-0,-0,-0,-0,-0,-0,-0,-0,
-0,-0,-0,-0,-0,-0,-0,-0,-0,-0,-0,-0,-0,-0,
-0,-0,-0,-0,-0,-0,-0,-0,-0,-0,-0,-0,-0,-0,
-0,-0,-0,-0,-0,-0,-0,-0,-0,-0,-0,-0,-0,-0,
-0,-0,-0,-0,-0,-0,-0,-0,-0,-0,-0,-0,-0,-0,
-0,-0,-0,-0,-0,-0,-0,-0,-0,-0,-0,-0,-0,-0,
-0,-0,-0,-0,-0,-0,-0,-0,-0,-0,-0,-0,-0,-0,
-0,-0,-0,-0,-0,-0,-0,-0,-0,-0,-0,-0,-0,-0,
-0,-0,-0,-0,-0,-0,-0,-0,-0,-0,-0,-0,-0,-0,
-0,-0,-0,-0,-0,-0,-0,-0,-0,-0,-0,-0,-0,-0,
-0,-0,-0,-0,-0,-0,-0,-0,-0,-0,-0,-0,-0,-0,
-0,-0,-0,-0,-0,-0,-0,-0,-0,-0,-0,-0,-0,-0,
-0,-0,-0,-0,-0,-0,-0,-0,-0,-0,-0,-0,-0,-0,
-0,-0,-0,-0,-0,-0,-0,-0,-0,-0,-0,-0,-0,-0,
-0,-0,-0,-0,-0,-0,-0,-0,-0,-0,-0,-0,-0,-0,
-0,-0,-0,-0,-0,-0,-0,-0,-0,-0,-0,-0,-0,-0,
-0,-0,-0,-0,-0,-0,-0,-0,-0,-0,-0,-0,-0,-0,
-0,-0,-0,-0,-0,-0,-0,-0,-0,-0,-0,-0,-0,-0,
-0,-0,-0,-0,-0,-0,-0,-0,-0,-0,-0,-0,-0,-0,
-0,-0,-0,-0,-0,-0,-0,-0,-0,-0,-0,-0,-0,-0,
-0,-0,-0,-0,-0,-0,-0,-0,-0,-0,-0,-0,-0,-0,
-0,-0,-0,-0,-0,-0,-0,-0,-0,-0,-0,-0,-0,-0,
-0,-0,-0,-0,-0,-0,-0,-0,-0,-0,-0,-0,-0,-0,
-0,-0,-0,-0,-0,-0,-0,-0,-0,-0,-0,-0,-0,-0,
-0,-0,-0,-0,-0,-0,-0,-0,-0,-0,-0,-0,-0,-0,
-0,-0,-0,-0,-0,-0,-0,-0,-0,-0,-0,-0,-0,-0,
-0,-0,-0,-0,-0,-0,-0,-0,-0,-0,-0,-0,-0,-0,
-0,-0,-0,-0,-0,-0,-0,-0,-0,-0,-0,-0,-0,-0,
-0,-0,-0,-0,-0,-0,-0,-0,-0,-0,-0,-0,-0,-0,
-0,-0,-0,-0,-0,-0,-0,-0,-0,-0,-0,-0,-0,-0,
-0,-0,-0,-0,-0,-0,-0,-0,-0,-0,-0,-0,-0,-0,
-0,-0,-0,-0,-0,-0,-0,-0,-0,-0,-0,-0,-0,-0,
-0,-0,-0,-0,-0,-0,-0,-0,-0,-0,-0,-0,-0,-0,
-0,-0,-0,-0,-0,-0,-0,-0,-0,-0,-0,-0,-0,-0,
-0,-0,-0,-0,-0,-0,-0,-0,-0,-0,-0,-0,-0,-0,
-0,-0,-0,-0,-0,-0,-0,-0,-0,-0,-0,-0,-0,-0,
-0,-0,-0,-0,-0,-0,-0,-0,-0,-0,-0,-0,-0,-0,
-0,-0,-0,-0,-0,-0,-0,-0,-0,-0,-0,-0,-0,-0,
-0,-0,-0,-0,-0,-0,-0,-0,-0,-0,-0,-0,-0,-0,
-0,-0,-0,-0,-0,-0,-0,-0,-0,-0,-0,-0,-0,-0,
-0,-0,-0,-0,-0,-0,-0,-0,-0,-0,-0,-0,-0,-0,
-0,-0,-0,-0,-0,-0,-0,-0,-0,-0,-0,-0,-0,-0,
-0,-0,-0,-0,-0,-0,-0,-0,-0,-0,-0,-0,-0,-0,
-0,-0,-0,-0,-0,-0,-0,-0,-0,-0,-0,-0,-0,-0,
-0,-0,-0,-0,-0,-0,-0,-0,-0,-0,-0,-0,-0,-0,
-0,-0,-0,-0,-0,-0,-0,-0,-0,-0,-0,-0,-0,-0,
-0,-0,-0,-0,-0,-0,-0,-0,-0,-0,-0,-0,-0,-0,
-0,-0,-0,-0,-0,-0,-0,-0,-0,-0,-0,-0,-0,-0,
-0,-0,-0,-0,-0,-0,-0,-0,-0,-0,-0,-0,-0,-0,
-0,-0,-0,-0,-0,-0,-0,-0,-0,-0,-0,-0,-0,-0,
-0,-0,-0,-0,-0,-0,-0,-0,-0,-0,-0,-0,-0,-0,
-0,-0,-0,-0,-0,-0,-0,-0,-0,-0,-0,-0,-0,-0,
-0,-0,-0,-0,-0,-0,-0,-0,-0,-0,-0,-0,-0,-0,
-0,-0,-0,-0,-0,-0,-0,-0,-0,-0,-0,-0,-0,-0,
-0,-0,-0,-0,-0,-0,-0,-0,-0,-0,-0,-0,-0,-0,
-0,-0,-0,-0,-0,-0,-0,-0,-0,-0,-0,-0,-0,-0,
-0,-0,-0,-0,-0,-0,-0,-0,-0,-0,-0,-0,-0,-0,
-0,-0,-0,-0,-0,-0,-0,-0,-0,-0,-0,-0,-0,-0,
-0,-0,-0,-0,-0,-0,-0,-0,-0,-0,-0,-0,-0,-0,
-0,-0,-0,-0,-0,-0,-0,-0,-0,-0,-0,-0,-0,-0,
-0,-0,-0,-0,-0,-0,-0,-0,-0,-0,-0,-0,-0,-0,
-0,-0,-0,-0,-0,-0,-0,-0,-0,-0,-0,-0,-0,-0,
-0,-0,-0,-0,-0,-0,-0,-0,-0,-0,-0,-0,-0,-0,
-0,-0,-0,-0,-0,-0,-0,-0,-0,-0,-0,-0,-0,-0,
-0,-0,-0,-0,-0,-0,-0,-0,-0,-0,-0,-0,-0,-0,
-0,-0,-0,-0,-0,-0,-0,-0,-0,-0,-0,-0,-0,-0,
-0,-0,-0,-0,-0,-0,-0,-0,-0,-0,-0,-0,-0,-0,
-0,-0,-0,-0,-0,-0,-0,-0,-0,-0,-0,-0,-0,-0,
-0,-0,-0,-0,-0,-0,-0,-0,-0,-0,-0,-0,-0,-0,
-0,-0,-0,-0,-0,-0,-0,-0,-0,-0,-0,-0,-0,-0,
-0,-0,-0,-0,-0,-0,-0,-0,-0,-0,-0,-0,-0,-0,
-0,-0,-0,-0,-0,-0,-0,-0,-0,-0,-0,-0,-0,-0,
-0,-0,-0,-0,-0,-0,-0,-0,-0,-0,-0,-0,-0,-0,
-0,-0,-0,-0,-0,-0,-0,-0,-0,-0,-0,-0,-0,-0,
-0,-0,-0,-0,-0,-0,-0,-0,-0,-0,-0,-0,-0,-0,
-0,-0,-0,-0,-0,-0,-0,-0,-0,-0,-0,-0,-0,-0,
-0,-0,-0,-0,-0,-0,-0,-0,-0,-0,-0,-0,-0,-0,
-0,-0,-0,-0,-0,-0,-0,-0,-0,-0,-0,-0,-0,-0,
-0,-0,-0,-0,-0,-0,-0,-0,-0,-0,-0,-0,-0,-0,
-0,-0,-0,-0,-0,-0,-0,-0,-0,-0,-0,-0,-0,-0,
-0,-0,-0,-0,-0,-0,-0,-0,-0,-0,-0,-0,-0,-0,
-0,-0,-0,-0,-0,-0,-0,-0,-0,-0,-0,-0,-0,-0,
-0,-0,-0,-0,-0,-0,-0,-0,-0,-0,-0,-0,-0,-0,
-0,-0,-0,-0,-0,-0,-0,-0,-0,-0,-0,-0,-0,-0,
-0,-0,-0,-0,-0,-0,-0,-0,-0,-0,-0,-0,-0,-0,
-0,-0,-0,-0,-0,-0,-0,-0,-0,-0,-0,-0,-0,-0,
-0,-0,-0,-0,-0,-0,-0,-0,-0,-0,-0,-0,-0,-0,
-0,-0,-0,-0,-0,-0,-0,-0,-0,-0,-0,-0,-0,-0,
-0,-0,-0,-0,-0,-0,-0,-0,-0,-0,-0,-0,-0,-0,
-0,-0,-0,-0,-0,-0,-0,-0,-0,-0,-0,-0,-0,-0,
-0,-0,-0,-0,-0,-0,-0,-0,-0,-0,-0,-0,-0,-0,
-0,-0,-0,-0,-0,-0,-0,-0,-0,-0,-0,-0,-0,-0,
-0,-0,-0,-0,-0,-0,-0,-0,-0,-0,-0,-0,-0,-0,
-0,-0,-0,-0,-0,-0,-0,-0,-0,-0,-0,-0,-0,-0,
-0,-0,-0,-0,-0,-0,-0,-0,-0,-0,-0,-0,-0,-0,
-0,-0,-0,-0,-0,-0,-0,-0,-0,-0,-0,-0,-0,-0,
-0,-0,-0,-0,-0,-0,-0,-0,-0,-0,-0,-0,-0,-0,
-0,-0,-0,-0,-0,-0,-0,-0,-0,-0,-0,-0,-0,-0,
-0,-0,-0,-0,-0,-0,-0,-0,-0,-0,-0,-0,-0,-0,
-0,-0,-0,-0,-0,-0,-0,-0,-0,-0,-0,-0,-0,-0,
-0,-0,-0,-0,-0,-0,-0,-0,-0,-0,-0,-0,-0,-0,
-0,-0,-0,-0,-0,-0,-0,-0,-0,-0,-0,-0,-0,-0,
-0,-0,-0,-0,-0,-0,-0,-0,-0,-0,-0,-0,-0,-0,
-0,-0,-0,-0,-0,-0,-0,-0,-0,-0,-0,-0,-0,-0,
-0,-0,-0,-0,-0,-0,-0,-0,-0,-0,-0,-0,-0,-0,
-0,-0,-0,-0,-0,-0,-0,-0,-0,-0,-0,-0,-0,-0,
-0,-0,-0,-0,-0,-0,-0,-0,-0,-0,-0,-0,-0,-0,
-0,-0,-0,-0,-0,-0,-0,-0,-0,-0,-0,-0,-0,-0,
-0,-0,-0,-0,-0,-0,-0,-0,-0,-0,-0,-0,-0,-0,
-0,-0,-0,-0,-0,-0,-0,-0,-0,-0,-0,-0,-0,-0,
-0,-0,-0,-0,-0,-0,-0,-0,-0,-0,-0,-0,-0,-0,
-0,-0,-0,-0,-0,-0,-0,-0,-0,-0,-0,-0,-0,-0,
-0,-0,-0,-0,-0,-0,-0,-0,-0,-0,-0,-0,-0,-0,
-0,-0,-0,-0,-0,-0,-0,-0,-0,-0,-0,-0,-0,-0,
-0,-0,-0,-0,-0,-0,-0,-0,-0,-0,-0,-0,-0,-0,
-0,-0,-0,-0,-0,-0,-0,-0,-0,-0,-0,-0,-0,-0,
-0,-0,-0,-0,-0,-0,-0,-0,-0,-0,-0,-0,-0,-0,
-0,-0,-0,-0,-0,-0,-0,-0,-0,-0,-0,-0,-0,-0,
-0,-0,-0,-0,-0,-0,-0,-0,-0,-0,-0,-0,-0,-0,
-0,-0,-0,-0,-0,-0,-0,-0,-0,-0,-0,-0,-0,-0,
-0,-0,-0,-0,-0,-0,-0,-0,-0,-0,-0,-0,-0,-0,
-0,-0,-0,-0,-0,-0,-0,-0,-0,-0,-0,-0,-0,-0,
-0,-0,-0,-0,-0,-0,-0,-0,-0,-0,-0,-0,-0,-0,
-0,-0,-0,-0,-0,-0,-0,-0,-0,-0,-0,-0,-0,-0,
-0,-0,-0,-0,-0,-0,-0,-0,-0,-0,-0,-0,-0,-0,
-0,-0,-0,-0,-0,-0,-0,-0,-0,-0,-0,-0,-0,-0,
-0,-0,-0,-0,-0,-0,-0,-0,-0,-0,-0,-0,-0,-0,
-0,-0,-0,-0,-0,-0,-0,-0,-0,-0,-0,-0,-0,-0,
-0,-0,-0,-0,-0,-0,-0,-0,-0,-0,-0,-0,-0,-0,
-0,-0,-0,-0,-0,-0,-0,-0,-0,-0,-0,-0,-0,-0,
-0,-0,-0,-0,-0,-0,-0,-0,-0,-0,-0,-0,-0,-0,
-0,-0,-0,-0,-0,-0,-0,-0,-0,-0,-0,-0,-0,-0,
-0,-0,-0,-0,-0,-0,-0,-0,-0,-0,-0,-0,-0,-0,
-0,-0,-0,-0,-0,-0,-0,-0,-0,-0,-0,-0,-0,-0,
-0,-0,-0,-0,-0,-0,-0,-0,-0,-0,-0,-0,-0,-0,
-0,-0,-0,-0,-0,-0,-0,-0,-0,-0,-0,-0,-0,-0,
-0,-0,-0,-0,-0,-0,-0,-0,-0,-0,-0,-0,-0,-0,
-0,-0,-0,-0,-0,-0,-0,-0,-0,-0,-0,-0,-0,-0,
-0,-0,-0,-0,-0,-0,-0,-0,-0,-0,-0,-0,-0,-0,
-0,-0,-0,-0,-0,-0,-0,-0,-0,-0,-0,-0,-0,-0,
-0,-0,-0,-0,-0,-0,-0,-0,-0,-0,-0,-0,-0,-0,
-0,-0,-0,-0,-0,-0,-0,-0,-0,-0,-0,-0,-0,-0,
-0,-0,-0,-0,-0,-0,-0,-0,-0,-0,-0,-0,-0,-0,
-0,-0,-0,-0,-0,-0,-0,-0,-0,-0,-0,-0,-0,-0,
-0,-0,-0,-0,-0,-0,-0,-0,-0,-0,-0,-0,-0,-0,
-0,-0,-0,-0,-0,-0,-0,-0,-0,-0,-0,-0,-0,-0,
-0,-0,-0,-0,-0,-0,-0,-0,-0,-0,-0,-0,-0,-0,
-0,-0,-0,-0,-0,-0,-0,-0,-0,-0,-0,-0,-0,-0,
-0,-0,-0,-0,-0,-0,-0,-0,-0,-0,-0,-0,-0,-0,
-0,-0,-0,-0,-0,-0,-0,-0,-0,-0,-0,-0,-0,-0,
-0,-0,-0,-0,-0,-0,-0,-0,-0,-0,-0,-0,-0,-0,
-0,-0,-0,-0,-0,-0,-0,-0,-0,-0,-0,-0,-0,-0,
-0,-0,-0,-0,-0,-0,-0,-0,-0,-0,-0,-0,-0,-0,
-0,-0,-0,-0,-0,-0,-0,-0,-0,-0,-0,-0,-0,-0,
-0,-0,-0,-0,-0,-0,-0,-0,-0,-0,-0,-0,-0,-0,
-0,-0,-0,-0,-0,-0,-0,-0,-0,-0,-0,-0,-0,-0,
-0,-0,-0,-0,-0,-0,-0,-0,-0,-0,-0,-0,-0,-0,
-0,-0,-0,-0,-0,-0,-0,-0,-0,-0,-0,-0,-0,-0,
-0,-0,-0,-0,-0,-0,-0,-0,-0,-0,-0,-0,-0,-0,
-0,-0,-0,-0,-0,-0,-0,-0,-0,-0,-0,-0,-0,-0,
-0,-0,-0,-0,-0,-0,-0,-0,-0,-0,-0,-0,-0,-0,
-0,-0,-0,-0,-0,-0,-0,-0,-0,-0,-0,-0,-0,-0,
-0,-0,-0,-0,-0,-0,-0,-0,-0,-0,-0,-0,-0,-0,
-0,-0,-0,-0,-0,-0,-0,-0,-0,-0,-0,-0,-0,-0,
-0,-0,-0,-0,-0,-0,-0,-0,-0,-0,-0,-0,-0,-0,
-0,-0,-0,-0,-0,-0,-0,-0,-0,-0,-0,-0,-0,-0,
-0,-0,-0,-0,-0,-0,-0,-0,-0,-0,-0,-0,-0,-0,
-0,-0,-0,-0,-0,-0,-0,-0,-0,-0,-0,-0,-0,-0,
-0,-0,-0,-0,-0,-0,-0,-0,-0,-0,-0,-0,-0,-0,
-0,-0,-0,-0,-0,-0,-0,-0,-0,-0,-0,-0,-0,-0,
-0,-0,-0,-0,-0,-0,-0,-0,-0,-0,-0,-0,-0,-0,
-0,-0,-0,-0,-0,-0,-0,-0,-0,-0,-0,-0,-0,-0,
-0,-0,-0,-0,-0,-0,-0,-0,-0,-0,-0,-0,-0,-0,
-0,-0,-0,-0,-0,-0,-0,-0,-0,-0,-0,-0,-0,-0,
-0,-0,-0,-0,-0,-0,-0,-0,-0,-0,-0,-0,-0,-0,
-0,-0,-0,-0,-0,-0,-0,-0,-0,-0,-0,-0,-0,-0,
-0,-0,-0,-0,-0,-0,-0,-0,-0,-0,-0,-0,-0,-0,
-0,-0,-0,-0,-0,-0,-0,-0,-0,-0,-0,-0,-0,-0,
-0,-0,-0,-0,-0,-0,-0,-0,-0,-0,-0,-0,-0,-0,
-0,-0,-0,-0,-0,-0,-0,-0,-0,-0,-0,-0,-0,-0,
-0,-0,-0,-0,-0,-0,-0,-0,-0,-0,-0,-0,-0,-0,
-0,-0,-0,-0,-0,-0,-0,-0,-0,-0,-0,-0,-0,-0,
-0,-0,-0,-0,-0,-0,-0,-0,-0,-0,-0,-0,-0,-0,
-0,-0,-0,-0,-0,-0,-0,-0,-0,-0,-0,-0,-0,-0,
-0,-0,-0,-0,-0,-0,-0,-0,-0,-0,-0,-0,-0,-0,
-0,-0,-0,-0,-0,-0,-0,-0,-0,-0,-0,-0,-0,-0,
-0,-0,-0,-0,-0,-0,-0,-0,-0,-0,-0,-0,-0,-0,
-0,-0,-0,-0,-0,-0,-0,-0,-0,-0,-0,-0,-0,-0,
-0,-0,-0,-0,-0,-0,-0,-0,-0,-0,-0,-0,-0,-0,
-0,-0,-0,-0,-0,-0,-0,-0,-0,-0,-0,-0,-0,-0,
-0,-0,-0,-0,-0,-0,-0,-0,-0,-0,-0,-0,-0,-0,
-0,-0,-0,-0,-0,-0,-0,-0,-0,-0,-0,-0,-0,-0,
-0,-0,-0,-0,-0,-0,-0,-0,-0,-0,-0,-0,-0,-0,
-0,-0,-0,-0,-0,-0,-0,-0,-0,-0,-0,-0,-0,-0,
-0,-0,-0,-0,-0,-0,-0,-0,-0,-0,-0,-0,-0,-0,
-0,-0,-0,-0,-0,-0,-0,-0,-0,-0,-0,-0,-0,-0,
-0,-0,-0,-0,-0,-0,-0,-0,-0,-0,-0,-0,-0,-0,
-0,-0,-0,-0,-0,-0,-0,-0,-0,-0,-0,-0,-0,-0,
-0,-0,-0,-0,-0,-0,-0,-0,-0,-0,-0,-0,-0,-0,
-0,-0,-0,-0,-0,-0,-0,-0,-0,-0,-0,-0,-0,-0,
-0,-0,-0,-0,-0,-0,-0,-0,-0,-0,-0,-0,-0,-0,
-0,-0,-0,-0,-0,-0,-0,-0,-0,-0,-0,-0,-0,-0,
-0,-0,-0,-0,-0,-0,-0,-0,-0,-0,-0,-0,-0,-0,
-0,-0,-0,-0,-0,-0,-0,-0,-0,-0,-0,-0,-0,-0,
-0,-0,-0,-0,-0,-0,-0,-0,-0,-0,-0,-0,-0,-0,
-0,-0,-0,-0,-0,-0,-0,-0,-0,-0,-0,-0,-0,-0,
-0,-0,-0,-0,-0,-0,-0,-0,-0,-0,-0,-0,-0,-0,
-0,-0,-0,-0,-0,-0,-0,-0,-0,-0,-0,-0,-0,-0,
-0,-0,-0,-0,-0,-0,-0,-0,-0,-0,-0,-0,-0,-0,
-0,-0,-0,-0,-0,-0,-0,-0,-0,-0,-0,-0,-0,-0,
-0,-0,-0,-0,-0,-0,-0,-0,-0,-0,-0,-0,-0,-0,
-0,-0,-0,-0,-0,-0,-0,-0,-0,-0,-0,-0,-0,-0,
-0,-0,-0,-0,-0,-0,-0,-0,-0,-0,-0,-0,-0,-0,
-0,-0,-0,-0,-0,-0,-0,-0,-0,-0,-0,-0,-0,-0,
-0,-0,-0,-0,-0,-0,-0,-0,-0,-0,-0,-0,-0,-0,
-0,-0,-0,-0,-0,-0,-0,-0,-0,-0,-0,-0,-0,-0,
-0,-0,-0,-0,-0,-0,-0,-0,-0,-0,-0,-0,-0,-0,
-0,-0,-0,-0,-0,-0,-0,-0,-0,-0,-0,-0,-0,-0,
-0,-0,-0,-0,-0,-0,-0,-0,-0,-0,-0,-0,-0,-0,
-0,-0,-0,-0,-0,-0,-0,-0,-0,-0,-0,-0,-0,-0,
-0,-0,-0,-0,-0,-0,-0,-0,-0,-0,-0,-0,-0,-0,
-0,-0,-0,-0,-0,-0,-0,-0,-0,-0,-0,-0,-0,-0,
-0,-0,-0,-0,-0,-0,-0,-0,-0,-0,-0,-0,-0,-0,
-0,-0,-0,-0,-0,-0,-0,-0,-0,-0,-0,-0,-0,-0,
-0,-0,-0,-0,-0,-0,-0,-0,-0,-0,-0,-0,-0,-0,
-0,-0,-0,-0,-0,-0,-0,-0,-0,-0,-0,-0,-0,-0,
-0,-0,-0,-0,-0,-0,-0,-0,-0,-0,-0,-0,-0,-0,
-0,-0,-0,-0,-0,-0,-0,-0,-0,-0,-0,-0,-0,-0,
-0,-0,-0,-0,-0,-0,-0,-0,-0,-0,-0,-0,-0,-0,
-0,-0,-0,-0,-0,-0,-0,-0,-0,-0,-0,-0,-0,-0,
-0,-0,-0,-0,-0,-0,-0,-0,-0,-0,-0,-0,-0,-0,
-0,-0,-0,-0,-0,-0,-0,-0,-0,-0,-0,-0,-0,-0,
-0,-0,-0,-0,-0,-0,-0,-0,-0,-0,-0,-0,-0,-0,
-0,-0,-0,-0,-0,-0,-0,-0,-0,-0,-0,-0,-0,-0,
-0,-0,-0,-0,-0,-0,-0,-0,-0,-0,-0,-0,-0,-0,
-0,-0,-0,-0,-0,-0,-0,-0,-0,-0,-0,-0,-0,-0,
-0,-0,-0,-0,-0,-0,-0,-0,-0,-0,-0,-0,-0,-0,
-0,-0,-0,-0,-0,-0,-0,-0,-0,-0,-0,-0,-0,-0,
-0,-0,-0,-0,-0,-0,-0,-0,-0,-0,-0,-0,-0,-0,
-0,-0,-0,-0,-0,-0,-0,-0,-0,-0,-0,-0,-0,-0,
-0,-0,-0,-0,-0,-0,-0,-0,-0,-0,-0,-0,-0,-0,
-0,-0,-0,-0,-0,-0,-0,-0,-0,-0,-0,-0,-0,-0,
-0,-0,-0,-0,-0,-0,-0,-0,-0,-0,-0,-0,-0,-0,
-0,-0,-0,-0,-0,-0,-0,-0,-0,-0,-0,-0,-0,-0,
-0,-0,-0,-0,-0,-0,-0,-0,-0,-0,-0,-0,-0,-0,
-0,-0,-0,-0,-0,-0,-0,-0,-0,-0,-0,-0,-0,-0,
-0,-0,-0,-0,-0,-0,-0,-0,-0,-0,-0,-0,-0,-0,
-0,-0,-0,-0,-0,-0,-0,-0,-0,-0,-0,-0,-0,-0,
-0,-0,-0,-0,-0,-0,-0,-0,-0,-0,-0,-0,-0,-0,
-0,-0,-0,-0,-0,-0,-0,-0,-0,-0,-0,-0,-0,-0,
-0,-0,-0,-0,-0,-0,-0,-0,-0,-0,-0,-0,-0,-0,
-0,-0,-0,-0,-0,-0,-0,-0,-0,-0,-0,-0,-0,-0,
-0,-0,-0,-0,-0,-0,-0,-0,-0,-0,-0,-0,-0,-0,
-0,-0,-0,-0,-0,-0,-0,-0,-0,-0,-0,-0,-0,-0,
-0,-0,-0,-0,-0,-0,-0,-0,-0,-0,-0,-0,-0,-0,
-0,-0,-0,-0,-0,-0,-0,-0,-0,-0,-0,-0,-0,-0,
-0,-0,-0,-0,-0,-0,-0,-0,-0,-0,-0,-0,-0,-0,
-0,-0,-0,-0,-0,-0,-0,-0,-0,-0,-0,-0,-0,-0,
-0,-0,-0,-0,-0,-0,-0,-0,-0,-0,-0,-0,-0,-0,
-0,-0,-0,-0,-0,-0,-0,-0,-0,-0,-0,-0,-0,-0,
-0,-0,-0,-0,-0,-0,-0,-0,-0,-0,-0,-0,-0,-0,
-0,-0,-0,-0,-0,-0,-0,-0,-0,-0,-0,-0,-0,-0,
-0,-0,-0,-0,-0,-0,-0,-0,-0,-0,-0,-0,-0,-0,
-0,-0,-0,-0,-0,-0,-0,-0,-0,-0,-0,-0,-0,-0,
-0,-0,-0,-0,-0,-0,-0,-0,-0,-0,-0,-0,-0,-0,
-0,-0,-0,-0,-0,-0,-0,-0,-0,-0,-0,-0,-0,-0,
-0,-0,-0,-0,-0,-0,-0,-0,-0,-0,-0,-0,-0,-0,
-0,-0,-0,-0,-0,-0,-0,-0,-0,-0,-0,-0,-0,-0,
-0,-0,-0,-0,-0,-0,-0,-0,-0,-0,-0,-0,-0,-0,
-0,-0,-0,-0,-0,-0,-0,-0,-0,-0,-0,-0,-0,-0,
-0,-0,-0,-0,-0,-0,-0,-0,-0,-0,-0,-0,-0,-0,
-0,-0,-0,-0,-0,-0,-0,-0,-0,-0,-0,-0,-0,-0,
-0,-0,-0,-0,-0,-0,-0,-0,-0,-0,-0,-0,-0,-0,
-0,-0,-0,-0,-0,-0,-0,-0,-0,-0,-0,-0,-0,-0,
-0,-0,-0,-0,-0,-0,-0,-0,-0,-0,-0,-0,-0,-0,
-0,-0,-0,-0,-0,-0,-0,-0,-0,-0,-0,-0,-0,-0,
-0,-0,-0,-0,-0,-0,-0,-0,-0,-0,-0,-0,-0,-0,
-0,-0,-0,-0,-0,-0,-0,-0,-0,-0,-0,-0,-0,-0,
-0,-0,-0,-0,-0,-0,-0,-0,-0,-0,-0,-0,-0,-0,
-0,-0,-0,-0,-0,-0,-0,-0,-0,-0,-0,-0,-0,-0,
-0,-0,-0,-0,-0,-0,-0,-0,-0,-0,-0,-0,-0,-0,
-0,-0,-0,-0,-0,-0,-0,-0,-0,-0,-0,-0,-0,-0,
-0,-0,-0,-0,-0,-0,-0,-0,-0,-0,-0,-0,-0,-0,
-0,-0,-0,-0,-0,-0,-0,-0,-0,-0,-0,-0,-0,-0,
-0,-0,-0,-0,-0,-0,-0,-0,-0,-0,-0,-0,-0,-0,
-0,-0,-0,-0,-0,-0,-0,-0,-0,-0,-0,-0,-0,-0,
-0,-0,-0,-0,-0,-0,-0,-0,-0,-0,-0,-0,-0,-0,
-0,-0,-0,-0,-0,-0,-0,-0,-0,-0,-0,-0,-0,-0,
-0,-0,-0,-0,-0,-0,-0,-0,-0,-0,-0,-0,-0,-0,
-0,-0,-0,-0,-0,-0,-0,-0,-0,-0,-0,-0,-0,-0,
-0,-0,-0,-0,-0,-0,-0,-0,-0,-0,-0,-0,-0,-0,
-0,-0,-0,-0,-0,-0,-0,-0,-0,-0,-0,-0,-0,-0,
-0,-0,-0,-0,-0,-0,-0,-0,-0,-0,-0,-0,-0,-0,
-0,-0,-0,-0,-0,-0,-0,-0,-0,-0,-0,-0,-0,-0,
-0,-0,-0,-0,-0,-0,-0,-0,-0,-0,-0,-0,-0,-0,
-0,-0,-0,-0,-0,-0,-0,-0,-0,-0,-0,-0,-0,-0,
-0,-0,-0,-0,-0,-0,-0,-0,-0,-0,-0,-0,-0,-0,
-0,-0,-0,-0,-0,-0,-0,-0,-0,-0,-0,-0,-0,-0,
-0,-0,-0,-0,-0,-0,-0,-0,-0,-0,-0,-0,-0,-0,
-0,-0,-0,-0,-0,-0,-0,-0,-0,-0,-0,-0,-0,-0,
-0,-0,-0,-0,-0,-0,-0,-0,-0,-0,-0,-0,-0,-0,
-0,-0,-0,-0,-0,-0,-0,-0,-0,-0,-0,-0,-0,-0,
-0,-0,-0,-0,-0,-0,-0,-0,-0,-0,-0,-0,-0,-0,
-0,-0,-0,-0,-0,-0,-0,-0,-0,-0,-0,-0,-0,-0,
-0,-0,-0,-0,-0,-0,-0,-0,-0,-0,-0,-0,-0,-0,
-0,-0,-0,-0,-0,-0,-0,-0,-0,-0,-0,-0,-0,-0,
-0,-0,-0,-0,-0,-0,-0,-0,-0,-0,-0,-0,-0,-0,
-0,-0,-0,-0,-0,-0,-0,-0,-0,-0,-0,-0,-0,-0,
-0,-0,-0,-0,-0,-0,-0,-0,-0,-0,-0,-0,-0,-0,
-0,-0,-0,-0,-0,-0,-0,-0,-0,-0,-0,-0,-0,-0,
-0,-0,-0,-0,-0,-0,-0,-0,-0,-0,-0,-0,-0,-0,
-0,-0,-0,-0,-0,-0,-0,-0,-0,-0,-0,-0,-0,-0,
-0,-0,-0,-0,-0,-0,-0,-0,-0,-0,-0,-0,-0,-0,
-0,-0,-0,-0,-0,-0,-0,-0,-0,-0,-0,-0,-0,-0,
-0,-0,-0,-0,-0,-0,-0,-0,-0,-0,-0,-0,-0,-0,
-0,-0,-0,-0,-0,-0,-0,-0,-0,-0,-0,-0,-0,-0,
-0,-0,-0,-0,-0,-0,-0,-0,-0,-0,-0,-0,-0,-0,
-0,-0,-0,-0,-0,-0,-0,-0,-0,-0,-0,-0,-0,-0,
-0,-0,-0,-0,-0,-0,-0,-0,-0,-0,-0,-0,-0,-0,
-0,-0,-0,-0,-0,-0,-0,-0,-0,-0,-0,-0,-0,-0,
-0,-0,-0,-0,-0,-0,-0,-0,-0,-0,-0,-0,-0,-0,
-0,-0,-0,-0,-0,-0,-0,-0,-0,-0,-0,-0,-0,-0,
-0,-0,-0,-0,-0,-0,-0,-0,-0,-0,-0,-0,-0,-0,
-0,-0,-0,-0,-0,-0,-0,-0,-0,-0,-0,-0,-0,-0,
-0,-0,-0,-0,-0,-0,-0,-0,-0,-0,-0,-0,-0,-0,
-0,-0,-0,-0,-0,-0,-0,-0,-0,-0,-0,-0,-0,-0,
-0,-0,-0,-0,-0,-0,-0,-0,-0,-0,-0,-0,-0,-0,
-0,-0,-0,-0,-0,-0,-0,-0,-0,-0,-0,-0,-0,-0,
-0,-0,-0,-0,-0,-0,-0,-0,-0,-0,-0,-0,-0,-0,
-0,-0,-0,-0,-0,-0,-0,-0,-0,-0,-0,-0,-0,-0,
-0,-0,-0,-0,-0,-0,-0,-0,-0,-0,-0,-0,-0,-0,
-0,-0,-0,-0,-0,-0,-0,-0,-0,-0,-0,-0,-0,-0,
-0,-0,-0,-0,-0,-0,-0,-0,-0,-0,-0,-0,-0,-0,
-0,-0,-0,-0,-0,-0,-0,-0,-0,-0,-0,-0,-0,-0,
-0,-0,-0,-0,-0,-0,-0,-0,-0,-0,-0,-0,-0,-0,
-0,-0,-0,-0,-0,-0,-0,-0,-0,-0,-0,-0,-0,-0,
-0,-0,-0,-0,-0,-0,-0,-0,-0,-0,-0,-0,-0,-0,
-0,-0,-0,-0,-0,-0,-0,-0,-0,-0,-0,-0,-0,-0,
-0,-0,-0,-0,-0,-0,-0,-0,-0,-0,-0,-0,-0,-0,
-0,-0,-0,-0,-0,-0,-0,-0,-0,-0,-0,-0,-0,-0,
-0,-0,-0,-0,-0,-0,-0,-0,-0,-0,-0,-0,-0,-0,
-0,-0,-0,-0,-0,-0,-0,-0,-0,-0,-0,-0,-0,-0,
-0,-0,-0,-0,-0,-0,-0,-0,-0,-0,-0,-0,-0,-0,
-0,-0,-0,-0,-0,-0,-0,-0,-0,-0,-0,-0,-0,-0,
-0,-0,-0,-0,-0,-0,-0,-0,-0,-0,-0,-0,-0,-0,
-0,-0,-0,-0,-0,-0,-0,-0,-0,-0,-0,-0,-0,-0,
-0,-0,-0,-0,-0,-0,-0,-0,-0,-0,-0,-0,-0,-0,
-0,-0,-0,-0,-0,-0,-0,-0,-0,-0,-0,-0,-0,-0,
-0,-0,-0,-0,-0,-0,-0,-0,-0,-0,-0,-0,-0,-0,
-0,-0,-0,-0,-0,-0,-0,-0,-0,-0,-0,-0,-0,-0,
-0,-0,-0,-0,-0,-0,-0,-0,-0,-0,-0,-0,-0,-0,
-0,-0,-0,-0,-0,-0,-0,-0,-0,-0,-0,-0,-0,-0,
-0,-0,-0,-0,-0,-0,-0,-0,-0,-0,-0,-0,-0,-0,
-0,-0,-0,-0,-0,-0,-0,-0,-0,-0,-0,-0,-0,-0,
-0,-0,-0,-0,-0,-0,-0,-0,-0,-0,-0,-0,-0,-0,
-0,-0,-0,-0,-0,-0,-0,-0,-0,-0,-0,-0,-0,-0,
-0,-0,-0,-0,-0,-0,-0,-0,-0,-0,-0,-0,-0,-0,
-0,-0,-0,-0,-0,-0,-0,-0,-0,-0,-0,-0,-0,-0,
-0,-0,-0,-0,-0,-0,-0,-0,-0,-0,-0,-0,-0,-0,
-0,-0,-0,-0,-0,-0,-0,-0,-0,-0,-0,-0,-0,-0,
-0,-0,-0,-0,-0,-0,-0,-0,-0,-0,-0,-0,-0,-0,
-0,-0,-0,-0,-0,-0,-0,-0,-0,-0,-0,-0,-0,-0,
-0,-0,-0,-0,-0,-0,-0,-0,-0,-0,-0,-0,-0,-0,
-0,-0,-0,-0,-0,-0,-0,-0,-0,-0,-0,-0,-0,-0,
-0,-0,-0,-0,-0,-0,-0,-0,-0,-0,-0,-0,-0,-0,
-0,-0,-0,-0,-0,-0,-0,-0,-0,-0,-0,-0,-0,-0,
-0,-0,-0,-0,-0,-0,-0,-0,-0,-0,-0,-0,-0,-0,
-0,-0,-0,-0,-0,-0,-0,-0,-0,-0,-0,-0,-0,-0,
-0,-0,-0,-0,-0,-0,-0,-0,-0,-0,-0,-0,-0,-0,
-0,-0,-0,-0,-0,-0,-0,-0,-0,-0,-0,-0,-0,-0,
-0,-0,-0,-0,-0,-0,-0,-0,-0,-0,-0,-0,-0,-0,
-0,-0,-0,-0,-0,-0,-0,-0,-0,-0,-0,-0,-0,-0,
-0,-0,-0,-0,-0,-0,-0,-0,-0,-0,-0,-0,-0,-0,
-0,-0,-0,-0,-0,-0,-0,-0,-0,-0,-0,-0,-0,-0,
-0,-0,-0,-0,-0,-0,-0,-0,-0,-0,-0,-0,-0,-0,
-0,-0,-0,-0,-0,-0,-0,-0,-0,-0,-0,-0,-0,-0,
-0,-0,-0,-0,-0,-0,-0,-0,-0,-0,-0,-0,-0,-0,
-0,-0,-0,-0,-0,-0,-0,-0,-0,-0,-0,-0,-0,-0,
-0,-0,-0,-0,-0,-0,-0,-0,-0,-0,-0,-0,-0,-0,
-0,-0,-0,-0,-0,-0,-0,-0,-0,-0,-0,-0,-0,-0,
-0,-0,-0,-0,-0,-0,-0,-0,-0,-0,-0,-0,-0,-0,
-0,-0,-0,-0,-0,-0,-0,-0,-0,-0,-0,-0,-0,-0,
-0,-0,-0,-0,-0,-0,-0,-0,-0,-0,-0,-0,-0,-0,
-0,-0,-0,-0,-0,-0,-0,-0,-0,-0,-0,-0,-0,-0,
-0,-0,-0,-0,-0,-0,-0,-0,-0,-0,-0,-0,-0,-0,
-0,-0,-0,-0,-0,-0,-0,-0,-0,-0,-0,-0,-0,-0,
-0,-0,-0,-0,-0,-0,-0,-0,-0,-0,-0,-0,-0,-0,
-0,-0,-0,-0,-0,-0,-0,-0,-0,-0,-0,-0,-0,-0,
-0,-0,-0,-0,-0,-0,-0,-0,-0,-0,-0,-0,-0,-0,
-0,-0,-0,-0,-0,-0,-0,-0,-0,-0,-0,-0,-0,-0,
-0,-0,-0,-0,-0,-0,-0,-0,-0,-0,-0,-0,-0,-0,
-0,-0,-0,-0,-0,-0,-0,-0,-0,-0,-0,-0,-0,-0,
-0,-0,-0,-0,-0,-0,-0,-0,-0,-0,-0,-0,-0,-0,
-0,-0,-0,-0,-0,-0,-0,-0,-0,-0,-0,-0,-0,-0,
-0,-0,-0,-0,-0,-0,-0,-0,-0,-0,-0,-0,-0,-0,
-0,-0,-0,-0,-0,-0,-0,-0,-0,-0,-0,-0,-0,-0,
-0,-0,-0,-0,-0,-0,-0,-0,-0,-0,-0,-0,-0,-0,
-0,-0,-0,-0,-0,-0,-0,-0,-0,-0,-0,-0,-0,-0,
-0,-0,-0,-0,-0,-0,-0,-0,-0,-0,-0,-0,-0,-0,
-0,-0,-0,-0,-0,-0,-0,-0,-0,-0,-0,-0,-0,-0,
-0,-0,-0,-0,-0,-0,-0,-0,-0,-0,-0,-0,-0,-0,
-0,-0,-0,-0,-0,-0,-0,-0,-0,-0,-0,-0,-0,-0,
-0,-0,-0,-0,-0,-0,-0,-0,-0,-0,-0,-0,-0,-0,
-0,-0,-0,-0,-0,-0,-0,-0,-0,-0,-0,-0,-0,-0,
-0,-0,-0,-0,-0,-0,-0,-0,-0,-0,-0,-0,-0,-0,
-0,-0,-0,-0,-0,-0,-0,-0,-0,-0,-0,-0,-0,-0,
-0,-0,-0,-0,-0,-0,-0,-0,-0,-0,-0,-0,-0,-0,
-0,-0,-0,-0,-0,-0,-0,-0,-0,-0,-0,-0,-0,-0,
-0,-0,-0,-0,-0,-0,-0,-0,-0,-0,-0,-0,-0,-0,
-0,-0,-0,-0,-0,-0,-0,-0,-0,-0,-0,-0,-0,-0,
-0,-0,-0,-0,-0,-0,-0,-0,-0,-0,-0,-0,-0,-0,
-0,-0,-0,-0,-0,-0,-0,-0,-0,-0,-0,-0,-0,-0,
-0,-0,-0,-0,-0,-0,-0,-0,-0,-0,-0,-0,-0,-0,
-0,-0,-0,-0,-0,-0,-0,-0,-0,-0,-0,-0,-0,-0,
-0,-0,-0,-0,-0,-0,-0,-0,-0,-0,-0,-0,-0,-0,
-0,-0,-0,-0,-0,-0,-0,-0,-0,-0,-0,-0,-0,-0,
-0,-0,-0,-0,-0,-0,-0,-0,-0,-0,-0,-0,-0,-0,
-0,-0,-0,-0,-0,-0,-0,-0,-0,-0,-0,-0,-0,-0,
-0,-0,-0,-0,-0,-0,-0,-0,-0,-0,-0,-0,-0,-0,
-0,-0,-0,-0,-0,-0,-0,-0,-0,-0,-0,-0,-0,-0,
-0,-0,-0,-0,-0,-0,-0,-0,-0,-0,-0,-0,-0,-0,
-0,-0,-0,-0,-0,-0,-0,-0,-0,-0,-0,-0,-0,-0,
-0,-0,-0,-0,-0,-0,-0,-0,-0,-0,-0,-0,-0,-0,
-0,-0,-0,-0,-0,-0,-0,-0,-0,-0,-0,-0,-0,-0,
-0,-0,-0,-0,-0,-0,-0,-0,-0,-0,-0,-0,-0,-0,
-0,-0,-0,-0,-0,-0,-0,-0,-0,-0,-0,-0,-0,-0,
-0,-0,-0,-0,-0,-0,-0,-0,-0,-0,-0,-0,-0,-0,
-0,-0,-0,-0,-0,-0,-0,-0,-0,-0,-0,-0,-0,-0,
-0,-0,-0,-0,-0,-0,-0,-0,-0,-0,-0,-0,-0,-0,
-0,-0,-0,-0,-0,-0,-0,-0,-0,-0,-0,-0,-0,-0,
-0,-0,-0,-0,-0,-0,-0,-0,-0,-0,-0,-0,-0,-0,
-0,-0,-0,-0,-0,-0,-0,-0,-0,-0,-0,-0,-0,-0,
-0,-0,-0,-0,-0,-0,-0,-0,-0,-0,-0,-0,-0,-0,
-0,-0,-0,-0,-0,-0,-0,-0,-0,-0,-0,-0,-0,-0,
-0,-0,-0,-0,-0,-0,-0,-0,-0,-0,-0,-0,-0,-0,
-0,-0,-0,-0,-0,-0,-0,-0,-0,-0,-0,-0,-0,-0,
-0,-0,-0,-0,-0,-0,-0,-0,-0,-0,-0,-0,-0,-0,
-0,-0,-0,-0,-0,-0,-0,-0,-0,-0,-0,-0,-0,-0,
-0,-0,-0,-0,-0,-0,-0,-0,-0,-0,-0,-0,-0,-0,
-0,-0,-0,-0,-0,-0,-0,-0,-0,-0,-0,-0,-0,-0,
-0,-0,-0,-0,-0,-0,-0,-0,-0,-0,-0,-0,-0,-0,
-0,-0,-0,-0,-0,-0,-0,-0,-0,-0,-0,-0,-0,-0,
-0,-0,-0,-0,-0,-0,-0,-0,-0,-0,-0,-0,-0,-0,
-0,-0,-0,-0,-0,-0,-0,-0,-0,-0,-0,-0,-0,-0,
-0,-0,-0,-0,-0,-0,-0,-0,-0,-0,-0,-0,-0,-0,
-0,-0,-0,-0,-0,-0,-0,-0,-0,-0,-0,-0,-0,-0,
-0,-0,-0,-0,-0,-0,-0,-0,-0,-0,-0,-0,-0,-0,
-0,-0,-0,-0,-0,-0,-0,-0,-0,-0,-0,-0,-0,-0,
-0,-0,-0,-0,-0,-0,-0,-0,-0,-0,-0,-0,-0,-0,
-0,-0,-0,-0,-0,-0,-0,-0,-0,-0,-0,-0,-0,-0,
-0,-0,-0,-0,-0,-0,-0,-0,-0,-0,-0,-0,-0,-0,
-0,-0,-0,-0,-0,-0,-0,-0,-0,-0,-0,-0,-0,-0,
-0,-0,-0,-0,-0,-0,-0,-0,-0,-0,-0,-0,-0,-0,
-0,-0,-0,-0,-0,-0,-0,-0,-0,-0,-0,-0,-0,-0,
-0,-0,-0,-0,-0,-0,-0,-0,-0,-0,-0,-0,-0,-0,
-0,-0,-0,-0,-0,-0,-0,-0,-0,-0,-0,-0,-0,-0,
-0,-0,-0,-0,-0,-0,-0,-0,-0,-0,-0,-0,-0,-0,
-0,-0,-0,-0,-0,-0,-0,-0,-0,-0,-0,-0,-0,-0,
-0,-0,-0,-0,-0,-0,-0,-0,-0,-0,-0,-0,-0,-0,
-0,-0,-0,-0,-0,-0,-0,-0,-0,-0,-0,-0,-0,-0,
-0,-0,-0,-0,-0,-0,-0,-0,-0,-0,-0,-0,-0,-0,
-0,-0,-0,-0,-0,-0,-0,-0,-0,-0,-0,-0,-0,-0,
-0,-0,-0,-0,-0,-0,-0,-0,-0,-0,-0,-0,-0,-0,
-0,-0,-0,-0,-0,-0,-0,-0,-0,-0,-0,-0,-0,-0,
-0,-0,-0,-0,-0,-0,-0,-0,-0,-0,-0,-0,-0,-0,
-0,-0,-0,-0,-0,-0,-0,-0,-0,-0,-0,-0,-0,-0,
-0,-0,-0,-0,-0,-0,-0,-0,-0,-0,-0,-0,-0,-0,
-0,-0,-0,-0,-0,-0,-0,-0,-0,-0,-0,-0,-0,-0,
-0,-0,-0,-0,-0,-0,-0,-0,-0,-0,-0,-0,-0,-0,
-0,-0,-0,-0,-0,-0,-0,-0,-0,-0,-0,-0,-0,-0,
-0,-0,-0,-0,-0,-0,-0,-0,-0,-0,-0,-0,-0,-0,
-0,-0,-0,-0,-0,-0,-0,-0,-0,-0,-0,-0,-0,-0,
-0,-0,-0,-0,-0,-0,-0,-0,-0,-0,-0,-0,-0,-0,
-0,-0,-0,-0,-0,-0,-0,-0,-0,-0,-0,-0,-0,-0,
-0,-0,-0,-0,-0,-0,-0,-0,-0,-0,-0,-0,-0,-0,
-0,-0,-0,-0,-0,-0,-0,-0,-0,-0,-0,-0,-0,-0,
-0,-0,-0,-0,-0,-0,-0,-0,-0,-0,-0,-0,-0,-0,
-0,-0,-0,-0,-0,-0,-0,-0,-0,-0,-0,-0,-0,-0,
-0,-0,-0,-0,-0,-0,-0,-0,-0,-0,-0,-0,-0,-0,
-0,-0,-0,-0,-0,-0,-0,-0,-0,-0,-0,-0,-0,-0,
-0,-0,-0,-0,-0,-0,-0,-0,-0,-0,-0,-0,-0,-0,
-0,-0,-0,-0,-0,-0,-0,-0,-0,-0,-0,-0,-0,-0,
-0,-0,-0,-0,-0,-0,-0,-0,-0,-0,-0,-0,-0,-0,
-0,-0,-0,-0,-0,-0,-0,-0,-0,-0,-0,-0,-0,-0,
-0,-0,-0,-0,-0,-0,-0,-0,-0,-0,-0,-0,-0,-0,
-0,-0,-0,-0,-0,-0,-0,-0,-0,-0,-0,-0,-0,-0,
-0,-0,-0,-0,-0,-0,-0,-0,-0,-0,-0,-0,-0,-0,
-0,-0,-0,-0,-0,-0,-0,-0,-0,-0,-0,-0,-0,-0,
-0,-0,-0,-0,-0,-0,-0,-0,-0,-0,-0,-0,-0,-0,
-0,-0,-0,-0,-0,-0,-0,-0,-0,-0,-0,-0,-0,-0,
-0,-0,-0,-0,-0,-0,-0,-0,-0,-0,-0,-0,-0,-0,
-0,-0,-0,-0,-0,-0,-0,-0,-0,-0,-0,-0,-0,-0,
-0,-0,-0,-0,-0,-0,-0,-0,-0,-0,-0,-0,-0,-0,
-0,-0,-0,-0,-0,-0,-0,-0,-0,-0,-0,-0,-0,-0,
-0,-0,-0,-0,-0,-0,-0,-0,-0,-0,-0,-0,-0,-0,
-0,-0,-0,-0,-0,-0,-0,-0,-0,-0,-0,-0,-0,-0,
-0,-0,-0,-0,-0,-0,-0,-0,-0,-0,-0,-0,-0,-0,
-0,-0,-0,-0,-0,-0,-0,-0,-0,-0,-0,-0,-0,-0,
-0,-0,-0,-0,-0,-0,-0,-0,-0,-0,-0,-0,-0,-0,
-0,-0,-0,-0,-0,-0,-0,-0,-0,-0,-0,-0,-0,-0,
-0,-0,-0,-0,-0,-0,-0,-0,-0,-0,-0,-0,-0,-0,
-0,-0,-0,-0,-0,-0,-0,-0,-0,-0,-0,-0,-0,-0,
-0,-0,-0,-0,-0,-0,-0,-0,-0,-0,-0,-0,-0,-0,
-0,-0,-0,-0,-0,-0,-0,-0,-0,-0,-0,-0,-0,-0,
-0,-0,-0,-0,-0,-0,-0,-0,-0,-0,-0,-0,-0,-0,
-0,-0,-0,-0,-0,-0,-0,-0,-0,-0,-0,-0,-0,-0,
-0,-0,-0,-0,-0,-0,-0,-0,-0,-0,-0,-0,-0,-0,
-0,-0,-0,-0,-0,-0,-0,-0,-0,-0,-0,-0,-0,-0,
-0,-0,-0,-0,-0,-0,-0,-0,-0,-0,-0,-0,-0,-0,
-0,-0,-0,-0,-0,-0,-0,-0,-0,-0,-0,-0,-0,-0,
-0,-0,-0,-0,-0,-0,-0,-0,-0,-0,-0,-0,-0,-0,
-0,-0,-0,-0,-0,-0,-0,-0,-0,-0,-0,-0,-0,-0,
-0,-0,-0,-0,-0,-0,-0,-0,-0,-0,-0,-0,-0,-0,
-0,-0,-0,-0,-0,-0,-0,-0,-0,-0,-0,-0,-0,-0,
-0,-0,-0,-0,-0,-0,-0,-0,-0,-0,-0,-0,-0,-0,
-0,-0,-0,-0,-0,-0,-0,-0,-0,-0,-0,-0,-0,-0,
-0,-0,-0,-0,-0,-0,-0,-0,-0,-0,-0,-0,-0,-0,
-0,-0,-0,-0,-0,-0,-0,-0,-0,-0,-0,-0,-0,-0,
-0,-0,-0,-0,-0,-0,-0,-0,-0,-0,-0,-0,-0,-0,
-0,-0,-0,-0,-0,-0,-0,-0,-0,-0,-0,-0,-0,-0,
-0,-0,-0,-0,-0,-0,-0,-0,-0,-0,-0,-0,-0,-0,
-0,-0,-0,-0,-0,-0,-0,-0,-0,-0,-0,-0,-0,-0,
-0,-0,-0,-0,-0,-0,-0,-0,-0,-0,-0,-0,-0,-0,
-0,-0,-0,-0,-0,-0,-0,-0,-0,-0,-0,-0,-0,-0,
-0,-0,-0,-0,-0,-0,-0,-0,-0,-0,-0,-0,-0,-0,
-0,-0,-0,-0,-0,-0,-0,-0,-0,-0,-0,-0,-0,-0,
-0,-0,-0,-0,-0,-0,-0,-0,-0,-0,-0,-0,-0,-0,
-0,-0,-0,-0,-0,-0,-0,-0,-0,-0,-0,-0,-0,-0,
-0,-0,-0,-0,-0,-0,-0,-0,-0,-0,-0,-0,-0,-0,
-0,-0,-0,-0,-0,-0,-0,-0,-0,-0,-0,-0,-0,-0,
-0,-0,-0,-0,-0,-0,-0,-0,-0,-0,-0,-0,-0,-0,
-0,-0,-0,-0,-0,-0,-0,-0,-0,-0,-0,-0,-0,-0,
-0,-0,-0,-0,-0,-0,-0,-0,-0,-0,-0,-0,-0,-0,
-0,-0,-0,-0,-0,-0,-0,-0,-0,-0,-0,-0,-0,-0,
-0,-0,-0,-0,-0,-0,-0,-0,-0,-0,-0,-0,-0,-0,
-0,-0,-0,-0,-0,-0,-0,-0,-0,-0,-0,-0,-0,-0,
-0,-0,-0,-0,-0,-0,-0,-0,-0,-0,-0,-0,-0,-0,
-0,-0,-0,-0,-0,-0,-0,-0,-0,-0,-0,-0,-0,-0,
-0,-0,-0,-0,-0,-0,-0,-0,-0,-0,-0,-0,-0,-0,
-0,-0,-0,-0,-0,-0,-0,-0,-0,-0,-0,-0,-0,-0,
-0,-0,-0,-0,-0,-0,-0,-0,-0,-0,-0,-0,-0,-0,
-0,-0,-0,-0,-0,-0,-0,-0,-0,-0,-0,-0,-0,-0,
-0,-0,-0,-0,-0,-0,-0,-0,-0,-0,-0,-0,-0,-0,
-0,-0,-0,-0,-0,-0,-0,-0,-0,-0,-0,-0,-0,-0,
-0,-0,-0,-0,-0,-0,-0,-0,-0,-0,-0,-0,-0,-0,
-0,-0,-0,-0,-0,-0,-0,-0,-0,-0,-0,-0,-0,-0,
-0,-0,-0,-0,-0,-0,-0,-0,-0,-0,-0,-0,-0,-0,
-0,-0,-0,-0,-0,-0,-0,-0,-0,-0,-0,-0,-0,-0,
-0,-0,-0,-0,-0,-0,-0,-0,-0,-0,-0,-0,-0,-0,
-0,-0,-0,-0,-0,-0,-0,-0,-0,-0,-0,-0,-0,-0,
-0,-0,-0,-0,-0,-0,-0,-0,-0,-0,-0,-0,-0,-0,
-0,-0,-0,-0,-0,-0,-0,-0,-0,-0,-0,-0,-0,-0,
-0,-0,-0,-0,-0,-0,-0,-0,-0,-0,-0,-0,-0,-0,
-0,-0,-0,-0,-0,-0,-0,-0,-0,-0,-0,-0,-0,-0,
-0,-0,-0,-0,-0,-0,-0,-0,-0,-0,-0,-0,-0,-0,
-0,-0,-0,-0,-0,-0,-0,-0,-0,-0,-0,-0,-0,-0,
-0,-0,-0,-0,-0,-0,-0,-0,-0,-0,-0,-0,-0,-0,
-0,-0,-0,-0,-0,-0,-0,-0,-0,-0,-0,-0,-0,-0,
-0,-0,-0,-0,-0,-0,-0,-0,-0,-0,-0,-0,-0,-0,
-0,-0,-0,-0,-0,-0,-0,-0,-0,-0,-0,-0,-0,-0,
-0,-0,-0,-0,-0,-0,-0,-0,-0,-0,-0,-0,-0,-0,
-0,-0,-0,-0,-0,-0,-0,-0,-0,-0,-0,-0,-0,-0,
-0,-0,-0,-0,-0,-0,-0,-0,-0,-0,-0,-0,-0,-0,
-0,-0,-0,-0,-0,-0,-0,-0,-0,-0,-0,-0,-0,-0,
-0,-0,-0,-0,-0,-0,-0,-0,-0,-0,-0,-0,-0,-0,
-0,-0,-0,-0,-0,-0,-0,-0,-0,-0,-0,-0,-0,-0,
-0,-0,-0,-0,-0,-0,-0,-0,-0,-0,-0,-0,-0,-0,
-0,-0,-0,-0,-0,-0,-0,-0,-0,-0,-0,-0,-0,-0,
-0,-0,-0,-0,-0,-0,-0,-0,-0,-0,-0,-0,-0,-0,
-0,-0,-0,-0,-0,-0,-0,-0,-0,-0,-0,-0,-0,-0,
-0,-0,-0,-0,-0,-0,-0,-0,-0,-0,-0,-0,-0,-0,
-0,-0,-0,-0,-0,-0,-0,-0,-0,-0,-0,-0,-0,-0,
-0,-0,-0,-0,-0,-0,-0,-0,-0,-0,-0,-0,-0,-0,
-0,-0,-0,-0,-0,-0,-0,-0,-0,-0,-0,-0,-0,-0,
-0,-0,-0,-0,-0,-0,-0,-0,-0,-0,-0,-0,-0,-0,
-0,-0,-0,-0,-0,-0,-0,-0,-0,-0,-0,-0,-0,-0,
-0,-0,-0,-0,-0,-0,-0,-0,-0,-0,-0,-0,-0,-0,
-0,-0,-0,-0,-0,-0,-0,-0,-0,-0,-0,-0,-0,-0,
-0,-0,-0,-0,-0,-0,-0,-0,-0,-0,-0,-0,-0,-0,
-0,-0,-0,-0,-0,-0,-0,-0,-0,-0,-0,-0,-0,-0,
-0,-0,-0,-0,-0,-0,-0,-0,-0,-0,-0,-0,-0,-0,
-0,-0,-0,-0,-0,-0,-0,-0,-0,-0,-0,-0,-0,-0,
-0,-0,-0,-0,-0,-0,-0,-0,-0,-0,-0,-0,-0,-0,
-0,-0,-0,-0,-0,-0,-0,-0,-0,-0,-0,-0,-0,-0,
-0,-0,-0,-0,-0,-0,-0,-0,-0,-0,-0,-0,-0,-0,
-0,-0,-0,-0,-0,-0,-0,-0,-0,-0,-0,-0,-0,-0,
-0,-0,-0,-0,-0,-0,-0,-0,-0,-0,-0,-0,-0,-0,
-0,-0,-0,-0,-0,-0,-0,-0,-0,-0,-0,-0,-0,-0,
-0,-0,-0,-0,-0,-0,-0,-0,-0,-0,-0,-0,-0,-0,
-0,-0,-0,-0,-0,-0,-0,-0,-0,-0,-0,-0,-0,-0,
-0,-0,-0,-0,-0,-0,-0,-0,-0,-0,-0,-0,-0,-0,
-0,-0,-0,-0,-0,-0,-0,-0,-0,-0,-0,-0,-0,-0,
-0,-0,-0,-0,-0,-0,-0,-0,-0,-0,-0,-0,-0,-0,
-0,-0,-0,-0,-0,-0,-0,-0,-0,-0,-0,-0,-0,-0,
-0,-0,-0,-0,-0,-0,-0,-0,-0,-0,-0,-0,-0,-0,
-0,-0,-0,-0,-0,-0,-0,-0,-0,-0,-0,-0,-0,-0,
-0,-0,-0,-0,-0,-0,-0,-0,-0,-0,-0,-0,-0,-0,
-0,-0,-0,-0,-0,-0,-0,-0,-0,-0,-0,-0,-0,-0,
-0,-0,-0,-0,-0,-0,-0,-0,-0,-0,-0,-0,-0,-0,
-0,-0,-0,-0,-0,-0,-0,-0,-0,-0,-0,-0,-0,-0,
-0,-0,-0,-0,-0,-0,-0,-0,-0,-0,-0,-0,-0,-0,
-0,-0,-0,-0,-0,-0,-0,-0,-0,-0,-0,-0,-0,-0,
-0,-0,-0,-0,-0,-0,-0,-0,-0,-0,-0,-0,-0,-0,
-0,-0,-0,-0,-0,-0,-0,-0,-0,-0,-0,-0,-0,-0,
-0,-0,-0,-0,-0,-0,-0,-0,-0,-0,-0,-0,-0,-0,
-0,-0,-0,-0,-0,-0,-0,-0,-0,-0,-0,-0,-0,-0,
-0,-0,-0,-0,-0,-0,-0,-0,-0,-0,-0,-0,-0,-0,
-0,-0,-0,-0,-0,-0,-0,-0,-0,-0,-0,-0,-0,-0,
-0,-0,-0,-0,-0,-0,-0,-0,-0,-0,-0,-0,-0,-0,
-0,-0,-0,-0,-0,-0,-0,-0,-0,-0,-0,-0,-0,-0,
-0,-0,-0,-0,-0,-0,-0,-0,-0,-0,-0,-0,-0,-0,
-0,-0,-0,-0,-0,-0,-0,-0,-0,-0,-0,-0,-0,-0,
-0,-0,-0,-0,-0,-0,-0,-0,-0,-0,-0,-0,-0,-0,
-0,-0,-0,-0,-0,-0,-0,-0,-0,-0,-0,-0,-0,-0,
-0,-0,-0,-0,-0,-0,-0,-0,-0,-0,-0,-0,-0,-0,
-0,-0,-0,-0,-0,-0,-0,-0,-0,-0,-0,-0,-0,-0,
-0,-0,-0,-0,-0,-0,-0,-0,-0,-0,-0,-0,-0,-0,
-0,-0,-0,-0,-0,-0,-0,-0,-0,-0,-0,-0,-0,-0,
-0,-0,-0,-0,-0,-0,-0,-0,-0,-0,-0,-0,-0,-0,
-0,-0,-0,-0,-0,-0,-0,-0,-0,-0,-0,-0,-0,-0,
-0,-0,-0,-0,-0,-0,-0,-0,-0,-0,-0,-0,-0,-0,
-0,-0,-0,-0,-0,-0,-0,-0,-0,-0,-0,-0,-0,-0,
-0,-0,-0,-0,-0,-0,-0,-0,-0,-0,-0,-0,-0,-0,
-0,-0,-0,-0,-0,-0,-0,-0,-0,-0,-0,-0,-0,-0,
-0,-0,-0,-0,-0,-0,-0,-0,-0,-0,-0,-0,-0,-0,
-0,-0,-0,-0,-0,-0,-0,-0,-0,-0,-0,-0,-0,-0,
-0,-0,-0,-0,-0,-0,-0,-0,-0,-0,-0,-0,-0,-0,
-0,-0,-0,-0,-0,-0,-0,-0,-0,-0,-0,-0,-0,-0,
-0,-0,-0,-0,-0,-0,-0,-0,-0,-0,-0,-0,-0,-0,
-0,-0,-0,-0,-0,-0,-0,-0,-0,-0,-0,-0,-0,-0,
-0,-0,-0,-0,-0,-0,-0,-0,-0,-0,-0,-0,-0,-0,
-0,-0,-0,-0,-0,-0,-0,-0,-0,-0,-0,-0,-0,-0,
-0,-0,-0,-0,-0,-0,-0,-0,-0,-0,-0,-0,-0,-0,
-0,-0,-0,-0,-0,-0,-0,-0,-0,-0,-0,-0,-0,-0,
-0,-0,-0,-0,-0,-0,-0,-0,-0,-0,-0,-0,-0,-0,
-0,-0,-0,-0,-0,-0,-0,-0,-0,-0,-0,-0,-0,-0,
-0,-0,-0,-0,-0,-0,-0,-0,-0,-0,-0,-0,-0,-0,
-0,-0,-0,-0,-0,-0,-0,-0,-0,-0,-0,-0,-0,-0,
-0,-0,-0,-0,-0,-0,-0,-0,-0,-0,-0,-0,-0,-0,
-0,-0,-0,-0,-0,-0,-0,-0,-0,-0,-0,-0,-0,-0,
-0,-0,-0,-0,-0,-0,-0,-0,-0,-0,-0,-0,-0,-0,
-0,-0,-0,-0,-0,-0,-0,-0,-0,-0,-0,-0,-0,-0,
-0,-0,-0,-0,-0,-0,-0,-0,-0,-0,-0,-0,-0,-0,
-0,-0,-0,-0,-0,-0,-0,-0,-0,-0,-0,-0,-0,-0,
-0,-0,-0,-0,-0,-0,-0,-0,-0,-0,-0,-0,-0,-0,
-0,-0,-0,-0,-0,-0,-0,-0,-0,-0,-0,-0,-0,-0,
-0,-0,-0,-0,-0,-0,-0,-0,-0,-0,-0,-0,-0,-0,
-0,-0,-0,-0,-0,-0,-0,-0,-0,-0,-0,-0,-0,-0,
-0,-0,-0,-0,-0,-0,-0,-0,-0,-0,-0,-0,-0,-0,
-0,-0,-0,-0,-0,-0,-0,-0,-0,-0,-0,-0,-0,-0,
-0,-0,-0,-0,-0,-0,-0,-0,-0,-0,-0,-0,-0,-0,
-0,-0,-0,-0,-0,-0,-0,-0,-0,-0,-0,-0,-0,-0,
-0,-0,-0,-0,-0,-0,-0,-0,-0,-0,-0,-0,-0,-0,
-0,-0,-0,-0,-0,-0,-0,-0,-0,-0,-0,-0,-0,-0,
-0,-0,-0,-0,-0,-0,-0,-0,-0,-0,-0,-0,-0,-0,
-0,-0,-0,-0,-0,-0,-0,-0,-0,-0,-0,-0,-0,-0,
-0,-0,-0,-0,-0,-0,-0,-0,-0,-0,-0,-0,-0,-0,
-0,-0,-0,-0,-0,-0,-0,-0,-0,-0,-0,-0,-0,-0,
-0,-0,-0,-0,-0,-0,-0,-0,-0,-0,-0,-0,-0,-0,
-0,-0,-0,-0,-0,-0,-0,-0,-0,-0,-0,-0,-0,-0,
-0,-0,-0,-0,-0,-0,-0,-0,-0,-0,-0,-0,-0,-0,
0.368596374989,0.402719199657,0.337366223335,0.368596374989,0.368596374989,0.368596374989,0.396733641624,0.34245544672,0.396733641624,0.34245544672,0.374157458544,0.363118797541,0.374157458544,0.363118797541,
0.363548904657,0.398197174072,0.332399487495,0.364077538252,0.363548904657,0.364077538252,0.391560196877,0.33768594265,0.39196267724,0.338033080101,0.36959990859,0.357749998569,0.369979828596,0.358117759228,
0.361000984907,0.395898759365,0.32990193367,0.361791908741,0.361000984907,0.361791908741,0.388944327831,0.335280776024,0.389546722174,0.335800051689,0.367289274931,0.355048656464,0.367858111858,0.355598539114,
0.358442485332,0.393581807613,0.327401280403,0.359496116638,0.358442485332,0.359496116638,0.386315107346,0.332867592573,0.387117743492,0.333559185266,0.36496296525,0.352342009544,0.365721225739,0.353074014187,
0.3618529737,0.395756185055,0.330865621567,0.3618529737,0.3618529737,0.3618529737,0.389674961567,0.336026191711,0.389674961567,0.336026191711,0.367499768734,0.356295645237,0.367499768734,0.356295645237,
0.359457105398,0.393620669842,0.328522473574,0.359733462334,0.359457105398,0.359733462334,0.387220084667,0.333768576384,0.38743057847,0.33394998312,0.365340471268,0.353750854731,0.365539044142,0.353943109512,
0.354685902596,0.389338433743,0.323869675398,0.355499178171,0.354685902596,0.355499178171,0.382322430611,0.329276561737,0.382942080498,0.329810261726,0.361023277044,0.348696291447,0.361608415842,0.349261462688,
0.352327644825,0.38720780611,0.32157549262,0.353399038315,0.352327644825,0.353399038315,0.379897236824,0.327058076859,0.38071373105,0.327761024237,0.358881771564,0.3462035954,0.359653115273,0.346947669983,
0.347304672003,0.381874442101,0.315896660089,0.347304672003,0.347304672003,0.347304672003,0.374153763056,0.322398304939,0.374153763056,0.322398304939,0.354471236467,0.340300768614,0.354471236467,0.340300768614,
0.34491276741,0.379682630301,0.313588708639,0.345165640116,0.34491276741,0.345165640116,0.371688306332,0.320150673389,0.371881008148,0.32031661272,0.352277636528,0.337791979313,0.352460205555,0.337967097759,
0.342601776123,0.377562582493,0.311364322901,0.343102484941,0.342601776123,0.343102484941,0.36930423975,0.317981868982,0.369685769081,0.318310379982,0.350157052279,0.335370481014,0.35051882267,0.335716962814,
0.33806681633,0.373374223709,0.307003170252,0.339031785727,0.33806681633,0.339031785727,0.364617705345,0.313726663589,0.365353345871,0.314359635115,0.345981299877,0.330626487732,0.346679329872,0.331293523312,
0.33806681633,0.373374223709,0.307003170252,0.339031785727,0.33806681633,0.339031785727,0.364617705345,0.313726663589,0.365353345871,0.314359635115,0.345981299877,0.330626487732,0.346679329872,0.331293523312,
0.360100567341,0.396169573069,0.327563881874,0.360336601734,0.360100567341,0.360336601734,0.386896908283,0.335232913494,0.387076228857,0.335388302803,0.368680387735,0.351814478636,0.368851274252,0.351977527142,
0.357881486416,0.394120335579,0.325425237417,0.35834056139,0.357881486416,0.35834056139,0.384609699249,0.333144247532,0.38495850563,0.333446383476,0.366633296013,0.349496126175,0.366965830326,0.349813103676,
0.355686903,0.392082512379,0.323309272528,0.356355071068,0.355686903,0.356355071068,0.382345080376,0.331077754498,0.382852762938,0.331517398357,0.364603161812,0.34720569849,0.365087330341,0.347666740417,
0.334338307381,0.369566380978,0.302494674921,0.334338307381,0.334338307381,0.334338307381,0.360523760319,0.310067743063,0.360523760319,0.310067743063,0.342724055052,0.326172471046,0.342724055052,0.326172471046,
0.33238914609,0.367730379105,0.300619542599,0.332553863525,0.33238914609,0.332553863525,0.358500599861,0.30823713541,0.358626246452,0.308345139027,0.340911597013,0.324141412973,0.341031044722,0.324254989624,
0.33238914609,0.367730379105,0.300619542599,0.332553863525,0.33238914609,0.332553863525,0.358500599861,0.30823713541,0.358626246452,0.308345139027,0.340911597013,0.324141412973,0.341031044722,0.324254989624,
0.330448329449,0.365892022848,0.298751622438,0.330766677856,0.330448329449,0.330766677856,0.356484353542,0.306413084269,0.356727153063,0.306621789932,0.339101225138,0.322121649981,0.339332163334,0.322341024876,
0.327969044447,0.363488137722,0.295933634043,0.327969044447,0.327969044447,0.327969044447,0.353999555111,0.30385902524,0.353999555111,0.30385902524,0.336759835482,0.31941485405,0.336759835482,0.31941485405,
0.32416009903,0.359829574823,0.292268514633,0.324414670467,0.32416009903,0.324414670467,0.350033134222,0.300274848938,0.350227475166,0.300441592932,0.333178222179,0.315465599298,0.333363205194,0.315640777349,
0.322286307812,0.358015656471,0.290464282036,0.322651803493,0.322286307812,0.322651803493,0.34807986021,0.298509448767,0.348358988762,0.298748791218,0.331407904625,0.313526779413,0.331673651934,0.313778162003,
0.322286307812,0.358015656471,0.290464282036,0.322651803493,0.322286307812,0.322651803493,0.34807986021,0.298509448767,0.348358988762,0.298748791218,0.331407904625,0.313526779413,0.331673651934,0.313778162003,
0.327251076698,0.363614827394,0.294527947903,0.327251076698,0.327251076698,0.327251076698,0.352986305952,0.303393065929,0.352986305952,0.303393065929,0.337103545666,0.317687749863,0.337103545666,0.317687749863,
0.325278520584,0.361683607101,0.292630821466,0.325377523899,0.325278520584,0.325377523899,0.350930273533,0.301529705524,0.351005792618,0.30159458518,0.335223555565,0.31565785408,0.335295706987,0.315725803375,
0.321445941925,0.357902705669,0.28894084692,0.321706712246,0.321445941925,0.321706712246,0.346932172775,0.297903627157,0.347131162882,0.298074483871,0.331553697586,0.311721503735,0.331743836403,0.311900317669,
0.319490522146,0.355960786343,0.287057936192,0.319821596146,0.319490522146,0.319821596146,0.344891428947,0.296051084995,0.345144093037,0.296267986298,0.329672753811,0.3097178936,0.329914271832,0.309944808483,
0.310324907303,0.345827817917,0.27846673131,0.310324907303,0.310324907303,0.310324907303,0.335712790489,0.286856949329,0.335712790489,0.286856949329,0.319674968719,0.301248311996,0.319674968719,0.301248311996,
0.310324907303,0.345827817917,0.27846673131,0.310324907303,0.310324907303,0.310324907303,0.335712790489,0.286856949329,0.335712790489,0.286856949329,0.319674968719,0.301248311996,0.319674968719,0.301248311996,
0.308445990086,0.3439476192,0.276655435562,0.30849802494,0.308445990086,0.30849802494,0.333747893572,0.285076379776,0.333787709475,0.285110384226,0.317861348391,0.299324333668,0.317899256945,0.299360066652,
0.30457213521,0.34004932642,0.272923320532,0.304713964462,0.30457213521,0.304713964462,0.329695492983,0.281401634216,0.329804033041,0.281494259834,0.314106673002,0.29536730051,0.314210087061,0.295464545488,
-0,-0,-0,-0,-0,-0,-0,-0,-0,-0,-0,-0,-0,-0,
-0,-0,-0,-0,-0,-0,-0,-0,-0,-0,-0,-0,-0,-0,
-0,-0,-0,-0,-0,-0,-0,-0,-0,-0,-0,-0,-0,-0,
-0,-0,-0,-0,-0,-0,-0,-0,-0,-0,-0,-0,-0,-0,
-0,-0,-0,-0,-0,-0,-0,-0,-0,-0,-0,-0,-0,-0,
-0,-0,-0,-0,-0,-0,-0,-0,-0,-0,-0,-0,-0,-0,
-0,-0,-0,-0,-0,-0,-0,-0,-0,-0,-0,-0,-0,-0,
-0,-0,-0,-0,-0,-0,-0,-0,-0,-0,-0,-0,-0,-0,
-0,-0,-0,-0,-0,-0,-0,-0,-0,-0,-0,-0,-0,-0,
-0,-0,-0,-0,-0,-0,-0,-0,-0,-0,-0,-0,-0,-0,
-0,-0,-0,-0,-0,-0,-0,-0,-0,-0,-0,-0,-0,-0,
-0,-0,-0,-0,-0,-0,-0,-0,-0,-0,-0,-0,-0,-0,
-0,-0,-0,-0,-0,-0,-0,-0,-0,-0,-0,-0,-0,-0,
-0,-0,-0,-0,-0,-0,-0,-0,-0,-0,-0,-0,-0,-0,
-0,-0,-0,-0,-0,-0,-0,-0,-0,-0,-0,-0,-0,-0,
-0,-0,-0,-0,-0,-0,-0,-0,-0,-0,-0,-0,-0,-0,
-0,-0,-0,-0,-0,-0,-0,-0,-0,-0,-0,-0,-0,-0,
0.26498785615,0.29903960228,0.234866797924,0.265037119389,0.26498785615,0.265037119389,0.287834852934,0.243972763419,0.287872701883,0.244004845619,0.275292634964,0.255087792873,0.275328874588,0.255121320486,
0.26498785615,0.29903960228,0.234866797924,0.265037119389,0.26498785615,0.265037119389,0.287834852934,0.243972763419,0.287872701883,0.244004845619,0.275292634964,0.255087792873,0.275328874588,0.255121320486,
0.259646177292,0.293470978737,0.229867458344,0.259802311659,0.259646177292,0.259802311659,0.282243549824,0.238905146718,0.282363563776,0.239006742835,0.269941151142,0.249792814255,0.270055949688,0.249899029732,
0.256994992495,0.290704548359,0.22739303112,0.257209330797,0.256994992495,0.257209330797,0.279467523098,0.236392229795,0.279632300138,0.236531615257,0.267282366753,0.247168838978,0.267439991236,0.247314602137,
0.247563153505,0.280232131481,0.21879735589,0.247624009848,0.247563153505,0.247624009848,0.269338846207,0.227564424276,0.269385665655,0.22760400176,0.257564216852,0.238014951348,0.25760897994,0.238056331873,
0.247563153505,0.280232131481,0.21879735589,0.247624009848,0.247563153505,0.247624009848,0.269338846207,0.227564424276,0.269385665655,0.22760400176,0.257564216852,0.238014951348,0.25760897994,0.238056331873,
0.245024293661,0.277575194836,0.216439783573,0.245147451758,0.245024293661,0.245147451758,0.266679525375,0.225160717964,0.266774296761,0.2252407372,0.255010217428,0.235510915518,0.255100876093,0.235594630241,
0.240085840225,0.272399872541,0.211863547564,0.240334123373,0.240085840225,0.240334123373,0.261504530907,0.220488220453,0.261695742607,0.220649451017,0.250036776066,0.230646580458,0.250219613314,0.2308152318,
0.260607600212,0.29352337122,0.231424182653,0.260607600212,0.260607600212,0.260607600212,0.283083438873,0.23993511498,0.283083438873,0.23993511498,0.270219802856,0.251364588737,0.270219802856,0.251364588737,
0.258211433887,0.291037082672,0.229189217091,0.258279383183,0.258211433887,0.258279383183,0.280582636595,0.237660929561,0.280634850264,0.237705156207,0.267818897963,0.248994857073,0.267868727446,0.249041169882,
0.255870580673,0.288603723049,0.227007031441,0.256002187729,0.255870580673,0.256002187729,0.278138399124,0.235439509153,0.278239578009,0.235525101423,0.265470981598,0.246681332588,0.265567481518,0.246771037579,
0.253584623337,0.286222934723,0.224876850843,0.253775149584,0.253584623337,0.253775149584,0.275750368834,0.233270317316,0.275896847248,0.23339420557,0.26317563653,0.244423449039,0.263315439224,0.244553282857,
0.244800418615,0.277198940516,0.21622595191,0.244800418615,0.244800418615,0.244800418615,0.266203314066,0.225138574839,0.266203314066,0.225138574839,0.254913270473,0.23511070013,0.254913270473,0.23511070013,
0.240486800671,0.272670686245,0.212229251862,0.240589976311,0.240486800671,0.240589976311,0.261689245701,0.221049785614,0.261768639088,0.221116855741,0.25055745244,0.230871394277,0.250633478165,0.230941444635,
0.238429158926,0.27050486207,0.210323810577,0.238577350974,0.238429158926,0.238577350974,0.259534776211,0.21909943223,0.259648799896,0.219195693731,0.248476415873,0.228851109743,0.248585611582,0.228951692581,
0.236416086555,0.268381893635,0.208459764719,0.236604779959,0.236416086555,0.236604779959,0.257425963879,0.217191189528,0.257571220398,0.217313751578,0.246438384056,0.226875543594,0.246577441692,0.227003574371,
0.239374697208,0.271309494972,0.211298346519,0.239446222782,0.239374697208,0.239446222782,0.260536909103,0.219974577427,0.260591953993,0.220021054149,0.249258264899,0.229920446873,0.249310940504,0.229969024658,
0.237532421947,0.269362956285,0.209587901831,0.237632766366,0.237532421947,0.237632766366,0.258607447147,0.218225598335,0.258684694767,0.218290790915,0.247391179204,0.228111922741,0.247465074062,0.228180065751,
0.235716670752,0.26744094491,0.207902044058,0.235842227936,0.235716670752,0.235842227936,0.256704956293,0.216501682997,0.256801635027,0.216583222151,0.245549172163,0.226330190897,0.245641648769,0.226415425539,
0.233923211694,0.265539228916,0.206236869097,0.234070554376,0.233923211694,0.234070554376,0.254825025797,0.2147988379,0.254938513041,0.214894533157,0.24372819066,0.224570989609,0.24383674562,0.224671006203,
0.20052677393,0.229721978307,0.175069376826,0.20052677393,0.20052677393,0.20052677393,0.219861805439,0.182898551226,0.219861805439,0.182898551226,0.209520176053,0.191943228245,0.209520176053,0.191943228245,
0.197437807918,0.226391404867,0.172237187624,0.197464287281,0.197437807918,0.197464287281,0.216593667865,0.179989531636,0.216614201665,0.180006593466,0.206363618374,0.188928931952,0.2063831985,0.188946858048,
0.195906668901,0.224736899137,0.170833453536,0.195943146944,0.195906668901,0.195943146944,0.214972734451,0.178547620773,0.215001016855,0.178571119905,0.204797282815,0.187435507774,0.204824239016,0.187460184097,
0.194379538298,0.223084434867,0.169433444738,0.194423943758,0.194379538298,0.194423943758,0.213355362415,0.177109524608,0.2133898139,0.177138134837,0.203234016895,0.185946375132,0.203266844153,0.185976415873,
0.214208960533,0.245017811656,0.187292978168,0.214216113091,0.214208960533,0.214216113091,0.234154820442,0.195970773697,0.234160363674,0.195975422859,0.224145099521,0.204722166061,0.224150404334,0.204727008939,
0.214208960533,0.245017811656,0.187292978168,0.214216113091,0.214208960533,0.214216113091,0.234154820442,0.195970773697,0.234160363674,0.195975422859,0.224145099521,0.204722166061,0.224150404334,0.204727008939,
0.211088180542,0.241646781564,0.184413403273,0.21109610796,0.211088180542,0.21109610796,0.230863958597,0.193015113473,0.230870097876,0.193020239472,0.2209456563,0.201679483056,0.220951512456,0.201684832573,
0.209511965513,0.239941358566,0.182959392667,0.209518164396,0.209511965513,0.209518164396,0.229200780392,0.191522672772,0.229205578566,0.191526681185,0.219328582287,0.200143158436,0.219333171844,0.200147345662,
0.21094276011,0.241743266582,0.184066325426,0.210940063,0.21094276011,0.210940063,0.230779454112,0.192811146379,0.230777382851,0.192809417844,0.220964774489,0.201376125216,0.220962792635,0.201374322176,
0.209381580353,0.2400483042,0.182625055313,0.20937050879,0.209381580353,0.20937050879,0.229131057858,0.191332161427,0.229122459888,0.191325008869,0.219360277057,0.199855312705,0.219352066517,0.199847817421,
0.206193953753,0.236583411694,0.179684072733,0.206164032221,0.206193953753,0.206164032221,0.225763186812,0.18831372261,0.225740015507,0.188294410706,0.216082796454,0.196750849485,0.216060623527,0.196730673313,
0.206193953753,0.236583411694,0.179684072733,0.206164032221,0.206193953753,0.206164032221,0.225763186812,0.18831372261,0.225740015507,0.188294410706,0.216082796454,0.196750849485,0.216060623527,0.196730673313,
-0,-0,-0,-0,-0,-0,-0,-0,-0,-0,-0,-0,-0,-0,
-0,-0,-0,-0,-0,-0,-0,-0,-0,-0,-0,-0,-0,-0,
-0,-0,-0,-0,-0,-0,-0,-0,-0,-0,-0,-0,-0,-0,
-0,-0,-0,-0,-0,-0,-0,-0,-0,-0,-0,-0,-0,-0,
-0,-0,-0,-0,-0,-0,-0,-0,-0,-0,-0,-0,-0,-0,
-0,-0,-0,-0,-0,-0,-0,-0,-0,-0,-0,-0,-0,-0,
-0,-0,-0,-0,-0,-0,-0,-0,-0,-0,-0,-0,-0,-0,
-0,-0,-0,-0,-0,-0,-0,-0,-0,-0,-0,-0,-0,-0,
-0,-0,-0,-0,-0,-0,-0,-0,-0,-0,-0,-0,-0,-0,
-0,-0,-0,-0,-0,-0,-0,-0,-0,-0,-0,-0,-0,-0,
-0,-0,-0,-0,-0,-0,-0,-0,-0,-0,-0,-0,-0,-0,
0.173237428069,0.200709044933,0.149528101087,0.173239931464,0.173237428069,0.173239931464,0.190791174769,0.157299399376,0.190793126822,0.157301008701,0.182242274284,0.164678230882,0.18224413693,0.164679914713,
0.169453188777,0.196559101343,0.14610080421,0.169471248984,0.169453188777,0.169471248984,0.186758756638,0.153756007552,0.186772838235,0.153767600656,0.178341478109,0.161012917757,0.178354918957,0.161025047302,
0.169453188777,0.196559101343,0.14610080421,0.169471248984,0.169453188777,0.169471248984,0.186758756638,0.153756007552,0.186772838235,0.153767600656,0.178341478109,0.161012917757,0.178354918957,0.161025047302,
0.167544990778,0.194466844201,0.144376918674,0.167576029897,0.167544990778,0.167576029897,0.184724658728,0.151971295476,0.184748858213,0.151991203427,0.17637437582,0.159166246653,0.176397487521,0.159187093377,
0.157223448157,0.183019891381,0.135069653392,0.157223448157,0.157223448157,0.157223448157,0.17355941236,0.14242644608,0.17355941236,0.14242644608,0.165794014931,0.149102821946,0.165794014931,0.149102821946,
0.155373319983,0.180984735489,0.133409008384,0.155392184854,0.155373319983,0.155392184854,0.171583205462,0.140701174736,0.171597957611,0.140713259578,0.163883075118,0.147317498922,0.163897156715,0.147330150008,
0.153537467122,0.178963899612,0.131762862206,0.153575733304,0.153537467122,0.153575733304,0.169621527195,0.138990044594,0.169651404023,0.139014542103,0.161986172199,0.145546793938,0.162014707923,0.145572453737,
0.149935483932,0.174994379282,0.128537654877,0.150012880564,0.149935483932,0.150012880564,0.1657705158,0.135634884238,0.165831014514,0.135684385896,0.158261865377,0.142075225711,0.158319622278,0.142127066851,
0.202453061938,0.232275187969,0.176484107971,0.202480792999,0.202453061938,0.202480792999,0.22183573246,0.184781223536,0.221857219934,0.184799134731,0.211984574795,0.193366244435,0.212005093694,0.193384975195,
0.202453061938,0.232275187969,0.176484107971,0.202480792999,0.202453061938,0.202480792999,0.22183573246,0.184781223536,0.221857219934,0.184799134731,0.211984574795,0.193366244435,0.212005093694,0.193384975195,
0.200319617987,0.229976207018,0.174533963203,0.200372979045,0.200319617987,0.200372979045,0.219582140446,0.182770907879,0.219623491168,0.182805329561,0.209800422192,0.191290438175,0.209839940071,0.191326469183,
0.198219075799,0.227709546685,0.172614753246,0.198295772076,0.198219075799,0.198295772076,0.21736215055,0.180792093277,0.217421621084,0.180841550231,0.207648530602,0.189247444272,0.20770534873,0.189299225807,
0.180244684219,0.208091884851,0.156162261963,0.180282980204,0.180244684219,0.180282980204,0.198059767485,0.164056360722,0.198089510202,0.164081007242,0.189376890659,0.171573847532,0.189405336976,0.171599626541,
0.180244684219,0.208091884851,0.156162261963,0.180282980204,0.180244684219,0.180282980204,0.198059767485,0.164056360722,0.198089510202,0.164081007242,0.189376890659,0.171573847532,0.189405336976,0.171599626541,
0.17834854126,0.20602683723,0.154441580176,0.178403958678,0.17834854126,0.178403958678,0.196048006415,0.162275746465,0.196091040969,0.162311390042,0.187425106764,0.169737190008,0.187466263771,0.169774472713,
0.176480978727,0.203990161419,0.152747452259,0.176551446319,0.176480978727,0.176551446319,0.194065526128,0.160522356629,0.194120317698,0.160567671061,0.185501545668,0.167928770185,0.185553908348,0.167976200581,
0.190960794687,0.219794377685,0.165909826756,0.190960794687,0.190960794687,0.190960794687,0.209602758288,0.173987448215,0.209602758288,0.173987448215,0.200257048011,0.182105228305,0.200257048011,0.182105228305,
0.190960794687,0.219794377685,0.165909826756,0.190960794687,0.190960794687,0.190960794687,0.209602758288,0.173987448215,0.209602758288,0.173987448215,0.200257048011,0.182105228305,0.200257048011,0.182105228305,
0.189065694809,0.217735737562,0.164181858301,0.189078405499,0.189065694809,0.189078405499,0.207596153021,0.172203183174,0.20760601759,0.172211378813,0.19830840826,0.180266350508,0.198317840695,0.180274933577,
0.187190890312,0.215696662664,0.162473082542,0.187214672565,0.187190890312,0.187214672565,0.205610066652,0.17043851316,0.20562851429,0.170453816652,0.196379616857,0.178447723389,0.19639724493,0.178463757038,
0.185334131122,0.213674724102,0.160781398416,0.185367375612,0.185334131122,0.185367375612,0.203642055392,0.168691277504,0.203667894006,0.168712675571,0.194468379021,0.17664706707,0.194493055344,0.176669478416,
0.160847619176,0.186194956303,0.138950899243,0.160847619176,0.160847619176,0.160847619176,0.178311422467,0.145094230771,0.178311422467,0.145094230771,0.167959049344,0.154037281871,0.167959049344,0.154037281871,
0.157528162003,0.182548254728,0.135948345065,0.157540932298,0.157528162003,0.157540932298,0.174753427505,0.142004132271,0.174763455987,0.142012283206,0.164551883936,0.15080781281,0.164561316371,0.150816455483,
0.155902639031,0.180759385228,0.134478881955,0.155919864774,0.155902639031,0.155919864774,0.173009827733,0.140491560102,0.173023343086,0.140502542257,0.162882208824,0.149226978421,0.162894934416,0.14923864603,
0.154284968972,0.178977355361,0.133017137647,0.15430572629,0.154284968972,0.15430572629,0.171273767948,0.13898678124,0.171290069818,0.139000013471,0.16121993959,0.147654131055,0.161235287786,0.14766818285,
0.163308814168,0.190166696906,0.140246838331,0.163311928511,0.163308814168,0.163311928511,0.179742589593,0.148378401995,0.179745018482,0.14838039875,0.172779172659,0.154358416796,0.17278149724,0.154360488057,
0.160020828247,0.18652716279,0.137285381556,0.16002574563,0.160020828247,0.16002574563,0.176243826747,0.145292460918,0.176247641444,0.145295605063,0.169356539845,0.151201114058,0.169360205531,0.151204392314,
0.160020828247,0.18652716279,0.137285381556,0.16002574563,0.160020828247,0.16002574563,0.176243826747,0.145292460918,0.176247641444,0.145295605063,0.169356539845,0.151201114058,0.169360205531,0.151204392314,
0.158374965191,0.184702932835,0.135804012418,0.158379822969,0.158374965191,0.158379822969,0.17449106276,0.143748655915,0.174494847655,0.143751770258,0.167642593384,0.149621009827,0.167646244168,0.14962425828,
0.142275243998,0.166714817286,0.121418394148,0.142275243998,0.142275243998,0.142275243998,0.157396271825,0.128606885672,0.157396271825,0.128606885672,0.150698557496,0.134322762489,0.150698557496,0.134322762489,
0.140754416585,0.165015786886,0.120058231056,0.140752270818,0.140754416585,0.140752270818,0.155767098069,0.127188071609,0.155765429139,0.127186700702,0.149112194777,0.132864505053,0.149110585451,0.132863074541,
0.140754416585,0.165015786886,0.120058231056,0.140752270818,0.140754416585,0.140752270818,0.155767098069,0.127188071609,0.155765429139,0.127186700702,0.149112194777,0.132864505053,0.149110585451,0.132863074541,
0.137693196535,0.161592200398,0.117322780192,0.137686133385,0.137693196535,0.137686133385,0.152485281229,0.124334178865,0.152479752898,0.124329671264,0.145918235183,0.129929840565,0.145912945271,0.129925131798,
-0,-0,-0,-0,-0,-0,-0,-0,-0,-0,-0,-0,-0,-0,
-0,-0,-0,-0,-0,-0,-0,-0,-0,-0,-0,-0,-0,-0,
-0,-0,-0,-0,-0,-0,-0,-0,-0,-0,-0,-0,-0,-0,
-0,-0,-0,-0,-0,-0,-0,-0,-0,-0,-0,-0,-0,-0,
-0,-0,-0,-0,-0,-0,-0,-0,-0,-0,-0,-0,-0,-0,
-0,-0,-0,-0,-0,-0,-0,-0,-0,-0,-0,-0,-0,-0,
-0,-0,-0,-0,-0,-0,-0,-0,-0,-0,-0,-0,-0,-0,
-0,-0,-0,-0,-0,-0,-0,-0,-0,-0,-0,-0,-0,-0,
-0,-0,-0,-0,-0,-0,-0,-0,-0,-0,-0,-0,-0,-0,
-0,-0,-0,-0,-0,-0,-0,-0,-0,-0,-0,-0,-0,-0,
-0,-0,-0,-0,-0,-0,-0,-0,-0,-0,-0,-0,-0,-0,
-0,-0,-0,-0,-0,-0,-0,-0,-0,-0,-0,-0,-0,-0,
-0,-0,-0,-0,-0,-0,-0,-0,-0,-0,-0,-0,-0,-0,
-0,-0,-0,-0,-0,-0,-0,-0,-0,-0,-0,-0,-0,-0,
-0,-0,-0,-0,-0,-0,-0,-0,-0,-0,-0,-0,-0,-0,
-0,-0,-0,-0,-0,-0,-0,-0,-0,-0,-0,-0,-0,-0,
-0,-0,-0,-0,-0,-0,-0,-0,-0,-0,-0,-0,-0,-0,
-0,-0,-0,-0,-0,-0,-0,-0,-0,-0,-0,-0,-0,-0,
-0,-0,-0,-0,-0,-0,-0,-0,-0,-0,-0,-0,-0,-0,
-0,-0,-0,-0,-0,-0,-0,-0,-0,-0,-0,-0,-0,-0,
-0,-0,-0,-0,-0,-0,-0,-0,-0,-0,-0,-0,-0,-0,
-0,-0,-0,-0,-0,-0,-0,-0,-0,-0,-0,-0,-0,-0,
-0,-0,-0,-0,-0,-0,-0,-0,-0,-0,-0,-0,-0,-0,
-0,-0,-0,-0,-0,-0,-0,-0,-0,-0,-0,-0,-0,-0,
-0,-0,-0,-0,-0,-0,-0,-0,-0,-0,-0,-0,-0,-0,
-0,-0,-0,-0,-0,-0,-0,-0,-0,-0,-0,-0,-0,-0,
-0,-0,-0,-0,-0,-0,-0,-0,-0,-0,-0,-0,-0,-0,
-0,-0,-0,-0,-0,-0,-0,-0,-0,-0,-0,-0,-0,-0,
-0,-0,-0,-0,-0,-0,-0,-0,-0,-0,-0,-0,-0,-0,
-0,-0,-0,-0,-0,-0,-0,-0,-0,-0,-0,-0,-0,-0,
-0,-0,-0,-0,-0,-0,-0,-0,-0,-0,-0,-0,-0,-0,
-0,-0,-0,-0,-0,-0,-0,-0,-0,-0,-0,-0,-0,-0,
-0,-0,-0,-0,-0,-0,-0,-0,-0,-0,-0,-0,-0,-0,
-0,-0,-0,-0,-0,-0,-0,-0,-0,-0,-0,-0,-0,-0,
-0,-0,-0,-0,-0,-0,-0,-0,-0,-0,-0,-0,-0,-0,
-0,-0,-0,-0,-0,-0,-0,-0,-0,-0,-0,-0,-0,-0,
-0,-0,-0,-0,-0,-0,-0,-0,-0,-0,-0,-0,-0,-0,
-0,-0,-0,-0,-0,-0,-0,-0,-0,-0,-0,-0,-0,-0,
-0,-0,-0,-0,-0,-0,-0,-0,-0,-0,-0,-0,-0,-0,
-0,-0,-0,-0,-0,-0,-0,-0,-0,-0,-0,-0,-0,-0,
-0,-0,-0,-0,-0,-0,-0,-0,-0,-0,-0,-0,-0,-0,
-0,-0,-0,-0,-0,-0,-0,-0,-0,-0,-0,-0,-0,-0,
-0,-0,-0,-0,-0,-0,-0,-0,-0,-0,-0,-0,-0,-0,
-0,-0,-0,-0,-0,-0,-0,-0,-0,-0,-0,-0,-0,-0,
-0,-0,-0,-0,-0,-0,-0,-0,-0,-0,-0,-0,-0,-0,
-0,-0,-0,-0,-0,-0,-0,-0,-0,-0,-0,-0,-0,-0,
-0,-0,-0,-0,-0,-0,-0,-0,-0,-0,-0,-0,-0,-0,
-0,-0,-0,-0,-0,-0,-0,-0,-0,-0,-0,-0,-0,-0,
-0,-0,-0,-0,-0,-0,-0,-0,-0,-0,-0,-0,-0,-0,
-0,-0,-0,-0,-0,-0,-0,-0,-0,-0,-0,-0,-0,-0,
-0,-0,-0,-0,-0,-0,-0,-0,-0,-0,-0,-0,-0,-0,
-0,-0,-0,-0,-0,-0,-0,-0,-0,-0,-0,-0,-0,-0,
-0,-0,-0,-0,-0,-0,-0,-0,-0,-0,-0,-0,-0,-0,
-0,-0,-0,-0,-0,-0,-0,-0,-0,-0,-0,-0,-0,-0,
-0,-0,-0,-0,-0,-0,-0,-0,-0,-0,-0,-0,-0,-0,
-0,-0,-0,-0,-0,-0,-0,-0,-0,-0,-0,-0,-0,-0,
-0,-0,-0,-0,-0,-0,-0,-0,-0,-0,-0,-0,-0,-0,
-0,-0,-0,-0,-0,-0,-0,-0,-0,-0,-0,-0,-0,-0,
-0,-0,-0,-0,-0,-0,-0,-0,-0,-0,-0,-0,-0,-0,
-0,-0,-0,-0,-0,-0,-0,-0,-0,-0,-0,-0,-0,-0,
-0,-0,-0,-0,-0,-0,-0,-0,-0,-0,-0,-0,-0,-0,
-0,-0,-0,-0,-0,-0,-0,-0,-0,-0,-0,-0,-0,-0,
-0,-0,-0,-0,-0,-0,-0,-0,-0,-0,-0,-0,-0,-0,
-0,-0,-0,-0,-0,-0,-0,-0,-0,-0,-0,-0,-0,-0,
-0,-0,-0,-0,-0,-0,-0,-0,-0,-0,-0,-0,-0,-0,
-0,-0,-0,-0,-0,-0,-0,-0,-0,-0,-0,-0,-0,-0,
-0,-0,-0,-0,-0,-0,-0,-0,-0,-0,-0,-0,-0,-0,
-0,-0,-0,-0,-0,-0,-0,-0,-0,-0,-0,-0,-0,-0,
-0,-0,-0,-0,-0,-0,-0,-0,-0,-0,-0,-0,-0,-0,
-0,-0,-0,-0,-0,-0,-0,-0,-0,-0,-0,-0,-0,-0,
-0,-0,-0,-0,-0,-0,-0,-0,-0,-0,-0,-0,-0,-0,
-0,-0,-0,-0,-0,-0,-0,-0,-0,-0,-0,-0,-0,-0,
-0,-0,-0,-0,-0,-0,-0,-0,-0,-0,-0,-0,-0,-0,
-0,-0,-0,-0,-0,-0,-0,-0,-0,-0,-0,-0,-0,-0,
-0,-0,-0,-0,-0,-0,-0,-0,-0,-0,-0,-0,-0,-0,
-0,-0,-0,-0,-0,-0,-0,-0,-0,-0,-0,-0,-0,-0,
-0,-0,-0,-0,-0,-0,-0,-0,-0,-0,-0,-0,-0,-0,
-0,-0,-0,-0,-0,-0,-0,-0,-0,-0,-0,-0,-0,-0,
-0,-0,-0,-0,-0,-0,-0,-0,-0,-0,-0,-0,-0,-0,
-0,-0,-0,-0,-0,-0,-0,-0,-0,-0,-0,-0,-0,-0,
-0,-0,-0,-0,-0,-0,-0,-0,-0,-0,-0,-0,-0,-0,
-0,-0,-0,-0,-0,-0,-0,-0,-0,-0,-0,-0,-0,-0,
-0,-0,-0,-0,-0,-0,-0,-0,-0,-0,-0,-0,-0,-0,
-0,-0,-0,-0,-0,-0,-0,-0,-0,-0,-0,-0,-0,-0,
-0,-0,-0,-0,-0,-0,-0,-0,-0,-0,-0,-0,-0,-0,
-0,-0,-0,-0,-0,-0,-0,-0,-0,-0,-0,-0,-0,-0,
-0,-0,-0,-0,-0,-0,-0,-0,-0,-0,-0,-0,-0,-0,
-0,-0,-0,-0,-0,-0,-0,-0,-0,-0,-0,-0,-0,-0,
-0,-0,-0,-0,-0,-0,-0,-0,-0,-0,-0,-0,-0,-0,
-0,-0,-0,-0,-0,-0,-0,-0,-0,-0,-0,-0,-0,-0,
-0,-0,-0,-0,-0,-0,-0,-0,-0,-0,-0,-0,-0,-0,
-0,-0,-0,-0,-0,-0,-0,-0,-0,-0,-0,-0,-0,-0,
-0,-0,-0,-0,-0,-0,-0,-0,-0,-0,-0,-0,-0,-0,
-0,-0,-0,-0,-0,-0,-0,-0,-0,-0,-0,-0,-0,-0,
-0,-0,-0,-0,-0,-0,-0,-0,-0,-0,-0,-0,-0,-0,
-0,-0,-0,-0,-0,-0,-0,-0,-0,-0,-0,-0,-0,-0,
-0,-0,-0,-0,-0,-0,-0,-0,-0,-0,-0,-0,-0,-0,
-0,-0,-0,-0,-0,-0,-0,-0,-0,-0,-0,-0,-0,-0,
-0,-0,-0,-0,-0,-0,-0,-0,-0,-0,-0,-0,-0,-0,
-0,-0,-0,-0,-0,-0,-0,-0,-0,-0,-0,-0,-0,-0,
-0,-0,-0,-0,-0,-0,-0,-0,-0,-0,-0,-0,-0,-0,
-0,-0,-0,-0,-0,-0,-0,-0,-0,-0,-0,-0,-0,-0,
-0,-0,-0,-0,-0,-0,-0,-0,-0,-0,-0,-0,-0,-0,
-0,-0,-0,-0,-0,-0,-0,-0,-0,-0,-0,-0,-0,-0,
-0,-0,-0,-0,-0,-0,-0,-0,-0,-0,-0,-0,-0,-0,
-0,-0,-0,-0,-0,-0,-0,-0,-0,-0,-0,-0,-0,-0,
-0,-0,-0,-0,-0,-0,-0,-0,-0,-0,-0,-0,-0,-0,
-0,-0,-0,-0,-0,-0,-0,-0,-0,-0,-0,-0,-0,-0,
-0,-0,-0,-0,-0,-0,-0,-0,-0,-0,-0,-0,-0,-0,
-0,-0,-0,-0,-0,-0,-0,-0,-0,-0,-0,-0,-0,-0,
-0,-0,-0,-0,-0,-0,-0,-0,-0,-0,-0,-0,-0,-0,
-0,-0,-0,-0,-0,-0,-0,-0,-0,-0,-0,-0,-0,-0,
-0,-0,-0,-0,-0,-0,-0,-0,-0,-0,-0,-0,-0,-0,
-0,-0,-0,-0,-0,-0,-0,-0,-0,-0,-0,-0,-0,-0,
-0,-0,-0,-0,-0,-0,-0,-0,-0,-0,-0,-0,-0,-0,
-0,-0,-0,-0,-0,-0,-0,-0,-0,-0,-0,-0,-0,-0,
-0,-0,-0,-0,-0,-0,-0,-0,-0,-0,-0,-0,-0,-0,
-0,-0,-0,-0,-0,-0,-0,-0,-0,-0,-0,-0,-0,-0,
-0,-0,-0,-0,-0,-0,-0,-0,-0,-0,-0,-0,-0,-0,
-0,-0,-0,-0,-0,-0,-0,-0,-0,-0,-0,-0,-0,-0,
-0,-0,-0,-0,-0,-0,-0,-0,-0,-0,-0,-0,-0,-0,
-0,-0,-0,-0,-0,-0,-0,-0,-0,-0,-0,-0,-0,-0,
-0,-0,-0,-0,-0,-0,-0,-0,-0,-0,-0,-0,-0,-0,
-0,-0,-0,-0,-0,-0,-0,-0,-0,-0,-0,-0,-0,-0,
-0,-0,-0,-0,-0,-0,-0,-0,-0,-0,-0,-0,-0,-0,
-0,-0,-0,-0,-0,-0,-0,-0,-0,-0,-0,-0,-0,-0,
-0,-0,-0,-0,-0,-0,-0,-0,-0,-0,-0,-0,-0,-0,
-0,-0,-0,-0,-0,-0,-0,-0,-0,-0,-0,-0,-0,-0,
-0,-0,-0,-0,-0,-0,-0,-0,-0,-0,-0,-0,-0,-0,
-0,-0,-0,-0,-0,-0,-0,-0,-0,-0,-0,-0,-0,-0,
-0,-0,-0,-0,-0,-0,-0,-0,-0,-0,-0,-0,-0,-0,
-0,-0,-0,-0,-0,-0,-0,-0,-0,-0,-0,-0,-0,-0,
-0,-0,-0,-0,-0,-0,-0,-0,-0,-0,-0,-0,-0,-0,
-0,-0,-0,-0,-0,-0,-0,-0,-0,-0,-0,-0,-0,-0,
-0,-0,-0,-0,-0,-0,-0,-0,-0,-0,-0,-0,-0,-0,
-0,-0,-0,-0,-0,-0,-0,-0,-0,-0,-0,-0,-0,-0,
-0,-0,-0,-0,-0,-0,-0,-0,-0,-0,-0,-0,-0,-0,
-0,-0,-0,-0,-0,-0,-0,-0,-0,-0,-0,-0,-0,-0,
-0,-0,-0,-0,-0,-0,-0,-0,-0,-0,-0,-0,-0,-0,
-0,-0,-0,-0,-0,-0,-0,-0,-0,-0,-0,-0,-0,-0,
-0,-0,-0,-0,-0,-0,-0,-0,-0,-0,-0,-0,-0,-0,
-0,-0,-0,-0,-0,-0,-0,-0,-0,-0,-0,-0,-0,-0,
-0,-0,-0,-0,-0,-0,-0,-0,-0,-0,-0,-0,-0,-0,
-0,-0,-0,-0,-0,-0,-0,-0,-0,-0,-0,-0,-0,-0,
-0,-0,-0,-0,-0,-0,-0,-0,-0,-0,-0,-0,-0,-0,
-0,-0,-0,-0,-0,-0,-0,-0,-0,-0,-0,-0,-0,-0,
-0,-0,-0,-0,-0,-0,-0,-0,-0,-0,-0,-0,-0,-0,
-0,-0,-0,-0,-0,-0,-0,-0,-0,-0,-0,-0,-0,-0,
-0,-0,-0,-0,-0,-0,-0,-0,-0,-0,-0,-0,-0,-0,
-0,-0,-0,-0,-0,-0,-0,-0,-0,-0,-0,-0,-0,-0,
-0,-0,-0,-0,-0,-0,-0,-0,-0,-0,-0,-0,-0,-0,
-0,-0,-0,-0,-0,-0,-0,-0,-0,-0,-0,-0,-0,-0,
-0,-0,-0,-0,-0,-0,-0,-0,-0,-0,-0,-0,-0,-0,
-0,-0,-0,-0,-0,-0,-0,-0,-0,-0,-0,-0,-0,-0,
-0,-0,-0,-0,-0,-0,-0,-0,-0,-0,-0,-0,-0,-0,
-0,-0,-0,-0,-0,-0,-0,-0,-0,-0,-0,-0,-0,-0,
-0,-0,-0,-0,-0,-0,-0,-0,-0,-0,-0,-0,-0,-0,
-0,-0,-0,-0,-0,-0,-0,-0,-0,-0,-0,-0,-0,-0,
-0,-0,-0,-0,-0,-0,-0,-0,-0,-0,-0,-0,-0,-0,
-0,-0,-0,-0,-0,-0,-0,-0,-0,-0,-0,-0,-0,-0,
0.176801145077,0.200828433037,0.155666425824,0.176821529865,0.176801145077,0.176821529865,0.19659934938,0.159002050757,0.196615383029,0.159015014768,0.180600017309,0.173088029027,0.180614739656,0.173102140427,
0.178832307458,0.202949553728,0.157614558935,0.178870379925,0.178832307458,0.178870379925,0.19879719615,0.160882517695,0.198827117682,0.160906732082,0.182559594512,0.175192058086,0.182587087154,0.175218433142,
0.178832307458,0.202949553728,0.157614558935,0.178870379925,0.178832307458,0.178870379925,0.19879719615,0.160882517695,0.198827117682,0.160906732082,0.182559594512,0.175192058086,0.182587087154,0.175218433142,
0.18278503418,0.207060679793,0.161417558789,0.182855397463,0.18278503418,0.182855397463,0.203070685267,0.164544373751,0.203125953674,0.16458915174,0.186361581087,0.179297342896,0.18641230464,0.179346144199,
0.18469928205,0.209043338895,0.163265287876,0.184784263372,0.18469928205,0.184784263372,0.205138549209,0.166318923235,0.20520529151,0.166373029351,0.188197061419,0.18129093945,0.188258290291,0.181349918246,
0.185337334871,0.209850028157,0.163700312376,0.185348004103,0.185337334871,0.185348004103,0.205741614103,0.166960030794,0.205749988556,0.166966825724,0.18903593719,0.181716606021,0.18904364109,0.181724011898,
0.185337334871,0.209850028157,0.163700312376,0.185348004103,0.185337334871,0.185348004103,0.205741614103,0.166960030794,0.205749988556,0.166966825724,0.18903593719,0.181716606021,0.18904364109,0.181724011898,
0.187165915966,0.211738467216,0.165465205908,0.187185421586,0.187165915966,0.187185421586,0.207715541124,0.168655022979,0.207730844617,0.168667450547,0.190786629915,0.183622002602,0.190800696611,0.183635532856,
0.190665632486,0.215335309505,0.168852388859,0.190696313977,0.190665632486,0.190696313977,0.211490154266,0.171900331974,0.211514204741,0.171919882298,0.194125592709,0.187278687954,0.194147691131,0.187299996614,
0.192934989929,0.217835098505,0.170891106129,0.192934945226,0.192934989929,0.192934945226,0.213809102774,0.174100786448,0.213809072971,0.174100741744,0.19656778872,0.18937805295,0.196567744017,0.189378023148,
0.192934989929,0.217835098505,0.170891106129,0.192934945226,0.192934989929,0.192934945226,0.213809102774,0.174100786448,0.213809072971,0.174100741744,0.19656778872,0.18937805295,0.196567744017,0.189378023148,
0.194538444281,0.219471186399,0.172445997596,0.194535911083,0.194538444281,0.194535911083,0.215535640717,0.175588071346,0.215533688664,0.17558644712,0.198090940714,0.19105771184,0.198089122772,0.191055968404,
0.194538444281,0.219471186399,0.172445997596,0.194535911083,0.194538444281,0.194535911083,0.215535640717,0.175588071346,0.215533688664,0.17558644712,0.198090940714,0.19105771184,0.198089122772,0.191055968404,
0.196077883244,0.221035972238,0.173941671848,0.196070641279,0.196077883244,0.196070641279,0.217192441225,0.177016079426,0.217186778784,0.177011460066,0.199549138546,0.192673802376,0.19954392314,0.192668765783,
0.199902713299,0.224943935871,0.177654102445,0.199884682894,0.199902713299,0.199884682894,0.221182644367,0.180669277906,0.221168547869,0.18065777421,0.203305244446,0.196569651365,0.203292280436,0.196557104588,
0.199902713299,0.224943935871,0.177654102445,0.199884682894,0.199902713299,0.199884682894,0.221182644367,0.180669277906,0.221168547869,0.18065777421,0.203305244446,0.196569651365,0.203292280436,0.196557104588,
0.201190501451,0.226234287024,0.178912848234,0.201159715652,0.201190501451,0.201159715652,0.222566068172,0.181863725185,0.222541987896,0.181844055653,0.2045122087,0.197931736708,0.204490080476,0.19791033864,
0.202404379845,0.227444708347,0.180102735758,0.202360033989,0.202404379845,0.202360033989,0.223869770765,0.182989448309,0.223835080862,0.1829611063,0.205645173788,0.199219852686,0.205613315105,0.199188992381,
0.185464665294,0.209326595068,0.164345160127,0.185464665294,0.185464665294,0.185464665294,0.205841198564,0.167105555534,0.205841198564,0.167105555534,0.188608437777,0.182404309511,0.188608437777,0.182404309511,
0.187369257212,0.211219578981,0.166208177805,0.187339454889,0.187369257212,0.187339454889,0.207895234227,0.168862313032,0.207871854305,0.168843328953,0.190375059843,0.184433668852,0.190353661776,0.184412926435,
0.187369257212,0.211219578981,0.166208177805,0.187339454889,0.187369257212,0.187339454889,0.207895234227,0.168862313032,0.207871854305,0.168843328953,0.190375059843,0.184433668852,0.190353661776,0.184412926435,
0.188181862235,0.212016582489,0.167008250952,0.188135623932,0.188181862235,0.188135623932,0.208771675825,0.169610798359,0.208735406399,0.169581323862,0.191119909286,0.185307174921,0.191086694598,0.185274958611,
0.188919246197,0.212733387947,0.167738109827,0.188856631517,0.188919246197,0.188856631517,0.20956723392,0.170289441943,0.209518104792,0.170249521732,0.19179007411,0.186104983091,0.191745102406,0.186061352491,
0.193410456181,0.218160301447,0.17147359252,0.19339415431,0.193410456181,0.19339415431,0.214077889919,0.174745902419,0.214065104723,0.174735486507,0.197103723884,0.189793422818,0.197091966867,0.189782097936,
0.193410456181,0.218160301447,0.17147359252,0.19339415431,0.193410456181,0.19339415431,0.214077889919,0.174745902419,0.214065104723,0.174735486507,0.197103723884,0.189793422818,0.197091966867,0.189782097936,
0.194525748491,0.219217672944,0.172586604953,0.194471508265,0.194525748491,0.194471508265,0.21528545022,0.175765454769,0.215243011713,0.175730824471,0.198091745377,0.191020071507,0.198052704334,0.190982431173,
0.194967210293,0.219623416662,0.173034548759,0.194894790649,0.194967210293,0.194894790649,0.215764835477,0.176167085767,0.215708166361,0.176120817661,0.198470652103,0.191516578197,0.198418527842,0.191466286778,
0.184780612588,0.208464697003,0.163785412908,0.184764206409,0.184780612588,0.184764206409,0.205086752772,0.166485711932,0.205073863268,0.166475251317,0.187834054232,0.181793272495,0.187822252512,0.181781858206,
0.18495196104,0.208588659763,0.163976162672,0.184917956591,0.18495196104,0.184917956591,0.205276012421,0.166636168957,0.205249324441,0.16661451757,0.187950268388,0.182012856007,0.187925845385,0.181989192963,
0.18495196104,0.208588659763,0.163976162672,0.184917956591,0.18495196104,0.184917956591,0.205276012421,0.166636168957,0.205249324441,0.16661451757,0.187950268388,0.182012856007,0.187925845385,0.181989192963,
0.185076996684,0.20860773325,0.164154067636,0.185010418296,0.185076996684,0.185010418296,0.205421373248,0.166734904051,0.205369114876,0.166692495346,0.187968283892,0.182232186198,0.187920451164,0.182185798883,
0.18894380331,0.214590087533,0.166365116835,0.18894380331,0.18894380331,0.18894380331,0.209362819791,0.170517235994,0.209362819791,0.170517235994,0.193660542369,0.184342384338,0.193660542369,0.184342384338,
0.188834309578,0.214423879981,0.166287869215,0.1888191998,0.188834309578,0.1888191998,0.209256112576,0.170402497053,0.209244281054,0.170392856002,0.193500220776,0.184277027845,0.193489283323,0.184266597033,
0.188651919365,0.214180424809,0.166142940521,0.188622638583,0.188651919365,0.188622638583,0.209071338177,0.170220047235,0.209048390388,0.170201376081,0.193267524242,0.184138610959,0.193246304989,0.184118404984,
0.188398480415,0.213861659169,0.165932148695,0.188355997205,0.188398480415,0.188355997205,0.208810448647,0.169971600175,0.208777159452,0.169944494963,0.192964211106,0.183929085732,0.192933440208,0.183899745345,
0.214651167393,0.240730762482,0.191429615021,0.214651167393,0.214651167393,0.214651167393,0.236810803413,0.194570451975,0.236810803413,0.194570451975,0.218195363879,0.211177587509,0.218195363879,0.211177587509,
0.213628709316,0.239542394876,0.190526336432,0.21360117197,0.213628709316,0.21360117197,0.235741436481,0.193588137627,0.235719949007,0.193570509553,0.217070013285,0.21024698019,0.217050239444,0.210227817297,
0.212960034609,0.238784596324,0.189925193787,0.212920084596,0.212960034609,0.212920084596,0.23503908515,0.192949712276,0.235007897019,0.192924112082,0.216353237629,0.209621489048,0.216324523091,0.209593653679,
0.212224960327,0.237957790494,0.189261347055,0.212173551321,0.212224960327,0.212173551321,0.234265953302,0.192249298096,0.234225824475,0.192216381431,0.215571403503,0.208928525448,0.215534478426,0.20889274776,
0.206664383411,0.231896966696,0.184188365936,0.206644535065,0.206664383411,0.206644535065,0.22842566669,0.186975479126,0.228410124779,0.186962783337,0.209801346064,0.203580319881,0.209787085652,0.203566491604,
0.206664383411,0.231896966696,0.184188365936,0.206644535065,0.206664383411,0.206644535065,0.22842566669,0.186975479126,0.228410124779,0.186962783337,0.209801346064,0.203580319881,0.209787085652,0.203566491604,
0.205648958683,0.230778515339,0.18325895071,0.20562043786,0.205648958683,0.20562043786,0.227351814508,0.186014771461,0.227329537272,0.18599653244,0.208746731281,0.202600568533,0.208726271987,0.202580720186,
0.204577490687,0.229601472616,0.182276844978,0.204541116953,0.204577490687,0.204541116953,0.226218000054,0.18500199914,0.226189538836,0.184978738427,0.207637190819,0.201563984156,0.207611083984,0.201538622379,
0.182184830308,0.204576969147,0.162261605263,0.182184830308,0.182184830308,0.182184830308,0.202575415373,0.163846701384,0.202575415373,0.163846701384,0.1839851439,0.180422604084,0.1839851439,0.180422604084,
0.180964425206,0.20324537158,0.161138683558,0.180958598852,0.180964425206,0.180958598852,0.201271370053,0.162704795599,0.201266795397,0.162701100111,0.182740718126,0.179224058986,0.182736575603,0.179219976068,
0.178396210074,0.200448691845,0.158773422241,0.178380474448,0.178396210074,0.178380474448,0.19852527976,0.16030395031,0.198512911797,0.160293966532,0.180128127337,0.176696449518,0.180116891861,0.17668543756,
0.178396210074,0.200448691845,0.158773422241,0.178380474448,0.178396210074,0.178380474448,0.19852527976,0.16030395031,0.198512911797,0.160293966532,0.180128127337,0.176696449518,0.180116891861,0.17668543756,
0.198005512357,0.222052752972,0.176576048136,0.198005512357,0.198005512357,0.198005512357,0.219429820776,0.178675144911,0.219429820776,0.178675144911,0.200368627906,0.195675760508,0.200368627906,0.195675760508,
0.196437358856,0.220358908176,0.175121843815,0.196432515979,0.196437358856,0.196432515979,0.217760980129,0.177202671766,0.217757195234,0.177199572325,0.198778226972,0.194128125906,0.198774755001,0.194124743342,
0.193187952042,0.216852009296,0.172108054161,0.19317509234,0.193187952042,0.19317509234,0.214300245047,0.17415432632,0.214290142059,0.17414611578,0.19548740983,0.190917208791,0.195478200912,0.190908223391,
0.191510498524,0.215042591095,0.170552328229,0.19149440527,0.191510498524,0.19149440527,0.21251231432,0.172582075,0.212499678135,0.172571823001,0.193790525198,0.189257979393,0.193778991699,0.189246743917,
0.176086783409,0.197727710009,0.15681989491,0.176084116101,0.176086783409,0.176084116101,0.196138337255,0.158084452152,0.196136236191,0.15808275342,0.177514374256,0.174678966403,0.177512481809,0.174677103758,
0.176086783409,0.197727710009,0.15681989491,0.176084116101,0.176086783409,0.176084116101,0.196138337255,0.158084452152,0.196136236191,0.15808275342,0.177514374256,0.174678966403,0.177512481809,0.174677103758,
0.174349933863,0.195857018232,0.155208319426,0.174345463514,0.174349933863,0.174345463514,0.194276571274,0.15646597743,0.1942730546,0.15646314621,0.175769373775,0.172949641943,0.175766170025,0.172946512699,
0.170803412795,0.192037850618,0.151919126511,0.17079731822,0.170803412795,0.17079731822,0.190472066402,0.153164207935,0.190467268229,0.153160333633,0.172208920121,0.16941639781,0.172204568982,0.169412106276,
0.170823842287,0.191834405065,0.152119457722,0.170823901892,0.170823842287,0.170823901892,0.190487474203,0.15319250524,0.190487504005,0.153192535043,0.172031700611,0.169627293944,0.172031730413,0.169627338648,
0.168925225735,0.189795434475,0.150355324149,0.168925777078,0.168925225735,0.168925777078,0.188448891044,0.151426792145,0.188449323177,0.151427149773,0.170132115483,0.167729824781,0.170132502913,0.167730212212,
0.168925225735,0.189795434475,0.150355324149,0.168925777078,0.168925225735,0.168925777078,0.188448891044,0.151426792145,0.188449323177,0.151427149773,0.170132115483,0.167729824781,0.170132502913,0.167730212212,
0.167008846998,0.187736839056,0.14857545495,0.1670101583,0.167008846998,0.1670101583,0.186390072107,0.149645656347,0.186391115189,0.149646490812,0.16821525991,0.165814206004,0.168216198683,0.165815129876,
0.161736607552,0.18200057745,0.14373113215,0.161736607552,0.161736607552,0.161736607552,0.180763810873,0.144713014364,0.180763810873,0.144713014364,0.162843346596,0.160639405251,0.162843346596,0.160639405251,
0.157820373774,0.177787870169,0.140099942684,0.157822936773,0.157820373774,0.157822936773,0.176544994116,0.141083151102,0.176547020674,0.14108479023,0.158931016922,0.156720161438,0.158932864666,0.156721949577,
0.155817687511,0.175632610917,0.138243764639,0.155821382999,0.155817687511,0.155821382999,0.174385458231,0.139228656888,0.174388408661,0.13923099637,0.156931400299,0.154714852571,0.156934052706,0.154717460275,
0.153805777431,0.17346636951,0.136380195618,0.153810888529,0.153805777431,0.153810888529,0.172214642167,0.1373668015,0.172218695283,0.137370049953,0.154922768474,0.152700215578,0.154926404357,0.152703806758,
0.167729407549,0.188460692763,0.149279922247,0.167729407549,0.167729407549,0.167729407549,0.187226608396,0.150262862444,0.187226608396,0.150262862444,0.168834939599,0.166632220149,0.168834939599,0.166632220149,
0.163390591741,0.183810606599,0.145243868232,0.163394555449,0.163390591741,0.163394555449,0.18256008625,0.146235257387,0.182563245296,0.146237760782,0.164508923888,0.162282079458,0.164511740208,0.162284880877,
0.161186993122,0.181447386742,0.143195703626,0.161193281412,0.161186993122,0.161193281412,0.180187672377,0.14419183135,0.180192649364,0.14419580996,0.162312507629,0.160072147846,0.162316992879,0.160076573491,
0.158978462219,0.17907731235,0.141144484282,0.158987283707,0.158978462219,0.158987283707,0.177808314562,0.142145246267,0.177815303206,0.142150834203,0.160111173987,0.157857358456,0.160117462277,0.15786357224,
0.152247130871,0.171786248684,0.134932979941,0.152249902487,0.152247130871,0.152249902487,0.170555084944,0.135905206203,0.170557275414,0.13590696454,0.15334571898,0.151157647371,0.153347700834,0.151159584522,
0.152247130871,0.171786248684,0.134932979941,0.152249902487,0.152247130871,0.152249902487,0.170555084944,0.135905206203,0.170557275414,0.13590696454,0.15334571898,0.151157647371,0.153347700834,0.151159584522,
0.147831559181,0.167034029961,0.130844146013,0.147839903831,0.147831559181,0.147839903831,0.165782660246,0.131826490164,0.165789276361,0.131831735373,0.148945868015,0.14672845602,0.148951798677,0.146734297276,
0.145624667406,0.164655894041,0.128802955151,0.145635694265,0.145624667406,0.145635694265,0.163394838572,0.129790067673,0.163403570652,0.129797011614,0.146746456623,0.144515067339,0.146754309535,0.144522815943,
0.151878789067,0.171348959208,0.134621232748,0.151878789067,0.151878789067,0.151878789067,0.170161753893,0.135560244322,0.170161753893,0.135560244322,0.152938380837,0.150826722383,0.152938380837,0.150826722383,
0.149559497833,0.168855860829,0.132471352816,0.149562716484,0.149559497833,0.149562716484,0.167655467987,0.133417576551,0.167658030987,0.133419618011,0.150629580021,0.148498088121,0.150631889701,0.148500353098,
0.144932985306,0.163876056671,0.128188699484,0.144942998886,0.144932985306,0.144942998886,0.162650391459,0.129148170352,0.162658333778,0.129154473543,0.146022990346,0.14385420084,0.146030128002,0.143861219287,
0.142627924681,0.161391600966,0.126057937741,0.142641469836,0.142627924681,0.142641469836,0.160153925419,0.127023398876,0.160164654255,0.12703192234,0.14372728765,0.141541063786,0.143736928701,0.141550570726,
0.1435174793,0.162214756012,0.126975297928,0.1435174793,0.1435174793,0.1435174793,0.161125421524,0.127833768725,0.161125421524,0.127833768725,0.144487768412,0.142553716898,0.144487768412,0.142553716898,
0.141183659434,0.1597006917,0.124817222357,0.141187697649,0.141183659434,0.141187697649,0.158596664667,0.125683560967,0.158599883318,0.125686094165,0.142165616155,0.140209674835,0.142168477178,0.140212506056,
0.138857766986,0.157192751765,0.122668556869,0.138865888119,0.138857766986,0.138865888119,0.15607458353,0.123542293906,0.156081035733,0.123547405005,0.139850884676,0.137874081731,0.139856666327,0.137879788876,
0.136540710926,0.154691904783,0.120530150831,0.136552959681,0.136540710926,0.136552959681,0.153560131788,0.121410787106,0.153569877148,0.121418491006,0.137544482946,0.135547831655,0.137553200126,0.135556444526,
-0,-0,-0,-0,-0,-0,-0,-0,-0,-0,-0,-0,-0,-0,
-0,-0,-0,-0,-0,-0,-0,-0,-0,-0,-0,-0,-0,-0,
-0,-0,-0,-0,-0,-0,-0,-0,-0,-0,-0,-0,-0,-0,
-0,-0,-0,-0,-0,-0,-0,-0,-0,-0,-0,-0,-0,-0,
-0,-0,-0,-0,-0,-0,-0,-0,-0,-0,-0,-0,-0,-0,
-0,-0,-0,-0,-0,-0,-0,-0,-0,-0,-0,-0,-0,-0,
-0,-0,-0,-0,-0,-0,-0,-0,-0,-0,-0,-0,-0,-0,
-0,-0,-0,-0,-0,-0,-0,-0,-0,-0,-0,-0,-0,-0,
-0,-0,-0,-0,-0,-0,-0,-0,-0,-0,-0,-0,-0,-0,
-0,-0,-0,-0,-0,-0,-0,-0,-0,-0,-0,-0,-0,-0,
-0,-0,-0,-0,-0,-0,-0,-0,-0,-0,-0,-0,-0,-0,
-0,-0,-0,-0,-0,-0,-0,-0,-0,-0,-0,-0,-0,-0,
-0,-0,-0,-0,-0,-0,-0,-0,-0,-0,-0,-0,-0,-0,
-0,-0,-0,-0,-0,-0,-0,-0,-0,-0,-0,-0,-0,-0,
-0,-0,-0,-0,-0,-0,-0,-0,-0,-0,-0,-0,-0,-0,
-0,-0,-0,-0,-0,-0,-0,-0,-0,-0,-0,-0,-0,-0,
-0,-0,-0,-0,-0,-0,-0,-0,-0,-0,-0,-0,-0,-0,
-0,-0,-0,-0,-0,-0,-0,-0,-0,-0,-0,-0,-0,-0,
-0,-0,-0,-0,-0,-0,-0,-0,-0,-0,-0,-0,-0,-0,
-0,-0,-0,-0,-0,-0,-0,-0,-0,-0,-0,-0,-0,-0,
-0,-0,-0,-0,-0,-0,-0,-0,-0,-0,-0,-0,-0,-0,
-0,-0,-0,-0,-0,-0,-0,-0,-0,-0,-0,-0,-0,-0,
-0,-0,-0,-0,-0,-0,-0,-0,-0,-0,-0,-0,-0,-0,
-0,-0,-0,-0,-0,-0,-0,-0,-0,-0,-0,-0,-0,-0,
-0,-0,-0,-0,-0,-0,-0,-0,-0,-0,-0,-0,-0,-0,
-0,-0,-0,-0,-0,-0,-0,-0,-0,-0,-0,-0,-0,-0,
-0,-0,-0,-0,-0,-0,-0,-0,-0,-0,-0,-0,-0,-0,
-0,-0,-0,-0,-0,-0,-0,-0,-0,-0,-0,-0,-0,-0,
-0,-0,-0,-0,-0,-0,-0,-0,-0,-0,-0,-0,-0,-0,
-0,-0,-0,-0,-0,-0,-0,-0,-0,-0,-0,-0,-0,-0,
-0,-0,-0,-0,-0,-0,-0,-0,-0,-0,-0,-0,-0,-0,
-0,-0,-0,-0,-0,-0,-0,-0,-0,-0,-0,-0,-0,-0,
-0,-0,-0,-0,-0,-0,-0,-0,-0,-0,-0,-0,-0,-0,
-0,-0,-0,-0,-0,-0,-0,-0,-0,-0,-0,-0,-0,-0,
-0,-0,-0,-0,-0,-0,-0,-0,-0,-0,-0,-0,-0,-0,
-0,-0,-0,-0,-0,-0,-0,-0,-0,-0,-0,-0,-0,-0,
-0,-0,-0,-0,-0,-0,-0,-0,-0,-0,-0,-0,-0,-0,
-0,-0,-0,-0,-0,-0,-0,-0,-0,-0,-0,-0,-0,-0,
-0,-0,-0,-0,-0,-0,-0,-0,-0,-0,-0,-0,-0,-0,
-0,-0,-0,-0,-0,-0,-0,-0,-0,-0,-0,-0,-0,-0,
-0,-0,-0,-0,-0,-0,-0,-0,-0,-0,-0,-0,-0,-0,
-0,-0,-0,-0,-0,-0,-0,-0,-0,-0,-0,-0,-0,-0,
-0,-0,-0,-0,-0,-0,-0,-0,-0,-0,-0,-0,-0,-0,
-0,-0,-0,-0,-0,-0,-0,-0,-0,-0,-0,-0,-0,-0,
-0,-0,-0,-0,-0,-0,-0,-0,-0,-0,-0,-0,-0,-0,
-0,-0,-0,-0,-0,-0,-0,-0,-0,-0,-0,-0,-0,-0,
-0,-0,-0,-0,-0,-0,-0,-0,-0,-0,-0,-0,-0,-0,
-0,-0,-0,-0,-0,-0,-0,-0,-0,-0,-0,-0,-0,-0,
-0,-0,-0,-0,-0,-0,-0,-0,-0,-0,-0,-0,-0,-0,
-0,-0,-0,-0,-0,-0,-0,-0,-0,-0,-0,-0,-0,-0,
-0,-0,-0,-0,-0,-0,-0,-0,-0,-0,-0,-0,-0,-0,
-0,-0,-0,-0,-0,-0,-0,-0,-0,-0,-0,-0,-0,-0,
-0,-0,-0,-0,-0,-0,-0,-0,-0,-0,-0,-0,-0,-0,
-0,-0,-0,-0,-0,-0,-0,-0,-0,-0,-0,-0,-0,-0,
-0,-0,-0,-0,-0,-0,-0,-0,-0,-0,-0,-0,-0,-0,
-0,-0,-0,-0,-0,-0,-0,-0,-0,-0,-0,-0,-0,-0,
-0,-0,-0,-0,-0,-0,-0,-0,-0,-0,-0,-0,-0,-0,
-0,-0,-0,-0,-0,-0,-0,-0,-0,-0,-0,-0,-0,-0,
-0,-0,-0,-0,-0,-0,-0,-0,-0,-0,-0,-0,-0,-0,
-0,-0,-0,-0,-0,-0,-0,-0,-0,-0,-0,-0,-0,-0,
-0,-0,-0,-0,-0,-0,-0,-0,-0,-0,-0,-0,-0,-0,
-0,-0,-0,-0,-0,-0,-0,-0,-0,-0,-0,-0,-0,-0,
-0,-0,-0,-0,-0,-0,-0,-0,-0,-0,-0,-0,-0,-0,
-0,-0,-0,-0,-0,-0,-0,-0,-0,-0,-0,-0,-0,-0,
-0,-0,-0,-0,-0,-0,-0,-0,-0,-0,-0,-0,-0,-0,
-0,-0,-0,-0,-0,-0,-0,-0,-0,-0,-0,-0,-0,-0,
-0,-0,-0,-0,-0,-0,-0,-0,-0,-0,-0,-0,-0,-0,
-0,-0,-0,-0,-0,-0,-0,-0,-0,-0,-0,-0,-0,-0,
-0,-0,-0,-0,-0,-0,-0,-0,-0,-0,-0,-0,-0,-0,
-0,-0,-0,-0,-0,-0,-0,-0,-0,-0,-0,-0,-0,-0,
-0,-0,-0,-0,-0,-0,-0,-0,-0,-0,-0,-0,-0,-0,
-0,-0,-0,-0,-0,-0,-0,-0,-0,-0,-0,-0,-0,-0,
-0,-0,-0,-0,-0,-0,-0,-0,-0,-0,-0,-0,-0,-0,
-0,-0,-0,-0,-0,-0,-0,-0,-0,-0,-0,-0,-0,-0,
-0,-0,-0,-0,-0,-0,-0,-0,-0,-0,-0,-0,-0,-0,
-0,-0,-0,-0,-0,-0,-0,-0,-0,-0,-0,-0,-0,-0,
-0,-0,-0,-0,-0,-0,-0,-0,-0,-0,-0,-0,-0,-0,
-0,-0,-0,-0,-0,-0,-0,-0,-0,-0,-0,-0,-0,-0,
-0,-0,-0,-0,-0,-0,-0,-0,-0,-0,-0,-0,-0,-0,
-0,-0,-0,-0,-0,-0,-0,-0,-0,-0,-0,-0,-0,-0,
-0,-0,-0,-0,-0,-0,-0,-0,-0,-0,-0,-0,-0,-0,
-0,-0,-0,-0,-0,-0,-0,-0,-0,-0,-0,-0,-0,-0,
-0,-0,-0,-0,-0,-0,-0,-0,-0,-0,-0,-0,-0,-0,
-0,-0,-0,-0,-0,-0,-0,-0,-0,-0,-0,-0,-0,-0,
-0,-0,-0,-0,-0,-0,-0,-0,-0,-0,-0,-0,-0,-0,
-0,-0,-0,-0,-0,-0,-0,-0,-0,-0,-0,-0,-0,-0,
-0,-0,-0,-0,-0,-0,-0,-0,-0,-0,-0,-0,-0,-0,
-0,-0,-0,-0,-0,-0,-0,-0,-0,-0,-0,-0,-0,-0,
-0,-0,-0,-0,-0,-0,-0,-0,-0,-0,-0,-0,-0,-0,
-0,-0,-0,-0,-0,-0,-0,-0,-0,-0,-0,-0,-0,-0,
-0,-0,-0,-0,-0,-0,-0,-0,-0,-0,-0,-0,-0,-0,
-0,-0,-0,-0,-0,-0,-0,-0,-0,-0,-0,-0,-0,-0,
-0,-0,-0,-0,-0,-0,-0,-0,-0,-0,-0,-0,-0,-0,
-0,-0,-0,-0,-0,-0,-0,-0,-0,-0,-0,-0,-0,-0,
-0,-0,-0,-0,-0,-0,-0,-0,-0,-0,-0,-0,-0,-0,
-0,-0,-0,-0,-0,-0,-0,-0,-0,-0,-0,-0,-0,-0,
-0,-0,-0,-0,-0,-0,-0,-0,-0,-0,-0,-0,-0,-0,
-0,-0,-0,-0,-0,-0,-0,-0,-0,-0,-0,-0,-0,-0,
-0,-0,-0,-0,-0,-0,-0,-0,-0,-0,-0,-0,-0,-0,
-0,-0,-0,-0,-0,-0,-0,-0,-0,-0,-0,-0,-0,-0,
-0,-0,-0,-0,-0,-0,-0,-0,-0,-0,-0,-0,-0,-0,
-0,-0,-0,-0,-0,-0,-0,-0,-0,-0,-0,-0,-0,-0,
-0,-0,-0,-0,-0,-0,-0,-0,-0,-0,-0,-0,-0,-0,
-0,-0,-0,-0,-0,-0,-0,-0,-0,-0,-0,-0,-0,-0,
-0,-0,-0,-0,-0,-0,-0,-0,-0,-0,-0,-0,-0,-0,
-0,-0,-0,-0,-0,-0,-0,-0,-0,-0,-0,-0,-0,-0,
-0,-0,-0,-0,-0,-0,-0,-0,-0,-0,-0,-0,-0,-0,
-0,-0,-0,-0,-0,-0,-0,-0,-0,-0,-0,-0,-0,-0,
-0,-0,-0,-0,-0,-0,-0,-0,-0,-0,-0,-0,-0,-0,
-0,-0,-0,-0,-0,-0,-0,-0,-0,-0,-0,-0,-0,-0,
-0,-0,-0,-0,-0,-0,-0,-0,-0,-0,-0,-0,-0,-0,
-0,-0,-0,-0,-0,-0,-0,-0,-0,-0,-0,-0,-0,-0,
-0,-0,-0,-0,-0,-0,-0,-0,-0,-0,-0,-0,-0,-0,
-0,-0,-0,-0,-0,-0,-0,-0,-0,-0,-0,-0,-0,-0,
-0,-0,-0,-0,-0,-0,-0,-0,-0,-0,-0,-0,-0,-0,
-0,-0,-0,-0,-0,-0,-0,-0,-0,-0,-0,-0,-0,-0,
-0,-0,-0,-0,-0,-0,-0,-0,-0,-0,-0,-0,-0,-0,
-0,-0,-0,-0,-0,-0,-0,-0,-0,-0,-0,-0,-0,-0,
-0,-0,-0,-0,-0,-0,-0,-0,-0,-0,-0,-0,-0,-0,
-0,-0,-0,-0,-0,-0,-0,-0,-0,-0,-0,-0,-0,-0,
-0,-0,-0,-0,-0,-0,-0,-0,-0,-0,-0,-0,-0,-0,
-0,-0,-0,-0,-0,-0,-0,-0,-0,-0,-0,-0,-0,-0,
-0,-0,-0,-0,-0,-0,-0,-0,-0,-0,-0,-0,-0,-0,
-0,-0,-0,-0,-0,-0,-0,-0,-0,-0,-0,-0,-0,-0,
-0,-0,-0,-0,-0,-0,-0,-0,-0,-0,-0,-0,-0,-0,
-0,-0,-0,-0,-0,-0,-0,-0,-0,-0,-0,-0,-0,-0,
-0,-0,-0,-0,-0,-0,-0,-0,-0,-0,-0,-0,-0,-0,
-0,-0,-0,-0,-0,-0,-0,-0,-0,-0,-0,-0,-0,-0,
-0,-0,-0,-0,-0,-0,-0,-0,-0,-0,-0,-0,-0,-0,
-0,-0,-0,-0,-0,-0,-0,-0,-0,-0,-0,-0,-0,-0,
-0,-0,-0,-0,-0,-0,-0,-0,-0,-0,-0,-0,-0,-0,
-0,-0,-0,-0,-0,-0,-0,-0,-0,-0,-0,-0,-0,-0,
-0,-0,-0,-0,-0,-0,-0,-0,-0,-0,-0,-0,-0,-0,
-0,-0,-0,-0,-0,-0,-0,-0,-0,-0,-0,-0,-0,-0,
-0,-0,-0,-0,-0,-0,-0,-0,-0,-0,-0,-0,-0,-0,
-0,-0,-0,-0,-0,-0,-0,-0,-0,-0,-0,-0,-0,-0,
-0,-0,-0,-0,-0,-0,-0,-0,-0,-0,-0,-0,-0,-0,
-0,-0,-0,-0,-0,-0,-0,-0,-0,-0,-0,-0,-0,-0,
-0,-0,-0,-0,-0,-0,-0,-0,-0,-0,-0,-0,-0,-0,
-0,-0,-0,-0,-0,-0,-0,-0,-0,-0,-0,-0,-0,-0,
-0,-0,-0,-0,-0,-0,-0,-0,-0,-0,-0,-0,-0,-0,
-0,-0,-0,-0,-0,-0,-0,-0,-0,-0,-0,-0,-0,-0,
-0,-0,-0,-0,-0,-0,-0,-0,-0,-0,-0,-0,-0,-0,
-0,-0,-0,-0,-0,-0,-0,-0,-0,-0,-0,-0,-0,-0,
-0,-0,-0,-0,-0,-0,-0,-0,-0,-0,-0,-0,-0,-0,
-0,-0,-0,-0,-0,-0,-0,-0,-0,-0,-0,-0,-0,-0,
-0,-0,-0,-0,-0,-0,-0,-0,-0,-0,-0,-0,-0,-0,
-0,-0,-0,-0,-0,-0,-0,-0,-0,-0,-0,-0,-0,-0,
-0,-0,-0,-0,-0,-0,-0,-0,-0,-0,-0,-0,-0,-0,
-0,-0,-0,-0,-0,-0,-0,-0,-0,-0,-0,-0,-0,-0,
-0,-0,-0,-0,-0,-0,-0,-0,-0,-0,-0,-0,-0,-0,
-0,-0,-0,-0,-0,-0,-0,-0,-0,-0,-0,-0,-0,-0,
-0,-0,-0,-0,-0,-0,-0,-0,-0,-0,-0,-0,-0,-0,
-0,-0,-0,-0,-0,-0,-0,-0,-0,-0,-0,-0,-0,-0,
-0,-0,-0,-0,-0,-0,-0,-0,-0,-0,-0,-0,-0,-0,
-0,-0,-0,-0,-0,-0,-0,-0,-0,-0,-0,-0,-0,-0,
-0,-0,-0,-0,-0,-0,-0,-0,-0,-0,-0,-0,-0,-0,
-0,-0,-0,-0,-0,-0,-0,-0,-0,-0,-0,-0,-0,-0,
-0,-0,-0,-0,-0,-0,-0,-0,-0,-0,-0,-0,-0,-0,
-0,-0,-0,-0,-0,-0,-0,-0,-0,-0,-0,-0,-0,-0,
-0,-0,-0,-0,-0,-0,-0,-0,-0,-0,-0,-0,-0,-0,
-0,-0,-0,-0,-0,-0,-0,-0,-0,-0,-0,-0,-0,-0,
-0,-0,-0,-0,-0,-0,-0,-0,-0,-0,-0,-0,-0,-0,
-0,-0,-0,-0,-0,-0,-0,-0,-0,-0,-0,-0,-0,-0,
-0,-0,-0,-0,-0,-0,-0,-0,-0,-0,-0,-0,-0,-0,
-0,-0,-0,-0,-0,-0,-0,-0,-0,-0,-0,-0,-0,-0,
-0,-0,-0,-0,-0,-0,-0,-0,-0,-0,-0,-0,-0,-0,
-0,-0,-0,-0,-0,-0,-0,-0,-0,-0,-0,-0,-0,-0,
-0,-0,-0,-0,-0,-0,-0,-0,-0,-0,-0,-0,-0,-0,
-0,-0,-0,-0,-0,-0,-0,-0,-0,-0,-0,-0,-0,-0,
-0,-0,-0,-0,-0,-0,-0,-0,-0,-0,-0,-0,-0,-0,
-0,-0,-0,-0,-0,-0,-0,-0,-0,-0,-0,-0,-0,-0,
-0,-0,-0,-0,-0,-0,-0,-0,-0,-0,-0,-0,-0,-0,
-0,-0,-0,-0,-0,-0,-0,-0,-0,-0,-0,-0,-0,-0,
-0,-0,-0,-0,-0,-0,-0,-0,-0,-0,-0,-0,-0,-0,
-0,-0,-0,-0,-0,-0,-0,-0,-0,-0,-0,-0,-0,-0,
-0,-0,-0,-0,-0,-0,-0,-0,-0,-0,-0,-0,-0,-0,
-0,-0,-0,-0,-0,-0,-0,-0,-0,-0,-0,-0,-0,-0,
-0,-0,-0,-0,-0,-0,-0,-0,-0,-0,-0,-0,-0,-0,
-0,-0,-0,-0,-0,-0,-0,-0,-0,-0,-0,-0,-0,-0,
-0,-0,-0,-0,-0,-0,-0,-0,-0,-0,-0,-0,-0,-0,
-0,-0,-0,-0,-0,-0,-0,-0,-0,-0,-0,-0,-0,-0,
-0,-0,-0,-0,-0,-0,-0,-0,-0,-0,-0,-0,-0,-0,
-0,-0,-0,-0,-0,-0,-0,-0,-0,-0,-0,-0,-0,-0,
-0,-0,-0,-0,-0,-0,-0,-0,-0,-0,-0,-0,-0,-0,
-0,-0,-0,-0,-0,-0,-0,-0,-0,-0,-0,-0,-0,-0,
-0,-0,-0,-0,-0,-0,-0,-0,-0,-0,-0,-0,-0,-0,
-0,-0,-0,-0,-0,-0,-0,-0,-0,-0,-0,-0,-0,-0,
-0,-0,-0,-0,-0,-0,-0,-0,-0,-0,-0,-0,-0,-0,
-0,-0,-0,-0,-0,-0,-0,-0,-0,-0,-0,-0,-0,-0,
-0,-0,-0,-0,-0,-0,-0,-0,-0,-0,-0,-0,-0,-0,
-0,-0,-0,-0,-0,-0,-0,-0,-0,-0,-0,-0,-0,-0,
-0,-0,-0,-0,-0,-0,-0,-0,-0,-0,-0,-0,-0,-0,
-0,-0,-0,-0,-0,-0,-0,-0,-0,-0,-0,-0,-0,-0,
-0,-0,-0,-0,-0,-0,-0,-0,-0,-0,-0,-0,-0,-0,
-0,-0,-0,-0,-0,-0,-0,-0,-0,-0,-0,-0,-0,-0,
-0,-0,-0,-0,-0,-0,-0,-0,-0,-0,-0,-0,-0,-0,
-0,-0,-0,-0,-0,-0,-0,-0,-0,-0,-0,-0,-0,-0,
-0,-0,-0,-0,-0,-0,-0,-0,-0,-0,-0,-0,-0,-0,
-0,-0,-0,-0,-0,-0,-0,-0,-0,-0,-0,-0,-0,-0,
-0,-0,-0,-0,-0,-0,-0,-0,-0,-0,-0,-0,-0,-0,
-0,-0,-0,-0,-0,-0,-0,-0,-0,-0,-0,-0,-0,-0,
-0,-0,-0,-0,-0,-0,-0,-0,-0,-0,-0,-0,-0,-0,
-0,-0,-0,-0,-0,-0,-0,-0,-0,-0,-0,-0,-0,-0,
-0,-0,-0,-0,-0,-0,-0,-0,-0,-0,-0,-0,-0,-0,
-0,-0,-0,-0,-0,-0,-0,-0,-0,-0,-0,-0,-0,-0,
-0,-0,-0,-0,-0,-0,-0,-0,-0,-0,-0,-0,-0,-0,
-0,-0,-0,-0,-0,-0,-0,-0,-0,-0,-0,-0,-0,-0,
-0,-0,-0,-0,-0,-0,-0,-0,-0,-0,-0,-0,-0,-0,
-0,-0,-0,-0,-0,-0,-0,-0,-0,-0,-0,-0,-0,-0,
-0,-0,-0,-0,-0,-0,-0,-0,-0,-0,-0,-0,-0,-0,
-0,-0,-0,-0,-0,-0,-0,-0,-0,-0,-0,-0,-0,-0,
-0,-0,-0,-0,-0,-0,-0,-0,-0,-0,-0,-0,-0,-0,
-0,-0,-0,-0,-0,-0,-0,-0,-0,-0,-0,-0,-0,-0,
-0,-0,-0,-0,-0,-0,-0,-0,-0,-0,-0,-0,-0,-0,
-0,-0,-0,-0,-0,-0,-0,-0,-0,-0,-0,-0,-0,-0,
-0,-0,-0,-0,-0,-0,-0,-0,-0,-0,-0,-0,-0,-0,
-0,-0,-0,-0,-0,-0,-0,-0,-0,-0,-0,-0,-0,-0,
-0,-0,-0,-0,-0,-0,-0,-0,-0,-0,-0,-0,-0,-0,
-0,-0,-0,-0,-0,-0,-0,-0,-0,-0,-0,-0,-0,-0,
-0,-0,-0,-0,-0,-0,-0,-0,-0,-0,-0,-0,-0,-0,
-0,-0,-0,-0,-0,-0,-0,-0,-0,-0,-0,-0,-0,-0,
-0,-0,-0,-0,-0,-0,-0,-0,-0,-0,-0,-0,-0,-0,
-0,-0,-0,-0,-0,-0,-0,-0,-0,-0,-0,-0,-0,-0,
-0,-0,-0,-0,-0,-0,-0,-0,-0,-0,-0,-0,-0,-0,
-0,-0,-0,-0,-0,-0,-0,-0,-0,-0,-0,-0,-0,-0,
-0,-0,-0,-0,-0,-0,-0,-0,-0,-0,-0,-0,-0,-0,
-0,-0,-0,-0,-0,-0,-0,-0,-0,-0,-0,-0,-0,-0,
-0,-0,-0,-0,-0,-0,-0,-0,-0,-0,-0,-0,-0,-0,
-0,-0,-0,-0,-0,-0,-0,-0,-0,-0,-0,-0,-0,-0,
-0,-0,-0,-0,-0,-0,-0,-0,-0,-0,-0,-0,-0,-0,
-0,-0,-0,-0,-0,-0,-0,-0,-0,-0,-0,-0,-0,-0,
-0,-0,-0,-0,-0,-0,-0,-0,-0,-0,-0,-0,-0,-0,
-0,-0,-0,-0,-0,-0,-0,-0,-0,-0,-0,-0,-0,-0,
-0,-0,-0,-0,-0,-0,-0,-0,-0,-0,-0,-0,-0,-0,
-0,-0,-0,-0,-0,-0,-0,-0,-0,-0,-0,-0,-0,-0,
-0,-0,-0,-0,-0,-0,-0,-0,-0,-0,-0,-0,-0,-0,
-0,-0,-0,-0,-0,-0,-0,-0,-0,-0,-0,-0,-0,-0,
-0,-0,-0,-0,-0,-0,-0,-0,-0,-0,-0,-0,-0,-0,
-0,-0,-0,-0,-0,-0,-0,-0,-0,-0,-0,-0,-0,-0,
-0,-0,-0,-0,-0,-0,-0,-0,-0,-0,-0,-0,-0,-0,
-0,-0,-0,-0,-0,-0,-0,-0,-0,-0,-0,-0,-0,-0,
-0,-0,-0,-0,-0,-0,-0,-0,-0,-0,-0,-0,-0,-0,
-0,-0,-0,-0,-0,-0,-0,-0,-0,-0,-0,-0,-0,-0,
-0,-0,-0,-0,-0,-0,-0,-0,-0,-0,-0,-0,-0,-0,
-0,-0,-0,-0,-0,-0,-0,-0,-0,-0,-0,-0,-0,-0,
-0,-0,-0,-0,-0,-0,-0,-0,-0,-0,-0,-0,-0,-0,
-0,-0,-0,-0,-0,-0,-0,-0,-0,-0,-0,-0,-0,-0,
-0,-0,-0,-0,-0,-0,-0,-0,-0,-0,-0,-0,-0,-0,
-0,-0,-0,-0,-0,-0,-0,-0,-0,-0,-0,-0,-0,-0,
-0,-0,-0,-0,-0,-0,-0,-0,-0,-0,-0,-0,-0,-0,
-0,-0,-0,-0,-0,-0,-0,-0,-0,-0,-0,-0,-0,-0,
-0,-0,-0,-0,-0,-0,-0,-0,-0,-0,-0,-0,-0,-0,
-0,-0,-0,-0,-0,-0,-0,-0,-0,-0,-0,-0,-0,-0,
-0,-0,-0,-0,-0,-0,-0,-0,-0,-0,-0,-0,-0,-0,
-0,-0,-0,-0,-0,-0,-0,-0,-0,-0,-0,-0,-0,-0,
-0,-0,-0,-0,-0,-0,-0,-0,-0,-0,-0,-0,-0,-0,
-0,-0,-0,-0,-0,-0,-0,-0,-0,-0,-0,-0,-0,-0,
-0,-0,-0,-0,-0,-0,-0,-0,-0,-0,-0,-0,-0,-0,
-0,-0,-0,-0,-0,-0,-0,-0,-0,-0,-0,-0,-0,-0,
-0,-0,-0,-0,-0,-0,-0,-0,-0,-0,-0,-0,-0,-0,
-0,-0,-0,-0,-0,-0,-0,-0,-0,-0,-0,-0,-0,-0,
-0,-0,-0,-0,-0,-0,-0,-0,-0,-0,-0,-0,-0,-0,
-0,-0,-0,-0,-0,-0,-0,-0,-0,-0,-0,-0,-0,-0,
-0,-0,-0,-0,-0,-0,-0,-0,-0,-0,-0,-0,-0,-0,
-0,-0,-0,-0,-0,-0,-0,-0,-0,-0,-0,-0,-0,-0,
-0,-0,-0,-0,-0,-0,-0,-0,-0,-0,-0,-0,-0,-0,
-0,-0,-0,-0,-0,-0,-0,-0,-0,-0,-0,-0,-0,-0,
-0,-0,-0,-0,-0,-0,-0,-0,-0,-0,-0,-0,-0,-0,
-0,-0,-0,-0,-0,-0,-0,-0,-0,-0,-0,-0,-0,-0,
-0,-0,-0,-0,-0,-0,-0,-0,-0,-0,-0,-0,-0,-0,
-0,-0,-0,-0,-0,-0,-0,-0,-0,-0,-0,-0,-0,-0,
-0,-0,-0,-0,-0,-0,-0,-0,-0,-0,-0,-0,-0,-0,
-0,-0,-0,-0,-0,-0,-0,-0,-0,-0,-0,-0,-0,-0,
-0,-0,-0,-0,-0,-0,-0,-0,-0,-0,-0,-0,-0,-0,
-0,-0,-0,-0,-0,-0,-0,-0,-0,-0,-0,-0,-0,-0,
-0,-0,-0,-0,-0,-0,-0,-0,-0,-0,-0,-0,-0,-0,
-0,-0,-0,-0,-0,-0,-0,-0,-0,-0,-0,-0,-0,-0,
-0,-0,-0,-0,-0,-0,-0,-0,-0,-0,-0,-0,-0,-0,
-0,-0,-0,-0,-0,-0,-0,-0,-0,-0,-0,-0,-0,-0,
-0,-0,-0,-0,-0,-0,-0,-0,-0,-0,-0,-0,-0,-0,
-0,-0,-0,-0,-0,-0,-0,-0,-0,-0,-0,-0,-0,-0,
-0,-0,-0,-0,-0,-0,-0,-0,-0,-0,-0,-0,-0,-0,
-0,-0,-0,-0,-0,-0,-0,-0,-0,-0,-0,-0,-0,-0,
-0,-0,-0,-0,-0,-0,-0,-0,-0,-0,-0,-0,-0,-0,
-0,-0,-0,-0,-0,-0,-0,-0,-0,-0,-0,-0,-0,-0,
-0,-0,-0,-0,-0,-0,-0,-0,-0,-0,-0,-0,-0,-0,
-0,-0,-0,-0,-0,-0,-0,-0,-0,-0,-0,-0,-0,-0,
-0,-0,-0,-0,-0,-0,-0,-0,-0,-0,-0,-0,-0,-0,
-0,-0,-0,-0,-0,-0,-0,-0,-0,-0,-0,-0,-0,-0,
-0,-0,-0,-0,-0,-0,-0,-0,-0,-0,-0,-0,-0,-0,
-0,-0,-0,-0,-0,-0,-0,-0,-0,-0,-0,-0,-0,-0,
-0,-0,-0,-0,-0,-0,-0,-0,-0,-0,-0,-0,-0,-0,
-0,-0,-0,-0,-0,-0,-0,-0,-0,-0,-0,-0,-0,-0,
-0,-0,-0,-0,-0,-0,-0,-0,-0,-0,-0,-0,-0,-0,
-0,-0,-0,-0,-0,-0,-0,-0,-0,-0,-0,-0,-0,-0,
-0,-0,-0,-0,-0,-0,-0,-0,-0,-0,-0,-0,-0,-0,
-0,-0,-0,-0,-0,-0,-0,-0,-0,-0,-0,-0,-0,-0,
-0,-0,-0,-0,-0,-0,-0,-0,-0,-0,-0,-0,-0,-0,
-0,-0,-0,-0,-0,-0,-0,-0,-0,-0,-0,-0,-0,-0,
-0,-0,-0,-0,-0,-0,-0,-0,-0,-0,-0,-0,-0,-0,
-0,-0,-0,-0,-0,-0,-0,-0,-0,-0,-0,-0,-0,-0,
-0,-0,-0,-0,-0,-0,-0,-0,-0,-0,-0,-0,-0,-0,
-0,-0,-0,-0,-0,-0,-0,-0,-0,-0,-0,-0,-0,-0,
-0,-0,-0,-0,-0,-0,-0,-0,-0,-0,-0,-0,-0,-0,
-0,-0,-0,-0,-0,-0,-0,-0,-0,-0,-0,-0,-0,-0,
-0,-0,-0,-0,-0,-0,-0,-0,-0,-0,-0,-0,-0,-0,
-0,-0,-0,-0,-0,-0,-0,-0,-0,-0,-0,-0,-0,-0,
-0,-0,-0,-0,-0,-0,-0,-0,-0,-0,-0,-0,-0,-0,
-0,-0,-0,-0,-0,-0,-0,-0,-0,-0,-0,-0,-0,-0,
-0,-0,-0,-0,-0,-0,-0,-0,-0,-0,-0,-0,-0,-0,
-0,-0,-0,-0,-0,-0,-0,-0,-0,-0,-0,-0,-0,-0,
-0,-0,-0,-0,-0,-0,-0,-0,-0,-0,-0,-0,-0,-0,
-0,-0,-0,-0,-0,-0,-0,-0,-0,-0,-0,-0,-0,-0,
-0,-0,-0,-0,-0,-0,-0,-0,-0,-0,-0,-0,-0,-0,
-0,-0,-0,-0,-0,-0,-0,-0,-0,-0,-0,-0,-0,-0,
-0,-0,-0,-0,-0,-0,-0,-0,-0,-0,-0,-0,-0,-0,
-0,-0,-0,-0,-0,-0,-0,-0,-0,-0,-0,-0,-0,-0,
-0,-0,-0,-0,-0,-0,-0,-0,-0,-0,-0,-0,-0,-0,
-0,-0,-0,-0,-0,-0,-0,-0,-0,-0,-0,-0,-0,-0,
-0,-0,-0,-0,-0,-0,-0,-0,-0,-0,-0,-0,-0,-0,
-0,-0,-0,-0,-0,-0,-0,-0,-0,-0,-0,-0,-0,-0,
-0,-0,-0,-0,-0,-0,-0,-0,-0,-0,-0,-0,-0,-0,
-0,-0,-0,-0,-0,-0,-0,-0,-0,-0,-0,-0,-0,-0,
-0,-0,-0,-0,-0,-0,-0,-0,-0,-0,-0,-0,-0,-0,
-0,-0,-0,-0,-0,-0,-0,-0,-0,-0,-0,-0,-0,-0,
-0,-0,-0,-0,-0,-0,-0,-0,-0,-0,-0,-0,-0,-0,
-0,-0,-0,-0,-0,-0,-0,-0,-0,-0,-0,-0,-0,-0,
-0,-0,-0,-0,-0,-0,-0,-0,-0,-0,-0,-0,-0,-0,
-0,-0,-0,-0,-0,-0,-0,-0,-0,-0,-0,-0,-0,-0,
-0,-0,-0,-0,-0,-0,-0,-0,-0,-0,-0,-0,-0,-0,
-0,-0,-0,-0,-0,-0,-0,-0,-0,-0,-0,-0,-0,-0,
-0,-0,-0,-0,-0,-0,-0,-0,-0,-0,-0,-0,-0,-0,
-0,-0,-0,-0,-0,-0,-0,-0,-0,-0,-0,-0,-0,-0,
-0,-0,-0,-0,-0,-0,-0,-0,-0,-0,-0,-0,-0,-0,
-0,-0,-0,-0,-0,-0,-0,-0,-0,-0,-0,-0,-0,-0,
-0,-0,-0,-0,-0,-0,-0,-0,-0,-0,-0,-0,-0,-0,
-0,-0,-0,-0,-0,-0,-0,-0,-0,-0,-0,-0,-0,-0,
-0,-0,-0,-0,-0,-0,-0,-0,-0,-0,-0,-0,-0,-0,
-0,-0,-0,-0,-0,-0,-0,-0,-0,-0,-0,-0,-0,-0,
-0,-0,-0,-0,-0,-0,-0,-0,-0,-0,-0,-0,-0,-0,
-0,-0,-0,-0,-0,-0,-0,-0,-0,-0,-0,-0,-0,-0,
-0,-0,-0,-0,-0,-0,-0,-0,-0,-0,-0,-0,-0,-0,
-0,-0,-0,-0,-0,-0,-0,-0,-0,-0,-0,-0,-0,-0,
-0,-0,-0,-0,-0,-0,-0,-0,-0,-0,-0,-0,-0,-0,
-0,-0,-0,-0,-0,-0,-0,-0,-0,-0,-0,-0,-0,-0,
-0,-0,-0,-0,-0,-0,-0,-0,-0,-0,-0,-0,-0,-0,
-0,-0,-0,-0,-0,-0,-0,-0,-0,-0,-0,-0,-0,-0,
-0,-0,-0,-0,-0,-0,-0,-0,-0,-0,-0,-0,-0,-0,
-0,-0,-0,-0,-0,-0,-0,-0,-0,-0,-0,-0,-0,-0,
-0,-0,-0,-0,-0,-0,-0,-0,-0,-0,-0,-0,-0,-0,
-0,-0,-0,-0,-0,-0,-0,-0,-0,-0,-0,-0,-0,-0,
-0,-0,-0,-0,-0,-0,-0,-0,-0,-0,-0,-0,-0,-0,
-0,-0,-0,-0,-0,-0,-0,-0,-0,-0,-0,-0,-0,-0,
-0,-0,-0,-0,-0,-0,-0,-0,-0,-0,-0,-0,-0,-0,
-0,-0,-0,-0,-0,-0,-0,-0,-0,-0,-0,-0,-0,-0,
-0,-0,-0,-0,-0,-0,-0,-0,-0,-0,-0,-0,-0,-0,
-0,-0,-0,-0,-0,-0,-0,-0,-0,-0,-0,-0,-0,-0,
-0,-0,-0,-0,-0,-0,-0,-0,-0,-0,-0,-0,-0,-0,
-0,-0,-0,-0,-0,-0,-0,-0,-0,-0,-0,-0,-0,-0,
-0,-0,-0,-0,-0,-0,-0,-0,-0,-0,-0,-0,-0,-0,
-0,-0,-0,-0,-0,-0,-0,-0,-0,-0,-0,-0,-0,-0,
-0,-0,-0,-0,-0,-0,-0,-0,-0,-0,-0,-0,-0,-0,
-0,-0,-0,-0,-0,-0,-0,-0,-0,-0,-0,-0,-0,-0,
-0,-0,-0,-0,-0,-0,-0,-0,-0,-0,-0,-0,-0,-0,
-0,-0,-0,-0,-0,-0,-0,-0,-0,-0,-0,-0,-0,-0,
-0,-0,-0,-0,-0,-0,-0,-0,-0,-0,-0,-0,-0,-0,
-0,-0,-0,-0,-0,-0,-0,-0,-0,-0,-0,-0,-0,-0,
-0,-0,-0,-0,-0,-0,-0,-0,-0,-0,-0,-0,-0,-0,
-0,-0,-0,-0,-0,-0,-0,-0,-0,-0,-0,-0,-0,-0,
-0,-0,-0,-0,-0,-0,-0,-0,-0,-0,-0,-0,-0,-0,
-0,-0,-0,-0,-0,-0,-0,-0,-0,-0,-0,-0,-0,-0,
-0,-0,-0,-0,-0,-0,-0,-0,-0,-0,-0,-0,-0,-0,
-0,-0,-0,-0,-0,-0,-0,-0,-0,-0,-0,-0,-0,-0,
-0,-0,-0,-0,-0,-0,-0,-0,-0,-0,-0,-0,-0,-0,
-0,-0,-0,-0,-0,-0,-0,-0,-0,-0,-0,-0,-0,-0,
-0,-0,-0,-0,-0,-0,-0,-0,-0,-0,-0,-0,-0,-0,
-0,-0,-0,-0,-0,-0,-0,-0,-0,-0,-0,-0,-0,-0,
-0,-0,-0,-0,-0,-0,-0,-0,-0,-0,-0,-0,-0,-0,
-0,-0,-0,-0,-0,-0,-0,-0,-0,-0,-0,-0,-0,-0,
-0,-0,-0,-0,-0,-0,-0,-0,-0,-0,-0,-0,-0,-0,
-0,-0,-0,-0,-0,-0,-0,-0,-0,-0,-0,-0,-0,-0,
-0,-0,-0,-0,-0,-0,-0,-0,-0,-0,-0,-0,-0,-0,
-0,-0,-0,-0,-0,-0,-0,-0,-0,-0,-0,-0,-0,-0,
-0,-0,-0,-0,-0,-0,-0,-0,-0,-0,-0,-0,-0,-0,
-0,-0,-0,-0,-0,-0,-0,-0,-0,-0,-0,-0,-0,-0,
-0,-0,-0,-0,-0,-0,-0,-0,-0,-0,-0,-0,-0,-0,
-0,-0,-0,-0,-0,-0,-0,-0,-0,-0,-0,-0,-0,-0,
-0,-0,-0,-0,-0,-0,-0,-0,-0,-0,-0,-0,-0,-0,
-0,-0,-0,-0,-0,-0,-0,-0,-0,-0,-0,-0,-0,-0,
-0,-0,-0,-0,-0,-0,-0,-0,-0,-0,-0,-0,-0,-0,
-0,-0,-0,-0,-0,-0,-0,-0,-0,-0,-0,-0,-0,-0,
-0,-0,-0,-0,-0,-0,-0,-0,-0,-0,-0,-0,-0,-0,
-0,-0,-0,-0,-0,-0,-0,-0,-0,-0,-0,-0,-0,-0,
-0,-0,-0,-0,-0,-0,-0,-0,-0,-0,-0,-0,-0,-0,
-0,-0,-0,-0,-0,-0,-0,-0,-0,-0,-0,-0,-0,-0,
-0,-0,-0,-0,-0,-0,-0,-0,-0,-0,-0,-0,-0,-0,
-0,-0,-0,-0,-0,-0,-0,-0,-0,-0,-0,-0,-0,-0,
-0,-0,-0,-0,-0,-0,-0,-0,-0,-0,-0,-0,-0,-0,
-0,-0,-0,-0,-0,-0,-0,-0,-0,-0,-0,-0,-0,-0,
-0,-0,-0,-0,-0,-0,-0,-0,-0,-0,-0,-0,-0,-0,
-0,-0,-0,-0,-0,-0,-0,-0,-0,-0,-0,-0,-0,-0,
-0,-0,-0,-0,-0,-0,-0,-0,-0,-0,-0,-0,-0,-0,
-0,-0,-0,-0,-0,-0,-0,-0,-0,-0,-0,-0,-0,-0,
-0,-0,-0,-0,-0,-0,-0,-0,-0,-0,-0,-0,-0,-0,
-0,-0,-0,-0,-0,-0,-0,-0,-0,-0,-0,-0,-0,-0,
-0,-0,-0,-0,-0,-0,-0,-0,-0,-0,-0,-0,-0,-0,
-0,-0,-0,-0,-0,-0,-0,-0,-0,-0,-0,-0,-0,-0,
-0,-0,-0,-0,-0,-0,-0,-0,-0,-0,-0,-0,-0,-0,
-0,-0,-0,-0,-0,-0,-0,-0,-0,-0,-0,-0,-0,-0,
-0,-0,-0,-0,-0,-0,-0,-0,-0,-0,-0,-0,-0,-0,
-0,-0,-0,-0,-0,-0,-0,-0,-0,-0,-0,-0,-0,-0,
-0,-0,-0,-0,-0,-0,-0,-0,-0,-0,-0,-0,-0,-0,
-0,-0,-0,-0,-0,-0,-0,-0,-0,-0,-0,-0,-0,-0,
-0,-0,-0,-0,-0,-0,-0,-0,-0,-0,-0,-0,-0,-0,
-0,-0,-0,-0,-0,-0,-0,-0,-0,-0,-0,-0,-0,-0,
-0,-0,-0,-0,-0,-0,-0,-0,-0,-0,-0,-0,-0,-0,
-0,-0,-0,-0,-0,-0,-0,-0,-0,-0,-0,-0,-0,-0,
-0,-0,-0,-0,-0,-0,-0,-0,-0,-0,-0,-0,-0,-0,
-0,-0,-0,-0,-0,-0,-0,-0,-0,-0,-0,-0,-0,-0,
-0,-0,-0,-0,-0,-0,-0,-0,-0,-0,-0,-0,-0,-0,
-0,-0,-0,-0,-0,-0,-0,-0,-0,-0,-0,-0,-0,-0,
-0,-0,-0,-0,-0,-0,-0,-0,-0,-0,-0,-0,-0,-0,
-0,-0,-0,-0,-0,-0,-0,-0,-0,-0,-0,-0,-0,-0,
-0,-0,-0,-0,-0,-0,-0,-0,-0,-0,-0,-0,-0,-0,
-0,-0,-0,-0,-0,-0,-0,-0,-0,-0,-0,-0,-0,-0,
-0,-0,-0,-0,-0,-0,-0,-0,-0,-0,-0,-0,-0,-0,
-0,-0,-0,-0,-0,-0,-0,-0,-0,-0,-0,-0,-0,-0,
-0,-0,-0,-0,-0,-0,-0,-0,-0,-0,-0,-0,-0,-0,
-0,-0,-0,-0,-0,-0,-0,-0,-0,-0,-0,-0,-0,-0,
-0,-0,-0,-0,-0,-0,-0,-0,-0,-0,-0,-0,-0,-0,
-0,-0,-0,-0,-0,-0,-0,-0,-0,-0,-0,-0,-0,-0,
-0,-0,-0,-0,-0,-0,-0,-0,-0,-0,-0,-0,-0,-0,
-0,-0,-0,-0,-0,-0,-0,-0,-0,-0,-0,-0,-0,-0,
-0,-0,-0,-0,-0,-0,-0,-0,-0,-0,-0,-0,-0,-0,
-0,-0,-0,-0,-0,-0,-0,-0,-0,-0,-0,-0,-0,-0,
-0,-0,-0,-0,-0,-0,-0,-0,-0,-0,-0,-0,-0,-0,
-0,-0,-0,-0,-0,-0,-0,-0,-0,-0,-0,-0,-0,-0,
-0,-0,-0,-0,-0,-0,-0,-0,-0,-0,-0,-0,-0,-0,
-0,-0,-0,-0,-0,-0,-0,-0,-0,-0,-0,-0,-0,-0,
-0,-0,-0,-0,-0,-0,-0,-0,-0,-0,-0,-0,-0,-0,
-0,-0,-0,-0,-0,-0,-0,-0,-0,-0,-0,-0,-0,-0,
-0,-0,-0,-0,-0,-0,-0,-0,-0,-0,-0,-0,-0,-0,
-0,-0,-0,-0,-0,-0,-0,-0,-0,-0,-0,-0,-0,-0,
-0,-0,-0,-0,-0,-0,-0,-0,-0,-0,-0,-0,-0,-0,
-0,-0,-0,-0,-0,-0,-0,-0,-0,-0,-0,-0,-0,-0,
-0,-0,-0,-0,-0,-0,-0,-0,-0,-0,-0,-0,-0,-0,
-0,-0,-0,-0,-0,-0,-0,-0,-0,-0,-0,-0,-0,-0,
-0,-0,-0,-0,-0,-0,-0,-0,-0,-0,-0,-0,-0,-0,
-0,-0,-0,-0,-0,-0,-0,-0,-0,-0,-0,-0,-0,-0,
-0,-0,-0,-0,-0,-0,-0,-0,-0,-0,-0,-0,-0,-0,
-0,-0,-0,-0,-0,-0,-0,-0,-0,-0,-0,-0,-0,-0,
-0,-0,-0,-0,-0,-0,-0,-0,-0,-0,-0,-0,-0,-0,
-0,-0,-0,-0,-0,-0,-0,-0,-0,-0,-0,-0,-0,-0,
-0,-0,-0,-0,-0,-0,-0,-0,-0,-0,-0,-0,-0,-0,
-0,-0,-0,-0,-0,-0,-0,-0,-0,-0,-0,-0,-0,-0,
-0,-0,-0,-0,-0,-0,-0,-0,-0,-0,-0,-0,-0,-0,
-0,-0,-0,-0,-0,-0,-0,-0,-0,-0,-0,-0,-0,-0,
-0,-0,-0,-0,-0,-0,-0,-0,-0,-0,-0,-0,-0,-0,
-0,-0,-0,-0,-0,-0,-0,-0,-0,-0,-0,-0,-0,-0,
-0,-0,-0,-0,-0,-0,-0,-0,-0,-0,-0,-0,-0,-0,
-0,-0,-0,-0,-0,-0,-0,-0,-0,-0,-0,-0,-0,-0,
-0,-0,-0,-0,-0,-0,-0,-0,-0,-0,-0,-0,-0,-0,
-0,-0,-0,-0,-0,-0,-0,-0,-0,-0,-0,-0,-0,-0,
-0,-0,-0,-0,-0,-0,-0,-0,-0,-0,-0,-0,-0,-0,
-0,-0,-0,-0,-0,-0,-0,-0,-0,-0,-0,-0,-0,-0,
-0,-0,-0,-0,-0,-0,-0,-0,-0,-0,-0,-0,-0,-0,
-0,-0,-0,-0,-0,-0,-0,-0,-0,-0,-0,-0,-0,-0,
-0,-0,-0,-0,-0,-0,-0,-0,-0,-0,-0,-0,-0,-0,
-0,-0,-0,-0,-0,-0,-0,-0,-0,-0,-0,-0,-0,-0,
-0,-0,-0,-0,-0,-0,-0,-0,-0,-0,-0,-0,-0,-0,
-0,-0,-0,-0,-0,-0,-0,-0,-0,-0,-0,-0,-0,-0,
-0,-0,-0,-0,-0,-0,-0,-0,-0,-0,-0,-0,-0,-0,
-0,-0,-0,-0,-0,-0,-0,-0,-0,-0,-0,-0,-0,-0,
-0,-0,-0,-0,-0,-0,-0,-0,-0,-0,-0,-0,-0,-0,
-0,-0,-0,-0,-0,-0,-0,-0,-0,-0,-0,-0,-0,-0,
-0,-0,-0,-0,-0,-0,-0,-0,-0,-0,-0,-0,-0,-0,
-0,-0,-0,-0,-0,-0,-0,-0,-0,-0,-0,-0,-0,-0,
-0,-0,-0,-0,-0,-0,-0,-0,-0,-0,-0,-0,-0,-0,
-0,-0,-0,-0,-0,-0,-0,-0,-0,-0,-0,-0,-0,-0,
-0,-0,-0,-0,-0,-0,-0,-0,-0,-0,-0,-0,-0,-0,
-0,-0,-0,-0,-0,-0,-0,-0,-0,-0,-0,-0,-0,-0,
-0,-0,-0,-0,-0,-0,-0,-0,-0,-0,-0,-0,-0,-0,
-0,-0,-0,-0,-0,-0,-0,-0,-0,-0,-0,-0,-0,-0,
-0,-0,-0,-0,-0,-0,-0,-0,-0,-0,-0,-0,-0,-0,
-0,-0,-0,-0,-0,-0,-0,-0,-0,-0,-0,-0,-0,-0,
-0,-0,-0,-0,-0,-0,-0,-0,-0,-0,-0,-0,-0,-0,
-0,-0,-0,-0,-0,-0,-0,-0,-0,-0,-0,-0,-0,-0,
-0,-0,-0,-0,-0,-0,-0,-0,-0,-0,-0,-0,-0,-0,
-0,-0,-0,-0,-0,-0,-0,-0,-0,-0,-0,-0,-0,-0,
-0,-0,-0,-0,-0,-0,-0,-0,-0,-0,-0,-0,-0,-0,
-0,-0,-0,-0,-0,-0,-0,-0,-0,-0,-0,-0,-0,-0,
-0,-0,-0,-0,-0,-0,-0,-0,-0,-0,-0,-0,-0,-0,
-0,-0,-0,-0,-0,-0,-0,-0,-0,-0,-0,-0,-0,-0,
-0,-0,-0,-0,-0,-0,-0,-0,-0,-0,-0,-0,-0,-0,
-0,-0,-0,-0,-0,-0,-0,-0,-0,-0,-0,-0,-0,-0,
-0,-0,-0,-0,-0,-0,-0,-0,-0,-0,-0,-0,-0,-0,
-0,-0,-0,-0,-0,-0,-0,-0,-0,-0,-0,-0,-0,-0,
-0,-0,-0,-0,-0,-0,-0,-0,-0,-0,-0,-0,-0,-0,
-0,-0,-0,-0,-0,-0,-0,-0,-0,-0,-0,-0,-0,-0,
-0,-0,-0,-0,-0,-0,-0,-0,-0,-0,-0,-0,-0,-0,
-0,-0,-0,-0,-0,-0,-0,-0,-0,-0,-0,-0,-0,-0,
-0,-0,-0,-0,-0,-0,-0,-0,-0,-0,-0,-0,-0,-0,
-0,-0,-0,-0,-0,-0,-0,-0,-0,-0,-0,-0,-0,-0,
-0,-0,-0,-0,-0,-0,-0,-0,-0,-0,-0,-0,-0,-0,
-0,-0,-0,-0,-0,-0,-0,-0,-0,-0,-0,-0,-0,-0,
-0,-0,-0,-0,-0,-0,-0,-0,-0,-0,-0,-0,-0,-0,
-0,-0,-0,-0,-0,-0,-0,-0,-0,-0,-0,-0,-0,-0,
-0,-0,-0,-0,-0,-0,-0,-0,-0,-0,-0,-0,-0,-0,
-0,-0,-0,-0,-0,-0,-0,-0,-0,-0,-0,-0,-0,-0,
-0,-0,-0,-0,-0,-0,-0,-0,-0,-0,-0,-0,-0,-0,
-0,-0,-0,-0,-0,-0,-0,-0,-0,-0,-0,-0,-0,-0,
-0,-0,-0,-0,-0,-0,-0,-0,-0,-0,-0,-0,-0,-0,
-0,-0,-0,-0,-0,-0,-0,-0,-0,-0,-0,-0,-0,-0,
-0,-0,-0,-0,-0,-0,-0,-0,-0,-0,-0,-0,-0,-0,
-0,-0,-0,-0,-0,-0,-0,-0,-0,-0,-0,-0,-0,-0,
-0,-0,-0,-0,-0,-0,-0,-0,-0,-0,-0,-0,-0,-0,
-0,-0,-0,-0,-0,-0,-0,-0,-0,-0,-0,-0,-0,-0,
-0,-0,-0,-0,-0,-0,-0,-0,-0,-0,-0,-0,-0,-0,
-0,-0,-0,-0,-0,-0,-0,-0,-0,-0,-0,-0,-0,-0,
-0,-0,-0,-0,-0,-0,-0,-0,-0,-0,-0,-0,-0,-0,
-0,-0,-0,-0,-0,-0,-0,-0,-0,-0,-0,-0,-0,-0,
-0,-0,-0,-0,-0,-0,-0,-0,-0,-0,-0,-0,-0,-0,
-0,-0,-0,-0,-0,-0,-0,-0,-0,-0,-0,-0,-0,-0,
-0,-0,-0,-0,-0,-0,-0,-0,-0,-0,-0,-0,-0,-0,
-0,-0,-0,-0,-0,-0,-0,-0,-0,-0,-0,-0,-0,-0,
-0,-0,-0,-0,-0,-0,-0,-0,-0,-0,-0,-0,-0,-0,
-0,-0,-0,-0,-0,-0,-0,-0,-0,-0,-0,-0,-0,-0,
-0,-0,-0,-0,-0,-0,-0,-0,-0,-0,-0,-0,-0,-0,
-0,-0,-0,-0,-0,-0,-0,-0,-0,-0,-0,-0,-0,-0,
-0,-0,-0,-0,-0,-0,-0,-0,-0,-0,-0,-0,-0,-0,
-0,-0,-0,-0,-0,-0,-0,-0,-0,-0,-0,-0,-0,-0,
-0,-0,-0,-0,-0,-0,-0,-0,-0,-0,-0,-0,-0,-0,
-0,-0,-0,-0,-0,-0,-0,-0,-0,-0,-0,-0,-0,-0,
-0,-0,-0,-0,-0,-0,-0,-0,-0,-0,-0,-0,-0,-0,
-0,-0,-0,-0,-0,-0,-0,-0,-0,-0,-0,-0,-0,-0,
-0,-0,-0,-0,-0,-0,-0,-0,-0,-0,-0,-0,-0,-0,
-0,-0,-0,-0,-0,-0,-0,-0,-0,-0,-0,-0,-0,-0,
-0,-0,-0,-0,-0,-0,-0,-0,-0,-0,-0,-0,-0,-0,
-0,-0,-0,-0,-0,-0,-0,-0,-0,-0,-0,-0,-0,-0,
-0,-0,-0,-0,-0,-0,-0,-0,-0,-0,-0,-0,-0,-0,
-0,-0,-0,-0,-0,-0,-0,-0,-0,-0,-0,-0,-0,-0,
-0,-0,-0,-0,-0,-0,-0,-0,-0,-0,-0,-0,-0,-0,
-0,-0,-0,-0,-0,-0,-0,-0,-0,-0,-0,-0,-0,-0,
-0,-0,-0,-0,-0,-0,-0,-0,-0,-0,-0,-0,-0,-0,
-0,-0,-0,-0,-0,-0,-0,-0,-0,-0,-0,-0,-0,-0,
-0,-0,-0,-0,-0,-0,-0,-0,-0,-0,-0,-0,-0,-0,
-0,-0,-0,-0,-0,-0,-0,-0,-0,-0,-0,-0,-0,-0,
-0,-0,-0,-0,-0,-0,-0,-0,-0,-0,-0,-0,-0,-0,
-0,-0,-0,-0,-0,-0,-0,-0,-0,-0,-0,-0,-0,-0,
-0,-0,-0,-0,-0,-0,-0,-0,-0,-0,-0,-0,-0,-0,
-0,-0,-0,-0,-0,-0,-0,-0,-0,-0,-0,-0,-0,-0,
-0,-0,-0,-0,-0,-0,-0,-0,-0,-0,-0,-0,-0,-0,
-0,-0,-0,-0,-0,-0,-0,-0,-0,-0,-0,-0,-0,-0,
-0,-0,-0,-0,-0,-0,-0,-0,-0,-0,-0,-0,-0,-0,
-0,-0,-0,-0,-0,-0,-0,-0,-0,-0,-0,-0,-0,-0,
-0,-0,-0,-0,-0,-0,-0,-0,-0,-0,-0,-0,-0,-0,
-0,-0,-0,-0,-0,-0,-0,-0,-0,-0,-0,-0,-0,-0,
-0,-0,-0,-0,-0,-0,-0,-0,-0,-0,-0,-0,-0,-0,
-0,-0,-0,-0,-0,-0,-0,-0,-0,-0,-0,-0,-0,-0,
-0,-0,-0,-0,-0,-0,-0,-0,-0,-0,-0,-0,-0,-0,
-0,-0,-0,-0,-0,-0,-0,-0,-0,-0,-0,-0,-0,-0,
-0,-0,-0,-0,-0,-0,-0,-0,-0,-0,-0,-0,-0,-0,
-0,-0,-0,-0,-0,-0,-0,-0,-0,-0,-0,-0,-0,-0,
-0,-0,-0,-0,-0,-0,-0,-0,-0,-0,-0,-0,-0,-0,
-0,-0,-0,-0,-0,-0,-0,-0,-0,-0,-0,-0,-0,-0,
-0,-0,-0,-0,-0,-0,-0,-0,-0,-0,-0,-0,-0,-0,
-0,-0,-0,-0,-0,-0,-0,-0,-0,-0,-0,-0,-0,-0,
-0,-0,-0,-0,-0,-0,-0,-0,-0,-0,-0,-0,-0,-0,
-0,-0,-0,-0,-0,-0,-0,-0,-0,-0,-0,-0,-0,-0,
-0,-0,-0,-0,-0,-0,-0,-0,-0,-0,-0,-0,-0,-0,
-0,-0,-0,-0,-0,-0,-0,-0,-0,-0,-0,-0,-0,-0,
-0,-0,-0,-0,-0,-0,-0,-0,-0,-0,-0,-0,-0,-0,
-0,-0,-0,-0,-0,-0,-0,-0,-0,-0,-0,-0,-0,-0,
-0,-0,-0,-0,-0,-0,-0,-0,-0,-0,-0,-0,-0,-0,
-0,-0,-0,-0,-0,-0,-0,-0,-0,-0,-0,-0,-0,-0,
-0,-0,-0,-0,-0,-0,-0,-0,-0,-0,-0,-0,-0,-0,
-0,-0,-0,-0,-0,-0,-0,-0,-0,-0,-0,-0,-0,-0,
-0,-0,-0,-0,-0,-0,-0,-0,-0,-0,-0,-0,-0,-0,
-0,-0,-0,-0,-0,-0,-0,-0,-0,-0,-0,-0,-0,-0,
-0,-0,-0,-0,-0,-0,-0,-0,-0,-0,-0,-0,-0,-0,
-0,-0,-0,-0,-0,-0,-0,-0,-0,-0,-0,-0,-0,-0,
-0,-0,-0,-0,-0,-0,-0,-0,-0,-0,-0,-0,-0,-0,
-0,-0,-0,-0,-0,-0,-0,-0,-0,-0,-0,-0,-0,-0,
-0,-0,-0,-0,-0,-0,-0,-0,-0,-0,-0,-0,-0,-0,
-0,-0,-0,-0,-0,-0,-0,-0,-0,-0,-0,-0,-0,-0,
-0,-0,-0,-0,-0,-0,-0,-0,-0,-0,-0,-0,-0,-0,
-0,-0,-0,-0,-0,-0,-0,-0,-0,-0,-0,-0,-0,-0,
-0,-0,-0,-0,-0,-0,-0,-0,-0,-0,-0,-0,-0,-0,
-0,-0,-0,-0,-0,-0,-0,-0,-0,-0,-0,-0,-0,-0,
-0,-0,-0,-0,-0,-0,-0,-0,-0,-0,-0,-0,-0,-0,
-0,-0,-0,-0,-0,-0,-0,-0,-0,-0,-0,-0,-0,-0,
-0,-0,-0,-0,-0,-0,-0,-0,-0,-0,-0,-0,-0,-0,
-0,-0,-0,-0,-0,-0,-0,-0,-0,-0,-0,-0,-0,-0,
-0,-0,-0,-0,-0,-0,-0,-0,-0,-0,-0,-0,-0,-0,
-0,-0,-0,-0,-0,-0,-0,-0,-0,-0,-0,-0,-0,-0,
-0,-0,-0,-0,-0,-0,-0,-0,-0,-0,-0,-0,-0,-0,
-0,-0,-0,-0,-0,-0,-0,-0,-0,-0,-0,-0,-0,-0,
-0,-0,-0,-0,-0,-0,-0,-0,-0,-0,-0,-0,-0,-0,
-0,-0,-0,-0,-0,-0,-0,-0,-0,-0,-0,-0,-0,-0,
-0,-0,-0,-0,-0,-0,-0,-0,-0,-0,-0,-0,-0,-0,
-0,-0,-0,-0,-0,-0,-0,-0,-0,-0,-0,-0,-0,-0,
-0,-0,-0,-0,-0,-0,-0,-0,-0,-0,-0,-0,-0,-0,
-0,-0,-0,-0,-0,-0,-0,-0,-0,-0,-0,-0,-0,-0,
-0,-0,-0,-0,-0,-0,-0,-0,-0,-0,-0,-0,-0,-0,
-0,-0,-0,-0,-0,-0,-0,-0,-0,-0,-0,-0,-0,-0,
-0,-0,-0,-0,-0,-0,-0,-0,-0,-0,-0,-0,-0,-0,
-0,-0,-0,-0,-0,-0,-0,-0,-0,-0,-0,-0,-0,-0,
-0,-0,-0,-0,-0,-0,-0,-0,-0,-0,-0,-0,-0,-0,
-0,-0,-0,-0,-0,-0,-0,-0,-0,-0,-0,-0,-0,-0,
-0,-0,-0,-0,-0,-0,-0,-0,-0,-0,-0,-0,-0,-0,
-0,-0,-0,-0,-0,-0,-0,-0,-0,-0,-0,-0,-0,-0,
-0,-0,-0,-0,-0,-0,-0,-0,-0,-0,-0,-0,-0,-0,
-0,-0,-0,-0,-0,-0,-0,-0,-0,-0,-0,-0,-0,-0,
-0,-0,-0,-0,-0,-0,-0,-0,-0,-0,-0,-0,-0,-0,
-0,-0,-0,-0,-0,-0,-0,-0,-0,-0,-0,-0,-0,-0,
-0,-0,-0,-0,-0,-0,-0,-0,-0,-0,-0,-0,-0,-0,
-0,-0,-0,-0,-0,-0,-0,-0,-0,-0,-0,-0,-0,-0,
-0,-0,-0,-0,-0,-0,-0,-0,-0,-0,-0,-0,-0,-0,
-0,-0,-0,-0,-0,-0,-0,-0,-0,-0,-0,-0,-0,-0,
-0,-0,-0,-0,-0,-0,-0,-0,-0,-0,-0,-0,-0,-0,
-0,-0,-0,-0,-0,-0,-0,-0,-0,-0,-0,-0,-0,-0,
-0,-0,-0,-0,-0,-0,-0,-0,-0,-0,-0,-0,-0,-0,
-0,-0,-0,-0,-0,-0,-0,-0,-0,-0,-0,-0,-0,-0,
-0,-0,-0,-0,-0,-0,-0,-0,-0,-0,-0,-0,-0,-0,
-0,-0,-0,-0,-0,-0,-0,-0,-0,-0,-0,-0,-0,-0,
-0,-0,-0,-0,-0,-0,-0,-0,-0,-0,-0,-0,-0,-0,
-0,-0,-0,-0,-0,-0,-0,-0,-0,-0,-0,-0,-0,-0,
-0,-0,-0,-0,-0,-0,-0,-0,-0,-0,-0,-0,-0,-0,
-0,-0,-0,-0,-0,-0,-0,-0,-0,-0,-0,-0,-0,-0,
-0,-0,-0,-0,-0,-0,-0,-0,-0,-0,-0,-0,-0,-0,
-0,-0,-0,-0,-0,-0,-0,-0,-0,-0,-0,-0,-0,-0,
-0,-0,-0,-0,-0,-0,-0,-0,-0,-0,-0,-0,-0,-0,
-0,-0,-0,-0,-0,-0,-0,-0,-0,-0,-0,-0,-0,-0,
-0,-0,-0,-0,-0,-0,-0,-0,-0,-0,-0,-0,-0,-0,
-0,-0,-0,-0,-0,-0,-0,-0,-0,-0,-0,-0,-0,-0,
-0,-0,-0,-0,-0,-0,-0,-0,-0,-0,-0,-0,-0,-0,
-0,-0,-0,-0,-0,-0,-0,-0,-0,-0,-0,-0,-0,-0,
-0,-0,-0,-0,-0,-0,-0,-0,-0,-0,-0,-0,-0,-0,
-0,-0,-0,-0,-0,-0,-0,-0,-0,-0,-0,-0,-0,-0,
-0,-0,-0,-0,-0,-0,-0,-0,-0,-0,-0,-0,-0,-0,
-0,-0,-0,-0,-0,-0,-0,-0,-0,-0,-0,-0,-0,-0,
-0,-0,-0,-0,-0,-0,-0,-0,-0,-0,-0,-0,-0,-0,
-0,-0,-0,-0,-0,-0,-0,-0,-0,-0,-0,-0,-0,-0,
-0,-0,-0,-0,-0,-0,-0,-0,-0,-0,-0,-0,-0,-0,
-0,-0,-0,-0,-0,-0,-0,-0,-0,-0,-0,-0,-0,-0,
-0,-0,-0,-0,-0,-0,-0,-0,-0,-0,-0,-0,-0,-0,
-0,-0,-0,-0,-0,-0,-0,-0,-0,-0,-0,-0,-0,-0,
-0,-0,-0,-0,-0,-0,-0,-0,-0,-0,-0,-0,-0,-0,
-0,-0,-0,-0,-0,-0,-0,-0,-0,-0,-0,-0,-0,-0,
-0,-0,-0,-0,-0,-0,-0,-0,-0,-0,-0,-0,-0,-0,
-0,-0,-0,-0,-0,-0,-0,-0,-0,-0,-0,-0,-0,-0,
-0,-0,-0,-0,-0,-0,-0,-0,-0,-0,-0,-0,-0,-0,
-0,-0,-0,-0,-0,-0,-0,-0,-0,-0,-0,-0,-0,-0,
-0,-0,-0,-0,-0,-0,-0,-0,-0,-0,-0,-0,-0,-0,
-0,-0,-0,-0,-0,-0,-0,-0,-0,-0,-0,-0,-0,-0,
-0,-0,-0,-0,-0,-0,-0,-0,-0,-0,-0,-0,-0,-0,
-0,-0,-0,-0,-0,-0,-0,-0,-0,-0,-0,-0,-0,-0,
-0,-0,-0,-0,-0,-0,-0,-0,-0,-0,-0,-0,-0,-0,
-0,-0,-0,-0,-0,-0,-0,-0,-0,-0,-0,-0,-0,-0,
-0,-0,-0,-0,-0,-0,-0,-0,-0,-0,-0,-0,-0,-0,
-0,-0,-0,-0,-0,-0,-0,-0,-0,-0,-0,-0,-0,-0,
-0,-0,-0,-0,-0,-0,-0,-0,-0,-0,-0,-0,-0,-0,
-0,-0,-0,-0,-0,-0,-0,-0,-0,-0,-0,-0,-0,-0,
-0,-0,-0,-0,-0,-0,-0,-0,-0,-0,-0,-0,-0,-0,
-0,-0,-0,-0,-0,-0,-0,-0,-0,-0,-0,-0,-0,-0,
-0,-0,-0,-0,-0,-0,-0,-0,-0,-0,-0,-0,-0,-0,
-0,-0,-0,-0,-0,-0,-0,-0,-0,-0,-0,-0,-0,-0,
-0,-0,-0,-0,-0,-0,-0,-0,-0,-0,-0,-0,-0,-0,
-0,-0,-0,-0,-0,-0,-0,-0,-0,-0,-0,-0,-0,-0,
-0,-0,-0,-0,-0,-0,-0,-0,-0,-0,-0,-0,-0,-0,
-0,-0,-0,-0,-0,-0,-0,-0,-0,-0,-0,-0,-0,-0,
-0,-0,-0,-0,-0,-0,-0,-0,-0,-0,-0,-0,-0,-0,
-0,-0,-0,-0,-0,-0,-0,-0,-0,-0,-0,-0,-0,-0,
-0,-0,-0,-0,-0,-0,-0,-0,-0,-0,-0,-0,-0,-0,
-0,-0,-0,-0,-0,-0,-0,-0,-0,-0,-0,-0,-0,-0,
-0,-0,-0,-0,-0,-0,-0,-0,-0,-0,-0,-0,-0,-0,
-0,-0,-0,-0,-0,-0,-0,-0,-0,-0,-0,-0,-0,-0,
-0,-0,-0,-0,-0,-0,-0,-0,-0,-0,-0,-0,-0,-0,
-0,-0,-0,-0,-0,-0,-0,-0,-0,-0,-0,-0,-0,-0,
-0,-0,-0,-0,-0,-0,-0,-0,-0,-0,-0,-0,-0,-0,
-0,-0,-0,-0,-0,-0,-0,-0,-0,-0,-0,-0,-0,-0,
-0,-0,-0,-0,-0,-0,-0,-0,-0,-0,-0,-0,-0,-0,
-0,-0,-0,-0,-0,-0,-0,-0,-0,-0,-0,-0,-0,-0,
-0,-0,-0,-0,-0,-0,-0,-0,-0,-0,-0,-0,-0,-0,
-0,-0,-0,-0,-0,-0,-0,-0,-0,-0,-0,-0,-0,-0,
-0,-0,-0,-0,-0,-0,-0,-0,-0,-0,-0,-0,-0,-0,
-0,-0,-0,-0,-0,-0,-0,-0,-0,-0,-0,-0,-0,-0,
-0,-0,-0,-0,-0,-0,-0,-0,-0,-0,-0,-0,-0,-0,
-0,-0,-0,-0,-0,-0,-0,-0,-0,-0,-0,-0,-0,-0,
-0,-0,-0,-0,-0,-0,-0,-0,-0,-0,-0,-0,-0,-0,
-0,-0,-0,-0,-0,-0,-0,-0,-0,-0,-0,-0,-0,-0,
-0,-0,-0,-0,-0,-0,-0,-0,-0,-0,-0,-0,-0,-0,
-0,-0,-0,-0,-0,-0,-0,-0,-0,-0,-0,-0,-0,-0,
-0,-0,-0,-0,-0,-0,-0,-0,-0,-0,-0,-0,-0,-0,
-0,-0,-0,-0,-0,-0,-0,-0,-0,-0,-0,-0,-0,-0,
-0,-0,-0,-0,-0,-0,-0,-0,-0,-0,-0,-0,-0,-0,
-0,-0,-0,-0,-0,-0,-0,-0,-0,-0,-0,-0,-0,-0,
-0,-0,-0,-0,-0,-0,-0,-0,-0,-0,-0,-0,-0,-0,
-0,-0,-0,-0,-0,-0,-0,-0,-0,-0,-0,-0,-0,-0,
-0,-0,-0,-0,-0,-0,-0,-0,-0,-0,-0,-0,-0,-0,
-0,-0,-0,-0,-0,-0,-0,-0,-0,-0,-0,-0,-0,-0,
-0,-0,-0,-0,-0,-0,-0,-0,-0,-0,-0,-0,-0,-0,
-0,-0,-0,-0,-0,-0,-0,-0,-0,-0,-0,-0,-0,-0,
-0,-0,-0,-0,-0,-0,-0,-0,-0,-0,-0,-0,-0,-0,
-0,-0,-0,-0,-0,-0,-0,-0,-0,-0,-0,-0,-0,-0,
-0,-0,-0,-0,-0,-0,-0,-0,-0,-0,-0,-0,-0,-0,
-0,-0,-0,-0,-0,-0,-0,-0,-0,-0,-0,-0,-0,-0,
-0,-0,-0,-0,-0,-0,-0,-0,-0,-0,-0,-0,-0,-0,
-0,-0,-0,-0,-0,-0,-0,-0,-0,-0,-0,-0,-0,-0,
-0,-0,-0,-0,-0,-0,-0,-0,-0,-0,-0,-0,-0,-0,
-0,-0,-0,-0,-0,-0,-0,-0,-0,-0,-0,-0,-0,-0,
-0,-0,-0,-0,-0,-0,-0,-0,-0,-0,-0,-0,-0,-0,
-0,-0,-0,-0,-0,-0,-0,-0,-0,-0,-0,-0,-0,-0,
-0,-0,-0,-0,-0,-0,-0,-0,-0,-0,-0,-0,-0,-0,
-0,-0,-0,-0,-0,-0,-0,-0,-0,-0,-0,-0,-0,-0,
-0,-0,-0,-0,-0,-0,-0,-0,-0,-0,-0,-0,-0,-0,
-0,-0,-0,-0,-0,-0,-0,-0,-0,-0,-0,-0,-0,-0,
-0,-0,-0,-0,-0,-0,-0,-0,-0,-0,-0,-0,-0,-0,
-0,-0,-0,-0,-0,-0,-0,-0,-0,-0,-0,-0,-0,-0,
-0,-0,-0,-0,-0,-0,-0,-0,-0,-0,-0,-0,-0,-0,
-0,-0,-0,-0,-0,-0,-0,-0,-0,-0,-0,-0,-0,-0,
-0,-0,-0,-0,-0,-0,-0,-0,-0,-0,-0,-0,-0,-0,
-0,-0,-0,-0,-0,-0,-0,-0,-0,-0,-0,-0,-0,-0,
-0,-0,-0,-0,-0,-0,-0,-0,-0,-0,-0,-0,-0,-0,
-0,-0,-0,-0,-0,-0,-0,-0,-0,-0,-0,-0,-0,-0,
-0,-0,-0,-0,-0,-0,-0,-0,-0,-0,-0,-0,-0,-0,
-0,-0,-0,-0,-0,-0,-0,-0,-0,-0,-0,-0,-0,-0,
-0,-0,-0,-0,-0,-0,-0,-0,-0,-0,-0,-0,-0,-0,
-0,-0,-0,-0,-0,-0,-0,-0,-0,-0,-0,-0,-0,-0,
-0,-0,-0,-0,-0,-0,-0,-0,-0,-0,-0,-0,-0,-0,
-0,-0,-0,-0,-0,-0,-0,-0,-0,-0,-0,-0,-0,-0,
-0,-0,-0,-0,-0,-0,-0,-0,-0,-0,-0,-0,-0,-0,
-0,-0,-0,-0,-0,-0,-0,-0,-0,-0,-0,-0,-0,-0,
-0,-0,-0,-0,-0,-0,-0,-0,-0,-0,-0,-0,-0,-0,
-0,-0,-0,-0,-0,-0,-0,-0,-0,-0,-0,-0,-0,-0,
-0,-0,-0,-0,-0,-0,-0,-0,-0,-0,-0,-0,-0,-0,
-0,-0,-0,-0,-0,-0,-0,-0,-0,-0,-0,-0,-0,-0,
-0,-0,-0,-0,-0,-0,-0,-0,-0,-0,-0,-0,-0,-0,
-0,-0,-0,-0,-0,-0,-0,-0,-0,-0,-0,-0,-0,-0,
-0,-0,-0,-0,-0,-0,-0,-0,-0,-0,-0,-0,-0,-0,
-0,-0,-0,-0,-0,-0,-0,-0,-0,-0,-0,-0,-0,-0,
-0,-0,-0,-0,-0,-0,-0,-0,-0,-0,-0,-0,-0,-0,
-0,-0,-0,-0,-0,-0,-0,-0,-0,-0,-0,-0,-0,-0,
-0,-0,-0,-0,-0,-0,-0,-0,-0,-0,-0,-0,-0,-0,
-0,-0,-0,-0,-0,-0,-0,-0,-0,-0,-0,-0,-0,-0,
-0,-0,-0,-0,-0,-0,-0,-0,-0,-0,-0,-0,-0,-0,
-0,-0,-0,-0,-0,-0,-0,-0,-0,-0,-0,-0,-0,-0,
-0,-0,-0,-0,-0,-0,-0,-0,-0,-0,-0,-0,-0,-0,
-0,-0,-0,-0,-0,-0,-0,-0,-0,-0,-0,-0,-0,-0,
-0,-0,-0,-0,-0,-0,-0,-0,-0,-0,-0,-0,-0,-0,
-0,-0,-0,-0,-0,-0,-0,-0,-0,-0,-0,-0,-0,-0,
-0,-0,-0,-0,-0,-0,-0,-0,-0,-0,-0,-0,-0,-0,
-0,-0,-0,-0,-0,-0,-0,-0,-0,-0,-0,-0,-0,-0,
-0,-0,-0,-0,-0,-0,-0,-0,-0,-0,-0,-0,-0,-0,
-0,-0,-0,-0,-0,-0,-0,-0,-0,-0,-0,-0,-0,-0,
-0,-0,-0,-0,-0,-0,-0,-0,-0,-0,-0,-0,-0,-0,
-0,-0,-0,-0,-0,-0,-0,-0,-0,-0,-0,-0,-0,-0,
-0,-0,-0,-0,-0,-0,-0,-0,-0,-0,-0,-0,-0,-0,
-0,-0,-0,-0,-0,-0,-0,-0,-0,-0,-0,-0,-0,-0,
-0,-0,-0,-0,-0,-0,-0,-0,-0,-0,-0,-0,-0,-0,
-0,-0,-0,-0,-0,-0,-0,-0,-0,-0,-0,-0,-0,-0,
-0,-0,-0,-0,-0,-0,-0,-0,-0,-0,-0,-0,-0,-0,
-0,-0,-0,-0,-0,-0,-0,-0,-0,-0,-0,-0,-0,-0,
-0,-0,-0,-0,-0,-0,-0,-0,-0,-0,-0,-0,-0,-0,
-0,-0,-0,-0,-0,-0,-0,-0,-0,-0,-0,-0,-0,-0,
-0,-0,-0,-0,-0,-0,-0,-0,-0,-0,-0,-0,-0,-0,
-0,-0,-0,-0,-0,-0,-0,-0,-0,-0,-0,-0,-0,-0,
-0,-0,-0,-0,-0,-0,-0,-0,-0,-0,-0,-0,-0,-0,
-0,-0,-0,-0,-0,-0,-0,-0,-0,-0,-0,-0,-0,-0,
-0,-0,-0,-0,-0,-0,-0,-0,-0,-0,-0,-0,-0,-0,
-0,-0,-0,-0,-0,-0,-0,-0,-0,-0,-0,-0,-0,-0,
-0,-0,-0,-0,-0,-0,-0,-0,-0,-0,-0,-0,-0,-0,
-0,-0,-0,-0,-0,-0,-0,-0,-0,-0,-0,-0,-0,-0,
-0,-0,-0,-0,-0,-0,-0,-0,-0,-0,-0,-0,-0,-0,
-0,-0,-0,-0,-0,-0,-0,-0,-0,-0,-0,-0,-0,-0,
-0,-0,-0,-0,-0,-0,-0,-0,-0,-0,-0,-0,-0,-0,
-0,-0,-0,-0,-0,-0,-0,-0,-0,-0,-0,-0,-0,-0,
-0,-0,-0,-0,-0,-0,-0,-0,-0,-0,-0,-0,-0,-0,
-0,-0,-0,-0,-0,-0,-0,-0,-0,-0,-0,-0,-0,-0,
-0,-0,-0,-0,-0,-0,-0,-0,-0,-0,-0,-0,-0,-0,
-0,-0,-0,-0,-0,-0,-0,-0,-0,-0,-0,-0,-0,-0,
-0,-0,-0,-0,-0,-0,-0,-0,-0,-0,-0,-0,-0,-0,
-0,-0,-0,-0,-0,-0,-0,-0,-0,-0,-0,-0,-0,-0,
-0,-0,-0,-0,-0,-0,-0,-0,-0,-0,-0,-0,-0,-0,
-0,-0,-0,-0,-0,-0,-0,-0,-0,-0,-0,-0,-0,-0,
-0,-0,-0,-0,-0,-0,-0,-0,-0,-0,-0,-0,-0,-0,
-0,-0,-0,-0,-0,-0,-0,-0,-0,-0,-0,-0,-0,-0,
-0,-0,-0,-0,-0,-0,-0,-0,-0,-0,-0,-0,-0,-0,
-0,-0,-0,-0,-0,-0,-0,-0,-0,-0,-0,-0,-0,-0,
-0,-0,-0,-0,-0,-0,-0,-0,-0,-0,-0,-0,-0,-0,
-0,-0,-0,-0,-0,-0,-0,-0,-0,-0,-0,-0,-0,-0,
-0,-0,-0,-0,-0,-0,-0,-0,-0,-0,-0,-0,-0,-0,
-0,-0,-0,-0,-0,-0,-0,-0,-0,-0,-0,-0,-0,-0,
-0,-0,-0,-0,-0,-0,-0,-0,-0,-0,-0,-0,-0,-0,
-0,-0,-0,-0,-0,-0,-0,-0,-0,-0,-0,-0,-0,-0,
-0,-0,-0,-0,-0,-0,-0,-0,-0,-0,-0,-0,-0,-0,
-0,-0,-0,-0,-0,-0,-0,-0,-0,-0,-0,-0,-0,-0,
-0,-0,-0,-0,-0,-0,-0,-0,-0,-0,-0,-0,-0,-0,
-0,-0,-0,-0,-0,-0,-0,-0,-0,-0,-0,-0,-0,-0,
-0,-0,-0,-0,-0,-0,-0,-0,-0,-0,-0,-0,-0,-0,
-0,-0,-0,-0,-0,-0,-0,-0,-0,-0,-0,-0,-0,-0,
-0,-0,-0,-0,-0,-0,-0,-0,-0,-0,-0,-0,-0,-0,
-0,-0,-0,-0,-0,-0,-0,-0,-0,-0,-0,-0,-0,-0,
-0,-0,-0,-0,-0,-0,-0,-0,-0,-0,-0,-0,-0,-0,
-0,-0,-0,-0,-0,-0,-0,-0,-0,-0,-0,-0,-0,-0,
-0,-0,-0,-0,-0,-0,-0,-0,-0,-0,-0,-0,-0,-0,
-0,-0,-0,-0,-0,-0,-0,-0,-0,-0,-0,-0,-0,-0,
-0,-0,-0,-0,-0,-0,-0,-0,-0,-0,-0,-0,-0,-0,
-0,-0,-0,-0,-0,-0,-0,-0,-0,-0,-0,-0,-0,-0,
-0,-0,-0,-0,-0,-0,-0,-0,-0,-0,-0,-0,-0,-0,
-0,-0,-0,-0,-0,-0,-0,-0,-0,-0,-0,-0,-0,-0,
-0,-0,-0,-0,-0,-0,-0,-0,-0,-0,-0,-0,-0,-0,
-0,-0,-0,-0,-0,-0,-0,-0,-0,-0,-0,-0,-0,-0,
-0,-0,-0,-0,-0,-0,-0,-0,-0,-0,-0,-0,-0,-0,
-0,-0,-0,-0,-0,-0,-0,-0,-0,-0,-0,-0,-0,-0,
-0,-0,-0,-0,-0,-0,-0,-0,-0,-0,-0,-0,-0,-0,
-0,-0,-0,-0,-0,-0,-0,-0,-0,-0,-0,-0,-0,-0,
-0,-0,-0,-0,-0,-0,-0,-0,-0,-0,-0,-0,-0,-0,
-0,-0,-0,-0,-0,-0,-0,-0,-0,-0,-0,-0,-0,-0,
-0,-0,-0,-0,-0,-0,-0,-0,-0,-0,-0,-0,-0,-0,
-0,-0,-0,-0,-0,-0,-0,-0,-0,-0,-0,-0,-0,-0,
-0,-0,-0,-0,-0,-0,-0,-0,-0,-0,-0,-0,-0,-0,
-0,-0,-0,-0,-0,-0,-0,-0,-0,-0,-0,-0,-0,-0,
-0,-0,-0,-0,-0,-0,-0,-0,-0,-0,-0,-0,-0,-0,
-0,-0,-0,-0,-0,-0,-0,-0,-0,-0,-0,-0,-0,-0,
-0,-0,-0,-0,-0,-0,-0,-0,-0,-0,-0,-0,-0,-0,
-0,-0,-0,-0,-0,-0,-0,-0,-0,-0,-0,-0,-0,-0,
-0,-0,-0,-0,-0,-0,-0,-0,-0,-0,-0,-0,-0,-0,
-0,-0,-0,-0,-0,-0,-0,-0,-0,-0,-0,-0,-0,-0,
-0,-0,-0,-0,-0,-0,-0,-0,-0,-0,-0,-0,-0,-0,
-0,-0,-0,-0,-0,-0,-0,-0,-0,-0,-0,-0,-0,-0,
-0,-0,-0,-0,-0,-0,-0,-0,-0,-0,-0,-0,-0,-0,
-0,-0,-0,-0,-0,-0,-0,-0,-0,-0,-0,-0,-0,-0,
-0,-0,-0,-0,-0,-0,-0,-0,-0,-0,-0,-0,-0,-0,
-0,-0,-0,-0,-0,-0,-0,-0,-0,-0,-0,-0,-0,-0,
-0,-0,-0,-0,-0,-0,-0,-0,-0,-0,-0,-0,-0,-0,
-0,-0,-0,-0,-0,-0,-0,-0,-0,-0,-0,-0,-0,-0,
-0,-0,-0,-0,-0,-0,-0,-0,-0,-0,-0,-0,-0,-0,
-0,-0,-0,-0,-0,-0,-0,-0,-0,-0,-0,-0,-0,-0,
-0,-0,-0,-0,-0,-0,-0,-0,-0,-0,-0,-0,-0,-0,
-0,-0,-0,-0,-0,-0,-0,-0,-0,-0,-0,-0,-0,-0,
-0,-0,-0,-0,-0,-0,-0,-0,-0,-0,-0,-0,-0,-0,
-0,-0,-0,-0,-0,-0,-0,-0,-0,-0,-0,-0,-0,-0,
-0,-0,-0,-0,-0,-0,-0,-0,-0,-0,-0,-0,-0,-0,
-0,-0,-0,-0,-0,-0,-0,-0,-0,-0,-0,-0,-0,-0,
-0,-0,-0,-0,-0,-0,-0,-0,-0,-0,-0,-0,-0,-0,
-0,-0,-0,-0,-0,-0,-0,-0,-0,-0,-0,-0,-0,-0,
-0,-0,-0,-0,-0,-0,-0,-0,-0,-0,-0,-0,-0,-0,
-0,-0,-0,-0,-0,-0,-0,-0,-0,-0,-0,-0,-0,-0,
-0,-0,-0,-0,-0,-0,-0,-0,-0,-0,-0,-0,-0,-0,
-0,-0,-0,-0,-0,-0,-0,-0,-0,-0,-0,-0,-0,-0,
-0,-0,-0,-0,-0,-0,-0,-0,-0,-0,-0,-0,-0,-0,
-0,-0,-0,-0,-0,-0,-0,-0,-0,-0,-0,-0,-0,-0,
-0,-0,-0,-0,-0,-0,-0,-0,-0,-0,-0,-0,-0,-0,
-0,-0,-0,-0,-0,-0,-0,-0,-0,-0,-0,-0,-0,-0,
-0,-0,-0,-0,-0,-0,-0,-0,-0,-0,-0,-0,-0,-0,
-0,-0,-0,-0,-0,-0,-0,-0,-0,-0,-0,-0,-0,-0,
-0,-0,-0,-0,-0,-0,-0,-0,-0,-0,-0,-0,-0,-0,
-0,-0,-0,-0,-0,-0,-0,-0,-0,-0,-0,-0,-0,-0,
-0,-0,-0,-0,-0,-0,-0,-0,-0,-0,-0,-0,-0,-0,
-0,-0,-0,-0,-0,-0,-0,-0,-0,-0,-0,-0,-0,-0,
-0,-0,-0,-0,-0,-0,-0,-0,-0,-0,-0,-0,-0,-0,
-0,-0,-0,-0,-0,-0,-0,-0,-0,-0,-0,-0,-0,-0,
-0,-0,-0,-0,-0,-0,-0,-0,-0,-0,-0,-0,-0,-0,
-0,-0,-0,-0,-0,-0,-0,-0,-0,-0,-0,-0,-0,-0,
-0,-0,-0,-0,-0,-0,-0,-0,-0,-0,-0,-0,-0,-0,
-0,-0,-0,-0,-0,-0,-0,-0,-0,-0,-0,-0,-0,-0,
-0,-0,-0,-0,-0,-0,-0,-0,-0,-0,-0,-0,-0,-0,
-0,-0,-0,-0,-0,-0,-0,-0,-0,-0,-0,-0,-0,-0,
-0,-0,-0,-0,-0,-0,-0,-0,-0,-0,-0,-0,-0,-0,
-0,-0,-0,-0,-0,-0,-0,-0,-0,-0,-0,-0,-0,-0,
-0,-0,-0,-0,-0,-0,-0,-0,-0,-0,-0,-0,-0,-0,
-0,-0,-0,-0,-0,-0,-0,-0,-0,-0,-0,-0,-0,-0,
-0,-0,-0,-0,-0,-0,-0,-0,-0,-0,-0,-0,-0,-0,
-0,-0,-0,-0,-0,-0,-0,-0,-0,-0,-0,-0,-0,-0,
-0,-0,-0,-0,-0,-0,-0,-0,-0,-0,-0,-0,-0,-0,
-0,-0,-0,-0,-0,-0,-0,-0,-0,-0,-0,-0,-0,-0,
-0,-0,-0,-0,-0,-0,-0,-0,-0,-0,-0,-0,-0,-0,
-0,-0,-0,-0,-0,-0,-0,-0,-0,-0,-0,-0,-0,-0,
-0,-0,-0,-0,-0,-0,-0,-0,-0,-0,-0,-0,-0,-0,
-0,-0,-0,-0,-0,-0,-0,-0,-0,-0,-0,-0,-0,-0,
-0,-0,-0,-0,-0,-0,-0,-0,-0,-0,-0,-0,-0,-0,
-0,-0,-0,-0,-0,-0,-0,-0,-0,-0,-0,-0,-0,-0,
-0,-0,-0,-0,-0,-0,-0,-0,-0,-0,-0,-0,-0,-0,
-0,-0,-0,-0,-0,-0,-0,-0,-0,-0,-0,-0,-0,-0,
-0,-0,-0,-0,-0,-0,-0,-0,-0,-0,-0,-0,-0,-0,
-0,-0,-0,-0,-0,-0,-0,-0,-0,-0,-0,-0,-0,-0,
-0,-0,-0,-0,-0,-0,-0,-0,-0,-0,-0,-0,-0,-0,
-0,-0,-0,-0,-0,-0,-0,-0,-0,-0,-0,-0,-0,-0,
-0,-0,-0,-0,-0,-0,-0,-0,-0,-0,-0,-0,-0,-0,
-0,-0,-0,-0,-0,-0,-0,-0,-0,-0,-0,-0,-0,-0,
-0,-0,-0,-0,-0,-0,-0,-0,-0,-0,-0,-0,-0,-0,
-0,-0,-0,-0,-0,-0,-0,-0,-0,-0,-0,-0,-0,-0,
-0,-0,-0,-0,-0,-0,-0,-0,-0,-0,-0,-0,-0,-0,
-0,-0,-0,-0,-0,-0,-0,-0,-0,-0,-0,-0,-0,-0,
-0,-0,-0,-0,-0,-0,-0,-0,-0,-0,-0,-0,-0,-0,
-0,-0,-0,-0,-0,-0,-0,-0,-0,-0,-0,-0,-0,-0,
-0,-0,-0,-0,-0,-0,-0,-0,-0,-0,-0,-0,-0,-0,
-0,-0,-0,-0,-0,-0,-0,-0,-0,-0,-0,-0,-0,-0,
-0,-0,-0,-0,-0,-0,-0,-0,-0,-0,-0,-0,-0,-0,
-0,-0,-0,-0,-0,-0,-0,-0,-0,-0,-0,-0,-0,-0,
-0,-0,-0,-0,-0,-0,-0,-0,-0,-0,-0,-0,-0,-0,
-0,-0,-0,-0,-0,-0,-0,-0,-0,-0,-0,-0,-0,-0,
-0,-0,-0,-0,-0,-0,-0,-0,-0,-0,-0,-0,-0,-0,
-0,-0,-0,-0,-0,-0,-0,-0,-0,-0,-0,-0,-0,-0,
-0,-0,-0,-0,-0,-0,-0,-0,-0,-0,-0,-0,-0,-0,
-0,-0,-0,-0,-0,-0,-0,-0,-0,-0,-0,-0,-0,-0,
-0,-0,-0,-0,-0,-0,-0,-0,-0,-0,-0,-0,-0,-0,
-0,-0,-0,-0,-0,-0,-0,-0,-0,-0,-0,-0,-0,-0,
-0,-0,-0,-0,-0,-0,-0,-0,-0,-0,-0,-0,-0,-0,
-0,-0,-0,-0,-0,-0,-0,-0,-0,-0,-0,-0,-0,-0,
-0,-0,-0,-0,-0,-0,-0,-0,-0,-0,-0,-0,-0,-0,
-0,-0,-0,-0,-0,-0,-0,-0,-0,-0,-0,-0,-0,-0,
-0,-0,-0,-0,-0,-0,-0,-0,-0,-0,-0,-0,-0,-0,
-0,-0,-0,-0,-0,-0,-0,-0,-0,-0,-0,-0,-0,-0,
-0,-0,-0,-0,-0,-0,-0,-0,-0,-0,-0,-0,-0,-0,
-0,-0,-0,-0,-0,-0,-0,-0,-0,-0,-0,-0,-0,-0,
-0,-0,-0,-0,-0,-0,-0,-0,-0,-0,-0,-0,-0,-0,
-0,-0,-0,-0,-0,-0,-0,-0,-0,-0,-0,-0,-0,-0,
-0,-0,-0,-0,-0,-0,-0,-0,-0,-0,-0,-0,-0,-0,
-0,-0,-0,-0,-0,-0,-0,-0,-0,-0,-0,-0,-0,-0,
-0,-0,-0,-0,-0,-0,-0,-0,-0,-0,-0,-0,-0,-0,
-0,-0,-0,-0,-0,-0,-0,-0,-0,-0,-0,-0,-0,-0,
-0,-0,-0,-0,-0,-0,-0,-0,-0,-0,-0,-0,-0,-0,
-0,-0,-0,-0,-0,-0,-0,-0,-0,-0,-0,-0,-0,-0,
-0,-0,-0,-0,-0,-0,-0,-0,-0,-0,-0,-0,-0,-0,
-0,-0,-0,-0,-0,-0,-0,-0,-0,-0,-0,-0,-0,-0,
-0,-0,-0,-0,-0,-0,-0,-0,-0,-0,-0,-0,-0,-0,
-0,-0,-0,-0,-0,-0,-0,-0,-0,-0,-0,-0,-0,-0,
-0,-0,-0,-0,-0,-0,-0,-0,-0,-0,-0,-0,-0,-0,
-0,-0,-0,-0,-0,-0,-0,-0,-0,-0,-0,-0,-0,-0,
-0,-0,-0,-0,-0,-0,-0,-0,-0,-0,-0,-0,-0,-0,
-0,-0,-0,-0,-0,-0,-0,-0,-0,-0,-0,-0,-0,-0,
-0,-0,-0,-0,-0,-0,-0,-0,-0,-0,-0,-0,-0,-0,
-0,-0,-0,-0,-0,-0,-0,-0,-0,-0,-0,-0,-0,-0,
-0,-0,-0,-0,-0,-0,-0,-0,-0,-0,-0,-0,-0,-0,
-0,-0,-0,-0,-0,-0,-0,-0,-0,-0,-0,-0,-0,-0,
-0,-0,-0,-0,-0,-0,-0,-0,-0,-0,-0,-0,-0,-0,
-0,-0,-0,-0,-0,-0,-0,-0,-0,-0,-0,-0,-0,-0,
-0,-0,-0,-0,-0,-0,-0,-0,-0,-0,-0,-0,-0,-0,
-0,-0,-0,-0,-0,-0,-0,-0,-0,-0,-0,-0,-0,-0,
-0,-0,-0,-0,-0,-0,-0,-0,-0,-0,-0,-0,-0,-0,
-0,-0,-0,-0,-0,-0,-0,-0,-0,-0,-0,-0,-0,-0,
-0,-0,-0,-0,-0,-0,-0,-0,-0,-0,-0,-0,-0,-0,
-0,-0,-0,-0,-0,-0,-0,-0,-0,-0,-0,-0,-0,-0,
-0,-0,-0,-0,-0,-0,-0,-0,-0,-0,-0,-0,-0,-0,
-0,-0,-0,-0,-0,-0,-0,-0,-0,-0,-0,-0,-0,-0,
-0,-0,-0,-0,-0,-0,-0,-0,-0,-0,-0,-0,-0,-0,
-0,-0,-0,-0,-0,-0,-0,-0,-0,-0,-0,-0,-0,-0,
-0,-0,-0,-0,-0,-0,-0,-0,-0,-0,-0,-0,-0,-0,
-0,-0,-0,-0,-0,-0,-0,-0,-0,-0,-0,-0,-0,-0,
-0,-0,-0,-0,-0,-0,-0,-0,-0,-0,-0,-0,-0,-0,
-0,-0,-0,-0,-0,-0,-0,-0,-0,-0,-0,-0,-0,-0,
-0,-0,-0,-0,-0,-0,-0,-0,-0,-0,-0,-0,-0,-0,
-0,-0,-0,-0,-0,-0,-0,-0,-0,-0,-0,-0,-0,-0,
-0,-0,-0,-0,-0,-0,-0,-0,-0,-0,-0,-0,-0,-0,
-0,-0,-0,-0,-0,-0,-0,-0,-0,-0,-0,-0,-0,-0,
-0,-0,-0,-0,-0,-0,-0,-0,-0,-0,-0,-0,-0,-0,
-0,-0,-0,-0,-0,-0,-0,-0,-0,-0,-0,-0,-0,-0,
-0,-0,-0,-0,-0,-0,-0,-0,-0,-0,-0,-0,-0,-0,
-0,-0,-0,-0,-0,-0,-0,-0,-0,-0,-0,-0,-0,-0,
-0,-0,-0,-0,-0,-0,-0,-0,-0,-0,-0,-0,-0,-0,
-0,-0,-0,-0,-0,-0,-0,-0,-0,-0,-0,-0,-0,-0,
-0,-0,-0,-0,-0,-0,-0,-0,-0,-0,-0,-0,-0,-0,
-0,-0,-0,-0,-0,-0,-0,-0,-0,-0,-0,-0,-0,-0,
-0,-0,-0,-0,-0,-0,-0,-0,-0,-0,-0,-0,-0,-0,
-0,-0,-0,-0,-0,-0,-0,-0,-0,-0,-0,-0,-0,-0,
-0,-0,-0,-0,-0,-0,-0,-0,-0,-0,-0,-0,-0,-0,
-0,-0,-0,-0,-0,-0,-0,-0,-0,-0,-0,-0,-0,-0,
-0,-0,-0,-0,-0,-0,-0,-0,-0,-0,-0,-0,-0,-0,
-0,-0,-0,-0,-0,-0,-0,-0,-0,-0,-0,-0,-0,-0,
-0,-0,-0,-0,-0,-0,-0,-0,-0,-0,-0,-0,-0,-0,
-0,-0,-0,-0,-0,-0,-0,-0,-0,-0,-0,-0,-0,-0,
-0,-0,-0,-0,-0,-0,-0,-0,-0,-0,-0,-0,-0,-0,
-0,-0,-0,-0,-0,-0,-0,-0,-0,-0,-0,-0,-0,-0,
-0,-0,-0,-0,-0,-0,-0,-0,-0,-0,-0,-0,-0,-0,
-0,-0,-0,-0,-0,-0,-0,-0,-0,-0,-0,-0,-0,-0,
-0,-0,-0,-0,-0,-0,-0,-0,-0,-0,-0,-0,-0,-0,
-0,-0,-0,-0,-0,-0,-0,-0,-0,-0,-0,-0,-0,-0,
-0,-0,-0,-0,-0,-0,-0,-0,-0,-0,-0,-0,-0,-0,
-0,-0,-0,-0,-0,-0,-0,-0,-0,-0,-0,-0,-0,-0,
-0,-0,-0,-0,-0,-0,-0,-0,-0,-0,-0,-0,-0,-0,
-0,-0,-0,-0,-0,-0,-0,-0,-0,-0,-0,-0,-0,-0,
-0,-0,-0,-0,-0,-0,-0,-0,-0,-0,-0,-0,-0,-0,
-0,-0,-0,-0,-0,-0,-0,-0,-0,-0,-0,-0,-0,-0,
-0,-0,-0,-0,-0,-0,-0,-0,-0,-0,-0,-0,-0,-0,
-0,-0,-0,-0,-0,-0,-0,-0,-0,-0,-0,-0,-0,-0,
-0,-0,-0,-0,-0,-0,-0,-0,-0,-0,-0,-0,-0,-0,
-0,-0,-0,-0,-0,-0,-0,-0,-0,-0,-0,-0,-0,-0,
-0,-0,-0,-0,-0,-0,-0,-0,-0,-0,-0,-0,-0,-0,
-0,-0,-0,-0,-0,-0,-0,-0,-0,-0,-0,-0,-0,-0,
-0,-0,-0,-0,-0,-0,-0,-0,-0,-0,-0,-0,-0,-0,
-0,-0,-0,-0,-0,-0,-0,-0,-0,-0,-0,-0,-0,-0,
-0,-0,-0,-0,-0,-0,-0,-0,-0,-0,-0,-0,-0,-0,
-0,-0,-0,-0,-0,-0,-0,-0,-0,-0,-0,-0,-0,-0,
-0,-0,-0,-0,-0,-0,-0,-0,-0,-0,-0,-0,-0,-0,
-0,-0,-0,-0,-0,-0,-0,-0,-0,-0,-0,-0,-0,-0,
-0,-0,-0,-0,-0,-0,-0,-0,-0,-0,-0,-0,-0,-0,
-0,-0,-0,-0,-0,-0,-0,-0,-0,-0,-0,-0,-0,-0,
-0,-0,-0,-0,-0,-0,-0,-0,-0,-0,-0,-0,-0,-0,
-0,-0,-0,-0,-0,-0,-0,-0,-0,-0,-0,-0,-0,-0,
-0,-0,-0,-0,-0,-0,-0,-0,-0,-0,-0,-0,-0,-0,
-0,-0,-0,-0,-0,-0,-0,-0,-0,-0,-0,-0,-0,-0,
-0,-0,-0,-0,-0,-0,-0,-0,-0,-0,-0,-0,-0,-0,
-0,-0,-0,-0,-0,-0,-0,-0,-0,-0,-0,-0,-0,-0,
-0,-0,-0,-0,-0,-0,-0,-0,-0,-0,-0,-0,-0,-0,
-0,-0,-0,-0,-0,-0,-0,-0,-0,-0,-0,-0,-0,-0,
-0,-0,-0,-0,-0,-0,-0,-0,-0,-0,-0,-0,-0,-0,
-0,-0,-0,-0,-0,-0,-0,-0,-0,-0,-0,-0,-0,-0,
-0,-0,-0,-0,-0,-0,-0,-0,-0,-0,-0,-0,-0,-0,
-0,-0,-0,-0,-0,-0,-0,-0,-0,-0,-0,-0,-0,-0,
-0,-0,-0,-0,-0,-0,-0,-0,-0,-0,-0,-0,-0,-0,
-0,-0,-0,-0,-0,-0,-0,-0,-0,-0,-0,-0,-0,-0,
-0,-0,-0,-0,-0,-0,-0,-0,-0,-0,-0,-0,-0,-0,
-0,-0,-0,-0,-0,-0,-0,-0,-0,-0,-0,-0,-0,-0,
-0,-0,-0,-0,-0,-0,-0,-0,-0,-0,-0,-0,-0,-0,
-0,-0,-0,-0,-0,-0,-0,-0,-0,-0,-0,-0,-0,-0,
-0,-0,-0,-0,-0,-0,-0,-0,-0,-0,-0,-0,-0,-0,
-0,-0,-0,-0,-0,-0,-0,-0,-0,-0,-0,-0,-0,-0,
-0,-0,-0,-0,-0,-0,-0,-0,-0,-0,-0,-0,-0,-0,
-0,-0,-0,-0,-0,-0,-0,-0,-0,-0,-0,-0,-0,-0,
-0,-0,-0,-0,-0,-0,-0,-0,-0,-0,-0,-0,-0,-0,
-0,-0,-0,-0,-0,-0,-0,-0,-0,-0,-0,-0,-0,-0,
-0,-0,-0,-0,-0,-0,-0,-0,-0,-0,-0,-0,-0,-0,
-0,-0,-0,-0,-0,-0,-0,-0,-0,-0,-0,-0,-0,-0,
-0,-0,-0,-0,-0,-0,-0,-0,-0,-0,-0,-0,-0,-0,
-0,-0,-0,-0,-0,-0,-0,-0,-0,-0,-0,-0,-0,-0,
-0,-0,-0,-0,-0,-0,-0,-0,-0,-0,-0,-0,-0,-0,
-0,-0,-0,-0,-0,-0,-0,-0,-0,-0,-0,-0,-0,-0,
-0,-0,-0,-0,-0,-0,-0,-0,-0,-0,-0,-0,-0,-0,
-0,-0,-0,-0,-0,-0,-0,-0,-0,-0,-0,-0,-0,-0,
-0,-0,-0,-0,-0,-0,-0,-0,-0,-0,-0,-0,-0,-0,
-0,-0,-0,-0,-0,-0,-0,-0,-0,-0,-0,-0,-0,-0,
-0,-0,-0,-0,-0,-0,-0,-0,-0,-0,-0,-0,-0,-0,
-0,-0,-0,-0,-0,-0,-0,-0,-0,-0,-0,-0,-0,-0,
-0,-0,-0,-0,-0,-0,-0,-0,-0,-0,-0,-0,-0,-0,
-0,-0,-0,-0,-0,-0,-0,-0,-0,-0,-0,-0,-0,-0,
-0,-0,-0,-0,-0,-0,-0,-0,-0,-0,-0,-0,-0,-0,
-0,-0,-0,-0,-0,-0,-0,-0,-0,-0,-0,-0,-0,-0,
-0,-0,-0,-0,-0,-0,-0,-0,-0,-0,-0,-0,-0,-0,
-0,-0,-0,-0,-0,-0,-0,-0,-0,-0,-0,-0,-0,-0,
-0,-0,-0,-0,-0,-0,-0,-0,-0,-0,-0,-0,-0,-0,
-0,-0,-0,-0,-0,-0,-0,-0,-0,-0,-0,-0,-0,-0,
-0,-0,-0,-0,-0,-0,-0,-0,-0,-0,-0,-0,-0,-0,
-0,-0,-0,-0,-0,-0,-0,-0,-0,-0,-0,-0,-0,-0,
-0,-0,-0,-0,-0,-0,-0,-0,-0,-0,-0,-0,-0,-0,
-0,-0,-0,-0,-0,-0,-0,-0,-0,-0,-0,-0,-0,-0,
-0,-0,-0,-0,-0,-0,-0,-0,-0,-0,-0,-0,-0,-0,
-0,-0,-0,-0,-0,-0,-0,-0,-0,-0,-0,-0,-0,-0,
-0,-0,-0,-0,-0,-0,-0,-0,-0,-0,-0,-0,-0,-0,
-0,-0,-0,-0,-0,-0,-0,-0,-0,-0,-0,-0,-0,-0,
-0,-0,-0,-0,-0,-0,-0,-0,-0,-0,-0,-0,-0,-0,
-0,-0,-0,-0,-0,-0,-0,-0,-0,-0,-0,-0,-0,-0,
-0,-0,-0,-0,-0,-0,-0,-0,-0,-0,-0,-0,-0,-0,
-0,-0,-0,-0,-0,-0,-0,-0,-0,-0,-0,-0,-0,-0,
-0,-0,-0,-0,-0,-0,-0,-0,-0,-0,-0,-0,-0,-0,
-0,-0,-0,-0,-0,-0,-0,-0,-0,-0,-0,-0,-0,-0,
-0,-0,-0,-0,-0,-0,-0,-0,-0,-0,-0,-0,-0,-0,
-0,-0,-0,-0,-0,-0,-0,-0,-0,-0,-0,-0,-0,-0,
-0,-0,-0,-0,-0,-0,-0,-0,-0,-0,-0,-0,-0,-0,
-0,-0,-0,-0,-0,-0,-0,-0,-0,-0,-0,-0,-0,-0,
-0,-0,-0,-0,-0,-0,-0,-0,-0,-0,-0,-0,-0,-0,
-0,-0,-0,-0,-0,-0,-0,-0,-0,-0,-0,-0,-0,-0,
-0,-0,-0,-0,-0,-0,-0,-0,-0,-0,-0,-0,-0,-0,
-0,-0,-0,-0,-0,-0,-0,-0,-0,-0,-0,-0,-0,-0,
-0,-0,-0,-0,-0,-0,-0,-0,-0,-0,-0,-0,-0,-0,
-0,-0,-0,-0,-0,-0,-0,-0,-0,-0,-0,-0,-0,-0,
-0,-0,-0,-0,-0,-0,-0,-0,-0,-0,-0,-0,-0,-0,
-0,-0,-0,-0,-0,-0,-0,-0,-0,-0,-0,-0,-0,-0,
-0,-0,-0,-0,-0,-0,-0,-0,-0,-0,-0,-0,-0,-0,
-0,-0,-0,-0,-0,-0,-0,-0,-0,-0,-0,-0,-0,-0,
-0,-0,-0,-0,-0,-0,-0,-0,-0,-0,-0,-0,-0,-0,
-0,-0,-0,-0,-0,-0,-0,-0,-0,-0,-0,-0,-0,-0,
-0,-0,-0,-0,-0,-0,-0,-0,-0,-0,-0,-0,-0,-0,
-0,-0,-0,-0,-0,-0,-0,-0,-0,-0,-0,-0,-0,-0,
-0,-0,-0,-0,-0,-0,-0,-0,-0,-0,-0,-0,-0,-0,
-0,-0,-0,-0,-0,-0,-0,-0,-0,-0,-0,-0,-0,-0,
-0,-0,-0,-0,-0,-0,-0,-0,-0,-0,-0,-0,-0,-0,
-0,-0,-0,-0,-0,-0,-0,-0,-0,-0,-0,-0,-0,-0,
-0,-0,-0,-0,-0,-0,-0,-0,-0,-0,-0,-0,-0,-0,
-0,-0,-0,-0,-0,-0,-0,-0,-0,-0,-0,-0,-0,-0,
-0,-0,-0,-0,-0,-0,-0,-0,-0,-0,-0,-0,-0,-0,
-0,-0,-0,-0,-0,-0,-0,-0,-0,-0,-0,-0,-0,-0,
-0,-0,-0,-0,-0,-0,-0,-0,-0,-0,-0,-0,-0,-0,
-0,-0,-0,-0,-0,-0,-0,-0,-0,-0,-0,-0,-0,-0,
-0,-0,-0,-0,-0,-0,-0,-0,-0,-0,-0,-0,-0,-0,
-0,-0,-0,-0,-0,-0,-0,-0,-0,-0,-0,-0,-0,-0,
-0,-0,-0,-0,-0,-0,-0,-0,-0,-0,-0,-0,-0,-0,
-0,-0,-0,-0,-0,-0,-0,-0,-0,-0,-0,-0,-0,-0,
-0,-0,-0,-0,-0,-0,-0,-0,-0,-0,-0,-0,-0,-0,
-0,-0,-0,-0,-0,-0,-0,-0,-0,-0,-0,-0,-0,-0,
-0,-0,-0,-0,-0,-0,-0,-0,-0,-0,-0,-0,-0,-0,
-0,-0,-0,-0,-0,-0,-0,-0,-0,-0,-0,-0,-0,-0,
-0,-0,-0,-0,-0,-0,-0,-0,-0,-0,-0,-0,-0,-0,
-0,-0,-0,-0,-0,-0,-0,-0,-0,-0,-0,-0,-0,-0,
-0,-0,-0,-0,-0,-0,-0,-0,-0,-0,-0,-0,-0,-0,
-0,-0,-0,-0,-0,-0,-0,-0,-0,-0,-0,-0,-0,-0,
-0,-0,-0,-0,-0,-0,-0,-0,-0,-0,-0,-0,-0,-0,
-0,-0,-0,-0,-0,-0,-0,-0,-0,-0,-0,-0,-0,-0,
-0,-0,-0,-0,-0,-0,-0,-0,-0,-0,-0,-0,-0,-0,
-0,-0,-0,-0,-0,-0,-0,-0,-0,-0,-0,-0,-0,-0,
-0,-0,-0,-0,-0,-0,-0,-0,-0,-0,-0,-0,-0,-0,
-0,-0,-0,-0,-0,-0,-0,-0,-0,-0,-0,-0,-0,-0,
-0,-0,-0,-0,-0,-0,-0,-0,-0,-0,-0,-0,-0,-0,
-0,-0,-0,-0,-0,-0,-0,-0,-0,-0,-0,-0,-0,-0,
-0,-0,-0,-0,-0,-0,-0,-0,-0,-0,-0,-0,-0,-0,
-0,-0,-0,-0,-0,-0,-0,-0,-0,-0,-0,-0,-0,-0,
-0,-0,-0,-0,-0,-0,-0,-0,-0,-0,-0,-0,-0,-0,
-0,-0,-0,-0,-0,-0,-0,-0,-0,-0,-0,-0,-0,-0,
-0,-0,-0,-0,-0,-0,-0,-0,-0,-0,-0,-0,-0,-0,
-0,-0,-0,-0,-0,-0,-0,-0,-0,-0,-0,-0,-0,-0,
-0,-0,-0,-0,-0,-0,-0,-0,-0,-0,-0,-0,-0,-0,
-0,-0,-0,-0,-0,-0,-0,-0,-0,-0,-0,-0,-0,-0,
-0,-0,-0,-0,-0,-0,-0,-0,-0,-0,-0,-0,-0,-0,
-0,-0,-0,-0,-0,-0,-0,-0,-0,-0,-0,-0,-0,-0,
-0,-0,-0,-0,-0,-0,-0,-0,-0,-0,-0,-0,-0,-0,
-0,-0,-0,-0,-0,-0,-0,-0,-0,-0,-0,-0,-0,-0,
-0,-0,-0,-0,-0,-0,-0,-0,-0,-0,-0,-0,-0,-0,
-0,-0,-0,-0,-0,-0,-0,-0,-0,-0,-0,-0,-0,-0,
-0,-0,-0,-0,-0,-0,-0,-0,-0,-0,-0,-0,-0,-0,
-0,-0,-0,-0,-0,-0,-0,-0,-0,-0,-0,-0,-0,-0,
-0,-0,-0,-0,-0,-0,-0,-0,-0,-0,-0,-0,-0,-0,
-0,-0,-0,-0,-0,-0,-0,-0,-0,-0,-0,-0,-0,-0,
-0,-0,-0,-0,-0,-0,-0,-0,-0,-0,-0,-0,-0,-0,
-0,-0,-0,-0,-0,-0,-0,-0,-0,-0,-0,-0,-0,-0,
-0,-0,-0,-0,-0,-0,-0,-0,-0,-0,-0,-0,-0,-0,
-0,-0,-0,-0,-0,-0,-0,-0,-0,-0,-0,-0,-0,-0,
-0,-0,-0,-0,-0,-0,-0,-0,-0,-0,-0,-0,-0,-0,
-0,-0,-0,-0,-0,-0,-0,-0,-0,-0,-0,-0,-0,-0,
-0,-0,-0,-0,-0,-0,-0,-0,-0,-0,-0,-0,-0,-0,
-0,-0,-0,-0,-0,-0,-0,-0,-0,-0,-0,-0,-0,-0,
-0,-0,-0,-0,-0,-0,-0,-0,-0,-0,-0,-0,-0,-0,
-0,-0,-0,-0,-0,-0,-0,-0,-0,-0,-0,-0,-0,-0,
-0,-0,-0,-0,-0,-0,-0,-0,-0,-0,-0,-0,-0,-0,
-0,-0,-0,-0,-0,-0,-0,-0,-0,-0,-0,-0,-0,-0,
-0,-0,-0,-0,-0,-0,-0,-0,-0,-0,-0,-0,-0,-0,
-0,-0,-0,-0,-0,-0,-0,-0,-0,-0,-0,-0,-0,-0,
-0,-0,-0,-0,-0,-0,-0,-0,-0,-0,-0,-0,-0,-0,
-0,-0,-0,-0,-0,-0,-0,-0,-0,-0,-0,-0,-0,-0,
-0,-0,-0,-0,-0,-0,-0,-0,-0,-0,-0,-0,-0,-0,
-0,-0,-0,-0,-0,-0,-0,-0,-0,-0,-0,-0,-0,-0,
-0,-0,-0,-0,-0,-0,-0,-0,-0,-0,-0,-0,-0,-0,
-0,-0,-0,-0,-0,-0,-0,-0,-0,-0,-0,-0,-0,-0,
-0,-0,-0,-0,-0,-0,-0,-0,-0,-0,-0,-0,-0,-0,
-0,-0,-0,-0,-0,-0,-0,-0,-0,-0,-0,-0,-0,-0,
-0,-0,-0,-0,-0,-0,-0,-0,-0,-0,-0,-0,-0,-0,
-0,-0,-0,-0,-0,-0,-0,-0,-0,-0,-0,-0,-0,-0,
-0,-0,-0,-0,-0,-0,-0,-0,-0,-0,-0,-0,-0,-0,
-0,-0,-0,-0,-0,-0,-0,-0,-0,-0,-0,-0,-0,-0,
-0,-0,-0,-0,-0,-0,-0,-0,-0,-0,-0,-0,-0,-0,
-0,-0,-0,-0,-0,-0,-0,-0,-0,-0,-0,-0,-0,-0,
-0,-0,-0,-0,-0,-0,-0,-0,-0,-0,-0,-0,-0,-0,
-0,-0,-0,-0,-0,-0,-0,-0,-0,-0,-0,-0,-0,-0,
-0,-0,-0,-0,-0,-0,-0,-0,-0,-0,-0,-0,-0,-0,
-0,-0,-0,-0,-0,-0,-0,-0,-0,-0,-0,-0,-0,-0,
-0,-0,-0,-0,-0,-0,-0,-0,-0,-0,-0,-0,-0,-0,
-0,-0,-0,-0,-0,-0,-0,-0,-0,-0,-0,-0,-0,-0,
-0,-0,-0,-0,-0,-0,-0,-0,-0,-0,-0,-0,-0,-0,
-0,-0,-0,-0,-0,-0,-0,-0,-0,-0,-0,-0,-0,-0,
-0,-0,-0,-0,-0,-0,-0,-0,-0,-0,-0,-0,-0,-0,
-0,-0,-0,-0,-0,-0,-0,-0,-0,-0,-0,-0,-0,-0,
-0,-0,-0,-0,-0,-0,-0,-0,-0,-0,-0,-0,-0,-0,
-0,-0,-0,-0,-0,-0,-0,-0,-0,-0,-0,-0,-0,-0,
-0,-0,-0,-0,-0,-0,-0,-0,-0,-0,-0,-0,-0,-0,
-0,-0,-0,-0,-0,-0,-0,-0,-0,-0,-0,-0,-0,-0,
-0,-0,-0,-0,-0,-0,-0,-0,-0,-0,-0,-0,-0,-0,
-0,-0,-0,-0,-0,-0,-0,-0,-0,-0,-0,-0,-0,-0,
-0,-0,-0,-0,-0,-0,-0,-0,-0,-0,-0,-0,-0,-0,
-0,-0,-0,-0,-0,-0,-0,-0,-0,-0,-0,-0,-0,-0,
-0,-0,-0,-0,-0,-0,-0,-0,-0,-0,-0,-0,-0,-0,
-0,-0,-0,-0,-0,-0,-0,-0,-0,-0,-0,-0,-0,-0,
-0,-0,-0,-0,-0,-0,-0,-0,-0,-0,-0,-0,-0,-0,
-0,-0,-0,-0,-0,-0,-0,-0,-0,-0,-0,-0,-0,-0,
-0,-0,-0,-0,-0,-0,-0,-0,-0,-0,-0,-0,-0,-0,
-0,-0,-0,-0,-0,-0,-0,-0,-0,-0,-0,-0,-0,-0,
-0,-0,-0,-0,-0,-0,-0,-0,-0,-0,-0,-0,-0,-0,
-0,-0,-0,-0,-0,-0,-0,-0,-0,-0,-0,-0,-0,-0,
-0,-0,-0,-0,-0,-0,-0,-0,-0,-0,-0,-0,-0,-0,
-0,-0,-0,-0,-0,-0,-0,-0,-0,-0,-0,-0,-0,-0,
-0,-0,-0,-0,-0,-0,-0,-0,-0,-0,-0,-0,-0,-0,
-0,-0,-0,-0,-0,-0,-0,-0,-0,-0,-0,-0,-0,-0,
-0,-0,-0,-0,-0,-0,-0,-0,-0,-0,-0,-0,-0,-0,
-0,-0,-0,-0,-0,-0,-0,-0,-0,-0,-0,-0,-0,-0,
-0,-0,-0,-0,-0,-0,-0,-0,-0,-0,-0,-0,-0,-0,
-0,-0,-0,-0,-0,-0,-0,-0,-0,-0,-0,-0,-0,-0,
-0,-0,-0,-0,-0,-0,-0,-0,-0,-0,-0,-0,-0,-0,
-0,-0,-0,-0,-0,-0,-0,-0,-0,-0,-0,-0,-0,-0,
-0,-0,-0,-0,-0,-0,-0,-0,-0,-0,-0,-0,-0,-0,
-0,-0,-0,-0,-0,-0,-0,-0,-0,-0,-0,-0,-0,-0,
-0,-0,-0,-0,-0,-0,-0,-0,-0,-0,-0,-0,-0,-0,
-0,-0,-0,-0,-0,-0,-0,-0,-0,-0,-0,-0,-0,-0,
-0,-0,-0,-0,-0,-0,-0,-0,-0,-0,-0,-0,-0,-0,
-0,-0,-0,-0,-0,-0,-0,-0,-0,-0,-0,-0,-0,-0,
-0,-0,-0,-0,-0,-0,-0,-0,-0,-0,-0,-0,-0,-0,
-0,-0,-0,-0,-0,-0,-0,-0,-0,-0,-0,-0,-0,-0,
-0,-0,-0,-0,-0,-0,-0,-0,-0,-0,-0,-0,-0,-0,
-0,-0,-0,-0,-0,-0,-0,-0,-0,-0,-0,-0,-0,-0,
-0,-0,-0,-0,-0,-0,-0,-0,-0,-0,-0,-0,-0,-0,
-0,-0,-0,-0,-0,-0,-0,-0,-0,-0,-0,-0,-0,-0,
-0,-0,-0,-0,-0,-0,-0,-0,-0,-0,-0,-0,-0,-0,
-0,-0,-0,-0,-0,-0,-0,-0,-0,-0,-0,-0,-0,-0,
-0,-0,-0,-0,-0,-0,-0,-0,-0,-0,-0,-0,-0,-0,
-0,-0,-0,-0,-0,-0,-0,-0,-0,-0,-0,-0,-0,-0,
-0,-0,-0,-0,-0,-0,-0,-0,-0,-0,-0,-0,-0,-0,
-0,-0,-0,-0,-0,-0,-0,-0,-0,-0,-0,-0,-0,-0,
-0,-0,-0,-0,-0,-0,-0,-0,-0,-0,-0,-0,-0,-0,
-0,-0,-0,-0,-0,-0,-0,-0,-0,-0,-0,-0,-0,-0,
-0,-0,-0,-0,-0,-0,-0,-0,-0,-0,-0,-0,-0,-0,
-0,-0,-0,-0,-0,-0,-0,-0,-0,-0,-0,-0,-0,-0,
-0,-0,-0,-0,-0,-0,-0,-0,-0,-0,-0,-0,-0,-0,
-0,-0,-0,-0,-0,-0,-0,-0,-0,-0,-0,-0,-0,-0,
-0,-0,-0,-0,-0,-0,-0,-0,-0,-0,-0,-0,-0,-0,
-0,-0,-0,-0,-0,-0,-0,-0,-0,-0,-0,-0,-0,-0,
-0,-0,-0,-0,-0,-0,-0,-0,-0,-0,-0,-0,-0,-0,
-0,-0,-0,-0,-0,-0,-0,-0,-0,-0,-0,-0,-0,-0,
-0,-0,-0,-0,-0,-0,-0,-0,-0,-0,-0,-0,-0,-0,
-0,-0,-0,-0,-0,-0,-0,-0,-0,-0,-0,-0,-0,-0,
-0,-0,-0,-0,-0,-0,-0,-0,-0,-0,-0,-0,-0,-0,
-0,-0,-0,-0,-0,-0,-0,-0,-0,-0,-0,-0,-0,-0,
-0,-0,-0,-0,-0,-0,-0,-0,-0,-0,-0,-0,-0,-0,
-0,-0,-0,-0,-0,-0,-0,-0,-0,-0,-0,-0,-0,-0,
-0,-0,-0,-0,-0,-0,-0,-0,-0,-0,-0,-0,-0,-0,
-0,-0,-0,-0,-0,-0,-0,-0,-0,-0,-0,-0,-0,-0,
-0,-0,-0,-0,-0,-0,-0,-0,-0,-0,-0,-0,-0,-0,
-0,-0,-0,-0,-0,-0,-0,-0,-0,-0,-0,-0,-0,-0,
-0,-0,-0,-0,-0,-0,-0,-0,-0,-0,-0,-0,-0,-0,
-0,-0,-0,-0,-0,-0,-0,-0,-0,-0,-0,-0,-0,-0,
-0,-0,-0,-0,-0,-0,-0,-0,-0,-0,-0,-0,-0,-0,
-0,-0,-0,-0,-0,-0,-0,-0,-0,-0,-0,-0,-0,-0,
-0,-0,-0,-0,-0,-0,-0,-0,-0,-0,-0,-0,-0,-0,
-0,-0,-0,-0,-0,-0,-0,-0,-0,-0,-0,-0,-0,-0,
-0,-0,-0,-0,-0,-0,-0,-0,-0,-0,-0,-0,-0,-0,
-0,-0,-0,-0,-0,-0,-0,-0,-0,-0,-0,-0,-0,-0,
-0,-0,-0,-0,-0,-0,-0,-0,-0,-0,-0,-0,-0,-0,
-0,-0,-0,-0,-0,-0,-0,-0,-0,-0,-0,-0,-0,-0,
-0,-0,-0,-0,-0,-0,-0,-0,-0,-0,-0,-0,-0,-0,
-0,-0,-0,-0,-0,-0,-0,-0,-0,-0,-0,-0,-0,-0,
-0,-0,-0,-0,-0,-0,-0,-0,-0,-0,-0,-0,-0,-0,
-0,-0,-0,-0,-0,-0,-0,-0,-0,-0,-0,-0,-0,-0,
-0,-0,-0,-0,-0,-0,-0,-0,-0,-0,-0,-0,-0,-0,
-0,-0,-0,-0,-0,-0,-0,-0,-0,-0,-0,-0,-0,-0,
-0,-0,-0,-0,-0,-0,-0,-0,-0,-0,-0,-0,-0,-0,
-0,-0,-0,-0,-0,-0,-0,-0,-0,-0,-0,-0,-0,-0,
-0,-0,-0,-0,-0,-0,-0,-0,-0,-0,-0,-0,-0,-0,
-0,-0,-0,-0,-0,-0,-0,-0,-0,-0,-0,-0,-0,-0,
-0,-0,-0,-0,-0,-0,-0,-0,-0,-0,-0,-0,-0,-0,
-0,-0,-0,-0,-0,-0,-0,-0,-0,-0,-0,-0,-0,-0,
-0,-0,-0,-0,-0,-0,-0,-0,-0,-0,-0,-0,-0,-0,
-0,-0,-0,-0,-0,-0,-0,-0,-0,-0,-0,-0,-0,-0,
-0,-0,-0,-0,-0,-0,-0,-0,-0,-0,-0,-0,-0,-0,
-0,-0,-0,-0,-0,-0,-0,-0,-0,-0,-0,-0,-0,-0,
-0,-0,-0,-0,-0,-0,-0,-0,-0,-0,-0,-0,-0,-0,
-0,-0,-0,-0,-0,-0,-0,-0,-0,-0,-0,-0,-0,-0,
-0,-0,-0,-0,-0,-0,-0,-0,-0,-0,-0,-0,-0,-0,
-0,-0,-0,-0,-0,-0,-0,-0,-0,-0,-0,-0,-0,-0,
-0,-0,-0,-0,-0,-0,-0,-0,-0,-0,-0,-0,-0,-0,
-0,-0,-0,-0,-0,-0,-0,-0,-0,-0,-0,-0,-0,-0,
-0,-0,-0,-0,-0,-0,-0,-0,-0,-0,-0,-0,-0,-0,
-0,-0,-0,-0,-0,-0,-0,-0,-0,-0,-0,-0,-0,-0,
-0,-0,-0,-0,-0,-0,-0,-0,-0,-0,-0,-0,-0,-0,
-0,-0,-0,-0,-0,-0,-0,-0,-0,-0,-0,-0,-0,-0,
-0,-0,-0,-0,-0,-0,-0,-0,-0,-0,-0,-0,-0,-0,
-0,-0,-0,-0,-0,-0,-0,-0,-0,-0,-0,-0,-0,-0,
-0,-0,-0,-0,-0,-0,-0,-0,-0,-0,-0,-0,-0,-0,
-0,-0,-0,-0,-0,-0,-0,-0,-0,-0,-0,-0,-0,-0,
-0,-0,-0,-0,-0,-0,-0,-0,-0,-0,-0,-0,-0,-0,
-0,-0,-0,-0,-0,-0,-0,-0,-0,-0,-0,-0,-0,-0,
-0,-0,-0,-0,-0,-0,-0,-0,-0,-0,-0,-0,-0,-0,
-0,-0,-0,-0,-0,-0,-0,-0,-0,-0,-0,-0,-0,-0,
-0,-0,-0,-0,-0,-0,-0,-0,-0,-0,-0,-0,-0,-0,
-0,-0,-0,-0,-0,-0,-0,-0,-0,-0,-0,-0,-0,-0,
-0,-0,-0,-0,-0,-0,-0,-0,-0,-0,-0,-0,-0,-0,
-0,-0,-0,-0,-0,-0,-0,-0,-0,-0,-0,-0,-0,-0,
-0,-0,-0,-0,-0,-0,-0,-0,-0,-0,-0,-0,-0,-0,
-0,-0,-0,-0,-0,-0,-0,-0,-0,-0,-0,-0,-0,-0,
-0,-0,-0,-0,-0,-0,-0,-0,-0,-0,-0,-0,-0,-0,
-0,-0,-0,-0,-0,-0,-0,-0,-0,-0,-0,-0,-0,-0,
-0,-0,-0,-0,-0,-0,-0,-0,-0,-0,-0,-0,-0,-0,
-0,-0,-0,-0,-0,-0,-0,-0,-0,-0,-0,-0,-0,-0,
-0,-0,-0,-0,-0,-0,-0,-0,-0,-0,-0,-0,-0,-0,
-0,-0,-0,-0,-0,-0,-0,-0,-0,-0,-0,-0,-0,-0,
-0,-0,-0,-0,-0,-0,-0,-0,-0,-0,-0,-0,-0,-0,
-0,-0,-0,-0,-0,-0,-0,-0,-0,-0,-0,-0,-0,-0,
-0,-0,-0,-0,-0,-0,-0,-0,-0,-0,-0,-0,-0,-0,
-0,-0,-0,-0,-0,-0,-0,-0,-0,-0,-0,-0,-0,-0,
-0,-0,-0,-0,-0,-0,-0,-0,-0,-0,-0,-0,-0,-0,
-0,-0,-0,-0,-0,-0,-0,-0,-0,-0,-0,-0,-0,-0,
-0,-0,-0,-0,-0,-0,-0,-0,-0,-0,-0,-0,-0,-0,
-0,-0,-0,-0,-0,-0,-0,-0,-0,-0,-0,-0,-0,-0,
-0,-0,-0,-0,-0,-0,-0,-0,-0,-0,-0,-0,-0,-0,
-0,-0,-0,-0,-0,-0,-0,-0,-0,-0,-0,-0,-0,-0,
-0,-0,-0,-0,-0,-0,-0,-0,-0,-0,-0,-0,-0,-0,
-0,-0,-0,-0,-0,-0,-0,-0,-0,-0,-0,-0,-0,-0,
-0,-0,-0,-0,-0,-0,-0,-0,-0,-0,-0,-0,-0,-0,
-0,-0,-0,-0,-0,-0,-0,-0,-0,-0,-0,-0,-0,-0,
-0,-0,-0,-0,-0,-0,-0,-0,-0,-0,-0,-0,-0,-0,
-0,-0,-0,-0,-0,-0,-0,-0,-0,-0,-0,-0,-0,-0,
-0,-0,-0,-0,-0,-0,-0,-0,-0,-0,-0,-0,-0,-0,
-0,-0,-0,-0,-0,-0,-0,-0,-0,-0,-0,-0,-0,-0,
-0,-0,-0,-0,-0,-0,-0,-0,-0,-0,-0,-0,-0,-0,
-0,-0,-0,-0,-0,-0,-0,-0,-0,-0,-0,-0,-0,-0,
-0,-0,-0,-0,-0,-0,-0,-0,-0,-0,-0,-0,-0,-0,
-0,-0,-0,-0,-0,-0,-0,-0,-0,-0,-0,-0,-0,-0,
-0,-0,-0,-0,-0,-0,-0,-0,-0,-0,-0,-0,-0,-0,
-0,-0,-0,-0,-0,-0,-0,-0,-0,-0,-0,-0,-0,-0,
-0,-0,-0,-0,-0,-0,-0,-0,-0,-0,-0,-0,-0,-0,
-0,-0,-0,-0,-0,-0,-0,-0,-0,-0,-0,-0,-0,-0,
-0,-0,-0,-0,-0,-0,-0,-0,-0,-0,-0,-0,-0,-0,
-0,-0,-0,-0,-0,-0,-0,-0,-0,-0,-0,-0,-0,-0,
-0,-0,-0,-0,-0,-0,-0,-0,-0,-0,-0,-0,-0,-0,
-0,-0,-0,-0,-0,-0,-0,-0,-0,-0,-0,-0,-0,-0,
-0,-0,-0,-0,-0,-0,-0,-0,-0,-0,-0,-0,-0,-0,
-0,-0,-0,-0,-0,-0,-0,-0,-0,-0,-0,-0,-0,-0,
-0,-0,-0,-0,-0,-0,-0,-0,-0,-0,-0,-0,-0,-0,
-0,-0,-0,-0,-0,-0,-0,-0,-0,-0,-0,-0,-0,-0,
-0,-0,-0,-0,-0,-0,-0,-0,-0,-0,-0,-0,-0,-0,
-0,-0,-0,-0,-0,-0,-0,-0,-0,-0,-0,-0,-0,-0,
-0,-0,-0,-0,-0,-0,-0,-0,-0,-0,-0,-0,-0,-0,
-0,-0,-0,-0,-0,-0,-0,-0,-0,-0,-0,-0,-0,-0,
-0,-0,-0,-0,-0,-0,-0,-0,-0,-0,-0,-0,-0,-0,
-0,-0,-0,-0,-0,-0,-0,-0,-0,-0,-0,-0,-0,-0,
-0,-0,-0,-0,-0,-0,-0,-0,-0,-0,-0,-0,-0,-0,
-0,-0,-0,-0,-0,-0,-0,-0,-0,-0,-0,-0,-0,-0,
-0,-0,-0,-0,-0,-0,-0,-0,-0,-0,-0,-0,-0,-0,
-0,-0,-0,-0,-0,-0,-0,-0,-0,-0,-0,-0,-0,-0,
-0,-0,-0,-0,-0,-0,-0,-0,-0,-0,-0,-0,-0,-0,
-0,-0,-0,-0,-0,-0,-0,-0,-0,-0,-0,-0,-0,-0,
-0,-0,-0,-0,-0,-0,-0,-0,-0,-0,-0,-0,-0,-0,
-0,-0,-0,-0,-0,-0,-0,-0,-0,-0,-0,-0,-0,-0,
-0,-0,-0,-0,-0,-0,-0,-0,-0,-0,-0,-0,-0,-0,
-0,-0,-0,-0,-0,-0,-0,-0,-0,-0,-0,-0,-0,-0,
-0,-0,-0,-0,-0,-0,-0,-0,-0,-0,-0,-0,-0,-0,
-0,-0,-0,-0,-0,-0,-0,-0,-0,-0,-0,-0,-0,-0,
-0,-0,-0,-0,-0,-0,-0,-0,-0,-0,-0,-0,-0,-0,
-0,-0,-0,-0,-0,-0,-0,-0,-0,-0,-0,-0,-0,-0,
-0,-0,-0,-0,-0,-0,-0,-0,-0,-0,-0,-0,-0,-0,
-0,-0,-0,-0,-0,-0,-0,-0,-0,-0,-0,-0,-0,-0,
-0,-0,-0,-0,-0,-0,-0,-0,-0,-0,-0,-0,-0,-0,
-0,-0,-0,-0,-0,-0,-0,-0,-0,-0,-0,-0,-0,-0,
-0,-0,-0,-0,-0,-0,-0,-0,-0,-0,-0,-0,-0,-0,
-0,-0,-0,-0,-0,-0,-0,-0,-0,-0,-0,-0,-0,-0,
-0,-0,-0,-0,-0,-0,-0,-0,-0,-0,-0,-0,-0,-0,
-0,-0,-0,-0,-0,-0,-0,-0,-0,-0,-0,-0,-0,-0,
-0,-0,-0,-0,-0,-0,-0,-0,-0,-0,-0,-0,-0,-0,
-0,-0,-0,-0,-0,-0,-0,-0,-0,-0,-0,-0,-0,-0,
-0,-0,-0,-0,-0,-0,-0,-0,-0,-0,-0,-0,-0,-0,
-0,-0,-0,-0,-0,-0,-0,-0,-0,-0,-0,-0,-0,-0,
-0,-0,-0,-0,-0,-0,-0,-0,-0,-0,-0,-0,-0,-0,
-0,-0,-0,-0,-0,-0,-0,-0,-0,-0,-0,-0,-0,-0,
-0,-0,-0,-0,-0,-0,-0,-0,-0,-0,-0,-0,-0,-0,
-0,-0,-0,-0,-0,-0,-0,-0,-0,-0,-0,-0,-0,-0,
-0,-0,-0,-0,-0,-0,-0,-0,-0,-0,-0,-0,-0,-0,
-0,-0,-0,-0,-0,-0,-0,-0,-0,-0,-0,-0,-0,-0,
-0,-0,-0,-0,-0,-0,-0,-0,-0,-0,-0,-0,-0,-0,
-0,-0,-0,-0,-0,-0,-0,-0,-0,-0,-0,-0,-0,-0,
-0,-0,-0,-0,-0,-0,-0,-0,-0,-0,-0,-0,-0,-0,
-0,-0,-0,-0,-0,-0,-0,-0,-0,-0,-0,-0,-0,-0,
-0,-0,-0,-0,-0,-0,-0,-0,-0,-0,-0,-0,-0,-0,
-0,-0,-0,-0,-0,-0,-0,-0,-0,-0,-0,-0,-0,-0,
-0,-0,-0,-0,-0,-0,-0,-0,-0,-0,-0,-0,-0,-0,
-0,-0,-0,-0,-0,-0,-0,-0,-0,-0,-0,-0,-0,-0,
-0,-0,-0,-0,-0,-0,-0,-0,-0,-0,-0,-0,-0,-0,
-0,-0,-0,-0,-0,-0,-0,-0,-0,-0,-0,-0,-0,-0,
-0,-0,-0,-0,-0,-0,-0,-0,-0,-0,-0,-0,-0,-0,
-0,-0,-0,-0,-0,-0,-0,-0,-0,-0,-0,-0,-0,-0,
-0,-0,-0,-0,-0,-0,-0,-0,-0,-0,-0,-0,-0,-0,
-0,-0,-0,-0,-0,-0,-0,-0,-0,-0,-0,-0,-0,-0,
-0,-0,-0,-0,-0,-0,-0,-0,-0,-0,-0,-0,-0,-0,
-0,-0,-0,-0,-0,-0,-0,-0,-0,-0,-0,-0,-0,-0,
-0,-0,-0,-0,-0,-0,-0,-0,-0,-0,-0,-0,-0,-0,
-0,-0,-0,-0,-0,-0,-0,-0,-0,-0,-0,-0,-0,-0,
-0,-0,-0,-0,-0,-0,-0,-0,-0,-0,-0,-0,-0,-0,
-0,-0,-0,-0,-0,-0,-0,-0,-0,-0,-0,-0,-0,-0,
-0,-0,-0,-0,-0,-0,-0,-0,-0,-0,-0,-0,-0,-0,
-0,-0,-0,-0,-0,-0,-0,-0,-0,-0,-0,-0,-0,-0,
-0,-0,-0,-0,-0,-0,-0,-0,-0,-0,-0,-0,-0,-0,
-0,-0,-0,-0,-0,-0,-0,-0,-0,-0,-0,-0,-0,-0,
-0,-0,-0,-0,-0,-0,-0,-0,-0,-0,-0,-0,-0,-0,
-0,-0,-0,-0,-0,-0,-0,-0,-0,-0,-0,-0,-0,-0,
-0,-0,-0,-0,-0,-0,-0,-0,-0,-0,-0,-0,-0,-0,
-0,-0,-0,-0,-0,-0,-0,-0,-0,-0,-0,-0,-0,-0,
-0,-0,-0,-0,-0,-0,-0,-0,-0,-0,-0,-0,-0,-0,
-0,-0,-0,-0,-0,-0,-0,-0,-0,-0,-0,-0,-0,-0,
-0,-0,-0,-0,-0,-0,-0,-0,-0,-0,-0,-0,-0,-0,
-0,-0,-0,-0,-0,-0,-0,-0,-0,-0,-0,-0,-0,-0,
-0,-0,-0,-0,-0,-0,-0,-0,-0,-0,-0,-0,-0,-0,
-0,-0,-0,-0,-0,-0,-0,-0,-0,-0,-0,-0,-0,-0,
-0,-0,-0,-0,-0,-0,-0,-0,-0,-0,-0,-0,-0,-0,
-0,-0,-0,-0,-0,-0,-0,-0,-0,-0,-0,-0,-0,-0,
-0,-0,-0,-0,-0,-0,-0,-0,-0,-0,-0,-0,-0,-0,
-0,-0,-0,-0,-0,-0,-0,-0,-0,-0,-0,-0,-0,-0,
-0,-0,-0,-0,-0,-0,-0,-0,-0,-0,-0,-0,-0,-0,
-0,-0,-0,-0,-0,-0,-0,-0,-0,-0,-0,-0,-0,-0,
-0,-0,-0,-0,-0,-0,-0,-0,-0,-0,-0,-0,-0,-0,
-0,-0,-0,-0,-0,-0,-0,-0,-0,-0,-0,-0,-0,-0,
-0,-0,-0,-0,-0,-0,-0,-0,-0,-0,-0,-0,-0,-0,
-0,-0,-0,-0,-0,-0,-0,-0,-0,-0,-0,-0,-0,-0,
-0,-0,-0,-0,-0,-0,-0,-0,-0,-0,-0,-0,-0,-0,
-0,-0,-0,-0,-0,-0,-0,-0,-0,-0,-0,-0,-0,-0,
-0,-0,-0,-0,-0,-0,-0,-0,-0,-0,-0,-0,-0,-0,
-0,-0,-0,-0,-0,-0,-0,-0,-0,-0,-0,-0,-0,-0,
-0,-0,-0,-0,-0,-0,-0,-0,-0,-0,-0,-0,-0,-0,
-0,-0,-0,-0,-0,-0,-0,-0,-0,-0,-0,-0,-0,-0,
-0,-0,-0,-0,-0,-0,-0,-0,-0,-0,-0,-0,-0,-0,
-0,-0,-0,-0,-0,-0,-0,-0,-0,-0,-0,-0,-0,-0,
-0,-0,-0,-0,-0,-0,-0,-0,-0,-0,-0,-0,-0,-0,
-0,-0,-0,-0,-0,-0,-0,-0,-0,-0,-0,-0,-0,-0,
-0,-0,-0,-0,-0,-0,-0,-0,-0,-0,-0,-0,-0,-0,
-0,-0,-0,-0,-0,-0,-0,-0,-0,-0,-0,-0,-0,-0,
-0,-0,-0,-0,-0,-0,-0,-0,-0,-0,-0,-0,-0,-0,
-0,-0,-0,-0,-0,-0,-0,-0,-0,-0,-0,-0,-0,-0,
-0,-0,-0,-0,-0,-0,-0,-0,-0,-0,-0,-0,-0,-0,
-0,-0,-0,-0,-0,-0,-0,-0,-0,-0,-0,-0,-0,-0,
-0,-0,-0,-0,-0,-0,-0,-0,-0,-0,-0,-0,-0,-0,
-0,-0,-0,-0,-0,-0,-0,-0,-0,-0,-0,-0,-0,-0,
-0,-0,-0,-0,-0,-0,-0,-0,-0,-0,-0,-0,-0,-0,
-0,-0,-0,-0,-0,-0,-0,-0,-0,-0,-0,-0,-0,-0,
-0,-0,-0,-0,-0,-0,-0,-0,-0,-0,-0,-0,-0,-0,
-0,-0,-0,-0,-0,-0,-0,-0,-0,-0,-0,-0,-0,-0,
-0,-0,-0,-0,-0,-0,-0,-0,-0,-0,-0,-0,-0,-0,
-0,-0,-0,-0,-0,-0,-0,-0,-0,-0,-0,-0,-0,-0,
-0,-0,-0,-0,-0,-0,-0,-0,-0,-0,-0,-0,-0,-0,
-0,-0,-0,-0,-0,-0,-0,-0,-0,-0,-0,-0,-0,-0,
-0,-0,-0,-0,-0,-0,-0,-0,-0,-0,-0,-0,-0,-0,
-0,-0,-0,-0,-0,-0,-0,-0,-0,-0,-0,-0,-0,-0,
-0,-0,-0,-0,-0,-0,-0,-0,-0,-0,-0,-0,-0,-0,
-0,-0,-0,-0,-0,-0,-0,-0,-0,-0,-0,-0,-0,-0,
-0,-0,-0,-0,-0,-0,-0,-0,-0,-0,-0,-0,-0,-0,
-0,-0,-0,-0,-0,-0,-0,-0,-0,-0,-0,-0,-0,-0,
-0,-0,-0,-0,-0,-0,-0,-0,-0,-0,-0,-0,-0,-0,
-0,-0,-0,-0,-0,-0,-0,-0,-0,-0,-0,-0,-0,-0,
-0,-0,-0,-0,-0,-0,-0,-0,-0,-0,-0,-0,-0,-0,
-0,-0,-0,-0,-0,-0,-0,-0,-0,-0,-0,-0,-0,-0,
-0,-0,-0,-0,-0,-0,-0,-0,-0,-0,-0,-0,-0,-0,
-0,-0,-0,-0,-0,-0,-0,-0,-0,-0,-0,-0,-0,-0,
-0,-0,-0,-0,-0,-0,-0,-0,-0,-0,-0,-0,-0,-0,
-0,-0,-0,-0,-0,-0,-0,-0,-0,-0,-0,-0,-0,-0,
-0,-0,-0,-0,-0,-0,-0,-0,-0,-0,-0,-0,-0,-0,
-0,-0,-0,-0,-0,-0,-0,-0,-0,-0,-0,-0,-0,-0,
-0,-0,-0,-0,-0,-0,-0,-0,-0,-0,-0,-0,-0,-0,
-0,-0,-0,-0,-0,-0,-0,-0,-0,-0,-0,-0,-0,-0,
-0,-0,-0,-0,-0,-0,-0,-0,-0,-0,-0,-0,-0,-0,
-0,-0,-0,-0,-0,-0,-0,-0,-0,-0,-0,-0,-0,-0,
-0,-0,-0,-0,-0,-0,-0,-0,-0,-0,-0,-0,-0,-0,
-0,-0,-0,-0,-0,-0,-0,-0,-0,-0,-0,-0,-0,-0,
-0,-0,-0,-0,-0,-0,-0,-0,-0,-0,-0,-0,-0,-0,
-0,-0,-0,-0,-0,-0,-0,-0,-0,-0,-0,-0,-0,-0,
0.1418389678,0.12069080025,0.166692838073,0.1418389678,0.1418389678,0.1418389678,0.13292478025,0.151350945234,0.13292478025,0.151350945234,0.128784537315,0.156216666102,0.128784537315,0.156216666102,
0.14537653327,0.123794466257,0.170702725649,0.145360827446,0.14537653327,0.145360827446,0.136130467057,0.155245691538,0.136120051146,0.155233830214,0.132205620408,0.159854531288,0.132195517421,0.159842312336,
0.147131547332,0.125336170197,0.172689020634,0.147107690573,0.147131547332,0.147107690573,0.137718558311,0.157180428505,0.137702777982,0.1571623981,0.133907303214,0.16165407002,0.133891955018,0.161635532975,
0.14887675643,0.12687061727,0.174662336707,0.148844718933,0.14887675643,0.148844718933,0.139296129346,0.15910628438,0.139274924994,0.159082084894,0.135602667928,0.163439914584,0.135582044721,0.163415059447,
0.147570356727,0.12572658062,0.173209309578,0.147570356727,0.147570356727,0.147570356727,0.138085722923,0.157706767321,0.138085722923,0.157706767321,0.134362488985,0.162076756358,0.134362488985,0.162076756358,
0.149302661419,0.127250418067,0.175167649984,0.149295091629,0.149302661419,0.149295091629,0.139650568366,0.159619808197,0.139645546675,0.159614086151,0.13604709506,0.163847506046,0.136042207479,0.163841634989,
0.152742415667,0.130281507969,0.179051160812,0.152721509337,0.152742415667,0.152721509337,0.142753839493,0.163423657417,0.142740011215,0.163407847285,0.139401555061,0.167353495955,0.139388054609,0.167337298393,
0.154451608658,0.131790965796,0.180979222059,0.154426544905,0.154451608658,0.154426544905,0.144293785095,0.165316969156,0.144277215004,0.165298014879,0.141073584557,0.169090390205,0.141057401896,0.169071003795,
0.153752878308,0.131218373775,0.180157274008,0.153752878308,0.153752878308,0.153752878308,0.143810302019,0.164383083582,0.143810302019,0.164383083582,0.14029058814,0.168507248163,0.14029058814,0.168507248163,
0.155494764447,0.132757470012,0.182122826576,0.155491828918,0.155494764447,0.155491828918,0.145381659269,0.166310697794,0.145379722118,0.16630846262,0.141993165016,0.170279473066,0.14199128747,0.170277222991,
0.15722411871,0.134286701679,0.184071779251,0.157217562199,0.15722411871,0.157217562199,0.146939992905,0.168226242065,0.146935641766,0.168221265078,0.143686711788,0.172035112977,0.143682479858,0.172030031681,
0.160639375448,0.13730917871,0.187911987305,0.160620898008,0.160639375448,0.160620898008,0.150011360645,0.172014832497,0.149999141693,0.172000855207,0.147040992975,0.175489664078,0.147029042244,0.175475388765,
0.159100681543,0.135899662971,0.186262607574,0.159100681543,0.159100681543,0.159100681543,0.148367583752,0.170610532165,0.148367583752,0.170610532165,0.145731031895,0.173697113991,0.145731031895,0.173697113991,
0.159100681543,0.135899662971,0.186262607574,0.159100681543,0.159100681543,0.159100681543,0.148367583752,0.170610532165,0.148367583752,0.170610532165,0.145731031895,0.173697113991,0.145731031895,0.173697113991,
0.160701304674,0.137316167355,0.188056215644,0.160690397024,0.160701304674,0.160690397024,0.149799153209,0.172393769026,0.14979198575,0.172385513783,0.147312104702,0.175304189324,0.147305041552,0.175295799971,
0.162271052599,0.138705432415,0.189811676741,0.162246525288,0.162271052599,0.162246525288,0.151200324297,0.174144983292,0.151184171438,0.174126386642,0.148866221309,0.176875352859,0.148850306869,0.176856458187,
0.165299087763,0.141385480762,0.193187341094,0.165239155293,0.165299087763,0.165239155293,0.153893992305,0.177530914545,0.15385453403,0.177485376596,0.15187522769,0.179890602827,0.151836290956,0.179844468832,
0.163360789418,0.139677464962,0.191035076976,0.163339659572,0.163360789418,0.163339659572,0.15217371285,0.175364017487,0.152159795165,0.175347983837,0.14995020628,0.177964344621,0.149936497211,0.177948072553,
0.163360789418,0.139677464962,0.191035076976,0.163339659572,0.163360789418,0.163339659572,0.15217371285,0.175364017487,0.152159795165,0.175347983837,0.14995020628,0.177964344621,0.149936497211,0.177948072553,
0.164791941643,0.14094081521,0.192627102137,0.16474725306,0.164791941643,0.16474725306,0.153441905975,0.176967844367,0.153412491083,0.176933914423,0.151374980807,0.179384231567,0.151345968246,0.179349839687,
0.16617077589,0.142157763243,0.194157615304,0.166100263596,0.16617077589,0.166100263596,0.154659882188,0.178516596556,0.154613465071,0.178463026881,0.152751922607,0.180746376514,0.152706086636,0.180692136288,
0.165263369679,0.141316860914,0.193236157298,0.16523642838,0.165263369679,0.16523642838,0.153422683477,0.178009688854,0.153404995799,0.177989169955,0.152228653431,0.179405897856,0.152211099863,0.179385215044,
0.167522013187,0.143309623003,0.195721045136,0.16743299365,0.167522013187,0.16743299365,0.155384227633,0.18058013916,0.155325829983,0.180512279272,0.154521465302,0.181588336825,0.154463395476,0.181520089507,
0.167522013187,0.143309623003,0.195721045136,0.16743299365,0.167522013187,0.16743299365,0.155384227633,0.18058013916,0.155325829983,0.180512279272,0.154521465302,0.181588336825,0.154463395476,0.181520089507,
0.1685513556,0.144217297435,0.196848601103,0.168429225683,0.1685513556,0.168429225683,0.156270384789,0.181759178638,0.156190305948,0.181666046381,0.155574649572,0.182571962476,0.15549492836,0.182478427887,
0.165758058429,0.141753107309,0.193789809942,0.16572535038,0.165758058429,0.16572535038,0.153813749552,0.178619861603,0.15379229188,0.17859493196,0.152767330408,0.179843321443,0.152746021748,0.179818212986,
0.165758058429,0.141753107309,0.193789809942,0.16572535038,0.165758058429,0.16572535038,0.153813749552,0.178619861603,0.15379229188,0.17859493196,0.152767330408,0.179843321443,0.152746021748,0.179818212986,
0.167526602745,0.143302753568,0.195723474026,0.167422413826,0.167526602745,0.167422413826,0.155315741897,0.180664896965,0.155247420073,0.180585429072,0.15458932519,0.181513786316,0.154521346092,0.181433945894,
0.168297201395,0.143976777792,0.196561470628,0.16815662384,0.168297201395,0.16815662384,0.155959784985,0.181566432118,0.155867666006,0.181459188461,0.155393391848,0.182228192687,0.155301600695,0.1821205616,
0.168297201395,0.143976777792,0.196561470628,0.16815662384,0.168297201395,0.16815662384,0.155959784985,0.181566432118,0.155867666006,0.181459188461,0.155393391848,0.182228192687,0.155301600695,0.1821205616,
0.164465159178,0.140583500266,0.192403718829,0.164465159178,0.164465159178,0.164465159178,0.152161642909,0.177763774991,0.152161642909,0.177763774991,0.151951029897,0.178010135889,0.151951029897,0.178010135889,
0.165000468493,0.141047984362,0.19297772646,0.164963886142,0.165000468493,0.164963886142,0.152587145567,0.178412333131,0.152563229203,0.178384363651,0.152529776096,0.178479373455,0.152505874634,0.178451403975,
0.165000468493,0.141047984362,0.19297772646,0.164963886142,0.165000468493,0.164963886142,0.152587145567,0.178412333131,0.152563229203,0.178384363651,0.152529776096,0.178479373455,0.152505874634,0.178451403975,
0.165457382798,0.141443029046,0.193463668227,0.165384501219,0.165457382798,0.165384501219,0.15293943882,0.17897708714,0.152891799808,0.178921341896,0.153034195304,0.178866222501,0.152986526489,0.178810507059,
0.163041174412,0.139303579926,0.190823808312,0.163041174412,0.163041174412,0.163041174412,0.150755733252,0.176328063011,0.150755733252,0.176328063011,0.150656029582,0.176444917917,0.150656029582,0.176444917917,
0.163317590952,0.139536857605,0.191111862659,0.163283914328,0.163317590952,0.163283914328,0.15094101429,0.176698595285,0.150919005275,0.176672816277,0.150985047221,0.176647230983,0.150963023305,0.176621466875,
0.163456112146,0.139646947384,0.191245988011,0.163388848305,0.163456112146,0.163388848305,0.150998309255,0.176920622587,0.150954395533,0.176869153976,0.15118137002,0.176706582308,0.151137381792,0.176655188203,
0.163499593735,0.139660313725,0.191253602505,0.163367524743,0.163499593735,0.163367524743,0.150896072388,0.177114158869,0.150809884071,0.177012994885,0.151350945234,0.176581993699,0.151264503598,0.17648114264,
0.159569770098,0.13619941473,0.186951115727,0.159569770098,0.159569770098,0.159569770098,0.147152662277,0.173034876585,0.147152662277,0.173034876585,0.147692501545,0.172403365374,0.147692501545,0.172403365374,
0.15946739912,0.136096864939,0.186816424131,0.159437015653,0.15946739912,0.159437015653,0.146988391876,0.172996401787,0.146968588233,0.172973096371,0.147657290101,0.172213703394,0.147637397051,0.172190517187,
0.159223899245,0.135868787766,0.186525136232,0.15916466713,0.159223899245,0.15916466713,0.146693855524,0.172805607319,0.146655261517,0.172760143876,0.147485807538,0.171878680587,0.147447004914,0.171833455563,
0.15890866518,0.13557741046,0.18615411222,0.158821836114,0.15890866518,0.158821836114,0.146333172917,0.172537446022,0.146276623011,0.172470778227,0.147245466709,0.171469435096,0.147188574076,0.171403169632,
0.158067554235,0.13480886817,0.185178011656,0.15792940557,0.158067554235,0.15792940557,0.145418062806,0.171773612499,0.145328164101,0.171667426825,0.146562278271,0.170433536172,0.146471679211,0.170328184962,
0.161140650511,0.13762024045,0.18868085742,0.161140650511,0.161140650511,0.161140650511,0.14834266901,0.17504298687,0.14834266901,0.17504298687,0.149493455887,0.173695683479,0.149493455887,0.173695683479,
0.160538047552,0.137073561549,0.187991589308,0.160514444113,0.160538047552,0.160514444113,0.147715806961,0.174466043711,0.147700443864,0.174447894096,0.148976832628,0.172989428043,0.148961335421,0.172971427441,
0.160538047552,0.137073561549,0.187991589308,0.160514444113,0.160538047552,0.160514444113,0.147715806961,0.174466043711,0.147700443864,0.174447894096,0.148976832628,0.172989428043,0.148961335421,0.172971427441,
0.15987020731,0.136469468474,0.187230080366,0.159824550152,0.15987020731,0.159824550152,0.14702925086,0.173818349838,0.146999552846,0.173783242702,0.148397237062,0.172216206789,0.148367255926,0.172181427479,
0.159138947725,0.135809481144,0.186398148537,0.159072518349,0.159138947725,0.159072518349,0.146284714341,0.1731017977,0.146241515875,0.173050686717,0.147756308317,0.171377927065,0.147712677717,0.171327337623,
0.158536300063,0.135319381952,0.185736685991,0.158536300063,0.158536300063,0.158536300063,0.145603507757,0.17261826992,0.145603507757,0.17261826992,0.147339254618,0.170585155487,0.147339254618,0.170585155487,
0.156774371862,0.133736208081,0.183737963438,0.156737372279,0.156774371862,0.156737372279,0.143842533231,0.170857459307,0.14381852746,0.170828953385,0.145767122507,0.168602049351,0.145742803812,0.168573901057,
0.155773341656,0.132838621736,0.182605654001,0.15572026372,0.155773341656,0.15572026372,0.142852589488,0.169846236706,0.142818167806,0.169805318117,0.144864365458,0.167487978935,0.144829466939,0.16744761169,
0.154719635844,0.131894811988,0.181414693594,0.154651626945,0.154719635844,0.154651626945,0.141815021634,0.168777227402,0.141770929098,0.168724760413,0.143910363317,0.166320279241,0.143865615129,0.16626855731,
0.156159237027,0.133233845234,0.183012232184,0.156144618988,0.156159237027,0.156144618988,0.143040090799,0.170477241278,0.143030628562,0.170465961099,0.145456701517,0.167645007372,0.145447075367,0.167633920908,
0.156159237027,0.133233845234,0.183012232184,0.156144618988,0.156159237027,0.156144618988,0.143040090799,0.170477241278,0.143030628562,0.170465961099,0.145456701517,0.167645007372,0.145447075367,0.167633920908,
0.153619855642,0.130963474512,0.180151432753,0.1535820961,0.153619855642,0.1535820961,0.140570789576,0.167868450284,0.140546351671,0.167839258909,0.143128275871,0.164868965745,0.143103390932,0.164840310812,
0.152285695076,0.129772186279,0.178648993373,0.152237996459,0.152285695076,0.152237996459,0.139278590679,0.166492521763,0.139247745275,0.16645565629,0.141900956631,0.163415759802,0.141869544983,0.163379564881,
0.152323693037,0.129811674356,0.17873993516,0.152323693037,0.152323693037,0.152323693037,0.139393210411,0.16645373404,0.139393210411,0.16645373404,0.141853570938,0.163567185402,0.141853570938,0.163567185402,
0.150860607624,0.128505259752,0.177094981074,0.150851920247,0.150860607624,0.150851920247,0.137982755899,0.164937674999,0.13797712326,0.164930939674,0.140500485897,0.161982506514,0.140494763851,0.161975905299,
0.147831991315,0.125804081559,0.173689097166,0.147808149457,0.147831991315,0.147808149457,0.135071665049,0.161790251732,0.135056257248,0.161771804094,0.137693703175,0.158709824085,0.137677997351,0.158691734076,
0.147831991315,0.125804081559,0.173689097166,0.147808149457,0.147831991315,0.147808149457,0.135071665049,0.161790251732,0.135056257248,0.161771804094,0.137693703175,0.158709824085,0.137677997351,0.158691734076,
0.149790033698,0.127644896507,0.17577713728,0.149790033698,0.149790033698,0.149790033698,0.13663816452,0.164208084345,0.13663816452,0.164208084345,0.139931365848,0.160343557596,0.139931365848,0.160343557596,
0.149790033698,0.127644896507,0.17577713728,0.149790033698,0.149790033698,0.149790033698,0.13663816452,0.164208084345,0.13663816452,0.164208084345,0.139931365848,0.160343557596,0.139931365848,0.160343557596,
0.148079708219,0.126120328903,0.17385609448,0.14807420969,0.148079708219,0.14807420969,0.135006785393,0.162417024374,0.135003238916,0.162412762642,0.138334065676,0.158510491252,0.138330429792,0.158506333828,
0.146345824003,0.124575853348,0.171907901764,0.14633539319,0.146345824003,0.14633539319,0.1333553195,0.160598695278,0.133348599076,0.160590589046,0.136713385582,0.156653955579,0.136706471443,0.156646043062,
0.146345824003,0.124575853348,0.171907901764,0.14633539319,0.146345824003,0.14633539319,0.1333553195,0.160598695278,0.133348599076,0.160590589046,0.136713385582,0.156653955579,0.136706471443,0.156646043062,
0.144831210375,0.123238742352,0.170206874609,0.144831210375,0.144831210375,0.144831210375,0.131902873516,0.1590269804,0.131902873516,0.1590269804,0.135318100452,0.155013412237,0.135318100452,0.155013412237,
0.142961263657,0.121574215591,0.16810542345,0.142956793308,0.142961263657,0.142956793308,0.130129545927,0.157057121396,0.130126655102,0.157053649426,0.133563429117,0.153019249439,0.133560478687,0.153015881777,
0.141076803207,0.119898065925,0.165986508131,0.141068279743,0.141076803207,0.141068279743,0.128344625235,0.155069559813,0.128339141607,0.155062943697,0.131794214249,0.151010811329,0.13178858161,0.151004359126,
0.13917952776,0.118211843073,0.163851976395,0.13916733861,0.13917952776,0.13916733861,0.126549720764,0.153066113591,0.126541882753,0.153056651354,0.130012094975,0.148989826441,0.130004048347,0.148980617523,
0.140431314707,0.119281388819,0.165331378579,0.140431314707,0.140431314707,0.140431314707,0.127862021327,0.154236212373,0.127862021327,0.154236212373,0.131007164717,0.150533407927,0.131007164717,0.150533407927,
0.138422518969,0.117495626211,0.163072437048,0.13841894269,0.138422518969,0.13841894269,0.12596334517,0.15211288631,0.125961050391,0.152110099792,0.129117935896,0.148396492004,0.129115566611,0.148393779993,
0.136407360435,0.115705788136,0.160804733634,0.136400550604,0.136407360435,0.136400550604,0.124060735106,0.149980530143,0.124056361616,0.149975240231,0.12722222507,0.146253496408,0.12721773982,0.146248340607,
0.134387478232,0.113913342357,0.158530086279,0.134377777576,0.134387478232,0.134377777576,0.122155703604,0.14784091711,0.122149467468,0.147833377123,0.125321641564,0.144106090069,0.125315248966,0.144098728895,
-0,-0,-0,-0,-0,-0,-0,-0,-0,-0,-0,-0,-0,-0,
-0,-0,-0,-0,-0,-0,-0,-0,-0,-0,-0,-0,-0,-0,
-0,-0,-0,-0,-0,-0,-0,-0,-0,-0,-0,-0,-0,-0,
-0,-0,-0,-0,-0,-0,-0,-0,-0,-0,-0,-0,-0,-0,
-0,-0,-0,-0,-0,-0,-0,-0,-0,-0,-0,-0,-0,-0,
-0,-0,-0,-0,-0,-0,-0,-0,-0,-0,-0,-0,-0,-0,
-0,-0,-0,-0,-0,-0,-0,-0,-0,-0,-0,-0,-0,-0,
-0,-0,-0,-0,-0,-0,-0,-0,-0,-0,-0,-0,-0,-0,
-0,-0,-0,-0,-0,-0,-0,-0,-0,-0,-0,-0,-0,-0,
-0,-0,-0,-0,-0,-0,-0,-0,-0,-0,-0,-0,-0,-0,
-0,-0,-0,-0,-0,-0,-0,-0,-0,-0,-0,-0,-0,-0,
-0,-0,-0,-0,-0,-0,-0,-0,-0,-0,-0,-0,-0,-0,
-0,-0,-0,-0,-0,-0,-0,-0,-0,-0,-0,-0,-0,-0,
-0,-0,-0,-0,-0,-0,-0,-0,-0,-0,-0,-0,-0,-0,
-0,-0,-0,-0,-0,-0,-0,-0,-0,-0,-0,-0,-0,-0,
-0,-0,-0,-0,-0,-0,-0,-0,-0,-0,-0,-0,-0,-0,
-0,-0,-0,-0,-0,-0,-0,-0,-0,-0,-0,-0,-0,-0,
-0,-0,-0,-0,-0,-0,-0,-0,-0,-0,-0,-0,-0,-0,
-0,-0,-0,-0,-0,-0,-0,-0,-0,-0,-0,-0,-0,-0,
-0,-0,-0,-0,-0,-0,-0,-0,-0,-0,-0,-0,-0,-0,
-0,-0,-0,-0,-0,-0,-0,-0,-0,-0,-0,-0,-0,-0,
-0,-0,-0,-0,-0,-0,-0,-0,-0,-0,-0,-0,-0,-0,
-0,-0,-0,-0,-0,-0,-0,-0,-0,-0,-0,-0,-0,-0,
-0,-0,-0,-0,-0,-0,-0,-0,-0,-0,-0,-0,-0,-0,
-0,-0,-0,-0,-0,-0,-0,-0,-0,-0,-0,-0,-0,-0,
-0,-0,-0,-0,-0,-0,-0,-0,-0,-0,-0,-0,-0,-0,
-0,-0,-0,-0,-0,-0,-0,-0,-0,-0,-0,-0,-0,-0,
-0,-0,-0,-0,-0,-0,-0,-0,-0,-0,-0,-0,-0,-0,
-0,-0,-0,-0,-0,-0,-0,-0,-0,-0,-0,-0,-0,-0,
-0,-0,-0,-0,-0,-0,-0,-0,-0,-0,-0,-0,-0,-0,
-0,-0,-0,-0,-0,-0,-0,-0,-0,-0,-0,-0,-0,-0,
-0,-0,-0,-0,-0,-0,-0,-0,-0,-0,-0,-0,-0,-0,
-0,-0,-0,-0,-0,-0,-0,-0,-0,-0,-0,-0,-0,-0,
-0,-0,-0,-0,-0,-0,-0,-0,-0,-0,-0,-0,-0,-0,
-0,-0,-0,-0,-0,-0,-0,-0,-0,-0,-0,-0,-0,-0,
-0,-0,-0,-0,-0,-0,-0,-0,-0,-0,-0,-0,-0,-0,
-0,-0,-0,-0,-0,-0,-0,-0,-0,-0,-0,-0,-0,-0,
-0,-0,-0,-0,-0,-0,-0,-0,-0,-0,-0,-0,-0,-0,
-0,-0,-0,-0,-0,-0,-0,-0,-0,-0,-0,-0,-0,-0,
-0,-0,-0,-0,-0,-0,-0,-0,-0,-0,-0,-0,-0,-0,
-0,-0,-0,-0,-0,-0,-0,-0,-0,-0,-0,-0,-0,-0,
-0,-0,-0,-0,-0,-0,-0,-0,-0,-0,-0,-0,-0,-0,
-0,-0,-0,-0,-0,-0,-0,-0,-0,-0,-0,-0,-0,-0,
-0,-0,-0,-0,-0,-0,-0,-0,-0,-0,-0,-0,-0,-0,
-0,-0,-0,-0,-0,-0,-0,-0,-0,-0,-0,-0,-0,-0,
-0,-0,-0,-0,-0,-0,-0,-0,-0,-0,-0,-0,-0,-0,
-0,-0,-0,-0,-0,-0,-0,-0,-0,-0,-0,-0,-0,-0,
-0,-0,-0,-0,-0,-0,-0,-0,-0,-0,-0,-0,-0,-0,
-0,-0,-0,-0,-0,-0,-0,-0,-0,-0,-0,-0,-0,-0,
-0,-0,-0,-0,-0,-0,-0,-0,-0,-0,-0,-0,-0,-0,
-0,-0,-0,-0,-0,-0,-0,-0,-0,-0,-0,-0,-0,-0,
-0,-0,-0,-0,-0,-0,-0,-0,-0,-0,-0,-0,-0,-0,
-0,-0,-0,-0,-0,-0,-0,-0,-0,-0,-0,-0,-0,-0,
-0,-0,-0,-0,-0,-0,-0,-0,-0,-0,-0,-0,-0,-0,
-0,-0,-0,-0,-0,-0,-0,-0,-0,-0,-0,-0,-0,-0,
-0,-0,-0,-0,-0,-0,-0,-0,-0,-0,-0,-0,-0,-0,
-0,-0,-0,-0,-0,-0,-0,-0,-0,-0,-0,-0,-0,-0,
-0,-0,-0,-0,-0,-0,-0,-0,-0,-0,-0,-0,-0,-0,
-0,-0,-0,-0,-0,-0,-0,-0,-0,-0,-0,-0,-0,-0,
-0,-0,-0,-0,-0,-0,-0,-0,-0,-0,-0,-0,-0,-0,
-0,-0,-0,-0,-0,-0,-0,-0,-0,-0,-0,-0,-0,-0,
-0,-0,-0,-0,-0,-0,-0,-0,-0,-0,-0,-0,-0,-0,
-0,-0,-0,-0,-0,-0,-0,-0,-0,-0,-0,-0,-0,-0,
-0,-0,-0,-0,-0,-0,-0,-0,-0,-0,-0,-0,-0,-0,
-0,-0,-0,-0,-0,-0,-0,-0,-0,-0,-0,-0,-0,-0,
-0,-0,-0,-0,-0,-0,-0,-0,-0,-0,-0,-0,-0,-0,
-0,-0,-0,-0,-0,-0,-0,-0,-0,-0,-0,-0,-0,-0,
-0,-0,-0,-0,-0,-0,-0,-0,-0,-0,-0,-0,-0,-0,
-0,-0,-0,-0,-0,-0,-0,-0,-0,-0,-0,-0,-0,-0,
-0,-0,-0,-0,-0,-0,-0,-0,-0,-0,-0,-0,-0,-0,
-0,-0,-0,-0,-0,-0,-0,-0,-0,-0,-0,-0,-0,-0,
-0,-0,-0,-0,-0,-0,-0,-0,-0,-0,-0,-0,-0,-0,
-0,-0,-0,-0,-0,-0,-0,-0,-0,-0,-0,-0,-0,-0,
-0,-0,-0,-0,-0,-0,-0,-0,-0,-0,-0,-0,-0,-0,
-0,-0,-0,-0,-0,-0,-0,-0,-0,-0,-0,-0,-0,-0,
-0,-0,-0,-0,-0,-0,-0,-0,-0,-0,-0,-0,-0,-0,
-0,-0,-0,-0,-0,-0,-0,-0,-0,-0,-0,-0,-0,-0,
-0,-0,-0,-0,-0,-0,-0,-0,-0,-0,-0,-0,-0,-0,
-0,-0,-0,-0,-0,-0,-0,-0,-0,-0,-0,-0,-0,-0,
-0,-0,-0,-0,-0,-0,-0,-0,-0,-0,-0,-0,-0,-0,
-0,-0,-0,-0,-0,-0,-0,-0,-0,-0,-0,-0,-0,-0,
-0,-0,-0,-0,-0,-0,-0,-0,-0,-0,-0,-0,-0,-0,
-0,-0,-0,-0,-0,-0,-0,-0,-0,-0,-0,-0,-0,-0,
-0,-0,-0,-0,-0,-0,-0,-0,-0,-0,-0,-0,-0,-0,
-0,-0,-0,-0,-0,-0,-0,-0,-0,-0,-0,-0,-0,-0,
-0,-0,-0,-0,-0,-0,-0,-0,-0,-0,-0,-0,-0,-0,
-0,-0,-0,-0,-0,-0,-0,-0,-0,-0,-0,-0,-0,-0,
-0,-0,-0,-0,-0,-0,-0,-0,-0,-0,-0,-0,-0,-0,
-0,-0,-0,-0,-0,-0,-0,-0,-0,-0,-0,-0,-0,-0,
-0,-0,-0,-0,-0,-0,-0,-0,-0,-0,-0,-0,-0,-0,
-0,-0,-0,-0,-0,-0,-0,-0,-0,-0,-0,-0,-0,-0,
-0,-0,-0,-0,-0,-0,-0,-0,-0,-0,-0,-0,-0,-0,
-0,-0,-0,-0,-0,-0,-0,-0,-0,-0,-0,-0,-0,-0,
-0,-0,-0,-0,-0,-0,-0,-0,-0,-0,-0,-0,-0,-0,
-0,-0,-0,-0,-0,-0,-0,-0,-0,-0,-0,-0,-0,-0,
-0,-0,-0,-0,-0,-0,-0,-0,-0,-0,-0,-0,-0,-0,
-0,-0,-0,-0,-0,-0,-0,-0,-0,-0,-0,-0,-0,-0,
-0,-0,-0,-0,-0,-0,-0,-0,-0,-0,-0,-0,-0,-0,
-0,-0,-0,-0,-0,-0,-0,-0,-0,-0,-0,-0,-0,-0,
-0,-0,-0,-0,-0,-0,-0,-0,-0,-0,-0,-0,-0,-0,
-0,-0,-0,-0,-0,-0,-0,-0,-0,-0,-0,-0,-0,-0,
-0,-0,-0,-0,-0,-0,-0,-0,-0,-0,-0,-0,-0,-0,
-0,-0,-0,-0,-0,-0,-0,-0,-0,-0,-0,-0,-0,-0,
-0,-0,-0,-0,-0,-0,-0,-0,-0,-0,-0,-0,-0,-0,
-0,-0,-0,-0,-0,-0,-0,-0,-0,-0,-0,-0,-0,-0,
-0,-0,-0,-0,-0,-0,-0,-0,-0,-0,-0,-0,-0,-0,
-0,-0,-0,-0,-0,-0,-0,-0,-0,-0,-0,-0,-0,-0,
-0,-0,-0,-0,-0,-0,-0,-0,-0,-0,-0,-0,-0,-0,
-0,-0,-0,-0,-0,-0,-0,-0,-0,-0,-0,-0,-0,-0,
-0,-0,-0,-0,-0,-0,-0,-0,-0,-0,-0,-0,-0,-0,
-0,-0,-0,-0,-0,-0,-0,-0,-0,-0,-0,-0,-0,-0,
-0,-0,-0,-0,-0,-0,-0,-0,-0,-0,-0,-0,-0,-0,
-0,-0,-0,-0,-0,-0,-0,-0,-0,-0,-0,-0,-0,-0,
-0,-0,-0,-0,-0,-0,-0,-0,-0,-0,-0,-0,-0,-0,
-0,-0,-0,-0,-0,-0,-0,-0,-0,-0,-0,-0,-0,-0,
-0,-0,-0,-0,-0,-0,-0,-0,-0,-0,-0,-0,-0,-0,
-0,-0,-0,-0,-0,-0,-0,-0,-0,-0,-0,-0,-0,-0,
-0,-0,-0,-0,-0,-0,-0,-0,-0,-0,-0,-0,-0,-0,
-0,-0,-0,-0,-0,-0,-0,-0,-0,-0,-0,-0,-0,-0,
-0,-0,-0,-0,-0,-0,-0,-0,-0,-0,-0,-0,-0,-0,
-0,-0,-0,-0,-0,-0,-0,-0,-0,-0,-0,-0,-0,-0,
-0,-0,-0,-0,-0,-0,-0,-0,-0,-0,-0,-0,-0,-0,
-0,-0,-0,-0,-0,-0,-0,-0,-0,-0,-0,-0,-0,-0,
-0,-0,-0,-0,-0,-0,-0,-0,-0,-0,-0,-0,-0,-0,
-0,-0,-0,-0,-0,-0,-0,-0,-0,-0,-0,-0,-0,-0,
-0,-0,-0,-0,-0,-0,-0,-0,-0,-0,-0,-0,-0,-0,
-0,-0,-0,-0,-0,-0,-0,-0,-0,-0,-0,-0,-0,-0,
-0,-0,-0,-0,-0,-0,-0,-0,-0,-0,-0,-0,-0,-0,
-0,-0,-0,-0,-0,-0,-0,-0,-0,-0,-0,-0,-0,-0,
-0,-0,-0,-0,-0,-0,-0,-0,-0,-0,-0,-0,-0,-0,
-0,-0,-0,-0,-0,-0,-0,-0,-0,-0,-0,-0,-0,-0,
-0,-0,-0,-0,-0,-0,-0,-0,-0,-0,-0,-0,-0,-0,
-0,-0,-0,-0,-0,-0,-0,-0,-0,-0,-0,-0,-0,-0,
-0,-0,-0,-0,-0,-0,-0,-0,-0,-0,-0,-0,-0,-0,
-0,-0,-0,-0,-0,-0,-0,-0,-0,-0,-0,-0,-0,-0,
-0,-0,-0,-0,-0,-0,-0,-0,-0,-0,-0,-0,-0,-0,
-0,-0,-0,-0,-0,-0,-0,-0,-0,-0,-0,-0,-0,-0,
-0,-0,-0,-0,-0,-0,-0,-0,-0,-0,-0,-0,-0,-0,
-0,-0,-0,-0,-0,-0,-0,-0,-0,-0,-0,-0,-0,-0,
-0,-0,-0,-0,-0,-0,-0,-0,-0,-0,-0,-0,-0,-0,
-0,-0,-0,-0,-0,-0,-0,-0,-0,-0,-0,-0,-0,-0,
-0,-0,-0,-0,-0,-0,-0,-0,-0,-0,-0,-0,-0,-0,
-0,-0,-0,-0,-0,-0,-0,-0,-0,-0,-0,-0,-0,-0,
-0,-0,-0,-0,-0,-0,-0,-0,-0,-0,-0,-0,-0,-0,
-0,-0,-0,-0,-0,-0,-0,-0,-0,-0,-0,-0,-0,-0,
-0,-0,-0,-0,-0,-0,-0,-0,-0,-0,-0,-0,-0,-0,
-0,-0,-0,-0,-0,-0,-0,-0,-0,-0,-0,-0,-0,-0,
-0,-0,-0,-0,-0,-0,-0,-0,-0,-0,-0,-0,-0,-0,
-0,-0,-0,-0,-0,-0,-0,-0,-0,-0,-0,-0,-0,-0,
-0,-0,-0,-0,-0,-0,-0,-0,-0,-0,-0,-0,-0,-0,
-0,-0,-0,-0,-0,-0,-0,-0,-0,-0,-0,-0,-0,-0,
-0,-0,-0,-0,-0,-0,-0,-0,-0,-0,-0,-0,-0,-0,
-0,-0,-0,-0,-0,-0,-0,-0,-0,-0,-0,-0,-0,-0,
-0,-0,-0,-0,-0,-0,-0,-0,-0,-0,-0,-0,-0,-0,
-0,-0,-0,-0,-0,-0,-0,-0,-0,-0,-0,-0,-0,-0,
-0,-0,-0,-0,-0,-0,-0,-0,-0,-0,-0,-0,-0,-0,
-0,-0,-0,-0,-0,-0,-0,-0,-0,-0,-0,-0,-0,-0,
-0,-0,-0,-0,-0,-0,-0,-0,-0,-0,-0,-0,-0,-0,
-0,-0,-0,-0,-0,-0,-0,-0,-0,-0,-0,-0,-0,-0,
-0,-0,-0,-0,-0,-0,-0,-0,-0,-0,-0,-0,-0,-0,
-0,-0,-0,-0,-0,-0,-0,-0,-0,-0,-0,-0,-0,-0,
-0,-0,-0,-0,-0,-0,-0,-0,-0,-0,-0,-0,-0,-0,
-0,-0,-0,-0,-0,-0,-0,-0,-0,-0,-0,-0,-0,-0,
-0,-0,-0,-0,-0,-0,-0,-0,-0,-0,-0,-0,-0,-0,
-0,-0,-0,-0,-0,-0,-0,-0,-0,-0,-0,-0,-0,-0,
-0,-0,-0,-0,-0,-0,-0,-0,-0,-0,-0,-0,-0,-0,
-0,-0,-0,-0,-0,-0,-0,-0,-0,-0,-0,-0,-0,-0,
-0,-0,-0,-0,-0,-0,-0,-0,-0,-0,-0,-0,-0,-0,
-0,-0,-0,-0,-0,-0,-0,-0,-0,-0,-0,-0,-0,-0,
-0,-0,-0,-0,-0,-0,-0,-0,-0,-0,-0,-0,-0,-0,
-0,-0,-0,-0,-0,-0,-0,-0,-0,-0,-0,-0,-0,-0,
-0,-0,-0,-0,-0,-0,-0,-0,-0,-0,-0,-0,-0,-0,
-0,-0,-0,-0,-0,-0,-0,-0,-0,-0,-0,-0,-0,-0,
-0,-0,-0,-0,-0,-0,-0,-0,-0,-0,-0,-0,-0,-0,
-0,-0,-0,-0,-0,-0,-0,-0,-0,-0,-0,-0,-0,-0,
-0,-0,-0,-0,-0,-0,-0,-0,-0,-0,-0,-0,-0,-0,
-0,-0,-0,-0,-0,-0,-0,-0,-0,-0,-0,-0,-0,-0,
-0,-0,-0,-0,-0,-0,-0,-0,-0,-0,-0,-0,-0,-0,
-0,-0,-0,-0,-0,-0,-0,-0,-0,-0,-0,-0,-0,-0,
-0,-0,-0,-0,-0,-0,-0,-0,-0,-0,-0,-0,-0,-0,
-0,-0,-0,-0,-0,-0,-0,-0,-0,-0,-0,-0,-0,-0,
-0,-0,-0,-0,-0,-0,-0,-0,-0,-0,-0,-0,-0,-0,
-0,-0,-0,-0,-0,-0,-0,-0,-0,-0,-0,-0,-0,-0,
-0,-0,-0,-0,-0,-0,-0,-0,-0,-0,-0,-0,-0,-0,
-0,-0,-0,-0,-0,-0,-0,-0,-0,-0,-0,-0,-0,-0,
-0,-0,-0,-0,-0,-0,-0,-0,-0,-0,-0,-0,-0,-0,
-0,-0,-0,-0,-0,-0,-0,-0,-0,-0,-0,-0,-0,-0,
-0,-0,-0,-0,-0,-0,-0,-0,-0,-0,-0,-0,-0,-0,
-0,-0,-0,-0,-0,-0,-0,-0,-0,-0,-0,-0,-0,-0,
-0,-0,-0,-0,-0,-0,-0,-0,-0,-0,-0,-0,-0,-0,
-0,-0,-0,-0,-0,-0,-0,-0,-0,-0,-0,-0,-0,-0,
-0,-0,-0,-0,-0,-0,-0,-0,-0,-0,-0,-0,-0,-0,
-0,-0,-0,-0,-0,-0,-0,-0,-0,-0,-0,-0,-0,-0,
-0,-0,-0,-0,-0,-0,-0,-0,-0,-0,-0,-0,-0,-0,
-0,-0,-0,-0,-0,-0,-0,-0,-0,-0,-0,-0,-0,-0,
-0,-0,-0,-0,-0,-0,-0,-0,-0,-0,-0,-0,-0,-0,
-0,-0,-0,-0,-0,-0,-0,-0,-0,-0,-0,-0,-0,-0,
-0,-0,-0,-0,-0,-0,-0,-0,-0,-0,-0,-0,-0,-0,
-0,-0,-0,-0,-0,-0,-0,-0,-0,-0,-0,-0,-0,-0,
-0,-0,-0,-0,-0,-0,-0,-0,-0,-0,-0,-0,-0,-0,
-0,-0,-0,-0,-0,-0,-0,-0,-0,-0,-0,-0,-0,-0,
-0,-0,-0,-0,-0,-0,-0,-0,-0,-0,-0,-0,-0,-0,
-0,-0,-0,-0,-0,-0,-0,-0,-0,-0,-0,-0,-0,-0,
-0,-0,-0,-0,-0,-0,-0,-0,-0,-0,-0,-0,-0,-0,
-0,-0,-0,-0,-0,-0,-0,-0,-0,-0,-0,-0,-0,-0,
-0,-0,-0,-0,-0,-0,-0,-0,-0,-0,-0,-0,-0,-0,
-0,-0,-0,-0,-0,-0,-0,-0,-0,-0,-0,-0,-0,-0,
-0,-0,-0,-0,-0,-0,-0,-0,-0,-0,-0,-0,-0,-0,
-0,-0,-0,-0,-0,-0,-0,-0,-0,-0,-0,-0,-0,-0,
-0,-0,-0,-0,-0,-0,-0,-0,-0,-0,-0,-0,-0,-0,
-0,-0,-0,-0,-0,-0,-0,-0,-0,-0,-0,-0,-0,-0,
-0,-0,-0,-0,-0,-0,-0,-0,-0,-0,-0,-0,-0,-0,
-0,-0,-0,-0,-0,-0,-0,-0,-0,-0,-0,-0,-0,-0,
-0,-0,-0,-0,-0,-0,-0,-0,-0,-0,-0,-0,-0,-0,
-0,-0,-0,-0,-0,-0,-0,-0,-0,-0,-0,-0,-0,-0,
-0,-0,-0,-0,-0,-0,-0,-0,-0,-0,-0,-0,-0,-0,
-0,-0,-0,-0,-0,-0,-0,-0,-0,-0,-0,-0,-0,-0,
-0,-0,-0,-0,-0,-0,-0,-0,-0,-0,-0,-0,-0,-0,
-0,-0,-0,-0,-0,-0,-0,-0,-0,-0,-0,-0,-0,-0,
-0,-0,-0,-0,-0,-0,-0,-0,-0,-0,-0,-0,-0,-0,
-0,-0,-0,-0,-0,-0,-0,-0,-0,-0,-0,-0,-0,-0,
-0,-0,-0,-0,-0,-0,-0,-0,-0,-0,-0,-0,-0,-0,
-0,-0,-0,-0,-0,-0,-0,-0,-0,-0,-0,-0,-0,-0,
-0,-0,-0,-0,-0,-0,-0,-0,-0,-0,-0,-0,-0,-0,
-0,-0,-0,-0,-0,-0,-0,-0,-0,-0,-0,-0,-0,-0,
-0,-0,-0,-0,-0,-0,-0,-0,-0,-0,-0,-0,-0,-0,
-0,-0,-0,-0,-0,-0,-0,-0,-0,-0,-0,-0,-0,-0,
-0,-0,-0,-0,-0,-0,-0,-0,-0,-0,-0,-0,-0,-0,
-0,-0,-0,-0,-0,-0,-0,-0,-0,-0,-0,-0,-0,-0,
-0,-0,-0,-0,-0,-0,-0,-0,-0,-0,-0,-0,-0,-0,
-0,-0,-0,-0,-0,-0,-0,-0,-0,-0,-0,-0,-0,-0,
-0,-0,-0,-0,-0,-0,-0,-0,-0,-0,-0,-0,-0,-0,
-0,-0,-0,-0,-0,-0,-0,-0,-0,-0,-0,-0,-0,-0,
-0,-0,-0,-0,-0,-0,-0,-0,-0,-0,-0,-0,-0,-0,
-0,-0,-0,-0,-0,-0,-0,-0,-0,-0,-0,-0,-0,-0,
-0,-0,-0,-0,-0,-0,-0,-0,-0,-0,-0,-0,-0,-0,
-0,-0,-0,-0,-0,-0,-0,-0,-0,-0,-0,-0,-0,-0,
-0,-0,-0,-0,-0,-0,-0,-0,-0,-0,-0,-0,-0,-0,
-0,-0,-0,-0,-0,-0,-0,-0,-0,-0,-0,-0,-0,-0,
-0,-0,-0,-0,-0,-0,-0,-0,-0,-0,-0,-0,-0,-0,
-0,-0,-0,-0,-0,-0,-0,-0,-0,-0,-0,-0,-0,-0,
-0,-0,-0,-0,-0,-0,-0,-0,-0,-0,-0,-0,-0,-0,
-0,-0,-0,-0,-0,-0,-0,-0,-0,-0,-0,-0,-0,-0,
-0,-0,-0,-0,-0,-0,-0,-0,-0,-0,-0,-0,-0,-0,
-0,-0,-0,-0,-0,-0,-0,-0,-0,-0,-0,-0,-0,-0,
-0,-0,-0,-0,-0,-0,-0,-0,-0,-0,-0,-0,-0,-0,
-0,-0,-0,-0,-0,-0,-0,-0,-0,-0,-0,-0,-0,-0,
-0,-0,-0,-0,-0,-0,-0,-0,-0,-0,-0,-0,-0,-0,
-0,-0,-0,-0,-0,-0,-0,-0,-0,-0,-0,-0,-0,-0,
-0,-0,-0,-0,-0,-0,-0,-0,-0,-0,-0,-0,-0,-0,
-0,-0,-0,-0,-0,-0,-0,-0,-0,-0,-0,-0,-0,-0,
-0,-0,-0,-0,-0,-0,-0,-0,-0,-0,-0,-0,-0,-0,
-0,-0,-0,-0,-0,-0,-0,-0,-0,-0,-0,-0,-0,-0,
-0,-0,-0,-0,-0,-0,-0,-0,-0,-0,-0,-0,-0,-0,
-0,-0,-0,-0,-0,-0,-0,-0,-0,-0,-0,-0,-0,-0,
-0,-0,-0,-0,-0,-0,-0,-0,-0,-0,-0,-0,-0,-0,
-0,-0,-0,-0,-0,-0,-0,-0,-0,-0,-0,-0,-0,-0,
-0,-0,-0,-0,-0,-0,-0,-0,-0,-0,-0,-0,-0,-0,
-0,-0,-0,-0,-0,-0,-0,-0,-0,-0,-0,-0,-0,-0,
-0,-0,-0,-0,-0,-0,-0,-0,-0,-0,-0,-0,-0,-0,
-0,-0,-0,-0,-0,-0,-0,-0,-0,-0,-0,-0,-0,-0,
-0,-0,-0,-0,-0,-0,-0,-0,-0,-0,-0,-0,-0,-0,
-0,-0,-0,-0,-0,-0,-0,-0,-0,-0,-0,-0,-0,-0,
-0,-0,-0,-0,-0,-0,-0,-0,-0,-0,-0,-0,-0,-0,
-0,-0,-0,-0,-0,-0,-0,-0,-0,-0,-0,-0,-0,-0,
-0,-0,-0,-0,-0,-0,-0,-0,-0,-0,-0,-0,-0,-0,
-0,-0,-0,-0,-0,-0,-0,-0,-0,-0,-0,-0,-0,-0,
-0,-0,-0,-0,-0,-0,-0,-0,-0,-0,-0,-0,-0,-0,
-0,-0,-0,-0,-0,-0,-0,-0,-0,-0,-0,-0,-0,-0,
-0,-0,-0,-0,-0,-0,-0,-0,-0,-0,-0,-0,-0,-0,
-0,-0,-0,-0,-0,-0,-0,-0,-0,-0,-0,-0,-0,-0,
-0,-0,-0,-0,-0,-0,-0,-0,-0,-0,-0,-0,-0,-0,
-0,-0,-0,-0,-0,-0,-0,-0,-0,-0,-0,-0,-0,-0,
-0,-0,-0,-0,-0,-0,-0,-0,-0,-0,-0,-0,-0,-0,
-0,-0,-0,-0,-0,-0,-0,-0,-0,-0,-0,-0,-0,-0,
-0,-0,-0,-0,-0,-0,-0,-0,-0,-0,-0,-0,-0,-0,
-0,-0,-0,-0,-0,-0,-0,-0,-0,-0,-0,-0,-0,-0,
-0,-0,-0,-0,-0,-0,-0,-0,-0,-0,-0,-0,-0,-0,
-0,-0,-0,-0,-0,-0,-0,-0,-0,-0,-0,-0,-0,-0,
-0,-0,-0,-0,-0,-0,-0,-0,-0,-0,-0,-0,-0,-0,
-0,-0,-0,-0,-0,-0,-0,-0,-0,-0,-0,-0,-0,-0,
-0,-0,-0,-0,-0,-0,-0,-0,-0,-0,-0,-0,-0,-0,
-0,-0,-0,-0,-0,-0,-0,-0,-0,-0,-0,-0,-0,-0,
-0,-0,-0,-0,-0,-0,-0,-0,-0,-0,-0,-0,-0,-0,
-0,-0,-0,-0,-0,-0,-0,-0,-0,-0,-0,-0,-0,-0,
-0,-0,-0,-0,-0,-0,-0,-0,-0,-0,-0,-0,-0,-0,
-0,-0,-0,-0,-0,-0,-0,-0,-0,-0,-0,-0,-0,-0,
-0,-0,-0,-0,-0,-0,-0,-0,-0,-0,-0,-0,-0,-0,
-0,-0,-0,-0,-0,-0,-0,-0,-0,-0,-0,-0,-0,-0,
-0,-0,-0,-0,-0,-0,-0,-0,-0,-0,-0,-0,-0,-0,
-0,-0,-0,-0,-0,-0,-0,-0,-0,-0,-0,-0,-0,-0,
-0,-0,-0,-0,-0,-0,-0,-0,-0,-0,-0,-0,-0,-0,
-0,-0,-0,-0,-0,-0,-0,-0,-0,-0,-0,-0,-0,-0,
-0,-0,-0,-0,-0,-0,-0,-0,-0,-0,-0,-0,-0,-0,
-0,-0,-0,-0,-0,-0,-0,-0,-0,-0,-0,-0,-0,-0,
-0,-0,-0,-0,-0,-0,-0,-0,-0,-0,-0,-0,-0,-0,
-0,-0,-0,-0,-0,-0,-0,-0,-0,-0,-0,-0,-0,-0,
-0,-0,-0,-0,-0,-0,-0,-0,-0,-0,-0,-0,-0,-0,
-0,-0,-0,-0,-0,-0,-0,-0,-0,-0,-0,-0,-0,-0,
-0,-0,-0,-0,-0,-0,-0,-0,-0,-0,-0,-0,-0,-0,
-0,-0,-0,-0,-0,-0,-0,-0,-0,-0,-0,-0,-0,-0,
-0,-0,-0,-0,-0,-0,-0,-0,-0,-0,-0,-0,-0,-0,
-0,-0,-0,-0,-0,-0,-0,-0,-0,-0,-0,-0,-0,-0,
-0,-0,-0,-0,-0,-0,-0,-0,-0,-0,-0,-0,-0,-0,
-0,-0,-0,-0,-0,-0,-0,-0,-0,-0,-0,-0,-0,-0,
-0,-0,-0,-0,-0,-0,-0,-0,-0,-0,-0,-0,-0,-0,
-0,-0,-0,-0,-0,-0,-0,-0,-0,-0,-0,-0,-0,-0,
-0,-0,-0,-0,-0,-0,-0,-0,-0,-0,-0,-0,-0,-0,
-0,-0,-0,-0,-0,-0,-0,-0,-0,-0,-0,-0,-0,-0,
-0,-0,-0,-0,-0,-0,-0,-0,-0,-0,-0,-0,-0,-0,
-0,-0,-0,-0,-0,-0,-0,-0,-0,-0,-0,-0,-0,-0,
-0,-0,-0,-0,-0,-0,-0,-0,-0,-0,-0,-0,-0,-0,
-0,-0,-0,-0,-0,-0,-0,-0,-0,-0,-0,-0,-0,-0,
-0,-0,-0,-0,-0,-0,-0,-0,-0,-0,-0,-0,-0,-0,
-0,-0,-0,-0,-0,-0,-0,-0,-0,-0,-0,-0,-0,-0,
-0,-0,-0,-0,-0,-0,-0,-0,-0,-0,-0,-0,-0,-0,
-0,-0,-0,-0,-0,-0,-0,-0,-0,-0,-0,-0,-0,-0,
-0,-0,-0,-0,-0,-0,-0,-0,-0,-0,-0,-0,-0,-0,
-0,-0,-0,-0,-0,-0,-0,-0,-0,-0,-0,-0,-0,-0,
-0,-0,-0,-0,-0,-0,-0,-0,-0,-0,-0,-0,-0,-0,
-0,-0,-0,-0,-0,-0,-0,-0,-0,-0,-0,-0,-0,-0,
-0,-0,-0,-0,-0,-0,-0,-0,-0,-0,-0,-0,-0,-0,
-0,-0,-0,-0,-0,-0,-0,-0,-0,-0,-0,-0,-0,-0,
-0,-0,-0,-0,-0,-0,-0,-0,-0,-0,-0,-0,-0,-0,
-0,-0,-0,-0,-0,-0,-0,-0,-0,-0,-0,-0,-0,-0,
-0,-0,-0,-0,-0,-0,-0,-0,-0,-0,-0,-0,-0,-0,
-0,-0,-0,-0,-0,-0,-0,-0,-0,-0,-0,-0,-0,-0,
-0,-0,-0,-0,-0,-0,-0,-0,-0,-0,-0,-0,-0,-0,
-0,-0,-0,-0,-0,-0,-0,-0,-0,-0,-0,-0,-0,-0,
-0,-0,-0,-0,-0,-0,-0,-0,-0,-0,-0,-0,-0,-0,
-0,-0,-0,-0,-0,-0,-0,-0,-0,-0,-0,-0,-0,-0,
-0,-0,-0,-0,-0,-0,-0,-0,-0,-0,-0,-0,-0,-0,
-0,-0,-0,-0,-0,-0,-0,-0,-0,-0,-0,-0,-0,-0,
-0,-0,-0,-0,-0,-0,-0,-0,-0,-0,-0,-0,-0,-0,
-0,-0,-0,-0,-0,-0,-0,-0,-0,-0,-0,-0,-0,-0,
-0,-0,-0,-0,-0,-0,-0,-0,-0,-0,-0,-0,-0,-0,
-0,-0,-0,-0,-0,-0,-0,-0,-0,-0,-0,-0,-0,-0,
-0,-0,-0,-0,-0,-0,-0,-0,-0,-0,-0,-0,-0,-0,
-0,-0,-0,-0,-0,-0,-0,-0,-0,-0,-0,-0,-0,-0,
-0,-0,-0,-0,-0,-0,-0,-0,-0,-0,-0,-0,-0,-0,
-0,-0,-0,-0,-0,-0,-0,-0,-0,-0,-0,-0,-0,-0,
-0,-0,-0,-0,-0,-0,-0,-0,-0,-0,-0,-0,-0,-0,
-0,-0,-0,-0,-0,-0,-0,-0,-0,-0,-0,-0,-0,-0,
-0,-0,-0,-0,-0,-0,-0,-0,-0,-0,-0,-0,-0,-0,
-0,-0,-0,-0,-0,-0,-0,-0,-0,-0,-0,-0,-0,-0,
-0,-0,-0,-0,-0,-0,-0,-0,-0,-0,-0,-0,-0,-0,
-0,-0,-0,-0,-0,-0,-0,-0,-0,-0,-0,-0,-0,-0,
-0,-0,-0,-0,-0,-0,-0,-0,-0,-0,-0,-0,-0,-0,
-0,-0,-0,-0,-0,-0,-0,-0,-0,-0,-0,-0,-0,-0,
-0,-0,-0,-0,-0,-0,-0,-0,-0,-0,-0,-0,-0,-0,
-0,-0,-0,-0,-0,-0,-0,-0,-0,-0,-0,-0,-0,-0,
-0,-0,-0,-0,-0,-0,-0,-0,-0,-0,-0,-0,-0,-0,
-0,-0,-0,-0,-0,-0,-0,-0,-0,-0,-0,-0,-0,-0,
-0,-0,-0,-0,-0,-0,-0,-0,-0,-0,-0,-0,-0,-0,
-0,-0,-0,-0,-0,-0,-0,-0,-0,-0,-0,-0,-0,-0,
-0,-0,-0,-0,-0,-0,-0,-0,-0,-0,-0,-0,-0,-0,
-0,-0,-0,-0,-0,-0,-0,-0,-0,-0,-0,-0,-0,-0,
-0,-0,-0,-0,-0,-0,-0,-0,-0,-0,-0,-0,-0,-0,
-0,-0,-0,-0,-0,-0,-0,-0,-0,-0,-0,-0,-0,-0,
-0,-0,-0,-0,-0,-0,-0,-0,-0,-0,-0,-0,-0,-0,
-0,-0,-0,-0,-0,-0,-0,-0,-0,-0,-0,-0,-0,-0,
-0,-0,-0,-0,-0,-0,-0,-0,-0,-0,-0,-0,-0,-0,
-0,-0,-0,-0,-0,-0,-0,-0,-0,-0,-0,-0,-0,-0,
-0,-0,-0,-0,-0,-0,-0,-0,-0,-0,-0,-0,-0,-0,
-0,-0,-0,-0,-0,-0,-0,-0,-0,-0,-0,-0,-0,-0,
-0,-0,-0,-0,-0,-0,-0,-0,-0,-0,-0,-0,-0,-0,
-0,-0,-0,-0,-0,-0,-0,-0,-0,-0,-0,-0,-0,-0,
-0,-0,-0,-0,-0,-0,-0,-0,-0,-0,-0,-0,-0,-0,
-0,-0,-0,-0,-0,-0,-0,-0,-0,-0,-0,-0,-0,-0,
-0,-0,-0,-0,-0,-0,-0,-0,-0,-0,-0,-0,-0,-0,
-0,-0,-0,-0,-0,-0,-0,-0,-0,-0,-0,-0,-0,-0,
-0,-0,-0,-0,-0,-0,-0,-0,-0,-0,-0,-0,-0,-0,
-0,-0,-0,-0,-0,-0,-0,-0,-0,-0,-0,-0,-0,-0,
-0,-0,-0,-0,-0,-0,-0,-0,-0,-0,-0,-0,-0,-0,
-0,-0,-0,-0,-0,-0,-0,-0,-0,-0,-0,-0,-0,-0,
-0,-0,-0,-0,-0,-0,-0,-0,-0,-0,-0,-0,-0,-0,
-0,-0,-0,-0,-0,-0,-0,-0,-0,-0,-0,-0,-0,-0,
-0,-0,-0,-0,-0,-0,-0,-0,-0,-0,-0,-0,-0,-0,
-0,-0,-0,-0,-0,-0,-0,-0,-0,-0,-0,-0,-0,-0,
-0,-0,-0,-0,-0,-0,-0,-0,-0,-0,-0,-0,-0,-0,
-0,-0,-0,-0,-0,-0,-0,-0,-0,-0,-0,-0,-0,-0,
-0,-0,-0,-0,-0,-0,-0,-0,-0,-0,-0,-0,-0,-0,
-0,-0,-0,-0,-0,-0,-0,-0,-0,-0,-0,-0,-0,-0,
-0,-0,-0,-0,-0,-0,-0,-0,-0,-0,-0,-0,-0,-0,
-0,-0,-0,-0,-0,-0,-0,-0,-0,-0,-0,-0,-0,-0,
-0,-0,-0,-0,-0,-0,-0,-0,-0,-0,-0,-0,-0,-0,
-0,-0,-0,-0,-0,-0,-0,-0,-0,-0,-0,-0,-0,-0,
-0,-0,-0,-0,-0,-0,-0,-0,-0,-0,-0,-0,-0,-0,
-0,-0,-0,-0,-0,-0,-0,-0,-0,-0,-0,-0,-0,-0,
-0,-0,-0,-0,-0,-0,-0,-0,-0,-0,-0,-0,-0,-0,
-0,-0,-0,-0,-0,-0,-0,-0,-0,-0,-0,-0,-0,-0,
-0,-0,-0,-0,-0,-0,-0,-0,-0,-0,-0,-0,-0,-0,
-0,-0,-0,-0,-0,-0,-0,-0,-0,-0,-0,-0,-0,-0,
-0,-0,-0,-0,-0,-0,-0,-0,-0,-0,-0,-0,-0,-0,
-0,-0,-0,-0,-0,-0,-0,-0,-0,-0,-0,-0,-0,-0,
-0,-0,-0,-0,-0,-0,-0,-0,-0,-0,-0,-0,-0,-0,
-0,-0,-0,-0,-0,-0,-0,-0,-0,-0,-0,-0,-0,-0,
-0,-0,-0,-0,-0,-0,-0,-0,-0,-0,-0,-0,-0,-0,
-0,-0,-0,-0,-0,-0,-0,-0,-0,-0,-0,-0,-0,-0,
-0,-0,-0,-0,-0,-0,-0,-0,-0,-0,-0,-0,-0,-0,
-0,-0,-0,-0,-0,-0,-0,-0,-0,-0,-0,-0,-0,-0,
-0,-0,-0,-0,-0,-0,-0,-0,-0,-0,-0,-0,-0,-0,
-0,-0,-0,-0,-0,-0,-0,-0,-0,-0,-0,-0,-0,-0,
-0,-0,-0,-0,-0,-0,-0,-0,-0,-0,-0,-0,-0,-0,
-0,-0,-0,-0,-0,-0,-0,-0,-0,-0,-0,-0,-0,-0,
-0,-0,-0,-0,-0,-0,-0,-0,-0,-0,-0,-0,-0,-0,
-0,-0,-0,-0,-0,-0,-0,-0,-0,-0,-0,-0,-0,-0,
-0,-0,-0,-0,-0,-0,-0,-0,-0,-0,-0,-0,-0,-0,
-0,-0,-0,-0,-0,-0,-0,-0,-0,-0,-0,-0,-0,-0,
-0,-0,-0,-0,-0,-0,-0,-0,-0,-0,-0,-0,-0,-0,
-0,-0,-0,-0,-0,-0,-0,-0,-0,-0,-0,-0,-0,-0,
-0,-0,-0,-0,-0,-0,-0,-0,-0,-0,-0,-0,-0,-0,
-0,-0,-0,-0,-0,-0,-0,-0,-0,-0,-0,-0,-0,-0,
-0,-0,-0,-0,-0,-0,-0,-0,-0,-0,-0,-0,-0,-0,
-0,-0,-0,-0,-0,-0,-0,-0,-0,-0,-0,-0,-0,-0,
-0,-0,-0,-0,-0,-0,-0,-0,-0,-0,-0,-0,-0,-0,
-0,-0,-0,-0,-0,-0,-0,-0,-0,-0,-0,-0,-0,-0,
-0,-0,-0,-0,-0,-0,-0,-0,-0,-0,-0,-0,-0,-0,
-0,-0,-0,-0,-0,-0,-0,-0,-0,-0,-0,-0,-0,-0,
-0,-0,-0,-0,-0,-0,-0,-0,-0,-0,-0,-0,-0,-0,
-0,-0,-0,-0,-0,-0,-0,-0,-0,-0,-0,-0,-0,-0,
-0,-0,-0,-0,-0,-0,-0,-0,-0,-0,-0,-0,-0,-0,
-0,-0,-0,-0,-0,-0,-0,-0,-0,-0,-0,-0,-0,-0,
-0,-0,-0,-0,-0,-0,-0,-0,-0,-0,-0,-0,-0,-0,
-0,-0,-0,-0,-0,-0,-0,-0,-0,-0,-0,-0,-0,-0,
-0,-0,-0,-0,-0,-0,-0,-0,-0,-0,-0,-0,-0,-0,
-0,-0,-0,-0,-0,-0,-0,-0,-0,-0,-0,-0,-0,-0,
-0,-0,-0,-0,-0,-0,-0,-0,-0,-0,-0,-0,-0,-0,
-0,-0,-0,-0,-0,-0,-0,-0,-0,-0,-0,-0,-0,-0,
-0,-0,-0,-0,-0,-0,-0,-0,-0,-0,-0,-0,-0,-0,
-0,-0,-0,-0,-0,-0,-0,-0,-0,-0,-0,-0,-0,-0,
-0,-0,-0,-0,-0,-0,-0,-0,-0,-0,-0,-0,-0,-0,
-0,-0,-0,-0,-0,-0,-0,-0,-0,-0,-0,-0,-0,-0,
-0,-0,-0,-0,-0,-0,-0,-0,-0,-0,-0,-0,-0,-0,
-0,-0,-0,-0,-0,-0,-0,-0,-0,-0,-0,-0,-0,-0,
-0,-0,-0,-0,-0,-0,-0,-0,-0,-0,-0,-0,-0,-0,
-0,-0,-0,-0,-0,-0,-0,-0,-0,-0,-0,-0,-0,-0,
-0,-0,-0,-0,-0,-0,-0,-0,-0,-0,-0,-0,-0,-0,
-0,-0,-0,-0,-0,-0,-0,-0,-0,-0,-0,-0,-0,-0,
-0,-0,-0,-0,-0,-0,-0,-0,-0,-0,-0,-0,-0,-0,
-0,-0,-0,-0,-0,-0,-0,-0,-0,-0,-0,-0,-0,-0,
-0,-0,-0,-0,-0,-0,-0,-0,-0,-0,-0,-0,-0,-0,
-0,-0,-0,-0,-0,-0,-0,-0,-0,-0,-0,-0,-0,-0,
-0,-0,-0,-0,-0,-0,-0,-0,-0,-0,-0,-0,-0,-0,
-0,-0,-0,-0,-0,-0,-0,-0,-0,-0,-0,-0,-0,-0,
-0,-0,-0,-0,-0,-0,-0,-0,-0,-0,-0,-0,-0,-0,
-0,-0,-0,-0,-0,-0,-0,-0,-0,-0,-0,-0,-0,-0,
-0,-0,-0,-0,-0,-0,-0,-0,-0,-0,-0,-0,-0,-0,
-0,-0,-0,-0,-0,-0,-0,-0,-0,-0,-0,-0,-0,-0,
-0,-0,-0,-0,-0,-0,-0,-0,-0,-0,-0,-0,-0,-0,
-0,-0,-0,-0,-0,-0,-0,-0,-0,-0,-0,-0,-0,-0,
-0,-0,-0,-0,-0,-0,-0,-0,-0,-0,-0,-0,-0,-0,
-0,-0,-0,-0,-0,-0,-0,-0,-0,-0,-0,-0,-0,-0,
-0,-0,-0,-0,-0,-0,-0,-0,-0,-0,-0,-0,-0,-0,
-0,-0,-0,-0,-0,-0,-0,-0,-0,-0,-0,-0,-0,-0,
-0,-0,-0,-0,-0,-0,-0,-0,-0,-0,-0,-0,-0,-0,
-0,-0,-0,-0,-0,-0,-0,-0,-0,-0,-0,-0,-0,-0,
-0,-0,-0,-0,-0,-0,-0,-0,-0,-0,-0,-0,-0,-0,
-0,-0,-0,-0,-0,-0,-0,-0,-0,-0,-0,-0,-0,-0,
-0,-0,-0,-0,-0,-0,-0,-0,-0,-0,-0,-0,-0,-0,
-0,-0,-0,-0,-0,-0,-0,-0,-0,-0,-0,-0,-0,-0,
-0,-0,-0,-0,-0,-0,-0,-0,-0,-0,-0,-0,-0,-0,
-0,-0,-0,-0,-0,-0,-0,-0,-0,-0,-0,-0,-0,-0,
-0,-0,-0,-0,-0,-0,-0,-0,-0,-0,-0,-0,-0,-0,
-0,-0,-0,-0,-0,-0,-0,-0,-0,-0,-0,-0,-0,-0,
-0,-0,-0,-0,-0,-0,-0,-0,-0,-0,-0,-0,-0,-0,
-0,-0,-0,-0,-0,-0,-0,-0,-0,-0,-0,-0,-0,-0,
-0,-0,-0,-0,-0,-0,-0,-0,-0,-0,-0,-0,-0,-0,
-0,-0,-0,-0,-0,-0,-0,-0,-0,-0,-0,-0,-0,-0,
-0,-0,-0,-0,-0,-0,-0,-0,-0,-0,-0,-0,-0,-0,
-0,-0,-0,-0,-0,-0,-0,-0,-0,-0,-0,-0,-0,-0,
-0,-0,-0,-0,-0,-0,-0,-0,-0,-0,-0,-0,-0,-0,
-0,-0,-0,-0,-0,-0,-0,-0,-0,-0,-0,-0,-0,-0,
-0,-0,-0,-0,-0,-0,-0,-0,-0,-0,-0,-0,-0,-0,
-0,-0,-0,-0,-0,-0,-0,-0,-0,-0,-0,-0,-0,-0,
-0,-0,-0,-0,-0,-0,-0,-0,-0,-0,-0,-0,-0,-0,
-0,-0,-0,-0,-0,-0,-0,-0,-0,-0,-0,-0,-0,-0,
-0,-0,-0,-0,-0,-0,-0,-0,-0,-0,-0,-0,-0,-0,
-0,-0,-0,-0,-0,-0,-0,-0,-0,-0,-0,-0,-0,-0,
-0,-0,-0,-0,-0,-0,-0,-0,-0,-0,-0,-0,-0,-0,
-0,-0,-0,-0,-0,-0,-0,-0,-0,-0,-0,-0,-0,-0,
-0,-0,-0,-0,-0,-0,-0,-0,-0,-0,-0,-0,-0,-0,
-0,-0,-0,-0,-0,-0,-0,-0,-0,-0,-0,-0,-0,-0,
-0,-0,-0,-0,-0,-0,-0,-0,-0,-0,-0,-0,-0,-0,
-0,-0,-0,-0,-0,-0,-0,-0,-0,-0,-0,-0,-0,-0,
-0,-0,-0,-0,-0,-0,-0,-0,-0,-0,-0,-0,-0,-0,
-0,-0,-0,-0,-0,-0,-0,-0,-0,-0,-0,-0,-0,-0,
-0,-0,-0,-0,-0,-0,-0,-0,-0,-0,-0,-0,-0,-0,
-0,-0,-0,-0,-0,-0,-0,-0,-0,-0,-0,-0,-0,-0,
-0,-0,-0,-0,-0,-0,-0,-0,-0,-0,-0,-0,-0,-0,
-0,-0,-0,-0,-0,-0,-0,-0,-0,-0,-0,-0,-0,-0,
-0,-0,-0,-0,-0,-0,-0,-0,-0,-0,-0,-0,-0,-0,
-0,-0,-0,-0,-0,-0,-0,-0,-0,-0,-0,-0,-0,-0,
-0,-0,-0,-0,-0,-0,-0,-0,-0,-0,-0,-0,-0,-0,
-0,-0,-0,-0,-0,-0,-0,-0,-0,-0,-0,-0,-0,-0,
-0,-0,-0,-0,-0,-0,-0,-0,-0,-0,-0,-0,-0,-0,
-0,-0,-0,-0,-0,-0,-0,-0,-0,-0,-0,-0,-0,-0,
-0,-0,-0,-0,-0,-0,-0,-0,-0,-0,-0,-0,-0,-0,
-0,-0,-0,-0,-0,-0,-0,-0,-0,-0,-0,-0,-0,-0,
-0,-0,-0,-0,-0,-0,-0,-0,-0,-0,-0,-0,-0,-0,
-0,-0,-0,-0,-0,-0,-0,-0,-0,-0,-0,-0,-0,-0,
-0,-0,-0,-0,-0,-0,-0,-0,-0,-0,-0,-0,-0,-0,
-0,-0,-0,-0,-0,-0,-0,-0,-0,-0,-0,-0,-0,-0,
-0,-0,-0,-0,-0,-0,-0,-0,-0,-0,-0,-0,-0,-0,
-0,-0,-0,-0,-0,-0,-0,-0,-0,-0,-0,-0,-0,-0,
-0,-0,-0,-0,-0,-0,-0,-0,-0,-0,-0,-0,-0,-0,
-0,-0,-0,-0,-0,-0,-0,-0,-0,-0,-0,-0,-0,-0,
-0,-0,-0,-0,-0,-0,-0,-0,-0,-0,-0,-0,-0,-0,
-0,-0,-0,-0,-0,-0,-0,-0,-0,-0,-0,-0,-0,-0,
-0,-0,-0,-0,-0,-0,-0,-0,-0,-0,-0,-0,-0,-0,
-0,-0,-0,-0,-0,-0,-0,-0,-0,-0,-0,-0,-0,-0,
-0,-0,-0,-0,-0,-0,-0,-0,-0,-0,-0,-0,-0,-0,
-0,-0,-0,-0,-0,-0,-0,-0,-0,-0,-0,-0,-0,-0,
-0,-0,-0,-0,-0,-0,-0,-0,-0,-0,-0,-0,-0,-0,
-0,-0,-0,-0,-0,-0,-0,-0,-0,-0,-0,-0,-0,-0,
-0,-0,-0,-0,-0,-0,-0,-0,-0,-0,-0,-0,-0,-0,
-0,-0,-0,-0,-0,-0,-0,-0,-0,-0,-0,-0,-0,-0,
-0,-0,-0,-0,-0,-0,-0,-0,-0,-0,-0,-0,-0,-0,
-0,-0,-0,-0,-0,-0,-0,-0,-0,-0,-0,-0,-0,-0,
-0,-0,-0,-0,-0,-0,-0,-0,-0,-0,-0,-0,-0,-0,
-0,-0,-0,-0,-0,-0,-0,-0,-0,-0,-0,-0,-0,-0,
-0,-0,-0,-0,-0,-0,-0,-0,-0,-0,-0,-0,-0,-0,
-0,-0,-0,-0,-0,-0,-0,-0,-0,-0,-0,-0,-0,-0,
-0,-0,-0,-0,-0,-0,-0,-0,-0,-0,-0,-0,-0,-0,
-0,-0,-0,-0,-0,-0,-0,-0,-0,-0,-0,-0,-0,-0,
-0,-0,-0,-0,-0,-0,-0,-0,-0,-0,-0,-0,-0,-0,
-0,-0,-0,-0,-0,-0,-0,-0,-0,-0,-0,-0,-0,-0,
-0,-0,-0,-0,-0,-0,-0,-0,-0,-0,-0,-0,-0,-0,
-0,-0,-0,-0,-0,-0,-0,-0,-0,-0,-0,-0,-0,-0,
-0,-0,-0,-0,-0,-0,-0,-0,-0,-0,-0,-0,-0,-0,
-0,-0,-0,-0,-0,-0,-0,-0,-0,-0,-0,-0,-0,-0,
-0,-0,-0,-0,-0,-0,-0,-0,-0,-0,-0,-0,-0,-0,
-0,-0,-0,-0,-0,-0,-0,-0,-0,-0,-0,-0,-0,-0,
-0,-0,-0,-0,-0,-0,-0,-0,-0,-0,-0,-0,-0,-0,
-0,-0,-0,-0,-0,-0,-0,-0,-0,-0,-0,-0,-0,-0,
-0,-0,-0,-0,-0,-0,-0,-0,-0,-0,-0,-0,-0,-0,
-0,-0,-0,-0,-0,-0,-0,-0,-0,-0,-0,-0,-0,-0,
-0,-0,-0,-0,-0,-0,-0,-0,-0,-0,-0,-0,-0,-0,
-0,-0,-0,-0,-0,-0,-0,-0,-0,-0,-0,-0,-0,-0,
-0,-0,-0,-0,-0,-0,-0,-0,-0,-0,-0,-0,-0,-0,
-0,-0,-0,-0,-0,-0,-0,-0,-0,-0,-0,-0,-0,-0,
-0,-0,-0,-0,-0,-0,-0,-0,-0,-0,-0,-0,-0,-0,
-0,-0,-0,-0,-0,-0,-0,-0,-0,-0,-0,-0,-0,-0,
-0,-0,-0,-0,-0,-0,-0,-0,-0,-0,-0,-0,-0,-0,
-0,-0,-0,-0,-0,-0,-0,-0,-0,-0,-0,-0,-0,-0,
-0,-0,-0,-0,-0,-0,-0,-0,-0,-0,-0,-0,-0,-0,
-0,-0,-0,-0,-0,-0,-0,-0,-0,-0,-0,-0,-0,-0,
-0,-0,-0,-0,-0,-0,-0,-0,-0,-0,-0,-0,-0,-0,
-0,-0,-0,-0,-0,-0,-0,-0,-0,-0,-0,-0,-0,-0,
-0,-0,-0,-0,-0,-0,-0,-0,-0,-0,-0,-0,-0,-0,
-0,-0,-0,-0,-0,-0,-0,-0,-0,-0,-0,-0,-0,-0,
-0,-0,-0,-0,-0,-0,-0,-0,-0,-0,-0,-0,-0,-0,
-0,-0,-0,-0,-0,-0,-0,-0,-0,-0,-0,-0,-0,-0,
-0,-0,-0,-0,-0,-0,-0,-0,-0,-0,-0,-0,-0,-0,
-0,-0,-0,-0,-0,-0,-0,-0,-0,-0,-0,-0,-0,-0,
-0,-0,-0,-0,-0,-0,-0,-0,-0,-0,-0,-0,-0,-0,
-0,-0,-0,-0,-0,-0,-0,-0,-0,-0,-0,-0,-0,-0,
-0,-0,-0,-0,-0,-0,-0,-0,-0,-0,-0,-0,-0,-0,
-0,-0,-0,-0,-0,-0,-0,-0,-0,-0,-0,-0,-0,-0,
-0,-0,-0,-0,-0,-0,-0,-0,-0,-0,-0,-0,-0,-0,
-0,-0,-0,-0,-0,-0,-0,-0,-0,-0,-0,-0,-0,-0,
-0,-0,-0,-0,-0,-0,-0,-0,-0,-0,-0,-0,-0,-0,
-0,-0,-0,-0,-0,-0,-0,-0,-0,-0,-0,-0,-0,-0,
-0,-0,-0,-0,-0,-0,-0,-0,-0,-0,-0,-0,-0,-0,
-0,-0,-0,-0,-0,-0,-0,-0,-0,-0,-0,-0,-0,-0,
-0,-0,-0,-0,-0,-0,-0,-0,-0,-0,-0,-0,-0,-0,
-0,-0,-0,-0,-0,-0,-0,-0,-0,-0,-0,-0,-0,-0,
-0,-0,-0,-0,-0,-0,-0,-0,-0,-0,-0,-0,-0,-0,
-0,-0,-0,-0,-0,-0,-0,-0,-0,-0,-0,-0,-0,-0,
-0,-0,-0,-0,-0,-0,-0,-0,-0,-0,-0,-0,-0,-0,
-0,-0,-0,-0,-0,-0,-0,-0,-0,-0,-0,-0,-0,-0,
-0,-0,-0,-0,-0,-0,-0,-0,-0,-0,-0,-0,-0,-0,
-0,-0,-0,-0,-0,-0,-0,-0,-0,-0,-0,-0,-0,-0,
-0,-0,-0,-0,-0,-0,-0,-0,-0,-0,-0,-0,-0,-0,
-0,-0,-0,-0,-0,-0,-0,-0,-0,-0,-0,-0,-0,-0,
-0,-0,-0,-0,-0,-0,-0,-0,-0,-0,-0,-0,-0,-0,
-0,-0,-0,-0,-0,-0,-0,-0,-0,-0,-0,-0,-0,-0,
-0,-0,-0,-0,-0,-0,-0,-0,-0,-0,-0,-0,-0,-0,
-0,-0,-0,-0,-0,-0,-0,-0,-0,-0,-0,-0,-0,-0,
-0,-0,-0,-0,-0,-0,-0,-0,-0,-0,-0,-0,-0,-0,
-0,-0,-0,-0,-0,-0,-0,-0,-0,-0,-0,-0,-0,-0,
-0,-0,-0,-0,-0,-0,-0,-0,-0,-0,-0,-0,-0,-0,
-0,-0,-0,-0,-0,-0,-0,-0,-0,-0,-0,-0,-0,-0,
-0,-0,-0,-0,-0,-0,-0,-0,-0,-0,-0,-0,-0,-0,
-0,-0,-0,-0,-0,-0,-0,-0,-0,-0,-0,-0,-0,-0,
-0,-0,-0,-0,-0,-0,-0,-0,-0,-0,-0,-0,-0,-0,
-0,-0,-0,-0,-0,-0,-0,-0,-0,-0,-0,-0,-0,-0,
-0,-0,-0,-0,-0,-0,-0,-0,-0,-0,-0,-0,-0,-0,
-0,-0,-0,-0,-0,-0,-0,-0,-0,-0,-0,-0,-0,-0,
-0,-0,-0,-0,-0,-0,-0,-0,-0,-0,-0,-0,-0,-0,
-0,-0,-0,-0,-0,-0,-0,-0,-0,-0,-0,-0,-0,-0,
-0,-0,-0,-0,-0,-0,-0,-0,-0,-0,-0,-0,-0,-0,
-0,-0,-0,-0,-0,-0,-0,-0,-0,-0,-0,-0,-0,-0,
-0,-0,-0,-0,-0,-0,-0,-0,-0,-0,-0,-0,-0,-0,
-0,-0,-0,-0,-0,-0,-0,-0,-0,-0,-0,-0,-0,-0,
-0,-0,-0,-0,-0,-0,-0,-0,-0,-0,-0,-0,-0,-0,
-0,-0,-0,-0,-0,-0,-0,-0,-0,-0,-0,-0,-0,-0,
-0,-0,-0,-0,-0,-0,-0,-0,-0,-0,-0,-0,-0,-0,
-0,-0,-0,-0,-0,-0,-0,-0,-0,-0,-0,-0,-0,-0,
-0,-0,-0,-0,-0,-0,-0,-0,-0,-0,-0,-0,-0,-0,
-0,-0,-0,-0,-0,-0,-0,-0,-0,-0,-0,-0,-0,-0,
-0,-0,-0,-0,-0,-0,-0,-0,-0,-0,-0,-0,-0,-0,
-0,-0,-0,-0,-0,-0,-0,-0,-0,-0,-0,-0,-0,-0,
-0,-0,-0,-0,-0,-0,-0,-0,-0,-0,-0,-0,-0,-0,
-0,-0,-0,-0,-0,-0,-0,-0,-0,-0,-0,-0,-0,-0,
-0,-0,-0,-0,-0,-0,-0,-0,-0,-0,-0,-0,-0,-0,
-0,-0,-0,-0,-0,-0,-0,-0,-0,-0,-0,-0,-0,-0,
-0,-0,-0,-0,-0,-0,-0,-0,-0,-0,-0,-0,-0,-0,
-0,-0,-0,-0,-0,-0,-0,-0,-0,-0,-0,-0,-0,-0,
-0,-0,-0,-0,-0,-0,-0,-0,-0,-0,-0,-0,-0,-0,
-0,-0,-0,-0,-0,-0,-0,-0,-0,-0,-0,-0,-0,-0,
-0,-0,-0,-0,-0,-0,-0,-0,-0,-0,-0,-0,-0,-0,
-0,-0,-0,-0,-0,-0,-0,-0,-0,-0,-0,-0,-0,-0,
-0,-0,-0,-0,-0,-0,-0,-0,-0,-0,-0,-0,-0,-0,
-0,-0,-0,-0,-0,-0,-0,-0,-0,-0,-0,-0,-0,-0,
-0,-0,-0,-0,-0,-0,-0,-0,-0,-0,-0,-0,-0,-0,
-0,-0,-0,-0,-0,-0,-0,-0,-0,-0,-0,-0,-0,-0,
-0,-0,-0,-0,-0,-0,-0,-0,-0,-0,-0,-0,-0,-0,
-0,-0,-0,-0,-0,-0,-0,-0,-0,-0,-0,-0,-0,-0,
-0,-0,-0,-0,-0,-0,-0,-0,-0,-0,-0,-0,-0,-0,
-0,-0,-0,-0,-0,-0,-0,-0,-0,-0,-0,-0,-0,-0,
-0,-0,-0,-0,-0,-0,-0,-0,-0,-0,-0,-0,-0,-0,
-0,-0,-0,-0,-0,-0,-0,-0,-0,-0,-0,-0,-0,-0,
-0,-0,-0,-0,-0,-0,-0,-0,-0,-0,-0,-0,-0,-0,
-0,-0,-0,-0,-0,-0,-0,-0,-0,-0,-0,-0,-0,-0,
-0,-0,-0,-0,-0,-0,-0,-0,-0,-0,-0,-0,-0,-0,
-0,-0,-0,-0,-0,-0,-0,-0,-0,-0,-0,-0,-0,-0,
-0,-0,-0,-0,-0,-0,-0,-0,-0,-0,-0,-0,-0,-0,
-0,-0,-0,-0,-0,-0,-0,-0,-0,-0,-0,-0,-0,-0,
-0,-0,-0,-0,-0,-0,-0,-0,-0,-0,-0,-0,-0,-0,
-0,-0,-0,-0,-0,-0,-0,-0,-0,-0,-0,-0,-0,-0,
-0,-0,-0,-0,-0,-0,-0,-0,-0,-0,-0,-0,-0,-0,
-0,-0,-0,-0,-0,-0,-0,-0,-0,-0,-0,-0,-0,-0,
-0,-0,-0,-0,-0,-0,-0,-0,-0,-0,-0,-0,-0,-0,
-0,-0,-0,-0,-0,-0,-0,-0,-0,-0,-0,-0,-0,-0,
-0,-0,-0,-0,-0,-0,-0,-0,-0,-0,-0,-0,-0,-0,
-0,-0,-0,-0,-0,-0,-0,-0,-0,-0,-0,-0,-0,-0,
-0,-0,-0,-0,-0,-0,-0,-0,-0,-0,-0,-0,-0,-0,
-0,-0,-0,-0,-0,-0,-0,-0,-0,-0,-0,-0,-0,-0,
-0,-0,-0,-0,-0,-0,-0,-0,-0,-0,-0,-0,-0,-0,
-0,-0,-0,-0,-0,-0,-0,-0,-0,-0,-0,-0,-0,-0,
-0,-0,-0,-0,-0,-0,-0,-0,-0,-0,-0,-0,-0,-0,
-0,-0,-0,-0,-0,-0,-0,-0,-0,-0,-0,-0,-0,-0,
-0,-0,-0,-0,-0,-0,-0,-0,-0,-0,-0,-0,-0,-0,
-0,-0,-0,-0,-0,-0,-0,-0,-0,-0,-0,-0,-0,-0,
-0,-0,-0,-0,-0,-0,-0,-0,-0,-0,-0,-0,-0,-0,
-0,-0,-0,-0,-0,-0,-0,-0,-0,-0,-0,-0,-0,-0,
-0,-0,-0,-0,-0,-0,-0,-0,-0,-0,-0,-0,-0,-0,
-0,-0,-0,-0,-0,-0,-0,-0,-0,-0,-0,-0,-0,-0,
-0,-0,-0,-0,-0,-0,-0,-0,-0,-0,-0,-0,-0,-0,
-0,-0,-0,-0,-0,-0,-0,-0,-0,-0,-0,-0,-0,-0,
-0,-0,-0,-0,-0,-0,-0,-0,-0,-0,-0,-0,-0,-0,
-0,-0,-0,-0,-0,-0,-0,-0,-0,-0,-0,-0,-0,-0,
-0,-0,-0,-0,-0,-0,-0,-0,-0,-0,-0,-0,-0,-0,
-0,-0,-0,-0,-0,-0,-0,-0,-0,-0,-0,-0,-0,-0,
-0,-0,-0,-0,-0,-0,-0,-0,-0,-0,-0,-0,-0,-0,
-0,-0,-0,-0,-0,-0,-0,-0,-0,-0,-0,-0,-0,-0,
-0,-0,-0,-0,-0,-0,-0,-0,-0,-0,-0,-0,-0,-0,
-0,-0,-0,-0,-0,-0,-0,-0,-0,-0,-0,-0,-0,-0,
-0,-0,-0,-0,-0,-0,-0,-0,-0,-0,-0,-0,-0,-0,
-0,-0,-0,-0,-0,-0,-0,-0,-0,-0,-0,-0,-0,-0,
-0,-0,-0,-0,-0,-0,-0,-0,-0,-0,-0,-0,-0,-0,
-0,-0,-0,-0,-0,-0,-0,-0,-0,-0,-0,-0,-0,-0,
-0,-0,-0,-0,-0,-0,-0,-0,-0,-0,-0,-0,-0,-0,
-0,-0,-0,-0,-0,-0,-0,-0,-0,-0,-0,-0,-0,-0,
-0,-0,-0,-0,-0,-0,-0,-0,-0,-0,-0,-0,-0,-0,
-0,-0,-0,-0,-0,-0,-0,-0,-0,-0,-0,-0,-0,-0,
-0,-0,-0,-0,-0,-0,-0,-0,-0,-0,-0,-0,-0,-0,
-0,-0,-0,-0,-0,-0,-0,-0,-0,-0,-0,-0,-0,-0,
-0,-0,-0,-0,-0,-0,-0,-0,-0,-0,-0,-0,-0,-0,
-0,-0,-0,-0,-0,-0,-0,-0,-0,-0,-0,-0,-0,-0,
-0,-0,-0,-0,-0,-0,-0,-0,-0,-0,-0,-0,-0,-0,
-0,-0,-0,-0,-0,-0,-0,-0,-0,-0,-0,-0,-0,-0,
-0,-0,-0,-0,-0,-0,-0,-0,-0,-0,-0,-0,-0,-0,
-0,-0,-0,-0,-0,-0,-0,-0,-0,-0,-0,-0,-0,-0,
-0,-0,-0,-0,-0,-0,-0,-0,-0,-0,-0,-0,-0,-0,
-0,-0,-0,-0,-0,-0,-0,-0,-0,-0,-0,-0,-0,-0,
-0,-0,-0,-0,-0,-0,-0,-0,-0,-0,-0,-0,-0,-0,
-0,-0,-0,-0,-0,-0,-0,-0,-0,-0,-0,-0,-0,-0,
-0,-0,-0,-0,-0,-0,-0,-0,-0,-0,-0,-0,-0,-0,
-0,-0,-0,-0,-0,-0,-0,-0,-0,-0,-0,-0,-0,-0,
-0,-0,-0,-0,-0,-0,-0,-0,-0,-0,-0,-0,-0,-0,
-0,-0,-0,-0,-0,-0,-0,-0,-0,-0,-0,-0,-0,-0,
-0,-0,-0,-0,-0,-0,-0,-0,-0,-0,-0,-0,-0,-0,
-0,-0,-0,-0,-0,-0,-0,-0,-0,-0,-0,-0,-0,-0,
-0,-0,-0,-0,-0,-0,-0,-0,-0,-0,-0,-0,-0,-0,
-0,-0,-0,-0,-0,-0,-0,-0,-0,-0,-0,-0,-0,-0,
-0,-0,-0,-0,-0,-0,-0,-0,-0,-0,-0,-0,-0,-0,
-0,-0,-0,-0,-0,-0,-0,-0,-0,-0,-0,-0,-0,-0,
-0,-0,-0,-0,-0,-0,-0,-0,-0,-0,-0,-0,-0,-0,
-0,-0,-0,-0,-0,-0,-0,-0,-0,-0,-0,-0,-0,-0,
-0,-0,-0,-0,-0,-0,-0,-0,-0,-0,-0,-0,-0,-0,
-0,-0,-0,-0,-0,-0,-0,-0,-0,-0,-0,-0,-0,-0,
-0,-0,-0,-0,-0,-0,-0,-0,-0,-0,-0,-0,-0,-0,
-0,-0,-0,-0,-0,-0,-0,-0,-0,-0,-0,-0,-0,-0,
-0,-0,-0,-0,-0,-0,-0,-0,-0,-0,-0,-0,-0,-0,
-0,-0,-0,-0,-0,-0,-0,-0,-0,-0,-0,-0,-0,-0,
-0,-0,-0,-0,-0,-0,-0,-0,-0,-0,-0,-0,-0,-0,
-0,-0,-0,-0,-0,-0,-0,-0,-0,-0,-0,-0,-0,-0,
-0,-0,-0,-0,-0,-0,-0,-0,-0,-0,-0,-0,-0,-0,
-0,-0,-0,-0,-0,-0,-0,-0,-0,-0,-0,-0,-0,-0,
-0,-0,-0,-0,-0,-0,-0,-0,-0,-0,-0,-0,-0,-0,
-0,-0,-0,-0,-0,-0,-0,-0,-0,-0,-0,-0,-0,-0,
-0,-0,-0,-0,-0,-0,-0,-0,-0,-0,-0,-0,-0,-0,
-0,-0,-0,-0,-0,-0,-0,-0,-0,-0,-0,-0,-0,-0,
-0,-0,-0,-0,-0,-0,-0,-0,-0,-0,-0,-0,-0,-0,
-0,-0,-0,-0,-0,-0,-0,-0,-0,-0,-0,-0,-0,-0,
-0,-0,-0,-0,-0,-0,-0,-0,-0,-0,-0,-0,-0,-0,
-0,-0,-0,-0,-0,-0,-0,-0,-0,-0,-0,-0,-0,-0,
-0,-0,-0,-0,-0,-0,-0,-0,-0,-0,-0,-0,-0,-0,
-0,-0,-0,-0,-0,-0,-0,-0,-0,-0,-0,-0,-0,-0,
-0,-0,-0,-0,-0,-0,-0,-0,-0,-0,-0,-0,-0,-0,
-0,-0,-0,-0,-0,-0,-0,-0,-0,-0,-0,-0,-0,-0,
-0,-0,-0,-0,-0,-0,-0,-0,-0,-0,-0,-0,-0,-0,
-0,-0,-0,-0,-0,-0,-0,-0,-0,-0,-0,-0,-0,-0,
-0,-0,-0,-0,-0,-0,-0,-0,-0,-0,-0,-0,-0,-0,
-0,-0,-0,-0,-0,-0,-0,-0,-0,-0,-0,-0,-0,-0,
-0,-0,-0,-0,-0,-0,-0,-0,-0,-0,-0,-0,-0,-0,
-0,-0,-0,-0,-0,-0,-0,-0,-0,-0,-0,-0,-0,-0,
-0,-0,-0,-0,-0,-0,-0,-0,-0,-0,-0,-0,-0,-0,
-0,-0,-0,-0,-0,-0,-0,-0,-0,-0,-0,-0,-0,-0,
-0,-0,-0,-0,-0,-0,-0,-0,-0,-0,-0,-0,-0,-0,
-0,-0,-0,-0,-0,-0,-0,-0,-0,-0,-0,-0,-0,-0,
-0,-0,-0,-0,-0,-0,-0,-0,-0,-0,-0,-0,-0,-0,
-0,-0,-0,-0,-0,-0,-0,-0,-0,-0,-0,-0,-0,-0,
-0,-0,-0,-0,-0,-0,-0,-0,-0,-0,-0,-0,-0,-0,
-0,-0,-0,-0,-0,-0,-0,-0,-0,-0,-0,-0,-0,-0,
-0,-0,-0,-0,-0,-0,-0,-0,-0,-0,-0,-0,-0,-0,
-0,-0,-0,-0,-0,-0,-0,-0,-0,-0,-0,-0,-0,-0,
-0,-0,-0,-0,-0,-0,-0,-0,-0,-0,-0,-0,-0,-0,
-0,-0,-0,-0,-0,-0,-0,-0,-0,-0,-0,-0,-0,-0,
-0,-0,-0,-0,-0,-0,-0,-0,-0,-0,-0,-0,-0,-0,
-0,-0,-0,-0,-0,-0,-0,-0,-0,-0,-0,-0,-0,-0,
-0,-0,-0,-0,-0,-0,-0,-0,-0,-0,-0,-0,-0,-0,
-0,-0,-0,-0,-0,-0,-0,-0,-0,-0,-0,-0,-0,-0,
-0,-0,-0,-0,-0,-0,-0,-0,-0,-0,-0,-0,-0,-0,
-0,-0,-0,-0,-0,-0,-0,-0,-0,-0,-0,-0,-0,-0,
-0,-0,-0,-0,-0,-0,-0,-0,-0,-0,-0,-0,-0,-0,
-0,-0,-0,-0,-0,-0,-0,-0,-0,-0,-0,-0,-0,-0,
-0,-0,-0,-0,-0,-0,-0,-0,-0,-0,-0,-0,-0,-0,
-0,-0,-0,-0,-0,-0,-0,-0,-0,-0,-0,-0,-0,-0,
-0,-0,-0,-0,-0,-0,-0,-0,-0,-0,-0,-0,-0,-0,
-0,-0,-0,-0,-0,-0,-0,-0,-0,-0,-0,-0,-0,-0,
-0,-0,-0,-0,-0,-0,-0,-0,-0,-0,-0,-0,-0,-0,
-0,-0,-0,-0,-0,-0,-0,-0,-0,-0,-0,-0,-0,-0,
-0,-0,-0,-0,-0,-0,-0,-0,-0,-0,-0,-0,-0,-0,
-0,-0,-0,-0,-0,-0,-0,-0,-0,-0,-0,-0,-0,-0,
-0,-0,-0,-0,-0,-0,-0,-0,-0,-0,-0,-0,-0,-0,
-0,-0,-0,-0,-0,-0,-0,-0,-0,-0,-0,-0,-0,-0,
-0,-0,-0,-0,-0,-0,-0,-0,-0,-0,-0,-0,-0,-0,
-0,-0,-0,-0,-0,-0,-0,-0,-0,-0,-0,-0,-0,-0,
-0,-0,-0,-0,-0,-0,-0,-0,-0,-0,-0,-0,-0,-0,
-0,-0,-0,-0,-0,-0,-0,-0,-0,-0,-0,-0,-0,-0,
-0,-0,-0,-0,-0,-0,-0,-0,-0,-0,-0,-0,-0,-0,
-0,-0,-0,-0,-0,-0,-0,-0,-0,-0,-0,-0,-0,-0,
-0,-0,-0,-0,-0,-0,-0,-0,-0,-0,-0,-0,-0,-0,
-0,-0,-0,-0,-0,-0,-0,-0,-0,-0,-0,-0,-0,-0,
-0,-0,-0,-0,-0,-0,-0,-0,-0,-0,-0,-0,-0,-0,
-0,-0,-0,-0,-0,-0,-0,-0,-0,-0,-0,-0,-0,-0,
-0,-0,-0,-0,-0,-0,-0,-0,-0,-0,-0,-0,-0,-0,
-0,-0,-0,-0,-0,-0,-0,-0,-0,-0,-0,-0,-0,-0,
-0,-0,-0,-0,-0,-0,-0,-0,-0,-0,-0,-0,-0,-0,
-0,-0,-0,-0,-0,-0,-0,-0,-0,-0,-0,-0,-0,-0,
-0,-0,-0,-0,-0,-0,-0,-0,-0,-0,-0,-0,-0,-0,
-0,-0,-0,-0,-0,-0,-0,-0,-0,-0,-0,-0,-0,-0,
-0,-0,-0,-0,-0,-0,-0,-0,-0,-0,-0,-0,-0,-0,
-0,-0,-0,-0,-0,-0,-0,-0,-0,-0,-0,-0,-0,-0,
-0,-0,-0,-0,-0,-0,-0,-0,-0,-0,-0,-0,-0,-0,
-0,-0,-0,-0,-0,-0,-0,-0,-0,-0,-0,-0,-0,-0,
-0,-0,-0,-0,-0,-0,-0,-0,-0,-0,-0,-0,-0,-0,
-0,-0,-0,-0,-0,-0,-0,-0,-0,-0,-0,-0,-0,-0,
-0,-0,-0,-0,-0,-0,-0,-0,-0,-0,-0,-0,-0,-0,
-0,-0,-0,-0,-0,-0,-0,-0,-0,-0,-0,-0,-0,-0,
-0,-0,-0,-0,-0,-0,-0,-0,-0,-0,-0,-0,-0,-0,
-0,-0,-0,-0,-0,-0,-0,-0,-0,-0,-0,-0,-0,-0,
-0,-0,-0,-0,-0,-0,-0,-0,-0,-0,-0,-0,-0,-0,
-0,-0,-0,-0,-0,-0,-0,-0,-0,-0,-0,-0,-0,-0,
-0,-0,-0,-0,-0,-0,-0,-0,-0,-0,-0,-0,-0,-0,
-0,-0,-0,-0,-0,-0,-0,-0,-0,-0,-0,-0,-0,-0,
-0,-0,-0,-0,-0,-0,-0,-0,-0,-0,-0,-0,-0,-0,
-0,-0,-0,-0,-0,-0,-0,-0,-0,-0,-0,-0,-0,-0,
-0,-0,-0,-0,-0,-0,-0,-0,-0,-0,-0,-0,-0,-0,
-0,-0,-0,-0,-0,-0,-0,-0,-0,-0,-0,-0,-0,-0,
-0,-0,-0,-0,-0,-0,-0,-0,-0,-0,-0,-0,-0,-0,
-0,-0,-0,-0,-0,-0,-0,-0,-0,-0,-0,-0,-0,-0,
-0,-0,-0,-0,-0,-0,-0,-0,-0,-0,-0,-0,-0,-0,
-0,-0,-0,-0,-0,-0,-0,-0,-0,-0,-0,-0,-0,-0,
-0,-0,-0,-0,-0,-0,-0,-0,-0,-0,-0,-0,-0,-0,
-0,-0,-0,-0,-0,-0,-0,-0,-0,-0,-0,-0,-0,-0,
-0,-0,-0,-0,-0,-0,-0,-0,-0,-0,-0,-0,-0,-0,
-0,-0,-0,-0,-0,-0,-0,-0,-0,-0,-0,-0,-0,-0,
-0,-0,-0,-0,-0,-0,-0,-0,-0,-0,-0,-0,-0,-0,
-0,-0,-0,-0,-0,-0,-0,-0,-0,-0,-0,-0,-0,-0,
-0,-0,-0,-0,-0,-0,-0,-0,-0,-0,-0,-0,-0,-0,
-0,-0,-0,-0,-0,-0,-0,-0,-0,-0,-0,-0,-0,-0,
-0,-0,-0,-0,-0,-0,-0,-0,-0,-0,-0,-0,-0,-0,
-0,-0,-0,-0,-0,-0,-0,-0,-0,-0,-0,-0,-0,-0,
-0,-0,-0,-0,-0,-0,-0,-0,-0,-0,-0,-0,-0,-0,
-0,-0,-0,-0,-0,-0,-0,-0,-0,-0,-0,-0,-0,-0,
-0,-0,-0,-0,-0,-0,-0,-0,-0,-0,-0,-0,-0,-0,
-0,-0,-0,-0,-0,-0,-0,-0,-0,-0,-0,-0,-0,-0,
-0,-0,-0,-0,-0,-0,-0,-0,-0,-0,-0,-0,-0,-0,
-0,-0,-0,-0,-0,-0,-0,-0,-0,-0,-0,-0,-0,-0,
-0,-0,-0,-0,-0,-0,-0,-0,-0,-0,-0,-0,-0,-0,
-0,-0,-0,-0,-0,-0,-0,-0,-0,-0,-0,-0,-0,-0,
-0,-0,-0,-0,-0,-0,-0,-0,-0,-0,-0,-0,-0,-0,
-0,-0,-0,-0,-0,-0,-0,-0,-0,-0,-0,-0,-0,-0,
-0,-0,-0,-0,-0,-0,-0,-0,-0,-0,-0,-0,-0,-0,
-0,-0,-0,-0,-0,-0,-0,-0,-0,-0,-0,-0,-0,-0,
-0,-0,-0,-0,-0,-0,-0,-0,-0,-0,-0,-0,-0,-0,
-0,-0,-0,-0,-0,-0,-0,-0,-0,-0,-0,-0,-0,-0,
-0,-0,-0,-0,-0,-0,-0,-0,-0,-0,-0,-0,-0,-0,
-0,-0,-0,-0,-0,-0,-0,-0,-0,-0,-0,-0,-0,-0,
-0,-0,-0,-0,-0,-0,-0,-0,-0,-0,-0,-0,-0,-0,
-0,-0,-0,-0,-0,-0,-0,-0,-0,-0,-0,-0,-0,-0,
-0,-0,-0,-0,-0,-0,-0,-0,-0,-0,-0,-0,-0,-0,
-0,-0,-0,-0,-0,-0,-0,-0,-0,-0,-0,-0,-0,-0,
-0,-0,-0,-0,-0,-0,-0,-0,-0,-0,-0,-0,-0,-0,
-0,-0,-0,-0,-0,-0,-0,-0,-0,-0,-0,-0,-0,-0,
-0,-0,-0,-0,-0,-0,-0,-0,-0,-0,-0,-0,-0,-0,
-0,-0,-0,-0,-0,-0,-0,-0,-0,-0,-0,-0,-0,-0,
-0,-0,-0,-0,-0,-0,-0,-0,-0,-0,-0,-0,-0,-0,
-0,-0,-0,-0,-0,-0,-0,-0,-0,-0,-0,-0,-0,-0,
-0,-0,-0,-0,-0,-0,-0,-0,-0,-0,-0,-0,-0,-0,
-0,-0,-0,-0,-0,-0,-0,-0,-0,-0,-0,-0,-0,-0,
-0,-0,-0,-0,-0,-0,-0,-0,-0,-0,-0,-0,-0,-0,
-0,-0,-0,-0,-0,-0,-0,-0,-0,-0,-0,-0,-0,-0,
-0,-0,-0,-0,-0,-0,-0,-0,-0,-0,-0,-0,-0,-0,
-0,-0,-0,-0,-0,-0,-0,-0,-0,-0,-0,-0,-0,-0,
-0,-0,-0,-0,-0,-0,-0,-0,-0,-0,-0,-0,-0,-0,
-0,-0,-0,-0,-0,-0,-0,-0,-0,-0,-0,-0,-0,-0,
-0,-0,-0,-0,-0,-0,-0,-0,-0,-0,-0,-0,-0,-0,
-0,-0,-0,-0,-0,-0,-0,-0,-0,-0,-0,-0,-0,-0,
-0,-0,-0,-0,-0,-0,-0,-0,-0,-0,-0,-0,-0,-0,
-0,-0,-0,-0,-0,-0,-0,-0,-0,-0,-0,-0,-0,-0,
-0,-0,-0,-0,-0,-0,-0,-0,-0,-0,-0,-0,-0,-0,
-0,-0,-0,-0,-0,-0,-0,-0,-0,-0,-0,-0,-0,-0,
-0,-0,-0,-0,-0,-0,-0,-0,-0,-0,-0,-0,-0,-0,
-0,-0,-0,-0,-0,-0,-0,-0,-0,-0,-0,-0,-0,-0,
-0,-0,-0,-0,-0,-0,-0,-0,-0,-0,-0,-0,-0,-0,
-0,-0,-0,-0,-0,-0,-0,-0,-0,-0,-0,-0,-0,-0,
-0,-0,-0,-0,-0,-0,-0,-0,-0,-0,-0,-0,-0,-0,
-0,-0,-0,-0,-0,-0,-0,-0,-0,-0,-0,-0,-0,-0,
-0,-0,-0,-0,-0,-0,-0,-0,-0,-0,-0,-0,-0,-0,
-0,-0,-0,-0,-0,-0,-0,-0,-0,-0,-0,-0,-0,-0,
-0,-0,-0,-0,-0,-0,-0,-0,-0,-0,-0,-0,-0,-0,
-0,-0,-0,-0,-0,-0,-0,-0,-0,-0,-0,-0,-0,-0,
-0,-0,-0,-0,-0,-0,-0,-0,-0,-0,-0,-0,-0,-0,
-0,-0,-0,-0,-0,-0,-0,-0,-0,-0,-0,-0,-0,-0,
-0,-0,-0,-0,-0,-0,-0,-0,-0,-0,-0,-0,-0,-0,
-0,-0,-0,-0,-0,-0,-0,-0,-0,-0,-0,-0,-0,-0,
-0,-0,-0,-0,-0,-0,-0,-0,-0,-0,-0,-0,-0,-0,
-0,-0,-0,-0,-0,-0,-0,-0,-0,-0,-0,-0,-0,-0,
-0,-0,-0,-0,-0,-0,-0,-0,-0,-0,-0,-0,-0,-0,
-0,-0,-0,-0,-0,-0,-0,-0,-0,-0,-0,-0,-0,-0,
-0,-0,-0,-0,-0,-0,-0,-0,-0,-0,-0,-0,-0,-0,
-0,-0,-0,-0,-0,-0,-0,-0,-0,-0,-0,-0,-0,-0,
-0,-0,-0,-0,-0,-0,-0,-0,-0,-0,-0,-0,-0,-0,
-0,-0,-0,-0,-0,-0,-0,-0,-0,-0,-0,-0,-0,-0,
-0,-0,-0,-0,-0,-0,-0,-0,-0,-0,-0,-0,-0,-0,
-0,-0,-0,-0,-0,-0,-0,-0,-0,-0,-0,-0,-0,-0,
-0,-0,-0,-0,-0,-0,-0,-0,-0,-0,-0,-0,-0,-0,
-0,-0,-0,-0,-0,-0,-0,-0,-0,-0,-0,-0,-0,-0,
-0,-0,-0,-0,-0,-0,-0,-0,-0,-0,-0,-0,-0,-0,
-0,-0,-0,-0,-0,-0,-0,-0,-0,-0,-0,-0,-0,-0,
-0,-0,-0,-0,-0,-0,-0,-0,-0,-0,-0,-0,-0,-0,
-0,-0,-0,-0,-0,-0,-0,-0,-0,-0,-0,-0,-0,-0,
-0,-0,-0,-0,-0,-0,-0,-0,-0,-0,-0,-0,-0,-0,
-0,-0,-0,-0,-0,-0,-0,-0,-0,-0,-0,-0,-0,-0,
-0,-0,-0,-0,-0,-0,-0,-0,-0,-0,-0,-0,-0,-0,
-0,-0,-0,-0,-0,-0,-0,-0,-0,-0,-0,-0,-0,-0,
-0,-0,-0,-0,-0,-0,-0,-0,-0,-0,-0,-0,-0,-0,
-0,-0,-0,-0,-0,-0,-0,-0,-0,-0,-0,-0,-0,-0,
-0,-0,-0,-0,-0,-0,-0,-0,-0,-0,-0,-0,-0,-0,
-0,-0,-0,-0,-0,-0,-0,-0,-0,-0,-0,-0,-0,-0,
-0,-0,-0,-0,-0,-0,-0,-0,-0,-0,-0,-0,-0,-0,
-0,-0,-0,-0,-0,-0,-0,-0,-0,-0,-0,-0,-0,-0,
-0,-0,-0,-0,-0,-0,-0,-0,-0,-0,-0,-0,-0,-0,
-0,-0,-0,-0,-0,-0,-0,-0,-0,-0,-0,-0,-0,-0,
-0,-0,-0,-0,-0,-0,-0,-0,-0,-0,-0,-0,-0,-0,
-0,-0,-0,-0,-0,-0,-0,-0,-0,-0,-0,-0,-0,-0,
-0,-0,-0,-0,-0,-0,-0,-0,-0,-0,-0,-0,-0,-0,
-0,-0,-0,-0,-0,-0,-0,-0,-0,-0,-0,-0,-0,-0,
-0,-0,-0,-0,-0,-0,-0,-0,-0,-0,-0,-0,-0,-0,
-0,-0,-0,-0,-0,-0,-0,-0,-0,-0,-0,-0,-0,-0,
-0,-0,-0,-0,-0,-0,-0,-0,-0,-0,-0,-0,-0,-0,
-0,-0,-0,-0,-0,-0,-0,-0,-0,-0,-0,-0,-0,-0,
-0,-0,-0,-0,-0,-0,-0,-0,-0,-0,-0,-0,-0,-0,
-0,-0,-0,-0,-0,-0,-0,-0,-0,-0,-0,-0,-0,-0,
-0,-0,-0,-0,-0,-0,-0,-0,-0,-0,-0,-0,-0,-0,
-0,-0,-0,-0,-0,-0,-0,-0,-0,-0,-0,-0,-0,-0,
-0,-0,-0,-0,-0,-0,-0,-0,-0,-0,-0,-0,-0,-0,
-0,-0,-0,-0,-0,-0,-0,-0,-0,-0,-0,-0,-0,-0,
-0,-0,-0,-0,-0,-0,-0,-0,-0,-0,-0,-0,-0,-0,
-0,-0,-0,-0,-0,-0,-0,-0,-0,-0,-0,-0,-0,-0,
-0,-0,-0,-0,-0,-0,-0,-0,-0,-0,-0,-0,-0,-0,
-0,-0,-0,-0,-0,-0,-0,-0,-0,-0,-0,-0,-0,-0,
-0,-0,-0,-0,-0,-0,-0,-0,-0,-0,-0,-0,-0,-0,
-0,-0,-0,-0,-0,-0,-0,-0,-0,-0,-0,-0,-0,-0,
-0,-0,-0,-0,-0,-0,-0,-0,-0,-0,-0,-0,-0,-0,
-0,-0,-0,-0,-0,-0,-0,-0,-0,-0,-0,-0,-0,-0,
-0,-0,-0,-0,-0,-0,-0,-0,-0,-0,-0,-0,-0,-0,
-0,-0,-0,-0,-0,-0,-0,-0,-0,-0,-0,-0,-0,-0,
-0,-0,-0,-0,-0,-0,-0,-0,-0,-0,-0,-0,-0,-0,
-0,-0,-0,-0,-0,-0,-0,-0,-0,-0,-0,-0,-0,-0,
-0,-0,-0,-0,-0,-0,-0,-0,-0,-0,-0,-0,-0,-0,
-0,-0,-0,-0,-0,-0,-0,-0,-0,-0,-0,-0,-0,-0,
