5.984769,-0.986168,0.062019,0.143489
5.984769,-0.986168,0.062019,0.143489
5.984848,-0.986049,0.061949,0.143486
5.984921,-0.985928,0.061878,0.143485
5.985092,-0.985700,0.061686,0.143481
5.985189,-0.985592,0.061555,0.143479
5.985189,-0.985592,0.061555,0.143479
5.985281,-0.985483,0.061425,0.143474
5.985281,-0.985483,0.061425,0.143474
5.985368,-0.985372,0.061294,0.143470
5.985467,-0.985285,0.061122,0.143466
5.985654,-0.985107,0.060781,0.143457
5.985743,-0.985016,0.060612,0.143453
5.985743,-0.985016,0.060612,0.143453
5.985833,-0.984930,0.060413,0.143456
5.986005,-0.984754,0.059989,0.143450
5.986087,-0.984664,0.059780,0.143449
5.986087,-0.984664,0.059780,0.143449
5.986173,-0.984589,0.059554,0.143447
5.986173,-0.984589,0.059554,0.143447
5.986340,-0.984437,0.059109,0.143437
5.986420,-0.984358,0.058889,0.143436
5.986524,-0.984298,0.058608,0.143433
5.986627,-0.984236,0.058331,0.143429
5.986627,-0.984236,0.058331,0.143429
5.986829,-0.984110,0.057788,0.143413
5.986929,-0.984046,0.057522,0.143413
5.987033,-0.983998,0.057239,0.143420
5.987136,-0.983949,0.056961,0.143426
5.987239,-0.983900,0.056687,0.143427
5.987239,-0.983900,0.056687,0.143427
5.987432,-0.983814,0.056193,0.143431
5.987521,-0.983777,0.055941,0.143428
5.987610,-0.983741,0.055692,0.143415
5.987610,-0.983741,0.055692,0.143415
5.987610,-0.983741,0.055692,0.143415
5.987761,-0.983681,0.055176,0.143427
5.987822,-0.983659,0.054908,0.143432
5.987882,-0.983637,0.054635,0.143430
5.987943,-0.983616,0.054366,0.143431
5.987943,-0.983616,0.054366,0.143431
5.987970,-0.983602,0.054078,0.143441
5.988026,-0.983580,0.053514,0.143438
5.988055,-0.983570,0.053237,0.143439
5.988055,-0.983570,0.053237,0.143439
5.988055,-0.983570,0.053237,0.143439
5.988063,-0.983557,0.052930,0.143438
5.988072,-0.983546,0.052627,0.143431
5.988092,-0.983529,0.052015,0.143424
5.988099,-0.983523,0.051665,0.143420
5.988107,-0.983520,0.051321,0.143414
5.988107,-0.983520,0.051321,0.143414
5.988124,-0.983520,0.050649,0.143415
5.988121,-0.983522,0.050282,0.143411
5.988120,-0.983527,0.049928,0.143398
5.988119,-0.983534,0.049579,0.143396
5.988119,-0.983534,0.049579,0.143396
5.988102,-0.983531,0.048859,0.143382
5.988087,-0.983520,0.048490,0.143383
5.988073,-0.983512,0.048126,0.143376
5.988060,-0.983506,0.047767,0.143370
5.988060,-0.983506,0.047767,0.143370
5.988019,-0.983469,0.047028,0.143365
5.987991,-0.983437,0.046649,0.143356
5.987964,-0.983408,0.046276,0.143347
5.987938,-0.983382,0.045908,0.143338
5.987888,-0.983328,0.045527,0.143333
5.987888,-0.983328,0.045527,0.143333
5.987789,-0.983227,0.044783,0.143322
5.987741,-0.983181,0.044445,0.143324
5.987741,-0.983181,0.044445,0.143324
5.987685,-0.983121,0.044097,0.143318
5.987685,-0.983121,0.044097,0.143318
5.987575,-0.983010,0.043417,0.143311
5.987522,-0.982959,0.043084,0.143308
5.987458,-0.982912,0.042745,0.143309
5.987395,-0.982868,0.042412,0.143308
5.987333,-0.982827,0.042084,0.143302
5.987223,-0.982744,0.041442,0.143293
5.987176,-0.982702,0.041124,0.143299
5.987176,-0.982702,0.041124,0.143299
5.987128,-0.982662,0.040811,0.143295
5.987128,-0.982662,0.040811,0.143295
5.987066,-0.982590,0.040188,0.143293
5.987052,-0.982559,0.039878,0.143293
5.987038,-0.982530,0.039590,0.143292
5.987038,-0.982530,0.039590,0.143292
5.987024,-0.982503,0.039306,0.143293
5.987024,-0.982503,0.039306,0.143293
5.987039,-0.982427,0.038732,0.143290
5.987046,-0.982393,0.038452,0.143291
5.987054,-0.982361,0.038176,0.143299
5.987100,-0.982327,0.037888,0.143305
5.987100,-0.982327,0.037888,0.143305
5.987190,-0.982266,0.037323,0.143310
5.987235,-0.982239,0.037045,0.143309
5.987279,-0.982215,0.036772,0.143308
5.987279,-0.982215,0.036772,0.143308
5.987352,-0.982173,0.036474,0.143305
5.987352,-0.982173,0.036474,0.143305
5.987496,-0.982098,0.035895,0.143307
5.987568,-0.982065,0.035613,0.143304
5.987652,-0.982031,0.035312,0.143307
5.987652,-0.982031,0.035312,0.143307
5.987736,-0.982000,0.035017,0.143305
5.987736,-0.982000,0.035017,0.143305
5.987820,-0.981973,0.034727,0.143306
5.987820,-0.981973,0.034727,0.143306
5.987978,-0.981917,0.034129,0.143321
5.988052,-0.981888,0.033822,0.143316
5.988127,-0.981864,0.033521,0.143320
5.988127,-0.981864,0.033521,0.143320
5.988202,-0.981842,0.033224,0.143321
5.988341,-0.981791,0.032575,0.143325
5.988411,-0.981771,0.032259,0.143328
5.988411,-0.981771,0.032259,0.143328
5.988482,-0.981755,0.031949,0.143327
5.988482,-0.981755,0.031949,0.143327
5.988653,-0.981707,0.031304,0.143334
5.988740,-0.981689,0.030990,0.143337
5.988828,-0.981675,0.030701,0.143339
5.988927,-0.981641,0.030403,0.143347
5.989028,-0.981611,0.030111,0.143341
5.989130,-0.981585,0.029825,0.143340
5.989331,-0.981528,0.029250,0.143340
5.989331,-0.981528,0.029250,0.143340
5.989431,-0.981497,0.028962,0.143336
5.989635,-0.981446,0.028415,0.143334
5.989635,-0.981446,0.028415,0.143334
5.989800,-0.981396,0.027844,0.143342
5.989800,-0.981396,0.027844,0.143342
5.989884,-0.981376,0.027566,0.143348
5.989969,-0.981361,0.027292,0.143350
5.990120,-0.981339,0.026729,0.143351
5.990186,-0.981332,0.026454,0.143342
5.990252,-0.981328,0.026183,0.143345
5.990252,-0.981328,0.026183,0.143345
5.990375,-0.981309,0.025637,0.143360
5.990432,-0.981293,0.025361,0.143368
5.990489,-0.981279,0.025090,0.143372
5.990548,-0.981269,0.024822,0.143373
5.990548,-0.981269,0.024822,0.143373
5.990646,-0.981198,0.024303,0.143375
5.990696,-0.981165,0.024059,0.143375
5.990746,-0.981135,0.023818,0.143370
5.990772,-0.981083,0.023572,0.143364
5.990772,-0.981083,0.023572,0.143364
5.990826,-0.980982,0.023090,0.143368
5.990854,-0.980935,0.022853,0.143372
5.990862,-0.980892,0.022590,0.143370
5.990862,-0.980892,0.022590,0.143370
5.990870,-0.980851,0.022330,0.143369
5.990887,-0.980772,0.021820,0.143370
5.990868,-0.980741,0.021564,0.143371
5.990851,-0.980710,0.021311,0.143371
5.990834,-0.980680,0.021061,0.143378
5.990817,-0.980651,0.020813,0.143379
5.990764,-0.980615,0.020565,0.143378
5.990764,-0.980615,0.020565,0.143378
5.990657,-0.980545,0.020077,0.143376
5.990603,-0.980511,0.019836,0.143378
5.990445,-0.980434,0.019354,0.143374
5.990367,-0.980397,0.019117,0.143367
5.990288,-0.980360,0.018864,0.143356
5.990210,-0.980323,0.018613,0.143346
5.990210,-0.980323,0.018613,0.143346
5.990101,-0.980306,0.018359,0.143339
5.989992,-0.980289,0.018108,0.143340
5.989771,-0.980256,0.017614,0.143339
5.989771,-0.980256,0.017614,0.143339
5.989624,-0.980251,0.017374,0.143336
5.989476,-0.980246,0.017137,0.143332
5.989327,-0.980242,0.016896,0.143327
5.988997,-0.980234,0.016403,0.143309
5.988814,-0.980230,0.016149,0.143297
5.988814,-0.980230,0.016149,0.143297
5.988631,-0.980226,0.015899,0.143287
5.988000,-0.980239,0.015149,0.143259
5.988000,-0.980239,0.015149,0.143259
5.987774,-0.980247,0.014907,0.143242
5.987279,-0.980280,0.014431,0.143215
5.987010,-0.980305,0.014196,0.143205
5.987010,-0.980305,0.014196,0.143205
5.986737,-0.980329,0.013964,0.143192
5.986464,-0.980354,0.013734,0.143183
5.986464,-0.980354,0.013734,0.143183
5.985840,-0.980438,0.013279,0.143164
5.985524,-0.980479,0.013052,0.143151
5.985207,-0.980521,0.012827,0.143141
5.985207,-0.980521,0.012827,0.143141
5.984862,-0.980568,0.012608,0.143130
5.984169,-0.980660,0.012174,0.143101
5.983819,-0.980706,0.011959,0.143093
5.983452,-0.980751,0.011760,0.143074
5.983452,-0.980751,0.011760,0.143074
5.983083,-0.980795,0.011562,0.143056
5.982337,-0.980882,0.011172,0.143029
5.982337,-0.980882,0.011172,0.143029
5.981960,-0.980926,0.010980,0.143025
5.981586,-0.980965,0.010815,0.143010
5.981586,-0.980965,0.010815,0.143010
5.980831,-0.981041,0.010487,0.142986
5.980831,-0.981041,0.010487,0.142986
5.980084,-0.981103,0.010138,0.142960
5.979715,-0.981127,0.009979,0.142950
5.979344,-0.981150,0.009821,0.142927
5.979344,-0.981150,0.009821,0.142927
5.978618,-0.981193,0.009545,0.142895
5.978263,-0.981213,0.009426,0.142888
5.977905,-0.981232,0.009291,0.142874
5.977905,-0.981232,0.009291,0.142874
5.977544,-0.981250,0.009157,0.142867
5.976862,-0.981280,0.008950,0.142846
5.976516,-0.981294,0.008848,0.142840
5.976166,-0.981307,0.008746,0.142828
5.976166,-0.981307,0.008746,0.142828
5.975845,-0.981319,0.008673,0.142819
5.975845,-0.981319,0.008673,0.142819
5.975194,-0.981341,0.008543,0.142789
5.974864,-0.981350,0.008485,0.142779
5.974571,-0.981369,0.008449,0.142765
5.974571,-0.981369,0.008449,0.142765
5.974276,-0.981387,0.008413,0.142761
5.973676,-0.981419,0.008337,0.142748
5.973676,-0.981419,0.008337,0.142748
5.973397,-0.981430,0.008331,0.142739
5.973114,-0.981440,0.008355,0.142738
5.973114,-0.981440,0.008355,0.142738
5.972829,-0.981449,0.008375,0.142729
5.972283,-0.981469,0.008435,0.142718
5.972021,-0.981481,0.008475,0.142714
5.971756,-0.981492,0.008511,0.142714
5.971488,-0.981503,0.008545,0.142711
5.971488,-0.981503,0.008545,0.142711
5.971218,-0.981513,0.008577,0.142710
5.970755,-0.981539,0.008687,0.142706
5.970519,-0.981552,0.008738,0.142706
5.970280,-0.981565,0.008786,0.142700
5.970280,-0.981565,0.008786,0.142700
5.970075,-0.981571,0.008869,0.142698
5.969656,-0.981582,0.009025,0.142705
5.969442,-0.981588,0.009099,0.142707
5.969262,-0.981609,0.009183,0.142716
5.969262,-0.981609,0.009183,0.142716
5.969077,-0.981629,0.009264,0.142707
5.968890,-0.981651,0.009342,0.142710
5.968529,-0.981738,0.009492,0.142704
5.968355,-0.981804,0.009565,0.142709
5.967999,-0.981938,0.009723,0.142706
5.967850,-0.982037,0.009818,0.142709
5.967850,-0.982037,0.009818,0.142709
5.967697,-0.982137,0.009909,0.142716
5.967542,-0.982237,0.009997,0.142728
5.967542,-0.982237,0.009997,0.142728
5.967385,-0.982339,0.010083,0.142734
5.967173,-0.982577,0.010245,0.142751
5.967063,-0.982697,0.010332,0.142766
5.966950,-0.982818,0.010415,0.142769
5.966950,-0.982818,0.010415,0.142769
5.966832,-0.983074,0.010537,0.142786
5.966768,-0.983204,0.010593,0.142792
5.966702,-0.983334,0.010647,0.142797
5.966702,-0.983334,0.010647,0.142797
5.966696,-0.983499,0.010699,0.142804
5.966696,-0.983499,0.010699,0.142804
5.966675,-0.983832,0.010795,0.142826
5.966643,-0.984169,0.010881,0.142843
5.966643,-0.984169,0.010881,0.142843
5.966643,-0.984169,0.010881,0.142843
5.966656,-0.984372,0.010922,0.142854
5.966673,-0.984782,0.010997,0.142880
5.966678,-0.984988,0.011031,0.142889
5.966705,-0.985227,0.011077,0.142908
5.966729,-0.985466,0.011120,0.142923
5.966750,-0.985706,0.011160,0.142943
5.966750,-0.985706,0.011160,0.142943
5.966814,-0.986201,0.011233,0.142970
5.966856,-0.986455,0.011266,0.142982
5.966895,-0.986710,0.011297,0.142990
5.967001,-0.987224,0.011351,0.143013
5.967068,-0.987484,0.011375,0.143027
5.967068,-0.987484,0.011375,0.143027
5.967132,-0.987744,0.011395,0.143039
5.967193,-0.988006,0.011413,0.143046
5.967388,-0.988530,0.011446,0.143082
5.967480,-0.988794,0.011458,0.143097
5.967569,-0.989059,0.011468,0.143108
5.967569,-0.989059,0.011468,0.143108
5.967681,-0.989331,0.011472,0.143130
5.967895,-0.989877,0.011472,0.143156
5.967997,-0.990151,0.011467,0.143167
5.968105,-0.990414,0.011469,0.143179
5.968105,-0.990414,0.011469,0.143179
5.968211,-0.990678,0.011469,0.143191
5.968211,-0.990678,0.011469,0.143191
5.968412,-0.991212,0.011462,0.143232
5.968507,-0.991448,0.011478,0.143246
5.968600,-0.991686,0.011491,0.143256
5.968689,-0.991926,0.011501,0.143264
5.968776,-0.992168,0.011509,0.143276
5.968776,-0.992168,0.011509,0.143276
5.969021,-0.992831,0.011554,0.143306
5.969021,-0.992831,0.011554,0.143306
5.969097,-0.993044,0.011570,0.143317
5.969097,-0.993044,0.011570,0.143317
5.969240,-0.993437,0.011613,0.143334
5.969371,-0.993801,0.011663,0.143358
5.969371,-0.993801,0.011663,0.143358
5.969432,-0.993986,0.011685,0.143364
5.969487,-0.994135,0.011727,0.143371
5.969587,-0.994442,0.011859,0.143381
5.969633,-0.994598,0.011920,0.143380
5.969633,-0.994598,0.011920,0.143380
5.969668,-0.994708,0.011995,0.143379
5.969730,-0.994936,0.012135,0.143395
5.969757,-0.995053,0.012199,0.143404
5.969793,-0.995141,0.012278,0.143412
5.969793,-0.995141,0.012278,0.143412
5.969827,-0.995231,0.012353,0.143416
5.969885,-0.995417,0.012491,0.143426
5.969898,-0.995479,0.012566,0.143423
5.969909,-0.995543,0.012637,0.143420
5.969909,-0.995543,0.012637,0.143420
5.969916,-0.995610,0.012703,0.143416
5.969916,-0.995610,0.012703,0.143416
5.969917,-0.995706,0.012856,0.143421
5.969910,-0.995736,0.012941,0.143417
5.969901,-0.995769,0.013022,0.143406
5.969888,-0.995804,0.013099,0.143401
5.969888,-0.995804,0.013099,0.143401
5.969866,-0.995837,0.013240,0.143395
5.969851,-0.995856,0.013305,0.143389
5.969832,-0.995877,0.013366,0.143387
5.969810,-0.995901,0.013424,0.143385
5.969810,-0.995901,0.013424,0.143385
5.969783,-0.995881,0.013508,0.143379
5.969766,-0.995875,0.013544,0.143378
5.969745,-0.995872,0.013578,0.143372
5.969745,-0.995872,0.013578,0.143372
5.969734,-0.995841,0.013612,0.143366
5.969701,-0.995789,0.013672,0.143361
5.969681,-0.995766,0.013697,0.143354
5.969662,-0.995722,0.013727,0.143359
5.969662,-0.995722,0.013727,0.143359
5.969640,-0.995681,0.013754,0.143356
5.969615,-0.995642,0.013778,0.143351
5.969556,-0.995550,0.013829,0.143339
5.969521,-0.995496,0.013858,0.143346
5.969521,-0.995496,0.013858,0.143346
5.969484,-0.995445,0.013885,0.143340
5.969387,-0.995341,0.013948,0.143337
5.969326,-0.995288,0.013983,0.143339
5.969263,-0.995238,0.014015,0.143334
5.969263,-0.995238,0.014015,0.143334
5.969197,-0.995191,0.014045,0.143327
5.969000,-0.995097,0.014140,0.143303
5.968898,-0.995054,0.014188,0.143293
5.968793,-0.995014,0.014232,0.143289
5.968793,-0.995014,0.014232,0.143289
5.968659,-0.994976,0.014289,0.143281
5.968523,-0.994941,0.014343,0.143275
5.968242,-0.994879,0.014441,0.143268
5.968075,-0.994847,0.014532,0.143271
5.967905,-0.994818,0.014618,0.143267
5.967905,-0.994818,0.014618,0.143267
5.967559,-0.994766,0.014780,0.143262
5.967383,-0.994743,0.014855,0.143253
5.967180,-0.994722,0.014946,0.143248
5.966974,-0.994703,0.015033,0.143240
5.966766,-0.994686,0.015116,0.143235
5.966766,-0.994686,0.015116,0.143235
5.966556,-0.994673,0.015201,0.143228
5.966099,-0.994623,0.015409,0.143214
5.965868,-0.994603,0.015507,0.143205
5.965868,-0.994603,0.015507,0.143205
5.965390,-0.994563,0.015706,0.143195
5.965144,-0.994543,0.015807,0.143176
5.964895,-0.994526,0.015904,0.143167
5.964644,-0.994511,0.015998,0.143157
5.964414,-0.994497,0.016105,0.143147
5.963959,-0.994473,0.016313,0.143144
5.963738,-0.994463,0.016417,0.143133
5.963738,-0.994463,0.016417,0.143133
5.963540,-0.994476,0.016529,0.143132
5.963349,-0.994488,0.016645,0.143125
5.962997,-0.994513,0.016907,0.143107
5.962873,-0.994525,0.017058,0.143100
5.962873,-0.994525,0.017058,0.143100
5.962764,-0.994536,0.017216,0.143098
5.962668,-0.994546,0.017380,0.143093
5.962589,-0.994556,0.017552,0.143100
5.962535,-0.994609,0.017948,0.143090
5.962535,-0.994609,0.017948,0.143090
5.962536,-0.994633,0.018157,0.143084
5.962556,-0.994656,0.018376,0.143078
5.962739,-0.994754,0.018859,0.143066
5.962863,-0.994801,0.019116,0.143071
5.962863,-0.994801,0.019116,0.143071
5.963011,-0.994845,0.019383,0.143072
5.963182,-0.994887,0.019661,0.143073
5.963699,-0.994999,0.020293,0.143067
5.963993,-0.995050,0.020626,0.143054
5.964310,-0.995095,0.020972,0.143016
5.964310,-0.995095,0.020972,0.143016
5.965114,-0.995186,0.021746,0.142802
5.965539,-0.995223,0.022156,0.142593
5.965980,-0.995254,0.022591,0.142300
5.966489,-0.995285,0.023067,0.141886
5.966489,-0.995285,0.023067,0.141886
5.967561,-0.995337,0.024059,0.140668
5.968128,-0.995357,0.024575,0.139872
5.968781,-0.995363,0.025122,0.138933
5.969460,-0.995365,0.025682,0.137866
5.969460,-0.995365,0.025682,0.137866
5.970167,-0.995362,0.026255,0.136688
5.970903,-0.995355,0.026842,0.135380
5.972597,-0.995319,0.028101,0.132423
5.972597,-0.995319,0.028101,0.132423
5.973494,-0.995291,0.028749,0.130775
5.975473,-0.995221,0.030113,0.127143
5.976557,-0.995177,0.030830,0.125160
5.977678,-0.995126,0.031562,0.123086
5.978835,-0.995068,0.032310,0.120900
5.978835,-0.995068,0.032310,0.120900
5.980111,-0.994999,0.033106,0.118622
5.982774,-0.994841,0.034747,0.113777
5.984160,-0.994751,0.035594,0.111221
5.984160,-0.994751,0.035594,0.111221
5.985685,-0.994651,0.036483,0.108582
5.988839,-0.994430,0.038323,0.103065
5.990468,-0.994309,0.039274,0.100193
5.990468,-0.994309,0.039274,0.100193
5.992130,-0.994184,0.040245,0.097241
5.993931,-0.994048,0.041248,0.094204
5.993931,-0.994048,0.041248,0.094204
5.997624,-0.993758,0.043316,0.087920
5.999516,-0.993603,0.044382,0.084694
6.001528,-0.993446,0.045510,0.081411
6.003568,-0.993283,0.046659,0.078070
6.005633,-0.993115,0.047831,0.074687
6.005633,-0.993115,0.047831,0.074687
6.009909,-0.992779,0.050262,0.067760
6.012115,-0.992613,0.051522,0.064196
6.014340,-0.992443,0.052805,0.060597
6.014340,-0.992443,0.052805,0.060597
6.016586,-0.992270,0.054111,0.056962
6.021253,-0.991935,0.056840,0.049607
6.023610,-0.991764,0.058239,0.045891
6.025980,-0.991591,0.059661,0.042154
6.025980,-0.991591,0.059661,0.042154
6.030886,-0.991247,0.062600,0.034633
6.033355,-0.991074,0.064105,0.030830
6.035832,-0.990902,0.065633,0.027016
6.035832,-0.990902,0.065633,0.027016
6.038390,-0.990745,0.067192,0.023196
6.043522,-0.990432,0.070382,0.015539
6.046093,-0.990278,0.072012,0.011712
6.048721,-0.990152,0.073671,0.007899
6.048721,-0.990152,0.073671,0.007899
6.051351,-0.990027,0.075354,0.004066
6.053980,-0.989907,0.077060,0.000248
6.056608,-0.989789,0.078790,-0.003543
6.061979,-0.989571,0.082351,-0.011086
6.064658,-0.989467,0.084166,-0.014831
6.067331,-0.989366,0.086003,-0.018545
6.067331,-0.989366,0.086003,-0.018545
6.072713,-0.989180,0.089738,-0.025889
6.075421,-0.989096,0.091645,-0.029522
6.075421,-0.989096,0.091645,-0.029522
6.078118,-0.989016,0.093575,-0.033097
6.080805,-0.988941,0.095526,-0.036631
6.083524,-0.988885,0.097490,-0.040119
6.088924,-0.988789,0.101482,-0.047006
6.088924,-0.988789,0.101482,-0.047006
6.091604,-0.988749,0.103509,-0.050384
6.094304,-0.988713,0.105543,-0.053708
6.099656,-0.988659,0.109694,-0.060202
6.102308,-0.988640,0.111800,-0.063357
6.104961,-0.988629,0.113938,-0.066455
6.104961,-0.988629,0.113938,-0.066455
6.110212,-0.988627,0.118273,-0.072478
6.112810,-0.988635,0.120469,-0.075407
6.115402,-0.988669,0.122692,-0.078269
6.117973,-0.988709,0.124933,-0.081087
6.123052,-0.988807,0.129470,-0.086532
6.125557,-0.988880,0.131772,-0.089160
6.125557,-0.988880,0.131772,-0.089160
6.128041,-0.988958,0.134092,-0.091736
6.130502,-0.989043,0.136429,-0.094247
6.130502,-0.989043,0.136429,-0.094247
6.135328,-0.989230,0.141172,-0.099051
6.137693,-0.989332,0.143577,-0.101358
6.140034,-0.989440,0.145999,-0.103601
6.140034,-0.989440,0.145999,-0.103601
6.144607,-0.989668,0.150904,-0.107843
6.144607,-0.989668,0.150904,-0.107843
6.146840,-0.989788,0.153386,-0.109889
6.151227,-0.990045,0.158408,-0.113762
6.151227,-0.990045,0.158408,-0.113762
6.153380,-0.990182,0.160946,-0.115595
6.155468,-0.990306,0.163515,-0.117354
6.159565,-0.990573,0.168694,-0.120647
6.161572,-0.990713,0.171303,-0.122190
6.161572,-0.990713,0.171303,-0.122190
6.163536,-0.990865,0.173959,-0.123709
6.163536,-0.990865,0.173959,-0.123709
6.165471,-0.991022,0.176627,-0.125159
6.167377,-0.991184,0.179315,-0.126537
6.171084,-0.991513,0.184748,-0.129090
6.172884,-0.991681,0.187491,-0.130265
6.172884,-0.991681,0.187491,-0.130265
6.174655,-0.991854,0.190243,-0.131366
6.178088,-0.992209,0.195781,-0.133356
6.179750,-0.992391,0.198567,-0.134328
6.181382,-0.992578,0.201361,-0.135229
6.182984,-0.992770,0.204163,-0.136066
6.186034,-0.993156,0.209824,-0.137520
6.187514,-0.993356,0.212665,-0.138153
6.187514,-0.993356,0.212665,-0.138153
6.188963,-0.993560,0.215513,-0.138715
6.188963,-0.993560,0.215513,-0.138715
6.191689,-0.993934,0.221285,-0.139652
6.193007,-0.994127,0.224181,-0.140111
6.194294,-0.994324,0.227082,-0.140508
6.194294,-0.994324,0.227082,-0.140508
6.195491,-0.994472,0.230000,-0.140839
6.197793,-0.994780,0.235851,-0.141314
6.198898,-0.994940,0.238783,-0.141462
6.199913,-0.995045,0.241719,-0.141550
6.199913,-0.995045,0.241719,-0.141550
6.200896,-0.995155,0.244660,-0.141573
6.201850,-0.995268,0.247605,-0.141539
6.201850,-0.995268,0.247605,-0.141539
6.203669,-0.995506,0.253503,-0.141486
6.204478,-0.995572,0.256440,-0.141376
6.204478,-0.995572,0.256440,-0.141376
6.205258,-0.995643,0.259380,-0.141208
6.206008,-0.995718,0.262322,-0.140986
6.206730,-0.995797,0.265276,-0.140712
6.207961,-0.995843,0.271163,-0.140006
6.208534,-0.995873,0.274109,-0.139669
6.208534,-0.995873,0.274109,-0.139669
6.209966,-0.995854,0.282960,-0.138365
6.210368,-0.995834,0.285922,-0.137834
6.210368,-0.995834,0.285922,-0.137834
6.210742,-0.995818,0.288885,-0.137258
6.211329,-0.995677,0.294790,-0.135994
6.211582,-0.995611,0.297744,-0.135290
6.211809,-0.995549,0.300699,-0.134631
6.211809,-0.995549,0.300699,-0.134631
6.211979,-0.995428,0.303636,-0.133928
6.212124,-0.995311,0.306574,-0.133202
6.212337,-0.995088,0.312449,-0.131625
6.212399,-0.994920,0.315353,-0.130777
6.212434,-0.994758,0.318257,-0.129900
6.212431,-0.994443,0.324067,-0.128032
6.212380,-0.994235,0.326959,-0.127129
6.212304,-0.994032,0.329850,-0.126200
6.212204,-0.993832,0.332741,-0.125229
6.212204,-0.993832,0.332741,-0.125229
6.212080,-0.993636,0.335631,-0.124224
6.212080,-0.993636,0.335631,-0.124224
6.211740,-0.993118,0.341380,-0.122147
6.211535,-0.992866,0.344253,-0.121073
6.211308,-0.992618,0.347126,-0.119973
6.211058,-0.992373,0.349998,-0.118843
6.210477,-0.991769,0.355720,-0.116642
6.210155,-0.991473,0.358581,-0.115507
6.210155,-0.991473,0.358581,-0.115507
6.209812,-0.991181,0.361440,-0.114356
6.209026,-0.990485,0.367121,-0.112008
6.208603,-0.990144,0.369960,-0.110808
6.208161,-0.989805,0.372799,-0.109590
6.207682,-0.989414,0.375622,-0.108411
6.206668,-0.988644,0.381268,-0.106034
6.206134,-0.988266,0.384089,-0.104821
6.205576,-0.987858,0.386895,-0.103590
6.205000,-0.987453,0.389700,-0.102354
6.203796,-0.986658,0.395308,-0.099843
6.203176,-0.986242,0.398103,-0.098567
6.202540,-0.985830,0.400897,-0.097329
6.201887,-0.985423,0.403690,-0.096079
6.201887,-0.985423,0.403690,-0.096079
6.200535,-0.984587,0.409273,-0.093561
6.199838,-0.984157,0.412062,-0.092309
6.199125,-0.983733,0.414851,-0.091047
6.198398,-0.983312,0.417638,-0.089775
6.198398,-0.983312,0.417638,-0.089775
6.197651,-0.982863,0.420416,-0.088491
6.196117,-0.981978,0.425967,-0.085977
6.195329,-0.981542,0.428742,-0.084736
6.194510,-0.981071,0.431498,-0.083490
6.194510,-0.981071,0.431498,-0.083490
6.192830,-0.980144,0.437015,-0.081031
6.191970,-0.979689,0.439776,-0.079794
6.191100,-0.979239,0.442535,-0.078555
6.191100,-0.979239,0.442535,-0.078555
6.190204,-0.978780,0.445261,-0.077313
6.188377,-0.977874,0.450710,-0.074869
6.187447,-0.977429,0.453434,-0.073661
6.186487,-0.977001,0.456109,-0.072452
6.186487,-0.977001,0.456109,-0.072452
6.185516,-0.976579,0.458785,-0.071249
6.184536,-0.976162,0.461461,-0.070039
6.182515,-0.975367,0.466758,-0.067635
6.181476,-0.974988,0.469381,-0.066440
6.180428,-0.974613,0.472005,-0.065269
6.179370,-0.974244,0.474629,-0.064094
6.177195,-0.973582,0.479779,-0.061773
6.176095,-0.973259,0.482356,-0.060613
6.174985,-0.972940,0.484933,-0.059460
6.174985,-0.972940,0.484933,-0.059460
6.171610,-0.972115,0.492557,-0.056012
6.170469,-0.971849,0.495132,-0.054903
6.170469,-0.971849,0.495132,-0.054903
6.169319,-0.971613,0.497675,-0.053799
6.168161,-0.971381,0.500219,-0.052691
6.165826,-0.970935,0.505313,-0.050509
6.164643,-0.970739,0.507835,-0.049431
6.164643,-0.970739,0.507835,-0.049431
6.163452,-0.970549,0.510360,-0.048352
6.163452,-0.970549,0.510360,-0.048352
6.161053,-0.970183,0.515429,-0.046234
6.159850,-0.970019,0.517962,-0.045204
6.158642,-0.969859,0.520497,-0.044192
6.157428,-0.969705,0.523033,-0.043192
6.156209,-0.969557,0.525570,-0.042197
6.156209,-0.969557,0.525570,-0.042197
6.153768,-0.969279,0.530630,-0.040258
6.152546,-0.969149,0.533152,-0.039319
6.151319,-0.969024,0.535676,-0.038394
6.148864,-0.968766,0.540693,-0.036591
6.147637,-0.968634,0.543186,-0.035726
6.146406,-0.968508,0.545681,-0.034882
6.145172,-0.968388,0.548177,-0.034055
6.145172,-0.968388,0.548177,-0.034055
6.142727,-0.968151,0.553111,-0.032451
6.140271,-0.967937,0.558052,-0.030932
6.140271,-0.967937,0.558052,-0.030932
6.139042,-0.967836,0.560490,-0.030205
6.139042,-0.967836,0.560490,-0.030205
6.136578,-0.967653,0.565374,-0.028825
6.135342,-0.967570,0.567820,-0.028152
6.134111,-0.967492,0.570230,-0.027491
6.134111,-0.967492,0.570230,-0.027491
6.132879,-0.967419,0.572643,-0.026865
6.132879,-0.967419,0.572643,-0.026865
6.131645,-0.967352,0.575058,-0.026251
6.130410,-0.967290,0.577477,-0.025662
6.127951,-0.967185,0.582304,-0.024533
6.126719,-0.967141,0.584722,-0.024005
6.126719,-0.967141,0.584722,-0.024005
6.124261,-0.967050,0.589545,-0.022989
6.121808,-0.966964,0.594359,-0.022072
6.121808,-0.966964,0.594359,-0.022072
6.120580,-0.966929,0.596769,-0.021638
6.118185,-0.966839,0.601516,-0.020832
6.118185,-0.966839,0.601516,-0.020832
6.116986,-0.966802,0.603894,-0.020455
6.115786,-0.966769,0.606274,-0.020102
6.114585,-0.966742,0.608658,-0.019760
6.114585,-0.966742,0.608658,-0.019760
6.112247,-0.966637,0.613341,-0.019135
6.111076,-0.966592,0.615687,-0.018857
6.109906,-0.966551,0.618036,-0.018598
6.108768,-0.966482,0.620331,-0.018356
6.108768,-0.966482,0.620331,-0.018356
6.106492,-0.966356,0.624933,-0.017934
6.105353,-0.966301,0.627239,-0.017740
6.104252,-0.966233,0.629510,-0.017577
6.104252,-0.966233,0.629510,-0.017577
6.103151,-0.966171,0.631785,-0.017421
6.102049,-0.966114,0.634064,-0.017279
6.100948,-0.966061,0.636346,-0.017153
6.098778,-0.965942,0.640854,-0.016932
6.097694,-0.965890,0.643114,-0.016841
6.096611,-0.965844,0.645378,-0.016756
6.095533,-0.965791,0.647622,-0.016691
6.094457,-0.965743,0.649872,-0.016632
6.094457,-0.965743,0.649872,-0.016632
6.092305,-0.965664,0.654380,-0.016573
6.091222,-0.965628,0.656631,-0.016553
6.089058,-0.965572,0.661142,-0.016550
6.087978,-0.965552,0.663403,-0.016553
6.087978,-0.965552,0.663403,-0.016553
6.086896,-0.965521,0.665653,-0.016571
6.084735,-0.965476,0.670163,-0.016655
6.083657,-0.965461,0.672422,-0.016706
6.082574,-0.965452,0.674677,-0.016771
6.081491,-0.965448,0.676935,-0.016837
6.081491,-0.965448,0.676935,-0.016837
6.080411,-0.965449,0.679195,-0.016911
6.078254,-0.965466,0.683721,-0.017068
6.077177,-0.965497,0.685968,-0.017160
6.076100,-0.965533,0.688217,-0.017252
6.075026,-0.965574,0.690469,-0.017354
6.075026,-0.965574,0.690469,-0.017354
6.072870,-0.965689,0.695018,-0.017585
6.071790,-0.965763,0.697297,-0.017697
6.070711,-0.965842,0.699576,-0.017813
6.070711,-0.965842,0.699576,-0.017813
6.068570,-0.966031,0.704142,-0.018066
6.067507,-0.966142,0.706430,-0.018188
6.066447,-0.966258,0.708721,-0.018322
6.065388,-0.966378,0.711011,-0.018453
6.065388,-0.966378,0.711011,-0.018453
6.062254,-0.966777,0.717960,-0.018847
6.062254,-0.966777,0.717960,-0.018847
6.061213,-0.966920,0.720275,-0.018990
6.060168,-0.967068,0.722635,-0.019129
6.058084,-0.967380,0.727361,-0.019408
6.057045,-0.967542,0.729727,-0.019555
6.056013,-0.967703,0.732154,-0.019700
6.056013,-0.967703,0.732154,-0.019700
6.054984,-0.967869,0.734577,-0.019847
6.053957,-0.968039,0.736996,-0.020002
6.051913,-0.968389,0.741878,-0.020299
6.050897,-0.968568,0.744340,-0.020450
6.049882,-0.968752,0.746796,-0.020598
6.049882,-0.968752,0.746796,-0.020598
6.048871,-0.968940,0.749247,-0.020741
6.047879,-0.969123,0.751722,-0.020881
6.045904,-0.969504,0.756652,-0.021181
6.045904,-0.969504,0.756652,-0.021181
6.044920,-0.969700,0.759108,-0.021329
6.044920,-0.969700,0.759108,-0.021329
6.041970,-0.970280,0.766490,-0.021800
6.040990,-0.970476,0.768945,-0.021946
6.040990,-0.970476,0.768945,-0.021946
6.040014,-0.970676,0.771392,-0.022100
6.038049,-0.971067,0.776282,-0.022401
6.037073,-0.971268,0.778714,-0.022548
6.036099,-0.971473,0.781160,-0.022704
6.036099,-0.971473,0.781160,-0.022704
6.035125,-0.971656,0.783597,-0.022848
6.033187,-0.972035,0.788446,-0.023131
6.032225,-0.972230,0.790857,-0.023273
6.031240,-0.972416,0.793243,-0.023404
6.031240,-0.972416,0.793243,-0.023404
6.030261,-0.972605,0.795620,-0.023541
6.029285,-0.972798,0.797988,-0.023680
6.028313,-0.972994,0.800356,-0.023812
6.028313,-0.972994,0.800356,-0.023812
6.026354,-0.973396,0.805021,-0.024072
6.025381,-0.973603,0.807340,-0.024197
6.024412,-0.973812,0.809650,-0.024321
6.023448,-0.974012,0.811943,-0.024440
6.021532,-0.974420,0.816501,-0.024662
6.021532,-0.974420,0.816501,-0.024662
6.020580,-0.974629,0.818767,-0.024779
6.018691,-0.975005,0.823227,-0.024995
6.017754,-0.975199,0.825445,-0.025097
6.016820,-0.975396,0.827654,-0.025194
6.016820,-0.975396,0.827654,-0.025194
6.015894,-0.975579,0.829835,-0.025286
6.014973,-0.975764,0.832007,-0.025374
6.014057,-0.975953,0.834171,-0.025465
6.012238,-0.976339,0.838473,-0.025630
6.011335,-0.976522,0.840584,-0.025698
6.011335,-0.976522,0.840584,-0.025698
6.009546,-0.976896,0.844780,-0.025841
6.008659,-0.977088,0.846866,-0.025896
6.007771,-0.977294,0.848938,-0.025953
6.007771,-0.977294,0.848938,-0.025953
6.006887,-0.977502,0.851002,-0.026007
6.006010,-0.977713,0.853057,-0.026057
6.004274,-0.978137,0.857094,-0.026143
6.003416,-0.978351,0.859075,-0.026175
6.002563,-0.978567,0.861050,-0.026215
6.002563,-0.978567,0.861050,-0.026215
6.000890,-0.979014,0.864928,-0.026274
6.000071,-0.979244,0.866833,-0.026286
5.999256,-0.979477,0.868732,-0.026297
5.998447,-0.979712,0.870625,-0.026306
5.998447,-0.979712,0.870625,-0.026306
5.996860,-0.980195,0.874289,-0.026310
5.996075,-0.980441,0.876114,-0.026306
5.995296,-0.980689,0.877932,-0.026297
5.994532,-0.980928,0.879680,-0.026274
5.994532,-0.980928,0.879680,-0.026274
5.993021,-0.981411,0.883163,-0.026222
5.992275,-0.981655,0.884899,-0.026190
5.991524,-0.981888,0.886570,-0.026155
5.990780,-0.982123,0.888239,-0.026114
5.990780,-0.982123,0.888239,-0.026114
5.989310,-0.982596,0.891569,-0.026019
5.988575,-0.982823,0.893171,-0.025969
5.987845,-0.983052,0.894772,-0.025908
5.987845,-0.983052,0.894772,-0.025908
5.987122,-0.983283,0.896372,-0.025840
5.986405,-0.983514,0.897970,-0.025778
5.984987,-0.983975,0.901110,-0.025639
5.984286,-0.984205,0.902668,-0.025566
5.983592,-0.984435,0.904224,-0.025492
5.982904,-0.984665,0.905781,-0.025412
5.982220,-0.984889,0.907292,-0.025331
5.980872,-0.985339,0.910317,-0.025136
5.980872,-0.985339,0.910317,-0.025136
5.980207,-0.985564,0.911830,-0.025031
5.979535,-0.985803,0.913300,-0.024928
5.978209,-0.986281,0.916251,-0.024718
5.977556,-0.986520,0.917729,-0.024611
5.976895,-0.986778,0.919161,-0.024513
5.976895,-0.986778,0.919161,-0.024513
5.975595,-0.987295,0.922031,-0.024283
5.974954,-0.987553,0.923469,-0.024164
5.974300,-0.987822,0.924863,-0.024042
5.973654,-0.988090,0.926260,-0.023921
5.973654,-0.988090,0.926260,-0.023921
5.971720,-0.988893,0.930418,-0.023558
5.971066,-0.989161,0.931778,-0.023438
5.971066,-0.989161,0.931778,-0.023438
5.970419,-0.989429,0.933141,-0.023304
5.969134,-0.989959,0.935835,-0.023040
5.969134,-0.989959,0.935835,-0.023040
5.967865,-0.990483,0.938503,-0.022766
5.967240,-0.990744,0.939842,-0.022626
5.966612,-0.991005,0.941144,-0.022494
5.966612,-0.991005,0.941144,-0.022494
5.965991,-0.991266,0.942451,-0.022358
5.964767,-0.991786,0.945078,-0.022082
5.964767,-0.991786,0.945078,-0.022082
5.964165,-0.992045,0.946397,-0.021942
5.962939,-0.992533,0.948988,-0.021656
5.962336,-0.992776,0.950290,-0.021510
5.961740,-0.993016,0.951596,-0.021358
5.961740,-0.993016,0.951596,-0.021358
5.961114,-0.993238,0.952874,-0.021214
5.960495,-0.993459,0.954157,-0.021066
5.959882,-0.993680,0.955445,-0.020923
5.959882,-0.993680,0.955445,-0.020923
5.958656,-0.994100,0.958009,-0.020613
5.958043,-0.994300,0.959284,-0.020458
5.957436,-0.994498,0.960564,-0.020307
5.956213,-0.994873,0.963130,-0.020008
5.955596,-0.995049,0.964416,-0.019857
5.955596,-0.995049,0.964416,-0.019857
5.954986,-0.995224,0.965707,-0.019707
5.954986,-0.995224,0.965707,-0.019707
5.953768,-0.995556,0.968296,-0.019402
5.953161,-0.995711,0.969595,-0.019254
5.952560,-0.995864,0.970899,-0.019095
5.951965,-0.996017,0.972207,-0.018933
5.951965,-0.996017,0.972207,-0.018933
5.950765,-0.996323,0.974780,-0.018622
5.949590,-0.996624,0.977371,-0.018304
5.949590,-0.996624,0.977371,-0.018304
5.948986,-0.996783,0.978641,-0.018146
5.948986,-0.996783,0.978641,-0.018146
5.948388,-0.996940,0.979916,-0.017986
5.947212,-0.997251,0.982478,-0.017678
5.946624,-0.997404,0.983742,-0.017535
5.946043,-0.997555,0.985011,-0.017388
5.946043,-0.997555,0.985011,-0.017388
5.944900,-0.997851,0.987563,-0.017082
5.943783,-0.998141,0.990101,-0.016786
5.943783,-0.998141,0.990101,-0.016786
5.943783,-0.998141,0.990101,-0.016786
5.943235,-0.998282,0.991361,-0.016639
5.942693,-0.998421,0.992625,-0.016490
5.941623,-0.998686,0.995154,-0.016193
5.941094,-0.998811,0.996413,-0.016042
5.941094,-0.998811,0.996413,-0.016042
5.940572,-0.998934,0.997677,-0.015893
5.939557,-0.999175,1.000190,-0.015608
5.939062,-0.999291,1.001440,-0.015465
5.938574,-0.999406,1.002695,-0.015318
5.938092,-0.999520,1.003953,-0.015174
5.938092,-0.999520,1.003953,-0.015174
5.937181,-0.999733,1.006425,-0.014888
5.936734,-0.999837,1.007666,-0.014751
5.936294,-0.999940,1.008912,-0.014614
5.935887,-1.000037,1.010162,-0.014473
5.935887,-1.000037,1.010162,-0.014473
5.935091,-1.000230,1.012676,-0.014206
5.934701,-1.000324,1.013939,-0.014063
5.934337,-1.000423,1.015202,-0.013924
5.933978,-1.000521,1.016469,-0.013789
5.933978,-1.000521,1.016469,-0.013789
5.933277,-1.000711,1.019012,-0.013529
5.932943,-1.000803,1.020275,-0.013401
5.932615,-1.000895,1.021556,-0.013276
5.932292,-1.000985,1.022840,-0.013155
5.932292,-1.000985,1.022840,-0.013155
5.931975,-1.001073,1.024126,-0.013033
5.931363,-1.001283,1.026700,-0.012790
5.931065,-1.001386,1.027989,-0.012681
5.930773,-1.001486,1.029280,-0.012577
5.930773,-1.001486,1.029280,-0.012577
5.930486,-1.001585,1.030573,-0.012467
5.929969,-1.001805,1.033153,-0.012268
5.929718,-1.001913,1.034445,-0.012172
5.929474,-1.002019,1.035739,-0.012074
5.929474,-1.002019,1.035739,-0.012074
5.929260,-1.002134,1.037026,-0.011981
5.928846,-1.002358,1.039606,-0.011798
5.928648,-1.002468,1.040897,-0.011719
5.928470,-1.002579,1.042176,-0.011633
5.928129,-1.002798,1.044736,-0.011480
5.927965,-1.002905,1.046017,-0.011397
5.927822,-1.003027,1.047277,-0.011314
5.927822,-1.003027,1.047277,-0.011314
5.927682,-1.003148,1.048539,-0.011239
5.927547,-1.003267,1.049801,-0.011171
5.927417,-1.003384,1.051063,-0.011106
5.927184,-1.003648,1.053536,-0.010984
5.927184,-1.003648,1.053536,-0.010984
5.927074,-1.003777,1.054774,-0.010926
5.926882,-1.004043,1.057225,-0.010811
5.926800,-1.004178,1.058439,-0.010753
5.926723,-1.004311,1.059654,-0.010703
5.926723,-1.004311,1.059654,-0.010703
5.926649,-1.004442,1.060870,-0.010651
5.926649,-1.004442,1.060870,-0.010651
5.926572,-1.004742,1.063287,-0.010572
5.926540,-1.004888,1.064497,-0.010532
5.926511,-1.005034,1.065707,-0.010496
5.926509,-1.005200,1.066897,-0.010458
5.926509,-1.005200,1.066897,-0.010458
5.926511,-1.005364,1.068087,-0.010422
5.926526,-1.005686,1.070468,-0.010372
5.926538,-1.005844,1.071659,-0.010345
5.926538,-1.005844,1.071659,-0.010345
5.926578,-1.006032,1.072835,-0.010323
5.926665,-1.006401,1.075191,-0.010295
5.926714,-1.006583,1.076368,-0.010287
5.926772,-1.006786,1.077520,-0.010267
5.926772,-1.006786,1.077520,-0.010267
5.926834,-1.006986,1.078672,-0.010258
5.926899,-1.007183,1.079826,-0.010252
5.927042,-1.007594,1.082105,-0.010250
5.927042,-1.007594,1.082105,-0.010250
5.927120,-1.007806,1.083230,-0.010257
5.927200,-1.008016,1.084357,-0.010262
5.927373,-1.008434,1.086581,-0.010287
5.927466,-1.008642,1.087680,-0.010294
5.927562,-1.008848,1.088779,-0.010295
5.927562,-1.008848,1.088779,-0.010295
5.927660,-1.009050,1.089878,-0.010309
5.927841,-1.009456,1.092015,-0.010325
5.927935,-1.009655,1.093086,-0.010340
5.928031,-1.009852,1.094167,-0.010347
5.928113,-1.010055,1.095216,-0.010357
5.928113,-1.010055,1.095216,-0.010357
5.928284,-1.010455,1.097318,-0.010382
5.928373,-1.010652,1.098371,-0.010388
5.928446,-1.010862,1.099397,-0.010400
5.928446,-1.010862,1.099397,-0.010400
5.928523,-1.011070,1.100425,-0.010430
5.928602,-1.011275,1.101455,-0.010447
5.928758,-1.011682,1.103483,-0.010483
5.928758,-1.011682,1.103483,-0.010483
5.928836,-1.011885,1.104481,-0.010496
5.928916,-1.012085,1.105481,-0.010508
5.928999,-1.012282,1.106483,-0.010515
5.928999,-1.012282,1.106483,-0.010515
5.929176,-1.012664,1.108454,-0.010527
5.929270,-1.012848,1.109431,-0.010526
5.929366,-1.013030,1.110409,-0.010533
5.929366,-1.013030,1.110409,-0.010533
5.929566,-1.013379,1.112337,-0.010546
5.929670,-1.013546,1.113288,-0.010555
5.929670,-1.013546,1.113288,-0.010555
5.929775,-1.013709,1.114241,-0.010559
5.929883,-1.013870,1.115196,-0.010566
5.929883,-1.013870,1.115196,-0.010566
5.929989,-1.014015,1.116157,-0.010569
5.930209,-1.014297,1.118085,-0.010557
5.930321,-1.014434,1.119053,-0.010545
5.930428,-1.014566,1.120037,-0.010534
5.930428,-1.014566,1.120037,-0.010534
5.930644,-1.014820,1.122008,-0.010506
5.930754,-1.014943,1.122996,-0.010489
5.930853,-1.015057,1.123999,-0.010469
5.930953,-1.015168,1.125003,-0.010456
5.931160,-1.015380,1.127013,-0.010409
5.931257,-1.015477,1.128011,-0.010386
5.931356,-1.015572,1.129010,-0.010367
5.931356,-1.015572,1.129010,-0.010367
5.931457,-1.015663,1.130010,-0.010345
5.931560,-1.015753,1.131010,-0.010317
5.931735,-1.015949,1.133006,-0.010256
5.931826,-1.016042,1.134004,-0.010224
5.931826,-1.016042,1.134004,-0.010224
5.931918,-1.016133,1.135002,-0.010189
5.931918,-1.016133,1.135002,-0.010189
5.932120,-1.016342,1.136992,-0.010123
5.932224,-1.016441,1.137987,-0.010096
5.932329,-1.016539,1.138982,-0.010067
5.932329,-1.016539,1.138982,-0.010067
5.932435,-1.016633,1.139977,-0.010030
5.932688,-1.016880,1.141963,-0.009965
5.932817,-1.016998,1.142957,-0.009939
5.932947,-1.017112,1.143950,-0.009912
5.932947,-1.017112,1.143950,-0.009912
5.933104,-1.017262,1.144936,-0.009891
5.933104,-1.017262,1.144936,-0.009891
5.933579,-1.017692,1.147894,-0.009819
5.933764,-1.017871,1.148872,-0.009796
5.933764,-1.017871,1.148872,-0.009796
5.933949,-1.018045,1.149850,-0.009786
5.933949,-1.018045,1.149850,-0.009786
5.934135,-1.018216,1.150827,-0.009780
5.934525,-1.018585,1.152766,-0.009769
5.934728,-1.018782,1.153731,-0.009759
5.934728,-1.018782,1.153731,-0.009759
5.934930,-1.018976,1.154696,-0.009746
5.935133,-1.019165,1.155658,-0.009746
5.935537,-1.019603,1.157560,-0.009746
5.935740,-1.019815,1.158510,-0.009743
5.935943,-1.020024,1.159458,-0.009736
5.935943,-1.020024,1.159458,-0.009736
5.936343,-1.020504,1.161359,-0.009741
5.936543,-1.020737,1.162310,-0.009752
5.936744,-1.020967,1.163260,-0.009766
5.936942,-1.021234,1.164207,-0.009782
5.936942,-1.021234,1.164207,-0.009782
5.937140,-1.021497,1.165153,-0.009802
5.937536,-1.022009,1.167038,-0.009829
5.937729,-1.022308,1.167991,-0.009846
5.937729,-1.022308,1.167991,-0.009846
5.937922,-1.022602,1.168942,-0.009869
5.938115,-1.022891,1.169891,-0.009884
5.938692,-1.023775,1.172714,-0.009954
5.938692,-1.023775,1.172714,-0.009954
5.938882,-1.024089,1.173645,-0.009986
5.939072,-1.024398,1.174575,-0.010010
5.939424,-1.025033,1.176409,-0.010062
5.939424,-1.025033,1.176409,-0.010062
5.939587,-1.025357,1.177314,-0.010092
5.939749,-1.025676,1.178217,-0.010117
5.940051,-1.026329,1.180001,-0.010167
5.940191,-1.026663,1.180884,-0.010192
5.940331,-1.026990,1.181765,-0.010209
5.940331,-1.026990,1.181765,-0.010209
5.940472,-1.027311,1.182644,-0.010228
5.940737,-1.027967,1.184367,-0.010259
5.940870,-1.028285,1.185226,-0.010270
5.941003,-1.028597,1.186083,-0.010279
5.941003,-1.028597,1.186083,-0.010279
5.941121,-1.028925,1.186933,-0.010290
5.941356,-1.029560,1.188627,-0.010300
5.941474,-1.029868,1.189472,-0.010305
5.941578,-1.030198,1.190318,-0.010302
5.941683,-1.030521,1.191161,-0.010306
5.941787,-1.030837,1.192003,-0.010309
5.941787,-1.030837,1.192003,-0.010309
5.941997,-1.031482,1.193673,-0.010299
5.942101,-1.031809,1.194509,-0.010298
5.942206,-1.032130,1.195343,-0.010296
5.942420,-1.032783,1.196986,-0.010282
5.942529,-1.033113,1.197795,-0.010274
5.942637,-1.033436,1.198602,-0.010266
5.942637,-1.033436,1.198602,-0.010266
5.942746,-1.033752,1.199407,-0.010254
5.942855,-1.034061,1.200209,-0.010243
5.942965,-1.034397,1.200998,-0.010229
5.943075,-1.034725,1.201785,-0.010215
5.943296,-1.035361,1.203351,-0.010180
5.943296,-1.035361,1.203351,-0.010180
5.943519,-1.036049,1.204861,-0.010132
5.943632,-1.036381,1.205613,-0.010113
5.943744,-1.036705,1.206386,-0.010092
5.943861,-1.037048,1.207146,-0.010074
5.944098,-1.037709,1.208660,-0.010036
5.944217,-1.038028,1.209414,-0.010011
5.944326,-1.038356,1.210174,-0.009985
5.944437,-1.038676,1.210931,-0.009959
5.944437,-1.038676,1.210931,-0.009959
5.944548,-1.038988,1.211685,-0.009937
5.944766,-1.039611,1.213203,-0.009879
5.944872,-1.039921,1.213966,-0.009850
5.944980,-1.040223,1.214726,-0.009816
5.944980,-1.040223,1.214726,-0.009816
5.945317,-1.041100,1.217024,-0.009735
5.945437,-1.041384,1.217803,-0.009782
5.945566,-1.041666,1.218556,-0.009958
5.945566,-1.041666,1.218556,-0.009958
5.945890,-1.042219,1.219912,-0.010814
5.946062,-1.042487,1.220482,-0.011549
5.946232,-1.042744,1.220977,-0.012499
5.946232,-1.042744,1.220977,-0.012499
5.946416,-1.042975,1.221406,-0.013666
5.946758,-1.043382,1.222042,-0.016626
5.946909,-1.043551,1.222250,-0.018427
5.947044,-1.043693,1.222385,-0.020451
5.947044,-1.043693,1.222385,-0.020451
5.947169,-1.043808,1.222429,-0.022700
5.947348,-1.043931,1.222313,-0.027882
5.947348,-1.043931,1.222313,-0.027882
5.947429,-1.043883,1.221903,-0.033999
5.947429,-1.043883,1.221903,-0.033999
5.947428,-1.043786,1.221588,-0.037419
5.947393,-1.043636,1.221217,-0.041076
5.947393,-1.043636,1.221217,-0.041076
5.947323,-1.043430,1.220791,-0.044978
5.947115,-1.042801,1.219649,-0.053506
5.947115,-1.042801,1.219649,-0.053506
5.946954,-1.042388,1.219003,-0.058143
5.946954,-1.042388,1.219003,-0.058143
5.946515,-1.041326,1.217494,-0.068165
5.946238,-1.040671,1.216635,-0.073559
5.945923,-1.039938,1.215732,-0.079208
5.945573,-1.039124,1.214785,-0.085102
5.945573,-1.039124,1.214785,-0.085102
5.945184,-1.038173,1.213739,-0.091242
5.943819,-1.034796,1.210360,-0.111060
5.943819,-1.034796,1.210360,-0.111060
5.943819,-1.034796,1.210360,-0.111060
5.943297,-1.033405,1.209112,-0.118128
5.942748,-1.031919,1.207825,-0.125419
5.941586,-1.028666,1.205141,-0.140636
5.940975,-1.026791,1.203701,-0.148552
5.940975,-1.026791,1.203701,-0.148552
5.940348,-1.024818,1.202226,-0.156665
5.939054,-1.020574,1.199169,-0.173473
5.938387,-1.018191,1.197556,-0.182156
5.937715,-1.015708,1.195909,-0.191005
5.937715,-1.015708,1.195909,-0.191005
5.937041,-1.013126,1.194228,-0.200018
5.936370,-1.010452,1.192513,-0.209207
5.936370,-1.010452,1.192513,-0.209207
5.935024,-1.004690,1.188972,-0.227981
5.934353,-1.001604,1.187145,-0.237589
5.933692,-0.998423,1.185286,-0.247343
5.933692,-0.998423,1.185286,-0.247343
5.932422,-0.991647,1.181460,-0.267265
5.931818,-0.988055,1.179495,-0.277449
5.931235,-0.984387,1.177500,-0.287762
5.930674,-0.980631,1.175474,-0.298121
5.930168,-0.976646,1.173406,-0.308598
5.929227,-0.968435,1.169216,-0.329981
5.929227,-0.968435,1.169216,-0.329981
5.928795,-0.964211,1.167085,-0.340837
5.928436,-0.959756,1.164927,-0.351796
5.928436,-0.959756,1.164927,-0.351796
5.928104,-0.955230,1.162750,-0.362926
5.927348,-0.941128,1.156109,-0.396840
5.927348,-0.941128,1.156109,-0.396840
5.927195,-0.936212,1.153860,-0.408347
5.926975,-0.926205,1.149320,-0.431679
5.926970,-0.921009,1.147022,-0.443516
5.926970,-0.921009,1.147022,-0.443516
5.926995,-0.915762,1.144713,-0.455532
5.927047,-0.910466,1.142394,-0.467666
5.927301,-0.899638,1.137733,-0.492275
5.927501,-0.894113,1.135393,-0.504670
5.927723,-0.888550,1.133047,-0.517185
5.927723,-0.888550,1.133047,-0.517185
5.927969,-0.882950,1.130697,-0.529807
5.927969,-0.882950,1.130697,-0.529807
5.928679,-0.871440,1.126026,-0.555513
5.929461,-0.859809,1.121354,-0.581781
5.929878,-0.853953,1.119019,-0.595104
5.929878,-0.853953,1.119019,-0.595104
5.930392,-0.848006,1.116687,-0.608554
5.931452,-0.836044,1.112026,-0.635653
5.931994,-0.830033,1.109697,-0.649399
5.931994,-0.830033,1.109697,-0.649399
5.932639,-0.823952,1.107368,-0.663284
5.933940,-0.811740,1.102712,-0.691621
5.934594,-0.805611,1.100387,-0.705985
5.934594,-0.805611,1.100387,-0.705985
5.935330,-0.799434,1.098057,-0.720480
5.936063,-0.793245,1.095729,-0.735021
5.936790,-0.787043,1.093405,-0.749687
5.938292,-0.774559,1.088759,-0.779401
5.939064,-0.768279,1.086454,-0.794533
5.939064,-0.768279,1.086454,-0.794533
5.939825,-0.761990,1.084153,-0.809795
5.940573,-0.755690,1.081856,-0.825180
5.942134,-0.742998,1.077284,-0.856392
5.942888,-0.736642,1.075005,-0.872072
5.943624,-0.730277,1.072732,-0.887882
5.943624,-0.730277,1.072732,-0.887882
5.943624,-0.730277,1.072732,-0.887882
5.945126,-0.717487,1.068234,-0.919922
5.946540,-0.704663,1.063761,-0.952526
5.946540,-0.704663,1.063761,-0.952526
5.947259,-0.698227,1.061552,-0.969012
5.947259,-0.698227,1.061552,-0.969012
5.949263,-0.678874,1.054959,-1.019234
5.949912,-0.672409,1.052801,-1.036147
5.949912,-0.672409,1.052801,-1.036147
5.950533,-0.665935,1.050649,-1.053215
5.951693,-0.652960,1.046364,-1.087707
5.952230,-0.646459,1.044231,-1.105127
5.952754,-0.639968,1.042115,-1.122664
5.952754,-0.639968,1.042115,-1.122664
5.953249,-0.633468,1.040006,-1.140332
5.953713,-0.626960,1.037904,-1.158114
5.954148,-0.620442,1.035807,-1.175970
5.954944,-0.607410,1.031642,-1.212013
5.954944,-0.607410,1.031642,-1.212013
5.955297,-0.600880,1.029569,-1.230213
5.955621,-0.594341,1.027501,-1.248531
5.956156,-0.581250,1.023397,-1.285489
5.956379,-0.574692,1.021354,-1.304116
5.956573,-0.568125,1.019316,-1.322874
5.956573,-0.568125,1.019316,-1.322874
5.956931,-0.548378,1.013253,-1.379767
5.956931,-0.548378,1.013253,-1.379767
5.956991,-0.541780,1.011241,-1.398944
5.957006,-0.535174,1.009219,-1.418236
5.956991,-0.528561,1.007201,-1.437619
5.956991,-0.528561,1.007201,-1.437619
5.956874,-0.515315,1.003173,-1.476721
5.956750,-0.508705,1.001137,-1.496468
5.956597,-0.502089,0.999103,-1.516295
5.956597,-0.502089,0.999103,-1.516295
5.956205,-0.488839,0.995041,-1.556287
5.955965,-0.482240,0.992997,4.706743
5.955696,-0.475635,0.990979,4.686480
5.955696,-0.475635,0.990979,4.686480
5.955398,-0.469025,0.988961,4.666117
5.955070,-0.462411,0.986943,4.645638
5.954350,-0.449220,0.982892,4.604325
5.953946,-0.442619,0.980865,4.583496
5.953946,-0.442619,0.980865,4.583496
5.953514,-0.436015,0.978838,4.562559
5.953052,-0.429409,0.976809,4.541521
5.952048,-0.416205,0.972734,4.499122
5.951502,-0.409601,0.970695,4.477747
5.950926,-0.402994,0.968654,4.456270
5.950926,-0.402994,0.968654,4.456270
5.949646,-0.389772,0.964554,4.412986
5.948961,-0.383159,0.962502,4.391177
5.948246,-0.376546,0.960455,4.369264
5.948246,-0.376546,0.960455,4.369264
5.947495,-0.369933,0.958394,4.347250
5.947495,-0.369933,0.958394,4.347250
5.945061,-0.350093,0.952196,4.280554
5.944174,-0.343479,0.950120,4.258112
5.944174,-0.343479,0.950120,4.258112
5.943256,-0.336866,0.948045,4.235546
5.942307,-0.330253,0.945977,4.212901
5.942307,-0.330253,0.945977,4.212901
5.941327,-0.323641,0.943922,4.190177
5.939232,-0.310415,0.939854,4.144522
5.939232,-0.310415,0.939854,4.144522
5.938135,-0.303801,0.937873,4.121612
5.938135,-0.303801,0.937873,4.121612
5.935812,-0.290562,0.934066,4.075682
5.934587,-0.283934,0.932260,4.052680
5.933325,-0.277304,0.930552,4.029649
5.932026,-0.270672,0.928937,4.006613
5.930669,-0.264032,0.927453,3.983589
5.927838,-0.250743,0.924851,3.937638
5.926362,-0.244091,0.923758,3.914737
5.926362,-0.244091,0.923758,3.914737
5.924831,-0.237435,0.922880,3.891896
5.924831,-0.237435,0.922880,3.891896
5.919984,-0.217429,0.921223,3.823840
5.918284,-0.210748,0.920982,3.801335
5.918284,-0.210748,0.920982,3.801335
5.916543,-0.204065,0.920970,3.778943
5.916543,-0.204065,0.920970,3.778943
5.914761,-0.197376,0.921083,3.756665
5.909154,-0.177275,0.922224,3.690629
5.909154,-0.177275,0.922224,3.690629
5.907195,-0.170563,0.922881,3.668933
5.905198,-0.163843,0.923602,3.647403
5.905198,-0.163843,0.923602,3.647403
5.901080,-0.150384,0.925345,3.604884
5.898962,-0.143646,0.926344,3.583920
5.896809,-0.136901,0.927361,3.563164
5.892388,-0.123386,0.929555,3.522262
5.890122,-0.116617,0.930722,3.502134
5.890122,-0.116617,0.930722,3.502134
5.887826,-0.109839,0.931887,3.482205
5.885500,-0.103054,0.933048,3.462476
5.885500,-0.103054,0.933048,3.462476
5.880760,-0.089477,0.935518,3.423653
5.878346,-0.082677,0.936742,3.404560
5.875906,-0.075869,0.937958,3.385679
5.873456,-0.069076,0.939207,3.367001
5.868477,-0.055467,0.941680,3.330282
5.865949,-0.048648,0.942902,3.312235
5.863399,-0.041845,0.944131,3.294395
5.863399,-0.041845,0.944131,3.294395
5.860825,-0.035033,0.945349,3.276761
5.858228,-0.028213,0.946559,3.259347
5.852977,-0.014563,0.948962,3.225140
5.850325,-0.007733,0.950155,3.208343
5.850325,-0.007733,0.950155,3.208343
5.847652,-0.000894,0.951339,3.191756
5.844958,0.005952,0.952515,3.175372
5.839532,0.019644,0.954865,3.143220
5.836801,0.026488,0.956054,3.127463
5.836801,0.026488,0.956054,3.127463
5.834050,0.033340,0.957234,3.111907
5.828523,0.047043,0.959574,3.081388
5.825746,0.053893,0.960736,3.066438
5.822952,0.060750,0.961890,3.051683
5.822952,0.060750,0.961890,3.051683
5.820141,0.067615,0.963036,3.037129
5.820141,0.067615,0.963036,3.037129
5.817341,0.074475,0.964194,3.022778
5.811694,0.088215,0.966487,2.994704
5.808846,0.095095,0.967623,2.980967
5.808846,0.095095,0.967623,2.980967
5.806005,0.101978,0.968760,2.967429
5.800279,0.115762,0.971011,2.940954
5.797393,0.122663,0.972124,2.928011
5.794508,0.129555,0.973228,2.915262
5.791609,0.136453,0.974324,2.902710
5.791609,0.136453,0.974324,2.902710
5.788697,0.143354,0.975414,2.890355
5.782851,0.157170,0.977577,2.866237
5.779919,0.164082,0.978651,2.854465
5.776974,0.170998,0.979719,2.842891
5.776974,0.170998,0.979719,2.842891
5.771076,0.184835,0.981837,2.820317
5.768123,0.191757,0.982888,2.809318
5.765157,0.198681,0.983933,2.798518
5.762179,0.205608,0.984973,2.787916
5.756243,0.219469,0.987043,2.767269
5.753259,0.226403,0.988070,2.757228
5.750262,0.233339,0.989092,2.747385
5.750262,0.233339,0.989092,2.747385
5.747254,0.240276,0.990110,2.737725
5.744262,0.247221,0.991115,2.728244
5.741258,0.254169,0.992116,2.718958
5.735215,0.268069,0.994108,2.700974
5.735215,0.268069,0.994108,2.700974
5.732211,0.275041,0.995105,2.692256
5.732211,0.275041,0.995105,2.692256
5.726169,0.288988,0.997088,2.675373
5.723130,0.295962,0.998074,2.667207
5.720110,0.302951,0.999061,2.659223
5.717080,0.309940,1.000045,2.651412
5.714035,0.316931,1.001025,2.643790
5.714035,0.316931,1.001025,2.643790
5.707937,0.330919,1.002980,2.629123
5.704885,0.337915,1.003956,2.622070
5.701820,0.344910,1.004930,2.615183
5.701820,0.344910,1.004930,2.615183
5.695687,0.358904,1.006866,2.601949
5.692620,0.365901,1.007828,2.595603
5.689538,0.372898,1.008788,2.589425
5.686446,0.379894,1.009746,2.583442
5.680266,0.393877,1.011664,2.572016
5.680266,0.393877,1.011664,2.572016
5.677158,0.400865,1.012623,2.566570
5.674037,0.407851,1.013579,2.561304
5.670914,0.414832,1.014538,2.556208
5.667778,0.421809,1.015496,2.551290
5.664629,0.428783,1.016451,2.546551
5.658301,0.442710,1.018362,2.537592
5.658301,0.442710,1.018362,2.537592
5.655123,0.449662,1.019317,2.533374
5.648724,0.463553,1.021219,2.525463
5.645502,0.470491,1.022168,2.521769
5.642307,0.477427,1.023120,2.518241
5.642307,0.477427,1.023120,2.518241
5.639098,0.484357,1.024071,2.514887
5.635874,0.491282,1.025020,2.511710
5.629411,0.505129,1.026918,2.505872
5.626173,0.512049,1.027867,2.503217
5.626173,0.512049,1.027867,2.503217
5.622920,0.518964,1.028813,2.500731
5.616398,0.532774,1.030691,2.496260
5.613131,0.539670,1.031623,2.494274
5.609846,0.546558,1.032566,2.492465
5.609846,0.546558,1.032566,2.492465
5.606544,0.553440,1.033507,2.490819
5.599935,0.567207,1.035396,2.488045
5.596604,0.574079,1.036338,2.486907
5.593255,0.580943,1.037278,2.485937
5.593255,0.580943,1.037278,2.485937
5.589904,0.587821,1.038223,2.485131
5.583150,0.601549,1.040112,2.483996
5.579744,0.608401,1.041057,2.483675
5.576317,0.615253,1.042002,2.483517
5.572871,0.622096,1.042946,2.483525
5.569405,0.628929,1.043888,2.483704
5.569405,0.628929,1.043888,2.483704
5.565920,0.635752,1.044829,2.484040
5.558841,0.649403,1.046696,2.485192
5.555271,0.656213,1.047628,2.485997
5.555271,0.656213,1.047628,2.485997
5.548071,0.669818,1.049501,2.488104
5.544440,0.676615,1.050441,2.489398
5.540787,0.683400,1.051380,2.490847
5.537114,0.690174,1.052317,2.492457
5.533420,0.696936,1.053252,2.494223
5.525971,0.710509,1.055129,2.498231
5.522215,0.717277,1.056065,2.500473
5.522215,0.717277,1.056065,2.500473
5.518436,0.724032,1.056999,2.502868
5.518436,0.724032,1.056999,2.502868
5.510847,0.737595,1.058860,2.508113
5.507018,0.744359,1.059789,2.510977
5.503168,0.751110,1.060717,2.514002
5.503168,0.751110,1.060717,2.514002
5.499296,0.757885,1.061649,2.517180
5.491485,0.771393,1.063509,2.523973
5.487545,0.778126,1.064438,2.527601
5.483587,0.784877,1.065362,2.531374
5.479608,0.791612,1.066286,2.535309
5.479608,0.791612,1.066286,2.535309
5.471576,0.805043,1.068128,2.543641
5.467513,0.811766,1.069038,2.548034
5.463426,0.818475,1.069947,2.552575
5.459315,0.825168,1.070854,2.557267
5.459315,0.825168,1.070854,2.557267
5.451018,0.838555,1.072643,2.567094
5.451018,0.838555,1.072643,2.567094
5.446832,0.845249,1.073524,2.572232
5.442621,0.851929,1.074405,2.577525
5.438386,0.858595,1.075285,2.582964
5.434128,0.865265,1.076138,2.588555
5.425541,0.878558,1.077844,2.600167
5.421211,0.885179,1.078696,2.606186
5.421211,0.885179,1.078696,2.606186
5.416850,0.891795,1.079511,2.612362
5.416850,0.891795,1.079511,2.612362
5.403619,0.911544,1.081977,2.631754
5.399158,0.918095,1.082802,2.638522
5.399158,0.918095,1.082802,2.638522
5.394650,0.924625,1.083582,2.645430
5.390116,0.931137,1.084363,2.652471
5.385558,0.937632,1.085145,2.659652
5.376343,0.950574,1.086654,2.674447
5.371685,0.957020,1.087376,2.682052
5.367000,0.963447,1.088096,2.689793
5.367000,0.963447,1.088096,2.689793
5.362289,0.969856,1.088819,2.697658
5.352742,0.982646,1.090223,2.713738
5.347931,0.989011,1.090972,2.721934
5.343097,0.995358,1.091766,2.730216
5.343097,0.995358,1.091766,2.730216
5.328327,1.014295,1.094389,2.755489
5.328327,1.014295,1.094389,2.755489
5.323360,1.020572,1.095414,2.764042
5.313292,1.033063,1.097697,2.781286
5.308228,1.039284,1.098992,2.789979
5.303144,1.045490,1.100401,2.798707
5.303144,1.045490,1.100401,2.798707
5.298001,1.051670,1.101929,2.807449
5.287663,1.063990,1.105382,2.824961
5.282469,1.070131,1.107315,2.833718
5.277229,1.076242,1.109428,2.842474
5.271973,1.082341,1.111673,2.851229
5.271973,1.082341,1.111673,2.851229
5.256089,1.100552,1.119220,2.877420
5.256089,1.100552,1.119220,2.877420
5.250748,1.106588,1.122013,2.886103
5.245394,1.112615,1.124900,2.894759
5.240028,1.118634,1.127875,2.903375
5.240028,1.118634,1.127875,2.903375
5.223836,1.136635,1.137478,2.928924
5.223836,1.136635,1.137478,2.928924
5.218412,1.142618,1.140848,2.937338
5.218412,1.142618,1.140848,2.937338
5.212979,1.148594,1.144272,2.945678
5.207556,1.154572,1.147854,2.953952
5.196684,1.166507,1.155136,2.970300
5.191235,1.172465,1.158828,2.978362
5.191235,1.172465,1.158828,2.978362
5.185802,1.178440,1.162638,2.986336
5.174914,1.190374,1.170323,3.002024
5.169461,1.196332,1.174188,3.009732
5.169461,1.196332,1.174188,3.009732
5.164022,1.202314,1.178134,3.017341
5.158573,1.208297,1.182035,3.024815
5.158573,1.208297,1.182035,3.024815
5.153109,1.214285,1.185843,3.032120
5.142142,1.226307,1.193137,3.046217
5.136644,1.232335,1.196640,3.053048
5.136644,1.232335,1.196640,3.053048
5.125642,1.244375,1.203467,3.066341
5.120163,1.250405,1.206859,3.072847
5.114702,1.256406,1.210263,3.079275
5.114702,1.256406,1.210263,3.079275
5.109264,1.262368,1.213698,3.085627
5.098501,1.274167,1.220676,3.098092
5.093187,1.279985,1.224233,3.104195
5.087923,1.285727,1.227849,3.110209
5.082715,1.291384,1.231520,3.116128
5.082715,1.291384,1.231520,3.116128
5.072575,1.302444,1.238927,3.127645
5.067606,1.307816,1.242693,3.133221
5.062709,1.313073,1.246506,3.138656
5.062709,1.313073,1.246506,3.138656
5.057888,1.318210,1.250343,3.143933
5.048645,1.328048,1.258041,3.154031
5.044145,1.332766,1.261900,3.158834
5.039730,1.337345,1.265757,3.163460
5.039730,1.337345,1.265757,3.163460
5.035512,1.341711,1.269631,3.167892
5.031379,1.345931,1.273489,3.172183
5.027332,1.350003,1.277329,3.176283
5.019635,1.357581,1.284965,3.183918
5.015985,1.361085,1.288751,3.187486
5.015985,1.361085,1.288751,3.187486
5.012419,1.364434,1.292499,3.190876
5.008937,1.367630,1.296204,3.194104
5.002470,1.373232,1.303513,3.200145
5.002470,1.373232,1.303513,3.200145
4.999358,1.375802,1.307094,3.202955
4.993505,1.380285,1.314084,3.208138
4.990759,1.382201,1.317490,3.210553
4.988090,1.383967,1.320842,3.212837
4.985494,1.385583,1.324139,3.214997
4.985494,1.385583,1.324139,3.214997
4.983096,1.386860,1.327331,3.217032
4.978513,1.388978,1.333553,3.220886
4.976325,1.389823,1.336583,3.222638
4.974308,1.390325,1.339498,3.224290
4.974308,1.390325,1.339498,3.224290
4.972357,1.390690,1.342360,3.225851
4.968649,1.391016,1.347932,3.228660
4.966948,1.390780,1.350572,3.229913
4.965308,1.390415,1.353165,3.231098
4.965308,1.390415,1.353165,3.231098
4.962211,1.389307,1.358210,3.233168
4.960751,1.388569,1.360663,3.234056
4.959383,1.387522,1.362989,3.234855
4.958071,1.386358,1.365273,3.235525
4.956814,1.385080,1.367516,3.236108
4.956814,1.385080,1.367516,3.236108
4.955611,1.383690,1.369738,3.236588
4.953376,1.380228,1.373920,3.237270
4.953376,1.380228,1.373920,3.237270
4.952334,1.378339,1.375955,3.237463
4.952334,1.378339,1.375955,3.237463
4.950382,1.374103,1.379840,3.237592
4.949469,1.371761,1.381693,3.237446
4.948600,1.369323,1.383531,3.237209
4.947775,1.366792,1.385335,3.236881
4.947775,1.366792,1.385335,3.236881
4.946208,1.361204,1.388713,3.235904
4.945487,1.358279,1.390358,3.235286
4.944804,1.355270,1.391973,3.234585
4.944129,1.352059,1.393505,3.233802
4.943491,1.348766,1.395010,3.232866
4.942323,1.341945,1.397953,3.230737
4.942323,1.341945,1.397953,3.230737
4.941760,1.338320,1.399340,3.229561
4.941229,1.334620,1.400705,3.228238
4.941229,1.334620,1.400705,3.228238
4.940730,1.330849,1.402046,3.226844
4.939787,1.322989,1.404607,3.223919
4.939341,1.318903,1.405830,3.222285
4.938923,1.314750,1.407032,3.220584
4.938532,1.310531,1.408216,3.218816
4.938532,1.310531,1.408216,3.218816
4.938111,1.306153,1.409330,3.216990
4.937344,1.297210,1.411508,3.213012
4.936996,1.292647,1.412573,3.210974
4.936996,1.292647,1.412573,3.210974
4.936307,1.283287,1.414607,3.206765
4.935966,1.278491,1.415578,3.204520
4.935643,1.273639,1.416538,3.202236
4.935340,1.268731,1.417485,3.199906
4.935340,1.268731,1.417485,3.199906
4.934982,1.263728,1.418373,3.197556
4.934012,1.248403,1.420992,3.190104
4.934012,1.248403,1.420992,3.190104
4.933640,1.243155,1.421824,3.187583
4.932937,1.232510,1.423466,3.182339
4.932608,1.227113,1.424276,3.179694
4.932220,1.221653,1.425047,3.177042
4.932220,1.221653,1.425047,3.177042
4.931846,1.216145,1.425813,3.174312
4.931484,1.210592,1.426574,3.171574
4.931484,1.210592,1.426574,3.171574
4.930744,1.199345,1.428052,3.166110
4.930364,1.193653,1.428771,3.163338
4.929995,1.187918,1.429487,3.160562
4.929995,1.187918,1.429487,3.160562
4.929235,1.176326,1.430870,3.155051
4.928842,1.170470,1.431540,3.152267
4.928459,1.164574,1.432206,3.149496
4.928086,1.158640,1.432872,3.146746
4.928086,1.158640,1.432872,3.146746
4.927206,1.146669,1.434146,3.141259
4.926780,1.140628,1.434784,3.138528
4.926364,1.134551,1.435421,3.135818
4.926364,1.134551,1.435421,3.135818
4.925879,1.128457,1.436018,3.133136
4.925402,1.122328,1.436615,3.130441
4.924475,1.109967,1.437824,3.125149
4.924475,1.109967,1.437824,3.125149
4.924025,1.103738,1.438431,3.122561
4.923496,1.097512,1.439000,3.120016
4.923496,1.097512,1.439000,3.120016
4.922466,1.084964,1.440144,3.114954
4.921964,1.078645,1.440719,3.112480
4.921415,1.072339,1.441269,3.110056
4.920875,1.066004,1.441821,3.107639
4.920875,1.066004,1.441821,3.107639
4.920343,1.059640,1.442377,3.105268
4.919261,1.046878,1.443466,3.100672
4.918712,1.040482,1.444001,3.098434
4.918712,1.040482,1.444001,3.098434
4.918171,1.034058,1.444541,3.096245
4.918171,1.034058,1.444541,3.096245
4.917085,1.021195,1.445589,3.092036
4.916541,1.014757,1.446099,3.090001
4.916006,1.008295,1.446613,3.088027
4.915481,1.001807,1.447131,3.086106
4.914916,0.995344,1.447611,3.084244
4.913817,0.982349,1.448583,3.080670
4.913283,0.975817,1.449078,3.078968
4.912686,0.969312,1.449539,3.077331
4.912686,0.969312,1.449539,3.077331
4.912100,0.962785,1.450007,3.075723
4.910958,0.949669,1.450958,3.072684
4.910353,0.943131,1.451413,3.071256
4.910353,0.943131,1.451413,3.071256
4.909758,0.936573,1.451873,3.069885
4.909758,0.936573,1.451873,3.069885
4.908602,0.923399,1.452814,3.067311
4.907386,0.910274,1.453742,3.064968
4.907386,0.910274,1.453742,3.064968
4.906795,0.903683,1.454213,3.063876
4.906215,0.897074,1.454689,3.062845
4.905023,0.883859,1.455635,3.060968
4.905023,0.883859,1.455635,3.060968
4.904411,0.877254,1.456107,3.060105
4.903812,0.870630,1.456584,3.059295
4.903812,0.870630,1.456584,3.059295
4.902575,0.857386,1.457548,3.057853
4.901939,0.850753,1.458053,3.057235
4.901320,0.844085,1.458594,3.056744
4.900715,0.837380,1.459178,3.056399
4.900048,0.830697,1.459814,3.056209
4.900048,0.830697,1.459814,3.056209
4.898756,0.817260,1.461293,3.056202
4.898129,0.810527,1.462130,3.056400
4.897447,0.803868,1.463040,3.056727
4.897447,0.803868,1.463040,3.056727
4.896114,0.790607,1.465044,3.057656
4.895462,0.784028,1.466130,3.058266
4.894759,0.777564,1.467301,3.058945
4.894759,0.777564,1.467301,3.058945
4.894064,0.771161,1.468518,3.059679
4.892693,0.758579,1.471069,3.061290
4.891937,0.752502,1.472453,3.062139
4.891187,0.746525,1.473861,3.062987
4.891187,0.746525,1.473861,3.062987
4.890440,0.740658,1.475287,3.063839
4.889699,0.734909,1.476728,3.064689
4.888079,0.724025,1.479779,3.066323
4.887275,0.718787,1.481309,3.067098
4.886474,0.713693,1.482836,3.067842
4.886474,0.713693,1.482836,3.067842
4.884738,0.704300,1.485998,3.069222
4.883876,0.699837,1.487561,3.069860
4.883017,0.695535,1.489116,3.070451
4.882161,0.691396,1.490656,3.071002
4.882161,0.691396,1.490656,3.071002
4.880303,0.684109,1.493777,3.072005
4.879380,0.680715,1.495309,3.072465
4.878459,0.677489,1.496823,3.072881
4.878459,0.677489,1.496823,3.072881
4.877472,0.674711,1.498341,3.073255
4.876491,0.672100,1.499839,3.073638
4.875514,0.669656,1.501349,3.073996
4.875514,0.669656,1.501349,3.073996
4.873508,0.665565,1.504321,3.074647
4.872479,0.663913,1.505783,3.074985
4.872479,0.663913,1.505783,3.074985
4.871457,0.662423,1.507229,3.075310
4.869376,0.660222,1.510066,3.075962
4.868320,0.659503,1.511459,3.076303
4.867269,0.658936,1.512839,3.076647
4.867269,0.658936,1.512839,3.076647
4.865136,0.658541,1.515551,3.077352
4.864055,0.658706,1.516885,3.077753
4.862980,0.659009,1.518210,3.078167
4.862980,0.659009,1.518210,3.078167
4.861910,0.659448,1.519526,3.078600
4.860798,0.660290,1.520818,3.079052
4.858585,0.662347,1.523381,3.080056
4.857487,0.663559,1.524655,3.080573
4.857487,0.663559,1.524655,3.080573
4.856362,0.665155,1.525914,3.081116
4.855242,0.666864,1.527169,3.081719
4.853016,0.670609,1.529665,3.082979
4.851886,0.672889,1.530888,3.083643
4.850760,0.675268,1.532107,3.084356
4.849634,0.677739,1.533323,3.085093
4.848513,0.680303,1.534534,3.085831
4.848513,0.680303,1.534534,3.085831
4.846252,0.685901,1.536930,3.087376
4.846252,0.685901,1.536930,3.087376
4.845112,0.688926,1.538114,3.088205
4.843975,0.692032,1.539294,3.089054
4.842840,0.695217,1.540468,3.089925
4.840556,0.702147,1.542789,3.136294
4.840556,0.702147,1.542789,3.136294
4.839414,0.705717,1.543941,3.137218
4.838268,0.709355,1.545085,3.138167
4.837106,0.713202,1.546217,3.139140
4.834765,0.721079,1.548472,3.141072
4.833585,0.725105,1.549592,3.142039
4.833585,0.725105,1.549592,3.142039
4.831176,0.733581,1.551801,3.143945
4.829959,0.737892,1.552888,3.144881
4.828735,0.742254,1.553963,3.144883
4.828735,0.742254,1.553963,3.144883
4.827477,0.746791,1.555031,3.144876
4.824944,0.756004,1.557146,3.144812
4.823667,0.760677,1.558191,3.144762
4.822353,0.765501,1.559221,3.144696
4.821032,0.770366,1.560233,3.144606
4.819705,0.775270,1.561228,3.144502
4.817003,0.785282,1.563142,3.144294
4.817003,0.785282,1.563142,3.144294
4.815629,0.790387,1.564059,3.144161
4.814249,0.795526,1.564957,3.144012
4.814249,0.795526,1.564957,3.144012
4.811435,0.805990,1.566653,3.143637
4.810002,0.811314,1.567450,3.143396
4.808562,0.816667,1.568224,3.143120
4.807113,0.822048,1.568974,3.142821
4.807113,0.822048,1.568974,3.142821
4.804159,0.832953,1.570377,3.142233
4.802654,0.838475,1.571028,3.141920
4.801138,0.844021,1.571654,3.141604
4.799612,0.849592,1.572253,3.141285
4.796492,0.860915,1.573308,3.140620
4.794913,0.866609,1.573795,3.140264
4.793320,0.872323,1.574263,3.139913
4.793320,0.872323,1.574263,3.139913
4.791700,0.878115,1.574676,3.139622
4.791700,0.878115,1.574676,3.139622
4.786752,0.895596,1.575738,3.138655
4.785069,0.901494,1.575997,3.138335
4.785069,0.901494,1.575997,3.138335
4.783367,0.907406,1.576227,3.137960
4.781648,0.913331,1.576426,3.137587
4.779910,0.919270,1.576603,3.137207
4.776369,0.931235,1.576833,3.136454
4.776369,0.931235,1.576833,3.136454
4.774566,0.937233,1.576903,3.136075
4.770886,0.949271,1.576928,3.135313
4.770886,0.949271,1.576928,3.135313
4.767104,0.961354,1.576811,3.134507
4.767104,0.961354,1.576811,3.134507
4.765176,0.967405,1.576709,3.134102
4.761208,0.979538,1.576312,3.133300
4.759183,0.985610,1.576072,3.132927
4.757131,0.991684,1.575806,3.132566
4.755040,0.997754,1.575462,3.132199
4.752920,1.003824,1.575092,3.131832
4.752920,1.003824,1.575092,3.131832
4.746378,1.022028,1.573833,3.130747
4.746378,1.022028,1.573833,3.130747
4.744143,1.028086,1.573325,3.130401
4.739577,1.040191,1.572243,3.129635
4.737244,1.046237,1.571670,3.129265
4.734875,1.052267,1.571024,3.128897
4.732471,1.058295,1.570352,3.128473
4.732471,1.058295,1.570352,3.128473
4.730025,1.064326,1.569642,3.127975
4.727537,1.070362,1.568890,3.127393
4.722437,1.082403,1.567267,3.125980
4.722437,1.082403,1.567267,3.125980
4.719827,1.088419,1.566495,3.125193
4.714486,1.100397,1.565137,3.123633
4.711764,1.106339,1.564576,3.122890
4.709017,1.112239,1.564106,3.122205
4.709017,1.112239,1.564106,3.122205
4.706249,1.118086,1.563726,3.121564
4.706249,1.118086,1.563726,3.121564
4.703449,1.123854,1.563429,3.120991
4.700638,1.129549,1.563217,3.120498
4.695000,1.140685,1.563012,3.119725
4.692169,1.146063,1.563044,3.119428
4.692169,1.146063,1.563044,3.119428
4.689343,1.151333,1.563138,3.119232
4.683720,1.161516,1.563487,3.119020
4.680945,1.166360,1.563793,3.118985
4.680945,1.166360,1.563793,3.118985
4.678187,1.171068,1.564136,3.119003
4.672734,1.180051,1.564909,3.119124
4.670057,1.184216,1.565421,3.119200
4.667405,1.188226,1.565947,3.119344
4.664781,1.192078,1.566483,3.119495
4.662186,1.195769,1.567025,3.119648
4.657122,1.202501,1.568181,3.119938
4.657122,1.202501,1.568181,3.119938
4.654653,1.205540,1.568793,3.120152
4.652216,1.208415,1.569399,3.120352
4.647467,1.213472,1.570629,3.120807
4.645159,1.215657,1.571249,3.121163
4.645159,1.215657,1.571249,3.121163
4.642882,1.217679,1.571856,3.121512
4.640636,1.219539,1.572449,3.121865
4.636317,1.222337,1.573651,3.122696
4.634204,1.223500,1.574236,3.123167
4.632117,1.224508,1.574805,3.123638
4.632117,1.224508,1.574805,3.123638
4.630099,1.225147,1.575357,3.124184
4.628110,1.225637,1.575894,3.124847
4.624220,1.226182,1.576923,3.126190
4.622360,1.226009,1.577381,3.126873
4.620528,1.225698,1.577827,3.127684
4.616952,1.224677,1.578686,3.129304
4.615236,1.223736,1.579069,3.130109
4.613549,1.222672,1.579442,3.131088
4.613549,1.222672,1.579442,3.131088
4.611890,1.221486,1.579806,3.132055
4.610260,1.220182,1.580163,3.133026
4.607144,1.216764,1.580859,3.135051
4.605628,1.214892,1.581196,3.136113
4.605628,1.214892,1.581196,3.136113
4.604138,1.212915,1.581527,3.137163
4.601268,1.208228,1.582153,3.139336
4.599874,1.205741,1.582457,3.140428
4.598507,1.203162,1.582766,3.141514
4.597168,1.200493,1.583070,3.142575
4.597168,1.200493,1.583070,3.142575
4.593297,1.191457,1.583919,3.145746
4.592059,1.188284,1.584195,3.146784
4.592059,1.188284,1.584195,3.146784
4.590822,1.184886,1.584463,3.147796
4.588430,1.177872,1.585002,3.149703
4.587272,1.174260,1.585274,3.150601
4.586102,1.170457,1.585535,3.151459
4.584957,1.166588,1.585794,3.152259
4.583836,1.162656,1.586050,3.153033
4.583836,1.162656,1.586050,3.153033
4.581638,1.154499,1.586563,3.154475
4.580563,1.150278,1.586816,3.155118
4.579508,1.146000,1.587066,3.155674
4.579508,1.146000,1.587066,3.155674
4.577436,1.137188,1.587557,3.156679
4.575416,1.128073,1.588035,3.157446
4.575416,1.128073,1.588035,3.157446
4.574431,1.123440,1.588270,3.157773
4.572463,1.113842,1.588695,3.158277
4.571504,1.108973,1.588893,3.158454
4.570559,1.104058,1.589090,3.158539
4.569599,1.099017,1.589283,3.158590
4.569599,1.099017,1.589283,3.158590
4.567717,1.088805,1.589665,3.158463
4.566792,1.083635,1.589854,3.158352
4.565840,1.078344,1.590052,3.158203
4.564897,1.073014,1.590248,3.157950
4.563963,1.067644,1.590442,3.157660
4.563039,1.062236,1.590635,3.157336
4.561163,1.051250,1.590994,3.156541
4.561163,1.051250,1.590994,3.156541
4.560208,1.045675,1.591162,3.156015
4.559260,1.040062,1.591328,3.155464
4.557333,1.028691,1.591651,3.154281
4.556354,1.022934,1.591800,3.153571
4.555377,1.017144,1.591949,3.152843
4.555377,1.017144,1.591949,3.152843
4.553389,1.005456,1.592217,3.151312
4.552374,0.999558,1.592338,3.150426
4.551360,0.993627,1.592449,3.149527
4.550349,0.987664,1.592560,3.148609
4.550349,0.987664,1.592560,3.148609
4.548203,0.975628,1.592740,3.146644
4.547132,0.969565,1.592831,3.145599
4.546062,0.963471,1.592923,3.144553
4.544941,0.957352,1.593007,3.143478
4.543821,0.951204,1.593092,3.142320
4.541576,0.938821,1.593275,3.140016
4.540394,0.932576,1.593361,3.138860
4.539209,0.926304,1.593448,3.137615
4.539209,0.926304,1.593448,3.137615
4.536841,0.913664,1.593651,3.135154
4.535612,0.907284,1.593802,3.133968
4.534388,0.900860,1.593991,3.132756
4.533165,0.894396,1.594206,3.131622
4.533165,0.894396,1.594206,3.131622
4.529330,0.874873,1.595011,3.128626
4.528010,0.868347,1.595322,3.127738
4.528010,0.868347,1.595322,3.127738
4.526675,0.861826,1.595647,3.126934
4.525323,0.855321,1.595986,3.126211
4.522426,0.842455,1.596691,3.124881
4.520940,0.836086,1.597055,3.124243
4.519428,0.829773,1.597424,3.123646
4.519428,0.829773,1.597424,3.123646
4.516183,0.817430,1.598184,3.122416
4.514513,0.811379,1.598562,3.121770
4.512809,0.805421,1.598931,3.121118
4.511018,0.799636,1.599297,3.120445
4.507330,0.788394,1.600000,3.118892
4.505431,0.782950,1.600334,3.118052
4.503441,0.777757,1.600638,3.117168
4.503441,0.777757,1.600638,3.117168
4.501414,0.772694,1.600927,3.116174
4.499350,0.767767,1.601201,3.115135
4.495060,0.758522,1.601691,3.112889
4.492836,0.754210,1.601900,3.111646
4.490578,0.750046,1.602091,3.110370
4.488286,0.746034,1.602265,3.109047
4.488286,0.746034,1.602265,3.109047
4.485911,0.742418,1.602401,3.107689
4.481071,0.735644,1.602617,3.104810
4.478609,0.732488,1.602699,3.103338
4.478609,0.732488,1.602699,3.103338
4.470928,0.724789,1.602834,3.098850
4.468322,0.722528,1.602857,3.097392
4.468322,0.722528,1.602857,3.097392
4.465653,0.720719,1.602865,3.095951
4.460263,0.717540,1.602860,3.093107
4.457543,0.716169,1.602850,3.091732
4.454809,0.714942,1.602833,3.090399
4.452028,0.714159,1.602793,3.089098
4.446437,0.713002,1.602700,3.086634
4.443630,0.712624,1.602650,3.085533
4.440816,0.712681,1.602596,3.084501
4.437997,0.712862,1.602540,3.083539
4.437997,0.712862,1.602540,3.083539
4.435175,0.713165,1.602484,3.082639
4.429533,0.714412,1.602359,3.081036
4.426717,0.715347,1.602292,3.080339
4.423900,0.716391,1.602227,3.079714
4.421088,0.717541,1.602162,3.079153
4.421088,0.717541,1.602162,3.079153
4.415495,0.720690,1.602050,3.078384
4.412703,0.722411,1.601995,3.078107
4.409915,0.724225,1.601942,3.077893
4.404359,0.728633,1.601858,3.077659
4.401589,0.730964,1.601817,3.077633
4.398829,0.733377,1.601787,3.077677
4.398829,0.733377,1.601787,3.077677
4.396087,0.736096,1.601756,3.077852
4.390620,0.741757,1.601691,3.078365
4.387896,0.744696,1.601656,3.078717
4.385182,0.747900,1.601612,3.079118
4.382474,0.751169,1.601564,3.079553
4.382474,0.751169,1.601564,3.079553
4.379772,0.754502,1.601514,3.080036
4.371727,0.765214,1.601335,3.081829
4.371727,0.765214,1.601335,3.081829
4.369061,0.768956,1.601266,3.082538
4.366399,0.772751,1.601191,3.083287
4.361105,0.780637,1.601013,3.084885
4.358473,0.784725,1.600893,3.085720
4.355844,0.788859,1.600765,3.086589
4.355844,0.788859,1.600765,3.086589
4.350618,0.797401,1.600474,3.088410
4.345424,0.806249,1.600137,3.090384
4.345424,0.806249,1.600137,3.090384
4.342827,0.810733,1.599952,3.091404
4.340260,0.815368,1.599757,3.092446
4.335120,0.824744,1.599337,3.094512
4.332548,0.829483,1.599108,3.095565
4.329981,0.834359,1.598858,3.096637
4.327413,0.839265,1.598594,3.097686
4.322261,0.849167,1.598025,3.099890
4.319695,0.854269,1.597721,3.101005
4.317122,0.859396,1.597403,3.102083
4.317122,0.859396,1.597403,3.102083
4.311960,0.869725,1.596720,3.104252
4.309391,0.875018,1.596354,3.105338
4.306814,0.880332,1.595971,3.106396
4.304229,0.885666,1.595571,3.107486
4.304229,0.885666,1.595571,3.107486
4.299060,0.896472,1.594707,3.109652
4.296475,0.901940,1.594241,3.110688
4.293880,0.907426,1.593758,3.111717
4.291273,0.912927,1.593257,3.112736
4.286041,0.924112,1.592179,3.114729
4.283407,0.929724,1.591613,3.115703
4.280759,0.935348,1.591040,3.116686
4.280759,0.935348,1.591040,3.116686
4.278097,0.940983,1.590447,3.117658
4.272751,0.952415,1.589196,3.119551
4.270055,0.958145,1.588542,3.120473
4.267344,0.963882,1.587870,3.121379
4.267344,0.963882,1.587870,3.121379
4.264618,0.969697,1.587168,3.122274
4.259116,0.981343,1.585720,3.123958
4.253550,0.993073,1.584180,3.125633
4.253550,0.993073,1.584180,3.125633
4.250742,0.998974,1.583369,3.126426
4.247915,1.004878,1.582540,3.127201
4.245069,1.010782,1.581691,3.127955
4.239325,1.022697,1.579899,3.129416
4.236423,1.028653,1.578979,3.130118
4.236423,1.028653,1.578979,3.130118
4.230563,1.040603,1.577064,3.131495
4.227605,1.046595,1.576070,3.132140
4.224625,1.052583,1.575057,3.132782
4.221622,1.058566,1.574026,3.133407
4.221622,1.058566,1.574026,3.133407
4.215545,1.070556,1.571896,3.134594
4.209373,1.082517,1.569709,3.135716
4.209373,1.082517,1.569709,3.135716
4.206250,1.088502,1.568569,3.136269
4.199928,1.100444,1.566236,3.137314
4.193495,1.112372,1.563852,3.138309
4.193495,1.112372,1.563852,3.138309
4.190236,1.118332,1.562645,3.138778
4.183636,1.130216,1.560192,3.139677
4.180294,1.136138,1.558949,3.140112
4.176917,1.142056,1.557681,3.140547
4.173512,1.147959,1.556406,3.140968
4.170077,1.153847,1.555124,3.141366
4.170077,1.153847,1.555124,3.141366
4.166615,1.159719,1.553833,3.141747
4.159550,1.171445,1.551218,3.142492
4.155974,1.177282,1.549906,3.142854
4.155974,1.177282,1.549906,3.142854
4.152369,1.183101,1.548592,3.143198
4.145051,1.194719,1.545964,3.143868
4.141348,1.200499,1.544657,3.144189
4.137614,1.206260,1.543352,3.144493
4.133835,1.212013,1.542046,3.144793
4.126185,1.223458,1.539443,3.145368
4.122314,1.229149,1.538146,3.145625
4.122314,1.229149,1.538146,3.145625
4.118408,1.234831,1.536850,3.145873
4.114470,1.240491,1.535559,3.146110
4.106503,1.251744,1.533033,3.146564
4.102484,1.257344,1.531783,3.146773
4.102484,1.257344,1.531783,3.146773
4.098434,1.262920,1.530540,3.146961
4.090241,1.274001,1.528072,3.147295
4.090241,1.274001,1.528072,3.147295
4.081986,1.284985,1.525643,3.147575
4.081986,1.284985,1.525643,3.147575
4.077811,1.290438,1.524442,3.147692
4.069379,1.301247,1.522063,3.147887
4.065123,1.306601,1.520886,3.147962
4.060835,1.311929,1.519718,3.148029
4.056516,1.317232,1.518559,3.148079
4.056516,1.317232,1.518559,3.148079
4.052166,1.322507,1.517409,3.148133
4.043419,1.332921,1.515171,3.148186
4.038995,1.338094,1.514059,3.148141
4.034534,1.343250,1.512949,3.148032
4.025532,1.353448,1.510760,3.147650
4.020977,1.358514,1.509729,3.147387
4.016390,1.363549,1.508775,3.147094
4.016390,1.363549,1.508775,3.147094
4.011789,1.368514,1.507900,3.146786
4.007163,1.373433,1.507110,3.146477
4.002513,1.378298,1.506407,3.146163
3.993182,1.387806,1.505253,3.145564
3.988507,1.392435,1.504793,3.145292
3.979131,1.401433,1.504079,3.144814
3.979131,1.401433,1.504079,3.144814
3.969776,1.409986,1.503679,3.144424
3.969776,1.409986,1.503679,3.144424
3.965099,1.414099,1.503559,3.144271
3.960427,1.418097,1.503484,3.144139
3.951133,1.425607,1.503553,3.143907
3.951133,1.425607,1.503553,3.143907
3.946500,1.429170,1.503623,3.143816
3.941876,1.432599,1.503717,3.143726
3.932720,1.438863,1.504098,3.143571
3.928165,1.441781,1.504303,3.143447
3.923631,1.444551,1.504504,3.143245
3.919156,1.447046,1.504748,3.142956
3.919156,1.447046,1.504748,3.142956
3.914700,1.449395,1.504967,3.142608
3.905837,1.453672,1.505281,3.141769
3.901425,1.455608,1.505382,3.141322
3.897082,1.457258,1.505473,3.140876
3.897082,1.457258,1.505473,3.140876
3.888409,1.460202,1.505529,3.140112
3.884075,1.461509,1.505495,3.139783
3.879805,1.462544,1.505410,3.139466
3.879805,1.462544,1.505410,3.139466
3.875528,1.463484,1.505289,3.139225
3.871241,1.464336,1.505131,3.139025
3.862702,1.465631,1.504704,3.138738
3.858443,1.466086,1.504439,3.138696
3.854163,1.466480,1.504143,3.138686
3.845592,1.466946,1.503449,3.138747
3.841297,1.467031,1.503055,3.138807
3.836974,1.467076,1.502636,3.138883
3.836974,1.467076,1.502636,3.138883
3.832621,1.467087,1.502193,3.138967
3.828279,1.466932,1.501712,3.139050
3.819497,1.466554,1.500689,3.139295
3.815057,1.466337,1.500165,3.139405
3.810611,1.466009,1.499605,3.139503
3.810611,1.466009,1.499605,3.139503
3.801618,1.465331,1.498441,3.139682
3.797068,1.464984,1.497838,3.139738
3.792479,1.464577,1.497195,3.139770
3.792479,1.464577,1.497195,3.139770
3.787853,1.464170,1.496541,3.139800
3.783192,1.463763,1.495876,3.139810
3.768969,1.462528,1.493782,3.139727
3.768969,1.462528,1.493782,3.139727
3.764153,1.462121,1.493063,3.139646
3.759301,1.461721,1.492339,3.139546
3.754413,1.461328,1.491610,3.139436
3.744500,1.460603,1.490097,3.139163
3.744500,1.460603,1.490097,3.139163
3.739491,1.460251,1.489333,3.139005
3.729354,1.459615,1.487796,3.138663
3.729354,1.459615,1.487796,3.138663
3.724227,1.459332,1.487026,3.138457
3.719067,1.459056,1.486255,3.138249
3.713873,1.458785,1.485485,3.138029
3.713873,1.458785,1.485485,3.138029
3.698029,1.458117,1.483107,3.137328
3.692683,1.457902,1.482312,3.137084
3.692683,1.457902,1.482312,3.137084
3.687287,1.457711,1.481516,3.136855
3.676403,1.457338,1.479932,3.136354
3.670916,1.457154,1.479146,3.136107
3.665382,1.456991,1.478367,3.135877
3.665382,1.456991,1.478367,3.135877
3.659820,1.456829,1.477592,3.135633
3.648608,1.456506,1.476055,3.135166
3.642936,1.456354,1.475296,3.134943
3.637235,1.456201,1.474541,3.134715
3.637235,1.456201,1.474541,3.134715
3.631508,1.456048,1.473791,3.134493
3.625755,1.455893,1.473045,3.134283
3.614147,1.455604,1.471574,3.133876
3.608306,1.455456,1.470846,3.133687
3.602439,1.455307,1.470124,3.133501
3.596533,1.455161,1.469414,3.133325
3.584647,1.454859,1.468011,3.133001
3.578670,1.454703,1.467319,3.132856
3.572669,1.454544,1.466632,3.132723
3.572669,1.454544,1.466632,3.132723
3.560592,1.454241,1.465293,3.132476
3.554521,1.454083,1.464633,3.132370
3.548428,1.453923,1.463977,3.132279
3.542315,1.453776,1.463340,3.132190
3.530025,1.453473,1.462079,3.132031
3.523849,1.453318,1.461455,3.131957
3.517668,1.453166,1.460843,3.131896
3.511467,1.453012,1.460236,3.131850
3.505245,1.452855,1.459634,3.131808
3.499004,1.452695,1.459038,3.131769
3.486476,1.452403,1.457869,3.131728
3.486476,1.452403,1.457869,3.131728
3.480184,1.452253,1.457293,3.131715
3.467559,1.451962,1.456150,3.131702
3.454875,1.451681,1.455024,3.131717
3.454875,1.451681,1.455024,3.131717
3.448506,1.451538,1.454468,3.131730
3.442143,1.451412,1.453904,3.131750
3.429364,1.451154,1.452817,3.131811
3.422949,1.451023,1.452282,3.131844
3.416527,1.450916,1.451745,3.131885
3.410087,1.450807,1.451214,3.131925
3.397159,1.450584,1.450166,3.132030
3.390679,1.450493,1.449648,3.132088
3.390679,1.450493,1.449648,3.132088
3.384183,1.450399,1.449136,3.132140
3.371145,1.450208,1.448127,3.132250
3.364604,1.450109,1.447630,3.132310
3.364604,1.450109,1.447630,3.132310
3.358040,1.450038,1.447145,3.132377
3.351461,1.449965,1.446665,3.132431
3.344869,1.449889,1.446191,3.132495
3.331644,1.449768,1.445298,3.132629
3.325011,1.449721,1.444867,3.132687
3.318367,1.449671,1.444439,3.132745
3.311709,1.449616,1.444015,3.132815
3.298378,1.449536,1.443228,3.132950
3.291694,1.449488,1.442840,3.133024
3.291694,1.449488,1.442840,3.133024
3.284999,1.449434,1.442455,3.133088
3.278298,1.449382,1.442092,3.133164
3.264863,1.449257,1.441375,3.133320
3.258132,1.449183,1.441021,3.133401
3.251397,1.449106,1.440683,3.133479
3.237900,1.448925,1.440012,3.133636
3.231138,1.448819,1.439679,3.133713
3.224366,1.448696,1.439336,3.133800
3.217586,1.448561,1.438997,3.133887
3.217586,1.448561,1.438997,3.133887
3.210800,1.448414,1.438659,3.133976
3.204007,1.448254,1.438325,3.134062
3.190389,1.447896,1.437663,3.134244
3.183573,1.447695,1.437345,3.134339
3.183573,1.447695,1.437345,3.134339
3.169927,1.447258,1.436713,3.134535
3.156268,1.446765,1.436088,3.134729
3.156268,1.446765,1.436088,3.134729
3.149436,1.446489,1.435780,3.134832
3.142603,1.446191,1.435474,3.134940
3.128958,1.445553,1.434880,3.135173
3.122137,1.445199,1.434587,3.135298
3.115318,1.444820,1.434298,3.135427
3.108525,1.444418,1.434016,3.135550
3.094949,1.443532,1.433463,3.135825
3.088169,1.443046,1.433201,3.135967
3.081419,1.442537,1.432954,3.136121
3.081419,1.442537,1.432954,3.136121
3.067938,1.441427,1.432466,3.136453
3.061210,1.440825,1.432226,3.136622
3.054517,1.440184,1.432008,3.136795
3.047834,1.439509,1.431792,3.136977
3.034499,1.438052,1.431360,3.137350
3.027883,1.437245,1.431172,3.137544
3.021280,1.436400,1.430987,3.137760
3.021280,1.436400,1.430987,3.137760
3.014692,1.435517,1.430802,3.137976
3.001594,1.433597,1.430462,3.138418
2.995087,1.432559,1.430305,3.138653
2.988598,1.431480,1.430166,3.138894
2.982127,1.430360,1.430028,3.139138
2.982127,1.430360,1.430028,3.139138
2.969306,1.427938,1.429792,3.139639
2.962929,1.426662,1.429675,3.139899
2.956575,1.425343,1.429559,3.140161
2.956575,1.425343,1.429559,3.140161
2.950285,1.423931,1.429460,3.140428
2.937780,1.420973,1.429253,3.140960
2.931566,1.419425,1.429144,3.141225
2.925380,1.417831,1.429035,3.141490
2.919281,1.416137,1.428957,3.141750
2.919281,1.416137,1.428957,3.141750
2.901158,1.410775,1.428716,3.142573
2.895227,1.408846,1.428657,3.142842
2.895227,1.408846,1.428657,3.142842
2.889327,1.406871,1.428596,3.143111
2.883458,1.404849,1.428533,3.143378
2.871853,1.400607,1.428428,3.143901
2.866118,1.398388,1.428387,3.144178
2.860416,1.396123,1.428342,3.144446
2.860416,1.396123,1.428342,3.144446
2.854746,1.393813,1.428295,3.144705
2.843570,1.388949,1.428220,3.145219
2.838032,1.386451,1.428177,3.145449
2.832525,1.383910,1.428130,3.145676
2.821683,1.378618,1.428042,3.146132
2.816309,1.375909,1.427991,3.146349
2.810967,1.373159,1.427936,3.146562
2.805699,1.370319,1.427876,3.146770
2.805699,1.370319,1.427876,3.146770
2.800462,1.367438,1.427812,3.146985
2.790078,1.361562,1.427674,3.147355
2.784977,1.358514,1.427593,3.147517
2.779905,1.355431,1.427510,3.147699
2.779905,1.355431,1.427510,3.147699
2.769846,1.349154,1.427319,3.148033
2.764887,1.345894,1.427207,3.148185
2.759954,1.342600,1.427092,3.148349
2.755047,1.339273,1.426973,3.148499
2.750162,1.335915,1.426852,3.148646
2.745301,1.332527,1.426728,3.148766
2.735694,1.325547,1.426464,3.148988
2.735694,1.325547,1.426464,3.148988
2.730922,1.322015,1.426335,3.149095
2.726169,1.318456,1.426203,3.149202
2.716706,1.311119,1.425923,3.149382
2.711998,1.307415,1.425780,3.149474
2.707306,1.303690,1.425634,3.149539
2.702614,1.299877,1.425482,3.149597
2.697934,1.296044,1.425341,3.149646
2.688606,1.288324,1.425053,3.149723
2.683931,1.284376,1.424908,3.149772
2.683931,1.284376,1.424908,3.149772
2.674603,1.276437,1.424617,3.149833
2.669945,1.272450,1.424470,3.149866
2.665270,1.268403,1.424304,3.149881
2.660596,1.264347,1.424139,3.149889
2.655924,1.260283,1.423974,3.149900
2.646550,1.252098,1.423654,3.149917
2.641846,1.247980,1.423499,3.149919
2.637137,1.243862,1.423345,3.149925
2.637137,1.243862,1.423345,3.149925
2.622916,1.231464,1.422875,3.149943
2.618148,1.227333,1.422719,3.149928
2.618148,1.227333,1.422719,3.149928
2.613368,1.223210,1.422565,3.149920
2.603691,1.214962,1.422282,3.149891
2.598830,1.210859,1.422143,3.149855
2.593951,1.206771,1.422011,3.149834
2.593951,1.206771,1.422011,3.149834
2.589055,1.202703,1.421881,3.149806
2.579113,1.194630,1.421654,3.149724
2.574112,1.190630,1.421542,3.149665
2.569088,1.186657,1.421432,3.149606
2.563985,1.182710,1.421340,3.149538
2.563985,1.182710,1.421340,3.149538
2.548531,1.171071,1.421080,3.149256
2.543263,1.167269,1.421012,3.149145
2.543263,1.167269,1.421012,3.149145
2.537971,1.163508,1.420944,3.149002
2.532653,1.159790,1.420878,3.148839
2.521869,1.152521,1.420763,3.148472
2.516405,1.148976,1.420712,3.148251
2.510916,1.145480,1.420662,3.148021
2.510916,1.145480,1.420662,3.148021
2.499785,1.138698,1.420574,3.147518
2.494146,1.135415,1.420536,3.147230
2.488483,1.132190,1.420498,3.146923
2.482796,1.129028,1.420461,3.146599
2.477015,1.125988,1.420438,3.146268
2.471211,1.123013,1.420420,3.145896
2.459542,1.117263,1.420382,3.145106
2.459542,1.117263,1.420382,3.145106
2.453621,1.114571,1.420370,3.144693
2.447682,1.111950,1.420357,3.144255
2.435750,1.106926,1.420328,3.143345
2.429703,1.104607,1.420307,3.142876
2.429703,1.104607,1.420307,3.142876
2.423639,1.102364,1.420285,3.142387
2.411471,1.098111,1.420239,3.141378
2.405368,1.096103,1.420215,3.140856
2.399234,1.094256,1.420205,3.140327
2.393091,1.092490,1.420193,3.139802
2.386940,1.090806,1.420180,3.139261
2.380781,1.089204,1.420155,3.138728
2.368424,1.086450,1.420113,3.137653
2.368424,1.086450,1.420113,3.137653
2.362238,1.085200,1.420090,3.137122
2.349852,1.083084,1.420043,3.136044
2.343653,1.082216,1.420017,3.135518
2.337456,1.081432,1.419986,3.135000
2.337456,1.081432,1.419986,3.135000
2.331263,1.080734,1.419954,3.134486
2.318914,1.079889,1.419888,3.133488
2.312748,1.079592,1.419854,3.133014
2.306591,1.079382,1.419818,3.132538
2.300466,1.079410,1.419790,3.132071
2.300466,1.079410,1.419790,3.132071
2.288248,1.079718,1.419740,3.131191
2.282159,1.079997,1.419718,3.130765
2.276107,1.080524,1.419707,3.130358
2.270071,1.081134,1.419694,3.129984
2.270071,1.081134,1.419694,3.129984
2.258048,1.082601,1.419664,3.129269
2.246161,1.084736,1.419625,3.128619
2.246161,1.084736,1.419625,3.128619
2.240249,1.085923,1.419604,3.128315
2.228535,1.088681,1.419546,3.127740
2.222736,1.090249,1.419509,3.127486
2.216961,1.091895,1.419471,3.127258
2.211213,1.093617,1.419431,3.127040
2.211213,1.093617,1.419431,3.127040
2.194245,1.099515,1.419303,3.126493
2.188666,1.101675,1.419258,3.126343
2.188666,1.101675,1.419258,3.126343
2.183118,1.103909,1.419212,3.126214
2.172254,1.108858,1.419107,3.125998
2.166871,1.111438,1.419053,3.125910
2.161521,1.114088,1.418998,3.125838
2.161521,1.114088,1.418998,3.125838
2.156273,1.116927,1.418937,3.125791
2.145879,1.122807,1.418811,3.125752
2.140736,1.125846,1.418745,3.125753
2.135710,1.129065,1.418667,3.125761
2.130720,1.132348,1.418587,3.125780
2.130720,1.132348,1.418587,3.125780
2.116066,1.142677,1.418341,3.125922
2.111317,1.146313,1.418253,3.125990
2.111317,1.146313,1.418253,3.125990
2.106606,1.150008,1.418163,3.126079
2.101933,1.153761,1.418072,3.126184
2.097389,1.157685,1.417964,3.126300
2.097389,1.157685,1.417964,3.126300
2.088416,1.165692,1.417732,3.126532
2.083989,1.169777,1.417610,3.126667
2.079691,1.174007,1.417466,3.126817
2.071216,1.182620,1.417178,3.127110
2.067037,1.187003,1.417033,3.127278
2.062994,1.191510,1.416871,3.127447
2.058990,1.196064,1.416709,3.127603
2.058990,1.196064,1.416709,3.127603
2.047210,1.209994,1.416229,3.128124
2.047210,1.209994,1.416229,3.128124
2.043455,1.214786,1.416057,3.128303
2.039739,1.219621,1.415884,3.128465
2.036060,1.224499,1.415711,3.128636
2.028914,1.234434,1.415319,3.128999
2.028914,1.234434,1.415319,3.128999
2.025444,1.239489,1.415100,3.129160
2.022011,1.244579,1.414881,3.129341
2.018613,1.249706,1.414664,3.129496
2.012134,1.260160,1.414180,3.129788
2.008944,1.265438,1.413939,3.129914
2.008944,1.265438,1.413939,3.129914
1.999754,1.281573,1.413171,3.130253
1.996781,1.287027,1.412909,3.130320
1.996781,1.287027,1.412909,3.130320
1.993838,1.292509,1.412650,3.130367
1.988223,1.303640,1.412116,3.130387
1.985454,1.309241,1.411855,3.130348
1.982708,1.314862,1.411592,3.130275
1.980077,1.320542,1.411323,3.130167
1.980077,1.320542,1.411323,3.130167
1.974875,1.331949,1.410813,3.129750
1.972301,1.337667,1.410576,3.129481
1.969839,1.343421,1.410338,3.129155
1.967391,1.349175,1.410117,3.128753
1.962541,1.360656,1.409724,3.127870
1.960223,1.366390,1.409546,3.127394
1.957918,1.372097,1.409392,3.126865
1.957918,1.372097,1.409392,3.126865
1.953344,1.383402,1.409158,3.125824
1.953344,1.383402,1.409158,3.125824
1.948893,1.394507,1.409009,3.124841
1.946723,1.399967,1.408982,3.124345
1.944564,1.405356,1.408976,3.123889
1.944564,1.405356,1.408976,3.123889
1.942419,1.410668,1.408991,3.123476
1.938258,1.420968,1.409047,3.122740
1.936198,1.425974,1.409098,3.122424
1.934152,1.430877,1.409163,3.122168
1.934152,1.430877,1.409163,3.122168
1.930188,1.440193,1.409300,3.121760
1.926286,1.449034,1.409469,3.121506
1.926286,1.449034,1.409469,3.121506
1.924393,1.453165,1.409538,3.121456
1.920660,1.461035,1.409677,3.121413
1.918820,1.464768,1.409743,3.121467
1.917028,1.468219,1.409813,3.121557
1.917028,1.468219,1.409813,3.121557
1.915257,1.471530,1.409878,3.121600
1.911776,1.477730,1.409988,3.121809
1.910088,1.480450,1.410002,3.121962
1.908423,1.483028,1.410007,3.122082
1.908423,1.483028,1.410007,3.122082
1.906780,1.485464,1.410003,3.122230
1.906780,1.485464,1.410003,3.122230
1.903587,1.489727,1.409934,3.122582
1.902038,1.491556,1.409869,3.122713
1.900511,1.493246,1.409795,3.122844
1.899008,1.494797,1.409714,3.122984
1.899008,1.494797,1.409714,3.122984
1.894731,1.498036,1.409293,3.123329
1.893351,1.498851,1.409151,3.123442
1.893351,1.498851,1.409151,3.123442
1.891994,1.499536,1.409003,3.123570
1.890689,1.499898,1.408798,3.123701
1.888144,1.500255,1.408374,3.123803
1.886904,1.500251,1.408157,3.123852
1.886904,1.500251,1.408157,3.123852
1.885720,1.499931,1.407896,3.123903
1.884556,1.499495,1.407634,3.123890
1.883411,1.498948,1.407375,3.123874
1.881214,1.497324,1.406814,3.123866
1.880159,1.496254,1.406513,3.123805
1.879122,1.495082,1.406213,3.123741
1.877119,1.492248,1.405575,3.123550
1.876150,1.490592,1.405230,3.123407
1.876150,1.490592,1.405230,3.123407
1.875196,1.488845,1.404888,3.123266
1.873353,1.484911,1.404173,3.123011
1.872464,1.482730,1.403801,3.122835
1.871587,1.480466,1.403435,3.122660
1.870721,1.478123,1.403074,3.122455
1.870721,1.478123,1.403074,3.122455
1.869066,1.472893,1.402303,3.122019
1.868252,1.470167,1.401940,3.121785
1.867446,1.467369,1.401584,3.121573
1.866662,1.464364,1.401181,3.121364
1.865112,1.458152,1.400397,3.120866
1.864346,1.454947,1.400016,3.120633
1.863625,1.451554,1.399564,3.120373
1.863625,1.451554,1.399564,3.120373
1.862907,1.448101,1.399121,3.120091
1.861476,1.441018,1.398263,3.119558
1.860763,1.437390,1.397848,3.119304
1.860087,1.433619,1.397390,3.119070
1.860087,1.433619,1.397390,3.119070
1.859412,1.429794,1.396942,3.118826
1.858735,1.425917,1.396504,3.118593
1.857408,1.417924,1.395583,3.118139
1.856756,1.413813,1.395118,3.117897
1.856100,1.409654,1.394664,3.117663
1.855439,1.405448,1.394222,3.117448
1.855439,1.405448,1.394222,3.117448
1.853476,1.392347,1.392856,3.116867
1.853476,1.392347,1.392856,3.116867
1.852808,1.387896,1.392419,3.116696
1.851437,1.378744,1.391521,3.116347
1.850738,1.374110,1.391090,3.116182
1.850028,1.369439,1.390673,3.116032
1.849313,1.364691,1.390254,3.115906
1.847848,1.355089,1.389455,3.115666
1.847097,1.350238,1.389075,3.115584
1.846336,1.345316,1.388692,3.115514
1.846336,1.345316,1.388692,3.115514
1.845561,1.340363,1.388322,3.115433
1.843964,1.330367,1.387620,3.115339
1.843146,1.325298,1.387280,3.115319
1.842310,1.320203,1.386959,3.115320
1.842310,1.320203,1.386959,3.115320
1.841456,1.315081,1.386651,3.115338
1.839678,1.304733,1.386069,3.115439
1.838753,1.299507,1.385795,3.115495
1.837804,1.294260,1.385533,3.115563
1.836831,1.288995,1.385284,3.115661
1.836831,1.288995,1.385284,3.115661
1.835831,1.283711,1.385047,3.115776
1.834802,1.278391,1.384812,3.115919
1.832657,1.267705,1.384378,3.116269
1.831539,1.262343,1.384180,3.116479
1.830381,1.256957,1.383997,3.116707
1.830381,1.256957,1.383997,3.116707
1.826695,1.240753,1.383531,3.117536
1.826695,1.240753,1.383531,3.117536
1.825382,1.235348,1.383421,3.117857
1.825382,1.235348,1.383421,3.117857
1.821195,1.219135,1.383154,3.118983
1.819674,1.213753,1.383100,3.119416
1.819674,1.213753,1.383100,3.119416
1.818106,1.208377,1.383057,3.119872
1.816490,1.203012,1.383025,3.120362
1.811284,1.187049,1.383055,3.121930
1.811284,1.187049,1.383055,3.121930
1.807528,1.176517,1.383131,3.123098
1.807528,1.176517,1.383131,3.123098
1.803461,1.166151,1.383265,3.124319
1.801340,1.161013,1.383336,3.124949
1.799160,1.155909,1.383415,3.125581
1.794522,1.145905,1.383634,3.126863
1.792112,1.140965,1.383753,3.127498
1.789641,1.136070,1.383876,3.128135
1.787056,1.131284,1.384040,3.128761
1.787056,1.131284,1.384040,3.128761
1.781702,1.121867,1.384368,3.129978
1.778931,1.117244,1.384532,3.130563
1.776099,1.112680,1.384700,3.131132
1.773149,1.108241,1.384911,3.131680
1.773149,1.108241,1.384911,3.131680
1.767067,1.099558,1.385338,3.132669
1.763937,1.095321,1.385553,3.133138
1.760680,1.091245,1.385817,3.133575
1.757366,1.087244,1.386079,3.133974
1.753995,1.083318,1.386339,3.134346
1.750569,1.079475,1.386598,3.134698
1.743396,1.072243,1.387171,3.135318
1.743396,1.072243,1.387171,3.135318
1.736016,1.065348,1.387731,3.135807
1.736016,1.065348,1.387731,3.135807
1.728229,1.058996,1.388329,3.136159
1.724266,1.055954,1.388621,3.136293
1.720258,1.053001,1.388908,3.136407
1.711909,1.047608,1.389513,3.136567
1.707674,1.045049,1.389808,3.136609
1.703400,1.042582,1.390087,3.136637
1.698996,1.040341,1.390377,3.136650
1.698996,1.040341,1.390377,3.136650
1.685581,1.034171,1.391211,3.136572
1.680978,1.032441,1.391503,3.136526
1.676346,1.030802,1.391788,3.136493
1.676346,1.030802,1.391788,3.136493
1.666999,1.027797,1.392334,3.136402
1.662229,1.026587,1.392618,3.136357
1.657434,1.025465,1.392895,3.136298
1.652616,1.024433,1.393166,3.136236
1.647776,1.023489,1.393429,3.136166
1.647776,1.023489,1.393429,3.136166
1.642915,1.022633,1.393685,3.136103
1.633031,1.021480,1.394200,3.135998
1.633031,1.021480,1.394200,3.135998
1.628063,1.021029,1.394446,3.135959
1.618031,1.020518,1.394931,3.135890
1.612969,1.020454,1.395169,3.135852
1.607893,1.020470,1.395400,3.135826
1.602807,1.020565,1.395624,3.135807
1.592539,1.021276,1.396082,3.135775
1.587390,1.021746,1.396310,3.135790
1.582233,1.022289,1.396531,3.135811
1.582233,1.022289,1.396531,3.135811
1.577039,1.023050,1.396751,3.135835
1.571837,1.023882,1.396966,3.135861
1.566628,1.024784,1.397173,3.135893
1.556169,1.026932,1.397578,3.135974
1.550921,1.028174,1.397773,3.136017
1.550921,1.028174,1.397773,3.136017
1.535149,1.032416,1.398324,3.136212
1.529880,1.034039,1.398497,3.136296
1.529880,1.034039,1.398497,3.136296
1.524609,1.035721,1.398664,3.136385
1.519335,1.037463,1.398824,3.136475
1.514059,1.039375,1.398993,3.136567
1.503505,1.043368,1.399313,3.136747
1.498227,1.045447,1.399466,3.136863
1.487679,1.049940,1.399777,3.137106
1.482405,1.052263,1.399924,3.137233
1.477130,1.054637,1.400071,3.137355
1.471857,1.057060,1.400213,3.137480
1.471857,1.057060,1.400213,3.137480
1.466593,1.059605,1.400356,3.137608
1.456068,1.064834,1.400624,3.137864
1.450807,1.067518,1.400750,3.138014
1.450807,1.067518,1.400750,3.138014
1.445563,1.070328,1.400874,3.138161
1.435079,1.076077,1.401124,3.138447
1.429839,1.079015,1.401250,3.138595
1.424624,1.082078,1.401381,3.138746
1.424624,1.082078,1.401381,3.138746
1.419412,1.085180,1.401507,3.138879
1.414200,1.088321,1.401628,3.139016
1.398584,1.098152,1.402002,3.139437
1.398584,1.098152,1.402002,3.139437
1.393383,1.101531,1.402135,3.139575
1.388183,1.104943,1.402261,3.139713
1.377813,1.112006,1.402509,3.139966
1.377813,1.112006,1.402509,3.139966
1.372629,1.115583,1.402625,3.140086
1.367445,1.119191,1.402735,3.140208
1.357121,1.126620,1.402939,3.140453
1.351958,1.130374,1.403034,3.140563
1.346795,1.134156,1.403125,3.140669
1.346795,1.134156,1.403125,3.140669
1.341652,1.138011,1.403224,3.140775
1.331363,1.145794,1.403408,3.140966
1.326217,1.149721,1.403492,3.141057
1.321098,1.153721,1.403572,3.141146
1.315977,1.157743,1.403648,3.141224
1.310852,1.161785,1.403719,3.141298
1.305724,1.165846,1.403786,3.141369
1.295497,1.174066,1.403915,3.141509
1.290397,1.178222,1.403976,3.141561
1.290397,1.178222,1.403976,3.141561
1.285292,1.182394,1.404034,3.141604
1.280183,1.186581,1.404097,3.141650
1.270028,1.195059,1.404213,3.141693
1.264941,1.199316,1.404265,3.141715
1.264941,1.199316,1.404265,3.141715
1.254773,1.207889,1.404379,3.141741
1.244600,1.216527,1.404477,3.141747
1.244600,1.216527,1.404477,3.141747
1.234407,1.225204,1.404560,3.141732
1.234407,1.225204,1.404560,3.141732
1.219065,1.238268,1.404685,3.141665
1.219065,1.238268,1.404685,3.141665
1.213930,1.242637,1.404733,3.141629
1.203624,1.251372,1.404821,3.141543
1.198454,1.255734,1.404861,3.141490
1.193270,1.260092,1.404912,3.141441
1.193270,1.260092,1.404912,3.141441
1.188073,1.264445,1.404959,3.141386
1.172380,1.277434,1.405100,3.141194
1.167107,1.281731,1.405153,3.141129
1.167107,1.281731,1.405153,3.141129
1.161819,1.286016,1.405204,3.141057
1.156517,1.290286,1.405252,3.140976
1.145843,1.298715,1.405371,3.140798
1.140481,1.302902,1.405427,3.140711
1.135104,1.307069,1.405480,3.140619
1.129709,1.311212,1.405532,3.140526
1.118827,1.319338,1.405634,3.140340
1.113360,1.323359,1.405683,3.140249
1.113360,1.323359,1.405683,3.140249
1.107875,1.327350,1.405732,3.140159
1.107875,1.327350,1.405732,3.140159
1.102338,1.331261,1.405768,3.140079
1.096784,1.335139,1.405804,3.140013
1.085623,1.342782,1.405875,3.139879
1.079990,1.346492,1.405919,3.139818
1.074341,1.350159,1.405962,3.139782
1.068675,1.353782,1.406005,3.139750
1.057256,1.360821,1.406094,3.139706
1.051505,1.364233,1.406140,3.139709
1.045738,1.367591,1.406186,3.139738
1.039958,1.370894,1.406236,3.139779
1.028249,1.377181,1.406354,3.139912
1.022377,1.380232,1.406413,3.140013
1.010552,1.386066,1.406528,3.140274
1.004603,1.388845,1.406584,3.140447
0.998645,1.391554,1.406662,3.140638
0.992680,1.394191,1.406739,3.140848
0.980643,1.399090,1.406896,3.141330
0.974619,1.401427,1.406972,3.141597
0.968592,1.403686,1.407047,3.141876
0.962533,1.405767,1.407130,3.142170
0.950416,1.409690,1.407304,3.142821
0.944361,1.411529,1.407393,3.143167
0.938310,1.413286,1.407478,3.143517
0.932254,1.414844,1.407564,3.143858
0.920159,1.417708,1.407727,3.144600
0.914122,1.419014,1.407802,3.144972
0.908113,1.420098,1.407889,3.145352
0.902112,1.421099,1.407971,3.145738
0.896123,1.422016,1.408048,3.146119
0.884223,1.423454,1.408210,3.146880
0.878314,1.423978,1.408294,3.147243
0.878314,1.423978,1.408294,3.147243
0.872419,1.424418,1.408372,3.147596
0.860706,1.424903,1.408531,3.148279
0.854887,1.424949,1.408612,3.148626
0.849085,1.424915,1.408686,3.148953
0.849085,1.424915,1.408686,3.148953
0.843300,1.424801,1.408756,3.149268
0.831833,1.424042,1.408900,3.149880
0.826128,1.423547,1.408963,3.150150
0.820441,1.422977,1.409024,3.150412
0.814802,1.422197,1.409094,3.150653
0.803581,1.420419,1.409214,3.151134
0.798000,1.419422,1.409265,3.151357
0.792491,1.418242,1.409328,3.151563
0.787003,1.416994,1.409384,3.151761
0.776084,1.414295,1.409466,3.152103
0.770701,1.412718,1.409503,3.152242
0.765337,1.411077,1.409535,3.152379
0.759994,1.409374,1.409562,3.152494
0.754672,1.407609,1.409584,3.152602
0.754672,1.407609,1.409584,3.152602
0.744137,1.403786,1.409622,3.152774
0.738925,1.401732,1.409646,3.152843
0.733732,1.399621,1.409665,3.152883
0.723454,1.395146,1.409697,3.152933
0.718369,1.392787,1.409710,3.152947
0.713301,1.390375,1.409718,3.152942
0.708252,1.387913,1.409721,3.152942
0.703276,1.385327,1.409750,3.152918
0.693375,1.380010,1.409816,3.152866
0.688450,1.377282,1.409840,3.152803
0.683601,1.374443,1.409885,3.152736
0.678767,1.371560,1.409925,3.152672
0.669144,1.365667,1.409987,3.152498
0.664426,1.362592,1.410038,3.152409
0.664426,1.362592,1.410038,3.152409
0.659723,1.359478,1.410084,3.152314
0.655033,1.356324,1.410124,3.152221
0.645766,1.349846,1.410198,3.152008
0.641188,1.346524,1.410233,3.151883
0.636621,1.343167,1.410261,3.151746
0.636621,1.343167,1.410261,3.151746
0.632067,1.339777,1.410285,3.151608
0.623122,1.332795,1.410322,3.151330
0.618666,1.329257,1.410332,3.151195
0.614220,1.325689,1.410338,3.151048
0.609853,1.322035,1.410355,3.150900
0.601144,1.314644,1.410373,3.150588
0.596801,1.310909,1.410367,3.150420
0.596801,1.310909,1.410367,3.150420
0.592468,1.307149,1.410355,3.150254
0.592468,1.307149,1.410355,3.150254
0.579714,1.295596,1.410314,3.149785
0.575477,1.291701,1.410291,3.149634
0.575477,1.291701,1.410291,3.149634
0.571304,1.287743,1.410271,3.149461
0.562976,1.279767,1.410215,3.149141
0.558821,1.275752,1.410181,3.148978
0.554718,1.271683,1.410146,3.148824
0.550621,1.267598,1.410107,3.148676
0.546529,1.263498,1.410065,3.148523
0.538395,1.255231,1.409972,3.148234
0.534353,1.251066,1.409927,3.148089
0.534353,1.251066,1.409927,3.148089
0.530314,1.246891,1.409879,3.147944
0.526279,1.242705,1.409827,3.147803
0.518284,1.234283,1.409732,3.147547
0.514292,1.230062,1.409681,3.147429
0.514292,1.230062,1.409681,3.147429
0.510303,1.225835,1.409626,3.147320
0.506350,1.221600,1.409585,3.147215
0.498454,1.213120,1.409487,3.147011
0.494511,1.208879,1.409436,3.146920
0.490602,1.204647,1.409393,3.146835
0.486697,1.200418,1.409348,3.146763
0.478902,1.191976,1.409256,3.146634
0.475024,1.187775,1.409218,3.146580
0.475024,1.187775,1.409218,3.146580
0.471153,1.183584,1.409181,3.146533
0.459580,1.171090,1.409077,3.146382
0.455754,1.166977,1.409055,3.146335
0.455754,1.166977,1.409055,3.146335
0.448137,1.158819,1.409023,3.146223
0.448137,1.158819,1.409023,3.146223
0.440592,1.150782,1.409023,3.146067
0.436851,1.146817,1.409030,3.145967
0.433130,1.142889,1.409045,3.145849
0.433130,1.142889,1.409045,3.145849
0.425784,1.135176,1.409095,3.145557
0.418571,1.127668,1.409162,3.145200
0.418571,1.127668,1.409162,3.145200
0.415009,1.123992,1.409201,3.144977
0.408064,1.116876,1.409328,3.144484
0.404645,1.113408,1.409405,3.144211
0.401267,1.110006,1.409490,3.143919
0.398007,1.106718,1.409590,3.143605
0.394791,1.103500,1.409697,3.143284
0.385511,1.094346,1.410073,3.142237
0.385511,1.094346,1.410073,3.142237
0.382576,1.091484,1.410216,3.141884
0.376869,1.086006,1.410509,3.141150
0.374181,1.083481,1.410676,3.140776
0.371553,1.081042,1.410857,3.140424
0.368986,1.078690,1.411037,3.140077
0.366482,1.076426,1.411214,3.139742
0.361826,1.072369,1.411607,3.139091
0.359597,1.070473,1.411795,3.138790
0.357436,1.068667,1.411977,3.138508
0.355343,1.066946,1.412153,3.138233
0.353409,1.065424,1.412347,3.137959
0.349750,1.062644,1.412712,3.137490
0.348026,1.061385,1.412881,3.137280
0.346455,1.060316,1.413069,3.137081
0.343524,1.058433,1.413415,3.136772
0.342166,1.057611,1.413579,3.136638
0.340972,1.056979,1.413763,3.136502
0.338795,1.055953,1.414098,3.136312
0.337812,1.055556,1.414249,3.136240
0.336985,1.055340,1.414414,3.136173
0.336226,1.055196,1.414568,3.136141
0.335536,1.055123,1.414710,3.136116
0.334436,1.055294,1.415022,3.136107
0.334023,1.055532,1.415171,3.136126
0.333678,1.055835,1.415309,3.136148
0.333678,1.055835,1.415309,3.136148
0.333399,1.056199,1.415436,3.136178
0.333254,1.056730,1.415561,3.136218
0.333157,1.057965,1.415765,3.136363
0.333205,1.058665,1.415846,3.136447
0.333205,1.058665,1.415846,3.136447
0.333382,1.059510,1.415921,3.136529
0.333920,1.061340,1.416041,3.136743
0.334280,1.062327,1.416087,3.136853
0.334769,1.063433,1.416112,3.136965
0.335315,1.064582,1.416130,3.137095
0.336579,1.067007,1.416150,3.137366
0.337295,1.068279,1.416148,3.137503
0.337295,1.068279,1.416148,3.137503
0.338135,1.069634,1.416140,3.137643
0.339029,1.071020,1.416125,3.137802
0.339977,1.072441,1.416103,3.137950
0.342095,1.075416,1.416017,3.138243
0.342095,1.075416,1.416017,3.138243
0.343262,1.076968,1.415955,3.138408
0.344479,1.078550,1.415886,3.138575
0.344479,1.078550,1.415886,3.138575
0.347124,1.081825,1.415737,3.138902
0.348551,1.083511,1.415657,3.139075
0.350023,1.085223,1.415571,3.139247
0.351540,1.086959,1.415482,3.139413
0.354853,1.090530,1.415292,3.139733
0.356573,1.092347,1.415191,3.139903
0.358333,1.094185,1.415086,3.140068
0.360199,1.096051,1.414979,3.140226
0.364048,1.099834,1.414757,3.140536
0.366030,1.101750,1.414642,3.140688
0.368111,1.103705,1.414526,3.140840
0.368111,1.103705,1.414526,3.140840
0.372378,1.107659,1.414285,3.141141
0.374565,1.109657,1.414161,3.141301
0.376828,1.111699,1.414036,3.141454
0.379124,1.113753,1.413909,3.141607
0.381453,1.115818,1.413780,3.141757
0.383813,1.117891,1.413658,3.141902
0.388709,1.122138,1.413396,3.142191
0.391202,1.124274,1.413261,3.142328
0.393724,1.126417,1.413126,3.142457
0.396275,1.128568,1.412989,3.142585
0.401523,1.132894,1.412690,3.142824
0.404188,1.135066,1.412541,3.142937
0.404188,1.135066,1.412541,3.142937
0.409629,1.139414,1.412232,3.143151
0.415202,1.143775,1.411915,3.143343
0.418025,1.145959,1.411756,3.143428
0.418025,1.145959,1.411756,3.143428
0.423783,1.150347,1.411461,3.143596
0.426697,1.152543,1.411314,3.143675
0.429635,1.154737,1.411168,3.143747
0.429635,1.154737,1.411168,3.143747
0.432623,1.156941,1.411027,3.143817
0.438663,1.161347,1.410746,3.143923
0.441715,1.163548,1.410605,3.143970
0.444795,1.165767,1.410480,3.144011
0.447896,1.167983,1.410354,3.144053
0.447896,1.167983,1.410354,3.144053
0.451015,1.170196,1.410229,3.144093
0.460508,1.176836,1.409877,3.144177
0.460508,1.176836,1.409877,3.144177
0.463712,1.179044,1.409763,3.144196
0.466933,1.181243,1.409650,3.144216
0.473455,1.185658,1.409468,3.144240
0.476739,1.187853,1.409376,3.144242
0.480039,1.190040,1.409284,3.144238
0.480039,1.190040,1.409284,3.144238
0.490096,1.196608,1.409084,3.144215
0.493475,1.198774,1.409019,3.144194
0.493475,1.198774,1.409019,3.144194
0.496867,1.200927,1.408954,3.144170
0.503722,1.205229,1.408862,3.144109
0.507166,1.207357,1.408814,3.144070
0.510620,1.209470,1.408767,3.144028
0.514098,1.211571,1.408740,3.143984
0.521080,1.215719,1.408680,3.143886
0.524583,1.217765,1.408648,3.143827
0.528087,1.219772,1.408644,3.143757
0.531597,1.221760,1.408640,3.143674
0.535113,1.223726,1.408635,3.143584
0.542150,1.227561,1.408648,3.143380
0.545670,1.229427,1.408665,3.143262
0.545670,1.229427,1.408665,3.143262
0.549191,1.231267,1.408682,3.143129
0.552716,1.233081,1.408699,3.142998
0.559752,1.236579,1.408792,3.142706
0.563269,1.238284,1.408839,3.142541
0.566784,1.239960,1.408887,3.142364
0.573774,1.243181,1.409057,3.141975
0.577260,1.244740,1.409152,3.141766
0.580739,1.246264,1.409246,3.141546
0.580739,1.246264,1.409246,3.141546
0.584192,1.247726,1.409376,3.141315
0.591068,1.250535,1.409633,3.140809
0.597871,1.253129,1.409928,3.140268
0.601239,1.254338,1.410093,3.139969
0.601239,1.254338,1.410093,3.139969
0.611225,1.257680,1.410586,3.139025
0.611225,1.257680,1.410586,3.139025
0.614477,1.258628,1.410775,3.138686
0.617703,1.259526,1.410962,3.138339
0.620902,1.260370,1.411149,3.137981
0.627161,1.261811,1.411517,3.137276
0.630216,1.262406,1.411705,3.136898
0.633237,1.262943,1.411890,3.136524
0.639081,1.263733,1.412256,3.135777
0.641903,1.263986,1.412435,3.135389
0.644681,1.264177,1.412614,3.135015
0.647414,1.264307,1.412788,3.134652
0.652551,1.264161,1.413119,3.133948
0.657489,1.263764,1.413428,3.133292
0.657489,1.263764,1.413428,3.133292
0.659778,1.263370,1.413572,3.132983
0.664194,1.262393,1.413841,3.132371
0.666317,1.261809,1.413966,3.132106
0.668249,1.261046,1.414089,3.131862
0.670122,1.260221,1.414206,3.131619
0.673688,1.258383,1.414418,3.131206
0.675232,1.257275,1.414513,3.131036
0.676713,1.256107,1.414604,3.130851
0.678132,1.254879,1.414688,3.130691
0.680610,1.252141,1.414835,3.130445
0.681669,1.250634,1.414900,3.130344
0.682662,1.249071,1.414958,3.130262
0.683589,1.247453,1.415008,3.130206
0.684448,1.245782,1.415050,3.130166
0.686083,1.240148,1.415152,3.130101
0.686492,1.238172,1.415173,3.130106
0.686492,1.238172,1.415173,3.130106
0.686649,1.236044,1.415176,3.130126
0.686762,1.231655,1.415165,3.130183
0.686716,1.229397,1.415175,3.130232
0.686420,1.227001,1.415171,3.130303
0.686058,1.224566,1.415160,3.130369
0.685628,1.222096,1.415145,3.130418
0.684391,1.216955,1.415102,3.130534
0.683585,1.214288,1.415074,3.130603
0.683585,1.214288,1.415074,3.130603
0.680592,1.206050,1.414960,3.130874
0.679346,1.203205,1.414924,3.130964
0.678035,1.200338,1.414883,3.131027
0.678035,1.200338,1.414883,3.131027
0.673353,1.191500,1.414800,3.131243
0.671605,1.188502,1.414760,3.131320
0.669794,1.185493,1.414717,3.131402
0.669794,1.185493,1.414717,3.131402
0.665651,1.179368,1.414674,3.131580
0.663487,1.176298,1.414647,3.131673
0.661262,1.173224,1.414617,3.131733
0.658821,1.170132,1.414605,3.131801
0.656321,1.167041,1.414590,3.131866
0.648460,1.157797,1.414527,3.132104
0.645568,1.154723,1.414536,3.132191
0.639614,1.148614,1.414542,3.132340
0.636551,1.145584,1.414540,3.132382
0.633292,1.142566,1.414556,3.132431
0.629979,1.139569,1.414568,3.132465
0.626612,1.136597,1.414576,3.132497
0.623192,1.133651,1.414582,3.132529
0.615944,1.127847,1.414635,3.132567
0.612246,1.124995,1.414657,3.132584
0.608497,1.122180,1.414675,3.132600
0.604597,1.119425,1.414717,3.132580
0.596663,1.114040,1.414790,3.132496
0.592629,1.111415,1.414822,3.132436
0.592629,1.111415,1.414822,3.132436
0.584230,1.106401,1.414948,3.132275
0.575677,1.101601,1.415060,3.132043
0.571245,1.099332,1.415141,3.131879
0.562288,1.094978,1.415289,3.131477
0.557765,1.092897,1.415356,3.131250
0.553116,1.090946,1.415447,3.131001
0.548444,1.089064,1.415533,3.130717
0.539035,1.085512,1.415704,3.130090
0.534225,1.083935,1.415813,3.129746
0.529399,1.082434,1.415917,3.129351
0.519714,1.079663,1.416108,3.128503
0.519714,1.079663,1.416108,3.128503
0.509940,1.077305,1.416298,3.127579
0.505019,1.076295,1.416394,3.127071
0.500098,1.075368,1.416485,3.126549
0.495180,1.074523,1.416569,3.126015
0.480347,1.072795,1.416824,3.124305
0.480347,1.072795,1.416824,3.124305
0.475427,1.072387,1.416898,3.123715
0.460660,1.072019,1.417130,3.121872
0.455784,1.072063,1.417196,3.121247
0.450912,1.072308,1.417281,3.120625
0.441266,1.073046,1.417436,3.119353
0.436498,1.073535,1.417508,3.118726
0.431761,1.074232,1.417604,3.118110
0.427067,1.075006,1.417696,3.117498
0.417819,1.076781,1.417864,3.116313
0.413274,1.077930,1.417962,3.115744
0.408784,1.079150,1.418056,3.115168
0.404350,1.080439,1.418146,3.114631
0.399975,1.081796,1.418231,3.114126
0.391496,1.084967,1.418388,3.113169
0.383280,1.088381,1.418531,3.112331
0.383280,1.088381,1.418531,3.112331
0.371632,1.094251,1.418745,3.111270
0.367899,1.096307,1.418811,3.110998
0.364245,1.098409,1.418874,3.110765
0.360731,1.100649,1.418945,3.110567
0.353944,1.105249,1.419077,3.110233
0.350676,1.107604,1.419137,3.110135
0.347548,1.110083,1.419210,3.110075
0.347548,1.110083,1.419210,3.110075
0.341552,1.115128,1.419338,3.110005
0.341552,1.115128,1.419338,3.110005
0.335985,1.120358,1.419468,3.110111
0.333373,1.123047,1.419538,3.110187
0.330850,1.125754,1.419602,3.110298
0.324012,1.134098,1.419788,3.110795
0.321944,1.136924,1.419836,3.111007
0.321944,1.136924,1.419836,3.111007
0.316492,1.145506,1.420009,3.111792
0.314886,1.148386,1.420063,3.112082
0.313368,1.151266,1.420111,3.112400
0.312045,1.154168,1.420166,3.112751
0.309653,1.159962,1.420256,3.113472
0.308587,1.162848,1.420290,3.113852
0.307705,1.165753,1.420326,3.114267
0.306190,1.171536,1.420372,3.115120
0.305553,1.174413,1.420384,3.115566
0.305090,1.177279,1.420409,3.116039
0.305090,1.177279,1.420409,3.116039
0.304707,1.180134,1.420426,3.116500
0.304400,1.182976,1.420435,3.116961
0.304025,1.191419,1.420420,3.118455
0.304025,1.191419,1.420420,3.118455
0.304256,1.196972,1.420381,3.119491
0.304847,1.202441,1.420316,3.120555
0.305284,1.205142,1.420278,3.121093
0.305788,1.207828,1.420234,3.121633
0.307067,1.213131,1.420132,3.122734
0.307838,1.215750,1.420074,3.123288
0.308672,1.218353,1.419999,3.123848
0.309567,1.220942,1.419917,3.124414
0.311659,1.226043,1.419743,3.125531
0.313982,1.231088,1.419548,3.126652
0.313982,1.231088,1.419548,3.126652
0.315306,1.233561,1.419435,3.127214
0.318116,1.238462,1.419178,3.128318
0.321191,1.243279,1.418875,3.129443
0.321191,1.243279,1.418875,3.129443
0.322832,1.245652,1.418711,3.129989
0.326256,1.250364,1.418376,3.131084
0.329972,1.254992,1.418018,3.132152
0.331897,1.257288,1.417834,3.132680
0.335932,1.261834,1.417455,3.133730
0.338039,1.264085,1.417261,3.134245
0.340187,1.266326,1.417066,3.134751
0.342373,1.268559,1.416869,3.135249
0.344599,1.270782,1.416671,3.135744
0.346897,1.272981,1.416461,3.136229
0.351604,1.277349,1.416038,3.137169
0.354010,1.279521,1.415826,3.137633
0.359007,1.283806,1.415396,3.138532
0.364135,1.288064,1.414972,3.139388
0.364135,1.288064,1.414972,3.139388
0.366782,1.290162,1.414764,3.139808
0.372166,1.294340,1.414350,3.140592
0.374902,1.296419,1.414143,3.140979
0.377701,1.298474,1.413936,3.141355
0.380527,1.300523,1.413729,3.141726
0.383379,1.302568,1.413522,3.142087
0.389185,1.306632,1.413116,3.142778
0.392138,1.308651,1.412914,3.143108
0.395114,1.310667,1.412713,3.143422
0.401137,1.314670,1.412308,3.144054
0.404183,1.316659,1.412104,3.144351
0.410339,1.320631,1.411713,3.144911
0.410339,1.320631,1.411713,3.144911
0.413446,1.322583,1.411512,3.145166
0.422886,1.328425,1.410917,3.145909
0.426078,1.330344,1.410725,3.146140
0.426078,1.330344,1.410725,3.146140
0.429288,1.332263,1.410534,3.146356
0.435761,1.336095,1.410112,3.146768
0.439023,1.338010,1.409904,3.146960
0.442293,1.339910,1.409707,3.147145
0.448882,1.343707,1.409322,3.147485
0.452199,1.345604,1.409132,3.147641
0.455530,1.347492,1.408939,3.147795
0.458875,1.349380,1.408748,3.147938
0.462233,1.351269,1.408561,3.148074
0.468980,1.355043,1.408183,3.148321
0.472367,1.356931,1.407994,3.148433
0.475767,1.358819,1.407806,3.148537
0.482581,1.362587,1.407433,3.148723
0.485994,1.364467,1.407247,3.148802
0.489418,1.366347,1.407063,3.148868
0.492849,1.368229,1.406883,3.148937
0.499690,1.372014,1.406512,3.149040
0.503120,1.373908,1.406332,3.149082
0.506557,1.375803,1.406158,3.149116
0.506557,1.375803,1.406158,3.149116
0.509966,1.377709,1.405985,3.149145
0.520222,1.383430,1.405488,3.149216
0.523602,1.385346,1.405323,3.149223
0.526984,1.387263,1.405162,3.149230
0.526984,1.387263,1.405162,3.149230
0.537068,1.393021,1.404675,3.149194
0.540386,1.394940,1.404519,3.149182
0.543702,1.396861,1.404367,3.149160
0.547013,1.398784,1.404219,3.149137
0.550319,1.400709,1.404075,3.149104
0.556804,1.404612,1.403809,3.149027
0.560035,1.406567,1.403679,3.148984
0.566411,1.410497,1.403435,3.148877
0.569555,1.412472,1.403320,3.148821
0.572687,1.414449,1.403210,3.148762
0.575803,1.416427,1.403104,3.148697
0.581873,1.420399,1.402935,3.148570
0.584881,1.422387,1.402862,3.148496
0.587869,1.424377,1.402795,3.148421
0.590770,1.426378,1.402732,3.148338
0.590770,1.426378,1.402732,3.148338
0.596498,1.430383,1.402620,3.148163
0.602040,1.434398,1.402523,3.147968
0.604728,1.436410,1.402481,3.147871
0.607382,1.438424,1.402445,3.147767
0.612490,1.442457,1.402375,3.147551
0.614941,1.444475,1.402342,3.147441
0.617349,1.446494,1.402314,3.147324
0.621923,1.450522,1.402297,3.147076
0.624086,1.452530,1.402307,3.146948
0.626199,1.454538,1.402321,3.146816
0.628261,1.456546,1.402337,3.146672
0.630154,1.458545,1.402343,3.146525
0.635499,1.464542,1.402380,3.146093
0.635499,1.464542,1.402380,3.146093
0.637161,1.466541,1.402399,3.145931
0.640048,1.470507,1.402420,3.145587
0.641394,1.472488,1.402432,3.145424
0.642673,1.474468,1.402446,3.145253
0.643762,1.476438,1.402449,3.145076
0.645729,1.480371,1.402475,3.144728
0.647264,1.484281,1.402499,3.144360
0.647850,1.486224,1.402500,3.144171
0.647850,1.486224,1.402500,3.144171
0.648796,1.490097,1.402498,3.143808
0.649135,1.493910,1.402478,3.143455
0.649189,1.495808,1.402468,3.143286
0.649189,1.495808,1.402468,3.143286
0.648916,1.499561,1.402438,3.142932
0.648187,1.503263,1.402399,3.142561
0.647707,1.505102,1.402375,3.142377
0.647707,1.505102,1.402375,3.142377
0.646208,1.508718,1.402340,3.142022
0.645345,1.510514,1.402325,3.141865
0.644405,1.512302,1.402307,3.141707
0.643219,1.514057,1.402304,3.141561
0.640626,1.517543,1.402286,3.141255
0.639219,1.519271,1.402272,3.141098
0.637553,1.520972,1.402266,3.140943
0.635816,1.522663,1.402257,3.140804
0.632132,1.526013,1.402229,3.140535
0.627996,1.529301,1.402189,3.140291
0.625741,1.530920,1.402165,3.140155
0.623420,1.532528,1.402138,3.140019
0.618417,1.535677,1.402050,3.139765
0.615738,1.537218,1.401992,3.139660
0.612999,1.538749,1.401931,3.139557
0.607177,1.541752,1.401782,3.139379
0.604097,1.543226,1.401696,3.139305
0.600962,1.544692,1.401617,3.139186
0.597772,1.546149,1.401538,3.139088
0.590920,1.548985,1.401344,3.138913
0.590920,1.548985,1.401344,3.138913
0.583866,1.551791,1.401146,3.138751
0.583866,1.551791,1.401146,3.138751
0.580117,1.553152,1.401021,3.138679
0.572484,1.555859,1.400765,3.138576
0.564526,1.558522,1.400481,3.138425
0.564526,1.558522,1.400481,3.138425
0.560410,1.559834,1.400328,3.138363
0.547702,1.563738,1.399850,3.138197
0.543305,1.565023,1.399673,3.138157
0.543305,1.565023,1.399673,3.138157
0.538875,1.566308,1.399498,3.138129
0.529808,1.568861,1.399132,3.138043
0.525174,1.570127,1.398943,3.137998
0.520514,1.571398,1.398756,3.137954
0.515827,1.572672,1.398571,3.137906
0.506285,1.575220,1.398178,3.137822
0.501433,1.576494,1.397972,3.137785
0.496563,1.577780,1.397769,3.137750
0.491676,1.579075,1.397569,3.137676
0.481664,1.581648,1.397154,3.137545
0.476642,1.582955,1.396953,3.137478
0.471611,1.584277,1.396738,3.137406
0.466492,1.585575,1.396519,3.137332
0.451126,1.589581,1.395898,3.137116
0.445943,1.590937,1.395689,3.137000
0.440767,1.592315,1.395488,3.136898
0.435601,1.593716,1.395295,3.136780
0.425264,1.596577,1.394934,3.136517
0.420099,1.598039,1.394762,3.136381
0.414955,1.599529,1.394598,3.136238
0.404722,1.602602,1.394289,3.135939
0.394588,1.605802,1.393997,3.135603
0.389571,1.607451,1.393862,3.135426
0.389571,1.607451,1.393862,3.135426
0.374740,1.612645,1.393497,3.134861
0.369884,1.614445,1.393395,3.134667
0.365094,1.616318,1.393300,3.134487
0.355668,1.620172,1.393143,3.134086
0.351038,1.622154,1.393081,3.133888
0.346465,1.624173,1.393028,3.133700
0.341990,1.626287,1.392976,3.133520
0.333229,1.630627,1.392897,3.133152
0.328946,1.632853,1.392869,3.132981
0.324795,1.635198,1.392828,3.132821
0.320711,1.637579,1.392796,3.132651
0.316698,1.639997,1.392769,3.132502
0.308935,1.645030,1.392740,3.132223
0.305188,1.647644,1.392736,3.132090
0.301515,1.650294,1.392736,3.131973
0.294473,1.655779,1.392753,3.131779
0.291105,1.658611,1.392767,3.131681
0.287813,1.661476,1.392784,3.131606
0.284599,1.664374,1.392803,3.131539
0.278569,1.670424,1.392846,3.131439
0.275669,1.673496,1.392869,3.131402
0.272846,1.676599,1.392884,3.131379
0.272846,1.676599,1.392884,3.131379
0.270205,1.679814,1.392901,3.131376
0.267640,1.683058,1.392918,3.131355
0.260517,1.693036,1.392981,3.131402
0.260517,1.693036,1.392981,3.131402
0.258370,1.696475,1.393007,3.131433
0.254295,1.703433,1.393041,3.131512
0.250771,1.710665,1.393055,3.131614
0.249112,1.714318,1.393062,3.131676
0.247522,1.717991,1.393068,3.131752
0.244686,1.725471,1.393076,3.131937
0.243435,1.729277,1.393065,3.132020
0.242249,1.733106,1.393053,3.132108
0.242249,1.733106,1.393053,3.132108
0.240192,1.740892,1.393025,3.132316
0.239318,1.744847,1.393010,3.132419
0.238503,1.748820,1.392994,3.132523
0.237745,1.752815,1.392978,3.132642
0.236642,1.761001,1.392964,3.132901
0.236170,1.765126,1.392957,3.133029
0.235750,1.769271,1.392949,3.133158
0.235505,1.773499,1.392965,3.133305
0.235159,1.782014,1.392996,3.133562
0.235058,1.786298,1.393009,3.133692
0.235130,1.790645,1.393032,3.133838
0.235245,1.795012,1.393055,3.133986
0.235599,1.803805,1.393097,3.134281
0.235957,1.808281,1.393119,3.134428
0.236352,1.812775,1.393140,3.134570
0.236783,1.817290,1.393160,3.134713
0.237249,1.821824,1.393178,3.134854
0.238484,1.831026,1.393207,3.135150
0.239149,1.835655,1.393220,3.135308
0.239844,1.840304,1.393233,3.135459
0.239844,1.840304,1.393233,3.135459
0.241486,1.849743,1.393268,3.135760
0.242348,1.854490,1.393284,3.135906
0.243235,1.859254,1.393276,3.136050
0.244147,1.864037,1.393267,3.136199
0.246182,1.873743,1.393267,3.136489
0.247232,1.878622,1.393267,3.136643
0.248302,1.883519,1.393266,3.136793
0.249460,1.888491,1.393271,3.136945
0.251828,1.898485,1.393290,3.137236
0.254338,1.908588,1.393322,3.137519
0.255653,1.913686,1.393339,3.137647
0.256980,1.918800,1.393355,3.137784
0.258320,1.923931,1.393371,3.137916
0.261160,1.934350,1.393405,3.138192
0.262594,1.939582,1.393420,3.138321
0.264037,1.944829,1.393434,3.138443
0.267067,1.955495,1.393456,3.138686
0.268592,1.960849,1.393466,3.138819
0.270123,1.966217,1.393476,3.138949
0.273332,1.977114,1.393511,3.139184
0.276550,1.988064,1.393546,3.139418
0.276550,1.988064,1.393546,3.139418
0.278209,1.993610,1.393567,3.139523
0.283181,2.010315,1.393625,3.139839
0.284876,2.015954,1.393639,3.139946
0.286567,2.021605,1.393652,3.140048
0.289940,2.032937,1.393681,3.140233
0.293316,2.044355,1.393705,3.140412
0.295007,2.050100,1.393714,3.140499
0.296692,2.055853,1.393722,3.140576
0.300035,2.067409,1.393727,3.140725
0.301691,2.073211,1.393727,3.140785
0.301691,2.073211,1.393727,3.140785
0.303339,2.079021,1.393728,3.140850
0.304977,2.084837,1.393731,3.140898
0.309747,2.102405,1.393742,3.140986
0.309747,2.102405,1.393742,3.140986
0.311314,2.108270,1.393759,3.140994
0.314358,2.120064,1.393779,3.140962
0.317346,2.131860,1.393819,3.140842
0.318792,2.137787,1.393837,3.140741
0.321634,2.149625,1.393911,3.140447
0.323029,2.155529,1.393969,3.140242
0.324387,2.161439,1.394036,3.140005
0.325725,2.167332,1.394122,3.139732
0.327040,2.173203,1.394230,3.139419
0.329577,2.184846,1.394519,3.138704
0.330798,2.190606,1.394690,3.138318
0.330798,2.190606,1.394690,3.138318
0.331994,2.196320,1.394887,3.137909
0.334277,2.207563,1.395365,3.137109
0.336427,2.218518,1.395945,3.136378
0.336427,2.218518,1.395945,3.136378
0.338475,2.229136,1.396608,3.135783
0.340370,2.239297,1.397308,3.135364
0.341283,2.244214,1.397675,3.135240
0.342174,2.249014,1.398049,3.135178
0.343035,2.253630,1.398437,3.135171
0.344697,2.262477,1.399214,3.135315
0.345500,2.266700,1.399596,3.135471
0.346263,2.270691,1.399984,3.135690
0.347744,2.278244,1.400732,3.136296
0.348464,2.281800,1.401087,3.136683
0.349167,2.285073,1.401435,3.137104
0.349861,2.288196,1.401768,3.137552
0.350544,2.291166,1.402086,3.138043
0.351219,2.293985,1.402396,3.138571
0.352524,2.298819,1.402964,3.139717
0.352524,2.298819,1.402964,3.139717
0.353169,2.301008,1.403220,3.140323
0.353811,2.303045,1.403458,3.140936
0.355747,2.307641,1.404015,3.142826
0.356392,2.308880,1.404171,3.143442
0.356392,2.308880,1.404171,3.143442
0.358375,2.311093,1.404466,3.145264
0.359044,2.311553,1.404536,3.145847
0.359725,2.311654,1.404564,3.146428
0.361106,2.311471,1.404578,3.147550
0.361807,2.311190,1.404567,3.148054
0.362517,2.310785,1.404547,3.148537
0.363264,2.310062,1.404480,3.149003
0.364782,2.308266,1.404322,3.149879
0.365556,2.307198,1.404234,3.150290
0.366359,2.305831,1.404133,3.150677
0.367173,2.304359,1.404027,3.151041
0.367997,2.302788,1.403916,3.151377
0.369692,2.299181,1.403648,3.151933
0.370563,2.297151,1.403492,3.152179
0.371444,2.295027,1.403335,3.152406
0.373264,2.290368,1.402989,3.152806
0.374201,2.287838,1.402803,3.152974
0.375150,2.285228,1.402616,3.153121
0.376110,2.282537,1.402430,3.153224
0.376110,2.282537,1.402430,3.153224
0.379191,2.273542,1.401807,3.153425
0.380237,2.270397,1.401614,3.153451
0.381339,2.267053,1.401406,3.153466
0.381339,2.267053,1.401406,3.153466
0.384695,2.256627,1.400796,3.153462
0.385869,2.252907,1.400571,3.153404
0.387051,2.249125,1.400350,3.153345
0.387051,2.249125,1.400350,3.153345
0.390665,2.237317,1.399651,3.153076
0.391901,2.233193,1.399407,3.152966
0.391901,2.233193,1.399407,3.152966
0.393142,2.229015,1.399169,3.152848
0.394387,2.224785,1.398934,3.152715
0.396924,2.216072,1.398452,3.152402
0.398214,2.211590,1.398201,3.152240
0.399507,2.207060,1.397957,3.152078
0.402131,2.197765,1.397473,3.151702
0.404790,2.188196,1.396999,3.151335
0.406120,2.183346,1.396770,3.151138
0.407468,2.178372,1.396538,3.150931
0.410158,2.168302,1.396101,3.150494
0.411499,2.163207,1.395891,3.150275
0.412853,2.158003,1.395693,3.150049
0.415546,2.147480,1.395313,3.149586
0.416884,2.142163,1.395132,3.149350
0.418239,2.136754,1.394959,3.149122
0.419586,2.131310,1.394792,3.148886
0.423612,2.114718,1.394315,3.148170
0.423612,2.114718,1.394315,3.148170
0.424958,2.109087,1.394161,3.147938
0.426292,2.103423,1.394013,3.147708
0.427614,2.097726,1.393871,3.147469
0.430270,2.086135,1.393591,3.147005
0.431575,2.080295,1.393460,3.146773
0.432862,2.074424,1.393334,3.146529
0.435437,2.062503,1.393087,3.146086
0.436694,2.056500,1.392970,3.145872
0.437928,2.050470,1.392864,3.145659
0.439140,2.044412,1.392763,3.145444
0.441521,2.032139,1.392573,3.145040
0.442671,2.025966,1.392487,3.144828
0.443793,2.019768,1.392406,3.144618
0.444897,2.013511,1.392334,3.144415
0.445968,2.007231,1.392268,3.144222
0.447006,2.000930,1.392215,3.144036
0.448969,1.988240,1.392128,3.143686
0.449891,1.981854,1.392094,3.143521
0.450771,1.975453,1.392066,3.143370
0.452376,1.962584,1.392025,3.143065
0.453097,1.956118,1.392021,3.142926
0.453097,1.956118,1.392021,3.142926
0.453770,1.949639,1.392020,3.142803
0.455450,1.930115,1.392043,3.142498
0.455894,1.923589,1.392061,3.142428
0.456282,1.917055,1.392084,3.142356
0.456594,1.910506,1.392098,3.142305
0.456845,1.903955,1.392116,3.142256
0.457154,1.890853,1.392166,3.142207
0.457191,1.884290,1.392178,3.142202
0.457057,1.871183,1.392214,3.142219
0.456613,1.858116,1.392239,3.142260
0.456613,1.858116,1.392239,3.142260
0.455853,1.845103,1.392252,3.142319
0.455853,1.845103,1.392252,3.142319
0.454784,1.832162,1.392278,3.142405
0.454094,1.825752,1.392257,3.142447
0.453325,1.819366,1.392240,3.142480
0.452475,1.813008,1.392227,3.142515
0.451540,1.806681,1.392228,3.142561
0.449298,1.794205,1.392161,3.142593
0.448054,1.788019,1.392131,3.142591
0.446726,1.781873,1.392104,3.142583
0.443705,1.769816,1.391974,3.142517
0.442070,1.763853,1.391919,3.142453
0.440352,1.757938,1.391865,3.142382
0.436532,1.746385,1.391713,3.142146
0.434499,1.740686,1.391640,3.141998
0.432383,1.735041,1.391570,3.141823
0.430110,1.729504,1.391469,3.141637
0.427757,1.724025,1.391370,3.141411
0.420132,1.708017,1.391093,3.140638
0.420132,1.708017,1.391093,3.140638
0.417374,1.702852,1.390995,3.140298
0.411630,1.692717,1.390806,3.139587
0.408567,1.687828,1.390694,3.139210
0.405432,1.683007,1.390582,3.138796
0.398948,1.673570,1.390368,3.137936
0.398948,1.673570,1.390368,3.137936
0.392034,1.664583,1.390132,3.137017
0.388474,1.660198,1.390019,3.136514
0.384848,1.655885,1.389909,3.136007
0.377337,1.647568,1.389699,3.134977
0.373456,1.643565,1.389599,3.134429
0.369513,1.639634,1.389503,3.133879
0.365510,1.635776,1.389409,3.133338
0.357224,1.628474,1.389213,3.132247
0.348711,1.621465,1.389034,3.131117
0.348711,1.621465,1.389034,3.131117
0.344346,1.618173,1.388932,3.130560
0.330937,1.608726,1.388645,3.128894
0.326342,1.605820,1.388543,3.128367
0.321697,1.602983,1.388445,3.127825
0.317005,1.600217,1.388351,3.127301
0.307471,1.594988,1.388171,3.126267
0.302633,1.592521,1.388079,3.125755
0.302633,1.592521,1.388079,3.125755
0.297751,1.590121,1.387990,3.125258
0.287829,1.585616,1.387811,3.124325
0.282791,1.583509,1.387720,3.123862
0.272595,1.579488,1.387534,3.122995
0.272595,1.579488,1.387534,3.122995
0.267415,1.577663,1.387438,3.122588
0.256946,1.574198,1.387259,3.121785
0.251660,1.572556,1.387174,3.121418
0.246315,1.571039,1.387086,3.121071
0.235530,1.568181,1.386911,3.120401
0.224617,1.565553,1.386743,3.119826
0.224617,1.565553,1.386743,3.119826
0.219105,1.564370,1.386665,3.119559
0.207996,1.562167,1.386518,3.119059
0.202399,1.561147,1.386449,3.118844
0.196780,1.560226,1.386389,3.118652
0.191134,1.559357,1.386332,3.118477
0.185462,1.558539,1.386278,3.118322
0.174033,1.557093,1.386172,3.118075
0.168278,1.556463,1.386120,3.117965
0.162499,1.555881,1.386071,3.117874
0.156697,1.555346,1.386026,3.117801
0.145003,1.554500,1.385940,3.117727
0.139122,1.554144,1.385901,3.117713
0.133222,1.553832,1.385865,3.117714
0.121342,1.553404,1.385813,3.117769
0.115372,1.553252,1.385791,3.117824
0.109382,1.553142,1.385772,3.117897
0.103365,1.553092,1.385747,3.117984
0.091278,1.553108,1.385704,3.118203
0.085206,1.553172,1.385686,3.118336
0.079109,1.553301,1.385670,3.118488
0.072995,1.553465,1.385656,3.118649
0.066864,1.553664,1.385644,3.118821
0.060715,1.553898,1.385650,3.119014
0.048324,1.554494,1.385680,3.119431
0.042104,1.554840,1.385697,3.119662
0.035867,1.555218,1.385714,3.119902
0.029614,1.555626,1.385733,3.120149
0.017014,1.556541,1.385773,3.120668
0.010691,1.557041,1.385801,3.120941
0.004353,1.557568,1.385828,3.121228
-0.008405,1.558694,1.385860,3.121837
-0.014806,1.559295,1.385878,3.122162
-0.021222,1.559919,1.385896,3.122488
-0.021222,1.559919,1.385896,3.122488
-0.040624,1.561878,1.385947,3.123506
-0.047120,1.562573,1.385970,3.123849
-0.047120,1.562573,1.385970,3.123849
-0.053643,1.563274,1.385993,3.124217
-0.073297,1.565482,1.386068,3.125315
-0.079889,1.566248,1.386097,3.125690
-0.086494,1.567029,1.386127,3.126071
-0.099746,1.568633,1.386191,3.126841
-0.106415,1.569445,1.386218,3.127224
-0.113096,1.570268,1.386245,3.127611
-0.119791,1.571101,1.386272,3.127996
-0.126499,1.571943,1.386301,3.128386
-0.139990,1.573595,1.386331,3.129181
-0.146755,1.574430,1.386348,3.129572
-0.153533,1.575270,1.386366,3.129960
-0.167179,1.576881,1.386393,3.130739
-0.174021,1.577688,1.386408,3.131139
-0.180875,1.578495,1.386409,3.131534
-0.180875,1.578495,1.386409,3.131534
-0.187742,1.579301,1.386412,3.131936
-0.194646,1.580071,1.386434,3.132328
-0.201562,1.580837,1.386457,3.132723
-0.215430,1.582353,1.386509,3.133500
-0.222398,1.583056,1.386553,3.133885
-0.236369,1.584433,1.386647,3.134663
-0.243371,1.585103,1.386697,3.135052
-0.250410,1.585715,1.386768,3.135433
-0.257458,1.586311,1.386839,3.135830
-0.264516,1.586891,1.386912,3.136224
-0.278681,1.587933,1.387087,3.136987
-0.285787,1.588390,1.387189,3.137375
-0.292900,1.588825,1.387292,3.137763
-0.307157,1.589540,1.387540,3.138524
-0.321448,1.590068,1.387832,3.139316
-0.321448,1.590068,1.387832,3.139316
-0.328604,1.590288,1.387980,3.139714
-0.342944,1.590472,1.388346,3.140521
-0.350121,1.590514,1.388535,3.140934
-0.357302,1.590521,1.388725,3.141349
-0.364481,1.590410,1.388946,3.141760
-0.378847,1.590075,1.389392,3.142603
-0.386032,1.589848,1.389617,3.143027
-0.393200,1.589506,1.389843,3.143456
-0.400368,1.589122,1.390071,3.143893
-0.414699,1.588221,1.390531,3.144757
-0.428997,1.587059,1.391016,3.145611
-0.436129,1.586369,1.391271,3.146053
-0.443256,1.585630,1.391526,3.146491
-0.457464,1.583929,1.392070,3.147353
-0.464542,1.582967,1.392353,3.147788
-0.471613,1.581952,1.392636,3.148219
-0.485683,1.579684,1.393218,3.149064
-0.492681,1.578432,1.393517,3.149490
-0.499668,1.577125,1.393805,3.149911
-0.506644,1.575764,1.394091,3.150312
-0.527390,1.571120,1.394957,3.151495
-0.534281,1.569464,1.395238,3.151872
-0.534281,1.569464,1.395238,3.151872
-0.541113,1.567658,1.395510,3.152233
-0.547931,1.565798,1.395777,3.152596
-0.568250,1.559804,1.396553,3.153635
-0.568250,1.559804,1.396553,3.153635
-0.574960,1.557635,1.396794,3.153961
-0.594954,1.550726,1.397465,3.154850
-0.601557,1.548254,1.397679,3.155125
-0.608145,1.545735,1.397886,3.155377
-0.621228,1.540458,1.398264,3.155854
-0.627724,1.537704,1.398434,3.156090
-0.634206,1.534907,1.398595,3.156304
-0.640675,1.532068,1.398748,3.156509
-0.659886,1.523154,1.399168,3.157054
-0.666246,1.520081,1.399294,3.157204
-0.672594,1.516970,1.399412,3.157343
-0.678855,1.513759,1.399515,3.157472
-0.691351,1.507236,1.399701,3.157693
-0.697587,1.503927,1.399787,3.157789
-0.697587,1.503927,1.399787,3.157789
-0.703737,1.500525,1.399861,3.157875
-0.716021,1.493634,1.399990,3.158038
-0.722156,1.490149,1.400047,3.158101
-0.728217,1.486583,1.400101,3.158154
-0.734276,1.482995,1.400151,3.158208
-0.740335,1.479386,1.400196,3.158256
-0.758389,1.468341,1.400285,3.158376
-0.758389,1.468341,1.400285,3.158376
-0.764392,1.464611,1.400308,3.158405
-0.776351,1.457041,1.400363,3.158453
-0.788277,1.449366,1.400424,3.158493
-0.794252,1.445522,1.400450,3.158499
-0.794252,1.445522,1.400450,3.158499
-0.806098,1.437696,1.400550,3.158522
-0.817995,1.429882,1.400640,3.158546
-0.817995,1.429882,1.400640,3.158546
-0.823925,1.425932,1.400709,3.158554
-0.835831,1.418063,1.400836,3.158553
-0.847805,1.410251,1.400953,3.158540
-0.847805,1.410251,1.400953,3.158540
-0.853802,1.406339,1.401034,3.158520
-0.859817,1.402449,1.401114,3.158495
-0.871907,1.394742,1.401269,3.158424
-0.877964,1.390927,1.401369,3.158376
-0.884041,1.387142,1.401467,3.158320
-0.890139,1.383390,1.401563,3.158246
-0.902390,1.376008,1.401771,3.158055
-0.908542,1.372382,1.401883,3.157941
-0.914715,1.368798,1.401993,3.157818
-0.920911,1.365258,1.402101,3.157672
-0.933380,1.358375,1.402375,3.157320
-0.939647,1.355008,1.402510,3.157116
-0.945935,1.351694,1.402641,3.156890
-0.958577,1.345299,1.402966,3.156382
-0.971302,1.339138,1.403271,3.155785
-0.977679,1.336211,1.403447,3.155456
-0.990491,1.330548,1.403789,3.154735
-0.996924,1.327816,1.403953,3.154348
-1.003366,1.325211,1.404139,3.153952
-1.003366,1.325211,1.404139,3.153952
-1.009824,1.322675,1.404319,3.153532
-1.016299,1.320209,1.404495,3.153093
-1.029281,1.315585,1.404868,3.152154
-1.035785,1.313428,1.405061,3.151661
-1.042303,1.311345,1.405249,3.151156
-1.048832,1.309335,1.405431,3.150648
-1.061925,1.305656,1.405802,3.149602
-1.068488,1.303985,1.405988,3.149064
-1.075059,1.302391,1.406167,3.148509
-1.081639,1.300872,1.406340,3.147952
-1.101427,1.297108,1.406876,3.146259
-1.108036,1.296004,1.407041,3.145686
-1.114647,1.295081,1.407214,3.145121
-1.127882,1.293454,1.407541,3.143985
-1.134504,1.292749,1.407693,3.143412
-1.141123,1.292219,1.407845,3.142840
-1.154368,1.291372,1.408127,3.141710
-1.160995,1.291053,1.408257,3.141160
-1.167629,1.290922,1.408368,3.140611
-1.174265,1.290857,1.408472,3.140074
-1.187539,1.290925,1.408659,3.139025
-1.200804,1.291467,1.408820,3.138009
-1.207437,1.291831,1.408891,3.137517
-1.214070,1.292254,1.408955,3.137033
-1.227333,1.293483,1.409100,3.136101
-1.233965,1.294181,1.409162,3.135647
-1.240599,1.294932,1.409217,3.135199
-1.253866,1.296766,1.409327,3.134335
-1.267140,1.298797,1.409411,3.133506
-1.267140,1.298797,1.409411,3.133506
-1.273781,1.299882,1.409444,3.133106
-1.293762,1.303654,1.409519,3.131978
-1.300429,1.304989,1.409534,3.131616
-1.300429,1.304989,1.409534,3.131616
-1.307104,1.306423,1.409548,3.131258
-1.327158,1.310924,1.409554,3.130209
-1.333858,1.312533,1.409553,3.129876
-1.340565,1.314167,1.409549,3.129545
-1.347280,1.315825,1.409540,3.129212
-1.354003,1.317503,1.409529,3.128893
-1.367494,1.320966,1.409501,3.128273
-1.374253,1.322719,1.409485,3.127980
-1.387828,1.326271,1.409435,3.127397
-1.401472,1.329864,1.409367,3.126837
-1.408311,1.331662,1.409331,3.126576
-1.415202,1.333473,1.409286,3.126322
-1.429017,1.337073,1.409219,3.125849
-1.435942,1.338856,1.409185,3.125641
-1.442917,1.340615,1.409154,3.125444
-1.456903,1.344077,1.409093,3.125120
-1.463913,1.345775,1.409063,3.124984
-1.470970,1.347404,1.409024,3.124879
-1.478039,1.349005,1.408981,3.124809
-1.499388,1.353604,1.408529,3.125266
-1.506593,1.355017,1.408244,3.125755
-1.513817,1.356389,1.407926,3.126419
-1.521049,1.357715,1.407614,3.127220
-1.535521,1.360171,1.407084,3.129138
-1.542734,1.361300,1.406914,3.130210
-1.557021,1.363409,1.406796,3.132466
-1.557021,1.363409,1.406796,3.132466
-1.578028,1.366015,1.407123,3.135921
-1.584846,1.366791,1.407364,3.137032
-1.591558,1.367443,1.407660,3.138110
-1.604622,1.368623,1.408395,3.140145
-1.610958,1.369155,1.408823,3.141086
-1.617115,1.369559,1.409304,3.141972
-1.628984,1.370265,1.410334,3.143576
-1.634687,1.370570,1.410874,3.144301
-1.640127,1.370781,1.411467,3.144966
-1.645404,1.370964,1.412065,3.145569
-1.650517,1.371120,1.412664,3.146126
-1.655464,1.371251,1.413260,3.146645
-1.664546,1.371340,1.414571,3.147566
-1.668837,1.371353,1.415216,3.147959
-1.680285,1.371233,1.417171,3.148915
-1.683702,1.371153,1.417803,3.149146
-1.686956,1.371060,1.418413,3.149356
-1.690047,1.370947,1.419002,3.149532
-1.697716,1.370466,1.420781,3.149909
-1.697716,1.370466,1.420781,3.149909
-1.699963,1.370281,1.421331,3.149987
-1.705118,1.369642,1.422937,3.150088
-1.706547,1.369397,1.423433,3.150094
-1.706547,1.369397,1.423433,3.150094
-1.707604,1.369154,1.423916,3.150098
-1.709316,1.368631,1.424813,3.150051
-1.710282,1.368068,1.425641,3.149992
-1.710465,1.367773,1.426034,3.149942
-1.710526,1.367465,1.426409,3.149886
-1.710465,1.367147,1.426759,3.149825
-1.709551,1.366502,1.427398,3.149671
-1.708923,1.366163,1.427694,3.149591
-1.705973,1.365125,1.428469,3.149278
-1.704712,1.364765,1.428710,3.149139
-1.703351,1.364396,1.428938,3.149000
-1.699953,1.363672,1.429369,3.148705
-1.696182,1.362900,1.429747,3.148420
-1.693988,1.362530,1.429922,3.148274
-1.691708,1.362150,1.430086,3.148115
-1.686895,1.361360,1.430383,3.147800
-1.686895,1.361360,1.430383,3.147800
-1.684366,1.360949,1.430516,3.147645
-1.681592,1.360564,1.430639,3.147487
-1.675809,1.359750,1.430858,3.147167
-1.669573,1.358954,1.431058,3.146866
-1.669573,1.358954,1.431058,3.146866
-1.662901,1.358176,1.431243,3.146565
-1.655830,1.357429,1.431406,3.146261
-1.652133,1.357070,1.431482,3.146100
-1.648372,1.356703,1.431551,3.145966
-1.644548,1.356328,1.431615,3.145819
-1.632367,1.355309,1.431753,3.145387
-1.628190,1.354953,1.431790,3.145247
-1.628190,1.354953,1.431790,3.145247
-1.615039,1.353956,1.431901,3.144849
-1.610548,1.353605,1.431944,3.144737
-1.605912,1.353293,1.431991,3.144624
-1.596493,1.352644,1.432072,3.144410
-1.591710,1.352307,1.432107,3.144306
-1.586807,1.352018,1.432149,3.144200
-1.581859,1.351719,1.432187,3.144115
-1.571827,1.351093,1.432275,3.143956
-1.566679,1.350824,1.432334,3.143902
-1.561490,1.350545,1.432389,3.143855
-1.556258,1.350257,1.432438,3.143807
-1.550987,1.349960,1.432482,3.143775
-1.545675,1.349654,1.432521,3.143749
-1.534850,1.349103,1.432578,3.143724
-1.529381,1.348816,1.432588,3.143723
-1.512672,1.347998,1.432608,3.143745
-1.507019,1.347727,1.432610,3.143752
-1.501331,1.347452,1.432609,3.143768
-1.489769,1.347014,1.432611,3.143810
-1.483940,1.346787,1.432620,3.143831
-1.478080,1.346554,1.432625,3.143853
-1.478080,1.346554,1.432625,3.143853
-1.472144,1.346368,1.432632,3.143889
-1.460186,1.345978,1.432635,3.143965
-1.454165,1.345774,1.432631,3.144001
-1.448071,1.345607,1.432647,3.144024
-1.441952,1.345432,1.432659,3.144071
-1.423410,1.344896,1.432680,3.144210
-1.417161,1.344724,1.432682,3.144283
-1.410887,1.344545,1.432682,3.144357
-1.398254,1.344191,1.432687,3.144506
-1.391894,1.344018,1.432693,3.144578
-1.379109,1.343649,1.432697,3.144703
-1.379109,1.343649,1.432697,3.144703
-1.359758,1.343125,1.432711,3.144898
-1.353268,1.342934,1.432729,3.144966
-1.346757,1.342736,1.432744,3.145036
-1.327120,1.342168,1.432812,3.145217
-1.320537,1.341962,1.432829,3.145277
-1.313931,1.341785,1.432854,3.145334
-1.307307,1.341599,1.432876,3.145398
-1.300666,1.341406,1.432900,3.145466
-1.287339,1.341027,1.432956,3.145608
-1.280655,1.340840,1.432987,3.145679
-1.273955,1.340643,1.433016,3.145743
-1.260517,1.340245,1.433088,3.145882
-1.253779,1.340043,1.433115,3.145959
-1.247026,1.339831,1.433140,3.146045
-1.233490,1.339401,1.433203,3.146207
-1.219909,1.338953,1.433275,3.146351
-1.213099,1.338714,1.433307,3.146424
-1.199453,1.338252,1.433423,3.146575
-1.192593,1.338009,1.433527,3.146622
-1.185693,1.337760,1.433709,3.146648
-1.178778,1.337531,1.434002,3.146621
-1.157888,1.336795,1.435382,3.146237
-1.150960,1.336569,1.435994,3.146020
-1.144053,1.336328,1.436660,3.145749
-1.130348,1.335792,1.438112,3.145081
-1.123573,1.335493,1.438878,3.144706
-1.116911,1.335218,1.439696,3.144289
-1.110323,1.334918,1.440521,3.143849
-1.103820,1.334589,1.441345,3.143403
-1.091143,1.333877,1.443038,3.142510
-1.084983,1.333489,1.443887,3.142076
-1.078935,1.333066,1.444711,3.141646
-1.067286,1.332129,1.446332,3.140864
-1.056231,1.331050,1.447896,3.140233
-1.050902,1.330447,1.448630,3.139982
-1.045856,1.329796,1.449358,3.139785
-1.036175,1.328358,1.450696,3.139545
-1.031545,1.327569,1.451307,3.139497
-1.027259,1.326704,1.451888,3.139490
-1.019106,1.324826,1.452953,3.139603
-1.015240,1.323812,1.453440,3.139729
-1.011739,1.322701,1.453892,3.139908
-1.008376,1.321539,1.454314,3.140111
-1.002059,1.319056,1.455068,3.140637
-0.999350,1.317698,1.455399,3.140950
-0.996770,1.316287,1.455687,3.141242
-0.994321,1.314822,1.455954,3.141568
-0.990078,1.311695,1.456409,3.142268
-0.988277,1.310033,1.456601,3.142633
-0.986597,1.308317,1.456776,3.143006
-0.985034,1.306548,1.456936,3.143394
-0.983589,1.304725,1.457083,3.143783
-0.981552,1.300836,1.457305,3.144500
-0.980695,1.298812,1.457401,3.144823
-0.979943,1.296737,1.457489,3.145151
-0.979222,1.292312,1.457595,3.145768
-0.978884,1.287688,1.457666,3.146336
-0.979079,1.285246,1.457671,3.146599
-0.979730,1.280212,1.457671,3.147010
-0.980182,1.277625,1.457666,3.147172
-0.980919,1.274917,1.457652,3.147324
-0.981733,1.272166,1.457636,3.147444
-0.983588,1.266536,1.457603,3.147659
-0.986109,1.260598,1.457560,3.147789
-0.986109,1.260598,1.457560,3.147789
-0.987473,1.257569,1.457537,3.147778
-0.992294,1.248133,1.457473,3.147649
-0.994081,1.244896,1.457449,3.147578
-0.995926,1.241625,1.457423,3.147501
-1.000109,1.234867,1.457402,3.147296
-1.004513,1.227981,1.457372,3.147017
-1.006932,1.224433,1.457364,3.146835
-1.006932,1.224433,1.457364,3.146835
-1.014489,1.213629,1.457320,3.146244
-1.017105,1.209977,1.457299,3.146032
-1.019888,1.206251,1.457289,3.145819
-1.022717,1.202504,1.457277,3.145598
-1.031587,1.191085,1.457222,3.144831
-1.034706,1.187211,1.457201,3.144560
-1.037866,1.183319,1.457175,3.144295
-1.044405,1.175451,1.457128,3.143766
-1.047782,1.171477,1.457105,3.143497
-1.051198,1.167488,1.457076,3.143231
-1.054656,1.163485,1.457041,3.142971
-1.065498,1.151319,1.456866,3.142106
-1.069186,1.147244,1.456795,3.141830
-1.076819,1.138992,1.456656,3.141294
-1.080689,1.134857,1.456576,3.141031
-1.084596,1.130717,1.456497,3.140775
-1.088597,1.126531,1.456408,3.140491
-1.096702,1.118158,1.456206,3.139965
-1.100806,1.113970,1.456093,3.139709
-1.105008,1.109755,1.455961,3.139458
-1.109243,1.105541,1.455821,3.139225
-1.113511,1.101331,1.455672,3.138988
-1.126636,1.088669,1.455214,3.138316
-1.126636,1.088669,1.455214,3.138316
-1.135588,1.080245,1.454860,3.137885
-1.144732,1.071845,1.454473,3.137473
-1.149384,1.067654,1.454276,3.137286
-1.154067,1.063477,1.454069,3.137099
-1.163587,1.055127,1.453622,3.136756
-1.168423,1.050958,1.453382,3.136566
-1.173289,1.046807,1.453133,3.136387
-1.178185,1.042673,1.452874,3.136206
-1.188183,1.034409,1.452301,3.135882
-1.198297,1.026232,1.451695,3.135576
-1.203456,1.022164,1.451368,3.135436
-1.203456,1.022164,1.451368,3.135436
-1.219106,1.010109,1.450345,3.135020
-1.224432,1.006143,1.449984,3.134887
-1.229784,1.002205,1.449618,3.134761
-1.240569,0.994415,1.448867,3.134521
-1.246050,0.990579,1.448479,3.134410
-1.251559,0.986773,1.448086,3.134304
-1.257092,0.982999,1.447688,3.134175
-1.262651,0.979256,1.447286,3.134054
-1.273945,0.971898,1.446400,3.133823
-1.279627,0.968270,1.445953,3.133716
-1.285333,0.964676,1.445502,3.133613
-1.296939,0.957624,1.444539,3.133414
-1.302776,0.954151,1.444056,3.133318
-1.308636,0.950714,1.443558,3.133215
-1.314518,0.947314,1.443059,3.133114
-1.326464,0.940645,1.442020,3.132922
-1.338494,0.934129,1.440982,3.132752
-1.344604,0.930951,1.440452,3.132674
-1.350732,0.927812,1.439924,3.132594
-1.356881,0.924712,1.439391,3.132518
-1.369308,0.918684,1.438318,3.132342
-1.375586,0.915755,1.437778,3.132251
-1.381880,0.912865,1.437242,3.132167
-1.401007,0.904502,1.435635,3.131932
-1.407449,0.901803,1.435069,3.131779
-1.413926,0.899142,1.434454,3.131507
-1.427083,0.894008,1.433077,3.130537
-1.433702,0.891498,1.432370,3.129884
-1.440336,0.889030,1.431697,3.129145
-1.460331,0.882014,1.430053,3.126730
-1.466941,0.879758,1.429664,3.125914
-1.473557,0.877579,1.429343,3.125097
-1.486596,0.873334,1.428939,3.123551
-1.492994,0.871266,1.428846,3.122828
-1.499330,0.869272,1.428834,3.122158
-1.505560,0.867312,1.428883,3.121530
-1.517666,0.863483,1.429140,3.120430
-1.529226,0.859793,1.429598,3.119568
-1.534781,0.857999,1.429891,3.119227
-1.540186,0.856227,1.430208,3.118944
-1.555300,0.851076,1.431328,3.118389
-1.559987,0.849399,1.431732,3.118301
-1.559987,0.849399,1.431732,3.118301
-1.572799,0.844478,1.433021,3.118290
-1.576693,0.842863,1.433447,3.118350
-1.580420,0.841254,1.433863,3.118441
-1.587054,0.838089,1.434702,3.118692
-1.593037,0.834926,1.435484,3.119013
-1.593037,0.834926,1.435484,3.119013
-1.595608,0.833358,1.435859,3.119197
-1.598020,0.831781,1.436217,3.119396
-1.600277,0.830198,1.436548,3.119622
-1.604143,0.827032,1.437152,3.120127
-1.605757,0.825445,1.437427,3.120394
-1.608560,0.822238,1.437925,3.120966
-1.610384,0.819018,1.438333,3.121567
-1.610384,0.819018,1.438333,3.121567
-1.611095,0.817384,1.438512,3.121907
-1.612060,0.812428,1.438910,3.122941
-1.612070,0.810750,1.439006,3.123304
-1.611962,0.809056,1.439087,3.123670
-1.611737,0.807345,1.439155,3.124034
-1.610579,0.803897,1.439193,3.124795
-1.609836,0.802143,1.439194,3.125200
-1.608988,0.800370,1.439184,3.125616
-1.605310,0.794971,1.439027,3.126871
-1.603892,0.793133,1.438955,3.127301
-1.602208,0.791270,1.438852,3.127739
-1.600435,0.789387,1.438741,3.128173
-1.598571,0.787479,1.438625,3.128612
-1.594439,0.783590,1.438354,3.129571
-1.592175,0.781610,1.438203,3.130053
-1.587412,0.777590,1.437868,3.131019
-1.582048,0.773441,1.437470,3.131978
-1.579259,0.771337,1.437268,3.132463
-1.573346,0.767038,1.436848,3.133457
-1.570230,0.764848,1.436631,3.133969
-1.563807,0.760411,1.436162,3.134984
-1.563807,0.760411,1.436162,3.134984
-1.553395,0.753564,1.435442,3.136475
-1.549805,0.751244,1.435203,3.136955
-1.546070,0.748903,1.434947,3.137461
-1.542281,0.746545,1.434692,3.137966
-1.534544,0.741778,1.434205,3.138941
-1.530598,0.739369,1.433962,3.139424
-1.526522,0.736950,1.433717,3.139898
-1.522397,0.734515,1.433473,3.140375
-1.518224,0.732062,1.433231,3.140846
-1.509647,0.727122,1.432744,3.141798
-1.505249,0.724636,1.432499,3.142285
-1.500806,0.722135,1.432256,3.142755
-1.491724,0.717115,1.431779,3.143669
-1.487086,0.714595,1.431544,3.144106
-1.482409,0.712062,1.431312,3.144533
-1.468029,0.704455,1.430640,3.145774
-1.463143,0.701905,1.430422,3.146192
-1.458221,0.699341,1.430207,3.146600
-1.448152,0.694266,1.429795,3.147379
-1.437951,0.689135,1.429385,3.148134
-1.432721,0.686596,1.429186,3.148490
-1.422171,0.681476,1.428795,3.149210
-1.416852,0.678897,1.428602,3.149566
-1.411444,0.676343,1.428434,3.149897
-1.406008,0.673777,1.428268,3.150225
-1.400546,0.671198,1.428104,3.150534
-1.389493,0.666041,1.427800,3.151116
-1.383904,0.663461,1.427657,3.151399
-1.378291,0.660868,1.427516,3.151693
-1.372655,0.658263,1.427375,3.151979
-1.355554,0.650467,1.426996,3.152751
-1.349801,0.647859,1.426888,3.152987
-1.338199,0.642648,1.426676,3.153456
-1.332350,0.640044,1.426572,3.153678
-1.326481,0.637429,1.426468,3.153907
-1.314678,0.632200,1.426264,3.154341
-1.302791,0.626961,1.426046,3.154740
-1.296820,0.624327,1.425938,3.154922
-1.290812,0.621710,1.425840,3.155102
-1.284788,0.619084,1.425743,3.155273
-1.266592,0.611202,1.425467,3.155776
-1.260484,0.608592,1.425383,3.155934
-1.248214,0.603355,1.425221,3.156223
-1.242049,0.600781,1.425159,3.156365
-1.235867,0.598203,1.425098,3.156504
-1.229666,0.595622,1.425038,3.156632
-1.217201,0.590523,1.424927,3.156865
-1.210938,0.588006,1.424875,3.156978
-1.204655,0.585493,1.424824,3.157079
-1.198350,0.582984,1.424781,3.157169
-1.179154,0.575683,1.425044,3.157607
-1.172664,0.573264,1.425308,3.157882
-1.166144,0.570858,1.425657,3.158231
-1.153059,0.566241,1.426624,3.159145
-1.140030,0.561699,1.427827,3.160275
-1.133545,0.559544,1.428533,3.160901
-1.120744,0.555307,1.430028,3.162232
-1.114448,0.553230,1.430799,3.162906
-1.108235,0.551268,1.431608,3.163570
-1.096095,0.547436,1.433194,3.164848
-1.090185,0.545569,1.433958,3.165425
-1.078797,0.542132,1.435486,3.166429
-1.073291,0.540465,1.436202,3.166838
-1.062775,0.537346,1.437554,3.167419
-1.057773,0.535894,1.438185,3.167604
-1.052913,0.534478,1.438770,3.167709
-1.048199,0.533099,1.439310,3.167734
-1.039555,0.530709,1.440271,3.167532
-1.035457,0.529568,1.440685,3.167327
-1.031510,0.528464,1.441056,3.167043
-1.027927,0.527535,1.441374,3.166690
-1.021214,0.525778,1.441892,3.165799
-1.015357,0.524306,1.442234,3.164662
-1.015357,0.524306,1.442234,3.164662
-1.012777,0.523693,1.442341,3.164045
-1.005917,0.522044,1.442477,3.161949
-1.004190,0.521676,1.442436,3.161190
-1.004190,0.521676,1.442436,3.161190
-1.002604,0.521337,1.442370,3.160383
-1.001156,0.521025,1.442282,3.159557
-0.999846,0.520739,1.442168,3.158722
-0.998138,0.520452,1.441816,3.157030
-0.997479,0.520342,1.441616,3.156172
-0.997479,0.520342,1.441616,3.156172
-0.996774,0.520324,1.440871,3.153634
-0.996869,0.520384,1.440596,3.152742
-0.996869,0.520384,1.440596,3.152742
-0.997081,0.520461,1.440313,3.151853
-0.998360,0.520854,1.439656,3.150117
-0.999164,0.521070,1.439319,3.149274
-1.000075,0.521299,1.438979,3.148443
-1.001328,0.521612,1.438614,3.147620
-1.002682,0.521934,1.438247,3.146824
-1.007544,0.522999,1.437139,3.144400
-1.009490,0.523408,1.436755,3.143618
-1.009490,0.523408,1.436755,3.143618
-1.016050,0.524712,1.435595,3.141369
-1.018535,0.525188,1.435204,3.140652
-1.021100,0.525663,1.434817,3.139963
-1.026665,0.526642,1.434046,3.138567
-1.029657,0.527147,1.433661,3.137881
-1.032722,0.527649,1.433282,3.137218
-1.035857,0.528147,1.432910,3.136566
-1.035857,0.528147,1.432910,3.136566
-1.042506,0.529142,1.432182,3.135323
-1.046014,0.529637,1.431826,3.134743
-1.049589,0.530123,1.431478,3.134181
-1.053228,0.530602,1.431137,3.133590
-1.061003,0.531523,1.430466,3.132453
-1.069012,0.532405,1.429828,3.131403
-1.073244,0.532818,1.429522,3.130898
-1.073244,0.532818,1.429522,3.130898
-1.086257,0.533979,1.428655,3.129546
-1.090825,0.534307,1.428387,3.129099
-1.095441,0.534620,1.428128,3.128667
-1.100104,0.534917,1.427876,3.128255
-1.104813,0.535197,1.427627,3.127862
-1.119549,0.535853,1.426943,3.126845
-1.124545,0.536033,1.426732,3.126548
-1.134859,0.536245,1.426365,3.125995
-1.140071,0.536318,1.426203,3.125735
-1.145319,0.536368,1.426049,3.125494
-1.150685,0.536345,1.425914,3.125270
-1.156084,0.536297,1.425786,3.125074
-1.166979,0.536126,1.425553,3.124757
-1.172553,0.535947,1.425458,3.124624
-1.183789,0.535508,1.425303,3.124412
-1.189447,0.535246,1.425241,3.124321
-1.195131,0.534954,1.425185,3.124254
-1.200897,0.534562,1.425136,3.124206
-1.218331,0.533199,1.425024,3.124217
-1.224240,0.532588,1.425021,3.124255
-1.230168,0.531944,1.425023,3.124302
-1.236115,0.531267,1.425029,3.124370
-1.242081,0.530556,1.425040,3.124457
-1.254169,0.528806,1.425087,3.124691
-1.260236,0.527880,1.425117,3.124845
-1.278592,0.524676,1.425212,3.125396
-1.284748,0.523503,1.425249,3.125612
-1.284748,0.523503,1.425249,3.125612
-1.290914,0.522294,1.425289,3.125843
-1.303368,0.519521,1.425364,3.126352
-1.315851,0.516605,1.425447,3.126930
-1.322130,0.514975,1.425499,3.127234
-1.322130,0.514975,1.425499,3.127234
-1.340999,0.509872,1.425678,3.128250
-1.347320,0.507995,1.425752,3.128600
-1.353643,0.506083,1.425830,3.128976
-1.359971,0.504136,1.425910,3.129350
-1.366300,0.502153,1.426000,3.129728
-1.378973,0.497891,1.426204,3.130532
-1.385313,0.495708,1.426306,3.130962
-1.391665,0.493493,1.426390,3.131470
-1.404437,0.488866,1.426468,3.132853
-1.410854,0.486455,1.426482,3.133763
-1.417279,0.484009,1.426497,3.134775
-1.423702,0.481529,1.426530,3.135860
-1.430105,0.478909,1.426602,3.136992
-1.442830,0.473573,1.426866,3.139322
-1.449128,0.470860,1.427061,3.140468
-1.449128,0.470860,1.427061,3.140468
-1.455363,0.468016,1.427292,3.141596
-1.473630,0.459329,1.428218,3.144811
-1.479523,0.456302,1.428599,3.145797
-1.479523,0.456302,1.428599,3.145797
-1.496568,0.447090,1.429879,3.148498
-1.501958,0.443915,1.430351,3.149282
-1.501958,0.443915,1.430351,3.149282
-1.507223,0.440721,1.430832,3.150028
-1.522104,0.430969,1.432322,3.151971
-1.526714,0.427639,1.432832,3.152531
-1.531181,0.424294,1.433335,3.153045
-1.539546,0.417487,1.434314,3.153927
-1.543443,0.414026,1.434788,3.154320
-1.547196,0.410549,1.435246,3.154672
-1.550804,0.407056,1.435689,3.154986
-1.557219,0.399885,1.436519,3.155509
-1.563071,0.392652,1.437280,3.155917
-1.563071,0.392652,1.437280,3.155917
-1.565789,0.389012,1.437633,3.156073
-1.568160,0.385285,1.437963,3.156199
-1.572506,0.377783,1.438562,3.156455
-1.574485,0.374008,1.438831,3.156542
-1.574485,0.374008,1.438831,3.156542
-1.576131,0.370148,1.439082,3.156608
-1.579058,0.362379,1.439511,3.156691
-1.581296,0.354482,1.439854,3.156688
-1.581296,0.354482,1.439854,3.156688
-1.582139,0.350477,1.440001,3.156700
-1.583497,0.342417,1.440248,3.156682
-1.584042,0.334170,1.440441,3.156621
-1.584167,0.330020,1.440520,3.156576
-1.583949,0.321623,1.440627,3.156471
-1.583611,0.317371,1.440657,3.156410
-1.583186,0.313101,1.440676,3.156371
-1.582676,0.308814,1.440684,3.156328
-1.581065,0.300125,1.440646,3.156239
-1.579144,0.291367,1.440567,3.156128
-1.579144,0.291367,1.440567,3.156128
-1.577919,0.286920,1.440506,3.156061
-1.576624,0.282455,1.440438,3.155999
-1.573825,0.273464,1.440280,3.155896
-1.572187,0.268912,1.440194,3.155850
-1.570486,0.264344,1.440103,3.155803
-1.566904,0.255156,1.439904,3.155687
-1.565024,0.250537,1.439798,3.155621
-1.562981,0.245896,1.439687,3.155554
-1.560883,0.241239,1.439571,3.155478
-1.558730,0.236560,1.439451,3.155394
-1.554176,0.227151,1.439216,3.155267
-1.551780,0.222421,1.439095,3.155212
-1.549337,0.217674,1.438970,3.155143
-1.544242,0.208131,1.438708,3.154994
-1.541594,0.203335,1.438570,3.154917
-1.538903,0.198519,1.438440,3.154831
-1.536171,0.193687,1.438308,3.154778
-1.536171,0.193687,1.438308,3.154778
-1.530438,0.183987,1.438043,3.154659
-1.527516,0.179113,1.437907,3.154591
-1.524559,0.174223,1.437770,3.154513
-1.521502,0.169333,1.437637,3.154433
-1.518412,0.164426,1.437503,3.154350
-1.508884,0.149619,1.437139,3.154101
-1.508884,0.149619,1.437139,3.154101
-1.505605,0.144659,1.437025,3.154017
-1.498960,0.134695,1.436793,3.153820
-1.492112,0.124714,1.436580,3.153616
-1.488648,0.119700,1.436475,3.153509
-1.485159,0.114672,1.436369,3.153406
-1.474382,0.099482,1.436080,3.153093
-1.470745,0.094390,1.435982,3.152992
-1.470745,0.094390,1.435982,3.152992
-1.459587,0.079042,1.435702,3.152633
-1.455808,0.073902,1.435611,3.152508
-1.452010,0.068748,1.435520,3.152370
-1.444226,0.058432,1.435340,3.152112
-1.440307,0.053252,1.435256,3.151983
-1.436358,0.048053,1.435203,3.151815
-1.432322,0.042853,1.435217,3.151610
-1.424144,0.032383,1.435464,3.151127
-1.415844,0.021864,1.435983,3.150711
-1.411674,0.016600,1.436328,3.150593
-1.403396,0.006063,1.437150,3.150562
-1.399259,0.000818,1.437639,3.150648
-1.395170,-0.004415,1.438145,3.150818
-1.391139,-0.009634,1.438664,3.151049
-1.383235,-0.019996,1.439737,3.151683
-1.379380,-0.025131,1.440278,3.152060
-1.375613,-0.030233,1.440794,3.152462
-1.371942,-0.035297,1.441293,3.152881
-1.368357,-0.040316,1.441799,3.153296
-1.358259,-0.055088,1.443162,3.154399
-1.355165,-0.059886,1.443574,3.154682
-1.352192,-0.064627,1.443954,3.154914
-1.344029,-0.078473,1.444904,3.155179
-1.344029,-0.078473,1.444904,3.155179
-1.341673,-0.082920,1.445142,3.155126
-1.339446,-0.087299,1.445346,3.155005
-1.333709,-0.099953,1.445742,3.154174
-1.332163,-0.103988,1.445798,3.153755
-1.330749,-0.107946,1.445825,3.153271
-1.328485,-0.115574,1.445752,3.152080
-1.327633,-0.119244,1.445657,3.151410
-1.326905,-0.122839,1.445539,3.150687
-1.326302,-0.126358,1.445398,3.149925
-1.326003,-0.129733,1.445208,3.149122
-1.325764,-0.136260,1.444775,3.147418
-1.325822,-0.139412,1.444533,3.146496
-1.327222,-0.148198,1.443650,3.143662
-1.327907,-0.150985,1.443330,3.142704
-1.328887,-0.153628,1.442976,3.141754
-1.331153,-0.158712,1.442244,3.139852
-1.332438,-0.161153,1.441868,3.138916
-1.334007,-0.163458,1.441468,3.137937
-1.335669,-0.165699,1.441064,3.136973
-1.341388,-0.171992,1.439827,3.134198
-1.343592,-0.173931,1.439405,3.133316
-1.345879,-0.175810,1.438980,3.132453
-1.348248,-0.177632,1.438554,3.131615
-1.350699,-0.179397,1.438127,3.130802
-1.356156,-0.182652,1.437245,3.129165
-1.358997,-0.184201,1.436798,3.128372
-1.365051,-0.187092,1.435898,3.126874
-1.371535,-0.189734,1.434999,3.125485
-1.374877,-0.190983,1.434553,3.124842
-1.382005,-0.193224,1.433606,3.123593
-1.385661,-0.194277,1.433125,3.122991
-1.389376,-0.195287,1.432648,3.122422
-1.393270,-0.196193,1.432153,3.121887
-1.401226,-0.197882,1.431177,3.120880
-1.405286,-0.198666,1.430696,3.120421
-1.409518,-0.199363,1.430217,3.119991
-1.413800,-0.200021,1.429743,3.119555
-1.427035,-0.201742,1.428330,3.118389
-1.431604,-0.202221,1.427857,3.118061
-1.436219,-0.202667,1.427388,3.117759
-1.440877,-0.203079,1.426924,3.117480
-1.450533,-0.203779,1.425982,3.117006
-1.455423,-0.204081,1.425520,3.116781
-1.460354,-0.204352,1.425062,3.116582
-1.470530,-0.204787,1.424155,3.116250
-1.475674,-0.204961,1.423708,3.116133
-1.480854,-0.205106,1.423277,3.116028
-1.486071,-0.205224,1.422850,3.115945
-1.496767,-0.205373,1.421994,3.115853
-1.507598,-0.205417,1.421157,3.115804
-1.513144,-0.205411,1.420736,3.115815
-1.524325,-0.205325,1.419914,3.115899
-1.529961,-0.205247,1.419514,3.115975
-1.535696,-0.205175,1.419124,3.116065
-1.541459,-0.205081,1.418739,3.116181
-1.547250,-0.204963,1.418359,3.116303
-1.564914,-0.204522,1.417245,3.116762
-1.570874,-0.204340,1.416871,3.116956
-1.570874,-0.204340,1.416871,3.116956
-1.589037,-0.203729,1.415818,3.117644
-1.595161,-0.203496,1.415483,3.117906
-1.601306,-0.203246,1.415154,3.118165
-1.607534,-0.203016,1.414844,3.118440
-1.620052,-0.202505,1.414233,3.119048
-1.626341,-0.202226,1.413934,3.119378
-1.632708,-0.201960,1.413645,3.119716
-1.651921,-0.201077,1.412803,3.120814
-1.658404,-0.200794,1.412530,3.121192
-1.664905,-0.200498,1.412261,3.121583
-1.671422,-0.200189,1.411996,3.121991
-1.684506,-0.199533,1.411480,3.122835
-1.691098,-0.199245,1.411225,3.123266
-1.697705,-0.198945,1.410974,3.123710
-1.704327,-0.198633,1.410727,3.124158
-1.724343,-0.197714,1.409988,3.125525
-1.724343,-0.197714,1.409988,3.125525
-1.731053,-0.197401,1.409750,3.125995
-1.744534,-0.196792,1.409275,3.126944
-1.751303,-0.196496,1.409039,3.127424
-1.758085,-0.196190,1.408829,3.127912
-1.764879,-0.195874,1.408623,3.128406
-1.785348,-0.195020,1.408022,3.129870
-1.792194,-0.194717,1.407830,3.130360
-1.799047,-0.194452,1.407641,3.130858
-1.812790,-0.193895,1.407277,3.131865
-1.826566,-0.193350,1.406942,3.132869
-1.826566,-0.193350,1.406942,3.132869
-1.833466,-0.193088,1.406786,3.133364
-1.854204,-0.192278,1.406340,3.134837
-1.861123,-0.192009,1.406206,3.135322
-1.868053,-0.191731,1.406072,3.135794
-1.881941,-0.191156,1.405723,3.136547
-1.888906,-0.190853,1.405477,3.136812
-1.895893,-0.190534,1.405194,3.137002
-1.902897,-0.190202,1.404902,3.137145
-1.916905,-0.189532,1.404371,3.137388
-1.923894,-0.189206,1.404158,3.137528
-1.930869,-0.188889,1.403990,3.137693
-1.937822,-0.188585,1.403870,3.137892
-1.944729,-0.188312,1.403807,3.138149
-1.958429,-0.187850,1.403815,3.138803
-1.971909,-0.187569,1.404018,3.139619
-1.978549,-0.187512,1.404183,3.140077
-1.985119,-0.187511,1.404379,3.140562
-1.991615,-0.187569,1.404603,3.141069
-2.004266,-0.187984,1.405159,3.142087
-2.016571,-0.188687,1.405784,3.143083
-2.028330,-0.189888,1.406522,3.143983
-2.034065,-0.190614,1.406893,3.144383
-2.034065,-0.190614,1.406893,3.144383
-2.050426,-0.193549,1.408069,3.145352
-2.055640,-0.194746,1.408473,3.145585
-2.060755,-0.196036,1.408865,3.145781
-2.065626,-0.197545,1.409277,3.145942
-2.075079,-0.200838,1.410056,3.146160
-2.079662,-0.202624,1.410421,3.146222
-2.083985,-0.204632,1.410787,3.146249
-2.088217,-0.206731,1.411136,3.146258
-2.096411,-0.211201,1.411782,3.146213
-2.100374,-0.213570,1.412077,3.146187
-2.104064,-0.216160,1.412360,3.146143
-2.111194,-0.221594,1.412872,3.146033
-2.114638,-0.224435,1.413102,3.145974
-2.117823,-0.227504,1.413297,3.145905
-2.123970,-0.233874,1.413642,3.145760
-2.129657,-0.240698,1.413929,3.145655
-2.132311,-0.244288,1.414053,3.145620
-2.134899,-0.247947,1.414164,3.145594
-2.139736,-0.255591,1.414363,3.145553
-2.141989,-0.259570,1.414453,3.145541
-2.144184,-0.263610,1.414531,3.145538
-2.146323,-0.267709,1.414599,3.145537
-2.151979,-0.280676,1.414752,3.145612
-2.153765,-0.285105,1.414775,3.145661
-2.153765,-0.285105,1.414775,3.145661
-2.155356,-0.289700,1.414793,3.145710
-2.159864,-0.303769,1.414803,3.145882
-2.161149,-0.308652,1.414788,3.145941
-2.162395,-0.313576,1.414769,3.146027
-2.164770,-0.323549,1.414720,3.146205
-2.166759,-0.333880,1.414647,3.146379
-2.167705,-0.339100,1.414605,3.146466
-2.168617,-0.344356,1.414560,3.146552
-2.169499,-0.349646,1.414512,3.146644
-2.170944,-0.360487,1.414391,3.146831
-2.171626,-0.365955,1.414320,3.146936
-2.173316,-0.382665,1.414092,3.147234
-2.173800,-0.388312,1.414012,3.147326
-2.174260,-0.393988,1.413930,3.147412
-2.174602,-0.399758,1.413845,3.147498
-2.175211,-0.411392,1.413702,3.147614
-2.175465,-0.417265,1.413703,3.147611
-2.175599,-0.423233,1.413767,3.147582
-2.175788,-0.435272,1.414069,3.147531
-2.175858,-0.441331,1.414299,3.147562
-2.175861,-0.447450,1.414575,3.147656
-2.175869,-0.453577,1.414891,3.147820
-2.175930,-0.465834,1.415616,3.148382
-2.176004,-0.478102,1.416480,3.149242
-2.176099,-0.484198,1.416931,3.149752
-2.176397,-0.496303,1.417878,3.150915
-2.176613,-0.502297,1.418364,3.151532
-2.176889,-0.508240,1.418846,3.152148
-2.177230,-0.514124,1.419319,3.152766
-2.178675,-0.531359,1.420760,3.154439
-2.179306,-0.536954,1.421182,3.154898
-2.180017,-0.542467,1.421583,3.155297
-2.181766,-0.553114,1.422355,3.155877
-2.182765,-0.558303,1.422708,3.156047
-2.183848,-0.563399,1.423037,3.156139
-2.185081,-0.568300,1.423351,3.156147
-2.186400,-0.573106,1.423642,3.156075
-2.187803,-0.577815,1.423901,3.155922
-2.190941,-0.586805,1.424340,3.155408
-2.192675,-0.591087,1.424521,3.155045
-2.194493,-0.595270,1.424681,3.154617
-2.198466,-0.603194,1.424934,3.153580
-2.200621,-0.606938,1.425045,3.152986
-2.202856,-0.610586,1.425138,3.152347
-2.210219,-0.620637,1.425315,3.150230
-2.212859,-0.623749,1.425344,3.149470
-2.215574,-0.626772,1.425359,3.148694
-2.218469,-0.629544,1.425367,3.147912
-2.227580,-0.637357,1.425350,3.145440
-2.230858,-0.639662,1.425327,3.144612
-2.230858,-0.639662,1.425327,3.144612
-2.241085,-0.646120,1.425204,3.142168
-2.244722,-0.647989,1.425149,3.141373
-2.248421,-0.649790,1.425087,3.140563
-2.255997,-0.653191,1.424947,3.138997
-2.259871,-0.654794,1.424870,3.138243
-2.263895,-0.656221,1.424802,3.137499
-2.272104,-0.658897,1.424655,3.136091
-2.272104,-0.658897,1.424655,3.136091
-2.280599,-0.661257,1.424481,3.134768
-2.284958,-0.662311,1.424396,3.134117
-2.289368,-0.663315,1.424307,3.133483
-2.293826,-0.664269,1.424217,3.132871
-2.307718,-0.666628,1.423977,3.131187
-2.312440,-0.667325,1.423899,3.130667
-2.317286,-0.667931,1.423828,3.130173
-2.322175,-0.668495,1.423756,3.129702
-2.332076,-0.669504,1.423609,3.128791
-2.337165,-0.669914,1.423547,3.128362
-2.352660,-0.670926,1.423335,3.127236
-2.357967,-0.671168,1.423269,3.126902
-2.363311,-0.671378,1.423202,3.126584
-2.368689,-0.671556,1.423136,3.126285
-2.385127,-0.671839,1.422914,3.125511
-2.390690,-0.671866,1.422829,3.125300
-2.401946,-0.671812,1.422663,3.124928
-2.407639,-0.671733,1.422581,3.124764
-2.413361,-0.671629,1.422501,3.124616
-2.419113,-0.671501,1.422422,3.124474
-2.430737,-0.671165,1.422264,3.124250
-2.436606,-0.670959,1.422185,3.124172
-2.442504,-0.670732,1.422108,3.124105
-2.448428,-0.670485,1.422034,3.124054
-2.466445,-0.669598,1.421853,3.124005
-2.472502,-0.669267,1.421801,3.124003
-2.478605,-0.668922,1.421767,3.124024
-2.484735,-0.668562,1.421735,3.124067
-2.503303,-0.667398,1.421667,3.124256
-2.509562,-0.666986,1.421661,3.124350
-2.515844,-0.666562,1.421657,3.124456
-2.522149,-0.666125,1.421663,3.124572
-2.534903,-0.665212,1.421730,3.124847
-2.541310,-0.664741,1.421764,3.124997
-2.554226,-0.663763,1.421857,3.125346
-2.560734,-0.663259,1.421914,3.125540
-2.567260,-0.662747,1.421972,3.125737
-2.573806,-0.662229,1.422030,3.125947
-2.587034,-0.661141,1.422225,3.126414
-2.593675,-0.660589,1.422325,3.126651
-2.600331,-0.660033,1.422426,3.126899
-2.607041,-0.659454,1.422561,3.127152
-2.613768,-0.658872,1.422698,3.127416
-2.634039,-0.657110,1.423146,3.128267
-2.640861,-0.656507,1.423316,3.128565
-2.654546,-0.655297,1.423655,3.129167
-2.661409,-0.654692,1.423826,3.129474
-2.668318,-0.654083,1.424018,3.129797
-2.675239,-0.653474,1.424210,3.130128
-2.696097,-0.651657,1.424800,3.131137
-2.703088,-0.651056,1.425004,3.131471
-2.710090,-0.650457,1.425210,3.131814
-2.724154,-0.649274,1.425631,3.132508
-2.731213,-0.648690,1.425847,3.132857
-2.738282,-0.648109,1.426065,3.133214
-2.745362,-0.647531,1.426286,3.133577
-2.745362,-0.647531,1.426286,3.133577
-2.766724,-0.645908,1.426983,3.134665
-2.773863,-0.645373,1.427208,3.135026
-2.781041,-0.644891,1.427430,3.135388
-2.795424,-0.643935,1.427886,3.136111
-2.802627,-0.643462,1.428119,3.136471
-2.809853,-0.643045,1.428346,3.136832
-2.817086,-0.642631,1.428578,3.137199
-2.824328,-0.642218,1.428815,3.137556
-2.846129,-0.641104,1.429533,3.138602
-2.853416,-0.640755,1.429785,3.138948
-2.860710,-0.640408,1.430043,3.139296
-2.868011,-0.640064,1.430305,3.139632
-2.882651,-0.639507,1.430837,3.140301
-2.889982,-0.639232,1.431107,3.140633
-2.897318,-0.638958,1.431383,3.140950
-2.919365,-0.638365,1.432244,3.141916
-2.926725,-0.638170,1.432541,3.142227
-2.941470,-0.637903,1.433166,3.142836
-2.948851,-0.637770,1.433489,3.143137
-2.956235,-0.637638,1.433816,3.143430
-2.963651,-0.637573,1.434149,3.143716
-2.971071,-0.637508,1.434488,3.143987
-2.985922,-0.637382,1.435179,3.144515
-2.993372,-0.637385,1.435553,3.144768
-3.000825,-0.637389,1.435931,3.145019
-3.023224,-0.637464,1.437104,3.145742
-3.030711,-0.637529,1.437510,3.145976
-3.038200,-0.637596,1.437919,3.146200
-3.045692,-0.637664,1.438330,3.146419
-3.068218,-0.638068,1.439633,3.147036
-3.075731,-0.638205,1.440071,3.147228
-3.090782,-0.638566,1.440955,3.147591
-3.098311,-0.638748,1.441398,3.147761
-3.105844,-0.638931,1.441842,3.147929
-3.113377,-0.639115,1.442286,3.148086
-3.136012,-0.639770,1.443651,3.148513
-3.143560,-0.639990,1.444108,3.148640
-3.151100,-0.640235,1.444568,3.148754
-3.166186,-0.640733,1.445490,3.148967
-3.173733,-0.640985,1.445950,3.149063
-3.181265,-0.641288,1.446425,3.149161
-3.188799,-0.641594,1.446900,3.149258
-3.196334,-0.641903,1.447375,3.149340
-3.211398,-0.642558,1.448339,3.149476
-3.218928,-0.642905,1.448820,3.149532
-3.226459,-0.643255,1.449301,3.149578
-3.241514,-0.643981,1.450266,3.149660
-3.256568,-0.644739,1.451232,3.149708
-3.264096,-0.645124,1.451714,3.149734
-3.279119,-0.645927,1.452695,3.149755
-3.286633,-0.646336,1.453182,3.149759
-3.294149,-0.646751,1.453667,3.149755
-3.301646,-0.647176,1.454169,3.149745
-3.324145,-0.648489,1.455667,3.149685
-3.331638,-0.648943,1.456156,3.149654
-3.339132,-0.649404,1.456643,3.149621
-3.346628,-0.649873,1.457129,3.149591
-3.361625,-0.650835,1.458094,3.149503
-3.369123,-0.651339,1.458594,3.149462
-3.376620,-0.651851,1.459094,3.149417
-3.384120,-0.652371,1.459591,3.149370
-3.391620,-0.652899,1.460080,3.149309
-3.406617,-0.654009,1.461074,3.149192
-3.414117,-0.654576,1.461569,3.149127
-3.429109,-0.655749,1.462559,3.148992
-3.444096,-0.656971,1.463565,3.148842
-3.451590,-0.657596,1.464072,3.148768
-3.451590,-0.657596,1.464072,3.148768
-3.466567,-0.658902,1.465069,3.148608
-3.474057,-0.659568,1.465560,3.148537
-3.489020,-0.660945,1.466533,3.148363
-3.503968,-0.662376,1.467519,3.148189
-3.518878,-0.663865,1.468517,3.148015
-3.526314,-0.664633,1.469009,3.147925
-3.533750,-0.665409,1.469494,3.147830
-3.548594,-0.667008,1.470445,3.147647
-3.556001,-0.667830,1.470936,3.147550
-3.563409,-0.668659,1.471421,3.147460
-3.570819,-0.669496,1.471899,3.147359
-3.585557,-0.671229,1.472841,3.147162
-3.592929,-0.672105,1.473302,3.147060
-3.600303,-0.672987,1.473757,3.146954
-3.607678,-0.673875,1.474204,3.146860
-3.622354,-0.675685,1.475076,3.146657
-3.629694,-0.676599,1.475500,3.146548
-3.637038,-0.677520,1.475916,3.146440
-3.658966,-0.680371,1.477089,3.146114
-3.666282,-0.681331,1.477470,3.146016
-3.673564,-0.682314,1.477840,3.145909
-3.688137,-0.684293,1.478544,3.145694
-3.702695,-0.686303,1.479201,3.145502
-3.709964,-0.687320,1.479513,3.145407
-3.724512,-0.689365,1.480092,3.145203
-3.731771,-0.690402,1.480352,3.145107
-3.739033,-0.691442,1.480600,3.145014
-3.746299,-0.692484,1.480838,3.144908
-3.760807,-0.694581,1.481275,3.144717
-3.768052,-0.695634,1.481475,3.144624
-3.775300,-0.696689,1.481682,3.144522
-3.782552,-0.697746,1.481876,3.144420
-3.797011,-0.699890,1.482210,3.144240
-3.804248,-0.700964,1.482358,3.144142
-3.811489,-0.702038,1.482494,3.144045
-3.818707,-0.703125,1.482611,3.143958
-3.840393,-0.706384,1.482863,3.143687
-3.847630,-0.707468,1.482919,3.143599
-3.854837,-0.708565,1.482946,3.143510
-3.869267,-0.710751,1.482963,3.143355
-3.883689,-0.712948,1.482937,3.143180
-3.890893,-0.714052,1.482910,3.143098
-3.898103,-0.715153,1.482871,3.143019
-3.912519,-0.717377,1.482740,3.142872
-3.919726,-0.718498,1.482647,3.142788
-3.926939,-0.719615,1.482543,3.142705
-3.941369,-0.721871,1.482276,3.142560
-3.955809,-0.724143,1.481939,3.142406
-3.963037,-0.725269,1.481753,3.142335
-3.963037,-0.725269,1.481753,3.142335
-3.970255,-0.726432,1.481534,3.142265
-3.984710,-0.728733,1.481065,3.142152
-3.991944,-0.729871,1.480796,3.142089
-3.999175,-0.731047,1.480494,3.142033
-4.020901,-0.734523,1.479533,3.141870
-4.028148,-0.735691,1.479180,3.141813
-4.035401,-0.736849,1.478819,3.141755
-4.049926,-0.739135,1.478066,3.141640
-4.057190,-0.740286,1.477665,3.141594
-4.064460,-0.741425,1.477257,3.141540
-4.079017,-0.743671,1.476428,3.141427
-4.093564,-0.745899,1.475561,3.141323
-4.100831,-0.747011,1.475108,3.141279
-4.108103,-0.748110,1.474653,3.141227
-4.122649,-0.750310,1.473715,3.141130
-4.129923,-0.751411,1.473234,3.141079
-4.137202,-0.752500,1.472752,3.141029
-4.144487,-0.753575,1.472271,3.140978
-4.151751,-0.754663,1.471780,3.140928
-4.166295,-0.756803,1.470825,3.140830
-4.173577,-0.757854,1.470351,3.140777
-4.180840,-0.758901,1.469882,3.140729
-4.188109,-0.759937,1.469416,3.140677
-4.202666,-0.761974,1.468500,3.140575
-4.209941,-0.762982,1.468029,3.140520
-4.217220,-0.763979,1.467565,3.140468
-4.231798,-0.765940,1.466662,3.140381
-4.246378,-0.767886,1.465787,3.140282
-4.253677,-0.768844,1.465367,3.140233
-4.268291,-0.770762,1.464545,3.140125
-4.282927,-0.772673,1.463760,3.140023
-4.290253,-0.773616,1.463390,3.139973
-4.304906,-0.775523,1.462733,3.139874
-4.312242,-0.776465,1.462433,3.139816
-4.319582,-0.777400,1.462146,3.139759
-4.326929,-0.778329,1.461880,3.139701
-4.348951,-0.781153,1.461265,3.139537
-4.356302,-0.782087,1.461111,3.139477
-4.363650,-0.783049,1.461011,3.139422
-4.363650,-0.783049,1.461011,3.139422
-4.385726,-0.785928,1.460886,3.139239
-4.393089,-0.786914,1.460932,3.139188
-4.400457,-0.787901,1.461010,3.139140
-4.407828,-0.788890,1.461122,3.139084
-4.429949,-0.791941,1.461750,3.138927
-4.437325,-0.792980,1.462052,3.138877
-4.444704,-0.794029,1.462395,3.138824
-4.452074,-0.795115,1.462814,3.138775
-4.466819,-0.797324,1.463784,3.138693
-4.474193,-0.798450,1.464339,3.138657
-4.496272,-0.801987,1.466399,3.138586
-4.503629,-0.803206,1.467186,3.138574
-4.510965,-0.804488,1.468071,3.138565
-4.525628,-0.807125,1.470012,3.138599
-4.532951,-0.808485,1.471071,3.138638
-4.540243,-0.809916,1.472247,3.138680
-4.547526,-0.811379,1.473484,3.138735
-4.562064,-0.814406,1.476138,3.138875
-4.569316,-0.815973,1.477556,3.138973
-4.576520,-0.817632,1.479083,3.139084
-4.583709,-0.819330,1.480668,3.139199
-4.590882,-0.821070,1.482309,3.139333
-4.612197,-0.826685,1.487673,3.139840
-4.619245,-0.828671,1.489570,3.140039
-4.626267,-0.830704,1.491509,3.140251
-4.640146,-0.835111,1.495622,3.140719
-4.647042,-0.837390,1.497706,3.140968
-4.653907,-0.839719,1.499817,3.141224
-4.674148,-0.847286,1.506468,3.142070
-4.680823,-0.849913,1.508718,3.142367
-4.687407,-0.852678,1.511034,3.142671
-4.693951,-0.855496,1.513358,3.142973
-4.713282,-0.864372,1.520369,3.143862
-4.719605,-0.867503,1.522741,3.144153
-4.725883,-0.870686,1.525112,3.144440
-4.732114,-0.873923,1.527478,3.144716
-4.744335,-0.880738,1.532268,3.145263
-4.750372,-0.884222,1.534645,3.145523
-4.762225,-0.891439,1.539397,3.146024
-4.773808,-0.898948,1.544126,3.146478
-4.779521,-0.902775,1.546467,3.146683
-4.790708,-0.910648,1.551131,3.147054
-4.796181,-0.914692,1.553452,3.147236
-4.801602,-0.918781,1.555752,3.147402
-4.806972,-0.922915,1.558032,3.147555
-4.817362,-0.931472,1.562570,3.147815
-4.827551,-0.940198,1.567011,3.148026
-4.832463,-0.944694,1.569205,3.148121
-4.842145,-0.953805,1.573520,3.148289
-4.851525,-0.963131,1.577741,3.148434
-4.856090,-0.967880,1.579817,3.148492
-4.860610,-0.972665,1.581867,3.148539
-4.869413,-0.982391,1.585922,3.148599
-4.873699,-0.987331,1.587907,3.148612
-4.877945,-0.992305,1.589865,3.148636
-4.890245,-1.007505,1.595538,3.148665
-4.894240,-1.012648,1.597367,3.148666
-4.898200,-1.017820,1.599171,3.148654
-4.905823,-1.028310,1.602664,3.148623
-4.909591,-1.033597,1.604369,3.148595
-4.913330,-1.038911,1.606043,3.148586
-4.916957,-1.044270,1.607664,3.148569
-4.924139,-1.055061,1.610804,3.148531
-4.931236,-1.065944,1.613801,3.148468
-4.931236,-1.065944,1.613801,3.148468
-4.934682,-1.071436,1.615224,3.148434
-4.944928,-1.088033,1.619231,3.148349
-4.948259,-1.093625,1.620463,3.148326
-4.951583,-1.099233,1.621641,3.148314
-4.954900,-1.104857,1.622765,3.148300
-4.964707,-1.121864,1.625755,3.148275
-4.967957,-1.127566,1.626625,3.148283
-4.971210,-1.133279,1.627429,3.148302
-4.974431,-1.139022,1.628152,3.148343
-4.980899,-1.150530,1.629390,3.148428
-4.984147,-1.156293,1.629901,3.148490
-4.993907,-1.173625,1.630859,3.148710
-4.997194,-1.179404,1.631036,3.148807
-5.000478,-1.185163,1.631079,3.148923
-5.000478,-1.185163,1.631079,3.148923
-5.010466,-1.202417,1.630735,3.149332
-5.013825,-1.208133,1.630403,3.149485
-5.013825,-1.208133,1.630403,3.149485
-5.020631,-1.219535,1.629501,3.149829
-5.027551,-1.230847,1.628235,3.150200
-5.031056,-1.236462,1.627460,3.150398
-5.034596,-1.242056,1.626614,3.150600
-5.038174,-1.247627,1.625700,3.150800
-5.049162,-1.264106,1.622473,3.151377
-5.052909,-1.269524,1.621274,3.151554
-5.060541,-1.280210,1.618668,3.151881
-5.064427,-1.285474,1.617269,3.152019
-5.068358,-1.290694,1.615830,3.152143
-5.072332,-1.295869,1.614356,3.152240
-5.076373,-1.300938,1.612779,3.152323
-5.088767,-1.315827,1.607852,3.152438
-5.093034,-1.320598,1.606112,3.152426
-5.093034,-1.320598,1.606112,3.152426
-5.106102,-1.334533,1.600790,3.152217
-5.110589,-1.338950,1.598930,3.152090
-5.110589,-1.338950,1.598930,3.152090
-5.115119,-1.343298,1.597059,3.151941
-5.124305,-1.351779,1.593295,3.151566
-5.133766,-1.359756,1.589463,3.151101
-5.138556,-1.363630,1.587543,3.150823
-5.143387,-1.367425,1.585623,3.150536
-5.153269,-1.374535,1.581737,3.149879
-5.158265,-1.377969,1.579799,3.149519
-5.163297,-1.381322,1.577866,3.149143
-5.173580,-1.387507,1.574010,3.148364
-5.183995,-1.393362,1.570206,3.147537
-5.189250,-1.396163,1.568329,3.147094
-5.199984,-1.401233,1.564644,3.146194
-5.205394,-1.403642,1.562836,3.145739
-5.210832,-1.405966,1.561055,3.145281
-5.216376,-1.408037,1.559308,3.144818
-5.227541,-1.411932,1.555903,3.143923
-5.233160,-1.413754,1.554251,3.143455
-5.238872,-1.415308,1.552654,3.142983
-5.244605,-1.416780,1.551095,3.142513
-5.250360,-1.418173,1.549577,3.142047
-5.261999,-1.420533,1.546688,3.141134
-5.267880,-1.421504,1.545321,3.140697
-5.273779,-1.422398,1.544001,3.140265
-5.279696,-1.423218,1.542728,3.139842
-5.291689,-1.424282,1.540395,3.139000
-5.297710,-1.424706,1.539304,3.138587
-5.303747,-1.425058,1.538265,3.138188
-5.322072,-1.425172,1.535581,3.137044
-5.328206,-1.425078,1.534794,3.136682
-5.334382,-1.424744,1.534100,3.136325
-5.346771,-1.423891,1.532880,3.135636
-5.352983,-1.423372,1.532354,3.135312
-5.359232,-1.422643,1.531925,3.135004
-5.365492,-1.421856,1.531557,3.134711
-5.384330,-1.419162,1.530837,3.133894
-5.390644,-1.418023,1.530761,3.133641
-5.396968,-1.416834,1.530754,3.133388
-5.403300,-1.415594,1.530814,3.133157
-5.416004,-1.412860,1.531184,3.132721
-5.422375,-1.411369,1.531488,3.132522
-5.428754,-1.409835,1.531864,3.132330
-5.441568,-1.406533,1.532882,3.131968
-5.448003,-1.404771,1.533522,3.131798
-5.454447,-1.402973,1.534218,3.131624
-5.460899,-1.401140,1.534984,3.131460
-5.480396,-1.395176,1.537862,3.131008
-5.486913,-1.393135,1.538938,3.130864
-5.493477,-1.390968,1.540147,3.130719
-5.500050,-1.388783,1.541404,3.130576
-5.513225,-1.384366,1.544030,3.130256
-5.519855,-1.382059,1.545480,3.130087
-5.526496,-1.379746,1.546964,3.129924
-5.546524,-1.372725,1.551665,3.129378
-5.553250,-1.370350,1.553326,3.129186
-5.559987,-1.367984,1.555010,3.128985
-5.573552,-1.363250,1.558483,3.128607
-5.580379,-1.360891,1.560269,3.128430
-5.587212,-1.358560,1.562070,3.128277
-5.594050,-1.356262,1.563884,3.128143
-5.607800,-1.351766,1.567585,3.127955
-5.607800,-1.351766,1.567585,3.127955
-5.621614,-1.347446,1.571362,3.127924
-5.628518,-1.345368,1.573263,3.127982
-5.642434,-1.341394,1.577142,3.128264
-5.649379,-1.339511,1.579088,3.128484
-5.656311,-1.337703,1.581033,3.128764
-5.663277,-1.335986,1.583012,3.129095
-5.670224,-1.334352,1.584987,3.129491
-5.677155,-1.332805,1.586947,3.129987
-5.691010,-1.330015,1.590792,3.131432
-5.697929,-1.328777,1.592657,3.132388
-5.704822,-1.327633,1.594470,3.133493
-5.725326,-1.324894,1.599590,3.137418
-5.732069,-1.324200,1.601204,3.138836
-5.738754,-1.323608,1.602772,3.140284
-5.751951,-1.322889,1.605759,3.143137
-5.758435,-1.322686,1.607161,3.144528
-5.764836,-1.322588,1.608516,3.145873
-5.777361,-1.322858,1.611078,3.148399
-5.783480,-1.323150,1.612294,3.149564
-5.789501,-1.323543,1.613468,3.150666
-5.789501,-1.323543,1.613468,3.150666
-5.795392,-1.324124,1.614580,3.151692
-5.812417,-1.326471,1.617681,3.154229
-5.817869,-1.327452,1.618636,3.154901
-5.823139,-1.328627,1.619538,3.155494
-5.828294,-1.329898,1.620407,3.155996
-5.838232,-1.332726,1.622097,3.156580
-5.842900,-1.334387,1.622925,3.156628
-5.847444,-1.336141,1.623755,3.156514
-5.860237,-1.342043,1.626242,3.155457
-5.864202,-1.344249,1.627065,3.154946
-5.868067,-1.346538,1.627882,3.154388
-5.871837,-1.348911,1.628690,3.153806
-5.878837,-1.354080,1.630254,3.152613
-5.882217,-1.356781,1.631014,3.152034
-5.885530,-1.359556,1.631754,3.151510
-5.894704,-1.368551,1.633829,3.150456
-5.897659,-1.371685,1.634468,3.150292
-5.900449,-1.374957,1.635079,3.150199
-5.900449,-1.374957,1.635079,3.150199
-5.908525,-1.385153,1.636712,3.150228
-5.911031,-1.388729,1.637202,3.150303
-5.913487,-1.392364,1.637663,3.150394
-5.915895,-1.396056,1.638095,3.150485
-5.920480,-1.403663,1.638873,3.150693
-5.922657,-1.407575,1.639222,3.150795
-5.926857,-1.415559,1.639855,3.151028
-5.928878,-1.419629,1.640141,3.151127
-5.932604,-1.428008,1.640638,3.151289
-5.934386,-1.432271,1.640851,3.151348
-5.937711,-1.440976,1.641236,3.151416
-5.939252,-1.445416,1.641407,3.151433
-5.940740,-1.449901,1.641564,3.151456
-5.942174,-1.454431,1.641707,3.151452
-5.945909,-1.468405,1.642092,3.151374
-5.947049,-1.473146,1.642198,3.151320
-5.948064,-1.477960,1.642296,3.151250
-5.949944,-1.487707,1.642458,3.151069
-5.951573,-1.497641,1.642573,3.150897
-5.952288,-1.502681,1.642614,3.150798
-5.952288,-1.502681,1.642614,3.150798
-5.954113,-1.518036,1.642676,3.150452
-5.954602,-1.523237,1.642674,3.150324
-5.955048,-1.528474,1.642665,3.150190
-5.955451,-1.533744,1.642648,3.150043
-5.956293,-1.549784,1.642542,3.149628
-5.956495,-1.555197,1.642495,3.149485
-5.956697,-1.566121,1.642376,3.149190
-5.956754,-1.577169,1.642236,3.148871
-5.956731,-1.582739,1.642158,3.148717
-5.956491,-1.593962,1.641979,3.148415
-5.956132,-1.605303,1.641783,3.148117
-5.955869,-1.611019,1.641671,3.147967
-5.955265,-1.622534,1.641467,3.147668
-5.954926,-1.628331,1.641376,3.147524
-5.954531,-1.634153,1.641265,3.147395
-5.954113,-1.640002,1.641151,3.147275
-5.953674,-1.645877,1.641033,3.147158
-5.952703,-1.657700,1.640777,3.146943
-5.952169,-1.663649,1.640642,3.146848
-5.951618,-1.669622,1.640505,3.146748
-5.949825,-1.687673,1.640079,3.146463
-5.949186,-1.693735,1.639935,3.146375
-5.948531,-1.699820,1.639788,3.146290
-5.947142,-1.712057,1.639506,3.146123
-5.945686,-1.724382,1.639213,3.145958
-5.944922,-1.730570,1.639067,3.145891
-5.942538,-1.749256,1.638617,3.145724
-5.941711,-1.755516,1.638452,3.145674
-5.940868,-1.761796,1.638287,3.145628
-5.938248,-1.780751,1.637803,3.145461
-5.937339,-1.787090,1.637628,3.145404
-5.936414,-1.793448,1.637455,3.145357
-5.935475,-1.799823,1.637283,3.145303
-5.932557,-1.819016,1.636740,3.145141
-5.931550,-1.825451,1.636560,3.145088
-5.931550,-1.825451,1.636560,3.145088
-5.929470,-1.838397,1.636186,3.145055
-5.927318,-1.851437,1.635740,3.145276
-5.926229,-1.857985,1.635474,3.145498
-5.924054,-1.871049,1.634838,3.146209
-5.922979,-1.877575,1.634459,3.146689
-5.921919,-1.884086,1.634036,3.147250
-5.918877,-1.903356,1.632479,3.149304
-5.917921,-1.909693,1.631876,3.150072
-5.917009,-1.915930,1.631203,3.150865
-5.916138,-1.922105,1.630483,3.151664
-5.913816,-1.940096,1.628000,3.153896
-5.913159,-1.945867,1.627060,3.154558
-5.912556,-1.951541,1.626072,3.155162
-5.912005,-1.957112,1.625037,3.155682
-5.910871,-1.972804,1.621542,3.156781
-5.910608,-1.977800,1.620287,3.156965
-5.910608,-1.977800,1.620287,3.156965
-5.910406,-1.982672,1.618989,3.157043
-5.910457,-1.996049,1.614755,3.156760
-5.910594,-2.000246,1.613267,3.156489
-5.910900,-2.004109,1.611701,3.156130
-5.911691,-2.011431,1.608469,3.155202
-5.912174,-2.014887,1.606816,3.154625
-5.912823,-2.018004,1.605087,3.154004
-5.915111,-2.026547,1.599757,3.151814
-5.916111,-2.028910,1.597893,3.150975
-5.917165,-2.031142,1.596014,3.150121
-5.919434,-2.035214,1.592223,3.148320
-5.920768,-2.036839,1.590278,3.147388
-5.922153,-2.038340,1.588326,3.146461
-5.926738,-2.041890,1.582423,3.143646
-5.928452,-2.042692,1.580443,3.142692
-5.930210,-2.043380,1.578462,3.141742
-5.932014,-2.043958,1.576483,3.140801
-5.938096,-2.044337,1.570519,3.138090
-5.940204,-2.044261,1.568545,3.137221
-5.942466,-2.043850,1.566566,3.136368
-5.944764,-2.043353,1.564599,3.135552
-5.947098,-2.042764,1.562632,3.134732
-5.951871,-2.041318,1.558734,3.133162
-5.954412,-2.040248,1.556806,3.132415
-5.962229,-2.036560,1.551109,3.130367
-5.964983,-2.034980,1.549247,3.129738
-5.967765,-2.033329,1.547401,3.129126
-5.976373,-2.027782,1.541977,3.127449
-5.979358,-2.025683,1.540213,3.126966
-5.982367,-2.023521,1.538473,3.126497
-5.991706,-2.016359,1.533438,3.125257
-5.994891,-2.013807,1.531819,3.124886
-5.998096,-2.011198,1.530230,3.124545
-6.004772,-2.005539,1.527172,3.123947
-6.011522,-1.999674,1.524249,3.123444
-6.015013,-1.996551,1.522850,3.123230
-6.018519,-1.993381,1.521486,3.123053
-6.029218,-1.983514,1.517601,3.122583
-6.032870,-1.980078,1.516381,3.122472
-6.040213,-1.973074,1.514024,3.122321
-6.043988,-1.969425,1.512913,3.122266
-6.047773,-1.965734,1.511837,3.122242
-6.055371,-1.958234,1.509791,3.122239
-6.059183,-1.954425,1.508824,3.122254
-6.066966,-1.946565,1.507029,3.122342
-6.074777,-1.938555,1.505380,3.122490
-6.082719,-1.930291,1.503893,3.122695
-6.086697,-1.926108,1.503200,3.122822
-6.090678,-1.921890,1.502539,3.122955
-6.098751,-1.913242,1.501338,3.123268
-6.106834,-1.904464,1.500263,3.123639
-6.110926,-1.899991,1.499788,3.123827
-6.119113,-1.890953,1.498930,3.124260
-6.127327,-1.881755,1.498216,3.124719
-6.131447,-1.877091,1.497913,3.124969
-6.135567,-1.872399,1.497638,3.125235
-6.143838,-1.862895,1.497188,3.125769
-6.152140,-1.853249,1.496858,3.126340
-6.152140,-1.853249,1.496858,3.126340
-6.156288,-1.848388,1.496727,3.126641
-6.168797,-1.833607,1.496581,3.127561
-6.172962,-1.828633,1.496567,3.127884
-6.181332,-1.818589,1.496656,3.128537
-6.189695,-1.808459,1.496789,3.129215
-6.193874,-1.803363,1.496867,3.129560
-6.202304,-1.793105,1.497084,3.130267
-6.206516,-1.787947,1.497202,3.130626
-6.210728,-1.782772,1.497325,3.130988
-6.214971,-1.777574,1.497467,3.131344
-6.223453,-1.767129,1.497777,3.132072
-6.231956,-1.756627,1.498108,3.132794
-6.236221,-1.751357,1.498270,3.133148
-6.249046,-1.735487,1.498704,3.134187
-6.253340,-1.730184,1.498810,3.134520
-6.257639,-1.724872,1.498903,3.134849
-6.266273,-1.714233,1.499032,3.135463
-6.274957,-1.703580,1.499077,3.136021
-6.279312,-1.698251,1.499068,3.136277
-6.283704,-1.692943,1.499039,3.136522
-6.292525,-1.682333,1.498910,3.136947
-6.296958,-1.677036,1.498809,3.137133
-6.301428,-1.671772,1.498688,3.137301
-6.314945,-1.656044,1.498154,3.137650
-6.319524,-1.650875,1.497915,3.137725
-6.324125,-1.645726,1.497647,3.137783
-6.333400,-1.635501,1.497032,3.137855
-6.342830,-1.625440,1.496316,3.137909
-6.347611,-1.620485,1.495924,3.137937
-6.352421,-1.615570,1.495511,3.137970
-6.362181,-1.605936,1.494643,3.138045
-6.367132,-1.601224,1.494184,3.138094
-6.382228,-1.587512,1.492718,3.138365
-6.387361,-1.583121,1.492200,3.138514
-6.392521,-1.578799,1.491664,3.138683
-6.397709,-1.574550,1.491117,3.138871
-6.413624,-1.562552,1.489358,3.139602
-6.418977,-1.558718,1.488752,3.139909
-6.424418,-1.555076,1.488126,3.140238
-6.435365,-1.548058,1.486837,3.140997
-6.446458,-1.541534,1.485495,3.141835
-6.452064,-1.538478,1.484808,3.142282
-6.463321,-1.532656,1.483418,3.143238
-6.469031,-1.530038,1.482692,3.143728
-6.474755,-1.527517,1.481966,3.144236
-6.480490,-1.525096,1.481240,3.144758
-6.497924,-1.518723,1.479134,3.146897
-6.503789,-1.516848,1.478489,3.147849
-6.509665,-1.515075,1.477884,3.148882
-6.527359,-1.510699,1.476273,3.152264
-6.533251,-1.509507,1.475817,3.153422
-6.539126,-1.508425,1.475404,3.154585
-6.556654,-1.506307,1.474394,3.157933
-6.562431,-1.505821,1.474122,3.158982
-6.568175,-1.505625,1.473888,3.159975
-6.579533,-1.505559,1.473499,3.161805
-6.590698,-1.506084,1.473212,3.163376
-6.596203,-1.506585,1.473102,3.164058
-6.601650,-1.507191,1.473006,3.164673
-6.612330,-1.508873,1.472844,3.165694
-6.617561,-1.509946,1.472791,3.166112
-6.622730,-1.511119,1.472743,3.166456
-6.632794,-1.513920,1.472684,3.166953
-6.642528,-1.517258,1.472655,3.167228
-6.647300,-1.519069,1.472640,3.167300
-6.656445,-1.523261,1.472656,3.167295
-6.660926,-1.525490,1.472661,3.167228
-6.665347,-1.527807,1.472664,3.167104
-6.673752,-1.533025,1.472705,3.166535
-6.681901,-1.538611,1.472741,3.165568
-6.685887,-1.541535,1.472755,3.165022
-6.689711,-1.544664,1.472757,3.164477
-6.700949,-1.554431,1.472702,3.163204
-6.704528,-1.557908,1.472644,3.162957
-6.708088,-1.561417,1.472573,3.162800
-6.711637,-1.564950,1.472488,3.162731
-6.722031,-1.575827,1.472129,3.163010
-6.725459,-1.579475,1.471980,3.163203
-6.732265,-1.586795,1.471621,3.163627
-6.735648,-1.590448,1.471413,3.163829
-6.739046,-1.594050,1.471195,3.163991
-6.742458,-1.597595,1.470963,3.164114
-6.749262,-1.604610,1.470411,3.164159
-6.756126,-1.611303,1.469793,3.163866
-6.759577,-1.614522,1.469422,3.163576
-6.763041,-1.617641,1.469041,3.163182
-6.770003,-1.623558,1.468246,3.162102
-6.773512,-1.626299,1.467800,3.161414
-6.784074,-1.633799,1.466403,3.158820
-6.787630,-1.635959,1.465892,3.157805
-6.791184,-1.637990,1.465373,3.156721
-6.798277,-1.641654,1.464306,3.154377
-6.801811,-1.643284,1.463759,3.153135
-6.808900,-1.645885,1.462599,3.150563
-6.812422,-1.646984,1.462010,3.149248
-6.822916,-1.649151,1.460148,3.145258
-6.826376,-1.649554,1.459506,3.143937
-6.829810,-1.649826,1.458860,3.142639
-6.836642,-1.649623,1.457521,3.140098
-6.843349,-1.648919,1.456176,3.137657
-6.846666,-1.648209,1.455492,3.136482
-6.849949,-1.647381,1.454806,3.135340
-6.856404,-1.645378,1.453434,3.133188
-6.859576,-1.644039,1.452744,3.132171
-6.862708,-1.642591,1.452053,3.131180
-6.868854,-1.639379,1.450676,3.129322
-6.871874,-1.637453,1.449973,3.128461
-6.874853,-1.635430,1.449272,3.127642
-6.880686,-1.631097,1.447881,3.126116
-6.886352,-1.626086,1.446487,3.124769
-6.889119,-1.623452,1.445796,3.124149
-6.891844,-1.620734,1.445110,3.123563
-6.897163,-1.614763,1.443746,3.122515
-6.902316,-1.608484,1.442400,3.121612
-6.904830,-1.605233,1.441736,3.121215
-6.904830,-1.605233,1.441736,3.121215
-6.912128,-1.594729,1.439760,3.120223
-6.914481,-1.591095,1.439113,3.119950
-6.916797,-1.587290,1.438466,3.119706
-6.921314,-1.579494,1.437196,3.119317
-6.923517,-1.575507,1.436572,3.119165
-6.925676,-1.571377,1.435938,3.119038
-6.927800,-1.567191,1.435311,3.118938
-6.929887,-1.562953,1.434690,3.118869
-6.933954,-1.554229,1.433447,3.118799
-6.935938,-1.549745,1.432830,3.118799
-6.937891,-1.545211,1.432220,3.118818
-6.943558,-1.531175,1.430403,3.119036
-6.945386,-1.526382,1.429806,3.119145
-6.947187,-1.521545,1.429218,3.119279
-6.950712,-1.511639,1.428059,3.119602
-6.952440,-1.506622,1.427490,3.119779
-6.954145,-1.501564,1.426928,3.119985
-6.955832,-1.496412,1.426361,3.120199
-6.959144,-1.485990,1.425251,3.120678
-6.962393,-1.475380,1.424182,3.121239
-6.964000,-1.469999,1.423663,3.121538
-6.967171,-1.459132,1.422647,3.122172
-6.968738,-1.453648,1.422151,3.122499
-6.970326,-1.448105,1.421654,3.122830
-6.971905,-1.442531,1.421166,3.123179
-6.973475,-1.436924,1.420685,3.123531
-6.976632,-1.425587,1.419724,3.124271
-6.978225,-1.419856,1.419258,3.124664
-6.979813,-1.414095,1.418801,3.125063
-6.984616,-1.396589,1.417470,3.126262
-6.986226,-1.390692,1.417046,3.126671
-6.987838,-1.384770,1.416630,3.127080
-6.992789,-1.366780,1.415394,3.128329
-6.994453,-1.360740,1.414998,3.128746
-6.996156,-1.354655,1.414599,3.129161
-7.001329,-1.336294,1.413455,3.130391
-7.003115,-1.330124,1.413091,3.130793
-7.004916,-1.323940,1.412735,3.131188
-7.008577,-1.311536,1.412051,3.131966
-7.012434,-1.299042,1.411398,3.132700
-7.014399,-1.292785,1.411078,3.133054
-7.020591,-1.273947,1.410197,3.134057
-7.022738,-1.267660,1.409924,3.134359
-7.024919,-1.261376,1.409660,3.134640
-7.027135,-1.255095,1.409403,3.134903
-7.031837,-1.242550,1.408943,3.135403
-7.034247,-1.236293,1.408726,3.135630
-7.036700,-1.230049,1.408518,3.135847
-7.041927,-1.217609,1.408172,3.136217
-7.047337,-1.205252,1.407883,3.136519
-7.050215,-1.199128,1.407778,3.136653
-7.056120,-1.186973,1.407588,3.136908
-7.059149,-1.180947,1.407502,3.137028
-7.065585,-1.169097,1.407387,3.137265
-7.068882,-1.163236,1.407338,3.137388
-7.075753,-1.151715,1.407295,3.137643
-7.082953,-1.140463,1.407286,3.137935
-7.086635,-1.134927,1.407286,3.138110
-7.094367,-1.124174,1.407312,3.138545
-7.098310,-1.118901,1.407308,3.138798
-7.102305,-1.113702,1.407308,3.139063
-7.114961,-1.098814,1.407363,3.140030
-7.119274,-1.094019,1.407397,3.140415
-7.123755,-1.089411,1.407440,3.140828
-7.128280,-1.084892,1.407493,3.141282
-7.137457,-1.076136,1.407637,3.142267
-7.142107,-1.071904,1.407724,3.142791
-7.146903,-1.067876,1.407810,3.143340
-7.161503,-1.056406,1.408132,3.145134
-7.166524,-1.052918,1.408231,3.145776
-7.171573,-1.049535,1.408342,3.146443
-7.176649,-1.046261,1.408463,3.147142
-7.192187,-1.037386,1.408868,3.149241
-7.197434,-1.034697,1.409020,3.149961
-7.208046,-1.029812,1.409343,3.151420
-7.213407,-1.027613,1.409516,3.152142
-7.218778,-1.025525,1.409696,3.152877
-7.224157,-1.023547,1.409883,3.153617
-7.240483,-1.018769,1.410508,3.155785
-7.245930,-1.017393,1.410721,3.156488
-7.251422,-1.016306,1.410954,3.157179
-7.256910,-1.015325,1.411190,3.157860
-7.273378,-1.013194,1.411920,3.159805
-7.278873,-1.012810,1.412171,3.160413
-7.289829,-1.012343,1.412683,3.161573
-7.295308,-1.012433,1.412958,3.162130
-7.300772,-1.012619,1.413230,3.162670
-7.311647,-1.013277,1.413756,3.163707
-7.311647,-1.013277,1.413756,3.163707
-7.327825,-1.015248,1.414548,3.165617
-7.333173,-1.016132,1.414820,3.166514
-7.343786,-1.018300,1.415328,3.168895
-7.349050,-1.019572,1.415513,3.170448
-7.359497,-1.022329,1.415633,3.174326
-7.364651,-1.023951,1.415558,3.176647
-7.374879,-1.027383,1.415096,3.182070
-7.379950,-1.029196,1.414697,3.185164
-7.384957,-1.031192,1.414172,3.188507
-7.399791,-1.037556,1.411943,3.200021
-7.404629,-1.039914,1.410963,3.204345
-7.409431,-1.042334,1.409883,3.208916
-7.423568,-1.050083,1.406002,3.224049
-7.428168,-1.052867,1.404482,3.229575
-7.432727,-1.055716,1.402880,3.235339
-7.437243,-1.058630,1.401200,3.241329
-7.441648,-1.061709,1.399351,3.247559
-7.450329,-1.068064,1.395424,3.260833
-7.454598,-1.071341,1.393343,3.267913
-7.466859,-1.081860,1.386324,3.291020
-7.470820,-1.085502,1.383827,3.299318
-7.474706,-1.089212,1.381261,3.307867
-7.482084,-1.097002,1.375779,3.325734
-7.489077,-1.105043,1.370045,3.344522
-7.492323,-1.109231,1.367032,3.354192
-7.495441,-1.113472,1.363980,3.364030
-7.503843,-1.126534,1.354591,3.394177
-7.506261,-1.131004,1.351390,3.404397
-7.508506,-1.135493,1.348191,3.414670
-7.513885,-1.149141,1.338511,3.445858
-7.515250,-1.153687,1.335305,3.456370
-7.517215,-1.162731,1.328929,3.477594
-7.517812,-1.167203,1.325768,3.488335
-7.518202,-1.171607,1.322643,3.499171
-7.518386,-1.175932,1.319558,3.510120
-7.517732,-1.184339,1.313473,3.532418
-7.516292,-1.192296,1.307561,3.555361
-7.515044,-1.196048,1.304660,3.567091
-7.512030,-1.203124,1.298965,3.591209
-7.510280,-1.206431,1.296163,3.603590
-7.508106,-1.209487,1.293390,3.616198
-7.505796,-1.212377,1.290633,3.629079
-7.498152,-1.220004,1.282410,3.669160
-7.495158,-1.222018,1.279691,3.683003
-7.488936,-1.225502,1.274218,3.711433
-7.485727,-1.226971,1.271470,3.725982
-7.478743,-1.228959,1.265917,3.755698
-7.475200,-1.229686,1.263089,3.770857
-7.464174,-1.230332,1.254342,3.817379
-7.460446,-1.230130,1.251349,3.833202
-7.456729,-1.229765,1.248302,3.849156
-7.449157,-1.228040,1.241987,3.881398
-7.441700,-1.225727,1.235433,3.914035
-7.437986,-1.224077,1.232026,3.930479
-7.434319,-1.222294,1.228558,3.947002
-7.430700,-1.220382,1.225020,3.963593
-7.423642,-1.215916,1.217713,3.996925
-7.413518,-1.207977,1.206244,4.047340
-7.410326,-1.204864,1.202260,4.064228
-7.407202,-1.201658,1.198218,4.081176
-7.404145,-1.198362,1.194131,4.098162
-7.398333,-1.191291,1.185787,4.132270
-7.392882,-1.183691,1.177263,4.166626
-7.390257,-1.179787,1.172962,4.183901
-7.387697,-1.175817,1.168639,4.201236
-7.380730,-1.163029,1.155458,4.253669
-7.378529,-1.158660,1.151061,4.271308
-7.374529,-1.149488,1.142235,4.306838
-7.370738,-1.140162,1.133425,4.342753
-7.369035,-1.135313,1.129016,4.360876
-7.365766,-1.125534,1.120245,4.397463
-7.364196,-1.120613,1.115881,4.415905
-7.362780,-1.115563,1.111522,4.434457
-7.361402,-1.110503,1.107174,4.453117
-7.360061,-1.105435,1.102838,4.471873
-7.356439,-1.090037,1.089906,4.528925
-7.355329,-1.084889,1.085606,4.548186
-7.354250,-1.079754,1.081308,4.567548
-7.352384,-1.069440,1.072739,4.606596
-7.351495,-1.064324,1.068424,4.626280
-7.350635,-1.059241,1.064100,4.646076
-7.348523,-1.044138,1.051076,4.706118
-7.347876,-1.039197,1.046707,-1.556834
-7.347341,-1.034300,1.042334,-1.536490
-7.346832,-1.029460,1.037943,-1.516042
-7.345480,-1.015319,1.024637,-1.454059
-7.345159,-1.010776,1.020155,-1.433188
-7.344605,-1.001914,1.011133,-1.391157
-7.344375,-0.997601,1.006590,-1.369987
-7.344237,-0.993420,1.002020,-1.348727
-7.344054,-0.985313,0.992807,-1.305936
-7.344007,-0.981391,0.988162,-1.284393
-7.344132,-0.973946,0.978746,-1.241032
-7.344240,-0.970363,0.973994,-1.219226
-7.344614,-0.963559,0.964382,-1.175361
-7.344879,-0.960340,0.959522,-1.153296
-7.345174,-0.957219,0.954631,-1.131163
-7.345496,-0.954198,0.949711,-1.108945
-7.346809,-0.946053,0.934769,-1.041947
-7.347302,-0.943544,0.929777,-1.019520
-7.347890,-0.941248,0.924777,-0.997059
-7.349813,-0.935004,0.909923,-0.929563
-7.350573,-0.933249,0.905039,-0.907057
-7.351358,-0.931603,0.900220,-0.884562
-7.352169,-0.930068,0.895477,-0.862089
-7.354886,-0.926368,0.881919,-0.794892
-7.355861,-0.925397,0.877646,-0.772594
-7.356858,-0.924538,0.873518,-0.750363
-7.358986,-0.923275,0.865766,-0.706135
-7.361257,-0.922559,0.858709,-0.662275
-7.363653,-0.922366,0.852322,-0.618830
-7.364902,-0.922469,0.849363,-0.597291
-7.366159,-0.922659,0.846526,-0.575881
-7.367426,-0.922929,0.843801,-0.554604
-7.370141,-0.923963,0.838841,-0.512486
-7.372874,-0.925266,0.834201,-0.471003
-7.374313,-0.926124,0.832081,-0.450528
-7.377195,-0.928002,0.827984,-0.410130
-7.378636,-0.929015,0.825990,-0.390220
-7.380146,-0.930165,0.824109,-0.370505
-7.384663,-0.933846,0.818559,-0.312588
-7.386233,-0.935227,0.816804,-0.293690
-7.387802,-0.936637,0.815055,-0.275004
-7.389367,-0.938076,0.813309,-0.256531
-7.394156,-0.942671,0.808147,-0.202351
-7.395764,-0.944267,0.806438,-0.184714
-7.397367,-0.945882,0.804728,-0.167280
-7.402277,-0.950951,0.799624,-0.116251
-7.403904,-0.952669,0.797926,-0.099657
-7.405525,-0.954398,0.796225,-0.083275
-7.410460,-0.959709,0.791113,-0.035386
-7.412092,-0.961497,0.789401,-0.019840
-7.413754,-0.963293,0.787697,-0.004500
-7.418702,-0.968719,0.782539,0.040271
-7.420373,-0.970536,0.780801,0.054791
-7.422035,-0.972356,0.779059,0.069100
-7.423690,-0.974180,0.777312,0.083202
-7.427019,-0.977822,0.773804,0.110809
-7.428694,-0.979640,0.772053,0.124306
-7.430359,-0.981459,0.770298,0.137601
-7.435371,-0.986902,0.764992,0.176267
-7.437036,-0.988713,0.763212,0.188764
-7.438688,-0.990525,0.761428,0.201059
-7.443678,-0.995878,0.755968,0.236783
-7.445319,-0.997662,0.754131,0.248293
-7.446980,-0.999417,0.752292,0.259605
-7.451891,-1.004678,0.746761,0.292378
-7.453535,-1.006412,0.744908,0.302922
-7.455167,-1.008145,0.743055,0.313272
-7.459982,-1.013328,0.737487,0.343190
-7.461574,-1.015018,0.735628,0.352783
-7.464717,-1.018391,0.731908,0.371400
-7.467827,-1.021725,0.728202,0.389265
-7.469371,-1.023375,0.726347,0.397919
-7.470901,-1.025022,0.724491,0.406386
-7.475448,-1.029856,0.718923,0.430691
-7.476941,-1.031446,0.717082,0.438421
-7.478419,-1.033033,0.715240,0.445963
-7.481360,-1.036086,0.711543,0.460502
-7.484241,-1.039124,0.707845,0.474312
-7.485661,-1.040584,0.706001,0.480949
-7.487065,-1.042040,0.704157,0.487401
-7.491187,-1.046340,0.698651,0.505702
-7.492529,-1.047739,0.696817,0.511445
-7.495169,-1.050521,0.693151,0.522402
-7.497732,-1.053198,0.689497,0.532650
-7.498991,-1.054528,0.687676,0.537500
-7.501471,-1.057123,0.684022,0.546693
-7.503895,-1.059649,0.680359,0.555192
-7.505084,-1.060902,0.678529,0.559178
-7.508569,-1.064542,0.673029,0.570109
-7.509702,-1.065729,0.671195,0.573406
-7.510819,-1.066909,0.669362,0.576532
-7.514073,-1.070282,0.663861,0.584873
-7.515128,-1.071391,0.662033,0.587324
-7.516150,-1.072444,0.660201,0.589597
-7.518148,-1.074527,0.656543,0.593648
-7.520091,-1.076534,0.652872,0.597030
-7.521041,-1.077502,0.651029,0.598471
-7.521976,-1.078461,0.649187,0.599746
-7.524684,-1.081185,0.643643,0.602573
-7.525556,-1.082058,0.641795,0.603190
-7.526413,-1.082922,0.639948,0.603643
-7.528913,-1.085377,0.634400,0.604014
-7.529718,-1.086177,0.632564,0.603819
-7.531321,-1.087709,0.628893,0.602928
-7.532866,-1.089200,0.625223,0.601389
-7.533618,-1.089906,0.623403,0.600377
-7.535789,-1.091960,0.617956,0.596371
-7.536487,-1.092622,0.616141,0.594712
-7.537181,-1.093236,0.614341,0.592895
-7.539182,-1.095013,0.608932,0.586497
-7.539829,-1.095550,0.607134,0.584043
-7.540464,-1.096075,0.605335,0.581431
-7.541086,-1.096591,0.603534,0.578676
-7.542904,-1.097989,0.598134,0.569452
-7.543489,-1.098421,0.596332,0.566061
-7.544063,-1.098844,0.594529,0.562514
-7.545708,-1.099949,0.589136,0.550968
-7.546232,-1.100300,0.587336,0.546812
-7.547243,-1.100901,0.583749,0.538033
-7.548208,-1.101473,0.580157,0.528656
-7.548662,-1.101723,0.578379,0.523728
-7.549539,-1.102205,0.574818,0.513432
-7.550369,-1.102641,0.571270,0.502531
-7.550768,-1.102840,0.569503,0.496854
-7.551904,-1.103388,0.564230,0.478958
-7.552260,-1.103548,0.562486,0.472695
-7.552608,-1.103705,0.560741,0.466281
-7.553584,-1.104170,0.555543,0.446219
-7.553882,-1.104325,0.553850,0.439271
-7.554171,-1.104480,0.552176,0.432206
-7.554967,-1.104975,0.547356,0.410331
-7.555212,-1.105149,0.545832,0.402842
-7.555450,-1.105327,0.544359,0.395258
-7.556083,-1.105936,0.540358,0.372042
-7.556279,-1.106152,0.539171,0.364153
-7.556486,-1.106387,0.538081,0.356205
-7.556880,-1.106884,0.536176,0.340172
-7.557263,-1.107417,0.534736,0.323967
-7.557452,-1.107699,0.534212,0.315822
-7.557634,-1.107993,0.533812,0.307663
-7.558176,-1.108968,0.533559,0.283121
-7.558348,-1.109326,0.533790,0.274932
-7.558683,-1.110097,0.534829,0.258581
-7.559003,-1.110944,0.536644,0.242311
-7.559152,-1.111396,0.537813,0.234233
-7.559639,-1.112916,0.542681,0.210198
-7.559787,-1.113464,0.544640,0.202267
-7.559927,-1.114031,0.546752,0.194393
-7.560396,-1.115900,0.554340,0.171135
-7.560538,-1.116563,0.557132,0.163509
-7.560713,-1.117264,0.560199,0.155966
-7.561044,-1.118726,0.566680,0.141122
-7.561386,-1.120301,0.573745,0.126630
-7.561566,-1.121133,0.577498,0.119514
-7.561742,-1.121986,0.581340,0.112497
-7.562110,-1.123793,0.589416,0.098761
-7.562303,-1.124747,0.593626,0.092052
-7.562675,-1.126712,0.602262,0.078960
-7.563097,-1.128877,0.611380,0.066321
-7.563303,-1.129986,0.616030,0.060181
-7.563506,-1.131114,0.620737,0.054155
-7.564199,-1.134779,0.635469,0.036823
-7.564426,-1.136036,0.640480,0.031300
-7.564692,-1.137363,0.645607,0.025906
-7.565485,-1.141448,0.661239,0.010512
-7.565791,-1.142883,0.666593,0.005649
-7.566097,-1.144336,0.671985,0.000910
-7.567012,-1.148807,0.688371,-0.012495
-7.567371,-1.150372,0.693947,-0.016687
-7.568091,-1.153558,0.705197,-0.024669
-7.568452,-1.155181,0.710860,-0.028461
-7.569299,-1.158550,0.722382,-0.035629
-7.570147,-1.161999,0.734030,-0.042262
-7.571095,-1.165597,0.745893,-0.048355
-7.571571,-1.167427,0.751881,-0.051202
-7.572047,-1.169277,0.757900,-0.053916
-7.573094,-1.173092,0.770137,-0.058943
-7.574144,-1.176990,0.782504,-0.063469
-7.574709,-1.178985,0.788793,-0.065530
-7.575274,-1.181000,0.795118,-0.067470
-7.577020,-1.187206,0.814349,-0.072565
-7.577632,-1.189335,0.820874,-0.074021
-7.578862,-1.193663,0.834049,-0.076576
-7.580215,-1.198147,0.847504,-0.078666
-7.580892,-1.200423,0.854299,-0.079542
-7.583044,-1.207451,0.875090,-0.081510
-7.583781,-1.209850,0.882141,-0.081951
-7.584519,-1.212272,0.889246,-0.082287
-7.586846,-1.219745,0.910954,-0.082686
-7.587641,-1.222294,0.918310,-0.082627
-7.588434,-1.224864,0.925718,-0.082480
-7.590966,-1.232823,0.948351,-0.081478
-7.591808,-1.235517,0.955984,-0.080975
-7.592688,-1.238260,0.963700,-0.080390
-7.594442,-1.243804,0.979193,-0.078970
-7.596210,-1.249439,0.994796,-0.077256
-7.597102,-1.252292,1.002629,-0.076294
-7.597991,-1.255161,1.010457,-0.075260
-7.600688,-1.263891,1.033969,-0.071780
-7.601590,-1.266836,1.041780,-0.070494
-7.602488,-1.269796,1.049562,-0.069156
-7.605269,-1.278785,1.072881,-0.064837
-7.606191,-1.281808,1.080576,-0.063303
-7.607137,-1.284845,1.088272,-0.061721
-7.609953,-1.294030,1.111057,-0.056741
-7.610908,-1.297124,1.118569,-0.055005
-7.611859,-1.300229,1.126023,-0.053242
-7.614696,-1.309612,1.148009,-0.047759
-7.615645,-1.312758,1.155219,-0.045872
-7.617537,-1.319082,1.169450,-0.042042
-7.619425,-1.325423,1.183389,-0.038131
-7.620368,-1.328598,1.190243,-0.036156
-7.621308,-1.331781,1.197030,-0.034163
-7.622246,-1.334973,1.203750,-0.032155
-7.624125,-1.341339,1.216920,-0.028117
-7.625988,-1.347735,1.229821,-0.024064
-7.626912,-1.350924,1.236124,-0.022028
-7.628744,-1.357325,1.248529,-0.017973
-7.629653,-1.360535,1.254631,-0.015949
-7.632309,-1.370138,1.272440,-0.009904
-7.633183,-1.373349,1.278255,-0.007901
-7.634035,-1.376545,1.283966,-0.005921
-7.636554,-1.386156,1.300720,-0.000072
-7.637330,-1.389352,1.306133,0.001843
-7.638861,-1.395748,1.316780,0.005615
-7.639614,-1.398946,1.321998,0.007457
-7.641011,-1.405342,1.332150,0.011052
-7.642368,-1.411723,1.342086,0.014503
-7.643030,-1.414905,1.346976,0.016173
-7.644857,-1.424390,1.361189,0.020911
-7.645984,-1.430652,1.370391,0.023821
-7.647022,-1.436840,1.379393,0.026496
-7.647022,-1.436840,1.379393,0.026496
-7.647510,-1.439895,1.383838,0.027747
-7.648779,-1.448825,1.396802,0.031184
-7.649149,-1.451723,1.400999,0.032222
-7.649467,-1.454560,1.405056,0.033224
-7.650254,-1.462765,1.416543,0.036061
-7.650416,-1.465372,1.420047,0.036971
-7.650550,-1.467918,1.423405,0.037886
-7.650711,-1.475104,1.432510,0.040647
-7.650663,-1.477322,1.435200,0.041598
-7.650271,-1.483426,1.442299,0.044639
-7.650034,-1.485251,1.444318,0.045706
-7.649473,-1.488617,1.447976,0.047917
-7.649085,-1.490073,1.449489,0.049062
-7.647764,-1.493828,1.453368,0.052617
-7.647272,-1.494868,1.454455,0.053842
-7.646071,-1.496438,1.456092,0.056316
-7.644780,-1.497571,1.457389,0.058826
-7.644039,-1.497861,1.457806,0.060088
-7.643278,-1.498041,1.458152,0.061351
-7.642498,-1.498114,1.458411,0.062620
-7.640830,-1.497820,1.458647,0.065134
-7.639944,-1.497456,1.458633,0.066365
-7.637151,-1.495632,1.458206,0.069930
-7.636158,-1.494751,1.457924,0.071075
-7.635158,-1.493770,1.457603,0.072199
-7.631989,-1.490013,1.456282,0.075390
-7.630903,-1.488537,1.455759,0.076407
-7.629816,-1.486972,1.455212,0.077388
-7.627535,-1.483343,1.453905,0.079236
-7.625273,-1.479390,1.452535,0.080936
-7.624104,-1.477162,1.451761,0.081730
-7.620669,-1.470048,1.449406,0.083855
-7.619525,-1.467410,1.448544,0.084474
-7.618400,-1.464708,1.447684,0.085045
-7.617298,-1.461945,1.446827,0.085560
-7.614136,-1.453193,1.444229,0.086858
-7.613131,-1.450092,1.443340,0.087198
-7.610334,-1.440394,1.440692,0.087937
-7.609480,-1.437004,1.439808,0.088078
-7.608674,-1.433575,1.438941,0.088159
-7.607214,-1.426521,1.437221,0.088159
-7.606565,-1.422900,1.436369,0.088071
-7.605452,-1.415581,1.434720,0.087725
-7.604615,-1.408037,1.433086,0.087153
-7.604302,-1.404240,1.432302,0.086788
-7.604062,-1.400430,1.431540,0.086363
-7.603849,-1.392685,1.430042,0.085359
-7.603953,-1.384925,1.428595,0.084131
-7.604169,-1.381027,1.427888,0.083445
-7.604467,-1.377134,1.427201,0.082724
-7.605932,-1.365505,1.425248,0.080283
-7.606631,-1.361655,1.424625,0.079409
-7.607418,-1.357819,1.424017,0.078502
-7.610471,-1.346471,1.422284,0.075599
-7.611691,-1.342738,1.421734,0.074577
-7.612998,-1.339027,1.421196,0.073527
-7.617618,-1.328134,1.419700,0.070273
-7.619356,-1.324570,1.419230,0.069153
-7.623168,-1.317583,1.418321,0.066867
-7.627388,-1.310768,1.417452,0.064559
-7.629619,-1.307404,1.417044,0.063384
-7.632016,-1.304137,1.416645,0.062194
-7.639670,-1.294506,1.415496,0.058611
-7.642463,-1.291421,1.415130,0.057403
-7.645329,-1.288365,1.414770,0.056204
-7.648267,-1.285336,1.414418,0.054999
-7.654437,-1.279423,1.413732,0.052573
-7.660964,-1.273678,1.413095,0.050176
-7.664327,-1.270844,1.412791,0.048972
-7.671411,-1.265377,1.412261,0.046574
-7.678741,-1.260002,1.411736,0.044207
-7.686471,-1.254864,1.411317,0.041868
-7.694428,-1.249802,1.410942,0.039561
-7.698574,-1.247378,1.410799,0.038419
-7.707022,-1.242577,1.410537,0.036177
-7.715673,-1.237833,1.410310,0.033991
-7.720144,-1.235550,1.410244,0.032922
-7.729227,-1.231017,1.410142,0.030806
-7.738563,-1.226595,1.410114,0.028752
-7.738563,-1.226595,1.410114,0.028752
-7.748140,-1.222275,1.410156,0.026780
-7.757951,-1.218050,1.410264,0.024870
-7.762949,-1.215979,1.410344,0.023943
-7.767985,-1.213912,1.410432,0.023030
-7.783423,-1.207874,1.410778,0.020406
-7.788657,-1.205889,1.410913,0.019575
-7.793924,-1.203905,1.411054,0.018766
-7.810041,-1.198120,1.411608,0.016434
-7.815475,-1.196188,1.411801,0.015693
-7.820975,-1.194299,1.412026,0.014979
-7.837642,-1.188606,1.412724,0.012931
-7.843288,-1.186739,1.412987,0.012286
-7.848962,-1.184867,1.413253,0.011666
-7.866148,-1.179260,1.414097,0.009907
-7.871939,-1.177410,1.414403,0.009358
-7.883583,-1.173684,1.415014,0.008316
-7.895324,-1.169973,1.415646,0.007346
-7.901231,-1.168128,1.415976,0.006889
-7.919066,-1.162572,1.416976,0.005640
-7.925050,-1.160726,1.417321,0.005262
-7.931050,-1.158868,1.417661,0.004901
-7.937067,-1.156997,1.417995,0.004547
-7.949159,-1.153242,1.418714,0.003886
-7.961310,-1.149432,1.419425,0.003289
-7.967422,-1.147523,1.419793,0.003011
-7.979684,-1.143658,1.420504,0.002501
-7.992013,-1.139728,1.421217,0.002048
-7.998203,-1.137737,1.421578,0.001845
-8.010617,-1.133705,1.422265,0.001480
-8.023091,-1.129613,1.422940,0.001165
-8.029343,-1.127539,1.423257,0.001024
-8.035603,-1.125448,1.423560,0.000897
-8.054400,-1.119084,1.424407,0.000591
-8.060682,-1.116923,1.424658,0.000511
-8.073234,-1.112524,1.425143,0.000383
-8.085810,-1.108040,1.425564,0.000285
-8.092107,-1.105766,1.425752,0.000249
-8.104684,-1.101115,1.426091,0.000218
-8.117277,-1.096370,1.426381,0.000206
-8.123550,-1.093946,1.426515,0.000208
-8.123550,-1.093946,1.426515,0.000208
-8.142384,-1.086520,1.426845,0.000244
-8.148640,-1.083990,1.426931,0.000261
-8.154896,-1.081432,1.427008,0.000286
-8.167408,-1.076231,1.427142,0.000323
-8.179876,-1.070895,1.427242,0.000370
-8.186108,-1.068181,1.427286,0.000397
-8.198538,-1.062644,1.427357,0.000410
-8.210921,-1.056959,1.427416,0.000396
-8.217100,-1.054064,1.427445,0.000364
-8.229390,-1.048102,1.427524,0.000253
-8.241627,-1.041981,1.427636,0.000053
-8.247708,-1.038824,1.427715,-0.000107
-8.259809,-1.032376,1.427935,-0.000543
-8.271775,-1.025708,1.428238,-0.001095
-8.277692,-1.022285,1.428424,-0.001399
-8.295149,-1.011699,1.429124,-0.002311
-8.300816,-1.008045,1.429405,-0.002578
-8.306410,-1.004341,1.429705,-0.002796
-8.311923,-1.000589,1.430021,-0.002956
-8.327821,-0.989055,1.431101,-0.002986
-8.332900,-0.985131,1.431479,-0.002818
-8.342633,-0.977185,1.432253,-0.002234
-8.347280,-0.973172,1.432642,-0.001820
-8.356193,-0.965095,1.433393,-0.000742
-8.364322,-0.956969,1.434147,0.000552
-8.368182,-0.952908,1.434501,0.001250
-8.375326,-0.944825,1.435173,0.002711
-8.381748,-0.936827,1.435786,0.004155
-8.384746,-0.932867,1.436063,0.004850
-8.389953,-0.925128,1.436576,0.006132
-8.394597,-0.917559,1.437002,0.007229
-8.398278,-0.910293,1.437356,0.008084
-8.399916,-0.906745,1.437501,0.008414
-8.401419,-0.903258,1.437623,0.008678
-8.404499,-0.893385,1.437889,0.009116
-8.405272,-0.890235,1.437937,0.009146
-8.405920,-0.887159,1.437965,0.009114
-8.406536,-0.878681,1.437916,0.008713
-8.406509,-0.876014,1.437866,0.008499
-8.405725,-0.871190,1.437703,0.007958
-8.405172,-0.868900,1.437600,0.007644
-8.404516,-0.866692,1.437479,0.007308
-8.401396,-0.860996,1.437006,0.006175
-8.400166,-0.859260,1.436826,0.005777
-8.398660,-0.857757,1.436613,0.005366
-8.395388,-0.854986,1.436163,0.004523
-8.391618,-0.852675,1.435668,0.003684
-8.389532,-0.851707,1.435400,0.003268
-8.382677,-0.849393,1.434541,0.002085
-8.380152,-0.848865,1.434228,0.001705
-8.374896,-0.848013,1.433586,0.000991
-8.369074,-0.847753,1.432905,0.000318
-8.366070,-0.847715,1.432563,0.000003
-8.359737,-0.847970,1.431854,-0.000576
-8.353033,-0.848600,1.431112,-0.001124
-8.346107,-0.849437,1.430362,-0.001607
-8.342434,-0.850081,1.429964,-0.001828
-8.338710,-0.850770,1.429569,-0.002051
-8.327111,-0.853223,1.428389,-0.002697
-8.323066,-0.854206,1.427992,-0.002910
-8.318972,-0.855222,1.427600,-0.003137
-8.310549,-0.857453,1.426811,-0.003641
-8.306221,-0.858658,1.426415,-0.003934
-8.301843,-0.859883,1.426028,-0.004247
-8.288245,-0.863793,1.424845,-0.005346
-8.283587,-0.865130,1.424460,-0.005723
-8.278883,-0.866462,1.424088,-0.006075
-8.264355,-0.870553,1.423071,-0.006775
-8.259448,-0.871855,1.422775,-0.006841
-8.254473,-0.873152,1.422507,-0.006794
-8.239468,-0.876710,1.421836,-0.005949
-8.234417,-0.877780,1.421659,-0.005445
-8.229376,-0.878772,1.421507,-0.004830
-8.214334,-0.881209,1.421139,-0.002419
-8.209360,-0.881817,1.421053,-0.001476
-8.204427,-0.882325,1.420990,-0.000479
-8.189943,-0.883140,1.420916,0.002650
-8.185242,-0.883146,1.420921,0.003719
-8.180608,-0.883040,1.420941,0.004786
-8.167218,-0.881840,1.421043,0.007835
-8.162926,-0.881181,1.421092,0.008802
-8.158717,-0.880408,1.421148,0.009713
-8.154665,-0.879402,1.421186,0.010579
-8.143040,-0.875727,1.421376,0.012886
-8.139478,-0.874145,1.421430,0.013564
-8.132628,-0.870674,1.421540,0.014780
-8.129343,-0.868789,1.421595,0.015311
-8.126301,-0.866679,1.421612,0.015805
-8.117721,-0.859793,1.421655,0.017067
-8.115207,-0.857179,1.421642,0.017414
-8.112782,-0.854482,1.421627,0.017733
-8.108191,-0.848843,1.421591,0.018281
-8.104272,-0.842660,1.421489,0.018746
-8.100680,-0.836189,1.421376,0.019119
-8.097740,-0.829242,1.421221,0.019442
-8.096383,-0.825673,1.421141,0.019577
-8.093887,-0.818350,1.420959,0.019796
-8.091973,-0.810607,1.420742,0.019971
-8.090326,-0.802644,1.420521,0.020096
-8.089741,-0.798507,1.420395,0.020134
-8.088754,-0.790084,1.420151,0.020214
-8.088120,-0.781408,1.419909,0.020228
-8.088120,-0.781408,1.419909,0.020228
-8.087947,-0.776969,1.419784,0.020233
-8.087853,-0.763338,1.419409,0.020195
-8.087996,-0.758675,1.419273,0.020165
-8.088185,-0.753973,1.419139,0.020132
-8.089231,-0.739536,1.418767,0.019975
-8.089698,-0.734633,1.418649,0.019921
-8.090207,-0.729693,1.418534,0.019851
-8.092263,-0.714501,1.418216,0.019624
-8.093022,-0.709368,1.418118,0.019535
-8.093903,-0.704176,1.418025,0.019440
-8.096733,-0.688400,1.417758,0.019137
-8.097813,-0.683047,1.417684,0.019026
-8.098921,-0.677663,1.417613,0.018912
-8.102408,-0.661324,1.417415,0.018532
-8.104966,-0.650222,1.417294,0.018256
-8.106279,-0.644627,1.417237,0.018112
-8.110468,-0.627639,1.417069,0.017663
-8.111922,-0.621915,1.417018,0.017507
-8.113395,-0.616163,1.416968,0.017346
-8.116513,-0.604534,1.416863,0.017010
-8.118095,-0.598679,1.416811,0.016836
-8.123029,-0.580922,1.416662,0.016288
-8.124713,-0.574945,1.416613,0.016091
-8.126407,-0.568943,1.416565,0.015889
-8.128139,-0.562898,1.416515,0.015679
-8.129879,-0.556829,1.416465,0.015462
-8.135163,-0.538457,1.416299,0.014766
-8.136951,-0.532275,1.416240,0.014525
-8.140532,-0.519837,1.416115,0.013998
-8.144160,-0.507266,1.415992,0.013408
-8.145971,-0.500943,1.415947,0.013082
-8.147779,-0.494592,1.415918,0.012747
-8.153225,-0.475364,1.415969,0.011754
-8.155003,-0.468893,1.416057,0.011514
-8.158469,-0.455882,1.416323,0.011310
-8.161760,-0.442809,1.416704,0.011528
-8.163320,-0.436262,1.416936,0.011789
-8.167567,-0.416671,1.417774,0.013060
-8.168832,-0.410186,1.418103,0.013600
-8.169990,-0.403742,1.418465,0.014169
-8.172957,-0.384718,1.419585,0.015776
-8.173713,-0.378538,1.419987,0.016219
-8.174381,-0.372435,1.420385,0.016593
-8.174962,-0.366419,1.420778,0.016887
-8.176054,-0.349065,1.421880,0.017195
-8.176227,-0.343515,1.422227,0.017082
-8.176241,-0.332880,1.422886,0.016524
-8.175857,-0.322857,1.423485,0.015569
-8.175550,-0.318048,1.423757,0.014948
-8.175079,-0.313519,1.424004,0.014250
-8.173250,-0.300790,1.424614,0.011722
-8.172421,-0.297029,1.424754,0.010759
-8.169579,-0.286635,1.425004,0.007639
-8.168517,-0.283468,1.425038,0.006546
-8.167334,-0.280654,1.425028,0.005443
-8.163484,-0.273089,1.424884,0.002089
-8.162048,-0.271075,1.424774,0.000985
-8.160569,-0.269201,1.424648,-0.000122
-8.155839,-0.264638,1.424156,-0.003334
-8.154154,-0.263535,1.423949,-0.004364
-8.152433,-0.262563,1.423730,-0.005370
-8.146967,-0.260867,1.422936,-0.008232
-8.145065,-0.260622,1.422644,-0.009118
-8.143133,-0.260495,1.422345,-0.009973
-8.141137,-0.260713,1.422006,-0.010803
-8.134986,-0.262021,1.420956,-0.013109
-8.132862,-0.262885,1.420563,-0.013812
-8.128543,-0.264910,1.419776,-0.015110
-8.124124,-0.267526,1.418959,-0.016276
-8.121876,-0.269075,1.418537,-0.016819
-8.119608,-0.270711,1.418117,-0.017327
-8.112676,-0.276523,1.416831,-0.018659
-8.110327,-0.278685,1.416404,-0.019046
-8.107960,-0.280923,1.415979,-0.019405
-8.100766,-0.288415,1.414739,-0.020321
-8.098338,-0.291106,1.414339,-0.020565
-8.095896,-0.293863,1.413943,-0.020783
-8.088490,-0.302971,1.412818,-0.021299
-8.085995,-0.306128,1.412452,-0.021428
-8.080987,-0.312882,1.411761,-0.021608
-8.075933,-0.319854,1.411075,-0.021686
-8.073382,-0.323532,1.410758,-0.021694
-8.068253,-0.331039,1.410136,-0.021655
-8.063088,-0.338835,1.409559,-0.021549
-8.060494,-0.342851,1.409291,-0.021470
-8.057893,-0.346913,1.409027,-0.021381
-8.052670,-0.355265,1.408543,-0.021135
-8.047425,-0.363882,1.408104,-0.020831
-8.042168,-0.372747,1.407697,-0.020472
-8.036900,-0.381852,1.407321,-0.020060
-8.034261,-0.386464,1.407137,-0.019835
-8.029048,-0.395923,1.406813,-0.019369
-8.023826,-0.405530,1.406472,-0.018878
-8.021213,-0.410388,1.406292,-0.018620
-8.016043,-0.420319,1.405962,-0.018096
-8.010872,-0.430389,1.405638,-0.017574
-8.008301,-0.435522,1.405493,-0.017317
-8.003162,-0.445885,1.405200,-0.016877
-7.998046,-0.456430,1.404906,-0.016558
-7.995500,-0.461776,1.404763,-0.016468
-7.992960,-0.467155,1.404625,-0.016425
-7.985439,-0.483555,1.404299,-0.016613
-7.982969,-0.489089,1.404228,-0.016757
-7.980521,-0.494644,1.404185,-0.016926
-7.973442,-0.511464,1.404308,-0.017424
-7.971152,-0.517061,1.404420,-0.017551
-7.966783,-0.528238,1.404836,-0.017711
-7.962601,-0.539268,1.405404,-0.017724
-7.960617,-0.544710,1.405764,-0.017674
-7.956816,-0.555395,1.406559,-0.017478
-7.955001,-0.560622,1.406986,-0.017335
-7.953298,-0.565737,1.407461,-0.017175
-7.951653,-0.570758,1.407946,-0.016987
-7.947084,-0.585178,1.409425,-0.016356
-7.945757,-0.589675,1.409963,-0.016124
-7.943284,-0.598291,1.411011,-0.015650
-7.941127,-0.606267,1.412028,-0.015153
-7.939280,-0.613583,1.413005,-0.014648
-7.938442,-0.617029,1.413460,-0.014388
-7.937125,-0.623194,1.414340,-0.013832
-7.936022,-0.628782,1.415153,-0.013230
-7.935309,-0.633415,1.415885,-0.012596
-7.935027,-0.635517,1.416211,-0.012265
-7.934692,-0.639095,1.416774,-0.011544
-7.934628,-0.641918,1.417215,-0.010763
-7.934660,-0.643124,1.417392,-0.010350
-7.934795,-0.643991,1.417539,-0.009916
-7.935443,-0.645820,1.417849,-0.008540
-7.935793,-0.645965,1.417892,-0.008051
-7.936604,-0.645897,1.417907,-0.007050
-7.937062,-0.645687,1.417890,-0.006527
-7.937589,-0.645153,1.417840,-0.006000
-7.938741,-0.643760,1.417699,-0.004921
-7.939366,-0.642905,1.417609,-0.004373
-7.941483,-0.639331,1.417301,-0.002722
-7.942258,-0.637881,1.417182,-0.002176
-7.943060,-0.636340,1.417054,-0.001618
-7.945730,-0.630603,1.416598,-0.000001
-7.946671,-0.628528,1.416448,0.000532
-7.947694,-0.626178,1.416289,0.001049
-7.949810,-0.621257,1.415954,0.002059
-7.952070,-0.615888,1.415603,0.003040
-7.953258,-0.613021,1.415421,0.003511
-7.954466,-0.610091,1.415236,0.003966
-7.958290,-0.600649,1.414720,0.005282
-7.959616,-0.597340,1.414542,0.005696
-7.962358,-0.590442,1.414177,0.006495
-7.965201,-0.583223,1.413804,0.007216
-7.966648,-0.579539,1.413616,0.007560
-7.968154,-0.575694,1.413433,0.007897
-7.972758,-0.563891,1.412874,0.008833
-7.974353,-0.559766,1.412678,0.009128
-7.975960,-0.555601,1.412481,0.009395
-7.980856,-0.542872,1.411836,0.010138
-7.982540,-0.538479,1.411612,0.010362
-7.984236,-0.534050,1.411387,0.010584
-7.989399,-0.520490,1.410713,0.011170
-7.991150,-0.515860,1.410487,0.011342
-7.992910,-0.511198,1.410262,0.011506
-7.994679,-0.506505,1.410038,0.011654
-8.000081,-0.492093,1.409350,0.012054
-8.001899,-0.487233,1.409122,0.012174
-8.005581,-0.477342,1.408639,0.012389
-8.009292,-0.467354,1.408164,0.012563
-8.013025,-0.457172,1.407657,0.012716
-8.014901,-0.452049,1.407407,0.012781
-8.018666,-0.441702,1.406898,0.012907
-8.022449,-0.431242,1.406367,0.013015
-8.026241,-0.420678,1.405811,0.013137
-8.028138,-0.415355,1.405521,0.013194
-8.031943,-0.404670,1.404973,0.013342
-8.035740,-0.393871,1.404395,0.013544
-8.037642,-0.388460,1.404128,0.013667
-8.039544,-0.383045,1.403882,0.013815
-8.045239,-0.366762,1.403192,0.014487
-8.045239,-0.366762,1.403192,0.014487
-8.047127,-0.361346,1.403009,0.014791
-8.052715,-0.345182,1.402564,0.015940
-8.054546,-0.339856,1.402468,0.016393
-8.056358,-0.334577,1.402406,0.016883
-8.061636,-0.319083,1.402315,0.018452
-8.063337,-0.314065,1.402339,0.018985
-8.064998,-0.309142,1.402377,0.019520
-8.069761,-0.294950,1.402595,0.020933
-8.071254,-0.290479,1.402709,0.021325
-8.072704,-0.286123,1.402830,0.021666
-8.076759,-0.273877,1.403202,0.022336
-8.078000,-0.270110,1.403320,0.022423
-8.079193,-0.266477,1.403433,0.022438
-8.082404,-0.256655,1.403681,0.022026
-8.083366,-0.253705,1.403737,0.021742
-8.084281,-0.250899,1.403779,0.021398
-8.086598,-0.243815,1.403761,0.019948
-8.087277,-0.241743,1.403736,0.019353
-8.088439,-0.238213,1.403619,0.018010
-8.089362,-0.235429,1.403423,0.016502
-8.089757,-0.234248,1.403308,0.015691
-8.090544,-0.232118,1.402823,0.013102
-8.090723,-0.231676,1.402647,0.012213
-8.090799,-0.231560,1.402442,0.011310
-8.090837,-0.231571,1.402231,0.010395
-8.090836,-0.231707,1.402016,0.009481
-8.090477,-0.233204,1.401283,0.006738
-8.090264,-0.233996,1.401021,0.005827
-8.089689,-0.236078,1.400468,0.004037
-8.088936,-0.238750,1.399887,0.002306
-8.088511,-0.240240,1.399598,0.001464
-8.088002,-0.241988,1.399283,0.000642
-8.086299,-0.247799,1.398337,-0.001706
-8.085624,-0.250080,1.398016,-0.002446
-8.083440,-0.257429,1.397081,-0.004526
-8.082623,-0.260212,1.396784,-0.005180
-8.081783,-0.263070,1.396493,-0.005813
-8.079123,-0.272085,1.395649,-0.007561
-8.078155,-0.275353,1.395361,-0.008102
-8.076155,-0.282087,1.394801,-0.009103
-8.074043,-0.289175,1.394239,-0.010006
-8.072944,-0.292859,1.393950,-0.010424
-8.070691,-0.300405,1.393392,-0.011197
-8.068311,-0.308335,1.392810,-0.011891
-8.067098,-0.312382,1.392535,-0.012207
-8.065868,-0.316482,1.392266,-0.012502
-8.062039,-0.329290,1.391418,-0.013291
-8.060737,-0.333657,1.391150,-0.013521
-8.059401,-0.338138,1.390867,-0.013735
-8.056695,-0.347237,1.390341,-0.014123
-8.053932,-0.356574,1.389843,-0.014455
-8.052528,-0.361336,1.389597,-0.014602
-8.049695,-0.370985,1.389122,-0.014873
-8.046805,-0.380900,1.388654,-0.015097
-8.045352,-0.385915,1.388422,-0.015196
-8.043894,-0.390968,1.388196,-0.015285
-8.039433,-0.406522,1.387555,-0.015549
-8.037945,-0.411776,1.387352,-0.015639
-8.034949,-0.422432,1.386978,-0.015834
-8.031949,-0.433262,1.386641,-0.016032
-8.030457,-0.438721,1.386481,-0.016150
-8.025992,-0.455346,1.386057,-0.016573
-8.024529,-0.460939,1.385925,-0.016733
-8.023076,-0.466596,1.385798,-0.016895
-8.018840,-0.483676,1.385487,-0.017401
-8.017488,-0.489433,1.385408,-0.017561
-8.016167,-0.495198,1.385347,-0.017717
-8.014879,-0.500966,1.385304,-0.017860
-8.012432,-0.512524,1.385317,-0.018097
-8.011279,-0.518302,1.385356,-0.018195
-8.008125,-0.535511,1.385617,-0.018340
-8.007192,-0.541183,1.385756,-0.018352
-8.005491,-0.552402,1.386104,-0.018294
-8.005491,-0.552402,1.386104,-0.018294
-8.003519,-0.568814,1.386819,-0.018084
-8.002984,-0.574153,1.387089,-0.017969
-8.002222,-0.584558,1.387700,-0.017725
-8.001937,-0.589635,1.388030,-0.017596
-8.001556,-0.599516,1.388705,-0.017283
-8.001522,-0.604238,1.389071,-0.017120
-8.001796,-0.617781,1.390154,-0.016592
-8.002069,-0.621988,1.390522,-0.016397
-8.002795,-0.630062,1.391233,-0.015995
-8.003249,-0.633925,1.391574,-0.015783
-8.004468,-0.641044,1.392250,-0.015322
-8.005161,-0.644426,1.392568,-0.015077
-8.007707,-0.653569,1.393465,-0.014259
-8.008682,-0.656330,1.393739,-0.013959
-8.009710,-0.658973,1.393996,-0.013644
-8.012030,-0.663584,1.394462,-0.012976
-8.014544,-0.667735,1.394862,-0.012243
-8.015931,-0.669478,1.395030,-0.011856
-8.018842,-0.672635,1.395324,-0.011040
-8.021991,-0.675186,1.395560,-0.010163
-8.023659,-0.676217,1.395655,-0.009711
-8.027120,-0.677977,1.395812,-0.008765
-8.030842,-0.679006,1.395886,-0.007788
-8.032762,-0.679381,1.395911,-0.007299
-8.034720,-0.679665,1.395928,-0.006803
-8.040936,-0.679715,1.395894,-0.005311
-8.043099,-0.679519,1.395864,-0.004817
-8.045299,-0.679243,1.395829,-0.004319
-8.052312,-0.677564,1.395640,-0.002830
-8.054716,-0.676861,1.395571,-0.002335
-8.059747,-0.674996,1.395390,-0.001367
-8.064901,-0.672872,1.395202,-0.000446
-8.067581,-0.671604,1.395103,0.000007
-8.073026,-0.668896,1.394904,0.000880
-8.078628,-0.665858,1.394698,0.001725
-8.081491,-0.664207,1.394591,0.002131
-8.087297,-0.660758,1.394380,0.002905
-8.090296,-0.658860,1.394268,0.003276
-8.093319,-0.656918,1.394157,0.003633
-8.096368,-0.654933,1.394048,0.003980
-8.105771,-0.648535,1.393712,0.004963
-8.112195,-0.644016,1.393489,0.005574
-8.115501,-0.641639,1.393365,0.005866
-8.122181,-0.636787,1.393123,0.006405
-8.128950,-0.631813,1.392863,0.006915
-8.135937,-0.626625,1.392590,0.007380
-8.139462,-0.623991,1.392456,0.007606
-8.146628,-0.618588,1.392187,0.008018
-8.150270,-0.615821,1.392051,0.008203
-8.153932,-0.613032,1.391934,0.008384
-8.165126,-0.604469,1.391595,0.008887
-8.168910,-0.601565,1.391487,0.009040
-8.176584,-0.595675,1.391276,0.009312
-8.180473,-0.592693,1.391177,0.009448
-8.192282,-0.583626,1.390899,0.009799
-8.196277,-0.580553,1.390813,0.009906
-8.200287,-0.577470,1.390728,0.010012
-8.204315,-0.574377,1.390646,0.010109
-8.216593,-0.565004,1.390410,0.010386
-8.220717,-0.561869,1.390336,0.010473
-8.224894,-0.558712,1.390267,0.010553
-8.229085,-0.555553,1.390200,0.010636
-8.241776,-0.546065,1.390009,0.010844
-8.246053,-0.542898,1.389949,0.010919
-8.258973,-0.533431,1.389795,0.011130
-8.263306,-0.530296,1.389752,0.011203
-8.267652,-0.527174,1.389715,0.011280
-8.280758,-0.517900,1.389625,0.011540
-8.285142,-0.514850,1.389606,0.011634
-8.289540,-0.511822,1.389597,0.011738
-8.298355,-0.505847,1.389600,0.011987
-8.307197,-0.499998,1.389647,0.012273
-8.311634,-0.497125,1.389696,0.012443
-8.324936,-0.488841,1.389901,0.013100
-8.329383,-0.486175,1.389999,0.013364
-8.342702,-0.478634,1.390359,0.014299
-8.347141,-0.476246,1.390507,0.014655
-8.355972,-0.471803,1.390840,0.015430
-8.360377,-0.469694,1.391027,0.015850
-8.369138,-0.465792,1.391439,0.016748
-8.373487,-0.464005,1.391656,0.017208
-8.377818,-0.462308,1.391881,0.017670
-8.390615,-0.457947,1.392582,0.019029
-8.394816,-0.456717,1.392820,0.019446
-8.398983,-0.455591,1.393058,0.019842
-8.411181,-0.453047,1.393796,0.020821
-8.415152,-0.452448,1.394039,0.021083
-8.419076,-0.451958,1.394274,0.021297
-8.430393,-0.451454,1.394917,0.021645
-8.434061,-0.451505,1.395106,0.021655
-8.437602,-0.451798,1.395273,0.021605
-8.447886,-0.453324,1.395714,0.021165
-8.451126,-0.454189,1.395825,0.020917
-8.454308,-0.455160,1.395926,0.020627
-8.460485,-0.457410,1.396097,0.019905
-8.466272,-0.460352,1.396201,0.019015
-8.469072,-0.461970,1.396239,0.018513
-8.476933,-0.467689,1.396267,0.016803
-8.479400,-0.469827,1.396261,0.016188
-8.481803,-0.472055,1.396248,0.015552
-8.488386,-0.479715,1.396146,0.013543
-8.490455,-0.482431,1.396103,0.012855
-8.492372,-0.485384,1.396042,0.012150
-8.494227,-0.488412,1.395977,0.011450
-8.499434,-0.497930,1.395741,0.009329
-8.500953,-0.501378,1.395658,0.008616
-8.503819,-0.508471,1.395487,0.007217
-8.506354,-0.515930,1.395306,0.005851
-8.507487,-0.519808,1.395212,0.005180
-8.508566,-0.523742,1.395118,0.004519
-8.511282,-0.536083,1.394856,0.002595
-8.512052,-0.540335,1.394772,0.001982
-8.512771,-0.544636,1.394688,0.001386
-8.514338,-0.558123,1.394420,-0.000303
-8.514767,-0.562707,1.394332,-0.000839
-8.515052,-0.567433,1.394254,-0.001361
-8.515651,-0.581851,1.394030,-0.002829
-8.515672,-0.586827,1.393966,-0.003302
-8.515653,-0.591839,1.393903,-0.003744
-8.515278,-0.607170,1.393716,-0.005004
-8.515023,-0.612403,1.393654,-0.005394
-8.514408,-0.622966,1.393527,-0.006120
-8.513498,-0.633823,1.393404,-0.006799
-8.512996,-0.639295,1.393343,-0.007122
-8.512463,-0.644796,1.393282,-0.007429
-8.511899,-0.650325,1.393222,-0.007731
-8.510572,-0.661602,1.393120,-0.008296
-8.508333,-0.678759,1.392991,-0.009043
-8.507505,-0.684560,1.392949,-0.009281
-8.506654,-0.690384,1.392906,-0.009511
-8.505780,-0.696232,1.392863,-0.009729
-8.502892,-0.714057,1.392779,-0.010344
-8.501890,-0.720042,1.392751,-0.010525
-8.500815,-0.726087,1.392730,-0.010713
-8.497505,-0.744347,1.392662,-0.011246
-8.496327,-0.750510,1.392636,-0.011422
-8.495140,-0.756692,1.392609,-0.011598
-8.491480,-0.775391,1.392523,-0.012142
-8.490212,-0.781688,1.392492,-0.012338
-8.487678,-0.794332,1.392432,-0.012755
-8.486374,-0.800708,1.392412,-0.012975
-8.482514,-0.819927,1.392374,-0.013745
-8.482514,-0.819927,1.392374,-0.013745
-8.478769,-0.839331,1.392375,-0.014566
-8.477573,-0.845815,1.392406,-0.014836
-8.476410,-0.852304,1.392454,-0.015097
-8.473206,-0.871847,1.392698,-0.015786
-8.472233,-0.878343,1.392825,-0.015966
-8.471349,-0.884830,1.392978,-0.016114
-8.469762,-0.897733,1.393348,-0.016347
-8.468482,-0.910512,1.393807,-0.016475
-8.467971,-0.916842,1.394073,-0.016504
-8.467534,-0.923121,1.394358,-0.016514
-8.466777,-0.941594,1.395345,-0.016436
-8.466701,-0.947612,1.395705,-0.016389
-8.466861,-0.959382,1.396470,-0.016289
-8.467420,-0.970776,1.397268,-0.016180
-8.467826,-0.976334,1.397664,-0.016128
-8.469025,-0.987031,1.398466,-0.016024
-8.470556,-0.997313,1.399234,-0.015912
-8.471523,-1.002208,1.399613,-0.015859
-8.473697,-1.011668,1.400327,-0.015734
-8.476277,-1.020574,1.400992,-0.015575
-8.477730,-1.024804,1.401305,-0.015490
-8.482527,-1.036815,1.402133,-0.015158
-8.484365,-1.040455,1.402366,-0.015013
-8.486271,-1.043984,1.402580,-0.014856
-8.492491,-1.053761,1.403147,-0.014270
-8.494759,-1.056705,1.403305,-0.014040
-8.497089,-1.059545,1.403445,-0.013798
-8.499482,-1.062282,1.403569,-0.013527
-8.507272,-1.069374,1.403822,-0.012632
-8.509985,-1.071548,1.403875,-0.012298
-8.515738,-1.075278,1.403905,-0.011573
-8.521708,-1.078669,1.403892,-0.010802
-8.524845,-1.080057,1.403847,-0.010400
-8.528033,-1.081369,1.403793,-0.009990
-8.537971,-1.084687,1.403565,-0.008702
-8.541429,-1.085533,1.403464,-0.008261
-8.548483,-1.087042,1.403247,-0.007377
-8.555863,-1.087969,1.402973,-0.006478
-8.559618,-1.088356,1.402831,-0.006030
-8.571271,-1.088917,1.402342,-0.004694
-8.575258,-1.088969,1.402168,-0.004258
-8.579284,-1.088982,1.401993,-0.003827
-8.591690,-1.088518,1.401421,-0.002543
-8.595915,-1.088254,1.401224,-0.002128
-8.600175,-1.087966,1.401027,-0.001717
-8.613310,-1.086576,1.400416,-0.000508
-8.617752,-1.086081,1.400223,-0.000106
-8.622265,-1.085461,1.400028,0.000285
-8.631378,-1.084196,1.399648,0.001062
-8.640635,-1.082815,1.399282,0.001835
-8.645321,-1.082077,1.399106,0.002218
-8.650032,-1.081341,1.398935,0.002603
-8.664357,-1.079050,1.398444,0.003754
-8.669186,-1.078289,1.398296,0.004141
-8.678924,-1.076781,1.398031,0.004956
-8.688752,-1.075324,1.397808,0.005797
-8.693688,-1.074638,1.397713,0.006229
-8.703599,-1.073333,1.397572,0.007127
-8.713547,-1.072187,1.397481,0.008086
-8.718519,-1.071672,1.397480,0.008626
-8.728491,-1.070801,1.397593,0.009890
-8.738467,-1.070165,1.397857,0.011457
-8.743420,-1.069939,1.398046,0.012315
-8.758115,-1.069689,1.398761,0.015009
-8.762904,-1.069776,1.399044,0.015901
-8.767645,-1.069942,1.399333,0.016757
-8.781494,-1.070961,1.400207,0.019095
-8.785959,-1.071490,1.400491,0.019759
-8.790353,-1.072104,1.400764,0.020349
-8.798835,-1.073648,1.401264,0.021296
-8.806917,-1.075597,1.401694,0.021893
-8.810830,-1.076701,1.401882,0.022063
-8.810830,-1.076701,1.401882,0.022063
-8.821754,-1.080774,1.402315,0.022082
-8.825217,-1.082303,1.402422,0.021929
-8.828476,-1.084012,1.402495,0.021714
-8.837709,-1.089642,1.402619,0.020653
-8.840477,-1.091785,1.402600,0.020187
-8.848244,-1.098691,1.402480,0.018530
-8.850512,-1.101246,1.402393,0.017901
-8.852686,-1.103872,1.402298,-0.003604
-8.856450,-1.109255,1.402004,-0.173885
-8.859061,-1.114891,1.401061,-0.348355
-8.860488,-1.120872,1.398995,-0.525290
-8.860830,-1.123989,1.397474,-0.613651
-8.860498,-1.129381,1.393646,-0.788284
-8.859300,-1.135406,1.388558,-0.809049
-8.858169,-1.138285,1.385639,-0.659634
-8.855091,-1.145269,1.378746,-0.340945
-8.853042,-1.149371,1.374672,-0.175832
-8.848805,-1.164394,1.361385,0.079650
-8.846539,-1.169516,1.356345,0.050655
-8.844150,-1.174847,1.350643,-0.125569
-8.831917,-1.193973,1.329679,-0.730229
-8.826697,-1.201818,1.321269,-0.967371
-8.815591,-1.220173,1.302249,-1.472859
-8.815591,-1.220173,1.302249,-1.472859
-8.799404,-1.254304,1.268940,4.115461
-8.794592,-1.267200,1.256653,3.920652
-8.790231,-1.280715,1.243806,3.741740
-8.780237,-1.324157,1.202425,3.255779
-8.778159,-1.339261,1.187969,3.095103
-8.776711,-1.354501,1.173305,2.927106
-8.775029,-1.400404,1.128841,2.327937
-8.775214,-1.415581,1.114208,2.092645
-8.772501,-1.448867,1.083734,1.613817
-8.771210,-1.465154,1.069003,1.392556
-8.766623,-1.498042,1.039540,1.010759
-8.758981,-1.530846,1.009917,0.694384
-8.747353,-1.563384,0.979563,0.405745
-8.739695,-1.579796,0.963753,0.258751
-8.711773,-1.629155,0.913558,-0.257716
-8.700820,-1.646099,0.895579,-0.469543
-8.689219,-1.663483,0.876888,-0.701919
-8.677087,-1.681426,0.857449,-0.947343
-8.638269,-1.739702,0.794508,4.640450
-8.625196,-1.760678,0.772298,4.446877
-8.586338,-1.828346,0.702610,3.965461
-8.574086,-1.852168,0.678615,3.823735
-8.550379,-1.901449,0.629566,3.542493
-8.528721,-1.952016,0.579943,3.235293
-8.518588,-1.977579,0.555163,3.060956
-8.508459,-2.003352,0.530393,2.868028
-8.488955,-2.054840,0.481459,2.430577
-8.467772,-2.107554,0.432314,1.984169
-8.456156,-2.134401,0.407502,1.783703
-8.444499,-2.160907,0.382842,1.603881
-8.432727,-2.187027,0.358296,1.443117
-8.389796,-2.267018,0.282507,0.951263
-8.374318,-2.293228,0.257054,0.774098
-8.337562,-2.347847,0.204465,0.434752
-8.318507,-2.375657,0.177880,0.275359
-8.299163,-2.403911,0.151082,0.123165
-8.259295,-2.462080,0.096589,-0.162601
-8.219379,-2.521809,0.041314,-0.434494
-8.198896,-2.552247,0.013250,-0.546350
-8.178129,-2.583046,-0.015092,-0.652480
-8.113924,-2.678623,-0.102675,-1.019199
-8.092014,-2.711782,-0.132992,-1.168746
-8.070196,-2.745593,-0.163941,-1.335867
-8.026830,-2.815184,-0.227850,4.565184
-7.984838,-2.887038,-0.294317,4.154498
-7.964752,-2.923584,-0.328427,3.956419
-7.926035,-2.997609,-0.398100,3.599790
-7.889588,-3.072569,-0.469225,3.302435
-7.872415,-3.110292,-0.505251,3.173110
-7.855298,-3.148144,-0.541536,3.053981
-7.855298,-3.148144,-0.541536,3.053981
-7.807669,-3.261918,-0.652112,2.734691
-7.792320,-3.299882,-0.689309,2.633026
-7.763244,-3.375810,-0.764087,2.423616
-7.749446,-3.413760,-0.801608,2.311882
-7.735434,-3.451679,-0.839071,2.193103
-7.721840,-3.489568,-0.876578,2.065965
-7.708626,-3.527425,-0.914107,1.929825
-7.669503,-3.640733,-1.026182,1.477258
-7.656725,-3.678424,-1.063391,1.320685
-7.630888,-3.753654,-1.137385,1.019907
-7.604540,-3.828744,-1.210862,0.750524
-7.591290,-3.866287,-1.247535,0.628987
-7.577187,-3.903749,-1.284019,0.515336
-7.548488,-3.978833,-1.357274,0.306464
-7.533827,-4.016513,-1.394126,0.208234
-7.518162,-4.054193,-1.430912,0.111889
-7.469622,-4.168329,-1.542815,-0.186973
-7.452842,-4.206845,-1.580810,-0.277403
-7.434857,-4.245582,-1.618917,-0.366392
-7.416525,-4.284808,-1.657531,-0.463185
-7.359371,-4.405769,-1.776548,-0.826978
-7.359371,-4.405769,-1.776548,-0.826978
-7.339700,-4.447242,-1.817270,-0.977332
-7.282056,-4.578396,-1.946853,4.075993
-7.264363,-4.624354,-1.992577,3.729932
-7.248212,-4.671078,-2.039230,3.456849
-7.219639,-4.765413,-2.133665,3.027685
-7.195849,-4.859663,-2.228555,2.631505
-7.185684,-4.906610,-2.276132,2.424296
-7.175272,-4.953317,-2.323505,2.201221
-7.157068,-5.046430,-2.419105,1.675140
-7.149263,-5.092410,-2.466999,1.374017
-7.125799,-5.225043,-2.608506,0.494661
-7.118011,-5.267774,-2.655174,0.254540
-7.108659,-5.309572,-2.700988,0.042410
-7.087598,-5.392647,-2.792117,-0.325124
-7.061705,-5.476569,-2.882638,-0.664295
-7.046960,-5.519513,-2.928159,-0.839812
-7.031618,-5.563562,-2.974301,-1.028014
-7.015938,-5.608854,-3.021225,-1.234940
-6.967669,-5.751189,-3.166179,4.297523
-6.952528,-5.800615,-3.216199,4.023132
-6.938400,-5.850804,-3.267189,3.755321
-6.911139,-5.951291,-3.370255,3.270540
-6.899290,-6.001803,-3.422889,3.056468
-6.888515,-6.052320,-3.476092,2.853669
-6.867116,-6.151961,-3.582320,2.468751
-6.857782,-6.201552,-3.636188,2.287404
-6.849297,-6.250818,-3.690581,2.112461
-6.840188,-6.298939,-3.744610,1.942199
-6.816366,-6.440133,-3.909068,1.436020
-6.807831,-6.485343,-3.963152,1.260809
-6.799533,-6.530065,-4.017298,1.079738
-6.783184,-6.618301,-4.125576,0.701099
-6.763579,-6.703927,-4.231843,0.314622
-6.753448,-6.746652,-4.285024,0.125801
-6.730795,-6.831649,-4.390361,-0.232708
-6.705361,-6.917180,-4.495184,-0.566155
-6.692169,-6.960767,-4.548042,-0.728101
-6.692169,-6.960767,-4.548042,-0.728101
-6.646961,-7.093259,-4.705829,-1.220465
-6.631926,-7.139165,-4.759221,-1.392118
-6.617130,-7.185975,-4.813224,-1.569022
-6.601090,-7.232624,-4.866617,4.532162
-6.556565,-7.377449,-5.030384,3.965607
-6.542354,-7.421354,-5.078075,3.780566
-6.525396,-7.452918,-5.084971,3.422136
-6.518299,-7.467527,-5.085760,3.231561
-4.765718,-6.041538,-5.085993,2.424022
-4.740763,-6.036312,-5.031651,2.233160
-4.716002,-6.030539,-4.976439,2.105175
-4.666956,-6.017151,-4.861325,1.901390
-4.618541,-6.001108,-4.739488,1.713814
-4.570498,-5.982010,-4.612544,1.539282
-4.546659,-5.971239,-4.547163,1.455937
-4.522873,-5.959959,-4.481016,1.374735
-4.475904,-5.933911,-4.345260,1.217527
-4.429604,-5.903931,-4.205042,1.065470
-4.406464,-5.888079,-4.133823,0.990779
-4.338496,-5.828642,-3.929204,0.779465
-4.315609,-5.808173,-3.860606,0.711638
-4.293682,-5.785698,-3.796263,0.643942
-4.231060,-5.719115,-3.614270,0.438443
-4.211218,-5.697204,-3.557075,0.367110
-4.173701,-5.650444,-3.453410,0.213976
-4.155779,-5.627144,-3.404311,0.128687
-4.106236,-5.555161,-3.269693,-0.186432
-4.091111,-5.530867,-3.228954,-0.313990
-4.076639,-5.506652,-3.190005,-0.448863
-4.037579,-5.431949,-3.086047,-0.843268
-4.025873,-5.407228,-3.054809,-0.955602
-4.004765,-5.356885,-2.998084,-1.141394
-3.995243,-5.331872,-2.972333,-1.215984
-3.986416,-5.306974,-2.948245,-1.280076
-3.978492,-5.281869,-2.925683,-1.335161
-3.958918,-5.207552,-2.866959,-1.461838
-3.953906,-5.183060,-2.850052,-1.496146
-3.949525,-5.158860,-2.834683,-1.528500
-3.940096,-5.088275,-2.797132,4.660782
-3.938197,-5.065527,-2.787038,4.628191
-3.935853,-5.000097,-2.764879,4.516693
-3.936190,-4.979327,-2.760007,4.472631
-3.938438,-4.939396,-2.754361,4.369236
-3.942707,-4.901734,-2.753258,4.240564
-3.945570,-4.883791,-2.754299,4.165390
-3.948929,-4.866405,-2.756592,4.082439
-3.952790,-4.849580,-2.760077,3.991642
-3.966966,-4.803177,-2.776122,3.678156
-3.972504,-4.788918,-2.783421,3.565318
-3.978334,-4.775409,-2.791331,3.452638
-3.997596,-4.738679,-2.821681,3.143774
-4.004507,-4.727817,-2.833381,3.057215
-4.011618,-4.717594,-2.846156,2.979870
-4.033954,-4.690794,-2.889559,2.800197
-4.041676,-4.683173,-2.905552,2.755781
-4.049525,-4.676196,-2.922509,2.717835
-4.065550,-4.664217,-2.958477,2.658565
-4.081956,-4.654997,-2.996889,2.617542
-4.090302,-4.651486,-3.017086,2.601924
-4.108745,-4.647585,-3.051937,2.575301
-4.129048,-4.652510,-3.029607,2.558784
-4.151030,-4.659236,-3.001469,2.545086
-4.172852,-4.666656,-2.973334,2.511705
-4.239263,-4.692608,-2.893020,2.173451
-4.261795,-4.702283,-2.867462,2.040204
-4.327271,-4.733814,-2.786698,1.510187
-4.348981,-4.745089,-2.760488,1.273930
-4.370102,-4.756370,-2.730975,1.015296
-4.411551,-4.780170,-2.672382,0.519967
-4.451353,-4.805638,-2.611007,0.159124
-4.489006,-4.833094,-2.546649,-0.069768
-4.506766,-4.847763,-2.514395,-0.150043
-4.535158,-4.877881,-2.448572,-0.265558
-4.551955,-4.908766,-2.384598,-0.342526
-4.561794,-4.939372,-2.327461,-0.399086
-4.561499,-4.970823,-2.273264,-0.444419
-4.559081,-4.986420,-2.249599,-0.463820
-4.554498,-5.002167,-2.227031,-0.480676
-4.547845,-5.018030,-2.205594,-0.494160
-4.529772,-5.049944,-2.168347,-0.504306
-4.518622,-5.065963,-2.152688,-0.494797
-4.505872,-5.082003,-2.138323,-0.463140
-4.464792,-5.132332,-2.095899,1.719745
-4.456278,-5.153294,-2.067224,1.785972
-4.446380,-5.173997,-2.040009,1.819898
-4.410839,-5.234343,-1.971090,1.900872
-4.397068,-5.253772,-1.951727,1.937384
-4.367443,-5.291835,-1.918529,2.034439
-4.335546,-5.329253,-1.892369,2.141188
-4.318661,-5.347822,-1.881406,2.195541
-4.284554,-5.382747,-1.861950,2.307916
-4.248755,-5.417346,-1.847255,2.429469
-4.230810,-5.433764,-1.840785,2.494304
-4.212560,-5.450180,-1.835366,2.561436
-4.155710,-5.498872,-1.825982,2.770213
-4.135309,-5.513888,-1.825562,2.838388
-4.091216,-5.541577,-1.827434,2.968174
-4.044372,-5.567543,-1.833893,3.084406
-4.019431,-5.579749,-1.838172,3.137221
-3.993461,-5.591471,-1.843043,3.187188
-3.939493,-5.613791,-1.854790,3.278311
-3.910936,-5.624263,-1.861380,3.319384
-3.881303,-5.634270,-1.868361,3.357341
-3.787023,-5.661162,-1.891816,3.451802
-3.773094,-5.657766,-1.884830,3.443947
-3.871689,-5.581415,-1.784585,3.329729
-4.218833,-5.310298,-1.437088,2.875390
-4.333463,-5.218673,-1.321446,2.676397
-4.447673,-5.126244,-1.204934,2.457724
-4.787251,-4.843560,-0.854712,1.815829
-4.899565,-4.747146,-0.736795,1.644634
-5.011223,-4.649560,-0.618753,1.499261
-5.122166,-4.550737,-0.500608,1.376157
-5.342124,-4.349024,-0.263328,1.179569
-5.451025,-4.246084,-0.144233,1.098465
-5.559003,-4.141809,-0.025342,1.024678
-5.879581,-3.820603,0.330508,0.820709
-5.986791,-3.712076,0.443773,0.749736
-6.096347,-3.603648,0.550015,0.675826
-6.323083,-3.387171,0.743650,0.483418
-6.559244,-3.171935,0.910640,-0.546257
-6.680787,-3.065064,0.985225,4.224264
-6.931479,-2.852857,1.115708,3.798371
-7.060747,-2.747604,1.171944,3.725471
-7.192006,-2.643296,1.223260,3.671979
-7.325992,-2.539607,1.268981,3.629154
-7.744390,-2.232268,1.374406,3.538711
-7.887909,-2.131773,1.400271,3.518930
-8.034089,-2.031883,1.421427,3.504656
-8.534554,-1.865799,1.433566,3.594859
-8.714629,-1.835952,1.427617,3.666579
-8.906731,-1.818618,1.427513,3.725975
-9.493841,-1.778313,1.411950,4.364573
-9.691984,-1.766330,1.400542,-1.460136
-10.089613,-1.745662,1.369787,-0.772783
-10.489435,-1.728830,1.329496,-0.493783
-10.691006,-1.721175,1.305993,-0.413383
-10.890171,-1.716177,1.281155,-0.348642
-11.492916,-1.704142,1.196232,-0.180105
-11.691326,-1.703506,1.165560,-0.120398
-11.890156,-1.703082,1.134132,-0.055406
-12.473108,-1.687165,1.058199,0.186229
-12.660658,-1.676038,1.041126,0.285022
-12.846397,-1.660458,1.028125,0.391441
-13.212534,-1.616285,1.014277,0.626653
-13.571775,-1.555275,1.015832,0.885694
-13.748919,-1.518630,1.022010,1.020079
-14.098522,-1.433384,1.044686,1.288582
-14.442430,-1.332932,1.080599,1.404545
-14.612457,-1.277358,1.103348,1.446847
-14.948883,-1.155908,1.157715,1.522211
-15.280754,-1.021189,1.223586,1.589257
-15.445120,-0.949052,1.260167,1.621369
-15.608538,-0.873890,1.299320,1.653435
-16.093887,-0.631507,1.430035,1.754242
-16.254280,-0.545514,1.477322,1.790353
-16.414082,-0.457136,1.526452,1.827823
-16.890553,-0.178916,1.680855,1.946451
-17.048548,-0.082221,1.734898,1.987184
-17.363756,0.116541,1.845309,2.092402
-17.678291,0.321702,1.957851,2.950032
-17.835287,0.426286,2.015099,2.987597
-18.148754,0.638982,2.128814,3.052669
-18.461441,0.855816,2.244878,3.071663
-18.617550,0.965595,2.301976,3.089186
-18.773489,1.076174,2.359513,3.112789
-19.240437,1.412055,2.532478,3.226074
-19.395855,1.525199,2.588751,3.279696
-19.706341,1.752907,2.701996,3.411759
-19.861425,1.867375,2.758896,3.512829
-20.016491,1.982214,2.812996,3.649135
-20.326174,2.212705,2.921675,4.284965
-20.635250,2.443973,3.028483,-0.521997
-20.789627,2.559834,3.080879,-0.220581
-20.943893,2.675799,3.133411,-0.066768
-21.406410,3.024071,3.284740,0.144628
-21.560434,3.140076,3.334293,0.188703
-21.868589,3.371952,3.430837,0.257939
-22.022776,3.487782,3.477821,0.288645
-22.331463,3.719127,3.571093,0.345066
-22.486109,3.834636,3.614229,0.302835
-22.951048,4.180274,3.743720,0.171764
-23.106501,4.295195,3.783381,0.096795
-23.262148,4.409950,3.822936,0.099329
-23.730450,4.753067,3.934932,0.115812
-23.887033,4.867006,3.969172,0.125724
-24.200796,5.094107,4.037000,0.154530
-24.515438,5.320102,4.099901,0.198652
-24.673122,5.432663,4.127854,0.227960
-24.830969,5.544901,4.155531,0.263113
-25.305628,5.879605,4.228761,0.411840
-25.464127,5.990453,4.251245,0.478325
-25.622719,6.100915,4.273419,0.555156
-25.940428,6.320722,4.307190,0.738716
-26.258377,6.538884,4.338658,0.953345
-26.417534,6.647367,4.349754,1.072577
-26.576694,6.755467,4.360705,1.221836
-26.735851,6.863208,4.371535,1.381008
-27.054367,7.077657,4.387138,1.705661
-27.213737,7.184363,4.392001,1.858454
-27.690239,7.501698,4.398765,2.242134
-27.835873,7.603075,4.376267,2.380303
-27.979603,7.703691,4.350585,2.528633
-28.412037,8.003811,4.262777,3.000367
-28.556496,8.103244,4.232134,3.152158
-28.701099,8.202325,4.201834,3.296785
-29.136181,8.497203,4.099922,3.680239
-29.281406,8.594557,4.065525,3.789997
-29.426666,8.691365,4.031670,3.890174
-29.863026,8.978096,3.920136,4.133045
-30.008560,9.072239,3.883986,4.200326
-30.154301,9.165642,3.843781,4.263286
-30.445881,9.350005,3.763340,4.381511
-30.591698,9.440993,3.725118,4.439226
-30.883392,9.620728,3.649888,4.555505
-31.029099,9.709448,3.617009,4.618711
-31.320332,9.884661,3.555413,-1.509390
-31.611336,10.056959,3.497635,-1.265033
-31.902027,10.226406,3.445073,-0.838230
-32.047295,10.310079,3.419919,-0.609271
-32.192486,10.393062,3.396872,-0.321631
-32.337627,10.475390,3.375786,-0.017100
-32.773445,10.719004,3.307104,0.563219
-32.918686,10.799143,3.287259,0.651228
-33.064049,10.878814,3.264598,0.710745
-33.500160,11.114813,3.206230,0.789226
-33.645775,11.192499,3.184043,0.794353
-33.937210,11.346242,3.143754,0.784859
-34.229061,11.497660,3.108421,0.756542
-34.375351,11.572468,3.088025,0.736783
-34.668633,11.720021,3.050493,0.687398
-34.854843,11.948586,2.980180,0.590237
-34.929535,12.076284,2.938336,0.525101
-35.003750,12.203925,2.896976,0.428949
-35.224579,12.585431,2.764329,-1.345501
-35.298199,12.711452,2.716776,4.331481
-35.372231,12.836489,2.668714,4.118259
-35.600060,13.203815,2.510993,3.894439
-35.678608,13.323278,2.458668,3.851391
-35.758808,13.441305,2.403313,3.808491
-35.840553,13.557994,2.348989,3.759172
-36.094097,13.901749,2.188172,3.458372
-36.180878,14.014926,2.135648,3.194817
-36.269054,14.127224,2.086459,2.685198
-36.550625,14.451659,1.979286,1.239831
-36.649479,14.556239,1.957027,1.104777
-36.750534,14.659244,1.941962,1.026566
-37.066288,14.959565,1.925543,0.967517
-37.175610,15.056559,1.932436,0.957581
-37.401642,15.244133,1.957731,0.918830
-37.637138,15.424198,1.998551,0.885820
-37.758133,15.512817,2.026231,0.964949
-38.002880,15.698540,2.088030,1.299554
-38.253517,15.881073,2.167184,1.657571
-38.381695,15.971472,2.207713,1.829975
-38.511780,16.061558,2.252048,1.996479
-38.914585,16.331421,2.400288,2.468630
-38.914585,16.331421,2.400288,2.468630
-39.053322,16.421530,2.452364,2.622564
-39.483189,16.692446,2.615403,3.115327
-39.630932,16.782816,2.670274,3.305052
-39.780739,16.873125,2.726892,3.521098
-40.086246,17.053419,2.839747,4.002663
-40.398708,17.232811,2.951612,4.438470
-40.556896,17.321669,3.008685,4.619322
-40.876396,17.497232,3.116480,-1.345583
-41.198830,17.669823,3.228739,-1.060891
-41.360886,17.755093,3.281320,-0.929789
-41.523197,17.839672,3.334995,-0.806686
-42.010258,18.089655,3.498494,-0.484856
-42.172318,18.171904,3.549982,-0.391135
-42.495361,18.334934,3.656743,-0.215853
-42.817013,18.496275,3.761826,-0.039655
-42.977413,18.576345,3.812970,0.063800
-43.137566,18.655985,3.865419,0.207041
-43.457554,18.813948,3.968519,2.073082
-43.777630,18.969969,4.070637,3.155568
-44.098400,19.123909,4.169427,3.367359
-44.259197,19.200083,4.216506,3.447781
-44.420280,19.275709,4.264200,3.522205
-44.743504,19.425482,4.355522,3.551462
-45.068253,19.573698,4.442766,3.473744
-45.231220,19.647413,4.485294,3.439420
-45.394669,19.721014,4.522601,3.410021
-45.722733,19.867928,4.597607,3.374499
-46.052383,20.014872,4.667283,3.390423
-46.217758,20.088467,4.699374,3.429527
-46.715595,20.310030,4.786879,3.807019
-46.881947,20.384205,4.811632,4.090652
-47.048355,20.458517,4.836089,4.458935
-47.547062,20.682190,4.901338,-0.965552
-47.712818,20.756948,4.917112,-0.823014
-47.878101,20.831726,4.932381,-0.717198
-48.370117,21.055981,4.964174,-0.503015
-48.532459,21.130602,4.972097,-0.444631
-48.693810,21.205124,4.979668,-0.386267
-49.171528,21.428417,4.982078,-0.179380
-49.328449,21.502743,4.982331,-0.087508
-49.484249,21.577139,4.977170,0.023178
-49.944603,21.800692,4.962606,0.494083
-50.096004,21.875492,4.951440,0.674436
-50.246433,21.950401,4.940455,0.841773
-50.692257,22.175686,4.902863,1.184916
-50.839180,22.250982,4.887046,1.263606
-50.985313,22.326391,4.871412,1.329122
-51.130699,22.401936,4.855942,1.380013
-51.563251,22.629244,4.790975,1.628591
-51.706520,22.705170,4.769578,1.707093
-51.991302,22.857380,4.716953,1.859756
-52.273514,23.010061,4.663726,2.003140
-52.413334,23.086632,4.636716,2.070710
-52.689606,23.240553,4.573446,2.194869
-52.962597,23.395586,4.511037,2.304604
-53.098701,23.473639,4.475461,2.354833
-53.370663,23.630772,4.403964,2.446551
-53.642536,23.789440,4.327827,2.522981
-53.778473,23.869377,4.287869,2.554499
-53.914402,23.949711,4.248101,2.581590
-54.343288,24.233397,4.120614,2.648925
-54.485954,24.328434,4.076509,2.667660
-54.770672,24.519320,3.985277,2.702566
-55.054657,24.711428,3.891640,2.738447
-55.196327,24.807909,3.845563,2.759698
-9.016761,-3.158056,3.796340,2.242506
-8.964983,-3.191026,3.719004,2.227444
-8.885052,-3.272644,3.710120,2.306002
-8.785644,-3.374675,3.699316,2.223939
-8.730453,-3.429190,3.694213,2.171612
-8.672180,-3.484884,3.688010,2.125565
-8.610604,-3.542579,3.682769,2.086136
-8.545824,-3.602231,3.678458,2.052834
-8.333465,-3.790923,3.670262,1.983323
-8.257063,-3.856183,3.669217,1.968272
-8.177938,-3.922971,3.669347,1.956408
-7.925211,-4.129778,3.672803,1.935860
-7.836178,-4.200994,3.676184,1.932886
-7.749931,-4.270103,3.680856,1.931409
-7.507872,-4.458165,3.685158,1.911953
-7.433413,-4.510661,3.687498,1.903950
-7.293442,-4.600831,3.689663,1.906816
-7.165098,-4.672357,3.694446,1.907969
-7.104807,-4.701873,3.695516,1.905321
-6.991949,-4.748472,3.698920,1.893511
-6.888384,-4.780067,3.701814,1.872654
-6.839813,-4.790650,3.702944,1.858628
-6.749013,-4.801451,3.706543,1.822780
-6.665260,-4.800720,3.706879,1.775537
-6.626130,-4.795772,3.707320,1.747153
-6.552494,-4.778141,3.706987,1.679702
-6.484673,-4.750871,3.705673,1.597019
-6.452903,-4.733694,3.705367,1.549662
-6.392731,-4.693895,3.702732,1.440891
-6.364190,-4.671512,3.700404,1.378792
-6.336759,-4.647320,3.698229,1.311303
-6.310370,-4.621436,3.696174,1.238250
-6.235480,-4.537464,3.684366,0.984654
-6.212235,-4.506729,3.680136,0.888353
-6.189290,-4.475769,3.673913,0.786059
-6.145576,-4.410439,3.661612,0.562759
-6.104059,-4.342106,3.647289,0.312497
-6.083990,-4.307090,3.639106,0.176072
-6.064484,-4.271243,3.630904,0.031448
-6.008161,-4.161342,3.600761,-0.453114
-5.990198,-4.123726,3.589969,-0.628884
-5.955128,-4.047879,3.566180,-0.987571
-5.921257,-3.971071,3.539757,-1.331723
-5.904904,-3.932000,3.526248,-1.490796
-5.872380,-3.854881,3.495018,4.507458
-5.841271,-3.776390,3.463541,4.266008
-5.825745,-3.737849,3.445662,4.159527
-5.810552,-3.699040,3.427732,4.061155
-5.766903,-3.581330,3.372498,3.804656
-5.752540,-3.542978,3.351903,3.729250
-5.711337,-3.427140,3.289745,3.524543
-5.697787,-3.389559,3.266484,3.462012
-5.684558,-3.351889,3.243175,3.401720
-5.671649,-3.314158,3.219801,3.343381
-5.646351,-3.239862,3.170765,3.231498
-5.633966,-3.203336,3.145115,3.177406
-5.621903,-3.166852,3.119379,3.124213
-5.586784,-3.060488,3.036807,2.967442
-5.575585,-3.025779,3.008400,2.964878
-5.564663,-2.991417,2.980128,2.978008
-5.532263,-2.894540,2.889181,3.003767
-5.522001,-2.863111,2.858338,3.005792
-5.511557,-2.833421,2.825453,3.005618
-5.482163,-2.747421,2.727033,3.006290
-5.472696,-2.721189,2.692411,3.010089
-5.463535,-2.695429,2.657846,3.015364
-5.437417,-2.622201,2.551959,3.045191
-5.429070,-2.599522,2.515552,3.062583
-5.421041,-2.577210,2.479335,3.085367
-5.406146,-2.533762,2.407812,3.151305
-5.392784,-2.494989,2.334367,3.250173
-5.386911,-2.476169,2.298285,3.314460
-5.370274,-2.424508,2.188542,3.599428
-5.364937,-2.408270,2.151957,3.737117
-5.359716,-2.392238,2.115654,3.900022
-5.349162,-2.363770,2.040493,4.289561
-5.343995,-2.349723,2.003260,4.497741
-5.338892,-2.335793,1.966367,4.697714
-5.333735,-2.323595,1.928359,-1.403325
-5.318424,-2.287238,1.816525,-0.982766
-5.313251,-2.276812,1.778362,-0.877035
-5.308064,-2.266331,1.740566,-0.783300
-5.302849,-2.255775,1.703123,-0.699058
-5.286846,-2.226781,1.590235,-0.485614
-5.281363,-2.217322,1.552825,-0.415541
-5.275772,-2.207725,1.515757,-0.325249
-5.258093,-2.183411,1.402265,-0.247569
-5.251700,-2.175474,1.364725,-0.373301
-5.237958,-2.163930,1.288134,-0.551039
-5.223487,-2.153031,1.213454,-0.655838
-5.216131,-2.147526,1.177046,-0.689419
-5.208780,-2.143571,1.140358,-0.713598
-5.186801,-2.128694,1.034343,-0.745929
-5.273490,-3.560993,0.999300,-1.417925
-5.280847,-3.564992,1.011626,-1.418683
-5.302832,-3.574057,1.057536,-1.429483
-5.310005,-3.576225,1.075239,-1.440161
-5.317123,-3.578040,1.094163,-1.454562
-5.324216,-3.579571,1.114202,-1.472383
-5.338863,-3.581666,1.155877,-1.515922
-5.346243,-3.582377,1.178071,-1.539484
-5.361326,-3.582888,1.224207,4.693533
-5.376890,-3.582301,1.272591,4.640353
-5.384803,-3.581818,1.297800,4.613573
-5.409600,-3.577956,1.373402,4.543305
-5.418060,-3.576471,1.399597,4.529291
-5.426378,-3.574136,1.423515,4.526174
-5.449604,-3.564730,1.489273,-1.529658
-5.457107,-3.560552,1.507829,-1.099590
-5.464447,-3.556006,1.525411,-0.246156
-5.485759,-3.540249,1.572484,0.536349
-5.492861,-3.534207,1.585182,0.558855
-5.506997,-3.521213,1.607925,0.543317
-5.521338,-3.507058,1.626074,0.492241
-5.528657,-3.499575,1.633435,0.460382
-5.536040,-3.491847,1.640016,0.426151
-5.551223,-3.475628,1.650105,0.353810
-5.566949,-3.458420,1.656438,0.280314
-5.574941,-3.449449,1.658532,0.244197
-5.591411,-3.430739,1.659348,0.174591
-5.608128,-3.411103,1.657632,0.110261
-5.616654,-3.400964,1.655311,0.080527
-5.633744,-3.380090,1.648866,0.026439
-5.642278,-3.369388,1.644768,0.002229
-5.650897,-3.358502,1.639689,-0.020056
-5.659487,-3.347486,1.634104,-0.040417
-5.685057,-3.313776,1.614127,-0.091256
-5.693511,-3.302355,1.606340,-0.105219
-5.701887,-3.290917,1.598163,-0.117875
-5.726640,-3.256392,1.570888,-0.148989
-5.734750,-3.244933,1.561103,-0.157411
-5.742783,-3.233555,1.551073,-0.165044
-5.766508,-3.199805,1.519245,-0.184231
-5.774302,-3.188766,1.508225,-0.189690
-5.782045,-3.177873,1.497078,-0.194841
-5.805083,-3.145722,1.462697,-0.209417
-5.812771,-3.135367,1.451219,-0.214228
-5.820449,-3.125054,1.439707,-0.219106
-5.843826,-3.095221,1.405904,-0.234454
-5.851723,-3.085470,1.394900,-0.239901
-5.867764,-3.066379,1.373266,-0.251374
-5.875922,-3.057006,1.362645,-0.257423
-5.892519,-3.038255,1.342061,-0.270185
-5.918258,-3.010361,1.312239,-0.291104
-5.927085,-3.001004,1.302670,-0.298599
-5.936033,-2.991620,1.293191,-0.306377
-5.945106,-2.982189,1.283798,-0.314460
-5.973159,-2.953211,1.256977,-0.340672
-5.982762,-2.943330,1.248179,-0.350109
-5.992533,-2.933276,1.239696,-0.359910
-6.012460,-2.912678,1.222934,-0.380672
-6.032909,-2.891329,1.206414,-0.403047
-6.043335,-2.880370,1.198424,-0.414858
-6.075431,-2.846143,1.174800,-0.452844
-6.086365,-2.834333,1.167183,-0.466357
-6.097443,-2.822282,1.159629,-0.480292
-6.120033,-2.797448,1.144689,-0.509418
-6.143052,-2.771852,1.130183,-0.540174
-6.154780,-2.758702,1.122988,-0.556133
-6.178583,-2.731871,1.108817,-0.589178
-6.202888,-2.704325,1.094886,-0.623550
-6.215269,-2.690248,1.087956,-0.641215
-6.240231,-2.661903,1.074427,-0.677396
-6.265822,-2.632874,1.060930,-0.714695
-6.278673,-2.618351,1.054313,-0.733752
-6.304859,-2.588901,1.041047,-0.772571
-6.318197,-2.573996,1.034382,-0.792366
-6.331488,-2.559238,1.027852,-0.812410
-6.344943,-2.544387,1.021288,-0.832652
-6.386031,-2.499665,1.001515,-0.894769
-6.399874,-2.484836,0.994935,-0.915880
-6.413889,-2.469963,0.988295,-0.937222
-6.428078,-2.455055,0.981589,-0.958785
-6.470921,-2.410904,0.961449,-1.024675
-6.485426,-2.396293,0.954657,-1.047025
-6.514537,-2.367466,0.941035,-1.092310
-6.543930,-2.339102,0.927302,-1.138265
-6.558894,-2.324977,0.920316,-1.161529
-6.588363,-2.297658,0.906545,-1.208535
-6.618536,-2.270582,0.892505,-1.256200
-6.633337,-2.257553,0.885553,-1.280298
-6.648310,-2.244602,0.878530,-1.304503
-6.693656,-2.206676,0.857298,-1.378055
-6.708713,-2.194493,0.850250,-1.402804
-6.739295,-2.170448,0.835993,-1.452721
-6.769243,-2.147589,0.821937,-1.503064
-6.784434,-2.136341,0.814850,-1.528369
-6.814547,-2.114575,0.800805,4.703960
-6.844501,-2.093687,0.786881,4.652897
-6.859660,-2.083451,0.779887,4.627282
-6.888853,-2.064033,0.766246,4.575992
-6.918470,-2.045207,0.752635,4.524620
-6.933425,-2.036023,0.745857,4.498922
-6.933425,-2.036023,0.745857,4.498922
-6.976360,-2.010256,0.726252,4.421943
-6.990830,-2.001983,0.719747,4.396325
-7.004500,-1.994124,0.713497,4.370722
-7.045901,-1.971513,0.694962,4.294164
-7.058906,-1.964505,0.689111,4.268706
-7.071962,-1.957661,0.683305,4.243309
-7.085065,-1.950979,0.677553,4.217954
-7.122678,-1.932235,0.661285,4.142191
-7.134962,-1.926370,0.656156,4.117064
-7.158584,-1.915247,0.646490,4.066982
-7.181273,-1.904890,0.637572,4.017211
-7.192641,-1.899953,0.633303,3.992433
-7.202941,-1.895233,0.629475,3.967730
-7.233925,-1.881993,0.618927,3.894194
-7.243155,-1.877894,0.615996,3.869871
-7.252398,-1.873936,0.613169,3.845669
-7.279058,-1.862824,0.605622,3.773726
-7.287209,-1.859347,0.603514,3.750022
-7.303555,-1.852742,0.599458,3.703028
-7.318761,-1.846465,0.595888,3.656648
-7.325793,-1.843425,0.594302,3.633737
-7.332844,-1.840479,0.592726,3.611002
-7.339913,-1.837626,0.591184,3.588451
-7.351708,-1.831817,0.588736,3.543919
-7.357642,-1.829033,0.587496,3.521952
-7.373178,-1.820633,0.584229,3.457256
-7.378010,-1.817885,0.583265,3.436108
-7.390274,-1.809409,0.580656,3.373944
-7.394027,-1.806592,0.579799,3.353660
-7.397813,-1.803822,0.578910,3.333591
-7.405822,-1.794747,0.576579,3.274752
-7.408573,-1.791797,0.575741,3.255584
-7.411838,-1.785217,0.574210,3.217940
-7.415300,-1.778749,0.572509,3.181213
-7.415915,-1.775124,0.571697,3.163178
-7.417323,-1.767933,0.569963,3.127850
-7.417779,-1.760348,0.568116,3.093379
-7.417512,-1.756346,0.567159,3.076500
-7.417195,-1.748376,0.565092,3.043390
-7.417149,-1.744404,0.563981,3.027159
-7.413888,-1.731050,0.560607,2.979773
-7.412976,-1.726609,0.559375,2.964399
-7.409068,-1.716723,0.556860,2.934317
-7.407266,-1.711784,0.555522,2.919588
-7.405565,-1.706845,0.554175,2.905066
-7.402806,-1.701372,0.552818,2.890738
-7.397633,-1.690428,0.549944,2.862747
-7.391782,-1.678928,0.546910,2.835527
-7.388474,-1.672903,0.545342,2.822239
-7.385293,-1.666879,0.543722,2.809145
-7.374274,-1.647671,0.538695,2.771009
-7.370503,-1.641084,0.536929,2.758690
-7.366877,-1.634501,0.535116,2.746561
-7.353501,-1.613017,0.529528,2.711333
-7.349356,-1.605872,0.527605,2.699967
-7.339322,-1.590409,0.523668,2.677794
-7.329965,-1.574999,0.519569,2.656364
-7.324425,-1.566709,0.517485,2.645917
-7.319068,-1.558437,0.515364,2.635666
-7.304089,-1.533746,0.509003,2.605965
-7.298344,-1.524952,0.506839,2.596418
-7.287438,-1.507446,0.502412,2.577901
-7.282278,-1.498738,0.500148,2.568902
-7.270327,-1.480240,0.495656,2.551422
-7.264661,-1.471044,0.493362,2.542957
-7.259202,-1.461885,0.491034,2.534666
-7.246680,-1.442518,0.486368,2.518600
-7.240746,-1.432900,0.483989,2.510840
-7.222042,-1.403157,0.476835,2.488584
-7.215889,-1.393149,0.474420,2.481520
-7.209962,-1.383193,0.471979,2.474619
-7.196551,-1.362300,0.467073,2.461337
-7.184083,-1.341643,0.462090,2.448735
-7.177087,-1.330830,0.459600,2.442676
-7.157557,-1.298786,0.451987,2.425533
-7.150425,-1.287685,0.449420,2.420143
-7.143543,-1.276657,0.446833,2.414924
-7.123268,-1.243471,0.438975,2.400223
-7.116268,-1.232202,0.436324,2.395646
-7.103033,-1.209901,0.430965,2.386959
-7.096794,-1.198871,0.428259,2.382848
-7.082753,-1.175967,0.422843,2.375122
-7.076122,-1.164644,0.420125,2.371499
-7.055449,-1.130099,0.411884,2.361554
-7.048697,-1.118581,0.409109,2.358553
-7.042208,-1.107153,0.406318,2.355708
-7.027669,-1.083509,0.400766,2.350491
-7.014211,-1.060245,0.395195,2.345881
-7.006700,-1.048234,0.392418,2.343798
-6.992505,-1.024509,0.386827,2.340101
-6.978221,-1.000661,0.381271,2.336999
-6.970903,-0.988631,0.378516,2.335679
-6.957103,-0.964874,0.372971,2.333480
-6.949439,-0.952635,0.370222,2.332603
-6.942059,-0.940499,0.367463,2.331879
-6.934960,-0.928467,0.364693,2.331298
-6.912990,-0.891967,0.356421,2.330450
-6.905842,-0.879839,0.353660,2.330466
-6.883712,-0.843097,0.345338,2.331421
-6.876513,-0.830897,0.342545,2.332038
-6.862975,-0.806813,0.336974,2.333714
-6.848134,-0.782154,0.331375,2.335999
-6.841151,-0.769986,0.328560,2.337360
-6.834457,-0.757923,0.325734,2.338865
-6.819525,-0.733129,0.320072,2.342350
-6.812503,-0.720894,0.317256,2.344314
-6.798121,-0.696261,0.311595,2.348678
-6.783718,-0.671580,0.305895,2.353663
-6.769277,-0.646855,0.300149,2.359240
-6.761894,-0.634419,0.297300,2.362270
-6.754816,-0.622094,0.294436,2.365438
-6.732962,-0.584839,0.285796,2.375810
-6.725886,-0.572488,0.282898,2.379565
-6.704042,-0.535207,0.274216,2.391696
-6.696975,-0.522856,0.271327,2.396032
-6.690218,-0.510616,0.268424,2.400507
-6.682538,-0.498057,0.265532,2.405134
-6.661404,-0.461060,0.256788,2.419880
-6.653766,-0.448536,0.253932,2.425076
-6.646450,-0.436126,0.251064,2.430429
-6.632778,-0.411648,0.245285,2.441566
-6.619133,-0.387213,0.239485,2.453272
-6.612175,-0.374964,0.236583,2.459349
-6.591989,-0.338513,0.227881,2.478448
-6.585085,-0.326336,0.224984,2.485107
-6.578507,-0.314274,0.222071,2.491899
-6.565075,-0.290134,0.216242,2.505915
-6.551715,-0.266100,0.210427,2.520543
-6.545529,-0.254253,0.207513,2.528054
-6.525185,-0.218481,0.198771,2.551488
-6.519071,-0.206787,0.195824,2.559579
-6.512022,-0.194926,0.192888,2.567808
-6.492924,-0.160046,0.184107,2.593289
-6.485950,-0.148408,0.181220,2.602001
-6.479327,-0.136890,0.178342,2.610838
-6.460265,-0.102835,0.169868,2.637875
-6.453761,-0.091582,0.167177,2.647081
-6.447617,-0.080452,0.164528,2.656342
-6.441831,-0.069446,0.161927,2.665672
-6.422793,-0.036597,0.154647,2.694036
-6.417186,-0.025901,0.152360,2.703598
-6.411944,-0.015332,0.150154,2.713184
-6.394475,0.016086,0.144467,2.742152
-6.389405,0.026293,0.142776,2.751838
-6.377760,0.046575,0.139942,2.771253
-6.372512,0.056515,0.138699,2.780953
-6.361807,0.076110,0.136747,2.800265
-6.351298,0.095270,0.135409,2.819437
-6.346617,0.104637,0.134931,2.828931
-6.340965,0.113950,0.134727,2.838363
-6.335703,0.123113,0.134645,2.847772
-6.320845,0.149737,0.135338,2.875659
-6.315750,0.158333,0.135910,2.884865
-6.301334,0.183154,0.138389,2.912077
-6.296351,0.191105,0.139508,2.921052
-6.287499,0.206506,0.142065,2.938738
-6.282192,0.213920,0.143630,2.947438
-6.268478,0.235154,0.148756,2.973037
-6.263169,0.241827,0.150775,2.981321
-6.253644,0.254663,0.155068,2.997638
-6.245530,0.266831,0.159659,3.013486
-6.245530,0.266831,0.159659,3.013486
-6.240461,0.272576,0.162187,3.021211
-6.231367,0.283602,0.167369,3.036363
-6.222066,0.293903,0.172850,3.050957
-6.217144,0.298775,0.175712,3.058098
-6.212558,0.303513,0.178591,3.065086
-6.197627,0.316663,0.187573,3.085131
-6.192787,0.320754,0.190628,3.091519
-6.182499,0.328451,0.196901,3.103739
-6.171937,0.335574,0.203328,3.115375
-6.167137,0.338983,0.206541,3.120921
-6.155323,0.345296,0.213125,3.131535
-6.144794,0.351243,0.219719,3.141492
-6.138394,0.353988,0.223085,3.146184
-6.126564,0.359230,0.229806,3.155186
-6.114380,0.364075,0.236584,3.163473
-6.107961,0.366342,0.240004,3.167427
-6.088988,0.372642,0.250352,3.178237
-6.082226,0.374556,0.253849,3.181579
-6.075785,0.376404,0.257344,3.184745
-6.056736,0.381499,0.267904,3.193248
-6.049943,0.383027,0.271499,3.195837
-6.043474,0.384497,0.275098,3.198267
-6.029893,0.387182,0.282377,3.202642
-6.016024,0.389559,0.289750,3.206555
-6.009579,0.390667,0.293450,3.208287
-5.994504,0.392576,0.301027,3.211385
-5.987469,0.393455,0.304848,3.212748
-5.980763,0.394284,0.308685,3.213979
-5.957960,0.396222,0.320508,3.216926
-5.951035,0.396776,0.324496,3.217663
-5.935160,0.397552,0.332730,3.218798
-5.920661,0.398159,0.341087,3.219494
-5.904524,0.398410,0.349714,3.219755
-5.896981,0.398478,0.354085,3.219731
-5.889784,0.398508,0.358496,3.219584
-5.865843,0.398047,0.372284,3.218562
-5.858570,0.397826,0.376975,3.218017
-5.842138,0.397022,0.386676,3.216689
-5.827146,0.396101,0.396617,3.214993
-5.820180,0.395598,0.401685,3.213993
-5.804384,0.394255,0.412176,3.211784
-5.790036,0.392818,0.422937,3.209255
-5.781943,0.391921,0.428529,3.207858
-5.766868,0.390068,0.439955,3.204930
-5.759876,0.389115,0.445787,3.203343
-5.744117,0.386857,0.457890,3.199975
-5.744117,0.386857,0.457890,3.199975
-5.721801,0.383198,0.476575,3.194471
-5.714146,0.381841,0.482991,3.192557
-5.706857,0.380476,0.489438,3.190578
-5.691951,0.377529,0.502526,3.186449
-5.677094,0.374368,0.515788,3.182214
-5.670205,0.372784,0.522424,3.180016
-5.647516,0.367386,0.542672,3.173275
-5.640672,0.365591,0.549399,3.170968
-5.632803,0.363577,0.556186,3.168620
-5.611362,0.357570,0.576391,3.161558
-5.603546,0.355336,0.583171,3.159142
-5.596094,0.353111,0.589913,3.156752
-5.575867,0.346506,0.609893,3.149473
-5.568420,0.344075,0.616500,3.147012
-5.561333,0.341659,0.623059,3.144593
-5.554600,0.339259,0.629569,3.142159
-5.533747,0.331628,0.648964,3.134869
-5.527048,0.329035,0.655331,3.132470
-5.513350,0.323637,0.667914,3.127660
-5.499730,0.318058,0.680311,3.122948
-5.493452,0.315306,0.686433,3.120602
-5.479284,0.309315,0.698500,3.115976
-5.466554,0.303442,0.710332,3.111443
-5.459405,0.300260,0.716145,3.109188
-5.446200,0.293995,0.727621,3.104832
-5.440135,0.290915,0.733283,3.102677
-5.426544,0.284255,0.744415,3.098468
-5.414402,0.277751,0.755314,3.094397
-5.407632,0.274239,0.760658,3.092399
-5.401230,0.270770,0.765971,3.090461
-5.389515,0.263964,0.776425,3.086678
-5.376856,0.256671,0.786623,3.083040
-5.371077,0.253098,0.791638,3.081281
-5.365659,0.249577,0.796597,3.079558
-5.349176,0.238636,0.811119,3.074611
-5.344012,0.234985,0.815846,3.073047
-5.339210,0.231391,0.820518,3.071517
-5.333597,0.227507,0.825116,3.070027
-5.318964,0.216227,0.838623,3.065831
-5.313672,0.212239,0.843018,3.064502
-5.304196,0.204464,0.851654,3.062003
-5.295069,0.196605,0.860062,3.059624
-5.290504,0.192605,0.864180,3.058517
-5.286307,0.188679,0.868249,3.057437
-5.277927,0.180680,0.876242,3.055381
-5.273753,0.176612,0.880154,3.054432
-5.266501,0.168712,0.887836,3.052648
-5.258636,0.160365,0.895290,3.051021
-5.255254,0.156317,0.898973,3.050263
-5.252234,0.152353,0.902611,3.049529
-5.245269,0.143893,0.909716,3.048197
-5.239759,0.135788,0.916646,3.047010
-5.236562,0.131466,0.920031,3.046466
-5.231261,0.123097,0.926696,3.045524
-5.227390,0.115098,0.933218,3.044692
-5.224997,0.110804,0.936396,3.044319
-5.222962,0.106607,0.939536,3.044000
-5.218024,0.094133,0.948730,3.043207
-5.216452,0.089864,0.951723,3.043020
-5.215230,0.085695,0.954678,3.042863
-5.211777,0.072806,0.963264,3.042568
-5.211011,0.068551,0.966046,3.042546
-5.209604,0.059848,0.971486,3.042558
-5.208677,0.051065,0.976773,3.042702
-5.208724,0.046828,0.979368,3.042819
-5.208080,0.037645,0.984411,3.043144
-5.208791,0.028884,0.989353,3.043586
-5.208783,0.024118,0.991765,3.043854
-5.209777,0.014908,0.996504,3.044501
-5.211241,0.005557,1.001100,3.045233
-5.212047,0.000761,1.003342,3.045655
-5.213179,-0.003927,1.005559,3.046105
-5.214633,-0.008509,1.007799,3.046576
-5.216820,-0.018509,1.012135,3.047606
-5.220291,-0.028076,1.016372,3.048732
-5.224161,-0.037822,1.020490,3.049918
-5.226141,-0.042833,1.022536,3.050569
-5.228433,-0.047736,1.024559,3.051229
-5.235478,-0.063031,1.030426,3.053330
-5.238163,-0.068116,1.032329,3.054079
-5.246423,-0.083990,1.037883,3.056428
-5.249512,-0.089273,1.039705,3.057251
-5.252895,-0.094446,1.041508,3.058081
-5.262439,-0.111261,1.046715,3.060704
-5.266203,-0.116644,1.048417,3.061599
-5.273044,-0.128384,1.051791,3.063468
-5.281034,-0.139670,1.055101,3.065385
-5.288635,-0.151805,1.058311,3.067341
-5.292859,-0.157699,1.059894,3.068333
-5.297359,-0.163479,1.061463,3.069338
-5.305740,-0.176023,1.064581,3.071368
-5.315215,-0.188100,1.067644,3.073421
-5.324337,-0.201044,1.070606,3.075503
-5.329300,-0.207335,1.072067,3.076556
-5.340006,-0.219566,1.075038,3.078629
-5.340006,-0.219566,1.075038,3.078629
-5.355831,-0.239052,1.079302,3.081747
-5.361613,-0.245307,1.080698,3.082783
-5.366927,-0.252123,1.082046,3.083812
-5.378308,-0.265377,1.084723,3.085882
-5.389969,-0.278831,1.087323,3.087894
-5.395817,-0.285714,1.088585,3.088918
-5.401906,-0.292469,1.089836,3.089922
-5.420217,-0.313391,1.093465,3.092871
-5.426562,-0.320340,1.094649,3.093847
-5.439267,-0.334557,1.096954,3.095734
-5.452215,-0.348948,1.099192,3.097594
-5.459023,-0.355944,1.100297,3.098492
-5.472015,-0.370923,1.102425,3.100257
-5.485874,-0.385353,1.104527,3.101976
-5.492490,-0.393053,1.105552,3.102806
-5.499318,-0.400612,1.106570,3.103638
-5.520396,-0.423135,1.109573,3.105971
-5.527406,-0.430816,1.110556,3.106720
-5.542007,-0.445747,1.112504,3.108150
-5.549588,-0.453000,1.113471,3.108826
-5.563974,-0.468447,1.115374,3.110114
-5.571440,-0.475950,1.116322,3.110726
-5.586226,-0.491201,1.118258,3.111900
-5.601035,-0.506533,1.120163,3.113000
-5.615848,-0.521925,1.122050,3.114009
-5.623172,-0.529720,1.122986,3.114480
-5.630651,-0.537357,1.123955,3.114928
-5.638278,-0.544837,1.124925,3.115349
-5.660132,-0.568256,1.127798,3.116494
-5.667697,-0.575735,1.128759,3.116832
-5.674755,-0.583686,1.129723,3.117142
-5.696714,-0.606517,1.132699,3.117989
-5.703649,-0.614400,1.133702,3.118229
-5.710705,-0.622105,1.134706,3.118450
-5.731937,-0.644753,1.137735,3.119061
-5.738823,-0.652335,1.138773,3.119240
-5.745815,-0.659733,1.139811,3.119406
-5.759495,-0.674535,1.141886,3.119716
-5.772969,-0.689140,1.143958,3.119981
-5.779848,-0.696163,1.144991,3.120101
-5.793297,-0.710175,1.147061,3.120319
-5.806526,-0.723952,1.149128,3.120515
-5.813266,-0.730557,1.150154,3.120602
-5.819543,-0.737446,1.151172,3.120681
-5.838863,-0.756953,1.154224,3.120851
-5.844942,-0.763534,1.155234,3.120899
-5.863644,-0.782110,1.158221,3.120983
-5.869545,-0.788362,1.159176,3.120995
-5.875523,-0.794418,1.160125,3.120995
-5.893449,-0.811841,1.162900,3.120952
-5.899276,-0.817538,1.163788,3.120911
-5.905175,-0.823042,1.164668,3.120865
-5.916782,-0.833867,1.166384,3.120750
-5.922494,-0.839187,1.167220,3.120667
-5.934123,-0.849259,1.168877,3.120466
-5.945289,-0.859288,1.170465,3.120223
-5.950974,-0.864023,1.171248,3.120082
-5.956724,-0.868573,1.172025,3.119924
-5.962201,-0.873282,1.172766,3.119759
-5.979033,-0.886317,1.175007,3.119174
-5.984772,-0.890307,1.175750,3.118961
-5.990266,-0.894464,1.176450,3.118745
-6.007130,-0.905889,1.178519,3.118005
-6.012618,-0.909682,1.179174,3.117750
-6.018168,-0.913304,1.179825,3.117478
-6.029454,-0.920047,1.181117,3.116904
-6.040547,-0.926746,1.182290,3.116295
-6.046184,-0.929850,1.182873,3.115976
-6.063071,-0.938809,1.184558,3.115005
-6.068753,-0.941581,1.185107,3.114662
-6.074491,-0.944199,1.185656,3.114323
-6.091591,-0.952035,1.187183,3.113303
-6.097397,-0.954348,1.187697,3.112967
-6.103148,-0.956805,1.188174,3.112626
-6.114804,-0.961281,1.189131,3.111940
-6.126593,-0.965483,1.190050,3.111265
-6.132525,-0.967519,1.190492,3.110924
-6.144530,-0.971180,1.191398,3.110262
-6.150555,-0.973072,1.191819,3.109941
-6.162737,-0.976455,1.192668,3.109321
-6.168892,-0.977951,1.193097,3.109007
-6.181318,-0.980824,1.193923,3.108426
-6.187588,-0.982202,1.194360,3.108146
-6.193895,-0.983456,1.194800,3.107874
-6.213037,-0.986985,1.196053,3.107086
-6.219488,-0.988007,1.196464,3.106838
-6.225971,-0.988913,1.196878,3.106601
-6.245657,-0.991704,1.198045,3.105957
-6.252278,-0.992413,1.198449,3.105764
-6.258965,-0.993261,1.198809,3.105577
-6.279186,-0.995163,1.199919,3.105088
-6.286021,-0.995834,1.200252,3.104940
-6.292878,-0.996402,1.200590,3.104809
-6.313633,-0.997741,1.201587,3.104476
-6.320629,-0.998147,1.201898,3.104402
-6.327642,-0.998458,1.202215,3.104331
-6.341790,-0.999013,1.202845,3.104232
-6.348921,-0.999259,1.203157,3.104201
-6.363222,-0.999479,1.203804,3.104156
-6.377755,-0.999749,1.204354,3.104178
-6.385035,-0.999755,1.204642,3.104200
-6.399616,-0.999515,1.205308,3.104269
-6.414387,-0.999342,1.205865,3.104377
-6.429172,-0.998849,1.206457,3.104536
-6.436646,-0.998655,1.206701,3.104635
-6.451597,-0.998037,1.207242,3.104853
-6.466636,-0.997277,1.207767,3.105110
-6.474198,-0.996865,1.208007,3.105255
-6.481758,-0.996381,1.208256,3.105415
-6.504602,-0.994816,1.208903,3.105927
-6.512238,-0.994208,1.209116,3.106121
-6.535277,-0.992258,1.209657,3.106734
-6.542970,-0.991523,1.209834,3.106951
-6.550652,-0.990726,1.210022,3.107184
-6.566188,-0.989241,1.210307,3.107657
-6.581675,-0.987512,1.210659,3.108160
-6.589497,-0.986693,1.210773,3.108422
-6.612874,-0.983883,1.211194,3.109259
-6.620741,-0.982948,1.211313,3.109541
-6.628591,-0.981957,1.211445,3.109832
-6.628591,-0.981957,1.211445,3.109832
-6.652027,-0.978657,1.211921,3.110718
-6.659916,-0.977539,1.212049,3.111010
-6.675630,-0.975149,1.212345,3.111631
-6.691381,-0.972636,1.212670,3.112256
-6.699286,-0.971345,1.212828,3.112587
-6.707167,-0.970004,1.212999,3.112915
-6.730915,-0.965813,1.213489,3.113881
-6.738824,-0.964341,1.213683,3.114209
-6.746706,-0.962824,1.213891,3.114544
-6.770612,-0.958166,1.214425,3.115551
-6.778524,-0.956527,1.214630,3.115886
-6.786540,-0.954900,1.214792,3.116220
-6.810410,-0.949767,1.215338,3.117244
-6.818433,-0.948026,1.215499,3.117575
-6.826424,-0.946244,1.215674,3.117908
-6.842312,-0.942562,1.216064,3.118577
-6.858335,-0.938819,1.216479,3.119240
-6.866297,-0.936890,1.216727,3.119579
-6.882256,-0.932960,1.217228,3.120222
-6.898212,-0.928922,1.217746,3.120886
-6.906138,-0.926852,1.218023,3.121207
-6.922035,-0.922639,1.218604,3.121826
-6.937938,-0.918324,1.219220,3.122456
-6.945833,-0.916120,1.219545,3.122750
-6.953853,-0.913910,1.219854,3.123045
-6.977675,-0.907102,1.220864,3.123945
-6.985713,-0.904767,1.221194,3.124226
-6.993710,-0.902404,1.221534,3.124530
-7.017623,-0.895139,1.222569,3.125382
-7.025622,-0.892654,1.222903,3.125680
-7.033579,-0.890144,1.223247,3.125968
-7.057519,-0.882424,1.224290,3.126803
-7.065467,-0.879798,1.224640,3.127074
-7.073371,-0.877151,1.224999,3.127338
-7.097275,-0.868953,1.225995,3.128142
-7.105155,-0.866183,1.226352,3.128402
-7.121054,-0.860533,1.226993,3.128911
-7.136772,-0.854813,1.227677,3.129405
-7.144691,-0.851889,1.227993,3.129639
-7.160389,-0.845992,1.228654,3.130132
-7.168170,-0.843022,1.229000,3.130361
-7.183721,-0.837001,1.229685,3.130793
-7.199211,-0.830885,1.230376,3.131242
-7.206887,-0.827806,1.230736,3.131458
-7.222334,-0.821505,1.231440,3.131876
-7.229987,-0.818335,1.231807,3.132081
-7.245260,-0.811903,1.232526,3.132462
-7.252880,-0.808641,1.232878,3.132659
-7.260452,-0.805368,1.233241,3.132854
-7.283121,-0.795371,1.234318,3.133382
-7.290620,-0.791997,1.234685,3.133559
-7.298072,-0.788612,1.235060,3.133725
-7.320508,-0.778170,1.236123,3.134204
-7.327889,-0.774666,1.236511,3.134352
-7.335339,-0.771046,1.236867,3.134490
-7.357391,-0.760119,1.237992,3.134931
-7.364767,-0.756340,1.238340,3.135054
-7.372093,-0.752550,1.238699,3.135192
-7.393892,-0.741008,1.239797,3.135551
-7.401136,-0.737068,1.240157,3.135680
-7.408330,-0.733116,1.240527,3.135790
-7.415475,-0.729153,1.240906,3.135890
-7.429724,-0.721074,1.241643,3.136073
-7.436827,-0.716960,1.242028,3.136160
-7.443880,-0.712833,1.242421,3.136253
-7.457955,-0.704420,1.243186,3.136398
-7.464977,-0.700133,1.243557,3.136478
-7.471949,-0.695833,1.243938,3.136559
-7.478871,-0.691518,1.244329,3.136630
-7.485868,-0.687055,1.244688,3.136702
-7.492816,-0.682578,1.245071,3.136778
-7.506564,-0.673579,1.245864,3.136914
-7.513504,-0.668911,1.246248,3.136980
-7.534028,-0.654812,1.247454,3.137174
-7.540918,-0.649927,1.247866,3.137222
-7.547758,-0.645026,1.248286,3.137282
-7.561293,-0.635173,1.249150,3.137373
-7.574935,-0.624902,1.249978,3.137456
-7.581683,-0.619741,1.250403,3.137497
-7.595171,-0.609175,1.251266,3.137562
-7.601912,-0.603771,1.251703,3.137603
-7.608603,-0.598349,1.252147,3.137637
-7.615248,-0.592909,1.252597,3.137673
-7.635333,-0.575869,1.253893,3.137757
-7.641933,-0.570153,1.254344,3.137769
-7.648487,-0.564418,1.254802,3.137779
-7.661784,-0.552452,1.255659,3.137808
-7.674896,-0.540413,1.256542,3.137826
-7.681546,-0.534155,1.256949,3.137816
-7.688151,-0.527879,1.257363,3.137831
-7.707865,-0.508720,1.258663,3.137849
-7.714460,-0.502151,1.259082,3.137868
-7.721010,-0.495564,1.259507,3.137879
-7.721010,-0.495564,1.259507,3.137879
-7.740751,-0.475274,1.260759,3.137887
-7.747302,-0.468406,1.261188,3.137892
-7.753808,-0.461521,1.261624,3.137891
-7.767035,-0.447259,1.262428,3.137888
-7.773582,-0.440104,1.262840,3.137899
-7.786736,-0.425520,1.263638,3.137903
-7.799906,-0.410651,1.264480,3.137931
-7.806427,-0.403194,1.264910,3.137925
-7.813096,-0.395499,1.265309,3.137913
-7.826306,-0.380067,1.266126,3.137926
-7.839550,-0.364341,1.266933,3.137911
-7.846208,-0.356340,1.267329,3.137926
-7.859401,-0.340300,1.268138,3.137927
-7.872630,-0.323976,1.268930,3.137896
-7.879284,-0.315679,1.269314,3.137895
-7.885897,-0.307371,1.269704,3.137887
-7.892470,-0.299052,1.270112,3.137877
-7.905926,-0.281922,1.270843,3.137871
-7.912594,-0.273344,1.271217,3.137875
-7.932796,-0.247082,1.272273,3.137859
-7.939524,-0.238234,1.272636,3.137850
-7.946212,-0.229378,1.273005,3.137838
-7.966742,-0.202078,1.274036,3.137815
-7.973507,-0.192968,1.274391,3.137809
-7.980476,-0.183630,1.274716,3.137788
-7.987405,-0.174289,1.275048,3.137786
-8.001145,-0.155597,1.275785,3.137772
-8.008211,-0.146006,1.276124,3.137754
-8.029169,-0.117234,1.277179,3.137745
-8.036326,-0.107397,1.277518,3.137730
-8.043443,-0.097562,1.277861,3.137738
-8.064820,-0.067815,1.278866,3.137434
-8.072044,-0.057731,1.279171,3.137149
-8.079236,-0.047641,1.279485,3.136746
-8.093510,-0.027459,1.280171,3.135701
-8.108148,-0.006892,1.280919,3.134515
-8.115390,0.003354,1.281343,3.133937
-8.129965,0.023941,1.282239,3.132861
-8.151723,0.054731,1.283750,3.131651
-8.159080,0.065054,1.284279,3.131365
-8.173547,0.085454,1.285404,3.131000
-8.187905,0.105671,1.286551,3.130859
-8.195063,0.115721,1.287121,3.130878
-8.202125,0.125661,1.287699,3.130941
-8.216154,0.145358,1.288866,3.131182
-8.229975,0.164735,1.290004,3.131561
-8.236726,0.174240,1.290570,3.131770
-8.256807,0.202431,1.292179,3.132499
-8.263277,0.211578,1.292724,3.132755
-8.263277,0.211578,1.292724,3.132755
-8.282356,0.238618,1.294213,3.133534
-8.288482,0.247390,1.294705,3.133752
-8.294563,0.256163,1.295156,3.133910
-8.312087,0.281816,1.296622,3.133994
-8.317692,0.290149,1.297132,3.133899
-8.323238,0.298520,1.297602,3.133748
-8.339198,0.322977,1.299033,3.132993
-8.344344,0.331092,1.299504,3.132645
-8.354321,0.346985,1.300453,3.131859
-8.359159,0.354760,1.300932,3.131431
-8.368608,0.370401,1.301832,3.130537
-8.373194,0.378042,1.302284,3.130088
-8.386446,0.400751,1.303614,3.128714
-8.390703,0.408156,1.304051,3.128279
-8.394882,0.415432,1.304487,3.127852
-8.406967,0.437286,1.305691,3.126686
-8.410858,0.444304,1.306098,3.126337
-8.414678,0.451465,1.306475,3.126008
-8.425771,0.472117,1.307591,3.125245
-8.429322,0.479014,1.307927,3.125033
-8.432820,0.485768,1.308261,3.124872
-8.442973,0.505476,1.309203,3.124555
-8.446237,0.511954,1.309489,3.124521
-8.449455,0.518289,1.309775,3.124504
-8.452631,0.524481,1.310061,3.124514
-8.461796,0.542821,1.310866,3.124725
-8.464755,0.548750,1.311130,3.124869
-8.467680,0.554537,1.311393,3.125039
-8.476002,0.571955,1.312089,3.125772
-8.478714,0.577476,1.312321,3.126083
-8.483880,0.588712,1.312745,3.126794
-8.488934,0.599383,1.313189,3.127585
-8.491318,0.604825,1.313388,3.128005
-8.496012,0.615288,1.313794,3.128923
-8.500502,0.625526,1.314215,3.129883
-8.502658,0.630602,1.314431,3.130405
-8.504792,0.635541,1.314651,3.130935
-8.510832,0.650256,1.315266,3.132564
-8.512765,0.655010,1.315468,3.133121
-8.516430,0.664492,1.315860,3.134238
-8.519878,0.673816,1.316245,3.135415
-8.521576,0.678282,1.316443,3.135988
-8.526087,0.691995,1.316976,3.137734
-8.527555,0.696309,1.317177,3.138304
-8.529007,0.700497,1.317382,3.138856
-8.530251,0.704942,1.317566,3.139404
-8.533891,0.717522,1.318150,3.141083
-8.534864,0.721844,1.318318,3.141618
-8.536772,0.730115,1.318689,3.142729
-8.538400,0.738278,1.319066,3.143780
-8.539082,0.742365,1.319246,3.144332
-8.539752,0.746331,1.319432,3.144871
-8.541199,0.758288,1.319982,3.146399
-8.541579,0.762161,1.320185,3.146899
-8.541952,0.765915,1.320394,3.147388
-8.542176,0.773839,1.320751,3.148358
-8.542378,0.781283,1.321129,3.149318
-8.542212,0.785220,1.321284,3.149774
-8.541870,0.792733,1.321675,3.150731
-8.541261,0.800160,1.322056,3.151616
-8.540389,0.807500,1.322440,3.152567
-8.539949,0.810995,1.322661,3.153138
-8.538556,0.818395,1.323111,3.154742
-8.537860,0.821925,1.323345,3.155840
-8.536469,0.828667,1.323710,3.158702
-8.534532,0.835825,1.323745,3.162577
-8.533568,0.839251,1.323637,3.164900
-8.531357,0.846217,1.323120,3.170270
-8.530111,0.849756,1.322705,3.173359
-8.528873,0.853195,1.322194,3.176679
-8.526117,0.860196,1.320849,3.184003
-8.523099,0.867215,1.319130,3.192319
-8.521606,0.870578,1.318160,3.196804
-8.518074,0.877861,1.315834,3.206439
-8.514606,0.884747,1.313228,3.216930
-8.512606,0.888480,1.311720,3.222476
-8.508666,0.895643,1.308530,3.234235
-8.504528,0.902849,1.305015,3.246734
-8.502353,0.906520,1.303131,3.253310
-8.498079,0.913555,1.299234,3.266992
-8.493331,0.921048,1.294986,3.281413
-8.491002,0.924637,1.292824,3.288905
-8.486130,0.931932,1.288311,3.304365
-8.481085,0.939227,1.283607,3.320541
-8.478615,0.942714,1.281229,3.328849
-8.473479,0.949800,1.276368,3.345941
-8.468196,0.956879,1.271403,3.363698
-8.465613,0.960255,1.268910,3.372787
-8.459990,0.967503,1.263770,3.391428
-8.454538,0.974298,1.258641,3.410665
-8.451590,0.977913,1.256017,3.420478
-8.445827,0.984793,1.250791,3.440570
-8.439948,0.991575,1.245541,3.461187
-8.436929,0.994972,1.242900,3.471717
-8.433956,0.998251,1.240267,3.482384
-8.427859,1.004820,1.235000,3.504106
-8.424737,1.008107,1.232350,3.515195
-8.421663,1.011274,1.229707,3.526417
-8.418638,1.014324,1.227069,3.537771
-8.409026,1.023798,1.219081,3.572660
-8.405920,1.026718,1.216447,3.584560
-8.399270,1.032894,1.211113,3.608789
-8.392818,1.038591,1.205809,3.633552
-8.389359,1.041611,1.203127,3.646117
-8.382588,1.047290,1.197798,3.671703
-8.376010,1.052500,1.192512,3.697787
-8.372477,1.055268,1.189837,3.711014
-8.368992,1.057919,1.187172,3.724391
-8.358482,1.065510,1.179193,3.765266
-8.354852,1.068032,1.176524,3.779170
-8.351268,1.070439,1.173862,3.793198
-8.343887,1.075251,1.168530,3.821613
-8.340094,1.077655,1.165864,3.836028
-8.336348,1.079946,1.163208,3.850571
-8.324681,1.086821,1.155255,3.894914
-8.320768,1.089001,1.152623,3.909946
-8.316902,1.091072,1.150007,3.925088
-8.304546,1.097634,1.142165,3.971248
-8.300522,1.099605,1.139600,3.986875
-8.296187,1.101789,1.137016,4.002608
-8.283474,1.107700,1.129393,4.050544
-8.278959,1.109782,1.126850,4.066751
-8.274497,1.111758,1.124326,4.083089
-8.270086,1.113628,1.121815,4.099562
-8.256415,1.119287,1.114208,4.149821
-8.251847,1.121078,1.111605,4.166886
-8.247337,1.122767,1.108973,4.184097
-8.233354,1.127917,1.100898,4.236526
-8.228675,1.129550,1.098178,4.254272
-8.224052,1.131090,1.095453,4.272132
-8.209365,1.136122,1.087196,4.326487
-8.204579,1.137616,1.084454,4.344845
-8.194404,1.140971,1.078960,4.381929
-8.184443,1.143971,1.073539,4.419472
-8.179154,1.145660,1.070813,4.438411
-8.168735,1.148779,1.065414,4.476666
-8.158116,1.151885,1.060080,4.515321
-8.152685,1.153473,1.057437,4.534848
-8.141969,1.156407,1.052211,4.574211
-8.130633,1.159646,1.047024,4.614011
-8.125042,1.161145,1.044456,4.634078
-8.119497,1.162567,1.041907,4.654248
-8.101899,1.167272,1.034338,-1.567747
-8.096134,1.168686,1.031845,-1.547130
-8.089990,1.170316,1.029349,-1.526417
-8.071878,1.174746,1.021958,-1.463576
-8.071878,1.174746,1.021958,-1.463576
-8.053397,1.179089,1.014662,-1.399789
-8.047208,1.180485,1.012246,-1.378308
-8.041073,1.181807,1.009842,-1.356726
-8.034573,1.183354,1.007423,-1.335043
-8.015425,1.187542,1.000264,-1.269306
-8.008750,1.189098,0.997871,-1.247190
-8.002139,1.190578,0.995487,-1.224958
-7.995589,1.191981,0.993111,-1.202626
-7.975515,1.196308,0.985982,-1.134997
-7.968821,1.197692,0.983616,-1.112242
-7.955214,1.200511,0.978884,-1.066475
-7.941466,1.203298,0.974200,-1.020367
-7.934692,1.204574,0.971910,-0.997227
-7.920547,1.207433,0.967454,-0.950801
-7.906674,1.209972,0.963301,-0.904270
-7.899440,1.211380,0.961330,-0.880996
-7.885184,1.213948,0.957711,-0.834454
-7.870805,1.216446,0.954591,-0.788051
-7.863523,1.217699,0.953251,-0.764922
-7.849167,1.219958,0.951083,-0.718879
-7.834676,1.222137,0.949617,-0.673210
-7.827332,1.223226,0.949131,-0.650523
-7.820057,1.224235,0.948791,-0.627958
-7.805306,1.226262,0.948577,-0.583235
-7.797833,1.227280,0.948671,-0.561083
-7.790433,1.228222,0.948862,-0.539097
-7.767809,1.231066,0.950068,-0.474199
-7.760274,1.231946,0.950616,-0.452933
-7.752811,1.232755,0.951204,-0.431881
-7.729568,1.235463,0.953380,-0.369962
-7.721973,1.236229,0.954136,-0.349752
-7.714021,1.237156,0.954962,-0.329764
-7.698359,1.238807,0.956653,-0.290396
-7.682590,1.240408,0.958405,-0.251904
-7.674617,1.241216,0.959297,-0.232953
-7.666726,1.241960,0.960191,-0.214224
-7.642715,1.244249,0.962881,-0.159344
-7.634742,1.244957,0.963778,-0.141477
-7.618634,1.246411,0.965563,-0.106389
-7.602462,1.247835,0.967339,-0.072116
-7.594506,1.248452,0.968227,-0.055301
-7.578454,1.249729,0.970014,-0.022314
-7.562358,1.250980,0.971813,0.009849
-7.554442,1.251513,0.972716,0.025626
-7.546212,1.252216,0.973608,0.041190
-7.522073,1.253948,0.976324,0.086669
-7.513794,1.254625,0.977237,0.101403
-7.505610,1.255237,0.978153,0.115950
-7.497519,1.255787,0.979071,0.130291
-7.481203,1.256920,0.980909,0.158356
-7.472981,1.257501,0.981827,0.172089
-7.464854,1.258019,0.982747,0.185632
-7.440190,1.259616,0.985514,0.225022
-7.432020,1.260091,0.986432,0.237750
-7.415537,1.261056,0.988260,0.262594
-7.399017,1.261969,0.990085,0.286647
-7.390903,1.262330,0.991003,0.298372
-7.365874,1.263616,0.993740,0.332358
-7.357728,1.263915,0.994654,0.343293
-7.349256,1.264358,0.995564,0.354031
-7.324441,1.265295,0.998300,0.385108
-7.316367,1.265479,0.999215,0.395070
-7.307952,1.265819,1.000129,0.404831
-7.283314,1.266445,1.002883,0.432984
-7.274869,1.266733,1.003811,0.441982
-7.266527,1.266955,1.004741,0.450783
-7.241670,1.267415,1.007544,0.476038
-7.233297,1.267560,1.008484,0.484083
-7.225028,1.267640,1.009425,0.491935
-7.199970,1.267835,1.012275,0.514372
-7.191681,1.267828,1.013230,0.521481
-7.183494,1.267756,1.014187,0.528394
-7.166564,1.267751,1.016091,0.541662
-7.150048,1.267488,1.018027,0.554198
-7.141511,1.267428,1.019006,0.560194
-7.124751,1.267116,1.020965,0.571625
-7.116525,1.266866,1.021943,0.577054
-7.107971,1.266704,1.022926,0.582309
-7.099523,1.266479,1.023908,0.587385
-7.074383,1.265567,1.026865,0.601512
-7.065933,1.265230,1.027854,0.605862
-7.049346,1.264372,1.029832,0.614016
-7.032739,1.263384,1.031813,0.621450
-7.024378,1.262856,1.032803,0.624902
-7.016120,1.262267,1.033794,0.628179
-6.999497,1.261008,1.035776,0.634188
-6.982881,1.259609,1.037761,0.639502
-6.974726,1.258822,1.038756,0.641893
-6.957892,1.257288,1.040754,0.646149
-6.941475,1.255527,1.042760,0.649709
-6.932996,1.254664,1.043767,0.651222
-6.916356,1.252768,1.045783,0.653748
-6.908191,1.251738,1.046792,0.654752
-6.899700,1.250756,1.047812,0.655583
-6.874862,1.247486,1.050873,0.657061
-6.866363,1.246402,1.051898,0.657212
-6.857968,1.245265,1.052923,0.657194
-6.841493,1.242833,1.054973,0.656645
-6.832994,1.241647,1.056016,0.656116
-6.816316,1.239119,1.058099,0.654567
-6.808132,1.237779,1.059139,0.653546
-6.791230,1.235132,1.061213,0.651005
-6.774746,1.232287,1.063295,0.647791
-6.766657,1.230793,1.064339,0.645943
-6.749921,1.227865,1.066442,0.641750
-6.733599,1.224748,1.068546,0.636892
-6.725165,1.223219,1.069604,0.634217
-6.708614,1.220024,1.071721,0.628402
-6.692041,1.216765,1.073832,0.621935
-6.683696,1.215126,1.074886,0.618460
-6.675454,1.213442,1.075940,0.614831
-6.650491,1.208335,1.079099,0.602982
-6.642236,1.206581,1.080159,0.598717
-6.617199,1.201297,1.083323,0.584984
-6.608913,1.199491,1.084375,0.580094
-6.600731,1.197643,1.085425,0.575050
-6.575497,1.192206,1.088557,0.558992
-6.567292,1.190311,1.089601,0.553329
-6.558751,1.188488,1.090643,0.547510
-6.533759,1.182773,1.093774,0.529137
-6.525175,1.180887,1.094827,0.522703
-6.516697,1.178960,1.095881,0.516121
-6.491887,1.172949,1.099043,0.495475
-6.483364,1.170973,1.100084,0.488288
-6.474947,1.168960,1.101127,0.480969
-6.466633,1.166909,1.102178,0.473515
-6.441408,1.160694,1.105439,0.450373
-6.433058,1.158575,1.106579,0.442433
-6.416210,1.154293,1.108974,0.426237
-6.399325,1.149933,1.111586,0.409685
-6.391039,1.147698,1.112993,0.401271
-6.373860,1.143272,1.116056,0.384259
-6.365430,1.141004,1.117716,0.375658
-6.348431,1.136425,1.121353,0.358312
-6.331405,1.131767,1.125474,0.340827
-6.314333,1.127029,1.130145,0.323222
-6.305725,1.124638,1.132693,0.314391
-6.288822,1.119747,1.138164,0.296723
-6.271421,1.114847,1.144234,0.279067
-6.262877,1.112344,1.147432,0.270247
-6.254437,1.109806,1.150724,0.261441
-6.236967,1.104753,1.157737,0.243906
-6.219913,1.099562,1.165032,0.226530
-6.202815,1.094302,1.172679,0.209322
-6.194197,1.091653,1.176632,0.200795
-6.185681,1.088972,1.180621,0.192333
-6.168514,1.083573,1.188768,0.175608
-6.151321,1.078105,1.197081,0.159181
-6.142879,1.075325,1.201269,0.151100
-6.134096,1.072573,1.205519,0.143102
-6.108376,1.064134,1.218286,0.119687
-6.099571,1.061322,1.222569,0.112075
-6.090873,1.058480,1.226844,0.104566
-6.082280,1.055608,1.231110,0.097166
-6.056276,1.046938,1.243847,0.075661
-6.047678,1.044011,1.248063,0.068731
-6.030382,1.038135,1.256443,0.055232
-6.021688,1.035186,1.260603,0.048673
-6.004616,1.029206,1.268867,0.035937
-5.987139,1.023245,1.277010,0.023726
-5.978562,1.020225,1.281038,0.017821
-5.961310,1.014164,1.288985,0.006409
-5.944074,1.008054,1.296798,-0.004443
-5.927258,1.001842,1.304487,-0.014731
-5.918599,0.998767,1.308254,-0.019675
-5.901601,0.992538,1.315683,-0.029119
-5.884625,0.986274,1.322954,-0.038002
-5.876099,0.983136,1.326529,-0.042227
-5.867677,0.979974,1.330065,-0.046309
-5.842240,0.970459,1.340360,-0.057696
-5.833840,0.967258,1.343701,-0.061200
-5.825543,0.964034,1.347003,-0.064566
-5.800092,0.954334,1.356559,-0.073817
-5.791817,0.951055,1.359667,-0.076621
-5.783273,0.947798,1.362687,-0.079294
-5.758271,0.937891,1.371521,-0.086469
-5.749774,0.934594,1.374347,-0.088592
-5.733092,0.927935,1.379888,-0.092443
-5.724905,0.924574,1.382603,-0.094174
-5.716449,0.921241,1.385230,-0.095773
-5.708097,0.917886,1.387824,-0.097234
-5.683275,0.907730,1.395374,-0.100869
-5.674957,0.904323,1.397797,-0.101841
-5.658628,0.897450,1.402555,-0.103417
-5.650612,0.893985,1.404891,-0.104042
-5.634109,0.887065,1.409374,-0.104937
-5.626009,0.883576,1.411586,-0.105212
-5.601551,0.873060,1.417949,-0.105379
-5.593473,0.869529,1.420004,-0.105227
-5.585493,0.865980,1.422039,-0.104973
-5.561014,0.855304,1.427864,-0.103612
-5.553052,0.851711,1.429770,-0.102974
-5.544802,0.848120,1.431614,-0.102240
-5.536653,0.844513,1.433442,-0.101418
-5.512406,0.833616,1.438798,-0.098460
-5.504265,0.829964,1.440534,-0.097311
-5.488276,0.822618,1.443959,-0.094782
-5.471920,0.815226,1.447279,-0.091965
-5.463892,0.811510,1.448918,-0.090455
-5.455960,0.807781,1.450543,-0.088884
-5.431590,0.796492,1.455276,-0.083792
-5.431590,0.796492,1.455276,-0.083792
-5.423662,0.792706,1.456829,-0.081975
-5.399317,0.781237,1.461336,-0.076226
-5.391397,0.777394,1.462828,-0.074217
-5.383572,0.773540,1.464309,-0.072159
-5.367433,0.765787,1.467199,-0.067916
-5.351676,0.757997,1.470046,-0.063531
-5.343559,0.754066,1.471420,-0.061286
-5.327617,0.746180,1.474154,-0.056713
-5.311682,0.738242,1.476833,-0.052052
-5.303674,0.734252,1.478142,-0.049691
-5.295760,0.730255,1.479443,-0.047312
-5.271850,0.718162,1.483213,-0.040081
-5.263947,0.714109,1.484433,-0.037637
-5.248048,0.705939,1.486815,-0.032745
-5.232156,0.697703,1.489136,-0.027835
-5.224351,0.693578,1.490286,-0.025382
-5.208263,0.685186,1.492486,-0.020482
-5.192554,0.676780,1.494668,-0.015603
-5.184463,0.672508,1.495716,-0.013172
-5.168564,0.663959,1.497801,-0.008348
-5.152676,0.655321,1.499846,-0.003579
-5.144692,0.650960,1.500851,-0.001220
-5.129005,0.642236,1.502853,0.003450
-5.121299,0.637873,1.503850,0.005754
-5.113311,0.633437,1.504799,0.008030
-5.105417,0.629002,1.505747,0.010288
-5.097615,0.624569,1.506693,0.012522
-5.089904,0.620136,1.507668,0.014739
-5.066203,0.606634,1.510446,0.021193
-5.050492,0.597560,1.512234,0.025346
-5.042591,0.592987,1.513099,0.027372
-5.034781,0.588417,1.513973,0.029367
-5.027061,0.583850,1.514844,0.031328
-5.003336,0.569904,1.517308,0.036981
-4.995608,0.565266,1.518128,0.038788
-4.987602,0.560536,1.518909,0.040553
-4.964130,0.546386,1.521309,0.045630
-4.956113,0.541593,1.522084,0.047235
-4.932607,0.527258,1.524406,0.051807
-4.924585,0.522406,1.525145,0.053258
-4.908815,0.512728,1.526632,0.056021
-4.893067,0.503003,1.528092,0.058607
-4.885160,0.498114,1.528810,0.059829
-4.877344,0.493235,1.529529,0.061012
-4.854088,0.478559,1.531672,0.064310
-4.846292,0.473623,1.532379,0.065320
-4.838585,0.468699,1.533086,0.066288
-4.830964,0.463786,1.533794,0.067216
-4.815351,0.453805,1.535171,0.068926
-4.800087,0.443874,1.536563,0.070468
-4.792277,0.438835,1.537244,0.071170
-4.776922,0.428798,1.538606,0.072444
-4.769372,0.423799,1.539287,0.073021
-4.761599,0.418713,1.539962,0.073557
-4.753913,0.413641,1.540637,0.074058
-4.731071,0.398412,1.542682,0.075287
-4.723435,0.393299,1.543361,0.075612
-4.715883,0.388201,1.544039,0.075903
-4.693151,0.372795,1.546033,0.076534
-4.685643,0.367657,1.546691,0.076674
-4.678218,0.362535,1.547348,0.076772
-4.655588,0.346941,1.549272,0.076831
-4.648208,0.341775,1.549911,0.076777
-4.640627,0.336515,1.550527,0.076690
-4.618375,0.320840,1.552392,0.076248
-4.611117,0.315649,1.553015,0.076031
-4.603643,0.310373,1.553614,0.075793
-4.588935,0.299878,1.554810,0.075212
-4.574243,0.289356,1.555983,0.074506
-4.566866,0.284075,1.556559,0.074120
-4.559568,0.278812,1.557135,0.073706
-4.537581,0.262905,1.558813,0.072305
-4.530316,0.257604,1.559364,0.071795
-4.515729,0.246940,1.560447,0.070695
-4.508408,0.241579,1.560979,0.070117
-4.501164,0.236238,1.561510,0.069520
-4.493998,0.230918,1.562039,0.068902
-4.472152,0.214750,1.563595,0.066934
-4.465023,0.209403,1.564131,0.066238
-4.457714,0.203949,1.564662,0.065532
-4.443327,0.193112,1.565719,0.064072
-4.428983,0.182241,1.566763,0.062548
-4.421797,0.176779,1.567279,0.061766
-4.414684,0.171340,1.567793,0.060976
-4.393316,0.154925,1.569322,0.058552
-4.386263,0.149461,1.569826,0.057724
-4.379281,0.144021,1.570329,0.056884
-4.358300,0.127605,1.571843,0.054329
-4.351373,0.122142,1.572357,0.053467
-4.344514,0.116703,1.572867,0.052589
-4.323669,0.100183,1.574401,0.049958
-4.316860,0.094726,1.574906,0.049078
-4.302970,0.083675,1.575880,0.047311
-4.289358,0.072726,1.576828,0.045534
-4.282441,0.067160,1.577288,0.044654
-4.268812,0.056108,1.578201,0.042892
-4.255238,0.045040,1.579119,0.041146
-4.248444,0.039486,1.579583,0.040274
-4.235056,0.028458,1.580500,0.038559
-4.228250,0.022870,1.580946,0.037702
-4.221510,0.017309,1.581390,0.036856
-4.214836,0.011777,1.581831,0.036010
-4.194781,-0.004877,1.583153,0.033521
-4.188155,-0.010409,1.583591,0.032706
-4.181593,-0.015914,1.584025,0.031894
-4.161601,-0.032618,1.585292,0.029513
-4.155064,-0.038129,1.585714,0.028731
-4.148586,-0.043613,1.586133,0.027968
-4.128868,-0.060284,1.587334,0.025732
-4.122417,-0.065783,1.587729,0.024999
-4.115800,-0.071391,1.588110,0.024280
-4.096314,-0.088035,1.589228,0.022191
-4.089719,-0.093656,1.589590,0.021518
-4.083184,-0.099247,1.589949,0.020860
-4.063716,-0.115960,1.591003,0.018950
-4.057199,-0.121552,1.591365,0.018330
-4.050742,-0.127113,1.591724,0.017731
-4.031288,-0.143858,1.592780,0.016004
-4.024849,-0.149419,1.593126,0.015450
-4.018466,-0.154949,1.593468,0.014916
-3.999021,-0.171759,1.594499,0.013401
-3.992653,-0.177301,1.594831,0.012915
-3.986133,-0.182953,1.595174,0.012451
-3.966911,-0.199720,1.596184,0.011129
-3.960417,-0.205369,1.596529,0.010711
-3.953980,-0.210985,1.596871,0.010319
-3.941274,-0.222123,1.597543,0.009566
-3.935001,-0.227645,1.597873,0.009214
-3.928597,-0.233276,1.598208,0.008873
-3.915954,-0.244441,1.598867,0.008220
-3.903337,-0.255620,1.599544,0.007629
-3.897017,-0.261232,1.599888,0.007345
-3.890749,-0.266810,1.600227,0.007083
-3.871885,-0.283617,1.601262,0.006366
-3.865639,-0.289197,1.601623,0.006153
-3.859445,-0.294745,1.601978,0.005956
-3.840639,-0.311575,1.603025,0.005427
-3.834472,-0.317119,1.603363,0.005275
-3.828176,-0.322773,1.603699,0.005134
-3.815739,-0.333977,1.604349,0.004890
-3.803314,-0.345180,1.604985,0.004675
-3.797086,-0.350797,1.605301,0.004591
-3.784775,-0.361928,1.605919,0.004452
-3.772296,-0.373185,1.606512,0.004350
-3.766130,-0.378762,1.606802,0.004314
-3.760013,-0.384305,1.607087,0.004282
-3.741454,-0.401122,1.607911,0.004253
-3.735363,-0.406659,1.608176,0.004264
-3.723172,-0.417769,1.608704,0.004309
-3.711020,-0.428878,1.609224,0.004377
-3.705012,-0.434381,1.609476,0.004424
-3.692865,-0.445567,1.609956,0.004543
-3.680898,-0.456612,1.610435,0.004701
-3.674865,-0.462223,1.610670,0.004788
-3.674865,-0.462223,1.610670,0.004788
-3.657030,-0.478840,1.611346,0.005073
-3.651054,-0.484461,1.611555,0.005182
-3.645122,-0.490045,1.611759,0.005295
-3.627458,-0.506739,1.612343,0.005682
-3.621575,-0.512335,1.612523,0.005815
-3.615735,-0.517895,1.612699,0.005949
-3.598231,-0.534705,1.613171,0.006385
-3.592441,-0.540291,1.613332,0.006535
-3.586690,-0.545841,1.613488,0.006686
-3.569345,-0.562764,1.613851,0.007172
-3.563643,-0.568328,1.613965,0.007347
-3.557869,-0.574008,1.614053,0.007518
-3.552135,-0.579648,1.614137,0.007689
-3.535161,-0.596337,1.614435,0.008224
-3.529464,-0.601987,1.614506,0.008402
-3.518179,-0.613169,1.614641,0.008760
-3.506925,-0.624360,1.614746,0.009141
-3.501296,-0.629978,1.614785,0.009326
-3.495703,-0.635556,1.614822,0.009503
-3.478924,-0.652355,1.614871,0.010058
-3.473365,-0.657925,1.614876,0.010242
-3.467840,-0.663456,1.614880,0.010429
-3.451133,-0.680245,1.614849,0.010962
-3.445631,-0.685762,1.614837,0.011139
-3.434493,-0.696966,1.614754,0.011477
-3.428973,-0.702507,1.614712,0.011643
-3.423486,-0.708010,1.614682,0.011807
-3.406896,-0.724711,1.614513,0.012291
-3.401428,-0.730197,1.614457,0.012449
-3.395890,-0.735787,1.614381,0.012596
-3.390385,-0.741336,1.614306,0.012741
-3.373960,-0.757872,1.614106,0.013182
-3.368482,-0.763390,1.614038,0.013330
-3.357615,-0.774306,1.613901,0.013608
-3.352225,-0.779704,1.613833,0.013740
-3.341387,-0.790668,1.613687,0.013982
-3.336010,-0.796089,1.613621,0.014106
-3.319917,-0.812377,1.613402,0.014450
-3.314586,-0.817770,1.613325,0.014561
-3.309280,-0.823122,1.613249,0.014669
-3.293324,-0.839373,1.613030,0.014971
-3.288057,-0.844709,1.612961,0.015059
-3.282762,-0.850148,1.612874,0.015153
-3.267024,-0.866218,1.612610,0.015413
-3.261773,-0.871650,1.612505,0.015496
-3.256545,-0.877039,1.612401,0.015569
-3.240952,-0.893121,1.612083,0.015768
-3.235765,-0.898505,1.611972,0.015823
-3.230600,-0.903847,1.611862,0.015880
-3.225457,-0.909149,1.611753,0.015927
-3.215154,-0.919923,1.611507,0.016013
-3.204933,-0.930529,1.611265,0.016086
-3.199812,-0.935919,1.611129,0.016108
-3.189628,-0.946571,1.610862,0.016151
-3.184565,-0.951834,1.610740,0.016168
-3.169397,-0.967661,1.610346,0.016194
-3.164363,-0.972901,1.610210,0.016196
-3.154319,-0.983401,1.609936,0.016198
-3.144317,-0.993878,1.609666,0.016187
-3.139341,-0.999055,1.609536,0.016183
-3.129405,-1.009586,1.609252,0.016148
-3.124460,-1.014789,1.609112,0.016126
-3.109657,-1.030465,1.608695,0.016042
-3.104743,-1.035659,1.608571,0.016012
-3.094929,-1.046077,1.608304,0.015927
-3.085146,-1.056479,1.608017,0.015840
-3.080275,-1.061617,1.607875,0.015793
-3.075393,-1.066845,1.607712,0.015744
-3.060825,-1.082273,1.607221,0.015583
-3.055971,-1.087456,1.607038,0.015515
-3.046300,-1.097695,1.606677,0.015389
-3.036663,-1.107878,1.606310,0.015265
-3.036663,-1.107878,1.606310,0.015265
-3.031855,-1.112962,1.606122,0.015196
-3.017496,-1.127964,1.605570,0.014962
-3.012735,-1.133010,1.605371,0.014890
-3.007984,-1.138013,1.605174,0.014812
-2.998510,-1.147897,1.604804,0.014644
-2.989059,-1.157869,1.604438,0.014469
-2.984346,-1.162793,1.604257,0.014382
-2.970273,-1.177561,1.603711,0.014121
-2.965599,-1.182442,1.603525,0.014036
-2.960933,-1.187282,1.603341,0.013945
-2.947034,-1.201945,1.602784,0.013668
-2.942412,-1.206752,1.602602,0.013581
-2.937812,-1.211640,1.602413,0.013488
-2.924041,-1.226062,1.601858,0.013232
-2.919492,-1.230913,1.601663,0.013145
-2.914948,-1.235723,1.601470,0.013060
-2.901365,-1.250050,1.600888,0.012798
-2.896865,-1.254836,1.600703,0.012705
-2.892367,-1.259581,1.600518,0.012615
-2.878960,-1.273845,1.599936,0.012343
-2.874507,-1.278563,1.599740,0.012244
-2.870056,-1.283242,1.599544,0.012159
-2.856788,-1.297309,1.598942,0.011905
-2.852380,-1.301962,1.598740,0.011817
-2.847973,-1.306576,1.598541,0.011737
-2.834889,-1.320590,1.597868,0.011473
-2.830528,-1.325182,1.597657,0.011379
-2.826198,-1.329870,1.597422,0.011298
-2.817533,-1.339126,1.596961,0.011141
-2.808891,-1.348345,1.596491,0.010980
-2.804582,-1.352956,1.596250,0.010902
-2.800270,-1.357526,1.596011,0.010824
-2.787375,-1.371225,1.595356,0.010594
-2.783080,-1.375749,1.595139,0.010516
-2.774514,-1.384773,1.594697,0.010371
-2.765966,-1.393733,1.594267,0.010231
-2.761686,-1.398155,1.594062,0.010155
-2.748949,-1.411457,1.593426,0.009960
-2.744694,-1.415815,1.593217,0.009885
-2.740470,-1.420235,1.593003,0.009815
-2.727767,-1.433269,1.592375,0.009636
-2.723520,-1.437539,1.592171,0.009573
-2.719293,-1.441873,1.591961,0.009513
-2.710816,-1.450429,1.591547,0.009403
-2.702351,-1.458933,1.591110,0.009282
-2.698126,-1.463177,1.590878,0.009231
-2.685444,-1.475798,1.590192,0.009070
-2.681225,-1.480004,1.589962,0.009011
-2.676997,-1.484173,1.589735,0.008959
-2.664332,-1.496666,1.589104,0.008807
-2.660105,-1.500790,1.588904,0.008760
-2.655869,-1.504878,1.588706,0.008718
-2.647408,-1.513181,1.588316,0.008626
-2.643165,-1.517278,1.588124,0.008580
-2.638912,-1.521338,1.587940,0.008537
-2.634665,-1.525472,1.587762,0.008486
-2.626146,-1.533629,1.587408,0.008382
-2.617617,-1.541755,1.587063,0.008303
-2.613351,-1.545819,1.586895,0.008260
-2.600522,-1.557895,1.586416,0.008140
-2.596244,-1.561914,1.586267,0.008099
-2.587656,-1.569848,1.585971,0.008020
-2.583346,-1.573763,1.585823,0.007976
-2.574753,-1.581652,1.585530,0.007907
-2.570440,-1.585545,1.585388,0.007871
-2.557508,-1.597190,1.584954,0.007773
-2.553188,-1.601032,1.584808,0.007744
-2.548857,-1.604840,1.584663,0.007714
-2.535881,-1.616316,1.584182,0.007630
-2.531532,-1.620075,1.584019,0.007604
-2.518492,-1.631411,1.583503,0.007532
-2.514122,-1.635124,1.583333,0.007511
-2.505412,-1.642643,1.582925,0.007452
-2.501040,-1.646353,1.582724,0.007422
-2.496656,-1.650031,1.582526,0.007402
-2.483504,-1.661103,1.581863,0.007325
-2.474708,-1.668391,1.581428,0.007287
-2.470305,-1.672021,1.581211,0.007267
-2.465892,-1.675619,1.580996,0.007243
-2.461467,-1.679186,1.580783,0.007215
-2.448265,-1.689844,1.580126,0.007162
-2.443840,-1.693336,1.579928,0.007149
-2.439402,-1.696797,1.579732,0.007137
-2.426155,-1.707174,1.579103,0.007092
-2.421715,-1.710574,1.578897,0.007088
-2.417321,-1.714004,1.578693,0.007080
-2.404061,-1.724121,1.578091,0.007062
-2.399672,-1.727504,1.577889,0.007051
-2.395267,-1.730857,1.577689,0.007043
-2.386415,-1.737479,1.577294,0.007030
-2.377630,-1.744133,1.576906,0.007017
-2.373215,-1.747418,1.576722,0.007010
-2.359990,-1.757233,1.576138,0.006978
-2.355570,-1.760470,1.575940,0.006979
-2.351135,-1.763680,1.575744,0.006973
-2.337924,-1.773298,1.575087,0.006955
-2.333489,-1.776450,1.574874,0.006946
-2.329106,-1.779630,1.574642,0.006941
-2.315863,-1.789009,1.573960,0.006934
-2.311489,-1.792142,1.573719,0.006928
-2.307099,-1.795248,1.573480,0.006924
-2.293835,-1.804410,1.572778,0.006919
-2.289442,-1.807469,1.572532,0.006914
-2.285033,-1.810502,1.572289,0.006907
-2.280608,-1.813509,1.572049,0.006900
-2.267393,-1.822496,1.571395,0.006901
-2.262980,-1.825459,1.571178,0.006903
-2.254191,-1.831376,1.570734,0.006909
-2.245419,-1.837255,1.570287,0.006910
-2.241006,-1.840158,1.570071,0.006914
-2.232286,-1.846006,1.569613,0.006914
-2.223496,-1.851755,1.569165,0.006904
-2.219153,-1.854649,1.568929,0.006904
-2.210411,-1.860362,1.568491,0.006915
-2.201674,-1.866031,1.568071,0.006930
-2.197317,-1.868855,1.567857,0.006931
-2.188544,-1.874431,1.567434,0.006937
-2.179853,-1.880029,1.566998,0.006947
-2.175479,-1.882792,1.566792,0.006951
-2.171085,-1.885531,1.566589,0.006957
-2.158015,-1.893720,1.565915,0.006957
-2.153620,-1.896404,1.565696,0.006958
-2.144848,-1.901731,1.565244,0.006961
-2.136074,-1.906994,1.564779,0.006960
-2.131658,-1.909593,1.564552,0.006968
-2.122903,-1.914750,1.564059,0.006970
-2.114068,-1.919823,1.563601,0.006975
-2.109705,-1.922337,1.563370,0.006969
-2.100918,-1.927303,1.562914,0.006969
-2.096495,-1.929756,1.562691,0.006974
-2.092130,-1.932192,1.562460,0.006965
-2.083338,-1.937004,1.562007,0.006962
-2.074553,-1.941745,1.561570,0.006963
-2.070172,-1.944089,1.561349,0.006958
-2.065771,-1.946415,1.561132,0.006960
-2.052624,-1.953312,1.560482,0.006954
-2.043812,-1.957831,1.560047,0.006945
-2.035113,-1.962332,1.559600,0.006944
-2.030731,-1.964558,1.559381,0.006945
-2.026325,-1.966766,1.559164,0.006938
-2.022007,-1.968981,1.558928,0.006935
-2.008915,-1.975525,1.558257,0.006919
-2.004506,-1.977673,1.558042,0.006913
-2.000190,-1.979826,1.557810,0.006908
-1.987103,-1.986186,1.557137,0.006903
-1.982817,-1.988285,1.556904,0.006897
-1.978507,-1.990369,1.556674,0.006897
-1.974172,-1.992437,1.556447,0.006893
-1.961238,-1.998577,1.555760,0.006869
-1.956913,-2.000599,1.555534,0.006859
-1.952564,-2.002607,1.555311,0.006851
-1.943989,-2.006590,1.554859,0.006834
-1.939664,-2.008561,1.554638,0.006822
-1.935314,-2.010517,1.554420,0.006809
-1.926757,-2.014419,1.553987,0.006783
-1.922440,-2.016350,1.553775,0.006765
-1.918096,-2.018267,1.553565,0.006750
-1.913844,-2.020180,1.553355,0.006736
-1.900928,-2.025841,1.552744,0.006712
-1.896691,-2.027729,1.552548,0.006700
-1.892427,-2.029604,1.552353,0.006694
-1.879606,-2.035177,1.551798,0.006654
-1.875368,-2.037024,1.551623,0.006645
-1.871101,-2.038859,1.551450,0.006632
-1.866807,-2.040682,1.551280,0.006619
-1.854052,-2.046117,1.550812,0.006581
-1.849792,-2.047911,1.550669,0.006573
-1.845503,-2.049695,1.550527,0.006560
-1.841336,-2.051491,1.550394,0.006546
-1.832913,-2.055049,1.550131,0.006520
-1.828657,-2.056812,1.550002,0.006509
-1.816156,-2.062045,1.549703,0.006464
-1.811929,-2.063769,1.549611,0.006444
-1.807817,-2.065485,1.549531,0.006423
-1.803673,-2.067191,1.549450,0.006410
-1.791195,-2.072255,1.549209,0.006351
-1.791195,-2.072255,1.549209,0.006351
-1.787065,-2.073927,1.549129,0.006333
-1.778710,-2.077243,1.548970,0.006292
-1.774608,-2.078890,1.548880,0.006272
-1.770473,-2.080527,1.548789,0.006255
-1.766307,-2.082155,1.548699,0.006239
-1.762110,-2.083775,1.548607,0.006226
-1.749699,-2.088582,1.548347,0.006180
-1.745499,-2.090168,1.548260,0.006154
-1.737246,-2.093287,1.548060,0.006119
-1.728862,-2.096375,1.547889,0.006083
-1.724623,-2.097907,1.547817,0.006070
-1.716260,-2.100899,1.547629,0.006023
-1.707771,-2.103863,1.547441,0.005982
-1.703585,-2.105338,1.547321,0.005964
-1.690836,-2.109720,1.546951,0.005912
-1.686637,-2.111169,1.546809,0.005891
-1.682406,-2.112611,1.546667,0.005867
-1.669649,-2.116888,1.546241,0.005808
-1.665417,-2.118293,1.546104,0.005793
-1.661153,-2.119693,1.545968,0.005774
-1.652657,-2.122462,1.545699,0.005742
-1.644156,-2.125195,1.545435,0.005714
-1.639856,-2.126554,1.545305,0.005703
-1.631397,-2.129203,1.545085,0.005664
-1.622805,-2.131834,1.544880,0.005620
-1.618568,-2.133112,1.544793,0.005598
-1.605659,-2.136923,1.544528,0.005539
-1.601397,-2.138158,1.544473,0.005514
-1.597102,-2.139390,1.544417,0.005488
-1.588411,-2.141842,1.544301,0.005459
-1.584017,-2.143062,1.544242,0.005439
-1.575352,-2.145441,1.544160,0.005392
-1.570971,-2.146626,1.544117,0.005367
-1.566556,-2.147807,1.544069,0.005344
-1.553423,-2.151225,1.543941,0.005283
-1.548980,-2.152360,1.543894,0.005267
-1.540170,-2.154536,1.543812,0.005230
-1.531230,-2.156706,1.543735,0.005185
-1.522328,-2.158765,1.543647,0.005143
-1.517830,-2.159793,1.543601,0.005124
-1.508831,-2.161812,1.543501,0.005100
-1.499795,-2.163793,1.543396,0.005059
-1.495231,-2.164783,1.543342,0.005036
-1.486207,-2.166683,1.543219,0.005003
-1.477057,-2.168585,1.543090,0.004969
-1.472514,-2.169476,1.543033,0.004955
-1.463335,-2.171261,1.542906,0.004915
-1.458699,-2.172157,1.542840,0.004894
-1.454092,-2.173005,1.542789,0.004878
-1.440089,-2.175563,1.542628,0.004839
-1.430649,-2.177231,1.542526,0.004813
-1.425906,-2.178044,1.542479,0.004799
-1.416336,-2.179679,1.542380,0.004773
-1.406736,-2.181196,1.542309,0.004747
-1.401895,-2.181961,1.542271,0.004734
-1.397026,-2.182729,1.542220,0.004720
-1.392185,-2.183428,1.542181,0.004703
-1.387316,-2.184132,1.542140,0.004690
-1.372604,-2.186195,1.542018,0.004632
-1.367682,-2.186842,1.541980,0.004616
-1.362734,-2.187495,1.541940,0.004604
-1.352811,-2.188750,1.541891,0.004585
-1.347837,-2.189353,1.541866,0.004569
-1.342836,-2.189962,1.541838,0.004551
-1.327786,-2.191690,1.541768,0.004493
-1.322735,-2.192256,1.541728,0.004476
-1.317658,-2.192829,1.541687,0.004464
-1.302430,-2.194365,1.541570,0.004417
-1.297303,-2.194892,1.541527,0.004402
-1.292202,-2.195343,1.541478,0.004388
-1.276749,-2.196747,1.541317,0.004365
-1.271549,-2.197231,1.541261,0.004356
-1.266377,-2.197634,1.541203,0.004343
-1.250715,-2.198895,1.541021,0.004323
-1.245500,-2.199258,1.540979,0.004311
-1.240262,-2.199631,1.540935,0.004308
-1.234999,-2.200014,1.540890,0.004305
-1.219161,-2.201063,1.540749,0.004287
-1.213851,-2.201407,1.540701,0.004282
-1.208518,-2.201761,1.540651,0.004285
-1.197879,-2.202330,1.540555,0.004291
-1.192525,-2.202631,1.540506,0.004286
-1.187150,-2.202944,1.540455,0.004273
-1.176416,-2.203461,1.540318,0.004259
-1.165596,-2.204028,1.540195,0.004248
-1.160192,-2.204248,1.540129,0.004242
-1.154765,-2.204481,1.540061,0.004234
-1.143847,-2.204985,1.539922,0.004212
-1.138395,-2.205171,1.539844,0.004189
-1.132923,-2.205370,1.539764,0.004180
-1.116416,-2.205967,1.539542,0.004154
-1.110895,-2.206140,1.539473,0.004145
-1.099793,-2.206526,1.539330,0.004119
-1.088631,-2.206886,1.539182,0.004086
-1.083030,-2.207047,1.539115,0.004073
-1.077410,-2.207221,1.539046,0.004059
-1.060483,-2.207657,1.538834,0.004020
-1.054811,-2.207802,1.538762,0.004012
-1.049121,-2.207963,1.538688,0.004004
-1.043434,-2.208058,1.538617,0.003985
-1.026269,-2.208438,1.538436,0.003943
-1.020526,-2.208543,1.538380,0.003924
-1.008989,-2.208804,1.538264,0.003899
-0.997410,-2.209074,1.538145,0.003869
-0.991607,-2.209206,1.538086,0.003852
-0.985788,-2.209354,1.538026,0.003836
-0.979954,-2.209518,1.537964,0.003820
-0.968309,-2.209781,1.537841,0.003781
-0.962464,-2.209937,1.537779,0.003761
-0.956603,-2.210109,1.537715,0.003745
-0.939045,-2.210582,1.537549,0.003682
-0.933162,-2.210772,1.537491,0.003666
-0.921428,-2.211089,1.537349,0.003632
-0.909634,-2.211472,1.537215,0.003602
-0.903715,-2.211689,1.537151,0.003579
-0.891919,-2.212046,1.537009,0.003543
-0.885999,-2.212250,1.536936,0.003514
-0.880064,-2.212471,1.536862,0.003491
-0.874148,-2.212646,1.536765,0.003468
-0.856313,-2.213276,1.536471,0.003391
-0.850371,-2.213454,1.536360,0.003357
-0.844416,-2.213650,1.536249,0.003339
-0.832462,-2.214094,1.536028,0.003304
-0.820521,-2.214463,1.535783,0.003257
-0.814530,-2.214674,1.535662,0.003237
-0.796500,-2.215253,1.535284,0.003176
-0.790469,-2.215455,1.535155,0.003151
-0.784424,-2.215675,1.535028,0.003127
-0.766217,-2.216227,1.534582,0.003070
-0.760124,-2.216446,1.534433,0.003045
-0.754032,-2.216624,1.534275,0.003022
-0.735685,-2.217266,1.533809,0.002966
-0.729554,-2.217449,1.533648,0.002946
-0.723410,-2.217649,1.533489,0.002927
-0.711089,-2.218104,1.533172,0.002891
-0.704912,-2.218359,1.533016,0.002875
-0.698724,-2.218555,1.532853,0.002861
-0.692526,-2.218771,1.532692,0.002837
-0.673872,-2.219465,1.532220,0.002780
-0.667636,-2.219692,1.532067,0.002761
-0.661390,-2.219937,1.531914,0.002742
-0.648881,-2.220422,1.531605,0.002702
-0.642618,-2.220663,1.531448,0.002679
-0.636345,-2.220922,1.531309,0.002657
-0.630063,-2.221199,1.531172,0.002641
-0.611187,-2.221978,1.530758,0.002571
-0.604877,-2.222274,1.530622,0.002548
-0.598570,-2.222546,1.530481,0.002523
-0.579593,-2.223474,1.530072,0.002467
-0.573255,-2.223774,1.529923,0.002442
-0.566908,-2.224092,1.529775,0.002427
-0.554189,-2.224783,1.529484,0.002391
-0.541438,-2.225451,1.529155,0.002351
-0.535049,-2.225811,1.528996,0.002335
-0.528653,-2.226189,1.528839,0.002314
-0.515848,-2.226896,1.528509,0.002279
-0.509434,-2.227277,1.528347,0.002263
-0.503012,-2.227674,1.528186,0.002246
-0.496582,-2.228089,1.528027,0.002226
-0.477309,-2.229275,1.527554,0.002156
-0.470870,-2.229705,1.527400,0.002135
-0.464435,-2.230111,1.527244,0.002118
-0.451543,-2.230976,1.526938,0.002077
-0.445086,-2.231434,1.526807,0.002061
-0.425672,-2.232792,1.526402,0.002000
-0.419186,-2.233278,1.526269,0.001982
-0.412692,-2.233755,1.526126,0.001963
-0.393169,-2.235286,1.525711,0.001900
-0.386630,-2.235802,1.525568,0.001872
-0.380085,-2.236334,1.525425,0.001859
-0.373533,-2.236880,1.525285,0.001843
-0.353802,-2.238551,1.524837,0.001797
-0.347206,-2.239129,1.524692,0.001780
-0.340604,-2.239722,1.524548,0.001764
-0.320680,-2.241447,1.524070,0.001711
-0.314028,-2.242053,1.523915,0.001693
-0.307346,-2.242625,1.523752,0.001674
-0.287273,-2.244434,1.523260,0.001647
-0.280573,-2.245067,1.523097,0.001634
-0.273831,-2.245672,1.522936,0.001622
-0.267086,-2.246293,1.522778,0.001605
-0.246788,-2.248188,1.522334,0.001564
-0.239988,-2.248816,1.522202,0.001553
-0.233186,-2.249457,1.522072,0.001537
-0.219526,-2.250739,1.521802,0.001521
-0.212668,-2.251381,1.521664,0.001509
-0.205809,-2.252037,1.521527,0.001500
-0.198948,-2.252707,1.521392,0.001494
-0.185129,-2.253978,1.521075,0.001477
-0.178218,-2.254635,1.520920,0.001476
-0.171306,-2.255307,1.520767,0.001478
-0.150433,-2.257283,1.520247,0.001469
-0.143474,-2.257970,1.520081,0.001461
-0.136469,-2.258633,1.519881,0.001449
-0.115457,-2.260705,1.519300,0.001426
-0.108413,-2.261388,1.519077,0.001422
-0.101371,-2.262084,1.518858,0.001414
-0.087289,-2.263516,1.518435,0.001405
-0.073102,-2.264956,1.517980,0.001397
-0.066011,-2.265696,1.517759,0.001396
-0.058922,-2.266450,1.517541,0.001400
-0.037575,-2.268747,1.516885,0.001394
-0.030449,-2.269532,1.516664,0.001389
-0.023324,-2.270329,1.516448,0.001382
-0.009000,-2.271887,1.516013,0.001380
-0.001842,-2.272684,1.515802,0.001376
0.005314,-2.273494,1.515594,0.001371
0.026903,-2.275834,1.514992,0.001371
0.034092,-2.276639,1.514801,0.001362
0.041317,-2.277416,1.514610,0.001361
0.062967,-2.279823,1.514060,0.001352
0.070226,-2.280609,1.513874,0.001353
0.077481,-2.281407,1.513692,0.001353
0.091976,-2.283040,1.513340,0.001349
0.106560,-2.284639,1.512991,0.001339
0.106560,-2.284639,1.512991,0.001339
0.113844,-2.285456,1.512823,0.001334
0.128438,-2.287090,1.512499,0.001330
0.143052,-2.288735,1.512189,0.001318
0.150350,-2.289575,1.512039,0.001314
0.164988,-2.291195,1.511761,0.001304
0.172299,-2.292022,1.511626,0.001306
0.179604,-2.292861,1.511496,0.001306
0.186904,-2.293712,1.511368,0.001302
0.208849,-2.296145,1.511004,0.001296
0.216153,-2.296980,1.510889,0.001298
0.223485,-2.297777,1.510779,0.001285
0.245444,-2.300238,1.510494,0.001273
0.252797,-2.301058,1.510400,0.001265
0.260144,-2.301889,1.510309,0.001257
0.267484,-2.302732,1.510221,0.001251
0.289574,-2.305326,1.509938,0.001235
0.296941,-2.306211,1.509843,0.001232
0.311697,-2.308012,1.509645,0.001227
0.326467,-2.309855,1.509444,0.001209
0.333842,-2.310791,1.509347,0.001206
0.348651,-2.312689,1.509120,0.001194
0.363429,-2.314626,1.508895,0.001169
0.370851,-2.315606,1.508773,0.001157
0.385670,-2.317594,1.508539,0.001148
0.393068,-2.318602,1.508426,0.001147
0.400487,-2.319620,1.508312,0.001141
0.407898,-2.320648,1.508200,0.001132
0.415301,-2.321684,1.508091,0.001122
0.437501,-2.324845,1.507769,0.001103
0.444911,-2.325915,1.507659,0.001095
0.452314,-2.326994,1.507552,0.001083
0.474552,-2.330303,1.507210,0.001031
0.481962,-2.331427,1.507094,0.001020
0.496807,-2.333705,1.506856,0.000991
0.504242,-2.334860,1.506735,0.000973
0.511669,-2.336022,1.506618,0.000959
0.519087,-2.337193,1.506505,0.000945
0.541426,-2.340776,1.506168,0.000909
0.548854,-2.341986,1.506061,0.000903
0.556326,-2.343216,1.505950,0.000886
0.578687,-2.346951,1.505650,0.000853
0.586179,-2.348233,1.505548,0.000830
0.593661,-2.349521,1.505448,0.000814
0.608601,-2.352116,1.505257,0.000792
0.616116,-2.353442,1.505143,0.000779
0.631117,-2.356109,1.504927,0.000762
0.646140,-2.358798,1.504700,0.000726
0.653668,-2.360150,1.504581,0.000712
0.661185,-2.361506,1.504464,0.000698
0.676190,-2.364235,1.504243,0.000681
0.691283,-2.367008,1.503962,0.000654
0.698813,-2.368401,1.503827,0.000640
0.706335,-2.369799,1.503697,0.000631
0.729045,-2.374034,1.503233,0.000604
0.736596,-2.375454,1.503094,0.000596
0.744207,-2.376886,1.502938,0.000581
0.759399,-2.379761,1.502639,0.000559
0.774623,-2.382649,1.502354,0.000547
0.782255,-2.384097,1.502216,0.000533
0.797485,-2.387004,1.501945,0.000510
0.812830,-2.389894,1.501673,0.000495
0.820485,-2.391345,1.501544,0.000485
0.828128,-2.392799,1.501419,0.000481
0.851262,-2.397142,1.501093,0.000453
0.858949,-2.398597,1.500993,0.000455
0.874454,-2.401499,1.500829,0.000456
0.889906,-2.404412,1.500677,0.000451
0.897702,-2.405856,1.500624,0.000444
0.913250,-2.408753,1.500509,0.000445
0.921004,-2.410204,1.500445,0.000441
0.928745,-2.411658,1.500384,0.000442
0.936550,-2.413098,1.500339,0.000438
0.959880,-2.417432,1.500219,0.000435
0.967708,-2.418868,1.500207,0.000431
0.975522,-2.420306,1.500197,0.000429
0.983321,-2.421746,1.500189,0.000434
1.006783,-2.426071,1.500194,0.000455
1.006783,-2.426071,1.500194,0.000455
1.014600,-2.427514,1.500202,0.000462
1.030258,-2.430400,1.500222,0.000476
1.045925,-2.433289,1.500247,0.000482
1.053737,-2.434734,1.500262,0.000479
1.069447,-2.437617,1.500300,0.000484
1.077281,-2.439061,1.500322,0.000493
1.085100,-2.440506,1.500354,0.000500
1.092973,-2.441951,1.500379,0.000503
1.116506,-2.446294,1.500462,0.000521
1.124397,-2.447762,1.500484,0.000528
1.132273,-2.449230,1.500507,0.000536
1.147983,-2.452169,1.500561,0.000546
1.163765,-2.455131,1.500630,0.000548
1.171634,-2.456613,1.500666,0.000548
1.179488,-2.458095,1.500703,0.000560
1.203108,-2.462544,1.500816,0.000588
1.210976,-2.464028,1.500856,0.000593
1.218829,-2.465512,1.500897,0.000597
1.234654,-2.468471,1.500982,0.000610
1.242544,-2.469950,1.501026,0.000612
1.250418,-2.471431,1.501069,0.000612
1.274215,-2.475865,1.501213,0.000625
1.282116,-2.477344,1.501257,0.000630
1.290072,-2.478817,1.501314,0.000637
1.313845,-2.483238,1.501484,0.000649
1.321816,-2.484708,1.501566,0.000643
1.321816,-2.484708,1.501566,0.000643
1.329772,-2.486179,1.501647,0.000645
1.353607,-2.490592,1.501906,0.000648
1.361563,-2.492063,1.502004,0.000653
1.369503,-2.493534,1.502101,0.000649
1.385399,-2.496487,1.502310,0.000655
1.401296,-2.499450,1.502532,0.000661
1.409221,-2.500932,1.502640,0.000661
1.425144,-2.503919,1.502874,0.000651
1.441001,-2.506907,1.503089,0.000639
1.448906,-2.508401,1.503188,0.000626
1.464768,-2.511407,1.503392,0.000617
1.472676,-2.512910,1.503492,0.000606
1.480567,-2.514412,1.503590,0.000605
1.488498,-2.515918,1.503689,0.000598
1.504312,-2.518929,1.503887,0.000593
1.520115,-2.521946,1.504099,0.000586
1.528020,-2.523458,1.504210,0.000578
1.535909,-2.524971,1.504317,0.000572
1.559603,-2.529571,1.504678,0.000555
1.567489,-2.531114,1.504823,0.000547
1.583292,-2.534240,1.505100,0.000528
1.591207,-2.535822,1.505234,0.000519
1.599106,-2.537404,1.505364,0.000507
1.606988,-2.538985,1.505491,0.000501
1.622853,-2.542235,1.505728,0.000491
1.638654,-2.545478,1.505952,0.000480
1.638654,-2.545478,1.505952,0.000480
1.646595,-2.547140,1.506060,0.000477
1.670320,-2.552113,1.506361,0.000453
1.678260,-2.553822,1.506458,0.000442
1.686183,-2.555527,1.506552,0.000431
1.701982,-2.558930,1.506729,0.000401
1.709858,-2.560627,1.506813,0.000390
1.717784,-2.562372,1.506905,0.000380
1.733586,-2.565851,1.507080,0.000362
1.749383,-2.569350,1.507260,0.000340
1.757288,-2.571109,1.507349,0.000336
1.765175,-2.572865,1.507435,0.000325
1.780951,-2.576398,1.507596,0.000298
1.796711,-2.579948,1.507740,0.000277
1.804567,-2.581716,1.507807,0.000266
1.812454,-2.583504,1.507856,0.000258
1.828180,-2.587066,1.507944,0.000256
1.836020,-2.588839,1.507984,0.000247
1.843898,-2.590645,1.508009,0.000238
1.867440,-2.596026,1.508098,0.000189
1.875332,-2.597845,1.508126,0.000177
1.883209,-2.599658,1.508151,0.000164
1.898916,-2.603264,1.508196,0.000136
1.906837,-2.605098,1.508214,0.000121
1.914742,-2.606925,1.508233,0.000105
1.922630,-2.608746,1.508250,0.000091
1.946382,-2.614245,1.508283,0.000050
1.954297,-2.616078,1.508289,0.000038
1.962194,-2.617903,1.508292,0.000027
1.978022,-2.621569,1.508290,0.000004
1.993864,-2.625243,1.508279,-0.000014
2.001761,-2.627068,1.508273,-0.000021
2.017655,-2.630795,1.508266,-0.000035
2.025577,-2.632646,1.508260,-0.000042
2.033484,-2.634489,1.508248,-0.000049
2.041451,-2.636370,1.508239,-0.000050
2.065254,-2.641962,1.508206,-0.000060
2.073232,-2.643869,1.508202,-0.000063
2.081194,-2.645767,1.508196,-0.000069
2.097069,-2.649534,1.508193,-0.000070
2.113017,-2.653355,1.508185,-0.000074
2.120966,-2.655251,1.508179,-0.000072
2.128901,-2.657136,1.508172,-0.000075
2.136889,-2.659068,1.508156,-0.000081
2.152817,-2.662901,1.508113,-0.000082
2.168744,-2.666751,1.508061,-0.000085
2.184668,-2.670617,1.508004,-0.000075
2.192606,-2.672533,1.507975,-0.000073
2.200578,-2.674486,1.507941,-0.000075
2.216474,-2.678358,1.507878,-0.000076
2.232307,-2.682185,1.507816,-0.000075
2.240235,-2.684135,1.507778,-0.000076
2.240235,-2.684135,1.507778,-0.000076
2.248148,-2.686073,1.507739,-0.000074
2.263927,-2.689914,1.507660,-0.000067
2.271846,-2.691856,1.507615,-0.000067
2.279749,-2.693786,1.507571,-0.000067
2.287637,-2.695703,1.507526,-0.000068
2.311299,-2.701481,1.507343,-0.000062
2.319172,-2.703398,1.507274,-0.000061
2.327029,-2.705304,1.507205,-0.000062
2.342797,-2.709191,1.507010,-0.000072
2.350659,-2.711115,1.506914,-0.000067
2.366397,-2.714985,1.506714,-0.000052
2.382130,-2.718859,1.506506,-0.000028
2.389975,-2.720777,1.506406,-0.000025
2.397860,-2.722741,1.506307,-0.000025
2.421428,-2.728553,1.506015,-0.000031
2.429304,-2.730512,1.505928,-0.000029
2.437165,-2.732456,1.505841,-0.000024
2.452843,-2.736302,1.505677,-0.000018
2.468566,-2.740170,1.505535,-0.000020
2.476405,-2.742083,1.505465,-0.000020
2.484229,-2.743982,1.505397,-0.000017
2.492039,-2.745868,1.505329,-0.000012
2.507719,-2.749678,1.505238,-0.000003
2.515537,-2.751562,1.505202,-0.000002
2.539004,-2.757206,1.505110,-0.000002
2.546813,-2.759072,1.505081,0.000004
2.554610,-2.760923,1.505053,0.000006
2.554610,-2.760923,1.505053,0.000006
2.570224,-2.764687,1.504976,-0.000001
2.585784,-2.768393,1.504895,0.000005
2.593577,-2.770292,1.504841,0.000002
2.609123,-2.774046,1.504736,0.000006
2.624652,-2.777803,1.504621,0.000019
2.632414,-2.779691,1.504558,0.000022
2.640163,-2.781562,1.504496,0.000025
2.663399,-2.787214,1.504305,0.000018
2.671131,-2.789088,1.504241,0.000022
2.678849,-2.790946,1.504177,0.000034
2.694336,-2.794754,1.504042,0.000037
2.702061,-2.796634,1.503975,0.000038
2.709773,-2.798499,1.503910,0.000040
2.732981,-2.804240,1.503718,0.000032
2.740691,-2.806120,1.503651,0.000036
2.748390,-2.807985,1.503585,0.000036
2.763834,-2.811821,1.503440,0.000055
2.779231,-2.815588,1.503301,0.000071
2.786952,-2.817508,1.503218,0.000071
2.802356,-2.821298,1.503071,0.000074
2.817759,-2.825078,1.502925,0.000071
2.825466,-2.826970,1.502845,0.000078
2.833160,-2.828845,1.502766,0.000084
2.848568,-2.832592,1.502596,0.000094
2.856280,-2.834464,1.502511,0.000095
2.863981,-2.836319,1.502427,0.000094
2.871669,-2.838158,1.502345,0.000097
2.894843,-2.843703,1.502072,0.000117
2.902544,-2.845517,1.501984,0.000120
2.910284,-2.847374,1.501884,0.000124
2.933435,-2.852841,1.501596,0.000152
2.941173,-2.854702,1.501484,0.000150
2.956614,-2.858370,1.501268,0.000175
2.972057,-2.862031,1.501049,0.000193
2.979785,-2.863865,1.500936,0.000197
2.995206,-2.867478,1.500717,0.000208
3.010604,-2.871079,1.500499,0.000223
3.018297,-2.872882,1.500390,0.000232
3.025979,-2.874666,1.500283,0.000236
3.048976,-2.879998,1.500013,0.000263
3.056623,-2.881754,1.499929,0.000262
3.071896,-2.885259,1.499771,0.000280
3.087140,-2.888739,1.499630,0.000279
3.094747,-2.890451,1.499566,0.000280
3.109919,-2.893961,1.499442,0.000281
3.117490,-2.895687,1.499382,0.000288
3.125052,-2.897393,1.499326,0.000295
3.147680,-2.902615,1.499145,0.000293
3.155204,-2.904316,1.499092,0.000295
3.162719,-2.906055,1.499031,0.000290
3.170225,-2.907775,1.498973,0.000288
3.177723,-2.909476,1.498917,0.000283
3.192690,-2.912877,1.498791,0.000284
3.200159,-2.914576,1.498726,0.000287
3.215071,-2.917914,1.498602,0.000297
3.229965,-2.921307,1.498446,0.000298
3.237401,-2.922974,1.498372,0.000302
3.244828,-2.924620,1.498301,0.000305
3.267079,-2.929580,1.498036,0.000307
3.274484,-2.931217,1.497943,0.000303
3.281881,-2.932834,1.497853,0.000309
3.296633,-2.936133,1.497650,0.000315
3.311358,-2.939350,1.497470,0.000321
3.318704,-2.940992,1.497379,0.000325
3.333379,-2.944214,1.497208,0.000326
3.348007,-2.947425,1.497041,0.000323
3.355301,-2.949034,1.496957,0.000324
3.362591,-2.950622,1.496877,0.000327
3.377141,-2.953795,1.496727,0.000332
3.391659,-2.956943,1.496579,0.000331
3.406145,-2.960067,1.496437,0.000342
3.413374,-2.961626,1.496366,0.000348
3.420600,-2.963164,1.496313,0.000354
3.427821,-2.964681,1.496263,0.000353
3.449393,-2.969277,1.496127,0.000353
3.456575,-2.970766,1.496089,0.000354
3.463733,-2.972280,1.496055,0.000354
3.478040,-2.975244,1.496002,0.000357
3.485189,-2.976693,1.495982,0.000350
3.492335,-2.978121,1.495965,0.000343
3.499452,-2.979580,1.495946,0.000340
3.520790,-2.983830,1.495908,0.000349
3.527887,-2.985271,1.495898,0.000349
3.534983,-2.986691,1.495891,0.000361
3.542077,-2.988088,1.495886,0.000369
3.563345,-2.992287,1.495868,0.000370
3.570431,-2.993665,1.495863,0.000371
3.577515,-2.995021,1.495860,0.000377
3.598741,-2.999204,1.495777,0.000411
3.605815,-3.000552,1.495755,0.000412
3.619960,-3.003333,1.495712,0.000424
3.627031,-3.004687,1.495693,0.000430
3.634101,-3.006018,1.495666,0.000443
3.641153,-3.007415,1.495635,0.000449
3.662300,-3.011462,1.495560,0.000462
3.669330,-3.012850,1.495540,0.000468
3.676360,-3.014215,1.495523,0.000472
3.697411,-3.018247,1.495515,0.000469
3.704404,-3.019598,1.495523,0.000480
3.718389,-3.022225,1.495546,0.000488
3.732340,-3.024830,1.495583,0.000512
3.739299,-3.026133,1.495590,0.000519
3.746258,-3.027412,1.495600,0.000518
3.767053,-3.031236,1.495667,0.000534
3.773973,-3.032483,1.495697,0.000538
3.773973,-3.032483,1.495697,0.000538
3.780894,-3.033706,1.495728,0.000536
3.801514,-3.037423,1.495878,0.000549
3.808392,-3.038612,1.495934,0.000555
3.815224,-3.039817,1.495986,0.000557
3.828897,-3.042153,1.496094,0.000567
3.842529,-3.044405,1.496196,0.000578
3.849323,-3.045502,1.496243,0.000583
3.862921,-3.047623,1.496341,0.000597
3.876414,-3.049730,1.496456,0.000616
3.883167,-3.050748,1.496514,0.000619
3.889924,-3.051742,1.496572,0.000622
3.903336,-3.053764,1.496648,0.000631
3.916768,-3.055692,1.496727,0.000639
3.916768,-3.055692,1.496727,0.000639
3.936831,-3.058604,1.496846,0.000657
3.943529,-3.059526,1.496886,0.000665
3.950231,-3.060425,1.496927,0.000664
3.970191,-3.063198,1.497050,0.000698
3.976857,-3.064075,1.497092,0.000711
3.983471,-3.064992,1.497131,0.000724
4.003351,-3.067594,1.497274,0.000746
