4.012327,-2.987904,-0.025546,0.156185
4.012145,-2.988208,-0.025523,0.156185
4.011944,-2.988553,-0.025508,0.156184
4.011558,-2.989228,-0.025472,0.156175
4.011372,-2.989558,-0.025442,0.156173
4.011157,-2.989926,-0.025434,0.156176
4.010948,-2.990288,-0.025423,0.156179
4.010543,-2.990997,-0.025397,0.156196
4.010309,-2.991370,-0.025404,0.156200
4.010080,-2.991737,-0.025408,0.156208
4.009856,-2.992099,-0.025410,0.156212
4.009637,-2.992455,-0.025405,0.156215
4.009133,-2.993170,-0.025430,0.156227
4.008890,-2.993519,-0.025439,0.156229
4.008652,-2.993863,-0.025446,0.156232
4.008109,-2.994574,-0.025493,0.156240
4.007846,-2.994922,-0.025532,0.156246
4.007846,-2.994922,-0.025532,0.156246
4.007589,-2.995265,-0.025569,0.156243
4.007337,-2.995603,-0.025602,0.156238
4.006790,-2.996283,-0.025672,0.156244
4.006524,-2.996615,-0.025703,0.156243
4.006524,-2.996615,-0.025703,0.156243
4.006264,-2.996944,-0.025732,0.156240
4.005985,-2.997273,-0.025759,0.156241
4.005443,-2.997919,-0.025828,0.156233
4.005180,-2.998236,-0.025859,0.156232
4.004898,-2.998548,-0.025902,0.156231
4.004622,-2.998857,-0.025941,0.156228
4.004351,-2.999161,-0.025977,0.156226
4.003807,-2.999744,-0.026057,0.156214
4.003807,-2.999744,-0.026057,0.156214
4.003534,-3.000021,-0.026101,0.156212
4.003266,-3.000296,-0.026143,0.156207
4.003004,-3.000566,-0.026181,0.156208
4.003004,-3.000566,-0.026181,0.156208
4.002458,-3.001047,-0.026275,0.156190
4.002191,-3.001283,-0.026317,0.156188
4.001930,-3.001516,-0.026357,0.156185
4.001414,-3.001907,-0.026419,0.156187
4.001163,-3.002100,-0.026447,0.156192
4.001163,-3.002100,-0.026447,0.156192
4.000917,-3.002290,-0.026472,0.156193
4.000674,-3.002434,-0.026491,0.156197
4.000674,-3.002434,-0.026491,0.156197
4.000204,-3.002716,-0.026523,0.156190
3.999974,-3.002855,-0.026529,0.156182
3.999748,-3.002972,-0.026522,0.156183
3.999527,-3.003088,-0.026513,0.156187
3.999095,-3.003316,-0.026492,0.156183
3.998885,-3.003427,-0.026480,0.156189
3.998885,-3.003427,-0.026480,0.156189
3.998682,-3.003526,-0.026466,0.156181
3.998483,-3.003623,-0.026451,0.156182
3.998095,-3.003814,-0.026414,0.156181
3.997912,-3.003888,-0.026397,0.156180
3.997731,-3.003961,-0.026378,0.156174
3.997555,-3.004033,-0.026358,0.156172
3.997232,-3.004164,-0.026318,0.156162
3.997086,-3.004224,-0.026273,0.156159
3.997086,-3.004224,-0.026273,0.156159
3.996942,-3.004284,-0.026228,0.156155
3.996801,-3.004342,-0.026181,0.156152
3.996563,-3.004448,-0.026120,0.156145
3.996447,-3.004501,-0.026088,0.156141
3.996334,-3.004552,-0.026056,0.156128
3.996249,-3.004589,-0.026036,0.156133
3.996166,-3.004625,-0.026009,0.156130
3.996003,-3.004696,-0.025952,0.156130
3.996003,-3.004696,-0.025952,0.156130
3.995846,-3.004753,-0.025917,0.156118
3.995846,-3.004753,-0.025917,0.156118
3.995695,-3.004811,-0.025879,0.156116
3.995624,-3.004828,-0.025880,0.156113
3.995553,-3.004845,-0.025880,0.156105
3.995484,-3.004863,-0.025879,0.156101
3.995484,-3.004863,-0.025879,0.156101
3.995312,-3.004897,-0.025926,0.156104
3.995312,-3.004897,-0.025926,0.156104
3.995212,-3.004917,-0.025969,0.156102
3.995212,-3.004917,-0.025969,0.156102
3.995163,-3.004928,-0.025972,0.156100
3.995118,-3.004912,-0.026010,0.156102
3.995031,-3.004885,-0.026081,0.156101
3.994988,-3.004872,-0.026114,0.156096
3.994969,-3.004837,-0.026185,0.156094
3.994930,-3.004769,-0.026317,0.156094
3.994930,-3.004769,-0.026317,0.156094
3.994895,-3.004710,-0.026488,0.156084
3.994895,-3.004710,-0.026488,0.156084
3.994878,-3.004685,-0.026595,0.156087
3.994842,-3.004637,-0.026799,0.156092
3.994827,-3.004619,-0.026939,0.156082
3.994811,-3.004602,-0.027075,0.156074
3.994811,-3.004602,-0.027075,0.156074
3.994749,-3.004562,-0.027440,0.156059
3.994749,-3.004562,-0.027440,0.156059
3.994720,-3.004553,-0.027575,0.156056
3.994690,-3.004545,-0.027707,0.156060
3.994660,-3.004538,-0.027836,0.156064
3.994579,-3.004521,-0.028134,0.156060
3.994538,-3.004515,-0.028273,0.156064
3.994495,-3.004509,-0.028408,0.156065
3.994428,-3.004514,-0.028737,0.156059
3.994392,-3.004519,-0.028896,0.156057
3.994355,-3.004524,-0.029049,0.156053
3.994333,-3.004532,-0.029229,0.156049
3.994283,-3.004551,-0.029626,0.156048
3.994256,-3.004561,-0.029816,0.156034
3.994256,-3.004561,-0.029816,0.156034
3.994226,-3.004573,-0.030002,0.156033
3.994212,-3.004579,-0.030199,0.156029
3.994178,-3.004592,-0.030578,0.156018
3.994159,-3.004600,-0.030765,0.156014
3.994164,-3.004623,-0.030973,0.156003
3.994167,-3.004646,-0.031177,0.155995
3.994167,-3.004671,-0.031375,0.156001
3.994199,-3.004735,-0.031782,0.156000
3.994199,-3.004735,-0.031782,0.156000
3.994230,-3.004775,-0.031991,0.155997
3.994258,-3.004815,-0.032195,0.155991
3.994334,-3.004908,-0.032586,0.155995
3.994380,-3.004960,-0.032783,0.155994
3.994380,-3.004960,-0.032783,0.155994
3.994424,-3.005014,-0.032975,0.155989
3.994464,-3.005068,-0.033162,0.155988
3.994613,-3.005183,-0.033519,0.155998
3.994683,-3.005242,-0.033675,0.155996
3.994750,-3.005301,-0.033828,0.155991
3.994836,-3.005362,-0.033967,0.155986
3.994999,-3.005487,-0.034235,0.155976
3.995077,-3.005551,-0.034365,0.155982
3.995184,-3.005629,-0.034495,0.155976
3.995288,-3.005708,-0.034623,0.155975
3.995488,-3.005868,-0.034849,0.155988
3.995598,-3.005959,-0.034962,0.155989
3.995705,-3.006052,-0.035073,0.156002
3.995810,-3.006146,-0.035180,0.156005
3.995810,-3.006146,-0.035180,0.156005
3.995912,-3.006240,-0.035285,0.156013
3.996125,-3.006444,-0.035500,0.156020
3.996236,-3.006552,-0.035611,0.156022
3.996344,-3.006661,-0.035719,0.156027
3.996449,-3.006771,-0.035825,0.156034
3.996669,-3.007018,-0.036083,0.156040
3.996669,-3.007018,-0.036083,0.156040
3.996775,-3.007143,-0.036206,0.156048
3.996879,-3.007268,-0.036327,0.156059
3.997079,-3.007542,-0.036603,0.156072
3.997176,-3.007680,-0.036736,0.156075
3.997270,-3.007818,-0.036865,0.156084
3.997356,-3.007946,-0.037018,0.156098
3.997522,-3.008202,-0.037311,0.156121
3.997601,-3.008332,-0.037454,0.156132
3.997601,-3.008332,-0.037454,0.156132
3.997671,-3.008461,-0.037624,0.156135
3.997739,-3.008591,-0.037790,0.156132
3.997869,-3.008851,-0.038111,0.156137
3.997926,-3.008971,-0.038288,0.156144
3.997981,-3.009092,-0.038461,0.156145
3.998034,-3.009213,-0.038630,0.156147
3.998132,-3.009442,-0.038961,0.156162
3.998178,-3.009550,-0.039127,0.156165
3.998178,-3.009550,-0.039127,0.156165
3.998221,-3.009659,-0.039290,0.156169
3.998263,-3.009769,-0.039449,0.156171
3.998316,-3.009855,-0.039615,0.156174
3.998417,-3.010031,-0.039918,0.156183
3.998464,-3.010120,-0.040056,0.156191
3.998510,-3.010211,-0.040191,0.156191
3.998604,-3.010360,-0.040478,0.156196
3.998648,-3.010437,-0.040617,0.156201
3.998648,-3.010437,-0.040617,0.156201
3.998723,-3.010579,-0.040919,0.156205
3.998723,-3.010579,-0.040919,0.156205
3.998780,-3.010708,-0.041250,0.156209
3.998806,-3.010774,-0.041411,0.156214
3.998843,-3.010828,-0.041599,0.156214
3.998878,-3.010884,-0.041784,0.156216
3.998878,-3.010884,-0.041784,0.156216
3.998913,-3.010942,-0.041965,0.156208
3.998984,-3.011063,-0.042334,0.156205
3.999019,-3.011127,-0.042522,0.156204
3.999054,-3.011192,-0.042707,0.156204
3.999054,-3.011192,-0.042707,0.156204
3.999153,-3.011400,-0.043279,0.156209
3.999153,-3.011400,-0.043279,0.156209
3.999215,-3.011546,-0.043654,0.156210
3.999215,-3.011546,-0.043654,0.156210
3.999299,-3.011693,-0.043989,0.156226
3.999339,-3.011769,-0.044151,0.156233
3.999377,-3.011846,-0.044310,0.156225
3.999429,-3.011927,-0.044478,0.156223
3.999530,-3.012091,-0.044804,0.156219
3.999578,-3.012176,-0.044964,0.156221
3.999638,-3.012277,-0.045134,0.156221
3.999696,-3.012379,-0.045301,0.156213
3.999753,-3.012482,-0.045466,0.156218
3.999861,-3.012692,-0.045786,0.156223
3.999929,-3.012800,-0.045950,0.156222
3.999995,-3.012908,-0.046111,0.156226
4.000060,-3.013017,-0.046243,0.156225
4.000205,-3.013242,-0.046515,0.156227
4.000205,-3.013242,-0.046515,0.156227
4.000286,-3.013358,-0.046655,0.156228
4.000364,-3.013474,-0.046793,0.156231
4.000523,-3.013706,-0.047071,0.156229
4.000602,-3.013822,-0.047210,0.156228
4.000679,-3.013938,-0.047346,0.156229
4.000754,-3.014055,-0.047481,0.156225
4.000834,-3.014149,-0.047615,0.156229
4.000989,-3.014340,-0.047877,0.156222
4.000989,-3.014340,-0.047877,0.156222
4.001150,-3.014523,-0.048133,0.156216
4.001317,-3.014697,-0.048385,0.156206
4.001397,-3.014786,-0.048508,0.156205
4.001397,-3.014786,-0.048508,0.156205
4.001494,-3.014872,-0.048633,0.156206
4.001590,-3.014959,-0.048756,0.156206
4.001684,-3.015047,-0.048878,0.156205
4.001886,-3.015221,-0.049121,0.156221
4.001886,-3.015221,-0.049121,0.156221
4.001995,-3.015307,-0.049242,0.156231
4.002101,-3.015395,-0.049362,0.156235
4.002351,-3.015576,-0.049606,0.156250
4.002493,-3.015671,-0.049731,0.156249
4.002493,-3.015671,-0.049731,0.156249
4.002769,-3.015862,-0.049976,0.156249
4.002769,-3.015862,-0.049976,0.156249
4.003250,-3.016165,-0.050338,0.156271
4.003250,-3.016165,-0.050338,0.156271
4.003584,-3.016375,-0.050577,0.156293
4.003584,-3.016375,-0.050577,0.156293
4.003781,-3.016485,-0.050699,0.156293
4.004166,-3.016710,-0.050937,0.156303
4.004353,-3.016822,-0.051053,0.156313
4.004561,-3.016927,-0.051186,0.156323
4.004969,-3.017137,-0.051447,0.156337
4.005168,-3.017243,-0.051574,0.156350
4.005403,-3.017320,-0.051708,0.156356
4.005634,-3.017398,-0.051840,0.156363
4.005634,-3.017398,-0.051840,0.156363
4.005861,-3.017477,-0.051970,0.156379
4.006324,-3.017608,-0.052237,0.156394
4.006559,-3.017660,-0.052375,0.156401
4.006791,-3.017715,-0.052511,0.156409
4.006791,-3.017715,-0.052511,0.156409
4.007476,-3.017877,-0.052915,0.156421
4.007700,-3.017932,-0.053048,0.156431
4.007700,-3.017932,-0.053048,0.156431
4.007920,-3.017989,-0.053178,0.156441
4.008132,-3.018050,-0.053297,0.156452
4.008342,-3.018114,-0.053414,0.156458
4.008750,-3.018245,-0.053644,0.156467
4.008941,-3.018323,-0.053742,0.156471
4.009314,-3.018484,-0.053934,0.156486
4.009496,-3.018566,-0.054028,0.156490
4.009676,-3.018649,-0.054120,0.156498
4.009834,-3.018738,-0.054201,0.156507
4.009834,-3.018738,-0.054201,0.156507
4.010296,-3.019012,-0.054437,0.156514
4.010296,-3.019012,-0.054437,0.156514
4.010428,-3.019093,-0.054509,0.156516
4.010559,-3.019175,-0.054580,0.156512
4.010687,-3.019259,-0.054650,0.156520
4.010918,-3.019434,-0.054794,0.156521
4.011019,-3.019525,-0.054867,0.156516
4.011120,-3.019617,-0.054940,0.156520
4.011120,-3.019617,-0.054940,0.156520
4.011283,-3.019809,-0.055095,0.156525
4.011345,-3.019911,-0.055176,0.156522
4.011406,-3.020013,-0.055257,0.156525
4.011467,-3.020115,-0.055337,0.156526
4.011504,-3.020343,-0.055516,0.156514
4.011522,-3.020458,-0.055602,0.156508
4.011539,-3.020574,-0.055687,0.156512
4.011528,-3.020713,-0.055778,0.156508
4.011518,-3.020852,-0.055869,0.156509
4.011496,-3.021131,-0.056049,0.156506
4.011461,-3.021293,-0.056143,0.156507
4.011427,-3.021455,-0.056236,0.156499
4.011357,-3.021780,-0.056403,0.156482
4.011298,-3.021956,-0.056481,0.156475
4.011238,-3.022131,-0.056558,0.156464
4.011178,-3.022306,-0.056636,0.156453
4.011178,-3.022306,-0.056636,0.156453
4.010980,-3.022834,-0.056852,0.156441
4.010980,-3.022834,-0.056852,0.156441
4.010900,-3.023013,-0.056914,0.156434
4.010822,-3.023191,-0.056976,0.156424
4.010656,-3.023537,-0.057076,0.156412
4.010569,-3.023705,-0.057116,0.156403
4.010483,-3.023871,-0.057155,0.156406
4.010397,-3.024038,-0.057195,0.156407
4.010177,-3.024322,-0.057234,0.156394
4.010068,-3.024464,-0.057254,0.156387
4.009961,-3.024607,-0.057275,0.156377
4.009822,-3.024740,-0.057278,0.156365
4.009549,-3.025009,-0.057287,0.156352
4.009415,-3.025144,-0.057293,0.156350
4.009248,-3.025261,-0.057274,0.156345
4.009084,-3.025379,-0.057257,0.156341
4.008760,-3.025615,-0.057227,0.156329
4.008566,-3.025709,-0.057186,0.156322
4.008566,-3.025709,-0.057186,0.156322
4.008185,-3.025900,-0.057110,0.156315
4.008185,-3.025900,-0.057110,0.156315
4.007998,-3.025996,-0.057067,0.156309
4.007589,-3.026142,-0.056934,0.156293
4.007388,-3.026216,-0.056871,0.156283
4.007189,-3.026291,-0.056811,0.156280
4.007189,-3.026291,-0.056811,0.156280
4.006602,-3.026438,-0.056539,0.156254
4.006602,-3.026438,-0.056539,0.156254
4.006411,-3.026489,-0.056438,0.156248
4.006222,-3.026541,-0.056341,0.156243
4.006030,-3.026557,-0.056224,0.156235
4.005654,-3.026594,-0.056001,0.156217
4.005470,-3.026615,-0.055894,0.156214
4.005297,-3.026620,-0.055777,0.156205
4.005126,-3.026627,-0.055660,0.156196
4.004789,-3.026647,-0.055437,0.156178
4.004618,-3.026662,-0.055325,0.156174
4.004448,-3.026679,-0.055217,0.156163
4.004448,-3.026679,-0.055217,0.156163
4.004281,-3.026697,-0.055112,0.156157
4.004117,-3.026717,-0.055011,0.156152
4.003816,-3.026778,-0.054790,0.156134
4.003669,-3.026811,-0.054684,0.156133
4.003410,-3.026886,-0.054460,0.156116
4.003297,-3.026929,-0.054341,0.156114
4.003187,-3.026973,-0.054227,0.156116
4.003078,-3.027019,-0.054115,0.156115
4.002997,-3.027077,-0.054005,0.156111
4.002841,-3.027199,-0.053795,0.156112
4.002769,-3.027262,-0.053693,0.156113
4.002735,-3.027340,-0.053592,0.156115
4.002735,-3.027340,-0.053592,0.156115
4.002693,-3.027498,-0.053388,0.156134
4.002687,-3.027577,-0.053283,0.156130
4.002710,-3.027663,-0.053163,0.156130
4.002747,-3.027748,-0.053038,0.156130
4.002863,-3.027916,-0.052776,0.156145
4.002946,-3.027998,-0.052636,0.156149
4.002946,-3.027998,-0.052636,0.156149
4.003040,-3.028090,-0.052480,0.156160
4.003153,-3.028179,-0.052317,0.156170
4.003286,-3.028267,-0.052146,0.156172
4.003601,-3.028437,-0.051760,0.156070
4.003782,-3.028513,-0.051544,0.155920
4.003980,-3.028577,-0.051313,0.155673
4.004191,-3.028630,-0.051063,0.155307
4.004683,-3.028667,-0.050449,0.154124
4.004683,-3.028667,-0.050449,0.154124
4.004948,-3.028668,-0.050104,0.153313
4.005221,-3.028669,-0.049732,0.152348
4.006166,-3.028606,-0.048384,0.148605
4.006166,-3.028606,-0.048384,0.148605
4.006885,-3.028529,-0.047344,0.145422
4.006885,-3.028529,-0.047344,0.145422
4.007693,-3.028412,-0.046161,0.141743
4.008130,-3.028345,-0.045530,0.139715
4.008130,-3.028345,-0.045530,0.139715
4.008615,-3.028240,-0.044842,0.137565
4.009126,-3.028128,-0.044125,0.135307
4.009661,-3.028008,-0.043378,0.132934
4.010832,-3.027709,-0.041756,0.127881
4.012135,-3.027340,-0.039975,0.122446
4.012135,-3.027340,-0.039975,0.122446
4.013581,-3.026900,-0.038045,0.116642
4.014362,-3.026649,-0.037021,0.113617
4.016011,-3.026113,-0.034885,0.107323
4.016011,-3.026113,-0.034885,0.107323
4.018772,-3.025130,-0.031377,0.097360
4.018772,-3.025130,-0.031377,0.097360
4.019759,-3.024762,-0.030137,0.093924
4.020773,-3.024381,-0.028868,0.090425
4.022944,-3.023484,-0.026161,0.083291
4.024066,-3.023021,-0.024767,0.079654
4.025213,-3.022547,-0.023345,0.075953
4.026422,-3.022022,-0.021841,0.072217
4.026422,-3.022022,-0.021841,0.072217
4.027652,-3.021486,-0.020312,0.068445
4.030175,-3.020380,-0.017175,0.060820
4.031512,-3.019782,-0.015514,0.056964
4.032867,-3.019175,-0.013828,0.053087
4.034239,-3.018558,-0.012116,0.049189
4.037070,-3.017287,-0.008578,0.041319
4.038528,-3.016629,-0.006753,0.037359
4.039999,-3.015964,-0.004904,0.033391
4.041483,-3.015292,-0.003032,0.029422
4.044556,-3.013880,0.000863,0.021481
4.046106,-3.013166,0.002845,0.017514
4.047665,-3.012449,0.004849,0.013555
4.050843,-3.010969,0.009026,0.005678
4.052441,-3.010226,0.011147,0.001759
4.054042,-3.009482,0.013289,-0.002139
4.055682,-3.008726,0.015511,-0.006018
4.058968,-3.007214,0.020027,-0.013716
4.060613,-3.006459,0.022313,-0.017528
4.062258,-3.005705,0.024618,-0.021310
4.063924,-3.004948,0.027002,-0.025070
4.067252,-3.003441,0.031819,-0.032420
4.068912,-3.002693,0.034283,-0.036030
4.068912,-3.002693,0.034283,-0.036030
4.070609,-3.001949,0.036820,-0.039606
4.072301,-3.001210,0.039372,-0.043153
4.075672,-2.999747,0.044519,-0.050105
4.075672,-2.999747,0.044519,-0.050105
4.079054,-2.998333,0.049806,-0.056847
4.080735,-2.997635,0.052469,-0.060141
4.084079,-2.996274,0.057873,-0.066543
4.085741,-2.995609,0.060609,-0.069677
4.087393,-2.994952,0.063356,-0.072749
4.089036,-2.994303,0.066114,-0.075761
4.092291,-2.993082,0.071756,-0.081627
4.093902,-2.992483,0.074592,-0.084451
4.095502,-2.991892,0.077437,-0.087205
4.097088,-2.991330,0.080320,-0.089898
4.100224,-2.990229,0.086112,-0.095118
4.101774,-2.989691,0.089021,-0.097620
4.103306,-2.989172,0.091962,-0.100054
4.104825,-2.988663,0.094911,-0.102421
4.104825,-2.988663,0.094911,-0.102421
4.107821,-2.987669,0.100863,-0.106967
4.109281,-2.987197,0.103872,-0.109140
4.110726,-2.986735,0.106887,-0.111252
4.112157,-2.986281,0.109907,-0.113287
4.114976,-2.985399,0.115963,-0.117143
4.116338,-2.984987,0.119029,-0.118970
4.116338,-2.984987,0.119029,-0.118970
4.119018,-2.984188,0.125175,-0.122419
4.119018,-2.984188,0.125175,-0.122419
4.121600,-2.983439,0.131350,-0.125648
4.122851,-2.983084,0.134449,-0.127150
4.124086,-2.982738,0.137552,-0.128588
4.125305,-2.982401,0.140657,-0.129953
4.127590,-2.981784,0.146877,-0.132479
4.128709,-2.981486,0.149990,-0.133631
4.129813,-2.981197,0.153104,-0.134766
4.130847,-2.980921,0.156229,-0.135834
4.132870,-2.980394,0.162482,-0.137760
4.133857,-2.980143,0.165610,-0.138629
4.133857,-2.980143,0.165610,-0.138629
4.134773,-2.979917,0.168740,-0.139420
4.135673,-2.979699,0.171872,-0.140142
4.137428,-2.979285,0.178138,-0.141385
4.138240,-2.979100,0.181268,-0.141988
4.139037,-2.978923,0.184399,-0.142517
4.139819,-2.978753,0.187531,-0.142978
4.141300,-2.978441,0.193829,-0.143723
4.142000,-2.978300,0.196971,-0.143991
4.142684,-2.978165,0.200113,-0.144198
4.143352,-2.978037,0.203255,-0.144341
4.144589,-2.977839,0.209526,-0.144548
4.145185,-2.977750,0.212676,-0.144608
4.145763,-2.977668,0.215826,-0.144609
4.146326,-2.977592,0.218974,-0.144548
4.147354,-2.977481,0.225231,-0.144257
4.147844,-2.977433,0.228358,-0.144037
4.148318,-2.977393,0.231485,-0.143761
4.148744,-2.977367,0.234597,-0.143423
4.149155,-2.977346,0.237721,-0.143123
4.149929,-2.977321,0.243965,-0.142366
4.150265,-2.977311,0.247068,-0.141904
4.150586,-2.977306,0.250169,-0.141399
4.150891,-2.977306,0.253269,-0.140841
4.151181,-2.977311,0.256369,-0.140242
4.151181,-2.977311,0.256369,-0.140242
4.151653,-2.977356,0.262516,-0.138986
4.151867,-2.977385,0.265588,-0.138338
4.152068,-2.977419,0.268659,-0.137641
4.152377,-2.977491,0.274741,-0.136129
4.152510,-2.977534,0.277781,-0.135317
4.152629,-2.977581,0.280821,-0.134469
4.152715,-2.977626,0.283832,-0.133573
4.152845,-2.977726,0.289853,-0.131744
4.152888,-2.977781,0.292862,-0.130806
4.152903,-2.977818,0.295849,-0.129836
4.152904,-2.977859,0.298836,-0.128835
4.152863,-2.977951,0.304808,-0.126732
4.152863,-2.977951,0.304808,-0.126732
4.152795,-2.977979,0.307789,-0.125641
4.152715,-2.978011,0.310770,-0.124522
4.152715,-2.978011,0.310770,-0.124522
4.152394,-2.978122,0.319708,-0.121113
4.152394,-2.978122,0.319708,-0.121113
4.152057,-2.978170,0.325650,-0.118753
4.152057,-2.978170,0.325650,-0.118753
4.151432,-2.978244,0.334551,-0.115037
4.151432,-2.978244,0.334551,-0.115037
4.150922,-2.978276,0.340473,-0.112456
4.150922,-2.978276,0.340473,-0.112456
4.150649,-2.978296,0.343433,-0.111190
4.150056,-2.978253,0.349340,-0.108602
4.149741,-2.978236,0.352300,-0.107289
4.149415,-2.978222,0.355259,-0.105948
4.148722,-2.978109,0.361136,-0.103243
4.148359,-2.978056,0.364073,-0.101880
4.147985,-2.978006,0.367009,-0.100539
4.147598,-2.977898,0.369926,-0.099190
4.147598,-2.977898,0.369926,-0.099190
4.146791,-2.977695,0.375758,-0.096486
4.146371,-2.977599,0.378672,-0.095121
4.145939,-2.977440,0.381586,-0.093741
4.145496,-2.977287,0.384497,-0.092376
4.145496,-2.977287,0.384497,-0.092376
4.144101,-2.976779,0.393219,-0.088265
4.144101,-2.976779,0.393219,-0.088265
4.143115,-2.976370,0.399021,-0.085565
4.143115,-2.976370,0.399021,-0.085565
4.141543,-2.975662,0.407692,-0.081517
4.141543,-2.975662,0.407692,-0.081517
4.140997,-2.975415,0.410577,-0.080170
4.140441,-2.975173,0.413460,-0.078827
4.139876,-2.974935,0.416367,-0.077488
4.138678,-2.974354,0.422157,-0.074889
4.138066,-2.974071,0.425048,-0.073598
4.137445,-2.973794,0.427938,-0.072309
4.136137,-2.973187,0.433678,-0.069756
4.135472,-2.972892,0.436550,-0.068494
4.134799,-2.972602,0.439419,-0.067241
4.134098,-2.972291,0.442283,-0.066007
4.134098,-2.972291,0.442283,-0.066007
4.132673,-2.971685,0.448005,-0.063585
4.131951,-2.971390,0.450862,-0.062389
4.131206,-2.971062,0.453731,-0.061203
4.130454,-2.970740,0.456598,-0.060027
4.129695,-2.970425,0.459461,-0.058870
4.128156,-2.969779,0.465199,-0.056581
4.128156,-2.969779,0.465199,-0.056581
4.126586,-2.969128,0.470942,-0.054386
4.126586,-2.969128,0.470942,-0.054386
4.124983,-2.968472,0.476679,-0.052239
4.124168,-2.968138,0.479546,-0.051195
4.123348,-2.967812,0.482409,-0.050157
4.122522,-2.967492,0.485267,-0.049134
4.120815,-2.966812,0.490995,-0.047148
4.119954,-2.966482,0.493852,-0.046188
4.119089,-2.966160,0.496706,-0.045242
4.118196,-2.965807,0.499551,-0.044308
4.117298,-2.965462,0.502392,-0.043397
4.115492,-2.964794,0.508062,-0.041630
4.114583,-2.964472,0.510890,-0.040761
4.113653,-2.964101,0.513711,-0.039911
4.111784,-2.963383,0.519340,-0.038305
4.110844,-2.963037,0.522147,-0.037535
4.110844,-2.963037,0.522147,-0.037535
4.109905,-2.962651,0.524947,-0.036780
4.108963,-2.962274,0.527742,-0.036053
4.108019,-2.961906,0.530532,-0.035339
4.106134,-2.961142,0.536091,-0.033960
4.105194,-2.960748,0.538861,-0.033296
4.104251,-2.960362,0.541625,-0.032655
4.102362,-2.959575,0.547161,-0.031452
4.101415,-2.959174,0.549925,-0.030873
4.100466,-2.958782,0.552683,-0.030320
4.099515,-2.958400,0.555435,-0.029772
4.097596,-2.957611,0.560916,-0.028742
4.096634,-2.957230,0.563648,-0.028262
4.095671,-2.956857,0.566375,-0.027797
4.094693,-2.956469,0.569108,-0.027349
4.094693,-2.956469,0.569108,-0.027349
4.092732,-2.955722,0.574559,-0.026517
4.091751,-2.955363,0.577276,-0.026132
4.090765,-2.954987,0.579999,-0.025761
4.089779,-2.954622,0.582717,-0.025413
4.087804,-2.953920,0.588133,-0.024758
4.086813,-2.953555,0.590854,-0.024459
4.085822,-2.953199,0.593567,-0.024175
4.084830,-2.952854,0.596275,-0.023911
4.082848,-2.952194,0.601670,-0.023417
4.081867,-2.951854,0.604383,-0.023189
4.081867,-2.951854,0.604383,-0.023189
4.079908,-2.951206,0.609786,-0.022795
4.079908,-2.951206,0.609786,-0.022795
4.077011,-2.950249,0.617857,-0.022295
4.077011,-2.950249,0.617857,-0.022295
4.076052,-2.949940,0.620537,-0.022158
4.075094,-2.949642,0.623210,-0.022030
4.073237,-2.949016,0.628573,-0.021808
4.072308,-2.948719,0.631243,-0.021715
4.071379,-2.948431,0.633904,-0.021627
4.070480,-2.948135,0.636577,-0.021563
4.068683,-2.947573,0.641900,-0.021468
4.067784,-2.947308,0.644548,-0.021435
4.066919,-2.947025,0.647204,-0.021413
4.066053,-2.946753,0.649852,-0.021410
4.064322,-2.946238,0.655121,-0.021413
4.063479,-2.945974,0.657748,-0.021427
4.062636,-2.945719,0.660367,-0.021450
4.061793,-2.945476,0.662977,-0.021475
4.060114,-2.944995,0.668181,-0.021546
4.059278,-2.944758,0.670774,-0.021594
4.058443,-2.944532,0.673358,-0.021655
4.057608,-2.944316,0.675933,-0.021727
4.056773,-2.944088,0.678499,-0.021800
4.055103,-2.943663,0.683608,-0.021981
4.055103,-2.943663,0.683608,-0.021981
4.054268,-2.943466,0.686152,-0.022077
4.053433,-2.943278,0.688686,-0.022177
4.052604,-2.943104,0.691209,-0.022283
4.050945,-2.942785,0.696229,-0.022498
4.050117,-2.942640,0.698726,-0.022615
4.049295,-2.942496,0.701210,-0.022729
4.047653,-2.942237,0.706185,-0.022972
4.046834,-2.942122,0.708659,-0.023095
4.046834,-2.942122,0.708659,-0.023095
4.045218,-2.941910,0.713560,-0.023344
4.045218,-2.941910,0.713560,-0.023344
4.044412,-2.941818,0.715997,-0.023470
4.042828,-2.941659,0.720852,-0.023736
4.042050,-2.941593,0.723269,-0.023874
4.041273,-2.941535,0.725678,-0.024018
4.040496,-2.941486,0.728078,-0.024152
4.038988,-2.941429,0.732835,-0.024411
4.037483,-2.941406,0.737561,-0.024664
4.036744,-2.941412,0.739911,-0.024790
4.035268,-2.941452,0.744587,-0.025036
4.034532,-2.941484,0.746913,-0.025156
4.033819,-2.941538,0.749237,-0.025276
4.032397,-2.941669,0.753862,-0.025494
4.031688,-2.941748,0.756163,-0.025608
4.031688,-2.941748,0.756163,-0.025608
4.030315,-2.941963,0.760732,-0.025831
4.030315,-2.941963,0.760732,-0.025831
4.029631,-2.942083,0.763004,-0.025932
4.028265,-2.942343,0.767525,-0.026120
4.027602,-2.942508,0.769772,-0.026216
4.026940,-2.942679,0.772010,-0.026297
4.025620,-2.943042,0.776465,-0.026460
4.024988,-2.943257,0.778681,-0.026536
4.024357,-2.943479,0.780890,-0.026600
4.023728,-2.943707,0.783091,-0.026666
4.022496,-2.944191,0.787464,-0.026775
4.021894,-2.944448,0.789648,-0.026816
4.021294,-2.944710,0.791824,-0.026857
4.020695,-2.944978,0.793992,-0.026899
4.019541,-2.945543,0.798295,-0.026982
4.018967,-2.945834,0.800436,-0.027014
4.018395,-2.946130,0.802568,-0.027045
4.017836,-2.946427,0.804687,-0.027080
4.017836,-2.946427,0.804687,-0.027080
4.017279,-2.946728,0.806798,-0.027100
4.016171,-2.947346,0.810999,-0.027132
4.015632,-2.947657,0.813084,-0.027147
4.015096,-2.947972,0.815160,-0.027157
4.014030,-2.948616,0.819293,-0.027169
4.013509,-2.948949,0.821341,-0.027171
4.013509,-2.948949,0.821341,-0.027171
4.012473,-2.949627,0.825416,-0.027151
4.012473,-2.949627,0.825416,-0.027151
4.011436,-2.950332,0.829439,-0.027114
4.010917,-2.950696,0.831429,-0.027086
4.010400,-2.951063,0.833414,-0.027057
4.009886,-2.951434,0.835392,-0.027031
4.008863,-2.952205,0.839307,-0.026970
4.008355,-2.952605,0.841245,-0.026926
4.007849,-2.953009,0.843175,-0.026876
4.007346,-2.953415,0.845100,-0.026827
4.006851,-2.953838,0.846998,-0.026781
4.005868,-2.954689,0.850776,-0.026681
4.005868,-2.954689,0.850776,-0.026681
4.005380,-2.955117,0.852658,-0.026622
4.004889,-2.955554,0.854515,-0.026563
4.003914,-2.956434,0.858214,-0.026427
4.003430,-2.956876,0.860057,-0.026362
4.002944,-2.957321,0.861889,-0.026290
4.002460,-2.957767,0.863716,-0.026211
4.001978,-2.958214,0.865540,-0.026134
4.001021,-2.959118,0.869173,-0.025991
4.001021,-2.959118,0.869173,-0.025991
4.000073,-2.960030,0.872786,-0.025834
4.000073,-2.960030,0.872786,-0.025834
3.998650,-2.961421,0.878172,-0.025587
3.998650,-2.961421,0.878172,-0.025587
3.998177,-2.961888,0.879960,-0.025493
3.997707,-2.962356,0.881744,-0.025413
3.996762,-2.963299,0.885299,-0.025244
3.996293,-2.963771,0.887069,-0.025157
3.995363,-2.964708,0.890589,-0.024964
3.995363,-2.964708,0.890589,-0.024964
3.994443,-2.965638,0.894108,-0.024776
3.993987,-2.966104,0.895860,-0.024678
3.993534,-2.966568,0.897607,-0.024581
3.993068,-2.967021,0.899333,-0.024490
3.992143,-2.967925,0.902774,-0.024312
3.991685,-2.968378,0.904497,-0.024220
3.991206,-2.968821,0.906205,-0.024117
3.990729,-2.969265,0.907909,-0.024009
3.990255,-2.969707,0.909609,-0.023912
3.989294,-2.970604,0.912990,-0.023716
3.988808,-2.971056,0.914673,-0.023623
3.988324,-2.971508,0.916352,-0.023528
3.988324,-2.971508,0.916352,-0.023528
3.987343,-2.972420,0.919733,-0.023325
3.986845,-2.972879,0.921419,-0.023215
3.985860,-2.973793,0.924778,-0.023005
3.985860,-2.973793,0.924778,-0.023005
3.984865,-2.974718,0.928119,-0.022803
3.984374,-2.975178,0.929798,-0.022703
3.983886,-2.975636,0.931472,-0.022597
3.983397,-2.976086,0.933144,-0.022497
3.982912,-2.976535,0.934811,-0.022393
3.981951,-2.977428,0.938130,-0.022183
3.981478,-2.977844,0.939774,-0.022076
3.981008,-2.978259,0.941412,-0.021974
3.980079,-2.979085,0.944704,-0.021772
3.979634,-2.979452,0.946335,-0.021669
3.979192,-2.979819,0.947962,-0.021555
3.978754,-2.980185,0.949585,-0.021441
3.977885,-2.980915,0.952817,-0.021218
3.977462,-2.981240,0.954431,-0.021106
3.977462,-2.981240,0.954431,-0.021106
3.977041,-2.981565,0.956041,-0.020995
3.976623,-2.981889,0.957646,-0.020894
3.975795,-2.982504,0.960828,-0.020674
3.975385,-2.982794,0.962406,-0.020552
3.974979,-2.983084,0.963979,-0.020439
3.974575,-2.983374,0.965548,-0.020323
3.974170,-2.983620,0.967095,-0.020204
3.973368,-2.984113,0.970177,-0.019966
3.972972,-2.984360,0.971712,-0.019846
3.972586,-2.984573,0.973227,-0.019726
3.971824,-2.985003,0.976246,-0.019481
3.971447,-2.985218,0.977761,-0.019357
3.971076,-2.985414,0.979258,-0.019241
3.970708,-2.985609,0.980751,-0.019125
3.969982,-2.986001,0.983724,-0.018882
3.969631,-2.986181,0.985198,-0.018762
3.969284,-2.986361,0.986668,-0.018641
3.968940,-2.986541,0.988135,-0.018512
3.968940,-2.986541,0.988135,-0.018512
3.968266,-2.986892,0.991096,-0.018247
3.967936,-2.987062,0.992571,-0.018114
3.967610,-2.987231,0.994043,-0.017985
3.967287,-2.987401,0.995511,-0.017862
3.966970,-2.987562,0.996973,-0.017736
3.966346,-2.987885,0.999904,-0.017491
3.966039,-2.988046,1.001373,-0.017363
3.965736,-2.988207,1.002837,-0.017234
3.965445,-2.988367,1.004294,-0.017104
3.964874,-2.988685,1.007195,-0.016843
3.964592,-2.988843,1.008639,-0.016717
3.964306,-2.989002,1.010075,-0.016595
3.963744,-2.989319,1.012933,-0.016337
3.963468,-2.989477,1.014356,-0.016203
3.963468,-2.989477,1.014356,-0.016203
3.962920,-2.989790,1.017162,-0.015958
3.962920,-2.989790,1.017162,-0.015958
3.962651,-2.989945,1.018559,-0.015832
3.962115,-2.990261,1.021337,-0.015586
3.961847,-2.990421,1.022718,-0.015469
3.961582,-2.990581,1.024095,-0.015350
3.961321,-2.990741,1.025467,-0.015237
3.960804,-2.991058,1.028165,-0.015000
3.960551,-2.991217,1.029508,-0.014887
3.960301,-2.991375,1.030847,-0.014766
3.959771,-2.991718,1.033440,-0.014541
3.959512,-2.991889,1.034732,-0.014438
3.959257,-2.992059,1.036021,-0.014335
3.958996,-2.992251,1.037273,-0.014233
3.958996,-2.992251,1.037273,-0.014233
3.958740,-2.992442,1.038523,-0.014133
3.958240,-2.992820,1.041016,-0.013938
3.957994,-2.993041,1.042232,-0.013851
3.957751,-2.993261,1.043446,-0.013766
3.957278,-2.993695,1.045866,-0.013605
3.957047,-2.993912,1.047072,-0.013521
3.957047,-2.993912,1.047072,-0.013521
3.956811,-2.994162,1.048243,-0.013431
3.956579,-2.994410,1.049412,-0.013350
3.955894,-2.995170,1.052891,-0.013108
3.955894,-2.995170,1.052891,-0.013108
3.955666,-2.995438,1.054036,-0.013035
3.955442,-2.995703,1.055179,-0.012964
3.955001,-2.996240,1.057443,-0.012843
3.954784,-2.996511,1.058570,-0.012772
3.954571,-2.996781,1.059695,-0.012704
3.954363,-2.997048,1.060820,-0.012642
3.953926,-2.997618,1.063033,-0.012529
3.953713,-2.997900,1.064138,-0.012470
3.953505,-2.998179,1.065243,-0.012411
3.953295,-2.998490,1.066325,-0.012359
3.952885,-2.999105,1.068489,-0.012268
3.952686,-2.999409,1.069570,-0.012230
3.952479,-2.999750,1.070650,-0.012185
3.952276,-3.000089,1.071728,-0.012148
3.951884,-3.000757,1.073885,-0.012079
3.951684,-3.001137,1.074972,-0.012039
3.951490,-3.001514,1.076057,-0.012012
3.951299,-3.001887,1.077142,-0.011977
3.951299,-3.001887,1.077142,-0.011977
3.950918,-3.002651,1.079304,-0.011924
3.950729,-3.003043,1.080381,-0.011898
3.950544,-3.003431,1.081457,-0.011882
3.950363,-3.003816,1.082533,-0.011861
3.950006,-3.004591,1.084680,-0.011819
3.949829,-3.004982,1.085751,-0.011805
3.949657,-3.005370,1.086822,-0.011784
3.949490,-3.005754,1.087892,-0.011761
3.949328,-3.006163,1.088960,-0.011742
3.949016,-3.006968,1.091093,-0.011709
3.948867,-3.007365,1.092157,-0.011702
3.948707,-3.007781,1.093198,-0.011690
3.948400,-3.008601,1.095276,-0.011680
3.948253,-3.009005,1.096314,-0.011662
3.948253,-3.009005,1.096314,-0.011662
3.947961,-3.009820,1.098365,-0.011646
3.947961,-3.009820,1.098365,-0.011646
3.947543,-3.011018,1.101424,-0.011619
3.947543,-3.011018,1.101424,-0.011619
3.947405,-3.011415,1.102436,-0.011611
3.947272,-3.011806,1.103446,-0.011609
3.947142,-3.012193,1.104455,-0.011601
3.946860,-3.012943,1.106449,-0.011572
3.946726,-3.013311,1.107446,-0.011559
3.946597,-3.013674,1.108442,-0.011547
3.946453,-3.014024,1.109427,-0.011532
3.946179,-3.014709,1.111397,-0.011501
3.946050,-3.015045,1.112381,-0.011485
3.945905,-3.015379,1.113360,-0.011466
3.945905,-3.015379,1.113360,-0.011466
3.945630,-3.016034,1.115318,-0.011423
3.945499,-3.016353,1.116295,-0.011399
3.945374,-3.016668,1.117272,-0.011378
3.945237,-3.016976,1.118236,-0.011363
3.944979,-3.017578,1.120160,-0.011306
3.944857,-3.017872,1.121139,-0.011284
3.944735,-3.018178,1.122095,-0.011250
3.944618,-3.018478,1.123050,-0.011217
3.944505,-3.018773,1.124004,-0.011184
3.944307,-3.019347,1.125883,-0.011107
3.944307,-3.019347,1.125883,-0.011107
3.944138,-3.019898,1.127732,-0.011035
3.944138,-3.019898,1.127732,-0.011035
3.943913,-3.020678,1.130480,-0.010920
3.943913,-3.020678,1.130480,-0.010920
3.943846,-3.020926,1.131392,-0.010871
3.943784,-3.021169,1.132303,-0.010822
3.943650,-3.021616,1.134133,-0.010728
3.943589,-3.021831,1.135055,-0.010677
3.943532,-3.022040,1.135975,-0.010629
3.943466,-3.022219,1.136895,-0.010580
3.943466,-3.022219,1.136895,-0.010580
3.943347,-3.022562,1.138735,-0.010462
3.943294,-3.022726,1.139654,-0.010402
3.943228,-3.022862,1.140570,-0.010337
3.943168,-3.022994,1.141487,-0.010279
3.943058,-3.023244,1.143318,-0.010151
3.943007,-3.023344,1.144225,-0.010089
3.943007,-3.023344,1.144225,-0.010089
3.942960,-3.023438,1.145130,-0.010016
3.942916,-3.023529,1.146034,-0.009952
3.942841,-3.023699,1.147841,-0.009812
3.942800,-3.023779,1.148732,-0.009738
3.942763,-3.023855,1.149622,-0.009660
3.942730,-3.023927,1.150511,-0.009585
3.942730,-3.023927,1.150511,-0.009585
3.942674,-3.024050,1.152275,-0.009449
3.942651,-3.024102,1.153151,-0.009380
3.942633,-3.024150,1.154027,-0.009302
3.942618,-3.024195,1.154902,-0.009224
3.942591,-3.024234,1.155777,-0.009141
3.942548,-3.024300,1.157523,-0.008996
3.942532,-3.024327,1.158395,-0.008918
3.942508,-3.024356,1.159277,-0.008849
3.942470,-3.024403,1.161037,-0.008703
3.942457,-3.024422,1.161919,-0.008626
3.942441,-3.024452,1.162811,-0.008543
3.942429,-3.024479,1.163701,-0.008467
3.942429,-3.024479,1.163701,-0.008467
3.942403,-3.024554,1.166375,-0.008259
3.942403,-3.024554,1.166375,-0.008259
3.942394,-3.024582,1.167271,-0.008195
3.942389,-3.024606,1.168166,-0.008123
3.942391,-3.024665,1.169954,-0.007988
3.942399,-3.024698,1.170848,-0.007929
3.942399,-3.024698,1.170848,-0.007929
3.942409,-3.024729,1.171740,-0.007868
3.942423,-3.024755,1.172630,-0.007817
3.942442,-3.024788,1.173528,-0.007762
3.942492,-3.024843,1.175326,-0.007657
3.942521,-3.024865,1.176224,-0.007611
3.942554,-3.024886,1.177119,-0.007563
3.942634,-3.024912,1.178922,-0.007462
3.942677,-3.024922,1.179819,-0.007411
3.942677,-3.024922,1.179819,-0.007411
3.942723,-3.024929,1.180712,-0.007361
3.942789,-3.024915,1.181611,-0.007317
3.942926,-3.024882,1.183425,-0.007228
3.942999,-3.024863,1.184326,-0.007186
3.943105,-3.024832,1.185232,-0.007142
3.943213,-3.024799,1.186134,-0.007106
3.943213,-3.024799,1.186134,-0.007106
3.943322,-3.024765,1.187032,-0.007074
3.943572,-3.024687,1.188832,-0.006994
3.943572,-3.024687,1.188832,-0.006994
3.943711,-3.024644,1.189732,-0.006962
3.943851,-3.024599,1.190628,-0.006930
3.943994,-3.024551,1.191519,-0.006904
3.944317,-3.024459,1.193288,-0.006843
3.944481,-3.024410,1.194165,-0.006809
3.944646,-3.024359,1.195037,-0.006774
3.945017,-3.024237,1.196772,-0.006710
3.945205,-3.024174,1.197633,-0.006684
3.945393,-3.024108,1.198490,-0.006659
3.945595,-3.024035,1.199352,-0.006637
3.945797,-3.023961,1.200209,-0.006609
3.946206,-3.023805,1.201909,-0.006557
3.946430,-3.023715,1.202757,-0.006529
3.946656,-3.023625,1.203600,-0.006506
3.947108,-3.023439,1.205272,-0.006471
3.947336,-3.023344,1.206101,-0.006454
3.947574,-3.023247,1.206922,-0.006439
3.947813,-3.023150,1.207739,-0.006426
3.947813,-3.023150,1.207739,-0.006426
3.948052,-3.023051,1.208550,-0.006406
3.948528,-3.022849,1.210156,-0.006371
3.948764,-3.022747,1.210950,-0.006355
3.949001,-3.022643,1.211740,-0.006339
3.949238,-3.022537,1.212526,-0.006327
3.949705,-3.022342,1.214098,-0.006338
3.949943,-3.022230,1.214919,-0.006423
3.950183,-3.022105,1.215774,-0.006609
3.950693,-3.021845,1.217532,-0.007440
3.950949,-3.021705,1.218396,-0.008149
3.951205,-3.021562,1.219215,-0.009102
3.951487,-3.021439,1.219982,-0.010292
3.952039,-3.021216,1.221274,-0.013432
3.952308,-3.021123,1.221782,-0.015376
3.952594,-3.021068,1.222190,-0.017581
3.952872,-3.021034,1.222496,-0.020051
3.952872,-3.021034,1.222496,-0.020051
3.953399,-3.021046,1.222800,-0.025781
3.953655,-3.021116,1.222781,-0.029033
3.954125,-3.021373,1.222444,-0.036310
3.954125,-3.021373,1.222444,-0.036310
3.954519,-3.021835,1.221658,-0.044614
3.954681,-3.022154,1.221094,-0.049146
3.954817,-3.022528,1.220446,-0.053923
3.954925,-3.022961,1.219714,-0.058946
3.954925,-3.022961,1.219714,-0.058946
3.955035,-3.024039,1.217949,-0.069719
3.955030,-3.024690,1.216912,-0.075465
3.954985,-3.025409,1.215804,-0.081439
3.954896,-3.026197,1.214629,-0.087629
3.954748,-3.027094,1.213297,-0.094053
3.954298,-3.029111,1.210456,-0.107516
3.953990,-3.030233,1.208955,-0.114552
3.953582,-3.031491,1.207312,-0.121779
3.953582,-3.031491,1.207312,-0.121779
3.952574,-3.034240,1.203895,-0.136803
3.951968,-3.035723,1.202125,-0.144569
3.951234,-3.037366,1.200238,-0.152593
3.950426,-3.039085,1.198317,-0.160780
3.949542,-3.040879,1.196367,-0.169123
3.947452,-3.044778,1.192319,-0.186268
3.946240,-3.046880,1.190228,-0.195064
3.944945,-3.049051,1.188119,-0.203996
3.941990,-3.053673,1.183802,-0.222260
3.940329,-3.056120,1.181610,-0.231838
3.938578,-3.058627,1.179409,-0.241545
3.936737,-3.061193,1.177202,-0.251381
3.936737,-3.061193,1.177202,-0.251381
3.932542,-3.066666,1.172708,-0.271445
3.930309,-3.069479,1.170460,-0.281663
3.927986,-3.072337,1.168213,-0.292016
3.925439,-3.075307,1.165951,-0.302483
3.920080,-3.081345,1.161487,-0.324223
3.917266,-3.084417,1.159267,-0.335475
3.914363,-3.087520,1.157056,-0.346839
3.911242,-3.090681,1.154852,-0.358324
3.904745,-3.097076,1.150481,-0.381717
3.901374,-3.100306,1.148329,-0.393595
3.897788,-3.103545,1.146188,-0.405592
3.894127,-3.106792,1.144058,-0.417770
3.890391,-3.110051,1.141936,-0.430579
3.882562,-3.116584,1.137722,-0.456563
3.882562,-3.116584,1.137722,-0.456563
3.878476,-3.119853,1.135627,-0.469805
3.874327,-3.123124,1.133534,-0.483173
3.865710,-3.129634,1.129398,-0.510288
3.861248,-3.132864,1.127328,-0.524117
3.856733,-3.136087,1.125254,-0.538539
3.852166,-3.139302,1.123175,-0.553090
3.847430,-3.142463,1.121102,-0.567770
3.837828,-3.148757,1.116936,-0.597634
3.832965,-3.151886,1.114841,-0.612755
3.827960,-3.154953,1.112743,-0.628002
3.827960,-3.154953,1.112743,-0.628002
3.817846,-3.161044,1.108507,-0.658993
3.812739,-3.164064,1.106367,-0.674962
3.807528,-3.167019,1.104217,-0.691048
3.802291,-3.169959,1.102049,-0.707313
3.791744,-3.175795,1.097655,-0.740165
3.786376,-3.178626,1.095436,-0.756747
3.780988,-3.181443,1.093197,-0.773497
3.780988,-3.181443,1.093197,-0.773497
3.775582,-3.184248,1.090935,-0.790353
3.764713,-3.189808,1.086348,-0.824435
3.759220,-3.192507,1.084029,-0.841661
3.753712,-3.195195,1.081686,-0.859019
3.748189,-3.197872,1.079318,-0.876472
3.737080,-3.203128,1.074507,-0.911625
3.731495,-3.205709,1.072064,-0.929382
3.725897,-3.208281,1.069597,-0.947230
3.720286,-3.210841,1.067105,-0.965162
3.709010,-3.215786,1.062067,-1.001121
3.703350,-3.218248,1.059514,-1.019250
3.697675,-3.220702,1.056938,-1.037461
3.691987,-3.223078,1.054315,-1.055753
3.680561,-3.227807,1.048998,-1.092649
3.674826,-3.230157,1.046306,-1.111211
3.669083,-3.232434,1.043575,-1.129669
3.663321,-3.234701,1.040826,-1.148237
3.663321,-3.234701,1.040826,-1.148237
3.645917,-3.241369,1.032465,-1.204466
3.645917,-3.241369,1.032465,-1.204466
3.634211,-3.245661,1.026797,-1.242438
3.634211,-3.245661,1.026797,-1.242438
3.622407,-3.249819,1.021087,-1.280739
3.616469,-3.251836,1.018214,-1.299819
3.610506,-3.253825,1.015338,-1.318986
3.604516,-3.255782,1.012461,-1.338243
3.592424,-3.259443,1.006660,-1.377051
3.586339,-3.261213,1.003764,-1.396604
3.586339,-3.261213,1.003764,-1.396604
3.580229,-3.262938,1.000871,-1.416247
3.574095,-3.264614,0.997982,-1.435971
3.561707,-3.267663,0.992194,-1.475501
3.555482,-3.269105,0.989310,-1.495304
3.549237,-3.270489,0.986432,-1.515202
3.542940,-3.271704,0.983543,-1.535197
3.536628,-3.272856,0.980663,-1.555337
3.523961,-3.274956,0.974931,4.687264
3.517596,-3.275772,0.972056,4.666834
3.511228,-3.276522,0.969192,4.646245
3.504855,-3.277198,0.966337,4.625783
3.492092,-3.278192,0.960659,4.584565
3.492092,-3.278192,0.960659,4.584565
3.479325,-3.278744,0.955019,4.542809
3.479325,-3.278744,0.955019,4.542809
3.466573,-3.278843,0.949422,4.500646
3.460212,-3.278715,0.946638,4.479353
3.453862,-3.278506,0.943861,4.458157
3.447526,-3.278217,0.941089,4.436859
3.434942,-3.277099,0.935639,4.393875
3.428679,-3.276421,0.932917,4.372190
3.422437,-3.275663,0.930197,4.350398
3.416255,-3.274682,0.927508,4.328488
3.403972,-3.272502,0.922128,4.284241
3.397874,-3.271306,0.919451,4.262188
3.391847,-3.269883,0.916799,4.240041
3.385849,-3.268386,0.914152,4.217754
3.373945,-3.265166,0.908901,4.172947
3.368042,-3.263442,0.906313,4.150436
3.362230,-3.261494,0.903781,4.127875
3.356453,-3.259470,0.901294,4.105214
3.345020,-3.255235,0.896495,4.060069
3.339414,-3.252843,0.894224,4.037606
3.339414,-3.252843,0.894224,4.037606
3.333844,-3.250375,0.892042,4.015088
3.328311,-3.247827,0.889959,3.992580
3.322815,-3.245198,0.887988,3.970096
3.312099,-3.239401,0.884506,3.925209
3.306798,-3.236380,0.882992,3.902825
3.301544,-3.233300,0.881639,3.880511
3.291361,-3.226623,0.879521,3.836562
3.286323,-3.223167,0.878700,3.814701
3.281318,-3.219634,0.878025,3.792950
3.276464,-3.215899,0.877572,3.771301
3.266847,-3.208219,0.877032,3.728286
3.262086,-3.204302,0.876916,3.706984
3.262086,-3.204302,0.876916,3.706984
3.257464,-3.200193,0.877001,3.686012
3.252865,-3.196025,0.877158,3.665163
3.243738,-3.187516,0.877637,3.623947
3.239294,-3.183061,0.878062,3.603601
3.234871,-3.178554,0.878511,3.583386
3.230468,-3.173996,0.878973,3.563358
3.221803,-3.164652,0.880008,3.523875
3.217539,-3.159869,0.880567,3.504543
3.213293,-3.155041,0.881116,3.485404
3.209063,-3.150168,0.881653,3.466464
3.200743,-3.140224,0.882773,3.429141
3.196653,-3.135153,0.883345,3.410738
3.192579,-3.130040,0.883900,3.392520
3.188522,-3.124885,0.884440,3.374495
3.184569,-3.119647,0.884996,3.356659
3.176714,-3.109050,0.886071,3.321761
3.172812,-3.103692,0.886590,3.304581
3.169000,-3.098242,0.887107,3.287594
3.161427,-3.087226,0.888102,3.254140
3.157667,-3.081661,0.888581,3.237691
3.153991,-3.076012,0.889050,3.221428
3.150337,-3.070341,0.889509,3.205346
3.143080,-3.058893,0.890399,3.173933
3.139537,-3.053091,0.890835,3.158506
3.136013,-3.047256,0.891262,3.143252
3.132507,-3.041388,0.891681,3.128167
3.132507,-3.041388,0.891681,3.128167
3.125591,-3.029546,0.892518,3.098567
3.122182,-3.023583,0.892935,3.084028
3.118793,-3.017591,0.893345,3.069741
3.115423,-3.011568,0.893748,3.055638
3.112096,-3.005510,0.894167,3.041718
3.105497,-2.993309,0.894984,3.014404
3.102227,-2.987168,0.895384,3.001020
3.099014,-2.980985,0.895809,2.987813
3.092646,-2.968553,0.896702,2.961944
3.089489,-2.962304,0.897138,2.949332
3.086351,-2.956033,0.897568,2.936901
3.083286,-2.949731,0.898028,2.924648
3.083286,-2.949731,0.898028,2.924648
3.080238,-2.943407,0.898483,2.912567
3.074198,-2.930695,0.899374,2.888938
3.071261,-2.924313,0.899850,2.877389
3.068342,-2.917913,0.900322,2.866007
3.065441,-2.911501,0.900790,2.854810
3.062558,-2.905071,0.901253,2.843841
3.056955,-2.892154,0.902222,2.822404
3.054179,-2.885670,0.902699,2.811952
3.051419,-2.879171,0.903173,2.801673
3.046039,-2.866131,0.904155,2.781643
3.043373,-2.859589,0.904640,2.771883
3.040722,-2.853040,0.905122,2.762305
3.040722,-2.853040,0.905122,2.762305
3.038147,-2.846492,0.905606,2.752947
3.033043,-2.833358,0.906565,2.734715
3.030514,-2.826771,0.907042,2.725861
3.028052,-2.820207,0.907519,2.717188
3.028052,-2.820207,0.907519,2.717188
3.025604,-2.813632,0.907994,2.708671
3.020751,-2.800453,0.908937,2.692152
3.018391,-2.793877,0.909404,2.684186
3.016044,-2.787292,0.909870,2.676385
3.011389,-2.774095,0.910801,2.661312
3.009129,-2.767501,0.911264,2.654031
3.009129,-2.767501,0.911264,2.654031
3.006882,-2.760900,0.911725,2.646904
3.004647,-2.754289,0.912186,2.639952
3.002424,-2.747671,0.912647,2.633175
2.998061,-2.734458,0.913562,2.620159
2.995919,-2.727859,0.914016,2.613918
2.993788,-2.721254,0.914470,2.607848
2.989599,-2.708050,0.915363,2.596212
2.987540,-2.701453,0.915800,2.590636
2.985490,-2.694850,0.916239,2.585228
2.983450,-2.688241,0.916679,2.579987
2.979470,-2.675058,0.917563,2.570046
2.977492,-2.668458,0.918009,2.565346
2.975522,-2.661852,0.918456,2.560808
2.973592,-2.655265,0.918906,2.556436
2.969754,-2.642077,0.919813,2.548185
2.967845,-2.635476,0.920278,2.544302
2.965970,-2.628891,0.920743,2.540580
2.964101,-2.622304,0.921210,2.537024
2.960379,-2.609118,0.922152,2.530464
2.958560,-2.602546,0.922627,2.527439
2.956746,-2.595971,0.923105,2.524557
2.954937,-2.589391,0.923587,2.521846
2.954937,-2.589391,0.923587,2.521846
2.949575,-2.569644,0.925044,2.514698
2.949575,-2.569644,0.925044,2.514698
2.947802,-2.563058,0.925534,2.512652
2.946033,-2.556467,0.926027,2.510769
2.942543,-2.543295,0.927038,2.507494
2.940801,-2.536704,0.927548,2.506099
2.939063,-2.530108,0.928060,2.504858
2.937326,-2.523508,0.928575,2.503778
2.933880,-2.510287,0.929633,2.502079
2.932159,-2.503671,0.930165,2.501497
2.930440,-2.497052,0.930701,2.501073
2.928721,-2.490437,0.931243,2.500807
2.927005,-2.483818,0.931788,2.500696
2.923575,-2.470568,0.932887,2.500935
2.921847,-2.463947,0.933441,2.501293
2.920120,-2.457322,0.933999,2.501801
2.918394,-2.450694,0.934560,2.502467
2.914944,-2.437428,0.935709,2.504296
2.913221,-2.430790,0.936298,2.505447
2.911498,-2.424148,0.936889,2.506749
2.909775,-2.417501,0.937484,2.508204
2.906317,-2.404196,0.938718,2.511570
2.906317,-2.404196,0.938718,2.511570
2.902860,-2.390875,0.939966,2.515541
2.902860,-2.390875,0.939966,2.515541
2.901115,-2.384197,0.940616,2.517770
2.897626,-2.370826,0.941925,2.522683
2.895882,-2.364133,0.942585,2.525365
2.894136,-2.357425,0.943266,2.528196
2.892389,-2.350712,0.943949,2.531178
2.888896,-2.337273,0.945322,2.537591
2.887138,-2.330530,0.946033,2.541028
2.885380,-2.323783,0.946746,2.544618
2.881862,-2.310273,0.948180,2.552229
2.880102,-2.303511,0.948902,2.556249
2.880102,-2.303511,0.948902,2.556249
2.876585,-2.289947,0.950374,2.564729
2.874826,-2.283158,0.951115,2.569194
2.874826,-2.283158,0.951115,2.569194
2.871317,-2.269555,0.952611,2.578554
2.869566,-2.262741,0.953366,2.583466
2.867815,-2.255922,0.954124,2.588521
2.864326,-2.242264,0.955645,2.599051
2.862588,-2.235425,0.956421,2.604522
2.860849,-2.228580,0.957200,2.610144
2.859109,-2.221729,0.957982,2.615913
2.859109,-2.221729,0.957982,2.615913
2.853921,-2.201207,0.960389,2.634065
2.853921,-2.201207,0.960389,2.634065
2.850459,-2.187511,0.962033,2.646875
2.850459,-2.187511,0.962033,2.646875
2.846993,-2.173809,0.963714,2.660231
2.845258,-2.166949,0.964560,2.667119
2.843519,-2.160083,0.965432,2.674132
2.841778,-2.153213,0.966311,2.681283
2.838289,-2.139457,0.968108,2.695949
2.836526,-2.132562,0.969054,2.703452
2.834760,-2.125662,0.970029,2.711060
2.832990,-2.118758,0.971040,2.718771
2.832990,-2.118758,0.971040,2.718771
2.827600,-2.097998,0.974400,2.742401
2.827600,-2.097998,0.974400,2.742401
2.823966,-2.084128,0.976953,2.758546
2.823966,-2.084128,0.976953,2.758546
2.820279,-2.070248,0.979835,2.774929
2.818409,-2.063306,0.981420,2.783191
2.816536,-2.056360,0.983100,2.791490
2.814656,-2.049410,0.984884,2.799833
2.810802,-2.035518,0.988897,2.816586
2.808865,-2.028568,0.991085,2.824999
2.806921,-2.021615,0.993403,2.833424
2.804932,-2.014677,0.995933,2.841848
2.802936,-2.007737,0.998607,2.850269
2.798920,-1.993849,1.004410,2.867069
2.796860,-1.986930,1.007650,2.875439
2.794791,-1.980009,1.011045,2.883781
2.792713,-1.973087,1.014599,2.892093
2.788502,-1.959280,1.022256,2.908632
2.788502,-1.959280,1.022256,2.908632
2.786369,-1.952396,1.026340,2.916847
2.784226,-1.945511,1.030541,2.924999
2.779866,-1.931779,1.039390,2.941148
2.777649,-1.924932,1.044019,2.949128
2.775424,-1.918085,1.048727,2.957038
2.773189,-1.911238,1.053507,2.964877
2.768586,-1.897633,1.063506,2.980339
2.766273,-1.890830,1.068580,2.987949
2.763953,-1.884028,1.073694,2.995474
2.761567,-1.877253,1.078983,3.002914
2.761567,-1.877253,1.078983,3.002914
2.754369,-1.856933,1.094994,3.024672
2.754369,-1.856933,1.094994,3.024672
2.749488,-1.843416,1.105808,3.038706
2.749488,-1.843416,1.105808,3.038706
2.744537,-1.829928,1.116704,3.052303
2.742055,-1.823186,1.122144,3.058935
2.739524,-1.816452,1.127606,3.065453
2.736989,-1.809719,1.133053,3.071850
2.734453,-1.802988,1.138482,3.078142
2.729328,-1.789527,1.149291,3.090359
2.726739,-1.782797,1.154665,3.096287
2.724150,-1.776070,1.160012,3.102090
2.718917,-1.762622,1.170611,3.113333
2.716274,-1.755901,1.175859,3.118751
2.713631,-1.749181,1.181071,3.124035
2.710987,-1.742461,1.186247,3.129197
2.705590,-1.729013,1.196462,3.139133
2.702892,-1.722289,1.201531,3.143906
2.700195,-1.715566,1.206558,3.148545
2.697452,-1.708829,1.211511,3.153060
2.697452,-1.708829,1.211511,3.153060
2.694712,-1.702092,1.216421,3.157427
2.689236,-1.688615,1.226104,3.165762
2.686469,-1.681882,1.230837,3.169730
2.683703,-1.675147,1.235523,3.173563
2.678178,-1.661675,1.244771,3.180840
2.675382,-1.654937,1.249282,3.184275
2.672589,-1.648198,1.253744,3.187575
2.669798,-1.641456,1.258157,3.190742
2.664225,-1.627967,1.266833,3.196675
2.661423,-1.621215,1.271062,3.199450
2.658625,-1.614462,1.275242,3.202098
2.655829,-1.607706,1.279371,3.204612
2.653036,-1.600947,1.283449,3.207002
2.647439,-1.587417,1.291381,3.211402
2.644645,-1.580647,1.295272,3.213407
2.641855,-1.573876,1.299114,3.215292
2.636261,-1.560310,1.306584,3.218686
2.636261,-1.560310,1.306584,3.218686
2.633469,-1.553523,1.310245,3.220207
2.630681,-1.546732,1.313857,3.221606
2.627872,-1.539928,1.317367,3.222882
2.622266,-1.526308,1.324244,3.225101
2.619469,-1.519494,1.327611,3.226039
2.619469,-1.519494,1.327611,3.226039
2.613830,-1.505801,1.334106,3.227573
2.613830,-1.505801,1.334106,3.227573
2.605400,-1.485224,1.343462,3.229067
2.605400,-1.485224,1.343462,3.229067
2.602596,-1.478351,1.346462,3.229356
2.599797,-1.471475,1.349419,3.229547
2.594199,-1.457679,1.355172,3.229621
2.591400,-1.450760,1.357969,3.229512
2.588606,-1.443837,1.360723,3.229307
2.585816,-1.436911,1.363435,3.229006
2.582994,-1.429959,1.366075,3.228613
2.577365,-1.416042,1.371234,3.227578
2.574557,-1.409079,1.373752,3.226930
2.571754,-1.402113,1.376229,3.226194
2.566116,-1.388124,1.381006,3.224489
2.563302,-1.381125,1.383337,3.223518
2.563302,-1.381125,1.383337,3.223518
2.560493,-1.374123,1.385630,3.222488
2.557658,-1.367106,1.387857,3.221389
2.552000,-1.353065,1.392207,3.218965
2.549177,-1.346041,1.394327,3.217654
2.546308,-1.338999,1.396381,3.216283
2.543443,-1.331954,1.398400,3.214840
2.543443,-1.331954,1.398400,3.214840
2.540582,-1.324907,1.400385,3.213340
2.534823,-1.310799,1.404206,3.210167
2.531926,-1.303739,1.406043,3.208510
2.529032,-1.296676,1.407849,3.206808
2.526142,-1.289611,1.409623,3.205052
2.520279,-1.275462,1.412970,3.201396
2.520279,-1.275462,1.412970,3.201396
2.517353,-1.268384,1.414601,3.199504
2.514429,-1.261304,1.416203,3.197572
2.508489,-1.247133,1.419250,3.193593
2.505524,-1.240045,1.420734,3.191553
2.502563,-1.232954,1.422192,3.189496
2.499556,-1.225833,1.423594,3.187399
2.493553,-1.211588,1.426327,3.183122
2.490555,-1.204463,1.427656,3.180951
2.490555,-1.204463,1.427656,3.180951
2.487509,-1.197304,1.428936,3.178757
2.484468,-1.190143,1.430193,3.176546
2.478390,-1.175818,1.432641,3.172069
2.475354,-1.168655,1.433833,3.169814
2.472284,-1.161476,1.434985,3.167549
2.469216,-1.154296,1.436116,3.165276
2.466150,-1.147116,1.437227,3.162997
2.459992,-1.132726,1.439370,3.158421
2.456899,-1.125517,1.440404,3.156130
2.453809,-1.118307,1.441419,3.153831
2.450720,-1.111099,1.442417,3.151545
2.444479,-1.096659,1.444311,3.146978
2.441361,-1.089440,1.445234,3.144699
2.438245,-1.082221,1.446140,3.142426
2.431930,-1.067774,1.447847,3.137925
2.428774,-1.060553,1.448678,3.135690
2.425620,-1.053333,1.449494,3.133471
2.422412,-1.046102,1.450267,3.131274
2.422412,-1.046102,1.450267,3.131274
2.412799,-1.024418,1.452511,3.124773
2.412799,-1.024418,1.452511,3.124773
2.409542,-1.017186,1.453199,3.122652
2.406286,-1.009956,1.453876,3.120548
2.403032,-1.002728,1.454542,3.118461
2.396461,-0.988283,1.455827,3.114381
2.396461,-0.988283,1.455827,3.114381
2.393145,-0.981065,1.456447,3.112373
2.389831,-0.973849,1.457057,3.110400
2.386517,-0.966636,1.457659,3.108454
2.379763,-0.952217,1.458812,3.104646
2.376388,-0.945011,1.459375,3.102792
2.373013,-0.937808,1.459929,3.100965
2.369640,-0.930608,1.460475,3.099183
2.362802,-0.916202,1.461531,3.095715
2.362802,-0.916202,1.461531,3.095715
2.355969,-0.901807,1.462558,3.092374
2.355969,-0.901807,1.462558,3.092374
2.352522,-0.894617,1.463045,3.090769
2.345631,-0.880245,1.463998,3.087680
2.342185,-0.873064,1.464463,3.086189
2.338722,-0.865890,1.464911,3.084737
2.331795,-0.851552,1.465787,3.081953
2.328331,-0.844389,1.466215,3.080622
2.324833,-0.837224,1.466633,3.079324
2.321335,-0.830064,1.467045,3.078059
2.321335,-0.830064,1.467045,3.078059
2.314338,-0.815754,1.467857,3.075685
2.310802,-0.808595,1.468247,3.074557
2.307266,-0.801440,1.468631,3.073471
2.303729,-0.794290,1.469009,3.072428
2.300192,-0.787144,1.469383,3.071423
2.293032,-0.772834,1.470090,3.069534
2.289451,-0.765686,1.470439,3.068647
2.285870,-0.758543,1.470782,3.067811
2.285870,-0.758543,1.470782,3.067811
2.278646,-0.744212,1.471435,3.123302
2.275033,-0.737055,1.471754,3.122590
2.271420,-0.729903,1.472067,3.121927
2.267778,-0.722721,1.472380,3.121299
2.260493,-0.708375,1.472992,3.120161
2.256850,-0.701212,1.473291,3.119643
2.253207,-0.694056,1.473587,3.119162
2.249546,-0.686883,1.473876,3.118719
2.249546,-0.686883,1.473876,3.118719
2.238558,-0.665407,1.474721,3.117316
2.238558,-0.665407,1.474721,3.117316
2.234888,-0.658246,1.474982,3.116907
2.231217,-0.651093,1.475239,3.116513
2.227545,-0.643947,1.475492,3.116139
2.220180,-0.629651,1.475975,3.115432
2.220180,-0.629651,1.475975,3.115432
2.216488,-0.622502,1.476204,3.115098
2.212793,-0.615360,1.476430,3.114774
2.205390,-0.601083,1.476857,3.114165
2.201682,-0.593948,1.477052,3.113870
2.197971,-0.586820,1.477242,3.113583
2.194258,-0.579701,1.477427,3.113312
2.194258,-0.579701,1.477427,3.113312
2.190517,-0.572575,1.477587,3.113050
2.183030,-0.558349,1.477908,3.112545
2.179283,-0.551249,1.478069,3.112302
2.175508,-0.544140,1.478197,3.112071
2.175508,-0.544140,1.478197,3.112071
2.167953,-0.529947,1.478441,3.111633
2.164170,-0.522863,1.478558,3.111418
2.164170,-0.522863,1.478558,3.111418
2.160350,-0.515772,1.478639,3.111212
2.156526,-0.508690,1.478718,3.111011
2.156526,-0.508690,1.478718,3.111011
2.148870,-0.494551,1.478880,3.110620
2.145018,-0.487471,1.478937,3.110430
2.145018,-0.487471,1.478937,3.110430
2.141163,-0.480399,1.478992,3.110240
2.137305,-0.473336,1.479044,3.110059
2.137305,-0.473336,1.479044,3.110059
2.129577,-0.459238,1.479141,3.109722
2.125700,-0.452188,1.479181,3.109565
2.125700,-0.452188,1.479181,3.109565
2.121820,-0.445149,1.479218,3.109396
2.117935,-0.438119,1.479254,3.109235
2.117935,-0.438119,1.479254,3.109235
2.110126,-0.424072,1.479317,3.108950
2.106201,-0.417056,1.479345,3.108810
2.102272,-0.410049,1.479371,3.108673
2.098337,-0.403052,1.479395,3.108545
2.098337,-0.403052,1.479395,3.108545
2.090421,-0.389063,1.479451,3.108301
2.086454,-0.382083,1.479476,3.108181
2.082483,-0.375113,1.479501,3.108075
2.078503,-0.368143,1.479533,3.107965
2.078503,-0.368143,1.479533,3.107965
2.070526,-0.354232,1.479595,3.107761
2.066530,-0.347293,1.479641,3.107670
2.066530,-0.347293,1.479641,3.107670
2.062506,-0.340343,1.479698,3.107587
2.058477,-0.333403,1.479753,3.107502
2.058477,-0.333403,1.479753,3.107502
2.046320,-0.312623,1.479923,3.107280
2.046320,-0.312623,1.479923,3.107280
2.042235,-0.305700,1.479987,3.107198
2.038144,-0.298789,1.480048,3.107137
2.029909,-0.284968,1.480178,3.107011
2.025766,-0.278059,1.480245,3.106938
2.025766,-0.278059,1.480245,3.106938
2.021616,-0.271161,1.480311,3.106868
2.017460,-0.264276,1.480373,3.106807
2.013272,-0.257370,1.480450,3.106750
2.004874,-0.243595,1.480596,3.106622
2.004874,-0.243595,1.480596,3.106622
2.000666,-0.236727,1.480665,3.106568
1.996450,-0.229871,1.480730,3.106522
1.987969,-0.216147,1.480841,3.106428
1.983718,-0.209305,1.480892,3.106384
1.979459,-0.202476,1.480940,3.106345
1.975157,-0.195626,1.480974,3.106304
1.966532,-0.181965,1.481034,3.106202
1.962208,-0.175154,1.481059,3.106161
1.957843,-0.168324,1.481082,3.106127
1.953470,-0.161507,1.481102,3.106071
1.949089,-0.154705,1.481120,3.106021
1.940265,-0.141099,1.481157,3.105928
1.940265,-0.141099,1.481157,3.105928
1.931368,-0.127508,1.481192,3.105804
1.931368,-0.127508,1.481192,3.105804
1.922394,-0.113939,1.481215,3.105702
1.917872,-0.107157,1.481224,3.105619
1.913342,-0.100391,1.481229,3.105552
1.908804,-0.093642,1.481232,3.105490
1.904205,-0.086870,1.481223,3.105438
1.894982,-0.073378,1.481198,3.105273
1.890358,-0.066658,1.481181,3.105202
1.885668,-0.059910,1.481154,3.105134
1.885668,-0.059910,1.481154,3.105134
1.876263,-0.046468,1.481092,3.104948
1.871547,-0.039773,1.481057,3.104871
1.866752,-0.033051,1.480997,3.104791
1.861949,-0.026347,1.480935,3.104682
1.852317,-0.012998,1.480805,3.104490
1.847487,-0.006351,1.480738,3.104400
1.842595,0.000313,1.480648,3.104311
1.837694,0.006957,1.480556,3.104195
1.827863,0.020186,1.480374,3.103987
1.822906,0.026807,1.480260,3.103899
1.817938,0.033406,1.480145,3.103775
1.812960,0.039984,1.480028,3.103661
1.802950,0.053113,1.479772,3.103469
1.797917,0.059662,1.479633,3.103346
1.797917,0.059662,1.479633,3.103346
1.787818,0.072695,1.479355,3.103128
1.777632,0.085670,1.479071,3.102930
1.772522,0.092123,1.478930,3.102834
1.767400,0.098553,1.478789,3.102751
1.762242,0.104974,1.478645,3.102676
1.751890,0.117744,1.478391,3.102522
1.746696,0.124092,1.478264,3.102451
1.746696,0.124092,1.478264,3.102451
1.741451,0.130423,1.478140,3.102392
1.736193,0.136729,1.478016,3.102319
1.725638,0.149265,1.477767,3.102223
1.720282,0.155517,1.477657,3.102190
1.714913,0.161742,1.477545,3.102130
1.709530,0.167940,1.477433,3.102089
1.698677,0.180294,1.477209,3.102013
1.693207,0.186447,1.477097,3.101954
1.687723,0.192572,1.476984,3.101907
1.682227,0.198669,1.476870,3.101873
1.682227,0.198669,1.476870,3.101873
1.665586,0.216830,1.476526,3.101788
1.665586,0.216830,1.476526,3.101788
1.654399,0.228805,1.476292,3.101754
1.654399,0.228805,1.476292,3.101754
1.643075,0.240733,1.476078,3.101721
1.637392,0.246650,1.475981,3.101707
1.631696,0.252538,1.475883,3.101705
1.625947,0.258431,1.475802,3.101712
1.614408,0.270123,1.475636,3.101665
1.608617,0.275922,1.475550,3.101662
1.602786,0.281716,1.475473,3.101671
1.596941,0.287477,1.475394,3.101669
1.591082,0.293206,1.475312,3.101678
1.579300,0.304589,1.475163,3.101726
1.573376,0.310242,1.475096,3.101732
1.567439,0.315863,1.475027,3.101755
1.555496,0.327022,1.474884,3.101848
1.549489,0.332560,1.474814,3.101874
1.549489,0.332560,1.474814,3.101874
1.543469,0.338064,1.474741,3.101917
1.537436,0.343533,1.474665,3.101972
1.531374,0.348999,1.474599,3.102040
1.525298,0.354430,1.474529,3.102086
1.513107,0.365186,1.474383,3.102215
1.506989,0.370529,1.474324,3.102307
1.494712,0.381109,1.474228,3.102507
1.488554,0.386347,1.474176,3.102623
1.482381,0.391549,1.474120,3.102762
1.476212,0.396723,1.474066,3.102910
1.463833,0.406964,1.473947,3.103266
1.457624,0.412031,1.473877,3.103465
1.457624,0.412031,1.473877,3.103465
1.445182,0.422076,1.473720,3.103902
1.438942,0.427046,1.473638,3.104144
1.426429,0.436885,1.473470,3.104656
1.420155,0.441756,1.473385,3.104931
1.413870,0.446591,1.473297,3.105227
1.413870,0.446591,1.473297,3.105227
1.394931,0.460888,1.473012,3.106176
1.394931,0.460888,1.473012,3.106176
1.388592,0.465584,1.472912,3.106515
1.382241,0.470245,1.472810,3.106862
1.369491,0.479448,1.472611,3.107588
1.363099,0.483997,1.472497,3.107965
1.356696,0.488513,1.472380,3.108357
1.350262,0.492996,1.472259,3.108752
1.337362,0.501859,1.472010,3.109497
1.330896,0.506240,1.471882,3.109889
1.324383,0.510583,1.471749,3.110290
1.317860,0.514894,1.471614,3.110637
1.317860,0.514894,1.471614,3.110637
1.298189,0.527635,1.471197,3.111741
1.298189,0.527635,1.471197,3.111741
1.291584,0.531819,1.471059,3.112046
1.284969,0.535972,1.470919,3.112359
1.278345,0.540094,1.470777,3.112675
1.271712,0.544185,1.470633,3.113004
1.258317,0.552299,1.470364,3.113572
1.251606,0.556312,1.470226,3.113818
1.244887,0.560296,1.470086,3.114066
1.231336,0.568207,1.469848,3.114484
1.224549,0.572120,1.469725,3.114652
1.217753,0.576005,1.469599,3.114823
1.204059,0.583707,1.469359,3.115095
1.197200,0.587517,1.469235,3.115186
1.190333,0.591301,1.469108,3.115281
1.183423,0.595065,1.468989,3.115381
1.169581,0.602515,1.468744,3.115433
1.162650,0.606203,1.468626,3.115459
1.162650,0.606203,1.468626,3.115459
1.155675,0.609879,1.468508,3.115486
1.148694,0.613532,1.468387,3.115429
1.134714,0.620764,1.468137,3.115337
1.127688,0.624351,1.468015,3.115301
1.120656,0.627915,1.467892,3.115218
1.113618,0.631458,1.467765,3.115135
1.106575,0.634978,1.467614,3.115049
1.092400,0.641962,1.467317,3.114835
1.085304,0.645424,1.467167,3.114707
1.078204,0.648865,1.467014,3.114586
1.071063,0.652293,1.466871,3.114460
1.056770,0.659092,1.466571,3.114105
1.049618,0.662463,1.466413,3.113945
1.042461,0.665816,1.466254,3.113787
1.028098,0.672474,1.465946,3.113441
1.020911,0.675777,1.465789,3.113261
1.013721,0.679063,1.465631,3.113096
1.006509,0.682329,1.465481,3.112930
0.999294,0.685579,1.465331,3.112733
0.984855,0.692031,1.465025,3.112390
0.977608,0.695229,1.464876,3.112235
0.970358,0.698412,1.464725,3.112057
0.963107,0.701579,1.464572,3.111894
0.948552,0.707868,1.464261,3.111609
0.948552,0.707868,1.464261,3.111609
0.933943,0.714101,1.463944,3.111256
0.926637,0.717196,1.463784,3.111104
0.911912,0.723353,1.463446,3.110785
0.911912,0.723353,1.463446,3.110785
0.904550,0.726412,1.463276,3.110610
0.897189,0.729457,1.463105,3.110447
0.874979,0.738559,1.462582,3.109929
0.867576,0.741567,1.462405,3.109765
0.860146,0.744584,1.462216,3.109615
0.860146,0.744584,1.462216,3.109615
0.852717,0.747589,1.462026,3.109441
0.837863,0.753560,1.461638,3.109143
0.830421,0.756556,1.461426,3.109017
0.822981,0.759538,1.461215,3.108874
0.815542,0.762508,1.461003,3.108740
0.800668,0.768408,1.460579,3.108515
0.793227,0.771379,1.460349,3.108428
0.785787,0.774337,1.460121,3.108316
0.785787,0.774337,1.460121,3.108316
0.770911,0.780212,1.459673,3.108143
0.763462,0.783170,1.459435,3.108074
0.756015,0.786115,1.459198,3.107986
0.748569,0.789045,1.458963,3.107917
0.741125,0.791962,1.458729,3.107864
0.726188,0.797853,1.458287,3.107727
0.726188,0.797853,1.458287,3.107727
0.711258,0.803684,1.457868,3.107578
0.711258,0.803684,1.457868,3.107578
0.696263,0.809526,1.457458,3.107430
0.688768,0.812423,1.457254,3.107344
0.681275,0.815304,1.457051,3.107273
0.673754,0.818203,1.456844,3.107218
0.658718,0.823951,1.456434,3.107050
0.651202,0.826800,1.456229,3.106987
0.643661,0.829672,1.456033,3.106943
0.636122,0.832527,1.455837,3.106873
0.621048,0.838179,1.455448,3.106780
0.613485,0.841013,1.455258,3.106754
0.605924,0.843827,1.455069,3.106688
0.598365,0.846621,1.454880,3.106648
0.590807,0.849394,1.454691,3.106622
0.575636,0.854942,1.454339,3.106569
0.568053,0.857681,1.454164,3.106548
0.560472,0.860398,1.453989,3.106539
0.545280,0.865768,1.453665,3.106586
0.537668,0.868422,1.453508,3.106600
0.530059,0.871050,1.453350,3.106630
0.522451,0.873652,1.453192,3.106667
0.514820,0.876227,1.453049,3.106726
0.499563,0.881296,1.452765,3.106868
0.499563,0.881296,1.452765,3.106868
0.484300,0.886249,1.452500,3.107059
0.484300,0.886249,1.452500,3.107059
0.461400,0.893454,1.452125,3.107446
0.461400,0.893454,1.452125,3.107446
0.446091,0.898085,1.451890,3.107780
0.446091,0.898085,1.451890,3.107780
0.430788,0.902587,1.451666,3.108151
0.423106,0.904765,1.451568,3.108365
0.415426,0.906909,1.451470,3.108586
0.407748,0.909018,1.451370,3.108822
0.392382,0.913115,1.451170,3.109349
0.384694,0.915102,1.451073,3.109629
0.377008,0.917052,1.450975,3.109928
0.369324,0.918965,1.450876,3.110241
0.353954,0.922613,1.450688,3.110938
0.346273,0.924378,1.450592,3.111317
0.338594,0.926103,1.450495,3.111718
0.330904,0.927750,1.450415,3.112123
0.315532,0.930922,1.450242,3.113003
0.307852,0.932444,1.450153,3.113468
0.300176,0.933924,1.450063,3.113948
0.292489,0.935309,1.449976,3.114442
0.284805,0.936651,1.449888,3.114963
0.269452,0.939201,1.449710,3.116059
0.261754,0.940366,1.449616,3.116632
0.254062,0.941485,1.449520,3.117212
0.246375,0.942560,1.449423,3.117799
0.230985,0.944536,1.449215,3.119000
0.223284,0.945437,1.449104,3.119610
0.215588,0.946292,1.448992,3.120235
0.200203,0.947824,1.448707,3.121505
0.192513,0.948501,1.448549,3.122172
0.184830,0.949132,1.448391,3.122838
0.177154,0.949716,1.448234,3.123499
0.161818,0.950659,1.447863,3.124848
0.154162,0.951060,1.447681,3.125532
0.154162,0.951060,1.447681,3.125532
0.146513,0.951415,1.447498,3.126217
0.138880,0.951666,1.447289,3.126905
0.123639,0.952030,1.446871,3.128360
0.123639,0.952030,1.446871,3.128360
0.116032,0.952142,1.446663,3.129080
0.108431,0.952164,1.446425,3.129794
0.108431,0.952164,1.446425,3.129794
0.100838,0.952142,1.446188,3.130518
0.085678,0.951960,1.445710,3.131937
0.078104,0.951753,1.445442,3.132641
0.078104,0.951753,1.445442,3.132641
0.070540,0.951502,1.445176,3.133367
0.062985,0.951207,1.444912,3.134073
0.047900,0.950488,1.444391,3.135471
0.040381,0.950014,1.444102,3.136158
0.040381,0.950014,1.444102,3.136158
0.032870,0.949498,1.443817,3.136852
0.025367,0.948941,1.443535,3.137540
0.017874,0.948342,1.443255,3.138216
0.002975,0.946920,1.442648,3.139591
-0.004462,0.946151,1.442350,3.140291
-0.011892,0.945343,1.442054,3.140968
-0.026716,0.943526,1.441419,3.142287
-0.034118,0.942564,1.441106,3.142929
-0.041513,0.941567,1.440796,3.143559
-0.048898,0.940490,1.440481,3.144166
-0.048898,0.940490,1.440481,3.144166
-0.063646,0.938236,1.439862,3.145372
-0.071011,0.937060,1.439552,3.145961
-0.078378,0.935805,1.439233,3.146533
-0.085739,0.934519,1.438919,3.147079
-0.093094,0.933204,1.438609,3.147607
-0.107814,0.930445,1.438003,3.148616
-0.115179,0.929002,1.437706,3.149062
-0.122538,0.927534,1.437414,3.149498
-0.137257,0.924498,1.436826,3.150351
-0.144618,0.922931,1.436534,3.150730
-0.151974,0.921344,1.436246,3.151094
-0.159327,0.919736,1.435962,3.151428
-0.174011,0.916412,1.435393,3.152056
-0.181348,0.914723,1.435122,3.152349
-0.188682,0.913018,1.434855,3.152640
-0.196013,0.911297,1.434592,3.152913
-0.210677,0.907802,1.434068,3.153424
-0.218007,0.906036,1.433813,3.153645
-0.225337,0.904260,1.433563,3.153848
-0.232654,0.902463,1.433321,3.154035
-0.247288,0.898845,1.432844,3.154391
-0.254606,0.897028,1.432611,3.154545
-0.261919,0.895200,1.432403,3.154691
-0.269234,0.893369,1.432198,3.154829
-0.276549,0.891539,1.431997,3.154958
-0.291188,0.887895,1.431615,3.155172
-0.298512,0.886085,1.431434,3.155257
-0.305836,0.884281,1.431257,3.155322
-0.313162,0.882485,1.431084,3.155379
-0.327856,0.878924,1.430780,3.155442
-0.335205,0.877161,1.430634,3.155440
-0.342556,0.875412,1.430490,3.155433
-0.357309,0.871979,1.430212,3.155342
-0.364688,0.870290,1.430079,3.155272
-0.372068,0.868622,1.429948,3.155180
-0.379469,0.867010,1.429832,3.155073
-0.394275,0.863857,1.429611,3.154794
-0.401679,0.862320,1.429518,3.154634
-0.409086,0.860862,1.429448,3.154453
-0.416493,0.859433,1.429380,3.154269
-0.423900,0.858035,1.429315,3.154066
-0.438713,0.855342,1.429192,3.153613
-0.446126,0.854105,1.429146,3.153354
-0.453538,0.852905,1.429103,3.153071
-0.468356,0.850621,1.429000,3.152463
-0.475773,0.849619,1.428972,3.152133
-0.483187,0.848659,1.428945,3.151782
-0.490597,0.847741,1.428919,3.151420
-0.498003,0.846868,1.428894,3.151054
-0.512806,0.845406,1.428863,3.150254
-0.520200,0.844743,1.428848,3.149836
-0.527588,0.844128,1.428833,3.149395
-0.534966,0.843649,1.428828,3.148952
-0.549701,0.842835,1.428818,3.148048
-0.557057,0.842501,1.428813,3.147583
-0.564398,0.842295,1.428811,3.147115
-0.571734,0.842138,1.428787,3.146652
-0.586380,0.841974,1.428734,3.145657
-0.593680,0.842062,1.428724,3.145156
-0.600970,0.842199,1.428713,3.144652
-0.615520,0.842624,1.428686,3.143648
-0.622771,0.843007,1.428679,3.143149
-0.630011,0.843439,1.428672,3.142662
-0.637244,0.843920,1.428662,3.142178
-0.651664,0.845128,1.428657,3.141145
-0.658852,0.845853,1.428661,3.140642
-0.666026,0.846624,1.428662,3.140146
-0.673188,0.847443,1.428661,3.139659
-0.687461,0.849312,1.428682,3.138700
-0.694577,0.850361,1.428696,3.138240
-0.701680,0.851452,1.428707,3.137748
-0.708771,0.852587,1.428716,3.137260
-0.722857,0.855167,1.428746,3.136337
-0.729884,0.856517,1.428751,3.135890
-0.736899,0.857906,1.428753,3.135451
-0.743869,0.859424,1.428779,3.135026
-0.750829,0.860979,1.428800,3.134630
-0.764728,0.864195,1.428830,3.133806
-0.771620,0.865933,1.428869,3.133385
-0.778503,0.867703,1.428904,3.132981
-0.785378,0.869504,1.428940,3.132591
-0.799041,0.873271,1.429025,3.131830
-0.805830,0.875235,1.429075,3.131478
-0.812614,0.877223,1.429121,3.131124
-0.826123,0.881342,1.429211,3.130401
-0.832847,0.883468,1.429250,3.130039
-0.839569,0.885613,1.429286,3.129689
-0.846289,0.887775,1.429317,3.129349
-0.859620,0.892261,1.429405,3.128684
-0.866287,0.894524,1.429444,3.128364
-0.872954,0.896797,1.429478,3.128055
-0.879586,0.899140,1.429527,3.127751
-0.886220,0.901489,1.429566,3.127427
-0.899499,0.906199,1.429633,3.126801
-0.906144,0.908556,1.429662,3.126493
-0.912761,0.910957,1.429706,3.126185
-0.926014,0.915746,1.429783,3.125617
-0.932652,0.918129,1.429808,3.125346
-0.939265,0.920543,1.429846,3.125067
-0.945887,0.922944,1.429881,3.124792
-0.965784,0.930071,1.429977,3.124052
-0.965784,0.930071,1.429977,3.124052
-0.979070,0.934745,1.430038,3.123617
-0.992401,0.939322,1.430071,3.123235
-0.999084,0.941570,1.430089,3.123071
-1.005777,0.943783,1.430105,3.122932
-1.012482,0.945959,1.430120,3.122810
-1.019205,0.948095,1.430144,3.122710
-1.032681,0.952240,1.430196,3.122593
-1.046212,0.956181,1.430257,3.122535
-1.046212,0.956181,1.430257,3.122535
-1.066597,0.961682,1.430337,3.122620
-1.073430,0.963373,1.430362,3.122699
-1.080270,0.965008,1.430385,3.122807
-1.080270,0.965008,1.430385,3.122807
-1.100842,0.969513,1.430349,3.123262
-1.107720,0.970863,1.430334,3.123440
-1.114602,0.972148,1.430318,3.123640
-1.121486,0.973369,1.430299,3.123861
-1.135284,0.975565,1.430238,3.124362
-1.142196,0.976538,1.430195,3.124638
-1.149108,0.977442,1.430151,3.124931
-1.156019,0.978276,1.430105,3.125243
-1.169886,0.979607,1.430012,3.125910
-1.176816,0.980166,1.429962,3.126254
-1.183741,0.980654,1.429910,3.126606
-1.204643,0.981473,1.429798,3.127734
-1.204643,0.981473,1.429798,3.127734
-1.211596,0.981602,1.429755,3.128126
-1.218591,0.981575,1.429727,3.128525
-1.239521,0.981071,1.429610,3.129751
-1.246526,0.980664,1.429582,3.130161
-1.253520,0.980188,1.429551,3.130566
-1.267474,0.979032,1.429478,3.131383
-1.274466,0.978262,1.429456,3.131788
-1.281445,0.977427,1.429430,3.132184
-1.288409,0.976525,1.429400,3.132585
-1.295362,0.975558,1.429394,3.132968
-1.309271,0.973270,1.429413,3.133709
-1.316204,0.972032,1.429415,3.134075
-1.323124,0.970732,1.429412,3.134435
-1.343855,0.966254,1.429457,3.135455
-1.350738,0.964645,1.429459,3.135787
-1.357607,0.962981,1.429456,3.136105
-1.371317,0.959353,1.429486,3.136707
-1.378153,0.957458,1.429493,3.136991
-1.384975,0.955512,1.429494,3.137263
-1.391798,0.953454,1.429502,3.137538
-1.412195,0.946990,1.429530,3.138289
-1.412195,0.946990,1.429530,3.138289
-1.425763,0.942365,1.429556,3.138736
-1.432530,0.939987,1.429560,3.138953
-1.446026,0.935072,1.429551,3.139379
-1.452769,0.932537,1.429505,3.139692
-1.459522,0.929964,1.429391,3.140153
-1.466290,0.927355,1.429205,3.140767
-1.479851,0.922002,1.428706,3.142374
-1.486626,0.919275,1.428468,3.143272
-1.493382,0.916515,1.428278,3.144182
-1.506768,0.910893,1.428019,3.145941
-1.513386,0.908051,1.428003,3.146749
-1.519941,0.905196,1.428063,3.147486
-1.526440,0.902311,1.428199,3.148148
-1.539176,0.896534,1.428678,3.149196
-1.545393,0.893651,1.429012,3.149599
-1.557524,0.887902,1.429874,3.150177
-1.563401,0.885052,1.430373,3.150372
-1.574745,0.879418,1.431475,3.150605
-1.580184,0.876638,1.432111,3.150652
-1.585472,0.873888,1.432765,3.150682
-1.595583,0.868483,1.434133,3.150637
-1.600316,0.865841,1.434882,3.150594
-1.604887,0.863235,1.435630,3.150570
-1.609295,0.860664,1.436372,3.150559
-1.617474,0.855653,1.437873,3.150516
-1.621251,0.853210,1.438627,3.150569
-1.624864,0.850802,1.439365,3.150530
-1.628314,0.848429,1.440087,3.150485
-1.631409,0.846130,1.440810,3.150442
-1.637121,0.841630,1.442197,3.150550
-1.641984,0.837306,1.443506,3.150640
-1.641984,0.837306,1.443506,3.150640
-1.646035,0.833139,1.444737,3.150972
-1.647845,0.831090,1.445319,3.150847
-1.649283,0.829115,1.445865,3.150717
-1.650578,0.827160,1.446390,3.150695
-1.652748,0.823309,1.447376,3.150621
-1.653409,0.821462,1.447827,3.150573
-1.653936,0.819632,1.448259,3.150625
-1.654333,0.817818,1.448672,3.150670
-1.654395,0.812494,1.449760,3.150047
-1.654101,0.810746,1.450084,3.149763
-1.653691,0.809003,1.450393,3.149467
-1.652345,0.805554,1.450937,3.148880
-1.651416,0.803846,1.451175,3.148659
-1.650381,0.802133,1.451400,3.148434
-1.649255,0.800403,1.451612,3.148204
-1.647874,0.798690,1.451796,3.147712
-1.644817,0.795230,1.452131,3.146836
-1.643144,0.793483,1.452284,3.146404
-1.641236,0.791750,1.452421,3.145970
-1.637150,0.788242,1.452667,3.145218
-1.634983,0.786456,1.452777,3.144844
-1.632607,0.784665,1.452876,3.144333
-1.630148,0.782857,1.452967,3.143853
-1.624987,0.779186,1.453138,3.142915
-1.622195,0.777325,1.453208,3.142455
-1.619327,0.775446,1.453272,3.142010
-1.616384,0.773549,1.453329,3.141566
-1.610214,0.769678,1.453434,3.140700
-1.606990,0.767702,1.453464,3.140198
-1.603698,0.765706,1.453487,3.139698
-1.600337,0.763690,1.453507,3.139195
-1.593323,0.759573,1.453557,3.138201
-1.589719,0.757485,1.453576,3.137721
-1.586053,0.755376,1.453591,3.137253
-1.582273,0.753237,1.453618,3.136802
-1.574535,0.748893,1.453652,3.135866
-1.570579,0.746689,1.453662,3.135408
-1.562454,0.742218,1.453700,3.134531
-1.562454,0.742218,1.453700,3.134531
-1.549794,0.735358,1.453766,3.133272
-1.549794,0.735358,1.453766,3.133272
-1.541012,0.730702,1.453809,3.132500
-1.536546,0.728346,1.453825,3.132116
-1.527444,0.723569,1.453865,3.131393
-1.522810,0.721149,1.453887,3.131042
-1.518131,0.718714,1.453908,3.130701
-1.508614,0.713779,1.453959,3.130048
-1.503779,0.711279,1.453988,3.129722
-1.498901,0.708763,1.454015,3.129409
-1.493982,0.706232,1.454041,3.129115
-1.478978,0.698552,1.454145,3.128303
-1.473901,0.695959,1.454173,3.128075
-1.468798,0.693357,1.454218,3.127862
-1.468798,0.693357,1.454218,3.127862
-1.453278,0.685454,1.454340,3.127403
-1.453278,0.685454,1.454340,3.127403
-1.442796,0.680118,1.454443,3.127216
-1.432182,0.674724,1.454484,3.127099
-1.426847,0.672006,1.454525,3.127062
-1.421480,0.669275,1.454565,3.127060
-1.416081,0.666532,1.454604,3.127072
-1.399721,0.658237,1.454736,3.127182
-1.394224,0.655451,1.454793,3.127267
-1.388699,0.652654,1.454849,3.127357
-1.383145,0.649846,1.454903,3.127470
-1.372014,0.644210,1.454999,3.127750
-1.360776,0.638531,1.455088,3.128108
-1.349492,0.632828,1.455215,3.128572
-1.343811,0.629963,1.455276,3.128828
-1.338104,0.627090,1.455337,3.129095
-1.332417,0.624191,1.455410,3.129360
-1.320968,0.618370,1.455555,3.129907
-1.309456,0.612526,1.455711,3.130502
-1.303682,0.609596,1.455792,3.130825
-1.292062,0.603720,1.455948,3.131483
-1.286257,0.600772,1.456033,3.131819
-1.280427,0.597821,1.456117,3.132155
-1.274572,0.594866,1.456200,3.132493
-1.256960,0.585990,1.456388,3.133556
-1.256960,0.585990,1.456388,3.133556
-1.251057,0.583030,1.456450,3.133914
-1.245130,0.580067,1.456512,3.134284
-1.233325,0.574135,1.456643,3.135035
-1.227387,0.571170,1.456692,3.135418
-1.215436,0.565245,1.456786,3.136199
-1.209489,0.562271,1.456838,3.136596
-1.197522,0.556336,1.456942,3.137386
-1.191500,0.553378,1.456994,3.137782
-1.185528,0.550395,1.457049,3.138170
-1.167454,0.541504,1.457224,3.139261
-1.161465,0.538537,1.457293,3.139613
-1.155433,0.535589,1.457403,3.139956
-1.149353,0.532660,1.457583,3.140314
-1.137117,0.526846,1.458160,3.141001
-1.124818,0.521088,1.458985,3.141597
-1.112524,0.515365,1.459991,3.142014
-1.106411,0.512506,1.460538,3.142142
-1.100321,0.509652,1.461106,3.142208
-1.094261,0.506798,1.461685,3.142231
-1.076472,0.498174,1.463478,3.142016
-1.070660,0.495280,1.464058,3.141873
-1.064968,0.492355,1.464643,3.141707
-1.053815,0.486448,1.465750,3.141348
-1.048367,0.483461,1.466282,3.141161
-1.043095,0.480428,1.466803,3.140987
-1.037918,0.477366,1.467294,3.140829
-1.032841,0.474275,1.467752,3.140700
-1.022998,0.467996,1.468570,3.140529
-1.018385,0.464769,1.468914,3.140495
-1.013882,0.461506,1.469224,3.140491
-1.005210,0.454863,1.469720,3.140596
-1.001227,0.451422,1.469882,3.140699
-0.997358,0.447942,1.470014,3.140822
-0.993604,0.444422,1.470114,3.140992
-0.986674,0.437177,1.470179,3.141440
-0.983496,0.433454,1.470147,3.141686
-0.980433,0.429693,1.470087,3.141951
-0.977484,0.425882,1.469998,3.142246
-0.970038,0.414024,1.469419,3.143095
-0.967778,0.410001,1.469176,3.143393
-0.965884,0.405863,1.468863,3.143713
-0.965884,0.405863,1.468863,3.143713
-0.960855,0.393257,1.467823,3.144665
-0.959657,0.388899,1.467398,3.144900
-0.958563,0.384520,1.466961,3.145124
-0.956697,0.375711,1.466054,3.145598
-0.956179,0.371222,1.465544,3.145837
-0.955765,0.366726,1.465028,3.146068
-0.955455,0.362226,1.464505,3.146301
-0.955402,0.353148,1.463418,3.146743
-0.955655,0.348578,1.462854,3.146838
-0.956462,0.339482,1.461725,3.146994
-0.956462,0.339482,1.461725,3.146994
-0.957900,0.330458,1.460563,3.147083
-0.959951,0.321549,1.459383,3.147049
-0.961117,0.317158,1.458798,3.146963
-0.962596,0.312798,1.458189,3.146832
-0.965813,0.304249,1.456988,3.146234
-0.967547,0.300071,1.456398,3.145852
-0.969570,0.295990,1.455791,3.145408
-0.971669,0.291986,1.455190,3.144912
-0.976082,0.284225,1.454008,3.143734
-0.981183,0.276936,1.452820,3.142322
-0.983824,0.273429,1.452233,3.141466
-0.989466,0.266827,1.451062,3.139598
-0.989466,0.266827,1.451062,3.139598
-0.995497,0.260761,1.449897,3.137571
-1.001872,0.255275,1.448733,3.135411
-1.005201,0.252764,1.448149,3.134304
-1.008560,0.250373,1.447569,3.133136
-1.011945,0.248105,1.446994,3.131968
-1.019098,0.244247,1.445814,3.129620
-1.022699,0.242504,1.445230,3.128448
-1.026313,0.240885,1.444650,3.127285
-1.030072,0.239553,1.444037,3.126149
-1.041374,0.236303,1.442218,3.122860
-1.045143,0.235467,1.441618,3.121821
-1.049005,0.234902,1.440985,3.120818
-1.056711,0.234132,1.439731,3.118903
-1.060552,0.233925,1.439108,3.118001
-1.064455,0.233992,1.438457,3.117141
-1.068345,0.234173,1.437812,3.116304
-1.079972,0.235572,1.435865,3.114135
-1.079972,0.235572,1.435865,3.114135
-1.087708,0.237263,1.434538,3.112876
-1.095412,0.239519,1.433164,3.111807
-1.099254,0.240871,1.432468,3.111312
-1.103073,0.242321,1.431781,3.110867
-1.106864,0.243872,1.431103,3.110460
-1.114438,0.247526,1.429710,3.109835
-1.118186,0.249486,1.429013,3.109568
-1.125624,0.253786,1.427627,3.109148
-1.125624,0.253786,1.427627,3.109148
-1.129312,0.256121,1.426937,3.108959
-1.136607,0.261038,1.425589,3.108704
-1.140226,0.263734,1.424908,3.108674
-1.143817,0.266504,1.424238,3.108645
-1.154450,0.275345,1.422293,3.108741
-1.157952,0.278499,1.421657,3.108806
-1.161427,0.281719,1.421031,3.108899
-1.164876,0.285002,1.420417,3.109014
-1.171719,0.291853,1.419198,3.109363
-1.175112,0.295411,1.418594,3.109571
-1.178482,0.299026,1.418001,3.109807
-1.181827,0.302698,1.417419,3.110073
-1.185152,0.306510,1.416834,3.110358
-1.194989,0.318260,1.415145,3.111242
-1.201446,0.326484,1.414071,3.111948
-1.204643,0.330666,1.413550,3.112330
-1.207821,0.334894,1.413040,3.112731
-1.210978,0.339225,1.412531,3.113151
-1.214116,0.343599,1.412032,3.113558
-1.220340,0.352473,1.411056,3.114424
-1.223412,0.357020,1.410578,3.114881
-1.226468,0.361609,1.410113,3.115339
-1.235552,0.375642,1.408791,3.116873
-1.235552,0.375642,1.408791,3.116873
-1.241543,0.385228,1.407976,3.117928
-1.247507,0.394994,1.407214,3.119006
-1.250481,0.399951,1.406853,3.119555
-1.250481,0.399951,1.406853,3.119555
-1.253450,0.404937,1.406507,3.120136
-1.256417,0.409952,1.406178,3.120709
-1.265371,0.425306,1.405311,3.122364
-1.268366,0.430474,1.405073,3.122845
-1.271373,0.435664,1.404859,3.123284
-1.274414,0.440906,1.404675,3.123654
-1.280558,0.451429,1.404382,3.124196
-1.283669,0.456698,1.404272,3.124366
-1.286828,0.461983,1.404199,3.124487
-1.293242,0.472511,1.404086,3.124607
-1.296502,0.477740,1.404066,3.124648
-1.299805,0.482942,1.404089,3.124692
-1.303144,0.488101,1.404135,3.124763
-1.313406,0.503222,1.404428,3.125317
-1.316916,0.508111,1.404582,3.125684
-1.320457,0.512915,1.404750,3.126132
-1.324024,0.517625,1.404933,3.126678
-1.331339,0.526632,1.405396,3.128104
-1.338727,0.535184,1.405892,3.129937
-1.346284,0.543061,1.406431,3.132156
-1.350079,0.546800,1.406680,3.133535
-1.353887,0.550404,1.406890,3.135222
-1.357771,0.553722,1.407094,3.137264
-1.369436,0.562798,1.407595,3.145331
-1.369436,0.562798,1.407595,3.145331
-1.373347,0.565338,1.407804,3.148375
-1.377229,0.567729,1.408024,3.151545
-1.384869,0.572066,1.408508,3.157935
-1.388609,0.574018,1.408774,3.161071
-1.392315,0.575642,1.409072,3.164119
-1.402966,0.579726,1.410057,3.172744
-1.406337,0.580642,1.410434,3.175277
-1.409609,0.581446,1.410819,3.177695
-1.412775,0.582142,1.411208,3.179939
-1.418736,0.583030,1.412023,3.183958
-1.421522,0.583234,1.412438,3.185740
-1.426727,0.583389,1.413264,3.188815
-1.431214,0.582859,1.414145,3.191242
-1.433263,0.582494,1.414576,3.192223
-1.435180,0.582067,1.414998,3.193071
-1.436835,0.581414,1.415438,3.193795
-1.439753,0.579955,1.416288,3.194910
-1.441014,0.579155,1.416695,3.195302
-1.442826,0.577143,1.417502,3.195817
-1.444127,0.574983,1.418250,3.195929
-1.444416,0.573737,1.418605,3.195867
-1.444584,0.572461,1.418944,3.195739
-1.444631,0.571157,1.419267,3.195547
-1.444559,0.569827,1.419574,3.195284
-1.443734,0.566882,1.420143,3.194585
-1.442457,0.563843,1.420653,3.193630
-1.442457,0.563843,1.420653,3.193630
-1.439419,0.558977,1.421338,3.191852
-1.438149,0.557293,1.421539,3.191175
-1.436779,0.555591,1.421728,3.190459
-1.435167,0.553808,1.421903,3.189709
-1.431658,0.550186,1.422204,3.188051
-1.427655,0.546419,1.422436,3.186264
-1.427655,0.546419,1.422436,3.186264
-1.423177,0.542509,1.422622,3.184362
-1.420814,0.540529,1.422702,3.183386
-1.418262,0.538469,1.422759,3.182392
-1.415633,0.536392,1.422809,3.181377
-1.407179,0.529986,1.422880,3.178212
-1.404146,0.527775,1.422880,3.177136
-1.401043,0.525546,1.422873,3.176053
-1.394541,0.520971,1.422815,3.173878
-1.391145,0.518625,1.422768,3.172792
-1.387686,0.516263,1.422715,3.171696
-1.384164,0.513880,1.422658,3.170598
-1.372986,0.506378,1.422378,3.167294
-1.369147,0.503846,1.422279,3.166196
-1.365183,0.501215,1.422145,3.165105
-1.361166,0.498569,1.421995,3.164013
-1.352974,0.493230,1.421691,3.161849
-1.348801,0.490539,1.421536,3.160789
-1.344521,0.487760,1.421360,3.159733
-1.331391,0.479348,1.420838,3.156609
-1.326857,0.476441,1.420659,3.155590
-1.322278,0.473524,1.420480,3.154577
-1.317656,0.470598,1.420302,3.153575
-1.308223,0.464653,1.419940,3.151607
-1.298566,0.458618,1.419574,3.149677
-1.288673,0.452497,1.419230,3.147780
-1.283620,0.449402,1.419090,3.146802
-1.278509,0.446307,1.419002,3.145777
-1.273340,0.443212,1.418967,3.144690
-1.268051,0.440061,1.418978,3.143545
-1.257353,0.433753,1.419118,3.141099
-1.251964,0.430592,1.419236,3.139808
-1.246500,0.427382,1.419382,3.138489
-1.241032,0.424161,1.419548,3.137148
-1.230120,0.417681,1.419922,3.134418
-1.224629,0.414384,1.420128,3.133044
-1.219168,0.411068,1.420336,3.131674
-1.208366,0.404369,1.420749,3.129000
-1.203009,0.400961,1.420960,3.127701
-1.197709,0.397527,1.421160,3.126438
-1.192472,0.394064,1.421346,3.125222
-1.182209,0.387043,1.421672,3.122936
-1.177217,0.383455,1.421821,3.121870
-1.172307,0.379833,1.421951,3.120875
-1.167482,0.376174,1.422061,3.119952
-1.158164,0.368711,1.422207,3.118319
-1.153674,0.364903,1.422243,3.117604
-1.149280,0.361058,1.422261,3.116966
-1.144986,0.357175,1.422261,3.116391
-1.136905,0.349207,1.422183,3.115450
-1.133018,0.345166,1.422119,3.115057
-1.129236,0.341087,1.422040,3.114741
-1.125712,0.336916,1.421899,3.114475
-1.118980,0.328467,1.421580,3.114096
-1.115775,0.324190,1.421411,3.113988
-1.112841,0.319818,1.421180,3.113936
-1.110014,0.315415,1.420941,3.113918
-1.104677,0.306524,1.420442,3.113976
-1.102337,0.301973,1.420129,3.114043
-1.102337,0.301973,1.420129,3.114043
-1.097979,0.292799,1.419492,3.114259
-1.095962,0.288180,1.419180,3.114416
-1.092593,0.278781,1.418455,3.114802
-1.091067,0.274060,1.418094,3.115033
-1.089644,0.269326,1.417735,3.115294
-1.088508,0.264531,1.417338,3.115521
-1.086549,0.254923,1.416550,3.116002
-1.085727,0.250117,1.416160,3.116275
-1.085010,0.245311,1.415775,3.116570
-1.084024,0.230811,1.414545,3.117546
-1.083900,0.226002,1.414148,3.117833
-1.084072,0.221174,1.413735,3.118136
-1.084718,0.211582,1.412920,3.118738
-1.085192,0.206823,1.412525,3.119055
-1.085958,0.202075,1.412124,3.119382
-1.086822,0.197360,1.411732,3.119696
-1.087782,0.192682,1.411350,3.120000
-1.090171,0.183460,1.410619,3.120532
-1.093115,0.174439,1.409930,3.120952
-1.093115,0.174439,1.409930,3.120952
-1.098544,0.161370,1.408959,3.121426
-1.098544,0.161370,1.408959,3.121426
-1.102697,0.153007,1.408354,3.121581
-1.107506,0.145053,1.407766,3.121551
-1.110022,0.141201,1.407483,3.121448
-1.112608,0.137437,1.407208,3.121309
-1.115424,0.133827,1.406940,3.121129
-1.121246,0.126895,1.406424,3.120620
-1.124247,0.123579,1.406184,3.120319
-1.127440,0.120445,1.405950,3.119972
-1.130684,0.117417,1.405723,3.119583
-1.137316,0.111689,1.405284,3.118696
-1.140698,0.108994,1.405072,3.118217
-1.144238,0.106511,1.404855,3.117722
-1.147811,0.104143,1.404643,3.117189
-1.158823,0.097864,1.404067,3.115577
-1.158823,0.097864,1.404067,3.115577
-1.166425,0.094432,1.403692,3.114457
-1.174199,0.091620,1.403307,3.113400
-1.178155,0.090465,1.403121,3.112850
-1.182122,0.089428,1.402935,3.112323
-1.186097,0.088511,1.402750,3.111824
-1.194200,0.087342,1.402368,3.110864
-1.198254,0.086931,1.402178,3.110423
-1.202307,0.086635,1.401990,3.110017
-1.206417,0.086612,1.401806,3.109647
-1.214619,0.086900,1.401461,3.108922
-1.218710,0.087208,1.401290,3.108608
-1.226945,0.088471,1.400951,3.108042
-1.231045,0.089257,1.400784,3.107793
-1.239222,0.091290,1.400444,3.107451
-1.243296,0.092533,1.400272,3.107296
-1.247355,0.093872,1.400101,3.107174
-1.251397,0.095306,1.399930,3.107087
-1.259444,0.098766,1.399588,3.106975
-1.267417,0.102577,1.399249,3.106959
-1.267417,0.102577,1.399249,3.106959
-1.275306,0.106863,1.398940,3.107122
-1.279217,0.109196,1.398787,3.107215
-1.286977,0.114096,1.398483,3.107489
-1.286977,0.114096,1.398483,3.107489
-1.294627,0.119534,1.398192,3.107845
-1.298420,0.122358,1.398050,3.108042
-1.302193,0.125252,1.397909,3.108292
-1.305928,0.128327,1.397776,3.108567
-1.313336,0.134673,1.397512,3.109117
-1.317011,0.137941,1.397382,3.109427
-1.324275,0.144875,1.397158,3.110095
-1.331463,0.152037,1.396903,3.110807
-1.335002,0.155802,1.396783,3.111221
-1.338524,0.159619,1.396663,3.111615
-1.342029,0.163488,1.396545,3.112036
-1.348964,0.171480,1.396318,3.112929
-1.352396,0.175599,1.396208,3.113370
-1.355813,0.179764,1.396099,3.113820
-1.359217,0.183973,1.395992,3.114286
-1.365934,0.192701,1.395771,3.115252
-1.369275,0.197127,1.395665,3.115756
-1.372604,0.201593,1.395561,3.116276
-1.375911,0.206181,1.395457,3.116805
-1.382501,0.215464,1.395264,3.117846
-1.385787,0.220157,1.395172,3.118385
-1.392330,0.229710,1.394986,3.119477
-1.398851,0.239446,1.394805,3.120564
-1.402113,0.244356,1.394717,3.121095
-1.402113,0.244356,1.394717,3.121095
-1.405366,0.249352,1.394649,3.121624
-1.408626,0.254372,1.394589,3.122117
-1.411893,0.259415,1.394539,3.122588
-1.418458,0.269613,1.394498,3.123403
-1.425117,0.279922,1.394367,3.123839
-1.425117,0.279922,1.394367,3.123839
-1.435392,0.295521,1.393832,3.123936
-1.438885,0.300720,1.393635,3.123983
-1.442400,0.305900,1.393466,3.124096
-1.449495,0.316243,1.393300,3.124620
-1.456573,0.326402,1.393374,3.125599
-1.460110,0.331419,1.393499,3.126261
-1.460110,0.331419,1.393499,3.126261
-1.470500,0.346024,1.394189,3.128897
-1.473885,0.350709,1.394524,3.129939
-1.477207,0.355299,1.394898,3.131043
-1.483633,0.364171,1.395745,3.133354
-1.486731,0.368397,1.396231,3.134523
-1.489740,0.372510,1.396734,3.135693
-1.492656,0.376507,1.397250,3.136847
-1.498196,0.384142,1.398303,3.139031
-1.500755,0.387676,1.398891,3.140048
-1.505558,0.394372,1.400048,3.141928
-1.509840,0.400436,1.401194,3.143524
-1.511774,0.403214,1.401761,3.144229
-1.513597,0.405869,1.402310,3.144870
-1.515307,0.408399,1.402838,3.145450
-1.518173,0.412805,1.403897,3.146404
-1.519438,0.414829,1.404393,3.146793
-1.520594,0.416734,1.404866,3.147115
-1.521501,0.418374,1.405329,3.147389
-1.522993,0.421313,1.406188,3.147809
-1.523581,0.422615,1.406577,3.147959
-1.523911,0.423670,1.406946,3.148078
-1.524138,0.424618,1.407294,3.148155
-1.524297,0.426205,1.407926,3.148224
-1.524079,0.426703,1.408210,3.148220
-1.523768,0.427104,1.408474,3.148203
-1.523365,0.427410,1.408720,3.148172
-1.522871,0.427623,1.408952,3.148129
-1.521325,0.427518,1.409352,3.148014
-1.520424,0.427336,1.409528,3.147940
-1.516944,0.426056,1.409951,3.147671
-1.515580,0.425432,1.410069,3.147560
-1.514140,0.424733,1.410174,3.147445
-1.512627,0.423959,1.410268,3.147328
-1.509140,0.422016,1.410435,3.147065
-1.507294,0.420942,1.410504,3.146924
-1.505382,0.419801,1.410564,3.146780
-1.503283,0.418507,1.410622,3.146629
-1.496621,0.414251,1.410828,3.146114
-1.496621,0.414251,1.410828,3.146114
-1.491657,0.410939,1.410950,3.145776
-1.489094,0.409196,1.410998,3.145604
-1.483721,0.405452,1.411085,3.145270
-1.480914,0.403453,1.411125,3.145101
-1.478060,0.401402,1.411157,3.144934
-1.472135,0.397055,1.411220,3.144641
-1.469066,0.394763,1.411251,3.144506
-1.462804,0.390033,1.411296,3.144247
-1.462804,0.390033,1.411296,3.144247
-1.459527,0.387516,1.411340,3.144120
-1.452857,0.382348,1.411411,3.143864
-1.449464,0.379697,1.411438,3.143744
-1.445966,0.376929,1.411478,3.143618
-1.438863,0.371268,1.411542,3.143370
-1.431573,0.365373,1.411609,3.143137
-1.427854,0.362332,1.411643,3.143029
-1.424100,0.359253,1.411673,3.142921
-1.416499,0.352985,1.411719,3.142706
-1.408721,0.346481,1.411793,3.142502
-1.400820,0.339844,1.411878,3.142324
-1.396803,0.336450,1.411936,3.142228
-1.392756,0.333025,1.411988,3.142144
-1.388679,0.329570,1.412036,3.142048
-1.380400,0.322548,1.412139,3.141853
-1.376199,0.318983,1.412199,3.141752
-1.367716,0.311772,1.412305,3.141565
-1.363406,0.308112,1.412356,3.141473
-1.354710,0.300717,1.412446,3.141297
-1.350323,0.296982,1.412484,3.141208
-1.345876,0.293209,1.412533,3.141114
-1.336909,0.285596,1.412578,3.140961
-1.332391,0.281757,1.412596,3.140887
-1.327804,0.277873,1.412617,3.140806
-1.323185,0.273969,1.412663,3.140693
-1.313833,0.266104,1.412878,3.140239
-1.309082,0.262134,1.413065,3.139898
-1.299510,0.254136,1.413535,3.139044
-1.289865,0.246048,1.414114,3.138050
-1.285033,0.241968,1.414432,3.137515
-1.280213,0.237864,1.414758,3.136970
-1.275414,0.233736,1.415087,3.136414
-1.265872,0.225402,1.415756,3.135307
-1.256460,0.216958,1.416410,3.134258
-1.251827,0.212693,1.416720,3.133761
-1.242737,0.204070,1.417337,3.132845
-1.238286,0.199711,1.417633,3.132434
-1.229614,0.190876,1.418164,3.131730
-1.221264,0.181891,1.418614,3.131158
-1.217211,0.177348,1.418811,3.130924
-1.213299,0.172750,1.418977,3.130736
-1.209473,0.168117,1.419126,3.130573
-1.198637,0.153991,1.419426,3.130316
-1.195280,0.149201,1.419491,3.130277
-1.192017,0.144377,1.419546,3.130273
-1.188850,0.139521,1.419592,3.130308
-1.183067,0.129657,1.419650,3.130460
-1.180326,0.124680,1.419677,3.130576
-1.177687,0.119676,1.419700,3.130741
-1.170811,0.104412,1.419700,3.131387
-1.168734,0.099284,1.419700,3.131674
-1.166913,0.094106,1.419694,3.132015
-1.163605,0.083721,1.419660,3.132800
-1.162122,0.078522,1.419646,3.133253
-1.159641,0.068120,1.419630,3.134257
-1.157761,0.057770,1.419624,3.135247
-1.156994,0.052634,1.419612,3.135710
-1.156471,0.047515,1.419611,3.136155
-1.155760,0.037411,1.419619,3.136904
-1.155631,0.027529,1.419646,3.137431
-1.155795,0.022687,1.419668,3.137570
-1.156060,0.017929,1.419691,3.137622
-1.156426,0.013253,1.419739,3.137572
-1.157731,0.004232,1.419835,3.137173
-1.158516,-0.000130,1.419880,3.136843
-1.159387,-0.004386,1.419923,3.136427
-1.162897,-0.016262,1.420030,3.134712
-1.164208,-0.019976,1.420058,3.133979
-1.165714,-0.023479,1.420069,3.133200
-1.168902,-0.030092,1.420072,3.131471
-1.170578,-0.033199,1.420061,3.130560
-1.174311,-0.038731,1.419986,3.128660
-1.178209,-0.043708,1.419875,3.126719
-1.180317,-0.045831,1.419789,3.125748
-1.180317,-0.045831,1.419789,3.125748
-1.184625,-0.049661,1.419588,3.123788
-1.189038,-0.052935,1.419348,3.121922
-1.191350,-0.054185,1.419196,3.121044
-1.193680,-0.055300,1.419035,3.120173
-1.196028,-0.056280,1.418865,3.119331
-1.198388,-0.057128,1.418687,3.118538
-1.203275,-0.058057,1.418288,3.117055
-1.208198,-0.058477,1.417863,3.115707
-1.208198,-0.058477,1.417863,3.115707
-1.215711,-0.057644,1.417233,3.113958
-1.218221,-0.057132,1.417012,3.113460
-1.220748,-0.056346,1.416789,3.112994
-1.223275,-0.055449,1.416560,3.112566
-1.225801,-0.054446,1.416328,3.112190
-1.230846,-0.051950,1.415881,3.111555
-1.233365,-0.050464,1.415656,3.111270
-1.238390,-0.047201,1.415196,3.110821
-1.240884,-0.045285,1.414975,3.110650
-1.243372,-0.043278,1.414752,3.110512
-1.245856,-0.041184,1.414526,3.110409
-1.248334,-0.039004,1.414279,3.110339
-1.253248,-0.034132,1.413794,3.110282
-1.255696,-0.031577,1.413550,3.110293
-1.262965,-0.023201,1.412827,3.110484
-1.265368,-0.020226,1.412593,3.110614
-1.265368,-0.020226,1.412593,3.110614
-1.270157,-0.014073,1.412124,3.110944
-1.272522,-0.010802,1.411896,3.111148
-1.277237,-0.004071,1.411439,3.111593
-1.279586,-0.000615,1.411211,3.111849
-1.281919,0.003000,1.410990,3.112121
-1.284245,0.006668,1.410771,3.112405
-1.288881,0.014169,1.410335,3.113065
-1.291183,0.018080,1.410127,3.113428
-1.293479,0.022043,1.409921,3.113800
-1.300345,0.034286,1.409303,3.114998
-1.300345,0.034286,1.409303,3.114998
-1.304906,0.042754,1.408893,3.115853
-1.309443,0.051436,1.408493,3.116795
-1.311703,0.055861,1.408296,3.117277
-1.313961,0.060328,1.408101,3.117770
-1.316216,0.064837,1.407906,3.118270
-1.320693,0.074026,1.407506,3.119295
-1.322928,0.078676,1.407308,3.119822
-1.325163,0.083365,1.407112,3.120368
-1.327384,0.088113,1.406923,3.120922
-1.334046,0.102578,1.406372,3.122590
-1.334046,0.102578,1.406372,3.122590
-1.336251,0.107482,1.406200,3.123167
-1.338458,0.112419,1.406029,3.123735
-1.345089,0.127425,1.405522,3.125456
-1.345089,0.127425,1.405522,3.125456
-1.347294,0.132475,1.405359,3.126043
-1.349504,0.137556,1.405197,3.126629
-1.353935,0.147808,1.404892,3.127804
-1.356156,0.152961,1.404738,3.128400
-1.358383,0.158144,1.404586,3.128997
-1.360616,0.163354,1.404435,3.129597
-1.367345,0.179120,1.404016,3.131363
-1.369604,0.184423,1.403888,3.131956
-1.371872,0.189751,1.403763,3.132539
-1.374151,0.195099,1.403657,3.133121
-1.378746,0.205865,1.403451,3.134262
-1.381063,0.211281,1.403353,3.134825
-1.383410,0.216709,1.403272,3.135372
-1.388155,0.227623,1.403126,3.136471
-1.390556,0.233106,1.403059,3.136996
-1.392991,0.238593,1.403022,3.137501
-1.395446,0.244094,1.402990,3.137992
-1.402964,0.260650,1.402963,3.139302
-1.402964,0.260650,1.402963,3.139302
-1.408123,0.271698,1.403021,3.140012
-1.413434,0.282727,1.403131,3.140545
-1.416155,0.288224,1.403210,3.140737
-1.418919,0.293715,1.403299,3.140893
-1.421728,0.299197,1.403399,3.140992
-1.427510,0.310070,1.403630,3.141071
-1.430493,0.315452,1.403746,3.141101
-1.433539,0.320806,1.403824,3.141171
-1.436650,0.326128,1.403857,3.141330
-1.439875,0.331336,1.403893,3.141617
-1.446497,0.341601,1.403957,3.142718
-1.449877,0.346642,1.404021,3.143514
-1.453363,0.351508,1.404152,3.144469
-1.460396,0.361003,1.404539,3.146826
-1.463925,0.365616,1.404797,3.148193
-1.467524,0.370013,1.405124,3.149660
-1.471107,0.374308,1.405488,3.151226
-1.474667,0.378498,1.405884,3.152854
-1.481759,0.386384,1.406777,3.156219
-1.488728,0.393649,1.407777,3.159612
-1.495483,0.400246,1.408859,3.162812
-1.498769,0.403266,1.409425,3.164321
-1.501972,0.406162,1.409992,3.165745
-1.505089,0.408931,1.410558,3.167078
-1.511057,0.413650,1.411746,3.169448
-1.513895,0.415829,1.412325,3.170483
-1.516633,0.417884,1.412891,3.171375
-1.519227,0.419591,1.413472,3.172153
-1.524102,0.422648,1.414617,3.173436
-1.526381,0.423999,1.415162,3.173927
-1.528553,0.425233,1.415685,3.174323
-1.530522,0.426124,1.416181,3.174620
-1.534140,0.427579,1.417103,3.174975
-1.535789,0.428147,1.417539,3.175024
-1.537195,0.428394,1.417930,3.175005
-1.539698,0.428588,1.418646,3.174777
-1.541650,0.428189,1.419253,3.174345
-1.542407,0.427749,1.419514,3.174070
-1.543067,0.427221,1.419755,3.173754
-1.543933,0.425719,1.420151,3.173023
-1.544145,0.424750,1.420310,3.172602
-1.544266,0.423703,1.420454,3.172151
-1.544300,0.422579,1.420582,3.171676
-1.543774,0.419760,1.420740,3.170674
-1.543387,0.418247,1.420799,3.170151
-1.542920,0.416667,1.420845,3.169608
-1.542210,0.414860,1.420848,3.169052
-1.540565,0.411061,1.420823,3.167904
-1.539633,0.409072,1.420796,3.167306
-1.537245,0.404598,1.420656,3.166099
-1.535950,0.402282,1.420561,3.165507
-1.533031,0.397339,1.420325,3.164317
-1.531409,0.394717,1.420186,3.163706
-1.529728,0.392048,1.420041,3.163100
-1.526192,0.386576,1.419736,3.161879
-1.524215,0.383663,1.419572,3.161261
-1.522184,0.380709,1.419404,3.160645
-1.520100,0.377714,1.419232,3.160031
-1.515679,0.371509,1.418850,3.158798
-1.513346,0.368300,1.418642,3.158177
-1.510964,0.365057,1.418432,3.157556
-1.508534,0.361778,1.418220,3.156931
-1.503351,0.354931,1.417748,3.155709
-1.500693,0.351459,1.417511,3.155100
-1.495174,0.344346,1.417015,3.153872
-1.489413,0.337040,1.416498,3.152658
-1.486474,0.333344,1.416227,3.152048
-1.483431,0.329544,1.415937,3.151443
-1.480352,0.325718,1.415648,3.150838
-1.477236,0.321865,1.415361,3.150244
-1.470835,0.314003,1.414773,3.149068
-1.467553,0.309996,1.414473,3.148499
-1.464237,0.305965,1.414174,3.147933
-1.457442,0.297771,1.413541,3.146830
-1.453964,0.293610,1.413220,3.146299
-1.450457,0.289426,1.412902,3.145770
-1.446920,0.285220,1.412585,3.145252
-1.435913,0.272319,1.411616,3.143756
-1.435913,0.272319,1.411616,3.143756
-1.428440,0.263619,1.410991,3.142811
-1.424607,0.259195,1.410680,3.142345
-1.416867,0.250294,1.410065,3.141455
-1.412961,0.245817,1.409762,3.141023
-1.408983,0.241290,1.409450,3.140609
-1.400957,0.232187,1.408851,3.139811
-1.396910,0.227611,1.408555,3.139414
-1.392808,0.223005,1.408253,3.139032
-1.388685,0.218384,1.407955,3.138670
-1.384542,0.213749,1.407660,3.138325
-1.376157,0.204425,1.407060,3.137673
-1.371916,0.199737,1.406754,3.137365
-1.367656,0.195036,1.406454,3.137060
-1.354711,0.180844,1.405570,3.136179
-1.350351,0.176087,1.405283,3.135916
-1.345975,0.171319,1.404999,3.135661
-1.337086,0.161741,1.404489,3.135125
-1.332592,0.156919,1.404295,3.134835
-1.328059,0.152072,1.404165,3.134542
-1.323472,0.147216,1.404117,3.134279
-1.309615,0.132561,1.404429,3.133919
-1.309615,0.132561,1.404429,3.133919
-1.300376,0.122794,1.405012,3.134240
-1.300376,0.122794,1.405012,3.134240
-1.286768,0.108319,1.406214,3.135619
-1.282328,0.103589,1.406710,3.136275
-1.277950,0.098910,1.407223,3.136996
-1.269409,0.089737,1.408272,3.138570
-1.265263,0.085294,1.408840,3.139387
-1.261201,0.080929,1.409400,3.140189
-1.257228,0.076650,1.409949,3.140958
-1.249607,0.068432,1.411028,3.142318
-1.245963,0.064503,1.411569,3.142871
-1.242420,0.060679,1.412083,3.143324
-1.238978,0.056965,1.412568,3.143668
-1.232575,0.050110,1.413470,3.144030
-1.229528,0.046860,1.413873,3.144029
-1.226584,0.043732,1.414243,3.143915
-1.223850,0.040891,1.414571,3.143676
-1.216255,0.033128,1.415363,3.142341
-1.214037,0.030989,1.415538,3.141707
-1.211917,0.028979,1.415684,3.140995
-1.207965,0.025349,1.415891,3.139351
-1.206266,0.023947,1.415923,3.138439
-1.204658,0.022672,1.415930,3.137474
-1.203138,0.021524,1.415913,3.136474
-1.201705,0.020502,1.415875,3.135431
-1.199375,0.019289,1.415663,3.133328
-1.198330,0.018865,1.415531,3.132261
-1.197365,0.018562,1.415383,3.131183
-1.195778,0.018522,1.414996,3.129061
-1.195151,0.018776,1.414765,3.128026
-1.194106,0.019620,1.414273,3.126010
-1.194106,0.019620,1.414273,3.126010
-1.193789,0.020402,1.413993,3.125039
-1.193343,0.022276,1.413407,3.123200
-1.193213,0.023365,1.413102,3.122331
-1.193239,0.024739,1.412783,3.121503
-1.193460,0.027766,1.412135,3.119958
-1.193651,0.029414,1.411808,3.119251
-1.194372,0.033293,1.411154,3.117960
-1.195289,0.037501,1.410487,3.116833
-1.195915,0.039883,1.410156,3.116323
-1.196586,0.042340,1.409825,3.115859
-1.197301,0.044870,1.409495,3.115432
-1.199869,0.053171,1.408549,3.114409
-1.200835,0.056120,1.408246,3.114146
-1.201840,0.059133,1.407943,3.113924
-1.202960,0.062356,1.407658,3.113733
-1.205309,0.068975,1.407093,3.113449
-1.206537,0.072369,1.406814,3.113362
-1.207862,0.075941,1.406547,3.113301
-1.212042,0.086962,1.405693,3.113318
-1.213501,0.090734,1.405413,3.113380
-1.215032,0.094659,1.405145,3.113471
-1.218187,0.102645,1.404616,3.113724
-1.219811,0.106700,1.404365,3.113884
-1.221502,0.110880,1.404117,3.114075
-1.223224,0.115099,1.403872,3.114293
-1.224976,0.119357,1.403631,3.114532
-1.228606,0.128054,1.403158,3.115073
-1.230484,0.132489,1.402926,3.115364
-1.232389,0.136960,1.402697,3.115670
-1.236328,0.146055,1.402249,3.116334
-1.238360,0.150678,1.402032,3.116695
-1.240421,0.155332,1.401816,3.117078
-1.242509,0.160017,1.401602,3.117471
-1.249068,0.174386,1.401040,3.118711
-1.249068,0.174386,1.401040,3.118711
-1.253623,0.184146,1.400692,3.119598
-1.253623,0.184146,1.400692,3.119598
-1.260722,0.199036,1.400206,3.120994
-1.263182,0.204087,1.400075,3.121467
-1.265669,0.209159,1.399946,3.121963
-1.270726,0.219365,1.399671,3.122956
-1.273337,0.224520,1.399540,3.123466
-1.275976,0.229693,1.399410,3.123978
-1.278643,0.234883,1.399282,3.124501
-1.284064,0.245310,1.399031,3.125551
-1.286849,0.250552,1.398895,3.126071
-1.292510,0.261075,1.398631,3.127121
-1.292510,0.261075,1.398631,3.127121
-1.295386,0.266354,1.398503,3.127639
-1.301284,0.276937,1.398277,3.128662
-1.304280,0.282242,1.398167,3.129169
-1.307309,0.287555,1.398059,3.129686
-1.310398,0.292869,1.397964,3.130179
-1.316678,0.303512,1.397781,3.131160
-1.319870,0.308837,1.397694,3.131643
-1.323142,0.314157,1.397618,3.132111
-1.326449,0.319476,1.397545,3.132584
-1.329793,0.324794,1.397475,3.133032
-1.336632,0.335403,1.397338,3.133878
-1.340127,0.340691,1.397272,3.134282
-1.350900,0.356459,1.397095,3.135423
-1.350900,0.356459,1.397095,3.135423
-1.358348,0.366856,1.396991,3.136115
-1.358348,0.366856,1.396991,3.136115
-1.366034,0.377139,1.396880,3.136737
-1.369977,0.382226,1.396827,3.137033
-1.373965,0.387284,1.396780,3.137318
-1.377999,0.392310,1.396739,3.137592
-1.390635,0.407043,1.396528,3.138617
-1.394969,0.411877,1.396363,3.139168
-1.399363,0.416667,1.396161,3.139872
-1.399363,0.416667,1.396161,3.139872
-1.413036,0.430521,1.395570,3.142949
-1.417658,0.435005,1.395449,3.144249
-1.422370,0.439342,1.395366,3.145666
-1.431788,0.447767,1.395378,3.148810
-1.436474,0.451850,1.395465,3.150497
-1.441205,0.455742,1.395595,3.152224
-1.445894,0.459537,1.395774,3.154004
-1.459643,0.470188,1.396576,3.159295
-1.459643,0.470188,1.396576,3.159295
-1.468468,0.476595,1.397292,3.162645
-1.468468,0.476595,1.397292,3.162645
-1.476901,0.482411,1.398135,3.165686
-1.480952,0.485077,1.398597,3.167068
-1.484895,0.487634,1.399065,3.168345
-1.488725,0.490083,1.399536,3.169508
-1.499285,0.496226,1.401031,3.172338
-1.502562,0.498062,1.401511,3.173056
-1.505607,0.499583,1.402007,3.173658
-1.508528,0.501007,1.402487,3.174172
-1.513996,0.503554,1.403385,3.174900
-1.516394,0.504481,1.403822,3.175122
-1.518669,0.505313,1.404239,3.175279
-1.524757,0.507252,1.405367,3.175291
-1.526382,0.507521,1.405699,3.175159
-1.527889,0.507705,1.406011,3.174993
-1.530555,0.507823,1.406538,3.174489
-1.531534,0.507581,1.406765,3.174181
-1.532403,0.507261,1.406975,3.173845
-1.533162,0.506864,1.407165,3.173470
-1.534434,0.504912,1.407603,3.172210
-1.534594,0.504067,1.407722,3.171755
-1.534656,0.503156,1.407825,3.171285
-1.533769,0.499577,1.407951,3.169809
-1.533291,0.498263,1.407966,3.169300
-1.532582,0.496740,1.407947,3.168789
-1.530912,0.493528,1.407876,3.167785
-1.529953,0.491842,1.407826,3.167270
-1.528776,0.489993,1.407748,3.166751
-1.527523,0.488095,1.407661,3.166235
-1.524790,0.484156,1.407464,3.165195
-1.523178,0.482020,1.407320,3.164669
-1.521495,0.479840,1.407169,3.164140
-1.519745,0.477617,1.407013,3.163618
-1.517927,0.475350,1.406852,3.163093
-1.513834,0.470517,1.406505,3.162047
-1.511695,0.468043,1.406325,3.161528
-1.509495,0.465530,1.406142,3.161008
-1.507236,0.462979,1.405951,3.160490
-1.502323,0.457616,1.405557,3.159470
-1.497189,0.452112,1.405154,3.158450
-1.497189,0.452112,1.405154,3.158450
-1.488805,0.443420,1.404510,3.156966
-1.485911,0.440459,1.404286,3.156472
-1.482872,0.437420,1.404060,3.155976
-1.476656,0.431251,1.403606,3.155013
-1.473480,0.428122,1.403379,3.154542
-1.470170,0.424908,1.403160,3.154073
-1.466817,0.421667,1.402942,3.153618
-1.456427,0.411728,1.402313,3.152263
-1.456427,0.411728,1.402313,3.152263
-1.449193,0.404902,1.401919,3.151393
-1.441736,0.397925,1.401545,3.150550
-1.441736,0.397925,1.401545,3.150550
-1.437917,0.394375,1.401367,3.150145
-1.434063,0.390801,1.401188,3.149746
-1.422171,0.379872,1.400687,3.148605
-1.418120,0.376176,1.400526,3.148243
-1.414036,0.372459,1.400367,3.147887
-1.409875,0.368693,1.400212,3.147539
-1.401462,0.361104,1.399908,3.146860
-1.397211,0.357282,1.399757,3.146532
-1.388589,0.349563,1.399457,3.145901
-1.388589,0.349563,1.399457,3.145901
-1.375403,0.337828,1.399018,3.145011
-1.375403,0.337828,1.399018,3.145011
-1.366433,0.329883,1.398728,3.144463
-1.361909,0.325889,1.398584,3.144206
-1.352758,0.317831,1.398284,3.143713
-1.348130,0.313768,1.398129,3.143486
-1.343478,0.309694,1.397974,3.143266
-1.334067,0.301490,1.397671,3.142841
-1.329310,0.297361,1.397516,3.142643
-1.324531,0.293222,1.397364,3.142447
-1.319728,0.289075,1.397213,3.142257
-1.319728,0.289075,1.397213,3.142257
-1.309984,0.280723,1.396908,3.141865
-1.305066,0.276529,1.396778,3.141650
-1.295072,0.268073,1.396670,3.141205
-1.295072,0.268073,1.396670,3.141205
-1.279774,0.255256,1.397051,3.140834
-1.274619,0.250952,1.397317,3.140885
-1.269471,0.246656,1.397648,3.141044
-1.264342,0.242376,1.398028,3.141322
-1.254140,0.233865,1.398943,3.142216
-1.249086,0.229650,1.399462,3.142813
-1.244089,0.225480,1.400004,3.143492
-1.234292,0.217304,1.401129,3.145013
-1.229469,0.213307,1.401735,3.145817
-1.224730,0.209381,1.402337,3.146628
-1.220078,0.205532,1.402932,3.147422
-1.215519,0.201766,1.403514,3.148180
-1.206687,0.194552,1.404694,3.149525
-1.198267,0.187726,1.405782,3.150537
-1.190361,0.181449,1.406765,3.151150
-1.186571,0.178477,1.407213,3.151290
-1.182892,0.175619,1.407629,3.151321
-1.179401,0.172971,1.408009,3.151245
-1.172750,0.168032,1.408673,3.150758
-1.169590,0.165746,1.408979,3.150361
-1.166651,0.163693,1.409232,3.149858
-1.163821,0.161763,1.409456,3.149256
-1.158481,0.158277,1.409817,3.147832
-1.156087,0.156848,1.409926,3.147013
-1.153797,0.155544,1.410010,3.146138
-1.151607,0.154362,1.410070,3.145217
-1.147664,0.152510,1.410085,3.143265
-1.145906,0.151836,1.410040,3.142241
-1.144242,0.151280,1.409977,3.141201
-1.142670,0.150842,1.409897,3.140143
-1.141325,0.150676,1.409755,3.139086
-1.138897,0.150679,1.409425,3.136966
-1.137811,0.150845,1.409238,3.135926
-1.136807,0.151120,1.409041,3.134904
-1.134671,0.153059,1.408302,3.131930
-1.134112,0.153904,1.408044,3.130990
-1.133764,0.154999,1.407756,3.130079
-1.133280,0.157463,1.407167,3.128363
-1.133142,0.158828,1.406870,3.127554
-1.133178,0.160429,1.406550,3.126782
-1.133277,0.162109,1.406231,3.126048
-1.133441,0.163869,1.405912,3.125340
-1.134054,0.167768,1.405247,3.124028
-1.134500,0.169901,1.404901,3.123427
-1.135006,0.172104,1.404558,3.122868
-1.136283,0.176850,1.403870,3.121860
-1.137049,0.179386,1.403526,3.121406
-1.137871,0.181983,1.403185,3.120978
-1.138748,0.184642,1.402848,3.120586
-1.138748,0.184642,1.402848,3.120586
-1.141944,0.193293,1.401832,3.119596
-1.143114,0.196285,1.401502,3.119335
-1.144417,0.199435,1.401179,3.119101
-1.147172,0.205877,1.400549,3.118721
-1.148624,0.209167,1.400223,3.118573
-1.150204,0.212588,1.399911,3.118444
-1.151832,0.216051,1.399604,3.118352
-1.157005,0.226680,1.398714,3.118220
-1.157005,0.226680,1.398714,3.118220
-1.160820,0.234095,1.398148,3.118238
-1.160820,0.234095,1.398148,3.118238
-1.166951,0.245510,1.397353,3.118436
-1.166951,0.245510,1.397353,3.118436
-1.171348,0.253331,1.396851,3.118660
-1.173615,0.257283,1.396607,3.118798
-1.178387,0.265310,1.396133,3.119121
-1.180841,0.269359,1.395906,3.119303
-1.183342,0.273430,1.395684,3.119503
-1.188575,0.281674,1.395261,3.119940
-1.191261,0.285825,1.395056,3.120179
-1.196815,0.294198,1.394653,3.120692
-1.196815,0.294198,1.394653,3.120692
-1.205558,0.306893,1.394033,3.121544
-1.205558,0.306893,1.394033,3.121544
-1.211735,0.315441,1.393620,3.122150
-1.214892,0.319725,1.393423,3.122468
-1.221405,0.328317,1.393054,3.123104
-1.224760,0.332621,1.392882,3.123428
-1.228160,0.336925,1.392716,3.123764
-1.235147,0.345541,1.392399,3.124435
-1.238732,0.349847,1.392248,3.124769
-1.242365,0.354147,1.392101,3.125111
-1.246045,0.358439,1.391959,3.125455
-1.253569,0.366988,1.391733,3.126151
-1.257412,0.371241,1.391626,3.126504
-1.265245,0.379695,1.391426,3.127207
-1.265245,0.379695,1.391426,3.127207
-1.277472,0.392213,1.391181,3.128267
-1.281643,0.396334,1.391104,3.128617
-1.285911,0.400426,1.391042,3.128976
-1.294588,0.408510,1.390932,3.129703
-1.298997,0.412498,1.390882,3.130086
-1.303492,0.416427,1.390846,3.130476
-1.308033,0.420316,1.390815,3.130872
-1.312621,0.424161,1.390783,3.131265
-1.321978,0.431683,1.390750,3.132077
-1.331556,0.438972,1.390747,3.132947
-1.331556,0.438972,1.390747,3.132947
-1.346334,0.449390,1.390800,3.134399
-1.346334,0.449390,1.390800,3.134399
-1.351357,0.452724,1.390835,3.134907
-1.366727,0.462188,1.390969,3.136568
-1.371943,0.465180,1.390997,3.137298
-1.377208,0.468099,1.390987,3.138240
-1.382556,0.470848,1.390945,3.139440
-1.393380,0.476115,1.390830,3.142602
-1.398837,0.478623,1.390792,3.144458
-1.404310,0.481043,1.390787,3.146445
-1.409815,0.483269,1.390819,3.148524
-1.420789,0.487447,1.391021,3.152868
-1.426235,0.489396,1.391192,3.155050
-1.431664,0.491135,1.391414,3.157221
-1.437041,0.492782,1.391680,3.159369
-1.442355,0.494345,1.391985,3.161466
-1.452771,0.497067,1.392706,3.165393
-1.452771,0.497067,1.392706,3.165393
-1.462837,0.499307,1.393544,3.168962
-1.462837,0.499307,1.393544,3.168962
-1.477057,0.501757,1.394955,3.173432
-1.477057,0.501757,1.394955,3.173432
-1.485912,0.502904,1.395946,3.175810
-1.494057,0.503485,1.396989,3.177710
-1.497929,0.503667,1.397506,3.178495
-1.501666,0.503778,1.398013,3.179163
-1.505120,0.503686,1.398525,3.179719
-1.508438,0.503528,1.399024,3.180189
-1.514665,0.503018,1.399971,3.180848
-1.517406,0.502550,1.400422,3.181050
-1.520011,0.502021,1.400854,3.181182
-1.524823,0.500785,1.401664,3.181237
-1.526841,0.499969,1.402025,3.181164
-1.528730,0.499098,1.402365,3.181058
-1.530492,0.498172,1.402684,3.180895
-1.534857,0.494973,1.403528,3.180136
-1.534857,0.494973,1.403528,3.180136
-1.536940,0.492455,1.404002,3.179457
-1.536940,0.492455,1.404002,3.179457
-1.538888,0.488112,1.404557,3.178229
-1.539264,0.486539,1.404705,3.177779
-1.539534,0.484921,1.404835,3.177305
-1.539468,0.481353,1.405051,3.176314
-1.539285,0.479506,1.405136,3.175797
-1.539005,0.477618,1.405206,3.175274
-1.538473,0.475617,1.405259,3.174728
-1.537138,0.471497,1.405328,3.173628
-1.536339,0.469378,1.405322,3.173074
-1.535328,0.467166,1.405313,3.172506
-1.534234,0.464913,1.405294,3.171940
-1.531803,0.460293,1.405225,3.170812
-1.530348,0.457876,1.405189,3.170241
-1.528819,0.455423,1.405144,3.169673
-1.527217,0.452934,1.405091,3.169097
-1.523689,0.447797,1.404978,3.167937
-1.521765,0.445147,1.404918,3.167370
-1.519775,0.442464,1.404851,3.166806
-1.517720,0.439747,1.404778,3.166241
-1.513264,0.434118,1.404638,3.165099
-1.510945,0.431255,1.404552,3.164536
-1.508568,0.428360,1.404461,3.163974
-1.506134,0.425433,1.404366,3.163416
-1.500964,0.419411,1.404194,3.162302
-1.498298,0.416352,1.404100,3.161772
-1.495582,0.413264,1.404002,3.161247
-1.492743,0.410112,1.403910,3.160730
-1.483936,0.400488,1.403623,3.159215
-1.483936,0.400488,1.403623,3.159215
-1.480842,0.397198,1.403529,3.158720
-1.477703,0.393883,1.403431,3.158229
-1.471291,0.387174,1.403229,3.157252
-1.471291,0.387174,1.403229,3.157252
-1.461181,0.376837,1.402926,3.155807
-1.454197,0.369790,1.402725,3.154865
-1.450626,0.366213,1.402628,3.154405
-1.447018,0.362615,1.402528,3.153944
-1.443374,0.358994,1.402425,3.153484
-1.435879,0.351646,1.402191,3.152591
-1.432079,0.347943,1.402072,3.152155
-1.428246,0.344221,1.401951,3.151723
-1.424310,0.340469,1.401824,3.151294
-1.412313,0.329104,1.401430,3.150073
-1.412313,0.329104,1.401430,3.150073
-1.404042,0.321423,1.401132,3.149289
-1.404042,0.321423,1.401132,3.149289
-1.391422,0.309776,1.400678,3.148196
-1.391422,0.309776,1.400678,3.148196
-1.382761,0.301908,1.400366,3.147515
-1.373998,0.293981,1.400035,3.146866
-1.369531,0.289992,1.399873,3.146560
-1.369531,0.289992,1.399873,3.146560
-1.360524,0.281973,1.399550,3.145973
-1.360524,0.281973,1.399550,3.145973
-1.346755,0.269863,1.399065,3.145130
-1.342106,0.265805,1.398901,3.144858
-1.337435,0.261737,1.398739,3.144593
-1.332709,0.257667,1.398569,3.144336
-1.323191,0.249495,1.398235,3.143859
-1.318400,0.245394,1.398070,3.143628
-1.313576,0.241304,1.397903,3.143400
-1.303867,0.233096,1.397571,3.142978
-1.298983,0.228978,1.397407,3.142780
-1.294067,0.224876,1.397239,3.142583
-1.289130,0.220763,1.397079,3.142390
-1.284162,0.216634,1.396946,3.142190
-1.274121,0.208335,1.396845,3.141864
-1.269051,0.204167,1.396901,3.141771
-1.263955,0.199985,1.397032,3.141762
-1.253741,0.191621,1.397522,3.142050
-1.248642,0.187457,1.397872,3.142360
-1.238499,0.179191,1.398725,3.143333
-1.238499,0.179191,1.398725,3.143333
-1.223571,0.167066,1.400339,3.145502
-1.223571,0.167066,1.400339,3.145502
-1.218700,0.163128,1.400934,3.146361
-1.213890,0.159256,1.401540,3.147243
-1.209177,0.155465,1.402209,3.148143
-1.199972,0.148124,1.403529,3.149908
-1.195488,0.144585,1.404171,3.150745
-1.191156,0.141175,1.404852,3.151525
-1.182756,0.134655,1.406150,3.152845
-1.178695,0.131556,1.406761,3.153368
-1.171062,0.125831,1.407973,3.154112
-1.163820,0.120574,1.409043,3.154402
-1.160489,0.118224,1.409543,3.154386
-1.160489,0.118224,1.409543,3.154386
-1.154122,0.113891,1.410439,3.154033
-1.151090,0.111912,1.410836,3.153684
-1.145649,0.108607,1.411514,3.152725
-1.143076,0.107141,1.411801,3.152125
-1.140601,0.105799,1.412057,3.151446
-1.136326,0.103817,1.412434,3.149892
-1.134331,0.103007,1.412581,3.149034
-1.132430,0.102316,1.412704,3.148129
-1.130827,0.101910,1.412769,3.147194
-1.127891,0.101441,1.412840,3.145263
-1.126556,0.101374,1.412845,3.144273
-1.124349,0.101716,1.412775,3.142237
-1.124349,0.101716,1.412775,3.142237
-1.121971,0.103230,1.412518,3.139222
-1.121971,0.103230,1.412518,3.139222
-1.121528,0.104067,1.412385,3.138233
-1.121163,0.104998,1.412241,3.137265
-1.120877,0.106019,1.412088,3.136312
-1.120711,0.108459,1.411746,3.134477
-1.121023,0.111368,1.411367,3.132739
-1.121796,0.114717,1.410998,3.131102
-1.122375,0.116564,1.410805,3.130337
-1.123021,0.118479,1.410607,3.129603
-1.123735,0.120461,1.410407,3.128897
-1.125688,0.124801,1.409984,3.127569
-1.126760,0.127059,1.409786,3.126947
-1.127897,0.129375,1.409586,3.126364
-1.129261,0.131835,1.409384,3.125805
-1.132171,0.136905,1.408976,3.124788
-1.133717,0.139510,1.408771,3.124319
-1.135478,0.142241,1.408573,3.123883
-1.137297,0.145011,1.408374,3.123483
-1.143240,0.153611,1.407849,3.122424
-1.145430,0.156585,1.407683,3.122125
-1.147674,0.159592,1.407516,3.121849
-1.149974,0.162630,1.407348,3.121612
-1.154866,0.168818,1.407020,3.121196
-1.157456,0.171965,1.406859,3.121024
-1.160099,0.175136,1.406697,3.120865
-1.162795,0.178331,1.406535,3.120735
-1.168560,0.184828,1.406229,3.120557
-1.171520,0.188106,1.406075,3.120510
-1.174531,0.191401,1.405921,3.120480
-1.177679,0.194725,1.405771,3.120467
-1.184127,0.201415,1.405472,3.120495
-1.187426,0.204779,1.405322,3.120533
-1.190863,0.208155,1.405174,3.120591
-1.197884,0.214933,1.404879,3.120774
-1.201466,0.218333,1.404744,3.120895
-1.205182,0.221721,1.404609,3.121033
-1.208944,0.225114,1.404473,3.121190
-1.216611,0.231912,1.404199,3.121535
-1.220596,0.235272,1.404071,3.121724
-1.224627,0.238633,1.403943,3.121935
-1.228701,0.241992,1.403813,3.122161
-1.241357,0.251965,1.403496,3.122945
-1.241357,0.251965,1.403496,3.122945
-1.245689,0.255266,1.403392,3.123244
-1.250066,0.258562,1.403286,3.123547
-1.263689,0.268297,1.402975,3.124516
-1.263689,0.268297,1.402975,3.124516
-1.272976,0.274735,1.402770,3.125223
-1.272976,0.274735,1.402770,3.125223
-1.287450,0.284205,1.402472,3.126364
-1.292353,0.287333,1.402371,3.126753
-1.297369,0.290406,1.402267,3.127160
-1.307513,0.296498,1.402035,3.128004
-1.307513,0.296498,1.402035,3.128004
-1.312639,0.299516,1.401918,3.128441
-1.317871,0.302474,1.401796,3.128889
-1.323136,0.305411,1.401673,3.129348
-1.328436,0.308327,1.401550,3.129809
-1.339217,0.314051,1.401285,3.130749
-1.344695,0.316855,1.401143,3.131238
-1.350204,0.319636,1.401001,3.131723
-1.367079,0.327721,1.400573,3.133226
-1.372790,0.330349,1.400430,3.133741
-1.378530,0.332950,1.400289,3.134258
-1.390227,0.337971,1.400022,3.135308
-1.396115,0.340443,1.399888,3.135832
-1.402030,0.342887,1.399755,3.136355
-1.408029,0.345236,1.399617,3.136872
-1.414053,0.347559,1.399472,3.137406
-1.426205,0.352144,1.399077,3.138511
-1.426205,0.352144,1.399077,3.138511
-1.438601,0.356531,1.398412,3.139804
-1.451122,0.360832,1.397662,3.141285
-1.457405,0.362938,1.397329,3.142105
-1.463725,0.364958,1.397036,3.142973
-1.470034,0.366939,1.396803,3.143894
-1.476321,0.368877,1.396635,3.144869
-1.488823,0.372567,1.396466,3.146922
-1.495017,0.374312,1.396464,3.147991
-1.501145,0.376001,1.396521,3.149089
-1.513185,0.379159,1.396776,3.151294
-1.519078,0.380623,1.396953,3.152390
-1.519078,0.380623,1.396953,3.152390
-1.530557,0.383344,1.397425,3.154505
-1.530557,0.383344,1.397425,3.154505
-1.541550,0.385671,1.398033,3.156434
-1.546862,0.386724,1.398369,3.157306
-1.557019,0.388523,1.399124,3.158846
-1.566559,0.389934,1.399948,3.160092
-1.571121,0.390521,1.400358,3.160592
-1.575415,0.390943,1.400790,3.161018
-1.579568,0.391286,1.401214,3.161368
-1.587453,0.391734,1.402023,3.161851
-1.591019,0.391742,1.402399,3.161990
-1.594447,0.391672,1.402758,3.162066
-1.597735,0.391525,1.403100,3.162087
-1.603723,0.390877,1.403719,3.161968
-1.606426,0.390379,1.403994,3.161863
-1.611438,0.389159,1.404486,3.161523
-1.611438,0.389159,1.404486,3.161523
-1.617655,0.386522,1.405024,3.160795
-1.619424,0.385460,1.405161,3.160501
-1.621072,0.384331,1.405281,3.160184
-1.623689,0.381635,1.405460,3.159515
-1.624828,0.380188,1.405538,3.159169
-1.624828,0.380188,1.405538,3.159169
-1.626623,0.376996,1.405629,3.158486
-1.626623,0.376996,1.405629,3.158486
-1.628301,0.371600,1.405636,3.157471
-1.628301,0.371600,1.405636,3.157471
-1.628608,0.367514,1.405546,3.156779
-1.628621,0.365391,1.405475,3.156436
-1.628232,0.360881,1.405283,3.155767
-1.627835,0.358500,1.405164,3.155457
-1.627355,0.356071,1.405036,3.155158
-1.625175,0.348300,1.404572,3.154300
-1.625175,0.348300,1.404572,3.154300
-1.624250,0.345587,1.404392,3.154028
-1.622054,0.339953,1.404011,3.153473
-1.620786,0.337034,1.403809,3.153214
-1.618045,0.331077,1.403394,3.152700
-1.616464,0.327950,1.403179,3.152442
-1.613116,0.321586,1.402735,3.151958
-1.611350,0.318348,1.402509,3.151708
-1.609526,0.315075,1.402282,3.151470
-1.607563,0.311690,1.402051,3.151230
-1.603472,0.304816,1.401586,3.150787
-1.601347,0.301329,1.401341,3.150575
-1.599104,0.297751,1.401088,3.150367
-1.594468,0.290501,1.400583,3.149977
-1.589564,0.283074,1.400078,3.149590
-1.589564,0.283074,1.400078,3.149590
-1.584402,0.275475,1.399575,3.149240
-1.579012,0.267703,1.399106,3.148901
-1.576228,0.263745,1.398870,3.148740
-1.573403,0.259761,1.398635,3.148585
-1.570539,0.255750,1.398402,3.148439
-1.564578,0.247528,1.397944,3.148130
-1.561542,0.243379,1.397710,3.147990
-1.561542,0.243379,1.397710,3.147990
-1.555306,0.234970,1.397248,3.147719
-1.555306,0.234970,1.397248,3.147719
-1.545617,0.222128,1.396575,3.147334
-1.542273,0.217746,1.396353,3.147206
-1.538898,0.213343,1.396133,3.147085
-1.532057,0.204471,1.395720,3.146859
-1.528559,0.199945,1.395518,3.146751
-1.525033,0.195398,1.395319,3.146641
-1.521480,0.190833,1.395122,3.146546
-1.510628,0.176973,1.394554,3.146262
-1.506939,0.172283,1.394372,3.146171
-1.503226,0.167576,1.394192,3.146076
-1.495691,0.158067,1.393829,3.145909
-1.491869,0.153267,1.393646,3.145828
-1.488026,0.148452,1.393466,3.145750
-1.484160,0.143622,1.393290,3.145671
-1.476271,0.133855,1.392949,3.145534
-1.472296,0.128951,1.392783,3.145468
-1.468300,0.124033,1.392621,3.145404
-1.464251,0.119079,1.392463,3.145342
-1.451990,0.104141,1.392006,3.145170
-1.451990,0.104141,1.392006,3.145170
-1.447838,0.099122,1.391865,3.145121
-1.443668,0.094091,1.391726,3.145064
-1.435277,0.083998,1.391459,3.144968
-1.431035,0.078920,1.391322,3.144926
-1.426777,0.073833,1.391189,3.144887
-1.422503,0.068736,1.391060,3.144851
-1.413889,0.058499,1.390806,3.144772
-1.409540,0.053350,1.390707,3.144709
-1.405160,0.048178,1.390658,3.144667
-1.400747,0.042980,1.390676,3.144651
-1.387320,0.027230,1.391127,3.145028
-1.382829,0.021972,1.391410,3.145353
-1.378345,0.016725,1.391756,3.145792
-1.369396,0.006282,1.392636,3.146986
-1.364966,0.001114,1.393141,3.147738
-1.360577,-0.004007,1.393681,3.148573
-1.356214,-0.009083,1.394287,3.149477
-1.347654,-0.019035,1.395546,3.151408
-1.343469,-0.023895,1.396190,3.152406
-1.339344,-0.028660,1.396871,3.153392
-1.335293,-0.033332,1.397548,3.154349
-1.323643,-0.046680,1.399553,3.156869
-1.323643,-0.046680,1.399553,3.156869
-1.316333,-0.054947,1.400849,3.158126
-1.309456,-0.062616,1.402065,3.158971
-1.306192,-0.066206,1.402641,3.159235
-1.303024,-0.069667,1.403185,3.159381
-1.299955,-0.072997,1.403695,3.159414
-1.294312,-0.078982,1.404614,3.159155
-1.291638,-0.081775,1.405023,3.158872
-1.289063,-0.084433,1.405399,3.158488
-1.286698,-0.086780,1.405731,3.158019
-1.282261,-0.091077,1.406303,3.156854
-1.280190,-0.093028,1.406573,3.156162
-1.278347,-0.094662,1.406788,3.155417
-1.276600,-0.096169,1.406976,3.154615
-1.271924,-0.099943,1.407383,3.151940
-1.271924,-0.099943,1.407383,3.151940
-1.270680,-0.100775,1.407437,3.150982
-1.269529,-0.101489,1.407470,3.150010
-1.266759,-0.102769,1.407438,3.147047
-1.266759,-0.102769,1.407438,3.147047
-1.265543,-0.102847,1.407290,3.145065
-1.265065,-0.102735,1.407197,3.144076
-1.264633,-0.101870,1.406895,3.142125
-1.264541,-0.101300,1.406732,3.141171
-1.264530,-0.100643,1.406560,3.140244
-1.264733,-0.099714,1.406332,3.139337
-1.265373,-0.097620,1.405860,3.137585
-1.265810,-0.096461,1.405618,3.136735
-1.266433,-0.095049,1.405339,3.135910
-1.267904,-0.092027,1.404769,3.134346
-1.268753,-0.090421,1.404483,3.133607
-1.269791,-0.088593,1.404176,3.132897
-1.270902,-0.086708,1.403869,3.132223
-1.273340,-0.082785,1.403260,3.130977
-1.274781,-0.080606,1.402946,3.130374
-1.276290,-0.078382,1.402633,3.129804
-1.277869,-0.076115,1.402323,3.129259
-1.281344,-0.071338,1.401687,3.128274
-1.283239,-0.068833,1.401363,3.127812
-1.285200,-0.066295,1.401042,3.127388
-1.287228,-0.063726,1.400725,3.126991
-1.289320,-0.061128,1.400415,3.126620
-1.293909,-0.055659,1.399783,3.125936
-1.296299,-0.052888,1.399473,3.125639
-1.298751,-0.050096,1.399167,3.125358
-1.304008,-0.044244,1.398549,3.124869
-1.306727,-0.041294,1.398245,3.124660
-1.312424,-0.035290,1.397640,3.124302
-1.312424,-0.035290,1.397640,3.124302
-1.321526,-0.026113,1.396751,3.123932
-1.321526,-0.026113,1.396751,3.123932
-1.328020,-0.019831,1.396188,3.123789
-1.328020,-0.019831,1.396188,3.123789
-1.338248,-0.010334,1.395383,3.123734
-1.338248,-0.010334,1.395383,3.123734
-1.345433,-0.003938,1.394859,3.123786
-1.352909,0.002492,1.394351,3.123904
-1.356763,0.005722,1.394098,3.123996
-1.360669,0.008947,1.393848,3.124103
-1.360669,0.008947,1.393848,3.124103
-1.364625,0.012167,1.393604,3.124226
-1.372832,0.018663,1.393135,3.124521
-1.377009,0.021899,1.392907,3.124689
-1.385574,0.028365,1.392475,3.125060
-1.385574,0.028365,1.392475,3.125060
-1.398871,0.038014,1.391922,3.125736
-1.403393,0.041207,1.391744,3.125990
-1.408008,0.044386,1.391580,3.126259
-1.417367,0.050709,1.391262,3.126822
-1.422109,0.053849,1.391107,3.127110
-1.426941,0.056978,1.390961,3.127404
-1.431814,0.060092,1.390818,3.127714
-1.436726,0.063192,1.390677,3.128041
-1.446718,0.069343,1.390414,3.128718
-1.451796,0.072395,1.390291,3.129069
-1.456913,0.075433,1.390170,3.129436
-1.472584,0.084443,1.389809,3.130562
-1.472584,0.084443,1.389809,3.130562
-1.483240,0.090366,1.389582,3.131340
-1.494118,0.096190,1.389367,3.132143
-1.499606,0.099079,1.389266,3.132549
-1.505124,0.101951,1.389168,3.132950
-1.510723,0.104805,1.389065,3.133354
-1.522019,0.110469,1.388817,3.134121
-1.527725,0.113287,1.388612,3.134455
-1.533531,0.116102,1.388332,3.134755
-1.539376,0.118909,1.387998,3.135037
-1.539376,0.118909,1.387998,3.135037
-1.557127,0.127232,1.387027,3.135931
-1.563099,0.129952,1.386767,3.136289
-1.569068,0.132641,1.386566,3.136694
-1.580956,0.137898,1.386350,3.137685
-1.586905,0.140437,1.386326,3.138273
-1.592813,0.142922,1.386363,3.138922
-1.598669,0.145346,1.386457,3.139628
-1.610225,0.149978,1.386791,3.141169
-1.615907,0.152173,1.387022,3.141977
-1.627014,0.156322,1.387599,3.143600
-1.627014,0.156322,1.387599,3.143600
-1.642937,0.161736,1.388673,3.145925
-1.648030,0.163353,1.389068,3.146609
-1.652954,0.164795,1.389492,3.147253
-1.662451,0.167378,1.390356,3.148375
-1.667021,0.168516,1.390783,3.148852
-1.671367,0.169452,1.391228,3.149261
-1.675591,0.170284,1.391666,3.149611
-1.683678,0.171634,1.392508,3.150115
-1.687407,0.172029,1.392925,3.150279
-1.691017,0.172321,1.393327,3.150404
-1.694508,0.172509,1.393711,3.150482
-1.700974,0.172440,1.394438,3.150522
-1.703955,0.172185,1.394776,3.150490
-1.706823,0.171831,1.395094,3.150425
-1.709579,0.171378,1.395392,3.150335
-1.714430,0.169920,1.395910,3.150087
-1.716697,0.169050,1.396149,3.149950
-1.718860,0.168087,1.396370,3.149801
-1.720920,0.167033,1.396571,3.149642
-1.724416,0.164420,1.396855,3.149314
-1.726019,0.162985,1.396971,3.149143
-1.727530,0.161465,1.397071,3.148975
-1.728771,0.159750,1.397121,3.148803
-1.730994,0.156077,1.397183,3.148481
-1.731977,0.154124,1.397196,3.148328
-1.733369,0.149747,1.397115,3.148052
-1.733947,0.147451,1.397059,3.147921
-1.734726,0.142528,1.396900,3.147688
-1.734932,0.139904,1.396797,3.147578
-1.735068,0.137214,1.396687,3.147476
-1.735003,0.131542,1.396427,3.147318
-1.734807,0.128564,1.396278,3.147248
-1.734549,0.125527,1.396124,3.147183
-1.734228,0.122434,1.395966,3.147123
-1.733173,0.115910,1.395610,3.147008
-1.732562,0.112566,1.395427,3.146966
-1.731894,0.109172,1.395242,3.146935
-1.731068,0.105652,1.395046,3.146907
-1.730189,0.102082,1.394849,3.146889
-1.728281,0.094800,1.394472,3.146865
-1.727158,0.091004,1.394300,3.146846
-1.725988,0.087164,1.394128,3.146835
-1.724774,0.083280,1.393955,3.146820
-1.722215,0.075380,1.393611,3.146817
-1.719306,0.067179,1.393305,3.146833
-1.716240,0.058822,1.393014,3.146845
-1.714593,0.054534,1.392883,3.146853
-1.712909,0.050208,1.392752,3.146871
-1.711190,0.045846,1.392622,3.146875
-1.709436,0.041447,1.392492,3.146885
-1.705690,0.032469,1.392269,3.146936
-1.701817,0.023353,1.392057,3.146991
-1.697727,0.014035,1.391855,3.147040
-1.695638,0.009327,1.391755,3.147067
-1.693521,0.004588,1.391656,3.147088
-1.691338,-0.000225,1.391564,3.147109
-1.686893,-0.009942,1.391371,3.147161
-1.684631,-0.014845,1.391276,3.147192
-1.679985,-0.024816,1.391106,3.147242
-1.679985,-0.024816,1.391106,3.147242
-1.672810,-0.040020,1.390869,3.147326
-1.670354,-0.045166,1.390799,3.147361
-1.667877,-0.050339,1.390731,3.147394
-1.662830,-0.060796,1.390612,3.147462
-1.660262,-0.066078,1.390563,3.147492
-1.657675,-0.071384,1.390514,3.147521
-1.655069,-0.076715,1.390466,3.147544
-1.652446,-0.082068,1.390412,3.147571
-1.647112,-0.092892,1.390368,3.147623
-1.644420,-0.098338,1.390347,3.147651
-1.641712,-0.103806,1.390325,3.147674
-1.636235,-0.114823,1.390336,3.147728
-1.633473,-0.120363,1.390348,3.147750
-1.630698,-0.125925,1.390359,3.147773
-1.627892,-0.131509,1.390376,3.147795
-1.622241,-0.142736,1.390406,3.147834
-1.619397,-0.148379,1.390421,3.147850
-1.613634,-0.159720,1.390473,3.147873
-1.610725,-0.165431,1.390540,3.147866
-1.604813,-0.176964,1.390847,3.147906
-1.601812,-0.182784,1.391107,3.147998
-1.598796,-0.188630,1.391433,3.148160
-1.595773,-0.194494,1.391823,3.148410
-1.589663,-0.206226,1.392826,3.149208
-1.586628,-0.212078,1.393408,3.149767
-1.583616,-0.217907,1.394031,3.150416
-1.574696,-0.235123,1.396215,3.152831
-1.571808,-0.240751,1.396984,3.153751
-1.568954,-0.246289,1.397821,3.154701
-1.563418,-0.257120,1.399478,3.156593
-1.560743,-0.262398,1.400299,3.157501
-1.558136,-0.267576,1.401109,3.158369
-1.555595,-0.272593,1.401981,3.159171
-1.550734,-0.282282,1.403659,3.160543
-1.548418,-0.286945,1.404449,3.161088
-1.546207,-0.291377,1.405269,3.161530
-1.542027,-0.299850,1.406809,3.162092
-1.542027,-0.299850,1.406809,3.162092
-1.538221,-0.307637,1.408236,3.162204
-1.536466,-0.311251,1.408908,3.162098
-1.534795,-0.314726,1.409541,3.161880
-1.531776,-0.321063,1.410724,3.161167
-1.530429,-0.323927,1.411263,3.160668
-1.527982,-0.329232,1.412229,3.159444
-1.527982,-0.329232,1.412229,3.159444
-1.525189,-0.335510,1.413395,3.157131
-1.524418,-0.337332,1.413703,3.156260
-1.524418,-0.337332,1.413703,3.156260
-1.523821,-0.338811,1.413973,3.155352
-1.522492,-0.342478,1.414613,3.152445
-1.522492,-0.342478,1.414613,3.152445
-1.522170,-0.343882,1.414891,3.150429
-1.522139,-0.344821,1.415065,3.148404
-1.522334,-0.344917,1.415122,3.147394
-1.522334,-0.344917,1.415122,3.147394
-1.522932,-0.344790,1.415183,3.145369
-1.523806,-0.344257,1.415180,3.143394
-1.524436,-0.343660,1.415138,3.142428
-1.525131,-0.342971,1.415084,3.141492
-1.525892,-0.342194,1.415020,3.140576
-1.527695,-0.340214,1.414860,3.138819
-1.528734,-0.339020,1.414766,3.137965
-1.529834,-0.337749,1.414665,3.137135
-1.530996,-0.336403,1.414556,3.136348
-1.533672,-0.333190,1.414302,3.134844
-1.535098,-0.331484,1.414166,3.134134
-1.536581,-0.329713,1.414026,3.133454
-1.538190,-0.327741,1.413875,3.132799
-1.538190,-0.327741,1.413875,3.132799
-1.543346,-0.321495,1.413418,3.130997
-1.545250,-0.319180,1.413270,3.130451
-1.547207,-0.316817,1.413118,3.129933
-1.551280,-0.311947,1.412804,3.129001
-1.553474,-0.309321,1.412646,3.128574
-1.555720,-0.306654,1.412485,3.128164
-1.558016,-0.303948,1.412320,3.127784
-1.562835,-0.298309,1.411968,3.127083
-1.565356,-0.295380,1.411794,3.126771
-1.567927,-0.292417,1.411617,3.126490
-1.570546,-0.289420,1.411439,3.126232
-1.576059,-0.283157,1.411108,3.125770
-1.578885,-0.279983,1.410944,3.125577
-1.584676,-0.273551,1.410607,3.125243
-1.590759,-0.266886,1.410303,3.124993
-1.593867,-0.263517,1.410148,3.124897
-1.597019,-0.260125,1.409991,3.124820
-1.600263,-0.256670,1.409859,3.124761
-1.606876,-0.249696,1.409572,3.124711
-1.610246,-0.246181,1.409427,3.124701
-1.613700,-0.242603,1.409293,3.124712
-1.617196,-0.239008,1.409158,3.124732
-1.620733,-0.235397,1.409020,3.124769
-1.627966,-0.228081,1.408752,3.124893
-1.631661,-0.224378,1.408621,3.124977
-1.635396,-0.220663,1.408488,3.125080
-1.643020,-0.213166,1.408225,3.125327
-1.646908,-0.209386,1.408095,3.125466
-1.650835,-0.205597,1.407963,3.125602
-1.654799,-0.201798,1.407829,3.125759
-1.658849,-0.197970,1.407691,3.125919
-1.667059,-0.190293,1.407413,3.126302
-1.671218,-0.186445,1.407272,3.126505
-1.675463,-0.182582,1.407140,3.126718
-1.684059,-0.174842,1.406870,3.127184
-1.688409,-0.170967,1.406743,3.127430
-1.692840,-0.167081,1.406639,3.127674
-1.697305,-0.163193,1.406533,3.127939
-1.710902,-0.151522,1.406204,3.128773
-1.715539,-0.147633,1.406111,3.129059
-1.720207,-0.143744,1.406017,3.129358
-1.729642,-0.135970,1.405821,3.129968
-1.734440,-0.132100,1.405747,3.130281
-1.739270,-0.128233,1.405671,3.130619
-1.744130,-0.124370,1.405593,3.130949
-1.753971,-0.116687,1.405450,3.131622
-1.758952,-0.112868,1.405367,3.131971
-1.763961,-0.109053,1.405283,3.132322
-1.769000,-0.105244,1.405197,3.132679
-1.779232,-0.097710,1.405037,3.133387
-1.784397,-0.093945,1.404918,3.133693
-1.789599,-0.090176,1.404742,3.133924
-1.794866,-0.086438,1.404507,3.134070
-1.805506,-0.078951,1.403936,3.134207
-1.810868,-0.075213,1.403657,3.134253
-1.816270,-0.071523,1.403413,3.134312
-1.821681,-0.067852,1.403217,3.134413
-1.832503,-0.060599,1.402990,3.134778
-1.837917,-0.057062,1.402956,3.135051
-1.843309,-0.053576,1.402978,3.135401
-1.848673,-0.050146,1.403053,3.135824
-1.859303,-0.043546,1.403354,3.136870
-1.864555,-0.040389,1.403573,3.137477
-1.869752,-0.037318,1.403829,3.138124
-1.874888,-0.034339,1.404118,3.138807
-1.889854,-0.026119,1.405156,3.140898
-1.894686,-0.023616,1.405545,3.141581
-1.899436,-0.021229,1.405943,3.142235
-1.904035,-0.019045,1.406404,3.142854
-1.912972,-0.015046,1.407303,3.143972
-1.917306,-0.013235,1.407735,3.144455
-1.921454,-0.011693,1.408209,3.144891
-1.929479,-0.008990,1.409119,3.145610
-1.933353,-0.007833,1.409551,3.145893
-1.937014,-0.006976,1.410007,3.146137
-1.940585,-0.006248,1.410444,3.146349
-1.944067,-0.005648,1.410866,3.146513
-1.950611,-0.005011,1.411676,3.146747
-1.950611,-0.005011,1.411676,3.146747
-1.953678,-0.004972,1.412064,3.146823
-1.956659,-0.005055,1.412429,3.146873
-1.964802,-0.006422,1.413415,3.146904
-1.967304,-0.007177,1.413707,3.146882
-1.969728,-0.008045,1.413980,3.146855
-1.971921,-0.009217,1.414237,3.146821
-1.976086,-0.011881,1.414693,3.146732
-1.978060,-0.013369,1.414895,3.146679
-1.979814,-0.015143,1.415075,3.146627
-1.983119,-0.018980,1.415379,3.146551
-1.984674,-0.021040,1.415508,3.146530
-1.986166,-0.023191,1.415623,3.146513
-1.987442,-0.025594,1.415728,3.146497
-1.989819,-0.030652,1.415900,3.146483
-1.990924,-0.033303,1.415973,3.146482
-1.991829,-0.036183,1.416035,3.146499
-1.993482,-0.042166,1.416129,3.146542
-1.994800,-0.048577,1.416187,3.146604
-1.995322,-0.051953,1.416202,3.146636
-1.995799,-0.055395,1.416211,3.146676
-1.996230,-0.058900,1.416221,3.146715
-1.996708,-0.066353,1.416207,3.146808
-1.996887,-0.070167,1.416191,3.146862
-1.997026,-0.074038,1.416170,3.146912
-1.997026,-0.074038,1.416170,3.146912
-1.997007,-0.078083,1.416138,3.146962
-1.996862,-0.086330,1.416064,3.147066
-1.996738,-0.090528,1.416024,3.147123
-1.996463,-0.094892,1.415974,3.147184
-1.996159,-0.099300,1.415920,3.147243
-1.995459,-0.108254,1.415799,3.147375
-1.994954,-0.112905,1.415729,3.147445
-1.994423,-0.117597,1.415656,3.147516
-1.993279,-0.127103,1.415493,3.147654
-1.992580,-0.132002,1.415416,3.147712
-1.991858,-0.136939,1.415336,3.147778
-1.991113,-0.141912,1.415254,3.147835
-1.990345,-0.146921,1.415170,3.147907
-1.988686,-0.157117,1.414993,3.148047
-1.987797,-0.162301,1.414901,3.148112
-1.986887,-0.167519,1.414808,3.148170
-1.983929,-0.183486,1.414531,3.148342
-1.982889,-0.188891,1.414438,3.148405
-1.981831,-0.194325,1.414344,3.148466
-1.979542,-0.205406,1.414166,3.148575
-1.978375,-0.210989,1.414075,3.148625
-1.977194,-0.216599,1.413982,3.148675
-1.975944,-0.222289,1.413902,3.148724
-1.973407,-0.233746,1.413736,3.148808
-1.972122,-0.239512,1.413646,3.148855
-1.970796,-0.245368,1.413561,3.148898
-1.969459,-0.251248,1.413475,3.148946
-1.968112,-0.257151,1.413387,3.148982
-1.966756,-0.263076,1.413297,3.149021
-1.966756,-0.263076,1.413297,3.149021
-1.962574,-0.281119,1.413020,3.149127
-1.962574,-0.281119,1.413020,3.149127
-1.958274,-0.299413,1.412771,3.149225
-1.958274,-0.299413,1.412771,3.149225
-1.955359,-0.311729,1.412599,3.149288
-1.952356,-0.324186,1.412427,3.149362
-1.950847,-0.330442,1.412334,3.149394
-1.949333,-0.336716,1.412239,3.149427
-1.947817,-0.343007,1.412143,3.149459
-1.944689,-0.355711,1.412024,3.149509
-1.943104,-0.362113,1.412033,3.149541
-1.941503,-0.368550,1.412104,3.149596
-1.939854,-0.375044,1.412263,3.149698
-1.936544,-0.388097,1.412741,3.150116
-1.934896,-0.394635,1.413059,3.150452
-1.933223,-0.401205,1.413455,3.150888
-1.931570,-0.407758,1.413890,3.151415
-1.926756,-0.427263,1.415430,3.153457
-1.926756,-0.427263,1.415430,3.153457
-1.923708,-0.440053,1.416620,3.155085
-1.923708,-0.440053,1.416620,3.155085
-1.920843,-0.452565,1.417893,3.156786
-1.919487,-0.458697,1.418553,3.157620
-1.918191,-0.464730,1.419204,3.158425
-1.916958,-0.470659,1.419841,3.159178
-1.914736,-0.482106,1.421162,3.160484
-1.913729,-0.487649,1.421787,3.161015
-1.912792,-0.493065,1.422384,3.161458
-1.911981,-0.498269,1.422988,3.161791
-1.910581,-0.508270,1.424100,3.162158
-1.909993,-0.513060,1.424588,3.162193
-1.909194,-0.521995,1.425488,3.161937
-1.909194,-0.521995,1.425488,3.161937
-1.908560,-0.534302,1.426577,3.160844
-1.908560,-0.534302,1.426577,3.160844
-1.908685,-0.541462,1.427124,3.159668
-1.909104,-0.548039,1.427560,3.158206
-1.909521,-0.550927,1.427709,3.157387
-1.910010,-0.553673,1.427830,3.156517
-1.910570,-0.556278,1.427924,3.155602
-1.911992,-0.560882,1.428025,3.153670
-1.912851,-0.562889,1.428021,3.152664
-1.913778,-0.564764,1.427996,3.151624
-1.914772,-0.566510,1.427952,3.150571
-1.915908,-0.567936,1.427870,3.149503
-1.918373,-0.570421,1.427658,3.147381
-1.919701,-0.571485,1.427529,3.146320
-1.921181,-0.572251,1.427364,3.145261
-1.922721,-0.572905,1.427185,3.144209
-1.925975,-0.573897,1.426797,3.142153
-1.927787,-0.574053,1.426566,3.141144
-1.929656,-0.574110,1.426327,3.140158
-1.933556,-0.573937,1.425832,3.138245
-1.935674,-0.573545,1.425577,3.137327
-1.935674,-0.573545,1.425577,3.137327
-1.940063,-0.572501,1.425052,3.135578
-1.942331,-0.571858,1.424783,3.134751
-1.947194,-0.570053,1.424241,3.133156
-1.949695,-0.569037,1.423966,3.132401
-1.952242,-0.567948,1.423690,3.131676
-1.957534,-0.565449,1.423130,3.130331
-1.960276,-0.564043,1.422849,3.129705
-1.963061,-0.562573,1.422568,3.129109
-1.965886,-0.561043,1.422286,3.128534
-1.971765,-0.557605,1.421706,3.127467
-1.974763,-0.555799,1.421425,3.126982
-1.980917,-0.551941,1.420859,3.126095
-1.984072,-0.549892,1.420573,3.125703
-1.990489,-0.545643,1.420002,3.125005
-1.993776,-0.543376,1.419714,3.124684
-1.997098,-0.541062,1.419426,3.124392
-2.000454,-0.538702,1.419150,3.124124
-2.007290,-0.533792,1.418593,3.123661
-2.010768,-0.531245,1.418313,3.123461
-2.014278,-0.528656,1.418033,3.123295
-2.025057,-0.520571,1.417209,3.122924
-2.028721,-0.517786,1.416939,3.122836
-2.028721,-0.517786,1.416939,3.122836
-2.032414,-0.514962,1.416670,3.122771
-2.039940,-0.509119,1.416156,3.122711
-2.043745,-0.506143,1.415898,3.122704
-2.047578,-0.503132,1.415640,3.122720
-2.051463,-0.500051,1.415386,3.122756
-2.059313,-0.493791,1.414844,3.122865
-2.063279,-0.490612,1.414572,3.122946
-2.067271,-0.487402,1.414302,3.123039
-2.071312,-0.484133,1.414033,3.123144
-2.083590,-0.474148,1.413212,3.123563
-2.083590,-0.474148,1.413212,3.123563
-2.091938,-0.467308,1.412650,3.123913
-2.096149,-0.463848,1.412370,3.124093
-2.104655,-0.456840,1.411811,3.124496
-2.108949,-0.453293,1.411532,3.124720
-2.113268,-0.449722,1.411255,3.124951
-2.117610,-0.446127,1.410988,3.125191
-2.126399,-0.438854,1.410455,3.125694
-2.130828,-0.435185,1.410190,3.125962
-2.135280,-0.431495,1.409926,3.126230
-2.144273,-0.424020,1.409393,3.126797
-2.148803,-0.420255,1.409132,3.127106
-2.157959,-0.412646,1.408602,3.127731
-2.157959,-0.412646,1.408602,3.127731
-2.171898,-0.401073,1.407801,3.128708
-2.171898,-0.401073,1.407801,3.128708
-2.176600,-0.397155,1.407523,3.129052
-2.181322,-0.393224,1.407249,3.129389
-2.190827,-0.385321,1.406679,3.130081
-2.195621,-0.381318,1.406392,3.130438
-2.195621,-0.381318,1.406392,3.130438
-2.205268,-0.373277,1.405829,3.131160
-2.214996,-0.365192,1.405275,3.131862
-2.219892,-0.361099,1.404979,3.132139
-2.224816,-0.356986,1.404647,3.132305
-2.229769,-0.352852,1.404277,3.132358
-2.234750,-0.348698,1.403887,3.132309
-2.244761,-0.340301,1.403149,3.132048
-2.249789,-0.336097,1.402838,3.131890
-2.254825,-0.331899,1.402575,3.131736
-2.269994,-0.319361,1.402130,3.131527
-2.269994,-0.319361,1.402130,3.131527
-2.280070,-0.311177,1.402090,3.131672
-2.280070,-0.311177,1.402090,3.131672
-2.295023,-0.299343,1.402375,3.132341
-2.299944,-0.295548,1.402563,3.132665
-2.304823,-0.291849,1.402780,3.133027
-2.314440,-0.284765,1.403285,3.133833
-2.319158,-0.281414,1.403576,3.134264
-2.323822,-0.278183,1.403878,3.134712
-2.328431,-0.275079,1.404187,3.135158
-2.332982,-0.272104,1.404506,3.135595
-2.341807,-0.266692,1.405169,3.136437
-2.341807,-0.266692,1.405169,3.136437
-2.346129,-0.264194,1.405492,3.136838
-2.350389,-0.261838,1.405807,3.137216
-2.362589,-0.256014,1.406679,3.138207
-2.366532,-0.254362,1.406945,3.138502
-2.370412,-0.252855,1.407196,3.138776
-2.370412,-0.252855,1.407196,3.138776
-2.381427,-0.249656,1.407763,3.139528
-2.384980,-0.248874,1.407917,3.139761
-2.388391,-0.248404,1.408016,3.139985
-2.395040,-0.247875,1.408188,3.140419
-2.398281,-0.247813,1.408249,3.140625
-2.401386,-0.248062,1.408251,3.140825
-2.404441,-0.248437,1.408238,3.141027
-2.407445,-0.248938,1.408213,3.141236
-2.413225,-0.250508,1.408083,3.141644
-2.416004,-0.251568,1.407982,3.141855
-2.418736,-0.252744,1.407870,3.142074
-2.423991,-0.255622,1.407566,3.142519
-2.426520,-0.257314,1.407377,3.142751
-2.431452,-0.261007,1.406982,3.143242
-2.436069,-0.265430,1.406487,3.143743
-2.438320,-0.267780,1.406234,3.143997
-2.440534,-0.270221,1.405979,3.144250
-2.442645,-0.272917,1.405687,3.144498
-2.444722,-0.275697,1.405395,3.144749
-2.448781,-0.281493,1.404804,3.145253
-2.450702,-0.284664,1.404478,3.145505
-2.452593,-0.287908,1.404152,3.145754
-2.458087,-0.298064,1.403184,3.146488
-2.459810,-0.301707,1.402842,3.146734
-2.461506,-0.305412,1.402502,3.146974
-2.463179,-0.309178,1.402142,3.147203
-2.466396,-0.317004,1.401429,3.147660
-2.467943,-0.321059,1.401076,3.147876
-2.469466,-0.325170,1.400727,3.148093
-2.470968,-0.329335,1.400383,3.148299
-2.473810,-0.338030,1.399715,3.148699
-2.475201,-0.342452,1.399381,3.148882
-2.476575,-0.346921,1.399053,3.149064
-2.477885,-0.351526,1.398744,3.149242
-2.480453,-0.360871,1.398138,3.149576
-2.482897,-0.370483,1.397571,3.149892
-2.482897,-0.370483,1.397571,3.149892
-2.486363,-0.385345,1.396795,3.150327
-2.487437,-0.390468,1.396574,3.150462
-2.488498,-0.395629,1.396358,3.150595
-2.490582,-0.406063,1.395936,3.150830
-2.491560,-0.411407,1.395765,3.150941
-2.492526,-0.416786,1.395598,3.151040
-2.493481,-0.422199,1.395434,3.151144
-2.495321,-0.433178,1.395151,3.151311
-2.496202,-0.438753,1.395061,3.151395
-2.497065,-0.444380,1.395023,3.151500
-2.497910,-0.450058,1.395045,3.151629
-2.499532,-0.461576,1.395269,3.152046
-2.500319,-0.467399,1.395469,3.152351
-2.501893,-0.479096,1.396007,3.153169
-2.501893,-0.479096,1.396007,3.153169
-2.504215,-0.496674,1.397212,3.154923
-2.505023,-0.502482,1.397677,3.155611
-2.505826,-0.508278,1.398204,3.156332
-2.507514,-0.519700,1.399302,3.157804
-2.508405,-0.525309,1.399865,3.158532
-2.509312,-0.530842,1.400481,3.159242
-2.510257,-0.536285,1.401094,3.159919
-2.511241,-0.541633,1.401697,3.160554
-2.513319,-0.551981,1.402918,3.161640
-2.514415,-0.556971,1.403529,3.162078
-2.515556,-0.561840,1.404120,3.162441
-2.517982,-0.571127,1.405270,3.162908
-2.519270,-0.575538,1.405820,3.163011
-2.520607,-0.579812,1.406343,3.163035
-2.521992,-0.583949,1.406837,3.162972
-2.524961,-0.591561,1.407763,3.162602
-2.526518,-0.595154,1.408182,3.162296
-2.528126,-0.598603,1.408571,3.161905
-2.529825,-0.601744,1.408942,3.161453
-2.533369,-0.607601,1.409605,3.160371
-2.535212,-0.610316,1.409894,3.159739
-2.539074,-0.615136,1.410394,3.158331
-2.543156,-0.619220,1.410797,3.156786
-2.545265,-0.621060,1.410973,3.155969
-2.547456,-0.622577,1.411124,3.155129
-2.549692,-0.623966,1.411254,3.154274
-2.551969,-0.625233,1.411364,3.153418
-2.556684,-0.627200,1.411518,3.151645
-2.559120,-0.627907,1.411566,3.150759
-2.561598,-0.628501,1.411597,3.149866
-2.564119,-0.628984,1.411599,3.148979
-2.569329,-0.629226,1.411550,3.147221
-2.571996,-0.629195,1.411507,3.146359
-2.574699,-0.629069,1.411455,3.145507
-2.580250,-0.628129,1.411311,3.143841
-2.583083,-0.627525,1.411239,3.143027
-2.588859,-0.625866,1.411071,3.141464
-2.594782,-0.623694,1.410871,3.139984
-2.597796,-0.622500,1.410762,3.139274
-2.600858,-0.621052,1.410646,3.138576
-2.603954,-0.619535,1.410526,3.137905
-2.610254,-0.616305,1.410281,3.136640
-2.613462,-0.614443,1.410156,3.136041
-2.616704,-0.612522,1.410028,3.135464
-2.619980,-0.610544,1.409896,3.134915
-2.630009,-0.604150,1.409499,3.133432
-2.630009,-0.604150,1.409499,3.133432
-2.636864,-0.599448,1.409247,3.132555
-2.643839,-0.594434,1.409001,3.131747
-2.647369,-0.591800,1.408883,3.131394
-2.650931,-0.589124,1.408763,3.131058
-2.654525,-0.586408,1.408640,3.130741
-2.658155,-0.583549,1.408531,3.130442
-2.665509,-0.577722,1.408304,3.129894
-2.669231,-0.574755,1.408187,3.129648
-2.672989,-0.571656,1.408084,3.129426
-2.684442,-0.562168,1.407755,3.128859
-2.684442,-0.562168,1.407755,3.128859
-2.692258,-0.555521,1.407563,3.128568
-2.700191,-0.548765,1.407363,3.128332
-2.704212,-0.545273,1.407273,3.128247
-2.708263,-0.541757,1.407181,3.128166
-2.712342,-0.538217,1.407086,3.128110
-2.720606,-0.530996,1.406898,3.128024
-2.724790,-0.527318,1.406805,3.128007
-2.729001,-0.523620,1.406710,3.127999
-2.733239,-0.519902,1.406613,3.128004
-2.737534,-0.516092,1.406528,3.128015
-2.746204,-0.508417,1.406346,3.128092
-2.750579,-0.504554,1.406251,3.128145
-2.754980,-0.500675,1.406153,3.128208
-2.763910,-0.492766,1.405985,3.128376
-2.768413,-0.488791,1.405897,3.128475
-2.777533,-0.480758,1.405721,3.128696
-2.786791,-0.472635,1.405539,3.128956
-2.791458,-0.468558,1.405445,3.129103
-2.796204,-0.464435,1.405354,3.129261
-2.800975,-0.460304,1.405261,3.129428
-2.805769,-0.456165,1.405165,3.129602
-2.815467,-0.447841,1.404982,3.129972
-2.820371,-0.443657,1.404894,3.130173
-2.825297,-0.439468,1.404804,3.130377
-2.840271,-0.426842,1.404528,3.131041
-2.845318,-0.422621,1.404435,3.131272
-2.850387,-0.418397,1.404341,3.131513
-2.860654,-0.409905,1.404153,3.132000
-2.865820,-0.405658,1.404057,3.132252
-2.871009,-0.401410,1.403960,3.132507
-2.876247,-0.397156,1.403866,3.132764
-2.886788,-0.388651,1.403676,3.133295
-2.892090,-0.384400,1.403572,3.133567
-2.897449,-0.380164,1.403480,3.133842
-2.902828,-0.375930,1.403387,3.134121
-2.913647,-0.367469,1.403199,3.134701
-2.919086,-0.363242,1.403103,3.134986
-2.924570,-0.359029,1.403008,3.135284
-2.930072,-0.354818,1.402912,3.135584
-2.941135,-0.346406,1.402744,3.136194
-2.946712,-0.342218,1.402661,3.136500
-2.952309,-0.338034,1.402576,3.136816
-2.957923,-0.333854,1.402490,3.137122
-2.963556,-0.329679,1.402403,3.137430
-2.974897,-0.321341,1.402251,3.138038
-2.980593,-0.317179,1.402171,3.138346
-2.986306,-0.313022,1.402089,3.138655
-3.003605,-0.300545,1.401862,3.139594
-3.009403,-0.296396,1.401785,3.139907
-3.015229,-0.292242,1.401711,3.140221
-3.026925,-0.283948,1.401567,3.140840
-3.032795,-0.279809,1.401493,3.141137
-3.038683,-0.275672,1.401429,3.141439
-3.044585,-0.271539,1.401364,3.141732
-3.062367,-0.259182,1.401170,3.142591
-3.062367,-0.259182,1.401170,3.142591
-3.074284,-0.250987,1.401047,3.143153
-3.086245,-0.242835,1.400918,3.143696
-3.092241,-0.238777,1.400851,3.143956
-3.098248,-0.234721,1.400783,3.144214
-3.104264,-0.230666,1.400715,3.144464
-3.116317,-0.222578,1.400598,3.144954
-3.122353,-0.218544,1.400538,3.145192
-3.128398,-0.214510,1.400476,3.145430
-3.134451,-0.210474,1.400414,3.145653
-3.146572,-0.202420,1.400291,3.146078
-3.152642,-0.198388,1.400220,3.146279
-3.158719,-0.194353,1.400149,3.146469
-3.164785,-0.190317,1.400074,3.146659
-3.176933,-0.182233,1.399925,3.147021
-3.183014,-0.178184,1.399851,3.147193
-3.195141,-0.170052,1.399703,3.147519
-3.195141,-0.170052,1.399703,3.147519
-3.213334,-0.157803,1.399505,3.147915
-3.219387,-0.153705,1.399444,3.148029
-3.225442,-0.149598,1.399382,3.148140
-3.237534,-0.141355,1.399250,3.148335
-3.243568,-0.137217,1.399175,3.148420
-3.249604,-0.133069,1.399101,3.148498
-3.255640,-0.128910,1.399027,3.148565
-3.273720,-0.116325,1.398794,3.148726
-3.279745,-0.112107,1.398717,3.148770
-3.285752,-0.107865,1.398630,3.148800
-3.297760,-0.099343,1.398471,3.148834
-3.303760,-0.095062,1.398392,3.148843
-3.309757,-0.090765,1.398313,3.148851
-3.315717,-0.086458,1.398228,3.148840
-3.333571,-0.073447,1.397981,3.148777
-3.333571,-0.073447,1.397981,3.148777
-3.339475,-0.069083,1.397898,3.148742
-3.345373,-0.064702,1.397815,3.148707
-3.351266,-0.060305,1.397734,3.148662
-3.362989,-0.051448,1.397570,3.148546
-3.374642,-0.042508,1.397407,3.148415
-3.380457,-0.038012,1.397334,3.148341
-3.391984,-0.028939,1.397182,3.148174
-3.397737,-0.024375,1.397108,3.148087
-3.403481,-0.019792,1.397035,3.147991
-3.409177,-0.015176,1.396962,3.147891
-3.420545,-0.005886,1.396835,3.147666
-3.426214,-0.001212,1.396780,3.147547
-3.431832,0.003478,1.396726,3.147428
-3.448628,0.017666,1.396567,3.147047
-3.454158,0.022444,1.396510,3.146918
-3.459678,0.027242,1.396454,3.146782
-3.470685,0.036898,1.396336,3.146483
-3.476113,0.041753,1.396275,3.146338
-3.481531,0.046629,1.396215,3.146194
-3.486938,0.051525,1.396156,3.146040
-3.503029,0.066331,1.395989,3.145581
-3.503029,0.066331,1.395989,3.145581
-3.513612,0.076297,1.395886,3.145259
-3.518887,0.081311,1.395835,3.145096
-3.529301,0.091369,1.395710,3.144774
-3.534492,0.096429,1.395649,3.144614
-3.539673,0.101509,1.395589,3.144458
-3.544798,0.106592,1.395522,3.144297
-3.555016,0.116817,1.395391,3.143967
-3.560109,0.121960,1.395327,3.143809
-3.565132,0.127107,1.395237,3.143650
-3.580137,0.142669,1.394975,3.143169
-3.585048,0.147877,1.394869,3.143008
-3.589950,0.153105,1.394764,3.142848
-3.599724,0.163619,1.394561,3.142543
-3.604539,0.168903,1.394443,3.142391
-3.614142,0.179532,1.394214,3.142081
-3.623658,0.190241,1.393962,3.141793
-3.628377,0.195627,1.393832,3.141652
-3.633088,0.201031,1.393706,3.141518
-3.637789,0.206451,1.393582,3.141377
-3.651737,0.222844,1.393160,3.140963
-3.656370,0.228344,1.393009,3.140827
-3.660995,0.233862,1.392863,3.140698
-3.670135,0.244958,1.392560,3.140455
-3.674692,0.250530,1.392413,3.140339
-3.679243,0.256119,1.392271,3.140215
-3.683739,0.261712,1.392117,3.140098
-3.697189,0.278588,1.391678,3.139762
-3.701600,0.284232,1.391513,3.139661
-3.706005,0.289892,1.391352,3.139555
-3.710404,0.295568,1.391196,3.139448
-3.719152,0.306947,1.390851,3.139259
-3.727847,0.318370,1.390481,3.139072
-3.727847,0.318370,1.390481,3.139072
-3.732186,0.324105,1.390304,3.138984
-3.740800,0.335568,1.389900,3.138800
-3.749393,0.347091,1.389519,3.138635
-3.757909,0.358632,1.389109,3.138485
-3.762162,0.364425,1.388912,3.138416
-3.766410,0.370232,1.388722,3.138354
-3.770630,0.376045,1.388510,3.138303
-3.779058,0.387714,1.388106,3.138196
-3.783267,0.393569,1.387896,3.138143
-3.791616,0.405279,1.387464,3.138044
-3.799953,0.417042,1.387059,3.137966
-3.804116,0.422942,1.386865,3.137927
-3.808242,0.428828,1.386670,3.137895
-3.812365,0.434728,1.386480,3.137865
-3.824690,0.452460,1.385975,3.137795
-3.828773,0.458367,1.385816,3.137781
-3.832855,0.464287,1.385664,3.137761
-3.840986,0.476119,1.385366,3.137735
-3.845036,0.482032,1.385230,3.137722
-3.849083,0.487959,1.385100,3.137709
-3.853130,0.493898,1.384975,3.137703
-3.865231,0.511653,1.384594,3.137704
-3.869264,0.517596,1.384478,3.137716
-3.873274,0.523507,1.384362,3.137724
-3.881292,0.535367,1.384156,3.137736
-3.885301,0.541315,1.384062,3.137744
-3.889302,0.547227,1.383963,3.137756
-3.893302,0.553151,1.383870,3.137766
-3.905289,0.570950,1.383595,3.137826
-3.905289,0.570950,1.383595,3.137826
-3.909274,0.576875,1.383495,3.137856
-3.913260,0.582813,1.383402,3.137883
-3.917244,0.588763,1.383315,3.137911
-3.925199,0.600644,1.383136,3.137963
-3.933152,0.612574,1.382984,3.138028
-3.941096,0.624503,1.382863,3.138105
-3.945064,0.630461,1.382809,3.138138
-3.949031,0.636430,1.382761,3.138172
-3.952999,0.642412,1.382720,3.138212
-3.960932,0.654355,1.382660,3.138279
-3.964898,0.660343,1.382668,3.138322
-3.972822,0.672341,1.382694,3.138413
-3.980738,0.684371,1.382738,3.138515
-3.984696,0.690403,1.382768,3.138563
-3.988657,0.696428,1.382805,3.138614
-3.992618,0.702465,1.382848,3.138662
-4.004486,0.720620,1.382967,3.138798
-4.008432,0.726681,1.383021,3.138841
-4.012380,0.732753,1.383079,3.138897
-4.016326,0.738837,1.383141,3.138952
-4.024225,0.750999,1.383285,3.139065
-4.028175,0.757097,1.383365,3.139119
-4.040016,0.775414,1.383656,3.139274
-4.043962,0.781535,1.383765,3.139324
-4.047910,0.787666,1.383876,3.139379
-4.051853,0.793794,1.384002,3.139431
-4.059742,0.806080,1.384261,3.139528
-4.063685,0.812238,1.384393,3.139580
-4.067631,0.818407,1.384528,3.139638
-4.071570,0.824553,1.384672,3.139691
-4.075511,0.830709,1.384819,3.139746
-4.083389,0.843053,1.385103,3.139849
-4.091280,0.855377,1.385393,3.139950
-4.095225,0.861555,1.385540,3.139993
-4.103130,0.873920,1.385844,3.140082
-4.107090,0.880107,1.386000,3.140132
-4.111049,0.886304,1.386157,3.140180
-4.118986,0.898700,1.386522,3.140272
-4.122964,0.904899,1.386706,3.140318
-4.130914,0.917328,1.387073,3.140409
-4.138870,0.929728,1.387426,3.140507
-4.142845,0.935944,1.387605,3.140550
-4.146818,0.942170,1.387783,3.140599
-4.150775,0.948370,1.387960,3.140642
-4.158684,0.960804,1.388312,3.140702
-4.162634,0.967037,1.388487,3.140733
-4.170535,0.979475,1.388830,3.140805
-4.178424,0.991955,1.389140,3.140877
-4.182361,0.998186,1.389289,3.140916
-4.186295,1.004428,1.389438,3.140953
-4.190225,1.010681,1.389586,3.140991
-4.198079,1.023218,1.389883,3.141062
-4.201996,1.029486,1.390036,3.141095
-4.209822,1.042055,1.390340,3.141138
-4.217640,1.054653,1.390645,3.141197
-4.221547,1.060960,1.390798,3.141228
-4.221547,1.060960,1.390798,3.141228
-4.229350,1.073608,1.391099,3.141287
-4.229350,1.073608,1.391099,3.141287
-4.241028,1.092595,1.391540,3.141355
-4.244912,1.098945,1.391685,3.141382
-4.248792,1.105290,1.391824,3.141400
-4.256537,1.118012,1.392101,3.141443
-4.260404,1.124390,1.392241,3.141465
-4.264263,1.130769,1.392373,3.141483
-4.268118,1.137161,1.392506,3.141502
-4.279660,1.156379,1.392886,3.141532
-4.283501,1.162794,1.393003,3.141541
-4.287336,1.169218,1.393120,3.141549
-4.294994,1.182080,1.393322,3.141569
-4.298816,1.188518,1.393414,3.141584
-4.302632,1.194966,1.393506,3.141598
-4.306444,1.201425,1.393598,3.141596
-4.317827,1.220794,1.393914,3.141062
-4.321609,1.227267,1.394066,3.140578
-4.325386,1.233747,1.394214,3.139872
-4.332924,1.246692,1.394365,3.137751
-4.336686,1.253172,1.394342,3.136303
-4.340443,1.259657,1.394236,3.134595
-4.344198,1.266125,1.394036,3.132631
-4.355436,1.285554,1.392845,3.125195
-4.355436,1.285554,1.392845,3.125195
-4.359180,1.292005,1.392227,3.122206
-4.362922,1.298460,1.391510,3.118971
-4.366658,1.304918,1.390698,3.115496
-4.374101,1.317800,1.388735,3.107846
-4.381512,1.330650,1.386369,3.099279
-4.388900,1.343459,1.383615,3.089827
-4.392584,1.349840,1.382095,3.084786
-4.396266,1.356226,1.380510,3.079534
-4.399947,1.362616,1.378864,3.074081
-4.407259,1.375299,1.375240,3.062582
-4.414569,1.388000,1.371439,3.050352
-4.418216,1.394309,1.369404,3.043963
-4.418216,1.394309,1.369404,3.043963
-4.429155,1.413273,1.363173,3.023817
-4.432784,1.419560,1.361007,3.016792
-4.436413,1.425856,1.358839,3.009621
-4.440042,1.432160,1.356670,3.002303
-4.447297,1.444798,1.352335,2.987217
-4.454499,1.457382,1.347909,2.971539
-4.454499,1.457382,1.347909,2.971539
-4.465281,1.476307,1.341280,2.946928
-4.468862,1.482613,1.339056,2.938432
-4.472441,1.488933,1.336832,2.929786
-4.479581,1.501576,1.332374,2.912055
-4.483140,1.507900,1.330129,2.902968
-4.490245,1.520598,1.325633,2.884343
-4.490245,1.520598,1.325633,2.884343
-4.500808,1.539663,1.318857,2.855323
-4.500808,1.539663,1.318857,2.855323
-4.507779,1.552421,1.314290,2.835261
-4.514678,1.565208,1.309693,2.814597
-4.518106,1.571627,1.307372,2.804046
-4.521492,1.578029,1.305015,2.793339
-4.524858,1.584446,1.302644,2.782483
-4.531528,1.597320,1.297852,2.760338
-4.534800,1.603740,1.295416,2.749053
-4.541259,1.616607,1.290478,2.726022
-4.547536,1.629478,1.285442,2.702418
-4.550591,1.635905,1.282894,2.690396
-4.553602,1.642328,1.280339,2.678238
-4.556568,1.648744,1.277777,2.665936
-4.565071,1.667890,1.269894,2.628261
-4.567777,1.674229,1.267258,2.615437
-4.570417,1.680541,1.264628,2.602473
-4.575399,1.692993,1.259368,2.576130
-4.577781,1.699159,1.256763,2.562757
-4.582264,1.711304,1.251586,2.535603
-4.586377,1.723186,1.246463,2.507951
-4.588310,1.729033,1.243932,2.493910
-4.590081,1.734759,1.241410,2.479731
-4.591767,1.740412,1.238913,2.465412
-4.594882,1.751480,1.234006,2.436352
-4.596213,1.756790,1.231580,2.421601
-4.597461,1.762011,1.229178,2.406748
-4.598625,1.767138,1.226798,2.391751
-4.600584,1.776978,1.222101,2.361343
-4.601383,1.781686,1.219792,2.345918
-4.602105,1.786290,1.217504,2.330345
-4.602750,1.790786,1.215236,2.314639
-4.603574,1.799168,1.210784,2.282790
-4.604131,1.807108,1.206391,2.250506
-4.604182,1.810756,1.204227,2.234164
-4.604114,1.817719,1.199919,2.201058
-4.603999,1.821033,1.197776,2.184312
-4.603834,1.824236,1.195637,2.167442
-4.603505,1.827156,1.193514,2.150446
-4.602280,1.835265,1.187163,2.098818
-4.601691,1.837566,1.185051,2.081392
-4.601072,1.839766,1.182935,2.063843
-4.600424,1.841865,1.180815,2.046181
-4.598969,1.845568,1.176549,2.010523
-4.598166,1.847178,1.174402,1.992522
-4.597349,1.848700,1.172247,1.974410
-4.594670,1.852350,1.165686,1.919602
-4.593728,1.853334,1.163476,1.901114
-4.592775,1.854239,1.161257,1.882532
-4.590755,1.855472,1.156771,1.845056
-4.589737,1.855982,1.154514,1.826171
-4.588711,1.856424,1.152248,1.807221
-4.587654,1.856638,1.149955,1.788173
-4.585522,1.856878,1.145349,1.749762
-4.584448,1.856905,1.143036,1.730418
-4.583352,1.856732,1.140693,1.710979
-4.582252,1.856505,1.138344,1.691429
-4.578924,1.855396,1.131228,1.632277
-4.577806,1.854848,1.128841,1.612382
-4.576683,1.854257,1.126451,1.592386
-4.575556,1.853622,1.124058,1.572293
-4.573287,1.852120,1.119262,1.531837
-4.572146,1.851257,1.116861,1.511452
-4.570999,1.850358,1.114458,1.490973
-4.567523,1.847255,1.107228,1.428999
-4.566350,1.846124,1.104811,1.408147
-4.565168,1.844966,1.102392,1.387200
-4.562764,1.842381,1.097549,1.344995
-4.561549,1.841054,1.095123,1.323741
-4.560326,1.839707,1.092694,1.302382
-4.559095,1.838258,1.090267,1.280922
-4.555345,1.833812,1.082962,1.215978
-4.554070,1.832218,1.080522,1.194128
-4.552785,1.830612,1.078079,1.172169
-4.550182,1.827369,1.073182,1.127929
-4.548858,1.825685,1.070736,1.105659
-4.546175,1.822295,1.065843,1.060864
-4.543438,1.818835,1.060987,1.015744
-4.542048,1.817076,1.058598,0.993080
-4.540646,1.815312,1.056243,0.970364
-4.539230,1.813544,1.053931,0.947600
-4.536365,1.809932,1.049507,0.901981
-4.534911,1.808123,1.047406,0.879155
-4.533442,1.806312,1.045394,0.856332
-4.531960,1.804501,1.043483,0.833530
-4.527457,1.798967,1.038542,0.765299
-4.525926,1.797125,1.037188,0.742666
-4.524368,1.795260,1.036035,0.720097
-4.521207,1.791547,1.034229,0.675207
-4.519601,1.789699,1.033550,0.652914
-4.517968,1.787841,1.033081,0.630726
-4.516320,1.785991,1.032735,0.608661
-4.511292,1.780517,1.032425,0.543286
-4.509591,1.778723,1.032559,0.521809
-4.507877,1.776944,1.032755,0.500493
-4.506151,1.775178,1.033001,0.479368
-4.502693,1.771712,1.033854,0.437706
-4.499193,1.768309,1.034776,0.396840
-4.495690,1.765006,1.035953,0.356818
-4.493926,1.763382,1.036536,0.337125
-4.490407,1.760201,1.037755,0.298386
-4.490407,1.760201,1.037755,0.298386
-4.485126,1.755594,1.039626,0.241863
-4.483387,1.754125,1.040248,0.223440
-4.481637,1.752682,1.040806,0.205246
-4.476299,1.748524,1.041746,0.152133
-4.474516,1.747219,1.041805,0.134908
-4.472727,1.745938,1.041764,0.117896
-4.469161,1.743434,1.041495,0.084465
-4.467419,1.742229,1.041267,0.068019
-4.465699,1.741037,1.041017,0.051745
-4.464010,1.739855,1.040757,0.035634
-4.462357,1.738680,1.040494,0.019679
-4.457806,1.735229,1.039582,-0.027192
-4.456408,1.734078,1.039320,-0.042490
-4.453926,1.731819,1.038784,-0.072598
-4.452804,1.730679,1.038568,-0.087390
-4.450912,1.728394,1.038204,-0.116404
-4.449481,1.726082,1.037946,-0.144623
-4.448912,1.724903,1.037874,-0.158421
-4.448577,1.723711,1.037822,-0.172012
-4.448343,1.722498,1.037799,-0.185387
-4.448190,1.719997,1.037738,-0.211481
-4.448418,1.718699,1.037683,-0.224195
-4.449184,1.716017,1.037503,-0.248958
-4.449716,1.714634,1.037400,-0.260973
-4.451402,1.711744,1.037206,-0.284303
-4.452360,1.710273,1.037103,-0.295651
-4.453382,1.708789,1.036991,-0.306794
-4.455772,1.705763,1.036684,-0.328555
-4.457122,1.704229,1.036487,-0.339212
-4.459908,1.701167,1.035990,-0.360088
-4.459908,1.701167,1.035990,-0.360088
-4.463107,1.698070,1.035307,-0.380428
-4.464716,1.696542,1.034930,-0.390388
-4.466322,1.695034,1.034507,-0.400203
-4.468060,1.693526,1.034010,-0.409859
-4.473174,1.689207,1.032235,-0.437818
-4.474921,1.687846,1.031515,-0.446742
-4.476641,1.686523,1.030747,-0.455474
-4.481648,1.682845,1.028125,-0.480391
-4.483275,1.681736,1.027131,-0.488260
-4.484862,1.680686,1.026095,-0.495904
-4.487917,1.678804,1.023856,-0.510503
-4.489383,1.677977,1.022662,-0.517479
-4.492187,1.676512,1.020183,-0.530757
-4.494763,1.675425,1.017498,-0.543188
-4.495986,1.674986,1.016122,-0.549092
-4.497166,1.674621,1.014727,-0.554787
-4.498251,1.674417,1.013272,-0.560288
-4.500296,1.674237,1.010309,-0.570696
-4.501257,1.674263,1.008811,-0.575616
-4.503002,1.674644,1.005752,-0.584905
-4.504539,1.675426,1.002636,-0.593496
-4.505252,1.675935,1.001082,-0.597524
-4.505870,1.676631,0.999494,-0.601393
-4.506454,1.677407,0.997908,-0.605086
-4.507002,1.678261,0.996325,-0.608620
-4.507933,1.680325,0.993142,-0.615201
-4.508318,1.681533,0.991543,-0.618246
-4.508674,1.682815,0.989953,-0.621138
-4.509002,1.684162,0.988381,-0.623857
-4.509447,1.687348,0.985254,-0.628839
-4.509790,1.690806,0.982172,-0.633186
-4.509874,1.692786,0.980661,-0.635117
-4.509973,1.696927,0.977679,-0.638492
-4.509990,1.699083,0.976210,-0.639946
-4.509938,1.701429,0.974771,-0.641236
-4.509665,1.708764,0.970536,-0.644133
-4.509665,1.708764,0.970536,-0.644133
-4.509497,1.711430,0.969189,-0.644774
-4.508884,1.719654,0.965228,-0.645703
-4.508601,1.722560,0.963969,-0.645690
-4.508303,1.725494,0.962720,-0.645499
-4.507989,1.728454,0.961480,-0.645144
-4.507317,1.734440,0.959022,-0.643924
-4.506917,1.737547,0.957856,-0.643064
-4.506077,1.743801,0.955531,-0.640828
-4.505152,1.750151,0.953247,-0.637920
-4.504654,1.753363,0.952122,-0.636200
-4.504142,1.756575,0.950995,-0.634309
-4.503618,1.759784,0.949865,-0.632251
-4.501912,1.769520,0.946472,-0.625085
-4.501319,1.772742,0.945330,-0.622362
-4.500698,1.775992,0.944186,-0.619462
-4.500065,1.779220,0.943035,-0.616403
-4.498759,1.785610,0.940715,-0.609767
-4.498076,1.788795,0.939547,-0.606203
-4.497381,1.791953,0.938369,-0.602480
-4.495955,1.798180,0.935981,-0.594557
-4.495208,1.801258,0.934767,-0.590352
-4.493677,1.807310,0.932309,-0.581463
-4.492087,1.813195,0.929788,-0.571940
-4.491271,1.816071,0.928509,-0.566942
-4.490441,1.818905,0.927219,-0.561800
-4.489600,1.821697,0.925918,-0.556506
-4.487006,1.829761,0.921947,-0.539701
-4.487006,1.829761,0.921947,-0.539701
-4.485212,1.834904,0.919252,-0.527719
-4.484304,1.837375,0.917857,-0.521517
-4.482425,1.842190,0.914779,-0.508755
-4.481449,1.844535,0.913052,-0.502211
-4.480451,1.846809,0.911207,-0.495580
-4.477379,1.853359,0.905144,-0.475164
-4.476340,1.855398,0.902996,-0.468188
-4.475314,1.857382,0.900830,-0.461137
-4.474307,1.859310,0.898662,-0.454012
-4.472356,1.862940,0.894321,-0.439530
-4.470548,1.866267,0.890090,-0.424752
-4.468959,1.869261,0.886091,-0.409658
-4.468266,1.870619,0.884199,-0.401989
-4.467649,1.871899,0.882408,-0.394241
-4.467116,1.873099,0.880729,-0.386413
-4.466133,1.875990,0.876434,-0.362431
-4.466011,1.876783,0.875288,-0.354269
-4.466056,1.877400,0.874346,-0.346024
-4.466488,1.878370,0.872956,-0.329299
-4.466878,1.878721,0.872514,-0.320841
-4.467482,1.878870,0.872336,-0.312328
-4.468204,1.878930,0.872338,-0.303772
-4.470005,1.878789,0.872890,-0.286556
-4.471081,1.878598,0.873444,-0.277914
-4.473818,1.877734,0.875343,-0.260609
-4.477005,1.876553,0.877933,-0.243366
-4.478905,1.875736,0.879624,-0.234784
-4.480907,1.874848,0.881478,-0.226249
-4.483011,1.873893,0.883490,-0.217764
-4.487655,1.871689,0.888120,-0.200945
-4.492806,1.869151,0.893469,-0.184380
-4.495511,1.867802,0.896340,-0.176208
-4.501468,1.864783,0.902763,-0.160129
-4.504560,1.863206,0.906143,-0.152232
-4.511093,1.859844,0.913359,-0.136720
-4.511093,1.859844,0.913359,-0.136720
-4.521585,1.854443,0.925078,-0.114250
-4.525321,1.852522,0.929288,-0.106976
-4.529116,1.850575,0.933569,-0.099817
-4.536872,1.846610,0.942326,-0.085863
-4.540936,1.844548,0.946904,-0.079062
-4.549230,1.840381,0.956225,-0.065810
-4.557871,1.836127,0.965918,-0.052853
-4.562333,1.833962,0.970939,-0.046514
-4.566851,1.831783,0.976056,-0.040290
-4.571416,1.829591,0.981267,-0.034199
-4.585445,1.822925,0.997493,-0.016812
-4.585445,1.822925,0.997493,-0.016812
-4.590173,1.820686,1.003038,-0.011337
-4.594898,1.818442,1.008623,-0.006017
-4.609216,1.811673,1.025723,0.008937
-4.609216,1.811673,1.025723,0.008937
-4.618670,1.807157,1.037259,0.018124
-4.628003,1.802657,1.048873,0.026698
-4.632586,1.800422,1.054674,0.030773
-4.637143,1.798177,1.060529,0.034713
-4.641633,1.795943,1.066375,0.038510
-4.646053,1.793721,1.072217,0.042170
-4.654647,1.789290,1.083908,0.049096
-4.662902,1.784895,1.095603,0.055502
-4.666903,1.782724,1.101442,0.058511
-4.674528,1.778395,1.113127,0.064156
-4.678209,1.776256,1.118968,0.066789
-4.681802,1.774132,1.124812,0.069295
-4.688543,1.769917,1.136512,0.073932
-4.694921,1.765764,1.148247,0.078060
-4.697885,1.763691,1.154129,0.079938
-4.703537,1.759588,1.165912,0.083327
-4.706225,1.757556,1.171830,0.084827
-4.708822,1.755537,1.177764,0.086209
-4.711219,1.753518,1.183707,0.087471
-4.713526,1.751510,1.189662,0.088624
-4.717880,1.747515,1.201582,0.090545
-4.721642,1.743539,1.213481,0.091999
-4.723400,1.741561,1.219426,0.092551
-4.723400,1.741561,1.219426,0.092551
-4.726553,1.737616,1.231290,0.093327
-4.729274,1.733680,1.243101,0.093666
-4.730518,1.731714,1.248966,0.093676
-4.732546,1.727743,1.260639,0.093403
-4.733450,1.725756,1.266439,0.093119
-4.734282,1.723767,1.272212,0.092741
-4.735938,1.717739,1.289330,0.091078
-4.736352,1.715721,1.294967,0.090346
-4.736565,1.713685,1.300546,0.089530
-4.736794,1.709584,1.311587,0.087677
-4.736809,1.707524,1.317047,0.086629
-4.736390,1.703337,1.327795,0.084338
-4.735712,1.699123,1.338339,0.081766
-4.735171,1.696969,1.343510,0.080392
-4.734567,1.694808,1.348629,0.078958
-4.733902,1.692633,1.353691,0.077468
-4.731450,1.686019,1.368419,0.072640
-4.730454,1.683771,1.373138,0.070929
-4.729400,1.681515,1.377769,0.069172
-4.727015,1.676944,1.386699,0.065512
-4.725691,1.674623,1.390989,0.063618
-4.724309,1.672296,1.395170,0.061685
-4.722871,1.669962,1.399237,0.059706
-4.717940,1.662762,1.410482,0.053592
-4.716191,1.660351,1.413962,0.051494
-4.714312,1.657882,1.417211,0.049369
-4.710400,1.652925,1.423287,0.045065
-4.708368,1.650435,1.426116,0.042869
-4.706221,1.647905,1.428694,0.040665
-4.704022,1.645370,1.431140,0.038446
-4.701773,1.642830,1.433455,0.036213
-4.697052,1.637699,1.437596,0.031725
-4.692060,1.632512,1.441159,0.027204
-4.692060,1.632512,1.441159,0.027204
-4.684071,1.624606,1.445440,0.020391
-4.681285,1.621950,1.446635,0.018117
-4.678446,1.619290,1.447744,0.015854
-4.672481,1.613884,1.449475,0.011335
-4.669421,1.611176,1.450239,0.009088
-4.663152,1.605745,1.451563,0.004630
-4.656566,1.600249,1.452417,0.000214
-4.653198,1.597497,1.452762,-0.001974
-4.649781,1.594742,1.453057,-0.004144
-4.646256,1.591972,1.453216,-0.006291
-4.635394,1.583649,1.453409,-0.012609
-4.635394,1.583649,1.453409,-0.012609
-4.627808,1.578069,1.453215,-0.016711
-4.623945,1.575278,1.453073,-0.018713
-4.616026,1.569670,1.452641,-0.022634
-4.611970,1.566854,1.452357,-0.024548
-4.607872,1.564038,1.452053,-0.026434
-4.603731,1.561223,1.451730,-0.028282
-4.595215,1.555577,1.450965,-0.031890
-4.590898,1.552755,1.450562,-0.033644
-4.586541,1.549933,1.450148,-0.035363
-4.582108,1.547109,1.449693,-0.037038
-4.573134,1.541463,1.448758,-0.040290
-4.568593,1.538642,1.448280,-0.041861
-4.563983,1.535814,1.447775,-0.043394
-4.554663,1.530154,1.446756,-0.046356
-4.549952,1.527327,1.446251,-0.047775
-4.540350,1.521699,1.445208,-0.050485
-4.530622,1.516077,1.444168,-0.053046
-4.525711,1.513267,1.443650,-0.054262
-4.520740,1.510469,1.443127,-0.055438
-4.515740,1.507669,1.442607,-0.056574
-4.505656,1.502074,1.441584,-0.058732
-4.500527,1.499290,1.441074,-0.059753
-4.490191,1.493725,1.440069,-0.061654
-4.484983,1.490943,1.439576,-0.062547
-4.474445,1.485384,1.438601,-0.064213
-4.469140,1.482604,1.438120,-0.064987
-4.463810,1.479825,1.437645,-0.065719
-4.453012,1.474264,1.436733,-0.067060
-4.447578,1.471485,1.436287,-0.067678
-4.436628,1.465930,1.435434,-0.068785
-4.436628,1.465930,1.435434,-0.068785
-4.420018,1.457598,1.434244,-0.070186
-4.414421,1.454820,1.433874,-0.070575
-4.408803,1.452043,1.433511,-0.070928
-4.391811,1.443714,1.432472,-0.071770
-4.391811,1.443714,1.432472,-0.071770
-4.380359,1.438162,1.431820,-0.072153
-4.368824,1.432606,1.431201,-0.072412
-4.363025,1.429829,1.430902,-0.072490
-4.357207,1.427053,1.430611,-0.072534
-4.351373,1.424279,1.430326,-0.072554
-4.333755,1.415958,1.429480,-0.072451
-4.333755,1.415958,1.429480,-0.072451
-4.321922,1.410419,1.428945,-0.072240
-4.310003,1.404908,1.428371,-0.071854
-4.304002,1.402166,1.428017,-0.071557
-4.297969,1.399436,1.427598,-0.071178
-4.291901,1.396716,1.427129,-0.070731
-4.273582,1.388603,1.425723,-0.069140
-4.267457,1.385915,1.425313,-0.068566
-4.261343,1.383227,1.424961,-0.067984
-4.249188,1.377841,1.424415,-0.066839
-4.243170,1.375163,1.424220,-0.066290
-4.237198,1.372471,1.424085,-0.065755
-4.231282,1.369765,1.424007,-0.065232
-4.213942,1.361542,1.424034,-0.063684
-4.208320,1.358755,1.424111,-0.063161
-4.202786,1.355937,1.424227,-0.062641
-4.192062,1.350213,1.424599,-0.061551
-4.186852,1.347297,1.424827,-0.060979
-4.176831,1.341333,1.425385,-0.059750
-4.172025,1.338281,1.425719,-0.059087
-4.162754,1.332045,1.426419,-0.057653
-4.158293,1.328859,1.426780,-0.056880
-4.154051,1.325593,1.427176,-0.056076
-4.145916,1.318919,1.427967,-0.054401
-4.142022,1.315510,1.428357,-0.053511
-4.138376,1.311999,1.428763,-0.052603
-4.134842,1.308444,1.429164,-0.051683
-4.131419,1.304841,1.429559,-0.050742
-4.125055,1.297429,1.430333,-0.048789
-4.119269,1.289768,1.431081,-0.046809
-4.114047,1.281835,1.431813,-0.044797
-4.111659,1.277764,1.432160,-0.043796
-4.109366,1.273649,1.432497,-0.042792
-4.107169,1.269490,1.432823,-0.041797
-4.103347,1.260862,1.433403,-0.039835
-4.101568,1.256485,1.433685,-0.038860
-4.098398,1.247516,1.434201,-0.036941
-4.095681,1.238307,1.434663,-0.035086
-4.094438,1.233651,1.434885,-0.034179
-4.093386,1.228852,1.435083,-0.033283
-4.092406,1.224018,1.435274,-0.032409
-4.089995,1.209219,1.435772,-0.029887
-4.089401,1.204158,1.435916,-0.029078
-4.088870,1.199068,1.436056,-0.028289
-4.088397,1.193955,1.436192,-0.027505
-4.087727,1.183572,1.436403,-0.025997
-4.087525,1.178304,1.436480,-0.025272
-4.087323,1.162297,1.436681,-0.023165
-4.087414,1.156880,1.436733,-0.022493
-4.087553,1.151439,1.436785,-0.021845
-4.087737,1.145981,1.436836,-0.021209
-4.088387,1.134911,1.436933,-0.019987
-4.088776,1.129342,1.436981,-0.019393
-4.089205,1.123750,1.437028,-0.018816
-4.089729,1.118098,1.437052,-0.018264
-4.091531,1.100941,1.437201,-0.017159
-4.092238,1.095129,1.437260,-0.017018
-4.092982,1.089288,1.437349,-0.016990
-4.095443,1.071654,1.437784,-0.017417
-4.095443,1.071654,1.437784,-0.017417
-4.097276,1.059897,1.438200,-0.018000
-4.099253,1.048242,1.438691,-0.018690
-4.100295,1.042477,1.438960,-0.019051
-4.101367,1.036774,1.439248,-0.019406
-4.102467,1.031143,1.439551,-0.019757
-4.103614,1.025590,1.439846,-0.020078
-4.105987,1.014764,1.440460,-0.020673
-4.108462,1.004361,1.441082,-0.021161
-4.111063,0.994519,1.441677,-0.021509
-4.112398,0.989792,1.441958,-0.021639
-4.113757,0.985203,1.442225,-0.021729
-4.115155,0.980836,1.442470,-0.021783
-4.119475,0.968616,1.443059,-0.021767
-4.120960,0.964992,1.443197,-0.021690
-4.122463,0.961522,1.443310,-0.021590
-4.123986,0.958208,1.443399,-0.021462
-4.127090,0.952237,1.443491,-0.021130
-4.128670,0.949580,1.443495,-0.020939
-4.130267,0.947078,1.443474,-0.020725
-4.131882,0.944731,1.443430,-0.020494
-4.135148,0.940938,1.443231,-0.019984
-4.138479,0.937741,1.442950,-0.019440
-4.138479,0.937741,1.442950,-0.019440
-4.143606,0.934772,1.442367,-0.018618
-4.145342,0.934063,1.442141,-0.018343
-4.147106,0.933726,1.441887,-0.018066
-4.148883,0.933521,1.441621,-0.017801
-4.152469,0.933486,1.441073,-0.017265
-4.154297,0.933891,1.440795,-0.017008
-4.156134,0.934415,1.440508,-0.016766
-4.161693,0.936689,1.439599,-0.016058
-4.163578,0.937875,1.439278,-0.015845
-4.165468,0.939168,1.438952,-0.015642
-4.167365,0.940558,1.438600,-0.015452
-4.171181,0.943814,1.437885,-0.015112
-4.175016,0.947625,1.437158,-0.014826
-4.178870,0.951962,1.436429,-0.014583
-4.180804,0.954341,1.436086,-0.014482
-4.184667,0.959339,1.435402,-0.014294
-4.184667,0.959339,1.435402,-0.014294
-4.190401,0.967821,1.434400,-0.014114
-4.192303,0.970795,1.434069,-0.014074
-4.194184,0.973959,1.433755,-0.014045
-4.196058,0.977192,1.433446,-0.014038
-4.199784,0.983851,1.432834,-0.014039
-4.201614,0.987365,1.432539,-0.014049
-4.203435,0.990941,1.432247,-0.014077
-4.207042,0.998274,1.431668,-0.014148
-4.208801,1.002124,1.431420,-0.014193
-4.210548,1.006031,1.431174,-0.014248
-4.212282,1.009994,1.430928,-0.014305
-4.215669,1.018171,1.430446,-0.014428
-4.217319,1.022384,1.430210,-0.014510
-4.218955,1.026647,1.429975,-0.014590
-4.220573,1.030960,1.429742,-0.014663
-4.223704,1.039814,1.429303,-0.014829
-4.225215,1.044352,1.429092,-0.014923
-4.226707,1.048937,1.428883,-0.015012
-4.228181,1.053567,1.428675,-0.015104
-4.230955,1.063121,1.428256,-0.015308
-4.232311,1.067962,1.428042,-0.015405
-4.233647,1.072845,1.427830,-0.015501
-4.234897,1.077845,1.427613,-0.015595
-4.237329,1.087964,1.427182,-0.015795
-4.238510,1.093081,1.426970,-0.015888
-4.240671,1.103517,1.426522,-0.016064
-4.240671,1.103517,1.426522,-0.016064
-4.242733,1.114093,1.426118,-0.016267
-4.242733,1.114093,1.426118,-0.016267
-4.245440,1.130347,1.425481,-0.016538
-4.245440,1.130347,1.425481,-0.016538
-4.247045,1.141377,1.425062,-0.016705
-4.247772,1.146950,1.424866,-0.016795
-4.248470,1.152554,1.424672,-0.016876
-4.249138,1.158185,1.424481,-0.016953
-4.250266,1.169595,1.424053,-0.017091
-4.250783,1.175341,1.423845,-0.017161
-4.251266,1.181112,1.423640,-0.017218
-4.251661,1.186929,1.423431,-0.017268
-4.252021,1.192770,1.423223,-0.017320
-4.252637,1.204513,1.422815,-0.017402
-4.252637,1.204513,1.422815,-0.017402
-4.253057,1.216352,1.422416,-0.017471
-4.253057,1.216352,1.422416,-0.017471
-4.253328,1.234273,1.421836,-0.017522
-4.253328,1.234273,1.421836,-0.017522
-4.253194,1.246335,1.421469,-0.017537
-4.253194,1.246335,1.421469,-0.017537
-4.253064,1.252383,1.421290,-0.017530
-4.252612,1.264517,1.420954,-0.017491
-4.252288,1.270601,1.420796,-0.017460
-4.251919,1.276695,1.420642,-0.017425
-4.250400,1.295002,1.420206,-0.017286
-4.250400,1.295002,1.420206,-0.017286
-4.249099,1.307225,1.419940,-0.017151
-4.247470,1.319410,1.419714,-0.016989
-4.246577,1.325504,1.419603,-0.016895
-4.245632,1.331598,1.419494,-0.016795
-4.244569,1.337655,1.419394,-0.016682
-4.244569,1.337655,1.419394,-0.016682
-4.242278,1.349758,1.419194,-0.016443
-4.241045,1.355804,1.419058,-0.016247
-4.239683,1.361812,1.418869,-0.015966
-4.238256,1.367822,1.418611,-0.015612
-4.233523,1.385801,1.417636,-0.014331
-4.231785,1.391741,1.417355,-0.013942
-4.230000,1.397652,1.417127,-0.013603
-4.226320,1.409346,1.416854,-0.013134
-4.224375,1.415058,1.416815,-0.013030
-4.222411,1.420705,1.416839,-0.013019
-4.220437,1.426277,1.416923,-0.013109
-4.216416,1.437108,1.417273,-0.013537
-4.214386,1.442351,1.417532,-0.013875
-4.210383,1.452511,1.418175,-0.014724
-4.210383,1.452511,1.418175,-0.014724
-4.204454,1.466600,1.419395,-0.016238
-4.202561,1.471035,1.419844,-0.016761
-4.200703,1.475220,1.420352,-0.017270
-4.198895,1.479265,1.420870,-0.017753
-4.197144,1.483167,1.421391,-0.018205
-4.193838,1.490348,1.422455,-0.018976
-4.192288,1.493627,1.423005,-0.019294
-4.189382,1.499738,1.424074,-0.019779
-4.188059,1.502377,1.424623,-0.019942
-4.186804,1.504869,1.425157,-0.020047
-4.185616,1.507212,1.425675,-0.020115
-4.183493,1.511241,1.426661,-0.020105
-4.182555,1.512938,1.427135,-0.020041
-4.181687,1.514493,1.427590,-0.019943
-4.180888,1.515907,1.428025,-0.019812
-4.179622,1.517835,1.428823,-0.019441
-4.179090,1.518601,1.429183,-0.019205
-4.178625,1.519237,1.429524,-0.018965
-4.178226,1.519745,1.429849,-0.018695
-4.177942,1.519880,1.430144,-0.018416
-4.177567,1.519812,1.430686,-0.017788
-4.177475,1.519604,1.430935,-0.017442
-4.177501,1.519047,1.431165,-0.017095
-4.177732,1.517614,1.431567,-0.016370
-4.177936,1.516742,1.431750,-0.016008
-4.178247,1.515554,1.431916,-0.015648
-4.179038,1.512906,1.432214,-0.014919
-4.180092,1.509711,1.432469,-0.014177
-4.180721,1.507890,1.432580,-0.013805
-4.181400,1.505987,1.432682,-0.013432
-4.182953,1.501779,1.432875,-0.012690
-4.183823,1.499479,1.432966,-0.012320
-4.184739,1.497108,1.433049,-0.011960
-4.185700,1.494676,1.433127,-0.011601
-4.187845,1.489281,1.433289,-0.010865
-4.190160,1.483634,1.433431,-0.010151
-4.191406,1.480577,1.433519,-0.009795
-4.192693,1.477465,1.433602,-0.009438
-4.195380,1.471081,1.433753,-0.008764
-4.196795,1.467683,1.433858,-0.008432
-4.198246,1.464234,1.433959,-0.008102
-4.202816,1.453597,1.434236,-0.007143
-4.204405,1.449849,1.434346,-0.006826
-4.206028,1.446056,1.434452,-0.006517
-4.207685,1.442220,1.434558,-0.006219
-4.211061,1.434335,1.434773,-0.005628
-4.214533,1.426189,1.434986,-0.005065
-4.214533,1.426189,1.434986,-0.005065
-4.218097,1.417802,1.435199,-0.004540
-4.219909,1.413511,1.435309,-0.004290
-4.221750,1.409184,1.435416,-0.004040
-4.223621,1.404821,1.435518,-0.003794
-4.225494,1.400368,1.435637,-0.003550
-4.229327,1.391362,1.435864,-0.003076
-4.233240,1.382164,1.436094,-0.002631
-4.237230,1.372778,1.436326,-0.002218
-4.239265,1.368041,1.436436,-0.002027
-4.241304,1.363223,1.436555,-0.001840
-4.243368,1.358381,1.436669,-0.001668
-4.249708,1.343637,1.437000,-0.001180
-4.251870,1.338634,1.437109,-0.001041
-4.254056,1.333604,1.437215,-0.000907
-4.256264,1.328548,1.437317,-0.000781
-4.260738,1.318271,1.437527,-0.000558
-4.265301,1.307901,1.437722,-0.000349
-4.269947,1.297392,1.437928,-0.000194
-4.272302,1.292081,1.438030,-0.000128
-4.274675,1.286748,1.438128,-0.000069
-4.277069,1.281394,1.438223,-0.000023
-4.284373,1.265065,1.438509,0.000075
-4.286843,1.259583,1.438599,0.000095
-4.289322,1.254024,1.438695,0.000115
-4.294334,1.242834,1.438912,0.000084
-4.296873,1.237188,1.439067,-0.000030
-4.299438,1.231451,1.439272,-0.000222
-4.302025,1.225682,1.439512,-0.000502
-4.309888,1.208221,1.440486,-0.001830
-4.312539,1.202362,1.440879,-0.002421
-4.315199,1.196518,1.441298,-0.003076
-4.320536,1.184862,1.442218,-0.004521
-4.323209,1.179070,1.442699,-0.005281
-4.325882,1.173337,1.443194,-0.006051
-4.328554,1.167677,1.443699,-0.006825
-4.336543,1.151094,1.445310,-0.009025
-4.339195,1.145768,1.445844,-0.009690
-4.341843,1.140555,1.446400,-0.010308
-4.347113,1.130499,1.447463,-0.011380
-4.349732,1.125673,1.447972,-0.011830
-4.352344,1.120986,1.448464,-0.012198
-4.354939,1.116501,1.448949,-0.012507
-4.362658,1.103955,1.450277,-0.013010
-4.365196,1.100190,1.450673,-0.013043
-4.367724,1.096587,1.451043,-0.013027
-4.370241,1.093145,1.451388,-0.012951
-4.375219,1.086899,1.451998,-0.012621
-4.377681,1.084097,1.452263,-0.012381
-4.380132,1.081460,1.452505,-0.012101
-4.387370,1.074925,1.453052,-0.011036
-4.389756,1.073135,1.453182,-0.010631
-4.392133,1.071502,1.453292,-0.010198
-4.396809,1.069102,1.453388,-0.009283
-4.399136,1.068128,1.453419,-0.008819
-4.401455,1.067303,1.453435,-0.008336
-4.403733,1.066834,1.453394,-0.007850
-4.410532,1.066263,1.453201,-0.006384
-4.412747,1.066561,1.453074,-0.005902
-4.414959,1.066977,1.452940,-0.005443
-4.419368,1.068184,1.452619,-0.004548
-4.421523,1.069182,1.452406,-0.004117
-4.425820,1.071519,1.451971,-0.003312
-4.430100,1.074292,1.451523,-0.002559
-4.432198,1.076015,1.451267,-0.002211
-4.434292,1.077837,1.451009,-0.001896
-4.436381,1.079756,1.450750,-0.001587
-4.438467,1.081768,1.450490,-0.001289
-4.442581,1.086378,1.449906,-0.000767
-4.444633,1.088811,1.449613,-0.000536
-4.446680,1.091327,1.449320,-0.000327
-4.452702,1.099836,1.448415,0.000186
-4.454702,1.102818,1.448112,0.000311
-4.456670,1.106025,1.447785,0.000419
-4.460593,1.112639,1.447127,0.000589
-4.462548,1.116044,1.446793,0.000651
-4.466409,1.123326,1.446072,0.000724
-4.470249,1.130828,1.445345,0.000733
-4.472136,1.134807,1.444955,0.000709
-4.474018,1.138838,1.444562,0.000668
-4.475895,1.142922,1.444165,0.000620
-4.481449,1.155698,1.442921,0.000409
-4.483281,1.160089,1.442489,0.000314
-4.485108,1.164522,1.442053,0.000210
-4.486893,1.169094,1.441579,0.000091
-4.490440,1.178371,1.440640,-0.000188
-4.493956,1.187823,1.439706,-0.000472
-4.497384,1.197613,1.438724,-0.000791
-4.499084,1.202565,1.438230,-0.000957
-4.500775,1.207557,1.437736,-0.001136
-4.502439,1.212670,1.437227,-0.001323
-4.507365,1.228241,1.435695,-0.001938
-4.508954,1.233580,1.435175,-0.002154
-4.510530,1.238954,1.434657,-0.002381
-4.512093,1.244364,1.434142,-0.002599
-4.515137,1.255333,1.433121,-0.003058
-4.518082,1.266492,1.432115,-0.003536
-4.519529,1.272120,1.431620,-0.003770
-4.522295,1.283580,1.430648,-0.004261
-4.523649,1.289356,1.430172,-0.004517
-4.524982,1.295163,1.429703,-0.004770
-4.528708,1.312869,1.428388,-0.005557
-4.529900,1.318827,1.427964,-0.005815
-4.529900,1.318827,1.427964,-0.005815
-4.531023,1.324844,1.427561,-0.006072
-4.533186,1.336957,1.426781,-0.006602
-4.534222,1.343051,1.426411,-0.006871
-4.536114,1.355388,1.425749,-0.007388
-4.537856,1.367808,1.425134,-0.007877
-4.538664,1.374046,1.424843,-0.008089
-4.539379,1.380338,1.424588,-0.008280
-4.540046,1.386645,1.424343,-0.008461
-4.541671,1.405670,1.423720,-0.008821
-4.542056,1.412048,1.423547,-0.008880
-4.542380,1.418431,1.423385,-0.008895
-4.542762,1.431230,1.423110,-0.008814
-4.542813,1.437638,1.422996,-0.008725
-4.542693,1.450424,1.422793,-0.008444
-4.542693,1.450424,1.422793,-0.008444
-4.541677,1.469495,1.422592,-0.007818
-4.541174,1.475795,1.422535,-0.007575
-4.540467,1.482046,1.422504,-0.007325
-4.539675,1.488257,1.422485,-0.007081
-4.537830,1.500544,1.422454,-0.006603
-4.535369,1.512544,1.422480,-0.006188
-4.532563,1.524284,1.422504,-0.005899
-4.530886,1.529985,1.422554,-0.005804
-4.529125,1.535612,1.422599,-0.005758
-4.527281,1.541160,1.422640,-0.005750
-4.525353,1.546626,1.422677,-0.005795
-4.520946,1.557128,1.422791,-0.006035
-4.516227,1.567258,1.422879,-0.006471
-4.511050,1.576883,1.422946,-0.007097
-4.508276,1.581491,1.422978,-0.007490
-4.505433,1.585995,1.423001,-0.007910
-4.502522,1.590393,1.423016,-0.008359
-4.496233,1.598626,1.423025,-0.009374
-4.492997,1.602576,1.423032,-0.009919
-4.486220,1.610010,1.423026,-0.011075
-4.486220,1.610010,1.423026,-0.011075
-4.475455,1.620127,1.422960,-0.012970
-4.471644,1.623120,1.422926,-0.013601
-4.467787,1.626004,1.422883,-0.014250
-4.463883,1.628779,1.422837,-0.014897
-4.455846,1.633849,1.422708,-0.016173
-4.451715,1.636148,1.422627,-0.016816
-4.439006,1.642266,1.422341,-0.018668
-4.434640,1.643999,1.422222,-0.019263
-4.430243,1.645633,1.422097,-0.019834
-4.425814,1.647168,1.421966,-0.020394
-4.412132,1.650759,1.421510,-0.022159
-4.407495,1.651779,1.421309,-0.023024
-4.402735,1.652577,1.421077,-0.024122
-4.388251,1.654458,1.420363,-0.028514
-4.383383,1.654909,1.420169,-0.030173
-4.378445,1.655149,1.420009,-0.031851
-4.368602,1.655367,1.419816,-0.035200
-4.363716,1.655346,1.419791,-0.036828
-4.353928,1.654818,1.419852,-0.039912
-4.349112,1.654430,1.419939,-0.041330
-4.339604,1.653311,1.420230,-0.043892
-4.334930,1.652582,1.420428,-0.045011
-4.330343,1.651779,1.420651,-0.046029
-4.321431,1.649846,1.421164,-0.047723
-4.317118,1.648720,1.421464,-0.048405
-4.312913,1.647525,1.421776,-0.048975
-4.308820,1.646262,1.422096,-0.049430
-4.301030,1.643330,1.422822,-0.049994
-4.297315,1.641772,1.423203,-0.050115
-4.290320,1.638361,1.423978,-0.050052
-4.283889,1.634601,1.424749,-0.049644
-4.280859,1.632636,1.425121,-0.049323
-4.278057,1.630504,1.425501,-0.048939
-4.275377,1.628320,1.425869,-0.048494
-4.268208,1.621378,1.426970,-0.046774
-4.266151,1.618893,1.427316,-0.046115
-4.264213,1.616360,1.427648,-0.045404
-4.260677,1.611156,1.428265,-0.043869
-4.259228,1.608387,1.428553,-0.043050
-4.256651,1.602730,1.429083,-0.041375
-4.254637,1.596825,1.429550,-0.039598
-4.253855,1.593764,1.429762,-0.038701
-4.253170,1.590664,1.429960,-0.037787
-4.252582,1.587525,1.430143,-0.036867
-4.251990,1.580969,1.430479,-0.035014
-4.251826,1.577648,1.430628,-0.034078
-4.251886,1.570838,1.430903,-0.032200
-4.252402,1.563828,1.431146,-0.030346
-4.252779,1.560273,1.431247,-0.029426
-4.253357,1.556623,1.431355,-0.028502
-4.254009,1.552942,1.431453,-0.027592
-4.254735,1.549229,1.431540,-0.026688
-4.256522,1.541670,1.431708,-0.024901
-4.257580,1.537813,1.431788,-0.024020
-4.258703,1.533928,1.431859,-0.023148
-4.262678,1.521984,1.432064,-0.020595
-4.262678,1.521984,1.432064,-0.020595
-4.265700,1.513846,1.432184,-0.018945
-4.269139,1.505490,1.432354,-0.017345
-4.270938,1.501275,1.432429,-0.016562
-4.272789,1.497036,1.432498,-0.015787
-4.274692,1.492773,1.432561,-0.015025
-4.280915,1.479663,1.432835,-0.012791
-4.283082,1.475248,1.432914,-0.012062
-4.285382,1.470760,1.433022,-0.011358
-4.292534,1.457169,1.433207,-0.009326
-4.295097,1.452551,1.433311,-0.008661
-4.297698,1.447913,1.433409,-0.008014
-4.300335,1.443255,1.433501,-0.007384
-4.305814,1.433850,1.433717,-0.006158
-4.308652,1.429104,1.433840,-0.005574
-4.311522,1.424339,1.433956,-0.004998
-4.320457,1.409850,1.434342,-0.003368
-4.323518,1.404971,1.434471,-0.002857
-4.326605,1.400075,1.434593,-0.002355
-4.332968,1.390162,1.434867,-0.001400
-4.339432,1.380192,1.435116,-0.000492
-4.342743,1.375133,1.435255,-0.000054
-4.346084,1.370053,1.435401,0.000390
-4.352877,1.359803,1.435790,0.001278
-4.356362,1.354586,1.436073,0.001664
-4.359878,1.349343,1.436404,0.001979
-4.366965,1.338823,1.437202,0.002330
-4.370522,1.333559,1.437658,0.002343
-4.374102,1.328259,1.438180,0.002228
-4.377671,1.322978,1.438726,0.001999
-4.384749,1.312517,1.439897,0.001226
-4.388275,1.307315,1.440536,0.000701
-4.395211,1.297100,1.441811,-0.000518
-4.401982,1.287191,1.443100,-0.001842
-4.405297,1.282371,1.443751,-0.002494
-4.411752,1.273030,1.444984,-0.003655
-4.417934,1.264228,1.446197,-0.004564
-4.420925,1.260013,1.446753,-0.004910
-4.423846,1.255925,1.447273,-0.005137
-4.426655,1.252059,1.447783,-0.005262
-4.432060,1.244733,1.448657,-0.005192
-4.434655,1.241281,1.449032,-0.004985
-4.439501,1.235064,1.449663,-0.004264
-4.441818,1.232175,1.449917,-0.003768
-4.446159,1.226993,1.450292,-0.002501
-4.448184,1.224704,1.450413,-0.001759
-4.450143,1.222564,1.450497,-0.000943
-4.453760,1.218923,1.450550,0.000840
-4.455423,1.217418,1.450521,0.001799
-4.458564,1.214845,1.450371,0.003801
-4.461373,1.213026,1.450093,0.005883
-4.462646,1.212428,1.449908,0.006923
-4.463863,1.211968,1.449699,0.007972
-4.465026,1.211642,1.449468,0.009012
-4.465026,1.211642,1.449468,0.009012
-4.467896,1.212045,1.448596,0.012044
-4.468754,1.212430,1.448272,0.013013
-4.469468,1.213117,1.447908,0.013945
-4.470137,1.213922,1.447531,0.014836
-4.471340,1.215871,1.446742,0.016537
-4.472184,1.218632,1.445869,0.018097
-4.472869,1.221801,1.444980,0.019480
-4.473067,1.223704,1.444514,0.020112
-4.473229,1.225700,1.444043,0.020690
-4.473355,1.227786,1.443569,0.021226
-4.473426,1.232405,1.442605,0.022169
-4.473372,1.234931,1.442115,0.022583
-4.473166,1.240220,1.441129,0.023280
-4.472676,1.246133,1.440133,0.023841
-4.472384,1.249187,1.439635,0.024045
-4.472061,1.252310,1.439137,0.024207
-4.471642,1.255642,1.438641,0.024329
-4.470195,1.266007,1.437156,0.024516
-4.469651,1.269581,1.436665,0.024509
-4.469010,1.273341,1.436185,0.024474
-4.466912,1.284903,1.434747,0.024170
-4.466091,1.288969,1.434290,0.024011
-4.465239,1.293081,1.433837,0.023831
-4.464355,1.297239,1.433386,0.023627
-4.462444,1.305769,1.432518,0.023149
-4.460357,1.314537,1.431688,0.022578
-4.458099,1.323545,1.430895,0.021926
-4.456901,1.328150,1.430515,0.021565
-4.454399,1.337461,1.429763,0.020813
-4.451661,1.347050,1.429068,0.020015
-4.450238,1.351878,1.428721,0.019596
-4.448777,1.356732,1.428379,0.019169
-4.447240,1.361684,1.428062,0.018734
-4.447240,1.361684,1.428062,0.018734
-4.442384,1.376669,1.427131,0.017419
-4.440642,1.381744,1.426853,0.016983
-4.438857,1.386834,1.426578,0.016552
-4.433176,1.402187,1.425789,0.015305
-4.431155,1.407339,1.425552,0.014903
-4.429082,1.412493,1.425319,0.014513
-4.426957,1.417649,1.425089,0.014140
-4.422494,1.427962,1.424656,0.013410
-4.420154,1.433114,1.424453,0.013066
-4.417757,1.438254,1.424253,0.012723
-4.410097,1.453541,1.423712,0.011745
-4.407405,1.458591,1.423544,0.011427
-4.404652,1.463612,1.423377,0.011102
-4.395855,1.478431,1.422964,0.010108
-4.392800,1.483291,1.422827,0.009748
-4.389623,1.488067,1.422711,0.009376
-4.383084,1.497471,1.422475,0.008577
-4.379725,1.502092,1.422356,0.008153
-4.372691,1.511062,1.422160,0.007244
-4.365424,1.519777,1.421957,0.006233
-4.361621,1.523972,1.421872,0.005680
-4.357754,1.528098,1.421766,0.005013
-4.353819,1.532156,1.421623,0.004171
-4.345671,1.539997,1.421271,0.001831
-4.341469,1.543770,1.421104,0.000334
-4.332924,1.551054,1.420849,-0.003124
-4.324105,1.557792,1.420788,-0.007014
-4.319679,1.561008,1.420804,-0.009075
-4.315257,1.564120,1.420865,-0.011177
-4.310846,1.567124,1.420972,-0.013306
-4.301955,1.572626,1.421339,-0.017546
-4.297570,1.575210,1.421579,-0.019627
-4.288897,1.579927,1.422188,-0.023610
-4.280430,1.584075,1.422976,-0.027287
-4.276316,1.585978,1.423394,-0.028975
-4.272259,1.587644,1.423872,-0.030552
-4.268295,1.589198,1.424358,-0.032020
-4.264429,1.590640,1.424847,-0.033365
-4.257031,1.593063,1.425889,-0.035692
-4.250088,1.594926,1.426970,-0.037545
-4.246782,1.595700,1.427496,-0.038289
-4.240676,1.596704,1.428612,-0.039432
-4.237792,1.597052,1.429146,-0.039853
-4.235022,1.597300,1.429663,-0.040175
-4.230078,1.597245,1.430765,-0.040538
-4.225577,1.596835,1.431787,-0.040588
-4.223641,1.596348,1.432296,-0.040501
-4.220089,1.595111,1.433249,-0.040173
-4.218471,1.594363,1.433705,-0.039931
-4.215834,1.592348,1.434594,-0.039334
-4.213591,1.590032,1.435400,-0.038599
-4.212613,1.588766,1.435772,-0.038177
-4.211864,1.587310,1.436151,-0.037719
-4.211207,1.585782,1.436510,-0.037248
-4.209885,1.580664,1.437538,-0.035716
-4.209692,1.578750,1.437853,-0.035178
-4.209582,1.576773,1.438150,-0.034623
-4.209551,1.574749,1.438430,-0.034045
-4.209909,1.570345,1.438939,-0.032861
-4.210202,1.568055,1.439167,-0.032260
-4.210569,1.565707,1.439382,-0.031650
-4.211068,1.563210,1.439577,-0.031035
-4.212277,1.558056,1.439930,-0.029805
-4.212983,1.555399,1.440089,-0.029177
-4.213819,1.552628,1.440234,-0.028541
-4.216701,1.544018,1.440636,-0.026617
-4.217858,1.540990,1.440738,-0.025974
-4.219073,1.537917,1.440832,-0.025339
-4.223125,1.528392,1.441050,-0.023421
-4.224631,1.525107,1.441100,-0.022787
-4.226190,1.521781,1.441144,-0.022157
-4.229520,1.514958,1.441200,-0.020894
-4.231290,1.511463,1.441213,-0.020262
-4.234971,1.504357,1.441221,-0.019013
-4.236880,1.500746,1.441230,-0.018388
-4.240932,1.493379,1.441206,-0.017143
-4.243023,1.489640,1.441187,-0.016529
-4.245153,1.485866,1.441163,-0.015909
-4.249660,1.478132,1.441081,-0.014689
-4.251971,1.474215,1.441046,-0.014082
-4.254321,1.470265,1.441007,-0.013485
-4.256775,1.466238,1.440953,-0.012889
-4.264343,1.453998,1.440772,-0.011133
-4.266988,1.449813,1.440688,-0.010559
-4.269666,1.445600,1.440602,-0.009995
-4.275114,1.437084,1.440434,-0.008881
-4.277928,1.432756,1.440325,-0.008333
-4.280771,1.428401,1.440213,-0.007798
-4.283641,1.424028,1.440099,-0.007273
-4.286537,1.419627,1.439983,-0.006747
-4.292507,1.410702,1.439721,-0.005739
-4.295529,1.406199,1.439584,-0.005249
-4.298576,1.401671,1.439446,-0.004763
-4.304829,1.392504,1.439151,-0.003826
-4.307986,1.387891,1.439001,-0.003372
-4.311167,1.383253,1.438850,-0.002931
-4.314399,1.378574,1.438691,-0.002499
-4.324214,1.364392,1.438167,-0.001271
-4.324214,1.364392,1.438167,-0.001271
-4.330847,1.354809,1.437806,-0.000504
-4.330847,1.354809,1.437806,-0.000504
-4.340925,1.340260,1.437270,0.000594
-4.340925,1.340260,1.437270,0.000594
-4.347776,1.330400,1.437036,0.001449
-4.351258,1.325418,1.437014,0.001926
-4.358308,1.315351,1.437163,0.002864
-4.358308,1.315351,1.437163,0.002864
-4.365398,1.305187,1.437533,0.003577
-4.365398,1.305187,1.437533,0.003577
-4.372458,1.294987,1.438081,0.003890
-4.375953,1.289884,1.438403,0.003888
-4.379406,1.284792,1.438743,0.003769
-4.382811,1.279719,1.439094,0.003545
-4.389464,1.269624,1.439890,0.002845
-4.392688,1.264631,1.440282,0.002390
-4.395835,1.259684,1.440664,0.001892
-4.398873,1.254797,1.441073,0.001362
-4.404682,1.245201,1.441831,0.000329
-4.407445,1.240502,1.442173,-0.000157
-4.410044,1.235913,1.442510,-0.000603
-4.412540,1.231402,1.442818,-0.000980
-4.417223,1.222633,1.443351,-0.001536
-4.419282,1.218462,1.443570,-0.001678
-4.421236,1.214386,1.443756,-0.001715
-4.423082,1.210408,1.443908,-0.001664
-4.426454,1.202760,1.444110,-0.001263
-4.427846,1.199223,1.444139,-0.000921
-4.430316,1.192477,1.444103,0.000047
-4.430316,1.192477,1.444103,0.000047
-4.432957,1.183489,1.443792,0.002088
-4.433591,1.180770,1.443628,0.002892
-4.434129,1.178168,1.443440,0.003753
-4.434422,1.175852,1.443196,0.004667
-4.434736,1.171570,1.442645,0.006601
-4.434761,1.169604,1.442339,0.007606
-4.434556,1.167938,1.441981,0.008636
-4.433909,1.164917,1.441217,0.010703
-4.433470,1.163577,1.440797,0.011721
-4.432837,1.162542,1.440333,0.012740
-4.432133,1.161617,1.439858,0.013753
-4.430515,1.160094,1.438882,0.015702
-4.429496,1.159687,1.438347,0.016642
-4.428413,1.159384,1.437807,0.017557
-4.427273,1.159163,1.437263,0.018431
-4.424710,1.159216,1.436127,0.020039
-4.423293,1.159486,1.435546,0.020785
-4.421822,1.159850,1.434966,0.021482
-4.420299,1.160306,1.434385,0.022142
-4.416897,1.161870,1.433185,0.023345
-4.415127,1.162761,1.432572,0.023887
-4.411448,1.164792,1.431354,0.024801
-4.411448,1.164792,1.431354,0.024801
-4.405357,1.168937,1.429508,0.025859
-4.403243,1.170466,1.428902,0.026130
-4.401025,1.172229,1.428290,0.026360
-4.401025,1.172229,1.428290,0.026360
-4.394138,1.177880,1.426560,0.026833
-4.391703,1.180031,1.425983,0.026917
-4.389229,1.182241,1.425413,0.026968
-4.386718,1.184508,1.424848,0.026983
-4.381537,1.189347,1.423743,0.026933
-4.378868,1.191913,1.423203,0.026864
-4.376162,1.194528,1.422669,0.026774
-4.370595,1.200006,1.421628,0.026481
-4.367733,1.202878,1.421120,0.026307
-4.364835,1.205792,1.420619,0.026111
-4.361898,1.208744,1.420125,0.025893
-4.355850,1.214981,1.419179,0.025400
-4.352769,1.218148,1.418714,0.025126
-4.349648,1.221346,1.418256,0.024835
-4.346456,1.224660,1.417809,0.024533
-4.343225,1.228000,1.417370,0.024214
-4.336642,1.234748,1.416506,0.023545
-4.333246,1.238223,1.416080,0.023193
-4.329809,1.241715,1.415660,0.022838
-4.322811,1.248744,1.414838,0.022114
-4.319251,1.252267,1.414435,0.021744
-4.315609,1.255849,1.414030,0.021372
-4.311924,1.259437,1.413631,0.020989
-4.304423,1.266625,1.412894,0.020193
-4.300560,1.270251,1.412539,0.019795
-4.296652,1.273874,1.412188,0.019384
-4.292701,1.277491,1.411844,0.018971
-4.280458,1.288296,1.410858,0.017692
-4.276269,1.291871,1.410547,0.017246
-4.272035,1.295430,1.410242,0.016794
-4.263312,1.302491,1.409650,0.015869
-4.258884,1.305986,1.409361,0.015395
-4.254412,1.309454,1.409077,0.014908
-4.249841,1.312877,1.408816,0.014408
-4.240567,1.319611,1.408338,0.013372
-4.235865,1.322927,1.408104,0.012833
-4.231070,1.326170,1.407882,0.012279
-4.226233,1.329375,1.407663,0.011710
-4.211430,1.338684,1.407031,0.009939
-4.211430,1.338684,1.407031,0.009939
-4.201303,1.344589,1.406630,0.008689
-4.201303,1.344589,1.406630,0.008689
-4.196182,1.347468,1.406432,0.008050
-4.185744,1.352958,1.406066,0.006704
-4.180452,1.355639,1.405833,0.005944
-4.175110,1.358278,1.405560,0.005082
-4.164246,1.363341,1.405031,0.003052
-4.158739,1.365753,1.404796,0.001889
-4.153208,1.368104,1.404596,0.000652
-4.147659,1.370390,1.404438,-0.000667
-4.130893,1.376603,1.404274,-0.004960
-4.130893,1.376603,1.404274,-0.004960
-4.119783,1.380270,1.404411,-0.008004
-4.108808,1.383510,1.404729,-0.011097
-4.103399,1.384990,1.404941,-0.012613
-4.098048,1.386285,1.405208,-0.014104
-4.092769,1.387484,1.405499,-0.015540
-4.087564,1.388585,1.405801,-0.016926
-4.077458,1.390383,1.406482,-0.019497
-4.072566,1.391080,1.406854,-0.020666
-4.067767,1.391674,1.407233,-0.021751
-4.063066,1.392164,1.407614,-0.022749
-4.054173,1.392579,1.408456,-0.024465
-4.049881,1.392631,1.408872,-0.025188
-4.045692,1.392579,1.409280,-0.025825
-4.034167,1.391402,1.410506,-0.027242
-4.030537,1.390808,1.410887,-0.027557
-4.027169,1.389979,1.411269,-0.027798
-4.027169,1.389979,1.411269,-0.027798
-4.017685,1.386914,1.412311,-0.028136
-4.017685,1.386914,1.412311,-0.028136
-4.014728,1.385701,1.412624,-0.028131
-4.012038,1.384261,1.412926,-0.028078
-4.006949,1.381110,1.413477,-0.027860
-4.004545,1.379419,1.413725,-0.027698
-4.002398,1.377493,1.413951,-0.027495
-4.000339,1.375483,1.414161,-0.027278
-3.998369,1.373391,1.414353,-0.027035
-3.994855,1.368829,1.414679,-0.026487
-3.991838,1.363826,1.414934,-0.025903
-3.991838,1.363826,1.414934,-0.025903
-3.988195,1.355569,1.415187,-0.024945
-3.988195,1.355569,1.415187,-0.024945
-3.986230,1.349655,1.415288,-0.024263
-3.984809,1.343248,1.415346,-0.023555
-3.984197,1.339952,1.415368,-0.023186
-3.983648,1.336598,1.415381,-0.022820
-3.983285,1.333081,1.415389,-0.022452
-3.982979,1.329525,1.415388,-0.022080
-3.982539,1.322251,1.415361,-0.021317
-3.982524,1.318441,1.415334,-0.020940
-3.982562,1.314580,1.415300,-0.020566
-3.982792,1.306709,1.415210,-0.019797
-3.983088,1.302607,1.415161,-0.019417
-3.983429,1.298458,1.415107,-0.019039
-3.983815,1.294280,1.415047,-0.018663
-3.984245,1.290058,1.414984,-0.018276
-3.985334,1.281388,1.414829,-0.017481
-3.985991,1.276941,1.414738,-0.017087
-3.986686,1.272455,1.414644,-0.016694
-3.988271,1.263274,1.414447,-0.015910
-3.989157,1.258596,1.414343,-0.015523
-3.990077,1.253881,1.414236,-0.015136
-3.991031,1.249130,1.414127,-0.014741
-3.993167,1.239394,1.413924,-0.013963
-3.994282,1.234475,1.413818,-0.013574
-3.995427,1.229522,1.413711,-0.013193
-3.996655,1.224479,1.413606,-0.012809
-3.997911,1.219404,1.413499,-0.012432
-3.999193,1.214310,1.413390,-0.012054
-4.001899,1.203994,1.413158,-0.011293
-4.003321,1.198773,1.413044,-0.010927
-4.004767,1.193524,1.412928,-0.010558
-4.007786,1.182905,1.412704,-0.009841
-4.009356,1.177536,1.412596,-0.009485
-4.010946,1.172140,1.412486,-0.009131
-4.014238,1.161252,1.412279,-0.008430
-4.015938,1.155753,1.412182,-0.008085
-4.017656,1.150227,1.412083,-0.007745
-4.019392,1.144676,1.411983,-0.007415
-4.021191,1.139060,1.411896,-0.007087
-4.024836,1.127757,1.411706,-0.006436
-4.026680,1.122070,1.411604,-0.006128
-4.028538,1.116367,1.411501,-0.005817
-4.032361,1.104859,1.411285,-0.005204
-4.034291,1.099071,1.411175,-0.004909
-4.036233,1.093261,1.411065,-0.004622
-4.038227,1.087406,1.410964,-0.004340
-4.042261,1.075621,1.410828,-0.003723
-4.044314,1.069688,1.410837,-0.003352
-4.046430,1.063697,1.410927,-0.002952
-4.048566,1.057674,1.411080,-0.002555
-4.050715,1.051624,1.411292,-0.002186
-4.055046,1.039444,1.411907,-0.001634
-4.057206,1.033329,1.412295,-0.001489
-4.059340,1.027215,1.412714,-0.001445
-4.063525,1.015005,1.413667,-0.001629
-4.065559,1.008923,1.414187,-0.001852
-4.065559,1.008923,1.414187,-0.001852
-4.069449,0.996851,1.415241,-0.002508
-4.069449,0.996851,1.415241,-0.002508
-4.073048,0.984954,1.416412,-0.003356
-4.074730,0.979083,1.416980,-0.003809
-4.076328,0.973271,1.417531,-0.004263
-4.077806,0.967550,1.418098,-0.004711
-4.080480,0.956330,1.419161,-0.005495
-4.081673,0.950836,1.419639,-0.005817
-4.082710,0.945483,1.420099,-0.006074
-4.083647,0.940216,1.420528,-0.006257
-4.083647,0.940216,1.420528,-0.006257
-4.085838,0.924960,1.421631,-0.006348
-4.085838,0.924960,1.421631,-0.006348
-4.086254,0.920164,1.421932,-0.006217
-4.086567,0.915464,1.422201,-0.005991
-4.086879,0.906369,1.422617,-0.005310
-4.086741,0.902085,1.422760,-0.004857
-4.086502,0.897906,1.422874,-0.004325
-4.086162,0.893832,1.422962,-0.003728
-4.085025,0.886112,1.423037,-0.002369
-4.084234,0.882453,1.423025,-0.001616
-4.082368,0.875452,1.422936,0.000003
-4.082368,0.875452,1.422936,0.000003
-4.081129,0.872236,1.422831,0.000863
-4.078386,0.866116,1.422568,0.002648
-4.076884,0.863212,1.422412,0.003559
-4.075135,0.860527,1.422199,0.004485
-4.071401,0.855440,1.421727,0.006363
-4.069417,0.853037,1.421475,0.007276
-4.067196,0.850854,1.421188,0.008185
-4.064902,0.848768,1.420893,0.009090
-4.060105,0.844880,1.420283,0.010839
-4.057455,0.843195,1.419964,0.011687
-4.054743,0.841601,1.419641,0.012518
-4.051967,0.840096,1.419313,0.013322
-4.046116,0.837431,1.418641,0.014831
-4.043042,0.836288,1.418300,0.015538
-4.039914,0.835229,1.417957,0.016215
-4.036734,0.834254,1.417612,0.016857
-4.030102,0.832660,1.416947,0.018076
-4.026654,0.832037,1.416616,0.018634
-4.023161,0.831493,1.416286,0.019157
-4.019626,0.831006,1.415955,0.019649
-4.012228,0.830486,1.415326,0.020511
-4.008469,0.830336,1.415014,0.020898
-4.004671,0.830258,1.414702,0.021258
-4.000750,0.830376,1.414402,0.021579
-3.988782,0.831129,1.413510,0.022380
-3.984644,0.831627,1.413233,0.022573
-3.980475,0.832191,1.412957,0.022747
-3.972053,0.833512,1.412368,0.023016
-3.967728,0.834402,1.412098,0.023112
-3.967728,0.834402,1.412098,0.023112
-3.963378,0.835354,1.411830,0.023185
-3.959003,0.836366,1.411564,0.023237
-3.950116,0.838667,1.411063,0.023266
-3.945607,0.839953,1.410835,0.023239
-3.941077,0.841296,1.410607,0.023193
-3.936528,0.842696,1.410381,0.023124
-3.927288,0.845891,1.409951,0.022936
-3.922643,0.847570,1.409738,0.022812
-3.917981,0.849304,1.409526,0.022672
-3.913261,0.851181,1.409321,0.022519
-3.903781,0.855069,1.408939,0.022166
-3.899021,0.857092,1.408749,0.021958
-3.894248,0.859165,1.408560,0.021734
-3.889448,0.861360,1.408370,0.021498
-3.874985,0.868239,1.407812,0.020706
-3.874985,0.868239,1.407812,0.020706
-3.865271,0.873187,1.407450,0.020119
-3.860401,0.875726,1.407270,0.019802
-3.850635,0.880997,1.406917,0.019149
-3.850635,0.880997,1.406917,0.019149
-3.840838,0.886500,1.406575,0.018465
-3.831016,0.892232,1.406235,0.017739
-3.826097,0.895180,1.406068,0.017365
-3.821174,0.898170,1.405902,0.016980
-3.816247,0.901202,1.405736,0.016591
-3.806379,0.907510,1.405430,0.015800
-3.801440,0.910722,1.405268,0.015401
-3.796498,0.913974,1.405107,0.014995
-3.791565,0.917337,1.404954,0.014572
-3.781691,0.924166,1.404649,0.013736
-3.776750,0.927631,1.404497,0.013308
-3.771825,0.931195,1.404354,0.012880
-3.766897,0.934795,1.404211,0.012459
-3.761968,0.938428,1.404070,0.012032
-3.752123,0.945850,1.403800,0.011170
-3.747208,0.949636,1.403671,0.010748
-3.742291,0.953454,1.403540,0.010320
-3.742291,0.953454,1.403540,0.010320
-3.727546,0.965116,1.403134,0.009028
-3.727546,0.965116,1.403134,0.009028
-3.717728,0.973095,1.402843,0.008186
-3.707932,0.981226,1.402563,0.007337
-3.703046,0.985351,1.402427,0.006922
-3.698159,0.989502,1.402292,0.006508
-3.693271,0.993674,1.402156,0.006102
-3.683560,1.002172,1.401906,0.005291
-3.678702,1.006458,1.401781,0.004892
-3.673843,1.010769,1.401657,0.004500
-3.669021,1.015143,1.401537,0.004103
-3.659360,1.023963,1.401241,0.003481
-3.654508,1.028408,1.401015,0.003367
-3.649666,1.032933,1.400702,0.003413
-3.644807,1.037485,1.400319,0.003602
-3.630221,1.051320,1.399130,0.004580
-3.625398,1.055990,1.398814,0.004914
-3.620605,1.060664,1.398569,0.005215
-3.611159,1.070028,1.398285,0.005663
-3.606523,1.074700,1.398246,0.005796
-3.601949,1.079343,1.398275,0.005864
-3.597444,1.083947,1.398370,0.005864
-3.588761,1.093036,1.398729,0.005701
-3.584548,1.097489,1.399004,0.005559
-3.580426,1.101870,1.399323,0.005407
-3.576399,1.106172,1.399680,0.005253
-3.576399,1.106172,1.399680,0.005253
-3.565191,1.118444,1.400967,0.004841
-3.561658,1.122332,1.401431,0.004747
-3.558360,1.126040,1.401934,0.004680
-3.558360,1.126040,1.401934,0.004680
-3.549071,1.136459,1.403468,0.004637
-3.549071,1.136459,1.403468,0.004637
-3.543714,1.142545,1.404480,0.004743
-3.541180,1.145396,1.404962,0.004835
-3.536570,1.150546,1.405883,0.005078
-3.536570,1.150546,1.405883,0.005078
-3.532495,1.155009,1.406728,0.005345
-3.530592,1.157039,1.407116,0.005454
-3.527370,1.160320,1.407783,0.005626
-3.525886,1.161770,1.408082,0.005716
-3.524486,1.163088,1.408360,0.005803
-3.522275,1.164883,1.408814,0.005990
-3.521291,1.165591,1.409011,0.006105
-3.520383,1.166175,1.409189,0.006218
-3.519717,1.166404,1.409312,0.006336
-3.518147,1.166430,1.409582,0.006671
-3.518147,1.166430,1.409582,0.006671
-3.517752,1.165470,1.409622,0.006812
-3.517752,1.165470,1.409622,0.006812
-3.517631,1.163234,1.409577,0.006877
-3.517851,1.162082,1.409520,0.006846
-3.518128,1.160833,1.409452,0.006811
-3.518128,1.160833,1.409452,0.006811
-3.518459,1.159513,1.409377,0.006736
-3.518844,1.158101,1.409292,0.006651
-3.520003,1.154615,1.409050,0.006420
-3.520658,1.152747,1.408918,0.006278
-3.521363,1.150796,1.408779,0.006114
-3.523151,1.146303,1.408417,0.005747
-3.525125,1.141537,1.408018,0.005337
-3.526282,1.138894,1.407790,0.005134
-3.528727,1.133412,1.407333,0.004723
-3.530013,1.130577,1.407102,0.004509
-3.531420,1.127531,1.406851,0.004290
-3.535885,1.118074,1.406135,0.003662
-3.537522,1.114696,1.405888,0.003478
-3.539197,1.111269,1.405644,0.003302
-3.540911,1.107794,1.405403,0.003138
-3.544503,1.100576,1.404928,0.002825
-3.546379,1.096836,1.404694,0.002685
-3.548290,1.093054,1.404461,0.002544
-3.550236,1.089231,1.404229,0.002411
-3.554310,1.081259,1.403778,0.002166
-3.556395,1.077217,1.403555,0.002043
-3.558512,1.073137,1.403333,0.001928
-3.562867,1.064780,1.402910,0.001687
-3.565104,1.060503,1.402701,0.001577
-3.569664,1.051851,1.402287,0.001358
-3.569664,1.051851,1.402287,0.001358
-3.576755,1.038458,1.401700,0.001034
-3.579171,1.033933,1.401499,0.000909
-3.581623,1.029316,1.401311,0.000781
-3.586605,1.019998,1.400943,0.000532
-3.589135,1.015298,1.400762,0.000411
-3.591692,1.010506,1.400595,0.000290
-3.594274,1.005700,1.400430,0.000170
-3.599513,0.996016,1.400118,-0.000042
-3.602164,0.991077,1.399973,-0.000144
-3.604839,0.986116,1.399830,-0.000253
-3.607538,0.981133,1.399687,-0.000359
-3.613007,0.971031,1.399408,-0.000572
-3.615776,0.965923,1.399260,-0.000667
-3.618566,0.960795,1.399113,-0.000771
-3.621375,0.955645,1.398966,-0.000897
-3.627052,0.945140,1.398693,-0.001215
-3.629920,0.939860,1.398558,-0.001399
-3.632810,0.934563,1.398424,-0.001602
-3.635733,0.929180,1.398313,-0.001797
-3.641648,0.918383,1.398090,-0.002213
-3.644641,0.912970,1.397982,-0.002420
-3.647660,0.907546,1.397876,-0.002625
-3.650708,0.902040,1.397794,-0.002821
-3.660014,0.885477,1.397566,-0.003405
-3.663183,0.879871,1.397518,-0.003584
-3.666381,0.874261,1.397471,-0.003747
-3.669608,0.868657,1.397424,-0.003909
-3.676160,0.857379,1.397348,-0.004193
-3.679487,0.851707,1.397317,-0.004331
-3.682844,0.846037,1.397286,-0.004452
-3.686230,0.840369,1.397254,-0.004565
-3.693120,0.828931,1.397225,-0.004760
-3.700128,0.817519,1.397193,-0.004925
-3.700128,0.817519,1.397193,-0.004925
-3.710860,0.800324,1.397187,-0.005098
-3.714496,0.794604,1.397171,-0.005146
-3.718181,0.788873,1.397178,-0.005189
-3.718181,0.788873,1.397178,-0.005189
-3.725635,0.777432,1.397187,-0.005255
-3.729401,0.771727,1.397189,-0.005284
-3.733224,0.766019,1.397218,-0.005312
-3.737074,0.760316,1.397249,-0.005341
-3.748892,0.743163,1.397565,-0.005493
-3.748892,0.743163,1.397565,-0.005493
-3.757009,0.731684,1.398112,-0.005914
-3.765209,0.720238,1.398926,-0.006738
-3.769332,0.714550,1.399439,-0.007321
-3.773449,0.708894,1.400002,-0.008005
-3.777549,0.703280,1.400608,-0.008785
-3.781625,0.697715,1.401249,-0.009662
-3.789698,0.686792,1.402693,-0.011632
-3.797589,0.676162,1.404194,-0.013758
-3.805243,0.665931,1.405775,-0.015855
-3.808972,0.660963,1.406554,-0.016855
-3.812630,0.656101,1.407318,-0.017793
-3.816185,0.651401,1.408107,-0.018656
-3.826378,0.638012,1.410318,-0.020653
-3.829541,0.633893,1.411017,-0.021092
-3.832618,0.629905,1.411681,-0.021416
-3.835609,0.626050,1.412311,-0.021615
-3.841228,0.618895,1.413456,-0.021641
-3.843856,0.615596,1.413971,-0.021486
-3.851081,0.606713,1.415273,-0.020316
-3.853230,0.604136,1.415619,-0.019731
-3.855293,0.601701,1.415931,-0.019062
-3.857270,0.599407,1.416209,-0.018311
-3.860690,0.595619,1.416600,-0.016606
-3.862276,0.593930,1.416747,-0.015655
-3.863780,0.592379,1.416867,-0.014662
-3.865203,0.590961,1.416961,-0.013633
-3.867544,0.588927,1.417004,-0.011462
-3.868600,0.588094,1.416993,-0.010369
-3.869581,0.587387,1.416961,-0.009264
-3.870364,0.587013,1.416877,-0.008137
-3.872285,0.586602,1.416513,-0.004794
-3.872666,0.586896,1.416333,-0.003690
-3.872982,0.587301,1.416142,-0.002610
-3.873236,0.587790,1.415940,-0.001550
-3.873430,0.589272,1.415474,0.000474
-3.873257,0.591339,1.414945,0.002388
-3.873084,0.592515,1.414672,0.003312
-3.872370,0.595484,1.414060,0.005049
-3.871932,0.597099,1.413751,0.005873
-3.871445,0.598776,1.413439,0.006671
-3.870804,0.600708,1.413089,0.007415
-3.868586,0.606963,1.412041,0.009427
-3.868586,0.606963,1.412041,0.009427
-3.867669,0.609362,1.411681,0.010034
-3.864650,0.616943,1.410615,0.011633
-3.863482,0.619742,1.410267,0.012085
-3.862272,0.622602,1.409921,0.012509
-3.859730,0.628499,1.409238,0.013265
-3.858398,0.631533,1.408900,0.013607
-3.856956,0.634750,1.408572,0.013922
-3.855476,0.638020,1.408246,0.014201
-3.850758,0.648222,1.407283,0.014884
-3.849074,0.651794,1.406972,0.015054
-3.847356,0.655411,1.406665,0.015190
-3.845604,0.659074,1.406361,0.015320
-3.841892,0.666723,1.405787,0.015504
-3.838054,0.674538,1.405226,0.015596
-3.833979,0.682661,1.404695,0.015599
-3.833979,0.682661,1.404695,0.015599
-3.831898,0.686780,1.404433,0.015573
-3.827576,0.695218,1.403934,0.015488
-3.823074,0.703886,1.403465,0.015333
-3.820782,0.708270,1.403234,0.015232
-3.818396,0.712780,1.403020,0.015110
-3.815986,0.717311,1.402809,0.014981
-3.811092,0.726461,1.402393,0.014667
-3.808553,0.731159,1.402188,0.014495
-3.805990,0.735885,1.401986,0.014314
-3.803403,0.740637,1.401786,0.014114
-3.795387,0.755193,1.401204,0.013473
-3.792652,0.760113,1.401016,0.013235
-3.789896,0.765057,1.400830,0.012984
-3.784261,0.775084,1.400462,0.012474
-3.781384,0.780166,1.400285,0.012209
-3.778486,0.785268,1.400109,0.011938
-3.775568,0.790391,1.399935,0.011660
-3.766550,0.806026,1.399475,0.010806
-3.763505,0.811272,1.399327,0.010513
-3.760411,0.816583,1.399191,0.010213
-3.754168,0.827256,1.398921,0.009596
-3.751019,0.832616,1.398788,0.009284
-3.744642,0.843475,1.398543,0.008658
-3.741426,0.848917,1.398438,0.008348
-3.734947,0.859879,1.398236,0.007717
-3.731683,0.865396,1.398138,0.007397
-3.728401,0.870925,1.398040,0.007083
-3.718458,0.887642,1.397770,0.006160
-3.715108,0.893244,1.397680,0.005853
-3.711741,0.898849,1.397591,0.005546
-3.704933,0.910132,1.397436,0.004924
-3.701501,0.915784,1.397360,0.004617
-3.698051,0.921443,1.397286,0.004309
-3.694583,0.927127,1.397226,0.003998
-3.687592,0.938513,1.397085,0.003401
-3.684070,0.944206,1.397019,0.003117
-3.676960,0.955615,1.396909,0.002528
-3.669757,0.967052,1.396768,0.002072
-3.666112,0.972785,1.396605,0.001990
-3.662417,0.978526,1.396374,0.002016
-3.658692,0.984277,1.396077,0.002135
-3.647377,1.001546,1.395163,0.002744
-3.643581,1.007291,1.394943,0.002915
-3.639793,1.013016,1.394781,0.003027
-3.636022,1.018714,1.394675,0.003071
-3.628514,1.029993,1.394677,0.002936
-3.624820,1.035559,1.394774,0.002744
-3.621176,1.041067,1.394930,0.002468
-3.610562,1.057123,1.395797,0.001268
-3.607172,1.062309,1.396178,0.000766
-3.603876,1.067351,1.396622,0.000234
-3.597556,1.077137,1.397591,-0.000865
-3.594542,1.081870,1.398104,-0.001406
-3.588910,1.090814,1.399274,-0.002435
-3.583703,1.099286,1.400452,-0.003319
-3.581351,1.103216,1.401094,-0.003694
-3.579110,1.107022,1.401726,-0.004019
-3.576981,1.110704,1.402346,-0.004277
-3.571403,1.120836,1.404162,-0.004511
-3.569850,1.123859,1.404757,-0.004390
-3.568411,1.126756,1.405333,-0.004184
-3.566014,1.132000,1.406423,-0.003545
-3.565050,1.134349,1.406938,-0.003138
-3.564190,1.136575,1.407429,-0.002681
-3.563433,1.138678,1.407898,-0.002187
-3.562514,1.142145,1.408726,-0.001108
-3.562196,1.143709,1.409107,-0.000528
-3.561968,1.145154,1.409468,0.000065
-3.561970,1.146277,1.409789,0.000676
-3.562222,1.148185,1.410374,0.001902
-3.562921,1.149437,1.410878,0.003081
-3.563446,1.149797,1.411092,0.003642
-3.564699,1.150246,1.411463,0.004690
-3.565547,1.150105,1.411597,0.005172
-3.567424,1.149528,1.411819,0.006069
-3.568449,1.149093,1.411909,0.006480
-3.570880,1.147539,1.411997,0.007220
-3.572171,1.146626,1.412024,0.007544
-3.573508,1.145645,1.412039,0.007833
-3.578086,1.141610,1.411947,0.008527
-3.579693,1.140099,1.411895,0.008687
-3.581337,1.138508,1.411834,0.008803
-3.583093,1.136656,1.411752,0.008879
-3.588565,1.130689,1.411466,0.008950
-3.590524,1.128370,1.411340,0.008937
-3.594532,1.123528,1.411088,0.008846
-3.596583,1.121008,1.410958,0.008782
-3.600851,1.115441,1.410658,0.008622
-3.603028,1.112567,1.410506,0.008528
-3.607491,1.106515,1.410192,0.008314
-3.609778,1.103325,1.410030,0.008219
-3.612090,1.100080,1.409869,0.008118
-3.616810,1.093283,1.409530,0.007897
-3.619218,1.089735,1.409351,0.007799
-3.621648,1.086138,1.409172,0.007686
-3.624100,1.082494,1.408994,0.007562
-3.629114,1.074822,1.408632,0.007288
-3.631651,1.070921,1.408451,0.007140
-3.636807,1.062865,1.408091,0.006852
-3.642060,1.054523,1.407734,0.006581
-3.644714,1.050294,1.407577,0.006441
-3.647394,1.045912,1.407416,0.006298
-3.650091,1.041506,1.407256,0.006148
-3.655533,1.032589,1.406933,0.005830
-3.658278,1.028078,1.406771,0.005662
-3.663805,1.018781,1.406434,0.005293
-3.666591,1.014084,1.406269,0.005084
-3.672211,1.004527,1.405929,0.004617
-3.677893,0.994782,1.405575,0.004113
-3.677893,0.994782,1.405575,0.004113
-3.686522,0.979813,1.405033,0.003223
-3.689430,0.974749,1.404852,0.002898
-3.692354,0.969660,1.404672,0.002557
-3.698258,0.959340,1.404314,0.001841
-3.701240,0.954154,1.404137,0.001483
-3.707251,0.943687,1.403793,0.000751
-3.713342,0.933122,1.403472,0.000042
-3.716427,0.927821,1.403317,-0.000332
-3.719518,0.922453,1.403170,-0.000745
-3.722638,0.917078,1.403040,-0.001259
-3.732174,0.900911,1.402773,-0.003697
-3.735410,0.895491,1.402673,-0.004921
-3.738678,0.890077,1.402529,-0.006398
-3.745305,0.879239,1.402037,-0.010115
-3.748665,0.873818,1.401667,-0.012364
-3.755474,0.863011,1.400647,-0.017628
-3.755474,0.863011,1.400647,-0.017628
-3.758925,0.857626,1.400007,-0.020638
-3.765937,0.846863,1.398454,-0.027414
-3.773095,0.836156,1.396576,-0.035136
-3.776735,0.830816,1.395503,-0.039346
-3.784114,0.820185,1.393140,-0.048480
-3.787847,0.814892,1.391850,-0.053377
-3.791629,0.809608,1.390440,-0.058502
-3.799253,0.799075,1.387409,-0.069391
-3.803090,0.793826,1.385789,-0.075152
-3.810821,0.783356,1.382238,-0.087288
-3.814697,0.778136,1.380363,-0.093660
-3.822460,0.767745,1.376377,-0.106990
-3.826343,0.762567,1.374272,-0.113938
-3.830221,0.757397,1.372114,-0.121076
-3.841804,0.741972,1.365256,-0.143551
-3.845640,0.736848,1.362867,-0.151385
-3.849460,0.731730,1.360440,-0.159389
-3.856992,0.721549,1.355400,-0.175909
-3.860729,0.716462,1.352834,-0.184413
-3.868095,0.706313,1.347582,-0.201868
-3.875326,0.696181,1.342174,-0.219933
-3.878903,0.691111,1.339442,-0.229192
-3.882454,0.686037,1.336693,-0.238614
-3.885925,0.680970,1.333912,-0.248173
-3.896177,0.665717,1.325497,-0.277711
-3.896177,0.665717,1.325497,-0.277711
-3.899476,0.660630,1.322665,-0.287854
-3.902748,0.655529,1.319823,-0.298140
-3.912338,0.640152,1.311230,-0.329859
-3.915438,0.635004,1.308347,-0.340715
-3.918514,0.629834,1.305455,-0.351713
-3.924526,0.619436,1.299651,-0.374134
-3.927463,0.614205,1.296747,-0.385558
-3.933278,0.603665,1.290928,-0.408822
-3.938912,0.593018,1.285128,-0.432635
-3.941705,0.587652,1.282236,-0.444748
-3.944483,0.582257,1.279344,-0.456994
-3.947181,0.576830,1.276459,-0.469378
-3.955208,0.560363,1.267814,-0.507330
-3.957804,0.554807,1.264943,-0.520240
-3.960392,0.549220,1.262075,-0.533278
-3.965554,0.537951,1.256341,-0.559746
-3.968081,0.532262,1.253477,-0.573180
-3.970605,0.526541,1.250618,-0.586730
-3.973129,0.520788,1.247764,-0.600413
-3.980667,0.503333,1.239237,-0.642252
-3.983160,0.497445,1.236406,-0.656450
-3.985656,0.491529,1.233582,-0.670777
-3.990625,0.479587,1.227942,-0.699780
-3.993100,0.473561,1.225127,-0.714472
-3.998069,0.461431,1.219526,-0.744226
-4.000535,0.455294,1.216733,-0.759281
-4.005491,0.442950,1.211169,-0.789770
-4.007981,0.436744,1.208399,-0.805206
-4.010460,0.430473,1.205625,-0.820757
-4.012948,0.424180,1.202859,-0.836433
-4.015445,0.417867,1.200101,-0.852230
-4.020450,0.405151,1.194609,-0.884195
-4.022959,0.398750,1.191868,-0.900361
-4.028005,0.385900,1.186407,-0.933074
-4.030514,0.379431,1.183669,-0.949603
-4.035558,0.366446,1.178210,-0.983029
-4.040604,0.353389,1.172808,-1.016958
-4.043123,0.346833,1.170110,-1.034102
-4.045651,0.340264,1.167416,-1.051367
-4.048187,0.333681,1.164726,-1.068756
-4.055719,0.313841,1.156692,-1.121654
-4.058246,0.307204,1.154031,-1.139527
-4.060779,0.300555,1.151372,-1.157517
-4.065804,0.287235,1.146050,-1.193856
-4.068328,0.280557,1.143392,-1.212215
-4.073353,0.267174,1.138077,-1.249281
-4.078362,0.253751,1.132771,-1.286800
-4.080876,0.247022,1.130119,-1.305738
-4.083359,0.240294,1.127454,-1.324795
-4.085848,0.233554,1.124790,-1.343971
-4.093314,0.213287,1.116795,-1.402214
-4.095789,0.206523,1.114125,-1.421852
-4.098271,0.199747,1.111456,-1.441606
-4.103219,0.186171,1.106111,-1.481462
-4.105685,0.179372,1.103435,-1.501569
-4.110640,0.165733,1.098089,-1.542115
-4.115545,0.152055,1.092757,4.700071
-4.118011,0.145198,1.090094,4.679416
-4.120483,0.138329,1.087432,4.658644
-4.122926,0.131431,1.084785,4.637773
-4.127839,0.117598,1.079493,4.595684
-4.130311,0.110664,1.076844,4.574476
-4.132758,0.103699,1.074209,4.553145
-4.135217,0.096724,1.071576,4.531710
-4.142658,0.075729,1.063689,4.466781
-4.145140,0.068695,1.061078,4.444928
-4.147635,0.061650,1.058469,4.422964
-4.152661,0.047527,1.053240,4.378726
-4.155168,0.040432,1.050640,4.356441
-4.157689,0.033326,1.048042,4.334053
-4.160222,0.026212,1.045446,4.311553
-4.165303,0.011931,1.040267,4.266265
-4.170417,-0.002407,1.035121,4.220631
-4.172997,-0.009589,1.032572,4.197686
-4.178173,-0.024029,1.027526,4.151600
-4.180786,-0.031259,1.025065,4.128477
-4.183416,-0.038497,1.022657,4.105320
-4.186047,-0.045757,1.020301,4.082128
-4.194056,-0.067569,1.013808,4.012493
-4.196735,-0.074856,1.011858,3.989292
-4.199438,-0.082145,1.010032,3.966132
-4.202162,-0.089438,1.008341,3.943000
-4.207666,-0.104025,1.005443,3.896906
-4.210449,-0.111318,1.004257,3.873973
-4.218944,-0.133201,1.001762,3.805691
-4.221824,-0.140494,1.001274,3.783137
-4.224729,-0.147785,1.000921,3.760709
-4.227658,-0.155074,1.000691,3.738418
-4.236580,-0.176878,1.000786,3.672446
-4.239599,-0.184130,1.001011,3.650783
-4.242641,-0.191377,1.001300,3.629294
-4.248795,-0.205791,1.002249,3.586909
-4.251903,-0.212987,1.002783,3.566024
-4.255031,-0.220177,1.003336,3.545342
-4.258184,-0.227320,1.004013,3.524881
-4.261356,-0.234455,1.004697,3.504644
-4.267754,-0.248702,1.006081,3.464822
-4.274250,-0.262830,1.007614,3.425842
-4.277520,-0.269881,1.008377,3.406667
-4.284104,-0.283918,1.009926,3.368961
-4.287416,-0.290903,1.010710,3.350440
-4.290739,-0.297879,1.011491,3.332135
-4.300801,-0.318664,1.013845,3.278467
-4.304180,-0.325559,1.014632,3.261002
-4.307569,-0.332445,1.015416,3.243745
-4.314420,-0.346094,1.016965,3.209857
-4.321301,-0.359708,1.018501,3.176845
-4.324769,-0.366439,1.019267,3.160647
-4.331723,-0.379876,1.020784,3.128883
-4.335209,-0.386582,1.021538,3.113303
-4.342213,-0.399901,1.023043,3.082765
-4.349245,-0.413123,1.024541,3.053057
-4.352768,-0.419725,1.025289,3.038511
-4.356312,-0.426264,1.026041,3.024169
-4.359859,-0.432797,1.026789,3.010034
-4.363407,-0.439325,1.027535,2.996101
-4.370520,-0.452307,1.029020,2.968843
-4.377645,-0.465216,1.030496,2.942400
-4.381208,-0.471664,1.031237,2.929502
-4.388348,-0.484462,1.032716,2.904269
-4.395489,-0.497249,1.034183,2.879843
-4.399069,-0.503594,1.034924,2.867918
-4.406227,-0.516279,1.036387,2.844676
-4.409804,-0.522620,1.037109,2.833354
-4.413377,-0.528925,1.037834,2.822225
-4.424085,-0.547839,1.039998,2.790034
-4.427632,-0.554115,1.040733,2.779689
-4.431179,-0.560391,1.041466,2.769540
-4.434724,-0.566668,1.042200,2.759580
-4.441792,-0.579196,1.043691,2.740243
-4.448838,-0.591702,1.045206,2.721694
-4.455875,-0.604218,1.046713,2.703902
-4.459388,-0.610427,1.047478,2.695290
-4.462898,-0.616640,1.048242,2.686867
-4.466405,-0.622856,1.049005,2.678629
-4.469907,-0.629077,1.049765,2.670579
-4.476860,-0.641425,1.051287,2.655066
-4.483799,-0.653792,1.052803,2.640310
-4.490696,-0.666083,1.054265,2.626294
-4.494140,-0.672237,1.054996,2.619557
-4.497581,-0.678398,1.055727,2.613001
-4.501012,-0.684511,1.056449,2.606626
-4.507863,-0.696759,1.057894,2.594474
-4.511282,-0.702894,1.058610,2.588670
-4.518127,-0.715079,1.060019,2.577605
-4.521544,-0.721184,1.060724,2.572340
-4.528369,-0.733379,1.062130,2.562355
-4.528369,-0.733379,1.062130,2.562355
-4.535182,-0.745569,1.063534,2.553106
-4.538582,-0.751679,1.064235,2.548751
-4.545363,-0.763822,1.065622,2.540571
-4.548747,-0.769909,1.066317,2.536741
-4.552126,-0.776005,1.067014,2.533096
-4.562223,-0.794192,1.069127,2.523218
-4.565579,-0.800275,1.069837,2.520283
-4.568933,-0.806369,1.070549,2.517522
-4.575572,-0.818519,1.071965,2.512516
-4.578886,-0.824611,1.072677,2.510273
-4.582196,-0.830715,1.073390,2.508209
-4.585490,-0.836799,1.074100,2.506316
-4.595347,-0.855120,1.076201,2.501679
-4.598623,-0.861229,1.076917,2.500484
-4.601895,-0.867349,1.077633,2.499452
-4.605164,-0.873481,1.078350,2.498585
-4.611688,-0.885752,1.079789,2.497361
-4.618195,-0.898042,1.081233,2.496816
-4.624681,-0.910352,1.082683,2.496958
-4.627916,-0.916511,1.083409,2.497272
-4.631148,-0.922681,1.084138,2.497753
-4.634377,-0.928862,1.084868,2.498401
-4.640824,-0.941223,1.086350,2.500199
-4.647257,-0.953626,1.087838,2.502666
-4.650474,-0.959815,1.088596,2.504143
-4.653687,-0.966016,1.089355,2.505789
-4.660108,-0.978450,1.090880,2.509563
-4.663326,-0.984663,1.091662,2.511690
-4.666543,-0.990888,1.092444,2.513981
-4.672965,-1.003370,1.094013,2.519045
-4.676172,-1.009626,1.094799,2.521816
-4.682611,-1.022123,1.096404,2.527858
-4.689040,-1.034661,1.097975,2.534521
-4.692284,-1.040907,1.098773,2.538091
-4.695524,-1.047164,1.099573,2.541816
-4.698763,-1.053431,1.100375,2.545698
-4.705271,-1.065976,1.101983,2.553933
-4.708541,-1.072254,1.102808,2.558295
-4.711807,-1.078543,1.103633,2.562813
-4.715072,-1.084842,1.104460,2.567484
-4.724956,-1.103774,1.106979,2.582394
-4.728245,-1.110105,1.107820,2.587664
-4.731574,-1.116429,1.108676,2.593094
-4.741545,-1.135459,1.111271,2.610331
-4.744911,-1.141816,1.112151,2.616372
-4.748276,-1.148181,1.113030,2.622573
-4.748276,-1.148181,1.113030,2.622573
-4.754996,-1.160939,1.114791,2.635418
-4.758391,-1.167334,1.115682,2.642067
-4.761784,-1.173738,1.116572,2.648867
-4.765174,-1.180151,1.117462,2.655822
-4.768560,-1.186572,1.118352,2.662916
-4.775403,-1.199431,1.120139,2.677520
-4.782237,-1.212324,1.121978,2.692633
-4.785651,-1.218782,1.122944,2.700358
-4.792512,-1.231701,1.124978,2.716145
-4.795940,-1.238174,1.126059,2.724198
-4.799368,-1.244656,1.127191,2.732332
-4.809747,-1.264109,1.130961,2.757203
-4.809747,-1.264109,1.130961,2.757203
-4.816701,-1.277113,1.133867,2.774113
-4.823689,-1.290145,1.137178,2.791231
-4.827183,-1.296677,1.138996,2.799850
-4.830726,-1.303210,1.140978,2.808496
-4.834269,-1.309754,1.143083,2.817161
-4.844943,-1.329448,1.150191,2.843234
-4.848532,-1.336029,1.152864,2.851939
-4.852120,-1.342622,1.155655,2.860647
-4.859360,-1.355844,1.161674,2.878040
-4.863010,-1.362474,1.164871,2.886716
-4.866660,-1.369115,1.168155,2.895357
-4.870310,-1.375768,1.171519,2.903969
-4.877711,-1.389110,1.178688,2.921081
-4.881409,-1.395796,1.182361,2.929566
-4.888855,-1.409204,1.189975,2.946393
-4.888855,-1.409204,1.189975,2.946393
-4.900086,-1.429403,1.201868,2.971173
-4.903823,-1.436158,1.205882,2.979285
-4.907619,-1.442909,1.210016,2.987310
-4.918967,-1.463225,1.222469,3.010870
-4.922793,-1.469988,1.226707,3.018539
-4.926612,-1.476761,1.230941,3.026118
-4.930424,-1.483546,1.235169,3.033588
-4.938076,-1.497106,1.243651,3.048223
-4.945744,-1.510670,1.252130,3.062416
-4.945744,-1.510670,1.252130,3.062416
-4.957234,-1.530996,1.264787,3.082851
-4.961055,-1.537778,1.268971,3.089409
-4.964865,-1.544573,1.273129,3.095849
-4.972516,-1.558097,1.281390,3.108333
-4.976325,-1.564878,1.285468,3.114376
-4.983931,-1.578433,1.293526,3.126072
-4.983931,-1.578433,1.293526,3.126072
-4.995279,-1.598792,1.305355,3.142640
-4.999063,-1.605556,1.309213,3.147892
-5.002831,-1.612334,1.313036,3.152994
-5.010324,-1.625931,1.320572,3.162784
-5.014067,-1.632707,1.324258,3.167471
-5.021502,-1.646303,1.331516,3.176439
-5.028869,-1.659956,1.338618,3.184847
-5.032551,-1.666757,1.342093,3.188836
-5.036216,-1.673573,1.345528,3.192683
-5.039864,-1.680403,1.348923,3.196388
-5.043492,-1.687249,1.352278,3.199957
-5.050746,-1.700949,1.358832,3.206680
-5.054344,-1.707821,1.362047,3.209828
-5.057921,-1.714708,1.365222,3.212834
-5.068589,-1.735381,1.374465,3.221030
-5.072104,-1.742303,1.377464,3.223482
-5.075607,-1.749201,1.380404,3.225804
-5.082546,-1.763045,1.386161,3.230057
-5.085983,-1.769991,1.388987,3.231992
-5.092783,-1.783845,1.394471,3.235465
-5.099493,-1.797762,1.399797,3.238422
-5.102798,-1.804713,1.402375,3.239714
-5.106080,-1.811680,1.404919,3.240880
-5.109339,-1.818664,1.407429,3.241926
-5.115772,-1.832645,1.412331,3.243672
-5.118948,-1.839641,1.414727,3.244365
-5.125226,-1.853682,1.419442,3.245402
-5.131370,-1.867708,1.423993,3.245993
-5.134405,-1.874746,1.426218,3.246114
-5.140403,-1.888866,1.430616,3.246067
-5.146269,-1.902981,1.434886,3.245614
-5.149167,-1.910060,1.437001,3.245234
-5.152041,-1.917154,1.439104,3.244759
-5.154863,-1.924250,1.441176,3.244186
-5.160438,-1.938484,1.445330,3.242757
-5.163191,-1.945621,1.447394,3.241917
-5.168584,-1.959936,1.451459,3.239988
-5.171247,-1.967113,1.453482,3.238896
-5.176489,-1.981493,1.457489,3.236475
-5.176489,-1.981493,1.457489,3.236475
-5.179068,-1.988697,1.459474,3.235152
-5.181627,-1.995912,1.461454,3.233749
-5.189134,-2.017608,1.467331,3.229144
-5.191590,-2.024859,1.469275,3.227486
-5.194028,-2.032120,1.471214,3.225770
-5.198797,-2.046653,1.475052,3.222173
-5.201159,-2.053935,1.476962,3.220290
-5.205816,-2.068532,1.480757,3.216372
-5.208111,-2.075846,1.482642,3.214352
-5.212663,-2.090500,1.486377,3.210187
-5.214897,-2.097841,1.488217,3.208050
-5.217121,-2.105189,1.490049,3.205873
-5.223735,-2.127278,1.495498,3.199148
-5.223735,-2.127278,1.495498,3.199148
-5.228070,-2.142038,1.499058,3.194538
-5.232379,-2.156821,1.502570,3.189844
-5.234500,-2.164215,1.504279,3.187468
-5.236617,-2.171613,1.505979,3.185076
-5.238730,-2.179015,1.507668,3.182671
-5.244995,-2.201225,1.512626,3.175392
-5.247071,-2.208631,1.514256,3.172955
-5.249146,-2.216041,1.515873,3.170512
-5.253261,-2.230829,1.518996,3.165618
-5.255321,-2.238227,1.520538,3.163177
-5.259429,-2.253006,1.523547,3.158311
-5.263535,-2.267767,1.526444,3.153465
-5.265594,-2.275150,1.527872,3.151058
-5.267619,-2.282511,1.529247,3.148676
-5.269650,-2.289872,1.530607,3.146311
-5.275747,-2.311931,1.534560,3.139289
-5.277770,-2.319267,1.535820,3.136985
-5.279802,-2.326602,1.537065,3.134706
-5.283867,-2.341245,1.539481,3.130214
-5.285900,-2.348553,1.540653,3.127993
-5.287945,-2.355860,1.541810,3.125806
-5.290001,-2.363165,1.542953,3.123653
-5.296216,-2.385000,1.546169,3.117354
-5.298308,-2.392262,1.547201,3.115325
-5.300415,-2.399522,1.548220,3.113339
-5.304648,-2.413997,1.550139,3.109438
-5.306787,-2.421231,1.551084,3.107530
-5.311110,-2.435674,1.552891,3.103845
-5.313294,-2.442883,1.553753,3.102054
-5.317709,-2.457288,1.555439,3.098586
-5.319955,-2.464463,1.556224,3.096911
-5.322218,-2.471635,1.556997,3.095281
-5.329129,-2.493110,1.559182,3.090635
-5.331481,-2.500249,1.559863,3.089162
-5.333850,-2.507385,1.560533,3.087727
-5.338673,-2.521605,1.561809,3.085000
-5.341126,-2.528691,1.562425,3.083704
-5.343597,-2.535774,1.563032,3.082445
-5.351157,-2.556926,1.564726,3.078941
-5.353720,-2.563956,1.565262,3.077852
-5.356298,-2.570982,1.565789,3.076807
-5.358920,-2.577967,1.566283,3.075812
-5.364215,-2.591924,1.567235,3.073946
-5.366888,-2.598896,1.567698,3.073075
-5.372322,-2.612787,1.568583,3.071473
-5.377859,-2.626621,1.569420,3.070034
-5.380653,-2.633529,1.569812,3.069372
-5.380653,-2.633529,1.569812,3.069372
-5.386360,-2.647261,1.570516,3.068188
-5.389238,-2.654121,1.570862,3.067665
-5.395072,-2.667804,1.571523,3.066730
-5.398028,-2.674628,1.571840,3.066314
-5.401001,-2.681449,1.572153,3.065943
-5.410095,-2.701792,1.573019,3.065078
-5.413172,-2.708549,1.573301,3.064873
-5.416264,-2.715303,1.573582,3.064703
-5.419426,-2.722005,1.573850,3.064568
-5.425797,-2.735400,1.574388,3.064404
-5.432275,-2.748740,1.574910,3.064368
-5.435558,-2.755383,1.575161,3.064406
-5.442171,-2.768663,1.575665,3.064598
-5.445529,-2.775269,1.575911,3.064739
-5.448901,-2.781873,1.576158,3.064916
-5.459146,-2.801649,1.576854,3.065629
-5.459146,-2.801649,1.576854,3.065629
-5.466101,-2.814790,1.577332,3.066250
-5.469598,-2.821358,1.577574,3.066610
-5.476657,-2.834458,1.578077,3.067402
-5.483792,-2.847521,1.578602,3.068278
-5.491008,-2.860557,1.579140,3.069268
-5.494650,-2.867061,1.579416,3.069792
-5.498302,-2.873563,1.579696,3.070344
-5.501966,-2.880064,1.579979,3.070924
-5.513070,-2.899492,1.580840,3.072764
-5.513070,-2.899492,1.580840,3.072764
-5.516791,-2.905967,1.581136,3.073415
-5.520547,-2.912407,1.581451,3.074094
-5.524313,-2.918847,1.581770,3.074783
-5.528087,-2.925286,1.582095,3.075483
-5.535693,-2.938144,1.582794,3.076931
-5.539525,-2.944564,1.583158,3.077679
-5.543364,-2.950984,1.583528,3.078438
-5.551104,-2.963809,1.584294,3.079991
-5.558909,-2.976620,1.585092,3.081599
-5.566778,-2.989416,1.585919,3.083255
-5.570741,-2.995807,1.586342,3.084091
-5.574708,-3.002200,1.586769,3.084944
-5.578682,-3.008594,1.587199,3.085801
-5.590755,-3.027767,1.588502,3.088403
-5.594789,-3.034161,1.588932,3.089281
-5.598825,-3.040556,1.589365,3.090157
-5.602917,-3.046944,1.589798,3.091035
-5.611108,-3.059725,1.590673,3.092813
-5.619366,-3.072510,1.591544,3.094594
-5.627689,-3.085297,1.592378,3.096374
-5.631854,-3.091693,1.592799,3.097263
-5.636071,-3.098090,1.593199,3.098162
-5.640290,-3.104489,1.593600,3.099054
-5.644509,-3.110890,1.594004,3.099945
-5.648729,-3.117293,1.594409,3.100830
-5.661512,-3.136505,1.595640,3.103456
-5.665774,-3.142913,1.596053,3.104324
-5.674359,-3.155715,1.596855,3.106044
-5.682943,-3.168525,1.597656,3.107740
-5.682943,-3.168525,1.597656,3.107740
-5.695939,-3.187720,1.598802,3.110235
-5.700269,-3.194123,1.599181,3.111052
-5.704636,-3.200533,1.599553,3.111865
-5.713365,-3.213356,1.600290,3.113451
-5.717727,-3.219771,1.600640,3.114230
-5.722121,-3.226185,1.600986,3.115009
-5.726515,-3.232600,1.601329,3.115767
-5.735297,-3.245435,1.602007,3.117250
-5.739685,-3.251854,1.602341,3.117979
-5.744101,-3.258276,1.602664,3.118697
-5.748514,-3.264698,1.602982,3.119397
-5.761763,-3.283957,1.603918,3.121437
-5.766189,-3.290371,1.604213,3.122087
-5.770613,-3.296785,1.604501,3.122728
-5.770613,-3.296785,1.604501,3.122728
-5.783899,-3.315997,1.605291,3.124577
-5.788329,-3.322395,1.605528,3.125161
-5.792757,-3.328794,1.605756,3.125742
-5.801643,-3.341569,1.606156,3.126859
-5.806085,-3.347957,1.606342,3.127387
-5.814986,-3.360723,1.606660,3.128427
-5.823908,-3.373476,1.606905,3.129399
-5.828367,-3.379851,1.607011,3.129873
-5.832848,-3.386226,1.607071,3.130324
-5.837327,-3.392599,1.607119,3.130756
-5.850782,-3.411722,1.607144,3.131987
-5.855278,-3.418099,1.607096,3.132370
-5.859775,-3.424474,1.607036,3.132733
-5.864272,-3.430846,1.606963,3.133089
-5.873316,-3.443588,1.606693,3.133774
-5.877839,-3.449955,1.606539,3.134100
-5.882363,-3.456319,1.606372,3.134396
-5.895975,-3.475414,1.605702,3.135230
-5.900520,-3.481776,1.605438,3.135480
-5.905068,-3.488133,1.605161,3.135716
-5.905068,-3.488133,1.605161,3.135716
-5.909636,-3.494476,1.604825,3.135939
-5.918777,-3.507150,1.604094,3.136348
-5.927928,-3.519806,1.603247,3.136714
-5.937091,-3.532442,1.602306,3.137016
-5.941678,-3.538751,1.601818,3.137150
-5.946274,-3.545058,1.601274,3.137279
-5.950873,-3.551361,1.600720,3.137401
-5.964703,-3.570230,1.598974,3.137678
-5.969324,-3.576506,1.598345,3.137753
-5.973951,-3.582776,1.597706,3.137818
-5.983240,-3.595276,1.596360,3.137906
-5.987901,-3.601507,1.595656,3.137943
-5.992568,-3.607730,1.594943,3.137962
-6.006621,-3.626323,1.592709,3.137966
-6.011321,-3.632500,1.591941,3.137938
-6.016027,-3.638669,1.591165,3.137909
-6.020757,-3.644833,1.590355,3.137867
-6.034988,-3.663266,1.587867,3.137722
-6.039747,-3.669392,1.587025,3.137656
-6.044519,-3.675495,1.586156,3.137577
-6.058884,-3.693742,1.583525,3.137298
-6.063695,-3.699785,1.582625,3.137184
-6.068515,-3.705817,1.581719,3.137067
-6.073344,-3.711839,1.580810,3.136945
-6.083034,-3.723823,1.578955,3.136683
-6.087894,-3.729786,1.578011,3.136547
-6.092764,-3.735739,1.577063,3.136399
-6.097644,-3.741679,1.576114,3.136242
-6.107451,-3.753487,1.574187,3.135921
-6.112370,-3.759374,1.573220,3.135753
-6.117298,-3.765249,1.572252,3.135588
-6.132151,-3.782722,1.569303,3.135045
-6.137122,-3.788522,1.568319,3.134860
-6.142114,-3.794288,1.567331,3.134666
-6.147116,-3.800042,1.566344,3.134463
-6.157154,-3.811513,1.564378,3.134076
-6.162207,-3.817194,1.563401,3.133874
-6.167272,-3.822864,1.562427,3.133669
-6.182561,-3.839751,1.559556,3.133040
-6.187698,-3.845323,1.558609,3.132827
-6.192847,-3.850884,1.557667,3.132623
-6.203180,-3.861971,1.555795,3.132199
-6.208388,-3.867445,1.554862,3.131980
-6.213609,-3.872908,1.553933,3.131760
-6.218840,-3.878361,1.553010,3.131543
-6.224082,-3.883804,1.552093,3.131328
-6.234663,-3.894576,1.550295,3.130921
-6.245289,-3.905305,1.548525,3.130508
-6.245289,-3.905305,1.548525,3.130508
-6.261381,-3.921193,1.545928,3.129877
-6.261381,-3.921193,1.545928,3.129877
-6.266768,-3.926469,1.545078,3.129671
-6.272182,-3.931699,1.544243,3.129460
-6.277606,-3.936920,1.543417,3.129255
-6.283041,-3.942131,1.542599,3.129051
-6.293978,-3.952483,1.540978,3.128643
-6.299479,-3.957625,1.540186,3.128445
-6.310513,-3.967885,1.538626,3.128056
-6.316072,-3.972957,1.537879,3.127865
-6.321641,-3.978022,1.537139,3.127682
-6.327221,-3.983080,1.536407,3.127505
-6.338438,-3.993122,1.535022,3.127142
-6.344074,-3.998108,1.534348,3.126963
-6.344074,-3.998108,1.534348,3.126963
-6.355372,-4.008062,1.533022,3.126606
-6.361051,-4.012981,1.532389,3.126437
-6.372433,-4.022805,1.531154,3.126120
-6.378136,-4.027709,1.530551,3.125974
-6.383847,-4.032610,1.529956,3.125831
-6.389582,-4.037471,1.529384,3.125692
-6.401073,-4.047181,1.528259,3.125426
-6.406829,-4.052031,1.527703,3.125299
-6.412588,-4.056857,1.527168,3.125178
-6.424127,-4.066499,1.526116,3.124942
-6.429906,-4.071316,1.525594,3.124831
-6.435685,-4.076105,1.525084,3.124729
-6.441470,-4.080892,1.524576,3.124624
-6.458860,-4.095211,1.523067,3.124366
-6.464667,-4.099961,1.522573,3.124287
-6.470480,-4.104711,1.522077,3.124218
-6.482116,-4.114182,1.521086,3.124087
-6.487940,-4.118903,1.520589,3.124040
-6.493768,-4.123624,1.520089,3.123985
-6.499601,-4.128344,1.519585,3.123948
-6.517113,-4.142469,1.518059,3.123865
-6.522959,-4.147178,1.517539,3.123843
-6.528795,-4.151863,1.517013,3.123833
-6.534636,-4.156548,1.516480,3.123829
-6.546330,-4.165916,1.515413,3.123821
-6.552159,-4.170568,1.514893,3.123827
-6.557992,-4.175220,1.514367,3.123836
-6.569672,-4.184526,1.513303,3.123880
-6.575518,-4.189179,1.512764,3.123909
-6.581345,-4.193801,1.512222,3.123939
-6.587177,-4.198422,1.511676,3.123977
-6.598857,-4.207666,1.510559,3.124065
-6.604678,-4.212263,1.509987,3.124123
-6.616338,-4.221457,1.508840,3.124242
-6.622176,-4.226054,1.508264,3.124306
-6.633853,-4.235219,1.507117,3.124454
-6.639700,-4.239801,1.506545,3.124539
-6.645554,-4.244381,1.505972,3.124626
-6.663113,-4.258057,1.504264,3.124901
-6.668980,-4.262612,1.503695,3.125005
-6.674846,-4.267152,1.503118,3.125113
-6.686597,-4.276223,1.501951,3.125349
-6.692484,-4.280753,1.501370,3.125468
-6.704268,-4.289796,1.500221,3.125711
-6.716085,-4.298819,1.499078,3.125960
-6.722006,-4.303322,1.498530,3.126091
-6.727934,-4.307818,1.497984,3.126224
-6.733871,-4.312308,1.497440,3.126363
-6.739819,-4.316791,1.496898,3.126501
-6.751713,-4.325704,1.495857,3.126782
-6.763647,-4.334580,1.494823,3.127058
-6.775602,-4.343383,1.493819,3.127360
-6.781587,-4.347751,1.493327,3.127509
-6.787581,-4.352107,1.492837,3.127657
-6.793588,-4.356452,1.492349,3.127801
-6.811657,-4.369333,1.490933,3.128259
-6.811657,-4.369333,1.490933,3.128259
-6.817704,-4.373598,1.490458,3.128411
-6.823759,-4.377811,1.489998,3.128561
-6.835909,-4.386188,1.489084,3.128869
-6.842003,-4.390351,1.488629,3.129024
-6.854204,-4.398567,1.487740,3.129332
-6.860325,-4.402647,1.487304,3.129488
-6.872597,-4.410719,1.486444,3.129782
-6.878748,-4.414709,1.486020,3.129929
-6.884914,-4.418678,1.485597,3.130066
-6.897286,-4.426538,1.484751,3.130334
-6.909713,-4.434292,1.483928,3.130597
-6.915950,-4.438132,1.483518,3.130725
-6.928443,-4.445660,1.482691,3.130953
-6.934714,-4.449385,1.482280,3.131069
-6.941002,-4.453082,1.481870,3.131173
-6.947282,-4.456704,1.481451,3.131279
-6.966222,-4.467400,1.480177,3.131574
-6.972568,-4.470907,1.479757,3.131665
-6.978895,-4.474344,1.479324,3.131750
-6.991602,-4.481128,1.478466,3.131919
-6.997980,-4.484473,1.478037,3.131991
-7.004346,-4.487749,1.477593,3.132058
-7.017128,-4.494206,1.476713,3.132189
-7.029946,-4.500502,1.475824,3.132297
-7.036366,-4.503584,1.475375,3.132341
-7.042803,-4.506633,1.474929,3.132383
-7.055706,-4.512601,1.474052,3.132466
-7.062172,-4.515519,1.473610,3.132498
-7.075152,-4.521249,1.472736,3.132566
-7.088184,-4.526783,1.471857,3.132598
-7.094725,-4.529495,1.471402,3.132609
-7.101279,-4.532168,1.470952,3.132623
-7.107854,-4.534767,1.470501,3.132628
-7.114444,-4.537329,1.470054,3.132626
-7.127666,-4.542338,1.469171,3.132612
-7.140973,-4.547108,1.468313,3.132588
-7.147646,-4.549436,1.467880,3.132569
-7.161031,-4.553923,1.467032,3.132531
-7.167743,-4.556082,1.466618,3.132509
-7.174467,-4.558202,1.466207,3.132478
-7.194715,-4.564281,1.465001,3.132371
-7.201491,-4.566195,1.464611,3.132321
-7.208279,-4.568070,1.464224,3.132272
-7.215077,-4.569907,1.463840,3.132223
-7.228695,-4.573371,1.463103,3.132119
-7.242354,-4.576680,1.462376,3.132017
-7.256040,-4.579787,1.461687,3.131904
-7.262897,-4.581283,1.461346,3.131838
-7.276638,-4.584132,1.460691,3.131720
-7.283521,-4.585487,1.460377,3.131663
-7.290413,-4.586804,1.460064,3.131597
-7.304220,-4.589293,1.459474,3.131473
-7.311133,-4.590467,1.459190,3.131412
-7.331936,-4.593730,1.458370,3.131207
-7.338896,-4.594721,1.458114,3.131135
-7.345863,-4.595675,1.457857,3.131073
-7.366879,-4.598293,1.457129,3.130769
-7.373922,-4.599096,1.456899,3.130598
-7.380976,-4.599865,1.456698,3.130385
-7.395099,-4.601201,1.456473,3.129884
-7.402151,-4.601801,1.456441,3.129611
-7.416205,-4.602840,1.456537,3.128992
-7.430186,-4.603566,1.456877,3.128281
-7.437123,-4.603832,1.457114,3.127891
-7.444018,-4.604027,1.457392,3.127490
-7.450872,-4.604092,1.457741,3.127085
-7.464421,-4.603989,1.458539,3.126307
-7.471107,-4.603814,1.458978,3.125945
-7.477715,-4.603494,1.459473,3.125608
-7.484254,-4.603086,1.459984,3.125291
-7.503401,-4.601241,1.461637,3.124541
-7.509605,-4.600383,1.462232,3.124360
-7.515733,-4.599431,1.462829,3.124223
-7.527677,-4.597141,1.464048,3.124037
-7.533493,-4.595804,1.464667,3.123985
-7.539230,-4.594371,1.465278,3.123969
-7.544887,-4.592849,1.465881,3.123987
-7.561110,-4.587348,1.467705,3.124177
-7.566360,-4.585326,1.468290,3.124298
-7.571428,-4.583081,1.468879,3.124429
-7.581338,-4.578320,1.470020,3.124739
-7.586178,-4.575818,1.470568,3.124916
-7.590821,-4.573094,1.471117,3.125099
-7.595393,-4.570286,1.471653,3.125274
-7.608685,-4.561364,1.473180,3.125857
-7.612864,-4.558105,1.473675,3.126057
-7.616977,-4.554769,1.474157,3.126244
-7.625008,-4.547886,1.475105,3.126625
-7.628826,-4.544229,1.475558,3.126794
-7.636281,-4.536708,1.476425,3.127097
-7.639919,-4.532846,1.476841,3.127256
-7.646831,-4.524733,1.477647,3.127657
-7.650187,-4.520569,1.478055,3.127972
-7.653476,-4.516335,1.478466,3.128363
-7.662743,-4.503035,1.479682,3.129662
-7.665739,-4.498496,1.480066,3.130026
-7.668634,-4.493847,1.480440,3.130328
-7.674354,-4.484459,1.481133,3.130689
-7.677190,-4.479734,1.481448,3.130744
-7.677190,-4.479734,1.481448,3.130744
-7.682730,-4.470153,1.482033,3.130577
-7.688282,-4.460602,1.482523,3.130062
-7.691030,-4.455812,1.482743,3.129725
-7.693794,-4.451046,1.482938,3.129343
-7.696582,-4.446313,1.483107,3.128925
-7.705080,-4.432379,1.483495,3.127674
-7.707972,-4.427847,1.483578,3.127277
-7.710900,-4.423379,1.483635,3.126917
-7.719962,-4.410465,1.483710,3.126148
-7.723070,-4.406330,1.483688,3.126011
-7.726221,-4.402280,1.483641,3.125940
-7.729451,-4.398377,1.483575,3.125948
-7.736036,-4.390862,1.483386,3.126170
-7.742846,-4.383841,1.483115,3.126684
-7.749876,-4.377329,1.482752,3.127450
-7.753450,-4.374233,1.482540,3.127935
-7.757120,-4.371364,1.482291,3.128457
-7.760825,-4.368603,1.482023,3.129038
-7.772210,-4.361108,1.481113,3.131039
-7.776105,-4.358927,1.480760,3.131765
-7.780029,-4.356855,1.480392,3.132524
-7.792109,-4.351637,1.479145,3.134877
-7.796207,-4.350170,1.478689,3.135668
-7.800332,-4.348799,1.478223,3.136460
-7.808787,-4.346728,1.477220,3.138082
-7.813044,-4.345844,1.476709,3.138879
-7.821659,-4.344566,1.475665,3.140431
-7.830385,-4.343863,1.474579,3.141909
-7.834771,-4.343640,1.474030,3.142621
-7.843617,-4.343644,1.472922,3.144019
-7.848075,-4.343866,1.472363,3.144683
-7.857014,-4.344565,1.471249,3.145930
-7.857014,-4.344565,1.471249,3.145930
-7.861537,-4.345200,1.470685,3.146513
-7.870602,-4.346701,1.469556,3.147614
-7.879725,-4.348635,1.468418,3.148613
-7.884307,-4.349786,1.467846,3.149084
-7.888895,-4.351006,1.467275,3.149534
-7.898097,-4.353784,1.466154,3.150348
-7.902710,-4.355336,1.465594,3.150720
-7.911949,-4.358624,1.464480,3.151387
-7.921249,-4.362390,1.463394,3.151972
-7.925906,-4.364353,1.462855,3.152239
-7.930568,-4.366370,1.462318,3.152486
-7.935244,-4.368556,1.461787,3.152714
-7.939923,-4.370789,1.461257,3.152921
-7.949298,-4.375394,1.460204,3.153267
-7.958697,-4.380359,1.459188,3.153539
-7.968124,-4.385476,1.458153,3.153770
-7.972853,-4.388194,1.457667,3.153862
-7.977588,-4.390947,1.457183,3.153937
-7.982329,-4.393734,1.456701,3.153999
-7.996600,-4.402374,1.455292,3.154092
-8.001372,-4.405371,1.454840,3.154107
-8.006153,-4.408394,1.454390,3.154107
-8.015733,-4.414592,1.453515,3.154078
-8.020531,-4.417763,1.453090,3.154032
-8.025341,-4.420954,1.452667,3.153975
-8.030163,-4.424163,1.452246,3.153916
-8.044683,-4.434096,1.451029,3.153691
-8.049549,-4.437430,1.450627,3.153603
-8.054429,-4.440843,1.450223,3.153500
-8.064232,-4.447691,1.449422,3.153280
-8.069157,-4.451124,1.449014,3.153147
-8.069157,-4.451124,1.449014,3.153147
-8.079061,-4.458100,1.448219,3.152861
-8.079061,-4.458100,1.448219,3.152861
-8.094048,-4.468595,1.447052,3.152414
-8.099081,-4.472116,1.446669,3.152250
-8.104133,-4.475632,1.446290,3.152080
-8.109201,-4.479140,1.445900,3.151906
-8.119376,-4.486208,1.445129,3.151540
-8.129627,-4.493219,1.444373,3.151140
-8.134780,-4.496735,1.444001,3.150946
-8.145143,-4.503707,1.443258,3.150531
-8.150353,-4.507161,1.442887,3.150301
-8.155583,-4.510591,1.442520,3.150070
-8.171363,-4.520805,1.441418,3.149337
-8.176663,-4.524148,1.441060,3.149096
-8.181981,-4.527487,1.440700,3.148845
-8.192674,-4.534057,1.439989,3.148330
-8.198050,-4.537285,1.439642,3.148051
-8.208876,-4.543652,1.438942,3.147505
-8.214329,-4.546778,1.438597,3.147205
-8.225330,-4.552909,1.437949,3.146506
-8.230871,-4.555908,1.437671,3.146095
-8.236427,-4.558853,1.437438,3.145635
-8.253182,-4.567277,1.437040,3.143942
-8.258769,-4.569933,1.437006,3.143278
-8.264342,-4.572506,1.437017,3.142554
-8.281027,-4.579646,1.437319,3.140047
-8.286530,-4.581826,1.437491,3.139096
-8.292025,-4.583870,1.437703,3.138051
-8.302888,-4.587620,1.438204,3.135703
-8.308248,-4.589320,1.438495,3.134430
-8.313555,-4.590838,1.438827,3.133110
-8.318799,-4.592236,1.439175,3.131740
-8.323976,-4.593510,1.439540,3.130363
-8.334105,-4.595687,1.440306,3.127640
-8.339025,-4.596496,1.440717,3.126302
-8.343861,-4.597180,1.441133,3.124985
-8.357768,-4.598399,1.442433,3.121276
-8.362179,-4.598497,1.442865,3.120110
-8.366489,-4.598478,1.443293,3.118981
-8.370697,-4.598342,1.443715,3.117893
-8.378671,-4.597508,1.444523,3.115839
-8.386197,-4.596247,1.445300,3.114036
-8.393095,-4.594366,1.446062,3.112541
-8.396364,-4.593293,1.446434,3.111898
-8.399513,-4.592131,1.446800,3.111347
-8.402439,-4.590766,1.447154,3.110868
-8.407930,-4.587798,1.447871,3.110149
-8.410495,-4.586200,1.448215,3.109894
-8.415043,-4.582605,1.448843,3.109567
-8.419122,-4.578788,1.449428,3.109415
-8.420855,-4.576684,1.449688,3.109386
-8.422475,-4.574522,1.449936,3.109385
-8.423984,-4.572306,1.450173,3.109427
-8.427566,-4.565171,1.450806,3.109733
-8.428498,-4.562668,1.450994,3.109887
-8.429326,-4.560143,1.451174,3.110065
-8.430546,-4.554902,1.451508,3.110416
-8.430943,-4.552191,1.451659,3.110617
-8.431441,-4.546657,1.451939,3.111066
-8.431311,-4.540873,1.452178,3.111537
-8.431106,-4.537954,1.452288,3.111780
-8.430810,-4.535006,1.452393,3.112023
-8.430296,-4.531959,1.452477,3.112269
-8.429008,-4.525783,1.452639,3.112739
-8.428235,-4.522654,1.452717,3.112942
-8.427252,-4.519448,1.452783,3.113132
-8.426185,-4.516221,1.452847,3.113307
-8.425035,-4.512974,1.452916,3.113471
-8.422368,-4.506442,1.453044,3.113791
-8.419257,-4.499838,1.453166,3.114115
-8.419257,-4.499838,1.453166,3.114115
-8.413750,-4.489820,1.453356,3.114640
-8.411716,-4.486470,1.453429,3.114819
-8.409603,-4.483128,1.453504,3.115004
-8.407302,-4.479784,1.453577,3.115198
-8.399938,-4.469847,1.453798,3.115794
-8.397228,-4.466576,1.453871,3.116017
-8.391588,-4.460108,1.454022,3.116485
-8.388658,-4.456916,1.454096,3.116729
-8.385654,-4.453755,1.454171,3.116980
-8.382493,-4.450663,1.454233,3.117239
-8.372592,-4.441610,1.454383,3.118056
-8.369067,-4.438700,1.454410,3.118355
-8.365477,-4.435835,1.454436,3.118672
-8.361822,-4.433016,1.454460,3.119009
-8.354232,-4.427569,1.454498,3.119739
-8.346308,-4.422365,1.454521,3.120544
-8.342257,-4.419837,1.454511,3.120973
-8.338070,-4.417408,1.454502,3.121424
-8.325177,-4.410400,1.454454,3.122851
-8.325177,-4.410400,1.454454,3.122851
-8.311561,-4.403982,1.454416,3.124367
-8.306920,-4.401926,1.454415,3.124881
-8.302156,-4.399976,1.454412,3.125403
-8.297345,-4.398063,1.454406,3.125920
-8.287580,-4.394342,1.454385,3.126956
-8.287580,-4.394342,1.454385,3.126956
-8.277503,-4.390912,1.454348,3.127990
-8.267252,-4.387609,1.454303,3.128985
-8.261990,-4.386078,1.454280,3.129476
-8.256687,-4.384572,1.454254,3.129955
-8.251345,-4.383091,1.454227,3.130425
-8.235031,-4.378859,1.454147,3.131819
-8.229485,-4.377539,1.454126,3.132261
-8.223902,-4.376244,1.454102,3.132693
-8.218284,-4.374969,1.454077,3.133117
-8.206880,-4.372606,1.454044,3.133941
-8.195340,-4.370315,1.454004,3.134729
-8.183621,-4.368217,1.453988,3.135479
-8.177716,-4.367196,1.453977,3.135842
-8.165795,-4.365246,1.453961,3.136543
-8.153738,-4.363402,1.453952,3.137218
-8.147666,-4.362500,1.453931,3.137540
-8.141554,-4.361649,1.453917,3.137852
-8.135414,-4.360809,1.453902,3.138156
-8.123055,-4.359170,1.453868,3.138738
-8.116833,-4.358399,1.453856,3.139020
-8.104311,-4.356889,1.453829,3.139551
-8.098013,-4.356149,1.453799,3.139809
-8.085329,-4.354733,1.453754,3.140283
-8.078950,-4.354039,1.453731,3.140515
-8.072549,-4.353356,1.453708,3.140749
-8.053177,-4.351391,1.453661,3.141377
-8.046677,-4.350755,1.453647,3.141564
-8.040154,-4.350127,1.453633,3.141754
-8.027050,-4.348897,1.453651,3.142065
-8.020434,-4.348289,1.453751,3.142143
-8.013774,-4.347684,1.453925,3.142151
-8.007087,-4.347094,1.454164,3.142079
-7.993644,-4.345934,1.454813,3.141684
-7.986913,-4.345372,1.455209,3.141370
-7.980206,-4.344833,1.455655,3.140991
-7.966868,-4.343813,1.456614,3.140040
-7.953721,-4.342894,1.457648,3.138900
-7.947246,-4.342479,1.458180,3.138280
-7.940839,-4.342097,1.458699,3.137640
-7.928317,-4.341443,1.459721,3.136367
-7.922215,-4.341176,1.460215,3.135742
-7.910307,-4.340772,1.461106,3.134577
-7.910307,-4.340772,1.461106,3.134577
-7.893559,-4.340547,1.462250,3.133187
-7.888208,-4.340574,1.462549,3.132841
-7.883127,-4.340686,1.462813,3.132565
-7.873337,-4.341073,1.463213,3.132232
-7.868631,-4.341350,1.463353,3.132167
-7.859995,-4.342165,1.463494,3.132226
-7.851878,-4.343192,1.463481,3.132563
-7.848016,-4.343790,1.463421,3.132830
-7.844501,-4.344515,1.463299,3.133150
-7.841115,-4.345296,1.463144,3.133503
-7.831959,-4.348059,1.462456,3.134825
-7.831959,-4.348059,1.462456,3.134825
-7.826790,-4.350268,1.461810,3.135828
-7.824391,-4.351442,1.461453,3.136382
-7.820434,-4.354115,1.460595,3.137527
-7.818630,-4.355525,1.460136,3.138102
-7.816944,-4.356981,1.459664,3.138696
-7.814363,-4.360173,1.458642,3.139848
-7.813236,-4.361812,1.458114,3.140417
-7.812218,-4.363493,1.457577,3.140985
-7.811516,-4.365292,1.457014,3.141550
-7.810019,-4.370912,1.455328,3.143163
-7.809936,-4.372918,1.454736,3.143681
-7.809946,-4.374958,1.454141,3.144171
-7.810050,-4.377028,1.453545,3.144635
-7.810731,-4.381280,1.452360,3.145514
-7.811959,-4.385709,1.451187,3.146314
-7.813716,-4.390314,1.450010,3.147039
-7.814810,-4.392688,1.449420,3.147373
-7.815982,-4.395084,1.448831,3.147691
-7.817231,-4.397501,1.448245,3.147985
-7.820127,-4.402404,1.447099,3.148536
-7.821771,-4.404908,1.446534,3.148782
-7.825265,-4.409967,1.445412,3.149218
-7.827291,-4.412571,1.444860,3.149406
-7.831534,-4.417821,1.443769,3.149723
-7.833751,-4.420466,1.443229,3.149857
-7.836206,-4.423156,1.442691,3.149982
-7.841292,-4.428569,1.441627,3.150188
-7.843921,-4.431291,1.441102,3.150267
-7.849666,-4.436840,1.440056,3.150387
-7.849666,-4.436840,1.440056,3.150387
-7.858837,-4.445240,1.438479,3.150474
-7.862101,-4.448066,1.437958,3.150485
-7.865412,-4.450897,1.437441,3.150478
-7.868771,-4.453733,1.436929,3.150459
-7.875908,-4.459477,1.435893,3.150390
-7.883222,-4.465234,1.434863,3.150285
-7.883222,-4.465234,1.434863,3.150285
-7.887104,-4.468143,1.434357,3.150216
-7.894988,-4.473941,1.433360,3.150044
-7.898990,-4.476841,1.432869,3.149952
-7.903175,-4.479760,1.432394,3.149853
-7.911654,-4.485600,1.431448,3.149625
-7.915946,-4.488520,1.430982,3.149494
-7.924747,-4.494347,1.430084,3.149226
-7.933790,-4.500139,1.429222,3.148942
-7.938361,-4.503032,1.428800,3.148787
-7.943069,-4.505916,1.428396,3.148628
-7.947808,-4.508798,1.427997,3.148461
-7.962306,-4.517407,1.426832,3.147944
-7.967262,-4.520259,1.426458,3.147763
-7.972247,-4.523097,1.426086,3.147580
-7.982386,-4.528758,1.425378,3.147204
-7.987539,-4.531579,1.425028,3.147019
-7.997922,-4.537205,1.424340,3.146632
-8.008563,-4.542805,1.423658,3.146235
-8.013917,-4.545585,1.423324,3.146029
-8.019294,-4.548357,1.422993,3.145828
-8.024761,-4.551111,1.422662,3.145621
-8.041289,-4.559319,1.421693,3.144998
-8.041289,-4.559319,1.421693,3.144998
-8.052566,-4.564758,1.421041,3.144567
-8.063920,-4.570145,1.420452,3.144143
-8.069709,-4.572828,1.420153,3.143937
-8.075517,-4.575499,1.419857,3.143730
-8.081343,-4.578156,1.419565,3.143526
-8.098993,-4.586047,1.418710,3.142917
-8.098993,-4.586047,1.418710,3.142917
-8.104954,-4.588649,1.418431,3.142708
-8.110931,-4.591235,1.418155,3.142498
-8.122980,-4.596352,1.417593,3.142124
-8.129056,-4.598893,1.417289,3.141975
-8.141283,-4.603950,1.416610,3.141750
-8.147476,-4.606457,1.416268,3.141671
-8.159916,-4.611422,1.415642,3.141505
-8.172429,-4.616262,1.415161,3.141257
-8.178702,-4.618618,1.414986,3.141088
-8.184964,-4.620928,1.414859,3.140870
-8.197461,-4.625354,1.414735,3.140297
-8.203684,-4.627459,1.414736,3.139939
-8.222154,-4.633268,1.414973,3.138383
-8.228233,-4.635005,1.415120,3.137688
-8.234263,-4.636647,1.415294,3.136889
-8.246138,-4.639554,1.415713,3.135047
-8.251972,-4.640811,1.415963,3.134015
-8.257735,-4.641959,1.416229,3.132898
-8.263422,-4.642995,1.416511,3.131728
-8.279861,-4.645088,1.417512,3.127980
-8.285148,-4.645559,1.417870,3.126761
-8.290326,-4.645916,1.418236,3.125617
-8.305026,-4.645916,1.419398,3.122629
-8.309690,-4.645700,1.419783,3.121802
-8.314153,-4.645212,1.420169,3.121056
-8.326800,-4.643174,1.421274,3.119209
-8.330649,-4.642118,1.421639,3.118698
-8.334373,-4.640968,1.421992,3.118221
-8.337968,-4.639729,1.422332,3.117784
-8.344625,-4.636812,1.422982,3.117088
-8.347687,-4.635141,1.423291,3.116822
-8.350621,-4.633413,1.423589,3.116611
-8.358337,-4.627453,1.424413,3.116273
-8.358337,-4.627453,1.424413,3.116273
-8.362744,-4.623043,1.424899,3.116289
-8.366323,-4.618066,1.425300,3.116442
-8.367934,-4.615524,1.425483,3.116565
-8.369426,-4.612932,1.425656,3.116702
-8.370637,-4.610139,1.425809,3.116851
-8.373593,-4.601501,1.426228,3.117243
-8.374198,-4.598402,1.426350,3.117350
-8.374693,-4.595270,1.426464,3.117461
-8.375358,-4.588945,1.426672,3.117718
-8.375529,-4.585757,1.426768,3.117866
-8.375257,-4.579088,1.426908,3.118225
-8.374574,-4.572352,1.427017,3.118616
-8.373948,-4.568877,1.427065,3.118824
-8.373226,-4.565391,1.427105,3.119026
-8.372408,-4.561896,1.427140,3.119231
-8.370357,-4.554864,1.427195,3.119632
-8.369124,-4.551310,1.427224,3.119837
-8.366385,-4.544197,1.427276,3.120221
-8.364751,-4.540584,1.427297,3.120406
-8.361218,-4.533370,1.427334,3.120749
-8.359320,-4.529776,1.427351,3.120914
-8.357226,-4.526159,1.427357,3.121080
-8.350436,-4.515412,1.427387,3.121554
-8.347902,-4.511828,1.427389,3.121736
-8.345287,-4.508271,1.427390,3.121918
-8.339817,-4.501251,1.427388,3.122307
-8.336858,-4.497771,1.427390,3.122516
-8.330712,-4.490927,1.427387,3.122958
-8.324166,-4.484218,1.427364,3.123448
-8.324166,-4.484218,1.427364,3.123448
-8.320735,-4.480914,1.427343,3.123708
-8.313661,-4.474446,1.427292,3.124275
-8.310019,-4.471284,1.427270,3.124581
-8.302346,-4.465090,1.427180,3.125214
-8.298411,-4.462069,1.427130,3.125555
-8.294413,-4.459097,1.427076,3.125900
-8.281806,-4.450477,1.426851,3.127004
-8.277484,-4.447705,1.426757,3.127381
-8.273038,-4.445007,1.426657,3.127772
-8.268537,-4.442369,1.426554,3.128166
-8.259366,-4.437238,1.426342,3.128980
-8.254639,-4.434766,1.426237,3.129395
-8.249860,-4.432342,1.426129,3.129804
-8.235170,-4.425366,1.425729,3.131069
-8.230145,-4.423143,1.425593,3.131495
-8.225072,-4.420971,1.425457,3.131918
-8.219952,-4.418841,1.425319,3.132346
-8.209468,-4.414758,1.425029,3.133216
-8.204161,-4.412774,1.424885,3.133642
-8.187897,-4.407115,1.424426,3.134917
-8.182380,-4.405316,1.424271,3.135334
-8.176823,-4.403549,1.424117,3.135741
-8.171180,-4.401833,1.423963,3.136134
-8.154024,-4.396870,1.423534,3.137273
-8.148232,-4.395274,1.423393,3.137633
-8.142377,-4.393728,1.423260,3.137995
-8.130565,-4.390723,1.423000,3.138681
-8.124609,-4.389263,1.422878,3.139020
-8.112552,-4.386455,1.422658,3.139653
-8.106477,-4.385088,1.422548,3.139956
-8.100370,-4.383746,1.422438,3.140252
-8.088049,-4.381156,1.422238,3.140810
-8.081846,-4.379897,1.422137,3.141078
-8.069346,-4.377475,1.421917,3.141590
-8.063046,-4.376307,1.421812,3.141828
-8.056707,-4.375159,1.421745,3.142027
-8.050318,-4.374030,1.421746,3.142151
-8.030839,-4.370805,1.422155,3.141912
-8.024286,-4.369773,1.422415,3.141629
-8.017705,-4.368786,1.422723,3.141259
-8.004567,-4.366904,1.423476,3.140283
-7.998033,-4.366017,1.423903,3.139688
-7.985033,-4.364381,1.424836,3.138359
-7.972256,-4.362929,1.425800,3.136898
-7.965969,-4.362303,1.426306,3.136155
-7.959764,-4.361732,1.426802,3.135418
-7.953644,-4.361217,1.427282,3.134709
-7.935900,-4.360056,1.428614,3.132803
-7.930219,-4.359810,1.429019,3.132289
-7.924650,-4.359632,1.429392,3.131842
-7.919196,-4.359521,1.429733,3.131472
-7.908872,-4.359533,1.430322,3.130979
-7.899035,-4.359836,1.430775,3.130819
-7.890028,-4.360492,1.431084,3.130960
-7.885713,-4.360933,1.431190,3.131145
-7.881524,-4.361449,1.431265,3.131411
-7.877643,-4.362091,1.431293,3.131740
-7.870256,-4.363576,1.431265,3.132581
-7.866751,-4.364430,1.431228,3.133093
-7.860512,-4.366470,1.431025,3.134229
-7.854759,-4.368798,1.430732,3.135517
-7.852273,-4.370140,1.430520,3.136203
-7.849902,-4.371551,1.430291,3.136904
-7.847645,-4.373010,1.430046,3.137612
-7.845502,-4.374536,1.429794,3.138341
-7.841949,-4.377906,1.429193,3.139822
-7.840336,-4.379686,1.428877,3.140561
-7.838829,-4.381527,1.428551,3.141295
-7.836539,-4.385495,1.427841,3.142737
-7.836539,-4.385495,1.427841,3.142737
-7.833843,-4.391801,1.426728,3.144804
-7.832873,-4.396376,1.425936,3.146106
-7.832524,-4.398737,1.425537,3.146717
-7.832265,-4.401146,1.425136,3.147314
-7.832255,-4.403643,1.424716,3.147888
-7.832722,-4.411353,1.423433,3.149477
-7.833187,-4.414027,1.422999,3.149968
-7.833729,-4.416741,1.422567,3.150438
-7.834348,-4.419494,1.422137,3.150878
-7.835933,-4.425133,1.421282,3.151687
-7.837929,-4.430936,1.420436,3.152408
-7.839029,-4.433869,1.420018,3.152739
-7.841666,-4.439876,1.419182,3.153353
-7.843083,-4.442925,1.418769,3.153627
-7.844563,-4.446006,1.418361,3.153874
-7.849755,-4.455453,1.417137,3.154499
-7.851605,-4.458656,1.416737,3.154670
-7.853642,-4.461877,1.416337,3.154819
-7.857884,-4.468396,1.415548,3.155087
-7.860086,-4.471693,1.415144,3.155195
-7.864894,-4.478340,1.414328,3.155361
-7.867374,-4.481698,1.413928,3.155420
-7.872482,-4.488464,1.413143,3.155491
-7.875208,-4.491861,1.412753,3.155504
-7.877980,-4.495279,1.412369,3.155511
-7.883663,-4.502175,1.411618,3.155477
-7.886668,-4.505635,1.411248,3.155447
-7.889716,-4.509114,1.410883,3.155393
-7.892808,-4.512611,1.410523,3.155334
-7.899204,-4.519622,1.409818,3.155174
-7.902507,-4.523136,1.409467,3.155087
-7.909232,-4.530213,1.408779,3.154890
-7.912737,-4.533741,1.408450,3.154785
-7.919859,-4.540842,1.407808,3.154533
-7.923474,-4.544415,1.407494,3.154393
-7.927189,-4.547974,1.407196,3.154242
-7.930938,-4.551536,1.406899,3.154074
-7.938540,-4.558701,1.406321,3.153743
-7.946387,-4.565872,1.405788,3.153394
-7.954368,-4.573094,1.405272,3.153009
-7.958466,-4.576713,1.405056,3.152806
-7.962594,-4.580343,1.404843,3.152590
-7.966753,-4.583974,1.404633,3.152373
-7.975229,-4.591250,1.404262,3.151943
-7.979546,-4.594895,1.404101,3.151723
-7.988265,-4.602212,1.403787,3.151261
-7.997160,-4.609540,1.403497,3.150805
-8.001684,-4.613201,1.403350,3.150628
-8.006243,-4.616881,1.403167,3.150549
-8.010838,-4.620580,1.402950,3.150542
-8.024984,-4.631677,1.402337,3.150810
-8.029748,-4.635383,1.402184,3.150925
-8.034587,-4.639054,1.402090,3.151026
-8.044287,-4.646327,1.402045,3.151079
-8.049137,-4.649910,1.402095,3.151038
-8.054029,-4.653446,1.402208,3.150921
-8.058908,-4.656929,1.402366,3.150740
-8.063768,-4.660351,1.402563,3.150504
-8.073446,-4.666943,1.403091,3.149869
-8.083028,-4.673163,1.403759,3.149040
-8.087758,-4.676125,1.404125,3.148583
-8.097090,-4.681632,1.404989,3.147656
-8.101684,-4.684217,1.405440,3.147176
-8.106225,-4.686686,1.405893,3.146695
-8.110664,-4.688932,1.406398,3.146208
-8.123647,-4.694914,1.407869,3.144809
-8.127797,-4.696496,1.408379,3.144379
-8.135918,-4.699265,1.409348,3.143580
-8.139889,-4.700449,1.409806,3.143214
-8.143799,-4.701499,1.410246,3.142874
-8.147580,-4.702229,1.410701,3.142564
-8.158565,-4.703634,1.411960,3.141763
-8.162014,-4.703641,1.412366,3.141520
-8.165406,-4.703521,1.412750,3.141278
-8.168740,-4.703274,1.413113,3.141045
-8.175141,-4.702191,1.413794,3.140601
-8.178210,-4.701362,1.414113,3.140381
-8.181225,-4.700414,1.414411,3.140169
-8.189775,-4.696498,1.415267,3.139528
-8.192494,-4.694910,1.415518,3.139317
-8.195165,-4.693217,1.415752,3.139107
-8.200191,-4.689104,1.416177,3.138633
-8.202639,-4.686903,1.416366,3.138345
-8.205043,-4.684608,1.416542,3.138024
-8.207331,-4.682014,1.416718,3.137678
-8.213958,-4.673774,1.417168,3.136441
-8.216020,-4.670663,1.417290,3.135994
-8.218040,-4.667476,1.417404,3.135532
-8.221956,-4.660881,1.417595,3.134588
-8.223810,-4.657295,1.417679,3.134117
-8.223810,-4.657295,1.417679,3.134117
-8.227395,-4.649943,1.417829,3.133107
-8.230809,-4.642355,1.417956,3.132079
-8.232419,-4.638326,1.417996,3.131563
-8.233984,-4.634240,1.418032,3.131025
-8.235504,-4.630099,1.418064,3.130481
-8.236978,-4.625905,1.418094,3.129940
-8.239731,-4.617136,1.418151,3.128865
-8.242283,-4.608193,1.418203,3.127804
-8.244572,-4.598858,1.418226,3.126820
-8.245629,-4.594131,1.418245,3.126394
-8.246625,-4.589367,1.418268,3.126019
-8.247539,-4.584473,1.418299,3.125688
-8.249919,-4.569623,1.418385,3.124869
-8.250567,-4.564533,1.418406,3.124626
-8.251157,-4.559414,1.418426,3.124388
-8.252161,-4.549095,1.418461,3.123915
-8.252533,-4.543832,1.418482,3.123691
-8.252845,-4.538545,1.418500,3.123470
-8.253380,-4.522505,1.418546,3.122815
-8.253409,-4.517074,1.418564,3.122587
-8.253375,-4.511624,1.418584,3.122356
-8.253279,-4.506155,1.418608,3.122093
-8.252426,-4.489421,1.418739,3.121189
-8.252005,-4.483821,1.418793,3.120874
-8.251513,-4.478228,1.418858,3.120563
-8.250207,-4.466911,1.419033,3.119956
-8.249438,-4.461266,1.419135,3.119671
-8.247595,-4.449965,1.419378,3.119156
-8.246517,-4.444321,1.419518,3.118941
-8.244117,-4.433143,1.419816,3.118590
-8.242702,-4.427574,1.419989,3.118439
-8.242702,-4.427574,1.419989,3.118439
-8.239624,-4.416577,1.420342,3.118224
-8.236099,-4.405774,1.420699,3.118121
-8.234158,-4.400452,1.420876,3.118103
-8.232134,-4.395194,1.421048,3.118113
-8.227729,-4.384892,1.421390,3.118201
-8.225350,-4.379852,1.421558,3.118268
-8.220353,-4.369993,1.421868,3.118470
-8.214798,-4.360482,1.422162,3.118737
-8.211906,-4.355841,1.422294,3.118894
-8.208940,-4.351276,1.422416,3.119060
-8.205792,-4.346826,1.422538,3.119246
-8.195930,-4.333966,1.422819,3.119902
-8.192401,-4.329880,1.422883,3.120160
-8.188805,-4.325870,1.422937,3.120427
-8.181414,-4.318073,1.423018,3.121009
-8.177622,-4.314283,1.423045,3.121322
-8.173681,-4.310629,1.423074,3.121639
-8.169681,-4.307052,1.423094,3.121967
-8.157227,-4.296780,1.423099,3.123038
-8.152895,-4.293523,1.423096,3.123410
-8.148509,-4.290329,1.423086,3.123796
-8.139481,-4.284184,1.423056,3.124598
-8.134841,-4.281233,1.423053,3.125007
-8.130151,-4.278339,1.423044,3.125428
-8.125412,-4.275500,1.423030,3.125839
-8.110641,-4.267508,1.423015,3.127013
-8.105591,-4.264936,1.423094,3.127210
-8.100399,-4.262470,1.423240,3.127246
-8.089844,-4.257672,1.423712,3.126855
-8.084502,-4.255344,1.424025,3.126468
-8.073606,-4.250942,1.424785,3.125417
-8.073606,-4.250942,1.424785,3.125417
-8.062696,-4.246760,1.425649,3.124061
-8.057206,-4.244809,1.426139,3.123317
-8.046312,-4.241103,1.427127,3.121745
-8.035556,-4.237751,1.428117,3.120172
-8.030244,-4.236219,1.428605,3.119425
-8.024994,-4.234766,1.429074,3.118720
-8.019813,-4.233395,1.429519,3.118074
-8.009676,-4.230972,1.430329,3.117000
-8.004728,-4.229925,1.430701,3.116579
-7.995098,-4.228103,1.431348,3.116027
-7.985939,-4.226809,1.431864,3.115895
-7.981504,-4.226305,1.432068,3.115988
-7.977169,-4.225897,1.432240,3.116186
-7.973030,-4.225675,1.432369,3.116477
-7.961217,-4.225589,1.432571,3.117896
-7.957600,-4.225847,1.432560,3.118543
-7.954083,-4.226203,1.432521,3.119263
-7.950668,-4.226656,1.432453,3.120070
-7.944273,-4.227962,1.432226,3.121839
-7.938405,-4.229757,1.431895,3.123810
-7.935616,-4.230796,1.431700,3.124850
-7.930606,-4.233347,1.431207,3.127032
-7.928241,-4.234757,1.430932,3.128164
-7.925967,-4.236257,1.430643,3.129309
-7.920051,-4.241607,1.429634,3.132761
-7.918252,-4.243555,1.429278,3.133921
-7.916644,-4.245698,1.428894,3.135071
-7.915117,-4.247899,1.428517,3.136208
-7.912304,-4.252528,1.427744,3.138464
-7.911016,-4.254953,1.427350,3.139567
-7.909912,-4.257549,1.426935,3.140651
-7.907044,-4.265745,1.425672,3.143727
-7.907044,-4.265745,1.425672,3.143727
-7.906339,-4.268699,1.425239,3.144711
-7.905700,-4.271695,1.424807,3.145660
-7.905128,-4.274752,1.424374,3.146600
-7.904279,-4.281118,1.423508,3.148399
-7.903997,-4.284424,1.423075,3.149251
-7.903778,-4.287785,1.422643,3.150068
-7.903654,-4.298297,1.421314,3.152360
-7.903755,-4.301910,1.420880,3.153071
-7.903913,-4.305571,1.420449,3.153761
-7.904577,-4.313166,1.419604,3.155058
-7.904988,-4.317028,1.419199,3.155661
-7.905452,-4.320932,1.418798,3.156240
-7.906050,-4.324938,1.418406,3.156789
-7.908134,-4.337153,1.417247,3.158264
-7.908994,-4.341346,1.416863,3.158709
-7.909899,-4.345575,1.416482,3.159134
-7.911848,-4.354135,1.415707,3.159904
-7.912958,-4.358512,1.415325,3.160248
-7.915310,-4.367362,1.414572,3.160867
-7.916548,-4.371820,1.414202,3.161143
-7.919207,-4.380860,1.413481,3.161648
-7.920626,-4.385440,1.413130,3.161871
-7.922084,-4.390048,1.412783,3.162067
-7.925174,-4.399383,1.412097,3.162404
-7.928473,-4.408859,1.411423,3.162642
-7.930178,-4.413623,1.411092,3.162732
-7.931958,-4.418433,1.410776,3.162816
-7.935627,-4.428124,1.410153,3.162931
-7.937515,-4.433004,1.409847,3.162954
-7.939481,-4.437920,1.409534,3.162956
-7.945582,-4.452787,1.408623,3.162875
-7.947722,-4.457794,1.408321,3.162831
-7.949895,-4.462821,1.408022,3.162766
-7.949895,-4.462821,1.408022,3.162766
-7.956641,-4.478038,1.407150,3.162481
-7.958975,-4.483161,1.406869,3.162357
-7.961339,-4.488302,1.406591,3.162225
-7.966208,-4.498633,1.406045,3.161916
-7.968712,-4.503822,1.405777,3.161742
-7.971244,-4.509027,1.405512,3.161558
-7.979109,-4.524736,1.404720,3.160933
-7.981803,-4.530001,1.404462,3.160711
-7.984524,-4.535279,1.404208,3.160477
-7.987272,-4.540570,1.403958,3.160232
-7.995802,-4.556518,1.403190,3.159449
-7.998697,-4.561856,1.402941,3.159172
-8.001657,-4.567208,1.402678,3.158881
-8.007649,-4.577943,1.402152,3.158285
-8.010684,-4.583324,1.401895,3.157978
-8.016909,-4.594121,1.401336,3.157436
-8.020063,-4.599544,1.401023,3.157302
-8.026505,-4.610456,1.400321,3.157335
-8.029788,-4.615940,1.399975,3.157457
-8.033094,-4.621431,1.399664,3.157615
-8.039793,-4.632397,1.399157,3.157952
-8.043176,-4.637846,1.398971,3.158088
-8.049955,-4.648643,1.398772,3.158225
-8.056795,-4.659226,1.398766,3.158139
-8.060202,-4.664418,1.398838,3.158005
-8.063595,-4.669531,1.398955,3.157815
-8.067005,-4.674535,1.399100,3.157570
-8.077095,-4.688924,1.399717,3.156536
-8.077095,-4.688924,1.399717,3.156536
-8.083680,-4.697805,1.400233,3.155672
-8.090131,-4.706162,1.400790,3.154690
-8.093302,-4.710130,1.401074,3.154174
-8.093302,-4.710130,1.401074,3.154174
-8.096405,-4.713832,1.401354,3.153647
-8.099468,-4.717385,1.401630,3.153110
-8.108358,-4.726966,1.402410,3.151552
-8.111203,-4.729742,1.402637,3.151039
-8.114006,-4.732361,1.402848,3.150545
-8.119431,-4.736943,1.403205,3.149585
-8.122055,-4.738909,1.403351,3.149111
-8.124637,-4.740719,1.403479,3.148651
-8.127178,-4.742383,1.403587,3.148202
-8.134356,-4.745809,1.403761,3.146886
-8.136669,-4.746654,1.403784,3.146454
-8.138882,-4.747124,1.403774,3.146030
-8.143193,-4.747644,1.403692,3.145160
-8.145298,-4.747715,1.403630,3.144715
-8.149272,-4.747007,1.403445,3.143769
-8.151208,-4.746462,1.403335,3.143285
-8.154917,-4.744778,1.403059,3.142285
-8.156692,-4.743648,1.402894,3.141773
-8.158435,-4.742402,1.402724,3.141267
-8.160147,-4.741044,1.402547,3.140760
-8.163356,-4.737636,1.402162,3.139752
-8.166448,-4.733820,1.401758,3.138752
-8.167951,-4.731766,1.401563,3.138260
-8.170732,-4.727010,1.401164,3.137298
-8.172082,-4.724499,1.400960,3.136830
-8.173407,-4.721902,1.400755,3.136374
-8.175838,-4.716184,1.400349,3.135476
-8.177018,-4.713208,1.400145,3.135026
-8.178174,-4.710155,1.399940,3.134590
-8.179248,-4.706886,1.399748,3.134168
-8.182340,-4.696665,1.399168,3.132992
-8.183273,-4.693001,1.398983,3.132621
-8.184191,-4.689289,1.398797,3.132263
-8.185966,-4.681686,1.398456,3.131559
-8.186770,-4.677679,1.398287,3.131229
-8.186770,-4.677679,1.398287,3.131229
-8.188326,-4.669498,1.397950,3.130592
-8.189076,-4.665327,1.397784,3.130293
-8.190437,-4.656588,1.397484,3.129742
-8.191094,-4.652150,1.397335,3.129481
-8.192313,-4.643027,1.397056,3.128999
-8.193423,-4.633617,1.396797,3.128555
-8.193957,-4.628847,1.396668,3.128349
-8.194443,-4.623919,1.396559,3.128148
-8.195377,-4.613950,1.396313,3.127754
-8.195827,-4.608912,1.396191,3.127558
-8.196661,-4.598644,1.395980,3.127213
-8.197420,-4.588153,1.395804,3.126911
-8.197783,-4.582853,1.395706,3.126750
-8.198109,-4.577441,1.395640,3.126590
-8.198423,-4.571996,1.395572,3.126428
-8.199292,-4.555410,1.395401,3.125920
-8.199292,-4.555410,1.395401,3.125920
-8.199791,-4.544090,1.395330,3.125591
-8.200018,-4.538385,1.395310,3.125432
-8.200402,-4.526742,1.395313,3.125139
-8.200569,-4.520879,1.395313,3.125000
-8.200718,-4.514997,1.395312,3.124877
-8.200977,-4.497017,1.395398,3.124518
-8.200977,-4.497017,1.395398,3.124518
-8.201026,-4.484854,1.395470,3.124300
-8.200961,-4.472548,1.395568,3.124078
-8.200894,-4.466369,1.395616,3.123949
-8.200785,-4.460120,1.395679,3.123813
-8.200648,-4.453853,1.395741,3.123667
-8.200292,-4.441256,1.395859,3.123322
-8.200056,-4.434875,1.395944,3.123065
-8.199791,-4.428471,1.396043,3.122750
-8.199492,-4.422047,1.396156,3.122398
-8.199155,-4.415607,1.396285,3.122020
-8.198338,-4.402689,1.396620,3.121249
-8.197303,-4.389746,1.397050,3.120546
-8.196700,-4.383288,1.397291,3.120248
-8.195260,-4.370369,1.397850,3.119755
-8.194439,-4.363950,1.398149,3.119561
-8.193548,-4.357564,1.398458,3.119416
-8.190333,-4.338632,1.399495,3.119175
-8.189107,-4.332424,1.399849,3.119154
-8.187751,-4.326285,1.400216,3.119156
-8.184795,-4.314202,1.400945,3.119223
-8.183194,-4.308265,1.401315,3.119278
-8.179603,-4.296705,1.402026,3.119442
-8.175682,-4.285471,1.402700,3.119647
-8.173500,-4.280040,1.403020,3.119755
-8.171222,-4.274693,1.403366,3.119759
-8.168839,-4.269430,1.403757,3.119568
-8.160858,-4.254361,1.405214,3.117614
-8.157990,-4.249560,1.405775,3.116565
-8.155057,-4.244859,1.406365,3.115381
-8.151937,-4.240383,1.406962,3.114104
-8.145577,-4.231748,1.408192,3.111342
-8.139118,-4.223555,1.409428,3.108465
-8.135747,-4.219766,1.410042,3.107045
-8.129020,-4.212553,1.411228,3.104352
-8.125676,-4.209126,1.411792,3.103118
-8.122256,-4.205951,1.412333,3.101987
-8.112194,-4.197167,1.413728,3.099281
-8.108864,-4.194626,1.414126,3.098646
-8.105581,-4.192212,1.414493,3.098155
-8.102351,-4.189928,1.414825,3.097800
-8.096036,-4.185904,1.415358,3.097541
-8.092955,-4.184162,1.415560,3.097630
-8.089934,-4.182549,1.415731,3.097857
-8.084096,-4.179879,1.415949,3.098692
-8.081280,-4.178819,1.415998,3.099290
-8.078528,-4.177884,1.416020,3.099997
-8.075844,-4.177065,1.416016,3.100804
-8.068333,-4.175889,1.415763,3.103791
-8.065961,-4.175735,1.415638,3.104937
-8.063699,-4.175891,1.415457,3.106144
-8.059368,-4.176541,1.415048,3.108699
-8.055326,-4.177783,1.414541,3.111417
-8.053417,-4.178653,1.414253,3.112817
-8.049778,-4.180703,1.413650,3.115686
-8.048046,-4.181880,1.413337,3.117129
-8.044829,-4.184853,1.412642,3.120032
-8.043303,-4.186481,1.412275,3.121483
-8.040452,-4.190152,1.411503,3.124359
-8.039124,-4.192207,1.411102,3.125785
-8.035477,-4.199043,1.409876,3.129958
-8.034383,-4.201595,1.409447,3.131303
-8.033333,-4.204223,1.409020,3.132622
-8.032328,-4.206925,1.408596,3.133917
-8.029731,-4.215877,1.407317,3.137678
-8.028944,-4.218994,1.406900,3.138878
-8.028261,-4.222310,1.406479,3.140048
-8.027003,-4.229125,1.405684,3.142303
-8.026427,-4.232623,1.405293,3.143386
-8.025489,-4.240002,1.404537,3.145452
-8.025489,-4.240002,1.404537,3.145452
-8.024680,-4.247581,1.403802,3.147442
-8.024360,-4.251554,1.403445,3.148391
-8.024070,-4.255577,1.403092,3.149317
-8.023809,-4.259648,1.402745,3.150206
-8.023411,-4.268025,1.402067,3.151900
-8.023271,-4.272314,1.401735,3.152700
-8.023071,-4.281027,1.401087,3.154240
-8.022998,-4.289997,1.400459,3.155673
-8.023009,-4.294587,1.400150,3.156345
-8.023046,-4.299216,1.399845,3.156988
-8.023106,-4.303886,1.399546,3.157606
-8.023354,-4.313495,1.398968,3.158751
-8.023511,-4.318350,1.398687,3.159297
-8.023691,-4.323242,1.398411,3.159830
-8.023914,-4.328240,1.398142,3.160336
-8.024710,-4.343436,1.397361,3.161679
-8.025037,-4.348629,1.397112,3.162074
-8.025383,-4.353854,1.396868,3.162441
-8.026131,-4.364378,1.396394,3.163126
-8.026561,-4.369736,1.396156,3.163436
-8.027476,-4.380538,1.395693,3.163985
-8.027960,-4.385983,1.395467,3.164222
-8.029026,-4.397058,1.395027,3.164641
-8.029585,-4.402637,1.394816,3.164818
-8.030159,-4.408233,1.394608,3.164973
-8.030768,-4.413902,1.394410,3.165117
-8.031393,-4.419595,1.394215,3.165236
-8.033389,-4.436855,1.393655,3.165465
-8.034829,-4.448524,1.393307,3.165513
-8.035571,-4.454385,1.393138,3.165513
-8.036328,-4.460268,1.392972,3.165508
-8.037117,-4.466192,1.392809,3.165481
-8.038737,-4.478102,1.392493,3.165374
-8.039570,-4.484087,1.392347,3.165305
-8.041287,-4.496148,1.392060,3.165093
-8.042169,-4.502207,1.391921,3.164969
-8.043957,-4.514388,1.391653,3.164689
-8.044865,-4.520514,1.391523,3.164521
-8.045787,-4.526659,1.391396,3.164348
-8.046724,-4.532819,1.391289,3.164160
-8.048587,-4.545225,1.391087,3.163751
-8.049542,-4.551451,1.390989,3.163515
-8.050514,-4.557692,1.390894,3.163268
-8.053413,-4.576550,1.390638,3.162598
-8.054420,-4.582885,1.390546,3.162513
-8.055422,-4.589269,1.390455,3.162541
-8.058553,-4.608559,1.390321,3.163134
-8.059621,-4.615042,1.390366,3.163437
-8.060703,-4.621512,1.390465,3.163757
-8.062904,-4.634388,1.390807,3.164377
-8.064008,-4.640807,1.391059,3.164644
-8.066235,-4.653481,1.391709,3.165058
-8.068473,-4.665862,1.392524,3.165272
-8.069567,-4.671936,1.393001,3.165295
-8.070659,-4.677906,1.393504,3.165269
-8.071748,-4.683764,1.394027,3.165184
-8.072831,-4.689501,1.394566,3.165031
-8.074943,-4.700559,1.395722,3.164583
-8.077021,-4.711047,1.396878,3.163945
-8.079045,-4.720775,1.398079,3.163154
-8.080040,-4.725399,1.398658,3.162710
-8.081020,-4.729859,1.399218,3.162237
-8.081961,-4.734027,1.399785,3.161734
-8.083800,-4.741858,1.400848,3.160682
-8.084699,-4.745518,1.401363,3.160120
-8.086392,-4.751998,1.402336,3.158928
-8.086392,-4.751998,1.402336,3.158928
-8.088802,-4.760262,1.403574,3.156985
-8.088802,-4.760262,1.403574,3.156985
-8.090302,-4.764668,1.404253,3.155611
-8.091692,-4.768202,1.404804,3.154182
-8.092340,-4.769621,1.405031,3.153456
-8.092340,-4.769621,1.405031,3.153456
-8.092975,-4.770885,1.405236,3.152734
-8.094158,-4.772740,1.405556,3.151270
-8.095243,-4.773767,1.405775,3.149785
-8.095767,-4.774066,1.405859,3.149049
-8.096280,-4.774227,1.405926,3.148300
-8.097205,-4.773676,1.405949,3.146812
-8.097655,-4.773224,1.405941,3.146078
-8.098492,-4.771735,1.405861,3.144588
-8.099257,-4.769562,1.405769,3.143113
-8.099627,-4.768306,1.405709,3.142390
-8.099951,-4.766746,1.405616,3.141672
-8.100577,-4.763316,1.405410,3.140259
-8.101167,-4.759341,1.405172,3.138880
-8.101444,-4.757123,1.405041,3.138190
-8.101716,-4.754814,1.404906,3.137508
-8.102486,-4.747045,1.404448,3.135560
-8.102728,-4.744237,1.404285,3.134934
-8.102964,-4.741353,1.404120,3.134330
-8.103442,-4.735082,1.403758,3.133153
-8.103895,-4.728528,1.403394,3.132010
-8.104131,-4.725015,1.403199,3.131475
-8.104359,-4.721437,1.403005,3.130951
-8.104795,-4.714093,1.402639,3.129982
-8.105041,-4.710216,1.402463,3.129529
-8.105282,-4.706292,1.402287,3.129090
-8.105515,-4.702311,1.402111,3.128675
-8.105959,-4.694181,1.401760,3.127900
-8.106466,-4.685658,1.401392,3.127206
-8.106942,-4.676928,1.401006,3.126572
-8.107203,-4.672416,1.400812,3.126278
-8.107456,-4.667856,1.400619,3.125995
-8.107701,-4.663249,1.400427,3.125739
-8.108448,-4.648992,1.399863,3.125057
-8.108692,-4.644125,1.399684,3.124865
-8.108930,-4.639215,1.399506,3.124677
-8.109187,-4.634192,1.399339,3.124497
-8.109686,-4.624044,1.399006,3.124174
-8.109925,-4.618911,1.398842,3.124021
-8.110174,-4.613665,1.398689,3.123888
-8.110649,-4.603062,1.398391,3.123663
-8.110875,-4.597706,1.398243,3.123574
-8.111099,-4.592256,1.398102,3.123505
-8.111316,-4.586770,1.397962,3.123443
-8.111733,-4.575713,1.397684,3.123341
-8.111940,-4.570091,1.397553,3.123302
-8.112337,-4.558753,1.397292,3.123270
-8.112707,-4.547245,1.397041,3.123292
-8.112883,-4.541423,1.396920,3.123321
-8.113052,-4.535573,1.396800,3.123354
-8.113217,-4.529700,1.396680,3.123394
-8.113377,-4.523800,1.396558,3.123452
-8.113673,-4.511835,1.396325,3.123571
-8.113951,-4.499764,1.396092,3.123725
-8.114238,-4.487494,1.395841,3.123909
-8.114374,-4.481328,1.395713,3.124022
-8.114506,-4.475139,1.395586,3.124129
-8.114668,-4.468888,1.395453,3.124253
-8.115124,-4.450005,1.395062,3.124675
-8.115124,-4.450005,1.395062,3.124675
-8.115479,-4.437235,1.394814,3.124966
-8.115646,-4.430800,1.394748,3.125044
-8.115987,-4.417794,1.394771,3.124971
-8.116163,-4.411225,1.394864,3.124805
-8.116333,-4.404634,1.395014,3.124565
-8.116872,-4.384779,1.395794,3.123464
-8.117059,-4.378181,1.396158,3.123012
-8.117249,-4.371617,1.396564,3.122536
-8.117695,-4.358604,1.397486,3.121564
-8.117927,-4.352194,1.397992,3.121079
-8.118451,-4.339613,1.399086,3.120204
-8.119048,-4.327417,1.400256,3.119498
-8.119361,-4.321487,1.400848,3.119225
-8.119685,-4.315681,1.401438,3.119015
-8.120055,-4.310059,1.402053,3.118873
-8.120830,-4.299229,1.403246,3.118808
-8.121235,-4.294033,1.403817,3.118880
-8.121695,-4.289090,1.404385,3.119034
-8.122166,-4.284302,1.404930,3.119261
-8.122648,-4.279673,1.405447,3.119551
-8.123693,-4.271044,1.406400,3.120337
-8.124828,-4.263216,1.407233,3.121385
-8.126046,-4.256264,1.407928,3.122655
-8.126690,-4.253140,1.408223,3.123367
-8.127343,-4.250183,1.408488,3.124123
-8.128005,-4.247393,1.408724,3.124922
-8.128711,-4.244993,1.408904,3.125751
-8.130145,-4.240660,1.409176,3.127499
-8.131648,-4.237203,1.409312,3.129360
-8.132430,-4.235825,1.409329,3.130318
-8.134012,-4.233523,1.409300,3.132250
-8.134852,-4.232853,1.409227,3.133211
-8.135698,-4.232325,1.409137,3.134176
-8.136549,-4.231922,1.409021,3.135137
-8.138290,-4.231783,1.408726,3.137097
-8.140076,-4.232421,1.408363,3.139024
-8.140973,-4.232925,1.408167,3.139970
-8.142789,-4.234526,1.407749,3.141803
-8.144628,-4.236797,1.407302,3.143553
-8.144628,-4.236797,1.407302,3.143553
-8.147439,-4.241410,1.406501,3.146829
-8.148407,-4.243221,1.406160,3.148392
-8.149390,-4.245130,1.405796,3.150194
-8.151376,-4.249620,1.405051,3.154272
-8.152366,-4.251981,1.404699,3.156403
-8.154310,-4.257116,1.404058,3.160628
-8.156157,-4.262688,1.403523,3.164563
-8.157023,-4.265548,1.403307,3.166358
-8.157849,-4.268612,1.403110,3.168039
-8.158622,-4.271707,1.402941,3.169593
-8.160558,-4.281235,1.402598,3.173475
-8.160558,-4.281235,1.402598,3.173475
-8.161057,-4.284524,1.402532,3.174532
-8.161478,-4.287811,1.402484,3.175472
-8.162136,-4.297837,1.402513,3.177665
-8.162136,-4.297837,1.402513,3.177665
-8.162133,-4.301167,1.402606,3.178183
-8.161312,-4.311066,1.403207,3.179244
-8.160806,-4.314310,1.403490,3.179457
-8.160206,-4.317519,1.403802,3.179606
-8.159521,-4.320696,1.404140,3.179667
-8.156781,-4.330109,1.405306,3.179382
-8.155755,-4.333207,1.405708,3.179119
-8.154569,-4.336280,1.406127,3.178787
-8.152101,-4.342408,1.406952,3.177926
-8.150832,-4.345471,1.407354,3.177388
-8.149437,-4.348508,1.407758,3.176796
-8.148034,-4.351555,1.408149,3.176170
-8.143744,-4.360789,1.409241,3.174084
-8.142272,-4.363909,1.409575,3.173350
-8.140819,-4.367058,1.409891,3.172621
-8.137939,-4.373468,1.410450,3.171149
-8.136521,-4.376735,1.410692,3.170447
-8.133784,-4.383392,1.411116,3.169096
-8.131158,-4.390308,1.411367,3.167863
-8.129906,-4.393840,1.411465,3.167304
-8.127528,-4.401117,1.411572,3.166287
-8.127528,-4.401117,1.411572,3.166287
-8.124299,-4.412511,1.411564,3.165021
-8.123338,-4.416499,1.411509,3.164656
-8.122424,-4.420537,1.411439,3.164325
-8.120739,-4.428767,1.411262,3.163730
-8.119968,-4.432960,1.411154,3.163473
-8.118651,-4.441654,1.410859,3.163008
-8.117522,-4.450548,1.410489,3.162596
-8.117075,-4.455149,1.410269,3.162399
-8.117075,-4.455149,1.410269,3.162399
-8.116673,-4.459796,1.410044,3.162214
-8.116316,-4.464480,1.409811,3.162023
-8.115588,-4.478947,1.409065,3.161474
-8.115445,-4.483878,1.408806,3.161282
-8.115345,-4.488849,1.408544,3.161090
-8.115359,-4.499045,1.407974,3.160677
-8.115427,-4.504187,1.407685,3.160459
-8.115728,-4.514635,1.407089,3.160031
-8.115960,-4.519940,1.406777,3.159805
-8.116539,-4.530642,1.406151,3.159304
-8.116935,-4.536118,1.405827,3.159043
-8.117367,-4.541621,1.405503,3.158769
-8.117836,-4.547150,1.405179,3.158488
-8.118930,-4.558325,1.404522,3.157904
-8.120220,-4.569668,1.403850,3.157396
-8.120220,-4.569668,1.403850,3.157396
-8.121715,-4.581192,1.403146,3.157283
-8.123409,-4.592895,1.402481,3.157565
-8.124308,-4.598778,1.402202,3.157803
-8.125236,-4.604661,1.401979,3.158070
-8.127302,-4.616467,1.401694,3.158602
-8.129453,-4.628178,1.401623,3.159005
-8.130614,-4.633998,1.401685,3.159126
-8.132968,-4.645454,1.401928,3.159204
-8.134154,-4.651069,1.402103,3.159154
-8.137898,-4.667319,1.402881,3.158679
-8.139142,-4.672514,1.403185,3.158416
-8.140441,-4.677558,1.403543,3.158096
-8.141731,-4.682470,1.403909,3.157737
-8.145583,-4.696268,1.405048,3.156407
-8.145583,-4.696268,1.405048,3.156407
-8.146868,-4.700507,1.405444,3.155897
-8.148138,-4.704590,1.405829,3.155364
-8.150679,-4.712150,1.406575,3.154238
-8.151947,-4.715623,1.406923,3.153651
-8.153196,-4.718931,1.407252,3.153056
-8.155685,-4.724879,1.407865,3.151840
-8.158142,-4.730003,1.408407,3.150597
-8.159340,-4.732317,1.408643,3.149974
-8.160563,-4.734261,1.408861,3.149335
-8.164106,-4.739125,1.409366,3.147385
-8.165247,-4.740430,1.409491,3.146712
-8.166406,-4.741367,1.409586,3.146011
-8.168668,-4.742817,1.409716,3.144545
-8.169770,-4.743320,1.409737,3.143776
-8.170876,-4.743463,1.409729,3.142987
-8.173028,-4.743332,1.409666,3.141330
-8.175114,-4.742443,1.409516,3.139629
-8.176132,-4.741695,1.409410,3.138776
-8.177133,-4.740843,1.409293,3.137917
-8.178112,-4.739870,1.409168,3.137058
-8.180022,-4.737155,1.408831,3.135350
-8.181843,-4.734003,1.408472,3.133700
-8.183588,-4.730062,1.408042,3.132122
-8.184426,-4.727962,1.407820,3.131362
-8.185240,-4.725769,1.407597,3.130604
-8.186028,-4.723303,1.407351,3.129874
-8.187530,-4.718111,1.406858,3.128515
-8.188243,-4.715390,1.406611,3.127873
-8.189595,-4.709423,1.406093,3.126653
-8.190849,-4.703172,1.405583,3.125521
-8.191423,-4.699823,1.405329,3.124977
-8.191972,-4.696405,1.405077,3.124456
-8.192493,-4.692921,1.404825,3.123966
-8.193460,-4.685758,1.404326,3.123045
-8.193894,-4.681982,1.404059,3.122628
-8.194303,-4.678147,1.403794,3.122240
-8.194683,-4.674253,1.403532,3.121878
-8.195359,-4.666242,1.403023,3.121203
-8.195653,-4.662114,1.402776,3.120903
-8.195919,-4.657933,1.402530,3.120629
-8.196159,-4.653700,1.402287,3.120379
-8.196694,-4.640475,1.401590,3.119731
-8.196818,-4.635971,1.401360,3.119560
-8.196900,-4.631364,1.401142,3.119403
-8.196981,-4.622014,1.400712,3.119133
-8.196980,-4.617273,1.400506,3.119039
-8.196930,-4.612421,1.400316,3.118975
-8.196852,-4.607527,1.400129,3.118936
-8.196445,-4.592548,1.399605,3.118873
-8.196246,-4.587440,1.399449,3.118862
-8.196023,-4.582294,1.399293,3.118850
-8.195484,-4.571814,1.399016,3.118857
-8.195168,-4.566482,1.398889,3.118875
-8.194829,-4.561116,1.398759,3.118906
-8.194466,-4.555717,1.398629,3.118945
-8.193207,-4.539138,1.398298,3.119115
-8.192738,-4.533553,1.398184,3.119181
-8.192244,-4.527939,1.398068,3.119252
-8.191193,-4.516523,1.397858,3.119398
-8.190628,-4.510773,1.397752,3.119477
-8.189424,-4.499151,1.397556,3.119611
-8.188785,-4.493289,1.397468,3.119659
-8.187426,-4.481488,1.397293,3.119697
-8.186696,-4.475515,1.397233,3.119680
-8.185937,-4.469515,1.397181,3.119623
-8.183455,-4.451332,1.397132,3.119132
-8.183455,-4.451332,1.397132,3.119132
-8.182545,-4.445213,1.397161,3.118909
-8.181593,-4.439087,1.397209,3.118684
-8.179523,-4.426805,1.397383,3.118244
-8.178399,-4.420660,1.397509,3.118063
-8.175976,-4.408405,1.397810,3.117818
-8.175976,-4.408405,1.397810,3.117818
-8.171782,-4.390149,1.398494,3.117692
-8.170248,-4.384139,1.398739,3.117720
-8.168608,-4.378177,1.399018,3.117782
-8.165109,-4.366404,1.399583,3.117990
-8.163248,-4.360601,1.399866,3.118138
-8.161254,-4.354889,1.400172,3.118307
-8.159184,-4.349242,1.400474,3.118491
-8.152444,-4.332732,1.401515,3.118722
-8.149910,-4.327413,1.401995,3.118449
-8.147278,-4.322171,1.402532,3.117946
-8.141762,-4.311942,1.403718,3.116339
-8.138795,-4.307027,1.404389,3.115299
-8.135775,-4.302208,1.405086,3.114138
-8.132712,-4.297491,1.405801,3.112890
-8.123135,-4.284180,1.408059,3.108832
-8.119882,-4.279997,1.408814,3.107462
-8.116632,-4.275931,1.409556,3.106119
-8.109977,-4.268373,1.411085,3.103609
-8.106685,-4.264779,1.411811,3.102467
-8.103422,-4.261311,1.412507,3.101435
-8.100141,-4.258102,1.413220,3.100513
-8.093709,-4.252067,1.414539,3.099068
-8.090569,-4.249243,1.415139,3.098559
-8.084448,-4.244306,1.416268,3.097980
-8.084448,-4.244306,1.416268,3.097980
-8.078567,-4.239890,1.417233,3.097977
-8.075757,-4.238070,1.417664,3.098189
-8.073013,-4.236381,1.418055,3.098541
-8.070337,-4.234819,1.418408,3.099022
-8.067730,-4.233387,1.418725,3.099628
-8.062900,-4.231313,1.419253,3.101150
-8.058347,-4.229737,1.419651,3.103096
-8.056175,-4.229135,1.419804,3.104190
-8.052240,-4.228662,1.420023,3.106606
-8.050376,-4.228601,1.420094,3.107894
-8.048579,-4.228655,1.420142,3.109234
-8.045436,-4.229509,1.420157,3.112028
-8.043960,-4.230100,1.420130,3.113473
-8.042548,-4.230796,1.420085,3.114928
-8.041330,-4.231777,1.420024,3.116398
-8.038035,-4.235261,1.419751,3.120877
-8.037195,-4.236798,1.419635,3.122372
-8.036409,-4.238427,1.419508,3.123848
-8.035677,-4.240146,1.419358,3.125313
-8.034498,-4.244015,1.419030,3.128195
-8.033646,-4.248365,1.418672,3.131001
-8.033098,-4.253173,1.418293,3.133749
-8.032948,-4.255769,1.418110,3.135083
-8.032842,-4.258438,1.417920,3.136389
-8.032778,-4.261178,1.417725,3.137669
-8.033003,-4.267147,1.417346,3.140131
-8.033175,-4.270211,1.417150,3.141318
-8.033727,-4.276659,1.416768,3.143632
-8.034521,-4.283478,1.416402,3.145819
-8.034971,-4.286974,1.416214,3.146860
-8.035454,-4.290526,1.416023,3.147865
-8.036057,-4.294232,1.415848,3.148842
-8.036692,-4.297993,1.415670,3.149786
-8.038869,-4.309612,1.415144,3.152472
-8.039713,-4.313638,1.414974,3.153303
-8.040586,-4.317710,1.414802,3.154109
-8.042491,-4.326076,1.414457,3.155629
-8.043521,-4.330365,1.414284,3.156349
-8.044577,-4.334698,1.414109,3.157036
-8.045656,-4.339061,1.413943,3.157696
-8.048008,-4.348043,1.413606,3.158952
-8.050451,-4.357187,1.413259,3.160091
-8.051758,-4.361871,1.413082,3.160615
-8.054434,-4.371351,1.412716,3.161579
-8.057251,-4.381011,1.412338,3.162449
-8.060203,-4.390845,1.411953,3.163236
-8.061707,-4.395813,1.411757,3.163594
-8.063282,-4.400851,1.411563,3.163924
-8.064875,-4.405921,1.411367,3.164224
-8.068112,-4.416157,1.410986,3.164762
-8.069807,-4.421348,1.410793,3.164991
-8.073244,-4.431821,1.410404,3.165393
-8.076745,-4.442412,1.410012,3.165713
-8.078556,-4.447776,1.409833,3.165837
-8.080382,-4.453168,1.409654,3.165940
-8.082224,-4.458587,1.409472,3.166021
-8.087893,-4.475036,1.408916,3.166155
-8.089821,-4.480576,1.408728,3.166167
-8.091761,-4.486139,1.408539,3.166163
-8.095714,-4.497395,1.408171,3.166095
-8.097709,-4.503057,1.407985,3.166026
-8.101747,-4.514450,1.407613,3.165846
-8.105843,-4.525914,1.407241,3.165605
-8.107908,-4.531678,1.407039,3.165471
-8.109999,-4.537463,1.406841,3.165319
-8.112101,-4.543267,1.406642,3.165143
-8.118487,-4.560797,1.406050,3.164545
-8.120649,-4.566677,1.405853,3.164314
-8.122821,-4.572568,1.405657,3.164080
-8.125003,-4.578478,1.405454,3.163843
-8.127213,-4.584411,1.405255,3.163588
-8.131664,-4.596340,1.404853,3.163136
-8.133910,-4.602347,1.404639,3.163034
-8.138467,-4.614488,1.404191,3.163135
-8.140763,-4.620593,1.404002,3.163309
-8.145382,-4.632850,1.403752,3.163827
-8.150048,-4.645111,1.403694,3.164384
-8.152382,-4.651212,1.403748,3.164623
-8.154713,-4.657279,1.403857,3.164833
-8.157041,-4.663304,1.404002,3.164993
-8.163967,-4.680991,1.404688,3.165167
-8.166258,-4.686716,1.405000,3.165116
-8.168533,-4.692344,1.405341,3.165008
-8.170792,-4.697867,1.405706,3.164845
-8.175230,-4.708519,1.406494,3.164342
-8.179562,-4.718610,1.407329,3.163643
-8.183768,-4.728023,1.408190,3.162781
-8.185819,-4.732452,1.408623,3.162305
-8.187842,-4.736727,1.409045,3.161817
-8.189838,-4.740845,1.409454,3.161309
-8.195521,-4.751754,1.410619,3.159673
-8.197359,-4.755064,1.410966,3.159101
-8.199121,-4.758008,1.411300,3.158524
-8.200854,-4.760789,1.411611,3.157929
-8.204238,-4.765859,1.412172,3.156719
-8.205832,-4.767912,1.412415,3.156113
-8.207397,-4.769805,1.412634,3.155496
-8.210450,-4.773117,1.413004,3.154238
-8.211940,-4.774551,1.413155,3.153579
-8.214695,-4.776478,1.413367,3.152201
-8.216036,-4.777219,1.413435,3.151491
-8.218575,-4.778001,1.413494,3.150058
-8.219775,-4.778050,1.413487,3.149324
-8.220952,-4.777965,1.413466,3.148583
-8.223178,-4.777165,1.413362,3.147115
-8.224227,-4.776460,1.413289,3.146362
-8.226265,-4.774688,1.413109,3.144866
-8.226265,-4.774688,1.413109,3.144866
-8.228105,-4.771935,1.412854,3.143381
-8.228997,-4.770396,1.412715,3.142636
-8.230675,-4.766758,1.412395,3.141137
-8.232235,-4.762520,1.412021,3.139635
-8.232989,-4.760262,1.411828,3.138880
-8.233685,-4.757674,1.411613,3.138145
-8.234365,-4.755002,1.411397,3.137417
-8.236248,-4.746275,1.410728,3.135316
-8.236807,-4.743064,1.410496,3.134642
-8.237352,-4.739799,1.410263,3.133987
-8.238809,-4.729203,1.409559,3.132087
-8.239248,-4.725478,1.409325,3.131479
-8.239672,-4.721691,1.409092,3.130897
-8.240778,-4.709649,1.408357,3.129253
-8.241103,-4.705477,1.408111,3.128732
-8.241413,-4.701253,1.407867,3.128225
-8.241944,-4.692347,1.407375,3.127262
-8.242186,-4.687823,1.407125,3.126801
-8.242609,-4.678507,1.406623,3.125950
-8.242956,-4.668901,1.406123,3.125158
-8.243104,-4.664042,1.405876,3.124784
-8.243217,-4.659024,1.405616,3.124429
-8.243313,-4.653967,1.405359,3.124092
-8.243389,-4.648873,1.405112,3.123788
-8.243463,-4.638454,1.404603,3.123207
-8.243437,-4.627774,1.404083,3.122709
-8.243317,-4.616893,1.403546,3.122269
-8.243217,-4.611360,1.403272,3.122066
-8.243096,-4.605796,1.403002,3.121882
-8.242955,-4.600204,1.402735,3.121727
-8.242527,-4.588807,1.402170,3.121477
-8.242018,-4.577303,1.401617,3.121276
-8.241692,-4.571480,1.401322,3.121188
-8.241345,-4.565631,1.401022,3.121097
-8.240594,-4.553862,1.400430,3.120945
-8.240186,-4.547942,1.400137,3.120876
-8.239715,-4.541956,1.399825,3.120815
-8.238704,-4.529919,1.399212,3.120733
-8.238165,-4.523877,1.398908,3.120721
-8.237576,-4.517784,1.398585,3.120702
-8.236965,-4.511672,1.398268,3.120683
-8.236331,-4.505541,1.397958,3.120676
-8.234947,-4.493201,1.397327,3.120673
-8.233423,-4.480769,1.396697,3.120643
-8.231778,-4.468270,1.396090,3.120594
-8.230906,-4.461996,1.395792,3.120525
-8.230005,-4.455704,1.395509,3.120408
-8.229076,-4.449394,1.395243,3.120250
-8.226024,-4.430379,1.394498,3.119638
-8.224927,-4.424026,1.394289,3.119421
-8.223764,-4.417668,1.394101,3.119210
-8.221292,-4.404985,1.393797,3.118840
-8.219975,-4.398661,1.393681,3.118688
-8.217134,-4.386094,1.393512,3.118472
-8.214041,-4.373644,1.393425,3.118380
-8.212373,-4.367504,1.393405,3.118375
-8.210636,-4.361408,1.393402,3.118402
-8.208830,-4.355371,1.393411,3.118457
-8.202940,-4.337635,1.393512,3.118743
-8.200806,-4.331873,1.393566,3.118878
-8.198596,-4.326180,1.393625,3.119030
-8.193901,-4.315064,1.393738,3.119379
-8.191417,-4.309653,1.393789,3.119573
-8.188858,-4.304324,1.393839,3.119775
-8.186225,-4.299076,1.393885,3.119999
-8.177702,-4.284063,1.394039,3.120586
-8.174682,-4.279229,1.394173,3.120501
-8.171496,-4.274588,1.394360,3.120179
-8.164870,-4.265572,1.394910,3.118838
-8.161450,-4.261204,1.395258,3.117898
-8.161450,-4.261204,1.395258,3.117898
-8.154317,-4.252973,1.396052,3.115651
-8.147046,-4.245141,1.396951,3.113127
-8.143297,-4.241501,1.397432,3.111815
-8.139543,-4.237967,1.397918,3.110492
-8.135791,-4.234543,1.398406,3.109190
-8.124491,-4.225196,1.399815,3.105617
-8.124491,-4.225196,1.399815,3.105617
-8.117061,-4.219622,1.400689,3.103655
-8.109725,-4.214794,1.401502,3.102156
-8.106135,-4.212559,1.401872,3.101602
-8.102604,-4.210445,1.402215,3.101182
-8.099134,-4.208455,1.402529,3.100906
-8.092404,-4.205117,1.403069,3.100783
-8.089142,-4.203632,1.403296,3.100928
-8.082874,-4.201173,1.403662,3.101610
-8.076943,-4.199342,1.403908,3.102746
-8.074090,-4.198599,1.403992,3.103476
-8.071381,-4.198118,1.404036,3.104322
-8.068746,-4.197754,1.404057,3.105252
-8.066187,-4.197508,1.404058,3.106272
-8.061386,-4.197523,1.403975,3.108516
-8.059143,-4.197779,1.403893,3.109724
-8.056974,-4.198145,1.403795,3.110986
-8.052953,-4.199356,1.403537,3.113624
-8.051098,-4.200194,1.403378,3.115005
-8.049313,-4.201135,1.403209,3.116403
-8.047596,-4.202179,1.403031,3.117820
-8.043190,-4.206400,1.402362,3.122106
-8.041850,-4.207998,1.402127,3.123532
-8.040673,-4.209858,1.401872,3.124960
-8.038498,-4.213806,1.401352,3.127789
-8.037498,-4.215909,1.401078,3.129194
-8.036652,-4.218270,1.400788,3.130585
-8.035860,-4.220712,1.400497,3.131948
-8.033808,-4.228499,1.399628,3.135895
-8.033808,-4.228499,1.399628,3.135895
-8.033309,-4.231391,1.399342,3.137164
-8.032859,-4.234334,1.399058,3.138396
-8.032103,-4.240424,1.398518,3.140818
-8.031878,-4.243695,1.398257,3.141988
-8.031697,-4.247030,1.397999,3.143127
-8.031560,-4.250426,1.397742,3.144235
-8.031497,-4.257511,1.397246,3.146345
-8.031569,-4.261178,1.397005,3.147349
-8.031831,-4.268677,1.396532,3.149296
-8.031831,-4.268677,1.396532,3.149296
-8.032708,-4.280629,1.395854,3.151976
-8.033072,-4.284712,1.395635,3.152817
-8.033521,-4.288930,1.395416,3.153623
-8.034002,-4.293194,1.395205,3.154403
-8.035063,-4.301829,1.394791,3.155877
-8.035682,-4.306296,1.394591,3.156576
-8.036332,-4.310805,1.394392,3.157244
-8.038497,-4.324635,1.393816,3.159083
-8.038497,-4.324635,1.393816,3.159083
-8.040132,-4.334128,1.393446,3.160174
-8.041912,-4.343796,1.393099,3.161156
-8.042861,-4.348709,1.392935,3.161623
-8.043836,-4.353658,1.392773,3.162066
-8.044835,-4.358641,1.392613,3.162484
-8.046922,-4.368738,1.392303,3.163229
-8.048006,-4.373850,1.392156,3.163568
-8.049116,-4.378995,1.392011,3.163876
-8.050248,-4.384160,1.391868,3.164163
-8.051415,-4.389386,1.391732,3.164440
-8.053820,-4.399928,1.391452,3.164929
-8.055055,-4.405242,1.391309,3.165135
-8.056311,-4.410621,1.391168,3.165322
-8.060205,-4.426911,1.390760,3.165738
-8.061532,-4.432421,1.390633,3.165848
-8.062880,-4.437957,1.390509,3.165934
-8.064246,-4.443518,1.390393,3.166000
-8.067025,-4.454740,1.390177,3.166089
-8.068437,-4.460400,1.390075,3.166099
-8.069866,-4.466084,1.389976,3.166097
-8.072767,-4.477539,1.389787,3.166022
-8.074240,-4.483309,1.389704,3.165973
-8.075728,-4.489101,1.389621,3.165902
-8.077235,-4.494913,1.389540,3.165820
-8.080283,-4.506635,1.389403,3.165605
-8.081833,-4.512525,1.389335,3.165477
-8.084965,-4.524370,1.389211,3.165170
-8.084965,-4.524370,1.389211,3.165170
-8.089758,-4.542265,1.389066,3.164616
-8.091388,-4.548266,1.389020,3.164407
-8.093018,-4.554296,1.388982,3.164193
-8.096324,-4.566405,1.388909,3.163719
-8.098000,-4.572485,1.388865,3.163459
-8.099670,-4.578600,1.388829,3.163207
-8.101358,-4.584732,1.388788,3.163022
-8.103065,-4.590893,1.388736,3.162935
-8.106522,-4.603338,1.388638,3.163067
-8.108268,-4.609614,1.388628,3.163275
-8.110026,-4.615905,1.388658,3.163534
-8.113573,-4.628505,1.388885,3.164099
-8.115355,-4.634787,1.389084,3.164374
-8.117142,-4.641042,1.389335,3.164637
-8.118930,-4.647260,1.389637,3.164862
-8.122510,-4.659588,1.390411,3.165187
-8.124294,-4.665652,1.390846,3.165271
-8.127849,-4.677536,1.391839,3.165280
-8.127849,-4.677536,1.391839,3.165280
-8.133107,-4.694594,1.393541,3.164874
-8.133107,-4.694594,1.393541,3.164874
-8.136543,-4.705324,1.394760,3.164354
-8.139909,-4.715499,1.396006,3.163668
-8.141552,-4.720285,1.396640,3.163267
-8.143175,-4.724917,1.397260,3.162840
-8.144777,-4.729392,1.397865,3.162384
-8.147916,-4.737852,1.399014,3.161423
-8.149440,-4.741689,1.399546,3.160914
-8.150942,-4.745360,1.400052,3.160383
-8.152421,-4.748863,1.400532,3.159833
-8.153878,-4.752197,1.400985,3.159263
-8.156682,-4.757996,1.401778,3.158074
-8.158051,-4.760645,1.402131,3.157445
-8.159398,-4.763138,1.402455,3.156803
-8.161975,-4.767202,1.402963,3.155463
-8.163230,-4.768992,1.403177,3.154782
-8.165648,-4.771879,1.403491,3.153401
-8.165648,-4.771879,1.403491,3.153401
-8.169077,-4.774751,1.403746,3.151280
-8.169077,-4.774751,1.403746,3.151280
-8.171209,-4.775493,1.403764,3.149825
-8.173262,-4.775681,1.403717,3.148382
-8.174232,-4.775349,1.403642,3.147659
-8.175186,-4.774889,1.403554,3.146935
-8.176121,-4.774305,1.403455,3.146219
-8.177917,-4.772573,1.403199,3.144815
-8.178779,-4.771434,1.403044,3.144102
-8.179623,-4.770183,1.402881,3.143402
-8.180451,-4.768823,1.402712,3.142714
-8.182006,-4.765356,1.402300,3.141362
-8.182761,-4.763473,1.402091,3.140702
-8.184232,-4.759420,1.401662,3.139384
-8.184232,-4.759420,1.401662,3.139384
-8.186286,-4.752132,1.400912,3.137434
-8.186947,-4.749535,1.400659,3.136799
-8.187565,-4.746681,1.400378,3.136185
-8.188766,-4.740746,1.399778,3.134980
-8.189352,-4.737668,1.399480,3.134400
-8.189906,-4.734366,1.399154,3.133840
-8.190453,-4.731011,1.398830,3.133304
-8.190989,-4.727590,1.398509,3.132772
-8.192009,-4.720423,1.397850,3.131766
-8.192492,-4.716683,1.397514,3.131284
-8.192967,-4.712883,1.397181,3.130824
-8.193433,-4.709026,1.396851,3.130379
-8.194276,-4.700893,1.396189,3.129552
-8.194685,-4.696754,1.395864,3.129146
-8.195086,-4.692561,1.395545,3.128766
-8.195448,-4.688196,1.395249,3.128402
-8.196150,-4.679321,1.394668,3.127728
-8.196490,-4.674811,1.394385,3.127424
-8.196795,-4.670145,1.394101,3.127140
-8.197675,-4.655899,1.393280,3.126329
-8.197938,-4.650965,1.393016,3.126079
-8.198195,-4.645990,1.392757,3.125841
-8.198694,-4.635921,1.392256,3.125423
-8.198935,-4.630826,1.392013,3.125237
-8.199159,-4.625609,1.391776,3.125073
-8.199378,-4.620356,1.391545,3.124922
-8.199803,-4.609758,1.391115,3.124652
-8.199995,-4.604332,1.390910,3.124534
-8.200183,-4.598873,1.390709,3.124421
-8.200366,-4.593380,1.390513,3.124325
-8.200544,-4.587853,1.390322,3.124255
-8.200851,-4.576570,1.389972,3.124143
-8.201145,-4.565168,1.389645,3.124063
-8.201145,-4.565168,1.389645,3.124063
-8.201476,-4.547688,1.389174,3.123997
-8.201580,-4.541804,1.389024,3.123993
-8.201655,-4.535830,1.388875,3.123992
-8.201797,-4.523803,1.388595,3.124032
-8.201864,-4.517756,1.388459,3.124076
-8.201896,-4.511608,1.388327,3.124127
-8.201924,-4.505436,1.388197,3.124183
-8.201924,-4.505436,1.388197,3.124183
-8.201961,-4.486709,1.387827,3.124390
-8.201961,-4.486709,1.387827,3.124390
-8.201926,-4.474019,1.387593,3.124579
-8.201865,-4.461173,1.387357,3.124797
-8.201824,-4.454685,1.387235,3.124913
-8.201781,-4.448177,1.387117,3.125041
-8.201737,-4.441651,1.387001,3.125167
-8.201635,-4.428484,1.386781,3.125451
-8.201574,-4.421832,1.386705,3.125570
-8.201436,-4.408419,1.386728,3.125639
-8.201242,-4.394800,1.387002,3.125409
-8.201144,-4.387961,1.387220,3.125181
-8.201050,-4.381117,1.387497,3.124872
-8.200952,-4.374247,1.387841,3.124497
-8.200722,-4.353791,1.389154,3.123099
-8.200677,-4.347032,1.389689,3.122582
-8.200651,-4.340341,1.390253,3.122046
-8.200658,-4.327192,1.391443,3.121006
-8.200705,-4.320749,1.392090,3.120527
-8.200870,-4.308183,1.393404,3.119688
-8.200991,-4.302075,1.394062,3.119355
-8.201157,-4.296126,1.394740,3.119084
-8.201574,-4.284643,1.396031,3.118750
-8.201826,-4.279118,1.396653,3.118688
-8.202805,-4.263755,1.398418,3.119006
-8.203191,-4.258953,1.398954,3.119276
-8.203623,-4.254488,1.399461,3.119622
-8.204083,-4.250188,1.399939,3.120044
-8.205094,-4.242080,1.400803,3.121117
-8.205644,-4.238278,1.401187,3.121744
-8.206251,-4.234868,1.401521,3.122421
-8.206886,-4.231624,1.401824,3.123161
-8.208242,-4.225637,1.402343,3.124782
-8.208994,-4.223135,1.402533,3.125658
-8.209772,-4.220794,1.402697,3.126573
-8.210577,-4.218602,1.402835,3.127515
-8.212304,-4.214952,1.403009,3.129532
-8.213233,-4.213487,1.403022,3.130820
-8.214199,-4.212167,1.402966,3.132488
-8.216283,-4.210216,1.402665,3.137035
-8.217393,-4.209582,1.402439,3.139810
-8.219673,-4.208712,1.401950,3.145858
-8.219673,-4.208712,1.401950,3.145858
-8.223202,-4.209108,1.401168,3.155142
-8.224351,-4.209461,1.400950,3.158091
-8.225516,-4.210140,1.400728,3.160911
-8.227736,-4.211752,1.400359,3.166104
-8.228776,-4.212654,1.400213,3.168462
-8.229777,-4.213829,1.400094,3.170664
-8.230715,-4.215059,1.399998,3.172694
-8.233088,-4.219184,1.399854,3.177827
-8.233088,-4.219184,1.399854,3.177827
-8.234244,-4.222315,1.399865,3.180497
-8.234244,-4.222315,1.399865,3.180497
-8.235246,-4.227221,1.399984,3.183568
-8.235246,-4.227221,1.399984,3.183568
-8.235367,-4.230672,1.400117,3.185086
-8.234975,-4.234173,1.400291,3.186261
-8.234560,-4.235938,1.400416,3.186715
-8.234018,-4.237676,1.400577,3.187083
-8.233350,-4.239384,1.400781,3.187348
-8.231419,-4.242822,1.401302,3.187623
-8.230292,-4.244498,1.401613,3.187636
-8.229074,-4.246149,1.401949,3.187549
-8.227636,-4.247791,1.402332,3.187361
-8.226129,-4.249417,1.402729,3.187066
-8.224562,-4.251032,1.403135,3.186673
-8.221139,-4.254237,1.403973,3.185585
-8.219303,-4.255844,1.404403,3.184898
-8.213557,-4.260730,1.405659,3.182394
-8.213557,-4.260730,1.405659,3.182394
-8.209533,-4.264083,1.406453,3.180454
-8.205454,-4.267582,1.407224,3.178406
-8.203396,-4.269410,1.407586,3.177382
-8.201369,-4.271283,1.407924,3.176355
-8.199376,-4.273204,1.408237,3.175349
-8.195384,-4.277270,1.408776,3.173416
-8.193455,-4.279387,1.408982,3.172507
-8.191572,-4.281563,1.409163,3.171647
-8.189739,-4.283800,1.409320,3.170840
-8.187950,-4.286160,1.409450,3.170085
-8.184532,-4.291083,1.409641,3.168730
-8.182905,-4.293646,1.409703,3.168134
-8.181327,-4.296342,1.409746,3.167585
-8.176935,-4.304846,1.409809,3.166223
-8.175618,-4.307896,1.409790,3.165847
-8.174356,-4.311015,1.409755,3.165512
-8.173151,-4.314197,1.409703,3.165213
-8.170939,-4.320844,1.409572,3.164704
-8.169933,-4.324307,1.409494,3.164485
-8.168981,-4.327836,1.409403,3.164280
-8.168081,-4.331432,1.409301,3.164092
-8.166519,-4.338992,1.409075,3.163741
-8.165815,-4.342866,1.408949,3.163573
-8.165161,-4.346789,1.408814,3.163411
-8.164608,-4.350874,1.408677,3.163252
-8.163644,-4.359215,1.408382,3.162918
-8.163231,-4.363469,1.408226,3.162747
-8.162912,-4.367867,1.408067,3.162569
-8.162404,-4.376815,1.407737,3.162187
-8.162213,-4.381350,1.407574,3.161973
-8.162026,-4.390737,1.407263,3.161513
-8.161998,-4.400301,1.406941,3.161009
-8.162041,-4.405145,1.406776,3.160738
-8.162131,-4.410101,1.406611,3.160457
-8.162257,-4.415095,1.406444,3.160151
-8.162419,-4.420127,1.406290,3.159834
-8.162852,-4.430336,1.405983,3.159171
-8.163123,-4.435523,1.405831,3.158822
-8.163427,-4.440742,1.405677,3.158462
-8.164141,-4.451317,1.405377,3.157727
-8.164548,-4.456669,1.405221,3.157333
-8.165456,-4.467459,1.404907,3.156527
-8.165962,-4.472918,1.404758,3.156109
-8.167063,-4.483914,1.404458,3.155269
-8.167656,-4.489450,1.404308,3.154830
-8.168279,-4.495058,1.404172,3.154393
-8.169608,-4.506341,1.403877,3.153493
-8.170313,-4.512017,1.403728,3.153042
-8.171033,-4.517764,1.403589,3.152582
-8.171779,-4.523521,1.403448,3.152117
-8.174163,-4.540964,1.403038,3.150758
-8.174163,-4.540964,1.403038,3.150758
-8.175877,-4.552782,1.402768,3.150112
-8.177689,-4.564768,1.402499,3.149923
-8.178627,-4.570812,1.402399,3.149980
-8.179589,-4.576874,1.402339,3.150114
-8.180573,-4.582944,1.402326,3.150290
-8.182588,-4.595082,1.402436,3.150679
-8.183613,-4.601127,1.402569,3.150856
-8.184650,-4.607138,1.402751,3.151011
-8.185699,-4.613103,1.402979,3.151143
-8.187803,-4.624850,1.403573,3.151305
-8.188861,-4.630608,1.403941,3.151334
-8.189920,-4.636278,1.404339,3.151307
-8.190965,-4.641833,1.404778,3.151243
-8.193045,-4.652619,1.405706,3.150986
-8.194078,-4.657832,1.406185,3.150787
-8.195100,-4.662864,1.406694,3.150549
-8.196114,-4.667760,1.407202,3.150271
-8.199084,-4.681455,1.408703,3.149297
-8.200045,-4.685643,1.409193,3.148896
-8.200994,-4.689673,1.409665,3.148478
-8.202832,-4.697097,1.410556,3.147577
-8.203722,-4.700488,1.410973,3.147092
-8.204600,-4.703714,1.411366,3.146604
-8.205465,-4.706779,1.411735,3.146102
-8.207118,-4.712030,1.412364,3.145067
-8.207925,-4.714410,1.412642,3.144536
-8.209469,-4.718472,1.413105,3.143454
-8.210932,-4.721685,1.413409,3.142349
-8.211644,-4.723069,1.413529,3.141793
-8.212345,-4.724298,1.413627,3.141225
-8.213012,-4.725170,1.413679,3.140658
-8.214309,-4.726470,1.413728,3.139520
-8.214940,-4.726903,1.413727,3.138944
-8.215534,-4.726986,1.413688,3.138366
-8.216119,-4.726933,1.413634,3.137788
-8.217770,-4.725823,1.413363,3.135972
-8.217770,-4.725823,1.413363,3.135972
-8.218766,-4.724215,1.413088,3.134702
-8.219253,-4.723231,1.412938,3.134069
-8.220108,-4.720560,1.412564,3.132795
-8.220523,-4.719061,1.412368,3.132153
-8.220929,-4.717455,1.412166,3.131522
-8.221295,-4.715597,1.411943,3.130899
-8.222002,-4.711587,1.411507,3.129669
-8.222342,-4.709440,1.411294,3.129077
-8.222644,-4.707038,1.411060,3.128502
-8.223219,-4.701975,1.410588,3.127413
-8.223493,-4.699317,1.410351,3.126892
-8.223956,-4.693504,1.409846,3.125920
-8.224383,-4.687404,1.409323,3.125011
-8.224572,-4.684126,1.409050,3.124585
-8.224751,-4.680781,1.408779,3.124170
-8.224917,-4.677367,1.408509,3.123781
-8.225074,-4.673888,1.408241,3.123409
-8.225346,-4.666665,1.407704,3.122721
-8.225565,-4.659124,1.407166,3.122087
-8.225565,-4.659124,1.407166,3.122087
-8.225753,-4.647264,1.406390,3.121313
-8.225780,-4.643181,1.406139,3.121095
-8.225794,-4.639044,1.405890,3.120904
-8.225716,-4.630517,1.405427,3.120570
-8.225656,-4.626184,1.405198,3.120428
-8.225581,-4.621799,1.404971,3.120291
-8.225456,-4.617325,1.404751,3.120177
-8.225161,-4.608236,1.404312,3.119980
-8.224991,-4.603622,1.404092,3.119904
-8.224760,-4.598939,1.403878,3.119846
-8.224514,-4.594212,1.403667,3.119804
-8.223654,-4.579780,1.403061,3.119779
-8.223654,-4.579780,1.403061,3.119779
-8.222962,-4.569923,1.402685,3.119847
-8.222593,-4.564934,1.402492,3.119891
-8.221749,-4.554788,1.402138,3.120006
-8.221304,-4.549657,1.401962,3.120073
-8.220842,-4.544497,1.401786,3.120145
-8.219806,-4.534024,1.401441,3.120292
-8.219261,-4.528734,1.401269,3.120377
-8.219261,-4.528734,1.401269,3.120377
-8.218700,-4.523409,1.401097,3.120468
-8.218122,-4.518049,1.400924,3.120561
-8.216891,-4.507205,1.400584,3.120756
-8.215589,-4.496247,1.400245,3.120969
-8.214913,-4.490718,1.400083,3.121078
-8.214913,-4.490718,1.400083,3.121078
-8.212762,-4.473951,1.399645,3.121407
-8.212015,-4.468281,1.399508,3.121481
-8.211248,-4.462581,1.399374,3.121522
-8.210462,-4.456851,1.399244,3.121525
-8.208828,-4.445309,1.398994,3.121405
-8.207973,-4.439493,1.398881,3.121315
-8.207087,-4.433652,1.398783,3.121207
-8.205210,-4.421905,1.398639,3.120923
-8.204212,-4.416005,1.398596,3.120771
-8.203170,-4.410094,1.398571,3.120611
-8.202079,-4.404176,1.398567,3.120458
-8.198457,-4.386461,1.398757,3.120154
-8.197132,-4.380582,1.398853,3.120106
-8.195724,-4.374733,1.398983,3.120094
-8.195724,-4.374733,1.398983,3.120094
-8.191099,-4.357376,1.399431,3.120238
-8.189384,-4.351681,1.399617,3.120347
-8.187596,-4.346042,1.399808,3.120474
-8.183804,-4.334924,1.400195,3.120787
-8.181793,-4.329453,1.400395,3.120963
-8.179652,-4.324083,1.400651,3.121060
-8.177412,-4.318778,1.400967,3.120988
-8.172634,-4.308376,1.401788,3.120225
-8.170052,-4.303351,1.402293,3.119533
-8.167395,-4.298409,1.402845,3.118657
-8.164674,-4.293554,1.403435,3.117639
-8.159006,-4.284207,1.404712,3.115283
-8.156080,-4.279724,1.405382,3.113984
-8.153131,-4.275345,1.406058,3.112646
-8.150167,-4.271075,1.406732,3.111291
-8.150167,-4.271075,1.406732,3.111291
-8.141054,-4.259281,1.408744,3.107333
-8.138039,-4.255589,1.409380,3.106128
-8.135009,-4.252137,1.410015,3.105009
-8.129039,-4.245608,1.411207,3.103074
-8.126108,-4.242535,1.411758,3.102285
-8.123212,-4.239716,1.412293,3.101630
-8.120363,-4.237027,1.412794,3.101120
-8.112189,-4.229889,1.414100,3.100461
-8.109615,-4.227863,1.414474,3.100524
-8.107100,-4.225968,1.414814,3.100734
-8.104648,-4.224206,1.415123,3.101083
-8.100121,-4.221404,1.415620,3.102135
-8.097953,-4.220197,1.415825,3.102831
-8.095850,-4.219110,1.416002,3.103638
-8.090155,-4.216963,1.416355,3.106627
-8.088422,-4.216554,1.416423,3.107775
-8.086753,-4.216267,1.416470,3.108990
-8.083856,-4.216402,1.416481,3.111579
-8.082499,-4.216627,1.416451,3.112931
-8.081202,-4.216965,1.416406,3.114336
-8.080094,-4.217589,1.416331,3.115761
-8.078051,-4.219159,1.416144,3.118658
-8.077112,-4.220101,1.416036,3.120113
-8.076339,-4.221315,1.415902,3.121585
-8.075617,-4.222627,1.415760,3.123043
-8.074947,-4.224035,1.415622,3.124496
-8.073852,-4.227268,1.415315,3.127400
-8.073423,-4.229106,1.415148,3.128832
-8.073041,-4.231031,1.414978,3.130239
-8.072357,-4.237635,1.414454,3.134328
-8.072246,-4.240049,1.414277,3.135644
-8.072174,-4.242540,1.414097,3.136932
-8.072330,-4.247993,1.413741,3.139421
-8.072463,-4.250824,1.413560,3.140632
-8.072633,-4.253725,1.413379,3.141811
-8.072903,-4.256814,1.413200,3.142965
-8.073543,-4.263184,1.412837,3.145163
-8.073912,-4.266462,1.412654,3.146211
-8.074312,-4.269802,1.412471,3.147230
-8.074822,-4.273294,1.412292,3.148218
-8.076525,-4.284107,1.411782,3.151021
-8.076525,-4.284107,1.411782,3.151021
-8.077953,-4.291782,1.411471,3.152723
-8.078707,-4.295696,1.411315,3.153526
-8.080343,-4.303752,1.410990,3.155039
-8.081225,-4.307891,1.410822,3.155771
-8.082130,-4.312077,1.410653,3.156465
-8.084051,-4.320674,1.410331,3.157761
-8.085065,-4.325083,1.410161,3.158363
-8.086101,-4.329535,1.409990,3.158952
-8.087156,-4.334028,1.409819,3.159514
-8.087156,-4.334028,1.409819,3.159514
-8.090576,-4.347988,1.409305,3.161009
-8.091754,-4.352714,1.409146,3.161463
-8.092969,-4.357560,1.408980,3.161897
-8.095454,-4.367360,1.408645,3.162673
-8.096724,-4.372314,1.408478,3.163026
-8.098025,-4.377355,1.408304,3.163350
-8.099343,-4.382430,1.408130,3.163650
-8.102028,-4.392659,1.407741,3.164195
-8.103396,-4.397894,1.407534,3.164438
-8.104781,-4.403161,1.407328,3.164654
-8.109028,-4.419144,1.406715,3.165183
-8.110449,-4.424589,1.406509,3.165315
-8.111885,-4.430063,1.406303,3.165427
-8.113335,-4.435556,1.406098,3.165523
-8.116259,-4.446671,1.405689,3.165666
-8.117733,-4.452293,1.405486,3.165702
-8.119221,-4.457940,1.405283,3.165719
-8.120723,-4.463613,1.405080,3.165717
-8.122221,-4.469361,1.404892,3.165699
-8.125257,-4.480919,1.404518,3.165624
-8.126795,-4.486728,1.404332,3.165557
-8.128344,-4.492609,1.404165,3.165479
-8.133065,-4.510381,1.403650,3.165148
-8.134664,-4.516389,1.403485,3.165016
-8.136275,-4.522416,1.403321,3.164862
-8.139533,-4.534523,1.402992,3.164501
-8.141174,-4.540634,1.402854,3.164310
-8.142827,-4.546764,1.402715,3.164101
-8.144491,-4.552912,1.402576,3.163886
-8.147858,-4.565277,1.402262,3.163409
-8.149560,-4.571496,1.402106,3.163167
-8.153005,-4.584017,1.401782,3.162901
-8.154742,-4.590335,1.401620,3.162927
-8.158257,-4.603060,1.401331,3.163252
-8.160030,-4.609451,1.401232,3.163523
-8.161813,-4.615849,1.401182,3.163810
-8.161813,-4.615849,1.401182,3.163810
-8.165352,-4.628640,1.401264,3.164394
-8.167126,-4.635002,1.401386,3.164671
-8.168900,-4.641327,1.401559,3.164916
-8.170651,-4.647614,1.401796,3.165115
-8.174142,-4.660000,1.402387,3.165390
-8.175876,-4.666077,1.402739,3.165439
-8.177582,-4.672065,1.403145,3.165442
-8.179277,-4.677952,1.403576,3.165389
-8.182632,-4.689391,1.404492,3.165104
-8.185879,-4.700293,1.405524,3.164593
-8.187478,-4.705538,1.406041,3.164265
-8.189061,-4.710639,1.406554,3.163884
-8.192097,-4.720231,1.407632,3.163014
-8.195058,-4.729189,1.408652,3.162027
-8.195058,-4.729189,1.408652,3.162027
-8.199229,-4.740962,1.410177,3.160381
-8.200579,-4.744551,1.410637,3.159798
-8.201874,-4.747792,1.411068,3.159208
-8.204401,-4.753769,1.411854,3.158001
-8.205634,-4.756505,1.412199,3.157389
-8.206813,-4.758862,1.412494,3.156768
-8.207973,-4.761054,1.412765,3.156132
-8.211338,-4.766686,1.413434,3.154137
-8.211338,-4.766686,1.413434,3.154137
-8.213426,-4.769164,1.413732,3.152731
-8.214443,-4.770173,1.413849,3.152000
-8.215444,-4.771032,1.413947,3.151261
-8.217342,-4.771852,1.414017,3.149748
-8.218269,-4.772067,1.414028,3.148986
-8.220062,-4.771865,1.413967,3.147445
-8.220930,-4.771457,1.413903,3.146669
-8.222623,-4.770265,1.413739,3.145117
-8.224238,-4.768168,1.413466,3.143513
-8.225029,-4.766967,1.413317,3.142699
-8.225805,-4.765656,1.413161,3.141865
-8.226555,-4.764051,1.412978,3.141027
-8.227291,-4.762344,1.412786,3.140189
-8.228720,-4.758629,1.412393,3.138545
-8.230057,-4.754189,1.411932,3.136933
-8.231339,-4.749409,1.411465,3.135353
-8.231928,-4.746735,1.411194,3.134576
-8.232503,-4.743979,1.410924,3.133814
-8.233061,-4.741146,1.410655,3.133075
-8.234109,-4.735095,1.410100,3.131669
-8.234598,-4.731883,1.409815,3.130995
-8.235070,-4.728601,1.409532,3.130355
-8.235525,-4.725252,1.409252,3.129731
-8.235965,-4.721850,1.408992,3.129138
-8.236760,-4.714609,1.408418,3.127992
-8.237130,-4.710896,1.408136,3.127463
-8.237482,-4.707125,1.407856,3.126959
-8.238361,-4.695134,1.406912,3.125580
-8.238361,-4.695134,1.406912,3.125580
-8.238827,-4.686790,1.406249,3.124781
-8.239192,-4.678164,1.405568,3.124045
-8.239347,-4.673778,1.405234,3.123699
-8.239458,-4.669270,1.404873,3.123376
-8.239551,-4.664716,1.404516,3.123075
-8.239707,-4.650735,1.403460,3.122252
-8.239707,-4.650735,1.403460,3.122252
-8.239701,-4.641134,1.402731,3.121767
-8.239670,-4.636271,1.402374,3.121543
-8.239555,-4.626299,1.401622,3.121130
-8.239467,-4.621256,1.401260,3.120960
-8.239356,-4.616175,1.400906,3.120812
-8.239216,-4.611002,1.400522,3.120690
-8.238873,-4.600569,1.399775,3.120501
-8.238668,-4.595300,1.399411,3.120425
-8.238441,-4.589952,1.399014,3.120358
-8.237634,-4.573716,1.397831,3.120182
-8.237322,-4.568241,1.397448,3.120133
-8.236976,-4.562703,1.397040,3.120095
-8.236217,-4.551557,1.396242,3.120047
-8.235805,-4.545941,1.395877,3.120032
-8.235368,-4.540271,1.395486,3.120022
-8.234906,-4.534574,1.395102,3.120026
-8.234421,-4.528850,1.394725,3.120037
-8.233373,-4.517302,1.393966,3.120102
-8.232222,-4.505640,1.393213,3.120178
-8.230972,-4.493869,1.392470,3.120236
-8.230309,-4.487937,1.392099,3.120249
-8.229619,-4.481984,1.391739,3.120239
-8.228901,-4.476011,1.391388,3.120219
-8.227376,-4.463963,1.390698,3.120142
-8.226562,-4.457918,1.390355,3.120078
-8.224822,-4.445737,1.389740,3.119843
-8.223890,-4.439606,1.389471,3.119688
-8.221888,-4.427321,1.389014,3.119361
-8.220785,-4.421132,1.388825,3.119220
-8.220785,-4.421132,1.388825,3.119220
-8.219628,-4.414951,1.388663,3.119095
-8.217140,-4.402642,1.388386,3.118920
-8.215767,-4.396477,1.388290,3.118874
-8.212824,-4.384245,1.388164,3.118871
-8.209609,-4.372179,1.388108,3.118984
-8.207850,-4.366201,1.388103,3.119078
-8.206017,-4.360278,1.388110,3.119201
-8.204113,-4.354415,1.388126,3.119343
-8.200027,-4.342894,1.388170,3.119682
-8.197845,-4.337233,1.388195,3.119873
-8.193256,-4.326133,1.388254,3.120304
-8.193256,-4.326133,1.388254,3.120304
-8.185533,-4.310118,1.388460,3.120567
-8.182765,-4.304943,1.388652,3.120277
-8.179812,-4.299919,1.388889,3.119755
-8.173672,-4.290138,1.389534,3.118125
-8.170506,-4.285391,1.389930,3.117078
-8.167187,-4.280826,1.390363,3.115924
-8.163830,-4.276364,1.390824,3.114671
-8.153531,-4.263730,1.392320,3.110683
-8.150020,-4.259810,1.392839,3.109347
-8.146516,-4.256009,1.393354,3.108041
-8.139482,-4.248873,1.394372,3.105621
-8.135966,-4.245543,1.394869,3.104537
-8.132485,-4.242337,1.395347,3.103568
-8.129045,-4.239258,1.395804,3.102704
-8.118896,-4.231211,1.397096,3.100905
-8.115623,-4.228788,1.397467,3.100601
-8.112410,-4.226496,1.397809,3.100441
-8.106215,-4.222600,1.398396,3.100535
-8.103218,-4.220848,1.398647,3.100791
-8.100287,-4.219226,1.398869,3.101171
-8.097484,-4.217890,1.399048,3.101676
-8.092085,-4.215591,1.399313,3.103036
-8.089492,-4.214634,1.399409,3.103878
-8.084664,-4.213401,1.399480,3.105836
-8.082356,-4.212969,1.399485,3.106932
-8.080120,-4.212660,1.399472,3.108084
-8.076012,-4.212723,1.399350,3.110584
-8.074059,-4.212915,1.399267,3.111903
-8.072176,-4.213222,1.399169,3.113268
-8.068778,-4.214441,1.398902,3.116072
-8.067176,-4.215214,1.398752,3.117510
-8.065637,-4.216095,1.398593,3.118955
-8.061611,-4.219756,1.398043,3.123320
-8.060388,-4.221162,1.397848,3.124781
-8.060388,-4.221162,1.397848,3.124781
-8.059291,-4.222797,1.397629,3.126241
-8.057265,-4.226343,1.397180,3.129104
-8.056334,-4.228250,1.396935,3.130507
-8.055527,-4.230376,1.396672,3.131895
-8.054770,-4.232586,1.396410,3.133251
-8.052798,-4.239662,1.395627,3.137195
-8.052798,-4.239662,1.395627,3.137195
-8.051859,-4.244964,1.395073,3.139699
-8.051097,-4.250557,1.394567,3.142089
-8.050831,-4.253553,1.394307,3.143231
-8.050605,-4.256616,1.394050,3.144340
-8.050420,-4.259745,1.393797,3.145424
-8.050274,-4.262922,1.393548,3.146475
-8.050197,-4.269650,1.393041,3.148507
-8.050267,-4.276618,1.392549,3.150419
-8.050267,-4.276618,1.392549,3.150419
-8.050781,-4.287753,1.391863,3.153039
-8.051020,-4.291573,1.391642,3.153848
-8.051339,-4.295521,1.391433,3.154628
-8.052072,-4.303568,1.391016,3.156117
-8.052484,-4.307666,1.390814,3.156823
-8.052961,-4.311898,1.390624,3.157499
-8.053467,-4.316176,1.390437,3.158139
-8.055192,-4.329350,1.389896,3.159897
-8.055192,-4.329350,1.389896,3.159897
-8.056529,-4.338441,1.389550,3.160964
-8.058003,-4.347777,1.389224,3.161919
-8.058797,-4.352545,1.389069,3.162356
-8.059613,-4.357350,1.388917,3.162767
-8.060454,-4.362194,1.388769,3.163153
-8.063197,-4.377067,1.388267,3.164178
-8.064170,-4.382115,1.388101,3.164477
-8.065164,-4.387197,1.387939,3.164747
-8.067259,-4.397607,1.387599,3.165239
-8.068337,-4.402860,1.387427,3.165447
-8.069435,-4.408145,1.387259,3.165626
-8.070566,-4.413523,1.387078,3.165788
-8.072886,-4.424350,1.386730,3.166052
-8.074073,-4.429807,1.386562,3.166167
-8.076544,-4.440923,1.386215,3.166316
-8.077806,-4.446523,1.386038,3.166365
-8.080398,-4.457833,1.385689,3.166403
-8.081727,-4.463544,1.385516,3.166396
-8.083072,-4.469271,1.385348,3.166368
-8.087230,-4.486663,1.384833,3.166189
-8.087230,-4.486663,1.384833,3.166189
-8.088651,-4.492518,1.384663,3.166109
-8.090087,-4.498396,1.384498,3.166003
-8.091525,-4.504333,1.384312,3.165882
-8.094442,-4.516262,1.383955,3.165591
-8.095922,-4.522254,1.383784,3.165429
-8.097406,-4.528304,1.383591,3.165252
-8.101938,-4.546568,1.383124,3.164625
-8.103476,-4.552694,1.382977,3.164395
-8.105002,-4.558874,1.382809,3.164156
-8.108095,-4.571278,1.382488,3.163641
-8.109660,-4.577502,1.382325,3.163373
-8.112833,-4.590096,1.381949,3.162986
-8.114443,-4.596439,1.381763,3.162931
-8.117705,-4.609232,1.381409,3.163127
-8.119356,-4.615670,1.381274,3.163336
-8.121017,-4.622118,1.381191,3.163586
-8.122686,-4.628561,1.381157,3.163854
-8.126034,-4.641444,1.381219,3.164402
-8.129390,-4.654198,1.381513,3.164852
-8.131038,-4.660513,1.381730,3.165015
-8.134324,-4.672935,1.382306,3.165198
-8.135958,-4.679022,1.382656,3.165208
-8.137558,-4.684991,1.383039,3.165170
-8.139148,-4.690856,1.383450,3.165086
-8.142291,-4.702236,1.384334,3.164761
-8.145325,-4.712970,1.385293,3.164245
-8.148297,-4.723139,1.386273,3.163528
-8.149722,-4.727867,1.386782,3.163105
-8.151131,-4.732439,1.387280,3.162655
-8.152520,-4.736853,1.387767,3.162169
-8.156549,-4.748922,1.389119,3.160590
-8.157832,-4.752486,1.389528,3.160016
-8.159096,-4.755883,1.389914,3.159433
-8.161525,-4.761955,1.390609,3.158230
-8.162690,-4.764633,1.390918,3.157599
-8.163836,-4.767146,1.391201,3.156958
-8.164964,-4.769493,1.391462,3.156301
-8.168103,-4.774847,1.392070,3.154271
-8.169113,-4.776316,1.392227,3.153561
-8.170072,-4.777394,1.392341,3.152837
-8.171943,-4.779130,1.392509,3.151344
-8.172853,-4.779779,1.392573,3.150581
-8.174556,-4.780163,1.392618,3.149038
-8.176193,-4.780003,1.392604,3.147506
-8.176955,-4.779500,1.392569,3.146755
-8.177702,-4.778872,1.392522,3.146007
-8.178435,-4.778139,1.392465,3.145261
-8.179840,-4.776111,1.392351,3.143762
-8.180512,-4.774823,1.392278,3.143021
-8.181171,-4.773425,1.392198,3.142287
-8.181816,-4.771919,1.392112,3.141580
-8.183041,-4.768214,1.391908,3.140182
-8.183638,-4.766232,1.391800,3.139506
-8.184222,-4.764155,1.391687,3.138826
-8.184795,-4.761985,1.391572,3.138155
-8.185907,-4.757035,1.391334,3.136856
-8.186448,-4.754433,1.391212,3.136231
-8.186977,-4.751748,1.391088,3.135629
-8.187496,-4.748821,1.390965,3.135039
-8.189002,-4.739619,1.390569,3.133354
-8.189002,-4.739619,1.390569,3.133354
-8.189960,-4.732861,1.390306,3.132312
-8.189960,-4.732861,1.390306,3.132312
-8.191335,-4.722102,1.389907,3.130844
-8.191335,-4.722102,1.389907,3.130844
-8.192215,-4.714449,1.389642,3.129963
-8.193072,-4.706491,1.389390,3.129130
-8.193491,-4.702378,1.389270,3.128733
-8.193904,-4.698212,1.389151,3.128357
-8.194310,-4.693993,1.389033,3.127993
-8.195079,-4.685215,1.388803,3.127312
-8.195824,-4.676240,1.388576,3.126671
-8.196200,-4.671608,1.388484,3.126380
-8.196937,-4.662206,1.388303,3.125828
-8.197295,-4.657437,1.388203,3.125582
-8.197674,-4.652555,1.388120,3.125348
-8.198045,-4.647631,1.388038,3.125126
-8.199119,-4.632616,1.387802,3.124561
-8.199119,-4.632616,1.387802,3.124561
-8.199816,-4.622309,1.387683,3.124250
-8.200487,-4.611847,1.387556,3.124022
-8.200825,-4.606522,1.387507,3.123923
-8.201158,-4.601160,1.387459,3.123835
-8.201485,-4.595762,1.387413,3.123760
-8.202129,-4.584829,1.387332,3.123615
-8.202447,-4.579296,1.387302,3.123546
-8.203066,-4.568130,1.387241,3.123421
-8.203066,-4.568130,1.387241,3.123421
-8.203928,-4.551046,1.387202,3.123316
-8.204202,-4.545290,1.387189,3.123303
-8.204459,-4.539465,1.387207,3.123300
-8.204953,-4.527741,1.387223,3.123301
-8.205190,-4.521836,1.387231,3.123298
-8.205419,-4.515882,1.387264,3.123293
-8.205640,-4.509900,1.387294,3.123280
-8.206240,-4.491776,1.387392,3.123238
-8.206412,-4.485668,1.387434,3.123228
-8.206572,-4.479543,1.387476,3.123222
-8.206842,-4.467195,1.387584,3.123127
-8.206956,-4.460968,1.387653,3.122988
-8.207057,-4.454710,1.387732,3.122763
-8.207144,-4.448423,1.387823,3.122471
-8.207253,-4.435769,1.388093,3.121716
-8.207267,-4.429417,1.388268,3.121314
-8.207243,-4.423053,1.388467,3.120923
-8.207179,-4.416685,1.388691,3.120564
-8.206904,-4.403955,1.389251,3.119944
-8.206686,-4.397608,1.389554,3.119704
-8.206036,-4.384994,1.390250,3.119375
-8.206036,-4.384994,1.390250,3.119375
-8.204507,-4.366358,1.391445,3.119246
-8.203805,-4.360264,1.391891,3.119279
-8.203026,-4.354223,1.392340,3.119339
-8.202168,-4.348240,1.392788,3.119440
-8.200153,-4.336504,1.393706,3.119714
-8.198996,-4.330759,1.394171,3.119884
-8.197752,-4.325085,1.394627,3.120063
-8.194928,-4.314054,1.395529,3.120461
-8.193343,-4.308692,1.395973,3.120653
-8.191656,-4.303410,1.396441,3.120740
-8.189859,-4.298207,1.396954,3.120624
-8.183543,-4.283408,1.398825,3.118826
-8.181254,-4.278650,1.399526,3.117818
-8.178782,-4.274124,1.400259,3.116660
-8.173660,-4.265366,1.401771,3.114022
-8.171032,-4.261139,1.402540,3.112607
-8.168373,-4.257020,1.403308,3.111151
-8.165578,-4.253151,1.404083,3.109682
-8.157148,-4.242222,1.406312,3.105416
-8.154260,-4.238968,1.407026,3.104128
-8.151388,-4.235833,1.407714,3.102925
-8.148540,-4.232818,1.408373,3.101822
-8.142879,-4.227315,1.409612,3.099981
-8.140075,-4.224828,1.410189,3.099261
-8.137316,-4.222465,1.410731,3.098683
-8.129359,-4.216475,1.412160,3.097833
-8.126820,-4.214787,1.412569,3.097844
-8.124338,-4.213224,1.412945,3.097992
-8.121965,-4.211975,1.413278,3.098274
-8.119654,-4.210848,1.413579,3.098679
-8.115216,-4.208966,1.414085,3.099845
-8.113162,-4.208393,1.414283,3.100595
-8.109245,-4.207589,1.414605,3.102397
-8.107383,-4.207365,1.414731,3.103424
-8.105684,-4.207440,1.414820,3.104529
-8.104049,-4.207630,1.414890,3.105691
-8.099621,-4.209052,1.414980,3.109510
-8.099621,-4.209052,1.414980,3.109510
-8.098336,-4.209864,1.414975,3.110862
-8.097111,-4.210765,1.414957,3.112257
-8.094832,-4.212877,1.414885,3.115122
-8.093886,-4.214259,1.414852,3.116578
-8.092995,-4.215738,1.414809,3.118032
-8.092156,-4.217311,1.414758,3.119491
-8.091370,-4.218977,1.414700,3.120952
-8.090186,-4.222905,1.414582,3.123831
-8.089666,-4.224988,1.414513,3.125267
-8.089193,-4.227156,1.414439,3.126701
-8.088585,-4.232010,1.414310,3.129494
-8.088345,-4.234553,1.414239,3.130868
-8.088079,-4.239999,1.414096,3.133530
-8.088079,-4.239999,1.414096,3.133530
-8.088108,-4.248863,1.413880,3.137346
-8.088260,-4.252066,1.413810,3.138574
-8.088447,-4.255332,1.413737,3.139781
-8.088922,-4.262052,1.413585,3.142082
-8.089256,-4.265601,1.413505,3.143189
-8.089623,-4.269208,1.413424,3.144264
-8.090021,-4.272871,1.413342,3.145312
-8.090945,-4.280430,1.413209,3.147333
-8.091471,-4.284337,1.413143,3.148304
-8.092024,-4.288297,1.413076,3.149253
-8.092606,-4.292306,1.413006,3.150175
-8.093908,-4.300639,1.412883,3.151924
-8.094599,-4.304876,1.412821,3.152748
-8.095316,-4.309160,1.412756,3.153545
-8.096058,-4.313476,1.412690,3.154311
-8.098445,-4.326898,1.412502,3.156483
-8.099289,-4.331456,1.412435,3.157160
-8.100151,-4.336104,1.412371,3.157803
-8.100151,-4.336104,1.412371,3.157803
-8.102872,-4.350272,1.412153,3.159572
-8.102872,-4.350272,1.412153,3.159572
-8.104782,-4.359975,1.412003,3.160641
-8.105769,-4.364882,1.411926,3.161130
-8.107806,-4.374846,1.411762,3.162054
-8.108854,-4.379901,1.411675,3.162479
-8.109923,-4.384991,1.411588,3.162869
-8.112127,-4.395299,1.411407,3.163589
-8.113262,-4.400517,1.411314,3.163928
-8.114415,-4.405765,1.411220,3.164240
-8.115586,-4.411045,1.411124,3.164523
-8.118008,-4.421766,1.410970,3.165024
-8.119244,-4.427171,1.410890,3.165239
-8.120497,-4.432604,1.410809,3.165439
-8.121789,-4.438096,1.410716,3.165613
-8.123096,-4.443606,1.410621,3.165766
-8.125760,-4.454708,1.410426,3.166026
-8.127127,-4.460307,1.410310,3.166126
-8.128510,-4.465931,1.410193,3.166210
-8.128510,-4.465931,1.410193,3.166210
-8.132746,-4.482957,1.409837,3.166339
-8.132746,-4.482957,1.409837,3.166339
-8.135664,-4.494427,1.409578,3.166324
-8.138638,-4.505984,1.409290,3.166259
-8.140158,-4.511786,1.409136,3.166198
-8.141691,-4.517611,1.408982,3.166121
-8.143238,-4.523458,1.408829,3.166033
-8.144796,-4.529327,1.408676,3.165926
-8.147940,-4.541091,1.408349,3.165676
-8.149529,-4.547002,1.408191,3.165530
-8.151131,-4.552934,1.408035,3.165371
-8.152761,-4.558862,1.407870,3.165195
-8.156054,-4.570779,1.407542,3.164806
-8.159399,-4.582748,1.407183,3.164361
-8.159399,-4.582748,1.407183,3.164361
-8.164507,-4.600793,1.406640,3.163609
-8.166221,-4.606816,1.406428,3.163342
-8.167944,-4.612861,1.406217,3.163084
-8.171432,-4.625039,1.405792,3.162786
-8.173181,-4.631155,1.405557,3.162782
-8.174943,-4.637306,1.405341,3.162876
-8.176718,-4.643484,1.405159,3.163048
-8.178501,-4.649676,1.405021,3.163282
-8.182077,-4.662015,1.404893,3.163834
-8.185671,-4.674306,1.404983,3.164367
-8.189236,-4.686429,1.405323,3.164785
-8.191001,-4.692394,1.405568,3.164927
-8.192760,-4.698293,1.405853,3.165016
-8.194512,-4.704110,1.406173,3.165062
-8.197944,-4.715389,1.406949,3.165005
-8.199642,-4.720875,1.407389,3.164896
-8.201329,-4.726248,1.407843,3.164724
-8.202966,-4.731421,1.408349,3.164512
-8.206193,-4.741376,1.409368,3.163959
-8.207783,-4.746144,1.409873,3.163598
-8.210835,-4.754952,1.410954,3.162776
-8.212334,-4.759130,1.411481,3.162321
-8.215231,-4.766815,1.412516,3.161342
-8.215231,-4.766815,1.412516,3.161342
-8.218005,-4.773662,1.413499,3.160276
-8.219362,-4.776843,1.413953,3.159721
-8.221932,-4.782235,1.414828,3.158543
-8.223189,-4.784689,1.415230,3.157899
-8.224426,-4.786983,1.415603,3.157226
-8.225608,-4.788849,1.415958,3.156514
-8.227914,-4.792112,1.416584,3.154999
-8.229038,-4.793512,1.416857,3.154205
-8.230107,-4.794470,1.417096,3.153388
-8.232191,-4.795972,1.417519,3.151666
-8.233204,-4.796506,1.417697,3.150773
-8.234197,-4.796897,1.417852,3.149858
-8.235133,-4.796870,1.417977,3.148926
-8.236946,-4.796417,1.418170,3.147046
-8.237822,-4.795995,1.418234,3.146117
-8.238621,-4.795187,1.418277,3.145180
-8.239401,-4.794275,1.418307,3.144262
-8.240160,-4.793246,1.418324,3.143337
-8.241552,-4.790588,1.418319,3.141541
-8.242185,-4.788968,1.418299,3.140671
-8.242796,-4.787244,1.418269,3.139812
-8.243385,-4.785419,1.418227,3.138967
-8.244381,-4.781049,1.418121,3.137356
-8.244847,-4.778736,1.418059,3.136576
-8.245293,-4.776334,1.417990,3.135810
-8.246016,-4.770885,1.417845,3.134348
-8.246346,-4.768043,1.417768,3.133648
-8.246654,-4.765123,1.417687,3.132972
-8.246878,-4.761940,1.417619,3.132309
-8.247268,-4.755382,1.417470,3.131042
-8.247432,-4.752011,1.417390,3.130430
-8.247519,-4.748404,1.417323,3.129843
-8.247587,-4.744736,1.417253,3.129290
-8.247615,-4.733233,1.417067,3.127766
-8.247550,-4.729190,1.417014,3.127303
-8.247465,-4.725095,1.416958,3.126879
-8.247237,-4.716784,1.416837,3.126096
-8.247047,-4.712434,1.416795,3.125729
-8.246838,-4.708039,1.416750,3.125393
-8.246609,-4.703599,1.416703,3.125076
-8.246059,-4.694478,1.416605,3.124517
-8.245741,-4.689800,1.416556,3.124277
-8.245403,-4.685082,1.416504,3.124058
-8.245049,-4.680337,1.416450,3.123848
-8.244226,-4.670563,1.416323,3.123476
-8.243790,-4.665622,1.416256,3.123313
-8.243337,-4.660645,1.416187,3.123163
-8.242856,-4.655570,1.416117,3.123022
-8.242360,-4.650461,1.416044,3.122884
-8.241848,-4.645319,1.415967,3.122756
-8.240769,-4.634888,1.415820,3.122530
-8.240200,-4.629590,1.415744,3.122427
-8.239614,-4.624261,1.415665,3.122338
-8.238387,-4.613441,1.415502,3.122203
-8.237745,-4.607951,1.415418,3.122157
-8.237086,-4.602434,1.415333,3.122120
-8.235003,-4.585648,1.415000,3.122095
-8.235003,-4.585648,1.415000,3.122095
-8.234275,-4.579988,1.414885,3.122111
-8.231975,-4.562780,1.414511,3.122214
-8.231173,-4.556984,1.414369,3.122258
-8.230353,-4.551165,1.414226,3.122312
-8.229516,-4.545323,1.414081,3.122369
-8.229516,-4.545323,1.414081,3.122369
-8.228657,-4.539443,1.413926,3.122434
-8.226883,-4.527621,1.413615,3.122601
-8.225967,-4.521679,1.413460,3.122701
-8.225030,-4.515688,1.413288,3.122805
-8.223099,-4.503650,1.412972,3.122992
-8.222104,-4.497602,1.412814,3.123094
-8.221099,-4.491519,1.412645,3.123192
-8.220075,-4.485427,1.412477,3.123282
-8.219030,-4.479317,1.412310,3.123351
-8.216881,-4.467041,1.411986,3.123461
-8.215775,-4.460875,1.411832,3.123476
-8.214645,-4.454690,1.411686,3.123451
-8.212317,-4.442260,1.411417,3.123286
-8.211113,-4.436026,1.411299,3.123172
-8.209874,-4.429781,1.411197,3.123038
-8.208598,-4.423528,1.411114,3.122891
-8.205930,-4.411002,1.411070,3.122596
-8.204525,-4.404747,1.411075,3.122472
-8.203070,-4.398505,1.411098,3.122372
-8.201566,-4.392269,1.411142,3.122301
-8.200006,-4.386057,1.411200,3.122250
-8.196707,-4.373743,1.411366,3.122247
-8.194950,-4.367636,1.411469,3.122293
-8.193129,-4.361575,1.411582,3.122367
-8.193129,-4.361575,1.411582,3.122367
-8.187262,-4.343708,1.411959,3.122729
-8.185127,-4.337892,1.412091,3.122891
-8.182922,-4.332142,1.412224,3.123069
-8.178299,-4.320868,1.412479,3.123441
-8.175791,-4.315381,1.412650,3.123537
-8.173188,-4.309970,1.412882,3.123452
-8.170489,-4.304637,1.413180,3.123142
-8.164742,-4.294290,1.413944,3.121872
-8.161716,-4.289284,1.414403,3.120940
-8.158630,-4.284373,1.414905,3.119866
-8.155499,-4.279570,1.415439,3.118683
-8.152221,-4.274966,1.416000,3.117410
-8.145596,-4.266082,1.417170,3.114702
-8.142265,-4.261809,1.417764,3.113310
-8.138826,-4.257765,1.418376,3.111932
-8.135397,-4.253840,1.418977,3.110585
-8.128591,-4.246362,1.420144,3.108060
-8.125136,-4.242950,1.420723,3.106927
-8.121717,-4.239665,1.421279,3.105889
-8.115006,-4.233482,1.422317,3.104189
-8.111686,-4.230751,1.422820,3.103539
-8.108419,-4.228152,1.423294,3.103028
-8.105209,-4.225685,1.423737,3.102656
-8.105209,-4.225685,1.423737,3.102656
-8.096007,-4.219461,1.424871,3.102422
-8.096007,-4.219461,1.424871,3.102422
-8.090221,-4.216101,1.425476,3.102987
-8.090221,-4.216101,1.425476,3.102987
-8.082211,-4.212445,1.426161,3.104756
-8.079705,-4.211552,1.426331,3.105561
-8.077272,-4.210785,1.426479,3.106455
-8.072811,-4.210019,1.426644,3.108505
-8.070685,-4.209820,1.426701,3.109637
-8.070685,-4.209820,1.426701,3.109637
-8.066749,-4.210002,1.426728,3.112092
-8.063189,-4.210863,1.426662,3.114728
-8.061507,-4.211463,1.426611,3.116093
-8.059994,-4.212375,1.426526,3.117478
-8.058542,-4.213376,1.426431,3.118878
-8.057154,-4.214480,1.426324,3.120300
-8.055826,-4.215688,1.426210,3.121739
-8.053553,-4.218800,1.425918,3.124607
-8.052502,-4.220499,1.425765,3.126035
-8.050665,-4.224355,1.425429,3.128856
-8.049875,-4.226487,1.425247,3.130240
-8.049136,-4.228703,1.425064,3.131619
-8.048447,-4.231004,1.424879,3.132979
-8.047400,-4.236200,1.424494,3.135633
-8.046946,-4.238914,1.424301,3.136919
-8.046535,-4.241702,1.424109,3.138176
-8.046263,-4.244722,1.423917,3.139403
-8.046032,-4.247813,1.423716,3.140606
-8.045691,-4.254158,1.423318,3.142929
-8.045579,-4.257430,1.423122,3.144049
-8.045585,-4.260897,1.422930,3.145137
-8.045627,-4.264424,1.422740,3.146196
-8.045818,-4.271658,1.422364,3.148214
-8.046034,-4.275493,1.422191,3.149179
-8.046283,-4.279383,1.422020,3.150112
-8.046562,-4.283310,1.421851,3.151009
-8.047275,-4.291442,1.421522,3.152737
-8.047706,-4.295644,1.421364,3.153562
-8.048165,-4.299894,1.421206,3.154352
-8.048655,-4.304192,1.421053,3.155111
-8.049812,-4.313138,1.420756,3.156547
-8.050431,-4.317677,1.420608,3.157216
-8.051076,-4.322245,1.420460,3.157866
-8.052513,-4.331703,1.420163,3.159090
-8.053269,-4.336492,1.420017,3.159658
-8.054049,-4.341319,1.419873,3.160201
-8.054886,-4.346266,1.419729,3.160721
-8.056630,-4.356270,1.419444,3.161664
-8.057535,-4.361313,1.419302,3.162097
-8.058493,-4.366450,1.419168,3.162516
-8.059472,-4.371621,1.419033,3.162908
-8.061492,-4.382059,1.418777,3.163632
-8.062565,-4.387386,1.418660,3.163948
-8.063657,-4.392744,1.418542,3.164247
-8.064768,-4.398131,1.418423,3.164526
-8.067044,-4.408985,1.418184,3.165018
-8.068213,-4.414496,1.418071,3.165232
-8.069401,-4.420035,1.417958,3.165426
-8.070604,-4.425602,1.417845,3.165589
-8.071826,-4.431196,1.417732,3.165737
-8.074341,-4.442534,1.417508,3.165976
-8.075622,-4.448241,1.417395,3.166067
-8.076920,-4.453973,1.417282,3.166139
-8.079573,-4.465529,1.417084,3.166218
-8.080922,-4.471344,1.416984,3.166233
-8.083678,-4.483068,1.416795,3.166215
-8.083678,-4.483068,1.416795,3.166215
-8.085085,-4.488977,1.416705,3.166184
-8.086505,-4.494907,1.416615,3.166141
-8.089396,-4.506852,1.416431,3.165986
-8.090865,-4.512856,1.416353,3.165889
-8.095344,-4.531016,1.416131,3.165503
-8.095344,-4.531016,1.416131,3.165503
-8.098389,-4.543254,1.416003,3.165180
-8.098389,-4.543254,1.416003,3.165180
-8.103039,-4.561784,1.415841,3.164602
-8.104610,-4.567998,1.415786,3.164388
-8.106193,-4.574229,1.415729,3.164160
-8.109352,-4.586791,1.415635,3.163692
-8.110951,-4.593105,1.415578,3.163514
-8.112564,-4.599451,1.415514,3.163440
-8.114190,-4.605828,1.415450,3.163467
-8.114190,-4.605828,1.415450,3.163467
-8.119093,-4.625128,1.415397,3.164052
-8.120746,-4.631584,1.415462,3.164351
-8.122375,-4.638046,1.415581,3.164659
-8.125648,-4.650912,1.415986,3.165224
-8.127285,-4.657295,1.416261,3.165467
-8.128898,-4.663648,1.416597,3.165667
-8.130508,-4.669940,1.416973,3.165825
-8.132113,-4.676157,1.417384,3.165924
-8.135283,-4.688349,1.418347,3.165981
-8.135283,-4.688349,1.418347,3.165981
-8.136847,-4.694305,1.418889,3.165923
-8.138399,-4.700151,1.419446,3.165805
-8.139938,-4.705880,1.420015,3.165631
-8.142909,-4.716902,1.421251,3.165163
-8.144369,-4.722207,1.421868,3.164867
-8.145813,-4.727364,1.422477,3.164532
-8.147195,-4.732282,1.423108,3.164169
-8.149906,-4.741653,1.424326,3.163368
-8.151234,-4.746098,1.424908,3.162922
-8.152482,-4.750231,1.425493,3.162461
-8.154922,-4.758000,1.426588,3.161472
-8.156115,-4.761636,1.427093,3.160937
-8.157230,-4.764908,1.427571,3.160366
-8.158329,-4.768012,1.428020,3.159774
-8.159410,-4.770948,1.428440,3.159157
-8.161517,-4.776317,1.429195,3.157857
-8.162472,-4.778529,1.429528,3.157184
-8.163409,-4.780578,1.429834,3.156498
-8.166055,-4.785555,1.430562,3.154368
-8.166055,-4.785555,1.430562,3.154368
-8.166860,-4.786752,1.430753,3.153641
-8.167648,-4.787797,1.430922,3.152905
-8.169117,-4.789194,1.431170,3.151434
-8.169799,-4.789553,1.431244,3.150695
-8.170467,-4.789773,1.431300,3.149959
-8.171122,-4.789857,1.431341,3.149226
-8.172277,-4.789152,1.431304,3.147758
-8.172836,-4.788610,1.431268,3.147019
-8.173385,-4.787944,1.431220,3.146286
-8.173851,-4.786925,1.431130,3.145566
-8.174754,-4.784544,1.430919,3.144139
-8.175192,-4.783188,1.430801,3.143429
-8.175554,-4.781504,1.430658,3.142721
-8.175912,-4.779736,1.430509,3.142015
-8.176872,-4.773655,1.430001,3.139919
-8.176872,-4.773655,1.430001,3.139919
-8.177135,-4.771316,1.429804,3.139242
-8.177392,-4.768889,1.429605,3.138568
-8.177998,-4.760772,1.428979,3.136630
-8.178169,-4.757862,1.428765,3.136003
-8.178337,-4.754875,1.428550,3.135381
-8.178613,-4.748533,1.428099,3.134184
-8.178721,-4.745183,1.427870,3.133610
-8.178721,-4.745183,1.427870,3.133610
-8.178927,-4.738281,1.427416,3.132511
-8.178983,-4.734595,1.427183,3.131995
-8.179090,-4.727067,1.426731,3.131024
-8.179138,-4.723213,1.426512,3.130570
-8.179157,-4.719168,1.426277,3.130132
-8.179187,-4.710914,1.425814,3.129317
-8.179198,-4.706707,1.425586,3.128943
-8.179198,-4.706707,1.425586,3.128943
-8.179170,-4.702318,1.425349,3.128590
-8.179139,-4.697881,1.425113,3.128257
-8.179109,-4.693406,1.424872,3.127938
-8.179018,-4.684195,1.424386,3.127328
-8.179018,-4.684195,1.424386,3.127328
-8.178898,-4.674685,1.423902,3.126768
-8.178756,-4.664911,1.423421,3.126283
-8.178675,-4.659915,1.423168,3.126064
-8.178593,-4.654878,1.422917,3.125848
-8.178514,-4.649810,1.422668,3.125640
-8.178302,-4.639386,1.422130,3.125255
-8.178197,-4.634118,1.421864,3.125090
-8.178093,-4.628813,1.421599,3.124937
-8.177979,-4.623402,1.421324,3.124802
-8.177867,-4.617957,1.421066,3.124678
-8.177645,-4.606972,1.420558,3.124478
-8.177535,-4.601432,1.420308,3.124395
-8.177421,-4.595798,1.420048,3.124315
-8.177307,-4.590132,1.419790,3.124249
-8.177084,-4.578706,1.419278,3.124153
-8.176976,-4.572903,1.419007,3.124118
-8.176869,-4.567071,1.418739,3.124091
-8.176764,-4.561210,1.418474,3.124077
-8.176559,-4.549389,1.417929,3.124089
-8.176459,-4.543426,1.417649,3.124105
-8.176359,-4.537435,1.417372,3.124134
-8.176165,-4.525352,1.416802,3.124211
-8.176069,-4.519261,1.416514,3.124276
-8.175976,-4.513145,1.416230,3.124349
-8.175883,-4.507004,1.415950,3.124428
-8.175705,-4.494614,1.415371,3.124599
-8.175619,-4.488383,1.415097,3.124697
-8.175535,-4.482129,1.414827,3.124796
-8.175464,-4.475820,1.414534,3.124897
-8.175326,-4.463135,1.413959,3.125139
-8.175260,-4.456761,1.413676,3.125273
-8.175192,-4.450330,1.413370,3.125409
-8.175126,-4.443879,1.413085,3.125536
-8.175056,-4.437392,1.412827,3.125623
-8.174906,-4.424267,1.412477,3.125605
-8.174827,-4.417635,1.412385,3.125482
-8.174749,-4.410980,1.412358,3.125264
-8.174607,-4.397641,1.412486,3.124633
-8.174528,-4.390955,1.412621,3.124237
-8.174459,-4.384289,1.412806,3.123793
-8.174404,-4.377655,1.413038,3.123307
-8.174364,-4.371064,1.413313,3.122794
-8.174308,-4.358004,1.413990,3.121764
-8.174310,-4.351581,1.414369,3.121260
-8.174334,-4.345245,1.414769,3.120768
-8.174467,-4.332865,1.415676,3.119900
-8.174572,-4.326843,1.416139,3.119545
-8.174704,-4.320942,1.416603,3.119249
-8.174886,-4.315187,1.417085,3.119016
-8.175336,-4.304088,1.418024,3.118767
-8.175603,-4.298756,1.418468,3.118748
-8.175926,-4.293671,1.418913,3.118804
-8.176278,-4.288741,1.419339,3.118939
-8.177069,-4.279356,1.420123,3.119456
-8.177528,-4.275054,1.420493,3.119823
-8.178018,-4.270916,1.420838,3.120272
-8.178536,-4.266943,1.421157,3.120778
-8.179694,-4.259684,1.421745,3.121977
-8.180332,-4.256398,1.422001,3.122675
-8.180332,-4.256398,1.422001,3.122675
-8.180999,-4.253277,1.422231,3.123420
-8.181692,-4.250313,1.422436,3.124204
-8.183215,-4.245303,1.422734,3.126176
-8.184031,-4.243031,1.422782,3.127677
-8.185784,-4.238943,1.422649,3.132008
-8.185784,-4.238943,1.422649,3.132008
-8.187726,-4.235921,1.422326,3.137747
-8.188729,-4.234620,1.422138,3.140905
-8.189741,-4.233464,1.421950,3.144151
-8.190789,-4.232686,1.421757,3.147398
-8.192857,-4.231512,1.421418,3.153751
-8.193860,-4.231101,1.421275,3.156786
-8.194863,-4.231017,1.421143,3.159684
-8.195827,-4.231030,1.421032,3.162426
-8.196745,-4.231132,1.420942,3.165017
-8.198424,-4.231728,1.420835,3.169699
-8.199174,-4.232222,1.420815,3.171784
-8.199852,-4.232773,1.420814,3.173703
-8.200960,-4.234200,1.420884,3.177083
-8.201381,-4.235061,1.420951,3.178542
-8.201714,-4.235950,1.421028,3.179860
-8.201954,-4.236864,1.421114,3.181038
-8.202034,-4.239017,1.421373,3.183062
-8.201914,-4.240104,1.421530,3.183867
-8.201193,-4.242369,1.421999,3.184972
-8.201193,-4.242369,1.421999,3.184972
-8.199063,-4.245847,1.423046,3.185560
-8.198002,-4.247058,1.423484,3.185524
-8.196858,-4.248262,1.423944,3.185377
-8.194368,-4.250668,1.424911,3.184808
-8.193040,-4.251876,1.425407,3.184375
-8.191514,-4.253119,1.425939,3.183839
-8.189955,-4.254377,1.426469,3.183238
-8.188371,-4.255651,1.426990,3.182560
-8.185012,-4.258281,1.428046,3.181000
-8.185012,-4.258281,1.428046,3.181000
-8.181499,-4.261039,1.429090,3.179283
-8.181499,-4.261039,1.429090,3.179283
-8.176073,-4.265476,1.430596,3.176536
-8.176073,-4.265476,1.430596,3.176536
-8.172500,-4.268674,1.431516,3.174726
-8.172500,-4.268674,1.431516,3.174726
-8.167208,-4.273983,1.432791,3.172206
-8.165531,-4.275878,1.433167,3.171441
-8.163898,-4.277889,1.433519,3.170713
-8.160778,-4.282112,1.434103,3.169410
-8.159295,-4.284326,1.434361,3.168845
-8.157885,-4.286679,1.434595,3.168324
-8.156528,-4.289102,1.434808,3.167841
-8.156528,-4.289102,1.434808,3.167841
-8.152821,-4.296895,1.435325,3.166687
-8.152821,-4.296895,1.435325,3.166687
-8.151719,-4.299699,1.435456,3.166382
-8.150673,-4.302576,1.435571,3.166117
-8.148786,-4.308654,1.435750,3.165674
-8.147943,-4.311854,1.435817,3.165491
-8.147154,-4.315124,1.435870,3.165313
-8.146417,-4.318454,1.435913,3.165158
-8.144622,-4.329062,1.435996,3.164776
-8.144622,-4.329062,1.435996,3.164776
-8.144140,-4.332765,1.436005,3.164661
-8.143707,-4.336530,1.436007,3.164546
-8.143091,-4.344487,1.435976,3.164314
-8.142850,-4.348541,1.435942,3.164196
-8.142554,-4.356937,1.435854,3.163939
-8.142480,-4.365667,1.435743,3.163633
-8.142503,-4.370108,1.435683,3.163462
-8.142612,-4.374697,1.435613,3.163278
-8.142757,-4.379333,1.435541,3.163080
-8.142941,-4.384015,1.435467,3.162863
-8.143443,-4.393564,1.435319,3.162407
-8.143762,-4.398441,1.435245,3.162155
-8.144114,-4.403359,1.435171,3.161889
-8.144932,-4.413377,1.435013,3.161315
-8.145396,-4.418474,1.434914,3.161006
-8.145891,-4.423607,1.434816,3.160682
-8.146417,-4.428774,1.434719,3.160340
-8.147566,-4.439319,1.434512,3.159641
-8.148184,-4.444638,1.434410,3.159273
-8.148829,-4.449987,1.434308,3.158888
-8.149498,-4.455423,1.434191,3.158496
-8.150916,-4.466378,1.433998,3.157672
-8.151665,-4.471895,1.433903,3.157245
-8.152438,-4.477439,1.433809,3.156805
-8.153232,-4.483044,1.433707,3.156370
-8.154890,-4.494328,1.433505,3.155490
-8.155755,-4.500006,1.433398,3.155041
-8.156648,-4.505743,1.433291,3.154587
-8.157563,-4.511501,1.433184,3.154125
-8.158501,-4.517281,1.433079,3.153662
-8.160438,-4.528925,1.432866,3.152722
-8.161435,-4.534788,1.432759,3.152257
-8.162454,-4.540671,1.432652,3.151793
-8.164541,-4.552504,1.432405,3.150854
-8.165610,-4.558453,1.432286,3.150378
-8.166699,-4.564421,1.432167,3.149907
-8.167809,-4.570407,1.432049,3.149438
-8.168930,-4.576418,1.431934,3.148965
-8.171233,-4.588492,1.431708,3.148144
-8.172418,-4.594576,1.431593,3.147882
-8.173611,-4.600706,1.431491,3.147740
-8.176063,-4.613055,1.431343,3.147759
-8.177317,-4.619260,1.431320,3.147883
-8.178577,-4.625483,1.431358,3.148057
-8.179852,-4.631702,1.431443,3.148248
-8.182432,-4.644077,1.431786,3.148660
-8.183733,-4.650222,1.432047,3.148844
-8.185040,-4.656320,1.432350,3.149004
-8.186348,-4.662359,1.432690,3.149131
-8.187657,-4.668330,1.433063,3.149220
-8.190250,-4.680016,1.433940,3.149284
-8.191532,-4.685712,1.434433,3.149244
-8.192806,-4.691296,1.434940,3.149152
-8.194074,-4.696764,1.435456,3.149012
-8.194074,-4.696764,1.435456,3.149012
-8.196538,-4.707225,1.436554,3.148577
-8.197755,-4.712255,1.437098,3.148284
-8.198960,-4.717142,1.437634,3.147946
-8.200123,-4.721781,1.438178,3.147565
-8.202403,-4.730600,1.439220,3.146713
-8.203520,-4.734774,1.439712,3.146239
-8.204582,-4.738631,1.440190,3.145740
-8.207668,-4.749226,1.441494,3.144111
-8.207668,-4.749226,1.441494,3.144111
-8.208630,-4.752232,1.441875,3.143531
-8.209573,-4.755074,1.442228,3.142926
-8.212255,-4.762412,1.443100,3.140966
-8.212255,-4.762412,1.443100,3.140966
-8.213899,-4.766213,1.443520,3.139564
-8.215427,-4.769144,1.443823,3.138092
-8.216145,-4.770260,1.443926,3.137345
-8.216145,-4.770260,1.443926,3.137345
-8.216839,-4.771226,1.444008,3.136604
-8.217509,-4.772042,1.444071,3.135874
-8.218732,-4.772800,1.444093,3.134452
-8.219306,-4.772968,1.444089,3.133769
-8.219857,-4.773001,1.444070,3.133106
-8.220384,-4.772899,1.444037,3.132458
-8.221319,-4.771847,1.443867,3.131241
-8.221749,-4.771135,1.443766,3.130668
-8.222157,-4.770304,1.443654,3.130115
-8.222523,-4.769158,1.443505,3.129576
-8.223481,-4.765059,1.442997,3.128026
-8.223481,-4.765059,1.442997,3.128026
-8.223722,-4.763268,1.442786,3.127539
-8.223941,-4.761376,1.442568,3.127069
-8.224137,-4.759389,1.442347,3.126618
-8.224312,-4.757309,1.442121,3.126184
-8.224572,-4.749982,1.441369,3.124947
-8.224572,-4.749982,1.441369,3.124947
-8.224596,-4.744507,1.440840,3.124194
-8.224554,-4.741566,1.440565,3.123847
-8.224491,-4.738550,1.440291,3.123520
-8.224409,-4.735462,1.440016,3.123212
-8.224067,-4.728803,1.439440,3.122659
-8.223868,-4.725383,1.439153,3.122407
-8.223650,-4.721899,1.438866,3.122175
-8.223362,-4.718241,1.438546,3.121958
-8.222729,-4.710747,1.437912,3.121593
-8.222384,-4.706914,1.437618,3.121448
-8.221978,-4.702926,1.437292,3.121326
-8.221552,-4.698884,1.436969,3.121228
-8.220651,-4.690671,1.436336,3.121102
-8.220172,-4.686488,1.436025,3.121069
-8.219629,-4.682172,1.435682,3.121058
-8.219070,-4.677807,1.435344,3.121065
-8.217906,-4.668938,1.434648,3.121117
-8.217255,-4.664352,1.434283,3.121161
-8.216590,-4.659722,1.433923,3.121209
-8.215913,-4.655061,1.433565,3.121259
-8.215222,-4.650357,1.433211,3.121308
-8.213728,-4.640663,1.432462,3.121419
-8.212961,-4.635756,1.432095,3.121489
-8.212182,-4.630811,1.431731,3.121562
-8.210546,-4.620703,1.430980,3.121728
-8.209708,-4.615603,1.430611,3.121828
-8.208858,-4.610468,1.430245,3.121928
-8.207973,-4.605268,1.429864,3.122030
-8.206164,-4.594768,1.429116,3.122280
-8.205237,-4.589467,1.428750,3.122422
-8.204275,-4.584105,1.428377,3.122573
-8.203299,-4.578711,1.428009,3.122740
-8.202309,-4.573285,1.427646,3.122903
-8.200267,-4.562313,1.426944,3.123219
-8.199213,-4.556759,1.426603,3.123385
-8.198146,-4.551177,1.426266,3.123558
-8.195963,-4.539884,1.425599,3.123900
-8.194847,-4.534175,1.425269,3.124074
-8.193716,-4.528441,1.424944,3.124260
-8.192568,-4.522682,1.424626,3.124460
-8.191404,-4.516906,1.424306,3.124675
-8.189006,-4.505201,1.423695,3.125110
-8.187784,-4.499314,1.423398,3.125329
-8.186546,-4.493406,1.423105,3.125541
-8.185287,-4.487434,1.422815,3.125749
-8.182722,-4.475429,1.422235,3.126121
-8.180102,-4.463306,1.421670,3.126366
-8.180102,-4.463306,1.421670,3.126366
-8.176072,-4.444887,1.420947,3.126151
-8.174700,-4.438675,1.420752,3.125967
-8.173303,-4.432449,1.420579,3.125749
-8.171878,-4.426216,1.420433,3.125525
-8.168934,-4.413732,1.420219,3.125114
-8.168934,-4.413732,1.420219,3.125114
-8.167409,-4.407493,1.420151,3.124931
-8.165839,-4.401270,1.420106,3.124778
-8.162552,-4.388881,1.420078,3.124600
-8.160827,-4.382725,1.420091,3.124561
-8.159045,-4.376610,1.420118,3.124561
-8.157206,-4.370541,1.420159,3.124584
-8.153319,-4.358543,1.420279,3.124733
-8.151281,-4.352636,1.420349,3.124845
-8.149178,-4.346795,1.420423,3.124980
-8.146969,-4.341028,1.420509,3.125139
-8.146969,-4.341028,1.420509,3.125139
-8.142327,-4.329711,1.420740,3.125377
-8.139869,-4.324166,1.420941,3.125283
-8.137315,-4.318699,1.421212,3.124964
-8.134633,-4.313350,1.421540,3.124424
-8.129037,-4.302927,1.422369,3.122738
-8.126143,-4.297857,1.422856,3.121661
-8.123150,-4.292938,1.423384,3.120463
-8.120116,-4.288124,1.423942,3.119176
-8.117053,-4.283419,1.424519,3.117823
-8.110796,-4.274424,1.425725,3.115016
-8.107619,-4.270141,1.426340,3.113599
-8.104447,-4.265983,1.426950,3.112213
-8.101287,-4.261949,1.427554,3.110875
-8.094900,-4.254464,1.428748,3.108407
-8.091749,-4.250916,1.429318,3.107311
-8.088634,-4.247499,1.429865,3.106329
-8.082447,-4.241316,1.430886,3.104741
-8.079427,-4.238429,1.431357,3.104143
-8.076460,-4.235677,1.431799,3.103696
-8.073556,-4.233228,1.432200,3.103392
-8.067925,-4.228736,1.432920,3.103213
-8.065205,-4.226696,1.433239,3.103331
-8.062582,-4.224970,1.433497,3.103587
-8.060025,-4.223379,1.433730,3.103957
-8.052810,-4.219571,1.434259,3.105803
-8.052810,-4.219571,1.434259,3.105803
-8.048408,-4.217919,1.434471,3.107537
-8.046309,-4.217287,1.434551,3.108523
-8.042385,-4.216566,1.434628,3.110690
-8.040556,-4.216472,1.434627,3.111865
-8.038795,-4.216498,1.434615,3.113085
-8.035543,-4.217051,1.434536,3.115645
-8.034053,-4.217587,1.434471,3.116971
-8.032625,-4.218236,1.434400,3.118321
-8.031259,-4.218995,1.434323,3.119691
-8.028851,-4.221150,1.434134,3.122428
-8.027734,-4.222382,1.434034,3.123791
-8.026675,-4.223714,1.433931,3.125154
-8.025762,-4.225278,1.433812,3.126507
-8.024096,-4.228688,1.433572,3.129198
-8.023342,-4.230530,1.433464,3.130525
-8.022718,-4.232607,1.433338,3.131834
-8.022144,-4.234769,1.433212,3.133118
-8.021137,-4.239341,1.432961,3.135624
-8.020786,-4.241869,1.432818,3.136837
-8.020213,-4.247153,1.432539,3.139211
-8.019989,-4.249906,1.432396,3.140357
-8.019820,-4.255885,1.432101,3.142548
-8.019793,-4.258976,1.431956,3.143600
-8.019793,-4.258976,1.431956,3.143600
-8.019803,-4.262133,1.431815,3.144624
-8.020262,-4.272295,1.431398,3.147520
-8.020262,-4.272295,1.431398,3.147520
-8.020737,-4.279357,1.431130,3.149295
-8.021083,-4.283066,1.431003,3.150151
-8.021867,-4.290648,1.430757,3.151767
-8.022304,-4.294519,1.430637,3.152526
-8.022814,-4.298532,1.430524,3.153252
-8.023916,-4.306680,1.430338,3.154634
-8.024509,-4.310827,1.430247,3.155300
-8.025152,-4.315104,1.430163,3.155933
-8.025822,-4.319427,1.430081,3.156542
-8.026517,-4.323796,1.430000,3.157121
-8.028007,-4.332755,1.429872,3.158198
-8.028800,-4.337343,1.429823,3.158706
-8.029616,-4.341961,1.429774,3.159180
-8.031335,-4.351396,1.429693,3.160069
-8.032235,-4.356211,1.429661,3.160481
-8.033156,-4.361064,1.429628,3.160870
-8.034100,-4.365955,1.429596,3.161233
-8.036076,-4.375947,1.429541,3.161879
-8.038132,-4.386059,1.429484,3.162462
-8.039208,-4.391210,1.429461,3.162720
-8.039208,-4.391210,1.429461,3.162720
-8.042554,-4.406859,1.429380,3.163377
-8.042554,-4.406859,1.429380,3.163377
-8.043715,-4.412179,1.429358,3.163548
-8.044894,-4.417529,1.429335,3.163698
-8.047304,-4.428310,1.429287,3.163933
-8.048533,-4.433742,1.429262,3.164033
-8.049775,-4.439227,1.429252,3.164112
-8.051033,-4.444741,1.429240,3.164180
-8.053596,-4.455853,1.429250,3.164253
-8.054894,-4.461463,1.429276,3.164268
-8.056210,-4.467100,1.429300,3.164263
-8.057539,-4.472762,1.429321,3.164242
-8.060240,-4.484171,1.429367,3.164151
-8.061612,-4.489924,1.429402,3.164089
-8.062999,-4.495702,1.429435,3.164012
-8.064399,-4.501504,1.429467,3.163914
-8.067202,-4.513217,1.429552,3.163689
-8.068624,-4.519109,1.429592,3.163553
-8.071488,-4.530977,1.429685,3.163242
-8.071488,-4.530977,1.429685,3.163242
-8.075854,-4.548966,1.429850,3.162698
-8.075854,-4.548966,1.429850,3.162698
-8.077335,-4.555024,1.429922,3.162508
-8.078831,-4.561111,1.429990,3.162371
-8.083414,-4.579602,1.430172,3.162555
-8.083414,-4.579602,1.430172,3.162555
-8.086541,-4.592102,1.430377,3.163099
-8.089703,-4.604674,1.430759,3.163779
-8.091292,-4.610964,1.431023,3.164121
-8.091292,-4.610964,1.431023,3.164121
-8.094477,-4.623461,1.431686,3.164745
-8.097656,-4.635798,1.432530,3.165210
-8.099238,-4.641881,1.433014,3.165378
-8.100814,-4.647886,1.433527,3.165502
-8.102382,-4.653802,1.434063,3.165562
-8.102382,-4.653802,1.434063,3.165562
-8.107010,-4.670923,1.435892,3.165408
-8.108528,-4.676393,1.436512,3.165247
-8.110023,-4.681704,1.437181,3.165029
-8.112966,-4.691901,1.438497,3.164470
-8.114413,-4.696780,1.439137,3.164115
-8.115819,-4.701429,1.439809,3.163717
-8.117208,-4.705922,1.440461,3.163286
-8.119931,-4.714426,1.441717,3.162338
-8.121241,-4.718305,1.442341,3.161826
-8.122530,-4.722018,1.442936,3.161292
-8.123800,-4.725568,1.443503,3.160742
-8.127426,-4.734859,1.445049,3.159022
-8.128585,-4.737564,1.445504,3.158412
-8.129725,-4.740102,1.445930,3.157775
-8.129725,-4.740102,1.445930,3.157775
-8.132972,-4.746133,1.447033,3.155760
-8.134018,-4.747828,1.447346,3.155051
-8.135014,-4.749155,1.447623,3.154329
-8.135014,-4.749155,1.447623,3.154329
-8.137896,-4.752219,1.448312,3.152113
-8.138821,-4.752942,1.448498,3.151356
-8.139697,-4.753314,1.448645,3.150600
-8.141403,-4.753659,1.448887,3.149075
-8.142233,-4.753636,1.448970,3.148300
-8.143026,-4.753276,1.449025,3.147527
-8.143804,-4.752789,1.449066,3.146760
-8.144567,-4.752177,1.449094,3.145990
-8.146039,-4.750393,1.449101,3.144474
-8.146750,-4.749228,1.449083,3.143731
-8.147448,-4.747953,1.449056,3.143005
-8.148133,-4.746587,1.449030,3.142287
-8.149453,-4.743165,1.448928,3.140859
-8.150093,-4.741303,1.448867,3.140164
-8.150720,-4.739346,1.448799,3.139479
-8.151327,-4.737116,1.448709,3.138806
-8.152507,-4.732389,1.448509,3.137503
-8.153079,-4.729896,1.448400,3.136877
-8.153640,-4.727179,1.448285,3.136258
-8.154730,-4.721509,1.448045,3.135052
-8.155259,-4.718558,1.447920,3.134474
-8.155772,-4.715391,1.447787,3.133916
-8.156275,-4.712154,1.447651,3.133368
-8.156768,-4.708847,1.447512,3.132833
-8.157715,-4.701925,1.447234,3.131833
-8.158170,-4.698314,1.447095,3.131345
-8.158616,-4.694641,1.446953,3.130873
-8.159485,-4.687111,1.446665,3.129990
-8.159905,-4.683159,1.446502,3.129575
-8.160725,-4.675084,1.446174,3.128788
-8.160725,-4.675084,1.446174,3.128788
-8.161122,-4.670964,1.446009,3.128418
-8.161909,-4.662417,1.445697,3.127722
-8.162668,-4.653666,1.445382,3.127063
-8.163384,-4.644570,1.445077,3.126442
-8.163733,-4.639952,1.444923,3.126156
-8.164076,-4.635286,1.444768,3.125882
-8.164409,-4.630513,1.444602,3.125625
-8.164737,-4.625705,1.444436,3.125390
-8.165057,-4.620853,1.444271,3.125159
-8.165676,-4.610950,1.443944,3.124759
-8.165976,-4.605900,1.443776,3.124579
-8.166551,-4.595678,1.443443,3.124271
-8.166846,-4.590456,1.443261,3.124149
-8.167135,-4.585195,1.443081,3.124031
-8.167418,-4.579904,1.442901,3.123931
-8.167694,-4.574575,1.442728,3.123843
-8.168240,-4.563754,1.442380,3.123686
-8.168504,-4.558290,1.442205,3.123623
-8.168762,-4.552790,1.442031,3.123573
-8.169018,-4.547219,1.441848,3.123528
-8.169511,-4.535982,1.441477,3.123483
-8.169982,-4.524621,1.441102,3.123486
-8.169982,-4.524621,1.441102,3.123486
-8.170738,-4.507283,1.440528,3.123571
-8.170738,-4.507283,1.440528,3.123571
-8.171245,-4.495566,1.440157,3.123657
-8.171757,-4.483734,1.439786,3.123791
-8.172003,-4.477778,1.439602,3.123866
-8.172274,-4.471783,1.439426,3.123951
-8.172539,-4.465760,1.439251,3.124042
-8.172799,-4.459711,1.439076,3.124126
-8.173354,-4.447511,1.438744,3.124302
-8.173649,-4.441362,1.438585,3.124371
-8.173942,-4.435184,1.438415,3.124372
-8.174238,-4.428980,1.438227,3.124263
-8.174940,-4.416451,1.437827,3.123714
-8.175618,-4.403812,1.437462,3.122886
-8.175618,-4.403812,1.437462,3.122886
-8.176301,-4.391071,1.437196,3.122020
-8.176859,-4.378306,1.437053,3.121259
-8.177114,-4.371932,1.437033,3.120952
-8.177114,-4.371932,1.437033,3.120952
-8.177472,-4.359225,1.437081,3.120492
-8.177567,-4.352907,1.437141,3.120347
-8.177586,-4.340372,1.437329,3.120206
-8.177586,-4.340372,1.437329,3.120206
-8.176956,-4.321881,1.438040,3.119789
-8.176956,-4.321881,1.438040,3.119789
-8.176535,-4.315837,1.438446,3.119394
-8.176018,-4.309856,1.438921,3.118835
-8.173931,-4.292412,1.440713,3.116348
-8.173931,-4.292412,1.440713,3.116348
-8.173071,-4.286800,1.441408,3.115296
-8.172157,-4.281290,1.442129,3.114153
-8.170135,-4.270672,1.443660,3.111674
-8.169042,-4.265575,1.444466,3.110380
-8.166794,-4.255753,1.446066,3.107795
-8.166794,-4.255753,1.446066,3.107795
-8.165560,-4.251138,1.446895,3.106528
-8.163090,-4.242311,1.448501,3.104176
-8.160576,-4.234185,1.450046,3.102163
-8.160576,-4.234185,1.450046,3.102163
-8.156844,-4.223303,1.452164,3.100010
-8.155616,-4.220145,1.452799,3.099580
-8.154425,-4.217142,1.453385,3.099301
-8.152163,-4.211618,1.454458,3.099018
-8.151079,-4.209300,1.454942,3.098904
-8.150038,-4.207133,1.455399,3.098743
-8.149038,-4.205100,1.455807,3.098477
-8.149038,-4.205100,1.455807,3.098477
-8.146314,-4.200173,1.456488,3.096884
-8.145489,-4.198811,1.456507,3.096045
-8.144703,-4.197536,1.456416,3.095048
-8.144703,-4.197536,1.456416,3.095048
-8.142638,-4.194562,1.455379,3.091086
-8.142638,-4.194562,1.455379,3.091086
-8.141467,-4.192989,1.454093,3.087601
-8.141467,-4.192989,1.454093,3.087601
-8.140066,-4.191459,1.451146,3.080906
-8.139657,-4.190992,1.449946,3.078226
-8.139315,-4.190693,1.448582,3.075313
-8.138689,-4.190080,1.445593,3.068732
-8.138398,-4.189754,1.443975,3.065066
-8.138165,-4.189525,1.442194,3.061128
-8.137935,-4.189274,1.440340,3.056926
-8.137472,-4.188678,1.436434,3.047717
-8.137260,-4.188393,1.434299,3.042706
-8.137034,-4.188063,1.432108,3.037426
-8.136786,-4.187684,1.429865,3.031884
-8.136230,-4.186773,1.425154,3.020069
-8.135910,-4.186244,1.422691,3.013787
-8.135136,-4.184998,1.417650,3.000535
-8.134680,-4.184268,1.415005,2.993574
-8.133579,-4.182604,1.409626,2.979024
-8.132923,-4.181669,1.406895,2.971456
-8.132178,-4.180620,1.404070,2.963702
-8.130438,-4.178314,1.398384,2.947678
-8.129433,-4.177059,1.395513,2.939418
-8.128331,-4.175739,1.392626,2.931008
-8.127067,-4.174284,1.389663,2.922451
-8.124225,-4.171192,1.383700,2.904896
-8.122642,-4.169568,1.380707,2.895909
-8.120854,-4.167812,1.377661,2.886782
-8.118953,-4.166007,1.374609,2.877527
-8.116935,-4.164156,1.371551,2.868145
-8.112433,-4.160261,1.365383,2.848990
-8.109950,-4.158225,1.362277,2.839227
-8.107346,-4.156158,1.359171,2.829344
-8.101639,-4.151895,1.352925,2.809196
-8.098538,-4.149707,1.349791,2.798932
-8.095320,-4.147505,1.346661,2.788536
-8.091984,-4.145295,1.343539,2.778009
-8.084653,-4.140746,1.337255,2.756583
-8.080820,-4.138474,1.334133,2.745682
-8.072669,-4.133918,1.327899,2.723499
-8.072669,-4.133918,1.327899,2.723499
-8.059441,-4.127192,1.318619,2.689268
-8.059441,-4.127192,1.318619,2.689268
-8.049848,-4.122760,1.312477,2.665779
-8.039919,-4.118441,1.306393,2.641745
-8.034695,-4.116322,1.303355,2.629514
-8.034695,-4.116322,1.303355,2.629514
-8.024043,-4.112205,1.297297,2.604643
-8.013144,-4.108249,1.291247,2.579189
-8.007489,-4.106351,1.288208,2.566248
-8.007489,-4.106351,1.288208,2.566248
-7.996038,-4.102671,1.282119,2.539946
-7.990249,-4.100887,1.279064,2.526582
-7.978341,-4.097483,1.272935,2.499447
-7.972341,-4.095842,1.269855,2.485668
-7.966314,-4.094238,1.266762,2.471752
-7.954019,-4.091181,1.260546,2.443525
-7.947844,-4.089703,1.257416,2.429209
-7.941654,-4.088256,1.254272,2.414770
-7.935399,-4.086862,1.251111,2.400201
-7.922862,-4.084165,1.244739,2.370659
-7.916584,-4.082860,1.241521,2.355696
-7.910285,-4.081612,1.238268,2.340615
-7.903982,-4.080386,1.235000,2.325405
-7.891371,-4.077994,1.228419,2.294610
-7.885061,-4.076853,1.225088,2.279032
-7.878752,-4.075727,1.221743,2.263331
-7.872443,-4.074614,1.218384,2.247503
-7.859833,-4.072441,1.211635,2.215496
-7.853531,-4.071375,1.208228,2.199317
-7.853531,-4.071375,1.208228,2.199317
-7.847229,-4.070314,1.204810,2.183013
-7.840929,-4.069260,1.201382,2.166595
-7.834641,-4.068202,1.197914,2.150046
-7.822064,-4.066093,1.190961,2.116597
-7.815776,-4.065040,1.187478,2.099690
-7.809485,-4.063987,1.183989,2.082667
-7.796908,-4.061814,1.176964,2.048269
-7.790615,-4.060722,1.173446,2.030892
-7.784317,-4.059626,1.169926,2.013403
-7.778031,-4.058485,1.166389,1.995791
-7.771740,-4.057339,1.162857,1.978058
-7.759132,-4.055029,1.155792,1.942248
-7.752821,-4.053817,1.152247,1.924164
-7.746500,-4.052598,1.148704,1.905965
-7.727480,-4.048851,1.138067,1.850666
-7.727480,-4.048851,1.138067,1.850666
-7.721124,-4.047556,1.134516,1.832002
-7.714753,-4.046254,1.130968,1.813226
-7.695556,-4.042207,1.120289,1.756174
-7.689125,-4.040829,1.116730,1.736932
-7.682676,-4.039445,1.113176,1.717579
-7.682676,-4.039445,1.113176,1.717579
-7.669722,-4.036569,1.106074,1.678520
-7.656691,-4.033674,1.098996,1.639018
-7.650131,-4.032187,1.095435,1.619100
-7.650131,-4.032187,1.095435,1.619100
-7.630334,-4.027717,1.084804,1.558656
-7.623682,-4.026187,1.081252,1.538279
-7.617010,-4.024655,1.077706,1.517796
-7.617010,-4.024655,1.077706,1.517796
-7.596874,-4.020051,1.067106,1.455673
-7.590108,-4.018475,1.063567,1.434741
-7.583323,-4.016903,1.060034,1.413701
-7.569694,-4.013758,1.052989,1.371279
-7.562840,-4.012134,1.049448,1.349903
-7.555968,-4.010511,1.045914,1.328418
-7.549079,-4.008889,1.042384,1.306831
-7.535232,-4.005593,1.035332,1.263304
-7.528275,-4.003924,1.031801,1.241385
-7.514308,-4.000593,1.024749,1.197192
-7.514308,-4.000593,1.024749,1.197192
-7.493242,-3.995443,1.014180,1.130102
-7.493242,-3.995443,1.014180,1.130102
-7.486187,-3.993732,1.010667,1.107536
-7.479123,-3.991966,1.007159,1.084877
-7.457828,-3.986697,0.996762,1.016434
-7.450706,-3.984904,0.993356,0.993495
-7.443567,-3.983115,0.990003,0.970513
-7.429230,-3.979554,0.983496,0.924442
-7.422045,-3.977750,0.980380,0.901377
-7.414839,-3.975951,0.977361,0.878302
-7.407612,-3.974159,0.974451,0.855246
-7.400364,-3.972378,0.971663,0.832211
-7.385834,-3.968746,0.966541,0.786272
-7.378533,-3.966943,0.964217,0.763384
-7.371210,-3.965150,0.962063,0.740568
-7.363863,-3.963366,0.960079,0.717824
-7.349114,-3.959739,0.956694,0.672595
-7.341704,-3.957942,0.955230,0.650135
-7.334270,-3.956158,0.953905,0.627793
-7.319356,-3.952546,0.951786,0.583483
-7.311866,-3.950759,0.950875,0.561547
-7.304355,-3.948985,0.950053,0.539766
-7.296831,-3.947186,0.949423,0.518150
-7.274144,-3.941875,0.947875,0.454384
-7.274144,-3.941875,0.947875,0.454384
-7.266547,-3.940109,0.947563,0.433521
-7.258934,-3.938359,0.947273,0.412859
-7.243660,-3.934906,0.946739,0.372161
-7.235995,-3.933186,0.946595,0.352123
-7.228318,-3.931483,0.946456,0.332292
-7.220629,-3.929797,0.946321,0.312677
-7.197520,-3.924832,0.946073,0.255056
-7.197520,-3.924832,0.946073,0.255056
-7.189801,-3.923211,0.946017,0.236265
-7.166651,-3.918436,0.945925,0.181172
-7.158928,-3.916876,0.945909,0.163219
-7.151197,-3.915335,0.945893,0.145471
-7.143491,-3.913813,0.945907,0.127935
-7.143491,-3.913813,0.945907,0.127935
-7.128059,-3.910821,0.945931,0.093484
-7.120337,-3.909351,0.945945,0.076564
-7.112608,-3.907898,0.945960,0.059848
-7.104887,-3.906470,0.945991,0.043347
-7.089434,-3.903665,0.946057,0.010942
-7.081701,-3.902286,0.946079,-0.004949
-7.073981,-3.900940,0.946119,-0.020637
-7.066258,-3.899609,0.946159,-0.036125
-7.058534,-3.898295,0.946198,-0.051410
-7.043087,-3.895708,0.946296,-0.081363
-7.035366,-3.894437,0.946354,-0.096036
-7.027644,-3.893181,0.946411,-0.110509
-7.012212,-3.890721,0.946539,-0.138867
-7.004503,-3.889517,0.946614,-0.152751
-6.996794,-3.888327,0.946688,-0.166432
-6.989083,-3.887152,0.946761,-0.179913
-6.973683,-3.884867,0.946952,-0.206279
-6.965983,-3.883745,0.947060,-0.219163
-6.958283,-3.882637,0.947167,-0.231849
-6.950590,-3.881552,0.947291,-0.244336
-6.942898,-3.880481,0.947412,-0.256633
-6.927515,-3.878376,0.947651,-0.280629
-6.919821,-3.877336,0.947784,-0.292337
-6.912129,-3.876309,0.947915,-0.303846
-6.889054,-3.873298,0.948242,-0.337237
-6.889054,-3.873298,0.948242,-0.337237
-6.881360,-3.872315,0.948356,-0.347982
-6.873668,-3.871344,0.948469,-0.358536
-6.850612,-3.868488,0.948796,-0.389044
-6.850612,-3.868488,0.948796,-0.389044
-6.842936,-3.867553,0.948902,-0.398827
-6.835262,-3.866629,0.949007,-0.408429
-6.819928,-3.864806,0.949223,-0.427059
-6.812269,-3.863907,0.949335,-0.436092
-6.804612,-3.863018,0.949447,-0.444940
-6.796958,-3.862137,0.949560,-0.453600
-6.781669,-3.860386,0.949773,-0.470358
-6.774028,-3.859523,0.949879,-0.478458
-6.766389,-3.858668,0.949987,-0.486365
-6.758758,-3.857805,0.950099,-0.494102
-6.743505,-3.856101,0.950324,-0.509018
-6.735882,-3.855259,0.950451,-0.516204
-6.720660,-3.853574,0.950701,-0.530000
-6.720660,-3.853574,0.950701,-0.530000
-6.697850,-3.851065,0.951082,-0.549354
-6.690253,-3.850219,0.951208,-0.555446
-6.682658,-3.849381,0.951335,-0.561347
-6.675067,-3.848549,0.951455,-0.567075
-6.659920,-3.846805,0.951647,-0.577977
-6.652349,-3.845943,0.951746,-0.583165
-6.644783,-3.845087,0.951847,-0.588172
-6.629701,-3.843299,0.952011,-0.597656
-6.622163,-3.842414,0.952090,-0.602134
-6.614628,-3.841536,0.952172,-0.606443
-6.607095,-3.840662,0.952259,-0.610573
-6.592060,-3.838843,0.952421,-0.618302
-6.584546,-3.837942,0.952508,-0.621902
-6.577034,-3.837046,0.952600,-0.625332
-6.569545,-3.836122,0.952689,-0.628587
-6.554572,-3.834288,0.952888,-0.634576
-6.547089,-3.833379,0.952992,-0.637315
-6.539605,-3.832450,0.953092,-0.639878
-6.532124,-3.831526,0.953196,-0.642272
-6.509693,-3.828755,0.953532,-0.648411
-6.509693,-3.828755,0.953532,-0.648411
-6.494754,-3.826894,0.953778,-0.651660
-6.487287,-3.825970,0.953908,-0.653027
-6.472383,-3.824072,0.954188,-0.655276
-6.464932,-3.823131,0.954334,-0.656145
-6.457484,-3.822196,0.954484,-0.656844
-6.442616,-3.820278,0.954764,-0.657740
-6.435184,-3.819327,0.954911,-0.657938
-6.427752,-3.818381,0.955063,-0.657975
-6.420334,-3.817406,0.955212,-0.657840
-6.405499,-3.815473,0.955525,-0.657089
-6.398082,-3.814513,0.955680,-0.656469
-6.390670,-3.813551,0.955824,-0.655685
-6.383259,-3.812595,0.955972,-0.654741
-6.368440,-3.810695,0.956286,-0.652372
-6.361032,-3.809752,0.956451,-0.650947
-6.361032,-3.809752,0.956451,-0.650947
-6.346210,-3.807859,0.956779,-0.647597
-6.331392,-3.805984,0.957112,-0.643600
-6.323987,-3.805038,0.957292,-0.641373
-6.316582,-3.804097,0.957478,-0.638987
-6.309176,-3.803160,0.957668,-0.636441
-6.294364,-3.801294,0.958070,-0.630875
-6.286958,-3.800365,0.958303,-0.627846
-6.279552,-3.799440,0.958540,-0.624668
-6.272145,-3.798520,0.958781,-0.621340
-6.264738,-3.797610,0.959038,-0.617861
-6.249924,-3.795804,0.959563,-0.610421
-6.242517,-3.794908,0.959831,-0.606473
-6.235119,-3.794020,0.960112,-0.602367
-6.212922,-3.791381,0.961008,-0.589134
-6.205531,-3.790515,0.961317,-0.584418
-6.198138,-3.789652,0.961630,-0.579551
-6.198138,-3.789652,0.961630,-0.579551
-6.190744,-3.788794,0.961945,-0.574530
-6.175964,-3.787090,0.962612,-0.564050
-6.168578,-3.786245,0.962965,-0.558585
-6.161191,-3.785404,0.963322,-0.552969
-6.139029,-3.782914,0.964442,-0.535229
-6.139029,-3.782914,0.964442,-0.535229
-6.124248,-3.781275,0.965210,-0.522673
-6.124248,-3.781275,0.965210,-0.522673
-6.102055,-3.778824,0.966385,-0.502726
-6.094652,-3.778011,0.966788,-0.495780
-6.087247,-3.777201,0.967194,-0.488689
-6.079829,-3.776378,0.967623,-0.481446
-6.072410,-3.775558,0.968054,-0.474062
-6.057561,-3.773927,0.968937,-0.458937
-6.050127,-3.773093,0.969421,-0.451185
-6.035249,-3.771433,0.970470,-0.435339
-6.027804,-3.770608,0.971048,-0.427259
-6.020347,-3.769758,0.971688,-0.419089
-6.012885,-3.768911,0.972379,-0.410831
-5.997951,-3.767225,0.973975,-0.394064
-5.990464,-3.766361,0.974905,-0.385577
-5.975478,-3.764640,0.977010,-0.368415
-5.960464,-3.762893,0.979529,-0.351073
-5.952947,-3.762005,0.980954,-0.342337
-5.945423,-3.761118,0.982494,-0.333583
-5.937895,-3.760233,0.984158,-0.324804
-5.930340,-3.759313,0.986010,-0.316007
-5.915214,-3.757475,0.990136,-0.298399
-5.907641,-3.756557,0.992426,-0.289595
-5.900025,-3.755618,0.994957,-0.280807
-5.892404,-3.754679,0.997654,-0.272036
-5.877141,-3.752802,1.003534,-0.254559
-5.869499,-3.751863,1.006710,-0.245866
-5.861834,-3.750888,1.010143,-0.237201
-5.846480,-3.748939,1.017412,-0.220013
-5.838794,-3.747962,1.021218,-0.211478
-5.823336,-3.745921,1.029417,-0.194600
-5.815598,-3.744901,1.033656,-0.186254
-5.800090,-3.742807,1.042526,-0.169767
-5.792319,-3.741734,1.047138,-0.161641
-5.784545,-3.740660,1.051806,-0.153602
-5.768983,-3.738471,1.061417,-0.137776
-5.761196,-3.737356,1.066350,-0.129998
-5.753407,-3.736241,1.071313,-0.122318
-5.745615,-3.735126,1.076300,-0.114740
-5.730015,-3.732770,1.086550,-0.099898
-5.722213,-3.731594,1.091690,-0.092640
-5.714409,-3.730417,1.096833,-0.085498
-5.706605,-3.729176,1.102054,-0.078470
-5.690996,-3.726698,1.112474,-0.064763
-5.683191,-3.725461,1.117667,-0.058085
-5.675384,-3.724161,1.122890,-0.051529
-5.667577,-3.722862,1.128093,-0.045096
-5.644164,-3.718909,1.143624,-0.026581
-5.644164,-3.718909,1.143624,-0.026581
-5.628568,-3.716194,1.153882,-0.014903
-5.612979,-3.713487,1.164011,-0.003757
-5.605202,-3.712090,1.169039,0.001607
-5.597427,-3.710694,1.174028,0.006841
-5.589655,-3.709301,1.178980,0.011940
-5.581884,-3.707910,1.183892,0.016901
-5.566382,-3.705033,1.193602,0.026398
-5.566382,-3.705033,1.193602,0.026398
-5.550890,-3.702167,1.203141,0.035337
-5.550890,-3.702167,1.203141,0.035337
-5.527729,-3.697761,1.217145,0.047673
-5.520013,-3.696300,1.221718,0.051507
-5.512336,-3.694818,1.226244,0.055206
-5.512336,-3.694818,1.226244,0.055206
-5.489314,-3.690391,1.239521,0.065437
-5.481674,-3.688903,1.243829,0.068566
-5.474035,-3.687420,1.248087,0.071560
-5.458761,-3.684468,1.256450,0.077140
-5.451158,-3.682979,1.260535,0.079726
-5.443555,-3.681494,1.264568,0.082163
-5.435953,-3.680013,1.268549,0.084477
-5.428351,-3.678536,1.272479,0.086652
-5.413227,-3.675562,1.280133,0.090613
-5.405665,-3.674082,1.283884,0.092401
-5.398103,-3.672606,1.287585,0.094059
-5.383037,-3.669663,1.294768,0.096992
-5.375504,-3.668198,1.298290,0.098274
-5.360436,-3.665282,1.305186,0.100458
-5.360436,-3.665282,1.305186,0.100458
-5.337906,-3.660877,1.315071,0.102859
-5.337906,-3.660877,1.315071,0.102859
-5.322896,-3.657940,1.321387,0.103886
-5.322896,-3.657940,1.321387,0.103886
-5.300395,-3.653535,1.330431,0.104588
-5.300395,-3.653535,1.330431,0.104588
-5.285419,-3.650564,1.336163,0.104528
-5.277930,-3.649088,1.338962,0.104346
-5.270442,-3.647618,1.341718,0.104065
-5.255456,-3.644628,1.347042,0.103198
-5.247964,-3.643143,1.349639,0.102627
-5.240470,-3.641665,1.352195,0.101972
-5.225481,-3.638677,1.357121,0.100398
-5.217985,-3.637193,1.359523,0.099483
-5.210489,-3.635718,1.361884,0.098487
-5.195485,-3.632765,1.366408,0.096264
-5.187983,-3.631300,1.368614,0.095037
-5.172968,-3.628387,1.372901,0.092368
-5.172968,-3.628387,1.372901,0.092368
-5.150434,-3.624067,1.379047,0.087862
-5.142904,-3.622648,1.381009,0.086232
-5.135376,-3.621237,1.382942,0.084541
-5.120317,-3.618437,1.386724,0.080991
-5.112787,-3.617049,1.388575,0.079140
-5.105248,-3.615663,1.390375,0.077243
-5.097710,-3.614285,1.392150,0.075296
-5.082630,-3.611550,1.395632,0.071269
-5.075097,-3.610193,1.397315,0.069183
-5.067564,-3.608845,1.398975,0.067064
-5.060030,-3.607504,1.400615,0.064917
-5.044958,-3.604850,1.403804,0.060524
-5.037419,-3.603537,1.405348,0.058283
-5.022340,-3.600935,1.408382,0.053714
-5.007245,-3.598363,1.411287,0.049049
-4.999695,-3.597089,1.412716,0.046698
-4.992145,-3.595824,1.414129,0.044324
-4.984589,-3.594558,1.415502,0.041938
-4.969472,-3.592051,1.418185,0.037117
-4.961911,-3.590810,1.419506,0.034697
-4.954347,-3.589571,1.420785,0.032268
-4.946780,-3.588342,1.422052,0.029833
-4.931642,-3.585910,1.424554,0.024969
-4.924067,-3.584696,1.425756,0.022539
-4.908912,-3.582294,1.428132,0.017686
-4.908912,-3.582294,1.428132,0.017686
-4.886140,-3.578738,1.431602,0.010439
-4.878541,-3.577568,1.432737,0.008048
-4.870942,-3.576406,1.433864,0.005677
-4.855732,-3.574108,1.436079,0.000971
-4.848122,-3.572973,1.437167,-0.001361
-4.840509,-3.571846,1.438248,-0.003665
-4.832896,-3.570727,1.439322,-0.005947
-4.817641,-3.568520,1.441447,-0.010448
-4.810013,-3.567428,1.442497,-0.012665
-4.802382,-3.566344,1.443541,-0.014862
-4.794745,-3.565279,1.444583,-0.017022
-4.779469,-3.563170,1.446649,-0.021278
-4.771828,-3.562126,1.447673,-0.023352
-4.771828,-3.562126,1.447673,-0.023352
-4.756532,-3.560110,1.449721,-0.027410
-4.756532,-3.560110,1.449721,-0.027410
-4.741231,-3.558120,1.451761,-0.031347
-4.741231,-3.558120,1.451761,-0.031347
-4.725916,-3.556192,1.453791,-0.035137
-4.718256,-3.555238,1.454798,-0.036983
-4.702936,-3.553367,1.456805,-0.040554
-4.695276,-3.552449,1.457807,-0.042280
-4.679953,-3.550631,1.459793,-0.045607
-4.679953,-3.550631,1.459793,-0.045607
-4.656963,-3.547994,1.462718,-0.050294
-4.649298,-3.547125,1.463681,-0.051778
-4.641631,-3.546271,1.464628,-0.053222
-4.626295,-3.544577,1.466504,-0.055995
-4.618625,-3.543737,1.467434,-0.057311
-4.610953,-3.542902,1.468359,-0.058579
-4.603277,-3.542091,1.469274,-0.059815
-4.587923,-3.540482,1.471089,-0.062145
-4.580245,-3.539683,1.471989,-0.063245
-4.572552,-3.538917,1.472884,-0.064304
-4.564858,-3.538155,1.473773,-0.065317
-4.557163,-3.537396,1.474659,-0.066288
-4.541739,-3.535925,1.476418,-0.068107
-4.534013,-3.535211,1.477291,-0.068951
-4.526284,-3.534499,1.478158,-0.069746
-4.503052,-3.532483,1.480788,-0.071859
-4.503052,-3.532483,1.480788,-0.071859
-4.487548,-3.531181,1.482510,-0.073070
-4.487548,-3.531181,1.482510,-0.073070
-4.472003,-3.529993,1.484210,-0.074100
-4.464231,-3.529399,1.485058,-0.074553
-4.448672,-3.528238,1.486724,-0.075355
-4.448672,-3.528238,1.486724,-0.075355
-4.425318,-3.526535,1.489165,-0.076255
-4.417538,-3.525977,1.489959,-0.076478
-4.409758,-3.525418,1.490746,-0.076659
-4.394200,-3.524298,1.492301,-0.076908
-4.386423,-3.523760,1.493062,-0.076982
-4.378647,-3.523220,1.493819,-0.077019
-4.370871,-3.522680,1.494572,-0.077030
-4.355318,-3.521597,1.496065,-0.076936
-4.347548,-3.521074,1.496791,-0.076834
-4.339776,-3.520550,1.497512,-0.076698
-4.332006,-3.520024,1.498228,-0.076530
-4.308668,-3.518464,1.500358,-0.075830
-4.300885,-3.517944,1.501060,-0.075536
-4.293102,-3.517422,1.501758,-0.075216
-4.285297,-3.516913,1.502455,-0.074864
-4.269689,-3.515889,1.503834,-0.074102
-4.261886,-3.515374,1.504517,-0.073681
-4.254067,-3.514863,1.505190,-0.073230
-4.238435,-3.513831,1.506523,-0.072257
-4.230620,-3.513310,1.507167,-0.071734
-4.222779,-3.512796,1.507800,-0.071192
-4.214939,-3.512279,1.508428,-0.070624
-4.191416,-3.510722,1.510282,-0.068797
-4.191416,-3.510722,1.510282,-0.068797
-4.175728,-3.509686,1.511488,-0.067492
-4.167887,-3.509162,1.512098,-0.066811
-4.152178,-3.508172,1.513270,-0.065402
-4.144326,-3.507670,1.513851,-0.064673
-4.136477,-3.507166,1.514428,-0.063936
-4.120765,-3.506171,1.515549,-0.062418
-4.105062,-3.505159,1.516649,-0.060852
-4.097215,-3.504647,1.517195,-0.060053
-4.081519,-3.503635,1.518256,-0.058430
-4.073676,-3.503123,1.518782,-0.057605
-4.058000,-3.502113,1.519811,-0.055920
-4.042336,-3.501112,1.520816,-0.054211
-4.034508,-3.500605,1.521314,-0.053359
-4.018814,-3.499614,1.522259,-0.051627
-4.010973,-3.499112,1.522728,-0.050762
-3.995287,-3.498116,1.523616,-0.049022
-3.979602,-3.497125,1.524455,-0.047279
-3.971766,-3.496622,1.524873,-0.046410
-3.956080,-3.495639,1.525660,-0.044661
-3.948242,-3.495141,1.526052,-0.043792
-3.940408,-3.494637,1.526442,-0.042922
-3.924732,-3.493638,1.527175,-0.041194
-3.916900,-3.493132,1.527541,-0.040331
-3.909071,-3.492622,1.527906,-0.039473
-3.901225,-3.492126,1.528246,-0.038617
-3.885542,-3.491121,1.528924,-0.036935
-3.877707,-3.490612,1.529268,-0.036112
-3.862009,-3.489620,1.529931,-0.034457
-3.846328,-3.488612,1.530591,-0.032838
-3.838494,-3.488102,1.530921,-0.032047
-3.830661,-3.487630,1.531245,-0.031254
-3.815009,-3.486670,1.531877,-0.029705
-3.799357,-3.485714,1.532484,-0.028194
-3.791531,-3.485241,1.532782,-0.027449
-3.783708,-3.484764,1.533079,-0.026717
-3.760200,-3.483334,1.533945,-0.024576
-3.752362,-3.482854,1.534227,-0.023891
-3.744529,-3.482369,1.534510,-0.023212
-3.736680,-3.481890,1.534783,-0.022546
-3.720994,-3.480918,1.535328,-0.021243
-3.705305,-3.479948,1.535866,-0.019993
-3.697455,-3.479465,1.536145,-0.019381
-3.681770,-3.478483,1.536702,-0.018203
-3.673916,-3.477998,1.536968,-0.017639
-3.666066,-3.477507,1.537234,-0.017082
-3.642524,-3.476025,1.538021,-0.015494
-3.634676,-3.475531,1.538279,-0.014988
-3.626831,-3.475033,1.538537,-0.014501
-3.611132,-3.474040,1.539042,-0.013569
-3.595415,-3.473048,1.539499,-0.012708
-3.587539,-3.472550,1.539656,-0.012316
-3.579646,-3.472052,1.539732,-0.011970
-3.563812,-3.471096,1.539750,-0.011343
-3.547995,-3.470125,1.539838,-0.010773
-3.532256,-3.469174,1.540124,-0.010181
-3.524455,-3.468678,1.540371,-0.009868
-3.509024,-3.467646,1.541061,-0.009195
-3.493896,-3.466535,1.542004,-0.008451
-3.486475,-3.465936,1.542567,-0.008051
-3.479160,-3.465313,1.543180,-0.007646
-3.471962,-3.464656,1.543842,-0.007234
-3.464886,-3.463961,1.544538,-0.006837
-3.451159,-3.462458,1.546061,-0.006084
-3.438022,-3.460789,1.547713,-0.005446
-3.425560,-3.458944,1.549471,-0.004950
-3.419598,-3.457952,1.550374,-0.004760
-3.413790,-3.456908,1.551278,-0.004605
-3.397572,-3.453437,1.554041,-0.004400
-3.392522,-3.452167,1.554957,-0.004410
-3.387626,-3.450841,1.555861,-0.004450
-3.383065,-3.449435,1.556782,-0.004527
-3.370281,-3.444875,1.559432,-0.004897
-3.366314,-3.443240,1.560282,-0.005046
-3.362673,-3.441516,1.561121,-0.005193
-3.352593,-3.436007,1.563510,-0.005641
-3.349716,-3.434042,1.564259,-0.005783
-3.346974,-3.432024,1.564991,-0.005928
-3.344367,-3.429955,1.565708,-0.006070
-3.339750,-3.425645,1.567089,-0.006376
-3.335851,-3.421125,1.568408,-0.006727
-3.332664,-3.416421,1.569649,-0.007106
-3.331357,-3.414001,1.570236,-0.007290
-3.330167,-3.411542,1.570810,-0.007470
-3.327684,-3.403905,1.572429,-0.007958
-3.327145,-3.401281,1.572916,-0.008116
-3.326714,-3.398627,1.573394,-0.008273
-3.326585,-3.395932,1.573849,-0.008424
-3.326827,-3.387696,1.575172,-0.008862
-3.327286,-3.384897,1.575580,-0.009007
-3.327845,-3.382080,1.575982,-0.009169
-3.330259,-3.373512,1.577135,-0.009706
-3.331359,-3.370634,1.577494,-0.009898
-3.332550,-3.367742,1.577846,-0.010088
-3.336784,-3.359027,1.578874,-0.010700
-3.338455,-3.356121,1.579211,-0.010905
-3.340206,-3.353195,1.579541,-0.011117
-3.342037,-3.350259,1.579865,-0.011338
-3.346161,-3.344434,1.580490,-0.011767
-3.350585,-3.338568,1.581095,-0.012187
-3.355526,-3.332718,1.581680,-0.012604
-3.358099,-3.329770,1.581967,-0.012804
-3.360740,-3.326812,1.582251,-0.013009
-3.363557,-3.323893,1.582531,-0.013206
-3.366437,-3.320965,1.582808,-0.013397
-3.369381,-3.318028,1.583084,-0.013577
-3.378766,-3.309264,1.583936,-0.014093
-3.385379,-3.303402,1.584486,-0.014399
-3.388847,-3.300522,1.584751,-0.014540
-3.392371,-3.297634,1.585014,-0.014676
-3.395952,-3.294739,1.585276,-0.014805
-3.407147,-3.286153,1.586102,-0.015193
-3.411006,-3.283302,1.586374,-0.015319
-3.414916,-3.280445,1.586644,-0.015446
-3.427123,-3.272027,1.587415,-0.015837
-3.431287,-3.269208,1.587672,-0.015973
-3.435498,-3.266381,1.587928,-0.016105
-3.444140,-3.260856,1.588408,-0.016342
-3.448525,-3.258079,1.588646,-0.016455
-3.457444,-3.252562,1.589105,-0.016671
-3.466544,-3.247066,1.589536,-0.016849
-3.471150,-3.244299,1.589750,-0.016911
-3.475803,-3.241596,1.589945,-0.016966
-3.480492,-3.238877,1.590139,-0.017013
-3.489975,-3.233398,1.590528,-0.017074
-3.499633,-3.227993,1.590899,-0.017069
-3.504513,-3.225270,1.591088,-0.017058
-3.514407,-3.219849,1.591465,-0.017032
-3.519418,-3.217151,1.591652,-0.017014
-3.529533,-3.211718,1.592028,-0.016960
-3.534655,-3.209059,1.592207,-0.016943
-3.544984,-3.203692,1.592566,-0.016882
-3.555444,-3.198337,1.592910,-0.016815
-3.566029,-3.192990,1.593239,-0.016712
-3.571357,-3.190291,1.593422,-0.016648
-3.576724,-3.187646,1.593590,-0.016571
-3.582113,-3.184982,1.593757,-0.016488
-3.598413,-3.176879,1.594262,-0.016195
-3.603899,-3.174190,1.594415,-0.016091
-3.609406,-3.171485,1.594570,-0.015990
-3.620484,-3.166027,1.594899,-0.015784
-3.626047,-3.163311,1.595053,-0.015692
-3.631630,-3.160580,1.595210,-0.015599
-3.637233,-3.157828,1.595369,-0.015510
-3.654153,-3.149518,1.595845,-0.015278
-3.659832,-3.146722,1.596011,-0.015241
-3.665528,-3.143909,1.596185,-0.015218
-3.676961,-3.138282,1.596515,-0.015206
-3.682694,-3.135431,1.596689,-0.015214
-3.688436,-3.132557,1.596866,-0.015224
-3.694177,-3.129671,1.597036,-0.015242
-3.711422,-3.120842,1.597579,-0.015291
-3.717157,-3.117857,1.597755,-0.015307
-3.722891,-3.114839,1.597929,-0.015310
-3.740042,-3.105580,1.598447,-0.015242
-3.745738,-3.102423,1.598642,-0.015227
-3.751443,-3.099219,1.598894,-0.015275
-3.762847,-3.092658,1.599610,-0.015561
-3.768532,-3.089305,1.600067,-0.015769
-3.779856,-3.082464,1.601151,-0.016183
-3.790980,-3.075460,1.602400,-0.016438
-3.796433,-3.071909,1.603061,-0.016478
-3.801822,-3.068336,1.603735,-0.016447
-3.807136,-3.064744,1.604416,-0.016348
-3.822429,-3.053841,1.606447,-0.015653
-3.827331,-3.050201,1.607092,-0.015311
-3.832065,-3.046564,1.607745,-0.014927
-3.841188,-3.039316,1.608969,-0.014101
-3.845569,-3.035713,1.609535,-0.013666
-3.849721,-3.032144,1.610084,-0.013242
-3.853745,-3.028596,1.610598,-0.012827
-3.864861,-3.018133,1.611958,-0.011691
-3.868190,-3.014724,1.612332,-0.011386
-3.871381,-3.011349,1.612669,-0.011125
-3.874434,-3.008010,1.612971,-0.010910
-3.879739,-3.001546,1.613417,-0.010611
-3.882184,-2.998373,1.613586,-0.010535
-3.884490,-2.995240,1.613724,-0.010496
-3.889938,-2.986343,1.613935,-0.010651
-3.891484,-2.983464,1.613952,-0.010780
-3.892675,-2.980724,1.613925,-0.010941
-3.893737,-2.978025,1.613860,-0.011132
-3.895475,-2.972756,1.613671,-0.011602
-3.896154,-2.970184,1.613549,-0.011855
-3.896495,-2.967762,1.613385,-0.012136
-3.896818,-2.963057,1.613017,-0.012722
-3.896803,-2.960765,1.612797,-0.013031
-3.896464,-2.958615,1.612541,-0.013344
-3.896014,-2.956502,1.612275,-0.013653
-3.895454,-2.954427,1.612001,-0.013971
-3.893814,-2.950491,1.611404,-0.014591
-3.891569,-2.946806,1.610758,-0.015180
-3.890298,-2.945017,1.610432,-0.015464
-3.887086,-2.941751,1.609742,-0.016003
-3.885343,-2.940162,1.609394,-0.016255
-3.883510,-2.938601,1.609044,-0.016490
-3.879198,-2.935725,1.608322,-0.016924
-3.876918,-2.934333,1.607962,-0.017118
-3.874558,-2.932964,1.607602,-0.017305
-3.871936,-2.931702,1.607237,-0.017472
-3.863620,-2.928039,1.606143,-0.017914
-3.860527,-2.926932,1.605770,-0.018014
-3.857366,-2.925844,1.605399,-0.018106
-3.850845,-2.923728,1.604696,-0.018243
-3.847312,-2.922764,1.604347,-0.018293
-3.843718,-2.921815,1.603999,-0.018327
-3.840065,-2.920882,1.603653,-0.018355
-3.832580,-2.919060,1.602963,-0.018380
-3.828592,-2.918227,1.602629,-0.018374
-3.824551,-2.917408,1.602296,-0.018358
-3.820456,-2.916600,1.601964,-0.018323
-3.807563,-2.914346,1.600984,-0.018166
-3.807563,-2.914346,1.600984,-0.018166
-3.798624,-2.912924,1.600339,-0.018004
-3.789205,-2.911618,1.599705,-0.017819
-3.784431,-2.910979,1.599389,-0.017705
-3.779616,-2.910351,1.599073,-0.017591
-3.774623,-2.909765,1.598762,-0.017471
-3.764524,-2.908621,1.598143,-0.017216
-3.759419,-2.908062,1.597833,-0.017069
-3.754154,-2.907520,1.597521,-0.016914
-3.748854,-2.906987,1.597211,-0.016756
-3.738155,-2.905945,1.596591,-0.016426
-3.732639,-2.905440,1.596278,-0.016255
-3.727092,-2.904943,1.595966,-0.016079
-3.721516,-2.904453,1.595654,-0.015899
-3.704387,-2.903054,1.594726,-0.015340
-3.704387,-2.903054,1.594726,-0.015340
-3.692758,-2.902166,1.594112,-0.014949
-3.680846,-2.901342,1.593521,-0.014529
-3.674855,-2.900943,1.593244,-0.014321
-3.668841,-2.900549,1.592968,-0.014099
-3.662805,-2.900162,1.592692,-0.013888
-3.656668,-2.899762,1.592432,-0.013672
-3.644332,-2.898979,1.591911,-0.013237
-3.638134,-2.898597,1.591650,-0.013015
-3.631841,-2.898213,1.591396,-0.012785
-3.612858,-2.897110,1.590616,-0.012112
-3.612858,-2.897110,1.590616,-0.012112
-3.599976,-2.896404,1.590119,-0.011662
-3.593512,-2.896059,1.589869,-0.011431
-3.580492,-2.895402,1.589380,-0.010972
-3.573939,-2.895089,1.589141,-0.010740
-3.567373,-2.894785,1.588902,-0.010507
-3.560793,-2.894486,1.588663,-0.010271
-3.547471,-2.893922,1.588146,-0.009835
-3.540769,-2.893646,1.587825,-0.009667
-3.534034,-2.893373,1.587450,-0.009545
-3.520379,-2.892846,1.586647,-0.009395
-3.506682,-2.892346,1.585965,-0.009340
-3.499777,-2.892108,1.585706,-0.009333
-3.486064,-2.891649,1.585418,-0.009326
-3.479280,-2.891425,1.585401,-0.009313
-3.472504,-2.891205,1.585453,-0.009295
-3.465805,-2.890986,1.585575,-0.009273
-3.452682,-2.890555,1.586017,-0.009185
-3.446278,-2.890340,1.586326,-0.009116
-3.433777,-2.889889,1.587121,-0.008930
-3.427725,-2.889659,1.587577,-0.008817
-3.416068,-2.889179,1.588623,-0.008561
-3.416068,-2.889179,1.588623,-0.008561
-3.405036,-2.888662,1.589794,-0.008282
-3.405036,-2.888662,1.589794,-0.008282
-3.394718,-2.888100,1.591061,-0.007980
-3.389843,-2.887798,1.591717,-0.007822
-3.385134,-2.887477,1.592372,-0.007678
-3.380592,-2.887135,1.593022,-0.007544
-3.376351,-2.886797,1.593702,-0.007421
-3.368368,-2.886045,1.595028,-0.007202
-3.361206,-2.885195,1.596317,-0.007035
-3.354855,-2.884236,1.597575,-0.006926
-3.351918,-2.883708,1.598176,-0.006892
-3.349321,-2.883171,1.598766,-0.006867
-3.346877,-2.882599,1.599336,-0.006851
-3.340623,-2.880663,1.600919,-0.006867
-3.340623,-2.880663,1.600919,-0.006867
-3.337416,-2.879183,1.601869,-0.006916
-3.336021,-2.878384,1.602315,-0.006953
-3.333986,-2.876659,1.603137,-0.007021
-3.333986,-2.876659,1.603137,-0.007021
-3.332466,-2.874772,1.603883,-0.007092
-3.331893,-2.873767,1.604223,-0.007132
-3.331419,-2.871588,1.604813,-0.007216
-3.331357,-2.870438,1.605083,-0.007259
-3.331409,-2.869247,1.605339,-0.007303
-3.332170,-2.866721,1.605785,-0.007366
-3.332709,-2.865397,1.605984,-0.007395
-3.333349,-2.864032,1.606170,-0.007419
-3.334235,-2.862611,1.606340,-0.007425
-3.337460,-2.858074,1.606787,-0.007465
-3.338854,-2.856446,1.606918,-0.007468
-3.340335,-2.854778,1.607041,-0.007470
-3.343554,-2.851326,1.607249,-0.007437
-3.345409,-2.849513,1.607342,-0.007415
-3.347344,-2.847662,1.607427,-0.007383
-3.349356,-2.845765,1.607506,-0.007346
-3.353724,-2.841812,1.607656,-0.007262
-3.356075,-2.839757,1.607727,-0.007208
-3.358499,-2.837668,1.607792,-0.007161
-3.366401,-2.831112,1.607959,-0.007005
-3.369202,-2.828839,1.608006,-0.006941
-3.372065,-2.826533,1.608047,-0.006889
-3.375085,-2.824149,1.608088,-0.006833
-3.381299,-2.819287,1.608169,-0.006720
-3.384492,-2.816809,1.608204,-0.006644
-3.387740,-2.814301,1.608236,-0.006578
-3.391128,-2.811714,1.608257,-0.006511
-3.394567,-2.809097,1.608275,-0.006445
-3.401599,-2.803764,1.608291,-0.006295
-3.405271,-2.800988,1.608293,-0.006220
-3.412756,-2.795355,1.608290,-0.006064
-3.420500,-2.789550,1.608279,-0.005892
-3.420500,-2.789550,1.608279,-0.005892
-3.428493,-2.783579,1.608261,-0.005717
-3.436719,-2.777452,1.608260,-0.005543
-3.440924,-2.774330,1.608257,-0.005447
-3.445168,-2.771185,1.608252,-0.005351
-3.449450,-2.768018,1.608244,-0.005258
-3.458237,-2.761571,1.608237,-0.005067
-3.462683,-2.758316,1.608240,-0.004967
-3.467164,-2.755040,1.608241,-0.004856
-3.471723,-2.751717,1.608233,-0.004750
-3.485598,-2.741633,1.608202,-0.004430
-3.490320,-2.738205,1.608190,-0.004316
-3.495072,-2.734759,1.608178,-0.004204
-3.504670,-2.727819,1.608146,-0.003986
-3.509541,-2.724299,1.608128,-0.003867
-3.514440,-2.720765,1.608110,-0.003753
-3.519368,-2.717216,1.608092,-0.003655
-3.529312,-2.710079,1.608052,-0.003473
-3.534346,-2.706487,1.607994,-0.003387
-3.539407,-2.702882,1.607935,-0.003294
-3.544495,-2.699265,1.607878,-0.003198
-3.549610,-2.695637,1.607821,-0.003097
-3.559942,-2.688336,1.607684,-0.002889
-3.565145,-2.684670,1.607616,-0.002791
-3.570374,-2.680996,1.607550,-0.002686
-3.586261,-2.669990,1.607304,-0.002371
-3.591606,-2.666306,1.607224,-0.002265
-3.596991,-2.662621,1.607142,-0.002159
-3.607833,-2.655228,1.606985,-0.001949
-3.613290,-2.651525,1.606907,-0.001843
-3.618771,-2.647825,1.606832,-0.001746
-3.624275,-2.644123,1.606758,-0.001654
-3.635354,-2.636714,1.606616,-0.001475
-3.640943,-2.633009,1.606551,-0.001392
-3.646571,-2.629301,1.606529,-0.001313
-3.652249,-2.625587,1.606578,-0.001233
-3.669560,-2.614434,1.607201,-0.000862
-3.669560,-2.614434,1.607201,-0.000862
-3.675385,-2.610722,1.607555,-0.000657
-3.681211,-2.607017,1.607967,-0.000393
-3.692841,-2.599664,1.608963,0.000276
-3.698607,-2.596008,1.609510,0.000686
-3.704326,-2.592372,1.610076,0.001138
-3.709986,-2.588757,1.610651,0.001629
-3.721093,-2.581646,1.611862,0.002672
-3.726521,-2.578133,1.612453,0.003216
-3.731855,-2.574651,1.613024,0.003764
-3.737073,-2.571228,1.613601,0.004295
-3.747179,-2.564487,1.614680,0.005308
-3.752055,-2.561172,1.615169,0.005762
-3.761300,-2.554738,1.616049,0.006524
-3.765727,-2.551584,1.616428,0.006823
-3.774053,-2.545450,1.617043,0.007236
-3.777948,-2.542471,1.617279,0.007351
-3.781702,-2.539538,1.617475,0.007414
-3.788618,-2.533872,1.617720,0.007348
-3.791779,-2.531137,1.617771,0.007228
-3.794796,-2.528449,1.617788,0.007047
-3.797668,-2.525809,1.617771,0.006812
-3.804854,-2.518375,1.617421,0.005841
-3.806965,-2.515992,1.617249,0.005429
-3.808743,-2.513741,1.617007,0.004980
-3.811886,-2.509378,1.616457,0.004012
-3.813254,-2.507265,1.616149,0.003497
-3.814294,-2.505275,1.615780,0.002975
-3.815203,-2.503328,1.615395,0.002433
-3.817164,-2.497756,1.614158,0.000757
-3.817164,-2.497756,1.614158,0.000757
-3.817496,-2.494413,1.613196,-0.000371
-3.817355,-2.491227,1.612217,-0.001488
-3.816927,-2.489755,1.611694,-0.002034
-3.816389,-2.488320,1.611166,-0.002575
-3.815742,-2.486921,1.610635,-0.003110
-3.813968,-2.484294,1.609546,-0.004143
-3.812846,-2.483064,1.609013,-0.004641
-3.811625,-2.481867,1.608478,-0.005125
-3.810307,-2.480702,1.607942,-0.005603
-3.805301,-2.477549,1.606303,-0.006921
-3.803453,-2.476556,1.605758,-0.007322
-3.801367,-2.475641,1.605205,-0.007713
-3.796948,-2.473912,1.604120,-0.008448
-3.794618,-2.473087,1.603582,-0.008792
-3.792067,-2.472337,1.603045,-0.009121
-3.789441,-2.471610,1.602510,-0.009431
-3.780983,-2.469607,1.600910,-0.010286
-3.780983,-2.469607,1.600910,-0.010286
-3.774813,-2.468438,1.599842,-0.010784
-3.771628,-2.467890,1.599313,-0.011010
-3.764812,-2.466906,1.598229,-0.011415
-3.761312,-2.466444,1.597693,-0.011596
-3.757750,-2.466003,1.597160,-0.011775
-3.746505,-2.464841,1.595625,-0.012224
-3.742610,-2.464504,1.595119,-0.012348
-3.738661,-2.464184,1.594616,-0.012456
-3.730422,-2.463627,1.593607,-0.012650
-3.726227,-2.463375,1.593112,-0.012730
-3.721981,-2.463140,1.592620,-0.012799
-3.717592,-2.462920,1.592132,-0.012859
-3.704148,-2.462378,1.590685,-0.012969
-3.704148,-2.462378,1.590685,-0.012969
-3.694787,-2.462084,1.589717,-0.012981
-3.690042,-2.461961,1.589250,-0.012975
-3.680356,-2.461752,1.588307,-0.012953
-3.675416,-2.461666,1.587833,-0.012921
-3.670438,-2.461595,1.587362,-0.012875
-3.665423,-2.461545,1.586894,-0.012834
-3.655152,-2.461473,1.585949,-0.012712
-3.649963,-2.461459,1.585488,-0.012649
-3.644740,-2.461459,1.585029,-0.012578
-3.628710,-2.461454,1.583633,-0.012323
-3.623303,-2.461481,1.583174,-0.012220
-3.617806,-2.461474,1.582719,-0.012117
-3.606722,-2.461503,1.581748,-0.011886
-3.601135,-2.461539,1.581269,-0.011755
-3.595520,-2.461588,1.580793,-0.011628
-3.589823,-2.461585,1.580333,-0.011499
-3.572571,-2.461663,1.578985,-0.011050
-3.572571,-2.461663,1.578985,-0.011050
-3.560866,-2.461670,1.578157,-0.010729
-3.554977,-2.461694,1.577748,-0.010560
-3.543100,-2.461722,1.576961,-0.010209
-3.537113,-2.461727,1.576582,-0.010028
-3.531104,-2.461746,1.576205,-0.009846
-3.519011,-2.461762,1.575474,-0.009474
-3.512928,-2.461760,1.575124,-0.009273
-3.506824,-2.461770,1.574776,-0.009074
-3.494547,-2.461765,1.574108,-0.008668
-3.482183,-2.461748,1.573456,-0.008247
-3.475972,-2.461758,1.573124,-0.008036
-3.469717,-2.461722,1.572804,-0.007818
-3.463444,-2.461702,1.572485,-0.007599
-3.450834,-2.461706,1.571799,-0.007237
-3.438057,-2.461671,1.570924,-0.007126
-3.425161,-2.461704,1.569811,-0.007249
-3.418660,-2.461690,1.569270,-0.007340
-3.412153,-2.461686,1.568774,-0.007420
-3.405653,-2.461689,1.568338,-0.007462
-3.386264,-2.461641,1.567433,-0.007329
-3.386264,-2.461641,1.567433,-0.007329
-3.373520,-2.461487,1.567161,-0.006943
-3.367245,-2.461378,1.567127,-0.006671
-3.354906,-2.460994,1.567257,-0.006009
-3.348873,-2.460752,1.567404,-0.005624
-3.342941,-2.460468,1.567597,-0.005211
-3.331460,-2.459659,1.568163,-0.004353
-3.325893,-2.459181,1.568493,-0.003934
-3.315207,-2.457992,1.569274,-0.003147
-3.310092,-2.457278,1.569715,-0.002786
-3.305110,-2.456504,1.570165,-0.002462
-3.295663,-2.454701,1.571105,-0.001931
-3.291201,-2.453670,1.571603,-0.001717
-3.278796,-2.450087,1.573096,-0.001341
-3.275042,-2.448698,1.573598,-0.001298
-3.271420,-2.447240,1.574085,-0.001281
-3.267931,-2.445709,1.574566,-0.001300
-3.261693,-2.442249,1.575502,-0.001434
-3.258766,-2.440416,1.575943,-0.001541
-3.255963,-2.438517,1.576366,-0.001665
-3.248844,-2.432076,1.577503,-0.002101
-3.246706,-2.429800,1.577843,-0.002268
-3.244681,-2.427454,1.578166,-0.002437
-3.242953,-2.424936,1.578455,-0.002619
-3.239817,-2.419719,1.578984,-0.002981
-3.238406,-2.417022,1.579224,-0.003163
-3.237272,-2.414158,1.579431,-0.003342
-3.234449,-2.405229,1.579966,-0.003829
-3.233857,-2.402036,1.580104,-0.003983
-3.233352,-2.398792,1.580230,-0.004137
-3.232933,-2.395498,1.580343,-0.004283
-3.232510,-2.388671,1.580524,-0.004536
-3.232499,-2.385142,1.580592,-0.004652
-3.232564,-2.381567,1.580651,-0.004752
-3.232705,-2.377948,1.580701,-0.004846
-3.233516,-2.370407,1.580731,-0.005006
-3.234599,-2.362703,1.580734,-0.005138
-3.234599,-2.362703,1.580734,-0.005138
-3.237124,-2.350645,1.580652,-0.005276
-3.238086,-2.346551,1.580615,-0.005318
-3.239235,-2.342355,1.580558,-0.005349
-3.241698,-2.333849,1.580434,-0.005376
-3.243008,-2.329546,1.580362,-0.005382
-3.244473,-2.325141,1.580275,-0.005389
-3.245988,-2.320705,1.580185,-0.005384
-3.249157,-2.311739,1.579999,-0.005378
-3.250810,-2.307210,1.579903,-0.005370
-3.252598,-2.302597,1.579792,-0.005353
-3.254427,-2.297952,1.579680,-0.005324
-3.258204,-2.288579,1.579481,-0.005262
-3.260236,-2.283800,1.579371,-0.005219
-3.264409,-2.274163,1.579149,-0.005133
-3.264409,-2.274163,1.579149,-0.005133
-3.271074,-2.259421,1.578786,-0.004963
-3.273385,-2.254441,1.578659,-0.004901
-3.275727,-2.249438,1.578531,-0.004832
-3.280642,-2.239272,1.578271,-0.004677
-3.283142,-2.234156,1.578142,-0.004600
-3.288291,-2.223824,1.577887,-0.004443
-3.288291,-2.223824,1.577887,-0.004443
-3.293612,-2.213371,1.577637,-0.004283
-3.296308,-2.208112,1.577513,-0.004203
-3.299108,-2.202815,1.577391,-0.004115
-3.301929,-2.197498,1.577270,-0.004030
-3.307635,-2.186805,1.577029,-0.003846
-3.310582,-2.181434,1.576925,-0.003754
-3.316531,-2.170634,1.576717,-0.003553
-3.316531,-2.170634,1.576717,-0.003553
-3.325679,-2.154303,1.576419,-0.003233
-3.328776,-2.148825,1.576322,-0.003125
-3.331887,-2.143329,1.576224,-0.003019
-3.335013,-2.137815,1.576134,-0.002913
-3.341373,-2.126782,1.575974,-0.002685
-3.344573,-2.121239,1.575894,-0.002567
-3.347785,-2.115678,1.575815,-0.002447
-3.357583,-2.099027,1.575571,-0.002103
-3.360872,-2.093443,1.575485,-0.001990
-3.364192,-2.087873,1.575397,-0.001882
-3.370905,-2.076658,1.575351,-0.001766
-3.374306,-2.071006,1.575425,-0.001744
-3.377741,-2.065366,1.575547,-0.001728
-3.381191,-2.059703,1.575731,-0.001691
-3.388089,-2.048333,1.576236,-0.001430
-3.388089,-2.048333,1.576236,-0.001430
-3.398332,-2.031354,1.577297,-0.000450
-3.404956,-2.020114,1.578130,0.000595
-3.408185,-2.014539,1.578593,0.001219
-3.411344,-2.008996,1.579053,0.001895
-3.414427,-2.003490,1.579506,0.002614
-3.420305,-1.992642,1.580434,0.004084
-3.423107,-1.987295,1.580871,0.004815
-3.425810,-1.982004,1.581284,0.005523
-3.428365,-1.976811,1.581693,0.006200
-3.435383,-1.961631,1.582755,0.007887
-3.437498,-1.956715,1.583045,0.008309
-3.439392,-1.951944,1.583311,0.008655
-3.442829,-1.942640,1.583743,0.009088
-3.444369,-1.938112,1.583919,0.009171
-3.446810,-1.929482,1.584126,0.009088
-3.447853,-1.925297,1.584184,0.008929
-3.449429,-1.917287,1.584174,0.008374
-3.449963,-1.913462,1.584109,0.007991
-3.450380,-1.909724,1.584020,0.007542
-3.450705,-1.902631,1.583748,0.006480
-3.450616,-1.899280,1.583557,0.005880
-3.450417,-1.896014,1.583346,0.005246
-3.450106,-1.892832,1.583117,0.004579
-3.449521,-1.889862,1.582828,0.003887
-3.448033,-1.884163,1.582215,0.002439
-3.445961,-1.878900,1.581514,0.000928
-3.443324,-1.874067,1.580728,-0.000580
-3.441863,-1.871763,1.580324,-0.001328
-3.440144,-1.869648,1.579877,-0.002071
-3.438335,-1.867602,1.579424,-0.002809
-3.432229,-1.861967,1.578012,-0.004924
-3.432229,-1.861967,1.578012,-0.004924
-3.427535,-1.858667,1.577025,-0.006233
-3.422527,-1.855617,1.576037,-0.007463
-3.419785,-1.854253,1.575518,-0.008040
-3.416968,-1.852943,1.575001,-0.008603
-3.414079,-1.851686,1.574485,-0.009136
-3.404762,-1.848344,1.572920,-0.010610
-3.404762,-1.848344,1.572920,-0.010610
-3.398144,-1.846403,1.571881,-0.011460
-3.394637,-1.845550,1.571346,-0.011847
-3.387441,-1.843974,1.570287,-0.012547
-3.383755,-1.843249,1.569763,-0.012861
-3.379910,-1.842609,1.569236,-0.013154
-3.372053,-1.841446,1.568193,-0.013685
-3.368044,-1.840926,1.567682,-0.013913
-3.363884,-1.840464,1.567173,-0.014114
-3.359674,-1.840039,1.566669,-0.014298
-3.346653,-1.838989,1.565173,-0.014740
-3.346653,-1.838989,1.565173,-0.014740
-3.337609,-1.838479,1.564186,-0.014940
-3.333020,-1.838273,1.563712,-0.015012
-3.328299,-1.838110,1.563243,-0.015066
-3.318730,-1.837878,1.562319,-0.015105
-3.313885,-1.837808,1.561862,-0.015108
-3.308915,-1.837765,1.561411,-0.015089
-3.298861,-1.837766,1.560519,-0.015020
-3.298861,-1.837766,1.560519,-0.015020
-3.288660,-1.837881,1.559638,-0.014908
-3.288660,-1.837881,1.559638,-0.014908
-3.272919,-1.838257,1.558395,-0.014633
-3.267605,-1.838436,1.557986,-0.014517
-3.262196,-1.838650,1.557589,-0.014391
-3.251285,-1.839157,1.556776,-0.014102
-3.245783,-1.839447,1.556374,-0.013940
-3.240185,-1.839779,1.555984,-0.013771
-3.234560,-1.840139,1.555598,-0.013594
-3.223224,-1.840928,1.554831,-0.013225
-3.223224,-1.840928,1.554831,-0.013225
-3.205828,-1.842355,1.553719,-0.012593
-3.194039,-1.843422,1.552999,-0.012150
-3.188076,-1.843994,1.552648,-0.011923
-3.182090,-1.844587,1.552298,-0.011691
-3.176082,-1.845200,1.551951,-0.011454
-3.163896,-1.846522,1.551292,-0.010955
-3.157772,-1.847212,1.550965,-0.010703
-3.145423,-1.848645,1.550319,-0.010182
-3.145423,-1.848645,1.550319,-0.010182
-3.126700,-1.850932,1.549357,-0.009375
-3.120396,-1.851720,1.549035,-0.009098
-3.114076,-1.852527,1.548715,-0.008822
-3.101385,-1.854191,1.548081,-0.008262
-3.095015,-1.855049,1.547767,-0.007972
-3.088607,-1.855903,1.547459,-0.007684
-3.082185,-1.856773,1.547153,-0.007395
-3.075747,-1.857661,1.546860,-0.007098
-3.062814,-1.859449,1.546288,-0.006511
-3.049811,-1.861265,1.545730,-0.005917
-3.049811,-1.861265,1.545730,-0.005917
-3.030205,-1.864018,1.544905,-0.005047
-3.023644,-1.864953,1.544632,-0.004765
-3.017070,-1.865903,1.544361,-0.004480
-3.003876,-1.867770,1.543811,-0.003905
-2.997261,-1.868725,1.543539,-0.003611
-2.990635,-1.869695,1.543268,-0.003332
-2.983987,-1.870637,1.543006,-0.003048
-2.963981,-1.873551,1.542182,-0.002210
-2.963981,-1.873551,1.542182,-0.002210
-2.950557,-1.875464,1.541646,-0.001648
-2.937093,-1.877433,1.541116,-0.001114
-2.930348,-1.878385,1.540848,-0.000847
-2.923595,-1.879351,1.540582,-0.000592
-2.916833,-1.880331,1.540318,-0.000331
-2.910063,-1.881325,1.540055,-0.000083
-2.896481,-1.883279,1.539538,0.000405
-2.889677,-1.884278,1.539282,0.000646
-2.882864,-1.885290,1.539027,0.000886
-2.876043,-1.886315,1.538783,0.001119
-2.862355,-1.888309,1.538306,0.001582
-2.848636,-1.890357,1.537831,0.002018
-2.848636,-1.890357,1.537831,0.002018
-2.827962,-1.893389,1.537130,0.002619
-2.821054,-1.894428,1.536877,0.002780
-2.814120,-1.895429,1.536604,0.002857
-2.800198,-1.897499,1.535923,0.002737
-2.793213,-1.898566,1.535544,0.002559
-2.786204,-1.899608,1.535198,0.002328
-2.779193,-1.900664,1.534880,0.002077
-2.772187,-1.901725,1.534595,0.001834
-2.758193,-1.903799,1.534184,0.001413
-2.751218,-1.904799,1.534063,0.001263
-2.744275,-1.905778,1.533994,0.001162
-2.737370,-1.906727,1.533975,0.001102
-2.723674,-1.908448,1.534136,0.001163
-2.716908,-1.909239,1.534288,0.001260
-2.710202,-1.909974,1.534476,0.001384
-2.697003,-1.911192,1.534982,0.001739
-2.690513,-1.911695,1.535271,0.001938
-2.677820,-1.912418,1.535933,0.002325
-2.671621,-1.912629,1.536304,0.002515
-2.659480,-1.912777,1.537064,0.002845
-2.653541,-1.912708,1.537445,0.002975
-2.647787,-1.912451,1.537858,0.003080
-2.631060,-1.911077,1.539062,0.003240
-2.625775,-1.910271,1.539465,0.003234
-2.620578,-1.909361,1.539855,0.003209
-2.615469,-1.908348,1.540231,0.003157
-2.615469,-1.908348,1.540231,0.003157
-2.605662,-1.905848,1.540942,0.002965
-2.596344,-1.902779,1.541593,0.002710
-2.596344,-1.902779,1.541593,0.002710
-2.583302,-1.897083,1.542479,0.002223
-2.579166,-1.894934,1.542742,0.002048
-2.575108,-1.892691,1.542989,0.001857
-2.567527,-1.887580,1.543426,0.001453
-2.563844,-1.884892,1.543610,0.001261
-2.560231,-1.882118,1.543780,0.001059
-2.556845,-1.879096,1.543925,0.000861
-2.550265,-1.872812,1.544178,0.000499
-2.547070,-1.869554,1.544286,0.000329
-2.544091,-1.866072,1.544376,0.000166
-2.541172,-1.862518,1.544455,0.000008
-2.535501,-1.855199,1.544573,-0.000276
-2.532882,-1.851292,1.544614,-0.000418
-2.530314,-1.847322,1.544645,-0.000549
-2.527797,-1.843288,1.544669,-0.000667
-2.520654,-1.830707,1.544703,-0.000969
-2.520654,-1.830707,1.544703,-0.000969
-2.518444,-1.826315,1.544704,-0.001066
-2.516276,-1.821871,1.544698,-0.001159
-2.510259,-1.808010,1.544641,-0.001369
-2.510259,-1.808010,1.544641,-0.001369
-2.506516,-1.798460,1.544577,-0.001486
-2.503173,-1.788522,1.544555,-0.001681
-2.501569,-1.783472,1.544590,-0.001871
-2.501569,-1.783472,1.544590,-0.001871
-2.498612,-1.773112,1.544763,-0.002343
-2.497247,-1.767814,1.544895,-0.002562
-2.494584,-1.757115,1.545231,-0.002859
-2.494584,-1.757115,1.545231,-0.002859
-2.492207,-1.746173,1.545621,-0.002848
-2.489807,-1.735218,1.546060,-0.002510
-2.488704,-1.729670,1.546295,-0.002218
-2.487576,-1.724143,1.546531,-0.001854
-2.486416,-1.718644,1.546767,-0.001436
-2.486416,-1.718644,1.546767,-0.001436
-2.482885,-1.702258,1.547389,0.000020
-2.482885,-1.702258,1.547389,0.000020
-2.481643,-1.696877,1.547579,0.000536
-2.477706,-1.681065,1.548080,0.001968
-2.476291,-1.675931,1.548232,0.002385
-2.474811,-1.670878,1.548364,0.002750
-2.473262,-1.665909,1.548476,0.003057
-2.471659,-1.661061,1.548558,0.003292
-2.468240,-1.651641,1.548662,0.003594
-2.466423,-1.647073,1.548685,0.003631
-2.464532,-1.642678,1.548660,0.003612
-2.460529,-1.634185,1.548568,0.003364
-2.458417,-1.630088,1.548495,0.003153
-2.453925,-1.622383,1.548232,0.002549
-2.451569,-1.618681,1.548078,0.002175
-2.446591,-1.611691,1.547687,0.001305
-2.443971,-1.608399,1.547452,0.000819
-2.441279,-1.605206,1.547207,0.000299
-2.438517,-1.602109,1.546952,-0.000246
-2.432674,-1.596437,1.546348,-0.001394
-2.429651,-1.593741,1.546036,-0.001990
-2.426562,-1.591137,1.545717,-0.002590
-2.423341,-1.588750,1.545372,-0.003190
-2.416709,-1.584237,1.544668,-0.004411
-2.413300,-1.582108,1.544312,-0.005013
-2.409749,-1.580189,1.543929,-0.005604
-2.402473,-1.576586,1.543160,-0.006748
-2.398750,-1.574899,1.542743,-0.007299
-2.394902,-1.573411,1.542312,-0.007834
-2.391000,-1.571995,1.541884,-0.008343
-2.383039,-1.569370,1.541034,-0.009309
-2.378980,-1.568159,1.540613,-0.009776
-2.374815,-1.567117,1.540178,-0.010206
-2.370602,-1.566138,1.539746,-0.010618
-2.362031,-1.564360,1.538901,-0.011372
-2.357619,-1.563646,1.538465,-0.011711
-2.353162,-1.562988,1.538033,-0.012033
-2.348660,-1.562383,1.537606,-0.012331
-2.344116,-1.561832,1.537182,-0.012605
-2.334799,-1.561036,1.536305,-0.013091
-2.330079,-1.560711,1.535874,-0.013302
-2.325318,-1.560433,1.535448,-0.013487
-2.315583,-1.560152,1.534561,-0.013775
-2.310658,-1.560078,1.534126,-0.013884
-2.310658,-1.560078,1.534126,-0.013884
-2.300633,-1.560112,1.533244,-0.014052
-2.300633,-1.560112,1.533244,-0.014052
-2.285233,-1.560545,1.531939,-0.014165
-2.285233,-1.560545,1.531939,-0.014165
-2.279982,-1.560806,1.531494,-0.014176
-2.274698,-1.561104,1.531056,-0.014163
-2.264035,-1.561809,1.530199,-0.014089
-2.258615,-1.562236,1.529727,-0.014031
-2.253165,-1.562697,1.529262,-0.013954
-2.247687,-1.563193,1.528803,-0.013874
-2.242179,-1.563722,1.528352,-0.013777
-2.230997,-1.564894,1.527430,-0.013538
-2.219706,-1.566193,1.526536,-0.013257
-2.219706,-1.566193,1.526536,-0.013257
-2.202524,-1.568369,1.525253,-0.012757
-2.196737,-1.569154,1.524835,-0.012576
-2.190927,-1.569968,1.524424,-0.012379
-2.185064,-1.570793,1.524011,-0.012175
-2.173269,-1.572528,1.523195,-0.011747
-2.167337,-1.573439,1.522791,-0.011517
-2.161363,-1.574357,1.522386,-0.011282
-2.155367,-1.575303,1.521988,-0.011042
-2.143312,-1.577277,1.521210,-0.010545
-2.137247,-1.578296,1.520821,-0.010287
-2.131160,-1.579341,1.520439,-0.010027
-2.125054,-1.580412,1.520068,-0.009761
-2.112768,-1.582629,1.519336,-0.009203
-2.100391,-1.584945,1.518620,-0.008629
-2.094175,-1.586138,1.518272,-0.008340
-2.081671,-1.588603,1.517568,-0.007762
-2.075393,-1.589870,1.517225,-0.007471
-2.069098,-1.591159,1.516887,-0.007177
-2.056451,-1.593837,1.516186,-0.006583
-2.050104,-1.595208,1.515844,-0.006287
-2.043741,-1.596599,1.515507,-0.005985
-2.037366,-1.598033,1.515166,-0.005688
-2.024575,-1.600960,1.514529,-0.005079
-2.018157,-1.602452,1.514218,-0.004779
-2.011726,-1.603963,1.513912,-0.004476
-2.005288,-1.605520,1.513608,-0.004175
-1.998836,-1.607094,1.513308,-0.003876
-1.985891,-1.610294,1.512718,-0.003280
-1.979403,-1.611931,1.512422,-0.002986
-1.972903,-1.613585,1.512132,-0.002702
-1.966390,-1.615255,1.511846,-0.002416
-1.953337,-1.618655,1.511284,-0.001846
-1.946797,-1.620385,1.511007,-0.001562
-1.940247,-1.622129,1.510735,-0.001278
-1.933684,-1.623888,1.510452,-0.001000
-1.920543,-1.627464,1.509897,-0.000464
-1.913957,-1.629272,1.509626,-0.000203
-1.907360,-1.631094,1.509361,0.000058
-1.907360,-1.631094,1.509361,0.000058
-1.887486,-1.636662,1.508598,0.000815
-1.887486,-1.636662,1.508598,0.000815
-1.874187,-1.640436,1.508115,0.001304
-1.874187,-1.640436,1.508115,0.001304
-1.854165,-1.646184,1.507425,0.002001
-1.854165,-1.646184,1.507425,0.002001
-1.847469,-1.648113,1.507210,0.002231
-1.840765,-1.650054,1.506999,0.002442
-1.827333,-1.653968,1.506593,0.002857
-1.820602,-1.655925,1.506398,0.003059
-1.807117,-1.659869,1.506019,0.003466
-1.793601,-1.663854,1.505654,0.003852
-1.786837,-1.665838,1.505488,0.004034
-1.773287,-1.669835,1.505163,0.004373
-1.766501,-1.671848,1.505005,0.004531
-1.746101,-1.677921,1.504572,0.004990
-1.739288,-1.679964,1.504432,0.005135
-1.718812,-1.686098,1.504059,0.005534
-1.711975,-1.688160,1.503939,0.005651
-1.705153,-1.690208,1.503816,0.005758
-1.684656,-1.696406,1.503452,0.006066
-1.677834,-1.698467,1.503319,0.006154
-1.671008,-1.700537,1.503189,0.006237
-1.650504,-1.706768,1.502797,0.006458
-1.643664,-1.708842,1.502662,0.006527
-1.636820,-1.710924,1.502530,0.006582
-1.616311,-1.717160,1.502177,0.006717
-1.609473,-1.719246,1.502060,0.006758
-1.602631,-1.721339,1.501944,0.006791
-1.582119,-1.727548,1.501587,0.006856
-1.575272,-1.729634,1.501474,0.006867
-1.561589,-1.733796,1.501250,0.006882
-1.547912,-1.737959,1.501028,0.006881
-1.534232,-1.742124,1.500820,0.006852
-1.520547,-1.746292,1.500603,0.006809
-1.513697,-1.748387,1.500497,0.006789
-1.500008,-1.752542,1.500302,0.006728
-1.493156,-1.754631,1.500207,0.006696
-1.472589,-1.760883,1.499946,0.006572
-1.465726,-1.762972,1.499864,0.006529
-1.445141,-1.769213,1.499638,0.006375
-1.438274,-1.771297,1.499566,0.006312
-1.417685,-1.777518,1.499410,0.006122
-1.410818,-1.779595,1.499368,0.006054
-1.397084,-1.783745,1.499285,0.005912
-1.390216,-1.785819,1.499245,0.005835
-1.369586,-1.792054,1.499099,0.005577
-1.362699,-1.794127,1.499042,0.005488
-1.342014,-1.800391,1.498877,0.005214
-1.335114,-1.802465,1.498820,0.005120
-1.328208,-1.804547,1.498763,0.005027
-1.307467,-1.810822,1.498607,0.004725
-1.293621,-1.815024,1.498506,0.004521
-1.279784,-1.819246,1.498410,0.004306
-1.272872,-1.821363,1.498370,0.004199
-1.259034,-1.825618,1.498289,0.003996
-1.245206,-1.829897,1.498199,0.003779
-1.231359,-1.834203,1.498109,0.003563
-1.224424,-1.836362,1.498050,0.003453
-1.203590,-1.842879,1.497873,0.003121
-1.196617,-1.845059,1.497804,0.003007
-1.175673,-1.851635,1.497605,0.002681
-1.168668,-1.853830,1.497529,0.002572
-1.154644,-1.858239,1.497378,0.002356
-1.147627,-1.860453,1.497304,0.002248
-1.133534,-1.864865,1.497129,0.002038
-1.119427,-1.869300,1.496958,0.001821
-1.098220,-1.875954,1.496730,0.001512
-1.091141,-1.878176,1.496651,0.001407
-1.084059,-1.880404,1.496573,0.001314
-1.062753,-1.887055,1.496310,0.001030
-1.055645,-1.889283,1.496226,0.000943
-1.034273,-1.895921,1.495935,0.000684
-1.027143,-1.898146,1.495842,0.000597
-1.020008,-1.900346,1.495733,0.000510
-1.012870,-1.902552,1.495626,0.000417
-0.991431,-1.909181,1.495281,0.000179
-0.984273,-1.911385,1.495167,0.000114
-0.977113,-1.913595,1.495055,0.000047
-0.962782,-1.918012,1.494831,-0.000098
-0.948436,-1.922433,1.494642,-0.000225
-0.941260,-1.924651,1.494551,-0.000296
-0.926901,-1.929042,1.494356,-0.000425
-0.919718,-1.931245,1.494263,-0.000487
-0.905354,-1.935631,1.494074,-0.000598
-0.898172,-1.937814,1.493982,-0.000649
-0.883803,-1.942196,1.493804,-0.000752
-0.869446,-1.946559,1.493644,-0.000851
-0.855101,-1.950903,1.493504,-0.000947
-0.847925,-1.953084,1.493438,-0.000995
-0.840764,-1.955236,1.493399,-0.001032
-0.833601,-1.957394,1.493361,-0.001077
-0.812113,-1.963860,1.493294,-0.001203
-0.804955,-1.965999,1.493299,-0.001230
-0.797795,-1.968144,1.493305,-0.001274
-0.783479,-1.972413,1.493416,-0.001322
-0.776322,-1.974537,1.493489,-0.001347
-0.762001,-1.978804,1.493630,-0.001374
-0.747672,-1.983019,1.493819,-0.001425
-0.740504,-1.985135,1.493918,-0.001447
-0.726165,-1.989363,1.494135,-0.001478
-0.726165,-1.989363,1.494135,-0.001478
-0.711821,-1.993592,1.494368,-0.001493
-0.704645,-1.995715,1.494480,-0.001504
-0.697472,-1.997840,1.494618,-0.001512
-0.690295,-1.999970,1.494754,-0.001515
-0.668767,-2.006392,1.495180,-0.001534
-0.661596,-2.008541,1.495332,-0.001535
-0.654421,-2.010694,1.495479,-0.001537
-0.632904,-2.017179,1.495926,-0.001533
-0.625740,-2.019349,1.496086,-0.001533
-0.618572,-2.021523,1.496241,-0.001529
-0.604240,-2.025885,1.496557,-0.001515
-0.589908,-2.030265,1.496873,-0.001502
-0.582738,-2.032460,1.497026,-0.001490
-0.575558,-2.034654,1.497163,-0.001471
-0.554003,-2.041255,1.497552,-0.001431
-0.546814,-2.043453,1.497689,-0.001413
-0.532432,-2.047856,1.497954,-0.001377
-0.518038,-2.052266,1.498208,-0.001360
-0.510836,-2.054472,1.498330,-0.001344
-0.496427,-2.058894,1.498566,-0.001304
-0.481992,-2.063289,1.498789,-0.001256
-0.474771,-2.065490,1.498896,-0.001229
-0.453096,-2.072052,1.499169,-0.001155
-0.445868,-2.074236,1.499255,-0.001129
-0.438637,-2.076423,1.499338,-0.001105
-0.416933,-2.082892,1.499573,-0.001025
-0.409695,-2.085055,1.499644,-0.001007
-0.402454,-2.087221,1.499712,-0.000980
-0.387975,-2.091513,1.499870,-0.000928
-0.380733,-2.093664,1.499945,-0.000893
-0.366249,-2.097938,1.500095,-0.000833
-0.351763,-2.102190,1.500224,-0.000772
-0.344518,-2.104320,1.500285,-0.000736
-0.337276,-2.106425,1.500342,-0.000704
-0.322786,-2.110644,1.500447,-0.000647
-0.308292,-2.114855,1.500534,-0.000588
-0.301045,-2.116956,1.500570,-0.000555
-0.293797,-2.119059,1.500604,-0.000519
-0.279305,-2.123266,1.500663,-0.000450
-0.272060,-2.125370,1.500688,-0.000424
-0.264814,-2.127476,1.500711,-0.000401
-0.257567,-2.129585,1.500733,-0.000371
-0.243080,-2.133786,1.500710,-0.000310
-0.228587,-2.137996,1.500683,-0.000243
-0.221341,-2.140115,1.500673,-0.000218
-0.214094,-2.142236,1.500663,-0.000201
-0.199596,-2.146483,1.500633,-0.000152
-0.192358,-2.148609,1.500610,-0.000120
-0.185120,-2.150736,1.500588,-0.000093
-0.170639,-2.154995,1.500541,-0.000047
-0.163395,-2.157126,1.500517,-0.000018
-0.156186,-2.159243,1.500473,0.000003
-0.148975,-2.161362,1.500429,0.000022
-0.134548,-2.165603,1.500334,0.000061
-0.127357,-2.167703,1.500280,0.000076
-0.120164,-2.169805,1.500226,0.000094
-0.112968,-2.171909,1.500173,0.000114
-0.098595,-2.176086,1.500064,0.000162
-0.091417,-2.178161,1.500001,0.000178
-0.084236,-2.180237,1.499940,0.000199
-0.077052,-2.182315,1.499880,0.000223
-0.055550,-2.188445,1.499709,0.000286
-0.055550,-2.188445,1.499709,0.000286
-0.041221,-2.192524,1.499595,0.000320
-0.041221,-2.192524,1.499595,0.000320
-0.019733,-2.198629,1.499409,0.000380
-0.019733,-2.198629,1.499409,0.000380
-0.005440,-2.202703,1.499286,0.000405
-0.005440,-2.202703,1.499286,0.000405
0.008865,-2.206785,1.499168,0.000429
0.016009,-2.208825,1.499104,0.000443
0.030306,-2.212911,1.498977,0.000474
0.044610,-2.217004,1.498848,0.000504
0.051764,-2.219052,1.498782,0.000516
0.058921,-2.221102,1.498718,0.000526
0.066082,-2.223154,1.498654,0.000529
0.066082,-2.223154,1.498654,0.000529
0.073245,-2.225208,1.498590,0.000535
0.073245,-2.225208,1.498590,0.000535
0.087544,-2.229317,1.498463,0.000554
0.094698,-2.231374,1.498402,0.000562
0.101855,-2.233433,1.498342,0.000567
0.101855,-2.233433,1.498342,0.000567
0.116148,-2.237564,1.498220,0.000585
0.123300,-2.239632,1.498178,0.000593
0.130455,-2.241701,1.498137,0.000596
0.137609,-2.243776,1.498093,0.000606
0.151926,-2.247931,1.498005,0.000622
0.159090,-2.250010,1.497962,0.000624
0.159090,-2.250010,1.497962,0.000624
0.166252,-2.252081,1.497914,0.000623
0.173417,-2.254153,1.497868,0.000628
0.173417,-2.254153,1.497868,0.000628
0.180586,-2.256226,1.497820,0.000639
0.194933,-2.260356,1.497736,0.000639
0.202111,-2.262414,1.497700,0.000645
0.202111,-2.262414,1.497700,0.000645
0.209293,-2.264473,1.497664,0.000650
0.216477,-2.266533,1.497629,0.000652
0.230859,-2.270618,1.497587,0.000640
0.230859,-2.270618,1.497587,0.000640
0.238055,-2.272662,1.497571,0.000637
0.245255,-2.274706,1.497556,0.000634
0.252453,-2.276745,1.497541,0.000631
0.266859,-2.280827,1.497512,0.000624
0.274067,-2.282870,1.497498,0.000615
0.281264,-2.284905,1.497481,0.000604
0.281264,-2.284905,1.497481,0.000604
0.295667,-2.288981,1.497443,0.000602
0.302873,-2.291020,1.497424,0.000596
0.310083,-2.293060,1.497406,0.000585
0.310083,-2.293060,1.497406,0.000585
0.317284,-2.295088,1.497391,0.000575
0.317284,-2.295088,1.497391,0.000575
0.331695,-2.299149,1.497363,0.000562
0.338905,-2.301180,1.497354,0.000560
0.346104,-2.303216,1.497355,0.000553
0.353306,-2.305251,1.497358,0.000540
0.360512,-2.307287,1.497360,0.000526
0.374928,-2.311361,1.497375,0.000521
0.374928,-2.311361,1.497375,0.000521
0.382138,-2.313399,1.497389,0.000512
0.389351,-2.315437,1.497401,0.000504
0.403777,-2.319516,1.497427,0.000498
0.410990,-2.321557,1.497444,0.000498
0.418205,-2.323597,1.497460,0.000493
0.425423,-2.325638,1.497476,0.000483
0.425423,-2.325638,1.497476,0.000483
0.447086,-2.331736,1.497568,0.000480
0.447086,-2.331736,1.497568,0.000480
0.454312,-2.333770,1.497597,0.000477
0.461551,-2.335789,1.497648,0.000470
0.461551,-2.335789,1.497648,0.000470
0.483283,-2.341848,1.497795,0.000450
0.483283,-2.341848,1.497795,0.000450
0.490547,-2.343853,1.497867,0.000444
0.497813,-2.345857,1.497937,0.000443
0.497813,-2.345857,1.497937,0.000443
0.512350,-2.349867,1.498073,0.000418
0.519629,-2.351866,1.498159,0.000407
0.526910,-2.353864,1.498242,0.000406
0.534193,-2.355862,1.498324,0.000407
0.534193,-2.355862,1.498324,0.000407
0.541478,-2.357861,1.498404,0.000403
0.556053,-2.361854,1.498560,0.000402
0.556053,-2.361854,1.498560,0.000402
0.563343,-2.363850,1.498636,0.000391
0.570634,-2.365845,1.498712,0.000392
0.570634,-2.365845,1.498712,0.000392
0.585235,-2.369828,1.498863,0.000374
0.592545,-2.371816,1.498938,0.000359
0.592545,-2.371816,1.498938,0.000359
0.599856,-2.373803,1.499011,0.000361
0.607169,-2.375790,1.499083,0.000355
0.621851,-2.379754,1.499247,0.000350
0.629194,-2.381735,1.499325,0.000342
0.636538,-2.383715,1.499400,0.000329
0.643896,-2.385682,1.499477,0.000320
0.643896,-2.385682,1.499477,0.000320
0.665978,-2.391580,1.499707,0.000314
0.665978,-2.391580,1.499707,0.000314
0.673338,-2.393532,1.499790,0.000308
0.680698,-2.395483,1.499871,0.000299
0.680698,-2.395483,1.499871,0.000299
0.695423,-2.399384,1.500026,0.000290
0.702781,-2.401321,1.500100,0.000293
0.710140,-2.403258,1.500172,0.000290
0.717501,-2.405194,1.500242,0.000279
0.732212,-2.409041,1.500374,0.000272
0.739561,-2.410952,1.500441,0.000270
0.746912,-2.412862,1.500506,0.000263
0.754264,-2.414772,1.500569,0.000254
0.768946,-2.418517,1.500692,0.000239
0.776289,-2.420390,1.500751,0.000234
0.783633,-2.422264,1.500809,0.000231
0.790978,-2.424137,1.500865,0.000227
0.790978,-2.424137,1.500865,0.000227
0.812961,-2.429717,1.501011,0.000221
0.812961,-2.429717,1.501011,0.000221
0.820291,-2.431576,1.501057,0.000216
0.827594,-2.433436,1.501093,0.000214
0.834899,-2.435296,1.501120,0.000209
0.849513,-2.439016,1.501170,0.000206
0.849513,-2.439016,1.501170,0.000206
0.856795,-2.440885,1.501178,0.000200
0.864079,-2.442754,1.501185,0.000201
0.871365,-2.444622,1.501192,0.000202
0.871365,-2.444622,1.501192,0.000202
0.885928,-2.448380,1.501194,0.000189
0.893206,-2.450271,1.501190,0.000187
0.900485,-2.452161,1.501186,0.000186
0.900485,-2.452161,1.501186,0.000186
0.907765,-2.454050,1.501180,0.000182
0.922312,-2.457866,1.501136,0.000170
0.922312,-2.457866,1.501136,0.000170
0.929588,-2.459772,1.501114,0.000159
0.936866,-2.461676,1.501092,0.000154
0.951373,-2.465510,1.501021,0.000133
0.958629,-2.467426,1.500986,0.000131
0.965887,-2.469339,1.500951,0.000135
0.965887,-2.469339,1.500951,0.000135
0.973119,-2.471272,1.500894,0.000140
0.987588,-2.475131,1.500783,0.000133
0.994826,-2.477057,1.500744,0.000130
0.994826,-2.477057,1.500744,0.000130
1.002024,-2.479001,1.500685,0.000127
1.009225,-2.480942,1.500628,0.000123
1.016428,-2.482882,1.500573,0.000125
1.030843,-2.486754,1.500465,0.000126
1.030843,-2.486754,1.500465,0.000126
1.038008,-2.488705,1.500390,0.000131
1.045177,-2.490654,1.500317,0.000131
1.059525,-2.494544,1.500168,0.000123
1.066673,-2.496515,1.500069,0.000125
1.073824,-2.498482,1.499973,0.000117
1.080980,-2.500447,1.499877,0.000113
1.095285,-2.504402,1.499656,0.000108
1.095285,-2.504402,1.499656,0.000108
1.102435,-2.506391,1.499544,0.000110
1.109588,-2.508377,1.499434,0.000117
1.116746,-2.510358,1.499327,0.000118
1.131052,-2.514377,1.499049,0.000126
1.138211,-2.516379,1.498916,0.000125
1.145374,-2.518378,1.498786,0.000120
1.152531,-2.520393,1.498625,0.000125
1.166858,-2.524410,1.498300,0.000132
1.174027,-2.526411,1.498143,0.000132
1.174027,-2.526411,1.498143,0.000132
1.181190,-2.528429,1.497967,0.000135
1.188357,-2.530442,1.497796,0.000129
1.202703,-2.534451,1.497467,0.000122
1.202703,-2.534451,1.497467,0.000122
1.209868,-2.536458,1.497285,0.000119
1.217038,-2.538458,1.497107,0.000120
1.217038,-2.538458,1.497107,0.000120
1.224212,-2.540454,1.496934,0.000120
1.231390,-2.542444,1.496766,0.000115
1.245763,-2.546425,1.496370,0.000125
1.245763,-2.546425,1.496370,0.000125
1.252955,-2.548407,1.496180,0.000132
1.260152,-2.550383,1.495995,0.000134
1.267352,-2.552354,1.495812,0.000134
1.281768,-2.556309,1.495379,0.000139
1.288981,-2.558279,1.495172,0.000139
1.296199,-2.560242,1.494970,0.000132
1.310663,-2.564179,1.494497,0.000131
1.317901,-2.566140,1.494262,0.000128
1.325143,-2.568094,1.494035,0.000119
1.332401,-2.570060,1.493787,0.000122
1.354201,-2.575925,1.493088,0.000135
1.354201,-2.575925,1.493088,0.000135
1.361492,-2.577880,1.492845,0.000132
1.368788,-2.579829,1.492610,0.000125
1.390702,-2.585641,1.491932,0.000139
1.398018,-2.587568,1.491706,0.000143
1.405338,-2.589490,1.491488,0.000135
1.419991,-2.593314,1.491059,0.000136
1.427325,-2.595214,1.490878,0.000141
1.434662,-2.597109,1.490704,0.000138
1.442002,-2.598997,1.490536,0.000136
1.456725,-2.602757,1.490186,0.000135
1.464090,-2.604629,1.490021,0.000139
1.471457,-2.606494,1.489862,0.000143
1.478845,-2.608374,1.489683,0.000145
1.501023,-2.613978,1.489195,0.000147
1.508421,-2.615833,1.489044,0.000147
1.515831,-2.617715,1.488868,0.000154
1.515831,-2.617715,1.488868,0.000154
1.538075,-2.623321,1.488392,0.000168
1.538075,-2.623321,1.488392,0.000168
1.545499,-2.625185,1.488224,0.000168
1.552924,-2.627043,1.488063,0.000170
1.552924,-2.627043,1.488063,0.000170
1.560352,-2.628893,1.487908,0.000176
1.575220,-2.632587,1.487585,0.000181
1.582659,-2.634431,1.487418,0.000185
1.590101,-2.636267,1.487258,0.000186
1.590101,-2.636267,1.487258,0.000186
1.612493,-2.641750,1.486791,0.000183
1.612493,-2.641750,1.486791,0.000183
1.619970,-2.643566,1.486639,0.000192
1.627448,-2.645375,1.486495,0.000197
1.627448,-2.645375,1.486495,0.000197
1.642439,-2.648973,1.486209,0.000202
1.649936,-2.650762,1.486100,0.000204
1.664933,-2.654340,1.485888,0.000211
1.664933,-2.654340,1.485888,0.000211
1.687434,-2.659683,1.485598,0.000225
1.694956,-2.661469,1.485508,0.000224
1.702478,-2.663248,1.485423,0.000229
1.710000,-2.665020,1.485352,0.000239
1.725061,-2.668558,1.485214,0.000236
1.732599,-2.670325,1.485148,0.000240
1.740138,-2.672084,1.485088,0.000236
1.747676,-2.673838,1.485032,0.000244
1.762766,-2.677337,1.484927,0.000243
1.770319,-2.679083,1.484877,0.000246
1.777871,-2.680822,1.484832,0.000251
1.792975,-2.684301,1.484741,0.000263
1.800527,-2.686041,1.484695,0.000263
1.815631,-2.689500,1.484617,0.000269
1.815631,-2.689500,1.484617,0.000269
1.830734,-2.692979,1.484548,0.000277
1.838285,-2.694708,1.484520,0.000276
1.853397,-2.698164,1.484476,0.000264
1.853397,-2.698164,1.484476,0.000264
1.868517,-2.701613,1.484447,0.000280
1.876076,-2.703326,1.484437,0.000283
1.883656,-2.705056,1.484423,0.000280
1.891234,-2.706778,1.484413,0.000285
1.906389,-2.710198,1.484405,0.000277
1.913984,-2.711899,1.484398,0.000274
1.921579,-2.713592,1.484395,0.000273
1.929172,-2.715278,1.484395,0.000273
1.944373,-2.718632,1.484381,0.000281
1.951980,-2.720299,1.484377,0.000285
1.951980,-2.720299,1.484377,0.000285
1.959587,-2.721959,1.484376,0.000290
1.982440,-2.726878,1.484385,0.000303
1.990062,-2.728502,1.484387,0.000303
1.990062,-2.728502,1.484387,0.000303
2.005302,-2.731726,1.484404,0.000308
2.005302,-2.731726,1.484404,0.000308
2.020560,-2.734893,1.484416,0.000303
2.028188,-2.736465,1.484428,0.000304
2.035814,-2.738029,1.484444,0.000305
2.043436,-2.739562,1.484462,0.000310
2.058680,-2.742607,1.484473,0.000308
2.066300,-2.744120,1.484484,0.000309
2.073933,-2.745609,1.484500,0.000310
2.081564,-2.747092,1.484519,0.000310
2.081564,-2.747092,1.484519,0.000310
2.089195,-2.748567,1.484542,0.000313
2.104471,-2.751471,1.484621,0.000323
2.119761,-2.754325,1.484735,0.000329
2.119761,-2.754325,1.484735,0.000329
2.127404,-2.755743,1.484797,0.000331
2.142721,-2.758484,1.484916,0.000335
2.150377,-2.759846,1.484980,0.000345
2.158032,-2.761203,1.485046,0.000347
2.181024,-2.765124,1.485196,0.000352
2.188686,-2.766421,1.485250,0.000352
2.196358,-2.767675,1.485280,0.000350
2.211700,-2.770172,1.485347,0.000354
2.219368,-2.771414,1.485378,0.000349
2.227046,-2.772621,1.485384,0.000344
2.234722,-2.773823,1.485394,0.000344
2.242395,-2.775021,1.485406,0.000344
2.257737,-2.777406,1.485441,0.000336
2.265408,-2.778558,1.485436,0.000333
2.273077,-2.779706,1.485435,0.000331
2.288410,-2.781994,1.485419,0.000331
2.296072,-2.783109,1.485407,0.000333
2.303733,-2.784222,1.485399,0.000331
2.311392,-2.785331,1.485394,0.000335
2.334365,-2.788623,1.485397,0.000344
2.334365,-2.788623,1.485397,0.000344
2.349674,-2.790798,1.485424,0.000341
2.349674,-2.790798,1.485424,0.000341
2.372612,-2.793982,1.485489,0.000338
2.380255,-2.795039,1.485516,0.000338
2.387903,-2.796072,1.485564,0.000337
2.403195,-2.798135,1.485647,0.000334
2.410839,-2.799163,1.485693,0.000339
2.418471,-2.800167,1.485753,0.000354
2.426100,-2.801169,1.485816,0.000360
2.441356,-2.803170,1.485946,0.000362
2.448979,-2.804147,1.486044,0.000369
2.464222,-2.806098,1.486244,0.000373
2.479453,-2.808033,1.486464,0.000383
2.487064,-2.808994,1.486582,0.000383
2.487064,-2.808994,1.486582,0.000383
2.502282,-2.810913,1.486819,0.000388
2.509888,-2.811871,1.486923,0.000389
2.525074,-2.813776,1.487199,0.000397
2.532665,-2.814728,1.487338,0.000395
2.540256,-2.815678,1.487476,0.000396
2.555400,-2.817580,1.487830,0.000403
2.562972,-2.818530,1.487998,0.000403
2.570543,-2.819479,1.488164,0.000402
2.578098,-2.820436,1.488370,0.000404
2.593206,-2.822346,1.488779,0.000424
2.600759,-2.823300,1.488980,0.000426
2.608321,-2.824268,1.489223,0.000428
2.615882,-2.825235,1.489463,0.000436
2.623443,-2.826201,1.489698,0.000440
2.631003,-2.827166,1.489929,0.000443
2.646136,-2.829134,1.490476,0.000446
2.653701,-2.830116,1.490742,0.000450
2.661265,-2.831098,1.491004,0.000460
2.676389,-2.833068,1.491583,0.000470
2.683950,-2.834051,1.491864,0.000473
2.691510,-2.835032,1.492140,0.000478
2.714159,-2.837981,1.493066,0.000498
2.721706,-2.838961,1.493363,0.000505
2.729251,-2.839952,1.493688,0.000514
2.744336,-2.841931,1.494319,0.000526
2.751877,-2.842917,1.494625,0.000526
2.759417,-2.843903,1.494924,0.000523
2.766954,-2.844899,1.495250,0.000525
2.782025,-2.846884,1.495878,0.000533
2.789559,-2.847874,1.496171,0.000546
2.804631,-2.849848,1.496810,0.000548
2.812165,-2.850832,1.497119,0.000545
2.827223,-2.852795,1.497737,0.000541
2.834745,-2.853775,1.498045,0.000551
2.842268,-2.854752,1.498346,0.000552
2.849788,-2.855727,1.498632,0.000547
2.864812,-2.857674,1.499190,0.000555
2.879831,-2.859614,1.499717,0.000544
2.879831,-2.859614,1.499717,0.000544
2.902340,-2.862502,1.500506,0.000535
2.909840,-2.863461,1.500758,0.000535
2.917329,-2.864414,1.501020,0.000531
2.932305,-2.866316,1.501519,0.000534
2.939792,-2.867263,1.501756,0.000537
2.954737,-2.869147,1.502258,0.000542
2.962209,-2.870085,1.502492,0.000544
2.977143,-2.871968,1.502958,0.000553
2.984605,-2.872912,1.503191,0.000543
2.992066,-2.873855,1.503415,0.000545
3.006988,-2.875732,1.503840,0.000544
3.014430,-2.876680,1.504066,0.000546
3.029313,-2.878566,1.504491,0.000554
3.029313,-2.878566,1.504491,0.000554
3.051594,-2.881396,1.505090,0.000553
3.059013,-2.882337,1.505278,0.000554
3.066433,-2.883275,1.505457,0.000555
3.073834,-2.884220,1.505656,0.000563
3.088638,-2.886101,1.506030,0.000578
3.096040,-2.887035,1.506204,0.000586
3.103422,-2.887978,1.506367,0.000593
3.118190,-2.889852,1.506669,0.000607
3.125576,-2.890784,1.506785,0.000625
3.132944,-2.891713,1.506890,0.000626
3.140313,-2.892638,1.506990,0.000625
3.162421,-2.895405,1.507260,0.000624
3.162421,-2.895405,1.507260,0.000624
3.169788,-2.896328,1.507344,0.000625
3.177156,-2.897247,1.507423,0.000633
3.199266,-2.899985,1.507668,0.000643
3.206639,-2.900890,1.507739,0.000646
3.214012,-2.901791,1.507805,0.000637
3.221389,-2.902679,1.507880,0.000638
3.236148,-2.904441,1.508002,0.000638
3.243531,-2.905317,1.508049,0.000633
3.250915,-2.906189,1.508092,0.000629
3.258293,-2.907052,1.508135,0.000627
3.273054,-2.908767,1.508206,0.000626
3.287807,-2.910459,1.508261,0.000623
3.287807,-2.910459,1.508261,0.000623
3.309928,-2.912958,1.508289,0.000619
3.309928,-2.912958,1.508289,0.000619
3.324682,-2.914598,1.508288,0.000618
3.332062,-2.915411,1.508281,0.000614
3.339443,-2.916220,1.508271,0.000610
3.354195,-2.917824,1.508264,0.000607
3.361573,-2.918620,1.508254,0.000605
3.368953,-2.919411,1.508240,0.000607
3.383714,-2.920967,1.508217,0.000615
3.391098,-2.921739,1.508200,0.000619
3.398484,-2.922506,1.508179,0.000621
3.413246,-2.924031,1.508137,0.000611
3.420630,-2.924787,1.508110,0.000616
3.428017,-2.925538,1.508081,0.000615
3.435401,-2.926292,1.508065,0.000618
3.450176,-2.927788,1.508023,0.000606
3.457566,-2.928530,1.508005,0.000608
3.472347,-2.930008,1.507993,0.000602
3.487136,-2.931469,1.507968,0.000606
3.494534,-2.932194,1.507951,0.000605
3.501926,-2.932915,1.507953,0.000605
3.509320,-2.933634,1.507952,0.000605
3.524115,-2.935056,1.507976,0.000597
3.531513,-2.935756,1.508002,0.000595
3.538914,-2.936452,1.508023,0.000591
3.546317,-2.937144,1.508041,0.000589
3.553722,-2.937832,1.508054,0.000595
3.568548,-2.939185,1.508097,0.000592
3.575965,-2.939855,1.508111,0.000589
3.583383,-2.940521,1.508122,0.000581
3.605664,-2.942488,1.508177,0.000576
3.605664,-2.942488,1.508177,0.000576
3.613095,-2.943136,1.508187,0.000571
3.620538,-2.943775,1.508203,0.000573
3.642877,-2.945668,1.508181,0.000562
3.642877,-2.945668,1.508181,0.000562
3.650330,-2.946281,1.508183,0.000556
3.657785,-2.946891,1.508183,0.000557
3.680166,-2.948697,1.508190,0.000562
3.680166,-2.948697,1.508190,0.000562
3.695101,-2.949884,1.508219,0.000565
3.710054,-2.951061,1.508241,0.000555
3.717538,-2.951646,1.508250,0.000562
3.717538,-2.951646,1.508250,0.000562
3.732511,-2.952804,1.508257,0.000561
3.747509,-2.953961,1.508219,0.000555
3.755020,-2.954542,1.508197,0.000554
3.762531,-2.955118,1.508172,0.000548
3.770042,-2.955692,1.508144,0.000547
3.785088,-2.956844,1.508065,0.000546
3.792610,-2.957415,1.508032,0.000541
3.800133,-2.957981,1.507997,0.000541
3.807680,-2.958563,1.507958,0.000548
3.822773,-2.959713,1.507872,0.000547
3.830319,-2.960283,1.507824,0.000544
3.845453,-2.961468,1.507697,0.000528
3.853020,-2.962054,1.507647,0.000523
3.868175,-2.963251,1.507518,0.000512
3.875762,-2.963861,1.507441,0.000507
3.883349,-2.964465,1.507361,0.000495
3.898535,-2.965684,1.507174,0.000484
3.906134,-2.966298,1.507062,0.000482
3.913732,-2.966906,1.506948,0.000482
3.921329,-2.967509,1.506834,0.000478
3.936555,-2.968751,1.506569,0.000477
3.944167,-2.969363,1.506436,0.000475
3.951779,-2.969969,1.506303,0.000477
3.959407,-2.970597,1.506168,0.000482
3.974661,-2.971836,1.505883,0.000489
3.982285,-2.972446,1.505740,0.000498
3.997540,-2.973673,1.505464,0.000503
3.997540,-2.973673,1.505464,0.000503
4.020424,-2.975501,1.505067,0.000501
