1.000000,1.000000,1.000000,1.000000,1.000000,0.000000,-0.100000
1.000000,1.000000,1.000000,1.000000,1.000000,0.000000,-0.100000
1.000000,1.000000,1.000000,1.000000,1.000000,0.000000,-0.100000
1.000000,1.000000,1.000000,1.000000,1.000000,0.000000,-0.100000
1.000000,1.000000,1.000000,1.000000,1.000000,0.000000,-0.100000
1.000000,1.000000,1.000000,1.000000,1.000000,0.000000,-0.100000
1.000000,1.000000,1.000000,1.000000,1.000000,0.000000,-0.100000
1.000000,1.000000,1.000000,1.000000,1.000000,0.000000,-0.100000
1.000000,1.000000,1.000000,1.000000,1.000000,0.000000,-0.099999
1.000000,1.000000,1.000000,1.000000,1.000000,0.000000,-0.099999
1.000000,1.000000,1.000000,1.000000,1.000000,0.000000,-0.099999
1.000000,1.000000,1.000000,1.000000,1.000000,0.000000,-0.099999
1.000000,1.000000,1.000000,1.000000,1.000000,0.000000,-0.099999
1.000000,1.000000,1.000000,1.000000,1.000000,0.000000,-0.099999
1.000000,1.000000,1.000000,1.000000,1.000000,0.000000,-0.099999
1.000000,1.000000,1.000000,1.000000,1.000000,0.000000,-0.099999
1.000000,1.000000,1.000000,1.000000,1.000000,0.000000,-0.099999
1.000000,1.000000,1.000000,1.000000,1.000000,0.000000,-0.099999
1.000000,1.000000,1.000000,1.000000,1.000000,0.000000,-0.099999
1.000000,1.000000,1.000000,1.000000,1.000000,0.000000,-0.099999
1.000000,1.000000,1.000000,1.000000,1.000000,0.000000,-0.099999
1.000000,1.000000,1.000000,1.000000,1.000000,0.000000,-0.099999
1.000000,1.000000,1.000000,1.000000,1.000000,0.000000,-0.099999
1.000000,1.000000,1.000000,1.000000,1.000000,0.000000,-0.099999
1.000000,1.000000,1.000000,1.000000,1.000000,0.000000,-0.099999
1.000000,1.000000,1.000000,1.000000,1.000000,0.000000,-0.099999
1.000000,1.000000,1.000000,1.000000,1.000000,0.000000,-0.099999
1.000000,1.000000,1.000000,1.000000,1.000000,0.000000,-0.099999
1.000000,1.000000,1.000000,1.000000,1.000000,0.000000,-0.099999
1.000000,1.000000,1.000000,1.000000,1.000000,0.000000,-0.099999
1.000000,1.000000,1.000000,1.000000,1.000000,0.000000,-0.099999
1.000000,1.000000,1.000000,1.000000,1.000000,0.000000,-0.099999
1.000000,1.000000,1.000000,1.000000,1.000000,0.000000,-0.099999
1.000000,1.000000,1.000000,1.000000,1.000000,0.000000,-0.099999
1.000000,1.000000,1.000000,1.000000,1.000000,0.000000,-0.099999
1.000000,1.000000,1.000000,1.000000,1.000000,0.000000,-0.099998
1.000000,1.000000,1.000000,1.000000,1.000000,0.000000,-0.099998
1.000000,1.000000,1.000000,1.000000,1.000000,0.000000,-0.099998
1.000000,1.000000,1.000000,1.000000,1.000000,0.000000,-0.099998
1.000000,1.000000,1.000000,1.000000,1.000000,0.000000,-0.099998
1.000000,1.000000,1.000000,1.000000,1.000000,0.000000,-0.099998
1.000000,1.000000,1.000000,1.000000,1.000000,0.000000,-0.099998
1.000000,1.000000,1.000000,1.000000,1.000000,0.000000,-0.099998
1.000000,1.000000,1.000000,1.000000,1.000000,0.000000,-0.099998
1.000000,1.000000,1.000000,1.000000,1.000000,0.000000,-0.099998
1.000000,1.000000,1.000000,1.000000,1.000000,0.000000,-0.099998
1.000000,1.000000,1.000000,1.000000,1.000000,0.000000,-0.099998
1.000000,1.000000,1.000000,1.000000,1.000000,0.000000,-0.099998
1.000000,1.000000,1.000000,1.000000,1.000000,0.000000,-0.099998
1.000000,1.000000,1.000000,1.000000,1.000000,0.000000,-0.099998
1.000000,1.000000,1.000000,1.000000,1.000000,0.000000,-0.099998
1.000000,1.000000,1.000000,1.000000,1.000000,0.000000,-0.099998
1.000000,1.000000,1.000000,1.000000,1.000000,0.000000,-0.099998
1.000000,1.000000,1.000000,1.000000,1.000000,0.000000,-0.099998
1.000000,1.000000,1.000000,1.000000,1.000000,0.000000,-0.099998
1.000000,1.000000,1.000000,1.000000,1.000000,0.000000,-0.099998
1.000000,1.000000,1.000000,1.000000,1.000000,0.000000,-0.099998
1.000000,1.000000,1.000000,1.000000,1.000000,0.000000,-0.099998
1.000000,1.000000,1.000000,1.000000,1.000000,0.000000,-0.099998
1.000000,1.000000,1.000000,1.000000,1.000000,0.000000,-0.099997
1.000000,1.000000,1.000000,1.000000,1.000000,0.000000,-0.099997
1.000000,1.000000,1.000000,1.000000,1.000000,0.000000,-0.099997
1.000000,1.000000,1.000000,1.000000,1.000000,0.000000,-0.099997
1.000000,1.000000,1.000000,1.000000,1.000000,0.000000,-0.099997
1.000000,1.000000,1.000000,1.000000,1.000000,0.000000,-0.099997
1.000000,1.000000,1.000000,1.000000,1.000000,0.000000,-0.099997
1.000000,1.000000,1.000000,1.000000,1.000000,0.000000,-0.099997
1.000000,1.000000,1.000000,1.000000,1.000000,0.000000,-0.099997
1.000000,1.000000,1.000000,1.000000,1.000000,0.000000,-0.099997
1.000000,1.000000,1.000000,1.000000,1.000000,0.000000,-0.099997
1.000000,1.000000,1.000000,1.000000,1.000000,0.000000,-0.099997
1.000000,1.000000,1.000000,1.000000,1.000000,0.000000,-0.099997
1.000000,1.000000,1.000000,1.000000,1.000000,0.000000,-0.099997
1.000000,1.000000,1.000000,1.000000,1.000000,0.000000,-0.099997
1.000000,1.000000,1.000000,1.000000,1.000000,0.000000,-0.099997
1.000000,1.000000,1.000000,1.000000,1.000000,0.000000,-0.099997
1.000000,1.000000,1.000000,1.000000,1.000000,0.000000,-0.099997
1.000000,1.000000,1.000000,1.000000,1.000000,0.000000,-0.099997
1.000000,1.000000,1.000000,1.000000,1.000000,0.000000,-0.099997
1.000000,1.000000,1.000000,1.000000,1.000000,0.000000,-0.099997
1.000000,1.000000,1.000000,1.000000,1.000000,0.000000,-0.099997
1.000000,1.000000,1.000000,1.000000,1.000000,0.000000,-0.099997
1.000000,1.000000,1.000000,1.000000,1.000000,0.000000,-0.099997
1.000000,1.000000,1.000000,1.000000,1.000000,0.000000,-0.099997
1.000000,1.000000,1.000000,1.000000,1.000000,0.000000,-0.099997
1.000000,1.000000,1.000000,1.000000,1.000000,0.000000,-0.099997
1.000000,1.000000,1.000000,1.000000,1.000000,0.000000,-0.099997
1.000000,1.000000,1.000000,1.000000,1.000000,0.000000,-0.099997
1.000000,1.000000,1.000000,1.000000,1.000000,0.000000,-0.099997
1.000000,1.000000,1.000000,1.000000,1.000000,0.000000,-0.099997
1.000000,1.000000,1.000000,1.000000,1.000000,0.000000,-0.099997
1.000000,1.000000,1.000000,1.000000,1.000000,0.000000,-0.099997
1.000000,1.000000,1.000000,1.000000,1.000000,0.000000,-0.099997
1.000000,1.000000,1.000000,1.000000,1.000000,0.000000,-0.099997
1.000000,1.000000,1.000000,1.000000,1.000000,0.000000,-0.099997
1.000000,1.000000,1.000000,1.000000,1.000000,0.000000,-0.099996
1.000000,1.000000,1.000000,1.000000,1.000000,0.000000,-0.099996
1.000000,1.000000,1.000000,1.000000,1.000000,0.000000,-0.099996
1.000000,1.000000,1.000000,1.000000,1.000000,0.000000,-0.099996
1.000000,1.000000,1.000000,1.000000,1.000000,0.000000,-0.099996
1.000000,1.000000,1.000000,1.000000,1.000000,0.000000,-0.099996
1.000000,1.000000,1.000000,1.000000,1.000000,0.000000,-0.099996
1.000000,1.000000,1.000000,1.000000,1.000000,0.000000,-0.099996
1.000000,1.000000,1.000000,1.000000,1.000000,0.000000,-0.099996
1.000000,1.000000,1.000000,1.000000,1.000000,0.000000,-0.099996
1.000000,1.000000,1.000000,1.000000,1.000000,0.000000,-0.099996
1.000000,1.000000,1.000000,1.000000,1.000000,0.000000,-0.099996
1.000000,1.000000,1.000000,1.000000,1.000000,0.000000,-0.099996
1.000000,1.000000,1.000000,1.000000,1.000000,0.000000,-0.099996
1.000000,1.000000,1.000000,1.000000,1.000000,0.000000,-0.099996
1.000000,1.000000,1.000000,1.000000,1.000000,0.000000,-0.099996
1.000000,1.000000,1.000000,1.000000,1.000000,0.000000,-0.099996
1.000000,1.000000,1.000000,1.000000,1.000000,0.000000,-0.099996
1.000000,1.000000,1.000000,1.000000,1.000000,0.000000,-0.099996
1.000000,1.000000,1.000000,1.000000,1.000000,0.000000,-0.099996
1.000000,1.000000,1.000000,1.000000,1.000000,0.000000,-0.099996
1.000000,1.000000,1.000000,1.000000,1.000000,0.000000,-0.099996
1.000000,1.000000,1.000000,1.000000,1.000000,0.000000,-0.099996
1.000000,1.000000,1.000000,1.000000,1.000000,0.000000,-0.099996
1.000000,1.000000,1.000000,1.000000,1.000000,0.000000,-0.099996
1.000000,1.000000,1.000000,1.000000,1.000000,0.000000,-0.099995
1.000000,1.000000,1.000000,1.000000,1.000000,0.000000,-0.099995
1.000000,1.000000,1.000000,1.000000,1.000000,0.000000,-0.099995
1.000000,1.000000,1.000000,1.000000,1.000000,0.000000,-0.099995
1.000000,1.000000,1.000000,1.000000,1.000000,0.000000,-0.099995
1.000000,1.000000,1.000000,1.000000,1.000000,0.000000,-0.099995
1.000000,1.000000,1.000000,1.000000,1.000000,0.000000,-0.099995
1.000000,1.000000,1.000000,1.000000,1.000000,0.000000,-0.099995
1.000000,1.000000,1.000000,1.000000,1.000000,0.000000,-0.099995
1.000000,1.000000,1.000000,1.000000,1.000000,0.000000,-0.099995
1.000000,1.000000,1.000000,1.000000,1.000000,0.000000,-0.099995
1.000000,1.000000,1.000000,1.000000,1.000000,0.000000,-0.099995
1.000000,1.000000,1.000000,1.000000,1.000000,0.000000,-0.099995
1.000000,1.000000,1.000000,1.000000,1.000000,0.000000,-0.099995
1.000000,1.000000,1.000000,1.000000,1.000000,0.000000,-0.099995
1.000000,1.000000,1.000000,1.000000,1.000000,0.000000,-0.099995
1.000000,1.000000,1.000000,1.000000,1.000000,0.000000,-0.099994
1.000000,1.000000,1.000000,1.000000,1.000000,0.000000,-0.099994
1.000000,1.000000,1.000000,1.000000,1.000000,0.000000,-0.099994
1.000000,1.000000,1.000000,1.000000,1.000000,0.000000,-0.099994
1.000000,1.000000,1.000000,1.000000,1.000000,0.000000,-0.099994
1.000000,1.000000,1.000000,1.000000,1.000000,0.000000,-0.099994
1.000000,1.000000,1.000000,1.000000,1.000000,0.000000,-0.099994
1.000000,1.000000,1.000000,1.000000,1.000000,0.000000,-0.099994
1.000000,1.000000,1.000000,1.000000,1.000000,0.000000,-0.099994
1.000000,1.000000,1.000000,1.000000,1.000000,0.000000,-0.099994
1.000000,1.000000,1.000000,1.000000,1.000000,0.000000,-0.099994
1.000000,1.000000,1.000000,1.000000,1.000000,0.000000,-0.099993
1.000000,1.000000,1.000000,1.000000,1.000000,0.000000,-0.099993
1.000000,1.000000,1.000000,1.000000,1.000000,0.000000,-0.099993
1.000000,1.000000,1.000000,1.000000,1.000000,0.000000,-0.099993
1.000000,1.000000,1.000000,1.000000,1.000000,0.000000,-0.099993
1.000000,1.000000,1.000000,1.000000,1.000000,0.000000,-0.099993
1.000000,1.000000,1.000000,1.000000,1.000000,0.000000,-0.099993
1.000000,1.000000,1.000000,1.000000,1.000000,0.000000,-0.099993
1.000000,1.000000,1.000000,1.000000,1.000000,0.000000,-0.099993
1.000000,1.000000,1.000000,1.000000,1.000000,0.000000,-0.099992
1.000000,1.000000,1.000000,1.000000,1.000000,0.000000,-0.099992
1.000000,1.000000,1.000000,1.000000,1.000000,0.000000,-0.099992
1.000000,1.000000,1.000000,1.000000,1.000000,0.000000,-0.099992
1.000000,1.000000,1.000000,1.000000,1.000000,0.000000,-0.099992
1.000000,1.000000,1.000000,1.000000,1.000000,0.000000,-0.099991
1.000000,1.000000,1.000000,1.000000,1.000000,0.000000,-0.099991
1.000000,1.000000,1.000000,1.000000,1.000000,0.000000,-0.099991
1.000000,1.000000,1.000000,1.000000,1.000000,0.000000,-0.099991
1.000000,1.000000,1.000000,1.000000,1.000000,0.000000,-0.099991
1.000000,1.000000,1.000000,1.000000,1.000000,0.000000,-0.099991
1.000000,1.000000,1.000000,1.000000,1.000000,0.000000,-0.099991
1.000000,1.000000,1.000000,1.000000,1.000000,0.000000,-0.099990
1.000000,1.000000,1.000000,1.000000,1.000000,0.000000,-0.099990
1.000000,1.000000,1.000000,1.000000,1.000000,0.000000,-0.099990
1.000000,1.000000,1.000000,1.000000,1.000000,0.000000,-0.099990
1.000000,1.000000,1.000000,1.000000,1.000000,0.000000,-0.099990
1.000000,1.000000,1.000000,1.000000,1.000000,0.000000,-0.099989
1.000000,1.000000,1.000000,1.000000,1.000000,0.000000,-0.099989
1.000000,1.000000,1.000000,1.000000,1.000000,0.000000,-0.099989
1.000000,1.000000,1.000000,1.000000,1.000000,0.000000,-0.099989
1.000000,1.000000,1.000000,1.000000,1.000000,0.000000,-0.099988
1.000000,1.000000,1.000000,1.000000,1.000000,0.000000,-0.099988
1.000000,1.000000,1.000000,1.000000,1.000000,0.000000,-0.099988
1.000000,1.000000,1.000000,1.000000,1.000000,0.000000,-0.099988
1.000000,1.000000,1.000000,1.000000,1.000000,0.000000,-0.099987
1.000000,1.000000,1.000000,1.000000,1.000000,0.000000,-0.099987
1.000000,1.000000,1.000000,1.000000,1.000000,0.000000,-0.099987
1.000000,1.000000,1.000000,1.000000,1.000000,0.000000,-0.099987
1.000000,1.000000,1.000000,1.000000,1.000000,0.000000,-0.099986
1.000000,1.000000,1.000000,1.000000,1.000000,0.000000,-0.099986
1.000000,1.000000,1.000000,1.000000,1.000000,0.000000,-0.099986
1.000000,1.000000,1.000000,1.000000,1.000000,0.000000,-0.099986
1.000000,1.000000,1.000000,1.000000,1.000000,0.000000,-0.099985
1.000000,1.000000,1.000000,1.000000,1.000000,0.000000,-0.099985
1.000000,1.000000,1.000000,1.000000,1.000000,0.000000,-0.099985
1.000000,1.000000,1.000000,1.000000,1.000000,0.000000,-0.099985
1.000000,1.000000,1.000000,1.000000,1.000000,0.000000,-0.099984
1.000000,1.000000,1.000000,1.000000,1.000000,0.000000,-0.099984
1.000000,1.000000,1.000000,1.000000,1.000000,0.000000,-0.099984
1.000000,1.000000,1.000000,1.000000,1.000000,0.000000,-0.099983
1.000000,1.000000,1.000000,1.000000,1.000000,0.000000,-0.099983
1.000000,1.000000,1.000000,1.000000,1.000000,0.000000,-0.099982
1.000000,1.000000,1.000000,1.000000,1.000000,0.000000,-0.099982
1.000000,1.000000,1.000000,1.000000,1.000000,0.000000,-0.099982
1.000000,1.000000,1.000000,1.000000,1.000000,0.000000,-0.099981
1.000000,1.000000,1.000000,1.000000,1.000000,0.000000,-0.099981
1.000000,1.000000,1.000000,1.000000,1.000000,0.000000,-0.099980
1.000000,1.000000,1.000000,1.000000,1.000000,0.000000,-0.099980
1.000000,1.000000,1.000000,1.000000,1.000000,0.000000,-0.099980
1.000000,1.000000,1.000000,1.000000,1.000000,0.000000,-0.099979
1.000000,1.000000,1.000000,1.000000,1.000000,0.000000,-0.099979
1.000000,1.000000,1.000000,1.000000,1.000000,0.000000,-0.099978
1.000000,1.000000,1.000000,1.000000,1.000000,0.000000,-0.099978
1.000000,1.000000,1.000000,1.000000,1.000000,0.000000,-0.099977
1.000000,1.000000,1.000000,1.000000,1.000000,0.000000,-0.099977
1.000000,1.000000,1.000000,1.000000,1.000000,0.000000,-0.099976
1.000000,1.000000,1.000000,1.000000,1.000000,0.000000,-0.099976
1.000000,1.000000,1.000000,1.000000,1.000000,0.000000,-0.099975
1.000000,1.000000,1.000000,1.000000,1.000000,0.000000,-0.099975
1.000000,1.000000,1.000000,1.000000,1.000000,0.000000,-0.099974
1.000000,1.000000,1.000000,1.000000,1.000000,0.000000,-0.099974
1.000000,1.000000,1.000000,1.000000,1.000000,0.000000,-0.099973
1.000000,1.000000,1.000000,1.000000,1.000000,0.000000,-0.099973
1.000000,1.000000,1.000000,1.000000,1.000000,0.000000,-0.099972
1.000000,1.000000,1.000000,1.000000,1.000000,0.000000,-0.099971
1.000000,1.000000,1.000000,1.000000,1.000000,0.000000,-0.099971
1.000000,1.000000,1.000000,1.000000,1.000000,0.000000,-0.099970
1.000000,1.000000,1.000000,1.000000,1.000000,0.000000,-0.099970
1.000000,1.000000,1.000000,1.000000,1.000000,0.000000,-0.099969
1.000000,1.000000,1.000000,1.000000,1.000000,0.000000,-0.099968
1.000000,1.000000,1.000000,1.000000,1.000000,0.000000,-0.099968
1.000000,1.000000,1.000000,1.000000,1.000000,0.000000,-0.099967
1.000000,1.000000,1.000000,1.000000,1.000000,0.000000,-0.099966
1.000000,1.000000,1.000000,1.000000,1.000000,0.000000,-0.099965
1.000000,1.000000,1.000000,1.000000,1.000000,0.000000,-0.099965
1.000000,1.000000,1.000000,1.000000,1.000000,0.000000,-0.099964
1.000000,1.000000,1.000000,1.000000,1.000000,0.000000,-0.099963
1.000000,1.000000,1.000000,1.000000,1.000000,0.000000,-0.099962
1.000000,1.000000,1.000000,1.000000,1.000000,0.000000,-0.099962
1.000000,1.000000,1.000000,1.000000,1.000000,0.000000,-0.099960
1.000000,1.000000,1.000000,1.000000,1.000000,0.000000,-0.099960
1.000000,1.000000,1.000000,1.000000,1.000000,0.000000,-0.099959
1.000000,1.000000,1.000000,1.000000,1.000000,0.000000,-0.099958
1.000000,1.000000,1.000000,1.000000,1.000000,0.000000,-0.099957
1.000000,1.000000,1.000000,1.000000,1.000000,0.000000,-0.099956
1.000000,1.000000,1.000000,1.000000,1.000000,0.000000,-0.099955
1.000000,1.000000,1.000000,1.000000,1.000000,0.000000,-0.099954
1.000000,1.000000,1.000000,1.000000,1.000000,0.000000,-0.099953
1.000000,1.000000,1.000000,1.000000,1.000000,0.000000,-0.099952
1.000000,1.000000,1.000000,1.000000,1.000000,0.000000,-0.099951
1.000000,1.000000,1.000000,1.000000,1.000000,0.000000,-0.099950
1.000000,1.000000,1.000000,1.000000,1.000000,0.000000,-0.099949
1.000000,1.000000,1.000000,1.000000,1.000000,0.000000,-0.099948
1.000000,1.000000,1.000000,1.000000,1.000000,0.000000,-0.099947
1.000000,1.000000,1.000000,1.000000,1.000000,0.000000,-0.099946
1.000000,1.000000,1.000000,1.000000,1.000000,0.000000,-0.099944
1.000000,1.000000,1.000000,1.000000,1.000000,0.000000,-0.099943
1.000000,1.000000,1.000000,1.000000,1.000000,0.000000,-0.099942
1.000000,1.000000,1.000000,1.000000,1.000000,0.000000,-0.099941
1.000000,1.000000,1.000000,1.000000,1.000000,0.000000,-0.099940
1.000000,1.000000,1.000000,1.000000,1.000000,0.000000,-0.099938
1.000000,1.000000,1.000000,1.000000,1.000000,0.000000,-0.099937
1.000000,1.000000,1.000000,1.000000,1.000000,0.000000,-0.099936
1.000000,1.000000,1.000000,1.000000,1.000000,0.000000,-0.099934
1.000000,1.000000,1.000000,1.000000,1.000000,0.000000,-0.099933
1.000000,1.000000,1.000000,1.000000,1.000000,0.000000,-0.099931
1.000000,1.000000,1.000000,1.000000,1.000000,0.000000,-0.099930
1.000000,1.000000,1.000000,1.000000,1.000000,0.000000,-0.099928
1.000000,1.000000,1.000000,1.000000,1.000000,0.000000,-0.099927
1.000000,1.000000,1.000000,1.000000,1.000000,0.000000,-0.099925
1.000000,1.000000,1.000000,1.000000,1.000000,0.000000,-0.099924
1.000000,1.000000,1.000000,1.000000,1.000000,0.000000,-0.099922
1.000000,1.000000,1.000000,1.000000,1.000000,0.000000,-0.099921
1.000000,1.000000,1.000000,1.000000,1.000000,0.000000,-0.099919
1.000000,1.000000,1.000000,1.000000,1.000000,0.000000,-0.099917
1.000000,1.000000,1.000000,1.000000,1.000000,0.000000,-0.099915
1.000000,1.000000,1.000000,1.000000,1.000000,0.000000,-0.099914
1.000000,1.000000,1.000000,1.000000,1.000000,0.000000,-0.099912
1.000000,1.000000,1.000000,1.000000,1.000000,0.000000,-0.099910
1.000000,1.000000,1.000000,1.000000,1.000000,0.000000,-0.099908
1.000000,1.000000,1.000000,1.000000,1.000000,0.000000,-0.099906
1.000000,1.000000,1.000000,1.000000,1.000000,0.000000,-0.099904
1.000000,1.000000,1.000000,1.000000,1.000000,0.000000,-0.099902
1.000000,1.000000,1.000000,1.000000,1.000000,0.000000,-0.099900
1.000000,1.000000,1.000000,1.000000,1.000000,0.000000,-0.099898
1.000000,1.000000,1.000000,1.000000,1.000000,0.000000,-0.099896
1.000000,1.000000,1.000000,1.000000,1.000000,0.000000,-0.099893
1.000000,1.000000,1.000000,1.000000,1.000000,0.000000,-0.099891
1.000000,1.000000,1.000000,1.000000,1.000000,0.000000,-0.099889
1.000000,1.000000,1.000000,1.000000,1.000000,0.000000,-0.099887
1.000000,1.000000,1.000000,1.000000,1.000000,0.000000,-0.099884
1.000000,1.000000,1.000000,1.000000,1.000000,0.000000,-0.099882
1.000000,1.000000,1.000000,1.000000,1.000000,0.000000,-0.099879
1.000000,1.000000,1.000000,1.000000,1.000000,0.000000,-0.099877
1.000000,1.000000,1.000000,1.000000,1.000000,0.000000,-0.099874
1.000000,1.000000,1.000000,1.000000,1.000000,0.000000,-0.099872
1.000000,1.000000,1.000000,1.000000,1.000000,0.000000,-0.099869
1.000000,1.000000,1.000000,1.000000,1.000000,0.000000,-0.099866
1.000000,1.000000,1.000000,1.000000,1.000000,0.000000,-0.099863
1.000000,1.000000,1.000000,1.000000,1.000000,0.000000,-0.099861
1.000000,1.000000,1.000000,1.000000,1.000000,0.000000,-0.099858
1.000000,1.000000,1.000000,1.000000,1.000000,0.000000,-0.099855
1.000000,1.000000,1.000000,1.000000,1.000000,0.000000,-0.099852
1.000000,1.000000,1.000000,1.000000,1.000000,0.000000,-0.099849
1.000000,1.000000,1.000000,1.000000,1.000000,0.000000,-0.099845
1.000000,1.000000,1.000000,1.000000,1.000000,0.000000,-0.099842
1.000000,1.000000,1.000000,1.000000,1.000000,0.000000,-0.099839
1.000000,1.000000,1.000000,1.000000,1.000000,0.000000,-0.099836
1.000000,1.000000,1.000000,1.000000,1.000000,0.000000,-0.099832
1.000000,1.000000,1.000000,1.000000,1.000000,0.000000,-0.099829
1.000000,1.000000,1.000000,1.000000,1.000000,0.000000,-0.099825
1.000000,1.000000,1.000000,1.000000,1.000000,0.000000,-0.099822
1.000000,1.000000,1.000000,1.000000,1.000000,0.000000,-0.099818
1.000000,1.000000,1.000000,1.000000,1.000000,0.000000,-0.099815
1.000000,1.000000,1.000000,1.000000,1.000000,0.000000,-0.099811
1.000000,1.000000,1.000000,1.000000,1.000000,0.000000,-0.099807
1.000000,1.000000,1.000000,1.000000,1.000000,0.000000,-0.099803
1.000000,1.000000,1.000000,1.000000,1.000000,0.000000,-0.099799
1.000000,1.000000,1.000000,1.000000,1.000000,0.000000,-0.099795
1.000000,1.000000,1.000000,1.000000,1.000000,0.000000,-0.099791
1.000000,1.000000,1.000000,1.000000,1.000000,0.000000,-0.099787
1.000000,1.000000,1.000000,1.000000,1.000000,0.000000,-0.099782
1.000000,1.000000,1.000000,1.000000,1.000000,0.000000,-0.099778
1.000000,1.000000,1.000000,1.000000,1.000000,0.000000,-0.099773
1.000000,1.000000,1.000000,1.000000,1.000000,0.000000,-0.099769
1.000000,1.000000,1.000000,1.000000,1.000000,0.000000,-0.099765
1.000000,1.000000,1.000000,1.000000,1.000000,0.000000,-0.099760
1.000000,1.000000,1.000000,1.000000,1.000000,0.000000,-0.099755
1.000000,1.000000,1.000000,1.000000,1.000000,0.000000,-0.099750
1.000000,1.000000,1.000000,1.000000,1.000000,0.000000,-0.099746
1.000000,1.000000,1.000000,1.000000,1.000000,0.000000,-0.099741
1.000000,1.000000,1.000000,1.000000,1.000000,0.000000,-0.099735
1.000000,1.000000,1.000000,1.000000,1.000000,0.000000,-0.099730
1.000000,1.000000,1.000000,1.000000,1.000000,0.000000,-0.099725
1.000000,1.000000,1.000000,1.000000,1.000000,0.000000,-0.099720
1.000000,1.000000,1.000000,1.000000,1.000000,0.000000,-0.099714
1.000000,1.000000,1.000000,1.000000,1.000000,0.000000,-0.099708
1.000000,1.000000,1.000000,1.000000,1.000000,0.000000,-0.099703
1.000000,1.000000,1.000000,1.000000,1.000000,0.000000,-0.099697
1.000000,1.000000,1.000000,1.000000,1.000000,0.000000,-0.099691
1.000000,1.000000,1.000000,1.000000,1.000000,0.000000,-0.099685
1.000000,1.000000,1.000000,1.000000,1.000000,0.000000,-0.099680
1.000000,1.000000,1.000000,1.000000,1.000000,0.000000,-0.099673
1.000000,1.000000,1.000000,1.000000,1.000000,0.000000,-0.099667
1.000000,1.000000,1.000000,1.000000,1.000000,0.000000,-0.099661
1.000000,1.000000,1.000000,1.000000,1.000000,0.000000,-0.099655
1.000000,1.000000,1.000000,1.000000,1.000000,0.000000,-0.099648
1.000000,1.000000,1.000000,1.000000,1.000000,0.000000,-0.099641
1.000000,1.000000,1.000000,1.000000,1.000000,0.000000,-0.099635
1.000000,1.000000,1.000000,1.000000,1.000000,0.000000,-0.099628
1.000000,1.000000,1.000000,1.000000,1.000000,0.000000,-0.099621
1.000000,1.000000,1.000000,1.000000,1.000000,0.000000,-0.099614
1.000000,1.000000,1.000000,1.000000,1.000000,0.000000,-0.099607
1.000000,1.000000,1.000000,1.000000,1.000000,0.000000,-0.099600
1.000000,1.000000,1.000000,1.000000,1.000000,0.000000,-0.099592
1.000000,1.000000,1.000000,1.000000,1.000000,0.000000,-0.099586
1.000000,1.000000,1.000000,1.000000,1.000000,0.000000,-0.099579
1.000000,1.000000,1.000000,1.000000,1.000000,0.000000,-0.099572
1.000000,1.000000,1.000000,1.000000,1.000000,0.000000,-0.099565
1.000000,1.000000,1.000000,1.000000,1.000000,0.000000,-0.099558
1.000000,1.000000,1.000000,1.000000,1.000000,0.000000,-0.099551
1.000000,1.000000,1.000000,1.000000,1.000000,0.000000,-0.099543
1.000000,1.000000,1.000000,1.000000,1.000000,0.000000,-0.099536
1.000000,1.000000,1.000000,1.000000,1.000000,0.000000,-0.099529
1.000000,1.000000,1.000000,1.000000,1.000000,0.000000,-0.099522
1.000000,1.000000,1.000000,1.000000,1.000000,0.000000,-0.099516
1.000000,1.000000,1.000000,1.000000,1.000000,0.000000,-0.099509
1.000000,1.000000,1.000000,1.000000,1.000000,0.000000,-0.099502
1.000000,1.000000,1.000000,1.000000,1.000000,0.000000,-0.099496
1.000000,1.000000,1.000000,1.000000,1.000000,0.000000,-0.099489
1.000000,1.000000,1.000000,1.000000,1.000000,0.000000,-0.099482
1.000000,1.000000,1.000000,1.000000,1.000000,0.000000,-0.099475
1.000000,1.000000,1.000000,1.000000,1.000000,0.000000,-0.099468
1.000000,1.000000,1.000000,1.000000,1.000000,0.000000,-0.099461
1.000000,1.000000,1.000000,1.000000,1.000000,0.000000,-0.099454
1.000000,1.000000,1.000000,1.000000,1.000000,0.000000,-0.099447
1.000000,1.000000,1.000000,1.000000,1.000000,0.000000,-0.099441
1.000000,1.000000,1.000000,1.000000,1.000000,0.000000,-0.099434
1.000000,1.000000,1.000000,1.000000,1.000000,0.000000,-0.099427
1.000000,1.000000,1.000000,1.000000,1.000000,0.000000,-0.099420
1.000000,1.000000,1.000000,1.000000,1.000000,0.000000,-0.099413
1.000000,1.000000,1.000000,1.000000,1.000000,0.000000,-0.099407
1.000000,1.000000,1.000000,1.000000,1.000000,0.000000,-0.099400
1.000000,1.000000,1.000000,1.000000,1.000000,0.000000,-0.099393
1.000000,1.000000,1.000000,1.000000,1.000000,0.000000,-0.099387
1.000000,1.000000,1.000000,1.000000,1.000000,0.000000,-0.099380
1.000000,1.000000,1.000000,1.000000,1.000000,0.000000,-0.099374
1.000000,1.000000,1.000000,1.000000,1.000000,0.000000,-0.099367
1.000000,1.000000,1.000000,1.000000,1.000000,0.000000,-0.099361
1.000000,1.000000,1.000000,1.000000,1.000000,0.000000,-0.099354
1.000000,1.000000,1.000000,1.000000,1.000000,0.000000,-0.099347
1.000000,1.000000,1.000000,1.000000,1.000000,0.000000,-0.099341
1.000000,1.000000,1.000000,1.000000,1.000000,0.000000,-0.099334
1.000000,1.000000,1.000000,1.000000,1.000000,0.000000,-0.099328
1.000000,1.000000,1.000000,1.000000,1.000000,0.000000,-0.099321
1.000000,1.000000,1.000000,1.000000,1.000000,0.000000,-0.099315
1.000000,1.000000,1.000000,1.000000,1.000000,0.000000,-0.099308
1.000000,1.000000,1.000000,1.000000,1.000000,0.000000,-0.099302
1.000000,1.000000,1.000000,1.000000,1.000000,0.000000,-0.099295
1.000000,1.000000,1.000000,1.000000,1.000000,0.000000,-0.099289
1.000000,1.000000,1.000000,1.000000,1.000000,0.000000,-0.099283
1.000000,1.000000,1.000000,1.000000,1.000000,0.000000,-0.099276
1.000000,1.000000,1.000000,1.000000,1.000000,0.000000,-0.099270
1.000000,1.000000,1.000000,1.000000,1.000000,0.000000,-0.099263
1.000000,1.000000,1.000000,1.000000,1.000000,0.000000,-0.099257
1.000000,1.000000,1.000000,1.000000,1.000000,0.000000,-0.099250
1.000000,1.000000,1.000000,1.000000,1.000000,0.000000,-0.099244
1.000000,1.000000,1.000000,1.000000,1.000000,0.000000,-0.099238
1.000000,1.000000,1.000000,1.000000,1.000000,0.000000,-0.099232
1.000000,1.000000,1.000000,1.000000,1.000000,0.000000,-0.099225
1.000000,1.000000,1.000000,1.000000,1.000000,0.000000,-0.099219
1.000000,1.000000,1.000000,1.000000,1.000000,0.000000,-0.099213
1.000000,1.000000,1.000000,1.000000,1.000000,0.000000,-0.099206
1.000000,1.000000,1.000000,1.000000,1.000000,0.000000,-0.099200
1.000000,1.000000,1.000000,1.000000,1.000000,0.000000,-0.099194
1.000000,1.000000,1.000000,1.000000,1.000000,0.000000,-0.099187
1.000000,1.000000,1.000000,1.000000,1.000000,0.000000,-0.099181
1.000000,1.000000,1.000000,1.000000,1.000000,0.000000,-0.099175
1.000000,1.000000,1.000000,1.000000,1.000000,0.000000,-0.099168
1.000000,1.000000,1.000000,1.000000,1.000000,0.000000,-0.099162
1.000000,1.000000,1.000000,1.000000,1.000000,0.000000,-0.099156
1.000000,1.000000,1.000000,1.000000,1.000000,0.000000,-0.099150
1.000000,1.000000,1.000000,1.000000,1.000000,0.000000,-0.099144
1.000000,1.000000,1.000000,1.000000,1.000000,0.000000,-0.099137
1.000000,1.000000,1.000000,1.000000,1.000000,0.000000,-0.099131
1.000000,1.000000,1.000000,1.000000,1.000000,0.000000,-0.099125
1.000000,1.000000,1.000000,1.000000,1.000000,0.000000,-0.099119
1.000000,1.000000,1.000000,1.000000,1.000000,0.000000,-0.099113
1.000000,1.000000,1.000000,1.000000,1.000000,0.000000,-0.099107
1.000000,1.000000,1.000000,1.000000,1.000000,0.000000,-0.099101
1.000000,1.000000,1.000000,1.000000,1.000000,0.000000,-0.099095
1.000000,1.000000,1.000000,1.000000,1.000000,0.000000,-0.099089
1.000000,1.000000,1.000000,1.000000,1.000000,0.000000,-0.099083
1.000000,1.000000,1.000000,1.000000,1.000000,0.000000,-0.099077
1.000000,1.000000,1.000000,1.000000,1.000000,0.000000,-0.099070
1.000000,1.000000,1.000000,1.000000,1.000000,0.000000,-0.099064
1.000000,1.000000,1.000000,1.000000,1.000000,0.000000,-0.099058
1.000000,1.000000,1.000000,1.000000,1.000000,0.000000,-0.099052
1.000000,1.000000,1.000000,1.000000,1.000000,0.000000,-0.099046
1.000000,1.000000,1.000000,1.000000,1.000000,0.000000,-0.099040
1.000000,1.000000,1.000000,1.000000,1.000000,0.000000,-0.099034
1.000000,1.000000,1.000000,1.000000,1.000000,0.000000,-0.099028
1.000000,1.000000,1.000000,1.000000,1.000000,0.000000,-0.099022
1.000000,1.000000,1.000000,1.000000,1.000000,0.000000,-0.099017
1.000000,1.000000,1.000000,1.000000,1.000000,0.000000,-0.099011
1.000000,1.000000,1.000000,1.000000,1.000000,0.000000,-0.099005
1.000000,1.000000,1.000000,1.000000,1.000000,0.000000,-0.098999
1.000000,1.000000,1.000000,1.000000,1.000000,0.000000,-0.098993
1.000000,1.000000,1.000000,1.000000,1.000000,0.000000,-0.098987
1.000000,1.000000,1.000000,1.000000,1.000000,0.000000,-0.098981
1.000000,1.000000,1.000000,1.000000,1.000000,0.000000,-0.098975
1.000000,1.000000,1.000000,1.000000,1.000000,0.000000,-0.098969
1.000000,1.000000,1.000000,1.000000,1.000000,0.000000,-0.098963
1.000000,1.000000,1.000000,1.000000,1.000000,0.000000,-0.098958
1.000000,1.000000,1.000000,1.000000,1.000000,0.000000,-0.098952
1.000000,1.000000,1.000000,1.000000,1.000000,0.000000,-0.098946
1.000000,1.000000,1.000000,1.000000,1.000000,0.000000,-0.098940
1.000000,1.000000,1.000000,1.000000,1.000000,0.000000,-0.098935
1.000000,1.000000,1.000000,1.000000,1.000000,0.000000,-0.098929
1.000000,1.000000,1.000000,1.000000,1.000000,0.000000,-0.098923
1.000000,1.000000,1.000000,1.000000,1.000000,0.000000,-0.098918
1.000000,1.000000,1.000000,1.000000,1.000000,0.000000,-0.098912
1.000000,1.000000,1.000000,1.000000,1.000000,0.000000,-0.098906
1.000000,1.000000,1.000000,1.000000,1.000000,0.000000,-0.098900
1.000000,1.000000,1.000000,1.000000,1.000000,0.000000,-0.098894
1.000000,1.000000,1.000000,1.000000,1.000000,0.000000,-0.098889
1.000000,1.000000,1.000000,1.000000,1.000000,0.000000,-0.098883
1.000000,1.000000,1.000000,1.000000,1.000000,0.000000,-0.098877
1.000000,1.000000,1.000000,1.000000,1.000000,0.000000,-0.098872
1.000000,1.000000,1.000000,1.000000,1.000000,0.000000,-0.098866
1.000000,1.000000,1.000000,1.000000,1.000000,0.000000,-0.098860
1.000000,1.000000,1.000000,1.000000,1.000000,0.000000,-0.098855
1.000000,1.000000,1.000000,1.000000,1.000000,0.000000,-0.098849
1.000000,1.000000,1.000000,1.000000,1.000000,0.000000,-0.098844
1.000000,1.000000,1.000000,1.000000,1.000000,0.000000,-0.098838
1.000000,1.000000,1.000000,1.000000,1.000000,0.000000,-0.098832
1.000000,1.000000,1.000000,1.000000,1.000000,0.000000,-0.098827
1.000000,1.000000,1.000000,1.000000,1.000000,0.000000,-0.098821
1.000000,1.000000,1.000000,1.000000,1.000000,0.000000,-0.098816
1.000000,1.000000,1.000000,1.000000,1.000000,0.000000,-0.098810
1.000000,1.000000,1.000000,1.000000,1.000000,0.000000,-0.098805
1.000000,1.000000,1.000000,1.000000,1.000000,0.000000,-0.098799
1.000000,1.000000,1.000000,1.000000,1.000000,0.000000,-0.098794
1.000000,1.000000,1.000000,1.000000,1.000000,0.000000,-0.098788
1.000000,1.000000,1.000000,1.000000,1.000000,0.000000,-0.098782
1.000000,1.000000,1.000000,1.000000,1.000000,0.000000,-0.098777
1.000000,1.000000,1.000000,1.000000,1.000000,0.000000,-0.098771
1.000000,1.000000,1.000000,1.000000,1.000000,0.000000,-0.098766
1.000000,1.000000,1.000000,1.000000,1.000000,0.000000,-0.098760
1.000000,1.000000,1.000000,1.000000,1.000000,0.000000,-0.098755
1.000000,1.000000,1.000000,1.000000,1.000000,0.000000,-0.098749
1.000000,1.000000,1.000000,1.000000,1.000000,0.000000,-0.098744
1.000000,1.000000,1.000000,1.000000,1.000000,0.000000,-0.098738
1.000000,1.000000,1.000000,1.000000,1.000000,0.000000,-0.098733
1.000000,1.000000,1.000000,1.000000,1.000000,0.000000,-0.098728
1.000000,1.000000,1.000000,1.000000,1.000000,0.000000,-0.098722
1.000000,1.000000,1.000000,1.000000,1.000000,0.000000,-0.098717
1.000000,1.000000,1.000000,1.000000,1.000000,0.000000,-0.098711
1.000000,1.000000,1.000000,1.000000,1.000000,0.000000,-0.098706
1.000000,1.000000,1.000000,1.000000,1.000000,0.000000,-0.098700
1.000000,1.000000,1.000000,1.000000,1.000000,0.000000,-0.098695
1.000000,1.000000,1.000000,1.000000,1.000000,0.000000,-0.098690
1.000000,1.000000,1.000000,1.000000,1.000000,0.000000,-0.098684
1.000000,1.000000,1.000000,1.000000,1.000000,0.000000,-0.098679
1.000000,1.000000,1.000000,1.000000,1.000000,0.000000,-0.098674
1.000000,1.000000,1.000000,1.000000,1.000000,0.000000,-0.098668
1.000000,1.000000,1.000000,1.000000,1.000000,0.000000,-0.098663
1.000000,1.000000,1.000000,1.000000,1.000000,0.000000,-0.098658
1.000000,1.000000,1.000000,1.000000,1.000000,0.000000,-0.098652
1.000000,1.000000,1.000000,1.000000,1.000000,0.000000,-0.098647
1.000000,1.000000,1.000000,1.000000,1.000000,0.000000,-0.098641
1.000000,1.000000,1.000000,1.000000,1.000000,0.000000,-0.098636
1.000000,1.000000,1.000000,1.000000,1.000000,0.000000,-0.098631
1.000000,1.000000,1.000000,1.000000,1.000000,0.000000,-0.098625
1.000000,1.000000,1.000000,1.000000,1.000000,0.000000,-0.098620
1.000000,1.000000,1.000000,1.000000,1.000000,0.000000,-0.098615
1.000000,1.000000,1.000000,1.000000,1.000000,0.000000,-0.098609
1.000000,1.000000,1.000000,1.000000,1.000000,0.000000,-0.098604
1.000000,1.000000,1.000000,1.000000,1.000000,0.000000,-0.098599
1.000000,1.000000,1.000000,1.000000,1.000000,0.000000,-0.098593
1.000000,1.000000,1.000000,1.000000,1.000000,0.000000,-0.098588
1.000000,1.000000,1.000000,1.000000,1.000000,0.000000,-0.098583
1.000000,1.000000,1.000000,1.000000,1.000000,0.000000,-0.098577
1.000000,1.000000,1.000000,1.000000,1.000000,0.000000,-0.098572
1.000000,1.000000,1.000000,1.000000,1.000000,0.000000,-0.098567
1.000000,1.000000,1.000000,1.000000,1.000000,0.000000,-0.098562
1.000000,1.000000,1.000000,1.000000,1.000000,0.000000,-0.098557
1.000000,1.000000,1.000000,1.000000,1.000000,0.000000,-0.098551
1.000000,1.000000,1.000000,1.000000,1.000000,0.000000,-0.098546
1.000000,1.000000,1.000000,1.000000,1.000000,0.000000,-0.098540
1.000000,1.000000,1.000000,1.000000,1.000000,0.000000,-0.098535
1.000000,1.000000,1.000000,1.000000,1.000000,0.000000,-0.098530
1.000000,1.000000,1.000000,1.000000,1.000000,0.000000,-0.098525
1.000000,1.000000,1.000000,1.000000,1.000000,0.000000,-0.098520
1.000000,1.000000,1.000000,1.000000,1.000000,0.000000,-0.098514
1.000000,1.000000,1.000000,1.000000,1.000000,0.000000,-0.098509
1.000000,1.000000,1.000000,1.000000,1.000000,0.000000,-0.098504
1.000000,1.000000,1.000000,1.000000,1.000000,0.000000,-0.098499
1.000000,1.000000,1.000000,1.000000,1.000000,0.000000,-0.098494
1.000000,1.000000,1.000000,1.000000,1.000000,0.000000,-0.098488
1.000000,1.000000,1.000000,1.000000,1.000000,0.000000,-0.098483
1.000000,1.000000,1.000000,1.000000,1.000000,0.000000,-0.098478
1.000000,1.000000,1.000000,1.000000,1.000000,0.000000,-0.098473
1.000000,1.000000,1.000000,1.000000,1.000000,0.000000,-0.098468
1.000000,1.000000,1.000000,1.000000,1.000000,0.000000,-0.098463
1.000000,1.000000,1.000000,1.000000,1.000000,0.000000,-0.098458
1.000000,1.000000,1.000000,1.000000,1.000000,0.000000,-0.098452
1.000000,1.000000,1.000000,1.000000,1.000000,0.000000,-0.098447
1.000000,1.000000,1.000000,1.000000,1.000000,0.000000,-0.098442
1.000000,1.000000,1.000000,1.000000,1.000000,0.000000,-0.098437
1.000000,1.000000,1.000000,1.000000,1.000000,0.000000,-0.098432
1.000000,1.000000,1.000000,1.000000,1.000000,0.000000,-0.098427
1.000000,1.000000,1.000000,1.000000,1.000000,0.000000,-0.098422
1.000000,1.000000,1.000000,1.000000,1.000000,0.000000,-0.098416
1.000000,1.000000,1.000000,1.000000,1.000000,0.000000,-0.098411
1.000000,1.000000,1.000000,1.000000,1.000000,0.000000,-0.098406
1.000000,1.000000,1.000000,1.000000,1.000000,0.000000,-0.098401
1.000000,1.000000,1.000000,1.000000,1.000000,0.000000,-0.098396
1.000000,1.000000,1.000000,1.000000,1.000000,0.000000,-0.098391
1.000000,1.000000,1.000000,1.000000,1.000000,0.000000,-0.098386
1.000000,1.000000,1.000000,1.000000,1.000000,0.000000,-0.098381
1.000000,1.000000,1.000000,1.000000,1.000000,0.000000,-0.098376
1.000000,1.000000,1.000000,1.000000,1.000000,0.000000,-0.098371
1.000000,1.000000,1.000000,1.000000,1.000000,0.000000,-0.098366
1.000000,1.000000,1.000000,1.000000,1.000000,0.000000,-0.098361
1.000000,1.000000,1.000000,1.000000,1.000000,0.000000,-0.098356
1.000000,1.000000,1.000000,1.000000,1.000000,0.000000,-0.098351
1.000000,1.000000,1.000000,1.000000,1.000000,0.000000,-0.098346
1.000000,1.000000,1.000000,1.000000,1.000000,0.000000,-0.098341
1.000000,1.000000,1.000000,1.000000,1.000000,0.000000,-0.098336
1.000000,1.000000,1.000000,1.000000,1.000000,0.000000,-0.098331
1.000000,1.000000,1.000000,1.000000,1.000000,0.000000,-0.098326
1.000000,1.000000,1.000000,1.000000,1.000000,0.000000,-0.098321
1.000000,1.000000,1.000000,1.000000,1.000000,0.000000,-0.098316
1.000000,1.000000,1.000000,1.000000,1.000000,0.000000,-0.098311
1.000000,1.000000,1.000000,1.000000,1.000000,0.000000,-0.098306
1.000000,1.000000,1.000000,1.000000,1.000000,0.000000,-0.098301
1.000000,1.000000,1.000000,1.000000,1.000000,0.000000,-0.098296
1.000000,1.000000,1.000000,1.000000,1.000000,0.000000,-0.098291
1.000000,1.000000,1.000000,1.000000,1.000000,0.000000,-0.098286
1.000000,1.000000,1.000000,1.000000,1.000000,0.000000,-0.098281
1.000000,1.000000,1.000000,1.000000,1.000000,0.000000,-0.098276
1.000000,1.000000,1.000000,1.000000,1.000000,0.000000,-0.098271
1.000000,1.000000,1.000000,1.000000,1.000000,0.000000,-0.098266
1.000000,1.000000,1.000000,1.000000,1.000000,0.000000,-0.098261
1.000000,1.000000,1.000000,1.000000,1.000000,0.000000,-0.098257
1.000000,1.000000,1.000000,1.000000,1.000000,0.000000,-0.098252
1.000000,1.000000,1.000000,1.000000,1.000000,0.000000,-0.098247
1.000000,1.000000,1.000000,1.000000,1.000000,0.000000,-0.098242
1.000000,1.000000,1.000000,1.000000,1.000000,0.000000,-0.098237
1.000000,1.000000,1.000000,1.000000,1.000000,0.000000,-0.098232
1.000000,1.000000,1.000000,1.000000,1.000000,0.000000,-0.098227
1.000000,1.000000,1.000000,1.000000,1.000000,0.000000,-0.098222
1.000000,1.000000,1.000000,1.000000,1.000000,0.000000,-0.098217
1.000000,1.000000,1.000000,1.000000,1.000000,0.000000,-0.098213
1.000000,1.000000,1.000000,1.000000,1.000000,0.000000,-0.098208
1.000000,1.000000,1.000000,1.000000,1.000000,0.000000,-0.098203
1.000000,1.000000,1.000000,1.000000,1.000000,0.000000,-0.098198
1.000000,1.000000,1.000000,1.000000,1.000000,0.000000,-0.098193
1.000000,1.000000,1.000000,1.000000,1.000000,0.000000,-0.098188
1.000000,1.000000,1.000000,1.000000,1.000000,0.000000,-0.098183
1.000000,1.000000,1.000000,1.000000,1.000000,0.000000,-0.098179
1.000000,1.000000,1.000000,1.000000,1.000000,0.000000,-0.098174
1.000000,1.000000,1.000000,1.000000,1.000000,0.000000,-0.098169
1.000000,1.000000,1.000000,1.000000,1.000000,0.000000,-0.098164
1.000000,1.000000,1.000000,1.000000,1.000000,0.000000,-0.098160
1.000000,1.000000,1.000000,1.000000,1.000000,0.000000,-0.098155
1.000000,1.000000,1.000000,1.000000,1.000000,0.000000,-0.098150
1.000000,1.000000,1.000000,1.000000,1.000000,0.000000,-0.098145
1.000000,1.000000,1.000000,1.000000,1.000000,0.000000,-0.098140
1.000000,1.000000,1.000000,1.000000,1.000000,0.000000,-0.098136
1.000000,1.000000,1.000000,1.000000,1.000000,0.000000,-0.098131
1.000000,1.000000,1.000000,1.000000,1.000000,0.000000,-0.098126
1.000000,1.000000,1.000000,1.000000,1.000000,0.000000,-0.098121
1.000000,1.000000,1.000000,1.000000,1.000000,0.000000,-0.098116
1.000000,1.000000,1.000000,1.000000,1.000000,0.000000,-0.098112
1.000000,1.000000,1.000000,1.000000,1.000000,0.000000,-0.098107
1.000000,1.000000,1.000000,1.000000,1.000000,0.000000,-0.098102
1.000000,1.000000,1.000000,1.000000,1.000000,0.000000,-0.098097
1.000000,1.000000,1.000000,1.000000,1.000000,0.000000,-0.098093
1.000000,1.000000,1.000000,1.000000,1.000000,0.000000,-0.098088
1.000000,1.000000,1.000000,1.000000,1.000000,0.000000,-0.098083
1.000000,1.000000,1.000000,1.000000,1.000000,0.000000,-0.098078
1.000000,1.000000,1.000000,1.000000,1.000000,0.000000,-0.098074
1.000000,1.000000,1.000000,1.000000,1.000000,0.000000,-0.098069
1.000000,1.000000,1.000000,1.000000,1.000000,0.000000,-0.098064
1.000000,1.000000,1.000000,1.000000,1.000000,0.000000,-0.098060
1.000000,1.000000,1.000000,1.000000,1.000000,0.000000,-0.098055
1.000000,1.000000,1.000000,1.000000,1.000000,0.000000,-0.098050
1.000000,1.000000,1.000000,1.000000,1.000000,0.000000,-0.098045
1.000000,1.000000,1.000000,1.000000,1.000000,0.000000,-0.098041
1.000000,1.000000,1.000000,1.000000,1.000000,0.000000,-0.098036
1.000000,1.000000,1.000000,1.000000,1.000000,0.000000,-0.098031
1.000000,1.000000,1.000000,1.000000,1.000000,0.000000,-0.098027
1.000000,1.000000,1.000000,1.000000,1.000000,0.000000,-0.098022
1.000000,1.000000,1.000000,1.000000,1.000000,0.000000,-0.098017
1.000000,1.000000,1.000000,1.000000,1.000000,0.000000,-0.098013
1.000000,1.000000,1.000000,1.000000,1.000000,0.000000,-0.098008
1.000000,1.000000,1.000000,1.000000,1.000000,0.000000,-0.098004
1.000000,1.000000,1.000000,1.000000,1.000000,0.000000,-0.097999
1.000000,1.000000,1.000000,1.000000,1.000000,0.000000,-0.097994
1.000000,1.000000,1.000000,1.000000,1.000000,0.000000,-0.097989
1.000000,1.000000,1.000000,1.000000,1.000000,0.000000,-0.097985
1.000000,1.000000,1.000000,1.000000,1.000000,0.000000,-0.097980
1.000000,1.000000,1.000000,1.000000,1.000000,0.000000,-0.097975
1.000000,1.000000,1.000000,1.000000,1.000000,0.000000,-0.097971
1.000000,1.000000,1.000000,1.000000,1.000000,0.000000,-0.097966
1.000000,1.000000,1.000000,1.000000,1.000000,0.000000,-0.097962
1.000000,1.000000,1.000000,1.000000,1.000000,0.000000,-0.097957
1.000000,1.000000,1.000000,1.000000,1.000000,0.000000,-0.097952
1.000000,1.000000,1.000000,1.000000,1.000000,0.000000,-0.097948
1.000000,1.000000,1.000000,1.000000,1.000000,0.000000,-0.097943
1.000000,1.000000,1.000000,1.000000,1.000000,0.000000,-0.097938
1.000000,1.000000,1.000000,1.000000,1.000000,0.000000,-0.097934
1.000000,1.000000,1.000000,1.000000,1.000000,0.000000,-0.097929
1.000000,1.000000,1.000000,1.000000,1.000000,0.000000,-0.097925
1.000000,1.000000,1.000000,1.000000,1.000000,0.000000,-0.097920
1.000000,1.000000,1.000000,1.000000,1.000000,0.000000,-0.097915
1.000000,1.000000,1.000000,1.000000,1.000000,0.000000,-0.097911
1.000000,1.000000,1.000000,1.000000,1.000000,0.000000,-0.097906
1.000000,1.000000,1.000000,1.000000,1.000000,0.000000,-0.097902
1.000000,1.000000,1.000000,1.000000,1.000000,0.000000,-0.097897
1.000000,1.000000,1.000000,1.000000,1.000000,0.000000,-0.097893
1.000000,1.000000,1.000000,1.000000,1.000000,0.000000,-0.097888
1.000000,1.000000,1.000000,1.000000,1.000000,0.000000,-0.097883
1.000000,1.000000,1.000000,1.000000,1.000000,0.000000,-0.097879
1.000000,1.000000,1.000000,1.000000,1.000000,0.000000,-0.097874
1.000000,1.000000,1.000000,1.000000,1.000000,0.000000,-0.097870
1.000000,1.000000,1.000000,1.000000,1.000000,0.000000,-0.097865
1.000000,1.000000,1.000000,1.000000,1.000000,0.000000,-0.097861
1.000000,1.000000,1.000000,1.000000,1.000000,0.000000,-0.097856
1.000000,1.000000,1.000000,1.000000,1.000000,0.000000,-0.097851
1.000000,1.000000,1.000000,1.000000,1.000000,0.000000,-0.097847
1.000000,1.000000,1.000000,1.000000,1.000000,0.000000,-0.097843
1.000000,1.000000,1.000000,1.000000,1.000000,0.000000,-0.097838
1.000000,1.000000,1.000000,1.000000,1.000000,0.000000,-0.097833
1.000000,1.000000,1.000000,1.000000,1.000000,0.000000,-0.097829
1.000000,1.000000,1.000000,1.000000,1.000000,0.000000,-0.097824
1.000000,1.000000,1.000000,1.000000,1.000000,0.000000,-0.097820
1.000000,1.000000,1.000000,1.000000,1.000000,0.000000,-0.097815
1.000000,1.000000,1.000000,1.000000,1.000000,0.000000,-0.097811
1.000000,1.000000,1.000000,1.000000,1.000000,0.000000,-0.097806
1.000000,1.000000,1.000000,1.000000,1.000000,0.000000,-0.097802
1.000000,1.000000,1.000000,1.000000,1.000000,0.000000,-0.097797
1.000000,1.000000,1.000000,1.000000,1.000000,0.000000,-0.097793
1.000000,1.000000,1.000000,1.000000,1.000000,0.000000,-0.097788
1.000000,1.000000,1.000000,1.000000,1.000000,0.000000,-0.097784
1.000000,1.000000,1.000000,1.000000,1.000000,0.000000,-0.097780
1.000000,1.000000,1.000000,1.000000,1.000000,0.000000,-0.097775
1.000000,1.000000,1.000000,1.000000,1.000000,0.000000,-0.097770
1.000000,1.000000,1.000000,1.000000,1.000000,0.000000,-0.097766
1.000000,1.000000,1.000000,1.000000,1.000000,0.000000,-0.097762
1.000000,1.000000,1.000000,1.000000,1.000000,0.000000,-0.097757
1.000000,1.000000,1.000000,1.000000,1.000000,0.000000,-0.097752
1.000000,1.000000,1.000000,1.000000,1.000000,0.000000,-0.097748
1.000000,1.000000,1.000000,1.000000,1.000000,0.000000,-0.097744
1.000000,1.000000,1.000000,1.000000,1.000000,0.000000,-0.097739
1.000000,1.000000,1.000000,1.000000,1.000000,0.000000,-0.097735
1.000000,1.000000,1.000000,1.000000,1.000000,0.000000,-0.097730
1.000000,1.000000,1.000000,1.000000,1.000000,0.000000,-0.097726
1.000000,1.000000,1.000000,1.000000,1.000000,0.000000,-0.097721
1.000000,1.000000,1.000000,1.000000,1.000000,0.000000,-0.097717
1.000000,1.000000,1.000000,1.000000,1.000000,0.000000,-0.097712
1.000000,1.000000,1.000000,1.000000,1.000000,0.000000,-0.097708
1.000000,1.000000,1.000000,1.000000,1.000000,0.000000,-0.097703
1.000000,1.000000,1.000000,1.000000,1.000000,0.000000,-0.097699
1.000000,1.000000,1.000000,1.000000,1.000000,0.000000,-0.097695
1.000000,1.000000,1.000000,1.000000,1.000000,0.000000,-0.097691
1.000000,1.000000,1.000000,1.000000,1.000000,0.000000,-0.097686
1.000000,1.000000,1.000000,1.000000,1.000000,0.000000,-0.097682
1.000000,1.000000,1.000000,1.000000,1.000000,0.000000,-0.097677
1.000000,1.000000,1.000000,1.000000,1.000000,0.000000,-0.097673
1.000000,1.000000,1.000000,1.000000,1.000000,0.000000,-0.097668
1.000000,1.000000,1.000000,1.000000,1.000000,0.000000,-0.097664
1.000000,1.000000,1.000000,1.000000,1.000000,0.000000,-0.097660
1.000000,1.000000,1.000000,1.000000,1.000000,0.000000,-0.097655
1.000000,1.000000,1.000000,1.000000,1.000000,0.000000,-0.097651
1.000000,1.000000,1.000000,1.000000,1.000000,0.000000,-0.097647
1.000000,1.000000,1.000000,1.000000,1.000000,0.000000,-0.097642
1.000000,1.000000,1.000000,1.000000,1.000000,0.000000,-0.097638
1.000000,1.000000,1.000000,1.000000,1.000000,0.000000,-0.097633
1.000000,1.000000,1.000000,1.000000,1.000000,0.000000,-0.097629
1.000000,1.000000,1.000000,1.000000,1.000000,0.000000,-0.097625
1.000000,1.000000,1.000000,1.000000,1.000000,0.000000,-0.097620
1.000000,1.000000,1.000000,1.000000,1.000000,0.000000,-0.097616
1.000000,1.000000,1.000000,1.000000,1.000000,0.000000,-0.097612
1.000000,1.000000,1.000000,1.000000,1.000000,0.000000,-0.097607
1.000000,1.000000,1.000000,1.000000,1.000000,0.000000,-0.097603
1.000000,1.000000,1.000000,1.000000,1.000000,0.000000,-0.097599
1.000000,1.000000,1.000000,1.000000,1.000000,0.000000,-0.097595
1.000000,1.000000,1.000000,1.000000,1.000000,0.000000,-0.097590
1.000000,1.000000,1.000000,1.000000,1.000000,0.000000,-0.097586
1.000000,1.000000,1.000000,1.000000,1.000000,0.000000,-0.097581
1.000000,1.000000,1.000000,1.000000,1.000000,0.000000,-0.097577
1.000000,1.000000,1.000000,1.000000,1.000000,0.000000,-0.097573
1.000000,1.000000,1.000000,1.000000,1.000000,0.000000,-0.097568
1.000000,1.000000,1.000000,1.000000,1.000000,0.000000,-0.097564
1.000000,1.000000,1.000000,1.000000,1.000000,0.000000,-0.097560
1.000000,1.000000,1.000000,1.000000,1.000000,0.000000,-0.097555
1.000000,1.000000,1.000000,1.000000,1.000000,0.000000,-0.097551
1.000000,1.000000,1.000000,1.000000,1.000000,0.000000,-0.097547
1.000000,1.000000,1.000000,1.000000,1.000000,0.000000,-0.097543
1.000000,1.000000,1.000000,1.000000,1.000000,0.000000,-0.097538
1.000000,1.000000,1.000000,1.000000,1.000000,0.000000,-0.097534
1.000000,1.000000,1.000000,1.000000,1.000000,0.000000,-0.097530
1.000000,1.000000,1.000000,1.000000,1.000000,0.000000,-0.097526
1.000000,1.000000,1.000000,1.000000,1.000000,0.000000,-0.097521
1.000000,1.000000,1.000000,1.000000,1.000000,0.000000,-0.097517
1.000000,1.000000,1.000000,1.000000,1.000000,0.000000,-0.097513
1.000000,1.000000,1.000000,1.000000,1.000000,0.000000,-0.097509
1.000000,1.000000,1.000000,1.000000,1.000000,0.000000,-0.097504
1.000000,1.000000,1.000000,1.000000,1.000000,0.000000,-0.097500
1.000000,1.000000,1.000000,1.000000,1.000000,0.000000,-0.097496
1.000000,1.000000,1.000000,1.000000,1.000000,0.000000,-0.097492
1.000000,1.000000,1.000000,1.000000,1.000000,0.000000,-0.097487
1.000000,1.000000,1.000000,1.000000,1.000000,0.000000,-0.097483
1.000000,1.000000,1.000000,1.000000,1.000000,0.000000,-0.097479
1.000000,1.000000,1.000000,1.000000,1.000000,0.000000,-0.097475
1.000000,1.000000,1.000000,1.000000,1.000000,0.000000,-0.097471
1.000000,1.000000,1.000000,1.000000,1.000000,0.000000,-0.097466
1.000000,1.000000,1.000000,1.000000,1.000000,0.000000,-0.097462
1.000000,1.000000,1.000000,1.000000,1.000000,0.000000,-0.097458
1.000000,1.000000,1.000000,1.000000,1.000000,0.000000,-0.097454
1.000000,1.000000,1.000000,1.000000,1.000000,0.000000,-0.097449
1.000000,1.000000,1.000000,1.000000,1.000000,0.000000,-0.097445
1.000000,1.000000,1.000000,1.000000,1.000000,0.000000,-0.097441
1.000000,1.000000,1.000000,1.000000,1.000000,0.000000,-0.097437
1.000000,1.000000,1.000000,1.000000,1.000000,0.000000,-0.097433
1.000000,1.000000,1.000000,1.000000,1.000000,0.000000,-0.097429
1.000000,1.000000,1.000000,1.000000,1.000000,0.000000,-0.097425
1.000000,1.000000,1.000000,1.000000,1.000000,0.000000,-0.097420
1.000000,1.000000,1.000000,1.000000,1.000000,0.000000,-0.097416
1.000000,1.000000,1.000000,1.000000,1.000000,0.000000,-0.097412
1.000000,1.000000,1.000000,1.000000,1.000000,0.000000,-0.097408
1.000000,1.000000,1.000000,1.000000,1.000000,0.000000,-0.097403
1.000000,1.000000,1.000000,1.000000,1.000000,0.000000,-0.097399
1.000000,1.000000,1.000000,1.000000,1.000000,0.000000,-0.097395
1.000000,1.000000,1.000000,1.000000,1.000000,0.000000,-0.097391
1.000000,1.000000,1.000000,1.000000,1.000000,0.000000,-0.097387
1.000000,1.000000,1.000000,1.000000,1.000000,0.000000,-0.097382
1.000000,1.000000,1.000000,1.000000,1.000000,0.000000,-0.097378
1.000000,1.000000,1.000000,1.000000,1.000000,0.000000,-0.097374
1.000000,1.000000,1.000000,1.000000,1.000000,0.000000,-0.097370
1.000000,1.000000,1.000000,1.000000,1.000000,0.000000,-0.097366
1.000000,1.000000,1.000000,1.000000,1.000000,0.000000,-0.097362
1.000000,1.000000,1.000000,1.000000,1.000000,0.000000,-0.097358
1.000000,1.000000,1.000000,1.000000,1.000000,0.000000,-0.097354
1.000000,1.000000,1.000000,1.000000,1.000000,0.000000,-0.097349
1.000000,1.000000,1.000000,1.000000,1.000000,0.000000,-0.097345
1.000000,1.000000,1.000000,1.000000,1.000000,0.000000,-0.097341
1.000000,1.000000,1.000000,1.000000,1.000000,0.000000,-0.097337
1.000000,1.000000,1.000000,1.000000,1.000000,0.000000,-0.097333
1.000000,1.000000,1.000000,1.000000,1.000000,0.000000,-0.097329
1.000000,1.000000,1.000000,1.000000,1.000000,0.000000,-0.097325
1.000000,1.000000,1.000000,1.000000,1.000000,0.000000,-0.097320
1.000000,1.000000,1.000000,1.000000,1.000000,0.000000,-0.097317
1.000000,1.000000,1.000000,1.000000,1.000000,0.000000,-0.097312
1.000000,1.000000,1.000000,1.000000,1.000000,0.000000,-0.097308
1.000000,1.000000,1.000000,1.000000,1.000000,0.000000,-0.097304
1.000000,1.000000,1.000000,1.000000,1.000000,0.000000,-0.097300
1.000000,1.000000,1.000000,1.000000,1.000000,0.000000,-0.097296
1.000000,1.000000,1.000000,1.000000,1.000000,0.000000,-0.097292
1.000000,1.000000,1.000000,1.000000,1.000000,0.000000,-0.097288
1.000000,1.000000,1.000000,1.000000,1.000000,0.000000,-0.097284
1.000000,1.000000,1.000000,1.000000,1.000000,0.000000,-0.097280
1.000000,1.000000,1.000000,1.000000,1.000000,0.000000,-0.097275
1.000000,1.000000,1.000000,1.000000,1.000000,0.000000,-0.097272
1.000000,1.000000,1.000000,1.000000,1.000000,0.000000,-0.097267
1.000000,1.000000,1.000000,1.000000,1.000000,0.000000,-0.097263
1.000000,1.000000,1.000000,1.000000,1.000000,0.000000,-0.097259
1.000000,1.000000,1.000000,1.000000,1.000000,0.000000,-0.097255
1.000000,1.000000,1.000000,1.000000,1.000000,0.000000,-0.097251
1.000000,1.000000,1.000000,1.000000,1.000000,0.000000,-0.097247
1.000000,1.000000,1.000000,1.000000,1.000000,0.000000,-0.097243
1.000000,1.000000,1.000000,1.000000,1.000000,0.000000,-0.097239
1.000000,1.000000,1.000000,1.000000,1.000000,0.000000,-0.097235
1.000000,1.000000,1.000000,1.000000,1.000000,0.000000,-0.097231
1.000000,1.000000,1.000000,1.000000,1.000000,0.000000,-0.097227
1.000000,1.000000,1.000000,1.000000,1.000000,0.000000,-0.097223
1.000000,1.000000,1.000000,1.000000,1.000000,0.000000,-0.097219
1.000000,1.000000,1.000000,1.000000,1.000000,0.000000,-0.097215
1.000000,1.000000,1.000000,1.000000,1.000000,0.000000,-0.097211
1.000000,1.000000,1.000000,1.000000,1.000000,0.000000,-0.097207
1.000000,1.000000,1.000000,1.000000,1.000000,0.000000,-0.097203
1.000000,1.000000,1.000000,1.000000,1.000000,0.000000,-0.097199
1.000000,1.000000,1.000000,1.000000,1.000000,0.000000,-0.097195
1.000000,1.000000,1.000000,1.000000,1.000000,0.000000,-0.097191
1.000000,1.000000,1.000000,1.000000,1.000000,0.000000,-0.097187
1.000000,1.000000,1.000000,1.000000,1.000000,0.000000,-0.097183
1.000000,1.000000,1.000000,1.000000,1.000000,0.000000,-0.097179
1.000000,1.000000,1.000000,1.000000,1.000000,0.000000,-0.097175
1.000000,1.000000,1.000000,1.000000,1.000000,0.000000,-0.097171
1.000000,1.000000,1.000000,1.000000,1.000000,0.000000,-0.097167
1.000000,1.000000,1.000000,1.000000,1.000000,0.000000,-0.097163
1.000000,1.000000,1.000000,1.000000,1.000000,0.000000,-0.097159
1.000000,1.000000,1.000000,1.000000,1.000000,0.000000,-0.097155
1.000000,1.000000,1.000000,1.000000,1.000000,0.000000,-0.097151
1.000000,1.000000,1.000000,1.000000,1.000000,0.000000,-0.097147
1.000000,1.000000,1.000000,1.000000,1.000000,0.000000,-0.097143
1.000000,1.000000,1.000000,1.000000,1.000000,0.000000,-0.097139
1.000000,1.000000,1.000000,1.000000,1.000000,0.000000,-0.097135
1.000000,1.000000,1.000000,1.000000,1.000000,0.000000,-0.097131
1.000000,1.000000,1.000000,1.000000,1.000000,0.000000,-0.097127
1.000000,1.000000,1.000000,1.000000,1.000000,0.000000,-0.097123
1.000000,1.000000,1.000000,1.000000,1.000000,0.000000,-0.097119
1.000000,1.000000,1.000000,1.000000,1.000000,0.000000,-0.097115
1.000000,1.000000,1.000000,1.000000,1.000000,0.000000,-0.097111
1.000000,1.000000,1.000000,1.000000,1.000000,0.000000,-0.097107
1.000000,1.000000,1.000000,1.000000,1.000000,0.000000,-0.097103
1.000000,1.000000,1.000000,1.000000,1.000000,0.000000,-0.097099
1.000000,1.000000,1.000000,1.000000,1.000000,0.000000,-0.097095
1.000000,1.000000,1.000000,1.000000,1.000000,0.000000,-0.097091
1.000000,1.000000,1.000000,1.000000,1.000000,0.000000,-0.097088
1.000000,1.000000,1.000000,1.000000,1.000000,0.000000,-0.097084
1.000000,1.000000,1.000000,1.000000,1.000000,0.000000,-0.097080
1.000000,1.000000,1.000000,1.000000,1.000000,0.000000,-0.097077
1.000000,1.000000,1.000000,1.000000,1.000000,0.000000,-0.097072
1.000000,1.000000,1.000000,1.000000,1.000000,0.000000,-0.097069
1.000000,1.000000,1.000000,1.000000,1.000000,0.000000,-0.097065
1.000000,1.000000,1.000000,1.000000,1.000000,0.000000,-0.097061
1.000000,1.000000,1.000000,1.000000,1.000000,0.000000,-0.097057
1.000000,1.000000,1.000000,1.000000,1.000000,0.000000,-0.097053
1.000000,1.000000,1.000000,1.000000,1.000000,0.000000,-0.097049
1.000000,1.000000,1.000000,1.000000,1.000000,0.000000,-0.097045
1.000000,1.000000,1.000000,1.000000,1.000000,0.000000,-0.097042
1.000000,1.000000,1.000000,1.000000,1.000000,0.000000,-0.097038
1.000000,1.000000,1.000000,1.000000,1.000000,0.000000,-0.097034
1.000000,1.000000,1.000000,1.000000,1.000000,0.000000,-0.097030
1.000000,1.000000,1.000000,1.000000,1.000000,0.000000,-0.097026
1.000000,1.000000,1.000000,1.000000,1.000000,0.000000,-0.097022
1.000000,1.000000,1.000000,1.000000,1.000000,0.000000,-0.097018
1.000000,1.000000,1.000000,1.000000,1.000000,0.000000,-0.097014
1.000000,1.000000,1.000000,1.000000,1.000000,0.000000,-0.097010
1.000000,1.000000,1.000000,1.000000,1.000000,0.000000,-0.097007
1.000000,1.000000,1.000000,1.000000,1.000000,0.000000,-0.097003
1.000000,1.000000,1.000000,1.000000,1.000000,0.000000,-0.096999
1.000000,1.000000,1.000000,1.000000,1.000000,0.000000,-0.096995
1.000000,1.000000,1.000000,1.000000,1.000000,0.000000,-0.096991
1.000000,1.000000,1.000000,1.000000,1.000000,0.000000,-0.096987
1.000000,1.000000,1.000000,1.000000,1.000000,0.000000,-0.096983
1.000000,1.000000,1.000000,1.000000,1.000000,0.000000,-0.096980
1.000000,1.000000,1.000000,1.000000,1.000000,0.000000,-0.096976
1.000000,1.000000,1.000000,1.000000,1.000000,0.000000,-0.096972
1.000000,1.000000,1.000000,1.000000,1.000000,0.000000,-0.096968
1.000000,1.000000,1.000000,1.000000,1.000000,0.000000,-0.096965
1.000000,1.000000,1.000000,1.000000,1.000000,0.000000,-0.096960
1.000000,1.000000,1.000000,1.000000,1.000000,0.000000,-0.096957
1.000000,1.000000,1.000000,1.000000,1.000000,0.000000,-0.096953
1.000000,1.000000,1.000000,1.000000,1.000000,0.000000,-0.096949
1.000000,1.000000,1.000000,1.000000,1.000000,0.000000,-0.096945
1.000000,1.000000,1.000000,1.000000,1.000000,0.000000,-0.096942
1.000000,1.000000,1.000000,1.000000,1.000000,0.000000,-0.096938
1.000000,1.000000,1.000000,1.000000,1.000000,0.000000,-0.096934
1.000000,1.000000,1.000000,1.000000,1.000000,0.000000,-0.096930
1.000000,1.000000,1.000000,1.000000,1.000000,0.000000,-0.096926
1.000000,1.000000,1.000000,1.000000,1.000000,0.000000,-0.096923
1.000000,1.000000,1.000000,1.000000,1.000000,0.000000,-0.096919
1.000000,1.000000,1.000000,1.000000,1.000000,0.000000,-0.096915
1.000000,1.000000,1.000000,1.000000,1.000000,0.000000,-0.096911
1.000000,1.000000,1.000000,1.000000,1.000000,0.000000,-0.096908
1.000000,1.000000,1.000000,1.000000,1.000000,0.000000,-0.096904
1.000000,1.000000,1.000000,1.000000,1.000000,0.000000,-0.096900
1.000000,1.000000,1.000000,1.000000,1.000000,0.000000,-0.096896
1.000000,1.000000,1.000000,1.000000,1.000000,0.000000,-0.096893
1.000000,1.000000,1.000000,1.000000,1.000000,0.000000,-0.096889
1.000000,1.000000,1.000000,1.000000,1.000000,0.000000,-0.096885
1.000000,1.000000,1.000000,1.000000,1.000000,0.000000,-0.096882
1.000000,1.000000,1.000000,1.000000,1.000000,0.000000,-0.096877
1.000000,1.000000,1.000000,1.000000,1.000000,0.000000,-0.096874
1.000000,1.000000,1.000000,1.000000,1.000000,0.000000,-0.096870
1.000000,1.000000,1.000000,1.000000,1.000000,0.000000,-0.096866
1.000000,1.000000,1.000000,1.000000,1.000000,0.000000,-0.096863
1.000000,1.000000,1.000000,1.000000,1.000000,0.000000,-0.096859
1.000000,1.000000,1.000000,1.000000,1.000000,0.000000,-0.096855
1.000000,1.000000,1.000000,1.000000,1.000000,0.000000,-0.096852
1.000000,1.000000,1.000000,1.000000,1.000000,0.000000,-0.096848
1.000000,1.000000,1.000000,1.000000,1.000000,0.000000,-0.096844
1.000000,1.000000,1.000000,1.000000,1.000000,0.000000,-0.096840
1.000000,1.000000,1.000000,1.000000,1.000000,0.000000,-0.096837
1.000000,1.000000,1.000000,1.000000,1.000000,0.000000,-0.096833
1.000000,1.000000,1.000000,1.000000,1.000000,0.000000,-0.096829
1.000000,1.000000,1.000000,1.000000,1.000000,0.000000,-0.096826
1.000000,1.000000,1.000000,1.000000,1.000000,0.000000,-0.096822
1.000000,1.000000,1.000000,1.000000,1.000000,0.000000,-0.096817
1.000000,1.000000,1.000000,1.000000,1.000000,0.000000,-0.096812
1.000000,1.000000,1.000000,1.000000,1.000000,0.000000,-0.096807
1.000000,1.000000,1.000000,1.000000,1.000000,0.000000,-0.096804
1.000000,1.000000,1.000000,1.000000,1.000000,0.000000,-0.096802
1.000000,1.000000,1.000000,1.000000,1.000000,0.000000,-0.096800
1.000000,1.000000,1.000000,1.000000,1.000000,0.000000,-0.096797
1.000000,1.000000,1.000000,1.000000,1.000000,0.000000,-0.096794
1.000000,1.000000,1.000000,1.000000,1.000000,0.000000,-0.096791
1.000000,1.000000,1.000000,1.000000,1.000000,0.000000,-0.096789
1.000000,1.000000,1.000000,1.000000,1.000000,0.000000,-0.096786
1.000000,1.000000,1.000000,1.000000,1.000000,0.000000,-0.096783
1.000000,1.000000,1.000000,1.000000,1.000000,0.000000,-0.096780
1.000000,1.000000,1.000000,1.000000,1.000000,0.000000,-0.096777
1.000000,1.000000,1.000000,1.000000,1.000000,0.000000,-0.096775
1.000000,1.000000,1.000000,1.000000,1.000000,0.000000,-0.096772
1.000000,1.000000,1.000000,1.000000,1.000000,0.000000,-0.096769
1.000000,1.000000,1.000000,1.000000,1.000000,0.000000,-0.096765
1.000000,1.000000,1.000000,1.000000,1.000000,0.000000,-0.096763
1.000000,1.000000,1.000000,1.000000,1.000000,0.000000,-0.096759
1.000000,1.000000,1.000000,1.000000,1.000000,0.000000,-0.096756
1.000000,1.000000,1.000000,1.000000,1.000000,0.000000,-0.096753
1.000000,1.000000,1.000000,1.000000,1.000000,0.000000,-0.096750
1.000000,1.000000,1.000000,1.000000,1.000000,0.000000,-0.096747
1.000000,1.000000,1.000000,1.000000,1.000000,0.000000,-0.096744
1.000000,1.000000,1.000000,1.000000,1.000000,0.000000,-0.096741
1.000000,1.000000,1.000000,1.000000,1.000000,0.000000,-0.096737
1.000000,1.000000,1.000000,1.000000,1.000000,0.000000,-0.096734
1.000000,1.000000,1.000000,1.000000,1.000000,0.000000,-0.096731
1.000000,1.000000,1.000000,1.000000,1.000000,0.000000,-0.096727
1.000000,1.000000,1.000000,1.000000,1.000000,0.000000,-0.096724
1.000000,1.000000,1.000000,1.000000,1.000000,0.000000,-0.096720
1.000000,1.000000,1.000000,1.000000,1.000000,0.000000,-0.096717
1.000000,1.000000,1.000000,1.000000,1.000000,0.000000,-0.096713
1.000000,1.000000,1.000000,1.000000,1.000000,0.000000,-0.096709
1.000000,1.000000,1.000000,1.000000,1.000000,0.000000,-0.096705
1.000000,1.000000,1.000000,1.000000,1.000000,0.000000,-0.096702
1.000000,1.000000,1.000000,1.000000,1.000000,0.000000,-0.096698
1.000000,1.000000,1.000000,1.000000,1.000000,0.000000,-0.096694
1.000000,1.000000,1.000000,1.000000,1.000000,0.000000,-0.096690
1.000000,1.000000,1.000000,1.000000,1.000000,0.000000,-0.096686
1.000000,1.000000,1.000000,1.000000,1.000000,0.000000,-0.096682
1.000000,1.000000,1.000000,1.000000,1.000000,0.000000,-0.096678
1.000000,1.000000,1.000000,1.000000,1.000000,0.000000,-0.096674
1.000000,1.000000,1.000000,1.000000,1.000000,0.000000,-0.096671
1.000000,1.000000,1.000000,1.000000,1.000000,0.000000,-0.096667
1.000000,1.000000,1.000000,1.000000,1.000000,0.000000,-0.096662
1.000000,1.000000,1.000000,1.000000,1.000000,0.000000,-0.096658
1.000000,1.000000,1.000000,1.000000,1.000000,0.000000,-0.096654
1.000000,1.000000,1.000000,1.000000,1.000000,0.000000,-0.096650
1.000000,1.000000,1.000000,1.000000,1.000000,0.000000,-0.096646
1.000000,1.000000,1.000000,1.000000,1.000000,0.000000,-0.096642
1.000000,1.000000,1.000000,1.000000,1.000000,0.000000,-0.096638
1.000000,1.000000,1.000000,1.000000,1.000000,0.000000,-0.096634
1.000000,1.000000,1.000000,1.000000,1.000000,0.000000,-0.096630
1.000000,1.000000,1.000000,1.000000,1.000000,0.000000,-0.096626
1.000000,1.000000,1.000000,1.000000,1.000000,0.000000,-0.096622
1.000000,1.000000,1.000000,1.000000,1.000000,0.000000,-0.096618
1.000000,1.000000,1.000000,1.000000,1.000000,0.000000,-0.096615
1.000000,1.000000,1.000000,1.000000,1.000000,0.000000,-0.096611
1.000000,1.000000,1.000000,1.000000,1.000000,0.000000,-0.096607
1.000000,1.000000,1.000000,1.000000,1.000000,0.000000,-0.096603
1.000000,1.000000,1.000000,1.000000,1.000000,0.000000,-0.096599
1.000000,1.000000,1.000000,1.000000,1.000000,0.000000,-0.096596
1.000000,1.000000,1.000000,1.000000,1.000000,0.000000,-0.096592
1.000000,1.000000,1.000000,1.000000,1.000000,0.000000,-0.096588
1.000000,1.000000,1.000000,1.000000,1.000000,0.000000,-0.096585
1.000000,1.000000,1.000000,1.000000,1.000000,0.000000,-0.096581
1.000000,1.000000,1.000000,1.000000,1.000000,0.000000,-0.096577
1.000000,1.000000,1.000000,1.000000,1.000000,0.000000,-0.096574
1.000000,1.000000,1.000000,1.000000,1.000000,0.000000,-0.096570
1.000000,1.000000,1.000000,1.000000,1.000000,0.000000,-0.096567
1.000000,1.000000,1.000000,1.000000,1.000000,0.000000,-0.096563
1.000000,1.000000,1.000000,1.000000,1.000000,0.000000,-0.096559
1.000000,1.000000,1.000000,1.000000,1.000000,0.000000,-0.096556
1.000000,1.000000,1.000000,1.000000,1.000000,0.000000,-0.096552
1.000000,1.000000,1.000000,1.000000,1.000000,0.000000,-0.096549
1.000000,1.000000,1.000000,1.000000,1.000000,0.000000,-0.096545
1.000000,1.000000,1.000000,1.000000,1.000000,0.000000,-0.096541
1.000000,1.000000,1.000000,1.000000,1.000000,0.000000,-0.096538
1.000000,1.000000,1.000000,1.000000,1.000000,0.000000,-0.096535
1.000000,1.000000,1.000000,1.000000,1.000000,0.000000,-0.096531
1.000000,1.000000,1.000000,1.000000,1.000000,0.000000,-0.096528
1.000000,1.000000,1.000000,1.000000,1.000000,0.000000,-0.096524
1.000000,1.000000,1.000000,1.000000,1.000000,0.000000,-0.096521
1.000000,1.000000,1.000000,1.000000,1.000000,0.000000,-0.096517
1.000000,1.000000,1.000000,1.000000,1.000000,0.000000,-0.096514
1.000000,1.000000,1.000000,1.000000,1.000000,0.000000,-0.096510
1.000000,1.000000,1.000000,1.000000,1.000000,0.000000,-0.096507
1.000000,1.000000,1.000000,1.000000,1.000000,0.000000,-0.096503
1.000000,1.000000,1.000000,1.000000,1.000000,0.000000,-0.096500
1.000000,1.000000,1.000000,1.000000,1.000000,0.000000,-0.096496
1.000000,1.000000,1.000000,1.000000,1.000000,0.000000,-0.096493
1.000000,1.000000,1.000000,1.000000,1.000000,0.000000,-0.096489
1.000000,1.000000,1.000000,1.000000,1.000000,0.000000,-0.096485
1.000000,1.000000,1.000000,1.000000,1.000000,0.000000,-0.096482
1.000000,1.000000,1.000000,1.000000,1.000000,0.000000,-0.096478
1.000000,1.000000,1.000000,1.000000,1.000000,0.000000,-0.096475
1.000000,1.000000,1.000000,1.000000,1.000000,0.000000,-0.096471
1.000000,1.000000,1.000000,1.000000,1.000000,0.000000,-0.096467
1.000000,1.000000,1.000000,1.000000,1.000000,0.000000,-0.096463
1.000000,1.000000,1.000000,1.000000,1.000000,0.000000,-0.096459
1.000000,1.000000,1.000000,1.000000,1.000000,0.000000,-0.096456
0.999942,1.000000,1.000000,1.000000,1.000000,0.000000,-0.096452
0.999914,1.000000,1.000000,1.000000,1.000000,0.000000,-0.096448
0.999896,1.000000,1.000000,1.000000,1.000000,0.000000,-0.096445
0.999881,1.000000,1.000000,1.000000,1.000000,0.000000,-0.096441
0.999867,1.000000,1.000000,1.000000,1.000000,0.000000,-0.096437
0.999854,1.000000,1.000000,1.000000,1.000000,0.000000,-0.096433
0.999840,1.000000,1.000000,1.000000,1.000000,0.000000,-0.096429
0.999826,1.000000,1.000000,1.000000,1.000000,0.000000,-0.096425
0.999813,1.000000,1.000000,1.000000,1.000000,0.000000,-0.096421
0.999799,1.000000,1.000000,1.000000,1.000000,0.000000,-0.096417
0.999786,1.000000,1.000000,1.000000,1.000000,0.000000,-0.096413
0.999772,1.000000,1.000000,1.000000,1.000000,0.000000,-0.096410
0.999759,1.000000,1.000000,1.000000,1.000000,0.000000,-0.096406
0.999745,1.000000,1.000000,1.000000,1.000000,0.000000,-0.096402
0.999732,1.000000,1.000000,1.000000,1.000000,0.000000,-0.096398
0.999718,1.000000,1.000000,1.000000,1.000000,0.000000,-0.096394
0.999705,1.000000,1.000000,1.000000,1.000000,0.000000,-0.096390
0.999691,1.000000,1.000000,1.000000,1.000000,0.000000,-0.096387
0.999677,1.000000,1.000000,1.000000,1.000000,0.000000,-0.096383
0.999664,1.000000,1.000000,1.000000,1.000000,0.000000,-0.096379
0.999650,1.000000,1.000000,1.000000,1.000000,0.000000,-0.096375
0.999637,1.000000,1.000000,1.000000,1.000000,0.000000,-0.096371
0.999623,1.000000,1.000000,1.000000,1.000000,0.000000,-0.096367
0.999610,1.000000,1.000000,1.000000,1.000000,0.000000,-0.096364
0.999596,1.000000,1.000000,1.000000,1.000000,0.000000,-0.096360
0.999582,1.000000,1.000000,1.000000,1.000000,0.000000,-0.096356
0.999569,1.000000,1.000000,1.000000,1.000000,0.000000,-0.096353
0.999555,1.000000,1.000000,1.000000,1.000000,0.000000,-0.096349
0.999542,1.000000,1.000000,1.000000,1.000000,0.000000,-0.096345
0.999528,1.000000,1.000000,1.000000,1.000000,0.000000,-0.096341
0.999514,1.000000,1.000000,1.000000,1.000000,0.000000,-0.096337
0.999501,1.000000,1.000000,1.000000,1.000000,0.000000,-0.096332
0.999487,1.000000,1.000000,1.000000,1.000000,0.000000,-0.096327
0.999474,1.000000,1.000000,1.000000,1.000000,0.000000,-0.096323
0.999460,1.000000,1.000000,1.000000,1.000000,0.000000,-0.096317
0.999446,1.000000,1.000000,1.000000,1.000000,0.000000,-0.096312
0.999433,1.000000,1.000000,1.000000,1.000000,0.000000,-0.096307
0.999419,1.000000,1.000000,1.000000,1.000000,0.000000,-0.096301
0.999405,1.000000,1.000000,1.000000,1.000000,0.000000,-0.096295
0.999392,1.000000,1.000000,1.000000,1.000000,0.000000,-0.096289
0.999378,1.000000,1.000000,1.000000,1.000000,0.000000,-0.096282
0.999364,1.000000,1.000000,1.000000,1.000000,0.000000,-0.096275
0.999351,1.000000,1.000000,1.000000,1.000000,0.000000,-0.096269
0.999337,1.000000,1.000000,1.000000,1.000000,0.000000,-0.096264
0.999323,1.000000,1.000000,1.000000,1.000000,0.000000,-0.096258
0.999310,1.000000,1.000000,1.000000,1.000000,0.000000,-0.096253
0.999296,1.000000,1.000000,1.000000,1.000000,0.000000,-0.096248
0.999282,1.000000,1.000000,1.000000,1.000000,0.000000,-0.096243
0.999269,1.000000,1.000000,1.000000,1.000000,0.000000,-0.096239
0.999255,1.000000,1.000000,1.000000,1.000000,0.000000,-0.096234
0.999241,1.000000,1.000000,1.000000,1.000000,0.000000,-0.096230
0.999228,1.000000,1.000000,1.000000,1.000000,0.000000,-0.096227
0.999214,1.000000,1.000000,1.000000,1.000000,0.000000,-0.096223
0.999200,1.000000,1.000000,1.000000,1.000000,0.000000,-0.096220
0.999187,1.000000,1.000000,1.000000,1.000000,0.000000,-0.096216
0.999173,1.000000,1.000000,1.000000,1.000000,0.000000,-0.096213
0.999159,1.000000,1.000000,1.000000,1.000000,0.000000,-0.096209
0.999146,1.000000,1.000000,1.000000,1.000000,0.000000,-0.096206
0.999132,1.000000,1.000000,1.000000,1.000000,0.000000,-0.096202
0.999118,1.000000,1.000000,1.000000,1.000000,0.000000,-0.096199
0.999104,1.000000,1.000000,1.000000,1.000000,0.000000,-0.096195
0.999091,1.000000,1.000000,1.000000,1.000000,0.000000,-0.096192
0.999077,1.000000,1.000000,1.000000,1.000000,0.000000,-0.096188
0.999063,1.000000,1.000000,1.000000,1.000000,0.000000,-0.096185
0.999050,1.000000,1.000000,1.000000,1.000000,0.000000,-0.096181
0.999036,1.000000,1.000000,1.000000,1.000000,0.000000,-0.096178
0.999022,1.000000,1.000000,1.000000,1.000000,0.000000,-0.096174
0.999009,1.000000,1.000000,1.000000,1.000000,0.000000,-0.096170
0.998995,1.000000,1.000000,1.000000,1.000000,0.000000,-0.096167
0.998981,1.000000,1.000000,1.000000,1.000000,0.000000,-0.096164
0.998967,1.000000,1.000000,1.000000,1.000000,0.000000,-0.096160
0.998954,1.000000,1.000000,1.000000,1.000000,0.000000,-0.096156
0.998940,1.000000,1.000000,1.000000,1.000000,0.000000,-0.096153
0.998926,1.000000,1.000000,1.000000,1.000000,0.000000,-0.096149
0.998912,1.000000,1.000000,1.000000,1.000000,0.000000,-0.096146
0.998899,1.000000,1.000000,1.000000,1.000000,0.000000,-0.096142
0.998885,1.000000,1.000000,1.000000,1.000000,0.000000,-0.096139
0.998871,1.000000,1.000000,1.000000,1.000000,0.000000,-0.096135
0.998857,1.000000,1.000000,1.000000,1.000000,0.000000,-0.096131
0.998844,1.000000,1.000000,1.000000,1.000000,0.000000,-0.096128
0.998830,1.000000,1.000000,1.000000,1.000000,0.000000,-0.096124
0.998816,1.000000,1.000000,1.000000,1.000000,0.000000,-0.096121
0.998803,1.000000,1.000000,1.000000,1.000000,0.000000,-0.096117
0.998789,1.000000,1.000000,1.000000,1.000000,0.000000,-0.096114
0.998775,1.000000,1.000000,1.000000,1.000000,0.000000,-0.096110
0.998761,1.000000,1.000000,1.000000,1.000000,0.000000,-0.096107
0.998748,1.000000,1.000000,1.000000,1.000000,0.000000,-0.096103
0.998734,1.000000,1.000000,1.000000,1.000000,0.000000,-0.096099
0.998720,1.000000,1.000000,1.000000,1.000000,0.000000,-0.096096
0.998706,1.000000,1.000000,1.000000,1.000000,0.000000,-0.096093
0.998693,1.000000,1.000000,1.000000,1.000000,0.000000,-0.096089
0.998679,1.000000,1.000000,1.000000,1.000000,0.000000,-0.096085
0.998665,1.000000,1.000000,1.000000,1.000000,0.000000,-0.096082
0.998651,1.000000,1.000000,1.000000,1.000000,0.000000,-0.096078
0.998637,1.000000,1.000000,1.000000,1.000000,0.000000,-0.096075
0.998624,1.000000,1.000000,1.000000,1.000000,0.000000,-0.096071
0.998610,1.000000,1.000000,1.000000,1.000000,0.000000,-0.096068
0.998596,1.000000,1.000000,1.000000,1.000000,0.000000,-0.096064
0.998582,1.000000,1.000000,1.000000,1.000000,0.000000,-0.096061
0.998569,1.000000,1.000000,1.000000,1.000000,0.000000,-0.096057
0.998555,1.000000,1.000000,1.000000,1.000000,0.000000,-0.096054
0.998541,1.000000,1.000000,1.000000,1.000000,0.000000,-0.096050
0.998528,1.000000,1.000000,1.000000,1.000000,0.000000,-0.096047
0.998514,1.000000,1.000000,1.000000,1.000000,0.000000,-0.096043
0.998500,1.000000,1.000000,1.000000,1.000000,0.000000,-0.096040
0.998486,1.000000,1.000000,1.000000,1.000000,0.000000,-0.096036
0.998473,1.000000,1.000000,1.000000,1.000000,0.000000,-0.096033
0.998459,1.000000,1.000000,1.000000,1.000000,0.000000,-0.096029
0.998445,1.000000,1.000000,1.000000,1.000000,0.000000,-0.096026
0.998431,1.000000,1.000000,1.000000,1.000000,0.000000,-0.096022
0.998418,1.000000,1.000000,1.000000,1.000000,0.000000,-0.096019
0.998404,1.000000,1.000000,1.000000,1.000000,0.000000,-0.096015
0.998390,1.000000,1.000000,1.000000,1.000000,0.000000,-0.096011
0.998376,1.000000,1.000000,1.000000,1.000000,0.000000,-0.096008
0.998363,1.000000,1.000000,1.000000,1.000000,0.000000,-0.096004
0.998349,1.000000,1.000000,1.000000,1.000000,0.000000,-0.096001
0.998335,1.000000,1.000000,1.000000,1.000000,0.000000,-0.095998
0.998321,1.000000,1.000000,1.000000,1.000000,0.000000,-0.095994
0.998308,1.000000,1.000000,1.000000,1.000000,0.000000,-0.095991
0.998294,1.000000,1.000000,1.000000,1.000000,0.000000,-0.095987
0.998280,1.000000,1.000000,1.000000,1.000000,0.000000,-0.095984
0.998267,1.000000,1.000000,1.000000,1.000000,0.000000,-0.095980
0.998253,1.000000,1.000000,1.000000,1.000000,0.000000,-0.095977
0.998239,1.000000,1.000000,1.000000,1.000000,0.000000,-0.095973
0.998225,1.000000,1.000000,1.000000,1.000000,0.000000,-0.095970
0.998212,1.000000,1.000000,1.000000,1.000000,0.000000,-0.095966
0.998198,1.000000,1.000000,1.000000,1.000000,0.000000,-0.095963
0.998184,1.000000,1.000000,1.000000,1.000000,0.000000,-0.095960
0.998170,1.000000,1.000000,1.000000,1.000000,0.000000,-0.095956
0.998157,1.000000,1.000000,1.000000,1.000000,0.000000,-0.095953
0.998143,1.000000,1.000000,1.000000,1.000000,0.000000,-0.095949
0.998129,1.000000,1.000000,1.000000,1.000000,0.000000,-0.095945
0.998116,1.000000,1.000000,1.000000,1.000000,0.000000,-0.095942
0.998102,1.000000,1.000000,1.000000,1.000000,0.000000,-0.095939
0.998088,1.000000,1.000000,1.000000,1.000000,0.000000,-0.095935
0.998074,1.000000,1.000000,1.000000,1.000000,0.000000,-0.095932
0.998061,1.000000,1.000000,1.000000,1.000000,0.000000,-0.095928
0.998047,1.000000,1.000000,1.000000,1.000000,0.000000,-0.095925
0.998033,1.000000,1.000000,1.000000,1.000000,0.000000,-0.095922
0.998020,1.000000,1.000000,1.000000,1.000000,0.000000,-0.095918
0.998006,1.000000,1.000000,1.000000,1.000000,0.000000,-0.095915
0.997992,1.000000,1.000000,1.000000,1.000000,0.000000,-0.095911
0.997979,1.000000,1.000000,1.000000,1.000000,0.000000,-0.095908
0.997965,1.000000,1.000000,1.000000,1.000000,0.000000,-0.095904
0.997951,1.000000,1.000000,1.000000,1.000000,0.000000,-0.095901
0.997937,1.000000,1.000000,1.000000,1.000000,0.000000,-0.095898
0.997924,1.000000,1.000000,1.000000,1.000000,0.000000,-0.095894
0.997910,1.000000,1.000000,1.000000,1.000000,0.000000,-0.095891
0.997896,1.000000,1.000000,1.000000,1.000000,0.000000,-0.095887
0.997883,1.000000,1.000000,1.000000,1.000000,0.000000,-0.095884
0.997869,1.000000,1.000000,1.000000,1.000000,0.000000,-0.095881
0.997855,1.000000,1.000000,1.000000,1.000000,0.000000,-0.095877
0.997842,1.000000,1.000000,1.000000,1.000000,0.000000,-0.095874
0.997828,1.000000,1.000000,1.000000,1.000000,0.000000,-0.095870
0.997814,1.000000,1.000000,1.000000,1.000000,0.000000,-0.095867
0.997801,1.000000,1.000000,1.000000,1.000000,0.000000,-0.095863
0.997787,1.000000,0.999195,1.000000,1.000000,0.000000,-0.095860
0.997773,1.000000,0.998618,1.000000,1.000000,0.000000,-0.095857
0.997760,1.000000,0.997793,1.000000,1.000000,0.000000,-0.095853
0.997746,1.000000,0.996974,1.000000,1.000000,0.000000,-0.095850
0.997732,1.000000,0.996158,1.000000,1.000000,0.000000,-0.095846
0.997719,1.000000,0.995343,1.000000,1.000000,0.000000,-0.095843
0.997705,1.000000,0.994527,1.000000,1.000000,0.000000,-0.095840
0.997692,1.000000,0.993712,1.000000,1.000000,0.000000,-0.095836
0.997678,1.000000,0.992896,1.000000,1.000000,0.000000,-0.095833
0.997664,1.000000,0.992081,1.000000,1.000000,0.000000,-0.095830
0.997651,1.000000,0.991267,1.000000,1.000000,0.000000,-0.095826
0.997637,1.000000,0.990451,1.000000,1.000000,0.000000,-0.095823
0.997624,1.000000,0.989636,1.000000,1.000000,0.000000,-0.095819
0.997610,1.000000,0.988820,1.000000,1.000000,0.000000,-0.095816
0.997596,1.000000,0.988005,1.000000,1.000000,0.000000,-0.095813
0.997583,1.000000,0.987189,1.000000,1.000000,0.000000,-0.095810
0.997569,1.000000,0.986374,1.000000,1.000000,0.000000,-0.095806
0.997555,1.000000,0.985558,1.000000,1.000000,0.000000,-0.095803
0.997542,1.000000,0.984742,1.000000,1.000000,0.000000,-0.095799
0.997528,1.000000,0.983926,1.000000,1.000000,0.000000,-0.095796
0.997515,1.000000,0.983110,1.000000,1.000000,0.000000,-0.095792
0.997501,1.000000,0.982294,1.000000,1.000000,0.000000,-0.095789
0.997488,1.000000,0.981479,1.000000,1.000000,0.000000,-0.095786
0.997474,1.000000,0.980663,1.000000,1.000000,0.000000,-0.095783
0.997460,1.000000,0.979847,1.000000,1.000000,0.000000,-0.095779
0.997447,1.000000,0.979032,1.000000,1.000000,0.000000,-0.095776
0.997433,1.000000,0.978216,1.000000,1.000000,0.000000,-0.095773
0.997420,1.000000,0.977400,1.000000,1.000000,0.000000,-0.095769
0.997406,1.000000,0.976584,1.000000,1.000000,0.000000,-0.095766
0.997393,1.000000,0.975768,1.000000,1.000000,0.000000,-0.095762
0.997379,1.000000,0.974953,1.000000,1.000000,0.000000,-0.095759
0.997366,1.000000,0.974137,1.000000,1.000000,0.000000,-0.095756
0.997352,1.000000,0.973321,1.000000,1.000000,0.000000,-0.095753
0.997339,1.000000,0.972506,1.000000,1.000000,0.000000,-0.095749
0.997325,1.000000,0.971690,1.000000,1.000000,0.000000,-0.095746
0.997311,1.000000,0.970874,1.000000,1.000000,0.000000,-0.095742
0.997298,1.000000,0.970059,1.000000,1.000000,0.000000,-0.095739
0.997284,1.000000,0.969243,1.000000,1.000000,0.000000,-0.095735
0.997271,1.000000,0.968427,1.000000,1.000000,0.000000,-0.095732
0.997257,1.000000,0.967612,1.000000,1.000000,0.000000,-0.095727
0.997244,1.000000,0.966796,1.000000,1.000000,0.000000,-0.095723
0.997231,1.000000,0.965980,1.000000,1.000000,0.000000,-0.095719
0.997217,1.000000,0.965164,1.000000,1.000000,0.000000,-0.095715
0.997203,1.000000,0.964349,1.000000,1.000000,0.000000,-0.095711
0.997190,1.000000,0.963534,1.000000,1.000000,0.000000,-0.095706
0.997177,1.000000,0.962718,1.000000,1.000000,0.000000,-0.095702
0.997163,1.000000,0.961903,1.000000,1.000000,0.000000,-0.095697
0.997150,1.000000,0.961087,1.000000,1.000000,0.000000,-0.095692
0.997136,1.000000,0.960272,1.000000,1.000000,0.000000,-0.095687
0.997123,1.000000,0.959457,1.000000,1.000000,0.000000,-0.095682
0.997109,1.000000,0.958641,1.000000,1.000000,0.000000,-0.095677
0.997096,1.000000,0.957826,1.000000,1.000000,0.000000,-0.095671
0.997083,1.000000,0.957011,1.000000,1.000000,0.000000,-0.095666
0.997069,1.000000,0.956196,1.000000,1.000000,0.000000,-0.095660
0.997056,1.000000,0.955380,1.000000,1.000000,0.000000,-0.095654
0.997042,1.000000,0.954565,1.000000,1.000000,0.000000,-0.095648
0.997029,1.000000,0.953749,1.000000,1.000000,0.000000,-0.095643
0.997015,1.000000,0.952934,1.000000,1.000000,0.000000,-0.095637
0.997002,1.000000,0.952119,1.000000,1.000000,0.000000,-0.095632
0.996989,1.000000,0.951303,1.000000,1.000000,0.000000,-0.095627
0.996975,1.000000,0.950488,1.000000,1.000000,0.000000,-0.095623
0.996962,1.000000,0.949673,1.000000,1.000000,0.000000,-0.095619
0.996948,1.000000,0.948857,1.000000,1.000000,0.000000,-0.095615
0.996935,1.000000,0.948042,1.000000,1.000000,0.000000,-0.095611
0.996922,1.000000,0.947227,1.000000,1.000000,0.000000,-0.095607
0.996908,1.000000,0.946412,1.000000,1.000000,0.000000,-0.095603
0.996895,1.000000,0.945597,1.000000,1.000000,0.000000,-0.095599
0.996882,1.000000,0.944782,1.000000,1.000000,0.000000,-0.095596
0.996868,1.000000,0.943966,1.000000,1.000000,0.000000,-0.095593
0.996855,1.000000,0.943151,1.000000,1.000000,0.000000,-0.095589
0.996842,1.000000,0.942336,1.000000,1.000000,0.000000,-0.095586
0.996828,1.000000,0.941521,1.000000,1.000000,0.000000,-0.095583
0.996815,1.000000,0.940705,1.000000,1.000000,0.000000,-0.095580
0.996802,1.000000,0.939890,1.000000,1.000000,0.000000,-0.095577
0.996789,1.000000,0.939076,1.000000,1.000000,0.000000,-0.095574
0.996775,1.000000,0.938260,1.000000,1.000000,0.000000,-0.095571
0.996762,1.000000,0.937446,1.000000,1.000000,0.000000,-0.095568
0.996749,1.000000,0.936630,1.000000,1.000000,0.000000,-0.095566
0.996735,1.000000,0.935816,1.000000,1.000000,0.000000,-0.095563
0.996722,1.000000,0.935001,1.000000,1.000000,0.000000,-0.095560
0.996709,1.000000,0.934186,1.000000,1.000000,0.000000,-0.095558
0.996696,1.000000,0.933371,1.000000,1.000000,0.000000,-0.095555
0.996682,1.000000,0.932557,1.000000,1.000000,0.000000,-0.095553
0.996669,1.000000,0.931742,1.000000,1.000000,0.000000,-0.095550
0.996656,1.000000,0.930927,1.000000,1.000000,0.000000,-0.095548
0.996643,1.000000,0.930113,1.000000,1.000000,0.000000,-0.095545
0.996630,1.000000,0.929298,1.000000,1.000000,0.000000,-0.095543
0.996616,1.000000,0.928483,1.000000,1.000000,0.000000,-0.095540
0.996603,1.000000,0.927668,1.000000,1.000000,0.000000,-0.095538
0.996590,1.000000,0.926853,1.000000,1.000000,0.000000,-0.095536
0.996577,1.000000,0.926039,1.000000,1.000000,0.000000,-0.095533
0.996564,1.000000,0.925224,1.000000,1.000000,0.000000,-0.095531
0.996551,1.000000,0.924409,1.000000,1.000000,0.000000,-0.095529
0.996537,1.000000,0.923595,1.000000,1.000000,0.000000,-0.095526
0.996524,1.000000,0.922781,1.000000,1.000000,0.000000,-0.095524
0.996511,1.000000,0.921967,1.000000,1.000000,0.000000,-0.095522
0.996498,1.000000,0.921153,1.000000,1.000000,0.000000,-0.095520
0.996485,1.000000,0.920339,1.000000,1.000000,0.000000,-0.095517
0.996472,1.000000,0.919526,1.000000,1.000000,0.000000,-0.095515
0.996459,1.000000,0.918712,1.000000,1.000000,0.000000,-0.095513
0.996446,1.000000,0.917898,1.000000,1.000000,0.000000,-0.095510
0.996433,1.000000,0.917085,1.000000,1.000000,0.000000,-0.095508
0.996420,1.000000,0.916271,1.000000,1.000000,0.000000,-0.095506
0.996406,1.000000,0.915458,1.000000,1.000000,0.000000,-0.095504
0.996393,1.000000,0.914645,1.000000,1.000000,0.000000,-0.095501
0.996380,1.000000,0.913831,1.000000,1.000000,0.000000,-0.095499
0.996354,1.000000,0.913018,1.000000,1.000000,0.000000,-0.095497
0.996323,1.000000,0.912205,1.000000,1.000000,0.000000,-0.095495
0.996291,1.000000,0.911392,1.000000,1.000000,0.000000,-0.095493
0.996259,1.000000,0.910579,1.000000,1.000000,0.000000,-0.095491
0.996226,1.000000,0.909767,1.000000,1.000000,0.000000,-0.095488
0.996194,1.000000,0.908954,1.000000,1.000000,0.000000,-0.095486
0.996161,1.000000,0.908141,1.000000,1.000000,0.000000,-0.095484
0.996128,1.000000,0.907329,1.000000,1.000000,0.000000,-0.095482
0.996096,1.000000,0.906517,1.000000,1.000000,0.000000,-0.095479
0.996063,1.000000,0.905706,1.000000,1.000000,0.000000,-0.095477
0.996030,1.000000,0.904894,1.000000,1.000000,0.000000,-0.095475
0.995998,1.000000,0.904083,1.000000,1.000000,0.000000,-0.095473
0.995965,1.000000,0.903271,1.000000,1.000000,0.000000,-0.095471
0.995932,1.000000,0.902461,1.000000,1.000000,0.000000,-0.095469
0.995900,1.000000,0.901650,1.000000,1.000000,0.000000,-0.095467
0.995867,1.000000,0.900840,1.000000,1.000000,0.000000,-0.095464
0.995835,1.000000,0.900029,1.000000,1.000000,0.000000,-0.095462
0.995802,1.000000,0.899218,1.000000,1.000000,0.000000,-0.095460
0.995769,1.000000,0.898409,1.000000,1.000000,0.000000,-0.095458
0.995737,1.000000,0.897599,1.000000,1.000000,0.000000,-0.095456
0.995704,1.000000,0.896789,1.000000,1.000000,0.000000,-0.095453
0.995671,1.000000,0.895980,1.000000,1.000000,0.000000,-0.095451
0.995639,1.000000,0.895170,1.000000,1.000000,0.000000,-0.095449
0.995606,1.000000,0.894361,1.000000,1.000000,0.000000,-0.095447
0.995574,1.000000,0.893552,1.000000,1.000000,0.000000,-0.095445
0.995541,1.000000,0.892743,1.000000,1.000000,0.000000,-0.095443
0.995508,1.000000,0.891935,1.000000,1.000000,0.000000,-0.095440
0.995476,1.000000,0.891126,1.000000,1.000000,0.000000,-0.095438
0.995443,1.000000,0.890318,1.000000,1.000000,0.000000,-0.095436
0.995411,1.000000,0.889510,1.000000,1.000000,0.000000,-0.095434
0.995378,1.000000,0.888702,1.000000,1.000000,0.000000,-0.095432
0.995345,1.000000,0.887895,1.000000,1.000000,0.000000,-0.095429
0.995313,1.000000,0.887088,1.000000,1.000000,0.000000,-0.095427
0.995280,1.000000,0.886281,1.000000,1.000000,0.000000,-0.095425
0.995248,1.000000,0.885474,1.000000,1.000000,0.000000,-0.095423
0.995215,1.000000,0.884667,1.000000,1.000000,0.000000,-0.095421
0.995183,1.000000,0.883861,1.000000,1.000000,0.000000,-0.095418
0.995150,1.000000,0.883055,1.000000,1.000000,0.000000,-0.095416
0.995118,1.000000,0.882250,1.000000,1.000000,0.000000,-0.095414
0.995085,1.000000,0.881445,1.000000,1.000000,0.000000,-0.095412
0.995052,1.000000,0.880640,1.000000,1.000000,0.000000,-0.095409
0.995020,1.000000,0.879835,1.000000,1.000000,0.000000,-0.095407
0.994987,1.000000,0.879030,1.000000,1.000000,0.000000,-0.095405
0.994955,1.000000,0.878226,1.000000,1.000000,0.000000,-0.095403
0.994922,1.000000,0.877422,1.000000,1.000000,0.000000,-0.095400
0.994890,1.000000,0.876618,1.000000,1.000000,0.000000,-0.095398
0.994857,1.000000,0.875815,1.000000,1.000000,0.000000,-0.095396
0.994825,1.000000,0.875012,1.000000,1.000000,0.000000,-0.095393
0.994792,1.000000,0.874209,1.000000,1.000000,0.000000,-0.095391
0.994760,1.000000,0.873406,1.000000,1.000000,0.000000,-0.095389
0.994727,1.000000,0.872604,1.000000,1.000000,0.000000,-0.095386
0.994695,1.000000,0.871801,1.000000,1.000000,0.000000,-0.095384
0.994663,1.000000,0.870999,1.000000,1.000000,0.000000,-0.095382
0.994630,1.000000,0.870198,1.000000,1.000000,0.000000,-0.095379
0.994598,1.000000,0.869396,1.000000,1.000000,0.000000,-0.095377
0.994565,1.000000,0.868596,1.000000,1.000000,0.000000,-0.095374
0.994533,1.000000,0.867795,1.000000,1.000000,0.000000,-0.095372
0.994500,1.000000,0.866994,1.000000,1.000000,0.000000,-0.095370
0.994468,1.000000,0.866194,1.000000,1.000000,0.000000,-0.095368
0.994436,1.000000,0.865394,1.000000,1.000000,0.000000,-0.095365
0.994403,1.000000,0.864595,1.000000,1.000000,0.000000,-0.095363
0.994371,1.000000,0.863795,1.000000,1.000000,0.000000,-0.095360
0.994338,1.000000,0.862996,1.000000,1.000000,0.000000,-0.095358
0.994306,1.000000,0.862197,1.000000,1.000000,0.000000,-0.095356
0.994274,1.000000,0.861398,1.000000,1.000000,0.000000,-0.095353
0.994241,1.000000,0.860600,1.000000,1.000000,0.000000,-0.095350
0.994209,1.000000,0.859802,1.000000,1.000000,0.000000,-0.095348
0.994177,1.000000,0.859004,1.000000,1.000000,0.000000,-0.095346
0.994144,1.000000,0.858206,1.000000,1.000000,0.000000,-0.095344
0.994112,1.000000,0.857409,1.000000,1.000000,0.000000,-0.095341
0.994080,1.000000,0.856611,1.000000,1.000000,0.000000,-0.095338
0.994047,1.000000,0.855815,1.000000,1.000000,0.000000,-0.095336
0.994015,1.000000,0.855019,1.000000,1.000000,0.000000,-0.095333
0.993983,1.000000,0.854222,1.000000,1.000000,0.000000,-0.095331
0.993950,1.000000,0.853427,1.000000,1.000000,0.000000,-0.095328
0.993918,1.000000,0.852631,1.000000,1.000000,0.000000,-0.095326
0.993886,1.000000,0.851836,1.000000,1.000000,0.000000,-0.095324
0.993854,1.000000,0.851041,1.000000,1.000000,0.000000,-0.095321
0.993821,1.000000,0.850247,1.000000,1.000000,0.000000,-0.095319
0.993789,1.000000,0.849453,1.000000,1.000000,0.000000,-0.095316
0.993757,1.000000,0.848660,1.000000,1.000000,0.000000,-0.095314
0.993725,1.000000,0.847866,1.000000,1.000000,0.000000,-0.095311
0.993692,1.000000,0.847073,1.000000,1.000000,0.000000,-0.095308
0.993660,1.000000,0.846281,1.000000,1.000000,0.000000,-0.095306
0.993628,1.000000,0.845488,1.000000,1.000000,0.000000,-0.095303
0.993596,1.000000,0.844696,1.000000,1.000000,0.000000,-0.095301
0.993564,1.000000,0.843905,1.000000,1.000000,0.000000,-0.095298
0.993531,1.000000,0.843113,1.000000,1.000000,0.000000,-0.095296
0.993499,1.000000,0.842322,1.000000,1.000000,0.000000,-0.095293
0.993467,1.000000,0.841532,1.000000,1.000000,0.000000,-0.095291
0.993435,1.000000,0.840742,1.000000,1.000000,0.000000,-0.095288
0.993403,1.000000,0.839952,1.000000,1.000000,0.000000,-0.095285
0.993371,1.000000,0.839162,1.000000,1.000000,0.000000,-0.095283
0.993339,1.000000,0.838373,1.000000,1.000000,0.000000,-0.095281
0.993307,1.000000,0.837584,1.000000,1.000000,0.000000,-0.095278
0.993274,1.000000,0.836795,1.000000,1.000000,0.000000,-0.095275
0.993242,1.000000,0.836007,1.000000,1.000000,0.000000,-0.095273
0.993210,1.000000,0.835219,1.000000,1.000000,0.000000,-0.095270
0.993178,1.000000,0.834432,1.000000,1.000000,0.000000,-0.095268
0.993146,1.000000,0.833645,1.000000,1.000000,0.000000,-0.095265
0.993114,1.000000,0.832858,1.000000,1.000000,0.000000,-0.095262
0.993082,1.000000,0.832072,1.000000,1.000000,0.000000,-0.095260
0.993050,1.000000,0.831286,1.000000,1.000000,0.000000,-0.095257
0.993018,1.000000,0.830500,1.000000,1.000000,0.000000,-0.095255
0.992986,1.000000,0.829715,1.000000,1.000000,0.000000,-0.095252
0.992954,1.000000,0.828930,1.000000,1.000000,0.000000,-0.095249
0.992922,1.000000,0.828146,1.000000,1.000000,0.000000,-0.095247
0.992890,1.000000,0.827362,1.000000,1.000000,0.000000,-0.095244
0.992858,1.000000,0.826578,1.000000,1.000000,0.000000,-0.095242
0.992826,1.000000,0.825795,1.000000,1.000000,0.000000,-0.095239
0.992794,1.000000,0.825012,1.000000,1.000000,0.000000,-0.095237
0.992763,1.000000,0.824230,1.000000,1.000000,0.000000,-0.095234
0.992731,1.000000,0.823448,1.000000,1.000000,0.000000,-0.095232
0.992699,1.000000,0.822666,1.000000,1.000000,0.000000,-0.095229
0.992667,1.000000,0.821884,1.000000,1.000000,0.000000,-0.095226
0.992635,1.000000,0.821104,1.000000,1.000000,0.000000,-0.095224
0.992603,1.000000,0.820323,1.000000,1.000000,0.000000,-0.095221
0.992571,1.000000,0.819543,1.000000,1.000000,0.000000,-0.095219
0.992540,1.000000,0.818763,1.000000,1.000000,0.000000,-0.095216
0.992508,1.000000,0.817984,1.000000,1.000000,0.000000,-0.095214
0.992476,1.000000,0.817205,1.000000,1.000000,0.000000,-0.095211
0.992444,1.000000,0.816427,1.000000,1.000000,0.000000,-0.095208
0.992412,1.000000,0.815649,1.000000,1.000000,0.000000,-0.095206
0.992381,1.000000,0.814871,1.000000,1.000000,0.000000,-0.095203
0.992349,1.000000,0.814094,1.000000,1.000000,0.000000,-0.095201
0.992317,1.000000,0.813318,1.000000,1.000000,0.000000,-0.095198
0.992285,1.000000,0.812542,1.000000,1.000000,0.000000,-0.095196
0.992254,1.000000,0.811766,1.000000,1.000000,0.000000,-0.095193
0.992222,1.000000,0.810990,1.000000,1.000000,0.000000,-0.095191
0.992190,1.000000,0.810215,1.000000,1.000000,0.000000,-0.095188
0.992159,1.000000,0.809441,1.000000,1.000000,0.000000,-0.095185
0.992127,1.000000,0.808667,1.000000,1.000000,0.000000,-0.095183
0.992096,1.000000,0.807894,1.000000,1.000000,0.000000,-0.095180
0.992064,1.000000,0.807121,1.000000,1.000000,0.000000,-0.095178
0.992032,1.000000,0.806348,1.000000,1.000000,0.000000,-0.095175
0.992001,1.000000,0.805576,1.000000,1.000000,0.000000,-0.095173
0.991969,1.000000,0.804804,1.000000,1.000000,0.000000,-0.095170
0.991938,1.000000,0.804033,1.000000,1.000000,0.000000,-0.095167
0.991906,1.000000,0.803262,1.000000,1.000000,0.000000,-0.095165
0.991875,1.000000,0.802492,1.000000,1.000000,0.000000,-0.095162
0.991843,1.000000,0.801722,1.000000,1.000000,0.000000,-0.095160
0.991812,1.000000,0.800953,1.000000,1.000000,0.000000,-0.095157
0.991780,1.000000,0.800185,1.000000,1.000000,0.000000,-0.095155
0.991749,1.000000,0.799416,1.000000,1.000000,0.000000,-0.095152
0.991717,1.000000,0.798649,1.000000,1.000000,0.000000,-0.095150
0.991686,1.000000,0.797882,1.000000,1.000000,0.000000,-0.095147
0.991654,1.000000,0.797115,1.000000,1.000000,0.000000,-0.095144
0.991623,1.000000,0.796349,1.000000,1.000000,0.000000,-0.095142
0.991592,1.000000,0.795583,1.000000,1.000000,0.000000,-0.095139
0.991560,1.000000,0.794818,1.000000,1.000000,0.000000,-0.095137
0.991529,1.000000,0.794054,1.000000,1.000000,0.000000,-0.095134
0.991497,1.000000,0.793289,1.000000,1.000000,0.000000,-0.095132
0.991466,1.000000,0.792526,1.000000,1.000000,0.000000,-0.095129
0.991434,1.000000,0.791763,1.000000,1.000000,0.000000,-0.095127
0.991403,1.000000,0.791000,1.000000,1.000000,0.000000,-0.095124
0.991372,1.000000,0.790238,1.000000,1.000000,0.000000,-0.095121
0.991340,1.000000,0.789477,1.000000,1.000000,0.000000,-0.095119
0.991309,1.000000,0.788716,1.000000,1.000000,0.000000,-0.095116
0.991277,1.000000,0.787955,1.000000,1.000000,0.000000,-0.095114
0.991246,1.000000,0.787195,1.000000,1.000000,0.000000,-0.095111
0.991215,1.000000,0.786436,1.000000,1.000000,0.000000,-0.095109
0.991183,1.000000,0.785677,1.000000,1.000000,0.000000,-0.095106
0.991152,1.000000,0.784918,1.000000,1.000000,0.000000,-0.095103
0.991121,1.000000,0.784160,1.000000,1.000000,0.000000,-0.095101
0.991089,1.000000,0.783402,1.000000,1.000000,0.000000,-0.095098
0.991058,1.000000,0.782645,1.000000,1.000000,0.000000,-0.095096
0.991026,1.000000,0.781889,1.000000,1.000000,0.000000,-0.095094
0.990995,1.000000,0.781133,1.000000,1.000000,0.000000,-0.095091
0.990964,1.000000,0.780377,1.000000,1.000000,0.000000,-0.095089
0.990932,1.000000,0.779622,1.000000,1.000000,0.000000,-0.095086
0.990901,1.000000,0.778868,1.000000,1.000000,0.000000,-0.095084
0.990870,1.000000,0.778114,1.000000,1.000000,0.000000,-0.095081
0.990838,1.000000,0.777360,1.000000,1.000000,0.000000,-0.095078
0.990807,1.000000,0.776608,1.000000,1.000000,0.000000,-0.095076
0.990776,1.000000,0.775855,1.000000,1.000000,0.000000,-0.095073
0.990744,1.000000,0.775103,1.000000,1.000000,0.000000,-0.095071
0.990713,1.000000,0.774352,1.000000,1.000000,0.000000,-0.095068
0.990682,1.000000,0.773601,1.000000,1.000000,0.000000,-0.095065
0.990650,1.000000,0.772851,1.000000,1.000000,0.000000,-0.095063
0.990619,1.000000,0.772101,1.000000,1.000000,0.000000,-0.095061
0.990588,1.000000,0.771352,1.000000,1.000000,0.000000,-0.095058
0.990557,1.000000,0.770603,1.000000,1.000000,0.000000,-0.095055
0.990525,1.000000,0.769855,1.000000,1.000000,0.000000,-0.095053
0.990494,1.000000,0.769107,1.000000,1.000000,0.000000,-0.095050
0.990463,1.000000,0.768360,1.000000,1.000000,0.000000,-0.095048
0.990432,1.000000,0.767613,1.000000,1.000000,0.000000,-0.095045
0.990400,1.000000,0.766867,1.000000,1.000000,0.000000,-0.095043
0.990369,1.000000,0.766121,1.000000,1.000000,0.000000,-0.095040
0.990338,1.000000,0.765376,1.000000,1.000000,0.000000,-0.095037
0.990307,1.000000,0.764631,1.000000,1.000000,0.000000,-0.095035
0.990275,1.000000,0.763887,1.000000,1.000000,0.000000,-0.095032
0.990244,1.000000,0.763143,1.000000,1.000000,0.000000,-0.095030
0.990213,1.000000,0.762400,1.000000,1.000000,0.000000,-0.095027
0.990182,1.000000,0.761657,1.000000,1.000000,0.000000,-0.095025
0.990151,1.000000,0.760915,1.000000,1.000000,0.000000,-0.095022
0.990119,1.000000,0.760174,1.000000,1.000000,0.000000,-0.095020
0.990088,1.000000,0.759433,1.000000,1.000000,0.000000,-0.095017
0.990057,1.000000,0.758692,1.000000,1.000000,0.000000,-0.095015
0.990026,1.000000,0.757952,1.000000,1.000000,0.000000,-0.095012
0.989995,1.000000,0.757213,1.000000,1.000000,0.000000,-0.095009
0.989963,1.000000,0.756474,1.000000,1.000000,0.000000,-0.095007
0.989932,1.000000,0.755736,1.000000,1.000000,0.000000,-0.095004
0.989901,1.000000,0.754998,1.000000,1.000000,0.000000,-0.095002
0.989870,1.000000,0.754260,1.000000,1.000000,0.000000,-0.094999
0.989839,1.000000,0.753524,1.000000,1.000000,0.000000,-0.094997
0.989808,1.000000,0.752787,1.000000,1.000000,0.000000,-0.094994
0.989777,1.000000,0.752052,1.000000,1.000000,0.000000,-0.094992
0.989745,1.000000,0.751317,1.000000,1.000000,0.000000,-0.094989
0.989714,1.000000,0.750582,1.000000,1.000000,0.000000,-0.094987
0.989683,1.000000,0.749848,1.000000,1.000000,0.000000,-0.094984
0.989652,1.000000,0.749115,1.000000,1.000000,0.000000,-0.094981
0.989621,1.000000,0.748382,1.000000,1.000000,0.000000,-0.094979
0.989590,1.000000,0.747649,1.000000,1.000000,0.000000,-0.094977
0.989559,1.000000,0.746917,1.000000,1.000000,0.000000,-0.094974
0.989528,1.000000,0.746186,1.000000,1.000000,0.000000,-0.094971
0.989497,1.000000,0.745455,1.000000,1.000000,0.000000,-0.094969
0.989466,1.000000,0.744725,1.000000,1.000000,0.000000,-0.094966
0.989435,1.000000,0.743995,1.000000,1.000000,0.000000,-0.094964
0.989404,1.000000,0.743266,1.000000,1.000000,0.000000,-0.094961
0.989373,1.000000,0.742538,1.000000,1.000000,0.000000,-0.094959
0.989342,1.000000,0.741809,1.000000,1.000000,0.000000,-0.094956
0.989311,1.000000,0.741082,1.000000,1.000000,0.000000,-0.094954
0.989280,1.000000,0.740355,1.000000,1.000000,0.000000,-0.094951
0.989249,1.000000,0.739629,1.000000,1.000000,0.000000,-0.094949
0.989218,1.000000,0.738903,1.000000,1.000000,0.000000,-0.094946
0.989187,1.000000,0.738178,1.000000,1.000000,0.000000,-0.094943
0.989156,1.000000,0.737453,1.000000,1.000000,0.000000,-0.094941
0.989125,1.000000,0.736729,1.000000,1.000000,0.000000,-0.094938
0.989094,1.000000,0.736005,1.000000,1.000000,0.000000,-0.094936
0.989063,1.000000,0.735282,1.000000,1.000000,0.000000,-0.094933
0.989032,1.000000,0.734560,1.000000,1.000000,0.000000,-0.094931
0.989001,1.000000,0.733838,1.000000,1.000000,0.000000,-0.094928
0.988970,1.000000,0.733117,1.000000,1.000000,0.000000,-0.094925
0.988939,1.000000,0.732396,1.000000,1.000000,0.000000,-0.094923
0.988908,1.000000,0.731676,1.000000,1.000000,0.000000,-0.094921
0.988877,1.000000,0.730957,1.000000,1.000000,0.000000,-0.094918
0.988846,1.000000,0.730238,1.000000,1.000000,0.000000,-0.094916
0.988816,1.000000,0.729519,1.000000,1.000000,0.000000,-0.094913
0.988785,1.000000,0.728802,1.000000,1.000000,0.000000,-0.094910
0.988754,1.000000,0.728084,1.000000,1.000000,0.000000,-0.094908
0.988723,1.000000,0.727368,1.000000,1.000000,0.000000,-0.094905
0.988692,1.000000,0.726652,1.000000,1.000000,0.000000,-0.094903
0.988661,1.000000,0.725936,1.000000,1.000000,0.000000,-0.094900
0.988631,1.000000,0.725221,1.000000,1.000000,0.000000,-0.094898
0.988600,1.000000,0.724507,1.000000,1.000000,0.000000,-0.094895
0.988569,1.000000,0.723793,1.000000,1.000000,0.000000,-0.094893
0.988538,1.000000,0.723080,1.000000,1.000000,0.000000,-0.094890
0.988507,1.000000,0.722368,1.000000,1.000000,0.000000,-0.094888
0.988477,1.000000,0.721656,1.000000,1.000000,0.000000,-0.094885
0.988446,1.000000,0.720944,1.000000,1.000000,0.000000,-0.094883
0.988415,1.000000,0.720234,1.000000,1.000000,0.000000,-0.094880
0.988384,1.000000,0.719523,1.000000,1.000000,0.000000,-0.094878
0.988354,1.000000,0.718814,1.000000,1.000000,0.000000,-0.094875
0.988323,1.000000,0.718105,1.000000,1.000000,0.000000,-0.094872
0.988292,1.000000,0.717396,1.000000,1.000000,0.000000,-0.094870
0.988262,1.000000,0.716688,1.000000,1.000000,0.000000,-0.094867
0.988231,1.000000,0.715981,1.000000,1.000000,0.000000,-0.094865
0.988200,1.000000,0.715274,1.000000,1.000000,0.000000,-0.094863
0.988170,1.000000,0.714568,1.000000,1.000000,0.000000,-0.094860
0.988139,1.000000,0.713863,1.000000,1.000000,0.000000,-0.094857
0.988108,1.000000,0.713158,1.000000,1.000000,0.000000,-0.094855
0.988078,1.000000,0.712454,1.000000,1.000000,0.000000,-0.094852
0.988047,1.000000,0.711750,1.000000,1.000000,0.000000,-0.094850
0.988016,1.000000,0.711047,1.000000,1.000000,0.000000,-0.094847
0.987986,1.000000,0.710344,1.000000,1.000000,0.000000,-0.094845
0.987955,1.000000,0.709642,1.000000,1.000000,0.000000,-0.094842
0.987925,1.000000,0.708941,1.000000,1.000000,0.000000,-0.094840
0.987894,1.000000,0.708240,1.000000,1.000000,0.000000,-0.094837
0.987864,1.000000,0.707540,1.000000,1.000000,0.000000,-0.094835
0.987833,1.000000,0.706841,1.000000,1.000000,0.000000,-0.094832
0.987803,1.000000,0.706142,1.000000,1.000000,0.000000,-0.094830
0.987772,1.000000,0.705444,1.000000,1.000000,0.000000,-0.094827
0.987742,1.000000,0.704746,1.000000,1.000000,0.000000,-0.094825
0.987711,1.000000,0.704049,1.000000,1.000000,0.000000,-0.094822
0.987681,1.000000,0.703352,1.000000,1.000000,0.000000,-0.094820
0.987650,1.000000,0.702656,1.000000,1.000000,0.000000,-0.094817
0.987620,1.000000,0.701961,1.000000,1.000000,0.000000,-0.094815
0.987589,1.000000,0.701266,1.000000,1.000000,0.000000,-0.094812
0.987559,1.000000,0.700572,1.000000,1.000000,0.000000,-0.094810
0.987529,1.000000,0.699879,1.000000,1.000000,0.000000,-0.094807
0.987498,1.000000,0.699186,1.000000,1.000000,0.000000,-0.094805
0.987468,1.000000,0.698494,1.000000,1.000000,0.000000,-0.094802
0.987438,1.000000,0.697802,1.000000,1.000000,0.000000,-0.094800
0.987407,1.000000,0.697111,1.000000,1.000000,0.000000,-0.094798
0.987377,1.000000,0.696421,1.000000,1.000000,0.000000,-0.094795
0.987347,1.000000,0.695731,1.000000,1.000000,0.000000,-0.094793
0.987316,1.000000,0.695042,1.000000,1.000000,0.000000,-0.094790
0.987286,1.000000,0.694353,1.000000,1.000000,0.000000,-0.094788
0.987256,1.000000,0.693665,1.000000,1.000000,0.000000,-0.094785
0.987226,1.000000,0.692978,1.000000,1.000000,0.000000,-0.094783
0.987195,1.000000,0.692291,1.000000,1.000000,0.000000,-0.094780
0.987165,1.000000,0.691605,1.000000,1.000000,0.000000,-0.094778
0.987135,1.000000,0.690919,1.000000,1.000000,0.000000,-0.094775
0.987105,1.000000,0.690234,1.000000,1.000000,0.000000,-0.094773
0.987074,1.000000,0.689550,1.000000,1.000000,0.000000,-0.094770
0.987044,1.000000,0.688866,1.000000,1.000000,0.000000,-0.094768
0.987014,1.000000,0.688183,1.000000,1.000000,0.000000,-0.094765
0.986984,1.000000,0.687500,1.000000,1.000000,0.000000,-0.094763
0.986954,1.000000,0.686818,1.000000,1.000000,0.000000,-0.094760
0.986924,1.000000,0.686137,1.000000,1.000000,0.000000,-0.094758
0.986894,1.000000,0.685457,1.000000,1.000000,0.000000,-0.094756
0.986864,1.000000,0.684776,1.000000,1.000000,0.000000,-0.094753
0.986834,1.000000,0.684097,1.000000,1.000000,0.000000,-0.094750
0.986803,1.000000,0.683418,1.000000,1.000000,0.000000,-0.094748
0.986773,1.000000,0.682740,1.000000,1.000000,0.000000,-0.094745
0.986743,1.000000,0.682063,1.000000,1.000000,0.000000,-0.094743
0.986713,1.000000,0.681386,1.000000,1.000000,0.000000,-0.094741
0.986683,1.000000,0.680709,1.000000,1.000000,0.000000,-0.094738
0.986653,1.000000,0.680033,1.000000,1.000000,0.000000,-0.094736
0.986623,1.000000,0.679358,1.000000,1.000000,0.000000,-0.094733
0.986594,1.000000,0.678684,1.000000,1.000000,0.000000,-0.094731
0.986564,1.000000,0.678010,1.000000,1.000000,0.000000,-0.094728
0.986534,1.000000,0.677337,1.000000,1.000000,0.000000,-0.094726
0.986504,1.000000,0.676664,1.000000,1.000000,0.000000,-0.094724
0.986474,1.000000,0.675992,1.000000,1.000000,0.000000,-0.094721
0.986444,1.000000,0.675321,1.000000,1.000000,0.000000,-0.094719
0.986414,1.000000,0.674650,1.000000,1.000000,0.000000,-0.094716
0.986384,1.000000,0.673980,1.000000,1.000000,0.000000,-0.094714
0.986355,1.000000,0.673310,1.000000,1.000000,0.000000,-0.094711
0.986325,1.000000,0.672641,1.000000,1.000000,0.000000,-0.094709
0.986295,1.000000,0.671973,1.000000,1.000000,0.000000,-0.094706
0.986265,1.000000,0.671305,1.000000,1.000000,0.000000,-0.094704
0.986235,1.000000,0.670638,1.000000,1.000000,0.000000,-0.094701
0.986206,1.000000,0.669972,1.000000,1.000000,0.000000,-0.094699
0.986176,1.000000,0.669306,1.000000,1.000000,0.000000,-0.094697
0.986146,1.000000,0.668641,1.000000,1.000000,0.000000,-0.094694
0.986117,1.000000,0.667976,1.000000,1.000000,0.000000,-0.094692
0.986087,1.000000,0.667313,1.000000,1.000000,0.000000,-0.094689
0.986057,1.000000,0.666649,1.000000,1.000000,0.000000,-0.094687
0.986028,1.000000,0.665987,1.000000,1.000000,0.000000,-0.094684
0.985998,1.000000,0.665325,1.000000,1.000000,0.000000,-0.094682
0.985969,1.000000,0.664663,1.000000,1.000000,0.000000,-0.094680
0.985939,1.000000,0.664003,1.000000,1.000000,0.000000,-0.094677
0.985910,1.000000,0.663343,1.000000,1.000000,0.000000,-0.094674
0.985880,1.000000,0.662683,1.000000,1.000000,0.000000,-0.094672
0.985850,1.000000,0.662025,1.000000,1.000000,0.000000,-0.094670
0.985821,1.000000,0.661366,1.000000,1.000000,0.000000,-0.094667
0.985792,1.000000,0.660709,1.000000,1.000000,0.000000,-0.094665
0.985762,1.000000,0.660052,1.000000,1.000000,0.000000,-0.094662
0.985733,1.000000,0.659396,1.000000,1.000000,0.000000,-0.094660
0.985703,1.000000,0.658741,1.000000,1.000000,0.000000,-0.094657
0.985674,1.000000,0.658086,1.000000,1.000000,0.000000,-0.094655
0.985644,1.000000,0.657431,1.000000,1.000000,0.000000,-0.094653
0.985615,1.000000,0.656778,1.000000,1.000000,0.000000,-0.094650
0.985586,1.000000,0.656125,1.000000,1.000000,0.000000,-0.094648
0.985556,1.000000,0.655473,1.000000,1.000000,0.000000,-0.094645
0.985527,1.000000,0.654821,1.000000,1.000000,0.000000,-0.094643
0.985498,1.000000,0.654170,1.000000,1.000000,0.000000,-0.094641
0.985468,1.000000,0.653520,1.000000,1.000000,0.000000,-0.094638
0.985439,1.000000,0.652870,1.000000,1.000000,0.000000,-0.094636
0.985410,1.000000,0.652221,1.000000,1.000000,0.000000,-0.094633
0.985381,1.000000,0.651573,1.000000,1.000000,0.000000,-0.094631
0.985351,1.000000,0.650925,1.000000,1.000000,0.000000,-0.094628
0.985322,1.000000,0.650278,1.000000,1.000000,0.000000,-0.094626
0.985293,1.000000,0.649631,1.000000,1.000000,0.000000,-0.094624
0.985264,1.000000,0.648986,1.000000,1.000000,0.000000,-0.094621
0.985235,1.000000,0.648341,1.000000,1.000000,0.000000,-0.094618
0.985206,1.000000,0.647696,1.000000,1.000000,0.000000,-0.094616
0.985177,1.000000,0.647052,1.000000,1.000000,0.000000,-0.094614
0.985148,1.000000,0.646409,1.000000,1.000000,0.000000,-0.094611
0.985118,1.000000,0.645767,1.000000,1.000000,0.000000,-0.094609
0.985089,1.000000,0.645125,1.000000,1.000000,0.000000,-0.094607
0.985060,1.000000,0.644484,1.000000,1.000000,0.000000,-0.094604
0.985031,1.000000,0.643843,1.000000,1.000000,0.000000,-0.094601
0.985002,1.000000,0.643204,1.000000,1.000000,0.000000,-0.094599
0.984973,1.000000,0.642565,1.000000,1.000000,0.000000,-0.094597
0.984944,1.000000,0.641926,1.000000,1.000000,0.000000,-0.094594
0.984915,0.999942,0.641288,1.000000,1.000000,0.000000,-0.094592
0.984886,0.999914,0.640651,1.000000,1.000000,0.000000,-0.094589
0.984857,0.999896,0.640015,1.000000,1.000000,0.000000,-0.094587
0.984829,0.999881,0.639379,1.000000,1.000000,0.000000,-0.094585
0.984800,0.999867,0.638744,1.000000,1.000000,0.000000,-0.094582
0.984771,0.999854,0.638110,1.000000,1.000000,0.000000,-0.094580
0.984742,0.999840,0.637476,1.000000,1.000000,0.000000,-0.094577
0.984713,0.999826,0.636843,1.000000,1.000000,0.000000,-0.094575
0.984684,0.999813,0.636211,1.000000,1.000000,0.000000,-0.094573
0.984655,0.999799,0.635580,1.000000,1.000000,0.000000,-0.094570
0.984627,0.999786,0.634949,1.000000,1.000000,0.000000,-0.094568
0.984598,0.999772,0.634319,1.000000,1.000000,0.000000,-0.094565
0.984569,0.999759,0.633689,1.000000,1.000000,0.000000,-0.094563
0.984540,0.999745,0.633061,1.000000,1.000000,0.000000,-0.094560
0.984512,0.999731,0.632433,1.000000,1.000000,0.000000,-0.094558
0.984483,0.999718,0.631805,1.000000,1.000000,0.000000,-0.094556
0.984454,0.999704,0.631179,1.000000,1.000000,0.000000,-0.094553
0.984426,0.999691,0.630553,1.000000,1.000000,0.000000,-0.094551
0.984397,0.999677,0.629927,1.000000,1.000000,0.000000,-0.094548
0.984369,0.999663,0.629303,1.000000,1.000000,0.000000,-0.094546
0.984340,0.999650,0.628679,1.000000,1.000000,0.000000,-0.094544
0.984311,0.999636,0.628056,1.000000,1.000000,0.000000,-0.094541
0.984283,0.999622,0.627433,1.000000,1.000000,0.000000,-0.094539
0.984254,0.999609,0.626811,1.000000,1.000000,0.000000,-0.094536
0.984226,0.999595,0.626190,1.000000,1.000000,0.000000,-0.094534
0.984197,0.999581,0.625570,1.000000,1.000000,0.000000,-0.094531
0.984169,0.999568,0.624950,1.000000,1.000000,0.000000,-0.094529
0.984140,0.999554,0.624331,1.000000,1.000000,0.000000,-0.094527
0.984112,0.999540,0.623713,1.000000,1.000000,0.000000,-0.094524
0.984083,0.999527,0.623095,1.000000,1.000000,0.000000,-0.094522
0.984055,0.999513,0.622478,1.000000,1.000000,0.000000,-0.094519
0.984026,0.999499,0.621862,1.000000,1.000000,0.000000,-0.094517
0.983998,0.999485,0.621246,1.000000,1.000000,0.000000,-0.094514
0.983970,0.999472,0.620631,1.000000,1.000000,0.000000,-0.094512
0.983941,0.999458,0.620017,1.000000,1.000000,0.000000,-0.094510
0.983913,0.999444,0.619404,1.000000,1.000000,0.000000,-0.094507
0.983885,0.999430,0.618791,1.000000,1.000000,0.000000,-0.094505
0.983856,0.999417,0.618179,1.000000,1.000000,0.000000,-0.094502
0.983828,0.999403,0.617568,1.000000,1.000000,0.000000,-0.094500
0.983800,0.999389,0.616957,1.000000,1.000000,0.000000,-0.094498
0.983772,0.999375,0.616347,1.000000,1.000000,0.000000,-0.094495
0.983743,0.999362,0.615738,1.000000,1.000000,0.000000,-0.094493
0.983715,0.999348,0.615129,1.000000,1.000000,0.000000,-0.094491
0.983687,0.999334,0.614521,1.000000,1.000000,0.000000,-0.094488
0.983659,0.999320,0.613914,1.000000,1.000000,0.000000,-0.094486
0.983631,0.999306,0.613307,1.000000,1.000000,0.000000,-0.094483
0.983602,0.999293,0.612701,1.000000,1.000000,0.000000,-0.094481
0.983574,0.999279,0.612096,1.000000,1.000000,0.000000,-0.094479
0.983546,0.999265,0.611492,1.000000,1.000000,0.000000,-0.094476
0.983518,0.999251,0.610888,1.000000,1.000000,0.000000,-0.094474
0.983490,0.999237,0.610285,1.000000,1.000000,0.000000,-0.094471
0.983462,0.999223,0.609682,1.000000,1.000000,0.000000,-0.094469
0.983434,0.999210,0.609080,1.000000,1.000000,0.000000,-0.094467
0.983406,0.999196,0.608479,1.000000,1.000000,0.000000,-0.094465
0.983378,0.999182,0.607879,1.000000,1.000000,0.000000,-0.094462
0.983350,0.999168,0.607279,1.000000,1.000000,0.000000,-0.094459
0.983322,0.999154,0.606680,1.000000,1.000000,0.000000,-0.094457
0.983294,0.999140,0.606081,1.000000,1.000000,0.000000,-0.094455
0.983266,0.999126,0.605483,1.000000,1.000000,0.000000,-0.094452
0.983238,0.999112,0.604886,1.000000,1.000000,0.000000,-0.094450
0.983211,0.999099,0.604289,1.000000,1.000000,0.000000,-0.094448
0.983183,0.999085,0.603693,1.000000,1.000000,0.000000,-0.094445
0.983155,0.999071,0.603097,1.000000,1.000000,0.000000,-0.094443
0.983127,0.999057,0.602502,1.000000,1.000000,0.000000,-0.094441
0.983099,0.999043,0.601908,1.000000,1.000000,0.000000,-0.094438
0.983071,0.999029,0.601314,1.000000,1.000000,0.000000,-0.094436
0.983043,0.999015,0.600721,1.000000,1.000000,0.000000,-0.094434
0.983015,0.999001,0.600129,1.000000,1.000000,0.000000,-0.094431
0.982988,0.998987,0.599537,1.000000,1.000000,0.000000,-0.094429
0.982960,0.998973,0.598946,1.000000,1.000000,0.000000,-0.094426
0.982932,0.998959,0.598355,1.000000,1.000000,0.000000,-0.094424
0.982904,0.998945,0.597765,1.000000,1.000000,0.000000,-0.094422
0.982876,0.998932,0.597176,1.000000,1.000000,0.000000,-0.094419
0.982848,0.998918,0.596587,1.000000,1.000000,0.000000,-0.094417
0.982820,0.998904,0.595999,1.000000,1.000000,0.000000,-0.094415
0.982792,0.998890,0.595411,1.000000,1.000000,0.000000,-0.094412
0.982765,0.998876,0.594824,1.000000,1.000000,0.000000,-0.094410
0.982737,0.998862,0.594238,1.000000,1.000000,0.000000,-0.094407
0.982709,0.998848,0.593652,1.000000,1.000000,0.000000,-0.094405
0.982681,0.998834,0.593067,1.000000,1.000000,0.000000,-0.094403
0.982653,0.998820,0.592483,1.000000,1.000000,0.000000,-0.094400
0.982625,0.998806,0.591899,1.000000,1.000000,0.000000,-0.094398
0.982597,0.998792,0.591316,1.000000,1.000000,0.000000,-0.094396
0.982570,0.998778,0.590733,1.000000,1.000000,0.000000,-0.094393
0.982542,0.998764,0.590151,1.000000,1.000000,0.000000,-0.094391
0.982514,0.998750,0.589570,1.000000,1.000000,0.000000,-0.094389
0.982486,0.998736,0.588989,1.000000,1.000000,0.000000,-0.094386
0.982458,0.998722,0.588409,1.000000,1.000000,0.000000,-0.094384
0.982430,0.998708,0.587830,1.000000,1.000000,0.000000,-0.094382
0.982402,0.998694,0.587251,1.000000,1.000000,0.000000,-0.094379
0.982375,0.998680,0.586672,1.000000,1.000000,0.000000,-0.094377
0.982347,0.998666,0.586095,1.000000,1.000000,0.000000,-0.094375
0.982319,0.998652,0.585518,1.000000,1.000000,0.000000,-0.094372
0.982291,0.998638,0.584942,1.000000,1.000000,0.000000,-0.094370
0.982263,0.998624,0.584366,1.000000,1.000000,0.000000,-0.094367
0.982235,0.998610,0.583790,1.000000,1.000000,0.000000,-0.094365
0.982207,0.998596,0.583216,1.000000,1.000000,0.000000,-0.094363
0.982180,0.998582,0.582642,1.000000,1.000000,0.000000,-0.094360
0.982152,0.998568,0.582069,1.000000,1.000000,0.000000,-0.094358
0.982124,0.998554,0.581496,1.000000,1.000000,0.000000,-0.094356
0.982096,0.998540,0.580924,1.000000,1.000000,0.000000,-0.094353
0.982068,0.998525,0.580353,1.000000,1.000000,0.000000,-0.094351
0.982040,0.998511,0.579782,1.000000,1.000000,0.000000,-0.094348
0.982012,0.998497,0.579212,1.000000,1.000000,0.000000,-0.094346
0.981985,0.998483,0.578642,1.000000,1.000000,0.000000,-0.094344
0.981957,0.998469,0.578073,1.000000,1.000000,0.000000,-0.094341
0.981929,0.998455,0.577505,1.000000,1.000000,0.000000,-0.094339
0.981901,0.998441,0.576937,1.000000,1.000000,0.000000,-0.094337
0.981873,0.998427,0.576370,1.000000,1.000000,0.000000,-0.094334
0.981845,0.998412,0.575804,1.000000,1.000000,0.000000,-0.094332
0.981817,0.998398,0.575238,1.000000,1.000000,0.000000,-0.094330
0.981790,0.998384,0.574673,1.000000,1.000000,0.000000,-0.094327
0.981762,0.998370,0.574108,1.000000,1.000000,0.000000,-0.094325
0.981734,0.998356,0.573544,1.000000,1.000000,0.000000,-0.094322
0.981706,0.998342,0.572981,1.000000,1.000000,0.000000,-0.094320
0.981678,0.998328,0.572418,1.000000,1.000000,0.000000,-0.094318
0.981650,0.998313,0.571856,1.000000,1.000000,0.000000,-0.094315
0.981622,0.998299,0.571295,1.000000,1.000000,0.000000,-0.094313
0.981595,0.998285,0.570734,1.000000,1.000000,0.000000,-0.094311
0.981567,0.998271,0.570174,1.000000,1.000000,0.000000,-0.094308
0.981539,0.998257,0.569615,1.000000,1.000000,0.000000,-0.094306
0.981511,0.998243,0.569056,1.000000,1.000000,0.000000,-0.094304
0.981483,0.998228,0.568498,1.000000,1.000000,0.000000,-0.094301
0.981455,0.998214,0.567940,1.000000,1.000000,0.000000,-0.094299
0.981428,0.998200,0.567384,1.000000,1.000000,0.000000,-0.094296
0.981400,0.998186,0.566827,1.000000,1.000000,0.000000,-0.094294
0.981372,0.998172,0.566272,1.000000,1.000000,0.000000,-0.094292
0.981344,0.998158,0.565717,1.000000,1.000000,0.000000,-0.094289
0.981316,0.998143,0.565163,1.000000,1.000000,0.000000,-0.094287
0.981288,0.998129,0.564599,1.000000,1.000000,0.000000,-0.094285
0.981260,0.998115,0.564033,1.000000,1.000000,0.000000,-0.094282
0.981233,0.998101,0.563466,1.000000,1.000000,0.000000,-0.094280
0.981205,0.998086,0.562900,1.000000,1.000000,0.000000,-0.094278
0.981177,0.998072,0.562334,1.000000,1.000000,0.000000,-0.094276
0.981149,0.998058,0.561769,1.000000,1.000000,0.000000,-0.094273
0.981121,0.998044,0.561204,1.000000,1.000000,0.000000,-0.094271
0.981093,0.998030,0.560641,1.000000,1.000000,0.000000,-0.094269
0.981065,0.998015,0.560078,1.000000,1.000000,0.000000,-0.094266
0.981038,0.998001,0.559516,1.000000,1.000000,0.000000,-0.094264
0.981010,0.997987,0.558954,1.000000,1.000000,0.000000,-0.094262
0.980982,0.997973,0.558393,1.000000,1.000000,0.000000,-0.094259
0.980954,0.997958,0.557833,1.000000,1.000000,0.000000,-0.094257
0.980926,0.997944,0.557274,1.000000,1.000000,0.000000,-0.094255
0.980898,0.997930,0.556715,1.000000,1.000000,0.000000,-0.094253
0.980871,0.997916,0.556158,1.000000,1.000000,0.000000,-0.094250
0.980843,0.997901,0.555601,1.000000,1.000000,0.000000,-0.094248
0.980815,0.997887,0.555045,1.000000,1.000000,0.000000,-0.094246
0.980787,0.997873,0.554489,1.000000,1.000000,0.000000,-0.094243
0.980759,0.997859,0.553934,1.000000,1.000000,0.000000,-0.094241
0.980731,0.997845,0.553381,1.000000,1.000000,0.000000,-0.094239
0.980704,0.997830,0.552827,1.000000,1.000000,0.000000,-0.094237
0.980676,0.997816,0.552275,1.000000,1.000000,0.000000,-0.094235
0.980648,0.997802,0.551723,1.000000,1.000000,0.000000,-0.094232
0.980620,0.997788,0.551173,1.000000,1.000000,0.000000,-0.094230
0.980592,0.997774,0.550623,1.000000,1.000000,0.000000,-0.094228
0.980564,0.997759,0.550073,1.000000,1.000000,0.000000,-0.094225
0.980537,0.997745,0.549525,1.000000,1.000000,0.000000,-0.094223
0.980509,0.997731,0.548977,1.000000,1.000000,0.000000,-0.094221
0.980481,0.997717,0.548430,1.000000,1.000000,0.000000,-0.094219
0.980453,0.997703,0.547884,1.000000,1.000000,0.000000,-0.094216
0.980425,0.997688,0.547338,1.000000,1.000000,0.000000,-0.094214
0.980397,0.997674,0.546794,1.000000,1.000000,0.000000,-0.094212
0.980370,0.997660,0.546250,1.000000,1.000000,0.000000,-0.094209
0.980342,0.997646,0.545707,1.000000,1.000000,0.000000,-0.094207
0.980314,0.997632,0.545165,1.000000,1.000000,0.000000,-0.094205
0.980286,0.997617,0.544623,1.000000,1.000000,0.000000,-0.094203
0.980258,0.997603,0.544083,1.000000,1.000000,0.000000,-0.094201
0.980230,0.997589,0.543543,1.000000,1.000000,0.000000,-0.094198
0.980203,0.997575,0.543004,1.000000,1.000000,0.000000,-0.094196
0.980175,0.997561,0.542466,1.000000,1.000000,0.000000,-0.094194
0.980147,0.997547,0.541928,1.000000,1.000000,0.000000,-0.094192
0.980119,0.997532,0.541392,1.000000,1.000000,0.000000,-0.094189
0.980091,0.997518,0.540856,1.000000,1.000000,0.000000,-0.094187
0.980063,0.997504,0.540321,1.000000,1.000000,0.000000,-0.094185
0.980036,0.997490,0.539787,1.000000,1.000000,0.000000,-0.094182
0.980008,0.997476,0.539253,1.000000,1.000000,0.000000,-0.094180
0.979980,0.997462,0.538720,1.000000,1.000000,0.000000,-0.094178
0.979952,0.997448,0.538189,1.000000,1.000000,0.000000,-0.094176
0.979924,0.997433,0.537658,1.000000,1.000000,0.000000,-0.094174
0.979896,0.997419,0.537127,1.000000,1.000000,0.000000,-0.094171
0.979869,0.997405,0.536598,1.000000,1.000000,0.000000,-0.094169
0.979841,0.997391,0.536070,1.000000,1.000000,0.000000,-0.094167
0.979813,0.997377,0.535542,1.000000,1.000000,0.000000,-0.094164
0.979785,0.997363,0.535015,1.000000,1.000000,0.000000,-0.094162
0.979757,0.997349,0.534489,1.000000,1.000000,0.000000,-0.094160
0.979729,0.997335,0.533964,1.000000,1.000000,0.000000,-0.094158
0.979702,0.997320,0.533440,1.000000,1.000000,0.000000,-0.094155
0.979674,0.997306,0.532916,1.000000,1.000000,0.000000,-0.094153
0.979646,0.997292,0.532394,1.000000,1.000000,0.000000,-0.094151
0.979618,0.997278,0.531872,1.000000,1.000000,0.000000,-0.094148
0.979590,0.997264,0.531351,1.000000,1.000000,0.000000,-0.094146
0.979563,0.997250,0.530831,1.000000,1.000000,0.000000,-0.094144
0.979535,0.997236,0.530311,1.000000,1.000000,0.000000,-0.094141
0.979507,0.997222,0.529793,1.000000,1.000000,0.000000,-0.094139
0.979479,0.997208,0.529275,1.000000,1.000000,0.000000,-0.094137
0.979451,0.997194,0.528759,1.000000,1.000000,0.000000,-0.094134
0.979423,0.997180,0.528243,1.000000,1.000000,0.000000,-0.094132
0.979395,0.997166,0.527728,1.000000,1.000000,0.000000,-0.094130
0.979368,0.997152,0.527213,1.000000,1.000000,0.000000,-0.094128
0.979340,0.997138,0.526700,1.000000,1.000000,0.000000,-0.094125
0.979312,0.997123,0.526187,1.000000,1.000000,0.000000,-0.094123
0.979284,0.997109,0.525675,1.000000,1.000000,0.000000,-0.094121
0.979256,0.997095,0.525164,1.000000,1.000000,0.000000,-0.094118
0.979228,0.997081,0.524653,1.000000,1.000000,0.000000,-0.094116
0.979201,0.997067,0.524144,1.000000,1.000000,0.000000,-0.094114
0.979173,0.997053,0.523635,1.000000,1.000000,0.000000,-0.094112
0.979145,0.997039,0.523127,1.000000,1.000000,0.000000,-0.094109
0.979117,0.997025,0.522619,1.000000,1.000000,0.000000,-0.094107
0.979089,0.997011,0.522113,1.000000,1.000000,0.000000,-0.094105
0.979062,0.996997,0.521607,1.000000,1.000000,0.000000,-0.094102
0.979034,0.996983,0.521102,1.000000,1.000000,0.000000,-0.094100
0.979006,0.996969,0.520598,1.000000,1.000000,0.000000,-0.094098
0.978978,0.996955,0.520095,1.000000,1.000000,0.000000,-0.094096
0.978950,0.996941,0.519592,1.000000,1.000000,0.000000,-0.094094
0.978922,0.996927,0.519090,1.000000,1.000000,0.000000,-0.094091
0.978895,0.996913,0.518589,1.000000,1.000000,0.000000,-0.094089
0.978867,0.996899,0.518089,1.000000,1.000000,0.000000,-0.094087
0.978839,0.996885,0.517589,1.000000,1.000000,0.000000,-0.094085
0.978811,0.996871,0.517090,1.000000,1.000000,0.000000,-0.094082
0.978783,0.996857,0.516592,1.000000,1.000000,0.000000,-0.094080
0.978756,0.996843,0.516095,1.000000,1.000000,0.000000,-0.094078
0.978728,0.996829,0.515598,1.000000,1.000000,0.000000,-0.094076
0.978700,0.996815,0.515102,1.000000,1.000000,0.000000,-0.094074
0.978672,0.996801,0.514606,1.000000,1.000000,0.000000,-0.094071
0.978644,0.996787,0.514112,1.000000,1.000000,0.000000,-0.094069
0.978617,0.996773,0.513618,1.000000,1.000000,0.000000,-0.094067
0.978589,0.996759,0.513125,1.000000,1.000000,0.000000,-0.094064
0.978561,0.996745,0.512633,1.000000,1.000000,0.000000,-0.094063
0.978533,0.996731,0.512141,1.000000,1.000000,0.000000,-0.094060
0.978505,0.996717,0.511650,1.000000,1.000000,0.000000,-0.094058
0.978478,0.996704,0.511160,1.000000,1.000000,0.000000,-0.094056
0.978450,0.996689,0.510670,1.000000,1.000000,0.000000,-0.094054
0.978422,0.996675,0.510182,1.000000,1.000000,0.000000,-0.094051
0.978394,0.996661,0.509693,1.000000,1.000000,0.000000,-0.094049
0.978366,0.996647,0.509206,1.000000,1.000000,0.000000,-0.094047
0.978339,0.996634,0.508719,1.000000,1.000000,0.000000,-0.094046
0.978311,0.996620,0.508233,1.000000,1.000000,0.000000,-0.094043
0.978283,0.996606,0.507748,1.000000,1.000000,0.000000,-0.094038
0.978255,0.996592,0.507263,1.000000,1.000000,0.000000,-0.094034
0.978227,0.996578,0.506779,1.000000,1.000000,0.000000,-0.094030
0.978199,0.996564,0.506295,1.000000,1.000000,0.000000,-0.094027
0.978172,0.996550,0.505812,1.000000,1.000000,0.000000,-0.094024
0.978144,0.996536,0.505330,1.000000,1.000000,0.000000,-0.094021
0.978116,0.996522,0.504849,1.000000,1.000000,0.000000,-0.094018
0.978088,0.996508,0.504368,1.000000,1.000000,0.000000,-0.094015
0.978060,0.996494,0.503888,1.000000,1.000000,0.000000,-0.094012
0.978033,0.996480,0.503408,1.000000,1.000000,0.000000,-0.094009
0.978005,0.996466,0.502929,1.000000,1.000000,0.000000,-0.094007
0.977977,0.996452,0.502451,1.000000,1.000000,0.000000,-0.094004
0.977949,0.996438,0.501973,1.000000,1.000000,0.000000,-0.094002
0.977921,0.996424,0.501496,1.000000,1.000000,0.000000,-0.094000
0.977894,0.996410,0.501020,1.000000,1.000000,0.000000,-0.093998
0.977866,0.996396,0.500544,1.000000,1.000000,0.000000,-0.093995
0.977838,0.996382,0.500069,1.000000,1.000000,0.000000,-0.093993
0.977810,0.996368,0.499594,1.000000,1.000000,0.000000,-0.093991
0.977782,0.996354,0.499120,1.000000,1.000000,0.000000,-0.093989
0.977755,0.996340,0.498646,1.000000,1.000000,0.000000,-0.093987
0.977727,0.996326,0.498173,1.000000,1.000000,0.000000,-0.093985
0.977699,0.996312,0.497701,1.000000,1.000000,0.000000,-0.093982
0.977671,0.996298,0.497229,1.000000,1.000000,0.000000,-0.093980
0.977643,0.996284,0.496757,1.000000,1.000000,0.000000,-0.093978
0.977616,0.996270,0.496286,1.000000,1.000000,0.000000,-0.093976
0.977588,0.996256,0.495816,1.000000,1.000000,0.000000,-0.093974
0.977560,0.996242,0.495345,1.000000,1.000000,0.000000,-0.093972
0.977532,0.996228,0.494876,1.000000,1.000000,0.000000,-0.093970
0.977504,0.996214,0.494406,1.000000,1.000000,0.000000,-0.093968
0.977477,0.996200,0.493937,1.000000,1.000000,0.000000,-0.093966
0.977449,0.996186,0.493469,1.000000,1.000000,0.000000,-0.093964
0.977421,0.996172,0.493001,1.000000,1.000000,0.000000,-0.093961
0.977393,0.996158,0.492533,1.000000,1.000000,0.000000,-0.093959
0.977365,0.996144,0.492066,1.000000,1.000000,0.000000,-0.093957
0.977338,0.996130,0.491599,1.000000,1.000000,0.000000,-0.093955
0.977310,0.996116,0.491132,1.000000,1.000000,0.000000,-0.093953
0.977282,0.996102,0.490666,1.000000,1.000000,0.000000,-0.093951
0.977254,0.996088,0.490200,1.000000,1.000000,0.000000,-0.093948
0.977226,0.996074,0.489734,1.000000,1.000000,0.000000,-0.093946
0.977199,0.996060,0.489269,1.000000,1.000000,0.000000,-0.093944
0.977171,0.996046,0.488803,1.000000,1.000000,0.000000,-0.093942
0.977143,0.996033,0.488338,1.000000,1.000000,0.000000,-0.093940
0.977115,0.996019,0.487874,1.000000,1.000000,0.000000,-0.093937
0.977087,0.996005,0.487409,1.000000,1.000000,0.000000,-0.093935
0.977060,0.995991,0.486945,1.000000,1.000000,0.000000,-0.093933
0.977032,0.995977,0.486481,1.000000,1.000000,0.000000,-0.093931
0.977004,0.995963,0.486017,1.000000,1.000000,0.000000,-0.093928
0.976976,0.995949,0.485553,1.000000,1.000000,0.000000,-0.093926
0.976948,0.995935,0.485090,1.000000,1.000000,0.000000,-0.093924
0.976921,0.995921,0.484627,1.000000,1.000000,0.000000,-0.093922
0.976893,0.995907,0.484164,1.000000,1.000000,0.000000,-0.093920
0.976865,0.995893,0.483701,1.000000,1.000000,0.000000,-0.093917
0.976837,0.995879,0.483238,1.000000,1.000000,0.000000,-0.093915
0.976810,0.995866,0.482776,1.000000,1.000000,0.000000,-0.093913
0.976782,0.995852,0.482313,1.000000,1.000000,0.000000,-0.093911
0.976754,0.995838,0.481851,1.000000,1.000000,0.000000,-0.093908
0.976726,0.995824,0.481389,1.000000,1.000000,0.000000,-0.093906
0.976698,0.995810,0.480927,1.000000,1.000000,0.000000,-0.093904
0.976671,0.995796,0.480465,1.000000,1.000000,0.000000,-0.093902
0.976643,0.995782,0.480004,1.000000,1.000000,0.000000,-0.093899
0.976615,0.995768,0.479542,1.000000,1.000000,0.000000,-0.093897
0.976587,0.995755,0.479081,1.000000,1.000000,0.000000,-0.093895
0.976559,0.995741,0.478619,1.000000,1.000000,0.000000,-0.093893
0.976532,0.995727,0.478158,1.000000,1.000000,0.000000,-0.093891
0.976504,0.995713,0.477697,1.000000,1.000000,0.000000,-0.093888
0.976476,0.995699,0.477236,1.000000,1.000000,0.000000,-0.093886
0.976448,0.995685,0.476775,1.000000,1.000000,0.000000,-0.093884
0.976420,0.995672,0.476314,1.000000,1.000000,0.000000,-0.093882
0.976393,0.995658,0.475853,1.000000,1.000000,0.000000,-0.093880
0.976365,0.995644,0.475392,1.000000,1.000000,0.000000,-0.093877
0.976337,0.995630,0.474932,1.000000,1.000000,0.000000,-0.093875
0.976309,0.995616,0.474471,1.000000,1.000000,0.000000,-0.093873
0.976282,0.995603,0.474010,1.000000,1.000000,0.000000,-0.093871
0.976254,0.995589,0.473549,1.000000,1.000000,0.000000,-0.093869
0.976226,0.995575,0.473089,1.000000,1.000000,0.000000,-0.093866
0.976198,0.995561,0.472628,1.000000,1.000000,0.000000,-0.093864
0.976171,0.995548,0.472168,1.000000,1.000000,0.000000,-0.093862
0.976143,0.995534,0.471707,1.000000,1.000000,0.000000,-0.093860
0.976115,0.995520,0.471247,1.000000,1.000000,0.000000,-0.093858
0.976087,0.995506,0.470786,1.000000,1.000000,0.000000,-0.093856
0.976059,0.995493,0.470326,1.000000,1.000000,0.000000,-0.093853
0.976032,0.995479,0.469865,1.000000,1.000000,0.000000,-0.093851
0.976004,0.995465,0.469405,1.000000,1.000000,0.000000,-0.093849
0.975976,0.995452,0.468945,1.000000,1.000000,0.000000,-0.093847
0.975948,0.995438,0.468485,1.000000,1.000000,0.000000,-0.093845
0.975920,0.995424,0.468024,1.000000,1.000000,0.000000,-0.093842
0.975893,0.995411,0.467564,1.000000,1.000000,0.000000,-0.093840
0.975865,0.995397,0.467104,1.000000,1.000000,0.000000,-0.093838
0.975837,0.995384,0.466644,1.000000,1.000000,0.000000,-0.093836
0.975809,0.995370,0.466184,1.000000,1.000000,0.000000,-0.093834
0.975782,0.995356,0.465723,1.000000,1.000000,0.000000,-0.093832
0.975754,0.995343,0.465263,1.000000,1.000000,0.000000,-0.093829
0.975726,0.995329,0.464802,1.000000,1.000000,0.000000,-0.093827
0.975698,0.995316,0.464342,1.000000,1.000000,0.000000,-0.093825
0.975670,0.995302,0.463882,1.000000,1.000000,0.000000,-0.093823
0.975643,0.995289,0.463421,1.000000,1.000000,0.000000,-0.093821
0.975615,0.995275,0.462961,1.000000,1.000000,0.000000,-0.093818
0.975587,0.995261,0.462500,1.000000,1.000000,0.000000,-0.093816
0.975559,0.995248,0.462040,1.000000,1.000000,0.000000,-0.093814
0.975532,0.995234,0.461580,1.000000,1.000000,0.000000,-0.093812
0.975504,0.995221,0.461119,1.000000,1.000000,0.000000,-0.093810
0.975476,0.995207,0.460658,1.000000,1.000000,0.000000,-0.093808
0.975448,0.995194,0.460198,1.000000,1.000000,0.000000,-0.093806
0.975421,0.995181,0.459737,1.000000,1.000000,0.000000,-0.093803
0.975393,0.995167,0.459277,1.000000,1.000000,0.000000,-0.093801
0.975365,0.995154,0.458816,1.000000,1.000000,0.000000,-0.093799
0.975337,0.995140,0.458356,1.000000,1.000000,0.000000,-0.093797
0.975309,0.995127,0.457895,1.000000,1.000000,0.000000,-0.093795
0.975282,0.995113,0.457435,1.000000,1.000000,0.000000,-0.093793
0.975254,0.995100,0.456975,1.000000,1.000000,0.000000,-0.093790
0.975226,0.995087,0.456514,1.000000,1.000000,0.000000,-0.093788
0.975198,0.995073,0.456054,1.000000,1.000000,0.000000,-0.093786
0.975171,0.995060,0.455594,1.000000,1.000000,0.000000,-0.093784
0.975143,0.995046,0.455134,1.000000,1.000000,0.000000,-0.093782
0.975115,0.995033,0.454674,1.000000,1.000000,0.000000,-0.093780
0.975087,0.995020,0.454213,1.000000,1.000000,0.000000,-0.093777
0.975059,0.995006,0.453753,1.000000,1.000000,0.000000,-0.093775
0.975032,0.994993,0.453293,1.000000,1.000000,0.000000,-0.093772
0.975004,0.994980,0.452833,1.000000,1.000000,0.000000,-0.093769
0.974976,0.994966,0.452372,1.000000,1.000000,0.000000,-0.093767
0.974948,0.994953,0.451912,1.000000,1.000000,0.000000,-0.093765
0.974921,0.994940,0.451452,1.000000,1.000000,0.000000,-0.093763
0.974893,0.994926,0.450992,1.000000,1.000000,0.000000,-0.093761
0.974865,0.994913,0.450532,1.000000,1.000000,0.000000,-0.093759
0.974837,0.994900,0.450071,1.000000,1.000000,0.000000,-0.093757
0.974810,0.994886,0.449611,1.000000,1.000000,0.000000,-0.093755
0.974782,0.994873,0.449151,1.000000,1.000000,0.000000,-0.093752
0.974754,0.994860,0.448691,1.000000,1.000000,0.000000,-0.093751
0.974726,0.994846,0.448230,1.000000,1.000000,0.000000,-0.093748
0.974699,0.994833,0.447770,1.000000,1.000000,0.000000,-0.093746
0.974671,0.994820,0.447310,1.000000,1.000000,0.000000,-0.093744
0.974643,0.994806,0.446850,1.000000,1.000000,0.000000,-0.093743
0.974615,0.994793,0.446390,1.000000,1.000000,0.000000,-0.093741
0.974588,0.994780,0.445930,1.000000,1.000000,0.000000,-0.093739
0.974560,0.994766,0.445470,1.000000,1.000000,0.000000,-0.093737
0.974532,0.994753,0.445011,1.000000,1.000000,0.000000,-0.093734
0.974504,0.994740,0.444551,1.000000,1.000000,0.000000,-0.093733
0.974477,0.994727,0.444092,1.000000,1.000000,0.000000,-0.093731
0.974449,0.994713,0.443633,1.000000,1.000000,0.000000,-0.093729
0.974421,0.994700,0.443174,1.000000,1.000000,0.000000,-0.093727
0.974393,0.994687,0.442715,1.000000,1.000000,0.000000,-0.093725
0.974365,0.994673,0.442257,1.000000,1.000000,0.000000,-0.093723
0.974338,0.994660,0.441798,1.000000,1.000000,0.000000,-0.093721
0.974310,0.994647,0.441340,1.000000,1.000000,0.000000,-0.093719
0.974282,0.994634,0.440882,1.000000,1.000000,0.000000,-0.093717
0.974254,0.994620,0.440424,1.000000,1.000000,0.000000,-0.093715
0.974227,0.994607,0.439966,1.000000,1.000000,0.000000,-0.093713
0.974199,0.994594,0.439508,1.000000,1.000000,0.000000,-0.093711
0.974171,0.994581,0.439051,1.000000,1.000000,0.000000,-0.093709
0.974143,0.994567,0.438594,1.000000,1.000000,0.000000,-0.093707
0.974116,0.994554,0.438137,1.000000,1.000000,0.000000,-0.093704
0.974088,0.994541,0.437680,1.000000,1.000000,0.000000,-0.093702
0.974060,0.994528,0.437224,1.000000,1.000000,0.000000,-0.093700
0.974032,0.994514,0.436768,1.000000,1.000000,0.000000,-0.093698
0.974005,0.994501,0.436312,1.000000,1.000000,0.000000,-0.093696
0.973977,0.994488,0.435856,1.000000,1.000000,0.000000,-0.093693
0.973949,0.994475,0.435401,1.000000,1.000000,0.000000,-0.093691
0.973921,0.994461,0.434946,1.000000,1.000000,0.000000,-0.093689
0.973894,0.994448,0.434491,1.000000,1.000000,0.000000,-0.093687
0.973866,0.994435,0.434037,1.000000,1.000000,0.000000,-0.093684
0.973838,0.994422,0.433583,1.000000,1.000000,0.000000,-0.093681
0.973810,0.994409,0.433129,1.000000,1.000000,0.000000,-0.093679
0.973783,0.994395,0.432676,1.000000,1.000000,0.000000,-0.093677
0.973755,0.994382,0.432223,1.000000,1.000000,0.000000,-0.093675
0.973727,0.994369,0.431770,1.000000,1.000000,0.000000,-0.093672
0.973699,0.994356,0.431318,1.000000,1.000000,0.000000,-0.093670
0.973672,0.994343,0.430866,1.000000,1.000000,0.000000,-0.093667
0.973644,0.994329,0.430414,1.000000,1.000000,0.000000,-0.093665
0.973616,0.994316,0.429963,1.000000,1.000000,0.000000,-0.093663
0.973588,0.994303,0.429513,1.000000,1.000000,0.000000,-0.093660
0.973561,0.994290,0.429062,1.000000,1.000000,0.000000,-0.093658
0.973533,0.994276,0.428612,1.000000,1.000000,0.000000,-0.093656
0.973505,0.994263,0.428163,1.000000,1.000000,0.000000,-0.093654
0.973477,0.994250,0.427714,1.000000,1.000000,0.000000,-0.093651
0.973450,0.994237,0.427266,1.000000,1.000000,0.000000,-0.093649
0.973422,0.994224,0.426818,1.000000,1.000000,0.000000,-0.093647
0.973394,0.994211,0.426370,1.000000,1.000000,0.000000,-0.093645
0.973366,0.994197,0.425923,1.000000,1.000000,0.000000,-0.093642
0.973339,0.994184,0.425476,1.000000,1.000000,0.000000,-0.093640
0.973311,0.994171,0.425030,1.000000,1.000000,0.000000,-0.093638
0.973283,0.994158,0.424585,1.000000,1.000000,0.000000,-0.093635
0.973255,0.994145,0.424139,1.000000,1.000000,0.000000,-0.093633
0.973228,0.994132,0.423695,1.000000,1.000000,0.000000,-0.093631
0.973200,0.994119,0.423251,1.000000,1.000000,0.000000,-0.093629
0.973172,0.994106,0.422807,1.000000,1.000000,0.000000,-0.093627
0.973144,0.994092,0.422364,1.000000,1.000000,0.000000,-0.093624
0.973117,0.994079,0.421922,1.000000,1.000000,0.000000,-0.093622
0.973089,0.994066,0.421480,1.000000,1.000000,0.000000,-0.093620
0.973061,0.994053,0.421039,1.000000,1.000000,0.000000,-0.093618
0.973033,0.994040,0.420598,1.000000,1.000000,0.000000,-0.093616
0.973006,0.994027,0.420158,1.000000,1.000000,0.000000,-0.093613
0.972978,0.994014,0.419718,1.000000,1.000000,0.000000,-0.093611
0.972950,0.994001,0.419279,1.000000,1.000000,0.000000,-0.093609
0.972922,0.993988,0.418840,1.000000,1.000000,0.000000,-0.093607
0.972895,0.993975,0.418402,1.000000,1.000000,0.000000,-0.093604
0.972867,0.993962,0.417965,1.000000,1.000000,0.000000,-0.093602
0.972839,0.993949,0.417528,1.000000,1.000000,0.000000,-0.093600
0.972812,0.993936,0.417092,1.000000,1.000000,0.000000,-0.093598
0.972784,0.993923,0.416656,1.000000,1.000000,0.000000,-0.093596
0.972756,0.993910,0.416221,1.000000,1.000000,0.000000,-0.093593
0.972728,0.993897,0.415786,1.000000,1.000000,0.000000,-0.093591
0.972701,0.993884,0.415352,1.000000,1.000000,0.000000,-0.093589
0.972673,0.993871,0.414918,1.000000,1.000000,0.000000,-0.093587
0.972645,0.993858,0.414485,1.000000,1.000000,0.000000,-0.093585
0.972617,0.993845,0.414053,1.000000,1.000000,0.000000,-0.093582
0.972590,0.993832,0.413621,1.000000,1.000000,0.000000,-0.093580
0.972562,0.993819,0.413190,1.000000,1.000000,0.000000,-0.093578
0.972534,0.993806,0.412759,1.000000,1.000000,0.000000,-0.093575
0.972506,0.993793,0.412329,1.000000,1.000000,0.000000,-0.093574
0.972479,0.993780,0.411900,1.000000,1.000000,0.000000,-0.093571
0.972451,0.993768,0.411471,1.000000,1.000000,0.000000,-0.093569
0.972423,0.993741,0.411042,1.000000,1.000000,0.000000,-0.093567
0.972396,0.993711,0.410614,1.000000,1.000000,0.000000,-0.093564
0.972368,0.993679,0.410187,1.000000,1.000000,0.000000,-0.093562
0.972340,0.993647,0.409760,1.000000,1.000000,0.000000,-0.093560
0.972312,0.993614,0.409334,1.000000,1.000000,0.000000,-0.093558
0.972285,0.993582,0.408909,1.000000,1.000000,0.000000,-0.093556
0.972257,0.993550,0.408484,1.000000,1.000000,0.000000,-0.093554
0.972229,0.993517,0.408060,1.000000,1.000000,0.000000,-0.093551
0.972201,0.993485,0.407636,1.000000,1.000000,0.000000,-0.093549
0.972174,0.993452,0.407213,1.000000,1.000000,0.000000,-0.093547
0.972146,0.993420,0.406790,1.000000,1.000000,0.000000,-0.093545
0.972118,0.993388,0.406368,1.000000,1.000000,0.000000,-0.093543
0.972090,0.993355,0.405946,1.000000,1.000000,0.000000,-0.093540
0.972063,0.993323,0.405526,1.000000,1.000000,0.000000,-0.093538
0.972035,0.993290,0.405105,1.000000,1.000000,0.000000,-0.093536
0.972007,0.993258,0.404685,1.000000,1.000000,0.000000,-0.093534
0.971980,0.993225,0.404266,1.000000,1.000000,0.000000,-0.093532
0.971952,0.993193,0.403848,1.000000,1.000000,0.000000,-0.093530
0.971924,0.993161,0.403430,1.000000,1.000000,0.000000,-0.093527
0.971896,0.993128,0.403012,1.000000,1.000000,0.000000,-0.093525
0.971869,0.993096,0.402595,1.000000,1.000000,0.000000,-0.093522
0.971841,0.993063,0.402179,1.000000,1.000000,0.000000,-0.093520
0.971813,0.993031,0.401763,1.000000,1.000000,0.000000,-0.093517
0.971785,0.992999,0.401347,1.000000,1.000000,0.000000,-0.093514
0.971758,0.992966,0.400933,1.000000,1.000000,0.000000,-0.093512
0.971730,0.992934,0.400519,1.000000,1.000000,0.000000,-0.093509
0.971702,0.992901,0.400105,1.000000,1.000000,0.000000,-0.093507
0.971675,0.992869,0.399692,1.000000,1.000000,0.000000,-0.093504
0.971647,0.992837,0.399280,1.000000,1.000000,0.000000,-0.093502
0.971619,0.992804,0.398868,1.000000,1.000000,0.000000,-0.093499
0.971591,0.992772,0.398457,1.000000,1.000000,0.000000,-0.093497
0.971564,0.992740,0.398046,1.000000,1.000000,0.000000,-0.093495
0.971536,0.992707,0.397636,1.000000,1.000000,0.000000,-0.093492
0.971508,0.992675,0.397227,1.000000,1.000000,0.000000,-0.093490
0.971481,0.992643,0.396818,1.000000,1.000000,0.000000,-0.093488
0.971453,0.992610,0.396410,1.000000,1.000000,0.000000,-0.093486
0.971425,0.992578,0.396003,1.000000,1.000000,0.000000,-0.093484
0.971397,0.992545,0.395596,1.000000,1.000000,0.000000,-0.093483
0.971370,0.992513,0.395190,1.000000,1.000000,0.000000,-0.093480
0.971342,0.992481,0.394784,1.000000,1.000000,0.000000,-0.093477
0.971314,0.992448,0.394379,1.000000,1.000000,0.000000,-0.093474
0.971287,0.992416,0.393974,1.000000,1.000000,0.000000,-0.093472
0.971259,0.992384,0.393571,1.000000,1.000000,0.000000,-0.093469
0.971231,0.992351,0.393167,1.000000,1.000000,0.000000,-0.093467
0.971203,0.992319,0.392765,1.000000,1.000000,0.000000,-0.093465
0.971176,0.992287,0.392362,1.000000,1.000000,0.000000,-0.093462
0.971148,0.992254,0.391961,1.000000,1.000000,0.000000,-0.093460
0.971120,0.992222,0.391559,1.000000,1.000000,0.000000,-0.093458
0.971093,0.992190,0.391159,1.000000,1.000000,0.000000,-0.093456
0.971065,0.992157,0.390759,1.000000,1.000000,0.000000,-0.093454
0.971037,0.992125,0.390359,1.000000,1.000000,0.000000,-0.093452
0.971009,0.992093,0.389960,1.000000,1.000000,0.000000,-0.093450
0.970982,0.992060,0.389561,1.000000,1.000000,0.000000,-0.093448
0.970954,0.992028,0.389163,1.000000,1.000000,0.000000,-0.093446
0.970926,0.991996,0.388766,1.000000,1.000000,0.000000,-0.093444
0.970898,0.991964,0.388368,1.000000,1.000000,0.000000,-0.093442
0.970871,0.991931,0.387972,1.000000,1.000000,0.000000,-0.093440
0.970843,0.991899,0.387575,1.000000,1.000000,0.000000,-0.093438
0.970815,0.991866,0.387180,1.000000,1.000000,0.000000,-0.093436
0.970788,0.991834,0.386784,1.000000,1.000000,0.000000,-0.093434
0.970760,0.991802,0.386389,1.000000,1.000000,0.000000,-0.093432
0.970732,0.991770,0.385994,1.000000,1.000000,0.000000,-0.093430
0.970704,0.991737,0.385600,1.000000,1.000000,0.000000,-0.093428
0.970677,0.991705,0.385206,1.000000,1.000000,0.000000,-0.093426
0.970649,0.991673,0.384812,1.000000,1.000000,0.000000,-0.093424
0.970621,0.991640,0.384418,1.000000,1.000000,0.000000,-0.093422
0.970594,0.991608,0.384025,1.000000,1.000000,0.000000,-0.093420
0.970566,0.991576,0.383632,1.000000,1.000000,0.000000,-0.093418
0.970538,0.991543,0.383240,1.000000,1.000000,0.000000,-0.093416
0.970511,0.991511,0.382847,1.000000,1.000000,0.000000,-0.093414
0.970483,0.991479,0.382455,1.000000,1.000000,0.000000,-0.093412
0.970455,0.991446,0.382063,1.000000,1.000000,0.000000,-0.093410
0.970427,0.991414,0.381671,1.000000,1.000000,0.000000,-0.093408
0.970400,0.991382,0.381280,1.000000,1.000000,0.000000,-0.093406
0.970372,0.991350,0.380888,1.000000,1.000000,0.000000,-0.093404
0.970344,0.991317,0.380497,1.000000,1.000000,0.000000,-0.093402
0.970317,0.991285,0.380106,1.000000,1.000000,0.000000,-0.093400
0.970289,0.991253,0.379716,1.000000,1.000000,0.000000,-0.093398
0.970261,0.991220,0.379325,1.000000,1.000000,0.000000,-0.093396
0.970234,0.991188,0.378935,1.000000,1.000000,0.000000,-0.093394
0.970206,0.991156,0.378545,1.000000,1.000000,0.000000,-0.093392
0.970178,0.991124,0.378155,1.000000,1.000000,0.000000,-0.093389
0.970150,0.991091,0.377765,1.000000,1.000000,0.000000,-0.093387
0.970123,0.991059,0.377375,1.000000,1.000000,0.000000,-0.093386
0.970095,0.991027,0.376985,1.000000,1.000000,0.000000,-0.093383
0.970067,0.990995,0.376596,1.000000,1.000000,0.000000,-0.093381
0.970040,0.990963,0.376206,1.000000,1.000000,0.000000,-0.093379
0.970012,0.990931,0.375817,1.000000,1.000000,0.000000,-0.093377
0.969984,0.990898,0.375428,1.000000,1.000000,0.000000,-0.093375
0.969956,0.990866,0.375039,1.000000,1.000000,0.000000,-0.093373
0.969929,0.990834,0.374650,1.000000,1.000000,0.000000,-0.093371
0.969901,0.990802,0.374261,1.000000,1.000000,0.000000,-0.093369
0.969873,0.990770,0.373872,1.000000,1.000000,0.000000,-0.093367
0.969846,0.990738,0.373483,1.000000,1.000000,0.000000,-0.093365
0.969818,0.990706,0.373094,1.000000,1.000000,0.000000,-0.093363
0.969790,0.990674,0.372706,1.000000,1.000000,0.000000,-0.093361
0.969763,0.990642,0.372317,1.000000,1.000000,0.000000,-0.093358
0.969735,0.990610,0.371928,1.000000,1.000000,0.000000,-0.093356
0.969707,0.990578,0.371540,1.000000,1.000000,0.000000,-0.093354
0.969679,0.990546,0.371151,1.000000,1.000000,0.000000,-0.093352
0.969652,0.990514,0.370763,1.000000,1.000000,0.000000,-0.093350
0.969624,0.990482,0.370374,1.000000,1.000000,0.000000,-0.093347
0.969596,0.990450,0.369986,1.000000,1.000000,0.000000,-0.093345
0.969569,0.990418,0.369597,1.000000,1.000000,0.000000,-0.093344
0.969541,0.990386,0.369209,1.000000,1.000000,0.000000,-0.093341
0.969513,0.990354,0.368821,1.000000,1.000000,0.000000,-0.093339
0.969486,0.990322,0.368433,1.000000,1.000000,0.000000,-0.093338
0.969458,0.990291,0.368044,1.000000,1.000000,0.000000,-0.093336
0.969430,0.990259,0.367656,1.000000,1.000000,0.000000,-0.093334
0.969403,0.990227,0.367268,1.000000,1.000000,0.000000,-0.093331
0.969375,0.990195,0.366881,1.000000,1.000000,0.000000,-0.093329
0.969347,0.990163,0.366493,1.000000,1.000000,0.000000,-0.093328
0.969319,0.990132,0.366105,1.000000,1.000000,0.000000,-0.093326
0.969292,0.990100,0.365717,1.000000,1.000000,0.000000,-0.093324
0.969264,0.990068,0.365329,1.000000,1.000000,0.000000,-0.093322
0.969236,0.990036,0.364941,1.000000,1.000000,0.000000,-0.093320
0.969209,0.990005,0.364554,1.000000,1.000000,0.000000,-0.093318
0.969181,0.989973,0.364166,1.000000,1.000000,0.000000,-0.093316
0.969153,0.989942,0.363779,1.000000,1.000000,0.000000,-0.093314
0.969126,0.989910,0.363391,1.000000,1.000000,0.000000,-0.093312
0.969098,0.989879,0.363004,1.000000,1.000000,0.000000,-0.093309
0.969070,0.989847,0.362617,1.000000,1.000000,0.000000,-0.093308
0.969042,0.989815,0.362230,1.000000,1.000000,0.000000,-0.093306
0.969015,0.989784,0.361843,1.000000,1.000000,0.000000,-0.093303
0.968987,0.989752,0.361456,1.000000,1.000000,0.000000,-0.093301
0.968960,0.989721,0.361069,1.000000,1.000000,0.000000,-0.093300
0.968932,0.989690,0.360682,1.000000,1.000000,0.000000,-0.093297
0.968904,0.989658,0.360296,1.000000,1.000000,0.000000,-0.093295
0.968876,0.989627,0.359909,1.000000,1.000000,0.000000,-0.093293
0.968849,0.989595,0.359523,1.000000,1.000000,0.000000,-0.093291
0.968821,0.989564,0.359137,1.000000,1.000000,0.000000,-0.093289
0.968793,0.989533,0.358751,1.000000,1.000000,0.000000,-0.093287
0.968766,0.989501,0.358365,1.000000,1.000000,0.000000,-0.093285
0.968738,0.989470,0.357979,1.000000,1.000000,0.000000,-0.093283
0.968710,0.989439,0.357594,1.000000,1.000000,0.000000,-0.093280
0.968683,0.989408,0.357209,1.000000,1.000000,0.000000,-0.093278
0.968655,0.989376,0.356824,1.000000,1.000000,0.000000,-0.093276
0.968627,0.989345,0.356439,1.000000,1.000000,0.000000,-0.093274
0.968599,0.989314,0.356054,1.000000,1.000000,0.000000,-0.093272
0.968572,0.989283,0.355669,1.000000,1.000000,0.000000,-0.093270
0.968544,0.989252,0.355285,1.000000,1.000000,0.000000,-0.093267
0.968517,0.989221,0.354901,1.000000,1.000000,0.000000,-0.093265
0.968489,0.989190,0.354517,1.000000,1.000000,0.000000,-0.093263
0.968461,0.989159,0.354133,1.000000,1.000000,0.000000,-0.093261
0.968433,0.989127,0.353750,1.000000,1.000000,0.000000,-0.093259
0.968406,0.989096,0.353366,1.000000,1.000000,0.000000,-0.093256
0.968378,0.989066,0.352983,1.000000,1.000000,0.000000,-0.093254
0.968350,0.989035,0.352601,1.000000,1.000000,0.000000,-0.093252
0.968323,0.989004,0.352218,1.000000,1.000000,0.000000,-0.093249
0.968295,0.988973,0.351836,1.000000,1.000000,0.000000,-0.093247
0.968267,0.988942,0.351454,1.000000,1.000000,0.000000,-0.093245
0.968240,0.988911,0.351072,1.000000,1.000000,0.000000,-0.093242
0.968212,0.988880,0.350691,1.000000,1.000000,0.000000,-0.093240
0.968184,0.988849,0.350310,1.000000,1.000000,0.000000,-0.093238
0.968157,0.988819,0.349929,1.000000,1.000000,0.000000,-0.093235
0.968129,0.988788,0.349549,1.000000,1.000000,0.000000,-0.093233
0.968101,0.988757,0.349168,1.000000,1.000000,0.000000,-0.093231
0.968074,0.988727,0.348789,1.000000,1.000000,0.000000,-0.093229
0.968046,0.988696,0.348409,1.000000,1.000000,0.000000,-0.093226
0.968018,0.988665,0.348030,1.000000,1.000000,0.000000,-0.093224
0.967991,0.988635,0.347652,1.000000,1.000000,0.000000,-0.093222
0.967963,0.988604,0.347273,1.000000,1.000000,0.000000,-0.093220
0.967935,0.988574,0.346895,1.000000,1.000000,0.000000,-0.093217
0.967908,0.988543,0.346518,1.000000,1.000000,0.000000,-0.093215
0.967880,0.988513,0.346140,1.000000,1.000000,0.000000,-0.093213
0.967852,0.988482,0.345764,1.000000,1.000000,0.000000,-0.093211
0.967825,0.988452,0.345387,1.000000,1.000000,0.000000,-0.093209
0.967797,0.988421,0.345011,1.000000,1.000000,0.000000,-0.093206
0.967769,0.988391,0.344636,1.000000,1.000000,0.000000,-0.093204
0.967742,0.988361,0.344260,1.000000,1.000000,0.000000,-0.093202
0.967714,0.988330,0.343885,1.000000,1.000000,0.000000,-0.093200
0.967686,0.988300,0.343511,1.000000,1.000000,0.000000,-0.093198
0.967658,0.988270,0.343137,1.000000,1.000000,0.000000,-0.093196
0.967631,0.988240,0.342764,1.000000,1.000000,0.000000,-0.093194
0.967603,0.988210,0.342391,1.000000,1.000000,0.000000,-0.093191
0.967576,0.988179,0.342018,1.000000,1.000000,0.000000,-0.093190
0.967548,0.988149,0.341646,1.000000,1.000000,0.000000,-0.093187
0.967520,0.988119,0.341274,1.000000,1.000000,0.000000,-0.093185
0.967492,0.988089,0.340903,1.000000,1.000000,0.000000,-0.093183
0.967465,0.988059,0.340532,1.000000,1.000000,0.000000,-0.093181
0.967437,0.988029,0.340162,1.000000,1.000000,0.000000,-0.093179
0.967410,0.987999,0.339792,1.000000,1.000000,0.000000,-0.093177
0.967382,0.987969,0.339423,1.000000,1.000000,0.000000,-0.093175
0.967354,0.987939,0.339054,1.000000,1.000000,0.000000,-0.093173
0.967326,0.987909,0.338685,1.000000,1.000000,0.000000,-0.093171
0.967299,0.987879,0.338317,1.000000,1.000000,0.000000,-0.093169
0.967271,0.987849,0.337950,1.000000,1.000000,0.000000,-0.093167
0.967244,0.987819,0.337583,1.000000,1.000000,0.000000,-0.093165
0.967216,0.987790,0.337216,1.000000,1.000000,0.000000,-0.093163
0.967188,0.987760,0.336850,1.000000,1.000000,0.000000,-0.093161
0.967161,0.987730,0.336485,1.000000,1.000000,0.000000,-0.093159
0.967133,0.987700,0.336120,1.000000,1.000000,0.000000,-0.093156
0.967105,0.987670,0.335755,1.000000,1.000000,0.000000,-0.093154
0.967077,0.987640,0.335391,1.000000,1.000000,0.000000,-0.093152
0.967050,0.987610,0.335027,1.000000,1.000000,0.000000,-0.093150
0.967022,0.987581,0.334664,1.000000,1.000000,0.000000,-0.093148
0.966995,0.987551,0.334301,1.000000,1.000000,0.000000,-0.093146
0.966967,0.987521,0.333939,1.000000,1.000000,0.000000,-0.093144
0.966939,0.987491,0.333577,1.000000,1.000000,0.000000,-0.093142
0.966911,0.987462,0.333216,1.000000,1.000000,0.000000,-0.093140
0.966884,0.987432,0.332855,1.000000,1.000000,0.000000,-0.093138
0.966856,0.987402,0.332494,1.000000,1.000000,0.000000,-0.093136
0.966829,0.987372,0.332134,1.000000,1.000000,0.000000,-0.093134
0.966801,0.987342,0.331775,1.000000,1.000000,0.000000,-0.093132
0.966773,0.987313,0.331416,1.000000,1.000000,0.000000,-0.093130
0.966746,0.987283,0.331057,1.000000,1.000000,0.000000,-0.093128
0.966718,0.987253,0.330700,1.000000,1.000000,0.000000,-0.093126
0.966690,0.987224,0.330342,1.000000,1.000000,0.000000,-0.093124
0.966663,0.987194,0.329985,1.000000,1.000000,0.000000,-0.093122
0.966635,0.987164,0.329628,1.000000,1.000000,0.000000,-0.093120
0.966607,0.987134,0.329272,1.000000,1.000000,0.000000,-0.093118
0.966580,0.987105,0.328917,1.000000,1.000000,0.000000,-0.093116
0.966552,0.987075,0.328561,1.000000,1.000000,0.000000,-0.093114
0.966524,0.987045,0.328207,1.000000,1.000000,0.000000,-0.093112
0.966497,0.987016,0.327852,1.000000,1.000000,0.000000,-0.093110
0.966469,0.986986,0.327499,1.000000,1.000000,0.000000,-0.093108
0.966441,0.986957,0.327145,1.000000,1.000000,0.000000,-0.093106
0.966414,0.986927,0.326792,1.000000,1.000000,0.000000,-0.093104
0.966386,0.986897,0.326440,1.000000,1.000000,0.000000,-0.093102
0.966358,0.986868,0.326088,1.000000,1.000000,0.000000,-0.093100
0.966331,0.986838,0.325737,1.000000,1.000000,0.000000,-0.093098
0.966303,0.986809,0.325386,1.000000,1.000000,0.000000,-0.093095
0.966275,0.986779,0.325036,1.000000,1.000000,0.000000,-0.093093
0.966248,0.986750,0.324685,1.000000,1.000000,0.000000,-0.093091
0.966220,0.986720,0.324336,1.000000,1.000000,0.000000,-0.093091
0.966192,0.986690,0.323987,1.000000,1.000000,0.000000,-0.093089
0.966165,0.986661,0.323638,1.000000,1.000000,0.000000,-0.093085
0.966137,0.986631,0.323290,1.000000,1.000000,0.000000,-0.093081
0.966109,0.986602,0.322942,1.000000,1.000000,0.000000,-0.093079
0.966082,0.986572,0.322595,1.000000,1.000000,0.000000,-0.093075
0.966054,0.986543,0.322248,1.000000,1.000000,0.000000,-0.093073
0.966027,0.986514,0.321902,1.000000,1.000000,0.000000,-0.093070
0.965999,0.986485,0.321557,1.000000,1.000000,0.000000,-0.093067
0.965971,0.986456,0.321212,1.000000,1.000000,0.000000,-0.093065
0.965944,0.986427,0.320867,1.000000,1.000000,0.000000,-0.093063
0.965916,0.986398,0.320523,1.000000,1.000000,0.000000,-0.093061
0.965888,0.986368,0.320179,1.000000,1.000000,0.000000,-0.093058
0.965861,0.986339,0.319836,1.000000,1.000000,0.000000,-0.093056
0.965833,0.986310,0.319493,1.000000,1.000000,0.000000,-0.093055
0.965805,0.986281,0.319151,1.000000,1.000000,0.000000,-0.093052
0.965778,0.986252,0.318810,1.000000,1.000000,0.000000,-0.093050
0.965750,0.986223,0.318468,1.000000,1.000000,0.000000,-0.093049
0.965722,0.986194,0.318128,1.000000,1.000000,0.000000,-0.093047
0.965695,0.986165,0.317787,1.000000,1.000000,0.000000,-0.093045
0.965667,0.986136,0.317447,1.000000,1.000000,0.000000,-0.093043
0.965639,0.986107,0.317108,1.000000,1.000000,0.000000,-0.093041
0.965612,0.986078,0.316769,1.000000,1.000000,0.000000,-0.093039
0.965584,0.986049,0.316430,1.000000,1.000000,0.000000,-0.093038
0.965557,0.986019,0.316092,1.000000,1.000000,0.000000,-0.093036
0.965529,0.985990,0.315754,1.000000,1.000000,0.000000,-0.093034
0.965501,0.985961,0.315417,1.000000,1.000000,0.000000,-0.093032
0.965474,0.985932,0.315080,1.000000,1.000000,0.000000,-0.093030
0.965446,0.985903,0.314743,1.000000,1.000000,0.000000,-0.093028
0.965418,0.985874,0.314406,1.000000,1.000000,0.000000,-0.093026
0.965391,0.985845,0.314070,1.000000,1.000000,0.000000,-0.093025
0.965363,0.985816,0.313734,1.000000,1.000000,0.000000,-0.093023
0.965335,0.985787,0.313399,1.000000,1.000000,0.000000,-0.093021
0.965308,0.985758,0.313064,1.000000,1.000000,0.000000,-0.093019
0.965280,0.985729,0.312729,1.000000,1.000000,0.000000,-0.093017
0.965253,0.985700,0.312394,1.000000,1.000000,0.000000,-0.093015
0.965225,0.985671,0.312060,1.000000,1.000000,0.000000,-0.093013
0.965197,0.985641,0.311725,1.000000,1.000000,0.000000,-0.093011
0.965170,0.985612,0.311392,1.000000,1.000000,0.000000,-0.093009
0.965142,0.985583,0.311058,1.000000,1.000000,0.000000,-0.093007
0.965114,0.985554,0.310725,1.000000,1.000000,0.000000,-0.093005
0.965087,0.985525,0.310391,1.000000,1.000000,0.000000,-0.093003
0.965059,0.985496,0.310058,1.000000,1.000000,0.000000,-0.093001
0.965031,0.985467,0.309725,1.000000,1.000000,0.000000,-0.092999
0.965004,0.985438,0.309393,1.000000,1.000000,0.000000,-0.092997
0.964976,0.985409,0.309060,1.000000,1.000000,0.000000,-0.092995
0.964949,0.985379,0.308728,1.000000,1.000000,0.000000,-0.092993
0.964921,0.985350,0.308396,1.000000,1.000000,0.000000,-0.092991
0.964893,0.985321,0.308064,1.000000,1.000000,0.000000,-0.092989
0.964866,0.985292,0.307733,1.000000,1.000000,0.000000,-0.092987
0.964838,0.985263,0.307401,1.000000,1.000000,0.000000,-0.092985
0.964810,0.985234,0.307070,1.000000,1.000000,0.000000,-0.092983
0.964783,0.985205,0.306739,1.000000,1.000000,0.000000,-0.092981
0.964755,0.985175,0.306407,1.000000,1.000000,0.000000,-0.092979
0.964727,0.985146,0.306076,1.000000,1.000000,0.000000,-0.092977
0.964700,0.985117,0.305746,1.000000,1.000000,0.000000,-0.092975
0.964672,0.985088,0.305415,1.000000,1.000000,0.000000,-0.092973
0.964645,0.985059,0.305084,1.000000,1.000000,0.000000,-0.092971
0.964617,0.985030,0.304754,1.000000,1.000000,0.000000,-0.092969
0.964589,0.985001,0.304424,1.000000,1.000000,0.000000,-0.092967
0.964562,0.984971,0.304093,1.000000,1.000000,0.000000,-0.092965
0.964534,0.984942,0.303763,1.000000,1.000000,0.000000,-0.092963
0.964506,0.984913,0.303433,1.000000,1.000000,0.000000,-0.092961
0.964479,0.984884,0.303104,1.000000,1.000000,0.000000,-0.092959
0.964451,0.984855,0.302774,1.000000,1.000000,0.000000,-0.092957
0.964423,0.984825,0.302444,1.000000,1.000000,0.000000,-0.092955
0.964396,0.984796,0.302114,1.000000,1.000000,0.000000,-0.092953
0.964368,0.984767,0.301785,1.000000,1.000000,0.000000,-0.092951
0.964341,0.984738,0.301455,1.000000,1.000000,0.000000,-0.092949
0.964313,0.984708,0.301126,1.000000,1.000000,0.000000,-0.092947
0.964285,0.984679,0.300796,1.000000,1.000000,0.000000,-0.092945
0.964258,0.984650,0.300467,1.000000,1.000000,0.000000,-0.092943
0.964230,0.984621,0.300138,1.000000,1.000000,0.000000,-0.092941
0.964202,0.984592,0.299809,1.000000,1.000000,0.000000,-0.092939
0.964175,0.984562,0.299479,1.000000,1.000000,0.000000,-0.092938
0.964147,0.984533,0.299151,1.000000,1.000000,0.000000,-0.092935
0.964120,0.984504,0.298821,1.000000,1.000000,0.000000,-0.092933
0.964092,0.984475,0.298493,1.000000,1.000000,0.000000,-0.092931
0.964064,0.984445,0.298164,1.000000,1.000000,0.000000,-0.092929
0.964037,0.984416,0.297835,1.000000,1.000000,0.000000,-0.092927
0.964009,0.984387,0.297506,1.000000,1.000000,0.000000,-0.092926
0.963981,0.984358,0.297177,1.000000,1.000000,0.000000,-0.092923
0.963954,0.984329,0.296849,1.000000,1.000000,0.000000,-0.092921
0.963926,0.984299,0.296520,1.000000,1.000000,0.000000,-0.092919
0.963899,0.984270,0.296192,1.000000,1.000000,0.000000,-0.092917
0.963871,0.984241,0.295863,1.000000,1.000000,0.000000,-0.092915
0.963843,0.984212,0.295535,1.000000,1.000000,0.000000,-0.092913
0.963816,0.984182,0.295207,1.000000,1.000000,0.000000,-0.092911
0.963788,0.984153,0.294878,1.000000,1.000000,0.000000,-0.092910
0.963760,0.984124,0.294550,1.000000,1.000000,0.000000,-0.092908
0.963733,0.984095,0.294222,1.000000,1.000000,0.000000,-0.092906
0.963705,0.984066,0.293894,1.000000,1.000000,0.000000,-0.092904
0.963678,0.984037,0.293565,1.000000,1.000000,0.000000,-0.092902
0.963650,0.984008,0.293237,1.000000,1.000000,0.000000,-0.092900
0.963622,0.983979,0.292909,1.000000,1.000000,0.000000,-0.092898
0.963595,0.983949,0.292581,1.000000,1.000000,0.000000,-0.092896
0.963567,0.983920,0.292253,1.000000,1.000000,0.000000,-0.092895
0.963539,0.983891,0.291925,1.000000,1.000000,0.000000,-0.092893
0.963512,0.983862,0.291597,1.000000,1.000000,0.000000,-0.092891
0.963484,0.983833,0.291269,1.000000,1.000000,0.000000,-0.092889
0.963457,0.983804,0.290942,1.000000,1.000000,0.000000,-0.092887
0.963429,0.983775,0.290614,1.000000,1.000000,0.000000,-0.092885
0.963401,0.983746,0.290286,1.000000,1.000000,0.000000,-0.092883
0.963374,0.983717,0.289959,1.000000,1.000000,0.000000,-0.092881
0.963346,0.983688,0.289632,1.000000,1.000000,0.000000,-0.092879
0.963319,0.983659,0.289304,1.000000,1.000000,0.000000,-0.092876
0.963291,0.983630,0.288977,1.000000,1.000000,0.000000,-0.092874
0.963263,0.983601,0.288650,1.000000,1.000000,0.000000,-0.092872
0.963236,0.983572,0.288324,1.000000,1.000000,0.000000,-0.092870
0.963208,0.983543,0.287997,1.000000,1.000000,0.000000,-0.092867
0.963180,0.983514,0.287670,1.000000,1.000000,0.000000,-0.092865
0.963153,0.983485,0.287344,1.000000,1.000000,0.000000,-0.092863
0.963125,0.983456,0.287018,1.000000,1.000000,0.000000,-0.092860
0.963098,0.983428,0.286691,1.000000,1.000000,0.000000,-0.092858
0.963070,0.983399,0.286366,1.000000,1.000000,0.000000,-0.092856
0.963042,0.983370,0.286040,1.000000,1.000000,0.000000,-0.092854
0.963015,0.983341,0.285714,1.000000,1.000000,0.000000,-0.092851
0.962987,0.983312,0.285389,1.000000,1.000000,0.000000,-0.092849
0.962960,0.983284,0.285064,1.000000,1.000000,0.000000,-0.092847
0.962932,0.983255,0.284739,1.000000,1.000000,0.000000,-0.092845
0.962904,0.983226,0.284414,1.000000,1.000000,0.000000,-0.092843
0.962877,0.983198,0.284090,1.000000,1.000000,0.000000,-0.092840
0.962849,0.983169,0.283766,1.000000,1.000000,0.000000,-0.092838
0.962822,0.983140,0.283442,1.000000,1.000000,0.000000,-0.092837
0.962794,0.983112,0.283118,1.000000,1.000000,0.000000,-0.092835
0.962766,0.983083,0.282795,1.000000,1.000000,0.000000,-0.092832
0.962739,0.983054,0.282472,1.000000,1.000000,0.000000,-0.092830
0.962711,0.983026,0.282149,1.000000,1.000000,0.000000,-0.092828
0.962684,0.982997,0.281827,1.000000,1.000000,0.000000,-0.092826
0.962656,0.982969,0.281505,1.000000,1.000000,0.000000,-0.092825
0.962628,0.982940,0.281183,1.000000,1.000000,0.000000,-0.092822
0.962601,0.982912,0.280861,1.000000,1.000000,0.000000,-0.092820
0.962573,0.982883,0.280540,1.000000,1.000000,0.000000,-0.092819
0.962546,0.982855,0.280219,1.000000,1.000000,0.000000,-0.092817
0.962518,0.982827,0.279899,1.000000,1.000000,0.000000,-0.092814
0.962490,0.982798,0.279579,1.000000,1.000000,0.000000,-0.092813
0.962463,0.982770,0.279259,1.000000,1.000000,0.000000,-0.092811
0.962435,0.982742,0.278939,1.000000,1.000000,0.000000,-0.092809
0.962407,0.982713,0.278620,1.000000,1.000000,0.000000,-0.092807
0.962380,0.982685,0.278301,1.000000,1.000000,0.000000,-0.092805
0.962352,0.982657,0.277982,1.000000,1.000000,0.000000,-0.092803
0.962325,0.982629,0.277664,1.000000,1.000000,0.000000,-0.092801
0.962297,0.982601,0.277346,1.000000,1.000000,0.000000,-0.092799
0.962269,0.982572,0.277029,1.000000,1.000000,0.000000,-0.092797
0.962242,0.982544,0.276712,1.000000,1.000000,0.000000,-0.092795
0.962214,0.982516,0.276395,1.000000,1.000000,0.000000,-0.092793
0.962187,0.982488,0.276078,1.000000,1.000000,0.000000,-0.092791
0.962159,0.982460,0.275762,1.000000,1.000000,0.000000,-0.092789
0.962131,0.982432,0.275446,1.000000,1.000000,0.000000,-0.092787
0.962104,0.982404,0.275131,1.000000,1.000000,0.000000,-0.092785
0.962076,0.982376,0.274816,1.000000,1.000000,0.000000,-0.092783
0.962049,0.982348,0.274501,1.000000,1.000000,0.000000,-0.092781
0.962021,0.982320,0.274187,1.000000,1.000000,0.000000,-0.092779
0.961993,0.982292,0.273873,1.000000,1.000000,0.000000,-0.092777
0.961966,0.982265,0.273559,1.000000,1.000000,0.000000,-0.092775
0.961938,0.982237,0.273246,1.000000,1.000000,0.000000,-0.092773
0.961911,0.982209,0.272933,1.000000,1.000000,0.000000,-0.092771
0.961883,0.982181,0.272620,1.000000,1.000000,0.000000,-0.092769
0.961855,0.982154,0.272308,1.000000,1.000000,0.000000,-0.092767
0.961828,0.982126,0.271996,1.000000,1.000000,0.000000,-0.092765
0.961800,0.982098,0.271685,1.000000,1.000000,0.000000,-0.092763
0.961773,0.982070,0.271373,1.000000,1.000000,0.000000,-0.092761
0.961745,0.982043,0.271063,1.000000,1.000000,0.000000,-0.092759
0.961718,0.982015,0.270752,1.000000,1.000000,0.000000,-0.092757
0.961690,0.981988,0.270442,1.000000,1.000000,0.000000,-0.092755
0.961662,0.981960,0.270132,1.000000,1.000000,0.000000,-0.092753
0.961635,0.981933,0.269823,1.000000,1.000000,0.000000,-0.092751
0.961607,0.981905,0.269514,1.000000,1.000000,0.000000,-0.092749
0.961580,0.981878,0.269205,1.000000,1.000000,0.000000,-0.092747
0.961552,0.981850,0.268897,1.000000,1.000000,0.000000,-0.092745
0.961524,0.981823,0.268589,1.000000,1.000000,0.000000,-0.092743
0.961497,0.981795,0.268281,1.000000,1.000000,0.000000,-0.092741
0.961469,0.981768,0.267974,1.000000,1.000000,0.000000,-0.092739
0.961442,0.981740,0.267667,1.000000,1.000000,0.000000,-0.092737
0.961414,0.981713,0.267361,1.000000,1.000000,0.000000,-0.092735
0.961386,0.981686,0.267055,1.000000,1.000000,0.000000,-0.092733
0.961359,0.981658,0.266749,1.000000,1.000000,0.000000,-0.092731
0.961331,0.981631,0.266443,1.000000,1.000000,0.000000,-0.092729
0.961304,0.981604,0.266138,1.000000,1.000000,0.000000,-0.092727
0.961276,0.981577,0.265834,1.000000,1.000000,0.000000,-0.092725
0.961248,0.981549,0.265529,1.000000,1.000000,0.000000,-0.092723
0.961221,0.981522,0.265225,1.000000,1.000000,0.000000,-0.092721
0.961193,0.981495,0.264922,1.000000,1.000000,0.000000,-0.092719
0.961166,0.981468,0.264618,1.000000,1.000000,0.000000,-0.092718
0.961138,0.981440,0.264315,1.000000,1.000000,0.000000,-0.092716
0.961111,0.981413,0.264013,1.000000,1.000000,0.000000,-0.092713
0.961083,0.981386,0.263711,1.000000,1.000000,0.000000,-0.092712
0.961055,0.981359,0.263409,1.000000,1.000000,0.000000,-0.092710
0.961028,0.981332,0.263107,1.000000,1.000000,0.000000,-0.092708
0.961000,0.981304,0.262806,1.000000,1.000000,0.000000,-0.092706
0.960973,0.981277,0.262506,1.000000,1.000000,0.000000,-0.092704
0.960945,0.981250,0.262205,1.000000,1.000000,0.000000,-0.092702
0.960917,0.981223,0.261905,1.000000,1.000000,0.000000,-0.092700
0.960890,0.981196,0.261605,1.000000,1.000000,0.000000,-0.092698
0.960862,0.981169,0.261306,1.000000,1.000000,0.000000,-0.092696
0.960835,0.981142,0.261007,1.000000,1.000000,0.000000,-0.092694
0.960807,0.981115,0.260709,1.000000,1.000000,0.000000,-0.092692
0.960779,0.981087,0.260411,1.000000,1.000000,0.000000,-0.092690
0.960752,0.981060,0.260113,1.000000,1.000000,0.000000,-0.092688
0.960724,0.981033,0.259815,1.000000,1.000000,0.000000,-0.092686
0.960697,0.981006,0.259518,1.000000,1.000000,0.000000,-0.092684
0.960669,0.980979,0.259222,1.000000,1.000000,0.000000,-0.092682
0.960642,0.980952,0.258925,1.000000,1.000000,0.000000,-0.092680
0.960614,0.980925,0.258629,1.000000,1.000000,0.000000,-0.092678
0.960586,0.980898,0.258334,1.000000,1.000000,0.000000,-0.092676
0.960559,0.980871,0.258039,1.000000,1.000000,0.000000,-0.092674
0.960531,0.980843,0.257744,1.000000,1.000000,0.000000,-0.092671
0.960504,0.980816,0.257450,1.000000,1.000000,0.000000,-0.092669
0.960476,0.980789,0.257156,1.000000,1.000000,0.000000,-0.092667
0.960449,0.980762,0.256862,1.000000,1.000000,0.000000,-0.092666
0.960421,0.980735,0.256569,1.000000,1.000000,0.000000,-0.092664
0.960393,0.980708,0.256277,1.000000,1.000000,0.000000,-0.092660
0.960366,0.980681,0.255984,1.000000,1.000000,0.000000,-0.092657
0.960338,0.980654,0.255692,1.000000,1.000000,0.000000,-0.092654
0.960311,0.980627,0.255401,1.000000,1.000000,0.000000,-0.092652
0.960283,0.980600,0.255109,1.000000,1.000000,0.000000,-0.092649
0.960256,0.980573,0.254818,1.000000,1.000000,0.000000,-0.092646
0.960228,0.980546,0.254528,1.000000,1.000000,0.000000,-0.092644
0.960200,0.980519,0.254238,1.000000,1.000000,0.000000,-0.092642
0.960173,0.980491,0.253948,1.000000,1.000000,0.000000,-0.092640
0.960145,0.980464,0.253659,1.000000,1.000000,0.000000,-0.092637
0.960118,0.980437,0.253371,1.000000,1.000000,0.000000,-0.092635
0.960090,0.980410,0.253082,1.000000,1.000000,0.000000,-0.092633
0.960063,0.980383,0.252794,1.000000,1.000000,0.000000,-0.092631
0.960035,0.980356,0.252506,1.000000,1.000000,0.000000,-0.092630
0.960007,0.980329,0.252219,1.000000,1.000000,0.000000,-0.092628
0.959980,0.980302,0.251933,1.000000,1.000000,0.000000,-0.092626
0.959952,0.980275,0.251646,1.000000,1.000000,0.000000,-0.092624
0.959925,0.980248,0.251360,1.000000,1.000000,0.000000,-0.092622
0.959897,0.980221,0.251075,1.000000,1.000000,0.000000,-0.092620
0.959869,0.980194,0.250790,1.000000,1.000000,0.000000,-0.092619
0.959842,0.980166,0.250505,1.000000,1.000000,0.000000,-0.092617
0.959814,0.980139,0.250220,1.000000,1.000000,0.000000,-0.092615
0.959787,0.980112,0.249936,1.000000,1.000000,0.000000,-0.092613
0.959759,0.980085,0.249652,1.000000,1.000000,0.000000,-0.092612
0.959732,0.980058,0.249368,1.000000,1.000000,0.000000,-0.092610
0.959704,0.980031,0.249085,1.000000,1.000000,0.000000,-0.092608
0.959677,0.980004,0.248802,1.000000,1.000000,0.000000,-0.092606
0.959649,0.979977,0.248520,1.000000,1.000000,0.000000,-0.092605
0.959621,0.979950,0.248237,1.000000,1.000000,0.000000,-0.092603
0.959594,0.979923,0.247955,1.000000,1.000000,0.000000,-0.092601
0.959566,0.979896,0.247673,1.000000,1.000000,0.000000,-0.092599
0.959539,0.979868,0.247392,1.000000,1.000000,0.000000,-0.092597
0.959511,0.979841,0.247111,1.000000,1.000000,0.000000,-0.092595
0.959484,0.979814,0.246830,1.000000,1.000000,0.000000,-0.092593
0.959456,0.979787,0.246549,1.000000,1.000000,0.000000,-0.092592
0.959428,0.979760,0.246268,1.000000,1.000000,0.000000,-0.092590
0.959401,0.979733,0.245988,1.000000,1.000000,0.000000,-0.092588
0.959373,0.979706,0.245708,1.000000,1.000000,0.000000,-0.092586
0.959346,0.979679,0.245428,1.000000,1.000000,0.000000,-0.092584
0.959318,0.979652,0.245148,1.000000,1.000000,0.000000,-0.092582
0.959291,0.979625,0.244869,1.000000,1.000000,0.000000,-0.092580
0.959263,0.979598,0.244589,1.000000,1.000000,0.000000,-0.092578
0.959235,0.979570,0.244310,1.000000,1.000000,0.000000,-0.092576
0.959208,0.979543,0.244031,1.000000,1.000000,0.000000,-0.092574
0.959180,0.979516,0.243752,1.000000,1.000000,0.000000,-0.092572
0.959153,0.979489,0.243473,1.000000,1.000000,0.000000,-0.092571
0.959125,0.979462,0.243195,1.000000,1.000000,0.000000,-0.092569
0.959098,0.979435,0.242916,1.000000,1.000000,0.000000,-0.092567
0.959070,0.979408,0.242638,1.000000,1.000000,0.000000,-0.092565
0.959043,0.979381,0.242360,1.000000,1.000000,0.000000,-0.092563
0.959015,0.979354,0.242082,1.000000,1.000000,0.000000,-0.092561
0.958988,0.979327,0.241804,1.000000,1.000000,0.000000,-0.092559
0.958960,0.979300,0.241526,1.000000,1.000000,0.000000,-0.092557
0.958932,0.979273,0.241249,1.000000,1.000000,0.000000,-0.092555
0.958905,0.979246,0.240971,1.000000,1.000000,0.000000,-0.092553
0.958877,0.979219,0.240694,1.000000,1.000000,0.000000,-0.092551
0.958850,0.979192,0.240417,1.000000,1.000000,0.000000,-0.092549
0.958822,0.979165,0.240139,1.000000,1.000000,0.000000,-0.092547
0.958795,0.979138,0.239862,1.000000,1.000000,0.000000,-0.092545
0.958767,0.979111,0.239585,1.000000,1.000000,0.000000,-0.092543
0.958739,0.979084,0.239308,1.000000,1.000000,0.000000,-0.092541
0.958712,0.979057,0.239031,1.000000,1.000000,0.000000,-0.092539
0.958684,0.979030,0.238755,1.000000,1.000000,0.000000,-0.092538
0.958657,0.979004,0.238478,1.000000,1.000000,0.000000,-0.092536
0.958629,0.978977,0.238201,1.000000,1.000000,0.000000,-0.092534
0.958602,0.978950,0.237925,1.000000,1.000000,0.000000,-0.092532
0.958574,0.978923,0.237648,1.000000,1.000000,0.000000,-0.092530
0.958547,0.978896,0.237372,1.000000,1.000000,0.000000,-0.092528
0.958519,0.978869,0.237096,1.000000,1.000000,0.000000,-0.092526
0.958491,0.978842,0.236820,1.000000,1.000000,0.000000,-0.092524
0.958464,0.978816,0.236544,1.000000,1.000000,0.000000,-0.092522
0.958436,0.978789,0.236268,1.000000,1.000000,0.000000,-0.092520
0.958409,0.978762,0.235991,1.000000,1.000000,0.000000,-0.092518
0.958381,0.978736,0.235716,1.000000,1.000000,0.000000,-0.092516
0.958354,0.978709,0.235440,1.000000,1.000000,0.000000,-0.092514
0.958326,0.978682,0.235164,1.000000,1.000000,0.000000,-0.092512
0.958299,0.978655,0.234888,1.000000,1.000000,0.000000,-0.092510
0.958271,0.978629,0.234612,1.000000,1.000000,0.000000,-0.092509
0.958244,0.978602,0.234337,1.000000,1.000000,0.000000,-0.092507
0.958216,0.978576,0.234061,1.000000,1.000000,0.000000,-0.092505
0.958188,0.978549,0.233785,1.000000,1.000000,0.000000,-0.092503
0.958161,0.978522,0.233510,1.000000,1.000000,0.000000,-0.092501
0.958133,0.978496,0.233235,1.000000,1.000000,0.000000,-0.092499
0.958106,0.978469,0.232959,1.000000,1.000000,0.000000,-0.092497
0.958078,0.978443,0.232684,1.000000,1.000000,0.000000,-0.092495
0.958051,0.978416,0.232409,1.000000,1.000000,0.000000,-0.092493
0.958023,0.978390,0.232134,1.000000,1.000000,0.000000,-0.092491
0.957996,0.978363,0.231858,1.000000,1.000000,0.000000,-0.092489
0.957968,0.978337,0.231583,1.000000,1.000000,0.000000,-0.092487
0.957941,0.978310,0.231308,1.000000,1.000000,0.000000,-0.092484
0.957913,0.978284,0.231033,1.000000,1.000000,0.000000,-0.092481
0.957886,0.978257,0.230758,1.000000,1.000000,0.000000,-0.092479
0.957858,0.978231,0.230483,1.000000,1.000000,0.000000,-0.092476
0.957830,0.978205,0.230208,1.000000,1.000000,0.000000,-0.092474
0.957803,0.978178,0.229933,1.000000,1.000000,0.000000,-0.092472
0.957775,0.978152,0.229659,1.000000,1.000000,0.000000,-0.092470
0.957748,0.978126,0.229384,1.000000,1.000000,0.000000,-0.092468
0.957720,0.978100,0.229109,1.000000,1.000000,0.000000,-0.092466
0.957693,0.978073,0.228835,1.000000,1.000000,0.000000,-0.092464
0.957665,0.978047,0.228560,1.000000,1.000000,0.000000,-0.092462
0.957638,0.978021,0.228285,1.000000,1.000000,0.000000,-0.092460
0.957610,0.977995,0.228011,1.000000,1.000000,0.000000,-0.092458
0.957583,0.977969,0.227736,1.000000,1.000000,0.000000,-0.092456
0.957555,0.977943,0.227462,1.000000,1.000000,0.000000,-0.092454
0.957527,0.977917,0.227188,1.000000,1.000000,0.000000,-0.092452
0.957500,0.977890,0.226914,1.000000,1.000000,0.000000,-0.092450
0.957472,0.977864,0.226640,1.000000,1.000000,0.000000,-0.092448
0.957445,0.977838,0.226366,1.000000,1.000000,0.000000,-0.092446
0.957417,0.977812,0.226092,1.000000,1.000000,0.000000,-0.092445
0.957390,0.977786,0.225818,1.000000,1.000000,0.000000,-0.092443
0.957362,0.977761,0.225545,1.000000,1.000000,0.000000,-0.092441
0.957335,0.977735,0.225271,1.000000,1.000000,0.000000,-0.092439
0.957307,0.977709,0.224998,1.000000,1.000000,0.000000,-0.092437
0.957280,0.977683,0.224725,1.000000,1.000000,0.000000,-0.092436
0.957252,0.977657,0.224452,1.000000,1.000000,0.000000,-0.092434
0.957224,0.977631,0.224179,1.000000,1.000000,0.000000,-0.092432
0.957197,0.977605,0.223906,1.000000,1.000000,0.000000,-0.092430
0.957169,0.977580,0.223633,1.000000,1.000000,0.000000,-0.092428
0.957142,0.977554,0.223361,1.000000,1.000000,0.000000,-0.092426
0.957114,0.977528,0.223089,1.000000,1.000000,0.000000,-0.092424
0.957087,0.977503,0.222817,1.000000,1.000000,0.000000,-0.092423
0.957059,0.977477,0.222545,1.000000,1.000000,0.000000,-0.092420
0.957032,0.977451,0.222273,1.000000,1.000000,0.000000,-0.092418
0.957004,0.977426,0.222002,1.000000,1.000000,0.000000,-0.092417
0.956977,0.977400,0.221730,1.000000,1.000000,0.000000,-0.092415
0.956949,0.977374,0.221459,1.000000,1.000000,0.000000,-0.092413
0.956922,0.977349,0.221189,1.000000,1.000000,0.000000,-0.092411
0.956894,0.977323,0.220918,1.000000,1.000000,0.000000,-0.092409
0.956867,0.977297,0.220647,1.000000,1.000000,0.000000,-0.092407
0.956839,0.977272,0.220377,1.000000,1.000000,0.000000,-0.092405
0.956811,0.977246,0.220107,1.000000,1.000000,0.000000,-0.092403
0.956784,0.977221,0.219838,1.000000,1.000000,0.000000,-0.092401
0.956756,0.977195,0.219568,1.000000,1.000000,0.000000,-0.092399
0.956729,0.977169,0.219299,1.000000,1.000000,0.000000,-0.092397
0.956701,0.977144,0.219030,1.000000,1.000000,0.000000,-0.092395
0.956674,0.977118,0.218761,1.000000,1.000000,0.000000,-0.092393
0.956646,0.977093,0.218493,1.000000,1.000000,0.000000,-0.092391
0.956619,0.977067,0.218225,1.000000,1.000000,0.000000,-0.092389
0.956591,0.977041,0.217956,1.000000,1.000000,0.000000,-0.092387
0.956564,0.977016,0.217689,1.000000,1.000000,0.000000,-0.092385
0.956536,0.976990,0.217421,1.000000,1.000000,0.000000,-0.092383
0.956509,0.976965,0.217154,1.000000,1.000000,0.000000,-0.092381
0.956481,0.976939,0.216888,1.000000,1.000000,0.000000,-0.092379
0.956454,0.976914,0.216621,1.000000,1.000000,0.000000,-0.092377
0.956426,0.976888,0.216355,1.000000,1.000000,0.000000,-0.092375
0.956399,0.976863,0.216089,1.000000,1.000000,0.000000,-0.092373
0.956371,0.976837,0.215823,1.000000,1.000000,0.000000,-0.092371
0.956343,0.976812,0.215558,1.000000,1.000000,0.000000,-0.092370
0.956316,0.976786,0.215292,1.000000,1.000000,0.000000,-0.092368
0.956288,0.976761,0.215028,1.000000,1.000000,0.000000,-0.092366
0.956261,0.976735,0.214763,1.000000,1.000000,0.000000,-0.092364
0.956233,0.976710,0.214499,1.000000,1.000000,0.000000,-0.092362
0.956206,0.976684,0.214235,1.000000,1.000000,0.000000,-0.092360
0.956178,0.976659,0.213971,1.000000,1.000000,0.000000,-0.092358
0.956151,0.976633,0.213708,1.000000,1.000000,0.000000,-0.092356
0.956123,0.976608,0.213445,1.000000,1.000000,0.000000,-0.092354
0.956096,0.976582,0.213182,1.000000,1.000000,0.000000,-0.092352
0.956068,0.976557,0.212920,1.000000,1.000000,0.000000,-0.092350
0.956041,0.976531,0.212657,1.000000,1.000000,0.000000,-0.092348
0.956013,0.976506,0.212396,1.000000,1.000000,0.000000,-0.092346
0.955986,0.976481,0.212134,1.000000,1.000000,0.000000,-0.092344
0.955958,0.976455,0.211873,1.000000,1.000000,0.000000,-0.092342
0.955931,0.976430,0.211612,1.000000,1.000000,0.000000,-0.092340
0.955903,0.976404,0.211352,1.000000,1.000000,0.000000,-0.092339
0.955876,0.976379,0.211091,1.000000,1.000000,0.000000,-0.092336
0.955848,0.976353,0.210831,1.000000,1.000000,0.000000,-0.092335
0.955821,0.976328,0.210572,1.000000,1.000000,0.000000,-0.092333
0.955793,0.976303,0.210313,1.000000,1.000000,0.000000,-0.092331
0.955766,0.976277,0.210054,1.000000,1.000000,0.000000,-0.092329
0.955738,0.976252,0.209795,1.000000,1.000000,0.000000,-0.092327
0.955711,0.976226,0.209537,1.000000,1.000000,0.000000,-0.092325
0.955683,0.976201,0.209279,1.000000,1.000000,0.000000,-0.092323
0.955656,0.976176,0.209021,1.000000,1.000000,0.000000,-0.092321
0.955628,0.976150,0.208764,1.000000,1.000000,0.000000,-0.092319
0.955601,0.976125,0.208507,1.000000,1.000000,0.000000,-0.092317
0.955573,0.976100,0.208251,1.000000,1.000000,0.000000,-0.092315
0.955545,0.976075,0.207995,1.000000,1.000000,0.000000,-0.092313
0.955518,0.976050,0.207739,1.000000,1.000000,0.000000,-0.092312
0.955490,0.976025,0.207483,1.000000,1.000000,0.000000,-0.092310
0.955463,0.976000,0.207228,1.000000,1.000000,0.000000,-0.092308
0.955435,0.975975,0.206973,1.000000,1.000000,0.000000,-0.092306
0.955408,0.975950,0.206718,1.000000,1.000000,0.000000,-0.092304
0.955380,0.975925,0.206464,1.000000,1.000000,0.000000,-0.092302
0.955353,0.975900,0.206210,1.000000,1.000000,0.000000,-0.092300
0.955325,0.975875,0.205957,1.000000,1.000000,0.000000,-0.092298
0.955298,0.975850,0.205703,1.000000,1.000000,0.000000,-0.092296
0.955270,0.975825,0.205450,1.000000,1.000000,0.000000,-0.092294
0.955243,0.975800,0.205198,1.000000,1.000000,0.000000,-0.092292
0.955215,0.975775,0.204946,1.000000,1.000000,0.000000,-0.092290
0.955188,0.975750,0.204694,1.000000,1.000000,0.000000,-0.092288
0.955160,0.975725,0.204443,1.000000,1.000000,0.000000,-0.092286
0.955133,0.975699,0.204192,1.000000,1.000000,0.000000,-0.092284
0.955105,0.975674,0.203941,1.000000,1.000000,0.000000,-0.092282
0.955078,0.975649,0.203691,1.000000,1.000000,0.000000,-0.092281
0.955050,0.975624,0.203441,1.000000,1.000000,0.000000,-0.092279
0.955023,0.975599,0.203191,1.000000,1.000000,0.000000,-0.092275
0.954995,0.975574,0.202942,1.000000,1.000000,0.000000,-0.092272
0.954968,0.975549,0.202694,1.000000,1.000000,0.000000,-0.092269
0.954940,0.975524,0.202445,1.000000,1.000000,0.000000,-0.092266
0.954913,0.975499,0.202197,1.000000,1.000000,0.000000,-0.092264
0.954885,0.975474,0.201949,1.000000,1.000000,0.000000,-0.092261
0.954858,0.975449,0.201702,1.000000,1.000000,0.000000,-0.092259
0.954830,0.975424,0.201455,1.000000,1.000000,0.000000,-0.092257
0.954803,0.975399,0.201209,1.000000,1.000000,0.000000,-0.092254
0.954775,0.975374,0.200963,1.000000,1.000000,0.000000,-0.092252
0.954748,0.975348,0.200717,1.000000,1.000000,0.000000,-0.092250
0.954720,0.975323,0.200472,1.000000,1.000000,0.000000,-0.092248
0.954693,0.975298,0.200227,1.000000,1.000000,0.000000,-0.092247
0.954665,0.975273,0.199982,1.000000,1.000000,0.000000,-0.092245
0.954638,0.975248,0.199738,1.000000,1.000000,0.000000,-0.092243
0.954610,0.975223,0.199494,1.000000,1.000000,0.000000,-0.092241
0.954583,0.975198,0.199251,1.000000,1.000000,0.000000,-0.092239
0.954555,0.975173,0.199007,1.000000,1.000000,0.000000,-0.092238
0.954528,0.975148,0.198765,1.000000,1.000000,0.000000,-0.092236
0.954500,0.975122,0.198522,1.000000,1.000000,0.000000,-0.092234
0.954473,0.975097,0.198280,1.000000,1.000000,0.000000,-0.092233
0.954445,0.975072,0.198038,1.000000,1.000000,0.000000,-0.092231
0.954418,0.975047,0.197796,1.000000,1.000000,0.000000,-0.092229
0.954390,0.975022,0.197555,1.000000,1.000000,0.000000,-0.092227
0.954363,0.974997,0.197314,1.000000,1.000000,0.000000,-0.092226
0.954335,0.974972,0.197073,1.000000,1.000000,0.000000,-0.092224
0.954308,0.974947,0.196833,1.000000,1.000000,0.000000,-0.092222
0.954280,0.974922,0.196593,1.000000,1.000000,0.000000,-0.092221
0.954253,0.974896,0.196353,1.000000,1.000000,0.000000,-0.092219
0.954225,0.974871,0.196113,1.000000,1.000000,0.000000,-0.092217
0.954198,0.974846,0.195874,1.000000,1.000000,0.000000,-0.092215
0.954170,0.974821,0.195635,1.000000,1.000000,0.000000,-0.092213
0.954143,0.974796,0.195396,1.000000,1.000000,0.000000,-0.092212
0.954115,0.974771,0.195157,1.000000,1.000000,0.000000,-0.092210
0.954088,0.974746,0.194919,1.000000,1.000000,0.000000,-0.092208
0.954060,0.974721,0.194680,1.000000,1.000000,0.000000,-0.092206
0.954033,0.974696,0.194442,1.000000,1.000000,0.000000,-0.092205
0.954005,0.974671,0.194204,1.000000,1.000000,0.000000,-0.092202
0.953978,0.974646,0.193966,1.000000,1.000000,0.000000,-0.092200
0.953950,0.974621,0.193729,1.000000,1.000000,0.000000,-0.092199
0.953923,0.974596,0.193491,1.000000,1.000000,0.000000,-0.092197
0.953895,0.974571,0.193254,1.000000,1.000000,0.000000,-0.092195
0.953868,0.974546,0.193016,1.000000,1.000000,0.000000,-0.092193
0.953840,0.974521,0.192779,1.000000,1.000000,0.000000,-0.092191
0.953813,0.974496,0.192542,1.000000,1.000000,0.000000,-0.092189
0.953785,0.974471,0.192305,1.000000,1.000000,0.000000,-0.092188
0.953758,0.974446,0.192069,1.000000,1.000000,0.000000,-0.092186
0.953730,0.974421,0.191832,1.000000,1.000000,0.000000,-0.092184
0.953703,0.974396,0.191596,1.000000,1.000000,0.000000,-0.092182
0.953675,0.974371,0.191359,1.000000,1.000000,0.000000,-0.092180
0.953648,0.974346,0.191123,1.000000,1.000000,0.000000,-0.092178
0.953620,0.974321,0.190887,1.000000,1.000000,0.000000,-0.092176
0.953593,0.974297,0.190651,1.000000,1.000000,0.000000,-0.092174
0.953565,0.974272,0.190415,1.000000,1.000000,0.000000,-0.092172
0.953538,0.974247,0.190179,1.000000,1.000000,0.000000,-0.092170
0.953510,0.974222,0.189943,1.000000,1.000000,0.000000,-0.092169
0.953483,0.974197,0.189708,1.000000,1.000000,0.000000,-0.092167
0.953456,0.974173,0.189472,1.000000,1.000000,0.000000,-0.092165
0.953428,0.974148,0.189237,1.000000,1.000000,0.000000,-0.092163
0.953400,0.974123,0.189001,1.000000,1.000000,0.000000,-0.092161
0.953373,0.974098,0.188766,1.000000,1.000000,0.000000,-0.092159
0.953346,0.974074,0.188530,1.000000,1.000000,0.000000,-0.092157
0.953318,0.974049,0.188295,1.000000,1.000000,0.000000,-0.092155
0.953290,0.974024,0.188060,1.000000,1.000000,0.000000,-0.092153
0.953263,0.974000,0.187825,1.000000,1.000000,0.000000,-0.092151
0.953236,0.973975,0.187589,1.000000,1.000000,0.000000,-0.092150
0.953208,0.973950,0.187354,1.000000,1.000000,0.000000,-0.092148
0.953181,0.973926,0.187119,1.000000,1.000000,0.000000,-0.092146
0.953153,0.973901,0.186884,1.000000,1.000000,0.000000,-0.092144
0.953126,0.973877,0.186649,1.000000,1.000000,0.000000,-0.092142
0.953098,0.973852,0.186415,1.000000,1.000000,0.000000,-0.092140
0.953071,0.973828,0.186180,1.000000,1.000000,0.000000,-0.092138
0.953043,0.973803,0.185945,1.000000,1.000000,0.000000,-0.092136
0.953016,0.973779,0.185710,1.000000,1.000000,0.000000,-0.092134
0.952988,0.973754,0.185475,1.000000,1.000000,0.000000,-0.092132
0.952961,0.973730,0.185241,1.000000,1.000000,0.000000,-0.092131
0.952933,0.973705,0.185006,1.000000,1.000000,0.000000,-0.092129
0.952906,0.973681,0.184772,1.000000,1.000000,0.000000,-0.092127
0.952878,0.973656,0.184537,1.000000,1.000000,0.000000,-0.092125
0.952851,0.973632,0.184302,1.000000,1.000000,0.000000,-0.092123
0.952823,0.973608,0.184068,1.000000,1.000000,0.000000,-0.092121
0.952796,0.973583,0.183834,1.000000,1.000000,0.000000,-0.092119
0.952768,0.973559,0.183599,1.000000,1.000000,0.000000,-0.092118
0.952741,0.973535,0.183365,1.000000,1.000000,0.000000,-0.092115
0.952713,0.973511,0.183130,1.000000,1.000000,0.000000,-0.092114
0.952686,0.973486,0.182896,1.000000,1.000000,0.000000,-0.092112
0.952658,0.973462,0.182662,1.000000,1.000000,0.000000,-0.092110
0.952631,0.973438,0.182428,1.000000,1.000000,0.000000,-0.092108
0.952604,0.973414,0.182193,1.000000,1.000000,0.000000,-0.092106
0.952576,0.973390,0.181960,1.000000,1.000000,0.000000,-0.092104
0.952549,0.973366,0.181725,1.000000,1.000000,0.000000,-0.092100
0.952521,0.973341,0.181492,1.000000,1.000000,0.000000,-0.092098
0.952494,0.973317,0.181258,1.000000,1.000000,0.000000,-0.092095
0.952466,0.973293,0.181024,1.000000,1.000000,0.000000,-0.092093
0.952439,0.973269,0.180790,1.000000,1.000000,0.000000,-0.092091
0.952411,0.973245,0.180556,1.000000,1.000000,0.000000,-0.092089
0.952384,0.973221,0.180322,1.000000,1.000000,0.000000,-0.092087
0.952356,0.973197,0.180088,1.000000,1.000000,0.000000,-0.092085
0.952329,0.973173,0.179855,1.000000,1.000000,0.000000,-0.092083
0.952301,0.973150,0.179621,1.000000,1.000000,0.000000,-0.092081
0.952274,0.973126,0.179387,1.000000,1.000000,0.000000,-0.092079
0.952246,0.973102,0.179154,1.000000,1.000000,0.000000,-0.092077
0.952219,0.973078,0.178920,1.000000,1.000000,0.000000,-0.092075
0.952191,0.973054,0.178687,1.000000,1.000000,0.000000,-0.092073
0.952164,0.973030,0.178453,1.000000,1.000000,0.000000,-0.092071
0.952137,0.973006,0.178220,1.000000,1.000000,0.000000,-0.092070
0.952109,0.972982,0.177986,1.000000,1.000000,0.000000,-0.092068
0.952082,0.972958,0.177753,1.000000,1.000000,0.000000,-0.092066
0.952054,0.972935,0.177520,1.000000,1.000000,0.000000,-0.092064
0.952027,0.972911,0.177287,1.000000,1.000000,0.000000,-0.092062
0.951999,0.972887,0.177054,1.000000,1.000000,0.000000,-0.092061
0.951972,0.972863,0.176821,1.000000,1.000000,0.000000,-0.092059
0.951944,0.972839,0.176588,1.000000,1.000000,0.000000,-0.092057
0.951917,0.972815,0.176355,1.000000,1.000000,0.000000,-0.092055
0.951889,0.972791,0.176122,1.000000,1.000000,0.000000,-0.092053
0.951862,0.972768,0.175890,1.000000,1.000000,0.000000,-0.092052
0.951834,0.972744,0.175657,1.000000,1.000000,0.000000,-0.092050
0.951807,0.972720,0.175425,1.000000,1.000000,0.000000,-0.092048
0.951779,0.972696,0.175193,1.000000,1.000000,0.000000,-0.092046
0.951752,0.972672,0.174961,1.000000,1.000000,0.000000,-0.092044
0.951724,0.972649,0.174729,1.000000,1.000000,0.000000,-0.092042
0.951697,0.972625,0.174497,1.000000,1.000000,0.000000,-0.092041
0.951670,0.972601,0.174266,1.000000,1.000000,0.000000,-0.092039
0.951642,0.972577,0.174034,1.000000,1.000000,0.000000,-0.092037
0.951615,0.972553,0.173803,1.000000,1.000000,0.000000,-0.092035
0.951587,0.972530,0.173572,1.000000,1.000000,0.000000,-0.092033
0.951560,0.972506,0.173341,1.000000,1.000000,0.000000,-0.092031
0.951532,0.972482,0.173110,1.000000,1.000000,0.000000,-0.092029
0.951505,0.972458,0.172880,1.000000,1.000000,0.000000,-0.092027
0.951477,0.972435,0.172649,1.000000,1.000000,0.000000,-0.092025
0.951450,0.972411,0.172419,1.000000,1.000000,0.000000,-0.092023
0.951422,0.972387,0.172189,1.000000,1.000000,0.000000,-0.092022
0.951395,0.972363,0.171959,1.000000,1.000000,0.000000,-0.092020
0.951368,0.972340,0.171730,1.000000,1.000000,0.000000,-0.092018
0.951340,0.972316,0.171500,1.000000,1.000000,0.000000,-0.092016
0.951313,0.972292,0.171271,1.000000,1.000000,0.000000,-0.092014
0.951285,0.972268,0.171042,1.000000,1.000000,0.000000,-0.092012
0.951258,0.972245,0.170813,1.000000,1.000000,0.000000,-0.092010
0.951230,0.972221,0.170585,1.000000,1.000000,0.000000,-0.092008
0.951203,0.972197,0.170357,1.000000,1.000000,0.000000,-0.092006
0.951175,0.972174,0.170128,1.000000,1.000000,0.000000,-0.092004
0.951148,0.972150,0.169901,1.000000,1.000000,0.000000,-0.092002
0.951120,0.972126,0.169673,1.000000,1.000000,0.000000,-0.092000
0.951093,0.972102,0.169446,1.000000,1.000000,0.000000,-0.091998
0.951065,0.972079,0.169218,1.000000,1.000000,0.000000,-0.091996
0.951038,0.972055,0.168991,1.000000,1.000000,0.000000,-0.091994
0.951011,0.972031,0.168765,1.000000,1.000000,0.000000,-0.091993
0.950983,0.972008,0.168538,1.000000,1.000000,0.000000,-0.091991
0.950956,0.971984,0.168312,1.000000,1.000000,0.000000,-0.091989
0.950928,0.971961,0.168086,1.000000,1.000000,0.000000,-0.091987
0.950901,0.971937,0.167860,1.000000,1.000000,0.000000,-0.091985
0.950873,0.971913,0.167635,1.000000,1.000000,0.000000,-0.091983
0.950846,0.971890,0.167410,1.000000,1.000000,0.000000,-0.091981
0.950818,0.971866,0.167185,1.000000,1.000000,0.000000,-0.091979
0.950791,0.971842,0.166960,1.000000,1.000000,0.000000,-0.091977
0.950764,0.971819,0.166736,1.000000,1.000000,0.000000,-0.091975
0.950736,0.971795,0.166512,1.000000,1.000000,0.000000,-0.091973
0.950709,0.971771,0.166288,1.000000,1.000000,0.000000,-0.091971
0.950681,0.971748,0.166064,1.000000,1.000000,0.000000,-0.091970
0.950654,0.971724,0.165841,1.000000,1.000000,0.000000,-0.091968
0.950626,0.971700,0.165618,1.000000,1.000000,0.000000,-0.091966
0.950599,0.971677,0.165395,1.000000,1.000000,0.000000,-0.091964
0.950571,0.971654,0.165173,1.000000,1.000000,0.000000,-0.091962
0.950544,0.971631,0.164951,1.000000,1.000000,0.000000,-0.091960
0.950516,0.971607,0.164729,1.000000,1.000000,0.000000,-0.091958
0.950489,0.971584,0.164507,1.000000,1.000000,0.000000,-0.091956
0.950462,0.971561,0.164286,1.000000,1.000000,0.000000,-0.091954
0.950434,0.971537,0.164065,1.000000,1.000000,0.000000,-0.091952
0.950407,0.971514,0.163844,1.000000,1.000000,0.000000,-0.091950
0.950379,0.971491,0.163624,1.000000,1.000000,0.000000,-0.091948
0.950352,0.971468,0.163404,1.000000,1.000000,0.000000,-0.091947
0.950324,0.971444,0.163184,1.000000,1.000000,0.000000,-0.091945
0.950297,0.971421,0.162964,1.000000,1.000000,0.000000,-0.091943
0.950269,0.971398,0.162745,1.000000,1.000000,0.000000,-0.091941
0.950242,0.971374,0.162526,1.000000,1.000000,0.000000,-0.091939
0.950215,0.971351,0.162308,1.000000,1.000000,0.000000,-0.091937
0.950187,0.971328,0.162089,1.000000,1.000000,0.000000,-0.091935
0.950160,0.971304,0.161871,1.000000,1.000000,0.000000,-0.091933
0.950132,0.971281,0.161654,1.000000,1.000000,0.000000,-0.091931
0.950105,0.971258,0.161436,1.000000,1.000000,0.000000,-0.091929
0.950077,0.971235,0.161219,1.000000,1.000000,0.000000,-0.091927
0.950050,0.971211,0.161002,1.000000,1.000000,0.000000,-0.091925
0.950022,0.971188,0.160786,1.000000,1.000000,0.000000,-0.091923
0.949995,0.971164,0.160570,1.000000,1.000000,0.000000,-0.091921
0.949968,0.971141,0.160354,1.000000,1.000000,0.000000,-0.091919
0.949940,0.971118,0.160139,1.000000,1.000000,0.000000,-0.091917
0.949913,0.971094,0.159924,1.000000,1.000000,0.000000,-0.091915
0.949885,0.971071,0.159709,1.000000,1.000000,0.000000,-0.091913
0.949858,0.971048,0.159494,1.000000,1.000000,0.000000,-0.091911
0.949830,0.971024,0.159280,1.000000,1.000000,0.000000,-0.091910
0.949803,0.971001,0.159066,1.000000,1.000000,0.000000,-0.091908
0.949775,0.970977,0.158853,1.000000,1.000000,0.000000,-0.091905
0.949748,0.970954,0.158640,1.000000,1.000000,0.000000,-0.091903
0.949721,0.970931,0.158427,1.000000,1.000000,0.000000,-0.091902
0.949693,0.970907,0.158214,1.000000,1.000000,0.000000,-0.091900
0.949666,0.970884,0.158002,1.000000,1.000000,0.000000,-0.091898
0.949638,0.970861,0.157790,1.000000,1.000000,0.000000,-0.091894
0.949611,0.970837,0.157579,1.000000,1.000000,0.000000,-0.091891
0.949583,0.970814,0.157367,1.000000,1.000000,0.000000,-0.091889
0.949556,0.970791,0.157157,1.000000,1.000000,0.000000,-0.091886
0.949529,0.970767,0.156946,1.000000,1.000000,0.000000,-0.091884
0.949501,0.970744,0.156736,1.000000,1.000000,0.000000,-0.091881
0.949474,0.970720,0.156526,1.000000,1.000000,0.000000,-0.091879
0.949446,0.970697,0.156316,1.000000,1.000000,0.000000,-0.091877
0.949419,0.970673,0.156107,1.000000,1.000000,0.000000,-0.091875
0.949391,0.970650,0.155898,1.000000,1.000000,0.000000,-0.091873
0.949364,0.970627,0.155690,1.000000,1.000000,0.000000,-0.091871
0.949337,0.970603,0.155481,1.000000,1.000000,0.000000,-0.091870
0.949309,0.970580,0.155273,1.000000,1.000000,0.000000,-0.091868
0.949282,0.970557,0.155065,1.000000,1.000000,0.000000,-0.091866
0.949254,0.970533,0.154858,1.000000,1.000000,0.000000,-0.091864
0.949227,0.970510,0.154650,1.000000,1.000000,0.000000,-0.091862
0.949199,0.970487,0.154444,1.000000,1.000000,0.000000,-0.091861
0.949172,0.970463,0.154237,1.000000,1.000000,0.000000,-0.091859
0.949144,0.970440,0.154031,1.000000,1.000000,0.000000,-0.091858
0.949117,0.970416,0.153825,1.000000,1.000000,0.000000,-0.091856
0.949090,0.970393,0.153619,1.000000,1.000000,0.000000,-0.091854
0.949062,0.970370,0.153413,1.000000,1.000000,0.000000,-0.091853
0.949035,0.970346,0.153208,1.000000,1.000000,0.000000,-0.091851
0.949007,0.970323,0.153003,1.000000,1.000000,0.000000,-0.091849
0.948980,0.970300,0.152798,1.000000,1.000000,0.000000,-0.091848
0.948952,0.970276,0.152593,1.000000,1.000000,0.000000,-0.091846
0.948925,0.970253,0.152389,1.000000,1.000000,0.000000,-0.091844
0.948898,0.970230,0.152185,1.000000,1.000000,0.000000,-0.091843
0.948870,0.970207,0.151981,1.000000,1.000000,0.000000,-0.091841
0.948843,0.970183,0.151777,1.000000,1.000000,0.000000,-0.091839
0.948815,0.970160,0.151573,1.000000,1.000000,0.000000,-0.091838
0.948788,0.970137,0.151370,1.000000,1.000000,0.000000,-0.091836
0.948761,0.970114,0.151167,1.000000,1.000000,0.000000,-0.091834
0.948733,0.970090,0.150964,1.000000,1.000000,0.000000,-0.091833
0.948706,0.970067,0.150761,1.000000,1.000000,0.000000,-0.091831
0.948678,0.970044,0.150558,1.000000,1.000000,0.000000,-0.091829
0.948651,0.970021,0.150356,1.000000,1.000000,0.000000,-0.091827
0.948623,0.969998,0.150154,1.000000,1.000000,0.000000,-0.091826
0.948596,0.969975,0.149951,1.000000,1.000000,0.000000,-0.091824
0.948568,0.969951,0.149749,1.000000,1.000000,0.000000,-0.091822
0.948541,0.969928,0.149547,1.000000,1.000000,0.000000,-0.091820
0.948514,0.969905,0.149346,1.000000,1.000000,0.000000,-0.091818
0.948486,0.969882,0.149144,1.000000,1.000000,0.000000,-0.091817
0.948459,0.969859,0.148942,1.000000,1.000000,0.000000,-0.091815
0.948431,0.969836,0.148741,1.000000,1.000000,0.000000,-0.091813
0.948404,0.969813,0.148540,1.000000,1.000000,0.000000,-0.091811
0.948377,0.969790,0.148338,1.000000,1.000000,0.000000,-0.091809
0.948349,0.969767,0.148137,1.000000,1.000000,0.000000,-0.091807
0.948322,0.969744,0.147936,1.000000,1.000000,0.000000,-0.091806
0.948294,0.969721,0.147735,1.000000,1.000000,0.000000,-0.091804
0.948267,0.969698,0.147535,1.000000,1.000000,0.000000,-0.091802
0.948239,0.969675,0.147334,1.000000,1.000000,0.000000,-0.091800
0.948212,0.969652,0.147133,1.000000,1.000000,0.000000,-0.091798
0.948185,0.969629,0.146933,1.000000,1.000000,0.000000,-0.091796
0.948157,0.969606,0.146733,1.000000,1.000000,0.000000,-0.091794
0.948130,0.969583,0.146532,1.000000,1.000000,0.000000,-0.091793
0.948102,0.969560,0.146332,1.000000,1.000000,0.000000,-0.091791
0.948075,0.969538,0.146132,1.000000,1.000000,0.000000,-0.091789
0.948048,0.969515,0.145932,1.000000,1.000000,0.000000,-0.091787
0.948020,0.969492,0.145732,1.000000,1.000000,0.000000,-0.091785
0.947993,0.969469,0.145532,1.000000,1.000000,0.000000,-0.091783
0.947965,0.969446,0.145332,1.000000,1.000000,0.000000,-0.091781
0.947938,0.969424,0.145132,1.000000,1.000000,0.000000,-0.091780
0.947910,0.969401,0.144932,1.000000,1.000000,0.000000,-0.091778
0.947883,0.969378,0.144733,1.000000,1.000000,0.000000,-0.091776
0.947856,0.969355,0.144533,1.000000,1.000000,0.000000,-0.091774
0.947828,0.969333,0.144334,1.000000,1.000000,0.000000,-0.091772
0.947801,0.969310,0.144134,1.000000,1.000000,0.000000,-0.091770
0.947773,0.969287,0.143935,1.000000,1.000000,0.000000,-0.091769
0.947746,0.969265,0.143735,1.000000,1.000000,0.000000,-0.091767
0.947719,0.969242,0.143536,1.000000,1.000000,0.000000,-0.091765
0.947691,0.969220,0.143337,1.000000,1.000000,0.000000,-0.091763
0.947664,0.969197,0.143137,1.000000,1.000000,0.000000,-0.091761
0.947636,0.969175,0.142938,1.000000,1.000000,0.000000,-0.091759
0.947609,0.969152,0.142739,1.000000,1.000000,0.000000,-0.091757
0.947582,0.969130,0.142540,1.000000,1.000000,0.000000,-0.091755
0.947554,0.969107,0.142341,1.000000,1.000000,0.000000,-0.091754
0.947527,0.969085,0.142142,1.000000,1.000000,0.000000,-0.091752
0.947499,0.969062,0.141943,1.000000,1.000000,0.000000,-0.091750
0.947472,0.969040,0.141744,1.000000,1.000000,0.000000,-0.091748
0.947444,0.969017,0.141545,1.000000,1.000000,0.000000,-0.091746
0.947417,0.968995,0.141346,1.000000,1.000000,0.000000,-0.091744
0.947390,0.968973,0.141147,1.000000,1.000000,0.000000,-0.091743
0.947362,0.968950,0.140949,1.000000,1.000000,0.000000,-0.091740
0.947335,0.968928,0.140750,1.000000,1.000000,0.000000,-0.091739
0.947307,0.968906,0.140551,1.000000,1.000000,0.000000,-0.091737
0.947280,0.968883,0.140352,1.000000,1.000000,0.000000,-0.091735
0.947253,0.968861,0.140154,1.000000,1.000000,0.000000,-0.091733
0.947225,0.968839,0.139955,1.000000,1.000000,0.000000,-0.091731
0.947198,0.968817,0.139757,1.000000,1.000000,0.000000,-0.091729
0.947170,0.968794,0.139558,1.000000,1.000000,0.000000,-0.091728
0.947143,0.968772,0.139360,1.000000,1.000000,0.000000,-0.091726
0.947116,0.968750,0.139161,1.000000,1.000000,0.000000,-0.091724
0.947088,0.968728,0.138963,1.000000,1.000000,0.000000,-0.091722
0.947061,0.968706,0.138764,1.000000,1.000000,0.000000,-0.091720
0.947033,0.968684,0.138566,1.000000,1.000000,0.000000,-0.091718
0.947006,0.968662,0.138368,1.000000,1.000000,0.000000,-0.091717
0.946979,0.968640,0.138169,1.000000,1.000000,0.000000,-0.091714
0.946951,0.968618,0.137971,1.000000,1.000000,0.000000,-0.091711
0.946924,0.968596,0.137773,1.000000,1.000000,0.000000,-0.091708
0.946896,0.968574,0.137575,1.000000,1.000000,0.000000,-0.091706
0.946869,0.968552,0.137377,1.000000,1.000000,0.000000,-0.091704
0.946842,0.968530,0.137179,1.000000,1.000000,0.000000,-0.091701
0.946814,0.968508,0.136981,1.000000,1.000000,0.000000,-0.091699
0.946787,0.968486,0.136782,1.000000,1.000000,0.000000,-0.091697
0.946759,0.968463,0.136585,1.000000,1.000000,0.000000,-0.091695
0.946732,0.968441,0.136386,1.000000,1.000000,0.000000,-0.091693
0.946705,0.968419,0.136189,1.000000,1.000000,0.000000,-0.091691
0.946677,0.968397,0.135991,1.000000,1.000000,0.000000,-0.091689
0.946650,0.968375,0.135793,1.000000,1.000000,0.000000,-0.091687
0.946622,0.968353,0.135595,1.000000,1.000000,0.000000,-0.091685
0.946595,0.968331,0.135397,1.000000,1.000000,0.000000,-0.091684
0.946568,0.968309,0.135200,1.000000,1.000000,0.000000,-0.091682
0.946540,0.968287,0.135002,1.000000,1.000000,0.000000,-0.091680
0.946513,0.968265,0.134805,1.000000,1.000000,0.000000,-0.091678
0.946485,0.968243,0.134607,1.000000,1.000000,0.000000,-0.091677
0.946458,0.968222,0.134410,1.000000,1.000000,0.000000,-0.091675
0.946431,0.968200,0.134212,1.000000,1.000000,0.000000,-0.091673
0.946403,0.968178,0.134015,1.000000,1.000000,0.000000,-0.091671
0.946376,0.968156,0.133818,1.000000,1.000000,0.000000,-0.091670
0.946348,0.968134,0.133621,1.000000,1.000000,0.000000,-0.091668
0.946321,0.968112,0.133424,1.000000,1.000000,0.000000,-0.091666
0.946294,0.968090,0.133227,1.000000,1.000000,0.000000,-0.091664
0.946266,0.968068,0.133030,1.000000,1.000000,0.000000,-0.091663
0.946239,0.968046,0.132833,1.000000,1.000000,0.000000,-0.091661
0.946212,0.968024,0.132637,1.000000,1.000000,0.000000,-0.091659
0.946184,0.968002,0.132440,1.000000,1.000000,0.000000,-0.091657
0.946157,0.967980,0.132244,1.000000,1.000000,0.000000,-0.091655
0.946129,0.967958,0.132047,1.000000,1.000000,0.000000,-0.091654
0.946102,0.967936,0.131851,1.000000,1.000000,0.000000,-0.091652
0.946075,0.967914,0.131655,1.000000,1.000000,0.000000,-0.091650
0.946047,0.967892,0.131459,1.000000,1.000000,0.000000,-0.091648
0.946020,0.967871,0.131263,1.000000,1.000000,0.000000,-0.091646
0.945992,0.967849,0.131068,1.000000,1.000000,0.000000,-0.091645
0.945965,0.967827,0.130872,1.000000,1.000000,0.000000,-0.091643
0.945938,0.967805,0.130677,1.000000,1.000000,0.000000,-0.091641
0.945910,0.967783,0.130482,1.000000,1.000000,0.000000,-0.091639
0.945883,0.967761,0.130287,1.000000,1.000000,0.000000,-0.091637
0.945855,0.967739,0.130092,1.000000,1.000000,0.000000,-0.091635
0.945828,0.967717,0.129897,1.000000,1.000000,0.000000,-0.091633
0.945801,0.967695,0.129703,1.000000,1.000000,0.000000,-0.091631
0.945773,0.967673,0.129509,1.000000,1.000000,0.000000,-0.091630
0.945746,0.967651,0.129315,1.000000,1.000000,0.000000,-0.091628
0.945719,0.967630,0.129121,1.000000,1.000000,0.000000,-0.091626
0.945691,0.967608,0.128927,1.000000,1.000000,0.000000,-0.091624
0.945664,0.967586,0.128733,1.000000,1.000000,0.000000,-0.091622
0.945636,0.967565,0.128540,1.000000,1.000000,0.000000,-0.091620
0.945609,0.967543,0.128347,1.000000,1.000000,0.000000,-0.091618
0.945582,0.967521,0.128154,1.000000,1.000000,0.000000,-0.091616
0.945554,0.967500,0.127961,1.000000,1.000000,0.000000,-0.091614
0.945527,0.967478,0.127768,1.000000,1.000000,0.000000,-0.091613
0.945499,0.967456,0.127576,1.000000,1.000000,0.000000,-0.091611
0.945472,0.967435,0.127384,1.000000,1.000000,0.000000,-0.091609
0.945445,0.967413,0.127192,1.000000,1.000000,0.000000,-0.091607
0.945417,0.967392,0.127000,1.000000,1.000000,0.000000,-0.091605
0.945390,0.967370,0.126809,1.000000,1.000000,0.000000,-0.091603
0.945363,0.967348,0.126617,1.000000,1.000000,0.000000,-0.091601
0.945335,0.967327,0.126426,1.000000,1.000000,0.000000,-0.091599
0.945308,0.967305,0.126236,1.000000,1.000000,0.000000,-0.091597
0.945280,0.967283,0.126045,1.000000,1.000000,0.000000,-0.091596
0.945253,0.967262,0.125855,1.000000,1.000000,0.000000,-0.091594
0.945226,0.967240,0.125665,1.000000,1.000000,0.000000,-0.091592
0.945198,0.967218,0.125475,1.000000,1.000000,0.000000,-0.091590
0.945171,0.967197,0.125285,1.000000,1.000000,0.000000,-0.091588
0.945144,0.967175,0.125096,1.000000,1.000000,0.000000,-0.091586
0.945116,0.967154,0.124906,1.000000,1.000000,0.000000,-0.091584
0.945089,0.967132,0.124717,1.000000,1.000000,0.000000,-0.091582
0.945061,0.967110,0.124529,1.000000,1.000000,0.000000,-0.091581
0.945034,0.967089,0.124340,1.000000,1.000000,0.000000,-0.091579
0.945007,0.967067,0.124152,1.000000,1.000000,0.000000,-0.091577
0.944979,0.967045,0.123964,1.000000,1.000000,0.000000,-0.091575
0.944952,0.967024,0.123776,1.000000,1.000000,0.000000,-0.091573
0.944925,0.967002,0.123589,1.000000,1.000000,0.000000,-0.091571
0.944897,0.966980,0.123402,1.000000,1.000000,0.000000,-0.091569
0.944870,0.966959,0.123215,1.000000,1.000000,0.000000,-0.091567
0.944842,0.966937,0.123028,1.000000,1.000000,0.000000,-0.091565
0.944815,0.966915,0.122841,1.000000,1.000000,0.000000,-0.091564
0.944788,0.966894,0.122655,1.000000,1.000000,0.000000,-0.091562
0.944760,0.966872,0.122469,1.000000,1.000000,0.000000,-0.091560
0.944733,0.966850,0.122284,1.000000,1.000000,0.000000,-0.091558
0.944705,0.966829,0.122098,1.000000,1.000000,0.000000,-0.091556
0.944678,0.966807,0.121913,1.000000,1.000000,0.000000,-0.091554
0.944651,0.966785,0.121728,1.000000,1.000000,0.000000,-0.091553
0.944623,0.966764,0.121543,1.000000,1.000000,0.000000,-0.091551
0.944596,0.966742,0.121359,1.000000,1.000000,0.000000,-0.091549
0.944569,0.966720,0.121175,1.000000,1.000000,0.000000,-0.091547
0.944541,0.966699,0.120991,1.000000,1.000000,0.000000,-0.091545
0.944514,0.966677,0.120808,1.000000,1.000000,0.000000,-0.091543
0.944487,0.966655,0.120625,1.000000,1.000000,0.000000,-0.091542
0.944459,0.966633,0.120441,1.000000,1.000000,0.000000,-0.091540
0.944432,0.966612,0.120259,1.000000,1.000000,0.000000,-0.091538
0.944404,0.966590,0.120076,1.000000,1.000000,0.000000,-0.091536
0.944377,0.966568,0.119894,1.000000,1.000000,0.000000,-0.091534
0.944350,0.966547,0.119712,1.000000,1.000000,0.000000,-0.091532
0.944322,0.966525,0.119530,1.000000,1.000000,0.000000,-0.091530
0.944295,0.966503,0.119349,1.000000,1.000000,0.000000,-0.091529
0.944268,0.966482,0.119167,1.000000,1.000000,0.000000,-0.091527
0.944240,0.966460,0.118987,1.000000,1.000000,0.000000,-0.091525
0.944213,0.966438,0.118806,1.000000,1.000000,0.000000,-0.091523
0.944186,0.966417,0.118626,1.000000,1.000000,0.000000,-0.091521
0.944158,0.966395,0.118446,1.000000,1.000000,0.000000,-0.091519
0.944131,0.966373,0.118266,1.000000,1.000000,0.000000,-0.091518
0.944103,0.966352,0.118087,1.000000,1.000000,0.000000,-0.091518
0.944076,0.966330,0.117908,1.000000,1.000000,0.000000,-0.091516
0.944049,0.966309,0.117729,1.000000,1.000000,0.000000,-0.091513
0.944021,0.966287,0.117550,1.000000,1.000000,0.000000,-0.091509
0.943994,0.966265,0.117372,1.000000,1.000000,0.000000,-0.091506
0.943967,0.966244,0.117194,1.000000,1.000000,0.000000,-0.091503
0.943939,0.966222,0.117016,1.000000,1.000000,0.000000,-0.091501
0.943912,0.966201,0.116839,1.000000,1.000000,0.000000,-0.091498
0.943885,0.966179,0.116661,1.000000,1.000000,0.000000,-0.091495
0.943857,0.966157,0.116485,1.000000,1.000000,0.000000,-0.091493
0.943830,0.966136,0.116308,1.000000,1.000000,0.000000,-0.091491
0.943802,0.966114,0.116132,1.000000,1.000000,0.000000,-0.091488
0.943775,0.966093,0.115955,1.000000,1.000000,0.000000,-0.091487
0.943748,0.966071,0.115780,1.000000,1.000000,0.000000,-0.091485
0.943720,0.966050,0.115604,1.000000,1.000000,0.000000,-0.091483
0.943693,0.966028,0.115429,1.000000,1.000000,0.000000,-0.091481
0.943666,0.966007,0.115254,1.000000,1.000000,0.000000,-0.091479
0.943638,0.965985,0.115079,1.000000,1.000000,0.000000,-0.091477
0.943611,0.965964,0.114904,1.000000,1.000000,0.000000,-0.091475
0.943584,0.965942,0.114730,1.000000,1.000000,0.000000,-0.091474
0.943556,0.965921,0.114556,1.000000,1.000000,0.000000,-0.091472
0.943529,0.965899,0.114382,1.000000,1.000000,0.000000,-0.091470
0.943501,0.965878,0.114209,1.000000,1.000000,0.000000,-0.091469
0.943474,0.965857,0.114036,1.000000,1.000000,0.000000,-0.091467
0.943447,0.965835,0.113863,1.000000,1.000000,0.000000,-0.091466
0.943419,0.965814,0.113690,1.000000,1.000000,0.000000,-0.091464
0.943392,0.965793,0.113517,1.000000,1.000000,0.000000,-0.091462
0.943365,0.965771,0.113345,1.000000,1.000000,0.000000,-0.091461
0.943337,0.965750,0.113173,1.000000,1.000000,0.000000,-0.091459
0.943310,0.965729,0.113001,1.000000,1.000000,0.000000,-0.091457
0.943283,0.965707,0.112829,1.000000,1.000000,0.000000,-0.091456
0.943255,0.965686,0.112658,1.000000,1.000000,0.000000,-0.091454
0.943228,0.965665,0.112486,1.000000,1.000000,0.000000,-0.091452
0.943201,0.965644,0.112315,1.000000,1.000000,0.000000,-0.091451
0.943173,0.965622,0.112144,1.000000,1.000000,0.000000,-0.091449
0.943146,0.965601,0.111973,1.000000,1.000000,0.000000,-0.091447
0.943119,0.965580,0.111802,1.000000,1.000000,0.000000,-0.091445
0.943091,0.965559,0.111632,1.000000,1.000000,0.000000,-0.091444
0.943064,0.965538,0.111461,1.000000,1.000000,0.000000,-0.091442
0.943036,0.965517,0.111291,1.000000,1.000000,0.000000,-0.091440
0.943009,0.965495,0.111121,1.000000,1.000000,0.000000,-0.091438
0.942982,0.965474,0.110951,1.000000,1.000000,0.000000,-0.091437
0.942954,0.965453,0.110781,1.000000,1.000000,0.000000,-0.091434
0.942927,0.965432,0.110612,1.000000,1.000000,0.000000,-0.091433
0.942900,0.965411,0.110442,1.000000,1.000000,0.000000,-0.091431
0.942872,0.965390,0.110273,1.000000,1.000000,0.000000,-0.091429
0.942845,0.965369,0.110103,1.000000,1.000000,0.000000,-0.091428
0.942818,0.965348,0.109934,1.000000,1.000000,0.000000,-0.091426
0.942790,0.965327,0.109765,1.000000,1.000000,0.000000,-0.091424
0.942763,0.965306,0.109596,1.000000,1.000000,0.000000,-0.091422
0.942736,0.965285,0.109427,1.000000,1.000000,0.000000,-0.091420
0.942708,0.965264,0.109258,1.000000,1.000000,0.000000,-0.091418
0.942681,0.965243,0.109089,1.000000,1.000000,0.000000,-0.091416
0.942654,0.965223,0.108921,1.000000,1.000000,0.000000,-0.091415
0.942626,0.965202,0.108752,1.000000,1.000000,0.000000,-0.091413
0.942599,0.965181,0.108584,1.000000,1.000000,0.000000,-0.091411
0.942572,0.965160,0.108415,1.000000,1.000000,0.000000,-0.091409
0.942544,0.965139,0.108247,1.000000,1.000000,0.000000,-0.091407
0.942517,0.965118,0.108079,1.000000,1.000000,0.000000,-0.091405
0.942490,0.965098,0.107911,1.000000,1.000000,0.000000,-0.091404
0.942462,0.965077,0.107742,1.000000,1.000000,0.000000,-0.091401
0.942435,0.965056,0.107574,1.000000,1.000000,0.000000,-0.091400
0.942408,0.965035,0.107406,1.000000,1.000000,0.000000,-0.091398
0.942380,0.965015,0.107238,1.000000,1.000000,0.000000,-0.091396
0.942353,0.964994,0.107071,1.000000,1.000000,0.000000,-0.091394
0.942325,0.964973,0.106903,1.000000,1.000000,0.000000,-0.091392
0.942298,0.964953,0.106735,1.000000,1.000000,0.000000,-0.091390
0.942271,0.964932,0.106567,1.000000,1.000000,0.000000,-0.091389
0.942244,0.964912,0.106400,1.000000,1.000000,0.000000,-0.091387
0.942216,0.964891,0.106232,1.000000,1.000000,0.000000,-0.091385
0.942189,0.964870,0.106065,1.000000,1.000000,0.000000,-0.091383
0.942161,0.964850,0.105897,1.000000,1.000000,0.000000,-0.091381
0.942134,0.964829,0.105730,1.000000,1.000000,0.000000,-0.091379
0.942107,0.964809,0.105562,1.000000,1.000000,0.000000,-0.091377
0.942079,0.964788,0.105395,1.000000,1.000000,0.000000,-0.091375
0.942052,0.964768,0.105228,1.000000,1.000000,0.000000,-0.091374
0.942025,0.964747,0.105061,1.000000,1.000000,0.000000,-0.091372
0.941997,0.964727,0.104893,1.000000,1.000000,0.000000,-0.091370
0.941970,0.964707,0.104726,1.000000,1.000000,0.000000,-0.091368
0.941943,0.964686,0.104559,1.000000,1.000000,0.000000,-0.091366
0.941915,0.964666,0.104392,1.000000,1.000000,0.000000,-0.091364
0.941888,0.964645,0.104225,1.000000,1.000000,0.000000,-0.091363
0.941861,0.964625,0.104058,1.000000,1.000000,0.000000,-0.091361
0.941833,0.964605,0.103891,1.000000,1.000000,0.000000,-0.091359
0.941806,0.964584,0.103724,1.000000,1.000000,0.000000,-0.091357
0.941779,0.964564,0.103557,1.000000,1.000000,0.000000,-0.091355
0.941751,0.964543,0.103391,1.000000,1.000000,0.000000,-0.091354
0.941724,0.964523,0.103224,1.000000,1.000000,0.000000,-0.091351
0.941697,0.964503,0.103057,1.000000,1.000000,0.000000,-0.091350
0.941669,0.964482,0.102890,1.000000,1.000000,0.000000,-0.091348
0.941642,0.964462,0.102723,1.000000,1.000000,0.000000,-0.091346
0.941615,0.964442,0.102557,1.000000,1.000000,0.000000,-0.091344
0.941588,0.964421,0.102390,1.000000,1.000000,0.000000,-0.091342
0.941560,0.964401,0.102224,1.000000,1.000000,0.000000,-0.091341
0.941533,0.964381,0.102057,1.000000,1.000000,0.000000,-0.091339
0.941505,0.964360,0.101891,1.000000,1.000000,0.000000,-0.091337
0.941478,0.964340,0.101724,1.000000,1.000000,0.000000,-0.091335
0.941451,0.964319,0.101558,1.000000,1.000000,0.000000,-0.091333
0.941423,0.964299,0.101391,1.000000,1.000000,0.000000,-0.091331
0.941396,0.964279,0.101225,1.000000,1.000000,0.000000,-0.091329
0.941369,0.964258,0.101059,1.000000,1.000000,0.000000,-0.091327
0.941341,0.964238,0.100893,1.000000,1.000000,0.000000,-0.091325
0.941314,0.964218,0.100726,1.000000,1.000000,0.000000,-0.091322
0.941287,0.964198,0.100560,1.000000,1.000000,0.000000,-0.091319
0.941259,0.964177,0.100394,1.000000,1.000000,0.000000,-0.091317
0.941232,0.964157,0.100228,1.000000,1.000000,0.000000,-0.091314
0.941205,0.964137,0.100062,1.000000,1.000000,0.000000,-0.091312
0.941178,0.964116,0.099896,1.000000,1.000000,0.000000,-0.091310
0.941150,0.964096,0.099730,1.000000,1.000000,0.000000,-0.091308
0.941123,0.964076,0.099564,1.000000,1.000000,0.000000,-0.091306
0.941095,0.964056,0.099398,1.000000,1.000000,0.000000,-0.091304
0.941068,0.964035,0.099232,1.000000,1.000000,0.000000,-0.091302
0.941041,0.964015,0.099066,1.000000,1.000000,0.000000,-0.091300
0.941014,0.963995,0.098900,1.000000,1.000000,0.000000,-0.091298
0.940986,0.963975,0.098734,1.000000,1.000000,0.000000,-0.091297
0.940959,0.963954,0.098568,1.000000,1.000000,0.000000,-0.091295
0.940932,0.963934,0.098403,1.000000,1.000000,0.000000,-0.091293
0.940904,0.963914,0.098237,1.000000,1.000000,0.000000,-0.091292
0.940877,0.963894,0.098072,1.000000,1.000000,0.000000,-0.091290
0.940850,0.963873,0.097906,1.000000,1.000000,0.000000,-0.091288
0.940822,0.963853,0.097740,1.000000,1.000000,0.000000,-0.091286
0.940795,0.963833,0.097575,1.000000,1.000000,0.000000,-0.091285
0.940768,0.963813,0.097410,1.000000,1.000000,0.000000,-0.091283
0.940740,0.963792,0.097244,1.000000,1.000000,0.000000,-0.091281
0.940713,0.963772,0.097079,1.000000,1.000000,0.000000,-0.091280
0.940686,0.963752,0.096914,1.000000,1.000000,0.000000,-0.091278
0.940658,0.963732,0.096749,1.000000,1.000000,0.000000,-0.091276
0.940631,0.963711,0.096584,1.000000,1.000000,0.000000,-0.091274
0.940604,0.963691,0.096419,1.000000,1.000000,0.000000,-0.091273
0.940576,0.963671,0.096255,1.000000,1.000000,0.000000,-0.091271
0.940549,0.963651,0.096090,1.000000,1.000000,0.000000,-0.091269
0.940522,0.963631,0.095926,1.000000,1.000000,0.000000,-0.091267
0.940494,0.963610,0.095761,1.000000,1.000000,0.000000,-0.091266
0.940467,0.963590,0.095597,1.000000,1.000000,0.000000,-0.091264
0.940440,0.963570,0.095433,1.000000,1.000000,0.000000,-0.091262
0.940413,0.963550,0.095269,1.000000,1.000000,0.000000,-0.091260
0.940385,0.963530,0.095105,1.000000,1.000000,0.000000,-0.091258
0.940358,0.963509,0.094941,1.000000,1.000000,0.000000,-0.091256
0.940331,0.963489,0.094777,1.000000,1.000000,0.000000,-0.091255
0.940303,0.963470,0.094614,1.000000,1.000000,0.000000,-0.091253
0.940276,0.963450,0.094450,1.000000,1.000000,0.000000,-0.091251
0.940249,0.963430,0.094287,1.000000,1.000000,0.000000,-0.091249
0.940221,0.963410,0.094124,1.000000,1.000000,0.000000,-0.091247
0.940194,0.963390,0.093961,1.000000,1.000000,0.000000,-0.091245
0.940167,0.963370,0.093798,1.000000,1.000000,0.000000,-0.091244
0.940139,0.963350,0.093635,1.000000,1.000000,0.000000,-0.091242
0.940112,0.963330,0.093473,1.000000,1.000000,0.000000,-0.091239
0.940085,0.963311,0.093310,1.000000,1.000000,0.000000,-0.091238
0.940057,0.963291,0.093148,1.000000,1.000000,0.000000,-0.091236
0.940030,0.963271,0.092986,1.000000,1.000000,0.000000,-0.091234
0.940003,0.963251,0.092824,1.000000,1.000000,0.000000,-0.091232
0.939976,0.963231,0.092662,1.000000,1.000000,0.000000,-0.091230
0.939948,0.963211,0.092501,1.000000,1.000000,0.000000,-0.091228
0.939921,0.963191,0.092339,1.000000,1.000000,0.000000,-0.091227
0.939894,0.963171,0.092178,1.000000,1.000000,0.000000,-0.091225
0.939866,0.963151,0.092017,1.000000,1.000000,0.000000,-0.091223
0.939839,0.963131,0.091856,1.000000,1.000000,0.000000,-0.091221
0.939812,0.963112,0.091695,1.000000,1.000000,0.000000,-0.091219
0.939784,0.963092,0.091535,1.000000,1.000000,0.000000,-0.091217
0.939757,0.963072,0.091374,1.000000,1.000000,0.000000,-0.091215
0.939730,0.963052,0.091214,1.000000,1.000000,0.000000,-0.091213
0.939702,0.963032,0.091054,1.000000,1.000000,0.000000,-0.091211
0.939675,0.963012,0.090894,1.000000,1.000000,0.000000,-0.091210
0.939648,0.962992,0.090734,1.000000,1.000000,0.000000,-0.091208
0.939621,0.962972,0.090575,1.000000,1.000000,0.000000,-0.091206
0.939593,0.962952,0.090416,1.000000,1.000000,0.000000,-0.091204
0.939566,0.962933,0.090257,1.000000,1.000000,0.000000,-0.091202
0.939539,0.962913,0.090098,1.000000,1.000000,0.000000,-0.091200
0.939511,0.962893,0.089939,1.000000,1.000000,0.000000,-0.091198
0.939484,0.962873,0.089781,1.000000,1.000000,0.000000,-0.091196
0.939457,0.962853,0.089622,1.000000,1.000000,0.000000,-0.091194
0.939429,0.962833,0.089464,1.000000,1.000000,0.000000,-0.091192
0.939402,0.962813,0.089306,1.000000,1.000000,0.000000,-0.091191
0.939375,0.962793,0.089149,1.000000,1.000000,0.000000,-0.091189
0.939348,0.962773,0.088991,1.000000,1.000000,0.000000,-0.091187
0.939320,0.962754,0.088834,1.000000,1.000000,0.000000,-0.091185
0.939293,0.962734,0.088677,1.000000,1.000000,0.000000,-0.091183
0.939266,0.962714,0.088520,1.000000,1.000000,0.000000,-0.091181
0.939238,0.962694,0.088364,1.000000,1.000000,0.000000,-0.091180
0.939211,0.962674,0.088207,1.000000,1.000000,0.000000,-0.091178
0.939184,0.962654,0.088051,1.000000,1.000000,0.000000,-0.091176
0.939156,0.962634,0.087895,1.000000,1.000000,0.000000,-0.091174
0.939129,0.962615,0.087739,1.000000,1.000000,0.000000,-0.091172
0.939102,0.962595,0.087583,1.000000,1.000000,0.000000,-0.091170
0.939074,0.962575,0.087428,1.000000,1.000000,0.000000,-0.091168
0.939047,0.962555,0.087273,1.000000,1.000000,0.000000,-0.091167
0.939020,0.962535,0.087118,1.000000,1.000000,0.000000,-0.091165
0.938993,0.962516,0.086963,1.000000,1.000000,0.000000,-0.091163
0.938965,0.962496,0.086809,1.000000,1.000000,0.000000,-0.091161
0.938938,0.962476,0.086655,1.000000,1.000000,0.000000,-0.091159
0.938911,0.962456,0.086501,1.000000,1.000000,0.000000,-0.091157
0.938883,0.962437,0.086347,1.000000,1.000000,0.000000,-0.091156
0.938856,0.962417,0.086193,1.000000,1.000000,0.000000,-0.091154
0.938829,0.962397,0.086040,1.000000,1.000000,0.000000,-0.091152
0.938801,0.962377,0.085887,1.000000,1.000000,0.000000,-0.091150
0.938774,0.962358,0.085734,1.000000,1.000000,0.000000,-0.091148
0.938747,0.962338,0.085581,1.000000,1.000000,0.000000,-0.091147
0.938720,0.962318,0.085429,1.000000,1.000000,0.000000,-0.091145
0.938692,0.962299,0.085277,1.000000,1.000000,0.000000,-0.091143
0.938665,0.962279,0.085125,1.000000,1.000000,0.000000,-0.091144
0.938638,0.962259,0.084973,1.000000,1.000000,0.000000,-0.091142
0.938610,0.962240,0.084822,1.000000,1.000000,0.000000,-0.091138
0.938583,0.962220,0.084671,1.000000,1.000000,0.000000,-0.091134
0.938556,0.962200,0.084520,1.000000,1.000000,0.000000,-0.091132
0.938529,0.962181,0.084369,1.000000,1.000000,0.000000,-0.091129
0.938501,0.962161,0.084218,1.000000,1.000000,0.000000,-0.091126
0.938474,0.962141,0.084068,1.000000,1.000000,0.000000,-0.091124
0.938447,0.962122,0.083918,1.000000,1.000000,0.000000,-0.091121
0.938419,0.962102,0.083768,1.000000,1.000000,0.000000,-0.091119
0.938392,0.962083,0.083618,1.000000,1.000000,0.000000,-0.091116
0.938365,0.962063,0.083469,1.000000,1.000000,0.000000,-0.091114
0.938338,0.962044,0.083320,1.000000,1.000000,0.000000,-0.091112
0.938310,0.962024,0.083171,1.000000,1.000000,0.000000,-0.091110
0.938283,0.962005,0.083022,1.000000,1.000000,0.000000,-0.091109
0.938256,0.961985,0.082874,1.000000,1.000000,0.000000,-0.091107
0.938228,0.961966,0.082726,1.000000,1.000000,0.000000,-0.091105
0.938201,0.961946,0.082578,1.000000,1.000000,0.000000,-0.091103
0.938174,0.961927,0.082430,1.000000,1.000000,0.000000,-0.091102
0.938147,0.961908,0.082283,1.000000,1.000000,0.000000,-0.091100
0.938119,0.961888,0.082135,1.000000,1.000000,0.000000,-0.091098
0.938092,0.961869,0.081988,1.000000,1.000000,0.000000,-0.091097
0.938065,0.961849,0.081841,1.000000,1.000000,0.000000,-0.091095
0.938037,0.961830,0.081695,1.000000,1.000000,0.000000,-0.091093
0.938010,0.961811,0.081548,1.000000,1.000000,0.000000,-0.091092
0.937983,0.961791,0.081402,1.000000,1.000000,0.000000,-0.091090
0.937956,0.961772,0.081256,1.000000,1.000000,0.000000,-0.091089
0.937928,0.961753,0.081110,1.000000,1.000000,0.000000,-0.091087
0.937901,0.961734,0.080964,1.000000,1.000000,0.000000,-0.091085
0.937874,0.961714,0.080819,1.000000,1.000000,0.000000,-0.091084
0.937846,0.961695,0.080673,1.000000,1.000000,0.000000,-0.091082
0.937819,0.961676,0.080528,1.000000,1.000000,0.000000,-0.091080
0.937792,0.961657,0.080383,1.000000,1.000000,0.000000,-0.091079
0.937765,0.961637,0.080238,1.000000,1.000000,0.000000,-0.091077
0.937737,0.961618,0.080093,1.000000,1.000000,0.000000,-0.091075
0.937710,0.961599,0.079949,1.000000,1.000000,0.000000,-0.091074
0.937683,0.961580,0.079804,1.000000,1.000000,0.000000,-0.091072
0.937656,0.961561,0.079660,1.000000,1.000000,0.000000,-0.091070
0.937628,0.961542,0.079516,1.000000,1.000000,0.000000,-0.091068
0.937601,0.961523,0.079372,1.000000,1.000000,0.000000,-0.091067
0.937574,0.961503,0.079228,1.000000,1.000000,0.000000,-0.091065
0.937546,0.961484,0.079084,1.000000,1.000000,0.000000,-0.091063
0.937519,0.961465,0.078940,1.000000,1.000000,0.000000,-0.091062
0.937492,0.961446,0.078797,1.000000,1.000000,0.000000,-0.091060
0.937464,0.961427,0.078653,1.000000,1.000000,0.000000,-0.091058
0.937437,0.961408,0.078510,1.000000,1.000000,0.000000,-0.091056
0.937410,0.961389,0.078366,1.000000,1.000000,0.000000,-0.091054
0.937383,0.961370,0.078223,1.000000,1.000000,0.000000,-0.091052
0.937355,0.961351,0.078080,1.000000,1.000000,0.000000,-0.091051
0.937328,0.961332,0.077937,1.000000,1.000000,0.000000,-0.091049
0.937301,0.961313,0.077795,1.000000,1.000000,0.000000,-0.091047
0.937274,0.961294,0.077652,1.000000,1.000000,0.000000,-0.091045
0.937246,0.961275,0.077509,1.000000,1.000000,0.000000,-0.091043
0.937219,0.961256,0.077367,1.000000,1.000000,0.000000,-0.091041
0.937192,0.961237,0.077224,1.000000,1.000000,0.000000,-0.091040
0.937164,0.961218,0.077082,1.000000,1.000000,0.000000,-0.091038
0.937137,0.961199,0.076939,1.000000,1.000000,0.000000,-0.091036
0.937110,0.961180,0.076797,1.000000,1.000000,0.000000,-0.091034
0.937083,0.961161,0.076655,1.000000,1.000000,0.000000,-0.091032
0.937055,0.961142,0.076513,1.000000,1.000000,0.000000,-0.091030
0.937028,0.961123,0.076371,1.000000,1.000000,0.000000,-0.091029
0.937001,0.961104,0.076229,1.000000,1.000000,0.000000,-0.091027
0.936974,0.961085,0.076087,1.000000,1.000000,0.000000,-0.091025
0.936946,0.961066,0.075946,1.000000,1.000000,0.000000,-0.091023
0.936919,0.961047,0.075804,1.000000,1.000000,0.000000,-0.091021
0.936892,0.961028,0.075662,1.000000,1.000000,0.000000,-0.091019
0.936864,0.961009,0.075521,1.000000,1.000000,0.000000,-0.091018
0.936837,0.960990,0.075379,1.000000,1.000000,0.000000,-0.091016
0.936810,0.960971,0.075238,1.000000,1.000000,0.000000,-0.091014
0.936783,0.960952,0.075096,1.000000,1.000000,0.000000,-0.091012
0.936755,0.960933,0.074955,1.000000,1.000000,0.000000,-0.091010
0.936728,0.960914,0.074814,1.000000,1.000000,0.000000,-0.091008
0.936701,0.960895,0.074672,1.000000,1.000000,0.000000,-0.091006
0.936674,0.960876,0.074531,1.000000,1.000000,0.000000,-0.091005
0.936646,0.960857,0.074390,1.000000,1.000000,0.000000,-0.091003
0.936619,0.960838,0.074249,1.000000,1.000000,0.000000,-0.091001
0.936592,0.960819,0.074108,1.000000,1.000000,0.000000,-0.090999
0.936565,0.960800,0.073967,1.000000,1.000000,0.000000,-0.090997
0.936537,0.960781,0.073826,1.000000,1.000000,0.000000,-0.090995
0.936510,0.960762,0.073685,1.000000,1.000000,0.000000,-0.090994
0.936483,0.960743,0.073544,1.000000,1.000000,0.000000,-0.090992
0.936456,0.960724,0.073404,1.000000,1.000000,0.000000,-0.090990
0.936428,0.960706,0.073263,1.000000,1.000000,0.000000,-0.090988
0.936401,0.960687,0.073122,1.000000,1.000000,0.000000,-0.090987
0.936374,0.960668,0.072982,1.000000,1.000000,0.000000,-0.090985
0.936346,0.960649,0.072841,1.000000,1.000000,0.000000,-0.090983
0.936319,0.960630,0.072701,1.000000,1.000000,0.000000,-0.090981
0.936292,0.960611,0.072560,1.000000,1.000000,0.000000,-0.090979
0.936265,0.960592,0.072420,1.000000,1.000000,0.000000,-0.090977
0.936237,0.960573,0.072280,1.000000,1.000000,0.000000,-0.090976
0.936210,0.960554,0.072139,1.000000,1.000000,0.000000,-0.090974
0.936183,0.960535,0.071999,1.000000,1.000000,0.000000,-0.090972
0.936156,0.960517,0.071859,1.000000,1.000000,0.000000,-0.090970
0.936128,0.960498,0.071719,1.000000,1.000000,0.000000,-0.090968
0.936101,0.960479,0.071579,1.000000,1.000000,0.000000,-0.090965
0.936074,0.960460,0.071439,1.000000,1.000000,0.000000,-0.090962
0.936047,0.960441,0.071299,1.000000,1.000000,0.000000,-0.090959
0.936019,0.960422,0.071159,1.000000,1.000000,0.000000,-0.090957
0.935992,0.960403,0.071019,1.000000,1.000000,0.000000,-0.090955
0.935965,0.960384,0.070880,1.000000,1.000000,0.000000,-0.090953
0.935938,0.960366,0.070740,1.000000,1.000000,0.000000,-0.090951
0.935910,0.960347,0.070600,1.000000,1.000000,0.000000,-0.090949
0.935883,0.960328,0.070461,1.000000,1.000000,0.000000,-0.090947
0.935856,0.960309,0.070321,1.000000,1.000000,0.000000,-0.090945
0.935829,0.960290,0.070182,1.000000,1.000000,0.000000,-0.090943
0.935801,0.960271,0.070042,1.000000,1.000000,0.000000,-0.090942
0.935774,0.960252,0.069903,1.000000,1.000000,0.000000,-0.090940
0.935747,0.960234,0.069763,1.000000,1.000000,0.000000,-0.090938
0.935720,0.960215,0.069624,1.000000,1.000000,0.000000,-0.090936
0.935692,0.960196,0.069485,1.000000,1.000000,0.000000,-0.090935
0.935665,0.960177,0.069346,1.000000,1.000000,0.000000,-0.090933
0.935638,0.960158,0.069207,1.000000,1.000000,0.000000,-0.090932
0.935610,0.960140,0.069068,1.000000,1.000000,0.000000,-0.090930
0.935583,0.960121,0.068929,1.000000,1.000000,0.000000,-0.090928
0.935556,0.960102,0.068790,1.000000,1.000000,0.000000,-0.090927
0.935529,0.960083,0.068651,1.000000,1.000000,0.000000,-0.090925
0.935501,0.960064,0.068512,1.000000,1.000000,0.000000,-0.090923
0.935474,0.960046,0.068374,1.000000,1.000000,0.000000,-0.090922
0.935447,0.960027,0.068235,1.000000,1.000000,0.000000,-0.090920
0.935420,0.960008,0.068097,1.000000,1.000000,0.000000,-0.090918
0.935393,0.959989,0.067959,1.000000,1.000000,0.000000,-0.090917
0.935365,0.959970,0.067820,1.000000,1.000000,0.000000,-0.090915
0.935338,0.959952,0.067682,1.000000,1.000000,0.000000,-0.090913
0.935311,0.959933,0.067544,1.000000,1.000000,0.000000,-0.090912
0.935283,0.959914,0.067406,1.000000,1.000000,0.000000,-0.090910
0.935256,0.959895,0.067268,1.000000,1.000000,0.000000,-0.090908
0.935229,0.959877,0.067131,1.000000,1.000000,0.000000,-0.090907
0.935202,0.959858,0.066993,1.000000,1.000000,0.000000,-0.090905
0.935174,0.959839,0.066855,1.000000,1.000000,0.000000,-0.090903
0.935147,0.959820,0.066718,1.000000,1.000000,0.000000,-0.090901
0.935120,0.959801,0.066581,1.000000,1.000000,0.000000,-0.090899
0.935093,0.959783,0.066444,1.000000,1.000000,0.000000,-0.090898
0.935065,0.959764,0.066307,1.000000,1.000000,0.000000,-0.090896
0.935038,0.959745,0.066170,1.000000,1.000000,0.000000,-0.090894
0.935011,0.959726,0.066033,1.000000,1.000000,0.000000,-0.090892
0.934984,0.959708,0.065896,1.000000,1.000000,0.000000,-0.090891
0.934957,0.959689,0.065760,1.000000,1.000000,0.000000,-0.090888
0.934929,0.959670,0.065623,1.000000,1.000000,0.000000,-0.090887
0.934902,0.959651,0.065487,1.000000,1.000000,0.000000,-0.090885
0.934875,0.959633,0.065351,1.000000,1.000000,0.000000,-0.090883
0.934848,0.959614,0.065215,1.000000,1.000000,0.000000,-0.090881
0.934820,0.959595,0.065079,1.000000,1.000000,0.000000,-0.090880
0.934793,0.959576,0.064943,1.000000,1.000000,0.000000,-0.090878
0.934766,0.959558,0.064807,1.000000,1.000000,0.000000,-0.090876
0.934739,0.959539,0.064672,1.000000,1.000000,0.000000,-0.090874
0.934711,0.959520,0.064536,1.000000,1.000000,0.000000,-0.090872
0.934684,0.959502,0.064401,1.000000,1.000000,0.000000,-0.090870
0.934657,0.959483,0.064266,1.000000,1.000000,0.000000,-0.090869
0.934630,0.959464,0.064131,1.000000,1.000000,0.000000,-0.090867
0.934602,0.959445,0.063996,1.000000,1.000000,0.000000,-0.090865
0.934575,0.959427,0.063862,1.000000,1.000000,0.000000,-0.090863
0.934548,0.959408,0.063727,1.000000,1.000000,0.000000,-0.090861
0.934521,0.959389,0.063593,1.000000,1.000000,0.000000,-0.090859
0.934493,0.959371,0.063459,1.000000,1.000000,0.000000,-0.090858
0.934466,0.959352,0.063324,1.000000,1.000000,0.000000,-0.090856
0.934439,0.959333,0.063191,1.000000,1.000000,0.000000,-0.090854
0.934412,0.959314,0.063057,1.000000,1.000000,0.000000,-0.090852
0.934385,0.959296,0.062923,1.000000,1.000000,0.000000,-0.090851
0.934357,0.959277,0.062790,1.000000,1.000000,0.000000,-0.090849
0.934330,0.959258,0.062656,1.000000,1.000000,0.000000,-0.090847
0.934303,0.959240,0.062523,1.000000,1.000000,0.000000,-0.090845
0.934276,0.959222,0.062390,1.000000,1.000000,0.000000,-0.090843
0.934248,0.959204,0.062258,1.000000,1.000000,0.000000,-0.090841
0.934221,0.959186,0.062125,1.000000,1.000000,0.000000,-0.090840
0.934194,0.959168,0.061992,1.000000,1.000000,0.000000,-0.090838
0.934167,0.959150,0.061860,1.000000,1.000000,0.000000,-0.090836
0.934139,0.959131,0.061728,1.000000,1.000000,0.000000,-0.090834
0.934112,0.959113,0.061596,1.000000,1.000000,0.000000,-0.090832
0.934085,0.959095,0.061464,1.000000,1.000000,0.000000,-0.090830
0.934058,0.959077,0.061333,1.000000,1.000000,0.000000,-0.090829
0.934030,0.959059,0.061201,1.000000,1.000000,0.000000,-0.090827
0.934003,0.959041,0.061070,1.000000,1.000000,0.000000,-0.090825
0.933976,0.959023,0.060939,1.000000,1.000000,0.000000,-0.090823
0.933949,0.959005,0.060808,1.000000,1.000000,0.000000,-0.090821
0.933922,0.958987,0.060677,1.000000,1.000000,0.000000,-0.090820
0.933894,0.958969,0.060546,1.000000,1.000000,0.000000,-0.090818
0.933867,0.958951,0.060416,1.000000,1.000000,0.000000,-0.090816
0.933840,0.958933,0.060286,1.000000,1.000000,0.000000,-0.090814
0.933813,0.958915,0.060156,1.000000,1.000000,0.000000,-0.090813
0.933785,0.958897,0.060026,1.000000,1.000000,0.000000,-0.090811
0.933758,0.958879,0.059896,1.000000,1.000000,0.000000,-0.090809
0.933731,0.958861,0.059766,1.000000,1.000000,0.000000,-0.090807
0.933704,0.958843,0.059637,1.000000,1.000000,0.000000,-0.090805
0.933676,0.958825,0.059508,1.000000,1.000000,0.000000,-0.090804
0.933649,0.958807,0.059379,1.000000,1.000000,0.000000,-0.090802
0.933622,0.958789,0.059250,1.000000,1.000000,0.000000,-0.090800
0.933595,0.958771,0.059121,1.000000,1.000000,0.000000,-0.090798
0.933568,0.958753,0.058993,1.000000,1.000000,0.000000,-0.090796
0.933540,0.958735,0.058865,1.000000,1.000000,0.000000,-0.090795
0.933513,0.958717,0.058737,1.000000,1.000000,0.000000,-0.090793
0.933486,0.958699,0.058609,1.000000,1.000000,0.000000,-0.090791
0.933459,0.958681,0.058481,1.000000,1.000000,0.000000,-0.090790
0.933432,0.958664,0.058354,1.000000,1.000000,0.000000,-0.090788
0.933404,0.958646,0.058226,1.000000,1.000000,0.000000,-0.090786
0.933377,0.958628,0.058099,1.000000,1.000000,0.000000,-0.090786
0.933350,0.958610,0.057972,1.000000,1.000000,0.000000,-0.090785
0.933323,0.958592,0.057846,1.000000,1.000000,0.000000,-0.090782
0.933295,0.958574,0.057719,1.000000,1.000000,0.000000,-0.090778
0.933268,0.958556,0.057593,1.000000,1.000000,0.000000,-0.090775
0.933241,0.958538,0.057467,1.000000,1.000000,0.000000,-0.090773
0.933214,0.958521,0.057341,1.000000,1.000000,0.000000,-0.090770
0.933186,0.958503,0.057215,1.000000,1.000000,0.000000,-0.090767
0.933159,0.958485,0.057089,1.000000,1.000000,0.000000,-0.090765
0.933132,0.958467,0.056964,1.000000,1.000000,0.000000,-0.090762
0.933105,0.958449,0.056839,1.000000,1.000000,0.000000,-0.090760
0.933078,0.958431,0.056714,1.000000,1.000000,0.000000,-0.090758
0.933050,0.958413,0.056589,1.000000,1.000000,0.000000,-0.090756
0.933023,0.958395,0.056464,1.000000,1.000000,0.000000,-0.090754
0.932996,0.958378,0.056340,1.000000,1.000000,0.000000,-0.090752
0.932969,0.958360,0.056215,1.000000,1.000000,0.000000,-0.090750
0.932941,0.958342,0.056091,1.000000,1.000000,0.000000,-0.090748
0.932914,0.958324,0.055967,1.000000,1.000000,0.000000,-0.090747
0.932887,0.958306,0.055844,1.000000,1.000000,0.000000,-0.090745
0.932860,0.958288,0.055720,1.000000,1.000000,0.000000,-0.090743
0.932833,0.958271,0.055597,1.000000,1.000000,0.000000,-0.090741
0.932805,0.958253,0.055474,1.000000,1.000000,0.000000,-0.090740
0.932778,0.958235,0.055351,1.000000,1.000000,0.000000,-0.090738
0.932751,0.958217,0.055228,1.000000,1.000000,0.000000,-0.090737
0.932724,0.958199,0.055106,1.000000,1.000000,0.000000,-0.090735
0.932697,0.958181,0.054983,1.000000,1.000000,0.000000,-0.090733
0.932669,0.958163,0.054861,1.000000,1.000000,0.000000,-0.090732
0.932642,0.958146,0.054739,1.000000,1.000000,0.000000,-0.090730
0.932615,0.958128,0.054617,1.000000,1.000000,0.000000,-0.090728
0.932588,0.958110,0.054495,1.000000,1.000000,0.000000,-0.090727
0.932560,0.958092,0.054373,1.000000,1.000000,0.000000,-0.090725
0.932533,0.958074,0.054252,1.000000,1.000000,0.000000,-0.090723
0.932506,0.958057,0.054130,1.000000,1.000000,0.000000,-0.090721
0.932479,0.958039,0.054009,1.000000,1.000000,0.000000,-0.090720
0.932452,0.958021,0.053888,1.000000,1.000000,0.000000,-0.090718
0.932424,0.958003,0.053767,1.000000,1.000000,0.000000,-0.090717
0.932397,0.957985,0.053646,1.000000,1.000000,0.000000,-0.090715
0.932370,0.957968,0.053525,1.000000,1.000000,0.000000,-0.090713
0.932343,0.957950,0.053405,1.000000,1.000000,0.000000,-0.090711
0.932316,0.957932,0.053284,1.000000,1.000000,0.000000,-0.090709
0.932288,0.957914,0.053164,1.000000,1.000000,0.000000,-0.090708
0.932261,0.957896,0.053044,1.000000,1.000000,0.000000,-0.090706
0.932234,0.957879,0.052924,1.000000,1.000000,0.000000,-0.090704
0.932207,0.957861,0.052804,1.000000,1.000000,0.000000,-0.090702
0.932179,0.957843,0.052684,1.000000,1.000000,0.000000,-0.090701
0.932152,0.957825,0.052564,1.000000,1.000000,0.000000,-0.090699
0.932125,0.957807,0.052444,1.000000,1.000000,0.000000,-0.090697
0.932098,0.957790,0.052325,1.000000,1.000000,0.000000,-0.090695
0.932071,0.957772,0.052205,1.000000,1.000000,0.000000,-0.090693
0.932043,0.957754,0.052086,1.000000,1.000000,0.000000,-0.090692
0.932016,0.957736,0.051966,1.000000,1.000000,0.000000,-0.090690
0.931989,0.957719,0.051847,1.000000,1.000000,0.000000,-0.090688
0.931962,0.957701,0.051728,1.000000,1.000000,0.000000,-0.090686
0.931935,0.957683,0.051609,1.000000,1.000000,0.000000,-0.090684
0.931908,0.957665,0.051490,1.000000,1.000000,0.000000,-0.090682
0.931880,0.957648,0.051371,1.000000,1.000000,0.000000,-0.090681
0.931853,0.957630,0.051253,1.000000,1.000000,0.000000,-0.090679
0.931826,0.957612,0.051134,1.000000,1.000000,0.000000,-0.090677
0.931799,0.957594,0.051015,1.000000,1.000000,0.000000,-0.090675
0.931771,0.957577,0.050897,1.000000,1.000000,0.000000,-0.090673
0.931744,0.957559,0.050778,1.000000,1.000000,0.000000,-0.090672
0.931717,0.957541,0.050660,1.000000,1.000000,0.000000,-0.090670
0.931690,0.957523,0.050542,1.000000,1.000000,0.000000,-0.090668
0.931663,0.957506,0.050423,1.000000,1.000000,0.000000,-0.090666
0.931635,0.957488,0.050305,1.000000,1.000000,0.000000,-0.090664
0.931608,0.957470,0.050187,1.000000,1.000000,0.000000,-0.090663
0.931581,0.957453,0.050069,1.000000,1.000000,0.000000,-0.090661
0.931554,0.957435,0.049951,1.000000,1.000000,0.000000,-0.090659
0.931527,0.957417,0.049834,1.000000,1.000000,0.000000,-0.090657
0.931499,0.957399,0.049716,1.000000,1.000000,0.000000,-0.090655
0.931472,0.957382,0.049598,1.000000,1.000000,0.000000,-0.090654
0.931445,0.957364,0.049480,1.000000,1.000000,0.000000,-0.090652
0.931418,0.957346,0.049363,1.000000,1.000000,0.000000,-0.090650
0.931391,0.957329,0.049245,1.000000,1.000000,0.000000,-0.090648
0.931363,0.957311,0.049128,1.000000,1.000000,0.000000,-0.090647
0.931336,0.957293,0.049011,1.000000,1.000000,0.000000,-0.090645
0.931309,0.957276,0.048893,1.000000,1.000000,0.000000,-0.090643
0.931282,0.957258,0.048776,1.000000,1.000000,0.000000,-0.090641
0.931255,0.957240,0.048659,1.000000,1.000000,0.000000,-0.090640
0.931227,0.957223,0.048542,1.000000,1.000000,0.000000,-0.090638
0.931200,0.957205,0.048425,1.000000,1.000000,0.000000,-0.090636
0.931173,0.957187,0.048308,1.000000,1.000000,0.000000,-0.090634
0.931146,0.957170,0.048191,1.000000,1.000000,0.000000,-0.090632
0.931119,0.957152,0.048074,1.000000,1.000000,0.000000,-0.090631
0.931091,0.957134,0.047957,1.000000,1.000000,0.000000,-0.090629
0.931064,0.957117,0.047841,1.000000,1.000000,0.000000,-0.090627
0.931037,0.957099,0.047724,1.000000,1.000000,0.000000,-0.090625
0.931010,0.957081,0.047607,1.000000,1.000000,0.000000,-0.090623
0.930983,0.957064,0.047491,1.000000,1.000000,0.000000,-0.090622
0.930956,0.957046,0.047374,1.000000,1.000000,0.000000,-0.090620
0.930928,0.957029,0.047258,1.000000,1.000000,0.000000,-0.090618
0.930901,0.957011,0.047142,1.000000,1.000000,0.000000,-0.090616
0.930874,0.956993,0.047025,1.000000,1.000000,0.000000,-0.090614
0.930847,0.956976,0.046909,1.000000,1.000000,0.000000,-0.090613
0.930820,0.956958,0.046793,1.000000,1.000000,0.000000,-0.090609
0.930792,0.956941,0.046677,1.000000,1.000000,0.000000,-0.090606
0.930765,0.956923,0.046561,1.000000,1.000000,0.000000,-0.090605
0.930738,0.956905,0.046445,1.000000,1.000000,0.000000,-0.090602
0.930711,0.956888,0.046329,1.000000,1.000000,0.000000,-0.090600
0.930684,0.956870,0.046214,1.000000,1.000000,0.000000,-0.090598
0.930656,0.956853,0.046098,1.000000,1.000000,0.000000,-0.090596
0.930629,0.956835,0.045982,1.000000,1.000000,0.000000,-0.090594
0.930602,0.956817,0.045867,1.000000,1.000000,0.000000,-0.090592
0.930575,0.956800,0.045751,1.000000,1.000000,0.000000,-0.090591
0.930548,0.956782,0.045636,1.000000,1.000000,0.000000,-0.090589
0.930520,0.956765,0.045520,1.000000,1.000000,0.000000,-0.090587
0.930493,0.956747,0.045405,1.000000,1.000000,0.000000,-0.090585
0.930466,0.956730,0.045290,1.000000,1.000000,0.000000,-0.090584
0.930439,0.956712,0.045175,1.000000,1.000000,0.000000,-0.090582
0.930412,0.956694,0.045059,1.000000,1.000000,0.000000,-0.090580
0.930385,0.956677,0.044944,1.000000,1.000000,0.000000,-0.090579
0.930357,0.956659,0.044830,1.000000,1.000000,0.000000,-0.090577
0.930330,0.956642,0.044715,1.000000,1.000000,0.000000,-0.090575
0.930303,0.956624,0.044600,1.000000,1.000000,0.000000,-0.090574
0.930276,0.956607,0.044485,1.000000,1.000000,0.000000,-0.090572
0.930249,0.956589,0.044371,1.000000,1.000000,0.000000,-0.090570
0.930221,0.956572,0.044256,1.000000,1.000000,0.000000,-0.090569
0.930194,0.956554,0.044142,1.000000,1.000000,0.000000,-0.090567
0.930167,0.956536,0.044027,1.000000,1.000000,0.000000,-0.090566
0.930140,0.956519,0.043913,1.000000,1.000000,0.000000,-0.090564
0.930113,0.956501,0.043799,1.000000,1.000000,0.000000,-0.090562
0.930086,0.956484,0.043685,1.000000,1.000000,0.000000,-0.090560
0.930058,0.956466,0.043571,1.000000,1.000000,0.000000,-0.090559
0.930031,0.956449,0.043457,1.000000,1.000000,0.000000,-0.090557
0.930004,0.956431,0.043343,1.000000,1.000000,0.000000,-0.090555
0.929977,0.956414,0.043229,1.000000,1.000000,0.000000,-0.090554
0.929950,0.956396,0.043116,1.000000,1.000000,0.000000,-0.090552
0.929922,0.956379,0.043002,1.000000,1.000000,0.000000,-0.090550
0.929895,0.956361,0.042889,1.000000,1.000000,0.000000,-0.090548
0.929868,0.956344,0.042775,1.000000,1.000000,0.000000,-0.090546
0.929841,0.956326,0.042662,1.000000,1.000000,0.000000,-0.090545
0.929814,0.956309,0.042549,1.000000,1.000000,0.000000,-0.090543
0.929787,0.956291,0.042436,1.000000,1.000000,0.000000,-0.090541
0.929759,0.956274,0.042323,1.000000,1.000000,0.000000,-0.090539
0.929732,0.956256,0.042211,1.000000,1.000000,0.000000,-0.090537
0.929705,0.956239,0.042098,1.000000,1.000000,0.000000,-0.090535
0.929678,0.956221,0.041986,1.000000,1.000000,0.000000,-0.090534
0.929651,0.956204,0.041873,1.000000,1.000000,0.000000,-0.090532
0.929624,0.956186,0.041761,1.000000,1.000000,0.000000,-0.090530
0.929596,0.956169,0.041649,1.000000,1.000000,0.000000,-0.090528
0.929569,0.956151,0.041537,1.000000,1.000000,0.000000,-0.090526
0.929542,0.956134,0.041425,1.000000,1.000000,0.000000,-0.090525
0.929515,0.956116,0.041313,1.000000,1.000000,0.000000,-0.090523
0.929488,0.956099,0.041201,1.000000,1.000000,0.000000,-0.090521
0.929461,0.956082,0.041090,1.000000,1.000000,0.000000,-0.090519
0.929433,0.956064,0.040978,1.000000,1.000000,0.000000,-0.090517
0.929406,0.956047,0.040867,1.000000,1.000000,0.000000,-0.090515
0.929379,0.956029,0.040756,1.000000,1.000000,0.000000,-0.090514
0.929352,0.956012,0.040645,1.000000,1.000000,0.000000,-0.090512
0.929325,0.955994,0.040534,1.000000,1.000000,0.000000,-0.090510
0.929298,0.955977,0.040423,1.000000,1.000000,0.000000,-0.090508
0.929270,0.955959,0.040313,1.000000,1.000000,0.000000,-0.090506
0.929243,0.955942,0.040202,1.000000,1.000000,0.000000,-0.090505
0.929216,0.955925,0.040092,1.000000,1.000000,0.000000,-0.090503
0.929189,0.955907,0.039982,1.000000,1.000000,0.000000,-0.090501
0.929162,0.955890,0.039872,1.000000,1.000000,0.000000,-0.090499
0.929134,0.955872,0.039762,1.000000,1.000000,0.000000,-0.090497
0.929107,0.955855,0.039652,1.000000,1.000000,0.000000,-0.090496
0.929080,0.955837,0.039542,1.000000,1.000000,0.000000,-0.090494
0.929053,0.955820,0.039433,1.000000,1.000000,0.000000,-0.090492
0.929026,0.955803,0.039323,1.000000,1.000000,0.000000,-0.090490
0.928999,0.955785,0.039214,1.000000,1.000000,0.000000,-0.090488
0.928972,0.955768,0.039105,1.000000,1.000000,0.000000,-0.090487
0.928944,0.955750,0.038996,1.000000,1.000000,0.000000,-0.090485
0.928917,0.955733,0.038887,1.000000,1.000000,0.000000,-0.090483
0.928890,0.955716,0.038779,1.000000,1.000000,0.000000,-0.090481
0.928863,0.955698,0.038670,1.000000,1.000000,0.000000,-0.090479
0.928836,0.955681,0.038562,1.000000,1.000000,0.000000,-0.090478
0.928809,0.955663,0.038453,1.000000,1.000000,0.000000,-0.090476
0.928781,0.955646,0.038345,1.000000,1.000000,0.000000,-0.090474
0.928754,0.955629,0.038237,1.000000,1.000000,0.000000,-0.090472
0.928727,0.955611,0.038129,1.000000,1.000000,0.000000,-0.090470
0.928700,0.955594,0.038022,1.000000,1.000000,0.000000,-0.090469
0.928673,0.955577,0.037914,1.000000,1.000000,0.000000,-0.090467
0.928646,0.955559,0.037807,1.000000,1.000000,0.000000,-0.090465
0.928618,0.955542,0.037699,1.000000,1.000000,0.000000,-0.090463
0.928591,0.955525,0.037592,1.000000,1.000000,0.000000,-0.090462
0.928564,0.955507,0.037485,1.000000,1.000000,0.000000,-0.090460
0.928537,0.955490,0.037379,1.000000,1.000000,0.000000,-0.090458
0.928510,0.955472,0.037272,1.000000,1.000000,0.000000,-0.090456
0.928483,0.955455,0.037166,1.000000,1.000000,0.000000,-0.090454
0.928455,0.955438,0.037059,1.000000,1.000000,0.000000,-0.090453
0.928428,0.955420,0.036953,1.000000,1.000000,0.000000,-0.090451
0.928401,0.955403,0.036847,1.000000,1.000000,0.000000,-0.090449
0.928374,0.955386,0.036741,1.000000,1.000000,0.000000,-0.090447
0.928347,0.955368,0.036635,1.000000,1.000000,0.000000,-0.090445
0.928320,0.955351,0.036530,1.000000,1.000000,0.000000,-0.090444
0.928293,0.955334,0.036424,1.000000,1.000000,0.000000,-0.090442
0.928265,0.955316,0.036319,1.000000,1.000000,0.000000,-0.090440
0.928238,0.955299,0.036214,1.000000,1.000000,0.000000,-0.090438
0.928211,0.955282,0.036109,1.000000,1.000000,0.000000,-0.090437
0.928184,0.955264,0.036004,1.000000,1.000000,0.000000,-0.090435
0.928157,0.955247,0.035899,1.000000,1.000000,0.000000,-0.090433
0.928130,0.955230,0.035795,1.000000,1.000000,0.000000,-0.090431
0.928102,0.955213,0.035690,1.000000,1.000000,0.000000,-0.090429
0.928075,0.955195,0.035586,1.000000,1.000000,0.000000,-0.090428
0.928048,0.955178,0.035482,1.000000,1.000000,0.000000,-0.090428
0.928021,0.955161,0.035378,1.000000,1.000000,0.000000,-0.090426
0.927994,0.955143,0.035274,1.000000,1.000000,0.000000,-0.090422
0.927967,0.955126,0.035170,1.000000,1.000000,0.000000,-0.090419
0.927939,0.955109,0.035067,1.000000,1.000000,0.000000,-0.090416
0.927912,0.955091,0.034963,1.000000,1.000000,0.000000,-0.090414
0.927885,0.955074,0.034859,1.000000,1.000000,0.000000,-0.090411
0.927858,0.955057,0.034755,1.000000,1.000000,0.000000,-0.090409
0.927831,0.955040,0.034652,1.000000,1.000000,0.000000,-0.090407
0.927804,0.955022,0.034548,1.000000,1.000000,0.000000,-0.090405
0.927777,0.955005,0.034445,1.000000,1.000000,0.000000,-0.090402
0.927749,0.954988,0.034341,1.000000,1.000000,0.000000,-0.090400
0.927722,0.954970,0.034238,1.000000,1.000000,0.000000,-0.090399
0.927695,0.954953,0.034134,1.000000,1.000000,0.000000,-0.090397
0.927668,0.954936,0.034031,1.000000,1.000000,0.000000,-0.090395
0.927641,0.954919,0.033928,1.000000,1.000000,0.000000,-0.090393
0.927614,0.954901,0.033824,1.000000,1.000000,0.000000,-0.090391
0.927587,0.954884,0.033721,1.000000,1.000000,0.000000,-0.090390
0.927559,0.954867,0.033618,1.000000,1.000000,0.000000,-0.090388
0.927532,0.954849,0.033515,1.000000,1.000000,0.000000,-0.090386
0.927505,0.954832,0.033411,1.000000,1.000000,0.000000,-0.090385
0.927478,0.954815,0.033308,1.000000,1.000000,0.000000,-0.090383
0.927451,0.954798,0.033205,1.000000,1.000000,0.000000,-0.090381
0.927424,0.954780,0.033102,1.000000,1.000000,0.000000,-0.090379
0.927397,0.954763,0.032999,1.000000,1.000000,0.000000,-0.090378
0.927369,0.954746,0.032896,1.000000,1.000000,0.000000,-0.090376
0.927342,0.954729,0.032793,1.000000,1.000000,0.000000,-0.090375
0.927315,0.954711,0.032690,1.000000,1.000000,0.000000,-0.090373
0.927288,0.954694,0.032588,1.000000,1.000000,0.000000,-0.090371
0.927261,0.954677,0.032485,1.000000,1.000000,0.000000,-0.090370
0.927234,0.954660,0.032382,1.000000,1.000000,0.000000,-0.090368
0.927207,0.954642,0.032279,1.000000,1.000000,0.000000,-0.090366
0.927179,0.954625,0.032177,1.000000,1.000000,0.000000,-0.090364
0.927152,0.954608,0.032074,1.000000,1.000000,0.000000,-0.090363
0.927125,0.954591,0.031971,1.000000,1.000000,0.000000,-0.090361
0.927098,0.954574,0.031869,1.000000,1.000000,0.000000,-0.090359
0.927071,0.954556,0.031766,1.000000,1.000000,0.000000,-0.090357
0.927044,0.954539,0.031664,1.000000,1.000000,0.000000,-0.090356
0.927017,0.954522,0.031561,1.000000,1.000000,0.000000,-0.090354
0.926989,0.954505,0.031459,1.000000,1.000000,0.000000,-0.090352
0.926962,0.954487,0.031357,1.000000,1.000000,0.000000,-0.090350
0.926935,0.954470,0.031254,1.000000,1.000000,0.000000,-0.090349
0.926908,0.954453,0.031152,1.000000,1.000000,0.000000,-0.090347
0.926881,0.954436,0.031050,1.000000,1.000000,0.000000,-0.090345
0.926854,0.954419,0.030948,1.000000,1.000000,0.000000,-0.090343
0.926827,0.954401,0.030846,1.000000,1.000000,0.000000,-0.090342
0.926799,0.954384,0.030743,1.000000,1.000000,0.000000,-0.090340
0.926772,0.954367,0.030641,1.000000,1.000000,0.000000,-0.090338
0.926745,0.954350,0.030539,1.000000,1.000000,0.000000,-0.090336
0.926718,0.954332,0.030437,1.000000,1.000000,0.000000,-0.090334
0.926691,0.954315,0.030335,1.000000,1.000000,0.000000,-0.090332
0.926664,0.954298,0.030233,1.000000,1.000000,0.000000,-0.090331
0.926637,0.954281,0.030132,1.000000,1.000000,0.000000,-0.090329
0.926609,0.954264,0.030030,1.000000,1.000000,0.000000,-0.090327
0.926582,0.954246,0.029928,1.000000,1.000000,0.000000,-0.090325
0.926555,0.954229,0.029826,1.000000,1.000000,0.000000,-0.090323
0.926528,0.954212,0.029724,1.000000,1.000000,0.000000,-0.090321
0.926501,0.954195,0.029623,1.000000,1.000000,0.000000,-0.090320
0.926474,0.954178,0.029521,1.000000,1.000000,0.000000,-0.090318
0.926447,0.954161,0.029420,1.000000,1.000000,0.000000,-0.090316
0.926420,0.954143,0.029318,1.000000,1.000000,0.000000,-0.090314
0.926392,0.954126,0.029217,1.000000,1.000000,0.000000,-0.090313
0.926365,0.954109,0.029115,1.000000,1.000000,0.000000,-0.090311
0.926338,0.954092,0.029014,1.000000,1.000000,0.000000,-0.090309
0.926311,0.954075,0.028912,1.000000,1.000000,0.000000,-0.090307
0.926284,0.954058,0.028811,1.000000,1.000000,0.000000,-0.090305
0.926257,0.954041,0.028710,1.000000,1.000000,0.000000,-0.090303
0.926230,0.954023,0.028609,1.000000,1.000000,0.000000,-0.090301
0.926203,0.954006,0.028507,1.000000,1.000000,0.000000,-0.090300
0.926175,0.953989,0.028406,1.000000,1.000000,0.000000,-0.090298
0.926148,0.953972,0.028305,1.000000,1.000000,0.000000,-0.090296
0.926121,0.953955,0.028204,1.000000,1.000000,0.000000,-0.090292
0.926094,0.953938,0.028103,1.000000,1.000000,0.000000,-0.090290
0.926067,0.953921,0.028002,1.000000,1.000000,0.000000,-0.090288
0.926040,0.953903,0.027901,1.000000,1.000000,0.000000,-0.090285
0.926013,0.953886,0.027800,1.000000,1.000000,0.000000,-0.090283
0.925985,0.953869,0.027699,1.000000,1.000000,0.000000,-0.090281
0.925958,0.953852,0.027598,1.000000,1.000000,0.000000,-0.090279
0.925931,0.953835,0.027498,1.000000,1.000000,0.000000,-0.090277
0.925904,0.953818,0.027397,1.000000,1.000000,0.000000,-0.090275
0.925877,0.953801,0.027296,1.000000,1.000000,0.000000,-0.090273
0.925850,0.953784,0.027196,1.000000,1.000000,0.000000,-0.090272
0.925823,0.953767,0.027095,1.000000,1.000000,0.000000,-0.090270
0.925796,0.953750,0.026994,1.000000,1.000000,0.000000,-0.090268
0.925769,0.953733,0.026894,1.000000,1.000000,0.000000,-0.090266
0.925741,0.953716,0.026793,1.000000,1.000000,0.000000,-0.090265
0.925714,0.953698,0.026693,1.000000,1.000000,0.000000,-0.090263
0.925687,0.953681,0.026592,1.000000,1.000000,0.000000,-0.090261
0.925660,0.953664,0.026492,1.000000,1.000000,0.000000,-0.090260
0.925633,0.953647,0.026392,1.000000,1.000000,0.000000,-0.090258
0.925606,0.953630,0.026291,1.000000,1.000000,0.000000,-0.090256
0.925579,0.953613,0.026191,1.000000,1.000000,0.000000,-0.090255
0.925552,0.953596,0.026091,1.000000,1.000000,0.000000,-0.090254
0.925524,0.953579,0.025991,1.000000,1.000000,0.000000,-0.090252
0.925497,0.953562,0.025891,1.000000,1.000000,0.000000,-0.090250
0.925470,0.953545,0.025791,1.000000,1.000000,0.000000,-0.090248
0.925443,0.953528,0.025691,1.000000,1.000000,0.000000,-0.090247
0.925416,0.953511,0.025591,1.000000,1.000000,0.000000,-0.090245
0.925389,0.953494,0.025491,1.000000,1.000000,0.000000,-0.090244
0.925362,0.953477,0.025391,1.000000,1.000000,0.000000,-0.090242
0.925335,0.953460,0.025291,1.000000,1.000000,0.000000,-0.090241
0.925308,0.953443,0.025191,1.000000,1.000000,0.000000,-0.090239
0.925280,0.953426,0.025091,1.000000,1.000000,0.000000,-0.090237
0.925253,0.953409,0.024991,1.000000,1.000000,0.000000,-0.090235
0.925226,0.953392,0.024892,1.000000,1.000000,0.000000,-0.090234
0.925199,0.953375,0.024792,1.000000,1.000000,0.000000,-0.090232
0.925172,0.953358,0.024692,1.000000,1.000000,0.000000,-0.090230
0.925145,0.953341,0.024593,1.000000,1.000000,0.000000,-0.090229
0.925118,0.953324,0.024493,1.000000,1.000000,0.000000,-0.090227
0.925091,0.953307,0.024394,1.000000,1.000000,0.000000,-0.090225
0.925063,0.953290,0.024294,1.000000,1.000000,0.000000,-0.090224
0.925036,0.953273,0.024195,1.000000,1.000000,0.000000,-0.090222
0.925009,0.953256,0.024096,1.000000,1.000000,0.000000,-0.090220
0.924982,0.953239,0.023996,1.000000,1.000000,0.000000,-0.090218
0.924955,0.953222,0.023897,1.000000,1.000000,0.000000,-0.090216
0.924928,0.953205,0.023798,1.000000,1.000000,0.000000,-0.090215
0.924901,0.953188,0.023699,1.000000,1.000000,0.000000,-0.090213
0.924874,0.953171,0.023599,1.000000,1.000000,0.000000,-0.090211
0.924847,0.953154,0.023500,1.000000,1.000000,0.000000,-0.090209
0.924820,0.953137,0.023401,1.000000,1.000000,0.000000,-0.090207
0.924792,0.953120,0.023302,1.000000,1.000000,0.000000,-0.090206
0.924765,0.953103,0.023203,1.000000,1.000000,0.000000,-0.090204
0.924738,0.953086,0.023104,1.000000,1.000000,0.000000,-0.090202
0.924711,0.953069,0.023006,1.000000,1.000000,0.000000,-0.090201
0.924684,0.953052,0.022907,1.000000,1.000000,0.000000,-0.090199
0.924657,0.953035,0.022808,1.000000,1.000000,0.000000,-0.090197
0.924630,0.953018,0.022709,1.000000,1.000000,0.000000,-0.090195
0.924603,0.953001,0.022610,1.000000,1.000000,0.000000,-0.090193
0.924576,0.952984,0.022512,1.000000,1.000000,0.000000,-0.090192
0.924548,0.952967,0.022413,1.000000,1.000000,0.000000,-0.090190
0.924521,0.952950,0.022314,1.000000,1.000000,0.000000,-0.090188
0.924494,0.952933,0.022216,1.000000,1.000000,0.000000,-0.090186
0.924467,0.952916,0.022117,1.000000,1.000000,0.000000,-0.090185
0.924440,0.952899,0.022019,1.000000,1.000000,0.000000,-0.090183
0.924413,0.952882,0.021921,1.000000,1.000000,0.000000,-0.090181
0.924386,0.952865,0.021822,1.000000,1.000000,0.000000,-0.090179
0.924359,0.952848,0.021724,1.000000,1.000000,0.000000,-0.090177
0.924331,0.952831,0.021626,1.000000,1.000000,0.000000,-0.090176
0.924304,0.952815,0.021527,1.000000,1.000000,0.000000,-0.090174
0.924277,0.952798,0.021429,1.000000,1.000000,0.000000,-0.090172
0.924250,0.952781,0.021331,1.000000,1.000000,0.000000,-0.090171
0.924223,0.952764,0.021233,1.000000,1.000000,0.000000,-0.090169
0.924196,0.952747,0.021135,1.000000,1.000000,0.000000,-0.090167
0.924169,0.952730,0.021037,1.000000,1.000000,0.000000,-0.090165
0.924142,0.952713,0.020939,1.000000,1.000000,0.000000,-0.090163
0.924115,0.952696,0.020841,1.000000,1.000000,0.000000,-0.090162
0.924088,0.952679,0.020743,1.000000,1.000000,0.000000,-0.090160
0.924061,0.952662,0.020645,1.000000,1.000000,0.000000,-0.090158
0.924033,0.952645,0.020547,1.000000,1.000000,0.000000,-0.090156
0.924006,0.952628,0.020449,1.000000,1.000000,0.000000,-0.090154
0.923979,0.952612,0.020352,1.000000,1.000000,0.000000,-0.090153
0.923952,0.952595,0.020254,1.000000,1.000000,0.000000,-0.090151
0.923925,0.952578,0.020156,1.000000,1.000000,0.000000,-0.090149
0.923898,0.952561,0.020059,1.000000,1.000000,0.000000,-0.090148
0.923871,0.952544,0.019961,1.000000,1.000000,0.000000,-0.090146
0.923844,0.952527,0.019864,1.000000,1.000000,0.000000,-0.090144
0.923817,0.952510,0.019766,1.000000,1.000000,0.000000,-0.090142
0.923790,0.952493,0.019669,1.000000,1.000000,0.000000,-0.090141
0.923763,0.952476,0.019571,1.000000,1.000000,0.000000,-0.090139
0.923735,0.952460,0.019474,1.000000,1.000000,0.000000,-0.090137
0.923708,0.952443,0.019377,1.000000,1.000000,0.000000,-0.090135
0.923681,0.952426,0.019279,1.000000,1.000000,0.000000,-0.090133
0.923654,0.952409,0.019182,1.000000,1.000000,0.000000,-0.090132
0.923627,0.952392,0.019085,1.000000,1.000000,0.000000,-0.090130
0.923600,0.952375,0.018988,1.000000,1.000000,0.000000,-0.090128
0.923573,0.952358,0.018891,1.000000,1.000000,0.000000,-0.090126
0.923546,0.952342,0.018794,1.000000,1.000000,0.000000,-0.090124
0.923519,0.952325,0.018697,1.000000,1.000000,0.000000,-0.090123
0.923492,0.952308,0.018600,1.000000,1.000000,0.000000,-0.090121
0.923464,0.952291,0.018503,1.000000,1.000000,0.000000,-0.090119
0.923437,0.952274,0.018406,1.000000,1.000000,0.000000,-0.090118
0.923410,0.952258,0.018309,1.000000,1.000000,0.000000,-0.090116
0.923383,0.952241,0.018212,1.000000,1.000000,0.000000,-0.090114
0.923356,0.952224,0.018115,1.000000,1.000000,0.000000,-0.090113
0.923329,0.952207,0.018019,1.000000,1.000000,0.000000,-0.090111
0.923302,0.952190,0.017922,1.000000,1.000000,0.000000,-0.090109
0.923275,0.952173,0.017825,1.000000,1.000000,0.000000,-0.090107
0.923248,0.952157,0.017729,1.000000,1.000000,0.000000,-0.090105
0.923221,0.952140,0.017632,1.000000,1.000000,0.000000,-0.090104
0.923194,0.952123,0.017535,1.000000,1.000000,0.000000,-0.090102
0.923166,0.952106,0.017439,1.000000,1.000000,0.000000,-0.090100
0.923139,0.952089,0.017342,1.000000,1.000000,0.000000,-0.090098
0.923112,0.952073,0.017246,1.000000,1.000000,0.000000,-0.090097
0.923085,0.952056,0.017150,1.000000,1.000000,0.000000,-0.090095
0.923058,0.952039,0.017053,1.000000,1.000000,0.000000,-0.090093
0.923031,0.952022,0.016957,1.000000,1.000000,0.000000,-0.090091
0.923004,0.952005,0.016861,1.000000,1.000000,0.000000,-0.090089
0.922977,0.951989,0.016765,1.000000,1.000000,0.000000,-0.090088
0.922950,0.951972,0.016669,1.000000,1.000000,0.000000,-0.090086
0.922923,0.951955,0.016572,1.000000,1.000000,0.000000,-0.090084
0.922896,0.951938,0.016476,1.000000,1.000000,0.000000,-0.090083
0.922868,0.951922,0.016380,1.000000,1.000000,0.000000,-0.090081
0.922841,0.951905,0.016284,1.000000,1.000000,0.000000,-0.090079
0.922814,0.951888,0.016188,1.000000,1.000000,0.000000,-0.090077
0.922787,0.951871,0.016093,1.000000,1.000000,0.000000,-0.090076
0.922760,0.951855,0.015997,1.000000,1.000000,0.000000,-0.090074
0.922733,0.951838,0.015901,1.000000,1.000000,0.000000,-0.090072
0.922706,0.951821,0.015805,1.000000,1.000000,0.000000,-0.090070
0.922679,0.951804,0.015709,1.000000,1.000000,0.000000,-0.090069
0.922652,0.951787,0.015614,1.000000,1.000000,0.000000,-0.090067
0.922625,0.951771,0.015518,1.000000,1.000000,0.000000,-0.090065
0.922598,0.951754,0.015422,1.000000,1.000000,0.000000,-0.090063
0.922571,0.951737,0.015327,1.000000,1.000000,0.000000,-0.090062
0.922543,0.951720,0.015231,1.000000,1.000000,0.000000,-0.090060
0.922516,0.951704,0.015136,1.000000,1.000000,0.000000,-0.090058
0.922489,0.951687,0.015040,1.000000,1.000000,0.000000,-0.090056
0.922462,0.951670,0.014945,1.000000,1.000000,0.000000,-0.090055
0.922435,0.951653,0.014849,1.000000,1.000000,0.000000,-0.090053
0.922408,0.951637,0.014754,1.000000,1.000000,0.000000,-0.090051
0.922381,0.951620,0.014659,1.000000,1.000000,0.000000,-0.090049
0.922354,0.951603,0.014563,1.000000,1.000000,0.000000,-0.090048
0.922327,0.951587,0.014468,1.000000,1.000000,0.000000,-0.090046
0.922300,0.951570,0.014373,1.000000,1.000000,0.000000,-0.090044
0.922273,0.951553,0.014278,1.000000,1.000000,0.000000,-0.090042
0.922246,0.951536,0.014183,1.000000,1.000000,0.000000,-0.090041
0.922219,0.951520,0.014088,1.000000,1.000000,0.000000,-0.090039
0.922191,0.951503,0.013993,1.000000,1.000000,0.000000,-0.090037
0.922164,0.951486,0.013898,1.000000,1.000000,0.000000,-0.090035
0.922137,0.951470,0.013803,1.000000,1.000000,0.000000,-0.090034
0.922110,0.951453,0.013708,1.000000,1.000000,0.000000,-0.090032
0.922083,0.951436,0.013613,1.000000,1.000000,0.000000,-0.090030
0.922056,0.951419,0.013518,1.000000,1.000000,0.000000,-0.090028
0.922029,0.951403,0.013423,1.000000,1.000000,0.000000,-0.090027
0.922002,0.951386,0.013329,1.000000,1.000000,0.000000,-0.090025
0.921975,0.951369,0.013234,1.000000,1.000000,0.000000,-0.090023
0.921948,0.951352,0.013139,1.000000,1.000000,0.000000,-0.090021
0.921921,0.951336,0.013045,1.000000,1.000000,0.000000,-0.090020
0.921894,0.951319,0.012950,1.000000,1.000000,0.000000,-0.090018
0.921867,0.951302,0.012856,1.000000,1.000000,0.000000,-0.090016
0.921840,0.951286,0.012761,1.000000,1.000000,0.000000,-0.090014
0.921812,0.951269,0.012667,1.000000,1.000000,0.000000,-0.090012
0.921785,0.951252,0.012572,1.000000,1.000000,0.000000,-0.090011
0.921758,0.951236,0.012478,1.000000,1.000000,0.000000,-0.090009
0.921731,0.951219,0.012384,1.000000,1.000000,0.000000,-0.090007
0.921704,0.951202,0.012289,1.000000,1.000000,0.000000,-0.090006
0.921677,0.951186,0.012195,1.000000,1.000000,0.000000,-0.090004
0.921650,0.951169,0.012101,1.000000,1.000000,0.000000,-0.090002
0.921623,0.951152,0.012007,1.000000,1.000000,0.000000,-0.090000
0.921596,0.951136,0.011912,1.000000,1.000000,0.000000,-0.089999
0.921569,0.951119,0.011818,1.000000,1.000000,0.000000,-0.089997
0.921542,0.951102,0.011724,1.000000,1.000000,0.000000,-0.089995
0.921515,0.951086,0.011630,1.000000,1.000000,0.000000,-0.089993
0.921488,0.951069,0.011536,1.000000,1.000000,0.000000,-0.089992
0.921461,0.951052,0.011442,1.000000,1.000000,0.000000,-0.089990
0.921433,0.951036,0.011349,1.000000,1.000000,0.000000,-0.089988
0.921406,0.951019,0.011255,1.000000,1.000000,0.000000,-0.089986
0.921379,0.951003,0.011161,1.000000,1.000000,0.000000,-0.089985
0.921352,0.950986,0.011067,1.000000,1.000000,0.000000,-0.089983
0.921325,0.950969,0.010973,1.000000,1.000000,0.000000,-0.089981
0.921298,0.950953,0.010880,1.000000,1.000000,0.000000,-0.089979
0.921271,0.950936,0.010786,1.000000,1.000000,0.000000,-0.089977
0.921244,0.950919,0.010693,1.000000,1.000000,0.000000,-0.089976
0.921217,0.950903,0.010599,1.000000,1.000000,0.000000,-0.089974
0.921190,0.950886,0.010506,1.000000,1.000000,0.000000,-0.089972
0.921163,0.950870,0.010412,1.000000,1.000000,0.000000,-0.089971
0.921136,0.950853,0.010319,1.000000,1.000000,0.000000,-0.089969
0.921109,0.950836,0.010225,1.000000,1.000000,0.000000,-0.089967
0.921082,0.950820,0.010132,1.000000,1.000000,0.000000,-0.089965
0.921055,0.950803,0.010039,1.000000,1.000000,0.000000,-0.089964
0.921027,0.950787,0.009945,1.000000,1.000000,0.000000,-0.089962
0.921000,0.950770,0.009852,1.000000,1.000000,0.000000,-0.089960
0.920973,0.950754,0.009759,1.000000,1.000000,0.000000,-0.089958
0.920946,0.950737,0.009666,1.000000,1.000000,0.000000,-0.089957
0.920919,0.950720,0.009573,1.000000,1.000000,0.000000,-0.089955
0.920892,0.950704,0.009480,1.000000,1.000000,0.000000,-0.089953
0.920865,0.950687,0.009387,1.000000,1.000000,0.000000,-0.089952
0.920838,0.950671,0.009294,1.000000,1.000000,0.000000,-0.089950
0.920811,0.950654,0.009201,1.000000,1.000000,0.000000,-0.089948
0.920784,0.950638,0.009108,1.000000,1.000000,0.000000,-0.089946
0.920757,0.950621,0.009015,1.000000,1.000000,0.000000,-0.089944
0.920730,0.950605,0.008922,1.000000,1.000000,0.000000,-0.089942
0.920703,0.950588,0.008830,1.000000,1.000000,0.000000,-0.089941
0.920676,0.950571,0.008737,1.000000,1.000000,0.000000,-0.089939
0.920649,0.950555,0.008644,1.000000,1.000000,0.000000,-0.089937
0.920622,0.950538,0.008552,1.000000,1.000000,0.000000,-0.089936
0.920595,0.950522,0.008459,1.000000,1.000000,0.000000,-0.089934
0.920568,0.950505,0.008367,1.000000,1.000000,0.000000,-0.089932
0.920541,0.950489,0.008274,1.000000,1.000000,0.000000,-0.089930
0.920513,0.950472,0.008182,0.999195,1.000000,0.000000,-0.089929
0.920486,0.950456,0.008089,0.998618,1.000000,0.000000,-0.089927
0.920459,0.950439,0.007997,0.997793,1.000000,0.000000,-0.089925
0.920432,0.950423,0.007905,0.996974,1.000000,0.000000,-0.089923
0.920405,0.950406,0.007812,0.996157,1.000000,0.000000,-0.089921
0.920378,0.950390,0.007720,0.995341,1.000000,0.000000,-0.089920
0.920351,0.950373,0.007628,0.994525,1.000000,0.000000,-0.089918
0.920324,0.950357,0.007536,0.993708,1.000000,0.000000,-0.089916
0.920297,0.950340,0.007444,0.992890,1.000000,0.000000,-0.089914
0.920270,0.950324,0.007352,0.992072,1.000000,0.000000,-0.089913
0.920243,0.950307,0.007259,0.991254,1.000000,0.000000,-0.089911
0.920216,0.950291,0.007168,0.990437,1.000000,0.000000,-0.089909
0.920189,0.950274,0.007076,0.989618,1.000000,0.000000,-0.089907
0.920162,0.950257,0.006984,0.988800,1.000000,0.000000,-0.089905
0.920135,0.950241,0.006892,0.987981,1.000000,0.000000,-0.089904
0.920108,0.950225,0.006800,0.987161,1.000000,0.000000,-0.089902
0.920081,0.950208,0.006708,0.986341,1.000000,0.000000,-0.089900
0.920054,0.950191,0.006617,0.985521,1.000000,0.000000,-0.089898
0.920027,0.950175,0.006525,0.984701,1.000000,0.000000,-0.089897
0.920000,0.950158,0.006433,0.983881,1.000000,0.000000,-0.089895
0.919972,0.950142,0.006342,0.983059,1.000000,0.000000,-0.089893
0.919945,0.950125,0.006250,0.982239,1.000000,0.000000,-0.089891
0.919918,0.950109,0.006159,0.981417,1.000000,0.000000,-0.089889
0.919891,0.950092,0.006067,0.980595,1.000000,0.000000,-0.089888
0.919864,0.950076,0.005976,0.979774,1.000000,0.000000,-0.089886
0.919837,0.950060,0.005884,0.978952,1.000000,0.000000,-0.089884
0.919810,0.950043,0.005793,0.978130,1.000000,0.000000,-0.089883
0.919783,0.950027,0.005702,0.977307,1.000000,0.000000,-0.089881
0.919756,0.950010,0.005610,0.976484,1.000000,0.000000,-0.089879
0.919729,0.949994,0.005519,0.975661,1.000000,0.000000,-0.089877
0.919702,0.949977,0.005428,0.974838,1.000000,0.000000,-0.089875
0.919675,0.949961,0.005337,0.974015,1.000000,0.000000,-0.089874
0.919648,0.949944,0.005246,0.973192,1.000000,0.000000,-0.089872
0.919621,0.949928,0.005155,0.972368,1.000000,0.000000,-0.089870
0.919594,0.949911,0.005064,0.971544,1.000000,0.000000,-0.089868
0.919567,0.949895,0.004973,0.970721,1.000000,0.000000,-0.089866
0.919540,0.949878,0.004882,0.969897,1.000000,0.000000,-0.089865
0.919513,0.949862,0.004791,0.969074,1.000000,0.000000,-0.089863
0.919486,0.949845,0.004700,0.968250,1.000000,0.000000,-0.089861
0.919459,0.949829,0.004609,0.967426,1.000000,0.000000,-0.089859
0.919432,0.949812,0.004519,0.966601,1.000000,0.000000,-0.089857
0.919405,0.949796,0.004428,0.965776,1.000000,0.000000,-0.089856
0.919378,0.949780,0.004337,0.964952,1.000000,0.000000,-0.089854
0.919350,0.949763,0.004247,0.964127,1.000000,0.000000,-0.089852
0.919323,0.949747,0.004156,0.963302,1.000000,0.000000,-0.089850
0.919296,0.949730,0.004065,0.962477,1.000000,0.000000,-0.089848
0.919269,0.949714,0.003975,0.961652,1.000000,0.000000,-0.089847
0.919242,0.949697,0.003884,0.960826,1.000000,0.000000,-0.089845
0.919215,0.949681,0.003794,0.960000,1.000000,0.000000,-0.089843
0.919188,0.949664,0.003704,0.959174,1.000000,0.000000,-0.089841
0.919161,0.949648,0.003613,0.958349,1.000000,0.000000,-0.089839
0.919134,0.949632,0.003523,0.957522,1.000000,0.000000,-0.089838
0.919107,0.949615,0.003433,0.956696,1.000000,0.000000,-0.089836
0.919080,0.949599,0.003343,0.955869,1.000000,0.000000,-0.089834
0.919053,0.949582,0.003253,0.955043,1.000000,0.000000,-0.089832
0.919026,0.949566,0.003162,0.954216,1.000000,0.000000,-0.089831
0.918999,0.949549,0.003072,0.953390,1.000000,0.000000,-0.089829
0.918972,0.949533,0.002982,0.952563,1.000000,0.000000,-0.089827
0.918945,0.949517,0.002892,0.951735,1.000000,0.000000,-0.089825
0.918918,0.949500,0.002802,0.950908,1.000000,0.000000,-0.089824
0.918891,0.949484,0.002713,0.950081,1.000000,0.000000,-0.089822
0.918864,0.949467,0.002623,0.949253,1.000000,0.000000,-0.089820
0.918837,0.949451,0.002533,0.948426,1.000000,0.000000,-0.089818
0.918810,0.949435,0.002443,0.947599,1.000000,0.000000,-0.089817
0.918783,0.949418,0.002353,0.946772,1.000000,0.000000,-0.089815
0.918756,0.949402,0.002264,0.945945,1.000000,0.000000,-0.089813
0.918729,0.949386,0.002174,0.945118,1.000000,0.000000,-0.089812
0.918702,0.949369,0.002085,0.944290,1.000000,0.000000,-0.089810
0.918675,0.949353,0.001995,0.943462,1.000000,0.000000,-0.089808
0.918648,0.949336,0.001905,0.942635,1.000000,0.000000,-0.089806
0.918621,0.949320,0.001816,0.941807,1.000000,0.000000,-0.089805
0.918594,0.949304,0.001727,0.940979,1.000000,0.000000,-0.089803
0.918567,0.949287,0.001637,0.940152,1.000000,0.000000,-0.089801
0.918540,0.949271,0.001548,0.939324,1.000000,0.000000,-0.089799
0.918513,0.949255,0.001459,0.938496,1.000000,0.000000,-0.089798
0.918485,0.949238,0.001369,0.937667,1.000000,0.000000,-0.089796
0.918458,0.949222,0.001280,0.936839,1.000000,0.000000,-0.089794
0.918431,0.949206,0.001191,0.936011,1.000000,0.000000,-0.089792
0.918404,0.949189,0.001102,0.935183,1.000000,0.000000,-0.089791
0.918377,0.949173,0.001013,0.934355,1.000000,0.000000,-0.089789
0.918350,0.949157,0.000924,0.933527,1.000000,0.000000,-0.089787
0.918323,0.949140,0.000835,0.932699,1.000000,0.000000,-0.089785
0.918296,0.949124,0.000746,0.931871,1.000000,0.000000,-0.089784
0.918269,0.949108,0.000657,0.931043,1.000000,0.000000,-0.089782
0.918242,0.949091,0.000568,0.930214,1.000000,0.000000,-0.089780
0.918215,0.949075,0.000479,0.929387,1.000000,0.000000,-0.089778
0.918188,0.949059,0.000390,0.928559,1.000000,0.000000,-0.089777
0.918161,0.949043,0.000302,0.927731,1.000000,0.000000,-0.089775
0.918134,0.949026,0.000213,0.926902,1.000000,0.000000,-0.089773
0.918107,0.949010,0.000124,0.926074,1.000000,0.000000,-0.089772
0.918080,0.948994,0.000036,0.925246,1.000000,0.000000,-0.089770
0.918053,0.948978,-0.000053,0.924418,1.000000,0.000000,-0.089768
0.918026,0.948961,-0.000141,0.923590,1.000000,0.000000,-0.089766
0.917999,0.948945,-0.000230,0.922763,1.000000,0.000000,-0.089765
0.917972,0.948929,-0.000318,0.921936,1.000000,0.000000,-0.089763
0.917945,0.948913,-0.000407,0.921108,1.000000,0.000000,-0.089761
0.917918,0.948896,-0.000495,0.920281,1.000000,0.000000,-0.089759
0.917891,0.948880,-0.000583,0.919454,1.000000,0.000000,-0.089758
0.917864,0.948864,-0.000671,0.918626,1.000000,0.000000,-0.089756
0.917837,0.948848,-0.000760,0.917799,1.000000,0.000000,-0.089754
0.917810,0.948832,-0.000848,0.916973,1.000000,0.000000,-0.089753
0.917783,0.948815,-0.000936,0.916145,1.000000,0.000000,-0.089751
0.917756,0.948799,-0.001024,0.915318,1.000000,0.000000,-0.089749
0.917729,0.948783,-0.001112,0.914491,1.000000,0.000000,-0.089747
0.917702,0.948767,-0.001200,0.913665,1.000000,0.000000,-0.089746
0.917675,0.948751,-0.001288,0.912838,1.000000,0.000000,-0.089744
0.917648,0.948734,-0.001376,0.912012,1.000000,0.000000,-0.089741
0.917621,0.948718,-0.001464,0.911185,1.000000,0.000000,-0.089741
0.917594,0.948702,-0.001552,0.910359,1.000000,0.000000,-0.089741
0.917567,0.948686,-0.001640,0.909532,1.000000,0.000000,-0.089741
0.917540,0.948670,-0.001727,0.908706,1.000000,0.000000,-0.089740
0.917513,0.948654,-0.001815,0.907880,1.000000,0.000000,-0.089739
0.917486,0.948637,-0.001903,0.907054,1.000000,0.000000,-0.089738
0.917459,0.948621,-0.001990,0.906228,1.000000,0.000000,-0.089737
0.917432,0.948605,-0.002078,0.905403,1.000000,0.000000,-0.089736
0.917405,0.948589,-0.002166,0.904577,1.000000,0.000000,-0.089735
0.917378,0.948573,-0.002253,0.903752,1.000000,0.000000,-0.089734
0.917351,0.948557,-0.002341,0.902927,1.000000,0.000000,-0.089733
0.917324,0.948541,-0.002428,0.902103,1.000000,0.000000,-0.089731
0.917297,0.948525,-0.002516,0.901278,1.000000,0.000000,-0.089730
0.917270,0.948509,-0.002603,0.900454,1.000000,0.000000,-0.089729
0.917243,0.948493,-0.002690,0.899630,1.000000,0.000000,-0.089727
0.917216,0.948476,-0.002778,0.898806,1.000000,0.000000,-0.089726
0.917189,0.948460,-0.002865,0.897982,1.000000,0.000000,-0.089724
0.917162,0.948444,-0.002952,0.897158,1.000000,0.000000,-0.089723
0.917135,0.948428,-0.003039,0.896335,1.000000,0.000000,-0.089721
0.917108,0.948412,-0.003126,0.895511,1.000000,0.000000,-0.089719
0.917081,0.948396,-0.003213,0.894688,1.000000,0.000000,-0.089717
0.917054,0.948380,-0.003301,0.893865,1.000000,0.000000,-0.089715
0.917027,0.948364,-0.003388,0.893043,1.000000,0.000000,-0.089713
0.917000,0.948348,-0.003475,0.892220,1.000000,0.000000,-0.089711
0.916973,0.948332,-0.003561,0.891398,1.000000,0.000000,-0.089709
0.916946,0.948316,-0.003648,0.890576,1.000000,0.000000,-0.089707
0.916919,0.948300,-0.003735,0.889754,1.000000,0.000000,-0.089705
0.916892,0.948284,-0.003822,0.888933,1.000000,0.000000,-0.089704
0.916865,0.948268,-0.003909,0.888111,1.000000,0.000000,-0.089701
0.916837,0.948252,-0.003996,0.887290,1.000000,0.000000,-0.089700
0.916810,0.948236,-0.004082,0.886469,1.000000,0.000000,-0.089698
0.916784,0.948220,-0.004169,0.885649,1.000000,0.000000,-0.089695
0.916757,0.948204,-0.004256,0.884828,1.000000,0.000000,-0.089694
0.916730,0.948188,-0.004342,0.884008,1.000000,0.000000,-0.089692
0.916703,0.948172,-0.004429,0.883188,1.000000,0.000000,-0.089690
0.916675,0.948156,-0.004515,0.882369,1.000000,0.000000,-0.089688
0.916648,0.948140,-0.004602,0.881550,1.000000,0.000000,-0.089687
0.916622,0.948124,-0.004688,0.880731,1.000000,0.000000,-0.089685
0.916595,0.948108,-0.004775,0.879912,1.000000,0.000000,-0.089683
0.916568,0.948093,-0.004861,0.879094,1.000000,0.000000,-0.089682
0.916540,0.948077,-0.004947,0.878276,1.000000,0.000000,-0.089679
0.916513,0.948061,-0.005034,0.877458,1.000000,0.000000,-0.089678
0.916487,0.948045,-0.005120,0.876640,1.000000,0.000000,-0.089676
0.916460,0.948029,-0.005206,0.875823,1.000000,0.000000,-0.089675
0.916432,0.948013,-0.005292,0.875007,1.000000,0.000000,-0.089673
0.916406,0.947997,-0.005378,0.874190,1.000000,0.000000,-0.089670
0.916378,0.947981,-0.005464,0.873374,1.000000,0.000000,-0.089669
0.916351,0.947965,-0.005550,0.872558,1.000000,0.000000,-0.089667
0.916324,0.947949,-0.005636,0.871743,1.000000,0.000000,-0.089665
0.916297,0.947934,-0.005722,0.870928,1.000000,0.000000,-0.089663
0.916271,0.947918,-0.005808,0.870113,1.000000,0.000000,-0.089660
0.916243,0.947902,-0.005894,0.869298,1.000000,0.000000,-0.089658
0.916216,0.947886,-0.005980,0.868484,1.000000,0.000000,-0.089656
0.916189,0.947870,-0.006066,0.867671,1.000000,0.000000,-0.089653
0.916163,0.947854,-0.006152,0.866858,1.000000,0.000000,-0.089651
0.916136,0.947839,-0.006237,0.866045,1.000000,0.000000,-0.089649
0.916109,0.947823,-0.006323,0.865233,1.000000,0.000000,-0.089646
0.916081,0.947807,-0.006409,0.864421,1.000000,0.000000,-0.089644
0.916054,0.947791,-0.006497,0.863609,1.000000,0.000000,-0.089641
0.916028,0.947775,-0.006586,0.862798,1.000000,0.000000,-0.089639
0.916001,0.947760,-0.006675,0.861988,1.000000,0.000000,-0.089636
0.915974,0.947744,-0.006764,0.861178,1.000000,0.000000,-0.089634
0.915946,0.947728,-0.006854,0.860369,1.000000,0.000000,-0.089632
0.915920,0.947712,-0.006943,0.859560,1.000000,0.000000,-0.089629
0.915893,0.947697,-0.007032,0.858752,1.000000,0.000000,-0.089627
0.915866,0.947681,-0.007121,0.857945,1.000000,0.000000,-0.089624
0.915839,0.947665,-0.007210,0.857138,1.000000,0.000000,-0.089622
0.915812,0.947649,-0.007299,0.856332,1.000000,0.000000,-0.089620
0.915785,0.947634,-0.007388,0.855526,1.000000,0.000000,-0.089618
0.915758,0.947618,-0.007477,0.854721,1.000000,0.000000,-0.089616
0.915731,0.947602,-0.007566,0.853916,1.000000,0.000000,-0.089614
0.915704,0.947586,-0.007655,0.853113,1.000000,0.000000,-0.089611
0.915677,0.947571,-0.007744,0.852310,1.000000,0.000000,-0.089609
0.915650,0.947555,-0.007833,0.851507,1.000000,0.000000,-0.089607
0.915623,0.947539,-0.007921,0.850705,1.000000,0.000000,-0.089605
0.915596,0.947523,-0.008010,0.849904,1.000000,0.000000,-0.089603
0.915569,0.947508,-0.008099,0.849104,1.000000,0.000000,-0.089601
0.915542,0.947492,-0.008187,0.848304,1.000000,0.000000,-0.089599
0.915515,0.947476,-0.008276,0.847506,1.000000,0.000000,-0.089597
0.915488,0.947461,-0.008364,0.846707,1.000000,0.000000,-0.089595
0.915461,0.947445,-0.008453,0.845910,1.000000,0.000000,-0.089593
0.915434,0.947429,-0.008541,0.845113,1.000000,0.000000,-0.089591
0.915407,0.947414,-0.008630,0.844317,1.000000,0.000000,-0.089589
0.915380,0.947398,-0.008718,0.843522,1.000000,0.000000,-0.089588
0.915353,0.947382,-0.008806,0.842728,1.000000,0.000000,-0.089585
0.915326,0.947367,-0.008895,0.841934,1.000000,0.000000,-0.089583
0.915299,0.947351,-0.008983,0.841141,1.000000,0.000000,-0.089582
0.915272,0.947335,-0.009071,0.840349,1.000000,0.000000,-0.089580
0.915245,0.947320,-0.009159,0.839557,1.000000,0.000000,-0.089578
0.915218,0.947304,-0.009247,0.838767,1.000000,0.000000,-0.089576
0.915191,0.947289,-0.009335,0.837977,1.000000,0.000000,-0.089574
0.915164,0.947273,-0.009423,0.837188,1.000000,0.000000,-0.089572
0.915137,0.947257,-0.009511,0.836399,1.000000,0.000000,-0.089570
0.915110,0.947242,-0.009599,0.835612,1.000000,0.000000,-0.089568
0.915083,0.947226,-0.009687,0.834825,1.000000,0.000000,-0.089566
0.915056,0.947210,-0.009775,0.834039,1.000000,0.000000,-0.089564
0.915029,0.947195,-0.009863,0.833253,1.000000,0.000000,-0.089562
0.915002,0.947179,-0.009951,0.832469,1.000000,0.000000,-0.089560
0.914975,0.947164,-0.010038,0.831685,1.000000,0.000000,-0.089558
0.914948,0.947148,-0.010126,0.830902,1.000000,0.000000,-0.089556
0.914921,0.947132,-0.010214,0.830120,1.000000,0.000000,-0.089554
0.914894,0.947117,-0.010301,0.829338,1.000000,0.000000,-0.089552
0.914867,0.947101,-0.010389,0.828558,1.000000,0.000000,-0.089550
0.914840,0.947085,-0.010476,0.827778,1.000000,0.000000,-0.089548
0.914813,0.947070,-0.010564,0.826999,1.000000,0.000000,-0.089546
0.914786,0.947054,-0.010651,0.826221,1.000000,0.000000,-0.089544
0.914759,0.947039,-0.010739,0.825443,1.000000,0.000000,-0.089542
0.914732,0.947023,-0.010826,0.824666,1.000000,0.000000,-0.089541
0.914705,0.947007,-0.010913,0.823890,1.000000,0.000000,-0.089539
0.914678,0.946992,-0.011001,0.823115,1.000000,0.000000,-0.089537
0.914651,0.946976,-0.011088,0.822341,1.000000,0.000000,-0.089535
0.914624,0.946961,-0.011175,0.821568,1.000000,0.000000,-0.089532
0.914597,0.946945,-0.011262,0.820795,1.000000,0.000000,-0.089529
0.914570,0.946929,-0.011349,0.820023,1.000000,0.000000,-0.089527
0.914543,0.946914,-0.011436,0.819252,1.000000,0.000000,-0.089523
0.914516,0.946898,-0.011523,0.818481,1.000000,0.000000,-0.089520
0.914490,0.946883,-0.011610,0.817712,1.000000,0.000000,-0.089517
0.914463,0.946867,-0.011697,0.816943,1.000000,0.000000,-0.089513
0.914436,0.946851,-0.011784,0.816175,1.000000,0.000000,-0.089508
0.914409,0.946836,-0.011871,0.815408,1.000000,0.000000,-0.089504
0.914382,0.946820,-0.011958,0.814641,1.000000,0.000000,-0.089499
0.914355,0.946805,-0.012045,0.813876,1.000000,0.000000,-0.089493
0.914328,0.946789,-0.012131,0.813111,1.000000,0.000000,-0.089490
0.914301,0.946773,-0.012218,0.812347,1.000000,0.000000,-0.089487
0.914274,0.946758,-0.012305,0.811584,1.000000,0.000000,-0.089483
0.914247,0.946742,-0.012391,0.810821,1.000000,0.000000,-0.089481
0.914220,0.946727,-0.012478,0.810059,1.000000,0.000000,-0.089478
0.914193,0.946711,-0.012564,0.809299,1.000000,0.000000,-0.089476
0.914166,0.946696,-0.012651,0.808538,1.000000,0.000000,-0.089473
0.914139,0.946680,-0.012737,0.807779,1.000000,0.000000,-0.089472
0.914112,0.946664,-0.012824,0.807020,1.000000,0.000000,-0.089470
0.914085,0.946649,-0.012910,0.806262,1.000000,0.000000,-0.089468
0.914058,0.946633,-0.012997,0.805505,1.000000,0.000000,-0.089466
0.914031,0.946618,-0.013083,0.804749,1.000000,0.000000,-0.089464
0.914004,0.946602,-0.013169,0.803994,1.000000,0.000000,-0.089462
0.913977,0.946587,-0.013255,0.803239,1.000000,0.000000,-0.089460
0.913950,0.946571,-0.013341,0.802485,1.000000,0.000000,-0.089458
0.913923,0.946555,-0.013428,0.801732,1.000000,0.000000,-0.089456
0.913896,0.946540,-0.013514,0.800979,1.000000,0.000000,-0.089460
0.913869,0.946524,-0.013600,0.800228,1.000000,0.000000,-0.089460
0.913842,0.946509,-0.013686,0.799477,1.000000,0.000000,-0.089459
0.913815,0.946493,-0.013772,0.798727,1.000000,0.000000,-0.089457
0.913788,0.946478,-0.013857,0.797978,1.000000,0.000000,-0.089454
0.913761,0.946462,-0.013943,0.797229,1.000000,0.000000,-0.089452
0.913734,0.946447,-0.014029,0.796481,1.000000,0.000000,-0.089450
0.913707,0.946431,-0.014115,0.795734,1.000000,0.000000,-0.089448
0.913680,0.946415,-0.014201,0.794988,1.000000,0.000000,-0.089446
0.913653,0.946400,-0.014286,0.794243,1.000000,0.000000,-0.089443
0.913626,0.946384,-0.014372,0.793498,1.000000,0.000000,-0.089441
0.913600,0.946369,-0.014458,0.792754,1.000000,0.000000,-0.089438
0.913573,0.946353,-0.014543,0.792011,1.000000,0.000000,-0.089435
0.913546,0.946338,-0.014629,0.791268,1.000000,0.000000,-0.089433
0.913519,0.946322,-0.014714,0.790527,1.000000,0.000000,-0.089430
0.913492,0.946307,-0.014799,0.789786,1.000000,0.000000,-0.089428
0.913465,0.946291,-0.014885,0.789045,1.000000,0.000000,-0.089425
0.913438,0.946276,-0.014970,0.788306,1.000000,0.000000,-0.089423
0.913411,0.946260,-0.015055,0.787567,1.000000,0.000000,-0.089426
0.913384,0.946245,-0.015141,0.786828,1.000000,0.000000,-0.089425
0.913357,0.946229,-0.015226,0.786091,1.000000,0.000000,-0.089422
0.913330,0.946214,-0.015311,0.785354,1.000000,0.000000,-0.089420
0.913303,0.946198,-0.015396,0.784617,1.000000,0.000000,-0.089417
0.913276,0.946183,-0.015481,0.783882,1.000000,0.000000,-0.089416
0.913249,0.946167,-0.015566,0.783146,1.000000,0.000000,-0.089414
0.913222,0.946152,-0.015651,0.782412,1.000000,0.000000,-0.089413
0.913195,0.946136,-0.015736,0.781678,1.000000,0.000000,-0.089411
0.913168,0.946121,-0.015821,0.780944,1.000000,0.000000,-0.089410
0.913141,0.946106,-0.015906,0.780211,1.000000,0.000000,-0.089409
0.913114,0.946090,-0.015991,0.779479,1.000000,0.000000,-0.089407
0.913087,0.946075,-0.016076,0.778747,1.000000,0.000000,-0.089406
0.913060,0.946059,-0.016160,0.778015,1.000000,0.000000,-0.089405
0.913033,0.946044,-0.016245,0.777285,1.000000,0.000000,-0.089403
0.913006,0.946028,-0.016330,0.776554,1.000000,0.000000,-0.089402
0.912980,0.946013,-0.016414,0.775825,1.000000,0.000000,-0.089400
0.912953,0.945998,-0.016499,0.775096,1.000000,0.000000,-0.089399
0.912926,0.945982,-0.016584,0.774367,1.000000,0.000000,-0.089398
0.912899,0.945967,-0.016668,0.773638,1.000000,0.000000,-0.089396
0.912872,0.945951,-0.016752,0.772911,1.000000,0.000000,-0.089394
0.912845,0.945936,-0.016837,0.772184,1.000000,0.000000,-0.089393
0.912818,0.945920,-0.016921,0.771457,1.000000,0.000000,-0.089391
0.912791,0.945905,-0.017006,0.770731,1.000000,0.000000,-0.089390
0.912764,0.945890,-0.017090,0.770005,1.000000,0.000000,-0.089388
0.912737,0.945874,-0.017174,0.769280,1.000000,0.000000,-0.089386
0.912710,0.945859,-0.017258,0.768555,1.000000,0.000000,-0.089384
0.912683,0.945844,-0.017342,0.767831,1.000000,0.000000,-0.089382
0.912656,0.945828,-0.017426,0.767108,1.000000,0.000000,-0.089381
0.912629,0.945813,-0.017510,0.766385,1.000000,0.000000,-0.089379
0.912602,0.945797,-0.017595,0.765662,1.000000,0.000000,-0.089377
0.912575,0.945782,-0.017678,0.764940,1.000000,0.000000,-0.089375
0.912548,0.945767,-0.017762,0.764219,1.000000,0.000000,-0.089373
0.912521,0.945751,-0.017846,0.763498,1.000000,0.000000,-0.089371
0.912494,0.945736,-0.017930,0.762778,1.000000,0.000000,-0.089369
0.912467,0.945721,-0.018014,0.762058,1.000000,0.000000,-0.089367
0.912441,0.945705,-0.018098,0.761339,1.000000,0.000000,-0.089365
0.912414,0.945690,-0.018181,0.760621,1.000000,0.000000,-0.089363
0.912387,0.945674,-0.018265,0.759903,1.000000,0.000000,-0.089361
0.912360,0.945659,-0.018349,0.759186,1.000000,0.000000,-0.089358
0.912333,0.945644,-0.018432,0.758469,1.000000,0.000000,-0.089356
0.912306,0.945628,-0.018516,0.757753,1.000000,0.000000,-0.089354
0.912279,0.945613,-0.018599,0.757038,1.000000,0.000000,-0.089352
0.912252,0.945598,-0.018683,0.756323,1.000000,0.000000,-0.089350
0.912225,0.945582,-0.018766,0.755608,1.000000,0.000000,-0.089348
0.912198,0.945567,-0.018849,0.754894,1.000000,0.000000,-0.089346
0.912171,0.945551,-0.018933,0.754181,1.000000,0.000000,-0.089344
0.912144,0.945536,-0.019016,0.753469,1.000000,0.000000,-0.089341
0.912117,0.945521,-0.019099,0.752757,1.000000,0.000000,-0.089339
0.912090,0.945505,-0.019182,0.752045,1.000000,0.000000,-0.089337
0.912063,0.945490,-0.019265,0.751334,1.000000,0.000000,-0.089335
0.912036,0.945474,-0.019348,0.750624,1.000000,0.000000,-0.089333
0.912009,0.945459,-0.019431,0.749915,1.000000,0.000000,-0.089331
0.911983,0.945444,-0.019514,0.749206,1.000000,0.000000,-0.089329
0.911956,0.945428,-0.019597,0.748497,1.000000,0.000000,-0.089327
0.911929,0.945413,-0.019680,0.747790,1.000000,0.000000,-0.089325
0.911902,0.945398,-0.019763,0.747082,1.000000,0.000000,-0.089323
0.911875,0.945382,-0.019846,0.746376,1.000000,0.000000,-0.089321
0.911848,0.945367,-0.019929,0.745670,1.000000,0.000000,-0.089319
0.911821,0.945351,-0.020011,0.744964,1.000000,0.000000,-0.089317
0.911794,0.945336,-0.020094,0.744260,1.000000,0.000000,-0.089316
0.911767,0.945321,-0.020177,0.743556,1.000000,0.000000,-0.089314
0.911740,0.945305,-0.020259,0.742852,1.000000,0.000000,-0.089312
0.911713,0.945290,-0.020342,0.742149,1.000000,0.000000,-0.089310
0.911686,0.945275,-0.020424,0.741447,1.000000,0.000000,-0.089308
0.911659,0.945259,-0.020507,0.740745,1.000000,0.000000,-0.089306
0.911632,0.945244,-0.020589,0.740044,1.000000,0.000000,-0.089304
0.911605,0.945229,-0.020672,0.739344,1.000000,0.000000,-0.089302
0.911578,0.945213,-0.020754,0.738644,1.000000,0.000000,-0.089301
0.911551,0.945198,-0.020836,0.737944,1.000000,0.000000,-0.089299
0.911525,0.945182,-0.020918,0.737246,1.000000,0.000000,-0.089297
0.911498,0.945167,-0.021001,0.736548,1.000000,0.000000,-0.089295
0.911471,0.945152,-0.021083,0.735851,1.000000,0.000000,-0.089293
0.911444,0.945136,-0.021165,0.735154,1.000000,0.000000,-0.089291
0.911417,0.945121,-0.021247,0.734458,1.000000,0.000000,-0.089289
0.911390,0.945105,-0.021329,0.733763,1.000000,0.000000,-0.089287
0.911363,0.945090,-0.021411,0.733068,1.000000,0.000000,-0.089286
0.911336,0.945075,-0.021493,0.732374,1.000000,0.000000,-0.089284
0.911309,0.945059,-0.021575,0.731680,1.000000,0.000000,-0.089287
0.911282,0.945044,-0.021656,0.730987,1.000000,0.000000,-0.089287
0.911255,0.945029,-0.021738,0.730295,1.000000,0.000000,-0.089285
0.911228,0.945013,-0.021820,0.729604,1.000000,0.000000,-0.089282
0.911201,0.944998,-0.021902,0.728913,1.000000,0.000000,-0.089280
0.911175,0.944982,-0.021983,0.728223,1.000000,0.000000,-0.089278
0.911147,0.944967,-0.022065,0.727533,1.000000,0.000000,-0.089275
0.911121,0.944952,-0.022146,0.726844,1.000000,0.000000,-0.089272
0.911094,0.944936,-0.022228,0.726156,1.000000,0.000000,-0.089269
0.911067,0.944921,-0.022309,0.725469,1.000000,0.000000,-0.089265
0.911040,0.944906,-0.022391,0.724782,1.000000,0.000000,-0.089261
0.911013,0.944890,-0.022472,0.724096,1.000000,0.000000,-0.089257
0.910986,0.944875,-0.022553,0.723410,1.000000,0.000000,-0.089253
0.910959,0.944860,-0.022635,0.722725,1.000000,0.000000,-0.089249
0.910932,0.944844,-0.022716,0.722041,1.000000,0.000000,-0.089244
0.910905,0.944829,-0.022797,0.721358,1.000000,0.000000,-0.089239
0.910878,0.944813,-0.022878,0.720675,1.000000,0.000000,-0.089234
0.910851,0.944798,-0.022959,0.719992,1.000000,0.000000,-0.089229
0.910824,0.944783,-0.023040,0.719311,1.000000,0.000000,-0.089224
0.910797,0.944767,-0.023121,0.718629,1.000000,0.000000,-0.089219
0.910771,0.944752,-0.023202,0.717949,1.000000,0.000000,-0.089214
0.910744,0.944736,-0.023283,0.717269,1.000000,0.000000,-0.089209
0.910717,0.944721,-0.023364,0.716589,1.000000,0.000000,-0.089204
0.910690,0.944706,-0.023445,0.715910,1.000000,0.000000,-0.089200
0.910663,0.944690,-0.023526,0.715231,1.000000,0.000000,-0.089196
0.910636,0.944675,-0.023607,0.714553,1.000000,0.000000,-0.089192
0.910609,0.944660,-0.023687,0.713876,1.000000,0.000000,-0.089187
0.910582,0.944644,-0.023768,0.713198,1.000000,0.000000,-0.089183
0.910555,0.944629,-0.023849,0.712521,1.000000,0.000000,-0.089180
0.910528,0.944614,-0.023929,0.711845,1.000000,0.000000,-0.089176
0.910501,0.944598,-0.024010,0.711169,1.000000,0.000000,-0.089172
0.910474,0.944583,-0.024090,0.710493,1.000000,0.000000,-0.089169
0.910448,0.944567,-0.024171,0.709817,1.000000,0.000000,-0.089166
0.910421,0.944552,-0.024251,0.709142,1.000000,0.000000,-0.089163
0.910394,0.944537,-0.024332,0.708467,1.000000,0.000000,-0.089160
0.910367,0.944521,-0.024412,0.707793,1.000000,0.000000,-0.089156
0.910340,0.944506,-0.024492,0.707119,1.000000,0.000000,-0.089154
0.910313,0.944491,-0.024572,0.706444,1.000000,0.000000,-0.089151
0.910286,0.944475,-0.024653,0.705771,1.000000,0.000000,-0.089149
0.910259,0.944460,-0.024733,0.705097,1.000000,0.000000,-0.089146
0.910232,0.944444,-0.024813,0.704424,1.000000,0.000000,-0.089145
0.910205,0.944429,-0.024893,0.703751,1.000000,0.000000,-0.089141
0.910178,0.944414,-0.024973,0.703078,1.000000,0.000000,-0.089136
0.910151,0.944398,-0.025053,0.702405,1.000000,0.000000,-0.089134
0.910125,0.944383,-0.025133,0.701733,1.000000,0.000000,-0.089132
0.910098,0.944368,-0.025213,0.701061,1.000000,0.000000,-0.089130
0.910071,0.944352,-0.025293,0.700389,1.000000,0.000000,-0.089128
0.910044,0.944337,-0.025373,0.699717,1.000000,0.000000,-0.089126
0.910017,0.944321,-0.025452,0.699045,1.000000,0.000000,-0.089124
0.909990,0.944306,-0.025532,0.698374,1.000000,0.000000,-0.089122
0.909963,0.944291,-0.025612,0.697703,1.000000,0.000000,-0.089119
0.909936,0.944275,-0.025692,0.697032,1.000000,0.000000,-0.089117
0.909909,0.944260,-0.025771,0.696362,1.000000,0.000000,-0.089115
0.909882,0.944245,-0.025851,0.695692,1.000000,0.000000,-0.089113
0.909855,0.944229,-0.025930,0.695021,1.000000,0.000000,-0.089111
0.909829,0.944214,-0.026010,0.694351,1.000000,0.000000,-0.089109
0.909801,0.944199,-0.026089,0.693682,1.000000,0.000000,-0.089107
0.909775,0.944183,-0.026169,0.693013,1.000000,0.000000,-0.089104
0.909748,0.944168,-0.026248,0.692344,1.000000,0.000000,-0.089102
0.909721,0.944152,-0.026327,0.691675,1.000000,0.000000,-0.089100
0.909694,0.944137,-0.026406,0.691006,1.000000,0.000000,-0.089098
0.909667,0.944122,-0.026486,0.690338,1.000000,0.000000,-0.089096
0.909640,0.944106,-0.026565,0.689670,1.000000,0.000000,-0.089093
0.909613,0.944091,-0.026644,0.689003,1.000000,0.000000,-0.089091
0.909586,0.944076,-0.026723,0.688335,1.000000,0.000000,-0.089088
0.909559,0.944060,-0.026802,0.687668,1.000000,0.000000,-0.089086
0.909532,0.944045,-0.026881,0.687001,1.000000,0.000000,-0.089084
0.909505,0.944030,-0.026960,0.686335,1.000000,0.000000,-0.089081
0.909479,0.944014,-0.027039,0.685669,1.000000,0.000000,-0.089080
0.909452,0.943999,-0.027118,0.685004,1.000000,0.000000,-0.089078
0.909425,0.943983,-0.027197,0.684338,1.000000,0.000000,-0.089076
0.909398,0.943968,-0.027276,0.683674,1.000000,0.000000,-0.089074
0.909371,0.943953,-0.027355,0.683009,1.000000,0.000000,-0.089073
0.909344,0.943937,-0.027433,0.682345,1.000000,0.000000,-0.089071
0.909317,0.943922,-0.027512,0.681682,1.000000,0.000000,-0.089070
0.909290,0.943907,-0.027591,0.681019,1.000000,0.000000,-0.089068
0.909263,0.943891,-0.027669,0.680356,1.000000,0.000000,-0.089067
0.909237,0.943876,-0.027748,0.679694,1.000000,0.000000,-0.089066
0.909210,0.943861,-0.027827,0.679033,1.000000,0.000000,-0.089064
0.909183,0.943845,-0.027905,0.678371,1.000000,0.000000,-0.089063
0.909156,0.943830,-0.027983,0.677711,1.000000,0.000000,-0.089062
0.909129,0.943814,-0.028062,0.677051,1.000000,0.000000,-0.089061
0.909102,0.943799,-0.028140,0.676391,1.000000,0.000000,-0.089060
0.909075,0.943784,-0.028219,0.675732,1.000000,0.000000,-0.089059
0.909048,0.943768,-0.028297,0.675073,1.000000,0.000000,-0.089058
0.909021,0.943753,-0.028375,0.674415,1.000000,0.000000,-0.089057
0.908994,0.943738,-0.028453,0.673758,1.000000,0.000000,-0.089056
0.908967,0.943722,-0.028531,0.673101,1.000000,0.000000,-0.089055
0.908941,0.943707,-0.028609,0.672445,1.000000,0.000000,-0.089055
0.908914,0.943691,-0.028688,0.671789,1.000000,0.000000,-0.089054
0.908887,0.943676,-0.028766,0.671134,1.000000,0.000000,-0.089054
0.908860,0.943661,-0.028844,0.670479,1.000000,0.000000,-0.089054
0.908833,0.943645,-0.028921,0.669825,1.000000,0.000000,-0.089054
0.908806,0.943630,-0.028999,0.669172,1.000000,0.000000,-0.089054
0.908779,0.943615,-0.029077,0.668519,1.000000,0.000000,-0.089054
0.908752,0.943599,-0.029155,0.667867,1.000000,0.000000,-0.089055
0.908725,0.943584,-0.029233,0.667216,1.000000,0.000000,-0.089055
0.908698,0.943569,-0.029311,0.666565,1.000000,0.000000,-0.089056
0.908672,0.943553,-0.029388,0.665915,1.000000,0.000000,-0.089057
0.908645,0.943538,-0.029466,0.665265,1.000000,0.000000,-0.089057
0.908618,0.943522,-0.029543,0.664617,1.000000,0.000000,-0.089058
0.908591,0.943507,-0.029621,0.663968,1.000000,0.000000,-0.089058
0.908564,0.943492,-0.029698,0.663321,1.000000,0.000000,-0.089058
0.908537,0.943476,-0.029776,0.662674,1.000000,0.000000,-0.089059
0.908510,0.943461,-0.029853,0.662028,1.000000,0.000000,-0.089059
0.908483,0.943446,-0.029931,0.661383,1.000000,0.000000,-0.089059
0.908456,0.943430,-0.030008,0.660738,1.000000,0.000000,-0.089059
0.908430,0.943415,-0.030085,0.660094,1.000000,0.000000,-0.089058
0.908403,0.943400,-0.030163,0.659451,1.000000,0.000000,-0.089058
0.908376,0.943384,-0.030240,0.658808,1.000000,0.000000,-0.089058
0.908349,0.943369,-0.030317,0.658166,1.000000,0.000000,-0.089057
0.908322,0.943354,-0.030394,0.657525,1.000000,0.000000,-0.089057
0.908295,0.943338,-0.030471,0.656885,1.000000,0.000000,-0.089056
0.908268,0.943323,-0.030548,0.656245,1.000000,0.000000,-0.089056
0.908241,0.943307,-0.030625,0.655606,1.000000,0.000000,-0.089055
0.908214,0.943292,-0.030702,0.654968,1.000000,0.000000,-0.089054
0.908188,0.943277,-0.030779,0.654331,1.000000,0.000000,-0.089053
0.908161,0.943261,-0.030856,0.653694,1.000000,0.000000,-0.089052
0.908134,0.943246,-0.030933,0.653058,1.000000,0.000000,-0.089051
0.908107,0.943231,-0.031010,0.652423,1.000000,0.000000,-0.089050
0.908080,0.943215,-0.031086,0.651789,1.000000,0.000000,-0.089049
0.908053,0.943200,-0.031163,0.651155,1.000000,0.000000,-0.089047
0.908026,0.943184,-0.031240,0.650522,1.000000,0.000000,-0.089046
0.907999,0.943169,-0.031316,0.649890,1.000000,0.000000,-0.089045
0.907972,0.943154,-0.031393,0.649259,1.000000,0.000000,-0.089044
0.907946,0.943138,-0.031469,0.648629,1.000000,0.000000,-0.089043
0.907919,0.943123,-0.031546,0.647999,1.000000,0.000000,-0.089041
0.907892,0.943108,-0.031622,0.647370,1.000000,0.000000,-0.089040
0.907865,0.943092,-0.031698,0.646742,1.000000,0.000000,-0.089038
0.907838,0.943077,-0.031775,0.646115,1.000000,0.000000,-0.089037
0.907811,0.943062,-0.031851,0.645488,1.000000,0.000000,-0.089035
0.907784,0.943046,-0.031927,0.644862,1.000000,0.000000,-0.089034
0.907757,0.943031,-0.032003,0.644237,1.000000,0.000000,-0.089033
0.907731,0.943016,-0.032080,0.643613,1.000000,0.000000,-0.089031
0.907704,0.943000,-0.032156,0.642990,1.000000,0.000000,-0.089029
0.907677,0.942985,-0.032232,0.642367,1.000000,0.000000,-0.089028
0.907650,0.942970,-0.032308,0.641746,1.000000,0.000000,-0.089026
0.907623,0.942954,-0.032384,0.641125,1.000000,0.000000,-0.089025
0.907596,0.942939,-0.032460,0.640505,1.000000,0.000000,-0.089023
0.907569,0.942923,-0.032535,0.639886,1.000000,0.000000,-0.089021
0.907542,0.942908,-0.032611,0.639267,1.000000,0.000000,-0.089020
0.907515,0.942893,-0.032687,0.638650,1.000000,0.000000,-0.089018
0.907489,0.942877,-0.032763,0.638033,1.000000,0.000000,-0.089016
0.907462,0.942862,-0.032839,0.637417,1.000000,0.000000,-0.089015
0.907435,0.942847,-0.032914,0.636802,1.000000,0.000000,-0.089013
0.907408,0.942831,-0.032990,0.636188,1.000000,0.000000,-0.089011
0.907381,0.942816,-0.033065,0.635575,1.000000,0.000000,-0.089010
0.907354,0.942801,-0.033141,0.634963,1.000000,0.000000,-0.089008
0.907327,0.942785,-0.033216,0.634351,1.000000,0.000000,-0.089006
0.907300,0.942770,-0.033292,0.633741,1.000000,0.000000,-0.089004
0.907274,0.942755,-0.033367,0.633131,1.000000,0.000000,-0.089003
0.907247,0.942739,-0.033442,0.632522,1.000000,0.000000,-0.089001
0.907220,0.942724,-0.033518,0.631914,1.000000,0.000000,-0.088999
0.907193,0.942708,-0.033593,0.631307,1.000000,0.000000,-0.088998
0.907166,0.942693,-0.033668,0.630701,1.000000,0.000000,-0.088996
0.907139,0.942678,-0.033743,0.630096,1.000000,0.000000,-0.088994
0.907112,0.942662,-0.033818,0.629491,1.000000,0.000000,-0.088992
0.907085,0.942647,-0.033893,0.628888,1.000000,0.000000,-0.088991
0.907058,0.942632,-0.033968,0.628285,1.000000,0.000000,-0.088989
0.907032,0.942616,-0.034043,0.627684,1.000000,0.000000,-0.088987
0.907005,0.942601,-0.034118,0.627083,1.000000,0.000000,-0.088986
0.906978,0.942586,-0.034193,0.626483,1.000000,0.000000,-0.088984
0.906951,0.942570,-0.034268,0.625884,1.000000,0.000000,-0.088982
0.906924,0.942555,-0.034343,0.625286,1.000000,0.000000,-0.088980
0.906897,0.942540,-0.034418,0.624690,1.000000,0.000000,-0.088979
0.906870,0.942524,-0.034492,0.624093,1.000000,0.000000,-0.088979
0.906844,0.942509,-0.034567,0.623498,1.000000,0.000000,-0.088978
0.906817,0.942493,-0.034642,0.622904,1.000000,0.000000,-0.088974
0.906790,0.942478,-0.034716,0.622311,1.000000,0.000000,-0.088971
0.906763,0.942463,-0.034791,0.621718,1.000000,0.000000,-0.088968
0.906736,0.942447,-0.034865,0.621126,1.000000,0.000000,-0.088966
0.906709,0.942432,-0.034939,0.620536,1.000000,0.000000,-0.088963
0.906682,0.942417,-0.035014,0.619946,1.000000,0.000000,-0.088961
0.906655,0.942401,-0.035088,0.619358,1.000000,0.000000,-0.088959
0.906629,0.942386,-0.035162,0.618770,1.000000,0.000000,-0.088957
0.906602,0.942371,-0.035237,0.618183,1.000000,0.000000,-0.088954
0.906575,0.942355,-0.035311,0.617597,1.000000,0.000000,-0.088953
0.906548,0.942340,-0.035385,0.617012,1.000000,0.000000,-0.088951
0.906521,0.942325,-0.035459,0.616428,1.000000,0.000000,-0.088949
0.906494,0.942309,-0.035533,0.615845,1.000000,0.000000,-0.088947
0.906467,0.942294,-0.035607,0.615262,1.000000,0.000000,-0.088946
0.906440,0.942278,-0.035681,0.614681,1.000000,0.000000,-0.088944
0.906414,0.942263,-0.035755,0.614101,1.000000,0.000000,-0.088942
0.906387,0.942248,-0.035829,0.613521,1.000000,0.000000,-0.088941
0.906360,0.942232,-0.035903,0.612942,1.000000,0.000000,-0.088939
0.906333,0.942217,-0.035976,0.612365,1.000000,0.000000,-0.088938
0.906306,0.942202,-0.036050,0.611787,1.000000,0.000000,-0.088936
0.906279,0.942186,-0.036124,0.611211,1.000000,0.000000,-0.088934
0.906253,0.942171,-0.036198,0.610636,1.000000,0.000000,-0.088933
0.906226,0.942156,-0.036271,0.610061,1.000000,0.000000,-0.088931
0.906199,0.942140,-0.036345,0.609487,1.000000,0.000000,-0.088930
0.906172,0.942125,-0.036418,0.608914,1.000000,0.000000,-0.088928
0.906145,0.942110,-0.036492,0.608341,1.000000,0.000000,-0.088927
0.906118,0.942094,-0.036565,0.607769,1.000000,0.000000,-0.088925
0.906091,0.942079,-0.036638,0.607198,1.000000,0.000000,-0.088923
0.906064,0.942063,-0.036712,0.606628,1.000000,0.000000,-0.088922
0.906038,0.942048,-0.036785,0.606059,1.000000,0.000000,-0.088920
0.906011,0.942033,-0.036858,0.605490,1.000000,0.000000,-0.088918
0.905984,0.942017,-0.036931,0.604922,1.000000,0.000000,-0.088917
0.905957,0.942002,-0.037004,0.604355,1.000000,0.000000,-0.088915
0.905930,0.941987,-0.037078,0.603788,1.000000,0.000000,-0.088914
0.905903,0.941971,-0.037151,0.603222,1.000000,0.000000,-0.088912
0.905876,0.941956,-0.037224,0.602657,1.000000,0.000000,-0.088910
0.905850,0.941941,-0.037297,0.602092,1.000000,0.000000,-0.088909
0.905823,0.941925,-0.037370,0.601528,1.000000,0.000000,-0.088907
0.905796,0.941910,-0.037442,0.600964,1.000000,0.000000,-0.088905
0.905769,0.941895,-0.037515,0.600402,1.000000,0.000000,-0.088904
0.905742,0.941879,-0.037588,0.599840,1.000000,0.000000,-0.088902
0.905715,0.941864,-0.037661,0.599278,1.000000,0.000000,-0.088900
0.905688,0.941849,-0.037733,0.598717,1.000000,0.000000,-0.088898
0.905662,0.941833,-0.037806,0.598157,1.000000,0.000000,-0.088897
0.905635,0.941818,-0.037879,0.597597,1.000000,0.000000,-0.088895
0.905608,0.941803,-0.037951,0.597038,1.000000,0.000000,-0.088893
0.905581,0.941787,-0.038024,0.596480,1.000000,0.000000,-0.088892
0.905554,0.941772,-0.038096,0.595922,1.000000,0.000000,-0.088890
0.905527,0.941756,-0.038169,0.595364,1.000000,0.000000,-0.088888
0.905500,0.941741,-0.038241,0.594808,1.000000,0.000000,-0.088887
0.905473,0.941726,-0.038313,0.594251,1.000000,0.000000,-0.088885
0.905447,0.941710,-0.038386,0.593696,1.000000,0.000000,-0.088882
0.905420,0.941695,-0.038458,0.593140,1.000000,0.000000,-0.088880
0.905393,0.941680,-0.038530,0.592586,1.000000,0.000000,-0.088878
0.905366,0.941664,-0.038602,0.592032,1.000000,0.000000,-0.088876
0.905339,0.941649,-0.038674,0.591479,1.000000,0.000000,-0.088874
0.905312,0.941634,-0.038746,0.590926,1.000000,0.000000,-0.088872
0.905286,0.941618,-0.038818,0.590374,1.000000,0.000000,-0.088870
0.905259,0.941603,-0.038890,0.589822,1.000000,0.000000,-0.088869
0.905232,0.941588,-0.038962,0.589271,1.000000,0.000000,-0.088867
0.905205,0.941572,-0.039034,0.588721,1.000000,0.000000,-0.088866
0.905178,0.941557,-0.039106,0.588171,1.000000,0.000000,-0.088864
0.905151,0.941542,-0.039178,0.587621,1.000000,0.000000,-0.088862
0.905124,0.941526,-0.039250,0.587072,1.000000,0.000000,-0.088861
0.905098,0.941511,-0.039321,0.586524,1.000000,0.000000,-0.088859
0.905071,0.941495,-0.039393,0.585976,1.000000,0.000000,-0.088857
0.905044,0.941480,-0.039465,0.585428,1.000000,0.000000,-0.088856
0.905017,0.941465,-0.039536,0.584881,1.000000,0.000000,-0.088855
0.904990,0.941450,-0.039608,0.584335,1.000000,0.000000,-0.088853
0.904963,0.941434,-0.039679,0.583789,1.000000,0.000000,-0.088852
0.904937,0.941419,-0.039751,0.583244,1.000000,0.000000,-0.088850
0.904910,0.941404,-0.039822,0.582699,1.000000,0.000000,-0.088848
0.904883,0.941388,-0.039894,0.582154,1.000000,0.000000,-0.088847
0.904856,0.941373,-0.039965,0.581610,1.000000,0.000000,-0.088845
0.904829,0.941357,-0.040036,0.581066,1.000000,0.000000,-0.088844
0.904802,0.941342,-0.040108,0.580523,1.000000,0.000000,-0.088842
0.904776,0.941327,-0.040179,0.579980,1.000000,0.000000,-0.088841
0.904749,0.941311,-0.040250,0.579438,1.000000,0.000000,-0.088839
0.904722,0.941296,-0.040321,0.578896,1.000000,0.000000,-0.088837
0.904695,0.941281,-0.040392,0.578354,1.000000,0.000000,-0.088836
0.904668,0.941265,-0.040463,0.577813,1.000000,0.000000,-0.088834
0.904641,0.941250,-0.040534,0.577272,1.000000,0.000000,-0.088832
0.904614,0.941235,-0.040605,0.576731,1.000000,0.000000,-0.088831
0.904588,0.941219,-0.040676,0.576191,1.000000,0.000000,-0.088829
0.904561,0.941204,-0.040747,0.575651,1.000000,0.000000,-0.088827
0.904534,0.941189,-0.040818,0.575112,1.000000,0.000000,-0.088825
0.904507,0.941173,-0.040889,0.574573,1.000000,0.000000,-0.088824
0.904480,0.941158,-0.040959,0.574034,1.000000,0.000000,-0.088822
0.904453,0.941143,-0.041030,0.573495,1.000000,0.000000,-0.088820
0.904427,0.941127,-0.041101,0.572956,1.000000,0.000000,-0.088818
0.904400,0.941112,-0.041171,0.572418,1.000000,0.000000,-0.088817
0.904373,0.941097,-0.041242,0.571880,1.000000,0.000000,-0.088815
0.904346,0.941081,-0.041312,0.571343,1.000000,0.000000,-0.088813
0.904319,0.941066,-0.041383,0.570805,1.000000,0.000000,-0.088811
0.904292,0.941050,-0.041453,0.570268,1.000000,0.000000,-0.088809
0.904265,0.941035,-0.041524,0.569731,1.000000,0.000000,-0.088808
0.904239,0.941020,-0.041594,0.569194,1.000000,0.000000,-0.088806
0.904212,0.941004,-0.041664,0.568658,1.000000,0.000000,-0.088804
0.904185,0.940989,-0.041735,0.568121,1.000000,0.000000,-0.088803
0.904158,0.940974,-0.041805,0.567585,1.000000,0.000000,-0.088801
0.904131,0.940958,-0.041875,0.567050,1.000000,0.000000,-0.088799
0.904104,0.940943,-0.041945,0.566514,1.000000,0.000000,-0.088797
0.904078,0.940928,-0.042015,0.565979,1.000000,0.000000,-0.088795
0.904051,0.940912,-0.042085,0.565443,1.000000,0.000000,-0.088794
0.904024,0.940897,-0.042155,0.564909,1.000000,0.000000,-0.088792
0.903997,0.940882,-0.042225,0.564374,1.000000,0.000000,-0.088790
0.903970,0.940866,-0.042295,0.563839,1.000000,0.000000,-0.088788
0.903943,0.940851,-0.042365,0.563305,1.000000,0.000000,-0.088786
0.903917,0.940836,-0.042435,0.562771,1.000000,0.000000,-0.088785
0.903890,0.940820,-0.042505,0.562237,1.000000,0.000000,-0.088783
0.903863,0.940805,-0.042575,0.561704,1.000000,0.000000,-0.088781
0.903836,0.940790,-0.042644,0.561171,1.000000,0.000000,-0.088779
0.903809,0.940774,-0.042714,0.560638,1.000000,0.000000,-0.088778
0.903782,0.940759,-0.042784,0.560105,1.000000,0.000000,-0.088776
0.903756,0.940744,-0.042853,0.559572,1.000000,0.000000,-0.088774
0.903729,0.940728,-0.042923,0.559040,1.000000,0.000000,-0.088772
0.903702,0.940713,-0.042992,0.558508,1.000000,0.000000,-0.088771
0.903675,0.940698,-0.043062,0.557976,1.000000,0.000000,-0.088769
0.903648,0.940682,-0.043131,0.557444,1.000000,0.000000,-0.088767
0.903621,0.940667,-0.043200,0.556913,1.000000,0.000000,-0.088765
0.903595,0.940652,-0.043270,0.556382,1.000000,0.000000,-0.088763
0.903568,0.940636,-0.043339,0.555851,1.000000,0.000000,-0.088762
0.903541,0.940621,-0.043408,0.555320,1.000000,0.000000,-0.088760
0.903514,0.940606,-0.043477,0.554789,1.000000,0.000000,-0.088758
0.903487,0.940590,-0.043546,0.554259,1.000000,0.000000,-0.088756
0.903461,0.940575,-0.043615,0.553729,1.000000,0.000000,-0.088755
0.903434,0.940560,-0.043684,0.553200,1.000000,0.000000,-0.088753
0.903407,0.940544,-0.043753,0.552670,1.000000,0.000000,-0.088751
0.903380,0.940529,-0.043822,0.552141,1.000000,0.000000,-0.088750
0.903353,0.940513,-0.043891,0.551612,1.000000,0.000000,-0.088748
0.903326,0.940498,-0.043960,0.551084,1.000000,0.000000,-0.088746
0.903300,0.940483,-0.044029,0.550555,1.000000,0.000000,-0.088744
0.903273,0.940467,-0.044098,0.550027,1.000000,0.000000,-0.088743
0.903246,0.940452,-0.044166,0.549500,1.000000,0.000000,-0.088741
0.903219,0.940437,-0.044235,0.548972,1.000000,0.000000,-0.088739
0.903192,0.940421,-0.044304,0.548445,1.000000,0.000000,-0.088737
0.903166,0.940406,-0.044372,0.547918,1.000000,0.000000,-0.088736
0.903139,0.940391,-0.044441,0.547391,1.000000,0.000000,-0.088734
0.903112,0.940375,-0.044509,0.546865,1.000000,0.000000,-0.088732
0.903085,0.940360,-0.044578,0.546339,1.000000,0.000000,-0.088730
0.903058,0.940345,-0.044646,0.545813,1.000000,0.000000,-0.088729
0.903031,0.940329,-0.044714,0.545288,1.000000,0.000000,-0.088727
0.903005,0.940314,-0.044783,0.544763,1.000000,0.000000,-0.088725
0.902978,0.940299,-0.044851,0.544238,1.000000,0.000000,-0.088723
0.902951,0.940283,-0.044919,0.543713,1.000000,0.000000,-0.088722
0.902924,0.940268,-0.044987,0.543189,1.000000,0.000000,-0.088720
0.902897,0.940253,-0.045056,0.542665,1.000000,0.000000,-0.088718
0.902870,0.940237,-0.045124,0.542142,1.000000,0.000000,-0.088716
0.902844,0.940222,-0.045192,0.541619,1.000000,0.000000,-0.088715
0.902817,0.940207,-0.045260,0.541096,1.000000,0.000000,-0.088713
0.902790,0.940191,-0.045328,0.540573,1.000000,0.000000,-0.088711
0.902763,0.940176,-0.045395,0.540051,1.000000,0.000000,-0.088709
0.902736,0.940161,-0.045463,0.539529,1.000000,0.000000,-0.088708
0.902710,0.940145,-0.045531,0.539008,1.000000,0.000000,-0.088706
0.902683,0.940130,-0.045599,0.538487,1.000000,0.000000,-0.088704
0.902656,0.940115,-0.045667,0.537966,1.000000,0.000000,-0.088702
0.902629,0.940099,-0.045734,0.537445,1.000000,0.000000,-0.088703
0.902602,0.940084,-0.045802,0.536925,1.000000,0.000000,-0.088702
0.902575,0.940069,-0.045870,0.536406,1.000000,0.000000,-0.088699
0.902549,0.940053,-0.045937,0.535886,1.000000,0.000000,-0.088695
0.902522,0.940038,-0.046005,0.535368,1.000000,0.000000,-0.088692
0.902495,0.940023,-0.046072,0.534849,1.000000,0.000000,-0.088689
0.902468,0.940007,-0.046139,0.534331,1.000000,0.000000,-0.088687
0.902441,0.939992,-0.046207,0.533813,1.000000,0.000000,-0.088684
0.902415,0.939977,-0.046274,0.533296,1.000000,0.000000,-0.088682
0.902388,0.939961,-0.046341,0.532779,1.000000,0.000000,-0.088679
0.902361,0.939946,-0.046409,0.532263,1.000000,0.000000,-0.088677
0.902334,0.939931,-0.046476,0.531747,1.000000,0.000000,-0.088675
0.902307,0.939915,-0.046543,0.531231,1.000000,0.000000,-0.088673
0.902281,0.939900,-0.046610,0.530716,1.000000,0.000000,-0.088671
0.902254,0.939885,-0.046677,0.530202,1.000000,0.000000,-0.088669
0.902227,0.939869,-0.046744,0.529688,1.000000,0.000000,-0.088668
0.902200,0.939854,-0.046811,0.529174,1.000000,0.000000,-0.088666
0.902173,0.939839,-0.046878,0.528661,1.000000,0.000000,-0.088664
0.902147,0.939823,-0.046945,0.528148,1.000000,0.000000,-0.088662
0.902120,0.939808,-0.047012,0.527635,1.000000,0.000000,-0.088661
0.902093,0.939793,-0.047078,0.527124,1.000000,0.000000,-0.088659
0.902066,0.939777,-0.047145,0.526612,1.000000,0.000000,-0.088657
0.902039,0.939762,-0.047212,0.526101,1.000000,0.000000,-0.088656
0.902012,0.939746,-0.047278,0.525591,1.000000,0.000000,-0.088654
0.901986,0.939731,-0.047345,0.525081,1.000000,0.000000,-0.088653
0.901959,0.939716,-0.047412,0.524571,1.000000,0.000000,-0.088651
0.901932,0.939701,-0.047478,0.524062,1.000000,0.000000,-0.088650
0.901905,0.939685,-0.047544,0.523553,1.000000,0.000000,-0.088648
0.901878,0.939670,-0.047611,0.523045,1.000000,0.000000,-0.088646
0.901852,0.939655,-0.047677,0.522537,1.000000,0.000000,-0.088644
0.901825,0.939639,-0.047744,0.522030,1.000000,0.000000,-0.088643
0.901798,0.939624,-0.047810,0.521523,1.000000,0.000000,-0.088641
0.901771,0.939609,-0.047876,0.521016,1.000000,0.000000,-0.088640
0.901744,0.939593,-0.047942,0.520510,1.000000,0.000000,-0.088638
0.901718,0.939578,-0.048008,0.520004,1.000000,0.000000,-0.088636
0.901691,0.939563,-0.048075,0.519499,1.000000,0.000000,-0.088635
0.901664,0.939547,-0.048141,0.518994,1.000000,0.000000,-0.088633
0.901637,0.939532,-0.048207,0.518490,1.000000,0.000000,-0.088632
0.901610,0.939517,-0.048273,0.517986,1.000000,0.000000,-0.088630
0.901584,0.939501,-0.048339,0.517482,1.000000,0.000000,-0.088628
0.901557,0.939486,-0.048404,0.516979,1.000000,0.000000,-0.088626
0.901530,0.939471,-0.048470,0.516476,1.000000,0.000000,-0.088624
0.901503,0.939455,-0.048536,0.515974,1.000000,0.000000,-0.088623
0.901476,0.939440,-0.048602,0.515472,1.000000,0.000000,-0.088621
0.901450,0.939425,-0.048668,0.514971,1.000000,0.000000,-0.088619
0.901423,0.939409,-0.048733,0.514470,1.000000,0.000000,-0.088618
0.901396,0.939394,-0.048799,0.513969,1.000000,0.000000,-0.088616
0.901369,0.939379,-0.048865,0.513469,1.000000,0.000000,-0.088614
0.901342,0.939363,-0.048930,0.512969,1.000000,0.000000,-0.088612
0.901316,0.939348,-0.048996,0.512469,1.000000,0.000000,-0.088611
0.901289,0.939333,-0.049061,0.511970,1.000000,0.000000,-0.088609
0.901262,0.939317,-0.049127,0.511471,1.000000,0.000000,-0.088607
0.901235,0.939302,-0.049192,0.510973,1.000000,0.000000,-0.088606
0.901208,0.939287,-0.049257,0.510475,1.000000,0.000000,-0.088604
0.901182,0.939271,-0.049323,0.509977,1.000000,0.000000,-0.088602
0.901155,0.939256,-0.049388,0.509480,1.000000,0.000000,-0.088600
0.901128,0.939241,-0.049453,0.508983,1.000000,0.000000,-0.088599
0.901101,0.939225,-0.049518,0.508487,1.000000,0.000000,-0.088597
0.901074,0.939210,-0.049584,0.507990,1.000000,0.000000,-0.088595
0.901048,0.939195,-0.049649,0.507495,1.000000,0.000000,-0.088593
0.901021,0.939179,-0.049714,0.506999,1.000000,0.000000,-0.088592
0.900994,0.939164,-0.049779,0.506504,1.000000,0.000000,-0.088590
0.900967,0.939149,-0.049844,0.506010,1.000000,0.000000,-0.088588
0.900940,0.939133,-0.049909,0.505515,1.000000,0.000000,-0.088587
0.900914,0.939118,-0.049973,0.505022,1.000000,0.000000,-0.088585
0.900887,0.939103,-0.050038,0.504528,1.000000,0.000000,-0.088583
0.900860,0.939087,-0.050103,0.504035,1.000000,0.000000,-0.088581
0.900833,0.939072,-0.050168,0.503542,1.000000,0.000000,-0.088580
0.900806,0.939057,-0.050233,0.503050,1.000000,0.000000,-0.088578
0.900780,0.939041,-0.050297,0.502558,1.000000,0.000000,-0.088576
0.900753,0.939026,-0.050362,0.502066,1.000000,0.000000,-0.088574
0.900726,0.939011,-0.050427,0.501575,1.000000,0.000000,-0.088573
0.900699,0.938995,-0.050491,0.501084,1.000000,0.000000,-0.088571
0.900673,0.938980,-0.050556,0.500593,1.000000,0.000000,-0.088569
0.900646,0.938965,-0.050620,0.500103,1.000000,0.000000,-0.088568
0.900619,0.938949,-0.050685,0.499614,1.000000,0.000000,-0.088566
0.900592,0.938934,-0.050749,0.499124,1.000000,0.000000,-0.088564
0.900565,0.938919,-0.050813,0.498635,1.000000,0.000000,-0.088563
0.900539,0.938903,-0.050878,0.498147,1.000000,0.000000,-0.088561
0.900512,0.938888,-0.050942,0.497658,1.000000,0.000000,-0.088559
0.900485,0.938873,-0.051006,0.497170,1.000000,0.000000,-0.088558
0.900458,0.938857,-0.051070,0.496683,1.000000,0.000000,-0.088556
0.900432,0.938842,-0.051134,0.496196,1.000000,0.000000,-0.088554
0.900405,0.938827,-0.051198,0.495709,1.000000,0.000000,-0.088552
0.900378,0.938811,-0.051262,0.495223,1.000000,0.000000,-0.088551
0.900351,0.938796,-0.051326,0.494737,1.000000,0.000000,-0.088549
0.900324,0.938781,-0.051390,0.494251,1.000000,0.000000,-0.088547
0.900298,0.938765,-0.051454,0.493766,1.000000,0.000000,-0.088544
0.900271,0.938750,-0.051518,0.493281,1.000000,0.000000,-0.088542
0.900244,0.938735,-0.051582,0.492796,1.000000,0.000000,-0.088540
0.900217,0.938719,-0.051646,0.492312,1.000000,0.000000,-0.088538
0.900190,0.938704,-0.051710,0.491829,1.000000,0.000000,-0.088536
0.900164,0.938689,-0.051773,0.491345,1.000000,0.000000,-0.088535
0.900137,0.938673,-0.051837,0.490862,1.000000,0.000000,-0.088533
0.900110,0.938658,-0.051901,0.490380,1.000000,0.000000,-0.088531
0.900083,0.938643,-0.051964,0.489898,1.000000,0.000000,-0.088529
0.900056,0.938627,-0.052028,0.489416,1.000000,0.000000,-0.088527
0.900030,0.938612,-0.052091,0.488934,1.000000,0.000000,-0.088526
0.900003,0.938597,-0.052155,0.488453,1.000000,0.000000,-0.088524
0.899976,0.938581,-0.052218,0.487973,1.000000,0.000000,-0.088522
0.899949,0.938566,-0.052282,0.487493,1.000000,0.000000,-0.088521
0.899923,0.938551,-0.052345,0.487013,1.000000,0.000000,-0.088519
0.899896,0.938535,-0.052408,0.486533,1.000000,0.000000,-0.088517
0.899869,0.938520,-0.052471,0.486054,1.000000,0.000000,-0.088516
0.899842,0.938505,-0.052535,0.485575,1.000000,0.000000,-0.088514
0.899815,0.938489,-0.052598,0.485097,1.000000,0.000000,-0.088513
0.899789,0.938474,-0.052661,0.484619,1.000000,0.000000,-0.088511
0.899762,0.938459,-0.052724,0.484141,1.000000,0.000000,-0.088509
0.899735,0.938444,-0.052787,0.483664,1.000000,0.000000,-0.088508
0.899708,0.938428,-0.052850,0.483187,1.000000,0.000000,-0.088506
0.899682,0.938413,-0.052913,0.482711,1.000000,0.000000,-0.088504
0.899655,0.938398,-0.052976,0.482235,1.000000,0.000000,-0.088503
0.899628,0.938382,-0.053039,0.481759,1.000000,0.000000,-0.088501
0.899601,0.938367,-0.053102,0.481283,1.000000,0.000000,-0.088499
0.899575,0.938352,-0.053164,0.480808,1.000000,0.000000,-0.088497
0.899548,0.938336,-0.053227,0.480333,1.000000,0.000000,-0.088496
0.899521,0.938321,-0.053290,0.479859,1.000000,0.000000,-0.088494
0.899494,0.938305,-0.053353,0.479384,1.000000,0.000000,-0.088492
0.899467,0.938290,-0.053415,0.478910,1.000000,0.000000,-0.088491
0.899441,0.938275,-0.053478,0.478437,1.000000,0.000000,-0.088489
0.899414,0.938260,-0.053540,0.477963,1.000000,0.000000,-0.088487
0.899387,0.938244,-0.053603,0.477490,1.000000,0.000000,-0.088485
0.899360,0.938229,-0.053665,0.477017,1.000000,0.000000,-0.088484
0.899334,0.938214,-0.053728,0.476545,1.000000,0.000000,-0.088482
0.899307,0.938198,-0.053790,0.476073,1.000000,0.000000,-0.088480
0.899280,0.938183,-0.053852,0.475601,1.000000,0.000000,-0.088478
0.899253,0.938168,-0.053915,0.475129,1.000000,0.000000,-0.088477
0.899226,0.938152,-0.053977,0.474657,1.000000,0.000000,-0.088475
0.899200,0.938137,-0.054039,0.474186,1.000000,0.000000,-0.088473
0.899173,0.938122,-0.054101,0.473715,1.000000,0.000000,-0.088471
0.899146,0.938106,-0.054163,0.473244,1.000000,0.000000,-0.088470
0.899119,0.938091,-0.054225,0.472774,1.000000,0.000000,-0.088468
0.899093,0.938076,-0.054287,0.472303,1.000000,0.000000,-0.088466
0.899066,0.938060,-0.054349,0.471833,1.000000,0.000000,-0.088465
0.899039,0.938045,-0.054411,0.471364,1.000000,0.000000,-0.088463
0.899012,0.938030,-0.054473,0.470894,1.000000,0.000000,-0.088461
0.898986,0.938014,-0.054535,0.470425,1.000000,0.000000,-0.088460
0.898959,0.937999,-0.054597,0.469955,1.000000,0.000000,-0.088458
0.898932,0.937984,-0.054659,0.469486,1.000000,0.000000,-0.088456
0.898905,0.937968,-0.054720,0.469018,1.000000,0.000000,-0.088455
0.898879,0.937953,-0.054782,0.468549,1.000000,0.000000,-0.088453
0.898852,0.937938,-0.054844,0.468081,1.000000,0.000000,-0.088452
0.898825,0.937923,-0.054905,0.467613,1.000000,0.000000,-0.088450
0.898798,0.937907,-0.054967,0.467145,1.000000,0.000000,-0.088448
0.898771,0.937892,-0.055029,0.466677,1.000000,0.000000,-0.088447
0.898745,0.937876,-0.055090,0.466209,1.000000,0.000000,-0.088445
0.898718,0.937861,-0.055151,0.465742,1.000000,0.000000,-0.088444
0.898691,0.937846,-0.055213,0.465275,1.000000,0.000000,-0.088442
0.898664,0.937831,-0.055274,0.464808,1.000000,0.000000,-0.088440
0.898638,0.937815,-0.055336,0.464341,1.000000,0.000000,-0.088439
0.898611,0.937800,-0.055397,0.463874,1.000000,0.000000,-0.088437
0.898584,0.937785,-0.055458,0.463408,1.000000,0.000000,-0.088435
0.898557,0.937769,-0.055519,0.462942,1.000000,0.000000,-0.088433
0.898531,0.937754,-0.055580,0.462476,1.000000,0.000000,-0.088432
0.898504,0.937739,-0.055641,0.462010,1.000000,0.000000,-0.088430
0.898477,0.937723,-0.055703,0.461544,1.000000,0.000000,-0.088428
0.898450,0.937708,-0.055764,0.461079,1.000000,0.000000,-0.088427
0.898424,0.937693,-0.055825,0.460614,1.000000,0.000000,-0.088425
0.898397,0.937677,-0.055885,0.460149,1.000000,0.000000,-0.088423
0.898370,0.937662,-0.055946,0.459684,1.000000,0.000000,-0.088422
0.898343,0.937647,-0.056007,0.459219,1.000000,0.000000,-0.088420
0.898317,0.937631,-0.056068,0.458755,1.000000,0.000000,-0.088418
0.898290,0.937616,-0.056129,0.458291,1.000000,0.000000,-0.088416
0.898263,0.937601,-0.056190,0.457827,1.000000,0.000000,-0.088414
0.898236,0.937585,-0.056250,0.457363,1.000000,0.000000,-0.088413
0.898210,0.937570,-0.056311,0.456899,1.000000,0.000000,-0.088411
0.898183,0.937555,-0.056371,0.456436,1.000000,0.000000,-0.088409
0.898156,0.937539,-0.056432,0.455973,1.000000,0.000000,-0.088407
0.898129,0.937524,-0.056493,0.455510,1.000000,0.000000,-0.088405
0.898102,0.937509,-0.056553,0.455048,1.000000,0.000000,-0.088404
0.898076,0.937494,-0.056613,0.454585,1.000000,0.000000,-0.088402
0.898049,0.937478,-0.056674,0.454123,1.000000,0.000000,-0.088400
0.898022,0.937463,-0.056734,0.453662,1.000000,0.000000,-0.088398
0.897995,0.937448,-0.056794,0.453200,1.000000,0.000000,-0.088396
0.897969,0.937432,-0.056855,0.452739,1.000000,0.000000,-0.088394
0.897942,0.937417,-0.056915,0.452278,1.000000,0.000000,-0.088392
0.897915,0.937402,-0.056975,0.451817,1.000000,0.000000,-0.088390
0.897888,0.937386,-0.057035,0.451356,1.000000,0.000000,-0.088388
0.897862,0.937371,-0.057095,0.450896,1.000000,0.000000,-0.088386
0.897835,0.937356,-0.057155,0.450436,1.000000,0.000000,-0.088385
0.897808,0.937340,-0.057215,0.449976,1.000000,0.000000,-0.088383
0.897781,0.937325,-0.057275,0.449516,1.000000,0.000000,-0.088380
0.897755,0.937310,-0.057335,0.449057,1.000000,0.000000,-0.088379
0.897728,0.937294,-0.057395,0.448598,1.000000,0.000000,-0.088377
0.897701,0.937279,-0.057455,0.448140,1.000000,0.000000,-0.088375
0.897674,0.937264,-0.057515,0.447682,1.000000,0.000000,-0.088373
0.897648,0.937248,-0.057575,0.447224,1.000000,0.000000,-0.088371
0.897621,0.937233,-0.057634,0.446766,1.000000,0.000000,-0.088369
0.897594,0.937218,-0.057694,0.446309,1.000000,0.000000,-0.088367
0.897567,0.937203,-0.057754,0.445852,1.000000,0.000000,-0.088365
0.897541,0.937187,-0.057813,0.445396,1.000000,0.000000,-0.088363
0.897514,0.937172,-0.057873,0.444940,1.000000,0.000000,-0.088362
0.897487,0.937156,-0.057932,0.444484,1.000000,0.000000,-0.088360
0.897461,0.937141,-0.057992,0.444029,1.000000,0.000000,-0.088358
0.897434,0.937126,-0.058051,0.443574,1.000000,0.000000,-0.088356
0.897407,0.937111,-0.058111,0.443120,1.000000,0.000000,-0.088355
0.897380,0.937095,-0.058170,0.442666,1.000000,0.000000,-0.088353
0.897354,0.937080,-0.058229,0.442212,1.000000,0.000000,-0.088351
0.897327,0.937065,-0.058288,0.441759,1.000000,0.000000,-0.088349
0.897300,0.937049,-0.058348,0.441306,1.000000,0.000000,-0.088347
0.897273,0.937034,-0.058407,0.440854,1.000000,0.000000,-0.088346
0.897246,0.937019,-0.058466,0.440403,1.000000,0.000000,-0.088344
0.897220,0.937003,-0.058525,0.439952,1.000000,0.000000,-0.088342
0.897193,0.936988,-0.058584,0.439501,1.000000,0.000000,-0.088340
0.897166,0.936973,-0.058643,0.439051,1.000000,0.000000,-0.088339
0.897139,0.936957,-0.058702,0.438601,1.000000,0.000000,-0.088337
0.897113,0.936942,-0.058761,0.438152,1.000000,0.000000,-0.088335
0.897086,0.936927,-0.058820,0.437703,1.000000,0.000000,-0.088333
0.897059,0.936912,-0.058879,0.437255,1.000000,0.000000,-0.088332
0.897033,0.936896,-0.058938,0.436807,1.000000,0.000000,-0.088330
0.897006,0.936881,-0.058996,0.436360,1.000000,0.000000,-0.088328
0.896979,0.936866,-0.059055,0.435914,1.000000,0.000000,-0.088326
0.896952,0.936850,-0.059114,0.435468,1.000000,0.000000,-0.088325
0.896926,0.936835,-0.059172,0.435022,1.000000,0.000000,-0.088323
0.896899,0.936820,-0.059231,0.434578,1.000000,0.000000,-0.088319
0.896872,0.936804,-0.059289,0.434134,1.000000,0.000000,-0.088317
0.896845,0.936789,-0.059348,0.433690,1.000000,0.000000,-0.088314
0.896819,0.936774,-0.059406,0.433247,1.000000,0.000000,-0.088312
0.896792,0.936758,-0.059465,0.432805,1.000000,0.000000,-0.088310
0.896765,0.936743,-0.059523,0.432363,1.000000,0.000000,-0.088308
0.896738,0.936728,-0.059581,0.431922,1.000000,0.000000,-0.088306
0.896712,0.936713,-0.059640,0.431481,1.000000,0.000000,-0.088304
0.896685,0.936697,-0.059698,0.431041,1.000000,0.000000,-0.088302
0.896658,0.936682,-0.059756,0.430602,1.000000,0.000000,-0.088300
0.896632,0.936666,-0.059814,0.430163,1.000000,0.000000,-0.088299
0.896605,0.936651,-0.059872,0.429725,1.000000,0.000000,-0.088297
0.896578,0.936636,-0.059931,0.429287,1.000000,0.000000,-0.088295
0.896551,0.936621,-0.059989,0.428850,1.000000,0.000000,-0.088294
0.896525,0.936605,-0.060047,0.428414,1.000000,0.000000,-0.088292
0.896498,0.936590,-0.060105,0.427978,1.000000,0.000000,-0.088290
0.896471,0.936575,-0.060162,0.427542,1.000000,0.000000,-0.088289
0.896444,0.936559,-0.060220,0.427107,1.000000,0.000000,-0.088287
0.896418,0.936544,-0.060278,0.426673,1.000000,0.000000,-0.088286
0.896391,0.936529,-0.060336,0.426239,1.000000,0.000000,-0.088284
0.896364,0.936513,-0.060394,0.425806,1.000000,0.000000,-0.088282
0.896337,0.936498,-0.060451,0.425373,1.000000,0.000000,-0.088281
0.896311,0.936483,-0.060509,0.424941,1.000000,0.000000,-0.088279
0.896284,0.936467,-0.060567,0.424509,1.000000,0.000000,-0.088278
0.896257,0.936452,-0.060624,0.424078,1.000000,0.000000,-0.088276
0.896231,0.936437,-0.060682,0.423647,1.000000,0.000000,-0.088275
0.896204,0.936422,-0.060739,0.423217,1.000000,0.000000,-0.088273
0.896177,0.936406,-0.060797,0.422787,1.000000,0.000000,-0.088271
0.896150,0.936391,-0.060854,0.422358,1.000000,0.000000,-0.088270
0.896124,0.936376,-0.060911,0.421929,1.000000,0.000000,-0.088268
0.896097,0.936360,-0.060969,0.421500,1.000000,0.000000,-0.088267
0.896070,0.936345,-0.061026,0.421072,1.000000,0.000000,-0.088265
0.896043,0.936330,-0.061083,0.420645,1.000000,0.000000,-0.088263
0.896017,0.936314,-0.061140,0.420217,1.000000,0.000000,-0.088261
0.895990,0.936299,-0.061198,0.419791,1.000000,0.000000,-0.088260
0.895963,0.936284,-0.061255,0.419364,1.000000,0.000000,-0.088258
0.895936,0.936268,-0.061312,0.418938,1.000000,0.000000,-0.088256
0.895910,0.936253,-0.061369,0.418512,1.000000,0.000000,-0.088255
0.895883,0.936238,-0.061426,0.418087,1.000000,0.000000,-0.088253
0.895856,0.936222,-0.061483,0.417662,1.000000,0.000000,-0.088251
0.895830,0.936207,-0.061540,0.417238,1.000000,0.000000,-0.088250
0.895803,0.936192,-0.061597,0.416813,1.000000,0.000000,-0.088248
0.895776,0.936177,-0.061653,0.416389,1.000000,0.000000,-0.088246
0.895749,0.936161,-0.061710,0.415966,1.000000,0.000000,-0.088245
0.895723,0.936146,-0.061767,0.415543,1.000000,0.000000,-0.088243
0.895696,0.936131,-0.061824,0.415120,1.000000,0.000000,-0.088241
0.895669,0.936115,-0.061880,0.414697,1.000000,0.000000,-0.088240
0.895643,0.936100,-0.061937,0.414275,1.000000,0.000000,-0.088238
0.895616,0.936085,-0.061993,0.413853,1.000000,0.000000,-0.088236
0.895589,0.936069,-0.062050,0.413431,1.000000,0.000000,-0.088234
0.895562,0.936054,-0.062106,0.413010,1.000000,0.000000,-0.088233
0.895536,0.936039,-0.062163,0.412589,1.000000,0.000000,-0.088231
0.895509,0.936023,-0.062219,0.412168,1.000000,0.000000,-0.088229
0.895482,0.936008,-0.062276,0.411748,1.000000,0.000000,-0.088228
0.895456,0.935993,-0.062332,0.411328,1.000000,0.000000,-0.088226
0.895429,0.935978,-0.062388,0.410908,1.000000,0.000000,-0.088224
0.895402,0.935962,-0.062444,0.410489,1.000000,0.000000,-0.088222
0.895375,0.935947,-0.062501,0.410069,1.000000,0.000000,-0.088221
0.895349,0.935932,-0.062557,0.409650,1.000000,0.000000,-0.088219
0.895322,0.935916,-0.062613,0.409232,1.000000,0.000000,-0.088217
0.895295,0.935901,-0.062669,0.408813,1.000000,0.000000,-0.088216
0.895268,0.935886,-0.062725,0.408395,1.000000,0.000000,-0.088214
0.895242,0.935870,-0.062781,0.407977,1.000000,0.000000,-0.088212
0.895215,0.935855,-0.062837,0.407560,1.000000,0.000000,-0.088210
0.895188,0.935840,-0.062893,0.407143,1.000000,0.000000,-0.088209
0.895162,0.935825,-0.062949,0.406726,1.000000,0.000000,-0.088207
0.895135,0.935809,-0.063004,0.406309,1.000000,0.000000,-0.088204
0.895108,0.935794,-0.063060,0.405892,1.000000,0.000000,-0.088202
0.895082,0.935778,-0.063116,0.405476,1.000000,0.000000,-0.088200
0.895055,0.935763,-0.063171,0.405060,1.000000,0.000000,-0.088198
0.895028,0.935748,-0.063227,0.404645,1.000000,0.000000,-0.088196
0.895001,0.935733,-0.063283,0.404229,1.000000,0.000000,-0.088194
0.894975,0.935717,-0.063338,0.403814,1.000000,0.000000,-0.088193
0.894948,0.935702,-0.063394,0.403399,1.000000,0.000000,-0.088191
0.894921,0.935687,-0.063449,0.402985,1.000000,0.000000,-0.088189
0.894894,0.935671,-0.063505,0.402571,1.000000,0.000000,-0.088187
0.894868,0.935656,-0.063560,0.402157,1.000000,0.000000,-0.088186
0.894841,0.935641,-0.063615,0.401743,1.000000,0.000000,-0.088184
0.894814,0.935626,-0.063671,0.401330,1.000000,0.000000,-0.088183
0.894788,0.935610,-0.063726,0.400916,1.000000,0.000000,-0.088181
0.894761,0.935595,-0.063781,0.400504,1.000000,0.000000,-0.088179
0.894734,0.935580,-0.063836,0.400091,1.000000,0.000000,-0.088178
0.894708,0.935564,-0.063891,0.399679,1.000000,0.000000,-0.088176
0.894681,0.935549,-0.063947,0.399267,1.000000,0.000000,-0.088175
0.894654,0.935534,-0.064002,0.398855,1.000000,0.000000,-0.088173
0.894627,0.935518,-0.064057,0.398444,1.000000,0.000000,-0.088172
0.894601,0.935503,-0.064112,0.398032,1.000000,0.000000,-0.088170
0.894574,0.935488,-0.064167,0.397622,1.000000,0.000000,-0.088169
0.894547,0.935472,-0.064221,0.397211,1.000000,0.000000,-0.088167
0.894521,0.935457,-0.064276,0.396801,1.000000,0.000000,-0.088166
0.894494,0.935442,-0.064331,0.396391,1.000000,0.000000,-0.088164
0.894467,0.935427,-0.064386,0.395981,1.000000,0.000000,-0.088162
0.894440,0.935411,-0.064441,0.395572,1.000000,0.000000,-0.088161
0.894414,0.935396,-0.064495,0.395163,1.000000,0.000000,-0.088159
0.894387,0.935381,-0.064550,0.394754,1.000000,0.000000,-0.088157
0.894360,0.935365,-0.064604,0.394346,1.000000,0.000000,-0.088156
0.894334,0.935350,-0.064659,0.393937,1.000000,0.000000,-0.088154
0.894307,0.935335,-0.064713,0.393530,1.000000,0.000000,-0.088153
0.894280,0.935319,-0.064768,0.393122,1.000000,0.000000,-0.088151
0.894254,0.935304,-0.064822,0.392715,1.000000,0.000000,-0.088149
0.894227,0.935289,-0.064877,0.392308,1.000000,0.000000,-0.088147
0.894200,0.935274,-0.064931,0.391901,1.000000,0.000000,-0.088146
0.894173,0.935258,-0.064985,0.391495,1.000000,0.000000,-0.088144
0.894147,0.935243,-0.065040,0.391089,1.000000,0.000000,-0.088142
0.894120,0.935228,-0.065094,0.390683,1.000000,0.000000,-0.088140
0.894093,0.935212,-0.065148,0.390278,1.000000,0.000000,-0.088139
0.894067,0.935197,-0.065202,0.389872,1.000000,0.000000,-0.088137
0.894040,0.935182,-0.065256,0.389467,1.000000,0.000000,-0.088135
0.894013,0.935166,-0.065310,0.389063,1.000000,0.000000,-0.088133
0.893987,0.935151,-0.065364,0.388659,1.000000,0.000000,-0.088131
0.893960,0.935136,-0.065418,0.388255,1.000000,0.000000,-0.088130
0.893933,0.935121,-0.065472,0.387851,1.000000,0.000000,-0.088128
0.893906,0.935105,-0.065526,0.387448,1.000000,0.000000,-0.088126
0.893880,0.935090,-0.065580,0.387044,1.000000,0.000000,-0.088124
0.893853,0.935075,-0.065634,0.386642,1.000000,0.000000,-0.088122
0.893826,0.935059,-0.065687,0.386239,1.000000,0.000000,-0.088121
0.893800,0.935044,-0.065741,0.385837,1.000000,0.000000,-0.088119
0.893773,0.935029,-0.065795,0.385435,1.000000,0.000000,-0.088117
0.893746,0.935013,-0.065848,0.385033,1.000000,0.000000,-0.088115
0.893719,0.934998,-0.065902,0.384632,1.000000,0.000000,-0.088113
0.893693,0.934983,-0.065955,0.384230,1.000000,0.000000,-0.088112
0.893666,0.934968,-0.066009,0.383830,1.000000,0.000000,-0.088110
0.893640,0.934952,-0.066062,0.383429,1.000000,0.000000,-0.088108
0.893613,0.934937,-0.066116,0.383029,1.000000,0.000000,-0.088107
0.893586,0.934922,-0.066169,0.382629,1.000000,0.000000,-0.088105
0.893559,0.934906,-0.066222,0.382229,1.000000,0.000000,-0.088103
0.893533,0.934891,-0.066276,0.381830,1.000000,0.000000,-0.088101
0.893506,0.934876,-0.066329,0.381431,1.000000,0.000000,-0.088099
0.893479,0.934860,-0.066382,0.381032,1.000000,0.000000,-0.088097
0.893453,0.934845,-0.066435,0.380634,1.000000,0.000000,-0.088096
0.893426,0.934830,-0.066488,0.380236,1.000000,0.000000,-0.088094
0.893399,0.934815,-0.066542,0.379838,1.000000,0.000000,-0.088092
0.893373,0.934799,-0.066595,0.379440,1.000000,0.000000,-0.088090
0.893346,0.934784,-0.066648,0.379043,1.000000,0.000000,-0.088088
0.893319,0.934769,-0.066700,0.378646,1.000000,0.000000,-0.088087
0.893292,0.934753,-0.066753,0.378250,1.000000,0.000000,-0.088085
0.893266,0.934738,-0.066806,0.377854,1.000000,0.000000,-0.088083
0.893239,0.934723,-0.066859,0.377458,1.000000,0.000000,-0.088081
0.893212,0.934707,-0.066912,0.377062,1.000000,0.000000,-0.088079
0.893186,0.934692,-0.066965,0.376667,1.000000,0.000000,-0.088078
0.893159,0.934677,-0.067017,0.376272,1.000000,0.000000,-0.088076
0.893132,0.934662,-0.067070,0.375877,1.000000,0.000000,-0.088074
0.893106,0.934646,-0.067123,0.375483,1.000000,0.000000,-0.088072
0.893079,0.934631,-0.067175,0.375090,1.000000,0.000000,-0.088070
0.893052,0.934616,-0.067228,0.374696,1.000000,0.000000,-0.088068
0.893026,0.934600,-0.067280,0.374303,1.000000,0.000000,-0.088066
0.892999,0.934585,-0.067333,0.373910,1.000000,0.000000,-0.088064
0.892972,0.934570,-0.067385,0.373518,1.000000,0.000000,-0.088063
0.892945,0.934554,-0.067437,0.373126,1.000000,0.000000,-0.088061
0.892919,0.934539,-0.067490,0.372734,1.000000,0.000000,-0.088059
0.892892,0.934524,-0.067542,0.372343,1.000000,0.000000,-0.088057
0.892866,0.934509,-0.067594,0.371952,1.000000,0.000000,-0.088055
0.892839,0.934493,-0.067646,0.371562,1.000000,0.000000,-0.088053
0.892812,0.934478,-0.067698,0.371172,1.000000,0.000000,-0.088052
0.892785,0.934463,-0.067751,0.370783,1.000000,0.000000,-0.088050
0.892759,0.934447,-0.067803,0.370394,1.000000,0.000000,-0.088047
0.892732,0.934432,-0.067855,0.370005,1.000000,0.000000,-0.088044
0.892705,0.934417,-0.067907,0.369617,1.000000,0.000000,-0.088041
0.892679,0.934402,-0.067959,0.369229,1.000000,0.000000,-0.088039
0.892652,0.934386,-0.068010,0.368842,1.000000,0.000000,-0.088037
0.892625,0.934371,-0.068062,0.368455,1.000000,0.000000,-0.088034
0.892599,0.934356,-0.068114,0.368068,1.000000,0.000000,-0.088032
0.892572,0.934340,-0.068166,0.367683,1.000000,0.000000,-0.088031
0.892545,0.934325,-0.068218,0.367297,1.000000,0.000000,-0.088028
0.892519,0.934310,-0.068269,0.366912,1.000000,0.000000,-0.088026
0.892492,0.934294,-0.068321,0.366527,1.000000,0.000000,-0.088025
0.892465,0.934279,-0.068373,0.366143,1.000000,0.000000,-0.088023
0.892439,0.934264,-0.068424,0.365760,1.000000,0.000000,-0.088021
0.892412,0.934249,-0.068476,0.365377,1.000000,0.000000,-0.088019
0.892385,0.934233,-0.068527,0.364994,1.000000,0.000000,-0.088018
0.892358,0.934218,-0.068579,0.364612,1.000000,0.000000,-0.088016
0.892332,0.934203,-0.068630,0.364230,1.000000,0.000000,-0.088015
0.892305,0.934187,-0.068681,0.363849,1.000000,0.000000,-0.088013
0.892279,0.934172,-0.068733,0.363468,1.000000,0.000000,-0.088012
0.892252,0.934157,-0.068784,0.363088,1.000000,0.000000,-0.088010
0.892225,0.934141,-0.068835,0.362708,1.000000,0.000000,-0.088009
0.892198,0.934126,-0.068886,0.362329,1.000000,0.000000,-0.088007
0.892172,0.934111,-0.068937,0.361950,1.000000,0.000000,-0.088006
0.892145,0.934096,-0.068988,0.361571,1.000000,0.000000,-0.088004
0.892119,0.934080,-0.069040,0.361193,1.000000,0.000000,-0.088002
0.892092,0.934065,-0.069091,0.360815,1.000000,0.000000,-0.088001
0.892065,0.934050,-0.069142,0.360438,1.000000,0.000000,-0.087999
0.892038,0.934034,-0.069192,0.360061,1.000000,0.000000,-0.087997
0.892012,0.934019,-0.069243,0.359684,1.000000,0.000000,-0.087996
0.891985,0.934004,-0.069294,0.359308,1.000000,0.000000,-0.087994
0.891958,0.933989,-0.069345,0.358932,1.000000,0.000000,-0.087992
0.891932,0.933973,-0.069396,0.358557,1.000000,0.000000,-0.087991
0.891905,0.933958,-0.069446,0.358182,1.000000,0.000000,-0.087989
0.891878,0.933943,-0.069497,0.357807,1.000000,0.000000,-0.087988
0.891852,0.933927,-0.069548,0.357432,1.000000,0.000000,-0.087986
0.891825,0.933912,-0.069598,0.357058,1.000000,0.000000,-0.087984
0.891798,0.933897,-0.069649,0.356685,1.000000,0.000000,-0.087982
0.891772,0.933882,-0.069699,0.356311,1.000000,0.000000,-0.087981
0.891745,0.933866,-0.069750,0.355938,1.000000,0.000000,-0.087979
0.891718,0.933851,-0.069800,0.355565,1.000000,0.000000,-0.087977
0.891692,0.933836,-0.069851,0.355193,1.000000,0.000000,-0.087976
0.891665,0.933820,-0.069901,0.354820,1.000000,0.000000,-0.087974
0.891638,0.933805,-0.069951,0.354449,1.000000,0.000000,-0.087972
0.891612,0.933790,-0.070002,0.354077,1.000000,0.000000,-0.087971
0.891585,0.933774,-0.070052,0.353706,1.000000,0.000000,-0.087969
0.891558,0.933759,-0.070102,0.353335,1.000000,0.000000,-0.087967
0.891532,0.933744,-0.070152,0.352964,1.000000,0.000000,-0.087965
0.891505,0.933729,-0.070202,0.352594,1.000000,0.000000,-0.087964
0.891478,0.933713,-0.070252,0.352223,1.000000,0.000000,-0.087962
0.891452,0.933698,-0.070302,0.351853,1.000000,0.000000,-0.087960
0.891425,0.933683,-0.070352,0.351484,1.000000,0.000000,-0.087959
0.891398,0.933667,-0.070402,0.351114,1.000000,0.000000,-0.087957
0.891372,0.933652,-0.070452,0.350745,1.000000,0.000000,-0.087955
0.891345,0.933637,-0.070502,0.350376,1.000000,0.000000,-0.087953
0.891318,0.933621,-0.070552,0.350008,1.000000,0.000000,-0.087952
0.891292,0.933606,-0.070601,0.349640,1.000000,0.000000,-0.087950
0.891265,0.933591,-0.070651,0.349272,1.000000,0.000000,-0.087948
0.891238,0.933576,-0.070701,0.348904,1.000000,0.000000,-0.087947
0.891212,0.933560,-0.070750,0.348536,1.000000,0.000000,-0.087945
0.891185,0.933545,-0.070800,0.348169,1.000000,0.000000,-0.087943
0.891158,0.933530,-0.070849,0.347802,1.000000,0.000000,-0.087942
0.891132,0.933515,-0.070899,0.347435,1.000000,0.000000,-0.087940
0.891105,0.933499,-0.070948,0.347069,1.000000,0.000000,-0.087938
0.891078,0.933484,-0.070998,0.346702,1.000000,0.000000,-0.087936
0.891052,0.933469,-0.071047,0.346336,1.000000,0.000000,-0.087935
0.891025,0.933453,-0.071097,0.345970,1.000000,0.000000,-0.087933
0.890998,0.933438,-0.071146,0.345605,1.000000,0.000000,-0.087931
0.890972,0.933423,-0.071195,0.345240,1.000000,0.000000,-0.087929
0.890945,0.933407,-0.071244,0.344875,1.000000,0.000000,-0.087928
0.890918,0.933392,-0.071293,0.344510,1.000000,0.000000,-0.087926
0.890892,0.933377,-0.071343,0.344145,1.000000,0.000000,-0.087924
0.890865,0.933362,-0.071392,0.343781,1.000000,0.000000,-0.087923
0.890839,0.933346,-0.071441,0.343417,1.000000,0.000000,-0.087921
0.890812,0.933331,-0.071490,0.343053,1.000000,0.000000,-0.087919
0.890785,0.933316,-0.071539,0.342689,1.000000,0.000000,-0.087917
0.890758,0.933300,-0.071588,0.342326,1.000000,0.000000,-0.087916
0.890732,0.933285,-0.071636,0.341963,1.000000,0.000000,-0.087914
0.890705,0.933270,-0.071685,0.341600,1.000000,0.000000,-0.087912
0.890679,0.933255,-0.071734,0.341237,1.000000,0.000000,-0.087911
0.890652,0.933239,-0.071783,0.340875,1.000000,0.000000,-0.087909
0.890625,0.933224,-0.071831,0.340513,1.000000,0.000000,-0.087907
0.890599,0.933209,-0.071880,0.340151,1.000000,0.000000,-0.087904
0.890572,0.933193,-0.071929,0.339789,1.000000,0.000000,-0.087902
0.890545,0.933178,-0.071977,0.339427,1.000000,0.000000,-0.087901
0.890519,0.933163,-0.072026,0.339066,1.000000,0.000000,-0.087899
0.890492,0.933148,-0.072074,0.338705,1.000000,0.000000,-0.087897
0.890465,0.933132,-0.072123,0.338345,1.000000,0.000000,-0.087895
0.890439,0.933117,-0.072171,0.337984,1.000000,0.000000,-0.087893
0.890412,0.933102,-0.072220,0.337624,1.000000,0.000000,-0.087892
0.890385,0.933087,-0.072268,0.337264,1.000000,0.000000,-0.087890
0.890359,0.933071,-0.072316,0.336904,1.000000,0.000000,-0.087888
0.890332,0.933056,-0.072364,0.336545,1.000000,0.000000,-0.087886
0.890305,0.933041,-0.072413,0.336186,1.000000,0.000000,-0.087885
0.890279,0.933025,-0.072461,0.335827,1.000000,0.000000,-0.087883
0.890252,0.933010,-0.072509,0.335468,1.000000,0.000000,-0.087882
0.890226,0.932995,-0.072557,0.335109,1.000000,0.000000,-0.087880
0.890199,0.932979,-0.072605,0.334751,1.000000,0.000000,-0.087878
0.890172,0.932964,-0.072653,0.334393,1.000000,0.000000,-0.087877
0.890145,0.932949,-0.072701,0.334036,1.000000,0.000000,-0.087875
0.890119,0.932934,-0.072749,0.333678,1.000000,0.000000,-0.087873
0.890092,0.932918,-0.072797,0.333321,1.000000,0.000000,-0.087872
0.890066,0.932903,-0.072844,0.332964,1.000000,0.000000,-0.087870
0.890039,0.932888,-0.072892,0.332608,1.000000,0.000000,-0.087869
0.890012,0.932872,-0.072940,0.332252,1.000000,0.000000,-0.087867
0.889986,0.932857,-0.072988,0.331896,1.000000,0.000000,-0.087865
0.889959,0.932842,-0.073035,0.331540,1.000000,0.000000,-0.087864
0.889932,0.932827,-0.073083,0.331185,1.000000,0.000000,-0.087862
0.889906,0.932811,-0.073130,0.330830,1.000000,0.000000,-0.087860
0.889879,0.932796,-0.073178,0.330475,1.000000,0.000000,-0.087859
0.889852,0.932781,-0.073225,0.330121,1.000000,0.000000,-0.087857
0.889826,0.932765,-0.073273,0.329767,1.000000,0.000000,-0.087855
0.889799,0.932750,-0.073320,0.329413,1.000000,0.000000,-0.087854
0.889773,0.932735,-0.073368,0.329059,1.000000,0.000000,-0.087852
0.889746,0.932720,-0.073415,0.328706,1.000000,0.000000,-0.087850
0.889719,0.932704,-0.073462,0.328353,1.000000,0.000000,-0.087848
0.889693,0.932689,-0.073509,0.328001,1.000000,0.000000,-0.087847
0.889666,0.932674,-0.073557,0.327649,1.000000,0.000000,-0.087845
0.889639,0.932659,-0.073604,0.327297,1.000000,0.000000,-0.087843
0.889613,0.932643,-0.073651,0.326945,1.000000,0.000000,-0.087842
0.889586,0.932628,-0.073698,0.326594,1.000000,0.000000,-0.087840
0.889559,0.932613,-0.073745,0.326243,1.000000,0.000000,-0.087838
0.889533,0.932597,-0.073792,0.325893,1.000000,0.000000,-0.087836
0.889506,0.932582,-0.073839,0.325542,1.000000,0.000000,-0.087834
0.889479,0.932567,-0.073886,0.325192,1.000000,0.000000,-0.087832
0.889453,0.932552,-0.073933,0.324843,1.000000,0.000000,-0.087831
0.889426,0.932536,-0.073979,0.324494,1.000000,0.000000,-0.087829
0.889400,0.932521,-0.074026,0.324145,1.000000,0.000000,-0.087827
0.889373,0.932506,-0.074073,0.323796,1.000000,0.000000,-0.087825
0.889346,0.932490,-0.074120,0.323448,1.000000,0.000000,-0.087824
0.889320,0.932475,-0.074166,0.323100,1.000000,0.000000,-0.087822
0.889293,0.932460,-0.074213,0.322752,1.000000,0.000000,-0.087820
0.889266,0.932445,-0.074259,0.322405,1.000000,0.000000,-0.087818
0.889240,0.932429,-0.074306,0.322058,1.000000,0.000000,-0.087816
0.889213,0.932414,-0.074352,0.321711,1.000000,0.000000,-0.087815
0.889187,0.932399,-0.074399,0.321365,1.000000,0.000000,-0.087813
0.889160,0.932383,-0.074445,0.321019,1.000000,0.000000,-0.087811
0.889133,0.932368,-0.074491,0.320673,1.000000,0.000000,-0.087809
0.889107,0.932353,-0.074538,0.320328,1.000000,0.000000,-0.087807
0.889080,0.932338,-0.074584,0.319983,1.000000,0.000000,-0.087806
0.889053,0.932322,-0.074630,0.319638,1.000000,0.000000,-0.087804
0.889027,0.932307,-0.074676,0.319294,1.000000,0.000000,-0.087802
0.889000,0.932292,-0.074723,0.318950,1.000000,0.000000,-0.087800
0.888973,0.932276,-0.074769,0.318606,1.000000,0.000000,-0.087799
0.888947,0.932261,-0.074815,0.318263,1.000000,0.000000,-0.087797
0.888920,0.932246,-0.074861,0.317920,1.000000,0.000000,-0.087795
0.888893,0.932231,-0.074907,0.317577,1.000000,0.000000,-0.087793
0.888867,0.932215,-0.074953,0.317235,1.000000,0.000000,-0.087791
0.888840,0.932200,-0.074998,0.316893,1.000000,0.000000,-0.087789
0.888814,0.932185,-0.075044,0.316551,1.000000,0.000000,-0.087788
0.888787,0.932170,-0.075090,0.316210,1.000000,0.000000,-0.087786
0.888760,0.932154,-0.075136,0.315869,1.000000,0.000000,-0.087784
0.888734,0.932139,-0.075182,0.315528,1.000000,0.000000,-0.087782
0.888707,0.932124,-0.075227,0.315188,1.000000,0.000000,-0.087780
0.888680,0.932108,-0.075273,0.314848,1.000000,0.000000,-0.087779
0.888654,0.932093,-0.075318,0.314508,1.000000,0.000000,-0.087777
0.888627,0.932078,-0.075364,0.314169,1.000000,0.000000,-0.087775
0.888601,0.932063,-0.075409,0.313830,1.000000,0.000000,-0.087773
0.888574,0.932047,-0.075455,0.313492,0.999915,0.000000,-0.087771
0.888549,0.932034,-0.075500,0.313154,0.999876,0.000000,-0.087769
0.888524,0.932021,-0.075545,0.312818,0.999852,0.000000,-0.087768
0.888500,0.932007,-0.075590,0.312481,0.999832,0.000000,-0.087766
0.888475,0.931994,-0.075635,0.312145,0.999814,0.000000,-0.087764
0.888450,0.931980,-0.075680,0.311810,0.999796,0.000000,-0.087762
0.888425,0.931967,-0.075725,0.311475,0.999778,0.000000,-0.087760
0.888401,0.931954,-0.075770,0.311140,0.999760,0.000000,-0.087759
0.888376,0.931940,-0.075815,0.310805,0.999742,0.000000,-0.087757
0.888351,0.931927,-0.075860,0.310471,0.999725,0.000000,-0.087755
0.888327,0.931914,-0.075904,0.310137,0.999707,0.000000,-0.087753
0.888302,0.931900,-0.075949,0.309804,0.999689,0.000000,-0.087751
0.888277,0.931887,-0.075994,0.309471,0.999671,0.000000,-0.087750
0.888252,0.931874,-0.076038,0.309138,0.999654,0.000000,-0.087748
0.888228,0.931860,-0.076083,0.308806,0.999636,0.000000,-0.087746
0.888203,0.931847,-0.076127,0.308475,0.999618,0.000000,-0.087744
0.888178,0.931834,-0.076172,0.308143,0.999600,0.000000,-0.087742
0.888153,0.931820,-0.076216,0.307812,0.999583,0.000000,-0.087741
0.888129,0.931807,-0.076261,0.307481,0.999565,0.000000,-0.087739
0.888104,0.931793,-0.076305,0.307151,0.999547,0.000000,-0.087738
0.888079,0.931780,-0.076350,0.306821,0.999529,0.000000,-0.087737
0.888054,0.931767,-0.076394,0.306492,0.999512,0.000000,-0.087734
0.888029,0.931753,-0.076438,0.306163,0.999494,0.000000,-0.087730
0.888005,0.931740,-0.076482,0.305834,0.999476,0.000000,-0.087728
0.887980,0.931727,-0.076527,0.305506,0.999458,0.000000,-0.087725
0.887955,0.931713,-0.076571,0.305178,0.999440,0.000000,-0.087723
0.887930,0.931700,-0.076615,0.304851,0.999423,0.000000,-0.087721
0.887906,0.931686,-0.076659,0.304524,0.999405,0.000000,-0.087718
0.887881,0.931673,-0.076703,0.304197,0.999387,0.000000,-0.087716
0.887856,0.931660,-0.076747,0.303871,0.999369,0.000000,-0.087714
0.887831,0.931646,-0.076791,0.303546,0.999352,0.000000,-0.087712
0.887807,0.931633,-0.076835,0.303221,0.999334,0.000000,-0.087711
0.887782,0.931619,-0.076878,0.302896,0.999316,0.000000,-0.087709
0.887757,0.931606,-0.076922,0.302572,0.999298,0.000000,-0.087707
0.887732,0.931593,-0.076966,0.302248,0.999280,0.000000,-0.087706
0.887708,0.931579,-0.077010,0.301925,0.999263,0.000000,-0.087704
0.887683,0.931566,-0.077053,0.301602,0.999245,0.000000,-0.087702
0.887658,0.931552,-0.077097,0.301279,0.999227,0.000000,-0.087701
0.887633,0.931539,-0.077141,0.300957,0.999209,0.000000,-0.087699
0.887608,0.931526,-0.077184,0.300635,0.999192,0.000000,-0.087697
0.887584,0.931512,-0.077228,0.300314,0.999174,0.000000,-0.087696
0.887559,0.931499,-0.077271,0.299993,0.999156,0.000000,-0.087694
0.887534,0.931485,-0.077315,0.299672,0.999138,0.000000,-0.087693
0.887509,0.931472,-0.077358,0.299352,0.999120,0.000000,-0.087691
0.887484,0.931459,-0.077401,0.299033,0.999103,0.000000,-0.087689
0.887460,0.931445,-0.077445,0.298714,0.999085,0.000000,-0.087688
0.887435,0.931432,-0.077488,0.298395,0.999067,0.000000,-0.087686
0.887410,0.931418,-0.077531,0.298076,0.999049,0.000000,-0.087685
0.887385,0.931405,-0.077574,0.297758,0.999032,0.000000,-0.087683
0.887360,0.931391,-0.077618,0.297440,0.999014,0.000000,-0.087682
0.887336,0.931378,-0.077661,0.297123,0.998996,0.000000,-0.087680
0.887311,0.931365,-0.077704,0.296806,0.998978,0.000000,-0.087678
0.887286,0.931351,-0.077747,0.296489,0.998961,0.000000,-0.087677
0.887261,0.931338,-0.077790,0.296173,0.998943,0.000000,-0.087675
0.887236,0.931324,-0.077833,0.295857,0.998925,0.000000,-0.087673
0.887212,0.931311,-0.077876,0.295541,0.998907,0.000000,-0.087672
0.887187,0.931297,-0.077919,0.295226,0.998890,0.000000,-0.087670
0.887162,0.931284,-0.077961,0.294911,0.998872,0.000000,-0.087668
0.887137,0.931271,-0.078004,0.294596,0.998854,0.000000,-0.087667
0.887112,0.931257,-0.078047,0.294282,0.998836,0.000000,-0.087665
0.887088,0.931244,-0.078090,0.293968,0.998819,0.000000,-0.087664
0.887063,0.931230,-0.078132,0.293654,0.998801,0.000000,-0.087662
0.887038,0.931217,-0.078175,0.293341,0.998783,0.000000,-0.087660
0.887013,0.931203,-0.078217,0.293028,0.998765,0.000000,-0.087658
0.886988,0.931190,-0.078260,0.292715,0.998748,0.000000,-0.087657
0.886964,0.931177,-0.078302,0.292402,0.998730,0.000000,-0.087655
0.886939,0.931163,-0.078345,0.292090,0.998712,0.000000,-0.087653
0.886914,0.931150,-0.078387,0.291778,0.998695,0.000000,-0.087652
0.886889,0.931136,-0.078430,0.291467,0.998677,0.000000,-0.087650
0.886864,0.931123,-0.078472,0.291156,0.998659,0.000000,-0.087648
0.886839,0.931109,-0.078514,0.290845,0.998642,0.000000,-0.087646
0.886815,0.931096,-0.078556,0.290534,0.998624,0.000000,-0.087645
0.886790,0.931082,-0.078599,0.290224,0.998606,0.000000,-0.087643
0.886765,0.931069,-0.078641,0.289914,0.998589,0.000000,-0.087641
0.886740,0.931056,-0.078683,0.289604,0.998571,0.000000,-0.087639
0.886715,0.931042,-0.078725,0.289294,0.998553,0.000000,-0.087638
0.886691,0.931029,-0.078767,0.288985,0.998536,0.000000,-0.087636
0.886666,0.931015,-0.078809,0.288676,0.998518,0.000000,-0.087634
0.886641,0.931002,-0.078851,0.288367,0.998500,0.000000,-0.087633
0.886616,0.930988,-0.078893,0.288059,0.998483,0.000000,-0.087631
0.886591,0.930975,-0.078935,0.287750,0.998465,0.000000,-0.087629
0.886566,0.930961,-0.078977,0.287443,0.998447,0.000000,-0.087627
0.886542,0.930948,-0.079018,0.287135,0.998430,0.000000,-0.087626
0.886517,0.930935,-0.079060,0.286827,0.998412,0.000000,-0.087624
0.886492,0.930921,-0.079102,0.286520,0.998395,0.000000,-0.087622
0.886467,0.930908,-0.079143,0.286213,0.998377,0.000000,-0.087621
0.886442,0.930894,-0.079185,0.285907,0.998360,0.000000,-0.087619
0.886418,0.930881,-0.079227,0.285600,0.998342,0.000000,-0.087617
0.886393,0.930867,-0.079268,0.285294,0.998325,0.000000,-0.087615
0.886368,0.930854,-0.079310,0.284988,0.998307,0.000000,-0.087614
0.886343,0.930840,-0.079351,0.284683,0.998290,0.000000,-0.087612
0.886318,0.930827,-0.079392,0.284378,0.998272,0.000000,-0.087610
0.886293,0.930813,-0.079434,0.284073,0.998255,0.000000,-0.087608
0.886269,0.930800,-0.079475,0.283768,0.998237,0.000000,-0.087607
0.886244,0.930786,-0.079516,0.283463,0.998220,0.000000,-0.087605
0.886219,0.930773,-0.079558,0.283159,0.998202,0.000000,-0.087603
0.886194,0.930760,-0.079599,0.282855,0.998185,0.000000,-0.087602
0.886169,0.930746,-0.079640,0.282551,0.998167,0.000000,-0.087600
0.886145,0.930733,-0.079681,0.282248,0.998150,0.000000,-0.087598
0.886120,0.930719,-0.079722,0.281944,0.998132,0.000000,-0.087597
0.886095,0.930706,-0.079763,0.281641,0.998115,0.000000,-0.087595
0.886070,0.930692,-0.079804,0.281339,0.998098,0.000000,-0.087593
0.886045,0.930679,-0.079845,0.281036,0.998080,0.000000,-0.087592
0.886020,0.930665,-0.079886,0.280734,0.998063,0.000000,-0.087590
0.885995,0.930652,-0.079927,0.280432,0.998046,0.000000,-0.087587
0.885971,0.930638,-0.079968,0.280130,0.998028,0.000000,-0.087584
0.885946,0.930625,-0.080009,0.279829,0.998011,0.000000,-0.087582
0.885921,0.930611,-0.080049,0.279527,0.997994,0.000000,-0.087580
0.885896,0.930598,-0.080090,0.279226,0.997976,0.000000,-0.087578
0.885871,0.930584,-0.080131,0.278926,0.997959,0.000000,-0.087577
0.885846,0.930571,-0.080171,0.278625,0.997942,0.000000,-0.087574
0.885822,0.930558,-0.080212,0.278325,0.997925,0.000000,-0.087573
0.885797,0.930544,-0.080252,0.278025,0.997907,0.000000,-0.087571
0.885772,0.930530,-0.080293,0.277726,0.997890,0.000000,-0.087569
0.885747,0.930517,-0.080333,0.277426,0.997873,0.000000,-0.087567
0.885722,0.930504,-0.080374,0.277127,0.997856,0.000000,-0.087566
0.885697,0.930490,-0.080414,0.276828,0.997838,0.000000,-0.087564
0.885673,0.930477,-0.080454,0.276529,0.997821,0.000000,-0.087562
0.885648,0.930463,-0.080495,0.276231,0.997804,0.000000,-0.087561
0.885623,0.930450,-0.080535,0.275933,0.997787,0.000000,-0.087559
0.885598,0.930436,-0.080575,0.275635,0.997770,0.000000,-0.087557
0.885573,0.930423,-0.080615,0.275338,0.997752,0.000000,-0.087556
0.885548,0.930409,-0.080655,0.275040,0.997735,0.000000,-0.087554
0.885524,0.930396,-0.080695,0.274743,0.997718,0.000000,-0.087553
0.885499,0.930382,-0.080736,0.274446,0.997701,0.000000,-0.087551
0.885474,0.930369,-0.080776,0.274150,0.997684,0.000000,-0.087550
0.885449,0.930355,-0.080815,0.273854,0.997667,0.000000,-0.087548
0.885424,0.930342,-0.080855,0.273558,0.997650,0.000000,-0.087546
0.885399,0.930328,-0.080895,0.273262,0.997633,0.000000,-0.087544
0.885374,0.930315,-0.080935,0.272967,0.997616,0.000000,-0.087543
0.885350,0.930301,-0.080975,0.272672,0.997599,0.000000,-0.087541
0.885325,0.930288,-0.081015,0.272377,0.997582,0.000000,-0.087540
0.885300,0.930274,-0.081054,0.272083,0.997565,0.000000,-0.087538
0.885275,0.930261,-0.081094,0.271788,0.997548,0.000000,-0.087536
0.885250,0.930247,-0.081134,0.271495,0.997531,0.000000,-0.087535
0.885225,0.930234,-0.081173,0.271201,0.997514,0.000000,-0.087533
0.885201,0.930220,-0.081213,0.270908,0.997497,0.000000,-0.087531
0.885176,0.930207,-0.081252,0.270615,0.997479,0.000000,-0.087529
0.885151,0.930193,-0.081292,0.270322,0.997463,0.000000,-0.087528
0.885126,0.930180,-0.081331,0.270030,0.997446,0.000000,-0.087526
0.885101,0.930166,-0.081370,0.269738,0.997429,0.000000,-0.087524
0.885076,0.930153,-0.081410,0.269446,0.997412,0.000000,-0.087523
0.885051,0.930139,-0.081449,0.269155,0.997395,0.000000,-0.087521
0.885027,0.930126,-0.081488,0.268864,0.997378,0.000000,-0.087519
0.885002,0.930112,-0.081528,0.268573,0.997361,0.000000,-0.087518
0.884977,0.930099,-0.081567,0.268283,0.997344,0.000000,-0.087516
0.884952,0.930085,-0.081606,0.267993,0.997327,0.000000,-0.087514
0.884927,0.930072,-0.081645,0.267703,0.997310,0.000000,-0.087512
0.884902,0.930058,-0.081684,0.267413,0.997293,0.000000,-0.087510
0.884877,0.930045,-0.081723,0.267124,0.997276,0.000000,-0.087509
0.884853,0.930031,-0.081762,0.266836,0.997259,0.000000,-0.087507
0.884828,0.930018,-0.081801,0.266547,0.997243,0.000000,-0.087505
0.884803,0.930004,-0.081840,0.266259,0.997226,0.000000,-0.087503
0.884778,0.929991,-0.081879,0.265972,0.997209,0.000000,-0.087501
0.884753,0.929977,-0.081917,0.265684,0.997192,0.000000,-0.087500
0.884728,0.929964,-0.081956,0.265397,0.997175,0.000000,-0.087498
0.884703,0.929950,-0.081995,0.265111,0.997159,0.000000,-0.087496
0.884678,0.929937,-0.082034,0.264824,0.997142,0.000000,-0.087494
0.884654,0.929923,-0.082072,0.264538,0.997125,0.000000,-0.087493
0.884629,0.929910,-0.082111,0.264253,0.997108,0.000000,-0.087491
0.884604,0.929896,-0.082149,0.263967,0.997092,0.000000,-0.087489
0.884579,0.929883,-0.082188,0.263682,0.997075,0.000000,-0.087487
0.884554,0.929869,-0.082226,0.263398,0.997058,0.000000,-0.087486
0.884529,0.929856,-0.082265,0.263113,0.997041,0.000000,-0.087484
0.884504,0.929842,-0.082303,0.262829,0.997025,0.000000,-0.087482
0.884480,0.929828,-0.082342,0.262546,0.997008,0.000000,-0.087480
0.884455,0.929815,-0.082380,0.262263,0.996991,0.000000,-0.087478
0.884430,0.929801,-0.082418,0.261980,0.996974,0.000000,-0.087476
0.884405,0.929788,-0.082456,0.261697,0.996957,0.000000,-0.087475
0.884380,0.929774,-0.082495,0.261415,0.996941,0.000000,-0.087473
0.884355,0.929761,-0.082533,0.261133,0.996924,0.000000,-0.087471
0.884330,0.929747,-0.082571,0.260852,0.996907,0.000000,-0.087470
0.884305,0.929734,-0.082609,0.260570,0.996890,0.000000,-0.087468
0.884280,0.929720,-0.082647,0.260290,0.996874,0.000000,-0.087466
0.884256,0.929707,-0.082685,0.260009,0.996857,0.000000,-0.087464
0.884231,0.929693,-0.082723,0.259729,0.996840,0.000000,-0.087462
0.884206,0.929680,-0.082761,0.259449,0.996823,0.000000,-0.087461
0.884181,0.929666,-0.082798,0.259169,0.996806,0.000000,-0.087459
0.884156,0.929652,-0.082836,0.258890,0.996790,0.000000,-0.087457
0.884131,0.929639,-0.082874,0.258611,0.996773,0.000000,-0.087455
0.884106,0.929625,-0.082912,0.258333,0.996756,0.000000,-0.087454
0.884081,0.929612,-0.082949,0.258054,0.996739,0.000000,-0.087452
0.884056,0.929598,-0.082987,0.257777,0.996722,0.000000,-0.087450
0.884031,0.929585,-0.083025,0.257499,0.996706,0.000000,-0.087448
0.884007,0.929571,-0.083062,0.257222,0.996689,0.000000,-0.087447
0.883982,0.929558,-0.083100,0.256945,0.996672,0.000000,-0.087445
0.883957,0.929544,-0.083137,0.256669,0.996655,0.000000,-0.087443
0.883932,0.929530,-0.083175,0.256392,0.996638,0.000000,-0.087441
0.883907,0.929517,-0.083212,0.256117,0.996622,0.000000,-0.087440
0.883882,0.929503,-0.083249,0.255841,0.996605,0.000000,-0.087438
0.883857,0.929490,-0.083287,0.255566,0.996588,0.000000,-0.087436
0.883832,0.929476,-0.083324,0.255291,0.996571,0.000000,-0.087435
0.883807,0.929463,-0.083361,0.255017,0.996554,0.000000,-0.087433
0.883782,0.929449,-0.083398,0.254743,0.996538,0.000000,-0.087431
0.883758,0.929435,-0.083436,0.254469,0.996521,0.000000,-0.087429
0.883733,0.929422,-0.083473,0.254195,0.996504,0.000000,-0.087428
0.883708,0.929408,-0.083510,0.253922,0.996487,0.000000,-0.087426
0.883683,0.929395,-0.083547,0.253649,0.996470,0.000000,-0.087424
0.883658,0.929381,-0.083584,0.253377,0.996454,0.000000,-0.087423
0.883633,0.929368,-0.083621,0.253104,0.996437,0.000000,-0.087421
0.883608,0.929354,-0.083657,0.252832,0.996420,0.000000,-0.087419
0.883583,0.929340,-0.083694,0.252561,0.996403,0.000000,-0.087417
0.883558,0.929327,-0.083731,0.252290,0.996386,0.000000,-0.087416
0.883533,0.929313,-0.083768,0.252019,0.996369,0.000000,-0.087414
0.883508,0.929300,-0.083805,0.251748,0.996353,0.000000,-0.087412
0.883483,0.929286,-0.083841,0.251478,0.996336,0.000000,-0.087410
0.883459,0.929272,-0.083878,0.251208,0.996319,0.000000,-0.087409
0.883434,0.929259,-0.083915,0.250938,0.996302,0.000000,-0.087407
0.883409,0.929245,-0.083951,0.250668,0.996285,0.000000,-0.087405
0.883384,0.929232,-0.083988,0.250399,0.996269,0.000000,-0.087403
0.883359,0.929218,-0.084024,0.250131,0.996252,0.000000,-0.087402
0.883334,0.929205,-0.084061,0.249862,0.996235,0.000000,-0.087400
0.883309,0.929191,-0.084097,0.249594,0.996218,0.000000,-0.087398
0.883284,0.929177,-0.084133,0.249326,0.996201,0.000000,-0.087397
0.883259,0.929164,-0.084170,0.249059,0.996184,0.000000,-0.087395
0.883234,0.929150,-0.084206,0.248792,0.996168,0.000000,-0.087393
0.883209,0.929137,-0.084242,0.248525,0.996151,0.000000,-0.087391
0.883184,0.929123,-0.084278,0.248258,0.996134,0.000000,-0.087393
0.883159,0.929109,-0.084314,0.247992,0.996117,0.000000,-0.087392
0.883135,0.929096,-0.084350,0.247726,0.996100,0.000000,-0.087390
0.883110,0.929082,-0.084387,0.247460,0.996083,0.000000,-0.087386
0.883085,0.929069,-0.084423,0.247195,0.996067,0.000000,-0.087382
0.883060,0.929055,-0.084459,0.246930,0.996050,0.000000,-0.087380
0.883035,0.929041,-0.084494,0.246665,0.996033,0.000000,-0.087377
0.883010,0.929028,-0.084530,0.246401,0.996016,0.000000,-0.087374
0.882985,0.929014,-0.084566,0.246137,0.995999,0.000000,-0.087372
0.882960,0.929000,-0.084602,0.245873,0.995982,0.000000,-0.087370
0.882935,0.928987,-0.084638,0.245610,0.995965,0.000000,-0.087367
0.882910,0.928973,-0.084674,0.245347,0.995949,0.000000,-0.087365
0.882885,0.928960,-0.084709,0.245084,0.995932,0.000000,-0.087363
0.882860,0.928946,-0.084745,0.244821,0.995915,0.000000,-0.087361
0.882835,0.928932,-0.084781,0.244559,0.995898,0.000000,-0.087359
0.882810,0.928919,-0.084816,0.244297,0.995881,0.000000,-0.087358
0.882785,0.928905,-0.084852,0.244035,0.995864,0.000000,-0.087356
0.882760,0.928892,-0.084887,0.243774,0.995847,0.000000,-0.087354
0.882735,0.928878,-0.084923,0.243513,0.995831,0.000000,-0.087353
0.882710,0.928864,-0.084958,0.243252,0.995814,0.000000,-0.087351
0.882685,0.928851,-0.084993,0.242991,0.995797,0.000000,-0.087349
0.882661,0.928837,-0.085029,0.242731,0.995780,0.000000,-0.087347
0.882636,0.928824,-0.085064,0.242471,0.995763,0.000000,-0.087346
0.882611,0.928810,-0.085099,0.242211,0.995746,0.000000,-0.087344
0.882586,0.928796,-0.085134,0.241952,0.995729,0.000000,-0.087343
0.882561,0.928783,-0.085170,0.241692,0.995713,0.000000,-0.087341
0.882536,0.928769,-0.085205,0.241433,0.995696,0.000000,-0.087340
0.882511,0.928755,-0.085240,0.241175,0.995679,0.000000,-0.087338
0.882486,0.928742,-0.085275,0.240916,0.995662,0.000000,-0.087336
0.882461,0.928728,-0.085310,0.240658,0.995645,0.000000,-0.087335
0.882436,0.928714,-0.085345,0.240400,0.995628,0.000000,-0.087333
0.882411,0.928701,-0.085380,0.240142,0.995611,0.000000,-0.087332
0.882386,0.928687,-0.085414,0.239885,0.995595,0.000000,-0.087330
0.882361,0.928674,-0.085449,0.239627,0.995578,0.000000,-0.087328
0.882336,0.928660,-0.085484,0.239370,0.995561,0.000000,-0.087327
0.882311,0.928646,-0.085519,0.239113,0.995544,0.000000,-0.087325
0.882286,0.928633,-0.085554,0.238857,0.995527,0.000000,-0.087323
0.882261,0.928619,-0.085588,0.238600,0.995510,0.000000,-0.087322
0.882236,0.928605,-0.085623,0.238344,0.995493,0.000000,-0.087320
0.882211,0.928592,-0.085657,0.238088,0.995476,0.000000,-0.087318
0.882186,0.928578,-0.085692,0.237832,0.995460,0.000000,-0.087317
0.882161,0.928564,-0.085726,0.237576,0.995443,0.000000,-0.087315
0.882136,0.928551,-0.085761,0.237321,0.995426,0.000000,-0.087313
0.882111,0.928537,-0.085795,0.237066,0.995409,0.000000,-0.087311
0.882086,0.928524,-0.085830,0.236811,0.995392,0.000000,-0.087310
0.882064,0.928511,-0.085864,0.236555,0.995375,0.000000,-0.087308
0.882040,0.928498,-0.085898,0.236300,0.995359,0.000000,-0.087306
0.882016,0.928485,-0.085932,0.236046,0.995342,0.000000,-0.087304
0.881991,0.928471,-0.085966,0.235792,0.995325,0.000000,-0.087303
0.881966,0.928457,-0.086001,0.235538,0.995308,0.000000,-0.087301
0.881941,0.928444,-0.086035,0.235284,0.995292,0.000000,-0.087299
0.881916,0.928430,-0.086069,0.235030,0.995275,0.000000,-0.087297
0.881891,0.928416,-0.086103,0.234777,0.995258,0.000000,-0.087296
0.881866,0.928403,-0.086137,0.234523,0.995241,0.000000,-0.087294
0.881841,0.928389,-0.086171,0.234270,0.995224,0.000000,-0.087292
0.881816,0.928376,-0.086205,0.234017,0.995207,0.000000,-0.087290
0.881791,0.928362,-0.086238,0.233764,0.995190,0.000000,-0.087289
0.881766,0.928348,-0.086272,0.233512,0.995173,0.000000,-0.087287
0.881741,0.928335,-0.086306,0.233259,0.995156,0.000000,-0.087285
0.881716,0.928321,-0.086340,0.233007,0.995140,0.000000,-0.087283
0.881691,0.928307,-0.086374,0.232755,0.995123,0.000000,-0.087282
0.881666,0.928294,-0.086407,0.232503,0.995106,0.000000,-0.087280
0.881641,0.928280,-0.086441,0.232251,0.995089,0.000000,-0.087278
0.881616,0.928266,-0.086474,0.232000,0.995072,0.000000,-0.087276
0.881591,0.928253,-0.086508,0.231748,0.995055,0.000000,-0.087275
0.881566,0.928239,-0.086541,0.231497,0.995038,0.000000,-0.087273
0.881541,0.928226,-0.086575,0.231246,0.995021,0.000000,-0.087271
0.881516,0.928212,-0.086608,0.230995,0.995004,0.000000,-0.087270
0.881492,0.928198,-0.086642,0.230744,0.994988,0.000000,-0.087268
0.881467,0.928185,-0.086675,0.230494,0.994971,0.000000,-0.087266
0.881442,0.928171,-0.086708,0.230243,0.994954,0.000000,-0.087264
0.881417,0.928157,-0.086741,0.229993,0.994937,0.000000,-0.087263
0.881392,0.928144,-0.086775,0.229743,0.994920,0.000000,-0.087261
0.881367,0.928130,-0.086808,0.229493,0.994903,0.000000,-0.087259
0.881342,0.928116,-0.086841,0.229243,0.994886,0.000000,-0.087258
0.881317,0.928103,-0.086874,0.228994,0.994869,0.000000,-0.087256
0.881292,0.928089,-0.086907,0.228744,0.994852,0.000000,-0.087254
0.881267,0.928075,-0.086940,0.228495,0.994835,0.000000,-0.087252
0.881242,0.928062,-0.086973,0.228246,0.994819,0.000000,-0.087250
0.881217,0.928048,-0.087006,0.227997,0.994802,0.000000,-0.087249
0.881192,0.928034,-0.087039,0.227748,0.994785,0.000000,-0.087247
0.881167,0.928021,-0.087072,0.227500,0.994768,0.000000,-0.087245
0.881142,0.928007,-0.087104,0.227251,0.994751,0.000000,-0.087244
0.881117,0.927993,-0.087137,0.227003,0.994734,0.000000,-0.087242
0.881092,0.927980,-0.087170,0.226755,0.994717,0.000000,-0.087240
0.881067,0.927966,-0.087202,0.226507,0.994700,0.000000,-0.087238
0.881042,0.927952,-0.087235,0.226259,0.994683,0.000000,-0.087237
0.881017,0.927939,-0.087268,0.226012,0.994667,0.000000,-0.087235
0.880992,0.927925,-0.087300,0.225764,0.994650,0.000000,-0.087233
0.880967,0.927911,-0.087333,0.225517,0.994633,0.000000,-0.087232
0.880942,0.927898,-0.087365,0.225270,0.994616,0.000000,-0.087230
0.880917,0.927884,-0.087398,0.225023,0.994599,0.000000,-0.087228
0.880892,0.927870,-0.087430,0.224776,0.994582,0.000000,-0.087226
0.880867,0.927857,-0.087462,0.224529,0.994565,0.000000,-0.087225
0.880842,0.927843,-0.087495,0.224283,0.994548,0.000000,-0.087223
0.880817,0.927829,-0.087527,0.224037,0.994531,0.000000,-0.087221
0.880792,0.927816,-0.087559,0.223791,0.994515,0.000000,-0.087220
0.880767,0.927802,-0.087591,0.223545,0.994498,0.000000,-0.087218
0.880742,0.927788,-0.087623,0.223299,0.994481,0.000000,-0.087216
0.880718,0.927775,-0.087655,0.223053,0.994464,0.000000,-0.087214
0.880692,0.927761,-0.087687,0.222808,0.994447,0.000000,-0.087213
0.880668,0.927747,-0.087719,0.222562,0.994430,0.000000,-0.087211
0.880643,0.927734,-0.087751,0.222317,0.994413,0.000000,-0.087210
0.880618,0.927720,-0.087783,0.222072,0.994396,0.000000,-0.087208
0.880593,0.927707,-0.087815,0.221827,0.994379,0.000000,-0.087206
0.880568,0.927693,-0.087847,0.221583,0.994362,0.000000,-0.087205
0.880543,0.927679,-0.087879,0.221338,0.994345,0.000000,-0.087203
0.880518,0.927665,-0.087910,0.221094,0.994329,0.000000,-0.087201
0.880493,0.927652,-0.087942,0.220850,0.994312,0.000000,-0.087199
0.880468,0.927638,-0.087974,0.220606,0.994295,0.000000,-0.087198
0.880443,0.927625,-0.088005,0.220362,0.994278,0.000000,-0.087196
0.880418,0.927611,-0.088037,0.220118,0.994261,0.000000,-0.087194
0.880393,0.927597,-0.088069,0.219875,0.994244,0.000000,-0.087190
0.880368,0.927583,-0.088100,0.219631,0.994227,0.000000,-0.087188
0.880343,0.927570,-0.088132,0.219388,0.994210,0.000000,-0.087186
0.880318,0.927556,-0.088163,0.219145,0.994193,0.000000,-0.087183
0.880293,0.927542,-0.088194,0.218902,0.994176,0.000000,-0.087182
0.880268,0.927529,-0.088226,0.218659,0.994160,0.000000,-0.087179
0.880243,0.927515,-0.088257,0.218417,0.994143,0.000000,-0.087177
0.880218,0.927501,-0.088288,0.218174,0.994126,0.000000,-0.087176
0.880193,0.927488,-0.088319,0.217932,0.994109,0.000000,-0.087174
0.880168,0.927474,-0.088351,0.217690,0.994092,0.000000,-0.087172
0.880143,0.927460,-0.088382,0.217448,0.994075,0.000000,-0.087170
0.880118,0.927447,-0.088413,0.217206,0.994058,0.000000,-0.087169
0.880093,0.927433,-0.088444,0.216964,0.994041,0.000000,-0.087167
0.880068,0.927419,-0.088475,0.216722,0.994024,0.000000,-0.087165
0.880043,0.927406,-0.088506,0.216481,0.994007,0.000000,-0.087164
0.880018,0.927392,-0.088537,0.216240,0.993990,0.000000,-0.087162
0.879993,0.927378,-0.088567,0.215999,0.993974,0.000000,-0.087161
0.879968,0.927365,-0.088598,0.215758,0.993957,0.000000,-0.087159
0.879943,0.927351,-0.088629,0.215517,0.993940,0.000000,-0.087158
0.879918,0.927337,-0.088660,0.215276,0.993923,0.000000,-0.087156
0.879893,0.927324,-0.088691,0.215036,0.993906,0.000000,-0.087154
0.879868,0.927310,-0.088721,0.214795,0.993889,0.000000,-0.087153
0.879843,0.927296,-0.088752,0.214555,0.993872,0.000000,-0.087151
0.879818,0.927283,-0.088782,0.214315,0.993855,0.000000,-0.087149
0.879793,0.927269,-0.088813,0.214075,0.993838,0.000000,-0.087148
0.879768,0.927255,-0.088843,0.213836,0.993822,0.000000,-0.087146
0.879744,0.927242,-0.088874,0.213596,0.993805,0.000000,-0.087144
0.879718,0.927228,-0.088904,0.213357,0.993788,0.000000,-0.087143
0.879694,0.927214,-0.088935,0.213118,0.993771,0.000000,-0.087141
0.879669,0.927201,-0.088965,0.212879,0.993754,0.000000,-0.087140
0.879644,0.927187,-0.088995,0.212640,0.993737,0.000000,-0.087138
0.879619,0.927173,-0.089026,0.212401,0.993720,0.000000,-0.087136
0.879594,0.927160,-0.089056,0.212163,0.993703,0.000000,-0.087134
0.879569,0.927146,-0.089086,0.211924,0.993686,0.000000,-0.087133
0.879544,0.927132,-0.089116,0.211686,0.993669,0.000000,-0.087131
0.879519,0.927119,-0.089146,0.211448,0.993652,0.000000,-0.087129
0.879494,0.927105,-0.089176,0.211210,0.993635,0.000000,-0.087127
0.879469,0.927091,-0.089206,0.210973,0.993618,0.000000,-0.087126
0.879444,0.927078,-0.089236,0.210735,0.993602,0.000000,-0.087124
0.879419,0.927064,-0.089266,0.210498,0.993585,0.000000,-0.087122
0.879394,0.927050,-0.089296,0.210261,0.993568,0.000000,-0.087120
0.879369,0.927037,-0.089326,0.210024,0.993551,0.000000,-0.087119
0.879344,0.927023,-0.089356,0.209787,0.993534,0.000000,-0.087117
0.879319,0.927009,-0.089385,0.209550,0.993517,0.000000,-0.087115
0.879294,0.926995,-0.089415,0.209314,0.993500,0.000000,-0.087113
0.879269,0.926982,-0.089445,0.209077,0.993483,0.000000,-0.087111
0.879244,0.926968,-0.089474,0.208841,0.993466,0.000000,-0.087110
0.879219,0.926954,-0.089504,0.208605,0.993449,0.000000,-0.087108
0.879194,0.926941,-0.089533,0.208369,0.993432,0.000000,-0.087106
0.879169,0.926927,-0.089563,0.208134,0.993415,0.000000,-0.087105
0.879144,0.926913,-0.089592,0.207898,0.993398,0.000000,-0.087103
0.879119,0.926900,-0.089622,0.207663,0.993382,0.000000,-0.087101
0.879094,0.926886,-0.089651,0.207428,0.993365,0.000000,-0.087099
0.879069,0.926872,-0.089680,0.207193,0.993348,0.000000,-0.087097
0.879044,0.926859,-0.089710,0.206958,0.993331,0.000000,-0.087095
0.879019,0.926845,-0.089739,0.206723,0.993314,0.000000,-0.087094
0.878994,0.926831,-0.089768,0.206488,0.993297,0.000000,-0.087092
0.878969,0.926818,-0.089797,0.206254,0.993280,0.000000,-0.087090
0.878944,0.926804,-0.089826,0.206020,0.993263,0.000000,-0.087088
0.878919,0.926790,-0.089856,0.205786,0.993246,0.000000,-0.087087
0.878894,0.926776,-0.089885,0.205552,0.993229,0.000000,-0.087085
0.878869,0.926763,-0.089914,0.205318,0.993212,0.000000,-0.087083
0.878844,0.926749,-0.089943,0.205085,0.993195,0.000000,-0.087081
0.878819,0.926735,-0.089971,0.204851,0.993178,0.000000,-0.087080
0.878794,0.926722,-0.090000,0.204618,0.993162,0.000000,-0.087078
0.878769,0.926708,-0.090029,0.204385,0.993145,0.000000,-0.087076
0.878744,0.926694,-0.090058,0.204152,0.993128,0.000000,-0.087074
0.878719,0.926681,-0.090087,0.203920,0.993111,0.000000,-0.087073
0.878694,0.926667,-0.090115,0.203687,0.993094,0.000000,-0.087071
0.878669,0.926653,-0.090144,0.203455,0.993077,0.000000,-0.087069
0.878644,0.926640,-0.090173,0.203223,0.993060,0.000000,-0.087067
0.878619,0.926626,-0.090201,0.202991,0.993043,0.000000,-0.087066
0.878594,0.926612,-0.090230,0.202759,0.993026,0.000000,-0.087064
0.878569,0.926599,-0.090258,0.202528,0.993009,0.000000,-0.087062
0.878545,0.926585,-0.090287,0.202296,0.992992,0.000000,-0.087060
0.878519,0.926571,-0.090315,0.202065,0.992975,0.000000,-0.087059
0.878495,0.926557,-0.090344,0.201834,0.992958,0.000000,-0.087057
0.878470,0.926544,-0.090372,0.201603,0.992941,0.000000,-0.087055
0.878445,0.926530,-0.090400,0.201372,0.992925,0.000000,-0.087053
0.878420,0.926516,-0.090428,0.201142,0.992908,0.000000,-0.087052
0.878395,0.926503,-0.090457,0.200912,0.992891,0.000000,-0.087050
0.878370,0.926489,-0.090485,0.200682,0.992874,0.000000,-0.087048
0.878345,0.926475,-0.090513,0.200452,0.992857,0.000000,-0.087047
0.878320,0.926462,-0.090541,0.200222,0.992840,0.000000,-0.087045
0.878295,0.926448,-0.090569,0.199992,0.992823,0.000000,-0.087043
0.878270,0.926434,-0.090597,0.199763,0.992806,0.000000,-0.087042
0.878245,0.926420,-0.090625,0.199534,0.992789,0.000000,-0.087040
0.878220,0.926407,-0.090653,0.199305,0.992772,0.000000,-0.087038
0.878195,0.926393,-0.090681,0.199076,0.992755,0.000000,-0.087036
0.878170,0.926379,-0.090709,0.198848,0.992738,0.000000,-0.087035
0.878145,0.926366,-0.090736,0.198619,0.992721,0.000000,-0.087033
0.878120,0.926352,-0.090764,0.198391,0.992704,0.000000,-0.087031
0.878095,0.926338,-0.090792,0.198163,0.992687,0.000000,-0.087029
0.878070,0.926325,-0.090820,0.197936,0.992671,0.000000,-0.087028
0.878045,0.926311,-0.090847,0.197708,0.992654,0.000000,-0.087026
0.878020,0.926297,-0.090875,0.197481,0.992637,0.000000,-0.087024
0.877995,0.926283,-0.090902,0.197254,0.992620,0.000000,-0.087022
0.877970,0.926270,-0.090930,0.197027,0.992603,0.000000,-0.087021
0.877945,0.926256,-0.090957,0.196800,0.992586,0.000000,-0.087022
0.877920,0.926242,-0.090985,0.196574,0.992569,0.000000,-0.087021
0.877895,0.926229,-0.091012,0.196347,0.992552,0.000000,-0.087017
0.877870,0.926215,-0.091039,0.196121,0.992535,0.000000,-0.087013
0.877845,0.926201,-0.091067,0.195895,0.992518,0.000000,-0.087010
0.877820,0.926187,-0.091094,0.195670,0.992501,0.000000,-0.087008
0.877795,0.926174,-0.091121,0.195444,0.992484,0.000000,-0.087005
0.877770,0.926160,-0.091148,0.195219,0.992467,0.000000,-0.087003
0.877745,0.926146,-0.091176,0.194994,0.992450,0.000000,-0.087000
0.877720,0.926133,-0.091203,0.194769,0.992433,0.000000,-0.086998
0.877695,0.926119,-0.091230,0.194545,0.992416,0.000000,-0.086996
0.877670,0.926105,-0.091257,0.194321,0.992399,0.000000,-0.086994
0.877645,0.926091,-0.091284,0.194097,0.992382,0.000000,-0.086992
0.877620,0.926078,-0.091311,0.193873,0.992365,0.000000,-0.086991
0.877595,0.926064,-0.091337,0.193649,0.992348,0.000000,-0.086989
0.877570,0.926050,-0.091364,0.193426,0.992332,0.000000,-0.086987
0.877545,0.926036,-0.091391,0.193203,0.992315,0.000000,-0.086985
0.877520,0.926023,-0.091418,0.192980,0.992298,0.000000,-0.086984
0.877495,0.926009,-0.091445,0.192757,0.992281,0.000000,-0.086982
0.877470,0.925995,-0.091471,0.192534,0.992264,0.000000,-0.086981
0.877445,0.925982,-0.091498,0.192312,0.992247,0.000000,-0.086979
0.877420,0.925968,-0.091524,0.192090,0.992230,0.000000,-0.086978
0.877395,0.925954,-0.091551,0.191868,0.992213,0.000000,-0.086976
0.877370,0.925940,-0.091578,0.191646,0.992196,0.000000,-0.086975
0.877345,0.925927,-0.091604,0.191424,0.992179,0.000000,-0.086973
0.877320,0.925913,-0.091630,0.191203,0.992162,0.000000,-0.086971
0.877295,0.925899,-0.091657,0.190982,0.992145,0.000000,-0.086970
0.877270,0.925885,-0.091683,0.190761,0.992128,0.000000,-0.086968
0.877245,0.925872,-0.091709,0.190540,0.992111,0.000000,-0.086967
0.877220,0.925858,-0.091736,0.190319,0.992094,0.000000,-0.086965
0.877195,0.925844,-0.091762,0.190099,0.992077,0.000000,-0.086963
0.877170,0.925830,-0.091788,0.189878,0.992060,0.000000,-0.086962
0.877145,0.925817,-0.091814,0.189658,0.992043,0.000000,-0.086960
0.877120,0.925803,-0.091840,0.189438,0.992026,0.000000,-0.086959
0.877095,0.925789,-0.091866,0.189218,0.992009,0.000000,-0.086957
0.877070,0.925776,-0.091892,0.188998,0.991992,0.000000,-0.086955
0.877045,0.925762,-0.091918,0.188779,0.991975,0.000000,-0.086954
0.877020,0.925748,-0.091944,0.188559,0.991958,0.000000,-0.086952
0.876995,0.925734,-0.091970,0.188340,0.991941,0.000000,-0.086950
0.876970,0.925721,-0.091996,0.188121,0.991924,0.000000,-0.086948
0.876945,0.925707,-0.092022,0.187902,0.991907,0.000000,-0.086947
0.876920,0.925693,-0.092048,0.187683,0.991890,0.000000,-0.086945
0.876895,0.925680,-0.092073,0.187464,0.991874,0.000000,-0.086943
0.876870,0.925666,-0.092099,0.187245,0.991857,0.000000,-0.086942
0.876845,0.925652,-0.092125,0.187027,0.991840,0.000000,-0.086940
0.876820,0.925638,-0.092150,0.186808,0.991823,0.000000,-0.086938
0.876795,0.925624,-0.092176,0.186590,0.991806,0.000000,-0.086936
0.876770,0.925611,-0.092201,0.186372,0.991789,0.000000,-0.086935
0.876745,0.925597,-0.092227,0.186154,0.991772,0.000000,-0.086933
0.876719,0.925583,-0.092252,0.185936,0.991755,0.000000,-0.086931
0.876695,0.925570,-0.092278,0.185718,0.991738,0.000000,-0.086929
0.876670,0.925556,-0.092303,0.185501,0.991721,0.000000,-0.086928
0.876644,0.925542,-0.092328,0.185283,0.991704,0.000000,-0.086926
0.876619,0.925528,-0.092353,0.185066,0.991687,0.000000,-0.086924
0.876594,0.925515,-0.092379,0.184848,0.991670,0.000000,-0.086922
0.876570,0.925501,-0.092404,0.184631,0.991653,0.000000,-0.086921
0.876545,0.925487,-0.092429,0.184414,0.991636,0.000000,-0.086919
0.876520,0.925473,-0.092454,0.184197,0.991619,0.000000,-0.086917
0.876494,0.925460,-0.092479,0.183981,0.991602,0.000000,-0.086916
0.876469,0.925446,-0.092504,0.183764,0.991585,0.000000,-0.086914
0.876444,0.925432,-0.092529,0.183547,0.991568,0.000000,-0.086912
0.876419,0.925418,-0.092554,0.183331,0.991551,0.000000,-0.086910
0.876395,0.925405,-0.092579,0.183115,0.991534,0.000000,-0.086909
0.876369,0.925391,-0.092604,0.182899,0.991517,0.000000,-0.086907
0.876344,0.925377,-0.092629,0.182683,0.991500,0.000000,-0.086905
0.876319,0.925363,-0.092653,0.182467,0.991483,0.000000,-0.086904
0.876294,0.925350,-0.092678,0.182251,0.991466,0.000000,-0.086902
0.876269,0.925336,-0.092703,0.182036,0.991449,0.000000,-0.086900
0.876244,0.925322,-0.092727,0.181820,0.991432,0.000000,-0.086898
0.876219,0.925308,-0.092752,0.181605,0.991415,0.000000,-0.086897
0.876194,0.925295,-0.092777,0.181390,0.991398,0.000000,-0.086895
0.876169,0.925281,-0.092801,0.181175,0.991381,0.000000,-0.086893
0.876144,0.925267,-0.092826,0.180960,0.991364,0.000000,-0.086891
0.876119,0.925253,-0.092850,0.180745,0.991347,0.000000,-0.086890
0.876094,0.925240,-0.092874,0.180531,0.991330,0.000000,-0.086888
0.876069,0.925226,-0.092899,0.180309,0.991313,0.000000,-0.086886
0.876048,0.799527,-0.092923,0.180088,0.991300,0.000000,-0.086884
0.876027,0.646292,-0.092947,0.179866,0.990949,0.000000,-0.086883
0.876007,0.497228,-0.092970,0.179645,0.990492,0.000000,-0.086881
0.875987,0.361919,-0.092994,0.179424,0.990001,0.000000,-0.086879
0.875967,0.243188,-0.093018,0.179203,0.989499,0.000000,-0.086878
0.875947,0.141854,-0.093042,0.178982,0.988993,0.000000,-0.086875
0.875927,0.058152,-0.093065,0.178762,0.988486,0.000000,-0.086874
0.875907,-0.007852,-0.093089,0.178541,0.987979,0.000000,-0.086873
0.875887,-0.056140,-0.093112,0.178321,0.987473,0.000000,-0.086873
0.875867,-0.086707,-0.093136,0.178100,0.986966,0.000000,-0.086872
0.875847,-0.099552,-0.093159,0.177880,0.986459,0.000000,-0.086872
0.875827,-0.100000,-0.093183,0.177660,0.985953,0.000000,-0.086871
0.875807,-0.100000,-0.093206,0.177440,0.985446,0.000000,-0.086869
0.875787,-0.100000,-0.093229,0.177221,0.984940,0.000000,-0.086869
0.875767,-0.100000,-0.093253,0.177001,0.984434,0.000000,-0.086868
0.875747,-0.100000,-0.093276,0.176782,0.983928,0.000000,-0.086867
0.875727,-0.100000,-0.093299,0.176562,0.983421,0.000000,-0.086865
0.875707,-0.100000,-0.093322,0.176343,0.982916,0.000000,-0.086864
0.875687,-0.100000,-0.093346,0.176124,0.982410,0.000000,-0.086863
0.875666,-0.100000,-0.093369,0.175906,0.981904,0.000000,-0.086862
0.875647,-0.100000,-0.093392,0.175687,0.981399,0.000000,-0.086861
0.875627,-0.100000,-0.093415,0.175468,0.980893,0.000000,-0.086860
0.875606,-0.100000,-0.093438,0.175250,0.980388,0.000000,-0.086859
0.875586,-0.100000,-0.093461,0.175032,0.979883,0.000000,-0.086857
0.875566,-0.100000,-0.093484,0.174813,0.979378,0.000000,-0.086856
0.875546,-0.100000,-0.093507,0.174595,0.978873,0.000000,-0.086855
0.875527,-0.100000,-0.093529,0.174377,0.978368,0.000000,-0.086853
0.875507,-0.100000,-0.093552,0.174160,0.977863,0.000000,-0.086852
0.875487,-0.100000,-0.093575,0.173942,0.977359,0.000000,-0.086850
0.875467,-0.100000,-0.093598,0.173725,0.976854,0.000000,-0.086848
0.875446,-0.100000,-0.093620,0.173507,0.976350,0.000000,-0.086847
0.875426,-0.100000,-0.093643,0.173290,0.975846,0.000000,-0.086845
0.875407,-0.100000,-0.093665,0.173073,0.975342,0.000000,-0.086844
0.875386,-0.100000,-0.093688,0.172856,0.974838,0.000000,-0.086842
0.875366,-0.100000,-0.093710,0.172639,0.974334,0.000000,-0.086840
0.875346,-0.100000,-0.093733,0.172422,0.973830,0.000000,-0.086838
0.875326,-0.100000,-0.093755,0.172206,0.973327,0.000000,-0.086836
0.875306,-0.100000,-0.093778,0.171989,0.972823,0.000000,-0.086834
0.875286,-0.100000,-0.093800,0.171773,0.972320,0.000000,-0.086833
0.875266,-0.100000,-0.093822,0.171557,0.971816,0.000000,-0.086831
0.875246,-0.100000,-0.093845,0.171341,0.971313,0.000000,-0.086829
0.875226,-0.100000,-0.093867,0.171126,0.970810,0.000000,-0.086827
0.875206,-0.100000,-0.093889,0.170910,0.970307,0.000000,-0.086825
0.875186,-0.100000,-0.093911,0.170695,0.969805,0.000000,-0.086824
0.875166,-0.100000,-0.093933,0.170479,0.969302,0.000000,-0.086822
0.875146,-0.100000,-0.093955,0.170264,0.968799,0.000000,-0.086820
0.875126,-0.100000,-0.093977,0.170049,0.968297,0.000000,-0.086818
0.875106,-0.100000,-0.093999,0.169835,0.967795,0.000000,-0.086816
0.875086,-0.100000,-0.094021,0.169620,0.967292,0.000000,-0.086814
0.875066,-0.100000,-0.094043,0.169406,0.966790,0.000000,-0.086812
0.875046,-0.100000,-0.094065,0.169191,0.966288,0.000000,-0.086810
0.875026,-0.100000,-0.094087,0.168977,0.965786,0.000000,-0.086808
0.875006,-0.100000,-0.094109,0.168764,0.965285,0.000000,-0.086806
0.874986,-0.100000,-0.094130,0.168550,0.964783,0.000000,-0.086804
0.874966,-0.100000,-0.094152,0.168336,0.964282,0.000000,-0.086802
0.874946,-0.100000,-0.094174,0.168123,0.963780,0.000000,-0.086800
0.874926,-0.100000,-0.094195,0.167910,0.963279,0.000000,-0.086798
0.874906,-0.100000,-0.094217,0.167697,0.962778,0.000000,-0.086796
0.874886,-0.100000,-0.094239,0.167485,0.962277,0.000000,-0.086794
0.874866,-0.100000,-0.094260,0.167272,0.961776,0.000000,-0.086792
0.874846,-0.100000,-0.094282,0.167060,0.961275,0.000000,-0.086790
0.874826,-0.100000,-0.094303,0.166848,0.960774,0.000000,-0.086788
0.874806,-0.100000,-0.094324,0.166636,0.960274,0.000000,-0.086786
0.874786,-0.100000,-0.094346,0.166424,0.959773,0.000000,-0.086783
0.874766,-0.100000,-0.094367,0.166213,0.959273,0.000000,-0.086782
0.874746,-0.100000,-0.094388,0.166002,0.958773,0.000000,-0.086779
0.874726,-0.100000,-0.094409,0.165791,0.958273,0.000000,-0.086777
0.874706,-0.100000,-0.094431,0.165580,0.957773,0.000000,-0.086775
0.874686,-0.100000,-0.094452,0.165370,0.957273,0.000000,-0.086774
0.874666,-0.100000,-0.094473,0.165159,0.956773,0.000000,-0.086771
0.874646,-0.100000,-0.094494,0.164949,0.956274,0.000000,-0.086769
0.874626,-0.100000,-0.094515,0.164739,0.955774,0.000000,-0.086767
0.874606,-0.100000,-0.094536,0.164530,0.955275,0.000000,-0.086765
0.874586,-0.100000,-0.094557,0.164320,0.954776,0.000000,-0.086763
0.874566,-0.100000,-0.094578,0.164111,0.954277,0.000000,-0.086761
0.874546,-0.100000,-0.094599,0.163902,0.954101,0.000000,-0.086759
0.874526,-0.100000,-0.094619,0.163693,0.954028,0.000000,-0.086757
0.874506,-0.100000,-0.094640,0.163485,0.953988,0.000000,-0.086755
0.874486,-0.100000,-0.094661,0.163276,0.953958,0.000000,-0.086753
0.874466,-0.100000,-0.094682,0.163068,0.953932,0.000000,-0.086751
0.874446,-0.100000,-0.094702,0.162860,0.953907,0.000000,-0.086750
0.874426,-0.100000,-0.094723,0.162653,0.953882,0.000000,-0.086747
0.874406,-0.100000,-0.094744,0.162445,0.953858,0.000000,-0.086746
0.874386,-0.100000,-0.094764,0.162238,0.953833,0.000000,-0.086744
0.874366,-0.100000,-0.094785,0.162031,0.953809,0.000000,-0.086741
0.874346,-0.100000,-0.094805,0.161825,0.953784,0.000000,-0.086740
0.874327,-0.100000,-0.094825,0.161618,0.953759,0.000000,-0.086738
0.874307,-0.100000,-0.094846,0.161412,0.953735,0.000000,-0.086736
0.874287,-0.100000,-0.094866,0.161206,0.953710,0.000000,-0.086734
0.874267,-0.100000,-0.094887,0.161000,0.953686,0.000000,-0.086732
0.874247,-0.100000,-0.094907,0.160795,0.953661,0.000000,-0.086730
0.874227,-0.100000,-0.094927,0.160590,0.953637,0.000000,-0.086728
0.874207,-0.100000,-0.094947,0.160385,0.953612,0.000000,-0.086726
0.874187,-0.100000,-0.094967,0.160180,0.953587,0.000000,-0.086724
0.874167,-0.100000,-0.094987,0.159975,0.953563,0.000000,-0.086722
0.874147,-0.100000,-0.095007,0.159771,0.953538,0.000000,-0.086720
0.874127,-0.100000,-0.095028,0.159567,0.953514,0.000000,-0.086718
0.874107,-0.100000,-0.095047,0.159364,0.953489,0.000000,-0.086716
0.874087,-0.100000,-0.095067,0.159160,0.953464,0.000000,-0.086714
0.874067,-0.100000,-0.095087,0.158957,0.953440,0.000000,-0.086712
0.874047,-0.100000,-0.095107,0.158754,0.953415,0.000000,-0.086710
0.874027,-0.100000,-0.095127,0.158551,0.953390,0.000000,-0.086708
0.874007,-0.100000,-0.095147,0.158349,0.953366,0.000000,-0.086706
0.873987,-0.100000,-0.095167,0.158146,0.953341,0.000000,-0.086704
0.873967,-0.100000,-0.095186,0.157944,0.953317,0.000000,-0.086702
0.873947,-0.100000,-0.095206,0.157743,0.953292,0.000000,-0.086700
0.873927,-0.100000,-0.095226,0.157541,0.953268,0.000000,-0.086698
0.873907,-0.100000,-0.095245,0.157340,0.953243,0.000000,-0.086697
0.873887,-0.100000,-0.095265,0.157139,0.953218,0.000000,-0.086694
0.873867,-0.100000,-0.095284,0.156938,0.953194,0.000000,-0.086692
0.873847,-0.100000,-0.095304,0.156738,0.953169,0.000000,-0.086691
0.873827,-0.100000,-0.095323,0.156538,0.953145,0.000000,-0.086688
0.873807,-0.100000,-0.095342,0.156338,0.953120,0.000000,-0.086686
0.873787,-0.100000,-0.095362,0.156138,0.953095,0.000000,-0.086683
0.873767,-0.100000,-0.095381,0.155939,0.953071,0.000000,-0.086680
0.873747,-0.100000,-0.095400,0.155740,0.953046,0.000000,-0.086677
0.873727,-0.100000,-0.095419,0.155541,0.953022,0.000000,-0.086674
0.873707,-0.100000,-0.095439,0.155342,0.952997,0.000000,-0.086670
0.873687,-0.100000,-0.095458,0.155144,0.952973,0.000000,-0.086665
0.873667,-0.100000,-0.095477,0.154946,0.952948,0.000000,-0.086661
0.873647,-0.100000,-0.095496,0.154748,0.952924,0.000000,-0.086657
0.873627,-0.100000,-0.095515,0.154550,0.952899,0.000000,-0.086652
0.873607,-0.100000,-0.095534,0.154353,0.952875,0.000000,-0.086646
0.873587,-0.100000,-0.095553,0.154156,0.952850,0.000000,-0.086643
0.873567,-0.100000,-0.095572,0.153959,0.952826,0.000000,-0.086639
0.873547,-0.100000,-0.095591,0.153763,0.952801,0.000000,-0.086637
0.873527,-0.100000,-0.095609,0.153567,0.952777,0.000000,-0.086634
0.873507,-0.100000,-0.095628,0.153371,0.952752,0.000000,-0.086631
0.873487,-0.100000,-0.095647,0.153175,0.952728,0.000000,-0.086629
0.873467,-0.100000,-0.095666,0.152980,0.952703,0.000000,-0.086627
0.873447,-0.100000,-0.095684,0.152785,0.952679,0.000000,-0.086625
0.873427,-0.100000,-0.095703,0.152590,0.952655,0.000000,-0.086623
0.873407,-0.100000,-0.095721,0.152395,0.952630,0.000000,-0.086621
0.873387,-0.100000,-0.095740,0.152201,0.952606,0.000000,-0.086620
0.873367,-0.100000,-0.095759,0.152007,0.952581,0.000000,-0.086618
0.873347,-0.100000,-0.095777,0.151813,0.952557,0.000000,-0.086615
0.873327,-0.100000,-0.095795,0.151619,0.952533,0.000000,-0.086614
0.873307,-0.100000,-0.095814,0.151426,0.952508,0.000000,-0.086612
0.873287,-0.100000,-0.095832,0.151233,0.952484,0.000000,-0.086610
0.873267,-0.100000,-0.095850,0.151040,0.952459,0.000000,-0.086608
0.873247,-0.100000,-0.095869,0.150847,0.952435,0.000000,-0.086606
0.873227,-0.100000,-0.095887,0.150655,0.952411,0.000000,-0.086604
0.873207,-0.100000,-0.095905,0.150463,0.952386,0.000000,-0.086602
0.873187,-0.100000,-0.095923,0.150271,0.952362,0.000000,-0.086600
0.873167,-0.100000,-0.095941,0.150079,0.952338,0.000000,-0.086598
0.873147,-0.100000,-0.095959,0.149888,0.952313,0.000000,-0.086596
0.873127,-0.100000,-0.095977,0.149696,0.952289,0.000000,-0.086594
0.873107,-0.100000,-0.095995,0.149504,0.952265,0.000000,-0.086592
0.873087,-0.100000,-0.096013,0.149313,0.952241,0.000000,-0.086590
0.873067,-0.100000,-0.096031,0.149121,0.952216,0.000000,-0.086588
0.873047,-0.100000,-0.096049,0.148930,0.952192,0.000000,-0.086586
0.873027,-0.100000,-0.096067,0.148739,0.952168,0.000000,-0.086585
0.873007,-0.100000,-0.096084,0.148547,0.952144,0.000000,-0.086582
0.872987,-0.100000,-0.096102,0.148356,0.952119,0.000000,-0.086580
0.872967,-0.100000,-0.096120,0.148165,0.952095,0.000000,-0.086579
0.872947,-0.100000,-0.096138,0.147974,0.952071,0.000000,-0.086577
0.872927,-0.100000,-0.096155,0.147783,0.952047,0.000000,-0.086575
0.872907,-0.100000,-0.096173,0.147592,0.952023,0.000000,-0.086573
0.872887,-0.100000,-0.096190,0.147402,0.951999,0.000000,-0.086571
0.872867,-0.100000,-0.096208,0.147211,0.951974,0.000000,-0.086569
0.872847,-0.100000,-0.096225,0.147020,0.951950,0.000000,-0.086567
0.872827,-0.100000,-0.096243,0.146830,0.951926,0.000000,-0.086565
0.872808,-0.100000,-0.096260,0.146639,0.951902,0.000000,-0.086563
0.872787,-0.100000,-0.096277,0.146449,0.951878,0.000000,-0.086561
0.872768,-0.100000,-0.096295,0.146258,0.951853,0.000000,-0.086559
0.872748,-0.100000,-0.096312,0.146068,0.951829,0.000000,-0.086557
0.872728,-0.100000,-0.096329,0.145878,0.951805,0.000000,-0.086555
0.872708,-0.100000,-0.096346,0.145688,0.951781,0.000000,-0.086553
0.872688,-0.100000,-0.096363,0.145498,0.951757,0.000000,-0.086551
0.872668,-0.100000,-0.096380,0.145308,0.951733,0.000000,-0.086550
0.872648,-0.100000,-0.096397,0.145118,0.951709,0.000000,-0.086548
0.872628,-0.100000,-0.096414,0.144928,0.951685,0.000000,-0.086545
0.872608,-0.100000,-0.096431,0.144738,0.951660,0.000000,-0.086544
0.872588,-0.100000,-0.096448,0.144549,0.951636,0.000000,-0.086542
0.872568,-0.100000,-0.096465,0.144359,0.951612,0.000000,-0.086540
0.872548,-0.100000,-0.096482,0.144169,0.951588,0.000000,-0.086538
0.872528,-0.100000,-0.096499,0.143980,0.951564,0.000000,-0.086536
0.872508,-0.100000,-0.096516,0.143791,0.951540,0.000000,-0.086534
0.872488,-0.100000,-0.096532,0.143601,0.951516,0.000000,-0.086532
0.872468,-0.100000,-0.096549,0.143412,0.951492,0.000000,-0.086530
0.872448,-0.100000,-0.096566,0.143223,0.951467,0.000000,-0.086528
0.872428,-0.100000,-0.096582,0.143034,0.951443,0.000000,-0.086526
0.872408,-0.100000,-0.096599,0.142845,0.951419,0.000000,-0.086524
0.872388,-0.100000,-0.096615,0.142656,0.951395,0.000000,-0.086522
0.872368,-0.100000,-0.096632,0.142467,0.951371,0.000000,-0.086520
0.872348,-0.100000,-0.096648,0.142278,0.951347,0.000000,-0.086518
0.872328,-0.100000,-0.096665,0.142089,0.951322,0.000000,-0.086516
0.872308,-0.100000,-0.096681,0.141900,0.951298,0.000000,-0.086515
0.872288,-0.100000,-0.096697,0.141712,0.951274,0.000000,-0.086512
0.872268,-0.100000,-0.096714,0.141523,0.951250,0.000000,-0.086510
0.872248,-0.100000,-0.096730,0.141335,0.951226,0.000000,-0.086509
0.872228,-0.100000,-0.096746,0.141146,0.951202,0.000000,-0.086507
0.872208,-0.100000,-0.096762,0.140958,0.951178,0.000000,-0.086505
0.872188,-0.100000,-0.096778,0.140770,0.951154,0.000000,-0.086503
0.872168,-0.100000,-0.096794,0.140582,0.951129,0.000000,-0.086501
0.872148,-0.100000,-0.096810,0.140393,0.951105,0.000000,-0.086499
0.872128,-0.100000,-0.096826,0.140205,0.951081,0.000000,-0.086497
0.872108,-0.100000,-0.096842,0.140017,0.951057,0.000000,-0.086495
0.872088,-0.100000,-0.096858,0.139830,0.951033,0.000000,-0.086493
0.872068,-0.100000,-0.096874,0.139642,0.951008,0.000000,-0.086491
0.872048,-0.100000,-0.096890,0.139454,0.950984,0.000000,-0.086489
0.872028,-0.100000,-0.096906,0.139266,0.950960,0.000000,-0.086487
0.872009,-0.100000,-0.096922,0.139079,0.950936,0.000000,-0.086485
0.871989,-0.100000,-0.096937,0.138891,0.950912,0.000000,-0.086483
0.871969,-0.100000,-0.096953,0.138704,0.950887,0.000000,-0.086482
0.871949,-0.100000,-0.096969,0.138516,0.950863,0.000000,-0.086480
0.871929,-0.100000,-0.096984,0.138329,0.950839,0.000000,-0.086478
0.871909,-0.100000,-0.097000,0.138142,0.950815,0.000000,-0.086475
0.871889,-0.100000,-0.097015,0.137955,0.950790,0.000000,-0.086474
0.871869,-0.100000,-0.097031,0.137767,0.950766,0.000000,-0.086472
0.871849,-0.100000,-0.097046,0.137580,0.950742,0.000000,-0.086470
0.871829,-0.100000,-0.097062,0.137394,0.950718,0.000000,-0.086468
0.871809,-0.100000,-0.097077,0.137207,0.950693,0.000000,-0.086466
0.871789,-0.100000,-0.097092,0.137020,0.950669,0.000000,-0.086464
0.871769,-0.100000,-0.097108,0.136833,0.950645,0.000000,-0.086462
0.871749,-0.100000,-0.097123,0.136646,0.950620,0.000000,-0.086460
0.871729,-0.100000,-0.097138,0.136460,0.950596,0.000000,-0.086458
0.871709,-0.100000,-0.097153,0.136273,0.950572,0.000000,-0.086456
0.871689,-0.100000,-0.097168,0.136087,0.950547,0.000000,-0.086454
0.871669,-0.100000,-0.097183,0.135901,0.950523,0.000000,-0.086452
0.871649,-0.100000,-0.097198,0.135714,0.950499,0.000000,-0.086450
0.871629,-0.100000,-0.097213,0.135528,0.950475,0.000000,-0.086449
0.871609,-0.100000,-0.097228,0.135342,0.950450,0.000000,-0.086447
0.871589,-0.100000,-0.097243,0.135156,0.950426,0.000000,-0.086445
0.871569,-0.100000,-0.097258,0.134970,0.950402,0.000000,-0.086443
0.871549,-0.100000,-0.097273,0.134784,0.950377,0.000000,-0.086441
0.871529,-0.100000,-0.097288,0.134598,0.950353,0.000000,-0.086439
0.871509,-0.100000,-0.097302,0.134412,0.950328,0.000000,-0.086437
0.871489,-0.100000,-0.097317,0.134227,0.950304,0.000000,-0.086435
0.871469,-0.100000,-0.097332,0.134041,0.950280,0.000000,-0.086433
0.871449,-0.100000,-0.097347,0.133856,0.950255,0.000000,-0.086431
0.871430,-0.100000,-0.097361,0.133670,0.950231,0.000000,-0.086429
0.871410,-0.100000,-0.097376,0.133485,0.950207,0.000000,-0.086427
0.871390,-0.100000,-0.097390,0.133299,0.950182,0.000000,-0.086425
0.871370,-0.100000,-0.097405,0.133114,0.950158,0.000000,-0.086424
0.871350,-0.100000,-0.097419,0.132929,0.950133,0.000000,-0.086421
0.871330,-0.100000,-0.097433,0.132744,0.950109,0.000000,-0.086420
0.871310,-0.100000,-0.097448,0.132559,0.950084,0.000000,-0.086418
0.871290,-0.100000,-0.097462,0.132374,0.950060,0.000000,-0.086416
0.871270,-0.100000,-0.097476,0.132189,0.950036,0.000000,-0.086413
0.871250,-0.100000,-0.097491,0.132004,0.950011,0.000000,-0.086411
0.871230,-0.100000,-0.097505,0.131819,0.949987,0.000000,-0.086409
0.871210,-0.100000,-0.097519,0.131635,0.949962,0.000000,-0.086406
0.871190,-0.100000,-0.097533,0.131450,0.949938,0.000000,-0.086403
0.871170,-0.100000,-0.097547,0.131266,0.949914,0.000000,-0.086400
0.871150,-0.100000,-0.097561,0.131081,0.949889,0.000000,-0.086397
0.871130,-0.100000,-0.097575,0.130897,0.949865,0.000000,-0.086393
0.871110,-0.100000,-0.097589,0.130713,0.949840,0.000000,-0.086390
0.871090,-0.100000,-0.097603,0.130528,0.949816,0.000000,-0.086386
0.871070,-0.100000,-0.097617,0.130344,0.949791,0.000000,-0.086382
0.871050,-0.100000,-0.097631,0.130160,0.949767,0.000000,-0.086379
0.871030,-0.100000,-0.097644,0.129976,0.949743,0.000000,-0.086374
0.871010,-0.100000,-0.097658,0.129792,0.949718,0.000000,-0.086371
0.870990,-0.100000,-0.097672,0.129608,0.949694,0.000000,-0.086367
0.870970,-0.100000,-0.097686,0.129425,0.949669,0.000000,-0.086364
0.870950,-0.100000,-0.097699,0.129241,0.949645,0.000000,-0.086362
0.870930,-0.100000,-0.097713,0.129057,0.949621,0.000000,-0.086359
0.870910,-0.100000,-0.097726,0.128874,0.949596,0.000000,-0.086356
0.870890,-0.100000,-0.097740,0.128690,0.949572,0.000000,-0.086354
0.870871,-0.100000,-0.097753,0.128507,0.949547,0.000000,-0.086351
0.870851,-0.100000,-0.097767,0.128324,0.949523,0.000000,-0.086349
0.870831,-0.100000,-0.097780,0.128141,0.949499,0.000000,-0.086347
0.870811,-0.100000,-0.097793,0.127957,0.949474,0.000000,-0.086345
0.870791,-0.100000,-0.097807,0.127774,0.949450,0.000000,-0.086343
0.870771,-0.100000,-0.097820,0.127591,0.949426,0.000000,-0.086342
0.870751,-0.100000,-0.097833,0.127408,0.949401,0.000000,-0.086340
0.870731,-0.100000,-0.097846,0.127226,0.949377,0.000000,-0.086338
0.870711,-0.100000,-0.097860,0.127043,0.949353,0.000000,-0.086337
0.870691,-0.100000,-0.097873,0.126860,0.949328,0.000000,-0.086335
0.870671,-0.100000,-0.097886,0.126678,0.949304,0.000000,-0.086333
0.870651,-0.100000,-0.097899,0.126495,0.949280,0.000000,-0.086332
0.870631,-0.100000,-0.097912,0.126313,0.949256,0.000000,-0.086331
0.870611,-0.100000,-0.097925,0.126130,0.949231,0.000000,-0.086329
0.870591,-0.100000,-0.097938,0.125948,0.949207,0.000000,-0.086328
0.870571,-0.100000,-0.097950,0.125766,0.949183,0.000000,-0.086326
0.870551,-0.100000,-0.097963,0.125584,0.949159,0.000000,-0.086325
0.870531,-0.100000,-0.097976,0.125402,0.949134,0.000000,-0.086324
0.870511,-0.100000,-0.097989,0.125220,0.949110,0.000000,-0.086322
0.870491,-0.100000,-0.098001,0.125038,0.949086,0.000000,-0.086321
0.870471,-0.100000,-0.098014,0.124856,0.949062,0.000000,-0.086320
0.870451,-0.100000,-0.098027,0.124674,0.949037,0.000000,-0.086319
0.870431,-0.100000,-0.098039,0.124493,0.949013,0.000000,-0.086317
0.870412,-0.100000,-0.098052,0.124311,0.948989,0.000000,-0.086316
0.870392,-0.100000,-0.098064,0.124130,0.948965,0.000000,-0.086315
0.870372,-0.100000,-0.098077,0.123948,0.948941,0.000000,-0.086314
0.870352,-0.100000,-0.098089,0.123767,0.948917,0.000000,-0.086312
0.870332,-0.100000,-0.098102,0.123586,0.948892,0.000000,-0.086311
0.870312,-0.100000,-0.098114,0.123405,0.948868,0.000000,-0.086310
0.870292,-0.100000,-0.098126,0.123224,0.948844,0.000000,-0.086309
0.870272,-0.100000,-0.098139,0.123043,0.948820,0.000000,-0.086308
0.870252,-0.100000,-0.098151,0.122862,0.948796,0.000000,-0.086306
0.870232,-0.100000,-0.098163,0.122681,0.948772,0.000000,-0.086305
0.870212,-0.100000,-0.098175,0.122500,0.948748,0.000000,-0.086304
0.870192,-0.100000,-0.098187,0.122319,0.948724,0.000000,-0.086303
0.870172,-0.100000,-0.098199,0.122139,0.948700,0.000000,-0.086301
0.870152,-0.100000,-0.098211,0.121958,0.948676,0.000000,-0.086300
0.870132,-0.100000,-0.098223,0.121778,0.948652,0.000000,-0.086299
0.870112,-0.100000,-0.098235,0.121598,0.948628,0.000000,-0.086298
0.870092,-0.100000,-0.098247,0.121417,0.948604,0.000000,-0.086297
0.870072,-0.100000,-0.098259,0.121237,0.948580,0.000000,-0.086295
0.870052,-0.100000,-0.098271,0.121057,0.948556,0.000000,-0.086294
0.870032,-0.100000,-0.098282,0.120877,0.948532,0.000000,-0.086293
0.870013,-0.100000,-0.098294,0.120697,0.948508,0.000000,-0.086292
0.869993,-0.100000,-0.098306,0.120517,0.948484,0.000000,-0.086291
0.869973,-0.100000,-0.098318,0.120337,0.948460,0.000000,-0.086289
0.869953,-0.100000,-0.098329,0.120158,0.948436,0.000000,-0.086288
0.869933,-0.100000,-0.098341,0.119978,0.948412,0.000000,-0.086286
0.869913,-0.100000,-0.098352,0.119798,0.948388,0.000000,-0.086285
0.869893,-0.100000,-0.098364,0.119619,0.948364,0.000000,-0.086283
0.869873,-0.100000,-0.098375,0.119440,0.948340,0.000000,-0.086282
0.869853,-0.100000,-0.098387,0.119260,0.948316,0.000000,-0.086280
0.869833,-0.100000,-0.098398,0.119081,0.948293,0.000000,-0.086279
0.869813,-0.100000,-0.098409,0.118902,0.948269,0.000000,-0.086277
0.869793,-0.100000,-0.098421,0.118723,0.948245,0.000000,-0.086276
0.869773,-0.100000,-0.098432,0.118544,0.948221,0.000000,-0.086274
0.869753,-0.100000,-0.098443,0.118365,0.948197,0.000000,-0.086273
0.869733,-0.100000,-0.098454,0.118186,0.948174,0.000000,-0.086271
0.869713,-0.100000,-0.098465,0.118007,0.948150,0.000000,-0.086269
0.869693,-0.100000,-0.098477,0.117829,0.948126,0.000000,-0.086268
0.869673,-0.100000,-0.098488,0.117650,0.948102,0.000000,-0.086267
0.869653,-0.100000,-0.098499,0.117472,0.948078,0.000000,-0.086265
0.869633,-0.100000,-0.098510,0.117293,0.948055,0.000000,-0.086263
0.869614,-0.100000,-0.098520,0.117115,0.948031,0.000000,-0.086262
0.869594,-0.100000,-0.098531,0.116937,0.948007,0.000000,-0.086260
0.869574,-0.100000,-0.098542,0.116758,0.947983,0.000000,-0.086259
0.869554,-0.100000,-0.098553,0.116580,0.947960,0.000000,-0.086257
0.869534,-0.100000,-0.098564,0.116402,0.947936,0.000000,-0.086256
0.869514,-0.100000,-0.098575,0.116224,0.947912,0.000000,-0.086254
0.869494,-0.100000,-0.098585,0.116047,0.947889,0.000000,-0.086253
0.869474,-0.100000,-0.098596,0.115869,0.947865,0.000000,-0.086251
0.869454,-0.100000,-0.098606,0.115691,0.947841,0.000000,-0.086250
0.869434,-0.100000,-0.098617,0.115513,0.947817,0.000000,-0.086249
0.869414,-0.100000,-0.098628,0.115336,0.947794,0.000000,-0.086247
0.869394,-0.100000,-0.098638,0.115158,0.947770,0.000000,-0.086246
0.869374,-0.100000,-0.098648,0.114981,0.947746,0.000000,-0.086244
0.869354,-0.100000,-0.098659,0.114804,0.947723,0.000000,-0.086243
0.869334,-0.100000,-0.098669,0.114626,0.947699,0.000000,-0.086242
0.869314,-0.100000,-0.098680,0.114449,0.947675,0.000000,-0.086240
0.869294,-0.100000,-0.098690,0.114272,0.947652,0.000000,-0.086239
0.869274,-0.100000,-0.098700,0.114095,0.947628,0.000000,-0.086238
0.869255,-0.100000,-0.098710,0.113918,0.947605,0.000000,-0.086236
0.869235,-0.100000,-0.098720,0.113741,0.947581,0.000000,-0.086235
0.869215,-0.100000,-0.098731,0.113565,0.947557,0.000000,-0.086234
0.869195,-0.100000,-0.098741,0.113388,0.947534,0.000000,-0.086232
0.869175,-0.100000,-0.098751,0.113211,0.947510,0.000000,-0.086231
0.869155,-0.100000,-0.098761,0.113035,0.947487,0.000000,-0.086230
0.869135,-0.100000,-0.098771,0.112858,0.947463,0.000000,-0.086228
0.869115,-0.100000,-0.098781,0.112682,0.947439,0.000000,-0.086227
0.869095,-0.100000,-0.098791,0.112505,0.947416,0.000000,-0.086226
0.869075,-0.100000,-0.098800,0.112329,0.947392,0.000000,-0.086224
0.869055,-0.100000,-0.098810,0.112153,0.947368,0.000000,-0.086223
0.869035,-0.100000,-0.098820,0.111977,0.947345,0.000000,-0.086222
0.869015,-0.100000,-0.098830,0.111801,0.947321,0.000000,-0.086220
0.868995,-0.100000,-0.098839,0.111625,0.947298,0.000000,-0.086219
0.868975,-0.100000,-0.098849,0.111449,0.947274,0.000000,-0.086218
0.868955,-0.100000,-0.098859,0.111273,0.947250,0.000000,-0.086217
0.868936,-0.100000,-0.098868,0.111097,0.947227,0.000000,-0.086215
0.868916,-0.100000,-0.098878,0.110922,0.947203,0.000000,-0.086214
0.868896,-0.100000,-0.098887,0.110746,0.947180,0.000000,-0.086213
0.868876,-0.100000,-0.098897,0.110571,0.947156,0.000000,-0.086211
0.868856,-0.100000,-0.098906,0.110395,0.947133,0.000000,-0.086210
0.868836,-0.100000,-0.098915,0.110220,0.947109,0.000000,-0.086209
0.868816,-0.100000,-0.098925,0.110044,0.947085,0.000000,-0.086207
0.868796,-0.100000,-0.098934,0.109869,0.947062,0.000000,-0.086206
0.868776,-0.100000,-0.098943,0.109694,0.947038,0.000000,-0.086205
0.868756,-0.100000,-0.098952,0.109519,0.947015,0.000000,-0.086203
0.868736,-0.100000,-0.098962,0.109344,0.946991,0.000000,-0.086202
0.868716,-0.100000,-0.098971,0.109169,0.946967,0.000000,-0.086201
0.868696,-0.100000,-0.098980,0.108994,0.946944,0.000000,-0.086199
0.868676,-0.100000,-0.098989,0.108819,0.946920,0.000000,-0.086198
0.868656,-0.100000,-0.098998,0.108644,0.946896,0.000000,-0.086196
0.868637,-0.100000,-0.099007,0.108470,0.946873,0.000000,-0.086195
0.868617,-0.100000,-0.099016,0.108295,0.946849,0.000000,-0.086194
0.868597,-0.100000,-0.099025,0.108121,0.946826,0.000000,-0.086192
0.868577,-0.100000,-0.099033,0.107946,0.946802,0.000000,-0.086191
0.868557,-0.100000,-0.099042,0.107772,0.946778,0.000000,-0.086189
0.868537,-0.100000,-0.099051,0.107598,0.946755,0.000000,-0.086188
0.868517,-0.100000,-0.099060,0.107423,0.946731,0.000000,-0.086186
0.868497,-0.100000,-0.099068,0.107249,0.946708,0.000000,-0.086185
0.868477,-0.100000,-0.099077,0.107075,0.946684,0.000000,-0.086183
0.868457,-0.100000,-0.099086,0.106901,0.946660,0.000000,-0.086182
0.868437,-0.100000,-0.099094,0.106727,0.946637,0.000000,-0.086180
0.868417,-0.100000,-0.099103,0.106553,0.946613,0.000000,-0.086179
0.868397,-0.100000,-0.099111,0.106380,0.946589,0.000000,-0.086177
0.868377,-0.100000,-0.099120,0.106206,0.946566,0.000000,-0.086176
0.868357,-0.100000,-0.099128,0.106032,0.946542,0.000000,-0.086174
0.868338,-0.100000,-0.099136,0.105859,0.946519,0.000000,-0.086173
0.868318,-0.100000,-0.099145,0.105685,0.946495,0.000000,-0.086172
0.868298,-0.100000,-0.099153,0.105512,0.946471,0.000000,-0.086170
0.868278,-0.100000,-0.099161,0.105339,0.946448,0.000000,-0.086168
0.868258,-0.100000,-0.099169,0.105165,0.946424,0.000000,-0.086167
0.868238,-0.100000,-0.099178,0.104992,0.946400,0.000000,-0.086165
0.868218,-0.100000,-0.099186,0.104819,0.946377,0.000000,-0.086164
0.868198,-0.100000,-0.099194,0.104646,0.946353,0.000000,-0.086162
0.868178,-0.100000,-0.099202,0.104473,0.946330,0.000000,-0.086160
0.868158,-0.100000,-0.099210,0.104300,0.946306,0.000000,-0.086159
0.868138,-0.100000,-0.099218,0.104127,0.946283,0.000000,-0.086157
0.868118,-0.100000,-0.099226,0.103954,0.946259,0.000000,-0.086156
0.868098,-0.100000,-0.099233,0.103782,0.946235,0.000000,-0.086154
0.868078,-0.100000,-0.099241,0.103609,0.946212,0.000000,-0.086152
0.868058,-0.100000,-0.099249,0.103437,0.946188,0.000000,-0.086151
0.868038,-0.100000,-0.099257,0.103264,0.946165,0.000000,-0.086149
0.868019,-0.100000,-0.099265,0.103092,0.946141,0.000000,-0.086148
0.867999,-0.100000,-0.099272,0.102919,0.946118,0.000000,-0.086146
0.867979,-0.100000,-0.099280,0.102747,0.946094,0.000000,-0.086144
0.867959,-0.100000,-0.099287,0.102575,0.946071,0.000000,-0.086143
0.867939,-0.100000,-0.099295,0.102403,0.946047,0.000000,-0.086141
0.867919,-0.100000,-0.099303,0.102231,0.946024,0.000000,-0.086139
0.867899,-0.100000,-0.099310,0.102059,0.946000,0.000000,-0.086138
0.867879,-0.100000,-0.099317,0.101887,0.945977,0.000000,-0.086136
0.867859,-0.100000,-0.099325,0.101715,0.945953,0.000000,-0.086134
0.867839,-0.100000,-0.099332,0.101544,0.945930,0.000000,-0.086133
0.867819,-0.100000,-0.099339,0.101372,0.945906,0.000000,-0.086131
0.867799,-0.100000,-0.099347,0.101200,0.945883,0.000000,-0.086129
0.867779,-0.100000,-0.099354,0.101029,0.945860,0.000000,-0.086128
0.867760,-0.100000,-0.099361,0.100858,0.945836,0.000000,-0.086126
0.867740,-0.100000,-0.099368,0.100686,0.945813,0.000000,-0.086125
0.867720,-0.100000,-0.099375,0.100515,0.945789,0.000000,-0.086123
0.867700,-0.100000,-0.099382,0.100344,0.945766,0.000000,-0.086121
0.867680,-0.100000,-0.099390,0.100173,0.945743,0.000000,-0.086119
0.867660,-0.100000,-0.099396,0.100002,0.945719,0.000000,-0.086118
0.867640,-0.100000,-0.099403,0.099831,0.945696,0.000000,-0.086116
0.867620,-0.100000,-0.099410,0.099660,0.945673,0.000000,-0.086114
0.867600,-0.100000,-0.099417,0.099489,0.945649,0.000000,-0.086113
0.867580,-0.100000,-0.099424,0.099318,0.945626,0.000000,-0.086111
0.867560,-0.100000,-0.099431,0.099148,0.945603,0.000000,-0.086109
0.867540,-0.100000,-0.099438,0.098977,0.945579,0.000000,-0.086108
0.867521,-0.100000,-0.099444,0.098807,0.945556,0.000000,-0.086106
0.867501,-0.100000,-0.099451,0.098637,0.945533,0.000000,-0.086105
0.867481,-0.100000,-0.099458,0.098466,0.945509,0.000000,-0.086103
0.867461,-0.100000,-0.099464,0.098296,0.945486,0.000000,-0.086102
0.867441,-0.100000,-0.099471,0.098126,0.945463,0.000000,-0.086100
0.867421,-0.100000,-0.099477,0.097956,0.944668,0.000000,-0.086098
0.867401,-0.100000,-0.099484,0.097786,0.943872,0.000000,-0.086096
0.867381,-0.100000,-0.099490,0.097616,0.943074,0.000000,-0.086095
0.867361,-0.100000,-0.099496,0.097446,0.942277,0.000000,-0.086093
0.867341,-0.100000,-0.099503,0.097276,0.941479,0.000000,-0.086092
0.867321,-0.100000,-0.099509,0.097106,0.940680,0.000000,-0.086090
0.867301,-0.100000,-0.099515,0.096937,0.939882,0.000000,-0.086088
0.867281,-0.100000,-0.099522,0.096767,0.939082,0.000000,-0.086087
0.867261,-0.100000,-0.099528,0.096598,0.938282,0.000000,-0.086085
0.867242,-0.100000,-0.099534,0.096429,0.937483,0.000000,-0.086084
0.867222,-0.100000,-0.099540,0.096259,0.936682,0.000000,-0.086082
0.867202,-0.100000,-0.099546,0.096090,0.935882,0.000000,-0.086081
0.867182,-0.100000,-0.099552,0.095921,0.935081,0.000000,-0.086079
0.867162,-0.100000,-0.099558,0.095752,0.934280,0.000000,-0.086078
0.867142,-0.100000,-0.099564,0.095583,0.933479,0.000000,-0.086076
0.867122,-0.100000,-0.099570,0.095414,0.932678,0.000000,-0.086075
0.867102,-0.100000,-0.099576,0.095245,0.931877,0.000000,-0.086073
0.867082,-0.100000,-0.099582,0.095076,0.931075,0.000000,-0.086072
0.867062,-0.100000,-0.099587,0.094908,0.930274,0.000000,-0.086070
0.867042,-0.100000,-0.099593,0.094739,0.929472,0.000000,-0.086069
0.867022,-0.100000,-0.099599,0.094570,0.928670,0.000000,-0.086067
0.867002,-0.100000,-0.099605,0.094402,0.927868,0.000000,-0.086066
0.866983,-0.100000,-0.099610,0.094234,0.927065,0.000000,-0.086064
0.866963,-0.100000,-0.099616,0.094065,0.926263,0.000000,-0.086063
0.866943,-0.100000,-0.099621,0.093897,0.925461,0.000000,-0.086061
0.866923,-0.100000,-0.099627,0.093729,0.924658,0.000000,-0.086060
0.866903,-0.100000,-0.099632,0.093561,0.923855,0.000000,-0.086059
0.866883,-0.100000,-0.099638,0.093393,0.923052,0.000000,-0.086057
0.866863,-0.100000,-0.099643,0.093225,0.922248,0.000000,-0.086056
0.866843,-0.100000,-0.099648,0.093057,0.921445,0.000000,-0.086054
0.866823,-0.100000,-0.099654,0.092890,0.920641,0.000000,-0.086053
0.866803,-0.100000,-0.099659,0.092722,0.919837,0.000000,-0.086051
0.866783,-0.100000,-0.099664,0.092554,0.919032,0.000000,-0.086050
0.866764,-0.100000,-0.099669,0.092387,0.918228,0.000000,-0.086049
0.866744,-0.100000,-0.099674,0.092219,0.917424,0.000000,-0.086047
0.866724,-0.100000,-0.099680,0.092052,0.916619,0.000000,-0.086046
0.866704,-0.100000,-0.099685,0.091885,0.915814,0.000000,-0.086045
0.866684,-0.100000,-0.099690,0.091717,0.915008,0.000000,-0.086043
0.866664,-0.100000,-0.099695,0.091550,0.914204,0.000000,-0.086042
0.866644,-0.100000,-0.099700,0.091383,0.913398,0.000000,-0.086040
0.866624,-0.100000,-0.099704,0.091216,0.912593,0.000000,-0.086039
0.866604,-0.100000,-0.099709,0.091049,0.911788,0.000000,-0.086038
0.866584,-0.100000,-0.099714,0.090883,0.910981,0.000000,-0.086036
0.866564,-0.100000,-0.099719,0.090716,0.910175,0.000000,-0.086035
0.866544,-0.100000,-0.099724,0.090549,0.909369,0.000000,-0.086034
0.866524,-0.100000,-0.099728,0.090383,0.908564,0.000000,-0.086032
0.866505,-0.100000,-0.099733,0.090216,0.907759,0.000000,-0.086031
0.866485,-0.100000,-0.099738,0.090050,0.906953,0.000000,-0.086029
0.866465,-0.100000,-0.099742,0.089883,0.906147,0.000000,-0.086028
0.866445,-0.100000,-0.099747,0.089717,0.905340,0.000000,-0.086027
0.866425,-0.100000,-0.099751,0.089551,0.904534,0.000000,-0.086025
0.866405,-0.100000,-0.099756,0.089384,0.903728,0.000000,-0.086024
0.866385,-0.100000,-0.099760,0.089218,0.902922,0.000000,-0.086022
0.866365,-0.100000,-0.099764,0.089052,0.902115,0.000000,-0.086021
0.866345,-0.100000,-0.099769,0.088886,0.901308,0.000000,-0.086020
0.866325,-0.100000,-0.099773,0.088721,0.900501,0.000000,-0.086018
0.866305,-0.100000,-0.099777,0.088555,0.899694,0.000000,-0.086017
0.866286,-0.100000,-0.099782,0.088389,0.898887,0.000000,-0.086015
0.866266,-0.100000,-0.099786,0.088224,0.898080,0.000000,-0.086014
0.866246,-0.100000,-0.099790,0.088058,0.897272,0.000000,-0.086013
0.866226,-0.100000,-0.099794,0.087893,0.896464,0.000000,-0.086011
0.866206,-0.100000,-0.099798,0.087727,0.895657,0.000000,-0.086009
0.866186,-0.100000,-0.099802,0.087562,0.894849,0.000000,-0.086008
0.866166,-0.100000,-0.099806,0.087397,0.894041,0.000000,-0.086006
0.866146,-0.100000,-0.099810,0.087231,0.893233,0.000000,-0.086005
0.866126,-0.100000,-0.099814,0.087066,0.892425,0.000000,-0.086004
0.866106,-0.100000,-0.099818,0.086901,0.891616,0.000000,-0.086002
0.866086,-0.100000,-0.099821,0.086736,0.890808,0.000000,-0.086000
0.866067,-0.100000,-0.099825,0.086571,0.890000,0.000000,-0.085999
0.866047,-0.100000,-0.099829,0.086407,0.889191,0.000000,-0.085997
0.866027,-0.100000,-0.099833,0.086242,0.888383,0.000000,-0.085996
0.866007,-0.100000,-0.099836,0.086077,0.887574,0.000000,-0.085994
0.865987,-0.100000,-0.099840,0.085913,0.886766,0.000000,-0.085993
0.865967,-0.100000,-0.099843,0.085748,0.885958,0.000000,-0.085991
0.865947,-0.100000,-0.099847,0.085584,0.885150,0.000000,-0.085989
0.865927,-0.100000,-0.099850,0.085419,0.884341,0.000000,-0.085988
0.865907,-0.100000,-0.099854,0.085255,0.883533,0.000000,-0.085986
0.865887,-0.100000,-0.099857,0.085091,0.882725,0.000000,-0.085984
0.865867,-0.100000,-0.099861,0.084927,0.881916,0.000000,-0.085983
0.865848,-0.100000,-0.099864,0.084763,0.881108,0.000000,-0.085981
0.865828,-0.100000,-0.099867,0.084599,0.880300,0.000000,-0.085979
0.865808,-0.100000,-0.099871,0.084435,0.879491,0.000000,-0.085978
0.865788,-0.100000,-0.099874,0.084271,0.878683,0.000000,-0.085976
0.865768,-0.100000,-0.099877,0.084107,0.877875,0.000000,-0.085974
0.865748,-0.100000,-0.099880,0.083943,0.877066,0.000000,-0.085973
0.865728,-0.100000,-0.099883,0.083780,0.876258,0.000000,-0.085971
0.865708,-0.100000,-0.099886,0.083616,0.875449,0.000000,-0.085969
0.865688,-0.100000,-0.099889,0.083453,0.874641,0.000000,-0.085968
0.865668,-0.100000,-0.099892,0.083289,0.873833,0.000000,-0.085966
0.865648,-0.100000,-0.099895,0.083126,0.873024,0.000000,-0.085964
0.865629,-0.100000,-0.099898,0.082963,0.872216,0.000000,-0.085962
0.865609,-0.100000,-0.099901,0.082799,0.871409,0.000000,-0.085961
0.865589,-0.100000,-0.099904,0.082636,0.870601,0.000000,-0.085959
0.865569,-0.100000,-0.099906,0.082473,0.869793,0.000000,-0.085957
0.865549,-0.100000,-0.099909,0.082310,0.868985,0.000000,-0.085955
0.865529,-0.100000,-0.099912,0.082147,0.868177,0.000000,-0.085954
0.865509,-0.100000,-0.099914,0.081984,0.867369,0.000000,-0.085952
0.865489,-0.100000,-0.099917,0.081822,0.866562,0.000000,-0.085950
0.865469,-0.100000,-0.099920,0.081659,0.865755,0.000000,-0.085948
0.865449,-0.100000,-0.099922,0.081496,0.864948,0.000000,-0.085946
0.865430,-0.100000,-0.099925,0.081334,0.864142,0.000000,-0.085944
0.865410,-0.100000,-0.099927,0.081171,0.863335,0.000000,-0.085943
0.865390,-0.100000,-0.099929,0.081009,0.862528,0.000000,-0.085941
0.865370,-0.100000,-0.099932,0.080847,0.861722,0.000000,-0.085939
0.865350,-0.100000,-0.099934,0.080685,0.860915,0.000000,-0.085937
0.865332,-0.100000,-0.099936,0.080522,0.860108,0.000000,-0.085936
0.865313,-0.100000,-0.099939,0.080359,0.859302,0.000000,-0.085934
0.865293,-0.100000,-0.099941,0.080197,0.858495,0.000000,-0.085932
0.865273,-0.100000,-0.099943,0.080035,0.857689,0.000000,-0.085930
0.865253,-0.100000,-0.099945,0.079873,0.856884,0.000000,-0.085928
0.865233,-0.100000,-0.099947,0.079712,0.856078,0.000000,-0.085927
0.865213,-0.100000,-0.099949,0.079550,0.855273,0.000000,-0.085925
0.865193,-0.100000,-0.099951,0.079388,0.854468,0.000000,-0.085923
0.865173,-0.100000,-0.099953,0.079227,0.853663,0.000000,-0.085921
0.865154,-0.100000,-0.099955,0.079065,0.852858,0.000000,-0.085919
0.865134,-0.100000,-0.099957,0.078904,0.852053,0.000000,-0.085918
0.865114,-0.100000,-0.099959,0.078742,0.851249,0.000000,-0.085916
0.865094,-0.100000,-0.099961,0.078581,0.850444,0.000000,-0.085915
0.865074,-0.100000,-0.099962,0.078420,0.849640,0.000000,-0.085913
0.865054,-0.100000,-0.099964,0.078259,0.848836,0.000000,-0.085911
0.865034,-0.100000,-0.099966,0.078098,0.848032,0.000000,-0.085910
0.865014,-0.100000,-0.099967,0.077937,0.847228,0.000000,-0.085908
0.864994,-0.100000,-0.099969,0.077776,0.846424,0.000000,-0.085907
0.864974,-0.100000,-0.099971,0.077615,0.845620,0.000000,-0.085905
0.864955,-0.100000,-0.099972,0.077454,0.844817,0.000000,-0.085903
0.864935,-0.100000,-0.099974,0.077294,0.844013,0.000000,-0.085902
0.864915,-0.100000,-0.099975,0.077133,0.843210,0.000000,-0.085900
0.864895,-0.100000,-0.099976,0.076973,0.842406,0.000000,-0.085898
0.864875,-0.100000,-0.099978,0.076812,0.841604,0.000000,-0.085897
0.864855,-0.100000,-0.099979,0.076652,0.840801,0.000000,-0.085895
0.864835,-0.100000,-0.099980,0.076491,0.839998,0.000000,-0.085894
0.864815,-0.100000,-0.099982,0.076331,0.839195,0.000000,-0.085892
0.864795,-0.100000,-0.099983,0.076171,0.838393,0.000000,-0.085890
0.864775,-0.100000,-0.099984,0.076011,0.837591,0.000000,-0.085889
0.864756,-0.100000,-0.099985,0.075851,0.836788,0.000000,-0.085887
0.864736,-0.100000,-0.099986,0.075691,0.835986,0.000000,-0.085886
0.864716,-0.100000,-0.099987,0.075531,0.835185,0.000000,-0.085884
0.864696,-0.100000,-0.099988,0.075371,0.834384,0.000000,-0.085882
0.864676,-0.100000,-0.099989,0.075212,0.833582,0.000000,-0.085880
0.864656,-0.100000,-0.099990,0.075052,0.832781,0.000000,-0.085879
0.864636,-0.100000,-0.099991,0.074893,0.831981,0.000000,-0.085877
0.864616,-0.100000,-0.099992,0.074733,0.831180,0.000000,-0.085876
0.864596,-0.100000,-0.099993,0.074574,0.830380,0.000000,-0.085874
0.864577,-0.100000,-0.099993,0.074414,0.829580,0.000000,-0.085872
0.864557,-0.100000,-0.099994,0.074255,0.828780,0.000000,-0.085870
0.864537,-0.100000,-0.099995,0.074096,0.827980,0.000000,-0.085869
0.864517,-0.100000,-0.099995,0.073937,0.827180,0.000000,-0.085867
0.864497,-0.100000,-0.099996,0.073778,0.826381,0.000000,-0.085866
0.864477,-0.100000,-0.099996,0.073619,0.825582,0.000000,-0.085864
0.864457,-0.100000,-0.099997,0.073460,0.824783,0.000000,-0.085862
0.864437,-0.100000,-0.099997,0.073301,0.823984,0.000000,-0.085860
0.864417,-0.100000,-0.099998,0.073142,0.823185,0.000000,-0.085859
0.864397,-0.100000,-0.099998,0.072984,0.822387,0.000000,-0.085857
0.864378,-0.100000,-0.099999,0.072825,0.821589,0.000000,-0.085855
0.864358,-0.100000,-0.099999,0.072667,0.820790,0.000000,-0.085853
0.864338,-0.100000,-0.099999,0.072508,0.819993,0.000000,-0.085852
0.864318,-0.100000,-0.099999,0.072350,0.819195,0.000000,-0.085850
0.864298,-0.100000,-0.100000,0.072192,0.818398,0.000000,-0.085848
0.864278,-0.100000,-0.100000,0.072034,0.817601,0.000000,-0.085847
0.864258,-0.100000,-0.100000,0.071875,0.816805,0.000000,-0.085845
0.864238,-0.100000,-0.100000,0.071717,0.816008,0.000000,-0.085843
0.864219,-0.100000,-0.100000,0.071559,0.815211,0.000000,-0.085841
0.864199,-0.100000,-0.100000,0.071402,0.814415,0.000000,-0.085840
0.864179,-0.100000,-0.100000,0.071244,0.813619,0.000000,-0.085838
0.864159,-0.100000,-0.100000,0.071086,0.812824,0.000000,-0.085836
0.864139,-0.100000,-0.100000,0.070928,0.812029,0.000000,-0.085834
0.864121,-0.100000,-0.100000,0.070770,0.811233,0.000000,-0.085832
0.864102,-0.100000,-0.100000,0.070612,0.810438,0.000000,-0.085831
0.864082,-0.100000,-0.100000,0.070455,0.809644,0.000000,-0.085829
0.864062,-0.100000,-0.100000,0.070297,0.808850,0.000000,-0.085828
0.864042,-0.100000,-0.100000,0.070140,0.808056,0.000000,-0.085826
0.864022,-0.100000,-0.100000,0.069983,0.807263,0.000000,-0.085824
0.864002,-0.100000,-0.100000,0.069826,0.806470,0.000000,-0.085822
0.863982,-0.100000,-0.100000,0.069669,0.805677,0.000000,-0.085820
0.863963,-0.100000,-0.100000,0.069512,0.804884,0.000000,-0.085819
0.863943,-0.100000,-0.100000,0.069355,0.804092,0.000000,-0.085817
0.863923,-0.100000,-0.100000,0.069198,0.803300,0.000000,-0.085815
0.863903,-0.100000,-0.100000,0.069041,0.802508,0.000000,-0.085814
0.863883,-0.100000,-0.100000,0.068885,0.801717,0.000000,-0.085812
0.863863,-0.100000,-0.100000,0.068728,0.800926,0.000000,-0.085810
0.863843,-0.100000,-0.100000,0.068571,0.800135,0.000000,-0.085808
0.863823,-0.100000,-0.100000,0.068415,0.799344,0.000000,-0.085807
0.863804,-0.100000,-0.100000,0.068259,0.798554,0.000000,-0.085805
0.863784,-0.100000,-0.100000,0.068102,0.797764,0.000000,-0.085803
0.863764,-0.100000,-0.100000,0.067946,0.796975,0.000000,-0.085801
0.863744,-0.100000,-0.100000,0.067790,0.796185,0.000000,-0.085800
0.863724,-0.100000,-0.100000,0.067634,0.795396,0.000000,-0.085798
0.863704,-0.100000,-0.100000,0.067478,0.794608,0.000000,-0.085796
0.863684,-0.100000,-0.100000,0.067322,0.793820,0.000000,-0.085795
0.863664,-0.100000,-0.100000,0.067166,0.793032,0.000000,-0.085793
0.863644,-0.100000,-0.100000,0.067011,0.792244,0.000000,-0.085791
0.863625,-0.100000,-0.100000,0.066855,0.791456,0.000000,-0.085789
0.863605,-0.100000,-0.100000,0.066699,0.790670,0.000000,-0.085788
0.863585,-0.100000,-0.100000,0.066544,0.789883,0.000000,-0.085786
0.863565,-0.100000,-0.100000,0.066388,0.789096,0.000000,-0.085784
0.863545,-0.100000,-0.100000,0.066233,0.788310,0.000000,-0.085782
0.863525,-0.100000,-0.100000,0.066078,0.787525,0.000000,-0.085780
0.863505,-0.100000,-0.100000,0.065922,0.786739,0.000000,-0.085779
0.863485,-0.100000,-0.100000,0.065767,0.785954,0.000000,-0.085777
0.863466,-0.100000,-0.100000,0.065612,0.785170,0.000000,-0.085775
0.863446,-0.100000,-0.100000,0.065457,0.784386,0.000000,-0.085773
0.863426,-0.100000,-0.100000,0.065302,0.783602,0.000000,-0.085772
0.863406,-0.100000,-0.100000,0.065148,0.782818,0.000000,-0.085770
0.863386,-0.100000,-0.100000,0.064993,0.782035,0.000000,-0.085768
0.863366,-0.100000,-0.100000,0.064838,0.781253,0.000000,-0.085766
0.863346,-0.100000,-0.100000,0.064683,0.780470,0.000000,-0.085765
0.863326,-0.100000,-0.100000,0.064529,0.779688,0.000000,-0.085763
0.863306,-0.100000,-0.100000,0.064374,0.778906,0.000000,-0.085761
0.863287,-0.100000,-0.100000,0.064220,0.778125,0.000000,-0.085760
0.863267,-0.100000,-0.100000,0.064066,0.777344,0.000000,-0.085758
0.863247,-0.100000,-0.100000,0.063911,0.776563,0.000000,-0.085756
0.863227,-0.100000,-0.100000,0.063757,0.775783,0.000000,-0.085754
0.863207,-0.100000,-0.100000,0.063603,0.775003,0.000000,-0.085753
0.863187,-0.100000,-0.100000,0.063449,0.774223,0.000000,-0.085751
0.863167,-0.100000,-0.100000,0.063295,0.773444,0.000000,-0.085749
0.863147,-0.100000,-0.100000,0.063141,0.772665,0.000000,-0.085747
0.863127,-0.100000,-0.100000,0.062988,0.771886,0.000000,-0.085746
0.863108,-0.100000,-0.100000,0.062834,0.771109,0.000000,-0.085744
0.863088,-0.100000,-0.100000,0.062680,0.770331,0.000000,-0.085742
0.863068,-0.100000,-0.100000,0.062527,0.769554,0.000000,-0.085740
0.863048,-0.100000,-0.100000,0.062373,0.768776,0.000000,-0.085739
0.863028,-0.100000,-0.100000,0.062220,0.768000,0.000000,-0.085735
0.863008,-0.100000,-0.100000,0.062067,0.767224,0.000000,-0.085732
0.862988,-0.100000,-0.100000,0.061913,0.766448,0.000000,-0.085729
0.862969,-0.100000,-0.100000,0.061760,0.765672,0.000000,-0.085727
0.862949,-0.100000,-0.100000,0.061607,0.764897,0.000000,-0.085725
0.862929,-0.100000,-0.100000,0.061454,0.764122,0.000000,-0.085723
0.862909,-0.100000,-0.100000,0.061301,0.763348,0.000000,-0.085720
0.862889,-0.100000,-0.100000,0.061148,0.762574,0.000000,-0.085718
0.862869,-0.100000,-0.100000,0.060995,0.761801,0.000000,-0.085716
0.862849,-0.100000,-0.100000,0.060842,0.761028,0.000000,-0.085714
0.862829,-0.100000,-0.100000,0.060690,0.760255,0.000000,-0.085712
0.862809,-0.100000,-0.100000,0.060537,0.759483,0.000000,-0.085710
0.862790,-0.100000,-0.100000,0.060385,0.758711,0.000000,-0.085709
0.862770,-0.100000,-0.100000,0.060232,0.757940,0.000000,-0.085707
0.862750,-0.100000,-0.100000,0.060080,0.757169,0.000000,-0.085705
0.862730,-0.100000,-0.100000,0.059927,0.756399,0.000000,-0.085704
0.862710,-0.100000,-0.100000,0.059775,0.755629,0.000000,-0.085702
0.862690,-0.100000,-0.100000,0.059623,0.754860,0.000000,-0.085700
0.862670,-0.100000,-0.100000,0.059471,0.754091,0.000000,-0.085699
0.862651,-0.100000,-0.100000,0.059319,0.753323,0.000000,-0.085697
0.862631,-0.100000,-0.100000,0.059167,0.752555,0.000000,-0.085695
0.862611,-0.100000,-0.100000,0.059015,0.751788,0.000000,-0.085694
0.862591,-0.100000,-0.100000,0.058863,0.751021,0.000000,-0.085692
0.862571,-0.100000,-0.100000,0.058712,0.750255,0.000000,-0.085690
0.862551,-0.100000,-0.100000,0.058560,0.749489,0.000000,-0.085689
0.862531,-0.100000,-0.100000,0.058408,0.748724,0.000000,-0.085687
0.862511,-0.100000,-0.100000,0.058257,0.747959,0.000000,-0.085685
0.862491,-0.100000,-0.100000,0.058105,0.747195,0.000000,-0.085683
0.862472,-0.100000,-0.100000,0.057954,0.746431,0.000000,-0.085682
0.862452,-0.100000,-0.100000,0.057803,0.745668,0.000000,-0.085680
0.862432,-0.100000,-0.100000,0.057652,0.744905,0.000000,-0.085679
0.862412,-0.100000,-0.100000,0.057501,0.744143,0.000000,-0.085677
0.862392,-0.100000,-0.100000,0.057349,0.743382,0.000000,-0.085675
0.862372,-0.100000,-0.100000,0.057199,0.742621,0.000000,-0.085674
0.862352,-0.100000,-0.100000,0.057048,0.741861,0.000000,-0.085672
0.862333,-0.100000,-0.100000,0.056897,0.741101,0.000000,-0.085671
0.862313,-0.100000,-0.100000,0.056746,0.740341,0.000000,-0.085670
0.862293,-0.100000,-0.100000,0.056595,0.739583,0.000000,-0.085669
0.862273,-0.100000,-0.100000,0.056445,0.738825,0.000000,-0.085668
0.862253,-0.100000,-0.100000,0.056294,0.738067,0.000000,-0.085666
0.862233,-0.100000,-0.100000,0.056144,0.737310,0.000000,-0.085665
0.862213,-0.100000,-0.100000,0.055993,0.736554,0.000000,-0.085664
0.862193,-0.100000,-0.100000,0.055843,0.735798,0.000000,-0.085662
0.862174,-0.100000,-0.100000,0.055693,0.735043,0.000000,-0.085661
0.862154,-0.100000,-0.100000,0.055543,0.734289,0.000000,-0.085660
0.862134,-0.100000,-0.100000,0.055392,0.733535,0.000000,-0.085658
0.862114,-0.100000,-0.100000,0.055242,0.732782,0.000000,-0.085657
0.862094,-0.100000,-0.100000,0.055093,0.732029,0.000000,-0.085655
0.862074,-0.100000,-0.100000,0.054943,0.731277,0.000000,-0.085654
0.862054,-0.100000,-0.100000,0.054793,0.730526,0.000000,-0.085652
0.862034,-0.100000,-0.100000,0.054643,0.729775,0.000000,-0.085651
0.862015,-0.100000,-0.100000,0.054494,0.729025,0.000000,-0.085649
0.861995,-0.100000,-0.100000,0.054344,0.728275,0.000000,-0.085648
0.861975,-0.100000,-0.100000,0.054195,0.727526,0.000000,-0.085646
0.861955,-0.100000,-0.100000,0.054045,0.726778,0.000000,-0.085644
0.861935,-0.100000,-0.100000,0.053896,0.726030,0.000000,-0.085643
0.861915,-0.100000,-0.100000,0.053747,0.725283,0.000000,-0.085641
0.861895,-0.100000,-0.100000,0.053597,0.724537,0.000000,-0.085639
0.861875,-0.100000,-0.100000,0.053448,0.723791,0.000000,-0.085638
0.861856,-0.100000,-0.100000,0.053299,0.723045,0.000000,-0.085636
0.861836,-0.100000,-0.100000,0.053150,0.722301,0.000000,-0.085635
0.861816,-0.100000,-0.100000,0.053001,0.721556,0.000000,-0.085633
0.861796,-0.100000,-0.100000,0.052852,0.720813,0.000000,-0.085631
0.861776,-0.100000,-0.100000,0.052704,0.720070,0.000000,-0.085630
0.861756,-0.100000,-0.100000,0.052555,0.719328,0.000000,-0.085628
0.861736,-0.100000,-0.100000,0.052407,0.718586,0.000000,-0.085626
0.861716,-0.100000,-0.100000,0.052258,0.717845,0.000000,-0.085625
0.861696,-0.100000,-0.100000,0.052110,0.717104,0.000000,-0.085623
0.861677,-0.100000,-0.100000,0.051961,0.716364,0.000000,-0.085621
0.861657,-0.100000,-0.100000,0.051813,0.715625,0.000000,-0.085619
0.861637,-0.100000,-0.100000,0.051665,0.714886,0.000000,-0.085618
0.861617,-0.100000,-0.100000,0.051517,0.714147,0.000000,-0.085616
0.861597,-0.100000,-0.100000,0.051369,0.713410,0.000000,-0.085614
0.861577,-0.100000,-0.100000,0.051221,0.712673,0.000000,-0.085613
0.861557,-0.100000,-0.100000,0.051073,0.711936,0.000000,-0.085611
0.861537,-0.100000,-0.100000,0.050925,0.711200,0.000000,-0.085609
0.861517,-0.100000,-0.100000,0.050777,0.710464,0.000000,-0.085607
0.861497,-0.100000,-0.100000,0.050629,0.709730,0.000000,-0.085606
0.861477,-0.100000,-0.100000,0.050482,0.708995,0.000000,-0.085604
0.861457,-0.100000,-0.100000,0.050334,0.708262,0.000000,-0.085602
0.861437,-0.100000,-0.100000,0.050187,0.707529,0.000000,-0.085601
0.861417,-0.100000,-0.100000,0.050039,0.706796,0.000000,-0.085599
0.861397,-0.100000,-0.100000,0.049892,0.706064,0.000000,-0.085597
0.861377,-0.100000,-0.100000,0.049745,0.705333,0.000000,-0.085595
0.861358,-0.100000,-0.100000,0.049598,0.704602,0.000000,-0.085594
0.861337,-0.100000,-0.100000,0.049451,0.703872,0.000000,-0.085592
0.861318,-0.100000,-0.100000,0.049304,0.703142,0.000000,-0.085590
0.861298,-0.100000,-0.100000,0.049157,0.702413,0.000000,-0.085588
0.861278,-0.100000,-0.100000,0.049010,0.701684,0.000000,-0.085587
0.861258,-0.100000,-0.100000,0.048863,0.700956,0.000000,-0.085585
0.861238,-0.100000,-0.100000,0.048716,0.700229,0.000000,-0.085583
0.861218,-0.100000,-0.100000,0.048570,0.699502,0.000000,-0.085581
0.861198,-0.100000,-0.100000,0.048423,0.698776,0.000000,-0.085579
0.861178,-0.100000,-0.100000,0.048277,0.698050,0.000000,-0.085578
0.861158,-0.100000,-0.100000,0.048130,0.697325,0.000000,-0.085576
0.861138,-0.100000,-0.100000,0.047984,0.696601,0.000000,-0.085574
0.861118,-0.100000,-0.100000,0.047838,0.695877,0.000000,-0.085572
0.861098,-0.100000,-0.100000,0.047691,0.695153,0.000000,-0.085571
0.861078,-0.100000,-0.100000,0.047545,0.694430,0.000000,-0.085569
0.861058,-0.100000,-0.100000,0.047399,0.693708,0.000000,-0.085567
0.861038,-0.100000,-0.100000,0.047253,0.692987,0.000000,-0.085565
0.861018,-0.100000,-0.100000,0.047107,0.692266,0.000000,-0.085564
0.860998,-0.100000,-0.100000,0.046962,0.691545,0.000000,-0.085562
0.860978,-0.100000,-0.100000,0.046816,0.690825,0.000000,-0.085560
0.860958,-0.100000,-0.100000,0.046670,0.690106,0.000000,-0.085559
0.860938,-0.100000,-0.100000,0.046525,0.689387,0.000000,-0.085557
0.860918,-0.100000,-0.100000,0.046379,0.688669,0.000000,-0.085555
0.860898,-0.100000,-0.100000,0.046234,0.687952,0.000000,-0.085553
0.860878,-0.100000,-0.100000,0.046088,0.687235,0.000000,-0.085552
0.860857,-0.100000,-0.100000,0.045943,0.686518,0.000000,-0.085550
0.860837,-0.100000,-0.100000,0.045798,0.685803,0.000000,-0.085548
0.860817,-0.100000,-0.100000,0.045653,0.685087,0.000000,-0.085546
0.860797,-0.100000,-0.100000,0.045508,0.684373,0.000000,-0.085545
0.860777,-0.100000,-0.100000,0.045363,0.683659,0.000000,-0.085543
0.860757,-0.100000,-0.100000,0.045218,0.682946,0.000000,-0.085541
0.860737,-0.100000,-0.100000,0.045073,0.682233,0.000000,-0.085539
0.860717,-0.100000,-0.100000,0.044928,0.681521,0.000000,-0.085538
0.860697,-0.100000,-0.100000,0.044784,0.680809,0.000000,-0.085536
0.860677,-0.100000,-0.100000,0.044639,0.680098,0.000000,-0.085534
0.860657,-0.100000,-0.100000,0.044494,0.679388,0.000000,-0.085532
0.860637,-0.100000,-0.100000,0.044350,0.678678,0.000000,-0.085530
0.860617,-0.100000,-0.100000,0.044206,0.677969,0.000000,-0.085529
0.860597,-0.100000,-0.100000,0.044061,0.677261,0.000000,-0.085527
0.860577,-0.100000,-0.100000,0.043917,0.676553,0.000000,-0.085525
0.860556,-0.100000,-0.100000,0.043773,0.675845,0.000000,-0.085524
0.860536,-0.100000,-0.100000,0.043629,0.675139,0.000000,-0.085522
0.860516,-0.100000,-0.100000,0.043485,0.674433,0.000000,-0.085519
0.860496,-0.100000,-0.100000,0.043341,0.673727,0.000000,-0.085515
0.860476,-0.100000,-0.100000,0.043197,0.673022,0.000000,-0.085513
0.860456,-0.100000,-0.100000,0.043053,0.672318,0.000000,-0.085511
0.860436,-0.100000,-0.100000,0.042909,0.671615,0.000000,-0.085508
0.860416,-0.100000,-0.100000,0.042766,0.670912,0.000000,-0.085506
0.860396,-0.100000,-0.100000,0.042622,0.670209,0.000000,-0.085504
0.860375,-0.100000,-0.100000,0.042479,0.669508,0.000000,-0.085502
0.860355,-0.100000,-0.100000,0.042335,0.668807,0.000000,-0.085500
0.860335,-0.100000,-0.100000,0.042192,0.668106,0.000000,-0.085497
0.860315,-0.100000,-0.100000,0.042049,0.667407,0.000000,-0.085495
0.860295,-0.100000,-0.100000,0.041906,0.666707,0.000000,-0.085493
0.860275,-0.100000,-0.100000,0.041763,0.666009,0.000000,-0.085491
0.860255,-0.100000,-0.100000,0.041619,0.665311,0.000000,-0.085489
0.860235,-0.100000,-0.100000,0.041477,0.664614,0.000000,-0.085488
0.860215,-0.100000,-0.100000,0.041334,0.663917,0.000000,-0.085486
0.860194,-0.100000,-0.100000,0.041191,0.663221,0.000000,-0.085484
0.860174,-0.100000,-0.100000,0.041048,0.662526,0.000000,-0.085482
0.860154,-0.100000,-0.100000,0.040905,0.661831,0.000000,-0.085480
0.860134,-0.100000,-0.100000,0.040763,0.661137,0.000000,-0.085479
0.860114,-0.100000,-0.100000,0.040620,0.660444,0.000000,-0.085477
0.860094,-0.100000,-0.100000,0.040478,0.659751,0.000000,-0.085475
0.860074,-0.100000,-0.100000,0.040335,0.659059,0.000000,-0.085473
0.860053,-0.100000,-0.100000,0.040193,0.658368,0.000000,-0.085472
0.860033,-0.100000,-0.100000,0.040051,0.657677,0.000000,-0.085470
0.860013,-0.100000,-0.100000,0.039909,0.656986,0.000000,-0.085468
0.859993,-0.100000,-0.100000,0.039767,0.656297,0.000000,-0.085467
0.859973,-0.100000,-0.100000,0.039625,0.655608,0.000000,-0.085465
0.859953,-0.100000,-0.100000,0.039483,0.654920,0.000000,-0.085464
0.859932,-0.100000,-0.100000,0.039341,0.654232,0.000000,-0.085462
0.859912,-0.100000,-0.100000,0.039199,0.653545,0.000000,-0.085460
0.859892,-0.100000,-0.100000,0.039057,0.652858,0.000000,-0.085459
0.859872,-0.100000,-0.100000,0.038916,0.652173,0.000000,-0.085457
0.859852,-0.100000,-0.100000,0.038774,0.651487,0.000000,-0.085455
0.859832,-0.100000,-0.100000,0.038633,0.650803,0.000000,-0.085454
0.859811,-0.100000,-0.100000,0.038491,0.650119,0.000000,-0.085452
0.859791,-0.100000,-0.100000,0.038350,0.649436,0.000000,-0.085450
0.859771,-0.100000,-0.100000,0.038209,0.648753,0.000000,-0.085449
0.859751,-0.100000,-0.100000,0.038068,0.648071,0.000000,-0.085447
0.859731,-0.100000,-0.100000,0.037926,0.647389,0.000000,-0.085445
0.859711,-0.100000,-0.100000,0.037785,0.646708,0.000000,-0.085443
0.859690,-0.100000,-0.100000,0.037644,0.646028,0.000000,-0.085442
0.859670,-0.100000,-0.100000,0.037504,0.645348,0.000000,-0.085440
0.859650,-0.100000,-0.100000,0.037363,0.644669,0.000000,-0.085438
0.859630,-0.100000,-0.100000,0.037222,0.643991,0.000000,-0.085437
0.859610,-0.100000,-0.100000,0.037081,0.643313,0.000000,-0.085435
0.859590,-0.100000,-0.100000,0.036941,0.642636,0.000000,-0.085433
0.859569,-0.100000,-0.100000,0.036800,0.641959,0.000000,-0.085431
0.859549,-0.100000,-0.100000,0.036660,0.641283,0.000000,-0.085430
0.859529,-0.100000,-0.100000,0.036519,0.640607,0.000000,-0.085428
0.859509,-0.100000,-0.100000,0.036379,0.639933,0.000000,-0.085426
0.859488,-0.100000,-0.100000,0.036239,0.639258,0.000000,-0.085424
0.859468,-0.100000,-0.100000,0.036099,0.638585,0.000000,-0.085423
0.859448,-0.100000,-0.100000,0.035958,0.637912,0.000000,-0.085421
0.859428,-0.100000,-0.100000,0.035818,0.637239,0.000000,-0.085419
0.859408,-0.100000,-0.100000,0.035679,0.636567,0.000000,-0.085418
0.859387,-0.100000,-0.100000,0.035539,0.635896,0.000000,-0.085416
0.859367,-0.100000,-0.100000,0.035399,0.635225,0.000000,-0.085414
0.859347,-0.100000,-0.100000,0.035259,0.634555,0.000000,-0.085412
0.859327,-0.100000,-0.100000,0.035120,0.633886,0.000000,-0.085410
0.859307,-0.100000,-0.100000,0.034980,0.633217,0.000000,-0.085409
0.859286,-0.100000,-0.100000,0.034841,0.632548,0.000000,-0.085407
0.859266,-0.100000,-0.100000,0.034701,0.631881,0.000000,-0.085405
0.859246,-0.100000,-0.100000,0.034562,0.631213,0.000000,-0.085404
0.859226,-0.100000,-0.100000,0.034422,0.630547,0.000000,-0.085402
0.859206,-0.100000,-0.100000,0.034283,0.629881,0.000000,-0.085400
0.859185,-0.100000,-0.100000,0.034144,0.629215,0.000000,-0.085399
0.859165,-0.100000,-0.100000,0.034005,0.628551,0.000000,-0.085397
0.859145,-0.100000,-0.100000,0.033866,0.627886,0.000000,-0.085395
0.859125,-0.100000,-0.100000,0.033727,0.627223,0.000000,-0.085394
0.859104,-0.100000,-0.100000,0.033588,0.626560,0.000000,-0.085392
0.859084,-0.100000,-0.100000,0.033450,0.625897,0.000000,-0.085390
0.859064,-0.100000,-0.100000,0.033311,0.625235,0.000000,-0.085389
0.859044,-0.100000,-0.100000,0.033172,0.624574,0.000000,-0.085387
0.859023,-0.100000,-0.100000,0.033034,0.623914,0.000000,-0.085385
0.859003,-0.100000,-0.100000,0.032895,0.623253,0.000000,-0.085383
0.858983,-0.100000,-0.100000,0.032757,0.622594,0.000000,-0.085382
0.858963,-0.100000,-0.100000,0.032619,0.621935,0.000000,-0.085380
0.858942,-0.100000,-0.100000,0.032480,0.621277,0.000000,-0.085378
0.858922,-0.100000,-0.100000,0.032342,0.620619,0.000000,-0.085377
0.858902,-0.100000,-0.100000,0.032204,0.619962,0.000000,-0.085375
0.858882,-0.100000,-0.100000,0.032066,0.619305,0.000000,-0.085373
0.858861,-0.100000,-0.100000,0.031928,0.618649,0.000000,-0.085372
0.858841,-0.100000,-0.100000,0.031790,0.617994,0.000000,-0.085370
0.858821,-0.100000,-0.100000,0.031653,0.617339,0.000000,-0.085368
0.858801,-0.100000,-0.100000,0.031515,0.616685,0.000000,-0.085367
0.858780,-0.100000,-0.100000,0.031377,0.616032,0.000000,-0.085365
0.858760,-0.100000,-0.100000,0.031240,0.615378,0.000000,-0.085363
0.858740,-0.100000,-0.100000,0.031102,0.614726,0.000000,-0.085362
0.858720,-0.100000,-0.100000,0.030965,0.614074,0.000000,-0.085360
0.858699,-0.100000,-0.100000,0.030827,0.613423,0.000000,-0.085358
0.858679,-0.100000,-0.100000,0.030690,0.612773,0.000000,-0.085357
0.858659,-0.100000,-0.100000,0.030553,0.612123,0.000000,-0.085355
0.858638,-0.100000,-0.100000,0.030416,0.611473,0.000000,-0.085353
0.858618,-0.100000,-0.100000,0.030279,0.610825,0.000000,-0.085352
0.858598,-0.100000,-0.100000,0.030142,0.610176,0.000000,-0.085350
0.858577,-0.100000,-0.100000,0.030005,0.609529,0.000000,-0.085348
0.858557,-0.100000,-0.100000,0.029868,0.608882,0.000000,-0.085347
0.858537,-0.100000,-0.100000,0.029731,0.608236,0.000000,-0.085345
0.858517,-0.100000,-0.100000,0.029594,0.607590,0.000000,-0.085343
0.858496,-0.100000,-0.100000,0.029458,0.606945,0.000000,-0.085341
0.858476,-0.100000,-0.100000,0.029321,0.606300,0.000000,-0.085340
0.858456,-0.100000,-0.100000,0.029185,0.605656,0.000000,-0.085338
0.858435,-0.100000,-0.100000,0.029048,0.605013,0.000000,-0.085336
0.858415,-0.100000,-0.100000,0.028912,0.604371,0.000000,-0.085335
0.858395,-0.100000,-0.100000,0.028776,0.603729,0.000000,-0.085333
0.858375,-0.100000,-0.100000,0.028640,0.603087,0.000000,-0.085331
0.858354,-0.100000,-0.100000,0.028504,0.602446,0.000000,-0.085330
0.858334,-0.100000,-0.100000,0.028368,0.601806,0.000000,-0.085327
0.858314,-0.100000,-0.100000,0.028232,0.601167,0.000000,-0.085325
0.858293,-0.100000,-0.100000,0.028096,0.600528,0.000000,-0.085323
0.858273,-0.100000,-0.100000,0.027960,0.599890,0.000000,-0.085322
0.858253,-0.100000,-0.100000,0.027824,0.599252,0.000000,-0.085320
0.858232,-0.100000,-0.100000,0.027689,0.598615,0.000000,-0.085318
0.858212,-0.100000,-0.100000,0.027553,0.597979,0.000000,-0.085317
0.858192,-0.100000,-0.100000,0.027417,0.597343,0.000000,-0.085316
0.858171,-0.100000,-0.100000,0.027282,0.596708,0.000000,-0.085314
0.858151,-0.100000,-0.100000,0.027147,0.596074,0.000000,-0.085312
0.858131,-0.100000,-0.100000,0.027011,0.595440,0.000000,-0.085311
0.858110,-0.100000,-0.100000,0.026876,0.594807,0.000000,-0.085310
0.858090,-0.100000,-0.100000,0.026741,0.594174,0.000000,-0.085308
0.858070,-0.100000,-0.100000,0.026606,0.593543,0.000000,-0.085306
0.858049,-0.100000,-0.100000,0.026471,0.592911,0.000000,-0.085305
0.858029,-0.100000,-0.100000,0.026336,0.592281,0.000000,-0.085303
0.858009,-0.100000,-0.100000,0.026201,0.591651,0.000000,-0.085302
0.857988,-0.100000,-0.100000,0.026066,0.591022,0.000000,-0.085301
0.857968,-0.100000,-0.100000,0.025932,0.590393,0.000000,-0.085299
0.857948,-0.100000,-0.100000,0.025797,0.589765,0.000000,-0.085297
0.857927,-0.100000,-0.100000,0.025660,0.589137,0.000000,-0.085296
0.857907,-0.100000,-0.100000,0.025521,0.588511,0.000000,-0.085294
0.857888,-0.100000,-0.100000,0.025383,0.587885,0.000000,-0.085292
0.857868,-0.100000,-0.100000,0.025244,0.587260,0.000000,-0.085291
0.857848,-0.100000,-0.100000,0.025106,0.586636,0.000000,-0.085289
0.857828,-0.100000,-0.100000,0.024967,0.586012,0.000000,-0.085288
0.857808,-0.100000,-0.100000,0.024829,0.585389,0.000000,-0.085286
0.857788,-0.100000,-0.100000,0.024691,0.584766,0.000000,-0.085284
0.857769,-0.100000,-0.100000,0.024552,0.584144,0.000000,-0.085282
0.857749,-0.100000,-0.100000,0.024414,0.583523,0.000000,-0.085281
0.857729,-0.100000,-0.100000,0.024276,0.582902,0.000000,-0.085279
0.857709,-0.100000,-0.100000,0.024138,0.582281,0.000000,-0.085277
0.857689,-0.100000,-0.100000,0.024000,0.581662,0.000000,-0.085276
0.857669,-0.100000,-0.100000,0.023862,0.581042,0.000000,-0.085274
0.857650,-0.100000,-0.100000,0.023725,0.580424,0.000000,-0.085272
0.857630,-0.100000,-0.100000,0.023587,0.579806,0.000000,-0.085271
0.857610,-0.100000,-0.100000,0.023449,0.579188,0.000000,-0.085269
0.857590,-0.100000,-0.100000,0.023312,0.578572,0.000000,-0.085267
0.857570,-0.100000,-0.100000,0.023174,0.577955,0.000000,-0.085265
0.857551,-0.100000,-0.100000,0.023037,0.577339,0.000000,-0.085263
0.857531,-0.100000,-0.100000,0.022900,0.576724,0.000000,-0.085261
0.857511,-0.100000,-0.100000,0.022763,0.576109,0.000000,-0.085260
0.857491,-0.100000,-0.100000,0.022625,0.575495,0.000000,-0.085258
0.857471,-0.100000,-0.100000,0.022488,0.574881,0.000000,-0.085256
0.857451,-0.100000,-0.100000,0.022351,0.574268,0.000000,-0.085254
0.857432,-0.100000,-0.100000,0.022215,0.573656,0.000000,-0.085253
0.857412,-0.100000,-0.100000,0.022078,0.573043,0.000000,-0.085251
0.857392,-0.100000,-0.100000,0.021941,0.572432,0.000000,-0.085249
0.857372,-0.100000,-0.100000,0.021804,0.571821,0.000000,-0.085247
0.857352,-0.100000,-0.100000,0.021668,0.571210,0.000000,-0.085245
0.857333,-0.100000,-0.100000,0.021531,0.570600,0.000000,-0.085244
0.857313,-0.100000,-0.100000,0.021395,0.569991,0.000000,-0.085242
0.857293,-0.100000,-0.100000,0.021259,0.569382,0.000000,-0.085240
0.857273,-0.100000,-0.100000,0.021122,0.568773,0.000000,-0.085238
0.857253,-0.100000,-0.100000,0.020986,0.568165,0.000000,-0.085236
0.857233,-0.100000,-0.100000,0.020850,0.567557,0.000000,-0.085235
0.857214,-0.100000,-0.100000,0.020714,0.566950,0.000000,-0.085233
0.857194,-0.100000,-0.100000,0.020578,0.566344,0.000000,-0.085231
0.857174,-0.100000,-0.100000,0.020442,0.565738,0.000000,-0.085229
0.857154,-0.100000,-0.100000,0.020307,0.565132,0.000000,-0.085227
0.857134,-0.100000,-0.100000,0.020171,0.564527,0.000000,-0.085226
0.857115,-0.100000,-0.100000,0.020035,0.563923,0.000000,-0.085224
0.857095,-0.100000,-0.100000,0.019900,0.563319,0.000000,-0.085222
0.857075,-0.100000,-0.100000,0.019764,0.562715,0.000000,-0.085220
0.857055,-0.100000,-0.100000,0.019629,0.562112,0.000000,-0.085218
0.857035,-0.100000,-0.100000,0.019494,0.561509,0.000000,-0.085217
0.857015,-0.100000,-0.100000,0.019359,0.560907,0.000000,-0.085215
0.856996,-0.100000,-0.100000,0.019223,0.560306,0.000000,-0.085213
0.856976,-0.100000,-0.100000,0.019088,0.559705,0.000000,-0.085212
0.856956,-0.100000,-0.100000,0.018953,0.559104,0.000000,-0.085210
0.856936,-0.100000,-0.100000,0.018819,0.558504,0.000000,-0.085208
0.856916,-0.100000,-0.100000,0.018684,0.557904,0.000000,-0.085206
0.856897,-0.100000,-0.100000,0.018549,0.557305,0.000000,-0.085204
0.856877,-0.100000,-0.100000,0.018415,0.556706,0.000000,-0.085203
0.856857,-0.100000,-0.100000,0.018280,0.556108,0.000000,-0.085201
0.856837,-0.100000,-0.100000,0.018146,0.555511,0.000000,-0.085199
0.856817,-0.100000,-0.100000,0.018011,0.554913,0.000000,-0.085197
0.856798,-0.100000,-0.100000,0.017877,0.554317,0.000000,-0.085195
0.856778,-0.100000,-0.100000,0.017743,0.553720,0.000000,-0.085194
0.856758,-0.100000,-0.100000,0.017609,0.553125,0.000000,-0.085192
0.856738,-0.100000,-0.100000,0.017475,0.552529,0.000000,-0.085190
0.856718,-0.100000,-0.100000,0.017341,0.551935,0.000000,-0.085188
0.856699,-0.100000,-0.100000,0.017207,0.551340,0.000000,-0.085187
0.856679,-0.100000,-0.100000,0.017073,0.550746,0.000000,-0.085185
0.856659,-0.100000,-0.100000,0.016939,0.550153,0.000000,-0.085183
0.856639,-0.100000,-0.100000,0.016806,0.549560,0.000000,-0.085182
0.856619,-0.100000,-0.100000,0.016672,0.548968,0.000000,-0.085180
0.856599,-0.100000,-0.100000,0.016539,0.548376,0.000000,-0.085178
0.856580,-0.100000,-0.100000,0.016405,0.547785,0.000000,-0.085176
0.856560,-0.100000,-0.100000,0.016272,0.547194,0.000000,-0.085175
0.856540,-0.100000,-0.100000,0.016139,0.546603,0.000000,-0.085173
0.856520,-0.100000,-0.100000,0.016006,0.546014,0.000000,-0.085171
0.856500,-0.100000,-0.100000,0.015873,0.545424,0.000000,-0.085169
0.856480,-0.100000,-0.100000,0.015740,0.544835,0.000000,-0.085168
0.856461,-0.100000,-0.100000,0.015607,0.544247,0.000000,-0.085166
0.856441,-0.100000,-0.100000,0.015474,0.543659,0.000000,-0.085164
0.856421,-0.100000,-0.100000,0.015341,0.543072,0.000000,-0.085164
0.856401,-0.100000,-0.100000,0.015209,0.542485,0.000000,-0.085162
0.856382,-0.100000,-0.100000,0.015076,0.541899,0.000000,-0.085158
0.856362,-0.100000,-0.100000,0.014944,0.541313,0.000000,-0.085155
0.856342,-0.100000,-0.100000,0.014811,0.540727,0.000000,-0.085153
0.856322,-0.100000,-0.100000,0.014679,0.540143,0.000000,-0.085151
0.856302,-0.100000,-0.100000,0.014547,0.539558,0.000000,-0.085148
0.856282,-0.100000,-0.100000,0.014414,0.538975,0.000000,-0.085146
0.856263,-0.100000,-0.100000,0.014282,0.538391,0.000000,-0.085144
0.856243,-0.100000,-0.100000,0.014150,0.537808,0.000000,-0.085142
0.856223,-0.100000,-0.100000,0.014019,0.537226,0.000000,-0.085140
0.856203,-0.100000,-0.100000,0.013887,0.536645,0.000000,-0.085138
0.856183,-0.100000,-0.100000,0.013755,0.536063,0.000000,-0.085136
0.856164,-0.100000,-0.100000,0.013623,0.535483,0.000000,-0.085134
0.856144,-0.100000,-0.100000,0.013492,0.534902,0.000000,-0.085132
0.856124,-0.100000,-0.100000,0.013360,0.534323,0.000000,-0.085130
0.856104,-0.100000,-0.100000,0.013229,0.533744,0.000000,-0.085128
0.856084,-0.100000,-0.100000,0.013097,0.533165,0.000000,-0.085126
0.856064,-0.100000,-0.100000,0.012966,0.532587,0.000000,-0.085125
0.856045,-0.100000,-0.100000,0.012835,0.532009,0.000000,-0.085123
0.856025,-0.100000,-0.100000,0.012704,0.531432,0.000000,-0.085122
0.856005,-0.100000,-0.100000,0.012573,0.530856,0.000000,-0.085120
0.855985,-0.100000,-0.100000,0.012442,0.530280,0.000000,-0.085118
0.855966,-0.100000,-0.100000,0.012311,0.529705,0.000000,-0.085117
0.855946,-0.100000,-0.100000,0.012180,0.529130,0.000000,-0.085115
0.855926,-0.100000,-0.100000,0.012050,0.528555,0.000000,-0.085114
0.855906,-0.100000,-0.100000,0.011919,0.527981,0.000000,-0.085112
0.855886,-0.100000,-0.100000,0.011789,0.527408,0.000000,-0.085110
0.855867,-0.100000,-0.100000,0.011658,0.526835,0.000000,-0.085109
0.855847,-0.100000,-0.100000,0.011528,0.526263,0.000000,-0.085107
0.855827,-0.100000,-0.100000,0.011397,0.525691,0.000000,-0.085105
0.855807,-0.100000,-0.100000,0.011267,0.525120,0.000000,-0.085104
0.855787,-0.100000,-0.100000,0.011137,0.524549,0.000000,-0.085102
0.855767,-0.100000,-0.100000,0.011007,0.523979,0.000000,-0.085100
0.855748,-0.100000,-0.100000,0.010877,0.523409,0.000000,-0.085099
0.855728,-0.100000,-0.100000,0.010747,0.522840,0.000000,-0.085097
0.855708,-0.100000,-0.100000,0.010617,0.522271,0.000000,-0.085095
0.855688,-0.100000,-0.100000,0.010488,0.521703,0.000000,-0.085094
0.855668,-0.100000,-0.100000,0.010358,0.521135,0.000000,-0.085092
0.855649,-0.100000,-0.100000,0.010228,0.520567,0.000000,-0.085090
0.855629,-0.100000,-0.100000,0.010099,0.520001,0.000000,-0.085089
0.855609,-0.100000,-0.100000,0.009969,0.519435,0.000000,-0.085087
0.855589,-0.100000,-0.100000,0.009840,0.518869,0.000000,-0.085085
0.855570,-0.100000,-0.100000,0.009711,0.518304,0.000000,-0.085084
0.855550,-0.100000,-0.100000,0.009581,0.517739,0.000000,-0.085082
0.855530,-0.100000,-0.100000,0.009452,0.517175,0.000000,-0.085080
0.855510,-0.100000,-0.100000,0.009323,0.516611,0.000000,-0.085079
0.855490,-0.100000,-0.100000,0.009194,0.516048,0.000000,-0.085077
0.855471,-0.100000,-0.100000,0.009065,0.515485,0.000000,-0.085075
0.855451,-0.100000,-0.100000,0.008936,0.514923,0.000000,-0.085073
0.855431,-0.100000,-0.100000,0.008808,0.514361,0.000000,-0.085071
0.855411,-0.100000,-0.100000,0.008679,0.513800,0.000000,-0.085070
0.855391,-0.100000,-0.100000,0.008550,0.513239,0.000000,-0.085068
0.855371,-0.100000,-0.100000,0.008422,0.512679,0.000000,-0.085066
0.855352,-0.100000,-0.100000,0.008293,0.512119,0.000000,-0.085064
0.855332,-0.100000,-0.100000,0.008165,0.511560,0.000000,-0.085063
0.855312,-0.100000,-0.100000,0.008037,0.511001,0.000000,-0.085061
0.855292,-0.100000,-0.100000,0.007908,0.510443,0.000000,-0.085059
0.855272,-0.100000,-0.100000,0.007780,0.509885,0.000000,-0.085058
0.855253,-0.100000,-0.100000,0.007652,0.509327,0.000000,-0.085056
0.855233,-0.100000,-0.100000,0.007524,0.508771,0.000000,-0.085054
0.855213,-0.100000,-0.100000,0.007396,0.508214,0.000000,-0.085053
0.855193,-0.100000,-0.100000,0.007269,0.507659,0.000000,-0.085051
0.855174,-0.100000,-0.100000,0.007141,0.507103,0.000000,-0.085049
0.855154,-0.100000,-0.100000,0.007013,0.506548,0.000000,-0.085048
0.855134,-0.100000,-0.100000,0.006886,0.505994,0.000000,-0.085046
0.855114,-0.100000,-0.100000,0.006758,0.505440,0.000000,-0.085044
0.855094,-0.100000,-0.100000,0.006631,0.504887,0.000000,-0.085043
0.855075,-0.100000,-0.100000,0.006503,0.504334,0.000000,-0.085041
0.855055,-0.100000,-0.100000,0.006376,0.503782,0.000000,-0.085039
0.855035,-0.100000,-0.100000,0.006249,0.503230,0.000000,-0.085038
0.855015,-0.100000,-0.100000,0.006122,0.502679,0.000000,-0.085036
0.854995,-0.100000,-0.100000,0.005995,0.502128,0.000000,-0.085034
0.854976,-0.100000,-0.100000,0.005868,0.501577,0.000000,-0.085033
0.854956,-0.100000,-0.100000,0.005741,0.501028,0.000000,-0.085031
0.854936,-0.100000,-0.100000,0.005614,0.500478,0.000000,-0.085029
0.854916,-0.100000,-0.100000,0.005487,0.499929,0.000000,-0.085027
0.854896,-0.100000,-0.100000,0.005361,0.499381,0.000000,-0.085026
0.854877,-0.100000,-0.100000,0.005234,0.498833,0.000000,-0.085024
0.854857,-0.100000,-0.100000,0.005108,0.498286,0.000000,-0.085022
0.854837,-0.100000,-0.100000,0.004981,0.497739,0.000000,-0.085021
0.854817,-0.100000,-0.100000,0.004855,0.497193,0.000000,-0.085019
0.854797,-0.100000,-0.100000,0.004728,0.496647,0.000000,-0.085017
0.854778,-0.100000,-0.100000,0.004602,0.496102,0.000000,-0.085016
0.854758,-0.100000,-0.100000,0.004476,0.495557,0.000000,-0.085014
0.854738,-0.100000,-0.100000,0.004350,0.495013,0.000000,-0.085012
0.854718,-0.100000,-0.100000,0.004224,0.494469,0.000000,-0.085011
0.854698,-0.100000,-0.100000,0.004098,0.493926,0.000000,-0.085009
0.854679,-0.100000,-0.100000,0.003972,0.493383,0.000000,-0.085007
0.854659,-0.100000,-0.100000,0.003847,0.492841,0.000000,-0.085005
0.854639,-0.100000,-0.100000,0.003721,0.492299,0.000000,-0.085004
0.854619,-0.100000,-0.100000,0.003595,0.491758,0.000000,-0.085002
0.854599,-0.100000,-0.100000,0.003470,0.491217,0.000000,-0.085000
0.854580,-0.100000,-0.100000,0.003344,0.490677,0.000000,-0.084999
0.854560,-0.100000,-0.100000,0.003219,0.490138,0.000000,-0.084997
0.854540,-0.100000,-0.100000,0.003094,0.489599,0.000000,-0.084995
0.854520,-0.100000,-0.100000,0.002968,0.489060,0.000000,-0.084993
0.854501,-0.100000,-0.100000,0.002843,0.488522,0.000000,-0.084990
0.854481,-0.100000,-0.100000,0.002718,0.487985,0.000000,-0.084988
0.854461,-0.100000,-0.100000,0.002593,0.487448,0.000000,-0.084986
0.854441,-0.100000,-0.100000,0.002468,0.486911,0.000000,-0.084984
0.854421,-0.100000,-0.100000,0.002343,0.486375,0.000000,-0.084982
0.854402,-0.100000,-0.100000,0.002219,0.485840,0.000000,-0.084981
0.854382,-0.100000,-0.100000,0.002094,0.485305,0.000000,-0.084979
0.854362,-0.100000,-0.100000,0.001969,0.484770,0.000000,-0.084978
0.854342,-0.100000,-0.100000,0.001845,0.484237,0.000000,-0.084976
0.854322,-0.100000,-0.100000,0.001721,0.483703,0.000000,-0.084974
0.854303,-0.100000,-0.100000,0.001596,0.483171,0.000000,-0.084973
0.854283,-0.100000,-0.100000,0.001472,0.482639,0.000000,-0.084971
0.854263,-0.100000,-0.100000,0.001348,0.482107,0.000000,-0.084970
0.854243,-0.100000,-0.100000,0.001224,0.481576,0.000000,-0.084968
0.854223,-0.100000,-0.100000,0.001100,0.481045,0.000000,-0.084966
0.854204,-0.100000,-0.100000,0.000976,0.480515,0.000000,-0.084965
0.854184,-0.100000,-0.100000,0.000852,0.479986,0.000000,-0.084963
0.854164,-0.100000,-0.100000,0.000728,0.479457,0.000000,-0.084962
0.854144,-0.100000,-0.100000,0.000604,0.478929,0.000000,-0.084960
0.854125,-0.100000,-0.100000,0.000480,0.478401,0.000000,-0.084958
0.854105,-0.100000,-0.100000,0.000357,0.477873,0.000000,-0.084957
0.854085,-0.100000,-0.100000,0.000233,0.477346,0.000000,-0.084955
0.854065,-0.100000,-0.100000,0.000110,0.476820,0.000000,-0.084953
0.854046,-0.100000,-0.100000,-0.000013,0.476294,0.000000,-0.084952
0.854026,-0.100000,-0.100000,-0.000137,0.475769,0.000000,-0.084950
0.854006,-0.100000,-0.100000,-0.000260,0.475244,0.000000,-0.084948
0.853986,-0.100000,-0.100000,-0.000383,0.474720,0.000000,-0.084947
0.853966,-0.100000,-0.100000,-0.000506,0.474196,0.000000,-0.084945
0.853947,-0.100000,-0.100000,-0.000629,0.473673,0.000000,-0.084943
0.853927,-0.100000,-0.100000,-0.000752,0.473150,0.000000,-0.084941
0.853907,-0.100000,-0.100000,-0.000874,0.472628,0.000000,-0.084940
0.853887,-0.100000,-0.100000,-0.000997,0.472106,0.000000,-0.084938
0.853867,-0.100000,-0.100000,-0.001120,0.471585,0.000000,-0.084936
0.853848,-0.100000,-0.100000,-0.001242,0.471064,0.000000,-0.084934
0.853828,-0.100000,-0.100000,-0.001365,0.470543,0.000000,-0.084933
0.853808,-0.100000,-0.100000,-0.001487,0.470024,0.000000,-0.084931
0.853788,-0.100000,-0.100000,-0.001609,0.469504,0.000000,-0.084929
0.853768,-0.100000,-0.100000,-0.001732,0.468985,0.000000,-0.084928
0.853749,-0.100000,-0.100000,-0.001854,0.468467,0.000000,-0.084926
0.853729,-0.100000,-0.100000,-0.001976,0.467949,0.000000,-0.084924
0.853709,-0.100000,-0.100000,-0.002098,0.467431,0.000000,-0.084922
0.853689,-0.100000,-0.100000,-0.002219,0.466914,0.000000,-0.084921
0.853670,-0.100000,-0.100000,-0.002341,0.466397,0.000000,-0.084919
0.853650,-0.100000,-0.100000,-0.002463,0.465881,0.000000,-0.084917
0.853630,-0.100000,-0.100000,-0.002585,0.465365,0.000000,-0.084915
0.853610,-0.100000,-0.100000,-0.002706,0.464850,0.000000,-0.084914
0.853590,-0.100000,-0.100000,-0.002828,0.464335,0.000000,-0.084912
0.853571,-0.100000,-0.100000,-0.002949,0.463821,0.000000,-0.084910
0.853551,-0.100000,-0.100000,-0.003070,0.463307,0.000000,-0.084908
0.853531,-0.100000,-0.100000,-0.003192,0.462793,0.000000,-0.084906
0.853511,-0.100000,-0.100000,-0.003313,0.462280,0.000000,-0.084905
0.853492,-0.100000,-0.100000,-0.003434,0.461767,0.000000,-0.084903
0.853472,-0.100000,-0.100000,-0.003555,0.461255,0.000000,-0.084901
0.853452,-0.100000,-0.100000,-0.003676,0.460743,0.000000,-0.084899
0.853432,-0.100000,-0.100000,-0.003797,0.460232,0.000000,-0.084897
0.853412,-0.100000,-0.100000,-0.003917,0.459721,0.000000,-0.084896
0.853393,-0.100000,-0.100000,-0.004038,0.459210,0.000000,-0.084894
0.853373,-0.100000,-0.100000,-0.004159,0.458700,0.000000,-0.084892
0.853353,-0.100000,-0.100000,-0.004279,0.458191,0.000000,-0.084890
0.853333,-0.100000,-0.100000,-0.004399,0.457681,0.000000,-0.084889
0.853314,-0.100000,-0.100000,-0.004520,0.457173,0.000000,-0.084887
0.853294,-0.100000,-0.100000,-0.004640,0.456664,0.000000,-0.084885
0.853274,-0.100000,-0.100000,-0.004760,0.456156,0.000000,-0.084883
0.853254,-0.100000,-0.100000,-0.004880,0.455649,0.000000,-0.084881
0.853235,-0.100000,-0.100000,-0.005000,0.455142,0.000000,-0.084880
0.853215,-0.100000,-0.100000,-0.005120,0.454635,0.000000,-0.084878
0.853195,-0.100000,-0.100000,-0.005240,0.454129,0.000000,-0.084876
0.853175,-0.100000,-0.100000,-0.005360,0.453623,0.000000,-0.084875
0.853155,-0.100000,-0.100000,-0.005479,0.453117,0.000000,-0.084873
0.853136,-0.100000,-0.100000,-0.005599,0.452612,0.000000,-0.084871
0.853116,-0.100000,-0.100000,-0.005719,0.452108,0.000000,-0.084870
0.853096,-0.100000,-0.100000,-0.005838,0.451604,0.000000,-0.084868
0.853076,-0.100000,-0.100000,-0.005957,0.451100,0.000000,-0.084866
0.853056,-0.100000,-0.100000,-0.006077,0.450597,0.000000,-0.084864
0.853037,-0.100000,-0.100000,-0.006196,0.450094,0.000000,-0.084863
0.853017,-0.100000,-0.100000,-0.006315,0.449591,0.000000,-0.084861
0.852997,-0.100000,-0.100000,-0.006434,0.449089,0.000000,-0.084859
0.852977,-0.100000,-0.100000,-0.006553,0.448588,0.000000,-0.084857
0.852958,-0.100000,-0.100000,-0.006672,0.448087,0.000000,-0.084856
0.852938,-0.100000,-0.100000,-0.006791,0.447586,0.000000,-0.084854
0.852918,-0.100000,-0.100000,-0.006909,0.447085,0.000000,-0.084852
0.852898,-0.100000,-0.100000,-0.007028,0.446585,0.000000,-0.084852
0.852879,-0.100000,-0.100000,-0.007146,0.446086,0.000000,-0.084851
0.852859,-0.100000,-0.100000,-0.007265,0.445587,0.000000,-0.084848
0.852839,-0.100000,-0.100000,-0.007383,0.445088,0.000000,-0.084844
0.852819,-0.100000,-0.100000,-0.007502,0.444590,0.000000,-0.084842
0.852799,-0.100000,-0.100000,-0.007620,0.444092,0.000000,-0.084840
0.852780,-0.100000,-0.100000,-0.007738,0.443595,0.000000,-0.084837
0.852760,-0.100000,-0.100000,-0.007856,0.443098,0.000000,-0.084835
0.852740,-0.100000,-0.100000,-0.007974,0.442602,0.000000,-0.084833
0.852720,-0.100000,-0.100000,-0.008092,0.442105,0.000000,-0.084831
0.852701,-0.100000,-0.100000,-0.008210,0.441610,0.000000,-0.084829
0.852681,-0.100000,-0.100000,-0.008328,0.441115,0.000000,-0.084827
0.852661,-0.100000,-0.100000,-0.008445,0.440620,0.000000,-0.084825
0.852641,-0.100000,-0.100000,-0.008563,0.440125,0.000000,-0.084823
0.852621,-0.100000,-0.100000,-0.008680,0.439632,0.000000,-0.084822
0.852602,-0.100000,-0.100000,-0.008798,0.439138,0.000000,-0.084820
0.852582,-0.100000,-0.100000,-0.008915,0.438645,0.000000,-0.084818
0.852562,-0.100000,-0.100000,-0.009032,0.438152,0.000000,-0.084817
0.852542,-0.100000,-0.100000,-0.009150,0.437660,0.000000,-0.084815
0.852523,-0.100000,-0.100000,-0.009267,0.437169,0.000000,-0.084814
0.852503,-0.100000,-0.100000,-0.009384,0.436677,0.000000,-0.084812
0.852483,-0.100000,-0.100000,-0.009501,0.436186,0.000000,-0.084810
0.852463,-0.100000,-0.100000,-0.009618,0.435696,0.000000,-0.084809
0.852444,-0.100000,-0.100000,-0.009734,0.435206,0.000000,-0.084807
0.852424,-0.100000,-0.100000,-0.009851,0.434716,0.000000,-0.084806
0.852404,-0.100000,-0.100000,-0.009968,0.434227,0.000000,-0.084804
0.852384,-0.100000,-0.100000,-0.010084,0.433738,0.000000,-0.084803
0.852364,-0.100000,-0.100000,-0.010201,0.433250,0.000000,-0.084801
0.852345,-0.100000,-0.100000,-0.010317,0.432762,0.000000,-0.084799
0.852325,-0.100000,-0.100000,-0.010434,0.432275,0.000000,-0.084798
0.852305,-0.100000,-0.100000,-0.010550,0.431788,0.000000,-0.084796
0.852285,-0.100000,-0.100000,-0.010666,0.431301,0.000000,-0.084794
0.852266,-0.100000,-0.100000,-0.010782,0.430815,0.000000,-0.084793
0.852246,-0.100000,-0.100000,-0.010898,0.430330,0.000000,-0.084791
0.852226,-0.100000,-0.100000,-0.011014,0.429844,0.000000,-0.084789
0.852206,-0.100000,-0.100000,-0.011130,0.429359,0.000000,-0.084787
0.852187,-0.100000,-0.100000,-0.011246,0.428875,0.000000,-0.084786
0.852167,-0.100000,-0.100000,-0.011362,0.428391,0.000000,-0.084784
0.852147,-0.100000,-0.100000,-0.011477,0.427907,0.000000,-0.084782
0.852127,-0.100000,-0.100000,-0.011593,0.427424,0.000000,-0.084781
0.852107,-0.100000,-0.100000,-0.011708,0.426941,0.000000,-0.084779
0.852088,-0.100000,-0.100000,-0.011824,0.426459,0.000000,-0.084777
0.852068,-0.100000,-0.100000,-0.011939,0.425977,0.000000,-0.084775
0.852048,-0.100000,-0.100000,-0.012054,0.425496,0.000000,-0.084774
0.852028,-0.100000,-0.100000,-0.012170,0.425015,0.000000,-0.084772
0.852009,-0.100000,-0.100000,-0.012285,0.424534,0.000000,-0.084770
0.851989,-0.100000,-0.100000,-0.012400,0.424054,0.000000,-0.084768
0.851969,-0.100000,-0.100000,-0.012515,0.423574,0.000000,-0.084766
0.851949,-0.100000,-0.100000,-0.012630,0.423094,0.000000,-0.084765
0.851930,-0.100000,-0.100000,-0.012745,0.422615,0.000000,-0.084763
0.851910,-0.100000,-0.100000,-0.012859,0.422137,0.000000,-0.084761
0.851890,-0.100000,-0.100000,-0.012974,0.421659,0.000000,-0.084759
0.851870,-0.100000,-0.100000,-0.013089,0.421181,0.000000,-0.084758
0.851851,-0.100000,-0.100000,-0.013203,0.420704,0.000000,-0.084756
0.851831,-0.100000,-0.100000,-0.013318,0.420227,0.000000,-0.084755
0.851811,-0.100000,-0.100000,-0.013432,0.419750,0.000000,-0.084753
0.851791,-0.100000,-0.100000,-0.013546,0.419274,0.000000,-0.084751
0.851772,-0.100000,-0.100000,-0.013660,0.418798,0.000000,-0.084749
0.851752,-0.100000,-0.100000,-0.013775,0.418323,0.000000,-0.084747
0.851732,-0.100000,-0.100000,-0.013889,0.417848,0.000000,-0.084746
0.851712,-0.100000,-0.100000,-0.014003,0.417374,0.000000,-0.084744
0.851693,-0.100000,-0.100000,-0.014117,0.416900,0.000000,-0.084743
0.851673,-0.100000,-0.100000,-0.014230,0.416426,0.000000,-0.084741
0.851653,-0.100000,-0.100000,-0.014344,0.415953,0.000000,-0.084739
0.851633,-0.100000,-0.100000,-0.014458,0.415480,0.000000,-0.084737
0.851614,-0.100000,-0.100000,-0.014572,0.415008,0.000000,-0.084735
0.851594,-0.100000,-0.100000,-0.014685,0.414536,0.000000,-0.084733
0.851574,-0.100000,-0.100000,-0.014799,0.414065,0.000000,-0.084731
0.851554,-0.100000,-0.100000,-0.014912,0.413594,0.000000,-0.084729
0.851534,-0.100000,-0.100000,-0.015025,0.413123,0.000000,-0.084728
0.851515,-0.100000,-0.100000,-0.015139,0.412653,0.000000,-0.084726
0.851495,-0.100000,-0.100000,-0.015252,0.412183,0.000000,-0.084724
0.851475,-0.100000,-0.100000,-0.015365,0.411714,0.000000,-0.084722
0.851455,-0.100000,-0.100000,-0.015478,0.411245,0.000000,-0.084721
0.851436,-0.100000,-0.100000,-0.015591,0.410776,0.000000,-0.084719
0.851416,-0.100000,-0.100000,-0.015704,0.410308,0.000000,-0.084717
0.851396,-0.100000,-0.100000,-0.015816,0.409841,0.000000,-0.084716
0.851376,-0.100000,-0.100000,-0.015929,0.409373,0.000000,-0.084714
0.851357,-0.100000,-0.100000,-0.016042,0.408907,0.000000,-0.084712
0.851337,-0.100000,-0.100000,-0.016154,0.408440,0.000000,-0.084710
0.851317,-0.100000,-0.100000,-0.016267,0.407975,0.000000,-0.084709
0.851297,-0.100000,-0.100000,-0.016379,0.407509,0.000000,-0.084707
0.851278,-0.100000,-0.100000,-0.016491,0.407044,0.000000,-0.084706
0.851258,-0.100000,-0.100000,-0.016604,0.406579,0.000000,-0.084704
0.851238,-0.100000,-0.100000,-0.016716,0.406115,0.000000,-0.084703
0.851218,-0.100000,-0.100000,-0.016828,0.405651,0.000000,-0.084701
0.851199,-0.100000,-0.100000,-0.016940,0.405188,0.000000,-0.084699
0.851179,-0.100000,-0.100000,-0.017052,0.404725,0.000000,-0.084698
0.851159,-0.100000,-0.100000,-0.017164,0.404263,0.000000,-0.084696
0.851139,-0.100000,-0.100000,-0.017275,0.403801,0.000000,-0.084694
0.851120,-0.100000,-0.100000,-0.017387,0.403340,0.000000,-0.084693
0.851100,-0.100000,-0.100000,-0.017499,0.402878,0.000000,-0.084691
0.851080,-0.100000,-0.100000,-0.017610,0.402418,0.000000,-0.084689
0.851060,-0.100000,-0.100000,-0.017722,0.401958,0.000000,-0.084688
0.851040,-0.100000,-0.100000,-0.017833,0.401498,0.000000,-0.084686
0.851021,-0.100000,-0.100000,-0.017945,0.401039,0.000000,-0.084684
0.851001,-0.100000,-0.100000,-0.018056,0.400580,0.000000,-0.084683
0.850981,-0.100000,-0.100000,-0.018167,0.400121,0.000000,-0.084681
0.850961,-0.100000,-0.100000,-0.018278,0.399663,0.000000,-0.084679
0.850942,-0.100000,-0.100000,-0.018389,0.399206,0.000000,-0.084678
0.850922,-0.100000,-0.100000,-0.018500,0.398749,0.000000,-0.084676
0.850902,-0.100000,-0.100000,-0.018611,0.398292,0.000000,-0.084674
0.850883,-0.100000,-0.100000,-0.018722,0.397836,0.000000,-0.084671
0.850863,-0.100000,-0.100000,-0.018832,0.397380,0.000000,-0.084669
0.850843,-0.100000,-0.100000,-0.018943,0.396925,0.000000,-0.084668
0.850823,-0.100000,-0.100000,-0.019053,0.396470,0.000000,-0.084666
0.850804,-0.100000,-0.100000,-0.019164,0.396015,0.000000,-0.084664
0.850784,-0.100000,-0.100000,-0.019274,0.395561,0.000000,-0.084663
0.850764,-0.100000,-0.100000,-0.019385,0.395108,0.000000,-0.084661
0.850744,-0.100000,-0.100000,-0.019495,0.394655,0.000000,-0.084659
0.850725,-0.100000,-0.100000,-0.019605,0.394202,0.000000,-0.084657
0.850705,-0.100000,-0.100000,-0.019715,0.393750,0.000000,-0.084656
0.850685,-0.100000,-0.100000,-0.019825,0.393298,0.000000,-0.084654
0.850665,-0.100000,-0.100000,-0.019935,0.392847,0.000000,-0.084653
0.850645,-0.100000,-0.100000,-0.020045,0.392396,0.000000,-0.084651
0.850626,-0.100000,-0.100000,-0.020155,0.391945,0.000000,-0.084650
0.850606,-0.100000,-0.100000,-0.020264,0.391495,0.000000,-0.084648
0.850586,-0.100000,-0.100000,-0.020374,0.391046,0.000000,-0.084646
0.850566,-0.100000,-0.100000,-0.020483,0.390597,0.000000,-0.084645
0.850547,-0.100000,-0.100000,-0.020593,0.390148,0.000000,-0.084643
0.850527,-0.100000,-0.100000,-0.020702,0.389700,0.000000,-0.084642
0.850507,-0.100000,-0.100000,-0.020811,0.389252,0.000000,-0.084640
0.850488,-0.100000,-0.100000,-0.020921,0.388805,0.000000,-0.084639
0.850468,-0.100000,-0.100000,-0.021030,0.388358,0.000000,-0.084637
0.850448,-0.100000,-0.100000,-0.021139,0.387912,0.000000,-0.084635
0.850428,-0.100000,-0.100000,-0.021248,0.387466,0.000000,-0.084634
0.850409,-0.100000,-0.100000,-0.021357,0.387020,0.000000,-0.084632
0.850389,-0.100000,-0.100000,-0.021465,0.386575,0.000000,-0.084630
0.850369,-0.100000,-0.100000,-0.021574,0.386130,0.000000,-0.084629
0.850349,-0.100000,-0.100000,-0.021683,0.385686,0.000000,-0.084627
0.850330,-0.100000,-0.100000,-0.021791,0.385242,0.000000,-0.084625
0.850310,-0.100000,-0.100000,-0.021900,0.384798,0.000000,-0.084623
0.850290,-0.100000,-0.100000,-0.022008,0.384355,0.000000,-0.084622
0.850270,-0.100000,-0.100000,-0.022117,0.383913,0.000000,-0.084620
0.850251,-0.100000,-0.100000,-0.022225,0.383470,0.000000,-0.084618
0.850231,-0.100000,-0.100000,-0.022333,0.383029,0.000000,-0.084616
0.850211,-0.100000,-0.100000,-0.022441,0.382587,0.000000,-0.084615
0.850191,-0.100000,-0.100000,-0.022549,0.382146,0.000000,-0.084613
0.850172,-0.100000,-0.100000,-0.022657,0.381705,0.000000,-0.084611
0.850152,-0.100000,-0.100000,-0.022765,0.381265,0.000000,-0.084610
0.850132,-0.100000,-0.100000,-0.022873,0.380825,0.000000,-0.084608
0.850112,-0.100000,-0.100000,-0.022981,0.380386,0.000000,-0.084606
0.850093,-0.100000,-0.100000,-0.023088,0.379947,0.000000,-0.084604
0.850073,-0.100000,-0.100000,-0.023196,0.379508,0.000000,-0.084603
0.850053,-0.100000,-0.100000,-0.023303,0.379070,0.000000,-0.084601
0.850033,-0.100000,-0.100000,-0.023411,0.378632,0.000000,-0.084599
0.850014,-0.100000,-0.100000,-0.023518,0.378194,0.000000,-0.084597
0.849994,-0.100000,-0.100000,-0.023625,0.377757,0.000000,-0.084595
0.849974,-0.100000,-0.100000,-0.023732,0.377320,0.000000,-0.084594
0.849954,-0.100000,-0.100000,-0.023840,0.376884,0.000000,-0.084592
0.849935,-0.100000,-0.100000,-0.023947,0.376448,0.000000,-0.084590
0.849915,-0.100000,-0.100000,-0.024053,0.376012,0.000000,-0.084588
0.849895,-0.100000,-0.100000,-0.024160,0.375577,0.000000,-0.084587
0.849875,-0.100000,-0.100000,-0.024267,0.375142,0.000000,-0.084585
0.849856,-0.100000,-0.100000,-0.024374,0.374707,0.000000,-0.084583
0.849836,-0.100000,-0.100000,-0.024480,0.374273,0.000000,-0.084581
0.849816,-0.100000,-0.100000,-0.024587,0.373839,0.000000,-0.084580
0.849796,-0.100000,-0.100000,-0.024693,0.373406,0.000000,-0.084578
0.849777,-0.100000,-0.100000,-0.024800,0.372973,0.000000,-0.084576
0.849757,-0.100000,-0.100000,-0.024906,0.372540,0.000000,-0.084574
0.849737,-0.100000,-0.100000,-0.025012,0.372107,0.000000,-0.084572
0.849718,-0.100000,-0.100000,-0.025118,0.371675,0.000000,-0.084571
0.849698,-0.100000,-0.100000,-0.025224,0.371244,0.000000,-0.084569
0.849678,-0.100000,-0.100000,-0.025330,0.370813,0.000000,-0.084567
0.849658,-0.100000,-0.100000,-0.025436,0.370382,0.000000,-0.084566
0.849639,-0.100000,-0.100000,-0.025542,0.369951,0.000000,-0.084564
0.849619,-0.100000,-0.100000,-0.025648,0.369521,0.000000,-0.084562
0.849599,-0.100000,-0.100000,-0.025754,0.369091,0.000000,-0.084560
0.849579,-0.100000,-0.100000,-0.025859,0.368662,0.000000,-0.084559
0.849560,-0.100000,-0.100000,-0.025965,0.368232,0.000000,-0.084557
0.849540,-0.100000,-0.100000,-0.026070,0.367804,0.000000,-0.084555
0.849520,-0.100000,-0.100000,-0.026175,0.367375,0.000000,-0.084553
0.849500,-0.100000,-0.100000,-0.026281,0.366947,0.000000,-0.084551
0.849481,-0.100000,-0.100000,-0.026386,0.366520,0.000000,-0.084550
0.849461,-0.100000,-0.100000,-0.026491,0.366092,0.000000,-0.084548
0.849441,-0.100000,-0.100000,-0.026596,0.365665,0.000000,-0.084546
0.849421,-0.100000,-0.100000,-0.026701,0.365239,0.000000,-0.084544
0.849402,-0.100000,-0.100000,-0.026806,0.364813,0.000000,-0.084543
0.849382,-0.100000,-0.100000,-0.026911,0.364387,0.000000,-0.084541
0.849362,-0.100000,-0.100000,-0.027015,0.363961,0.000000,-0.084539
0.849343,-0.100000,-0.100000,-0.027120,0.363536,0.000000,-0.084537
0.849323,-0.100000,-0.100000,-0.027225,0.363112,0.000000,-0.084536
0.849303,-0.100000,-0.100000,-0.027329,0.362687,0.000000,-0.084534
0.849283,-0.100000,-0.100000,-0.027433,0.362263,0.000000,-0.084533
0.849264,-0.100000,-0.100000,-0.027538,0.361840,0.000000,-0.084531
0.849244,-0.100000,-0.100000,-0.027642,0.361416,0.000000,-0.084529
0.849224,-0.100000,-0.100000,-0.027746,0.360993,0.000000,-0.084527
0.849204,-0.100000,-0.100000,-0.027850,0.360571,0.000000,-0.084526
0.849185,-0.100000,-0.100000,-0.027954,0.360149,0.000000,-0.084524
0.849165,-0.100000,-0.100000,-0.028058,0.359727,0.000000,-0.084522
0.849145,-0.100000,-0.100000,-0.028162,0.359305,0.000000,-0.084520
0.849125,-0.100000,-0.100000,-0.028266,0.358884,0.000000,-0.084520
0.849106,-0.100000,-0.100000,-0.028369,0.358464,0.000000,-0.084517
0.849086,-0.100000,-0.100000,-0.028473,0.358043,0.000000,-0.084513
0.849066,-0.100000,-0.100000,-0.028576,0.357623,0.000000,-0.084511
0.849046,-0.100000,-0.100000,-0.028680,0.357204,0.000000,-0.084509
0.849027,-0.100000,-0.100000,-0.028783,0.356785,0.000000,-0.084506
0.849007,-0.100000,-0.100000,-0.028887,0.356366,0.000000,-0.084504
0.848987,-0.100000,-0.100000,-0.028990,0.355947,0.000000,-0.084501
0.848967,-0.100000,-0.100000,-0.029093,0.355529,0.000000,-0.084499
0.848948,-0.100000,-0.100000,-0.029196,0.355111,0.000000,-0.084498
0.848928,-0.100000,-0.100000,-0.029299,0.354694,0.000000,-0.084496
0.848908,-0.100000,-0.100000,-0.029402,0.354277,0.000000,-0.084494
0.848889,-0.100000,-0.100000,-0.029505,0.353861,0.000000,-0.084492
0.848869,-0.100000,-0.100000,-0.029607,0.353444,0.000000,-0.084490
0.848849,-0.100000,-0.100000,-0.029710,0.353029,0.000000,-0.084489
0.848829,-0.100000,-0.100000,-0.029813,0.352613,0.000000,-0.084487
0.848810,-0.100000,-0.100000,-0.029915,0.352198,0.000000,-0.084485
0.848790,-0.100000,-0.100000,-0.030018,0.351783,0.000000,-0.084484
0.848770,-0.100000,-0.100000,-0.030120,0.351369,0.000000,-0.084482
0.848750,-0.100000,-0.100000,-0.030222,0.350955,0.000000,-0.084480
0.848731,-0.100000,-0.100000,-0.030324,0.350542,0.000000,-0.084479
0.848711,-0.100000,-0.100000,-0.030427,0.350129,0.000000,-0.084477
0.848691,-0.100000,-0.100000,-0.030529,0.349716,0.000000,-0.084476
0.848672,-0.100000,-0.100000,-0.030631,0.349303,0.000000,-0.084474
0.848652,-0.100000,-0.100000,-0.030733,0.348891,0.000000,-0.084473
0.848632,-0.100000,-0.100000,-0.030834,0.348480,0.000000,-0.084471
0.848612,-0.100000,-0.100000,-0.030936,0.348068,0.000000,-0.084469
0.848593,-0.100000,-0.100000,-0.031038,0.347658,0.000000,-0.084468
0.848573,-0.100000,-0.100000,-0.031139,0.347247,0.000000,-0.084466
0.848553,-0.100000,-0.100000,-0.031241,0.346837,0.000000,-0.084464
0.848534,-0.100000,-0.100000,-0.031342,0.346427,0.000000,-0.084463
0.848514,-0.100000,-0.100000,-0.031444,0.346017,0.000000,-0.084461
0.848494,-0.100000,-0.100000,-0.031545,0.345608,0.000000,-0.084459
0.848474,-0.100000,-0.100000,-0.031646,0.345200,0.000000,-0.084458
0.848455,-0.100000,-0.100000,-0.031748,0.344791,0.000000,-0.084456
0.848435,-0.100000,-0.100000,-0.031849,0.344383,0.000000,-0.084454
0.848415,-0.100000,-0.100000,-0.031950,0.343976,0.000000,-0.084453
0.848395,-0.100000,-0.100000,-0.032051,0.343568,0.000000,-0.084451
0.848376,-0.100000,-0.100000,-0.032151,0.343162,0.000000,-0.084449
0.848356,-0.100000,-0.100000,-0.032252,0.342755,0.000000,-0.084447
0.848336,-0.100000,-0.100000,-0.032353,0.342349,0.000000,-0.084446
0.848316,-0.100000,-0.100000,-0.032453,0.341943,0.000000,-0.084444
0.848297,-0.100000,-0.100000,-0.032554,0.341537,0.000000,-0.084442
0.848277,-0.100000,-0.100000,-0.032654,0.341132,0.000000,-0.084440
0.848257,-0.100000,-0.100000,-0.032755,0.340727,0.000000,-0.084439
0.848238,-0.100000,-0.100000,-0.032855,0.340323,0.000000,-0.084437
0.848218,-0.100000,-0.100000,-0.032955,0.339919,0.000000,-0.084435
0.848198,-0.100000,-0.100000,-0.033056,0.339515,0.000000,-0.084433
0.848178,-0.100000,-0.100000,-0.033156,0.339112,0.000000,-0.084432
0.848159,-0.100000,-0.100000,-0.033256,0.338709,0.000000,-0.084430
0.848139,-0.100000,-0.100000,-0.033356,0.338306,0.000000,-0.084428
0.848119,-0.100000,-0.100000,-0.033455,0.337903,0.000000,-0.084427
0.848100,-0.100000,-0.100000,-0.033555,0.337501,0.000000,-0.084425
0.848080,-0.100000,-0.100000,-0.033655,0.337100,0.000000,-0.084423
0.848060,-0.100000,-0.100000,-0.033755,0.336698,0.000000,-0.084421
0.848040,-0.100000,-0.100000,-0.033854,0.336297,0.000000,-0.084420
0.848021,-0.100000,-0.100000,-0.033954,0.335897,0.000000,-0.084418
0.848001,-0.100000,-0.100000,-0.034053,0.335496,0.000000,-0.084416
0.847981,-0.100000,-0.100000,-0.034152,0.335097,0.000000,-0.084415
0.847961,-0.100000,-0.100000,-0.034252,0.334697,0.000000,-0.084413
0.847942,-0.100000,-0.100000,-0.034351,0.334298,0.000000,-0.084411
0.847922,-0.100000,-0.100000,-0.034450,0.333899,0.000000,-0.084409
0.847902,-0.100000,-0.100000,-0.034549,0.333500,0.000000,-0.084408
0.847883,-0.100000,-0.100000,-0.034648,0.333102,0.000000,-0.084406
0.847863,-0.100000,-0.100000,-0.034747,0.332704,0.000000,-0.084404
0.847843,-0.100000,-0.100000,-0.034845,0.332306,0.000000,-0.084402
0.847823,-0.100000,-0.100000,-0.034944,0.331909,0.000000,-0.084401
0.847804,-0.100000,-0.100000,-0.035043,0.331512,0.000000,-0.084399
0.847784,-0.100000,-0.100000,-0.035141,0.331116,0.000000,-0.084397
0.847764,-0.100000,-0.100000,-0.035240,0.330720,0.000000,-0.084395
0.847745,-0.100000,-0.100000,-0.035338,0.330324,0.000000,-0.084394
0.847725,-0.100000,-0.100000,-0.035437,0.329929,0.000000,-0.084392
0.847705,-0.100000,-0.100000,-0.035535,0.329533,0.000000,-0.084390
0.847685,-0.100000,-0.100000,-0.035633,0.329139,0.000000,-0.084389
0.847666,-0.100000,-0.100000,-0.035731,0.328744,0.000000,-0.084387
0.847646,-0.100000,-0.100000,-0.035829,0.328350,0.000000,-0.084385
0.847626,-0.100000,-0.100000,-0.035927,0.327956,0.000000,-0.084383
0.847606,-0.100000,-0.100000,-0.036025,0.327563,0.000000,-0.084381
0.847587,-0.100000,-0.100000,-0.036123,0.327170,0.000000,-0.084380
0.847567,-0.100000,-0.100000,-0.036221,0.326777,0.000000,-0.084378
0.847547,-0.100000,-0.100000,-0.036318,0.326385,0.000000,-0.084376
0.847528,-0.100000,-0.100000,-0.036416,0.325993,0.000000,-0.084374
0.847508,-0.100000,-0.100000,-0.036513,0.325602,0.000000,-0.084372
0.847488,-0.100000,-0.100000,-0.036611,0.325210,0.000000,-0.084369
0.847468,-0.100000,-0.100000,-0.036708,0.324820,0.000000,-0.084368
0.847449,-0.100000,-0.100000,-0.036805,0.324429,0.000000,-0.084366
0.847429,-0.100000,-0.100000,-0.036903,0.324039,0.000000,-0.084363
0.847409,-0.100000,-0.100000,-0.037000,0.323649,0.000000,-0.084362
0.847390,-0.100000,-0.100000,-0.037097,0.323260,0.000000,-0.084360
0.847370,-0.100000,-0.100000,-0.037194,0.322871,0.000000,-0.084358
0.847350,-0.100000,-0.100000,-0.037291,0.322482,0.000000,-0.084356
0.847331,-0.100000,-0.100000,-0.037387,0.322094,0.000000,-0.084355
0.847311,-0.100000,-0.100000,-0.037484,0.321706,0.000000,-0.084353
0.847291,-0.100000,-0.100000,-0.037581,0.321318,0.000000,-0.084351
0.847271,-0.100000,-0.100000,-0.037677,0.320931,0.000000,-0.084350
0.847252,-0.100000,-0.100000,-0.037774,0.320544,0.000000,-0.084348
0.847232,-0.100000,-0.100000,-0.037870,0.320158,0.000000,-0.084347
0.847212,-0.100000,-0.100000,-0.037967,0.319772,0.000000,-0.084345
0.847192,-0.100000,-0.100000,-0.038063,0.319386,0.000000,-0.084343
0.847173,-0.100000,-0.100000,-0.038159,0.319000,0.000000,-0.084342
0.847153,-0.100000,-0.100000,-0.038255,0.318615,0.000000,-0.084340
0.847133,-0.100000,-0.100000,-0.038351,0.318231,0.000000,-0.084338
0.847114,-0.100000,-0.100000,-0.038447,0.317848,0.000000,-0.084335
0.847094,-0.100000,-0.100000,-0.038543,0.317466,0.000000,-0.084334
0.847074,-0.100000,-0.100000,-0.038639,0.317085,0.000000,-0.084332
0.847054,-0.100000,-0.100000,-0.038735,0.316704,0.000000,-0.084330
0.847035,-0.100000,-0.100000,-0.038830,0.316324,0.000000,-0.084329
0.847015,-0.100000,-0.100000,-0.038926,0.315944,0.000000,-0.084327
0.846995,-0.100000,-0.100000,-0.039021,0.315564,0.000000,-0.084326
0.846976,-0.100000,-0.100000,-0.039117,0.315184,0.000000,-0.084324
0.846956,-0.100000,-0.100000,-0.039212,0.314805,0.000000,-0.084322
0.846936,-0.100000,-0.100000,-0.039308,0.314427,0.000000,-0.084321
0.846917,-0.100000,-0.100000,-0.039403,0.314048,0.000000,-0.084319
0.846897,-0.100000,-0.100000,-0.039498,0.313670,0.000000,-0.084318
0.846877,-0.100000,-0.100000,-0.039593,0.313293,0.000000,-0.084316
0.846857,-0.100000,-0.100000,-0.039688,0.312916,0.000000,-0.084315
0.846838,-0.100000,-0.100000,-0.039783,0.312539,0.000000,-0.084313
0.846818,-0.100000,-0.100000,-0.039878,0.312162,0.000000,-0.084312
0.846798,-0.100000,-0.100000,-0.039972,0.311786,0.000000,-0.084310
0.846779,-0.100000,-0.100000,-0.040067,0.311411,0.000000,-0.084308
0.846759,-0.100000,-0.100000,-0.040162,0.311035,0.000000,-0.084307
0.846739,-0.100000,-0.100000,-0.040256,0.310660,0.000000,-0.084305
0.846719,-0.100000,-0.100000,-0.040351,0.310286,0.000000,-0.084304
0.846700,-0.100000,-0.100000,-0.040445,0.309911,0.000000,-0.084302
0.846680,-0.100000,-0.100000,-0.040539,0.309537,0.000000,-0.084300
0.846660,-0.100000,-0.100000,-0.040633,0.309164,0.000000,-0.084299
0.846641,-0.100000,-0.100000,-0.040728,0.308791,0.000000,-0.084297
0.846621,-0.100000,-0.100000,-0.040822,0.308418,0.000000,-0.084295
0.846601,-0.100000,-0.100000,-0.040916,0.308045,0.000000,-0.084294
0.846582,-0.100000,-0.100000,-0.041010,0.307673,0.000000,-0.084292
0.846562,-0.100000,-0.100000,-0.041103,0.307301,0.000000,-0.084290
0.846542,-0.100000,-0.100000,-0.041197,0.306929,0.000000,-0.084288
0.846522,-0.100000,-0.100000,-0.041291,0.306558,0.000000,-0.084287
0.846503,-0.100000,-0.100000,-0.041384,0.306187,0.000000,-0.084285
0.846483,-0.100000,-0.100000,-0.041478,0.305817,0.000000,-0.084283
0.846463,-0.100000,-0.100000,-0.041571,0.305447,0.000000,-0.084281
0.846443,-0.100000,-0.100000,-0.041665,0.305077,0.000000,-0.084280
0.846424,-0.100000,-0.100000,-0.041758,0.304707,0.000000,-0.084278
0.846404,-0.100000,-0.100000,-0.041851,0.304338,0.000000,-0.084276
0.846384,-0.100000,-0.100000,-0.041944,0.303969,0.000000,-0.084274
0.846365,-0.100000,-0.100000,-0.042037,0.303601,0.000000,-0.084273
0.846345,-0.100000,-0.100000,-0.042130,0.303232,0.000000,-0.084271
0.846325,-0.100000,-0.100000,-0.042223,0.302864,0.000000,-0.084269
0.846306,-0.100000,-0.100000,-0.042316,0.302497,0.000000,-0.084267
0.846286,-0.100000,-0.100000,-0.042409,0.302129,0.000000,-0.084266
0.846266,-0.100000,-0.100000,-0.042502,0.301762,0.000000,-0.084264
0.846246,-0.100000,-0.100000,-0.042594,0.301396,0.000000,-0.084262
0.846227,-0.100000,-0.100000,-0.042687,0.301029,0.000000,-0.084260
0.846207,-0.100000,-0.100000,-0.042779,0.300663,0.000000,-0.084259
0.846187,-0.100000,-0.100000,-0.042871,0.300298,0.000000,-0.084257
0.846168,-0.100000,-0.100000,-0.042964,0.299932,0.000000,-0.084255
0.846148,-0.100000,-0.100000,-0.043056,0.299567,0.000000,-0.084253
0.846128,-0.100000,-0.100000,-0.043148,0.299203,0.000000,-0.084252
0.846109,-0.100000,-0.100000,-0.043240,0.298838,0.000000,-0.084250
0.846089,-0.100000,-0.100000,-0.043332,0.298474,0.000000,-0.084248
0.846069,-0.100000,-0.100000,-0.043424,0.298110,0.000000,-0.084246
0.846049,-0.100000,-0.100000,-0.043516,0.297747,0.000000,-0.084244
0.846030,-0.100000,-0.100000,-0.043608,0.297383,0.000000,-0.084243
0.846010,-0.100000,-0.100000,-0.043699,0.297021,0.000000,-0.084241
0.845990,-0.100000,-0.100000,-0.043791,0.296658,0.000000,-0.084239
0.845971,-0.100000,-0.100000,-0.043882,0.296296,0.000000,-0.084238
0.845951,-0.100000,-0.100000,-0.043974,0.295934,0.000000,-0.084236
0.845931,-0.100000,-0.100000,-0.044065,0.295572,0.000000,-0.084234
0.845912,-0.100000,-0.100000,-0.044157,0.295211,0.000000,-0.084232
0.845892,-0.100000,-0.100000,-0.044248,0.294850,0.000000,-0.084231
0.845872,-0.100000,-0.100000,-0.044339,0.294489,0.000000,-0.084229
0.845852,-0.100000,-0.100000,-0.044430,0.294129,0.000000,-0.084227
0.845833,-0.100000,-0.100000,-0.044521,0.293769,0.000000,-0.084225
0.845813,-0.100000,-0.100000,-0.044612,0.293409,0.000000,-0.084224
0.845793,-0.100000,-0.100000,-0.044703,0.293049,0.000000,-0.084222
0.845774,-0.100000,-0.100000,-0.044794,0.292690,0.000000,-0.084220
0.845754,-0.100000,-0.100000,-0.044884,0.292332,0.000000,-0.084219
0.845734,-0.100000,-0.100000,-0.044975,0.291973,0.000000,-0.084217
0.845715,-0.100000,-0.100000,-0.045065,0.291615,0.000000,-0.084215
0.845695,-0.100000,-0.100000,-0.045156,0.291257,0.000000,-0.084213
0.845675,-0.100000,-0.100000,-0.045246,0.290899,0.000000,-0.084212
0.845655,-0.100000,-0.100000,-0.045336,0.290542,0.000000,-0.084210
0.845636,-0.100000,-0.100000,-0.045427,0.290185,0.000000,-0.084208
0.845616,-0.100000,-0.100000,-0.045517,0.289829,0.000000,-0.084207
0.845596,-0.100000,-0.100000,-0.045607,0.289472,0.000000,-0.084205
0.845577,-0.100000,-0.100000,-0.045697,0.289116,0.000000,-0.084203
0.845557,-0.100000,-0.100000,-0.045787,0.288761,0.000000,-0.084201
0.845537,-0.100000,-0.100000,-0.045877,0.288405,0.000000,-0.084200
0.845518,-0.100000,-0.100000,-0.045966,0.288050,0.000000,-0.084198
0.845498,-0.100000,-0.100000,-0.046056,0.287695,0.000000,-0.084196
0.845478,-0.100000,-0.100000,-0.046146,0.287341,0.000000,-0.084195
0.845458,-0.100000,-0.100000,-0.046235,0.286987,0.000000,-0.084193
0.845439,-0.100000,-0.100000,-0.046325,0.286633,0.000000,-0.084191
0.845419,-0.100000,-0.100000,-0.046414,0.286280,0.000000,-0.084189
0.845399,-0.100000,-0.100000,-0.046503,0.285927,0.000000,-0.084188
0.845380,-0.100000,-0.100000,-0.046593,0.285574,0.000000,-0.084186
0.845360,-0.100000,-0.100000,-0.046682,0.285221,0.000000,-0.084185
0.845340,-0.100000,-0.100000,-0.046771,0.284869,0.000000,-0.084183
0.845321,-0.100000,-0.100000,-0.046860,0.284517,0.000000,-0.084179
0.845301,-0.100000,-0.100000,-0.046949,0.284166,0.000000,-0.084177
0.845281,-0.100000,-0.100000,-0.047038,0.283815,0.000000,-0.084174
0.845262,-0.100000,-0.100000,-0.047126,0.283464,0.000000,-0.084172
0.845242,-0.100000,-0.100000,-0.047215,0.283113,0.000000,-0.084170
0.845222,-0.100000,-0.100000,-0.047304,0.282763,0.000000,-0.084168
0.845202,-0.100000,-0.100000,-0.047392,0.282413,0.000000,-0.084166
0.845183,-0.100000,-0.100000,-0.047481,0.282064,0.000000,-0.084164
0.845163,-0.100000,-0.100000,-0.047569,0.281714,0.000000,-0.084162
0.845143,-0.100000,-0.100000,-0.047657,0.281365,0.000000,-0.084160
0.845124,-0.100000,-0.100000,-0.047745,0.281017,0.000000,-0.084159
0.845104,-0.100000,-0.100000,-0.047834,0.280669,0.000000,-0.084157
0.845084,-0.100000,-0.100000,-0.047922,0.280321,0.000000,-0.084155
0.845065,-0.100000,-0.100000,-0.048010,0.279973,0.000000,-0.084154
0.845045,-0.100000,-0.100000,-0.048098,0.279626,0.000000,-0.084152
0.845025,-0.100000,-0.100000,-0.048185,0.279279,0.000000,-0.084151
0.845006,-0.100000,-0.100000,-0.048273,0.278932,0.000000,-0.084149
0.844986,-0.100000,-0.100000,-0.048361,0.278586,0.000000,-0.084148
0.844966,-0.100000,-0.100000,-0.048448,0.278240,0.000000,-0.084146
0.844946,-0.100000,-0.100000,-0.048536,0.277894,0.000000,-0.084144
0.844927,-0.100000,-0.100000,-0.048623,0.277549,0.000000,-0.084143
0.844907,-0.100000,-0.100000,-0.048711,0.277204,0.000000,-0.084141
0.844887,-0.100000,-0.100000,-0.048798,0.276859,0.000000,-0.084140
0.844868,-0.100000,-0.100000,-0.048885,0.276515,0.000000,-0.084138
0.844848,-0.100000,-0.100000,-0.048973,0.276171,0.000000,-0.084137
0.844828,-0.100000,-0.100000,-0.049060,0.275827,0.000000,-0.084135
0.844809,-0.100000,-0.100000,-0.049147,0.275484,0.000000,-0.084133
0.844789,-0.100000,-0.100000,-0.049234,0.275141,0.000000,-0.084132
0.844769,-0.100000,-0.100000,-0.049320,0.274798,0.000000,-0.084130
0.844750,-0.100000,-0.100000,-0.049407,0.274456,0.000000,-0.084129
0.844730,-0.100000,-0.100000,-0.049494,0.274114,0.000000,-0.084127
0.844710,-0.100000,-0.100000,-0.049580,0.273772,0.000000,-0.084125
0.844690,-0.100000,-0.100000,-0.049667,0.273430,0.000000,-0.084123
0.844671,-0.100000,-0.100000,-0.049753,0.273089,0.000000,-0.084122
0.844651,-0.100000,-0.100000,-0.049840,0.272748,0.000000,-0.084120
0.844631,-0.100000,-0.100000,-0.049926,0.272408,0.000000,-0.084118
0.844612,-0.100000,-0.100000,-0.050012,0.272067,0.000000,-0.084117
0.844592,-0.100000,-0.100000,-0.050098,0.271727,0.000000,-0.084115
0.844572,-0.100000,-0.100000,-0.050185,0.271388,0.000000,-0.084114
0.844553,-0.100000,-0.100000,-0.050271,0.271048,0.000000,-0.084112
0.844533,-0.100000,-0.100000,-0.050356,0.270709,0.000000,-0.084110
0.844513,-0.100000,-0.100000,-0.050442,0.270370,0.000000,-0.084108
0.844494,-0.100000,-0.100000,-0.050528,0.270032,0.000000,-0.084107
0.844474,-0.100000,-0.100000,-0.050614,0.269694,0.000000,-0.084105
0.844454,-0.100000,-0.100000,-0.050699,0.269356,0.000000,-0.084103
0.844435,-0.100000,-0.100000,-0.050785,0.269018,0.000000,-0.084101
0.844415,-0.100000,-0.100000,-0.050870,0.268681,0.000000,-0.084100
0.844395,-0.100000,-0.100000,-0.050956,0.268344,0.000000,-0.084098
0.844375,-0.100000,-0.100000,-0.051041,0.268007,0.000000,-0.084096
0.844356,-0.100000,-0.100000,-0.051126,0.267671,0.000000,-0.084094
0.844336,-0.100000,-0.100000,-0.051211,0.267335,0.000000,-0.084093
0.844316,-0.100000,-0.100000,-0.051297,0.266999,0.000000,-0.084091
0.844297,-0.100000,-0.100000,-0.051382,0.266663,0.000000,-0.084089
0.844277,-0.100000,-0.100000,-0.051466,0.266328,0.000000,-0.084088
0.844257,-0.100000,-0.100000,-0.051551,0.265993,0.000000,-0.084086
0.844238,-0.100000,-0.100000,-0.051636,0.265658,0.000000,-0.084084
0.844218,-0.100000,-0.100000,-0.051721,0.265324,0.000000,-0.084082
0.844198,-0.100000,-0.100000,-0.051805,0.264990,0.000000,-0.084081
0.844179,-0.100000,-0.100000,-0.051890,0.264656,0.000000,-0.084079
0.844159,-0.100000,-0.100000,-0.051974,0.264322,0.000000,-0.084077
0.844139,-0.100000,-0.100000,-0.052059,0.263989,0.000000,-0.084076
0.844120,-0.100000,-0.100000,-0.052143,0.263656,0.000000,-0.084074
0.844100,-0.100000,-0.100000,-0.052227,0.263323,0.000000,-0.084072
0.844080,-0.100000,-0.100000,-0.052311,0.262991,0.000000,-0.084071
0.844061,-0.100000,-0.100000,-0.052395,0.262659,0.000000,-0.084069
0.844041,-0.100000,-0.100000,-0.052479,0.262327,0.000000,-0.084067
0.844021,-0.100000,-0.100000,-0.052563,0.261995,0.000000,-0.084066
0.844002,-0.100000,-0.100000,-0.052647,0.261664,0.000000,-0.084064
0.843982,-0.100000,-0.100000,-0.052731,0.261333,0.000000,-0.084062
0.843962,-0.100000,-0.100000,-0.052815,0.261002,0.000000,-0.084060
0.843942,-0.100000,-0.100000,-0.052898,0.260672,0.000000,-0.084059
0.843923,-0.100000,-0.100000,-0.052982,0.260342,0.000000,-0.084057
0.843903,-0.100000,-0.100000,-0.053065,0.260012,0.000000,-0.084056
0.843884,-0.100000,-0.100000,-0.053149,0.259682,0.000000,-0.084054
0.843864,-0.100000,-0.100000,-0.053232,0.259353,0.000000,-0.084052
0.843844,-0.100000,-0.100000,-0.053315,0.259024,0.000000,-0.084050
0.843824,-0.100000,-0.100000,-0.053398,0.258696,0.000000,-0.084049
0.843805,-0.100000,-0.100000,-0.053481,0.258367,0.000000,-0.084047
0.843785,-0.100000,-0.100000,-0.053564,0.258039,0.000000,-0.084045
0.843765,-0.100000,-0.100000,-0.053647,0.257711,0.000000,-0.084044
0.843746,-0.100000,-0.100000,-0.053730,0.257384,0.000000,-0.084042
0.843726,-0.100000,-0.100000,-0.053813,0.257056,0.000000,-0.084040
0.843706,-0.100000,-0.100000,-0.053896,0.256730,0.000000,-0.084038
0.843687,-0.100000,-0.100000,-0.053978,0.256403,0.000000,-0.084037
0.843667,-0.100000,-0.100000,-0.054061,0.256077,0.000000,-0.084035
0.843647,-0.100000,-0.100000,-0.054143,0.255751,0.000000,-0.084033
0.843628,-0.100000,-0.100000,-0.054226,0.255425,0.000000,-0.084032
0.843608,-0.100000,-0.100000,-0.054308,0.255099,0.000000,-0.084028
0.843588,-0.100000,-0.100000,-0.054390,0.254774,0.000000,-0.084025
0.843569,-0.100000,-0.100000,-0.054472,0.254450,0.000000,-0.084023
0.843549,-0.100000,-0.100000,-0.054554,0.254125,0.000000,-0.084021
0.843529,-0.100000,-0.100000,-0.054636,0.253801,0.000000,-0.084019
0.843510,-0.100000,-0.100000,-0.054718,0.253477,0.000000,-0.084016
0.843490,-0.100000,-0.100000,-0.054800,0.253153,0.000000,-0.084014
0.843470,-0.100000,-0.100000,-0.054882,0.252830,0.000000,-0.084012
0.843451,-0.100000,-0.100000,-0.054964,0.252507,0.000000,-0.084011
0.843431,-0.100000,-0.100000,-0.055045,0.252184,0.000000,-0.084009
0.843411,-0.100000,-0.100000,-0.055127,0.251862,0.000000,-0.084007
0.843392,-0.100000,-0.100000,-0.055208,0.251540,0.000000,-0.084006
0.843372,-0.100000,-0.100000,-0.055290,0.251218,0.000000,-0.084004
0.843352,-0.100000,-0.100000,-0.055371,0.250897,0.000000,-0.084003
0.843333,-0.100000,-0.100000,-0.055452,0.250575,0.000000,-0.084001
0.843313,-0.100000,-0.100000,-0.055533,0.250255,0.000000,-0.083999
0.843293,-0.100000,-0.100000,-0.055614,0.249934,0.000000,-0.083998
0.843274,-0.100000,-0.100000,-0.055695,0.249614,0.000000,-0.083996
0.843254,-0.100000,-0.100000,-0.055776,0.249294,0.000000,-0.083995
0.843234,-0.100000,-0.100000,-0.055857,0.248974,0.000000,-0.083993
0.843214,-0.100000,-0.100000,-0.055938,0.248655,0.000000,-0.083992
0.843195,-0.100000,-0.100000,-0.056019,0.248336,0.000000,-0.083991
0.843175,-0.100000,-0.100000,-0.056099,0.248017,0.000000,-0.083989
0.843155,-0.100000,-0.100000,-0.056180,0.247699,0.000000,-0.083987
0.843136,-0.100000,-0.100000,-0.056260,0.247381,0.000000,-0.083986
0.843116,-0.100000,-0.100000,-0.056341,0.247063,0.000000,-0.083984
0.843097,-0.100000,-0.100000,-0.056421,0.246746,0.000000,-0.083983
0.843077,-0.100000,-0.100000,-0.056501,0.246429,0.000000,-0.083981
0.843057,-0.100000,-0.100000,-0.056581,0.246112,0.000000,-0.083979
0.843037,-0.100000,-0.100000,-0.056661,0.245795,0.000000,-0.083978
0.843018,-0.100000,-0.100000,-0.056741,0.245479,0.000000,-0.083976
0.842998,-0.100000,-0.100000,-0.056821,0.245163,0.000000,-0.083974
0.842978,-0.100000,-0.100000,-0.056901,0.244847,0.000000,-0.083973
0.842959,-0.100000,-0.100000,-0.056981,0.244532,0.000000,-0.083971
0.842939,-0.100000,-0.100000,-0.057061,0.244217,0.000000,-0.083970
0.842919,-0.100000,-0.100000,-0.057140,0.243902,0.000000,-0.083968
0.842900,-0.100000,-0.100000,-0.057220,0.243587,0.000000,-0.083966
0.842880,-0.100000,-0.100000,-0.057299,0.243273,0.000000,-0.083964
0.842860,-0.100000,-0.100000,-0.057379,0.242959,0.000000,-0.083963
0.842841,-0.100000,-0.100000,-0.057458,0.242645,0.000000,-0.083962
0.842821,-0.100000,-0.100000,-0.057537,0.242332,0.000000,-0.083961
0.842801,-0.100000,-0.100000,-0.057616,0.242019,0.000000,-0.083957
0.842782,-0.100000,-0.100000,-0.057695,0.241706,0.000000,-0.083955
0.842762,-0.100000,-0.100000,-0.057774,0.241393,0.000000,-0.083953
0.842742,-0.100000,-0.100000,-0.057853,0.241081,0.000000,-0.083951
0.842723,-0.100000,-0.100000,-0.057932,0.240769,0.000000,-0.083949
0.842703,-0.100000,-0.100000,-0.058011,0.240457,0.000000,-0.083947
0.842683,-0.100000,-0.100000,-0.058090,0.240145,0.000000,-0.083945
0.842664,-0.100000,-0.100000,-0.058168,0.239834,0.000000,-0.083943
0.842644,-0.100000,-0.100000,-0.058247,0.239523,0.000000,-0.083941
0.842624,-0.100000,-0.100000,-0.058325,0.239212,0.000000,-0.083939
0.842605,-0.100000,-0.100000,-0.058404,0.238902,0.000000,-0.083938
0.842585,-0.100000,-0.100000,-0.058482,0.238591,0.000000,-0.083936
0.842565,-0.100000,-0.100000,-0.058560,0.238281,0.000000,-0.083934
0.842546,-0.100000,-0.100000,-0.058638,0.237972,0.000000,-0.083932
0.842526,-0.100000,-0.100000,-0.058716,0.237662,0.000000,-0.083930
0.842506,-0.100000,-0.100000,-0.058795,0.237353,0.000000,-0.083929
0.842487,-0.100000,-0.100000,-0.058872,0.237044,0.000000,-0.083927
0.842467,-0.100000,-0.100000,-0.058950,0.236736,0.000000,-0.083926
0.842447,-0.100000,-0.100000,-0.059028,0.236427,0.000000,-0.083924
0.842428,-0.100000,-0.100000,-0.059106,0.236119,0.000000,-0.083923
0.842408,-0.100000,-0.100000,-0.059184,0.235811,0.000000,-0.083922
0.842388,-0.100000,-0.100000,-0.059261,0.235504,0.000000,-0.083920
0.842369,-0.100000,-0.100000,-0.059339,0.235197,0.000000,-0.083918
0.842349,-0.100000,-0.100000,-0.059416,0.234890,0.000000,-0.083917
0.842329,-0.100000,-0.100000,-0.059493,0.234583,0.000000,-0.083915
0.842310,-0.100000,-0.100000,-0.059571,0.234276,0.000000,-0.083914
0.842290,-0.100000,-0.100000,-0.059648,0.233970,0.000000,-0.083912
0.842270,-0.100000,-0.100000,-0.059725,0.233664,0.000000,-0.083911
0.842251,-0.100000,-0.100000,-0.059802,0.233359,0.000000,-0.083909
0.842231,-0.100000,-0.100000,-0.059879,0.233053,0.000000,-0.083908
0.842211,-0.100000,-0.100000,-0.059956,0.232748,0.000000,-0.083906
0.842192,-0.100000,-0.100000,-0.060033,0.232443,0.000000,-0.083905
0.842172,-0.100000,-0.100000,-0.060110,0.232139,0.000000,-0.083903
0.842152,-0.100000,-0.100000,-0.060186,0.231834,0.000000,-0.083902
0.842133,-0.100000,-0.100000,-0.060263,0.231530,0.000000,-0.083900
0.842113,-0.100000,-0.100000,-0.060339,0.231226,0.000000,-0.083899
0.842094,-0.100000,-0.100000,-0.060416,0.230923,0.000000,-0.083897
0.842074,-0.100000,-0.100000,-0.060492,0.230620,0.000000,-0.083896
0.842054,-0.100000,-0.100000,-0.060569,0.230317,0.000000,-0.083894
0.842035,-0.100000,-0.100000,-0.060645,0.230014,0.000000,-0.083892
0.842015,-0.100000,-0.100000,-0.060721,0.229712,0.000000,-0.083891
0.841995,-0.100000,-0.100000,-0.060797,0.229409,0.000000,-0.083889
0.841976,-0.100000,-0.100000,-0.060873,0.229108,0.000000,-0.083887
0.841956,-0.100000,-0.100000,-0.060949,0.228806,0.000000,-0.083886
0.841936,-0.100000,-0.100000,-0.061025,0.228505,0.000000,-0.083884
0.841917,-0.100000,-0.100000,-0.061101,0.228204,0.000000,-0.083883
0.841897,-0.100000,-0.100000,-0.061177,0.227903,0.000000,-0.083881
0.841877,-0.100000,-0.100000,-0.061252,0.227602,0.000000,-0.083879
0.841858,-0.100000,-0.100000,-0.061328,0.227302,0.000000,-0.083878
0.841838,-0.100000,-0.100000,-0.061403,0.227002,0.000000,-0.083876
0.841818,-0.100000,-0.100000,-0.061479,0.226702,0.000000,-0.083875
0.841799,-0.100000,-0.100000,-0.061554,0.226403,0.000000,-0.083873
0.841779,-0.100000,-0.100000,-0.061630,0.226104,0.000000,-0.083871
0.841759,-0.100000,-0.100000,-0.061705,0.225805,0.000000,-0.083870
0.841740,-0.100000,-0.100000,-0.061780,0.225506,0.000000,-0.083868
0.841720,-0.100000,-0.100000,-0.061855,0.225208,0.000000,-0.083866
0.841700,-0.100000,-0.100000,-0.061930,0.224909,0.000000,-0.083864
0.841681,-0.100000,-0.100000,-0.062005,0.224612,0.000000,-0.083863
0.841661,-0.100000,-0.100000,-0.062080,0.224314,0.000000,-0.083861
0.841641,-0.100000,-0.100000,-0.062155,0.224017,0.000000,-0.083860
0.841622,-0.100000,-0.100000,-0.062229,0.223720,0.000000,-0.083859
0.841602,-0.100000,-0.100000,-0.062304,0.223423,0.000000,-0.083856
0.841582,-0.100000,-0.100000,-0.062378,0.223126,0.000000,-0.083852
0.841563,-0.100000,-0.100000,-0.062453,0.222830,0.000000,-0.083850
0.841543,-0.100000,-0.100000,-0.062527,0.222534,0.000000,-0.083847
0.841523,-0.100000,-0.100000,-0.062602,0.222239,0.000000,-0.083845
0.841504,-0.100000,-0.100000,-0.062676,0.221943,0.000000,-0.083843
0.841484,-0.100000,-0.100000,-0.062750,0.221648,0.000000,-0.083841
0.841465,-0.100000,-0.100000,-0.062824,0.221353,0.000000,-0.083839
0.841445,-0.100000,-0.100000,-0.062898,0.221059,0.000000,-0.083837
0.841425,-0.100000,-0.100000,-0.062972,0.220764,0.000000,-0.083836
0.841406,-0.100000,-0.100000,-0.063046,0.220470,0.000000,-0.083834
0.841386,-0.100000,-0.100000,-0.063120,0.220177,0.000000,-0.083832
0.841366,-0.100000,-0.100000,-0.063194,0.219883,0.000000,-0.083830
0.841347,-0.100000,-0.100000,-0.063267,0.219590,0.000000,-0.083829
0.841327,-0.100000,-0.100000,-0.063341,0.219297,0.000000,-0.083827
0.841307,-0.100000,-0.100000,-0.063414,0.219004,0.000000,-0.083826
0.841288,-0.100000,-0.100000,-0.063488,0.218712,0.000000,-0.083824
0.841268,-0.100000,-0.100000,-0.063561,0.218420,0.000000,-0.083822
0.841248,-0.100000,-0.100000,-0.063635,0.218128,0.000000,-0.083821
0.841229,-0.100000,-0.100000,-0.063708,0.217837,0.000000,-0.083819
0.841209,-0.100000,-0.100000,-0.063781,0.217545,0.000000,-0.083817
0.841189,-0.100000,-0.100000,-0.063854,0.217254,0.000000,-0.083816
0.841170,-0.100000,-0.100000,-0.063927,0.216963,0.000000,-0.083814
0.841150,-0.100000,-0.100000,-0.064000,0.216673,0.000000,-0.083813
0.841130,-0.100000,-0.100000,-0.064073,0.216383,0.000000,-0.083811
0.841111,-0.100000,-0.100000,-0.064146,0.216093,0.000000,-0.083809
0.841091,-0.100000,-0.100000,-0.064218,0.215803,0.000000,-0.083808
0.841071,-0.100000,-0.100000,-0.064291,0.215514,0.000000,-0.083806
0.841052,-0.100000,-0.100000,-0.064364,0.215225,0.000000,-0.083805
0.841032,-0.100000,-0.100000,-0.064436,0.214936,0.000000,-0.083803
0.841013,-0.100000,-0.100000,-0.064508,0.214647,0.000000,-0.083801
0.840993,-0.100000,-0.100000,-0.064581,0.214359,0.000000,-0.083800
0.840973,-0.100000,-0.100000,-0.064653,0.214071,0.000000,-0.083798
0.840954,-0.100000,-0.100000,-0.064725,0.213783,0.000000,-0.083796
0.840934,-0.100000,-0.100000,-0.064797,0.213495,0.000000,-0.083794
0.840914,-0.100000,-0.100000,-0.064869,0.213208,0.000000,-0.083793
0.840895,-0.100000,-0.100000,-0.064941,0.212921,0.000000,-0.083791
0.840875,-0.100000,-0.100000,-0.065013,0.212634,0.000000,-0.083789
0.840855,-0.100000,-0.100000,-0.065084,0.212348,0.000000,-0.083787
0.840836,-0.100000,-0.100000,-0.065156,0.212061,0.000000,-0.083786
0.840816,-0.100000,-0.100000,-0.065227,0.211775,0.000000,-0.083784
0.840796,-0.100000,-0.100000,-0.065299,0.211490,0.000000,-0.083782
0.840777,-0.100000,-0.100000,-0.065370,0.211204,0.000000,-0.083781
0.840757,-0.100000,-0.100000,-0.065441,0.210919,0.000000,-0.083779
0.840737,-0.100000,-0.100000,-0.065512,0.210634,0.000000,-0.083777
0.840718,-0.100000,-0.100000,-0.065583,0.210349,0.000000,-0.083775
0.840698,-0.100000,-0.100000,-0.065654,0.210064,0.000000,-0.083774
0.840679,-0.100000,-0.100000,-0.065725,0.209780,0.000000,-0.083772
0.840659,-0.100000,-0.100000,-0.065796,0.209496,0.000000,-0.083770
0.840639,-0.100000,-0.100000,-0.065866,0.209212,0.000000,-0.083768
0.840620,-0.100000,-0.100000,-0.065937,0.208928,0.000000,-0.083767
0.840600,-0.100000,-0.100000,-0.066008,0.208645,0.000000,-0.083765
0.840580,-0.100000,-0.100000,-0.066078,0.208362,0.000000,-0.083763
0.840561,-0.100000,-0.100000,-0.066149,0.208079,0.000000,-0.083761
0.840541,-0.100000,-0.100000,-0.066219,0.207796,0.000000,-0.083760
0.840521,-0.100000,-0.100000,-0.066289,0.207514,0.000000,-0.083758
0.840502,-0.100000,-0.100000,-0.066360,0.207232,0.000000,-0.083757
0.840482,-0.100000,-0.100000,-0.066430,0.206950,0.000000,-0.083755
0.840462,-0.100000,-0.100000,-0.066500,0.206668,0.000000,-0.083753
0.840443,-0.100000,-0.100000,-0.066570,0.206387,0.000000,-0.083751
0.840423,-0.100000,-0.100000,-0.066640,0.206106,0.000000,-0.083750
0.840403,-0.100000,-0.100000,-0.066710,0.205825,0.000000,-0.083748
0.840384,-0.100000,-0.100000,-0.066779,0.205544,0.000000,-0.083746
0.840364,-0.100000,-0.100000,-0.066849,0.205264,0.000000,-0.083745
0.840345,-0.100000,-0.100000,-0.066919,0.204984,0.000000,-0.083743
0.840325,-0.100000,-0.100000,-0.066988,0.204704,0.000000,-0.083741
0.840305,-0.100000,-0.100000,-0.067058,0.204424,0.000000,-0.083740
0.840286,-0.100000,-0.100000,-0.067127,0.204145,0.000000,-0.083738
0.840266,-0.100000,-0.100000,-0.067197,0.203865,0.000000,-0.083736
0.840246,-0.100000,-0.100000,-0.067266,0.203586,0.000000,-0.083734
0.840227,-0.100000,-0.100000,-0.067335,0.203308,0.000000,-0.083733
0.840207,-0.100000,-0.100000,-0.067404,0.203029,0.000000,-0.083731
0.840187,-0.100000,-0.100000,-0.067473,0.202751,0.000000,-0.083729
0.840168,-0.100000,-0.100000,-0.067542,0.202473,0.000000,-0.083728
0.840148,-0.100000,-0.100000,-0.067611,0.202195,0.000000,-0.083726
0.840128,-0.100000,-0.100000,-0.067680,0.201918,0.000000,-0.083724
0.840109,-0.100000,-0.100000,-0.067749,0.201641,0.000000,-0.083722
0.840089,-0.100000,-0.100000,-0.067818,0.201364,0.000000,-0.083720
0.840070,-0.100000,-0.100000,-0.067886,0.201087,0.000000,-0.083719
0.840050,-0.100000,-0.100000,-0.067955,0.200811,0.000000,-0.083716
0.840030,-0.100000,-0.100000,-0.068023,0.200534,0.000000,-0.083714
0.840011,-0.100000,-0.100000,-0.068092,0.200258,0.000000,-0.083712
0.839991,-0.100000,-0.100000,-0.068160,0.199983,0.000000,-0.083710
0.839971,-0.100000,-0.100000,-0.068228,0.199707,0.000000,-0.083708
0.839952,-0.100000,-0.100000,-0.068297,0.199432,0.000000,-0.083706
0.839932,-0.100000,-0.100000,-0.068365,0.199157,0.000000,-0.083705
0.839912,-0.100000,-0.100000,-0.068433,0.198883,0.000000,-0.083703
0.839893,-0.100000,-0.100000,-0.068501,0.198608,0.000000,-0.083701
0.839873,-0.100000,-0.100000,-0.068569,0.198334,0.000000,-0.083700
0.839854,-0.100000,-0.100000,-0.068636,0.198060,0.000000,-0.083698
0.839834,-0.100000,-0.100000,-0.068704,0.197786,0.000000,-0.083696
0.839814,-0.100000,-0.100000,-0.068772,0.197513,0.000000,-0.083694
0.839795,-0.100000,-0.100000,-0.068840,0.197240,0.000000,-0.083693
0.839775,-0.100000,-0.100000,-0.068907,0.196967,0.000000,-0.083691
0.839755,-0.100000,-0.100000,-0.068975,0.196694,0.000000,-0.083690
0.839736,-0.100000,-0.100000,-0.069042,0.196422,0.000000,-0.083686
0.839716,-0.100000,-0.100000,-0.069109,0.196150,0.000000,-0.083684
0.839696,-0.100000,-0.100000,-0.069176,0.195878,0.000000,-0.083683
0.839677,-0.100000,-0.100000,-0.069244,0.195606,0.000000,-0.083681
0.839657,-0.100000,-0.100000,-0.069311,0.195335,0.000000,-0.083679
0.839638,-0.100000,-0.100000,-0.069378,0.195064,0.000000,-0.083678
0.839618,-0.100000,-0.100000,-0.069445,0.194793,0.000000,-0.083676
0.839598,-0.100000,-0.100000,-0.069512,0.194523,0.000000,-0.083675
0.839579,-0.100000,-0.100000,-0.069578,0.194252,0.000000,-0.083673
0.839559,-0.100000,-0.100000,-0.069645,0.193982,0.000000,-0.083671
0.839539,-0.100000,-0.100000,-0.069712,0.193713,0.000000,-0.083670
0.839520,-0.100000,-0.100000,-0.069778,0.193443,0.000000,-0.083668
0.839500,-0.100000,-0.100000,-0.069845,0.193174,0.000000,-0.083667
0.839481,-0.100000,-0.100000,-0.069911,0.192905,0.000000,-0.083665
0.839461,-0.100000,-0.100000,-0.069978,0.192636,0.000000,-0.083664
0.839441,-0.100000,-0.100000,-0.070044,0.192368,0.000000,-0.083662
0.839422,-0.100000,-0.100000,-0.070110,0.192100,0.000000,-0.083661
0.839402,-0.100000,-0.100000,-0.070176,0.191832,0.000000,-0.083659
0.839382,-0.100000,-0.100000,-0.070242,0.191564,0.000000,-0.083658
0.839363,-0.100000,-0.100000,-0.070309,0.191297,0.000000,-0.083656
0.839343,-0.100000,-0.100000,-0.070374,0.191029,0.000000,-0.083655
0.839323,-0.100000,-0.100000,-0.070440,0.190763,0.000000,-0.083653
0.839304,-0.100000,-0.100000,-0.070506,0.190496,0.000000,-0.083651
0.839284,-0.100000,-0.100000,-0.070572,0.190230,0.000000,-0.083650
0.839264,-0.100000,-0.100000,-0.070637,0.189963,0.000000,-0.083648
0.839245,-0.100000,-0.100000,-0.070703,0.189697,0.000000,-0.083646
0.839225,-0.100000,-0.100000,-0.070769,0.189432,0.000000,-0.083645
0.839206,-0.100000,-0.100000,-0.070834,0.189167,0.000000,-0.083643
0.839186,-0.100000,-0.100000,-0.070899,0.188901,0.000000,-0.083642
0.839166,-0.100000,-0.100000,-0.070965,0.188637,0.000000,-0.083640
0.839147,-0.100000,-0.100000,-0.071030,0.188372,0.000000,-0.083638
0.839127,-0.100000,-0.100000,-0.071095,0.188108,0.000000,-0.083636
0.839108,-0.100000,-0.100000,-0.071160,0.187843,0.000000,-0.083635
0.839088,-0.100000,-0.100000,-0.071225,0.187579,0.000000,-0.083633
0.839068,-0.100000,-0.100000,-0.071290,0.187316,0.000000,-0.083631
0.839049,-0.100000,-0.100000,-0.071355,0.187052,0.000000,-0.083630
0.839029,-0.100000,-0.100000,-0.071420,0.186789,0.000000,-0.083628
0.839009,-0.100000,-0.100000,-0.071484,0.186526,0.000000,-0.083626
0.838990,-0.100000,-0.100000,-0.071549,0.186263,0.000000,-0.083625
0.838970,-0.100000,-0.100000,-0.071613,0.186001,0.000000,-0.083623
0.838950,-0.100000,-0.100000,-0.071678,0.185739,0.000000,-0.083621
0.838931,-0.100000,-0.100000,-0.071742,0.185477,0.000000,-0.083619
0.838911,-0.100000,-0.100000,-0.071807,0.185215,0.000000,-0.083618
0.838892,-0.100000,-0.100000,-0.071871,0.184953,0.000000,-0.083616
0.838872,-0.100000,-0.100000,-0.071935,0.184692,0.000000,-0.083614
0.838852,-0.100000,-0.100000,-0.071999,0.184431,0.000000,-0.083613
0.838833,-0.100000,-0.100000,-0.072063,0.184170,0.000000,-0.083611
0.838813,-0.100000,-0.100000,-0.072127,0.183909,0.000000,-0.083609
0.838794,-0.100000,-0.100000,-0.072191,0.183649,0.000000,-0.083607
0.838774,-0.100000,-0.100000,-0.072255,0.183388,0.000000,-0.083606
0.838754,-0.100000,-0.100000,-0.072319,0.183128,0.000000,-0.083604
0.838735,-0.100000,-0.100000,-0.072382,0.182869,0.000000,-0.083602
0.838715,-0.100000,-0.100000,-0.072446,0.182609,0.000000,-0.083601
0.838695,-0.100000,-0.100000,-0.072509,0.182350,0.000000,-0.083599
0.838676,-0.100000,-0.100000,-0.072573,0.182091,0.000000,-0.083597
0.838656,-0.100000,-0.100000,-0.072636,0.181832,0.000000,-0.083595
0.838636,-0.100000,-0.100000,-0.072700,0.181573,0.000000,-0.083594
0.838617,-0.100000,-0.100000,-0.072763,0.181314,0.000000,-0.083592
0.838597,-0.100000,-0.100000,-0.072826,0.181056,0.000000,-0.083590
0.838578,-0.100000,-0.100000,-0.072889,0.180798,0.000000,-0.083589
0.838558,-0.100000,-0.100000,-0.072952,0.180540,0.000000,-0.083587
0.838538,-0.100000,-0.100000,-0.073015,0.180283,0.000000,-0.083585
0.838519,-0.100000,-0.100000,-0.073078,0.180025,0.000000,-0.083584
0.838499,-0.100000,-0.100000,-0.073141,0.179768,0.000000,-0.083582
0.838479,-0.100000,-0.100000,-0.073203,0.179511,0.000000,-0.083580
0.838460,-0.100000,-0.100000,-0.073266,0.179255,0.000000,-0.083578
0.838440,-0.100000,-0.100000,-0.073329,0.178998,0.000000,-0.083577
0.838421,-0.100000,-0.100000,-0.073391,0.178742,0.000000,-0.083575
0.838401,-0.100000,-0.100000,-0.073454,0.178486,0.000000,-0.083573
0.838381,-0.100000,-0.100000,-0.073516,0.178230,0.000000,-0.083572
0.838362,-0.100000,-0.100000,-0.073578,0.177974,0.000000,-0.083570
0.838342,-0.100000,-0.100000,-0.073640,0.177719,0.000000,-0.083568
0.838323,-0.100000,-0.100000,-0.073703,0.177464,0.000000,-0.083566
0.838303,-0.100000,-0.100000,-0.073765,0.177209,0.000000,-0.083565
0.838283,-0.100000,-0.100000,-0.073827,0.176954,0.000000,-0.083563
0.838264,-0.100000,-0.100000,-0.073888,0.176699,0.000000,-0.083561
0.838244,-0.100000,-0.100000,-0.073950,0.176445,0.000000,-0.083560
0.838224,-0.100000,-0.100000,-0.074012,0.176191,0.000000,-0.083558
0.838205,-0.100000,-0.100000,-0.074074,0.175937,0.000000,-0.083556
0.838185,-0.100000,-0.100000,-0.074135,0.175683,0.000000,-0.083555
0.838165,-0.100000,-0.100000,-0.074197,0.175430,0.000000,-0.083553
0.838146,-0.100000,-0.100000,-0.074258,0.175177,0.000000,-0.083551
0.838126,-0.100000,-0.100000,-0.074320,0.174924,0.000000,-0.083549
0.838107,-0.100000,-0.100000,-0.074381,0.174671,0.000000,-0.083548
0.838087,-0.100000,-0.100000,-0.074442,0.174418,0.000000,-0.083546
0.838067,-0.100000,-0.100000,-0.074504,0.174166,0.000000,-0.083544
0.838048,-0.100000,-0.100000,-0.074565,0.173914,0.000000,-0.083543
0.838028,-0.100000,-0.100000,-0.074626,0.173662,0.000000,-0.083541
0.838009,-0.100000,-0.100000,-0.074687,0.173411,0.000000,-0.083539
0.837989,-0.100000,-0.100000,-0.074748,0.173159,0.000000,-0.083538
0.837969,-0.100000,-0.100000,-0.074808,0.172908,0.000000,-0.083537
0.837950,-0.100000,-0.100000,-0.074869,0.172657,0.000000,-0.083534
0.837930,-0.100000,-0.100000,-0.074930,0.172407,0.000000,-0.083531
0.837910,-0.100000,-0.100000,-0.074990,0.172156,0.000000,-0.083528
0.837891,-0.100000,-0.100000,-0.075051,0.171906,0.000000,-0.083526
0.837871,-0.100000,-0.100000,-0.075111,0.171656,0.000000,-0.083523
0.837852,-0.100000,-0.100000,-0.075172,0.171406,0.000000,-0.083521
0.837832,-0.100000,-0.100000,-0.075232,0.171157,0.000000,-0.083519
0.837812,-0.100000,-0.100000,-0.075292,0.170907,0.000000,-0.083517
0.837793,-0.100000,-0.100000,-0.075352,0.170658,0.000000,-0.083515
0.837773,-0.100000,-0.100000,-0.075412,0.170409,0.000000,-0.083513
0.837754,-0.100000,-0.100000,-0.075472,0.170161,0.000000,-0.083512
0.837734,-0.100000,-0.100000,-0.075532,0.169912,0.000000,-0.083510
0.837714,-0.100000,-0.100000,-0.075592,0.169664,0.000000,-0.083508
0.837695,-0.100000,-0.100000,-0.075652,0.169416,0.000000,-0.083507
0.837675,-0.100000,-0.100000,-0.075712,0.169169,0.000000,-0.083505
0.837655,-0.100000,-0.100000,-0.075771,0.168921,0.000000,-0.083503
0.837636,-0.100000,-0.100000,-0.075831,0.168674,0.000000,-0.083502
0.837616,-0.100000,-0.100000,-0.075890,0.168427,0.000000,-0.083500
0.837597,-0.100000,-0.100000,-0.075950,0.168180,0.000000,-0.083499
0.837577,-0.100000,-0.100000,-0.076009,0.167934,0.000000,-0.083497
0.837557,-0.100000,-0.100000,-0.076068,0.167688,0.000000,-0.083495
0.837538,-0.100000,-0.100000,-0.076128,0.167442,0.000000,-0.083494
0.837518,-0.100000,-0.100000,-0.076187,0.167196,0.000000,-0.083492
0.837499,-0.100000,-0.100000,-0.076246,0.166950,0.000000,-0.083491
0.837479,-0.100000,-0.100000,-0.076305,0.166705,0.000000,-0.083489
0.837459,-0.100000,-0.100000,-0.076364,0.166460,0.000000,-0.083487
0.837440,-0.100000,-0.100000,-0.076422,0.166215,0.000000,-0.083486
0.837420,-0.100000,-0.100000,-0.076481,0.165970,0.000000,-0.083484
0.837400,-0.100000,-0.100000,-0.076540,0.165726,0.000000,-0.083483
0.837381,-0.100000,-0.100000,-0.076598,0.165482,0.000000,-0.083481
0.837361,-0.100000,-0.100000,-0.076657,0.165238,0.000000,-0.083479
0.837342,-0.100000,-0.100000,-0.076715,0.164994,0.000000,-0.083478
0.837322,-0.100000,-0.100000,-0.076774,0.164750,0.000000,-0.083476
0.837302,-0.100000,-0.100000,-0.076832,0.164507,0.000000,-0.083474
0.837283,-0.100000,-0.100000,-0.076890,0.164264,0.000000,-0.083472
0.837263,-0.100000,-0.100000,-0.076948,0.164021,0.000000,-0.083471
0.837246,-0.100000,-0.100000,-0.077006,0.163778,0.000000,-0.083469
0.837226,-0.100000,-0.100000,-0.077064,0.163535,0.000000,-0.083467
0.837207,-0.100000,-0.100000,-0.077122,0.163293,0.000000,-0.083466
0.837187,-0.100000,-0.100000,-0.077180,0.163051,0.000000,-0.083464
0.837168,-0.100000,-0.100000,-0.077238,0.162809,0.000000,-0.083462
0.837148,-0.100000,-0.100000,-0.077296,0.162568,0.000000,-0.083460
0.837129,-0.100000,-0.100000,-0.077353,0.162326,0.000000,-0.083459
0.837109,-0.100000,-0.100000,-0.077411,0.162085,0.000000,-0.083457
0.837089,-0.100000,-0.100000,-0.077468,0.161844,0.000000,-0.083455
0.837070,-0.100000,-0.100000,-0.077526,0.161603,0.000000,-0.083453
0.837050,-0.100000,-0.100000,-0.077583,0.161363,0.000000,-0.083452
0.837031,-0.100000,-0.100000,-0.077640,0.161122,0.000000,-0.083450
0.837011,-0.100000,-0.100000,-0.077698,0.160882,0.000000,-0.083448
0.836991,-0.100000,-0.100000,-0.077755,0.160642,0.000000,-0.083447
0.836972,-0.100000,-0.100000,-0.077812,0.160402,0.000000,-0.083445
0.836952,-0.100000,-0.100000,-0.077869,0.160163,0.000000,-0.083443
0.836932,-0.100000,-0.100000,-0.077926,0.159924,0.000000,-0.083441
0.836913,-0.100000,-0.100000,-0.077983,0.159684,0.000000,-0.083440
0.836893,-0.100000,-0.100000,-0.078039,0.159445,0.000000,-0.083438
0.836874,-0.100000,-0.100000,-0.078096,0.159207,0.000000,-0.083436
0.836854,-0.100000,-0.100000,-0.078153,0.158968,0.000000,-0.083434
0.836834,-0.100000,-0.100000,-0.078209,0.158730,0.000000,-0.083433
0.836815,-0.100000,-0.100000,-0.078266,0.158492,0.000000,-0.083431
0.836795,-0.100000,-0.100000,-0.078322,0.158254,0.000000,-0.083429
0.836776,-0.100000,-0.100000,-0.078378,0.158016,0.000000,-0.083428
0.836756,-0.100000,-0.100000,-0.078434,0.157779,0.000000,-0.083426
0.836737,-0.100000,-0.100000,-0.078491,0.157541,0.000000,-0.083424
0.836717,-0.100000,-0.100000,-0.078547,0.157304,0.000000,-0.083423
0.836697,-0.100000,-0.100000,-0.078603,0.157067,0.000000,-0.083421
0.836678,-0.100000,-0.100000,-0.078659,0.156831,0.000000,-0.083419
0.836658,-0.100000,-0.100000,-0.078714,0.156594,0.000000,-0.083417
0.836638,-0.100000,-0.100000,-0.078770,0.156358,0.000000,-0.083416
0.836619,-0.100000,-0.100000,-0.078826,0.156122,0.000000,-0.083414
0.836599,-0.100000,-0.100000,-0.078882,0.155886,0.000000,-0.083413
0.836580,-0.100000,-0.100000,-0.078937,0.155650,0.000000,-0.083411
0.836560,-0.100000,-0.100000,-0.078993,0.155415,0.000000,-0.083409
0.836540,-0.100000,-0.100000,-0.079048,0.155179,0.000000,-0.083407
0.836521,-0.100000,-0.100000,-0.079103,0.154944,0.000000,-0.083406
0.836501,-0.100000,-0.100000,-0.079159,0.154710,0.000000,-0.083404
0.836482,-0.100000,-0.100000,-0.079214,0.154475,0.000000,-0.083402
0.836462,-0.100000,-0.100000,-0.079269,0.154241,0.000000,-0.083400
0.836442,-0.100000,-0.100000,-0.079324,0.154006,0.000000,-0.083399
0.836423,-0.100000,-0.100000,-0.079379,0.153772,0.000000,-0.083397
0.836403,-0.100000,-0.100000,-0.079434,0.153539,0.000000,-0.083395
0.836384,-0.100000,-0.100000,-0.079489,0.153305,0.000000,-0.083393
0.836364,-0.100000,-0.100000,-0.079544,0.153072,0.000000,-0.083391
0.836344,-0.100000,-0.100000,-0.079598,0.152839,0.000000,-0.083389
0.836325,-0.100000,-0.100000,-0.079653,0.152606,0.000000,-0.083387
0.836305,-0.100000,-0.100000,-0.079707,0.152373,0.000000,-0.083385
0.836286,-0.100000,-0.100000,-0.079762,0.152140,0.000000,-0.083383
0.836266,-0.100000,-0.100000,-0.079816,0.151908,0.000000,-0.083381
0.836246,-0.100000,-0.100000,-0.079871,0.151676,0.000000,-0.083379
0.836227,-0.100000,-0.100000,-0.079925,0.151444,0.000000,-0.083377
0.836207,-0.100000,-0.100000,-0.079979,0.151213,0.000000,-0.083376
0.836188,-0.100000,-0.100000,-0.080033,0.150981,0.000000,-0.083374
0.836168,-0.100000,-0.100000,-0.080087,0.150750,0.000000,-0.083372
0.836148,-0.100000,-0.100000,-0.080141,0.150519,0.000000,-0.083371
0.836129,-0.100000,-0.100000,-0.080195,0.150288,0.000000,-0.083369
0.836109,-0.100000,-0.100000,-0.080249,0.150058,0.000000,-0.083367
0.836090,-0.100000,-0.100000,-0.080302,0.149827,0.000000,-0.083366
0.836070,-0.100000,-0.100000,-0.080356,0.149597,0.000000,-0.083364
0.836050,-0.100000,-0.100000,-0.080410,0.149367,0.000000,-0.083363
0.836031,-0.100000,-0.100000,-0.080463,0.149138,0.000000,-0.083361
0.836011,-0.100000,-0.100000,-0.080516,0.148908,0.000000,-0.083359
0.835992,-0.100000,-0.100000,-0.080570,0.148679,0.000000,-0.083358
0.835972,-0.100000,-0.100000,-0.080623,0.148450,0.000000,-0.083354
0.835952,-0.100000,-0.100000,-0.080676,0.148221,0.000000,-0.083353
0.835933,-0.100000,-0.100000,-0.080729,0.147993,0.000000,-0.083351
0.835913,-0.100000,-0.100000,-0.080782,0.147765,0.000000,-0.083349
0.835894,-0.100000,-0.100000,-0.080835,0.147537,0.000000,-0.083348
0.835874,-0.100000,-0.100000,-0.080888,0.147309,0.000000,-0.083346
0.835854,-0.100000,-0.100000,-0.080941,0.147081,0.000000,-0.083344
0.835835,-0.100000,-0.100000,-0.080994,0.146854,0.000000,-0.083342
0.835815,-0.100000,-0.100000,-0.081047,0.146626,0.000000,-0.083341
0.835796,-0.100000,-0.100000,-0.081099,0.146399,0.000000,-0.083339
0.835776,-0.100000,-0.100000,-0.081152,0.146173,0.000000,-0.083337
0.835756,-0.100000,-0.100000,-0.081204,0.145946,0.000000,-0.083336
0.835737,-0.100000,-0.100000,-0.081257,0.145720,0.000000,-0.083334
0.835717,-0.100000,-0.100000,-0.081309,0.145494,0.000000,-0.083332
0.835698,-0.100000,-0.100000,-0.081361,0.145268,0.000000,-0.083331
0.835678,-0.100000,-0.100000,-0.081413,0.145042,0.000000,-0.083329
0.835658,-0.100000,-0.100000,-0.081465,0.144817,0.000000,-0.083328
0.835639,-0.100000,-0.100000,-0.081517,0.144591,0.000000,-0.083326
0.835619,-0.100000,-0.100000,-0.081569,0.144366,0.000000,-0.083324
0.835600,-0.100000,-0.100000,-0.081621,0.144142,0.000000,-0.083323
0.835580,-0.100000,-0.100000,-0.081673,0.143917,0.000000,-0.083321
0.835561,-0.100000,-0.100000,-0.081725,0.143693,0.000000,-0.083320
0.835541,-0.100000,-0.100000,-0.081776,0.143469,0.000000,-0.083318
0.835521,-0.100000,-0.100000,-0.081828,0.143245,0.000000,-0.083316
0.835502,-0.100000,-0.100000,-0.081880,0.143021,0.000000,-0.083315
0.835482,-0.100000,-0.100000,-0.081931,0.142797,0.000000,-0.083313
0.835463,-0.100000,-0.100000,-0.081982,0.142574,0.000000,-0.083311
0.835443,-0.100000,-0.100000,-0.082034,0.142351,0.000000,-0.083310
0.835423,-0.100000,-0.100000,-0.082085,0.142128,0.000000,-0.083308
0.835404,-0.100000,-0.100000,-0.082136,0.141905,0.000000,-0.083306
0.835384,-0.100000,-0.100000,-0.082187,0.141683,0.000000,-0.083304
0.835365,-0.100000,-0.100000,-0.082238,0.141461,0.000000,-0.083303
0.835345,-0.100000,-0.100000,-0.082289,0.141239,0.000000,-0.083301
0.835325,-0.100000,-0.100000,-0.082340,0.141017,0.000000,-0.083299
0.835306,-0.100000,-0.100000,-0.082391,0.140795,0.000000,-0.083298
0.835286,-0.100000,-0.100000,-0.082441,0.140574,0.000000,-0.083296
0.835267,-0.100000,-0.100000,-0.082492,0.140352,0.000000,-0.083294
0.835247,-0.100000,-0.100000,-0.082542,0.140131,0.000000,-0.083292
0.835228,-0.100000,-0.100000,-0.082593,0.139911,0.000000,-0.083291
0.835208,-0.100000,-0.100000,-0.082643,0.139690,0.000000,-0.083289
0.835188,-0.100000,-0.100000,-0.082694,0.139469,0.000000,-0.083287
0.835169,-0.100000,-0.100000,-0.082744,0.139249,0.000000,-0.083285
0.835149,-0.100000,-0.100000,-0.082794,0.139029,0.000000,-0.083283
0.835130,-0.100000,-0.100000,-0.082844,0.138809,0.000000,-0.083282
0.835110,-0.100000,-0.100000,-0.082894,0.138589,0.000000,-0.083280
0.835090,-0.100000,-0.100000,-0.082944,0.138370,0.000000,-0.083278
0.835071,-0.100000,-0.100000,-0.082994,0.138151,0.000000,-0.083277
0.835051,-0.100000,-0.100000,-0.083044,0.137931,0.000000,-0.083275
0.835032,-0.100000,-0.100000,-0.083094,0.137712,0.000000,-0.083273
0.835012,-0.100000,-0.100000,-0.083143,0.137494,0.000000,-0.083271
0.834992,-0.100000,-0.100000,-0.083193,0.137275,0.000000,-0.083270
0.834973,-0.100000,-0.100000,-0.083242,0.137057,0.000000,-0.083268
0.834953,-0.100000,-0.100000,-0.083292,0.136839,0.000000,-0.083266
0.834934,-0.100000,-0.100000,-0.083341,0.136620,0.000000,-0.083265
0.834914,-0.100000,-0.100000,-0.083391,0.136403,0.000000,-0.083263
0.834894,-0.100000,-0.100000,-0.083440,0.136185,0.000000,-0.083261
0.834875,-0.100000,-0.100000,-0.083489,0.135968,0.000000,-0.083260
0.834855,-0.100000,-0.100000,-0.083538,0.135750,0.000000,-0.083258
0.834836,-0.100000,-0.100000,-0.083587,0.135533,0.000000,-0.083256
0.834816,-0.100000,-0.100000,-0.083636,0.135316,0.000000,-0.083254
0.834797,-0.100000,-0.100000,-0.083685,0.135100,0.000000,-0.083253
0.834777,-0.100000,-0.100000,-0.083734,0.134883,0.000000,-0.083251
0.834757,-0.100000,-0.100000,-0.083782,0.134667,0.000000,-0.083249
0.834738,-0.100000,-0.100000,-0.083831,0.134450,0.000000,-0.083247
0.834718,-0.100000,-0.100000,-0.083880,0.134234,0.000000,-0.083246
0.834699,-0.100000,-0.100000,-0.083928,0.134019,0.000000,-0.083244
0.834679,-0.100000,-0.100000,-0.083976,0.133803,0.000000,-0.083242
0.834660,-0.100000,-0.100000,-0.084025,0.133588,0.000000,-0.083241
0.834640,-0.100000,-0.100000,-0.084073,0.133372,0.000000,-0.083239
0.834620,-0.100000,-0.100000,-0.084121,0.133157,0.000000,-0.083237
0.834601,-0.100000,-0.100000,-0.084169,0.132942,0.000000,-0.083235
0.834581,-0.100000,-0.100000,-0.084217,0.132728,0.000000,-0.083234
0.834562,-0.100000,-0.100000,-0.084265,0.132513,0.000000,-0.083232
0.834542,-0.100000,-0.100000,-0.084313,0.132299,0.000000,-0.083230
0.834522,-0.100000,-0.100000,-0.084361,0.132085,0.000000,-0.083228
0.834503,-0.100000,-0.100000,-0.084409,0.131871,0.000000,-0.083227
0.834483,-0.100000,-0.100000,-0.084457,0.131657,0.000000,-0.083225
0.834464,-0.100000,-0.100000,-0.084504,0.131443,0.000000,-0.083224
0.834444,-0.100000,-0.100000,-0.084552,0.131230,0.000000,-0.083222
0.834425,-0.100000,-0.100000,-0.084599,0.131017,0.000000,-0.083220
0.834405,-0.100000,-0.100000,-0.084647,0.130804,0.000000,-0.083218
0.834385,-0.100000,-0.100000,-0.084694,0.130591,0.000000,-0.083217
0.834366,-0.100000,-0.100000,-0.084741,0.130378,0.000000,-0.083215
0.834346,-0.100000,-0.100000,-0.084788,0.130166,0.000000,-0.083213
0.834327,-0.100000,-0.100000,-0.084835,0.129954,0.000000,-0.083212
0.834307,-0.100000,-0.100000,-0.084882,0.129742,0.000000,-0.083210
0.834287,-0.100000,-0.100000,-0.084929,0.129530,0.000000,-0.083208
0.834268,-0.100000,-0.100000,-0.084976,0.129318,0.000000,-0.083206
0.834248,-0.100000,-0.100000,-0.085023,0.129106,0.000000,-0.083205
0.834229,-0.100000,-0.100000,-0.085070,0.128895,0.000000,-0.083203
0.834209,-0.100000,-0.100000,-0.085117,0.128684,0.000000,-0.083202
0.834190,-0.100000,-0.100000,-0.085163,0.128473,0.000000,-0.083200
0.834170,-0.100000,-0.100000,-0.085210,0.128262,0.000000,-0.083198
0.834150,-0.100000,-0.100000,-0.085256,0.128052,0.000000,-0.083196
0.834131,-0.100000,-0.100000,-0.085302,0.127841,0.000000,-0.083196
0.834111,-0.100000,-0.100000,-0.085349,0.127631,0.000000,-0.083194
0.834092,-0.100000,-0.100000,-0.085395,0.127421,0.000000,-0.083190
0.834072,-0.100000,-0.100000,-0.085441,0.127211,0.000000,-0.083187
0.834053,-0.100000,-0.100000,-0.085487,0.127002,0.000000,-0.083185
0.834033,-0.100000,-0.100000,-0.085533,0.126792,0.000000,-0.083183
0.834013,-0.100000,-0.100000,-0.085579,0.126583,0.000000,-0.083180
0.833994,-0.100000,-0.100000,-0.085625,0.126374,0.000000,-0.083178
0.833974,-0.100000,-0.100000,-0.085671,0.126165,0.000000,-0.083176
0.833955,-0.100000,-0.100000,-0.085716,0.125956,0.000000,-0.083174
0.833935,-0.100000,-0.100000,-0.085762,0.125748,0.000000,-0.083172
0.833916,-0.100000,-0.100000,-0.085808,0.125540,0.000000,-0.083170
0.833896,-0.100000,-0.100000,-0.085853,0.125332,0.000000,-0.083168
0.833876,-0.100000,-0.100000,-0.085899,0.125124,0.000000,-0.083166
0.833857,-0.100000,-0.100000,-0.085944,0.124916,0.000000,-0.083165
0.833837,-0.100000,-0.100000,-0.085989,0.124709,0.000000,-0.083163
0.833818,-0.100000,-0.100000,-0.086034,0.124501,0.000000,-0.083162
0.833798,-0.100000,-0.100000,-0.086079,0.124294,0.000000,-0.083160
0.833778,-0.100000,-0.100000,-0.086124,0.124087,0.000000,-0.083159
0.833759,-0.100000,-0.100000,-0.086169,0.123881,0.000000,-0.083157
0.833739,-0.100000,-0.100000,-0.086214,0.123674,0.000000,-0.083155
0.833720,-0.100000,-0.100000,-0.086259,0.123468,0.000000,-0.083154
0.833700,-0.100000,-0.100000,-0.086304,0.123262,0.000000,-0.083153
0.833681,-0.100000,-0.100000,-0.086349,0.123056,0.000000,-0.083151
0.833661,-0.100000,-0.100000,-0.086393,0.122850,0.000000,-0.083149
0.833642,-0.100000,-0.100000,-0.086438,0.122645,0.000000,-0.083148
0.833622,-0.100000,-0.100000,-0.086482,0.122439,0.000000,-0.083146
0.833602,-0.100000,-0.100000,-0.086527,0.122234,0.000000,-0.083145
0.833583,-0.100000,-0.100000,-0.086571,0.122029,0.000000,-0.083143
0.833563,-0.100000,-0.100000,-0.086615,0.121824,0.000000,-0.083142
0.833544,-0.100000,-0.100000,-0.086659,0.121620,0.000000,-0.083140
0.833524,-0.100000,-0.100000,-0.086703,0.121415,0.000000,-0.083138
0.833504,-0.100000,-0.100000,-0.086747,0.121211,0.000000,-0.083137
0.833485,-0.100000,-0.100000,-0.086791,0.121007,0.000000,-0.083135
0.833465,-0.100000,-0.100000,-0.086835,0.120803,0.000000,-0.083134
0.833446,-0.100000,-0.100000,-0.086879,0.120600,0.000000,-0.083132
0.833426,-0.100000,-0.100000,-0.086923,0.120396,0.000000,-0.083130
0.833407,-0.100000,-0.100000,-0.086966,0.120193,0.000000,-0.083129
0.833387,-0.100000,-0.100000,-0.087010,0.119990,0.000000,-0.083127
0.833367,-0.100000,-0.100000,-0.087053,0.119787,0.000000,-0.083125
0.833348,-0.100000,-0.100000,-0.087097,0.119584,0.000000,-0.083124
0.833328,-0.100000,-0.100000,-0.087140,0.119382,0.000000,-0.083122
0.833309,-0.100000,-0.100000,-0.087183,0.119180,0.000000,-0.083120
0.833289,-0.100000,-0.100000,-0.087227,0.118977,0.000000,-0.083118
0.833270,-0.100000,-0.100000,-0.087270,0.118775,0.000000,-0.083117
0.833250,-0.100000,-0.100000,-0.087313,0.118574,0.000000,-0.083115
0.833231,-0.100000,-0.100000,-0.087356,0.118372,0.000000,-0.083113
0.833211,-0.100000,-0.100000,-0.087399,0.118170,0.000000,-0.083112
0.833191,-0.100000,-0.100000,-0.087442,0.117969,0.000000,-0.083110
0.833172,-0.100000,-0.100000,-0.087484,0.117768,0.000000,-0.083108
0.833152,-0.100000,-0.100000,-0.087527,0.117567,0.000000,-0.083106
0.833133,-0.100000,-0.100000,-0.087570,0.117366,0.000000,-0.083105
0.833113,-0.100000,-0.100000,-0.087612,0.117166,0.000000,-0.083103
0.833094,-0.100000,-0.100000,-0.087655,0.116965,0.000000,-0.083101
0.833074,-0.100000,-0.100000,-0.087697,0.116765,0.000000,-0.083100
0.833054,-0.100000,-0.100000,-0.087739,0.116565,0.000000,-0.083098
0.833035,-0.100000,-0.100000,-0.087782,0.116365,0.000000,-0.083096
0.833015,-0.100000,-0.100000,-0.087824,0.116165,0.000000,-0.083094
0.832996,-0.100000,-0.100000,-0.087866,0.115966,0.000000,-0.083093
0.832976,-0.100000,-0.100000,-0.087908,0.115766,0.000000,-0.083091
0.832957,-0.100000,-0.100000,-0.087950,0.115567,0.000000,-0.083089
0.832937,-0.100000,-0.100000,-0.087992,0.115368,0.000000,-0.083088
0.832918,-0.100000,-0.100000,-0.088034,0.115169,0.000000,-0.083086
0.832898,-0.100000,-0.100000,-0.088075,0.114971,0.000000,-0.083084
0.832878,-0.100000,-0.100000,-0.088117,0.114772,0.000000,-0.083082
0.832859,-0.100000,-0.100000,-0.088159,0.114574,0.000000,-0.083080
0.832839,-0.100000,-0.100000,-0.088200,0.114376,0.000000,-0.083079
0.832820,-0.100000,-0.100000,-0.088242,0.114178,0.000000,-0.083077
0.832800,-0.100000,-0.100000,-0.088283,0.113980,0.000000,-0.083075
0.832781,-0.100000,-0.100000,-0.088324,0.113782,0.000000,-0.083073
0.832761,-0.100000,-0.100000,-0.088365,0.113585,0.000000,-0.083072
0.832741,-0.100000,-0.100000,-0.088407,0.113387,0.000000,-0.083070
0.832722,-0.100000,-0.100000,-0.088448,0.113190,0.000000,-0.083068
0.832702,-0.100000,-0.100000,-0.088489,0.112993,0.000000,-0.083067
0.832683,-0.100000,-0.100000,-0.088530,0.112796,0.000000,-0.083065
0.832663,-0.100000,-0.100000,-0.088571,0.112600,0.000000,-0.083063
0.832644,-0.100000,-0.100000,-0.088611,0.112403,0.000000,-0.083061
0.832624,-0.100000,-0.100000,-0.088652,0.112207,0.000000,-0.083060
0.832604,-0.100000,-0.100000,-0.088693,0.112011,0.000000,-0.083058
0.832585,-0.100000,-0.100000,-0.088733,0.111815,0.000000,-0.083056
0.832565,-0.100000,-0.100000,-0.088774,0.111619,0.000000,-0.083054
0.832546,-0.100000,-0.100000,-0.088814,0.111423,0.000000,-0.083053
0.832526,-0.100000,-0.100000,-0.088855,0.111228,0.000000,-0.083051
0.832507,-0.100000,-0.100000,-0.088895,0.111033,0.000000,-0.083049
0.832487,-0.100000,-0.100000,-0.088935,0.110838,0.000000,-0.083048
0.832468,-0.100000,-0.100000,-0.088975,0.110643,0.000000,-0.083046
0.832448,-0.100000,-0.100000,-0.089015,0.110448,0.000000,-0.083044
0.832428,-0.100000,-0.100000,-0.089055,0.110253,0.000000,-0.083042
0.832409,-0.100000,-0.100000,-0.089095,0.110059,0.000000,-0.083041
0.832392,-0.100000,-0.100000,-0.089135,0.109865,0.000000,-0.083039
0.832372,-0.100000,-0.100000,-0.089175,0.109670,0.000000,-0.083037
0.832353,-0.100000,-0.100000,-0.089214,0.109476,0.000000,-0.083036
0.832333,-0.100000,-0.100000,-0.089254,0.109283,0.000000,-0.083034
0.832314,-0.100000,-0.100000,-0.089294,0.109089,0.000000,-0.083032
0.832294,-0.100000,-0.100000,-0.089333,0.108896,0.000000,-0.083031
0.832275,-0.100000,-0.100000,-0.089372,0.108703,0.000000,-0.083029
0.832255,-0.100000,-0.100000,-0.089412,0.108510,0.000000,-0.083027
0.832235,-0.100000,-0.100000,-0.089451,0.108317,0.000000,-0.083023
0.832216,-0.100000,-0.100000,-0.089490,0.108124,0.000000,-0.083021
0.832196,-0.100000,-0.100000,-0.089529,0.107932,0.000000,-0.083018
0.832177,-0.100000,-0.100000,-0.089568,0.107740,0.000000,-0.083016
0.832157,-0.100000,-0.100000,-0.089607,0.107547,0.000000,-0.083014
0.832138,-0.100000,-0.100000,-0.089646,0.107356,0.000000,-0.083012
0.832118,-0.100000,-0.100000,-0.089685,0.107164,0.000000,-0.083010
0.832098,-0.100000,-0.100000,-0.089724,0.106972,0.000000,-0.083008
0.832079,-0.100000,-0.100000,-0.089762,0.106781,0.000000,-0.083006
0.832060,-0.100000,-0.100000,-0.089801,0.106590,0.000000,-0.083005
0.832040,-0.100000,-0.100000,-0.089840,0.106399,0.000000,-0.083003
0.832020,-0.100000,-0.100000,-0.089878,0.106208,0.000000,-0.083001
0.832001,-0.100000,-0.100000,-0.089916,0.106017,0.000000,-0.083000
0.831981,-0.100000,-0.100000,-0.089955,0.105827,0.000000,-0.082998
0.831962,-0.100000,-0.100000,-0.089993,0.105637,0.000000,-0.082996
0.831942,-0.100000,-0.100000,-0.090031,0.105447,0.000000,-0.082995
0.831923,-0.100000,-0.100000,-0.090069,0.105257,0.000000,-0.082994
0.831903,-0.100000,-0.100000,-0.090107,0.105067,0.000000,-0.082992
0.831883,-0.100000,-0.100000,-0.090145,0.104877,0.000000,-0.082990
0.831864,-0.100000,-0.100000,-0.090183,0.104688,0.000000,-0.082989
0.831844,-0.100000,-0.100000,-0.090221,0.104499,0.000000,-0.082988
0.831825,-0.100000,-0.100000,-0.090258,0.104310,0.000000,-0.082986
0.831805,-0.100000,-0.100000,-0.090296,0.104121,0.000000,-0.082984
0.831786,-0.100000,-0.100000,-0.090334,0.103933,0.000000,-0.082983
0.831766,-0.100000,-0.100000,-0.090371,0.103744,0.000000,-0.082981
0.831747,-0.100000,-0.100000,-0.090409,0.103556,0.000000,-0.082980
0.831727,-0.100000,-0.100000,-0.090446,0.103368,0.000000,-0.082978
0.831707,-0.100000,-0.100000,-0.090483,0.103180,0.000000,-0.082977
0.831688,-0.100000,-0.100000,-0.090520,0.102992,0.000000,-0.082975
0.831668,-0.100000,-0.100000,-0.090558,0.102805,0.000000,-0.082975
0.831649,-0.100000,-0.100000,-0.090595,0.102617,0.000000,-0.082974
0.831629,-0.100000,-0.100000,-0.090632,0.102430,0.000000,-0.082971
0.831610,-0.100000,-0.100000,-0.090669,0.102243,0.000000,-0.082969
0.831590,-0.100000,-0.100000,-0.090705,0.102056,0.000000,-0.082966
0.831571,-0.100000,-0.100000,-0.090742,0.101870,0.000000,-0.082965
0.831551,-0.100000,-0.100000,-0.090779,0.101683,0.000000,-0.082963
0.831532,-0.100000,-0.100000,-0.090815,0.101497,0.000000,-0.082960
0.831512,-0.100000,-0.100000,-0.090852,0.101311,0.000000,-0.082959
0.831492,-0.100000,-0.100000,-0.090889,0.101125,0.000000,-0.082957
0.831473,-0.100000,-0.100000,-0.090925,0.100939,0.000000,-0.082955
0.831453,-0.100000,-0.100000,-0.090961,0.100753,0.000000,-0.082953
0.831434,-0.100000,-0.100000,-0.090997,0.100567,0.000000,-0.082951
0.831414,-0.100000,-0.100000,-0.091034,0.100382,0.000000,-0.082950
0.831395,-0.100000,-0.100000,-0.091070,0.100197,0.000000,-0.082948
0.831375,-0.100000,-0.100000,-0.091106,0.100012,0.000000,-0.082946
0.831356,-0.100000,-0.100000,-0.091142,0.099827,0.000000,-0.082945
0.831336,-0.100000,-0.100000,-0.091178,0.099642,0.000000,-0.082943
0.831316,-0.100000,-0.100000,-0.091214,0.099458,0.000000,-0.082941
0.831297,-0.100000,-0.100000,-0.091249,0.099273,0.000000,-0.082940
0.831277,-0.100000,-0.100000,-0.091285,0.099089,0.000000,-0.082938
0.831258,-0.100000,-0.100000,-0.091321,0.098905,0.000000,-0.082937
0.831238,-0.100000,-0.100000,-0.091356,0.098721,0.000000,-0.082935
0.831219,-0.100000,-0.100000,-0.091392,0.098538,0.000000,-0.082933
0.831199,-0.100000,-0.100000,-0.091427,0.098354,0.000000,-0.082931
0.831180,-0.100000,-0.100000,-0.091462,0.098171,0.000000,-0.082930
0.831160,-0.100000,-0.100000,-0.091497,0.097987,0.000000,-0.082929
0.831141,-0.100000,-0.100000,-0.091533,0.097804,0.000000,-0.082927
0.831121,-0.100000,-0.100000,-0.091568,0.097621,0.000000,-0.082926
0.831101,-0.100000,-0.100000,-0.091603,0.097439,0.000000,-0.082924
0.831082,-0.100000,-0.100000,-0.091638,0.097256,0.000000,-0.082923
0.831062,-0.100000,-0.100000,-0.091673,0.097074,0.000000,-0.082921
0.831043,-0.100000,-0.100000,-0.091707,0.096891,0.000000,-0.082920
0.831023,-0.100000,-0.100000,-0.091742,0.096709,0.000000,-0.082918
0.831004,-0.100000,-0.100000,-0.091777,0.096527,0.000000,-0.082917
0.830984,-0.100000,-0.100000,-0.091811,0.096346,0.000000,-0.082915
0.830965,-0.100000,-0.100000,-0.091846,0.096164,0.000000,-0.082914
0.830945,-0.100000,-0.100000,-0.091880,0.095982,0.000000,-0.082912
0.830926,-0.100000,-0.100000,-0.091915,0.095801,0.000000,-0.082911
0.830906,-0.100000,-0.100000,-0.091949,0.095620,0.000000,-0.082909
0.830887,-0.100000,-0.100000,-0.091983,0.095439,0.000000,-0.082908
0.830867,-0.100000,-0.100000,-0.092017,0.095258,0.000000,-0.082906
0.830847,-0.100000,-0.100000,-0.092051,0.095078,0.000000,-0.082905
0.830828,-0.100000,-0.100000,-0.092085,0.094897,0.000000,-0.082903
0.830808,-0.100000,-0.100000,-0.092119,0.094717,0.000000,-0.082901
0.830789,-0.100000,-0.100000,-0.092153,0.094537,0.000000,-0.082900
0.830769,-0.100000,-0.100000,-0.092187,0.094357,0.000000,-0.082898
0.830750,-0.100000,-0.100000,-0.092221,0.094177,0.000000,-0.082896
0.830730,-0.100000,-0.100000,-0.092254,0.093997,0.000000,-0.082895
0.830711,-0.100000,-0.100000,-0.092288,0.093818,0.000000,-0.082893
0.830691,-0.100000,-0.100000,-0.092321,0.093638,0.000000,-0.082892
0.830671,-0.100000,-0.100000,-0.092355,0.093459,0.000000,-0.082890
0.830652,-0.100000,-0.100000,-0.092388,0.093280,0.000000,-0.082888
0.830632,-0.100000,-0.100000,-0.092421,0.093101,0.000000,-0.082887
0.830613,-0.100000,-0.100000,-0.092454,0.092922,0.000000,-0.082885
0.830593,-0.100000,-0.100000,-0.092487,0.092744,0.000000,-0.082883
0.830574,-0.100000,-0.100000,-0.092521,0.092565,0.000000,-0.082882
0.830554,-0.100000,-0.100000,-0.092553,0.092387,0.000000,-0.082880
0.830535,-0.100000,-0.100000,-0.092586,0.092209,0.000000,-0.082878
0.830515,-0.100000,-0.100000,-0.092619,0.092031,0.000000,-0.082877
0.830496,-0.100000,-0.100000,-0.092652,0.091853,0.000000,-0.082875
0.830476,-0.100000,-0.100000,-0.092685,0.091676,0.000000,-0.082873
0.830457,-0.100000,-0.100000,-0.092717,0.091498,0.000000,-0.082872
0.830437,-0.100000,-0.100000,-0.092750,0.091321,0.000000,-0.082870
0.830418,-0.100000,-0.100000,-0.092782,0.091144,0.000000,-0.082868
0.830398,-0.100000,-0.100000,-0.092815,0.090967,0.000000,-0.082867
0.830378,-0.100000,-0.100000,-0.092847,0.090790,0.000000,-0.082865
0.830359,-0.100000,-0.100000,-0.092879,0.090613,0.000000,-0.082863
0.830339,-0.100000,-0.100000,-0.092911,0.090437,0.000000,-0.082862
0.830320,-0.100000,-0.100000,-0.092943,0.090260,0.000000,-0.082860
0.830300,-0.100000,-0.100000,-0.092975,0.090084,0.000000,-0.082858
0.830281,-0.100000,-0.100000,-0.093007,0.089908,0.000000,-0.082857
0.830261,-0.100000,-0.100000,-0.093039,0.089732,0.000000,-0.082855
0.830242,-0.100000,-0.100000,-0.093071,0.089556,0.000000,-0.082853
0.830222,-0.100000,-0.100000,-0.093103,0.089381,0.000000,-0.082852
0.830203,-0.100000,-0.100000,-0.093134,0.089205,0.000000,-0.082850
0.830183,-0.100000,-0.100000,-0.093166,0.089030,0.000000,-0.082848
0.830163,-0.100000,-0.100000,-0.093198,0.088855,0.000000,-0.082847
0.830144,-0.100000,-0.100000,-0.093229,0.088680,0.000000,-0.082845
0.830124,-0.100000,-0.100000,-0.093260,0.088505,0.000000,-0.082843
0.830105,-0.100000,-0.100000,-0.093292,0.088330,0.000000,-0.082842
0.830085,-0.100000,-0.100000,-0.093323,0.088156,0.000000,-0.082840
0.830066,-0.100000,-0.100000,-0.093354,0.087981,0.000000,-0.082838
0.830046,-0.100000,-0.100000,-0.093385,0.087807,0.000000,-0.082836
0.830027,-0.100000,-0.100000,-0.093416,0.087633,0.000000,-0.082835
0.830007,-0.100000,-0.100000,-0.093447,0.087459,0.000000,-0.082833
0.829988,-0.100000,-0.100000,-0.093478,0.087285,0.000000,-0.082832
0.829968,-0.100000,-0.100000,-0.093509,0.087112,0.000000,-0.082830
0.829949,-0.100000,-0.100000,-0.093539,0.086938,0.000000,-0.082826
0.829929,-0.100000,-0.100000,-0.093570,0.086765,0.000000,-0.082824
0.829910,-0.100000,-0.100000,-0.093601,0.086592,0.000000,-0.082821
0.829890,-0.100000,-0.100000,-0.093631,0.086419,0.000000,-0.082819
0.829870,-0.100000,-0.100000,-0.093661,0.086246,0.000000,-0.082817
0.829851,-0.100000,-0.100000,-0.093692,0.086074,0.000000,-0.082815
0.829831,-0.100000,-0.100000,-0.093722,0.085901,0.000000,-0.082813
0.829812,-0.100000,-0.100000,-0.093752,0.085729,0.000000,-0.082811
0.829792,-0.100000,-0.100000,-0.093782,0.085557,0.000000,-0.082809
0.829773,-0.100000,-0.100000,-0.093812,0.085385,0.000000,-0.082807
0.829753,-0.100000,-0.100000,-0.093842,0.085213,0.000000,-0.082805
0.829734,-0.100000,-0.100000,-0.093872,0.085042,0.000000,-0.082804
0.829714,-0.100000,-0.100000,-0.093902,0.084870,0.000000,-0.082802
0.829695,-0.100000,-0.100000,-0.093932,0.084699,0.000000,-0.082800
0.829675,-0.100000,-0.100000,-0.093962,0.084527,0.000000,-0.082799
0.829656,-0.100000,-0.100000,-0.093991,0.084357,0.000000,-0.082797
0.829636,-0.100000,-0.100000,-0.094021,0.084186,0.000000,-0.082795
0.829617,-0.100000,-0.100000,-0.094050,0.084015,0.000000,-0.082794
0.829597,-0.100000,-0.100000,-0.094080,0.083844,0.000000,-0.082792
0.829578,-0.100000,-0.100000,-0.094109,0.083674,0.000000,-0.082791
0.829558,-0.100000,-0.100000,-0.094138,0.083504,0.000000,-0.082789
0.829538,-0.100000,-0.100000,-0.094167,0.083334,0.000000,-0.082788
0.829519,-0.100000,-0.100000,-0.094196,0.083164,0.000000,-0.082786
0.829499,-0.100000,-0.100000,-0.094225,0.082994,0.000000,-0.082785
0.829480,-0.100000,-0.100000,-0.094254,0.082825,0.000000,-0.082783
0.829460,-0.100000,-0.100000,-0.094283,0.082655,0.000000,-0.082781
0.829441,-0.100000,-0.100000,-0.094312,0.082486,0.000000,-0.082780
0.829421,-0.100000,-0.100000,-0.094341,0.082317,0.000000,-0.082778
0.829402,-0.100000,-0.100000,-0.094369,0.082148,0.000000,-0.082776
0.829382,-0.100000,-0.100000,-0.094398,0.081979,0.000000,-0.082775
0.829363,-0.100000,-0.100000,-0.094427,0.081811,0.000000,-0.082773
0.829343,-0.100000,-0.100000,-0.094455,0.081642,0.000000,-0.082771
0.829324,-0.100000,-0.100000,-0.094483,0.081474,0.000000,-0.082770
0.829304,-0.100000,-0.100000,-0.094512,0.081306,0.000000,-0.082768
0.829285,-0.100000,-0.100000,-0.094540,0.081138,0.000000,-0.082767
0.829265,-0.100000,-0.100000,-0.094568,0.080970,0.000000,-0.082765
0.829246,-0.100000,-0.100000,-0.094596,0.080802,0.000000,-0.082763
0.829226,-0.100000,-0.100000,-0.094624,0.080635,0.000000,-0.082761
0.829207,-0.100000,-0.100000,-0.094652,0.080467,0.000000,-0.082759
0.829187,-0.100000,-0.100000,-0.094680,0.080300,0.000000,-0.082758
0.829167,-0.100000,-0.100000,-0.094708,0.080133,0.000000,-0.082756
0.829148,-0.100000,-0.100000,-0.094735,0.079966,0.000000,-0.082754
0.829128,-0.100000,-0.100000,-0.094763,0.079799,0.000000,-0.082753
0.829109,-0.100000,-0.100000,-0.094791,0.079632,0.000000,-0.082751
0.829089,-0.100000,-0.100000,-0.094818,0.079466,0.000000,-0.082749
0.829070,-0.100000,-0.100000,-0.094845,0.079299,0.000000,-0.082747
0.829050,-0.100000,-0.100000,-0.094873,0.079133,0.000000,-0.082746
0.829031,-0.100000,-0.100000,-0.094900,0.078967,0.000000,-0.082744
0.829011,-0.100000,-0.100000,-0.094927,0.078801,0.000000,-0.082742
0.828992,-0.100000,-0.100000,-0.094954,0.078635,0.000000,-0.082741
0.828972,-0.100000,-0.100000,-0.094981,0.078470,0.000000,-0.082739
0.828953,-0.100000,-0.100000,-0.095008,0.078304,0.000000,-0.082737
0.828933,-0.100000,-0.100000,-0.095035,0.078139,0.000000,-0.082735
0.828914,-0.100000,-0.100000,-0.095062,0.077974,0.000000,-0.082734
0.828894,-0.100000,-0.100000,-0.095089,0.077809,0.000000,-0.082732
0.828875,-0.100000,-0.100000,-0.095116,0.077644,0.000000,-0.082730
0.828855,-0.100000,-0.100000,-0.095142,0.077479,0.000000,-0.082729
0.828836,-0.100000,-0.100000,-0.095169,0.077314,0.000000,-0.082727
0.828816,-0.100000,-0.100000,-0.095195,0.077150,0.000000,-0.082725
0.828797,-0.100000,-0.100000,-0.095222,0.076986,0.000000,-0.082723
0.828777,-0.100000,-0.100000,-0.095248,0.076821,0.000000,-0.082722
0.828757,-0.100000,-0.100000,-0.095274,0.076657,0.000000,-0.082720
0.828738,-0.100000,-0.100000,-0.095300,0.076493,0.000000,-0.082718
0.828718,-0.100000,-0.100000,-0.095326,0.076330,0.000000,-0.082717
0.828699,-0.100000,-0.100000,-0.095352,0.076166,0.000000,-0.082715
0.828679,-0.100000,-0.100000,-0.095378,0.076003,0.000000,-0.082713
0.828660,-0.100000,-0.100000,-0.095404,0.075839,0.000000,-0.082712
0.828640,-0.100000,-0.100000,-0.095430,0.075676,0.000000,-0.082710
0.828621,-0.100000,-0.100000,-0.095456,0.075513,0.000000,-0.082708
0.828601,-0.100000,-0.100000,-0.095482,0.075350,0.000000,-0.082707
0.828582,-0.100000,-0.100000,-0.095507,0.075187,0.000000,-0.082705
0.828562,-0.100000,-0.100000,-0.095533,0.075025,0.000000,-0.082703
0.828543,-0.100000,-0.100000,-0.095558,0.074862,0.000000,-0.082702
0.828523,-0.100000,-0.100000,-0.095583,0.074700,0.000000,-0.082700
0.828504,-0.100000,-0.100000,-0.095609,0.074538,0.000000,-0.082698
0.828484,-0.100000,-0.100000,-0.095634,0.074376,0.000000,-0.082697
0.828465,-0.100000,-0.100000,-0.095659,0.074214,0.000000,-0.082695
0.828445,-0.100000,-0.100000,-0.095684,0.074052,0.000000,-0.082693
0.828426,-0.100000,-0.100000,-0.095709,0.073890,0.000000,-0.082692
0.828406,-0.100000,-0.100000,-0.095734,0.073729,0.000000,-0.082690
0.828387,-0.100000,-0.100000,-0.095759,0.073568,0.000000,-0.082688
0.828367,-0.100000,-0.100000,-0.095784,0.073407,0.000000,-0.082687
0.828348,-0.100000,-0.100000,-0.095809,0.073246,0.000000,-0.082685
0.828328,-0.100000,-0.100000,-0.095833,0.073085,0.000000,-0.082683
0.828309,-0.100000,-0.100000,-0.095858,0.072924,0.000000,-0.082681
0.828289,-0.100000,-0.100000,-0.095882,0.072763,0.000000,-0.082679
0.828269,-0.100000,-0.100000,-0.095907,0.072603,0.000000,-0.082677
0.828250,-0.100000,-0.100000,-0.095931,0.072443,0.000000,-0.082676
0.828230,-0.100000,-0.100000,-0.095955,0.072283,0.000000,-0.082673
0.828211,-0.100000,-0.100000,-0.095980,0.072123,0.000000,-0.082671
0.828192,-0.100000,-0.100000,-0.096004,0.071963,0.000000,-0.082670
0.828172,-0.100000,-0.100000,-0.096028,0.071803,0.000000,-0.082668
0.828152,-0.100000,-0.100000,-0.096052,0.071644,0.000000,-0.082666
0.828133,-0.100000,-0.100000,-0.096076,0.071484,0.000000,-0.082664
0.828113,-0.100000,-0.100000,-0.096099,0.071325,0.000000,-0.082662
0.828094,-0.100000,-0.100000,-0.096123,0.071166,0.000000,-0.082661
0.828074,-0.100000,-0.100000,-0.096147,0.071007,0.000000,-0.082659
0.828055,-0.100000,-0.100000,-0.096170,0.070848,0.000000,-0.082657
0.828035,-0.100000,-0.100000,-0.096194,0.070690,0.000000,-0.082656
0.828016,-0.100000,-0.100000,-0.096218,0.070531,0.000000,-0.082654
0.827996,-0.100000,-0.100000,-0.096241,0.070373,0.000000,-0.082652
0.827977,-0.100000,-0.100000,-0.096264,0.070215,0.000000,-0.082651
0.827957,-0.100000,-0.100000,-0.096287,0.070057,0.000000,-0.082647
0.827938,-0.100000,-0.100000,-0.096311,0.069899,0.000000,-0.082645
0.827918,-0.100000,-0.100000,-0.096334,0.069741,0.000000,-0.082643
0.827899,-0.100000,-0.100000,-0.096357,0.069583,0.000000,-0.082642
0.827879,-0.100000,-0.100000,-0.096380,0.069426,0.000000,-0.082640
0.827860,-0.100000,-0.100000,-0.096403,0.069269,0.000000,-0.082638
0.827840,-0.100000,-0.100000,-0.096425,0.069112,0.000000,-0.082637
0.827821,-0.100000,-0.100000,-0.096448,0.068955,0.000000,-0.082635
0.827801,-0.100000,-0.100000,-0.096471,0.068798,0.000000,-0.082634
0.827782,-0.100000,-0.100000,-0.096494,0.068641,0.000000,-0.082632
0.827762,-0.100000,-0.100000,-0.096516,0.068485,0.000000,-0.082630
0.827743,-0.100000,-0.100000,-0.096538,0.068328,0.000000,-0.082629
0.827723,-0.100000,-0.100000,-0.096561,0.068172,0.000000,-0.082627
0.827704,-0.100000,-0.100000,-0.096583,0.068016,0.000000,-0.082626
0.827684,-0.100000,-0.100000,-0.096605,0.067860,0.000000,-0.082624
0.827665,-0.100000,-0.100000,-0.096628,0.067704,0.000000,-0.082623
0.827645,-0.100000,-0.100000,-0.096650,0.067549,0.000000,-0.082621
0.827626,-0.100000,-0.100000,-0.096672,0.067393,0.000000,-0.082619
0.827606,-0.100000,-0.100000,-0.096694,0.067238,0.000000,-0.082618
0.827587,-0.100000,-0.100000,-0.096716,0.067083,0.000000,-0.082616
0.827567,-0.100000,-0.100000,-0.096737,0.066928,0.000000,-0.082615
0.827548,-0.100000,-0.100000,-0.096759,0.066773,0.000000,-0.082613
0.827528,-0.100000,-0.100000,-0.096781,0.066618,0.000000,-0.082611
0.827509,-0.100000,-0.100000,-0.096802,0.066464,0.000000,-0.082610
0.827489,-0.100000,-0.100000,-0.096824,0.066309,0.000000,-0.082608
0.827469,-0.100000,-0.100000,-0.096845,0.066155,0.000000,-0.082606
0.827450,-0.100000,-0.100000,-0.096867,0.066001,0.000000,-0.082605
0.827430,-0.100000,-0.100000,-0.096888,0.065847,0.000000,-0.082603
0.827411,-0.100000,-0.100000,-0.096909,0.065693,0.000000,-0.082601
0.827392,-0.100000,-0.100000,-0.096930,0.065539,0.000000,-0.082600
0.827372,-0.100000,-0.100000,-0.096951,0.065386,0.000000,-0.082598
0.827353,-0.100000,-0.100000,-0.096972,0.065232,0.000000,-0.082596
0.827333,-0.100000,-0.100000,-0.096993,0.065079,0.000000,-0.082594
0.827314,-0.100000,-0.100000,-0.097014,0.064926,0.000000,-0.082593
0.827294,-0.100000,-0.100000,-0.097035,0.064773,0.000000,-0.082591
0.827275,-0.100000,-0.100000,-0.097055,0.064620,0.000000,-0.082589
0.827255,-0.100000,-0.100000,-0.097076,0.064468,0.000000,-0.082588
0.827235,-0.100000,-0.100000,-0.097097,0.064315,0.000000,-0.082586
0.827216,-0.100000,-0.100000,-0.097117,0.064163,0.000000,-0.082584
0.827196,-0.100000,-0.100000,-0.097138,0.064010,0.000000,-0.082582
0.827177,-0.100000,-0.100000,-0.097158,0.063858,0.000000,-0.082581
0.827157,-0.100000,-0.100000,-0.097178,0.063706,0.000000,-0.082579
0.827138,-0.100000,-0.100000,-0.097198,0.063554,0.000000,-0.082577
0.827118,-0.100000,-0.100000,-0.097218,0.063402,0.000000,-0.082575
0.827099,-0.100000,-0.100000,-0.097239,0.063251,0.000000,-0.082574
0.827079,-0.100000,-0.100000,-0.097259,0.063099,0.000000,-0.082572
0.827060,-0.100000,-0.100000,-0.097278,0.062948,0.000000,-0.082570
0.827040,-0.100000,-0.100000,-0.097298,0.062797,0.000000,-0.082569
0.827021,-0.100000,-0.100000,-0.097318,0.062646,0.000000,-0.082567
0.827001,-0.100000,-0.100000,-0.097338,0.062495,0.000000,-0.082565
0.826982,-0.100000,-0.100000,-0.097357,0.062344,0.000000,-0.082564
0.826962,-0.100000,-0.100000,-0.097377,0.062193,0.000000,-0.082562
0.826943,-0.100000,-0.100000,-0.097396,0.062043,0.000000,-0.082560
0.826923,-0.100000,-0.100000,-0.097416,0.061892,0.000000,-0.082558
0.826904,-0.100000,-0.100000,-0.097435,0.061742,0.000000,-0.082557
0.826884,-0.100000,-0.100000,-0.097454,0.061592,0.000000,-0.082555
0.826865,-0.100000,-0.100000,-0.097473,0.061441,0.000000,-0.082553
0.826845,-0.100000,-0.100000,-0.097493,0.061292,0.000000,-0.082552
0.826826,-0.100000,-0.100000,-0.097512,0.061142,0.000000,-0.082550
0.826806,-0.100000,-0.100000,-0.097531,0.060992,0.000000,-0.082548
0.826787,-0.100000,-0.100000,-0.097549,0.060843,0.000000,-0.082546
0.826767,-0.100000,-0.100000,-0.097568,0.060693,0.000000,-0.082545
0.826748,-0.100000,-0.100000,-0.097587,0.060544,0.000000,-0.082543
0.826728,-0.100000,-0.100000,-0.097606,0.060395,0.000000,-0.082541
0.826709,-0.100000,-0.100000,-0.097624,0.060246,0.000000,-0.082540
0.826689,-0.100000,-0.100000,-0.097643,0.060097,0.000000,-0.082538
0.826670,-0.100000,-0.100000,-0.097661,0.059948,0.000000,-0.082536
0.826650,-0.100000,-0.100000,-0.097680,0.059799,0.000000,-0.082535
0.826631,-0.100000,-0.100000,-0.097698,0.059651,0.000000,-0.082533
0.826611,-0.100000,-0.100000,-0.097716,0.059502,0.000000,-0.082531
0.826592,-0.100000,-0.100000,-0.097734,0.059354,0.000000,-0.082529
0.826572,-0.100000,-0.100000,-0.097752,0.059206,0.000000,-0.082528
0.826553,-0.100000,-0.100000,-0.097770,0.059058,0.000000,-0.082526
0.826533,-0.100000,-0.100000,-0.097788,0.058910,0.000000,-0.082525
0.826514,-0.100000,-0.100000,-0.097806,0.058762,0.000000,-0.082523
0.826494,-0.100000,-0.100000,-0.097824,0.058615,0.000000,-0.082521
0.826475,-0.100000,-0.100000,-0.097842,0.058467,0.000000,-0.082519
0.826455,-0.100000,-0.100000,-0.097859,0.058320,0.000000,-0.082518
0.826436,-0.100000,-0.100000,-0.097877,0.058172,0.000000,-0.082516
0.826416,-0.100000,-0.100000,-0.097894,0.058025,0.000000,-0.082515
0.826397,-0.100000,-0.100000,-0.097912,0.057878,0.000000,-0.082513
0.826377,-0.100000,-0.100000,-0.097929,0.057732,0.000000,-0.082511
0.826358,-0.100000,-0.100000,-0.097946,0.057585,0.000000,-0.082510
0.826338,-0.100000,-0.100000,-0.097964,0.057438,0.000000,-0.082508
0.826319,-0.100000,-0.100000,-0.097981,0.057292,0.000000,-0.082506
0.826299,-0.100000,-0.100000,-0.097998,0.057145,0.000000,-0.082505
0.826280,-0.100000,-0.100000,-0.098015,0.056999,0.000000,-0.082503
0.826260,-0.100000,-0.100000,-0.098032,0.056853,0.000000,-0.082501
0.826241,-0.100000,-0.100000,-0.098049,0.056707,0.000000,-0.082500
0.826221,-0.100000,-0.100000,-0.098065,0.056561,0.000000,-0.082498
0.826202,-0.100000,-0.100000,-0.098082,0.056416,0.000000,-0.082496
0.826182,-0.100000,-0.100000,-0.098099,0.056270,0.000000,-0.082495
0.826162,-0.100000,-0.100000,-0.098115,0.056125,0.000000,-0.082493
0.826143,-0.100000,-0.100000,-0.098132,0.055979,0.000000,-0.082491
0.826123,-0.100000,-0.100000,-0.098148,0.055834,0.000000,-0.082490
0.826104,-0.100000,-0.100000,-0.098164,0.055689,0.000000,-0.082488
0.826084,-0.100000,-0.100000,-0.098181,0.055544,0.000000,-0.082484
0.826065,-0.100000,-0.100000,-0.098197,0.055399,0.000000,-0.082482
0.826045,-0.100000,-0.100000,-0.098213,0.055255,0.000000,-0.082479
0.826026,-0.100000,-0.100000,-0.098229,0.055110,0.000000,-0.082477
0.826006,-0.100000,-0.100000,-0.098245,0.054966,0.000000,-0.082475
0.825986,-0.100000,-0.100000,-0.098261,0.054822,0.000000,-0.082472
0.825967,-0.100000,-0.100000,-0.098277,0.054678,0.000000,-0.082470
0.825953,-0.100000,-0.100000,-0.098292,0.054537,0.000000,-0.082468
0.825941,-0.100000,-0.100000,-0.098308,0.054397,0.000000,-0.082466
0.825930,-0.100000,-0.100000,-0.098323,0.054257,0.000000,-0.082465
0.825918,-0.100000,-0.100000,-0.098339,0.054118,0.000000,-0.082463
0.825907,-0.100000,-0.100000,-0.098354,0.053978,0.000000,-0.082461
0.825896,-0.100000,-0.100000,-0.098370,0.053839,0.000000,-0.082459
0.825884,-0.100000,-0.100000,-0.098385,0.053701,0.000000,-0.082458
0.825873,-0.100000,-0.100000,-0.098400,0.053562,0.000000,-0.082456
0.825862,-0.100000,-0.100000,-0.098415,0.053423,0.000000,-0.082454
0.825851,-0.100000,-0.100000,-0.098430,0.053285,0.000000,-0.082453
0.825839,-0.100000,-0.100000,-0.098445,0.053146,0.000000,-0.082451
0.825828,-0.100000,-0.100000,-0.098460,0.053008,0.000000,-0.082450
0.825817,-0.100000,-0.100000,-0.098475,0.052870,0.000000,-0.082448
0.825806,-0.100000,-0.100000,-0.098489,0.052732,0.000000,-0.082447
0.825795,-0.100000,-0.100000,-0.098504,0.052595,0.000000,-0.082445
0.825783,-0.100000,-0.100000,-0.098519,0.052457,0.000000,-0.082443
0.825772,-0.100000,-0.100000,-0.098533,0.052319,0.000000,-0.082442
0.825761,-0.100000,-0.100000,-0.098548,0.052182,0.000000,-0.082440
0.825750,-0.100000,-0.100000,-0.098562,0.052045,0.000000,-0.082439
0.825739,-0.100000,-0.100000,-0.098576,0.051908,0.000000,-0.082437
0.825727,-0.100000,-0.100000,-0.098591,0.051771,0.000000,-0.082435
0.825716,-0.100000,-0.100000,-0.098605,0.051634,0.000000,-0.082434
0.825705,-0.100000,-0.100000,-0.098619,0.051497,0.000000,-0.082432
0.825694,-0.100000,-0.100000,-0.098633,0.051360,0.000000,-0.082431
0.825683,-0.100000,-0.100000,-0.098647,0.051224,0.000000,-0.082429
0.825671,-0.100000,-0.100000,-0.098661,0.051087,0.000000,-0.082428
0.825660,-0.100000,-0.100000,-0.098674,0.050951,0.000000,-0.082426
0.825649,-0.100000,-0.100000,-0.098688,0.050815,0.000000,-0.082424
0.825638,-0.100000,-0.100000,-0.098702,0.050679,0.000000,-0.082422
0.825627,-0.100000,-0.100000,-0.098715,0.050543,0.000000,-0.082420
0.825616,-0.100000,-0.100000,-0.098729,0.050407,0.000000,-0.082419
0.825604,-0.100000,-0.100000,-0.098742,0.050272,0.000000,-0.082417
0.825593,-0.100000,-0.100000,-0.098756,0.050136,0.000000,-0.082416
0.825582,-0.100000,-0.100000,-0.098769,0.050001,0.000000,-0.082414
0.825571,-0.100000,-0.100000,-0.098782,0.049866,0.000000,-0.082412
0.825559,-0.100000,-0.100000,-0.098795,0.049730,0.000000,-0.082410
0.825548,-0.100000,-0.100000,-0.098809,0.049595,0.000000,-0.082409
0.825537,-0.100000,-0.100000,-0.098822,0.049460,0.000000,-0.082407
0.825526,-0.100000,-0.100000,-0.098834,0.049326,0.000000,-0.082405
0.825515,-0.100000,-0.100000,-0.098847,0.049191,0.000000,-0.082404
0.825504,-0.100000,-0.100000,-0.098860,0.049056,0.000000,-0.082402
0.825492,-0.100000,-0.100000,-0.098873,0.048922,0.000000,-0.082400
0.825481,-0.100000,-0.100000,-0.098886,0.048787,0.000000,-0.082398
0.825470,-0.100000,-0.100000,-0.098898,0.048653,0.000000,-0.082397
0.825459,-0.100000,-0.100000,-0.098911,0.048519,0.000000,-0.082395
0.825448,-0.100000,-0.100000,-0.098923,0.048385,0.000000,-0.082393
0.825436,-0.100000,-0.100000,-0.098935,0.048251,0.000000,-0.082391
0.825425,-0.100000,-0.100000,-0.098948,0.048117,0.000000,-0.082390
0.825414,-0.100000,-0.100000,-0.098960,0.047984,0.000000,-0.082388
0.825403,-0.100000,-0.100000,-0.098972,0.047850,0.000000,-0.082386
0.825392,-0.100000,-0.100000,-0.098984,0.047717,0.000000,-0.082385
0.825380,-0.100000,-0.100000,-0.098996,0.047583,0.000000,-0.082383
0.825369,-0.100000,-0.100000,-0.099008,0.047450,0.000000,-0.082381
0.825358,-0.100000,-0.100000,-0.099020,0.047317,0.000000,-0.082379
0.825347,-0.100000,-0.100000,-0.099032,0.047184,0.000000,-0.082378
0.825336,-0.100000,-0.100000,-0.099044,0.047051,0.000000,-0.082376
0.825324,-0.100000,-0.100000,-0.099055,0.046919,0.000000,-0.082375
0.825313,-0.100000,-0.100000,-0.099067,0.046786,0.000000,-0.082373
0.825302,-0.100000,-0.100000,-0.099078,0.046653,0.000000,-0.082371
0.825291,-0.100000,-0.100000,-0.099090,0.046521,0.000000,-0.082369
0.825280,-0.100000,-0.100000,-0.099101,0.046389,0.000000,-0.082368
0.825268,-0.100000,-0.100000,-0.099112,0.046256,0.000000,-0.082366
0.825257,-0.100000,-0.100000,-0.099124,0.046124,0.000000,-0.082364
0.825246,-0.100000,-0.100000,-0.099135,0.045992,0.000000,-0.082363
0.825235,-0.100000,-0.100000,-0.099146,0.045861,0.000000,-0.082361
0.825224,-0.100000,-0.100000,-0.099157,0.045729,0.000000,-0.082359
0.825212,-0.100000,-0.100000,-0.099168,0.045597,0.000000,-0.082357
0.825201,-0.100000,-0.100000,-0.099179,0.045466,0.000000,-0.082356
0.825190,-0.100000,-0.100000,-0.099189,0.045334,0.000000,-0.082354
0.825179,-0.100000,-0.100000,-0.099200,0.045203,0.000000,-0.082352
0.825168,-0.100000,-0.100000,-0.099211,0.045072,0.000000,-0.082351
0.825156,-0.100000,-0.100000,-0.099221,0.044941,0.000000,-0.082349
0.825145,-0.100000,-0.100000,-0.099232,0.044810,0.000000,-0.082347
0.825134,-0.100000,-0.100000,-0.099242,0.044679,0.000000,-0.082346
0.825123,-0.100000,-0.100000,-0.099253,0.044548,0.000000,-0.082344
0.825112,-0.100000,-0.100000,-0.099263,0.044418,0.000000,-0.082342
0.825100,-0.100000,-0.100000,-0.099273,0.044287,0.000000,-0.082340
0.825089,-0.100000,-0.100000,-0.099283,0.044157,0.000000,-0.082338
0.825078,-0.100000,-0.100000,-0.099294,0.044027,0.000000,-0.082337
0.825067,-0.100000,-0.100000,-0.099304,0.043897,0.000000,-0.082335
0.825056,-0.100000,-0.100000,-0.099313,0.043767,0.000000,-0.082333
0.825045,-0.100000,-0.100000,-0.099323,0.043637,0.000000,-0.082330
0.825033,-0.100000,-0.100000,-0.099333,0.043507,0.000000,-0.082328
0.825022,-0.100000,-0.100000,-0.099343,0.043377,0.000000,-0.082327
0.825011,-0.100000,-0.100000,-0.099353,0.043248,0.000000,-0.082325
0.825000,-0.100000,-0.100000,-0.099362,0.043118,0.000000,-0.082323
0.824989,-0.100000,-0.100000,-0.099372,0.042989,0.000000,-0.082321
0.824977,-0.100000,-0.100000,-0.099381,0.042860,0.000000,-0.082319
0.824966,-0.100000,-0.100000,-0.099390,0.042731,0.000000,-0.082317
0.824955,-0.100000,-0.100000,-0.099400,0.042602,0.000000,-0.082316
0.824944,-0.100000,-0.100000,-0.099409,0.042473,0.000000,-0.082314
0.824933,-0.100000,-0.100000,-0.099418,0.042345,0.000000,-0.082312
0.824921,-0.100000,-0.100000,-0.099427,0.042216,0.000000,-0.082310
0.824910,-0.100000,-0.100000,-0.099436,0.042088,0.000000,-0.082309
0.824899,-0.100000,-0.100000,-0.099445,0.041959,0.000000,-0.082307
0.824888,-0.100000,-0.100000,-0.099454,0.041831,0.000000,-0.082306
0.824877,-0.100000,-0.100000,-0.099463,0.041703,0.000000,-0.082304
0.824865,-0.100000,-0.100000,-0.099472,0.041575,0.000000,-0.082302
0.824854,-0.100000,-0.100000,-0.099480,0.041447,0.000000,-0.082301
0.824843,-0.100000,-0.100000,-0.099489,0.041320,0.000000,-0.082298
0.824832,-0.100000,-0.100000,-0.099497,0.041192,0.000000,-0.082295
0.824821,-0.100000,-0.100000,-0.099506,0.041064,0.000000,-0.082294
0.824809,-0.100000,-0.100000,-0.099514,0.040937,0.000000,-0.082292
0.824798,-0.100000,-0.100000,-0.099522,0.040810,0.000000,-0.082290
0.824787,-0.100000,-0.100000,-0.099531,0.040683,0.000000,-0.082289
0.824776,-0.100000,-0.100000,-0.099539,0.040556,0.000000,-0.082287
0.824765,-0.100000,-0.100000,-0.099547,0.040429,0.000000,-0.082285
0.824753,-0.100000,-0.100000,-0.099555,0.040302,0.000000,-0.082284
0.824742,-0.100000,-0.100000,-0.099563,0.040176,0.000000,-0.082282
0.824731,-0.100000,-0.100000,-0.099571,0.040049,0.000000,-0.082281
0.824720,-0.100000,-0.100000,-0.099578,0.039923,0.000000,-0.082279
0.824709,-0.100000,-0.100000,-0.099586,0.039797,0.000000,-0.082277
0.824697,-0.100000,-0.100000,-0.099594,0.039671,0.000000,-0.082276
0.824686,-0.100000,-0.100000,-0.099601,0.039544,0.000000,-0.082274
0.824675,-0.100000,-0.100000,-0.099609,0.039419,0.000000,-0.082272
0.824664,-0.100000,-0.100000,-0.099616,0.039293,0.000000,-0.082271
0.824653,-0.100000,-0.100000,-0.099624,0.039167,0.000000,-0.082269
0.824642,-0.100000,-0.100000,-0.099631,0.039042,0.000000,-0.082268
0.824630,-0.100000,-0.100000,-0.099638,0.038916,0.000000,-0.082266
0.824619,-0.100000,-0.100000,-0.099645,0.038791,0.000000,-0.082265
0.824608,-0.100000,-0.100000,-0.099653,0.038666,0.000000,-0.082263
0.824597,-0.100000,-0.100000,-0.099660,0.038541,0.000000,-0.082261
0.824586,-0.100000,-0.100000,-0.099666,0.038416,0.000000,-0.082260
0.824574,-0.100000,-0.100000,-0.099673,0.038291,0.000000,-0.082258
0.824563,-0.100000,-0.100000,-0.099680,0.038167,0.000000,-0.082256
0.824552,-0.100000,-0.100000,-0.099687,0.038042,0.000000,-0.082255
0.824541,-0.100000,-0.100000,-0.099694,0.037918,0.000000,-0.082253
0.824530,-0.100000,-0.100000,-0.099700,0.037793,0.000000,-0.082251
0.824519,-0.100000,-0.100000,-0.099707,0.037669,0.000000,-0.082250
0.824507,-0.100000,-0.100000,-0.099713,0.037545,0.000000,-0.082248
0.824496,-0.100000,-0.100000,-0.099719,0.037421,0.000000,-0.082246
0.824485,-0.100000,-0.100000,-0.099726,0.037297,0.000000,-0.082245
0.824474,-0.100000,-0.100000,-0.099732,0.037173,0.000000,-0.082243
0.824463,-0.100000,-0.100000,-0.099738,0.037050,0.000000,-0.082241
0.824451,-0.100000,-0.100000,-0.099744,0.036926,0.000000,-0.082239
0.824440,-0.100000,-0.100000,-0.099750,0.036803,0.000000,-0.082238
0.824429,-0.100000,-0.100000,-0.099756,0.036679,0.000000,-0.082236
0.824418,-0.100000,-0.100000,-0.099762,0.036556,0.000000,-0.082234
0.824407,-0.100000,-0.100000,-0.099768,0.036433,0.000000,-0.082233
0.824395,-0.100000,-0.100000,-0.099774,0.036310,0.000000,-0.082231
0.824384,-0.100000,-0.100000,-0.099779,0.036187,0.000000,-0.082229
0.824373,-0.100000,-0.100000,-0.099785,0.036064,0.000000,-0.082227
0.824362,-0.100000,-0.100000,-0.099790,0.035942,0.000000,-0.082226
0.824351,-0.100000,-0.100000,-0.099796,0.035819,0.000000,-0.082224
0.824339,-0.100000,-0.100000,-0.099801,0.035697,0.000000,-0.082222
0.824328,-0.100000,-0.100000,-0.099806,0.035574,0.000000,-0.082220
0.824317,-0.100000,-0.100000,-0.099812,0.035452,0.000000,-0.082219
0.824306,-0.100000,-0.100000,-0.099817,0.035330,0.000000,-0.082217
0.824295,-0.100000,-0.100000,-0.099822,0.035208,0.000000,-0.082215
0.824283,-0.100000,-0.100000,-0.099827,0.035086,0.000000,-0.082213
0.824272,-0.100000,-0.100000,-0.099832,0.034964,0.000000,-0.082212
0.824261,-0.100000,-0.100000,-0.099837,0.034842,0.000000,-0.082210
0.824250,-0.100000,-0.100000,-0.099841,0.034721,0.000000,-0.082209
0.824239,-0.100000,-0.100000,-0.099846,0.034599,0.000000,-0.082207
0.824227,-0.100000,-0.100000,-0.099851,0.034478,0.000000,-0.082205
0.824216,-0.100000,-0.100000,-0.099855,0.034357,0.000000,-0.082203
0.824205,-0.100000,-0.100000,-0.099860,0.034235,0.000000,-0.082202
0.824194,-0.100000,-0.100000,-0.099864,0.034114,0.000000,-0.082200
0.824183,-0.100000,-0.100000,-0.099869,0.033993,0.000000,-0.082198
0.824171,-0.100000,-0.100000,-0.099873,0.033872,0.000000,-0.082196
0.824160,-0.100000,-0.100000,-0.099877,0.033751,0.000000,-0.082195
0.824149,-0.100000,-0.100000,-0.099881,0.033631,0.000000,-0.082193
0.824138,-0.100000,-0.100000,-0.099885,0.033510,0.000000,-0.082191
0.824127,-0.100000,-0.100000,-0.099889,0.033390,0.000000,-0.082189
0.824115,-0.100000,-0.100000,-0.099893,0.033269,0.000000,-0.082188
0.824104,-0.100000,-0.100000,-0.099897,0.033149,0.000000,-0.082186
0.824093,-0.100000,-0.100000,-0.099901,0.033029,0.000000,-0.082184
0.824082,-0.100000,-0.100000,-0.099905,0.032909,0.000000,-0.082183
0.824071,-0.100000,-0.100000,-0.099908,0.032789,0.000000,-0.082181
0.824059,-0.100000,-0.100000,-0.099912,0.032669,0.000000,-0.082180
0.824048,-0.100000,-0.100000,-0.099916,0.032549,0.000000,-0.082178
0.824037,-0.100000,-0.100000,-0.099919,0.032429,0.000000,-0.082176
0.824026,-0.100000,-0.100000,-0.099922,0.032310,0.000000,-0.082174
0.824015,-0.100000,-0.100000,-0.099926,0.032190,0.000000,-0.082173
0.824003,-0.100000,-0.100000,-0.099929,0.032071,0.000000,-0.082171
0.823992,-0.100000,-0.100000,-0.099932,0.031952,0.000000,-0.082169
0.823981,-0.100000,-0.100000,-0.099935,0.031832,0.000000,-0.082168
0.823970,-0.100000,-0.100000,-0.099938,0.031713,0.000000,-0.082166
0.823958,-0.100000,-0.100000,-0.099941,0.031594,0.000000,-0.082164
0.823947,-0.100000,-0.100000,-0.099944,0.031476,0.000000,-0.082163
0.823936,-0.100000,-0.100000,-0.099947,0.031357,0.000000,-0.082161
0.823925,-0.100000,-0.100000,-0.099949,0.031238,0.000000,-0.082159
0.823914,-0.100000,-0.100000,-0.099952,0.031120,0.000000,-0.082157
0.823902,-0.100000,-0.100000,-0.099955,0.031001,0.000000,-0.082156
0.823891,-0.100000,-0.100000,-0.099957,0.030883,0.000000,-0.082154
0.823880,-0.100000,-0.100000,-0.099960,0.030765,0.000000,-0.082152
0.823869,-0.100000,-0.100000,-0.099962,0.030646,0.000000,-0.082151
0.823857,-0.100000,-0.100000,-0.099964,0.030528,0.000000,-0.082149
0.823846,-0.100000,-0.100000,-0.099967,0.030411,0.000000,-0.082148
0.823835,-0.100000,-0.100000,-0.099969,0.030293,0.000000,-0.082146
0.823824,-0.100000,-0.100000,-0.099971,0.030175,0.000000,-0.082144
0.823812,-0.100000,-0.100000,-0.099973,0.030057,0.000000,-0.082142
0.823801,-0.100000,-0.100000,-0.099975,0.029940,0.000000,-0.082141
0.823790,-0.100000,-0.100000,-0.099977,0.029823,0.000000,-0.082137
0.823779,-0.100000,-0.100000,-0.099978,0.029705,0.000000,-0.082134
0.823767,-0.100000,-0.100000,-0.099980,0.029588,0.000000,-0.082132
0.823756,-0.100000,-0.100000,-0.099982,0.029471,0.000000,-0.082130
0.823745,-0.100000,-0.100000,-0.099983,0.029354,0.000000,-0.082127
0.823734,-0.100000,-0.100000,-0.099985,0.029237,0.000000,-0.082125
0.823722,-0.100000,-0.100000,-0.099986,0.029120,0.000000,-0.082123
0.823711,-0.100000,-0.100000,-0.099988,0.029004,0.000000,-0.082121
0.823700,-0.100000,-0.100000,-0.099989,0.028887,0.000000,-0.082120
0.823689,-0.100000,-0.100000,-0.099990,0.028771,0.000000,-0.082118
0.823677,-0.100000,-0.100000,-0.099991,0.028655,0.000000,-0.082116
0.823666,-0.100000,-0.100000,-0.099992,0.028538,0.000000,-0.082114
0.823655,-0.100000,-0.100000,-0.099993,0.028422,0.000000,-0.082112
0.823644,-0.100000,-0.100000,-0.099994,0.028306,0.000000,-0.082111
0.823632,-0.100000,-0.100000,-0.099995,0.028190,0.000000,-0.082109
0.823621,-0.100000,-0.100000,-0.099996,0.028075,0.000000,-0.082108
0.823610,-0.100000,-0.100000,-0.099997,0.027959,0.000000,-0.082106
0.823598,-0.100000,-0.100000,-0.099997,0.027843,0.000000,-0.082105
0.823587,-0.100000,-0.100000,-0.099998,0.027728,0.000000,-0.082103
0.823576,-0.100000,-0.100000,-0.099998,0.027613,0.000000,-0.082102
0.823565,-0.100000,-0.100000,-0.099999,0.027497,0.000000,-0.082100
0.823553,-0.100000,-0.100000,-0.099999,0.027382,0.000000,-0.082099
0.823542,-0.100000,-0.100000,-0.100000,0.027267,0.000000,-0.082097
0.823531,-0.100000,-0.100000,-0.100000,0.027152,0.000000,-0.082096
0.823520,-0.100000,-0.100000,-0.100000,0.027038,0.000000,-0.082094
0.823508,-0.100000,-0.100000,-0.100000,0.026923,0.000000,-0.082093
0.823497,-0.100000,-0.100000,-0.100000,0.026808,0.000000,-0.082091
0.823486,-0.100000,-0.100000,-0.100000,0.026694,0.000000,-0.082090
0.823474,-0.100000,-0.100000,-0.100000,0.026580,0.000000,-0.082088
0.823463,-0.100000,-0.100000,-0.100000,0.026465,0.000000,-0.082086
0.823452,-0.100000,-0.100000,-0.100000,0.026351,0.000000,-0.082085
0.823441,-0.100000,-0.100000,-0.100000,0.026237,0.000000,-0.082083
0.823429,-0.100000,-0.100000,-0.100000,0.026123,0.000000,-0.082081
0.823418,-0.100000,-0.100000,-0.100000,0.026009,0.000000,-0.082080
0.823407,-0.100000,-0.100000,-0.100000,0.025896,0.000000,-0.082078
0.823395,-0.100000,-0.100000,-0.100000,0.025782,0.000000,-0.082077
0.823384,-0.100000,-0.100000,-0.100000,0.025668,0.000000,-0.082075
0.823373,-0.100000,-0.100000,-0.100000,0.025555,0.000000,-0.082073
0.823362,-0.100000,-0.100000,-0.100000,0.025441,0.000000,-0.082071
0.823350,-0.100000,-0.100000,-0.100000,0.025328,0.000000,-0.082069
0.823339,-0.100000,-0.100000,-0.100000,0.025215,0.000000,-0.082068
0.823328,-0.100000,-0.100000,-0.100000,0.025102,0.000000,-0.082066
0.823316,-0.100000,-0.100000,-0.100000,0.024989,0.000000,-0.082064
0.823305,-0.100000,-0.100000,-0.100000,0.024876,0.000000,-0.082063
0.823294,-0.100000,-0.100000,-0.100000,0.024763,0.000000,-0.082061
0.823282,-0.100000,-0.100000,-0.100000,0.024651,0.000000,-0.082060
0.823271,-0.100000,-0.100000,-0.100000,0.024538,0.000000,-0.082058
0.823260,-0.100000,-0.100000,-0.100000,0.024426,0.000000,-0.082056
0.823249,-0.100000,-0.100000,-0.100000,0.024313,0.000000,-0.082054
0.823237,-0.100000,-0.100000,-0.100000,0.024201,0.000000,-0.082052
0.823226,-0.100000,-0.100000,-0.100000,0.024089,0.000000,-0.082051
0.823215,-0.100000,-0.100000,-0.100000,0.023977,0.000000,-0.082049
0.823203,-0.100000,-0.100000,-0.100000,0.023865,0.000000,-0.082047
0.823192,-0.100000,-0.100000,-0.100000,0.023753,0.000000,-0.082046
0.823181,-0.100000,-0.100000,-0.100000,0.023641,0.000000,-0.082044
0.823169,-0.100000,-0.100000,-0.100000,0.023529,0.000000,-0.082042
0.823158,-0.100000,-0.100000,-0.100000,0.023418,0.000000,-0.082040
0.823147,-0.100000,-0.100000,-0.100000,0.023306,0.000000,-0.082039
0.823135,-0.100000,-0.100000,-0.100000,0.023195,0.000000,-0.082037
0.823124,-0.100000,-0.100000,-0.100000,0.023083,0.000000,-0.082035
0.823113,-0.100000,-0.100000,-0.100000,0.022972,0.000000,-0.082034
0.823101,-0.100000,-0.100000,-0.100000,0.022861,0.000000,-0.082032
0.823090,-0.100000,-0.100000,-0.100000,0.022750,0.000000,-0.082030
0.823079,-0.100000,-0.100000,-0.100000,0.022639,0.000000,-0.082029
0.823067,-0.100000,-0.100000,-0.100000,0.022528,0.000000,-0.082027
0.823056,-0.100000,-0.100000,-0.100000,0.022417,0.000000,-0.082025
0.823045,-0.100000,-0.100000,-0.100000,0.022307,0.000000,-0.082023
0.823033,-0.100000,-0.100000,-0.100000,0.022196,0.000000,-0.082022
0.823022,-0.100000,-0.100000,-0.100000,0.022086,0.000000,-0.082020
0.823011,-0.100000,-0.100000,-0.100000,0.021975,0.000000,-0.082018
0.822999,-0.100000,-0.100000,-0.100000,0.021865,0.000000,-0.082017
0.822988,-0.100000,-0.100000,-0.100000,0.021755,0.000000,-0.082015
0.822977,-0.100000,-0.100000,-0.100000,0.021645,0.000000,-0.082013
0.822965,-0.100000,-0.100000,-0.100000,0.021535,0.000000,-0.082012
0.822954,-0.100000,-0.100000,-0.100000,0.021425,0.000000,-0.082010
0.822943,-0.100000,-0.100000,-0.100000,0.021315,0.000000,-0.082008
0.822931,-0.100000,-0.100000,-0.100000,0.021205,0.000000,-0.082006
0.822920,-0.100000,-0.100000,-0.100000,0.021096,0.000000,-0.082005
0.822909,-0.100000,-0.100000,-0.100000,0.020986,0.000000,-0.082003
0.822897,-0.100000,-0.100000,-0.100000,0.020877,0.000000,-0.082002
0.822886,-0.100000,-0.100000,-0.100000,0.020767,0.000000,-0.082000
0.822875,-0.100000,-0.100000,-0.100000,0.020658,0.000000,-0.081998
0.822863,-0.100000,-0.100000,-0.100000,0.020549,0.000000,-0.081997
0.822852,-0.100000,-0.100000,-0.100000,0.020440,0.000000,-0.081995
0.822841,-0.100000,-0.100000,-0.100000,0.020331,0.000000,-0.081993
0.822829,-0.100000,-0.100000,-0.100000,0.020222,0.000000,-0.081991
0.822818,-0.100000,-0.100000,-0.100000,0.020113,0.000000,-0.081989
0.822806,-0.100000,-0.100000,-0.100000,0.020005,0.000000,-0.081986
0.822795,-0.100000,-0.100000,-0.100000,0.019896,0.000000,-0.081984
0.822784,-0.100000,-0.100000,-0.100000,0.019788,0.000000,-0.081982
0.822772,-0.100000,-0.100000,-0.100000,0.019679,0.000000,-0.081980
0.822761,-0.100000,-0.100000,-0.100000,0.019571,0.000000,-0.081978
0.822750,-0.100000,-0.100000,-0.100000,0.019463,0.000000,-0.081976
0.822738,-0.100000,-0.100000,-0.100000,0.019355,0.000000,-0.081975
0.822727,-0.100000,-0.100000,-0.100000,0.019247,0.000000,-0.081973
0.822716,-0.100000,-0.100000,-0.100000,0.019139,0.000000,-0.081971
0.822704,-0.100000,-0.100000,-0.100000,0.019031,0.000000,-0.081970
0.822693,-0.100000,-0.100000,-0.100000,0.018924,0.000000,-0.081968
0.822682,-0.100000,-0.100000,-0.100000,0.018816,0.000000,-0.081966
0.822670,-0.100000,-0.100000,-0.100000,0.018708,0.000000,-0.081965
0.822659,-0.100000,-0.100000,-0.100000,0.018601,0.000000,-0.081963
0.822647,-0.100000,-0.100000,-0.100000,0.018494,0.000000,-0.081962
0.822636,-0.100000,-0.100000,-0.100000,0.018387,0.000000,-0.081960
0.822625,-0.100000,-0.100000,-0.100000,0.018280,0.000000,-0.081959
0.822613,-0.100000,-0.100000,-0.100000,0.018173,0.000000,-0.081957
0.822602,-0.100000,-0.100000,-0.100000,0.018066,0.000000,-0.081956
0.822591,-0.100000,-0.100000,-0.100000,0.017959,0.000000,-0.081953
0.822579,-0.100000,-0.100000,-0.100000,0.017852,0.000000,-0.081950
0.822568,-0.100000,-0.100000,-0.100000,0.017746,0.000000,-0.081949
0.822556,-0.100000,-0.100000,-0.100000,0.017639,0.000000,-0.081947
0.822545,-0.100000,-0.100000,-0.100000,0.017533,0.000000,-0.081946
0.822534,-0.100000,-0.100000,-0.100000,0.017427,0.000000,-0.081944
0.822522,-0.100000,-0.100000,-0.100000,0.017321,0.000000,-0.081943
0.822511,-0.100000,-0.100000,-0.100000,0.017215,0.000000,-0.081941
0.822499,-0.100000,-0.100000,-0.100000,0.017109,0.000000,-0.081940
0.822488,-0.100000,-0.100000,-0.100000,0.017003,0.000000,-0.081938
0.822477,-0.100000,-0.100000,-0.100000,0.016897,0.000000,-0.081937
0.822465,-0.100000,-0.100000,-0.100000,0.016791,0.000000,-0.081935
0.822454,-0.100000,-0.100000,-0.100000,0.016686,0.000000,-0.081934
0.822442,-0.100000,-0.100000,-0.100000,0.016580,0.000000,-0.081932
0.822431,-0.100000,-0.100000,-0.100000,0.016475,0.000000,-0.081931
0.822420,-0.100000,-0.100000,-0.100000,0.016370,0.000000,-0.081929
0.822408,-0.100000,-0.100000,-0.100000,0.016265,0.000000,-0.081928
0.822397,-0.100000,-0.100000,-0.100000,0.016160,0.000000,-0.081926
0.822385,-0.100000,-0.100000,-0.100000,0.016055,0.000000,-0.081924
0.822374,-0.100000,-0.100000,-0.100000,0.015950,0.000000,-0.081923
0.822363,-0.100000,-0.100000,-0.100000,0.015845,0.000000,-0.081921
0.822351,-0.100000,-0.100000,-0.100000,0.015741,0.000000,-0.081919
0.822340,-0.100000,-0.100000,-0.100000,0.015636,0.000000,-0.081918
0.822328,-0.100000,-0.100000,-0.100000,0.015532,0.000000,-0.081916
0.822317,-0.100000,-0.100000,-0.100000,0.015427,0.000000,-0.081915
0.822306,-0.100000,-0.100000,-0.100000,0.015323,0.000000,-0.081913
0.822294,-0.100000,-0.100000,-0.100000,0.015219,0.000000,-0.081911
0.822283,-0.100000,-0.100000,-0.100000,0.015115,0.000000,-0.081909
0.822271,-0.100000,-0.100000,-0.100000,0.015011,0.000000,-0.081908
0.822260,-0.100000,-0.100000,-0.100000,0.014907,0.000000,-0.081906
0.822249,-0.100000,-0.100000,-0.100000,0.014803,0.000000,-0.081904
0.822237,-0.100000,-0.100000,-0.100000,0.014700,0.000000,-0.081903
0.822226,-0.100000,-0.100000,-0.100000,0.014596,0.000000,-0.081901
0.822214,-0.100000,-0.100000,-0.100000,0.014492,0.000000,-0.081899
0.822203,-0.100000,-0.100000,-0.100000,0.014389,0.000000,-0.081897
0.822191,-0.100000,-0.100000,-0.100000,0.014286,0.000000,-0.081896
0.822180,-0.100000,-0.100000,-0.100000,0.014183,0.000000,-0.081894
0.822169,-0.100000,-0.100000,-0.100000,0.014079,0.000000,-0.081892
0.822157,-0.100000,-0.100000,-0.100000,0.013976,0.000000,-0.081891
0.822146,-0.100000,-0.100000,-0.100000,0.013873,0.000000,-0.081889
0.822134,-0.100000,-0.100000,-0.100000,0.013771,0.000000,-0.081887
0.822123,-0.100000,-0.100000,-0.100000,0.013668,0.000000,-0.081885
0.822111,-0.100000,-0.100000,-0.100000,0.013565,0.000000,-0.081884
0.822100,-0.100000,-0.100000,-0.100000,0.013462,0.000000,-0.081882
0.822088,-0.100000,-0.100000,-0.100000,0.013360,0.000000,-0.081880
0.822077,-0.100000,-0.100000,-0.100000,0.013258,0.000000,-0.081879
0.822066,-0.100000,-0.100000,-0.100000,0.013155,0.000000,-0.081877
0.822054,-0.100000,-0.100000,-0.100000,0.013053,0.000000,-0.081875
0.822043,-0.100000,-0.100000,-0.100000,0.012951,0.000000,-0.081874
0.822031,-0.100000,-0.100000,-0.100000,0.012849,0.000000,-0.081872
0.822020,-0.100000,-0.100000,-0.100000,0.012747,0.000000,-0.081870
0.822008,-0.100000,-0.100000,-0.100000,0.012645,0.000000,-0.081868
0.821997,-0.100000,-0.100000,-0.100000,0.012543,0.000000,-0.081867
0.821986,-0.100000,-0.100000,-0.100000,0.012441,0.000000,-0.081865
0.821974,-0.100000,-0.100000,-0.100000,0.012340,0.000000,-0.081863
0.821963,-0.100000,-0.100000,-0.100000,0.012238,0.000000,-0.081862
0.821951,-0.100000,-0.100000,-0.100000,0.012137,0.000000,-0.081860
0.821940,-0.100000,-0.100000,-0.100000,0.012035,0.000000,-0.081858
0.821928,-0.100000,-0.100000,-0.100000,0.011934,0.000000,-0.081857
0.821917,-0.100000,-0.100000,-0.100000,0.011833,0.000000,-0.081855
0.821905,-0.100000,-0.100000,-0.100000,0.011732,0.000000,-0.081853
0.821894,-0.100000,-0.100000,-0.100000,0.011631,0.000000,-0.081851
0.821882,-0.100000,-0.100000,-0.100000,0.011530,0.000000,-0.081850
0.821871,-0.100000,-0.100000,-0.100000,0.011429,0.000000,-0.081848
0.821860,-0.100000,-0.100000,-0.100000,0.011328,0.000000,-0.081847
0.821848,-0.100000,-0.100000,-0.100000,0.011227,0.000000,-0.081845
0.821837,-0.100000,-0.100000,-0.100000,0.011127,0.000000,-0.081843
0.821825,-0.100000,-0.100000,-0.100000,0.011026,0.000000,-0.081842
0.821814,-0.100000,-0.100000,-0.100000,0.010926,0.000000,-0.081840
0.821802,-0.100000,-0.100000,-0.100000,0.010825,0.000000,-0.081838
0.821791,-0.100000,-0.100000,-0.100000,0.010725,0.000000,-0.081837
0.821779,-0.100000,-0.100000,-0.100000,0.010625,0.000000,-0.081835
0.821768,-0.100000,-0.100000,-0.100000,0.010525,0.000000,-0.081833
0.821756,-0.100000,-0.100000,-0.100000,0.010425,0.000000,-0.081832
0.821745,-0.100000,-0.100000,-0.100000,0.010325,0.000000,-0.081830
0.821733,-0.100000,-0.100000,-0.100000,0.010225,0.000000,-0.081829
0.821722,-0.100000,-0.100000,-0.100000,0.010125,0.000000,-0.081827
0.821710,-0.100000,-0.100000,-0.100000,0.010026,0.000000,-0.081825
0.821699,-0.100000,-0.100000,-0.100000,0.009926,0.000000,-0.081823
0.821687,-0.100000,-0.100000,-0.100000,0.009827,0.000000,-0.081822
0.821676,-0.100000,-0.100000,-0.100000,0.009727,0.000000,-0.081820
0.821665,-0.100000,-0.100000,-0.100000,0.009628,0.000000,-0.081818
0.821653,-0.100000,-0.100000,-0.100000,0.009529,0.000000,-0.081817
0.821642,-0.100000,-0.100000,-0.100000,0.009429,0.000000,-0.081815
0.821630,-0.100000,-0.100000,-0.100000,0.009330,0.000000,-0.081814
0.821619,-0.100000,-0.100000,-0.100000,0.009231,0.000000,-0.081812
0.821607,-0.100000,-0.100000,-0.100000,0.009133,0.000000,-0.081810
0.821596,-0.100000,-0.100000,-0.100000,0.009034,0.000000,-0.081809
0.821584,-0.100000,-0.100000,-0.100000,0.008935,0.000000,-0.081807
0.821573,-0.100000,-0.100000,-0.100000,0.008836,0.000000,-0.081806
0.821561,-0.100000,-0.100000,-0.100000,0.008738,0.000000,-0.081804
0.821550,-0.100000,-0.100000,-0.100000,0.008639,0.000000,-0.081802
0.821538,-0.100000,-0.100000,-0.100000,0.008541,0.000000,-0.081800
0.821527,-0.100000,-0.100000,-0.100000,0.008443,0.000000,-0.081799
0.821515,-0.100000,-0.100000,-0.100000,0.008345,0.000000,-0.081797
0.821504,-0.100000,-0.100000,-0.100000,0.008246,0.000000,-0.081795
0.821492,-0.100000,-0.100000,-0.100000,0.008148,0.000000,-0.081794
0.821481,-0.100000,-0.100000,-0.100000,0.008051,0.000000,-0.081792
0.821469,-0.100000,-0.100000,-0.100000,0.007953,0.000000,-0.081791
0.821458,-0.100000,-0.100000,-0.100000,0.007855,0.000000,-0.081789
0.821446,-0.100000,-0.100000,-0.100000,0.007757,0.000000,-0.081788
0.821435,-0.100000,-0.100000,-0.100000,0.007660,0.000000,-0.081786
0.821423,-0.100000,-0.100000,-0.100000,0.007562,0.000000,-0.081782
0.821412,-0.100000,-0.100000,-0.100000,0.007465,0.000000,-0.081780
0.821400,-0.100000,-0.100000,-0.100000,0.007368,0.000000,-0.081777
0.821389,-0.100000,-0.100000,-0.100000,0.007270,0.000000,-0.081775
0.821377,-0.100000,-0.100000,-0.100000,0.007173,0.000000,-0.081773
0.821366,-0.100000,-0.100000,-0.100000,0.007076,0.000000,-0.081771
0.821354,-0.100000,-0.100000,-0.100000,0.006979,0.000000,-0.081769
0.821343,-0.100000,-0.100000,-0.100000,0.006883,0.000000,-0.081767
0.821331,-0.100000,-0.100000,-0.100000,0.006786,0.000000,-0.081765
0.821320,-0.100000,-0.100000,-0.100000,0.006689,0.000000,-0.081763
0.821308,-0.100000,-0.100000,-0.100000,0.006593,0.000000,-0.081762
0.821297,-0.100000,-0.100000,-0.100000,0.006496,0.000000,-0.081760
0.821285,-0.100000,-0.100000,-0.100000,0.006400,0.000000,-0.081758
0.821274,-0.100000,-0.100000,-0.100000,0.006303,0.000000,-0.081756
0.821262,-0.100000,-0.100000,-0.100000,0.006207,0.000000,-0.081755
0.821251,-0.100000,-0.100000,-0.100000,0.006111,0.000000,-0.081753
0.821239,-0.100000,-0.100000,-0.100000,0.006015,0.000000,-0.081752
0.821228,-0.100000,-0.100000,-0.100000,0.005919,0.000000,-0.081750
0.821216,-0.100000,-0.100000,-0.100000,0.005823,0.000000,-0.081749
0.821204,-0.100000,-0.100000,-0.100000,0.005728,0.000000,-0.081747
0.821193,-0.100000,-0.100000,-0.100000,0.005632,0.000000,-0.081746
0.821181,-0.100000,-0.100000,-0.100000,0.005537,0.000000,-0.081744
0.821170,-0.100000,-0.100000,-0.100000,0.005441,0.000000,-0.081742
0.821158,-0.100000,-0.100000,-0.100000,0.005346,0.000000,-0.081741
0.821147,-0.100000,-0.100000,-0.100000,0.005250,0.000000,-0.081739
0.821135,-0.100000,-0.100000,-0.100000,0.005155,0.000000,-0.081738
0.821124,-0.100000,-0.100000,-0.100000,0.005060,0.000000,-0.081736
0.821112,-0.100000,-0.100000,-0.100000,0.004965,0.000000,-0.081734
0.821101,-0.100000,-0.100000,-0.100000,0.004870,0.000000,-0.081733
0.821089,-0.100000,-0.100000,-0.100000,0.004775,0.000000,-0.081731
0.821078,-0.100000,-0.100000,-0.100000,0.004680,0.000000,-0.081730
0.821066,-0.100000,-0.100000,-0.100000,0.004586,0.000000,-0.081728
0.821055,-0.100000,-0.100000,-0.100000,0.004491,0.000000,-0.081726
0.821043,-0.100000,-0.100000,-0.100000,0.004397,0.000000,-0.081725
0.821031,-0.100000,-0.100000,-0.100000,0.004302,0.000000,-0.081723
0.821020,-0.100000,-0.100000,-0.100000,0.004208,0.000000,-0.081721
0.821008,-0.100000,-0.100000,-0.100000,0.004114,0.000000,-0.081720
0.820997,-0.100000,-0.100000,-0.100000,0.004020,0.000000,-0.081718
0.820985,-0.100000,-0.100000,-0.100000,0.003925,0.000000,-0.081716
0.820974,-0.100000,-0.100000,-0.100000,0.003831,0.000000,-0.081714
0.820962,-0.100000,-0.100000,-0.100000,0.003738,0.000000,-0.081713
0.820951,-0.100000,-0.100000,-0.100000,0.003644,0.000000,-0.081711
0.820939,-0.100000,-0.100000,-0.100000,0.003550,0.000000,-0.081709
0.820928,-0.100000,-0.100000,-0.100000,0.003456,0.000000,-0.081708
0.820916,-0.100000,-0.100000,-0.100000,0.003363,0.000000,-0.081706
0.820904,-0.100000,-0.100000,-0.100000,0.003269,0.000000,-0.081704
0.820893,-0.100000,-0.100000,-0.100000,0.003176,0.000000,-0.081703
0.820881,-0.100000,-0.100000,-0.100000,0.003082,0.000000,-0.081701
0.820870,-0.100000,-0.100000,-0.100000,0.002989,0.000000,-0.081699
0.820858,-0.100000,-0.100000,-0.100000,0.002896,0.000000,-0.081698
0.820847,-0.100000,-0.100000,-0.100000,0.002803,0.000000,-0.081696
0.820835,-0.100000,-0.100000,-0.100000,0.002710,0.000000,-0.081694
0.820823,-0.100000,-0.100000,-0.100000,0.002617,0.000000,-0.081692
0.820812,-0.100000,-0.100000,-0.100000,0.002524,0.000000,-0.081691
0.820800,-0.100000,-0.100000,-0.100000,0.002431,0.000000,-0.081689
0.820789,-0.100000,-0.100000,-0.100000,0.002338,0.000000,-0.081687
0.820777,-0.100000,-0.100000,-0.100000,0.002246,0.000000,-0.081686
0.820766,-0.100000,-0.100000,-0.100000,0.002153,0.000000,-0.081684
0.820754,-0.100000,-0.100000,-0.100000,0.002061,0.000000,-0.081682
0.820742,-0.100000,-0.100000,-0.100000,0.001968,0.000000,-0.081681
0.820731,-0.100000,-0.100000,-0.100000,0.001876,0.000000,-0.081679
0.820719,-0.100000,-0.100000,-0.100000,0.001784,0.000000,-0.081677
0.820708,-0.100000,-0.100000,-0.100000,0.001691,0.000000,-0.081675
0.820696,-0.100000,-0.100000,-0.100000,0.001599,0.000000,-0.081674
0.820685,-0.100000,-0.100000,-0.100000,0.001507,0.000000,-0.081672
0.820673,-0.100000,-0.100000,-0.100000,0.001415,0.000000,-0.081670
0.820662,-0.100000,-0.100000,-0.100000,0.001323,0.000000,-0.081669
0.820650,-0.100000,-0.100000,-0.100000,0.001232,0.000000,-0.081667
0.820638,-0.100000,-0.100000,-0.100000,0.001140,0.000000,-0.081666
0.820627,-0.100000,-0.100000,-0.100000,0.001048,0.000000,-0.081664
0.820615,-0.100000,-0.100000,-0.100000,0.000957,0.000000,-0.081662
0.820604,-0.100000,-0.100000,-0.100000,0.000865,0.000000,-0.081661
0.820592,-0.100000,-0.100000,-0.100000,0.000774,0.000000,-0.081659
0.820580,-0.100000,-0.100000,-0.100000,0.000683,0.000000,-0.081657
0.820569,-0.100000,-0.100000,-0.100000,0.000591,0.000000,-0.081655
0.820557,-0.100000,-0.100000,-0.100000,0.000500,0.000000,-0.081654
0.820546,-0.100000,-0.100000,-0.100000,0.000409,0.000000,-0.081652
0.820534,-0.100000,-0.100000,-0.100000,0.000318,0.000000,-0.081650
0.820522,-0.100000,-0.100000,-0.100000,0.000227,0.000000,-0.081649
0.820511,-0.100000,-0.100000,-0.100000,0.000136,0.000000,-0.081647
0.820499,-0.100000,-0.100000,-0.100000,0.000046,0.000000,-0.081646
0.820488,-0.100000,-0.100000,-0.100000,-0.000045,0.000000,-0.081644
0.820476,-0.100000,-0.100000,-0.100000,-0.000136,0.000000,-0.081642
0.820464,-0.100000,-0.100000,-0.100000,-0.000226,0.000000,-0.081641
0.820453,-0.100000,-0.100000,-0.100000,-0.000317,0.000000,-0.081639
0.820441,-0.100000,-0.100000,-0.100000,-0.000407,0.000000,-0.081637
0.820430,-0.100000,-0.100000,-0.100000,-0.000497,0.000000,-0.081635
0.820418,-0.100000,-0.100000,-0.100000,-0.000587,0.000000,-0.081634
0.820406,-0.100000,-0.100000,-0.100000,-0.000678,0.000000,-0.081632
0.820395,-0.100000,-0.100000,-0.100000,-0.000768,0.000000,-0.081630
0.820383,-0.100000,-0.100000,-0.100000,-0.000858,0.000000,-0.081629
0.820372,-0.100000,-0.100000,-0.100000,-0.000947,0.000000,-0.081627
0.820360,-0.100000,-0.100000,-0.100000,-0.001037,0.000000,-0.081625
0.820348,-0.100000,-0.100000,-0.100000,-0.001127,0.000000,-0.081623
0.820337,-0.100000,-0.100000,-0.100000,-0.001217,0.000000,-0.081621
0.820325,-0.100000,-0.100000,-0.100000,-0.001306,0.000000,-0.081619
0.820314,-0.100000,-0.100000,-0.100000,-0.001396,0.000000,-0.081617
0.820302,-0.100000,-0.100000,-0.100000,-0.001485,0.000000,-0.081615
0.820290,-0.100000,-0.100000,-0.100000,-0.001574,0.000000,-0.081613
0.820279,-0.100000,-0.100000,-0.100000,-0.001664,0.000000,-0.081611
0.820267,-0.100000,-0.100000,-0.100000,-0.001753,0.000000,-0.081610
0.820256,-0.100000,-0.100000,-0.100000,-0.001842,0.000000,-0.081608
0.820244,-0.100000,-0.100000,-0.100000,-0.001931,0.000000,-0.081606
0.820232,-0.100000,-0.100000,-0.100000,-0.002020,0.000000,-0.081604
0.820221,-0.100000,-0.100000,-0.100000,-0.002108,0.000000,-0.081603
0.820209,-0.100000,-0.100000,-0.100000,-0.002197,0.000000,-0.081601
0.820197,-0.100000,-0.100000,-0.100000,-0.002286,0.000000,-0.081599
0.820186,-0.100000,-0.100000,-0.100000,-0.002374,0.000000,-0.081598
0.820174,-0.100000,-0.100000,-0.100000,-0.002463,0.000000,-0.081596
0.820163,-0.100000,-0.100000,-0.100000,-0.002551,0.000000,-0.081595
0.820151,-0.100000,-0.100000,-0.100000,-0.002640,0.000000,-0.081593
0.820139,-0.100000,-0.100000,-0.100000,-0.002728,0.000000,-0.081591
0.820128,-0.100000,-0.100000,-0.100000,-0.002816,0.000000,-0.081590
0.820116,-0.100000,-0.100000,-0.100000,-0.002904,0.000000,-0.081586
0.820104,-0.100000,-0.100000,-0.100000,-0.002992,0.000000,-0.081585
0.820093,-0.100000,-0.100000,-0.100000,-0.003080,0.000000,-0.081583
0.820081,-0.100000,-0.100000,-0.100000,-0.003168,0.000000,-0.081581
0.820069,-0.100000,-0.100000,-0.100000,-0.003255,0.000000,-0.081579
0.820058,-0.100000,-0.100000,-0.100000,-0.003343,0.000000,-0.081578
0.820046,-0.100000,-0.100000,-0.100000,-0.003431,0.000000,-0.081576
0.820035,-0.100000,-0.100000,-0.100000,-0.003518,0.000000,-0.081574
0.820023,-0.100000,-0.100000,-0.100000,-0.003605,0.000000,-0.081573
0.820011,-0.100000,-0.100000,-0.100000,-0.003693,0.000000,-0.081571
0.820000,-0.100000,-0.100000,-0.100000,-0.003780,0.000000,-0.081570
0.819988,-0.100000,-0.100000,-0.100000,-0.003867,0.000000,-0.081568
0.819976,-0.100000,-0.100000,-0.100000,-0.003954,0.000000,-0.081566
0.819965,-0.100000,-0.100000,-0.100000,-0.004041,0.000000,-0.081565
0.819953,-0.100000,-0.100000,-0.100000,-0.004128,0.000000,-0.081563
0.819941,-0.100000,-0.100000,-0.100000,-0.004215,0.000000,-0.081561
0.819930,-0.100000,-0.100000,-0.100000,-0.004302,0.000000,-0.081560
0.819918,-0.100000,-0.100000,-0.100000,-0.004388,0.000000,-0.081558
0.819906,-0.100000,-0.100000,-0.100000,-0.004475,0.000000,-0.081557
0.819895,-0.100000,-0.100000,-0.100000,-0.004561,0.000000,-0.081555
0.819883,-0.100000,-0.100000,-0.100000,-0.004648,0.000000,-0.081553
0.819871,-0.100000,-0.100000,-0.100000,-0.004734,0.000000,-0.081552
0.819860,-0.100000,-0.100000,-0.100000,-0.004820,0.000000,-0.081550
0.819848,-0.100000,-0.100000,-0.100000,-0.004906,0.000000,-0.081549
0.819836,-0.100000,-0.100000,-0.100000,-0.004992,0.000000,-0.081547
0.819825,-0.100000,-0.100000,-0.100000,-0.005078,0.000000,-0.081545
0.819813,-0.100000,-0.100000,-0.100000,-0.005164,0.000000,-0.081543
0.819802,-0.100000,-0.100000,-0.100000,-0.005250,0.000000,-0.081542
0.819790,-0.100000,-0.100000,-0.100000,-0.005336,0.000000,-0.081540
0.819778,-0.100000,-0.100000,-0.100000,-0.005421,0.000000,-0.081538
0.819767,-0.100000,-0.100000,-0.100000,-0.005507,0.000000,-0.081537
0.819755,-0.100000,-0.100000,-0.100000,-0.005592,0.000000,-0.081535
0.819743,-0.100000,-0.100000,-0.100000,-0.005678,0.000000,-0.081533
0.819732,-0.100000,-0.100000,-0.100000,-0.005763,0.000000,-0.081531
0.819720,-0.100000,-0.100000,-0.100000,-0.005849,0.000000,-0.081530
0.819708,-0.100000,-0.100000,-0.100000,-0.005934,0.000000,-0.081528
0.819696,-0.100000,-0.100000,-0.100000,-0.006019,0.000000,-0.081526
0.819685,-0.100000,-0.100000,-0.100000,-0.006104,0.000000,-0.081525
0.819673,-0.100000,-0.100000,-0.100000,-0.006189,0.000000,-0.081523
0.819661,-0.100000,-0.100000,-0.100000,-0.006274,0.000000,-0.081521
0.819650,-0.100000,-0.100000,-0.100000,-0.006359,0.000000,-0.081520
0.819638,-0.100000,-0.100000,-0.100000,-0.006443,0.000000,-0.081517
0.819626,-0.100000,-0.100000,-0.100000,-0.006528,0.000000,-0.081516
0.819615,-0.100000,-0.100000,-0.100000,-0.006613,0.000000,-0.081514
0.819603,-0.100000,-0.100000,-0.100000,-0.006697,0.000000,-0.081513
0.819591,-0.100000,-0.100000,-0.100000,-0.006782,0.000000,-0.081511
0.819580,-0.100000,-0.100000,-0.100000,-0.006866,0.000000,-0.081509
0.819568,-0.100000,-0.100000,-0.100000,-0.006950,0.000000,-0.081508
0.819556,-0.100000,-0.100000,-0.100000,-0.007035,0.000000,-0.081506
0.819545,-0.100000,-0.100000,-0.100000,-0.007119,0.000000,-0.081504
0.819533,-0.100000,-0.100000,-0.100000,-0.007203,0.000000,-0.081502
0.819521,-0.100000,-0.100000,-0.100000,-0.007287,0.000000,-0.081501
0.819509,-0.100000,-0.100000,-0.100000,-0.007371,0.000000,-0.081499
0.819498,-0.100000,-0.100000,-0.100000,-0.007455,0.000000,-0.081497
0.819486,-0.100000,-0.100000,-0.100000,-0.007538,0.000000,-0.081496
0.819474,-0.100000,-0.100000,-0.100000,-0.007622,0.000000,-0.081494
0.819463,-0.100000,-0.100000,-0.100000,-0.007706,0.000000,-0.081492
0.819451,-0.100000,-0.100000,-0.100000,-0.007789,0.000000,-0.081490
0.819439,-0.100000,-0.100000,-0.100000,-0.007873,0.000000,-0.081489
0.819428,-0.100000,-0.100000,-0.100000,-0.007956,0.000000,-0.081487
0.819416,-0.100000,-0.100000,-0.100000,-0.008040,0.000000,-0.081485
0.819404,-0.100000,-0.100000,-0.100000,-0.008123,0.000000,-0.081484
0.819393,-0.100000,-0.100000,-0.100000,-0.008206,0.000000,-0.081482
0.819381,-0.100000,-0.100000,-0.100000,-0.008289,0.000000,-0.081480
0.819369,-0.100000,-0.100000,-0.100000,-0.008372,0.000000,-0.081478
0.819357,-0.100000,-0.100000,-0.100000,-0.008455,0.000000,-0.081477
0.819346,-0.100000,-0.100000,-0.100000,-0.008538,0.000000,-0.081475
0.819334,-0.100000,-0.100000,-0.100000,-0.008621,0.000000,-0.081474
0.819322,-0.100000,-0.100000,-0.100000,-0.008704,0.000000,-0.081472
0.819311,-0.100000,-0.100000,-0.100000,-0.008787,0.000000,-0.081470
0.819299,-0.100000,-0.100000,-0.100000,-0.008869,0.000000,-0.081469
0.819287,-0.100000,-0.100000,-0.100000,-0.008952,0.000000,-0.081467
0.819275,-0.100000,-0.100000,-0.100000,-0.009035,0.000000,-0.081465
0.819264,-0.100000,-0.100000,-0.100000,-0.009117,0.000000,-0.081464
0.819252,-0.100000,-0.100000,-0.100000,-0.009199,0.000000,-0.081462
0.819240,-0.100000,-0.100000,-0.100000,-0.009282,0.000000,-0.081460
0.819229,-0.100000,-0.100000,-0.100000,-0.009364,0.000000,-0.081459
0.819217,-0.100000,-0.100000,-0.100000,-0.009446,0.000000,-0.081457
0.819205,-0.100000,-0.100000,-0.100000,-0.009528,0.000000,-0.081455
0.819193,-0.100000,-0.100000,-0.100000,-0.009610,0.000000,-0.081454
0.819182,-0.100000,-0.100000,-0.100000,-0.009692,0.000000,-0.081452
0.819170,-0.100000,-0.100000,-0.100000,-0.009774,0.000000,-0.081450
0.819158,-0.100000,-0.100000,-0.100000,-0.009856,0.000000,-0.081449
0.819147,-0.100000,-0.100000,-0.100000,-0.009938,0.000000,-0.081447
0.819135,-0.100000,-0.100000,-0.100000,-0.010019,0.000000,-0.081445
0.819123,-0.100000,-0.100000,-0.100000,-0.010101,0.000000,-0.081444
0.819111,-0.100000,-0.100000,-0.100000,-0.010183,0.000000,-0.081442
0.819100,-0.100000,-0.100000,-0.100000,-0.010264,0.000000,-0.081440
0.819088,-0.100000,-0.100000,-0.100000,-0.010345,0.000000,-0.081439
0.819076,-0.100000,-0.100000,-0.100000,-0.010427,0.000000,-0.081437
0.819064,-0.100000,-0.100000,-0.100000,-0.010508,0.000000,-0.081436
0.819053,-0.100000,-0.100000,-0.100000,-0.010589,0.000000,-0.081434
0.819041,-0.100000,-0.100000,-0.100000,-0.010670,0.000000,-0.081432
0.819029,-0.100000,-0.100000,-0.100000,-0.010751,0.000000,-0.081431
0.819018,-0.100000,-0.100000,-0.100000,-0.010832,0.000000,-0.081429
0.819006,-0.100000,-0.100000,-0.100000,-0.010913,0.000000,-0.081427
0.818994,-0.100000,-0.100000,-0.100000,-0.010994,0.000000,-0.081426
0.818982,-0.100000,-0.100000,-0.100000,-0.011075,0.000000,-0.081424
0.818971,-0.100000,-0.100000,-0.100000,-0.011155,0.000000,-0.081422
0.818959,-0.100000,-0.100000,-0.100000,-0.011236,0.000000,-0.081421
0.818947,-0.100000,-0.100000,-0.100000,-0.011317,0.000000,-0.081419
0.818935,-0.100000,-0.100000,-0.100000,-0.011397,0.000000,-0.081415
0.818924,-0.100000,-0.100000,-0.100000,-0.011477,0.000000,-0.081413
0.818912,-0.100000,-0.100000,-0.100000,-0.011558,0.000000,-0.081411
0.818900,-0.100000,-0.100000,-0.100000,-0.011638,0.000000,-0.081408
0.818888,-0.100000,-0.100000,-0.100000,-0.011718,0.000000,-0.081406
0.818877,-0.100000,-0.100000,-0.100000,-0.011798,0.000000,-0.081404
0.818865,-0.100000,-0.100000,-0.100000,-0.011878,0.000000,-0.081402
0.818853,-0.100000,-0.100000,-0.100000,-0.011958,0.000000,-0.081400
0.818841,-0.100000,-0.100000,-0.100000,-0.012038,0.000000,-0.081398
0.818830,-0.100000,-0.100000,-0.100000,-0.012118,0.000000,-0.081396
0.818818,-0.100000,-0.100000,-0.100000,-0.012197,0.000000,-0.081395
0.818806,-0.100000,-0.100000,-0.100000,-0.012277,0.000000,-0.081393
0.818794,-0.100000,-0.100000,-0.100000,-0.012357,0.000000,-0.081391
0.818783,-0.100000,-0.100000,-0.100000,-0.012436,0.000000,-0.081389
0.818771,-0.100000,-0.100000,-0.100000,-0.012515,0.000000,-0.081388
0.818759,-0.100000,-0.100000,-0.100000,-0.012595,0.000000,-0.081386
0.818747,-0.100000,-0.100000,-0.100000,-0.012674,0.000000,-0.081385
0.818736,-0.100000,-0.100000,-0.100000,-0.012753,0.000000,-0.081383
0.818724,-0.100000,-0.100000,-0.100000,-0.012832,0.000000,-0.081382
0.818712,-0.100000,-0.100000,-0.100000,-0.012911,0.000000,-0.081380
0.818700,-0.100000,-0.100000,-0.100000,-0.012990,0.000000,-0.081378
0.818689,-0.100000,-0.100000,-0.100000,-0.013069,0.000000,-0.081377
0.818677,-0.100000,-0.100000,-0.100000,-0.013148,0.000000,-0.081375
0.818665,-0.100000,-0.100000,-0.100000,-0.013227,0.000000,-0.081374
0.818653,-0.100000,-0.100000,-0.100000,-0.013305,0.000000,-0.081372
0.818642,-0.100000,-0.100000,-0.100000,-0.013384,0.000000,-0.081371
0.818630,-0.100000,-0.100000,-0.100000,-0.013463,0.000000,-0.081369
0.818618,-0.100000,-0.100000,-0.100000,-0.013541,0.000000,-0.081367
0.818606,-0.100000,-0.100000,-0.100000,-0.013619,0.000000,-0.081366
0.818594,-0.100000,-0.100000,-0.100000,-0.013698,0.000000,-0.081364
0.818583,-0.100000,-0.100000,-0.100000,-0.013776,0.000000,-0.081363
0.818571,-0.100000,-0.100000,-0.100000,-0.013854,0.000000,-0.081361
0.818559,-0.100000,-0.100000,-0.100000,-0.013932,0.000000,-0.081360
0.818547,-0.100000,-0.100000,-0.100000,-0.014010,0.000000,-0.081358
0.818536,-0.100000,-0.100000,-0.100000,-0.014088,0.000000,-0.081356
0.818524,-0.100000,-0.100000,-0.100000,-0.014166,0.000000,-0.081355
0.818512,-0.100000,-0.100000,-0.100000,-0.014244,0.000000,-0.081353
0.818500,-0.100000,-0.100000,-0.100000,-0.014322,0.000000,-0.081351
0.818488,-0.100000,-0.100000,-0.100000,-0.014399,0.000000,-0.081350
0.818477,-0.100000,-0.100000,-0.100000,-0.014477,0.000000,-0.081348
0.818465,-0.100000,-0.100000,-0.100000,-0.014554,0.000000,-0.081346
0.818453,-0.100000,-0.100000,-0.100000,-0.014632,0.000000,-0.081345
0.818441,-0.100000,-0.100000,-0.100000,-0.014709,0.000000,-0.081343
0.818429,-0.100000,-0.100000,-0.100000,-0.014786,0.000000,-0.081341
0.818418,-0.100000,-0.100000,-0.100000,-0.014864,0.000000,-0.081340
0.818406,-0.100000,-0.100000,-0.100000,-0.014941,0.000000,-0.081338
0.818394,-0.100000,-0.100000,-0.100000,-0.015018,0.000000,-0.081336
0.818382,-0.100000,-0.100000,-0.100000,-0.015095,0.000000,-0.081335
0.818371,-0.100000,-0.100000,-0.100000,-0.015172,0.000000,-0.081333
0.818359,-0.100000,-0.100000,-0.100000,-0.015249,0.000000,-0.081331
0.818347,-0.100000,-0.100000,-0.100000,-0.015326,0.000000,-0.081329
0.818335,-0.100000,-0.100000,-0.100000,-0.015403,0.000000,-0.081328
0.818323,-0.100000,-0.100000,-0.100000,-0.015479,0.000000,-0.081326
0.818312,-0.100000,-0.100000,-0.100000,-0.015556,0.000000,-0.081324
0.818300,-0.100000,-0.100000,-0.100000,-0.015633,0.000000,-0.081323
0.818288,-0.100000,-0.100000,-0.100000,-0.015709,0.000000,-0.081321
0.818276,-0.100000,-0.100000,-0.100000,-0.015786,0.000000,-0.081319
0.818264,-0.100000,-0.100000,-0.100000,-0.015862,0.000000,-0.081318
0.818253,-0.100000,-0.100000,-0.100000,-0.015938,0.000000,-0.081316
0.818241,-0.100000,-0.100000,-0.100000,-0.016014,0.000000,-0.081314
0.818229,-0.100000,-0.100000,-0.100000,-0.016091,0.000000,-0.081313
0.818217,-0.100000,-0.100000,-0.100000,-0.016167,0.000000,-0.081311
0.818205,-0.100000,-0.100000,-0.100000,-0.016243,0.000000,-0.081309
0.818193,-0.100000,-0.100000,-0.100000,-0.016319,0.000000,-0.081307
0.818182,-0.100000,-0.100000,-0.100000,-0.016395,0.000000,-0.081306
0.818170,-0.100000,-0.100000,-0.100000,-0.016471,0.000000,-0.081304
0.818158,-0.100000,-0.100000,-0.100000,-0.016547,0.000000,-0.081302
0.818146,-0.100000,-0.100000,-0.100000,-0.016622,0.000000,-0.081301
0.818134,-0.100000,-0.100000,-0.100000,-0.016698,0.000000,-0.081299
0.818123,-0.100000,-0.100000,-0.100000,-0.016774,0.000000,-0.081297
0.818111,-0.100000,-0.100000,-0.100000,-0.016849,0.000000,-0.081296
0.818099,-0.100000,-0.100000,-0.100000,-0.016925,0.000000,-0.081294
0.818087,-0.100000,-0.100000,-0.100000,-0.017000,0.000000,-0.081292
0.818075,-0.100000,-0.100000,-0.100000,-0.017075,0.000000,-0.081290
0.818063,-0.100000,-0.100000,-0.100000,-0.017151,0.000000,-0.081289
0.818052,-0.100000,-0.100000,-0.100000,-0.017226,0.000000,-0.081287
0.818040,-0.100000,-0.100000,-0.100000,-0.017301,0.000000,-0.081286
0.818028,-0.100000,-0.100000,-0.100000,-0.017376,0.000000,-0.081284
0.818016,-0.100000,-0.100000,-0.100000,-0.017451,0.000000,-0.081282
0.818004,-0.100000,-0.100000,-0.100000,-0.017526,0.000000,-0.081281
0.817993,-0.100000,-0.100000,-0.100000,-0.017601,0.000000,-0.081279
0.817981,-0.100000,-0.100000,-0.100000,-0.017676,0.000000,-0.081277
0.817969,-0.100000,-0.100000,-0.100000,-0.017751,0.000000,-0.081276
0.817957,-0.100000,-0.100000,-0.100000,-0.017825,0.000000,-0.081274
0.817945,-0.100000,-0.100000,-0.100000,-0.017900,0.000000,-0.081272
0.817933,-0.100000,-0.100000,-0.100000,-0.017974,0.000000,-0.081271
0.817922,-0.100000,-0.100000,-0.100000,-0.018049,0.000000,-0.081269
0.817910,-0.100000,-0.100000,-0.100000,-0.018123,0.000000,-0.081267
0.817898,-0.100000,-0.100000,-0.100000,-0.018198,0.000000,-0.081266
0.817886,-0.100000,-0.100000,-0.100000,-0.018272,0.000000,-0.081264
0.817874,-0.100000,-0.100000,-0.100000,-0.018346,0.000000,-0.081262
0.817863,-0.100000,-0.100000,-0.100000,-0.018421,0.000000,-0.081261
0.817851,-0.100000,-0.100000,-0.100000,-0.018495,0.000000,-0.081259
0.817839,-0.100000,-0.100000,-0.100000,-0.018569,0.000000,-0.081257
0.817827,-0.100000,-0.100000,-0.100000,-0.018643,0.000000,-0.081256
0.817815,-0.100000,-0.100000,-0.100000,-0.018717,0.000000,-0.081254
0.817803,-0.100000,-0.100000,-0.100000,-0.018791,0.000000,-0.081253
0.817791,-0.100000,-0.100000,-0.100000,-0.018864,0.000000,-0.081251
0.817780,-0.100000,-0.100000,-0.100000,-0.018938,0.000000,-0.081249
0.817768,-0.100000,-0.100000,-0.100000,-0.019012,0.000000,-0.081248
0.817756,-0.100000,-0.100000,-0.100000,-0.019085,0.000000,-0.081243
0.817744,-0.100000,-0.100000,-0.100000,-0.019159,0.000000,-0.081241
0.817732,-0.100000,-0.100000,-0.100000,-0.019232,0.000000,-0.081238
0.817720,-0.100000,-0.100000,-0.100000,-0.019306,0.000000,-0.081236
0.817709,-0.100000,-0.100000,-0.100000,-0.019379,0.000000,-0.081234
0.817697,-0.100000,-0.100000,-0.100000,-0.019452,0.000000,-0.081231
0.817685,-0.100000,-0.100000,-0.100000,-0.019525,0.000000,-0.081229
0.817673,-0.100000,-0.100000,-0.100000,-0.019599,0.000000,-0.081228
0.817661,-0.100000,-0.100000,-0.100000,-0.019672,0.000000,-0.081226
0.817649,-0.100000,-0.100000,-0.100000,-0.019745,0.000000,-0.081224
0.817637,-0.100000,-0.100000,-0.100000,-0.019817,0.000000,-0.081222
0.817626,-0.100000,-0.100000,-0.100000,-0.019890,0.000000,-0.081220
0.817614,-0.100000,-0.100000,-0.100000,-0.019963,0.000000,-0.081219
0.817602,-0.100000,-0.100000,-0.100000,-0.020036,0.000000,-0.081217
0.817590,-0.100000,-0.100000,-0.100000,-0.020108,0.000000,-0.081215
0.817578,-0.100000,-0.100000,-0.100000,-0.020181,0.000000,-0.081213
0.817566,-0.100000,-0.100000,-0.100000,-0.020253,0.000000,-0.081212
0.817554,-0.100000,-0.100000,-0.100000,-0.020326,0.000000,-0.081210
0.817543,-0.100000,-0.100000,-0.100000,-0.020398,0.000000,-0.081209
0.817531,-0.100000,-0.100000,-0.100000,-0.020471,0.000000,-0.081207
0.817519,-0.100000,-0.100000,-0.100000,-0.020543,0.000000,-0.081206
0.817507,-0.100000,-0.100000,-0.100000,-0.020615,0.000000,-0.081204
0.817495,-0.100000,-0.100000,-0.100000,-0.020687,0.000000,-0.081202
0.817483,-0.100000,-0.100000,-0.100000,-0.020759,0.000000,-0.081201
0.817471,-0.100000,-0.100000,-0.100000,-0.020831,0.000000,-0.081200
0.817460,-0.100000,-0.100000,-0.100000,-0.020903,0.000000,-0.081198
0.817448,-0.100000,-0.100000,-0.100000,-0.020975,0.000000,-0.081196
0.817436,-0.100000,-0.100000,-0.100000,-0.021046,0.000000,-0.081195
0.817424,-0.100000,-0.100000,-0.100000,-0.021118,0.000000,-0.081193
0.817412,-0.100000,-0.100000,-0.100000,-0.021190,0.000000,-0.081191
0.817400,-0.100000,-0.100000,-0.100000,-0.021261,0.000000,-0.081192
0.817388,-0.100000,-0.100000,-0.100000,-0.021333,0.000000,-0.081191
0.817376,-0.100000,-0.100000,-0.100000,-0.021404,0.000000,-0.081189
0.817364,-0.100000,-0.100000,-0.100000,-0.021476,0.000000,-0.081186
0.817353,-0.100000,-0.100000,-0.100000,-0.021547,0.000000,-0.081184
0.817341,-0.100000,-0.100000,-0.100000,-0.021618,0.000000,-0.081182
0.817329,-0.100000,-0.100000,-0.100000,-0.021689,0.000000,-0.081180
0.817317,-0.100000,-0.100000,-0.100000,-0.021760,0.000000,-0.081178
0.817305,-0.100000,-0.100000,-0.100000,-0.021831,0.000000,-0.081176
0.817293,-0.100000,-0.100000,-0.100000,-0.021902,0.000000,-0.081174
0.817281,-0.100000,-0.100000,-0.100000,-0.021973,0.000000,-0.081173
0.817269,-0.100000,-0.100000,-0.100000,-0.022044,0.000000,-0.081171
0.817258,-0.100000,-0.100000,-0.100000,-0.022115,0.000000,-0.081169
0.817246,-0.100000,-0.100000,-0.100000,-0.022186,0.000000,-0.081167
0.817234,-0.100000,-0.100000,-0.100000,-0.022256,0.000000,-0.081166
0.817222,-0.100000,-0.100000,-0.100000,-0.022327,0.000000,-0.081164
0.817210,-0.100000,-0.100000,-0.100000,-0.022397,0.000000,-0.081162
0.817198,-0.100000,-0.100000,-0.100000,-0.022468,0.000000,-0.081160
0.817186,-0.100000,-0.100000,-0.100000,-0.022538,0.000000,-0.081159
0.817174,-0.100000,-0.100000,-0.100000,-0.022608,0.000000,-0.081157
0.817162,-0.100000,-0.100000,-0.100000,-0.022679,0.000000,-0.081156
0.817150,-0.100000,-0.100000,-0.100000,-0.022749,0.000000,-0.081154
0.817139,-0.100000,-0.100000,-0.100000,-0.022819,0.000000,-0.081152
0.817127,-0.100000,-0.100000,-0.100000,-0.022889,0.000000,-0.081150
0.817115,-0.100000,-0.100000,-0.100000,-0.022959,0.000000,-0.081149
0.817103,-0.100000,-0.100000,-0.100000,-0.023029,0.000000,-0.081147
0.817091,-0.100000,-0.100000,-0.100000,-0.023099,0.000000,-0.081146
0.817079,-0.100000,-0.100000,-0.100000,-0.023169,0.000000,-0.081144
0.817067,-0.100000,-0.100000,-0.100000,-0.023239,0.000000,-0.081143
0.817055,-0.100000,-0.100000,-0.100000,-0.023308,0.000000,-0.081142
0.817043,-0.100000,-0.100000,-0.100000,-0.023378,0.000000,-0.081140
0.817031,-0.100000,-0.100000,-0.100000,-0.023448,0.000000,-0.081139
0.817020,-0.100000,-0.100000,-0.100000,-0.023517,0.000000,-0.081137
0.817008,-0.100000,-0.100000,-0.100000,-0.023586,0.000000,-0.081136
0.816996,-0.100000,-0.100000,-0.100000,-0.023656,0.000000,-0.081134
0.816984,-0.100000,-0.100000,-0.100000,-0.023725,0.000000,-0.081132
0.816972,-0.100000,-0.100000,-0.100000,-0.023794,0.000000,-0.081131
0.816960,-0.100000,-0.100000,-0.100000,-0.023864,0.000000,-0.081129
0.816948,-0.100000,-0.100000,-0.100000,-0.023933,0.000000,-0.081128
0.816936,-0.100000,-0.100000,-0.100000,-0.024002,0.000000,-0.081126
0.816924,-0.100000,-0.100000,-0.100000,-0.024071,0.000000,-0.081125
0.816912,-0.100000,-0.100000,-0.100000,-0.024140,0.000000,-0.081123
0.816900,-0.100000,-0.100000,-0.100000,-0.024209,0.000000,-0.081122
0.816889,-0.100000,-0.100000,-0.100000,-0.024278,0.000000,-0.081120
0.816877,-0.100000,-0.100000,-0.100000,-0.024347,0.000000,-0.081119
0.816865,-0.100000,-0.100000,-0.100000,-0.024415,0.000000,-0.081117
0.816853,-0.100000,-0.100000,-0.100000,-0.024484,0.000000,-0.081115
0.816841,-0.100000,-0.100000,-0.100000,-0.024553,0.000000,-0.081114
0.816829,-0.100000,-0.100000,-0.100000,-0.024621,0.000000,-0.081112
0.816817,-0.100000,-0.100000,-0.100000,-0.024690,0.000000,-0.081110
0.816805,-0.100000,-0.100000,-0.100000,-0.024758,0.000000,-0.081109
0.816793,-0.100000,-0.100000,-0.100000,-0.024826,0.000000,-0.081107
0.816781,-0.100000,-0.100000,-0.100000,-0.024895,0.000000,-0.081105
0.816769,-0.100000,-0.100000,-0.100000,-0.024963,0.000000,-0.081104
0.816757,-0.100000,-0.100000,-0.100000,-0.025031,0.000000,-0.081102
0.816745,-0.100000,-0.100000,-0.100000,-0.025099,0.000000,-0.081101
0.816734,-0.100000,-0.100000,-0.100000,-0.025167,0.000000,-0.081099
0.816722,-0.100000,-0.100000,-0.100000,-0.025235,0.000000,-0.081097
0.816710,-0.100000,-0.100000,-0.100000,-0.025303,0.000000,-0.081095
0.816698,-0.100000,-0.100000,-0.100000,-0.025371,0.000000,-0.081094
0.816686,-0.100000,-0.100000,-0.100000,-0.025439,0.000000,-0.081092
0.816674,-0.100000,-0.100000,-0.100000,-0.025507,0.000000,-0.081090
0.816662,-0.100000,-0.100000,-0.100000,-0.025574,0.000000,-0.081089
0.816650,-0.100000,-0.100000,-0.100000,-0.025642,0.000000,-0.081087
0.816638,-0.100000,-0.100000,-0.100000,-0.025710,0.000000,-0.081085
0.816626,-0.100000,-0.100000,-0.100000,-0.025777,0.000000,-0.081084
0.816614,-0.100000,-0.100000,-0.100000,-0.025845,0.000000,-0.081082
0.816602,-0.100000,-0.100000,-0.100000,-0.025912,0.000000,-0.081080
0.816590,-0.100000,-0.100000,-0.100000,-0.025979,0.000000,-0.081079
0.816578,-0.100000,-0.100000,-0.100000,-0.026047,0.000000,-0.081077
0.816566,-0.100000,-0.100000,-0.100000,-0.026114,0.000000,-0.081075
0.816555,-0.100000,-0.100000,-0.100000,-0.026181,0.000000,-0.081074
0.816543,-0.100000,-0.100000,-0.100000,-0.026248,0.000000,-0.081072
0.816531,-0.100000,-0.100000,-0.100000,-0.026315,0.000000,-0.081070
0.816519,-0.100000,-0.100000,-0.100000,-0.026382,0.000000,-0.081069
0.816507,-0.100000,-0.100000,-0.100000,-0.026449,0.000000,-0.081067
0.816495,-0.100000,-0.100000,-0.100000,-0.026516,0.000000,-0.081066
0.816483,-0.100000,-0.100000,-0.100000,-0.026583,0.000000,-0.081064
0.816471,-0.100000,-0.100000,-0.100000,-0.026650,0.000000,-0.081062
0.816459,-0.100000,-0.100000,-0.100000,-0.026717,0.000000,-0.081060
0.816447,-0.100000,-0.100000,-0.100000,-0.026783,0.000000,-0.081059
0.816435,-0.100000,-0.100000,-0.100000,-0.026850,0.000000,-0.081057
0.816423,-0.100000,-0.100000,-0.100000,-0.026916,0.000000,-0.081055
0.816411,-0.100000,-0.100000,-0.100000,-0.026983,0.000000,-0.081054
0.816399,-0.100000,-0.100000,-0.100000,-0.027049,0.000000,-0.081052
0.816387,-0.100000,-0.100000,-0.100000,-0.027116,0.000000,-0.081051
0.816375,-0.100000,-0.100000,-0.100000,-0.027182,0.000000,-0.081049
0.816363,-0.100000,-0.100000,-0.100000,-0.027248,0.000000,-0.081047
0.816351,-0.100000,-0.100000,-0.100000,-0.027314,0.000000,-0.081046
0.816339,-0.100000,-0.100000,-0.100000,-0.027380,0.000000,-0.081044
0.816327,-0.100000,-0.100000,-0.100000,-0.027447,0.000000,-0.081042
0.816315,-0.100000,-0.100000,-0.100000,-0.027513,0.000000,-0.081041
0.816303,-0.100000,-0.100000,-0.100000,-0.027579,0.000000,-0.081039
0.816292,-0.100000,-0.100000,-0.100000,-0.027644,0.000000,-0.081037
0.816279,-0.100000,-0.100000,-0.100000,-0.027710,0.000000,-0.081036
0.816268,-0.100000,-0.100000,-0.100000,-0.027776,0.000000,-0.081034
0.816256,-0.100000,-0.100000,-0.100000,-0.027842,0.000000,-0.081033
0.816244,-0.100000,-0.100000,-0.100000,-0.027907,0.000000,-0.081031
0.816232,-0.100000,-0.100000,-0.100000,-0.027973,0.000000,-0.081028
0.816220,-0.100000,-0.100000,-0.100000,-0.028039,0.000000,-0.081025
0.816208,-0.100000,-0.100000,-0.100000,-0.028104,0.000000,-0.081023
0.816196,-0.100000,-0.100000,-0.100000,-0.028169,0.000000,-0.081021
0.816184,-0.100000,-0.100000,-0.100000,-0.028235,0.000000,-0.081019
0.816172,-0.100000,-0.100000,-0.100000,-0.028300,0.000000,-0.081017
0.816160,-0.100000,-0.100000,-0.100000,-0.028365,0.000000,-0.081014
0.816148,-0.100000,-0.100000,-0.100000,-0.028430,0.000000,-0.081013
0.816136,-0.100000,-0.100000,-0.100000,-0.028496,0.000000,-0.081011
0.816124,-0.100000,-0.100000,-0.100000,-0.028561,0.000000,-0.081009
0.816112,-0.100000,-0.100000,-0.100000,-0.028626,0.000000,-0.081007
0.816100,-0.100000,-0.100000,-0.100000,-0.028690,0.000000,-0.081005
0.816088,-0.100000,-0.100000,-0.100000,-0.028755,0.000000,-0.081004
0.816076,-0.100000,-0.100000,-0.100000,-0.028820,0.000000,-0.081002
0.816064,-0.100000,-0.100000,-0.100000,-0.028885,0.000000,-0.081001
0.816052,-0.100000,-0.100000,-0.100000,-0.028950,0.000000,-0.080999
0.816040,-0.100000,-0.100000,-0.100000,-0.029014,0.000000,-0.080997
0.816028,-0.100000,-0.100000,-0.100000,-0.029079,0.000000,-0.080996
0.816016,-0.100000,-0.100000,-0.100000,-0.029143,0.000000,-0.080994
0.816004,-0.100000,-0.100000,-0.100000,-0.029208,0.000000,-0.080993
0.815992,-0.100000,-0.100000,-0.100000,-0.029272,0.000000,-0.080991
0.815980,-0.100000,-0.100000,-0.100000,-0.029336,0.000000,-0.080989
0.815968,-0.100000,-0.100000,-0.100000,-0.029401,0.000000,-0.080988
0.815956,-0.100000,-0.100000,-0.100000,-0.029465,0.000000,-0.080986
0.815944,-0.100000,-0.100000,-0.100000,-0.029529,0.000000,-0.080985
0.815932,-0.100000,-0.100000,-0.100000,-0.029593,0.000000,-0.080983
0.815920,-0.100000,-0.100000,-0.100000,-0.029657,0.000000,-0.080982
0.815908,-0.100000,-0.100000,-0.100000,-0.029721,0.000000,-0.080980
0.815896,-0.100000,-0.100000,-0.100000,-0.029785,0.000000,-0.080979
0.815884,-0.100000,-0.100000,-0.100000,-0.029849,0.000000,-0.080977
0.815872,-0.100000,-0.100000,-0.100000,-0.029913,0.000000,-0.080975
0.815860,-0.100000,-0.100000,-0.100000,-0.029976,0.000000,-0.080974
0.815848,-0.100000,-0.100000,-0.100000,-0.030040,0.000000,-0.080972
0.815836,-0.100000,-0.100000,-0.100000,-0.030104,0.000000,-0.080971
0.815824,-0.100000,-0.100000,-0.100000,-0.030167,0.000000,-0.080969
0.815812,-0.100000,-0.100000,-0.100000,-0.030231,0.000000,-0.080967
0.815800,-0.100000,-0.100000,-0.100000,-0.030294,0.000000,-0.080966
0.815788,-0.100000,-0.100000,-0.100000,-0.030357,0.000000,-0.080964
0.815776,-0.100000,-0.100000,-0.100000,-0.030421,0.000000,-0.080962
0.815764,-0.100000,-0.100000,-0.100000,-0.030484,0.000000,-0.080961
0.815752,-0.100000,-0.100000,-0.100000,-0.030547,0.000000,-0.080959
0.815740,-0.100000,-0.100000,-0.100000,-0.030610,0.000000,-0.080957
0.815728,-0.100000,-0.100000,-0.100000,-0.030673,0.000000,-0.080956
0.815716,-0.100000,-0.100000,-0.100000,-0.030736,0.000000,-0.080954
0.815704,-0.100000,-0.100000,-0.100000,-0.030799,0.000000,-0.080952
0.815692,-0.100000,-0.100000,-0.100000,-0.030862,0.000000,-0.080951
0.815680,-0.100000,-0.100000,-0.100000,-0.030925,0.000000,-0.080949
0.815668,-0.100000,-0.100000,-0.100000,-0.030988,0.000000,-0.080947
0.815656,-0.100000,-0.100000,-0.100000,-0.031051,0.000000,-0.080946
0.815644,-0.100000,-0.100000,-0.100000,-0.031113,0.000000,-0.080944
0.815632,-0.100000,-0.100000,-0.100000,-0.031176,0.000000,-0.080942
0.815620,-0.100000,-0.100000,-0.100000,-0.031239,0.000000,-0.080940
0.815608,-0.100000,-0.100000,-0.100000,-0.031301,0.000000,-0.080939
0.815596,-0.100000,-0.100000,-0.100000,-0.031364,0.000000,-0.080937
0.815584,-0.100000,-0.100000,-0.100000,-0.031426,0.000000,-0.080936
0.815572,-0.100000,-0.100000,-0.100000,-0.031489,0.000000,-0.080934
0.815560,-0.100000,-0.100000,-0.100000,-0.031551,0.000000,-0.080932
0.815548,-0.100000,-0.100000,-0.100000,-0.031613,0.000000,-0.080930
0.815536,-0.100000,-0.100000,-0.100000,-0.031675,0.000000,-0.080929
0.815524,-0.100000,-0.100000,-0.100000,-0.031737,0.000000,-0.080927
0.815512,-0.100000,-0.100000,-0.100000,-0.031800,0.000000,-0.080925
0.815500,-0.100000,-0.100000,-0.100000,-0.031862,0.000000,-0.080924
0.815488,-0.100000,-0.100000,-0.100000,-0.031924,0.000000,-0.080922
0.815476,-0.100000,-0.100000,-0.100000,-0.031986,0.000000,-0.080920
0.815464,-0.100000,-0.100000,-0.100000,-0.032047,0.000000,-0.080918
0.815452,-0.100000,-0.100000,-0.100000,-0.032109,0.000000,-0.080917
0.815440,-0.100000,-0.100000,-0.100000,-0.032171,0.000000,-0.080915
0.815428,-0.100000,-0.100000,-0.100000,-0.032233,0.000000,-0.080913
0.815416,-0.100000,-0.100000,-0.100000,-0.032295,0.000000,-0.080912
0.815404,-0.100000,-0.100000,-0.100000,-0.032356,0.000000,-0.080910
0.815391,-0.100000,-0.100000,-0.100000,-0.032418,0.000000,-0.080908
0.815379,-0.100000,-0.100000,-0.100000,-0.032479,0.000000,-0.080907
0.815367,-0.100000,-0.100000,-0.100000,-0.032541,0.000000,-0.080905
0.815355,-0.100000,-0.100000,-0.100000,-0.032602,0.000000,-0.080903
0.815343,-0.100000,-0.100000,-0.100000,-0.032664,0.000000,-0.080902
0.815331,-0.100000,-0.100000,-0.100000,-0.032725,0.000000,-0.080900
0.815319,-0.100000,-0.100000,-0.100000,-0.032786,0.000000,-0.080898
0.815307,-0.100000,-0.100000,-0.100000,-0.032847,0.000000,-0.080897
0.815295,-0.100000,-0.100000,-0.100000,-0.032908,0.000000,-0.080895
0.815283,-0.100000,-0.100000,-0.100000,-0.032970,0.000000,-0.080893
0.815271,-0.100000,-0.100000,-0.100000,-0.033031,0.000000,-0.080892
0.815259,-0.100000,-0.100000,-0.100000,-0.033092,0.000000,-0.080890
0.815247,-0.100000,-0.100000,-0.100000,-0.033153,0.000000,-0.080888
0.815235,-0.100000,-0.100000,-0.100000,-0.033213,0.000000,-0.080887
0.815223,-0.100000,-0.100000,-0.100000,-0.033274,0.000000,-0.080885
0.815211,-0.100000,-0.100000,-0.100000,-0.033335,0.000000,-0.080883
0.815199,-0.100000,-0.100000,-0.100000,-0.033396,0.000000,-0.080882
0.815187,-0.100000,-0.100000,-0.100000,-0.033456,0.000000,-0.080880
0.815175,-0.100000,-0.100000,-0.100000,-0.033517,0.000000,-0.080878
0.815163,-0.100000,-0.100000,-0.100000,-0.033578,0.000000,-0.080877
0.815151,-0.100000,-0.100000,-0.100000,-0.033638,0.000000,-0.080875
0.815138,-0.100000,-0.100000,-0.100000,-0.033699,0.000000,-0.080873
0.815126,-0.100000,-0.100000,-0.100000,-0.033759,0.000000,-0.080872
0.815114,-0.100000,-0.100000,-0.100000,-0.033819,0.000000,-0.080870
0.815102,-0.100000,-0.100000,-0.100000,-0.033880,0.000000,-0.080868
0.815090,-0.100000,-0.100000,-0.100000,-0.033940,0.000000,-0.080867
0.815078,-0.100000,-0.100000,-0.100000,-0.034000,0.000000,-0.080865
0.815066,-0.100000,-0.100000,-0.100000,-0.034060,0.000000,-0.080862
0.815054,-0.100000,-0.100000,-0.100000,-0.034120,0.000000,-0.080860
0.815042,-0.100000,-0.100000,-0.100000,-0.034180,0.000000,-0.080858
0.815030,-0.100000,-0.100000,-0.100000,-0.034240,0.000000,-0.080856
0.815018,-0.100000,-0.100000,-0.100000,-0.034300,0.000000,-0.080855
0.815006,-0.100000,-0.100000,-0.100000,-0.034360,0.000000,-0.080853
0.814994,-0.100000,-0.100000,-0.100000,-0.034420,0.000000,-0.080851
0.814982,-0.100000,-0.100000,-0.100000,-0.034480,0.000000,-0.080849
0.814970,-0.100000,-0.100000,-0.100000,-0.034539,0.000000,-0.080847
0.814967,-0.100000,-0.100000,-0.100000,-0.034598,0.000000,-0.080846
0.814967,-0.100000,-0.100000,-0.100000,-0.034656,0.000000,-0.080844
0.814966,-0.100000,-0.100000,-0.100000,-0.034715,0.000000,-0.080842
0.814966,-0.100000,-0.100000,-0.100000,-0.034775,0.000000,-0.080841
0.814966,-0.100000,-0.100000,-0.100000,-0.034834,0.000000,-0.080839
0.814966,-0.100000,-0.100000,-0.100000,-0.034894,0.000000,-0.080838
0.814965,-0.100000,-0.100000,-0.100000,-0.034954,0.000000,-0.080836
0.814965,-0.100000,-0.100000,-0.100000,-0.035014,0.000000,-0.080834
0.814965,-0.100000,-0.100000,-0.100000,-0.035073,0.000000,-0.080833
0.814965,-0.100000,-0.100000,-0.100000,-0.035133,0.000000,-0.080830
0.814965,-0.100000,-0.100000,-0.100000,-0.035193,0.000000,-0.080827
0.814965,-0.100000,-0.100000,-0.100000,-0.035253,0.000000,-0.080825
0.814965,-0.100000,-0.100000,-0.100000,-0.035312,0.000000,-0.080824
0.814965,-0.100000,-0.100000,-0.100000,-0.035372,0.000000,-0.080822
0.814965,-0.100000,-0.100000,-0.100000,-0.035431,0.000000,-0.080820
0.814965,-0.100000,-0.100000,-0.100000,-0.035491,0.000000,-0.080818
0.814965,-0.100000,-0.100000,-0.100000,-0.035550,0.000000,-0.080817
0.814965,-0.100000,-0.100000,-0.100000,-0.035610,0.000000,-0.080815
0.814965,-0.100000,-0.100000,-0.100000,-0.035669,0.000000,-0.080813
0.814965,-0.100000,-0.100000,-0.100000,-0.035728,0.000000,-0.080812
0.814965,-0.100000,-0.100000,-0.100000,-0.035787,0.000000,-0.080810
0.814965,-0.100000,-0.100000,-0.100000,-0.035846,0.000000,-0.080809
0.814965,-0.100000,-0.100000,-0.100000,-0.035906,0.000000,-0.080807
0.814965,-0.100000,-0.100000,-0.100000,-0.035965,0.000000,-0.080805
0.814965,-0.100000,-0.100000,-0.100000,-0.036024,0.000000,-0.080804
0.814965,-0.100000,-0.100000,-0.100000,-0.036082,0.000000,-0.080802
0.814965,-0.100000,-0.100000,-0.100000,-0.036141,0.000000,-0.080801
0.814965,-0.100000,-0.100000,-0.100000,-0.036200,0.000000,-0.080799
0.814965,-0.100000,-0.100000,-0.100000,-0.036259,0.000000,-0.080797
0.814965,-0.100000,-0.100000,-0.100000,-0.036317,0.000000,-0.080796
0.814965,-0.100000,-0.100000,-0.100000,-0.036376,0.000000,-0.080794
0.814965,-0.100000,-0.100000,-0.100000,-0.036435,0.000000,-0.080793
0.814965,-0.100000,-0.100000,-0.100000,-0.036493,0.000000,-0.080791
0.814965,-0.100000,-0.100000,-0.100000,-0.036551,0.000000,-0.080789
0.814965,-0.100000,-0.100000,-0.100000,-0.036610,0.000000,-0.080788
0.814965,-0.100000,-0.100000,-0.100000,-0.036668,0.000000,-0.080786
0.814965,-0.100000,-0.100000,-0.100000,-0.036726,0.000000,-0.080784
0.814965,-0.100000,-0.100000,-0.100000,-0.036785,0.000000,-0.080783
0.814965,-0.100000,-0.100000,-0.100000,-0.036843,0.000000,-0.080781
0.814965,-0.100000,-0.100000,-0.100000,-0.036901,0.000000,-0.080779
0.814965,-0.100000,-0.100000,-0.100000,-0.036959,0.000000,-0.080777
0.814965,-0.100000,-0.100000,-0.100000,-0.037017,0.000000,-0.080776
0.814965,-0.100000,-0.100000,-0.100000,-0.037075,0.000000,-0.080774
0.814965,-0.100000,-0.100000,-0.100000,-0.037133,0.000000,-0.080772
0.814965,-0.100000,-0.100000,-0.100000,-0.037190,0.000000,-0.080770
0.814965,-0.100000,-0.100000,-0.100000,-0.037248,0.000000,-0.080769
0.814965,-0.100000,-0.100000,-0.100000,-0.037306,0.000000,-0.080767
0.814965,-0.100000,-0.100000,-0.100000,-0.037364,0.000000,-0.080765
0.814965,-0.100000,-0.100000,-0.100000,-0.037421,0.000000,-0.080763
0.814965,-0.100000,-0.100000,-0.100000,-0.037479,0.000000,-0.080762
0.814965,-0.100000,-0.100000,-0.100000,-0.037536,0.000000,-0.080760
0.814965,-0.100000,-0.100000,-0.100000,-0.037594,0.000000,-0.080758
0.814965,-0.100000,-0.100000,-0.100000,-0.037651,0.000000,-0.080757
0.814965,-0.100000,-0.100000,-0.100000,-0.037709,0.000000,-0.080755
0.814965,-0.100000,-0.100000,-0.100000,-0.037766,0.000000,-0.080753
0.814965,-0.100000,-0.100000,-0.100000,-0.037823,0.000000,-0.080752
0.814965,-0.100000,-0.100000,-0.100000,-0.037880,0.000000,-0.080750
0.814965,-0.100000,-0.100000,-0.100000,-0.037937,0.000000,-0.080748
0.814965,-0.100000,-0.100000,-0.100000,-0.037995,0.000000,-0.080746
0.814965,-0.100000,-0.100000,-0.100000,-0.038052,0.000000,-0.080745
0.814965,-0.100000,-0.100000,-0.100000,-0.038109,0.000000,-0.080743
0.814965,-0.100000,-0.100000,-0.100000,-0.038166,0.000000,-0.080741
0.814965,-0.100000,-0.100000,-0.100000,-0.038222,0.000000,-0.080740
0.814965,-0.100000,-0.100000,-0.100000,-0.038279,0.000000,-0.080738
0.814965,-0.100000,-0.100000,-0.100000,-0.038336,0.000000,-0.080736
0.814965,-0.100000,-0.100000,-0.100000,-0.038393,0.000000,-0.080735
0.814965,-0.100000,-0.100000,-0.100000,-0.038449,0.000000,-0.080733
0.814965,-0.100000,-0.100000,-0.100000,-0.038506,0.000000,-0.080731
0.814965,-0.100000,-0.100000,-0.100000,-0.038563,0.000000,-0.080729
0.814965,-0.100000,-0.100000,-0.100000,-0.038619,0.000000,-0.080728
0.814965,-0.100000,-0.100000,-0.100000,-0.038676,0.000000,-0.080726
0.814965,-0.100000,-0.100000,-0.100000,-0.038732,0.000000,-0.080725
0.814965,-0.100000,-0.100000,-0.100000,-0.038789,0.000000,-0.080723
0.814965,-0.100000,-0.100000,-0.100000,-0.038845,0.000000,-0.080721
0.814965,-0.100000,-0.100000,-0.100000,-0.038901,0.000000,-0.080720
0.814965,-0.100000,-0.100000,-0.100000,-0.038958,0.000000,-0.080718
0.814965,-0.100000,-0.100000,-0.100000,-0.039014,0.000000,-0.080716
0.814965,-0.100000,-0.100000,-0.100000,-0.039070,0.000000,-0.080715
0.814965,-0.100000,-0.100000,-0.100000,-0.039126,0.000000,-0.080713
0.814965,-0.100000,-0.100000,-0.100000,-0.039182,0.000000,-0.080711
0.814965,-0.100000,-0.100000,-0.100000,-0.039238,0.000000,-0.080710
0.814965,-0.100000,-0.100000,-0.100000,-0.039294,0.000000,-0.080708
0.814965,-0.100000,-0.100000,-0.100000,-0.039350,0.000000,-0.080706
0.814965,-0.100000,-0.100000,-0.100000,-0.039406,0.000000,-0.080705
0.814965,-0.100000,-0.100000,-0.100000,-0.039462,0.000000,-0.080703
0.814965,-0.100000,-0.100000,-0.100000,-0.039517,0.000000,-0.080701
0.814965,-0.100000,-0.100000,-0.100000,-0.039573,0.000000,-0.080700
0.814965,-0.100000,-0.100000,-0.100000,-0.039629,0.000000,-0.080698
0.814965,-0.100000,-0.100000,-0.100000,-0.039684,0.000000,-0.080697
0.814965,-0.100000,-0.100000,-0.100000,-0.039740,0.000000,-0.080695
0.814965,-0.100000,-0.100000,-0.100000,-0.039795,0.000000,-0.080693
0.814965,-0.100000,-0.100000,-0.100000,-0.039851,0.000000,-0.080691
0.814965,-0.100000,-0.100000,-0.100000,-0.039906,0.000000,-0.080690
0.814965,-0.100000,-0.100000,-0.100000,-0.039962,0.000000,-0.080688
0.814965,-0.100000,-0.100000,-0.100000,-0.040017,0.000000,-0.080687
0.814965,-0.100000,-0.100000,-0.100000,-0.040072,0.000000,-0.080685
0.814965,-0.100000,-0.100000,-0.100000,-0.040128,0.000000,-0.080683
0.814965,-0.100000,-0.100000,-0.100000,-0.040183,0.000000,-0.080682
0.814965,-0.100000,-0.100000,-0.100000,-0.040238,0.000000,-0.080680
0.814965,-0.100000,-0.100000,-0.100000,-0.040293,0.000000,-0.080679
0.814965,-0.100000,-0.100000,-0.100000,-0.040348,0.000000,-0.080677
0.814965,-0.100000,-0.100000,-0.100000,-0.040403,0.000000,-0.080675
0.814965,-0.100000,-0.100000,-0.100000,-0.040458,0.000000,-0.080674
0.814965,-0.100000,-0.100000,-0.100000,-0.040513,0.000000,-0.080672
0.814965,-0.100000,-0.100000,-0.100000,-0.040567,0.000000,-0.080670
0.814965,-0.100000,-0.100000,-0.100000,-0.040622,0.000000,-0.080669
0.814965,-0.100000,-0.100000,-0.100000,-0.040677,0.000000,-0.080668
0.814965,-0.100000,-0.100000,-0.100000,-0.040732,0.000000,-0.080665
0.814965,-0.100000,-0.100000,-0.100000,-0.040786,0.000000,-0.080662
0.814965,-0.100000,-0.100000,-0.100000,-0.040841,0.000000,-0.080660
0.814965,-0.100000,-0.100000,-0.100000,-0.040895,0.000000,-0.080658
0.814965,-0.100000,-0.100000,-0.100000,-0.040950,0.000000,-0.080655
0.814965,-0.100000,-0.100000,-0.100000,-0.041004,0.000000,-0.080653
0.814965,-0.100000,-0.100000,-0.100000,-0.041059,0.000000,-0.080651
0.814965,-0.100000,-0.100000,-0.100000,-0.041113,0.000000,-0.080649
0.814965,-0.100000,-0.100000,-0.100000,-0.041167,0.000000,-0.080647
0.814965,-0.100000,-0.100000,-0.100000,-0.041221,0.000000,-0.080646
0.814965,-0.100000,-0.100000,-0.100000,-0.041276,0.000000,-0.080644
0.814965,-0.100000,-0.100000,-0.100000,-0.041330,0.000000,-0.080642
0.814965,-0.100000,-0.100000,-0.100000,-0.041384,0.000000,-0.080640
0.814965,-0.100000,-0.100000,-0.100000,-0.041438,0.000000,-0.080639
0.814965,-0.100000,-0.100000,-0.100000,-0.041492,0.000000,-0.080637
0.814965,-0.100000,-0.100000,-0.100000,-0.041546,0.000000,-0.080635
0.814965,-0.100000,-0.100000,-0.100000,-0.041599,0.000000,-0.080634
0.814965,-0.100000,-0.100000,-0.100000,-0.041653,0.000000,-0.080632
0.814965,-0.100000,-0.100000,-0.100000,-0.041707,0.000000,-0.080631
0.814965,-0.100000,-0.100000,-0.100000,-0.041761,0.000000,-0.080629
0.814965,-0.100000,-0.100000,-0.100000,-0.041814,0.000000,-0.080628
0.814965,-0.100000,-0.100000,-0.100000,-0.041868,0.000000,-0.080626
0.814965,-0.100000,-0.100000,-0.100000,-0.041921,0.000000,-0.080625
0.814965,-0.100000,-0.100000,-0.100000,-0.041975,0.000000,-0.080624
0.814965,-0.100000,-0.100000,-0.100000,-0.042028,0.000000,-0.080622
0.814965,-0.100000,-0.100000,-0.100000,-0.042082,0.000000,-0.080621
0.814965,-0.100000,-0.100000,-0.100000,-0.042135,0.000000,-0.080619
0.814965,-0.100000,-0.100000,-0.100000,-0.042188,0.000000,-0.080617
0.814965,-0.100000,-0.100000,-0.100000,-0.042242,0.000000,-0.080616
0.814965,-0.100000,-0.100000,-0.100000,-0.042295,0.000000,-0.080614
0.814965,-0.100000,-0.100000,-0.100000,-0.042348,0.000000,-0.080613
0.814965,-0.100000,-0.100000,-0.100000,-0.042401,0.000000,-0.080611
0.814965,-0.100000,-0.100000,-0.100000,-0.042454,0.000000,-0.080609
0.814965,-0.100000,-0.100000,-0.100000,-0.042507,0.000000,-0.080608
0.814965,-0.100000,-0.100000,-0.100000,-0.042560,0.000000,-0.080606
0.814965,-0.100000,-0.100000,-0.100000,-0.042613,0.000000,-0.080604
0.814965,-0.100000,-0.100000,-0.100000,-0.042666,0.000000,-0.080603
0.814965,-0.100000,-0.100000,-0.100000,-0.042719,0.000000,-0.080601
0.814965,-0.100000,-0.100000,-0.100000,-0.042771,0.000000,-0.080600
0.814965,-0.100000,-0.100000,-0.100000,-0.042824,0.000000,-0.080598
0.814965,-0.100000,-0.100000,-0.100000,-0.042877,0.000000,-0.080596
0.814965,-0.100000,-0.100000,-0.100000,-0.042929,0.000000,-0.080594
0.814965,-0.100000,-0.100000,-0.100000,-0.042982,0.000000,-0.080593
0.814965,-0.100000,-0.100000,-0.100000,-0.043034,0.000000,-0.080591
0.814965,-0.100000,-0.100000,-0.100000,-0.043087,0.000000,-0.080589
0.814965,-0.100000,-0.100000,-0.100000,-0.043139,0.000000,-0.080588
0.814965,-0.100000,-0.100000,-0.100000,-0.043192,0.000000,-0.080586
0.814965,-0.100000,-0.100000,-0.100000,-0.043244,0.000000,-0.080584
0.814965,-0.100000,-0.100000,-0.100000,-0.043296,0.000000,-0.080583
0.814965,-0.100000,-0.100000,-0.100000,-0.043348,0.000000,-0.080581
0.814965,-0.100000,-0.100000,-0.100000,-0.043401,0.000000,-0.080579
0.814965,-0.100000,-0.100000,-0.100000,-0.043453,0.000000,-0.080578
0.814965,-0.100000,-0.100000,-0.100000,-0.043505,0.000000,-0.080576
0.814965,-0.100000,-0.100000,-0.100000,-0.043557,0.000000,-0.080574
0.814965,-0.100000,-0.100000,-0.100000,-0.043609,0.000000,-0.080573
0.814965,-0.100000,-0.100000,-0.100000,-0.043661,0.000000,-0.080571
0.814965,-0.100000,-0.100000,-0.100000,-0.043713,0.000000,-0.080569
0.814965,-0.100000,-0.100000,-0.100000,-0.043764,0.000000,-0.080568
0.814965,-0.100000,-0.100000,-0.100000,-0.043816,0.000000,-0.080566
0.814965,-0.100000,-0.100000,-0.100000,-0.043868,0.000000,-0.080564
0.814965,-0.100000,-0.100000,-0.100000,-0.043920,0.000000,-0.080563
0.814965,-0.100000,-0.100000,-0.100000,-0.043971,0.000000,-0.080561
0.814965,-0.100000,-0.100000,-0.100000,-0.044023,0.000000,-0.080559
0.814965,-0.100000,-0.100000,-0.100000,-0.044075,0.000000,-0.080558
0.814965,-0.100000,-0.100000,-0.100000,-0.044126,0.000000,-0.080556
0.814965,-0.100000,-0.100000,-0.100000,-0.044178,0.000000,-0.080554
0.814965,-0.100000,-0.100000,-0.100000,-0.044229,0.000000,-0.080552
0.814965,-0.100000,-0.100000,-0.100000,-0.044281,0.000000,-0.080551
0.814965,-0.100000,-0.100000,-0.100000,-0.044332,0.000000,-0.080549
0.814965,-0.100000,-0.100000,-0.100000,-0.044383,0.000000,-0.080547
0.814965,-0.100000,-0.100000,-0.100000,-0.044434,0.000000,-0.080546
0.814965,-0.100000,-0.100000,-0.100000,-0.044486,0.000000,-0.080544
0.814965,-0.100000,-0.100000,-0.100000,-0.044537,0.000000,-0.080542
0.814965,-0.100000,-0.100000,-0.100000,-0.044588,0.000000,-0.080541
0.814965,-0.100000,-0.100000,-0.100000,-0.044639,0.000000,-0.080539
0.814965,-0.100000,-0.100000,-0.100000,-0.044690,0.000000,-0.080537
0.814965,-0.100000,-0.100000,-0.100000,-0.044741,0.000000,-0.080536
0.814965,-0.100000,-0.100000,-0.100000,-0.044792,0.000000,-0.080534
0.814965,-0.100000,-0.100000,-0.100000,-0.044843,0.000000,-0.080532
0.814965,-0.100000,-0.100000,-0.100000,-0.044894,0.000000,-0.080531
0.814965,-0.100000,-0.100000,-0.100000,-0.044945,0.000000,-0.080529
0.814965,-0.100000,-0.100000,-0.100000,-0.044995,0.000000,-0.080528
0.814965,-0.100000,-0.100000,-0.100000,-0.045046,0.000000,-0.080526
0.814965,-0.100000,-0.100000,-0.100000,-0.045097,0.000000,-0.080524
0.814965,-0.100000,-0.100000,-0.100000,-0.045147,0.000000,-0.080523
0.814965,-0.100000,-0.100000,-0.100000,-0.045198,0.000000,-0.080521
0.814965,-0.100000,-0.100000,-0.100000,-0.045248,0.000000,-0.080519
0.814965,-0.100000,-0.100000,-0.100000,-0.045299,0.000000,-0.080517
0.814965,-0.100000,-0.100000,-0.100000,-0.045349,0.000000,-0.080516
0.814965,-0.100000,-0.100000,-0.100000,-0.045400,0.000000,-0.080514
0.814965,-0.100000,-0.100000,-0.100000,-0.045450,0.000000,-0.080513
0.814965,-0.100000,-0.100000,-0.100000,-0.045500,0.000000,-0.080511
0.814965,-0.100000,-0.100000,-0.100000,-0.045551,0.000000,-0.080509
0.814965,-0.100000,-0.100000,-0.100000,-0.045601,0.000000,-0.080508
0.814965,-0.100000,-0.100000,-0.100000,-0.045651,0.000000,-0.080506
0.814965,-0.100000,-0.100000,-0.100000,-0.045701,0.000000,-0.080505
0.814965,-0.100000,-0.100000,-0.100000,-0.045751,0.000000,-0.080502
0.814965,-0.100000,-0.100000,-0.100000,-0.045801,0.000000,-0.080500
0.814965,-0.100000,-0.100000,-0.100000,-0.045851,0.000000,-0.080498
0.814965,-0.100000,-0.100000,-0.100000,-0.045901,0.000000,-0.080496
0.814965,-0.100000,-0.100000,-0.100000,-0.045951,0.000000,-0.080494
0.814965,-0.100000,-0.100000,-0.100000,-0.046001,0.000000,-0.080491
0.814965,-0.100000,-0.100000,-0.100000,-0.046051,0.000000,-0.080490
0.814965,-0.100000,-0.100000,-0.100000,-0.046100,0.000000,-0.080488
0.814965,-0.100000,-0.100000,-0.100000,-0.046150,0.000000,-0.080486
0.814965,-0.100000,-0.100000,-0.100000,-0.046200,0.000000,-0.080484
0.814965,-0.100000,-0.100000,-0.100000,-0.046249,0.000000,-0.080482
0.814965,-0.100000,-0.100000,-0.100000,-0.046299,0.000000,-0.080480
0.814965,-0.100000,-0.100000,-0.100000,-0.046348,0.000000,-0.080477
0.855614,-0.100000,-0.100000,-0.100000,-0.046398,0.000000,-0.080475
0.823829,-0.100000,-0.100000,-0.100000,-0.046447,0.000000,-0.080473
0.784008,-0.100000,-0.100000,-0.100000,-0.046497,0.000000,-0.080471
0.739361,-0.100000,-0.100000,-0.100000,-0.046546,0.000000,-0.080470
0.692086,-0.100000,-0.100000,-0.100000,-0.046595,0.000000,-0.080468
0.643676,-0.100000,-0.100000,-0.100000,-0.046644,0.000000,-0.080466
0.595138,-0.100000,-0.100000,-0.100000,-0.046694,0.000000,-0.080464
0.547147,-0.100000,-0.100000,-0.100000,-0.046743,0.000000,-0.080463
0.500155,-0.100000,-0.100000,-0.100000,-0.046792,0.000000,-0.080461
0.454463,-0.100000,-0.100000,-0.100000,-0.046841,0.000000,-0.080460
0.410271,-0.100000,-0.100000,-0.100000,-0.046890,0.000000,-0.080458
0.367712,-0.100000,-0.100000,-0.100000,-0.046939,0.000000,-0.080457
0.326873,-0.100000,-0.100000,-0.100000,-0.046987,0.000000,-0.080455
0.287814,-0.100000,-0.100000,-0.100000,-0.047036,0.000000,-0.080453
0.250573,-0.100000,-0.100000,-0.100000,-0.047085,0.000000,1.000000
0.215175,-0.100000,-0.100000,-0.100000,-0.047134,0.000000,1.000000
0.181638,-0.100000,-0.100000,-0.100000,-0.047182,0.000000,1.000000
0.149971,-0.100000,-0.100000,-0.100000,-0.047231,0.000000,1.000000
0.120183,-0.100000,-0.100000,-0.100000,-0.047280,0.000000,1.000000
0.092277,-0.100000,-0.100000,-0.100000,-0.047328,0.000000,1.000000
0.066258,-0.100000,-0.100000,-0.100000,-0.047377,0.000000,1.000000
0.042128,-0.100000,-0.100000,-0.100000,-0.047425,0.000000,1.000000
0.019886,-0.100000,-0.100000,-0.100000,-0.047474,0.000000,1.000000
-0.000465,-0.100000,-0.100000,-0.100000,-0.047522,0.000000,1.000000
-0.018924,-0.100000,-0.100000,-0.100000,-0.047570,0.000000,1.000000
-0.035493,-0.100000,-0.100000,-0.100000,-0.047618,0.000000,1.000000
-0.050170,-0.100000,-0.100000,-0.100000,-0.047667,0.000000,1.000000
-0.062955,-0.100000,-0.100000,-0.100000,-0.047715,0.000000,1.000000
-0.073849,-0.100000,-0.100000,-0.100000,-0.047763,0.000000,1.000000
-0.082850,-0.100000,-0.100000,-0.100000,-0.047811,0.000000,1.000000
-0.089960,-0.100000,-0.100000,-0.100000,-0.047859,0.000000,1.000000
-0.095178,-0.100000,-0.100000,-0.100000,-0.047907,0.000000,1.000000
-0.098503,-0.100000,-0.100000,-0.100000,-0.047955,0.000000,1.000000
-0.099937,-0.100000,-0.100000,-0.100000,-0.048003,0.000000,1.000000
-0.100000,-0.100000,-0.100000,-0.100000,-0.048051,0.000000,1.000000
-0.100000,-0.100000,-0.100000,-0.100000,-0.048099,0.000000,1.000000
-0.100000,-0.100000,-0.100000,-0.100000,-0.048146,0.000000,1.000000
-0.100000,-0.100000,-0.100000,-0.100000,-0.048194,0.000000,1.000000
-0.100000,-0.100000,-0.100000,-0.100000,-0.048242,0.000000,1.000000
-0.100000,-0.100000,-0.100000,-0.100000,-0.048289,0.000000,1.000000
-0.100000,-0.100000,-0.100000,-0.100000,-0.048337,0.000000,1.000000
-0.100000,-0.100000,-0.100000,-0.100000,-0.048384,0.000000,1.000000
-0.100000,-0.100000,-0.100000,-0.100000,-0.048432,0.000000,1.000000
-0.100000,-0.100000,-0.100000,-0.100000,-0.048479,0.000000,1.000000
-0.100000,-0.100000,-0.100000,-0.100000,-0.048527,0.000000,1.000000
-0.100000,-0.100000,-0.100000,-0.100000,-0.048574,0.000000,1.000000
-0.100000,-0.100000,-0.100000,-0.100000,-0.048621,0.000000,1.000000
-0.100000,-0.100000,-0.100000,-0.100000,-0.048669,0.000000,1.000000
-0.100000,-0.100000,-0.100000,-0.100000,-0.048716,0.000000,1.000000
-0.100000,-0.100000,-0.100000,-0.100000,-0.048763,0.000000,1.000000
-0.100000,-0.100000,-0.100000,-0.100000,-0.048810,0.000000,1.000000
-0.100000,-0.100000,-0.100000,-0.100000,-0.048857,0.000000,1.000000
-0.100000,-0.100000,-0.100000,-0.100000,-0.048904,0.000000,1.000000
-0.100000,-0.100000,-0.100000,-0.100000,-0.048951,0.000000,1.000000
-0.100000,-0.100000,-0.100000,-0.100000,-0.048998,0.000000,1.000000
-0.100000,-0.100000,-0.100000,-0.100000,-0.049045,0.000000,1.000000
-0.100000,-0.100000,-0.100000,-0.100000,-0.049092,0.000000,1.000000
-0.100000,-0.100000,-0.100000,-0.100000,-0.049139,0.000000,1.000000
-0.100000,-0.100000,-0.100000,-0.100000,-0.049186,0.000000,1.000000
-0.100000,-0.100000,-0.100000,-0.100000,-0.049233,0.000000,1.000000
-0.100000,-0.100000,-0.100000,-0.100000,-0.049279,0.000000,1.000000
-0.100000,-0.100000,-0.100000,-0.100000,-0.049326,0.000000,1.000000
-0.100000,-0.100000,-0.100000,-0.100000,-0.049373,0.000000,1.000000
-0.100000,-0.100000,-0.100000,-0.100000,-0.049419,0.000000,1.000000
-0.100000,-0.100000,-0.100000,-0.100000,-0.049466,0.000000,1.000000
-0.100000,-0.100000,-0.100000,-0.100000,-0.049512,0.000000,1.000000
-0.100000,-0.100000,-0.100000,-0.100000,-0.049558,0.000000,1.000000
-0.100000,-0.100000,-0.100000,-0.100000,-0.049605,0.000000,1.000000
-0.100000,-0.100000,-0.100000,-0.100000,-0.049651,0.000000,1.000000
-0.100000,-0.100000,-0.100000,-0.100000,-0.049697,0.000000,1.000000
-0.100000,-0.100000,-0.100000,-0.100000,-0.049744,0.000000,1.000000
-0.100000,-0.100000,-0.100000,-0.100000,-0.049790,0.000000,1.000000
-0.100000,-0.100000,-0.100000,-0.100000,-0.049836,0.000000,1.000000
-0.100000,-0.100000,-0.100000,-0.100000,-0.049882,0.000000,1.000000
-0.100000,-0.100000,-0.100000,-0.100000,-0.049928,0.000000,1.000000
-0.100000,-0.100000,-0.100000,-0.100000,-0.049974,0.000000,1.000000
-0.100000,-0.100000,-0.100000,-0.100000,-0.050020,0.000000,1.000000
-0.100000,-0.100000,-0.100000,-0.100000,-0.050066,0.000000,1.000000
-0.100000,-0.100000,-0.100000,-0.100000,-0.050112,0.000000,1.000000
-0.100000,-0.100000,-0.100000,-0.100000,-0.050158,0.000000,1.000000
-0.100000,-0.100000,-0.100000,-0.100000,-0.050203,0.000000,1.000000
-0.100000,-0.100000,-0.100000,-0.100000,-0.050249,0.000000,1.000000
-0.100000,-0.100000,-0.100000,-0.100000,-0.050295,0.000000,1.000000
-0.100000,-0.100000,-0.100000,-0.100000,-0.050340,0.000000,1.000000
-0.100000,-0.100000,-0.100000,-0.100000,-0.050386,0.000000,1.000000
-0.100000,-0.100000,-0.100000,-0.100000,-0.050432,0.000000,1.000000
-0.100000,-0.100000,-0.100000,-0.100000,-0.050477,0.000000,1.000000
-0.100000,-0.100000,-0.100000,-0.100000,-0.050522,0.000000,1.000000
-0.100000,-0.100000,-0.100000,-0.100000,-0.050568,0.000000,1.000000
-0.100000,-0.100000,-0.100000,-0.100000,-0.050613,0.000000,1.000000
-0.100000,-0.100000,-0.100000,-0.100000,-0.050658,0.000000,1.000000
-0.100000,-0.100000,-0.100000,-0.100000,-0.050704,0.000000,1.000000
-0.100000,-0.100000,-0.100000,-0.100000,-0.050749,0.000000,1.000000
-0.100000,-0.100000,-0.100000,-0.100000,-0.050794,0.000000,1.000000
-0.100000,-0.100000,-0.100000,-0.100000,-0.050839,0.000000,1.000000
-0.100000,-0.100000,-0.100000,-0.100000,-0.050884,0.000000,1.000000
-0.100000,-0.100000,-0.100000,-0.100000,-0.050929,0.000000,1.000000
-0.100000,-0.100000,-0.100000,-0.100000,-0.050974,0.000000,1.000000
-0.100000,-0.100000,-0.100000,-0.100000,-0.051019,0.000000,1.000000
-0.100000,-0.100000,-0.100000,-0.100000,-0.051064,0.000000,1.000000
-0.100000,-0.100000,-0.100000,-0.100000,-0.051108,0.000000,1.000000
-0.100000,-0.100000,-0.100000,-0.100000,-0.051153,0.000000,1.000000
-0.100000,-0.100000,-0.100000,-0.100000,-0.051198,0.000000,1.000000
-0.100000,-0.100000,-0.100000,-0.100000,-0.051242,0.000000,1.000000
-0.100000,-0.100000,-0.100000,-0.100000,-0.051287,0.000000,1.000000
-0.100000,-0.100000,-0.100000,-0.100000,-0.051332,0.000000,1.000000
-0.100000,-0.100000,-0.100000,-0.100000,-0.051376,0.000000,1.000000
-0.100000,-0.100000,-0.100000,-0.100000,-0.051421,0.000000,1.000000
-0.100000,-0.100000,-0.100000,-0.100000,-0.051465,0.000000,1.000000
-0.100000,-0.100000,-0.100000,-0.100000,-0.051509,0.000000,1.000000
-0.100000,-0.100000,-0.100000,-0.100000,-0.051554,0.000000,1.000000
-0.100000,-0.100000,-0.100000,-0.100000,-0.051598,0.000000,1.000000
-0.100000,-0.100000,-0.100000,-0.100000,-0.051642,0.000000,1.000000
-0.100000,-0.100000,-0.100000,-0.100000,-0.051686,0.000000,1.000000
-0.100000,-0.100000,-0.100000,-0.100000,-0.051730,0.000000,1.000000
-0.100000,-0.100000,-0.100000,-0.100000,-0.051774,0.000000,1.000000
-0.100000,-0.100000,-0.100000,-0.100000,-0.051818,0.000000,1.000000
-0.100000,-0.100000,-0.100000,-0.100000,-0.051862,0.000000,1.000000
-0.100000,-0.100000,-0.100000,-0.100000,-0.051906,0.000000,1.000000
-0.100000,-0.100000,-0.100000,-0.100000,-0.051950,0.000000,1.000000
-0.100000,-0.100000,-0.100000,-0.100000,-0.051994,0.000000,1.000000
-0.100000,-0.100000,-0.100000,-0.100000,-0.052037,0.000000,1.000000
-0.100000,-0.100000,-0.100000,-0.100000,-0.052081,0.000000,1.000000
-0.100000,-0.100000,-0.100000,-0.100000,-0.052125,0.000000,1.000000
-0.100000,-0.100000,-0.100000,-0.100000,-0.052168,0.000000,1.000000
-0.100000,-0.100000,-0.100000,-0.100000,-0.052212,0.000000,1.000000
-0.100000,-0.100000,-0.100000,-0.100000,-0.052255,0.000000,1.000000
-0.100000,-0.100000,-0.100000,-0.100000,-0.052299,0.000000,1.000000
-0.100000,-0.100000,-0.100000,-0.100000,-0.052342,0.000000,1.000000
-0.100000,-0.100000,-0.100000,-0.100000,-0.052385,0.000000,1.000000
-0.100000,-0.100000,-0.100000,-0.100000,-0.052429,0.000000,1.000000
-0.100000,-0.100000,-0.100000,-0.100000,-0.052472,0.000000,1.000000
-0.100000,-0.100000,-0.100000,-0.100000,-0.052515,0.000000,1.000000
-0.100000,-0.100000,-0.100000,-0.100000,-0.052558,0.000000,1.000000
-0.100000,-0.100000,-0.100000,-0.100000,-0.052601,0.000000,1.000000
-0.100000,-0.100000,-0.100000,-0.100000,-0.052644,0.000000,1.000000
-0.100000,-0.100000,-0.100000,-0.100000,-0.052687,0.000000,1.000000
-0.100000,-0.100000,-0.100000,-0.100000,-0.052730,0.000000,1.000000
-0.100000,-0.100000,-0.100000,-0.100000,-0.052773,0.000000,1.000000
-0.100000,-0.100000,-0.100000,-0.100000,-0.052816,0.000000,1.000000
-0.100000,-0.100000,-0.100000,-0.100000,-0.052858,0.000000,1.000000
-0.100000,-0.100000,-0.100000,-0.100000,-0.052901,0.000000,1.000000
-0.100000,-0.100000,-0.100000,-0.100000,-0.052944,0.000000,1.000000
-0.100000,-0.100000,-0.100000,-0.100000,-0.052986,0.000000,1.000000
-0.100000,-0.100000,-0.100000,-0.100000,-0.053029,0.000000,1.000000
-0.100000,-0.100000,-0.100000,-0.100000,-0.053071,0.000000,1.000000
-0.100000,-0.100000,-0.100000,-0.100000,-0.053113,0.000000,1.000000
-0.100000,-0.100000,-0.100000,-0.100000,-0.053156,0.000000,1.000000
-0.100000,-0.100000,-0.100000,-0.100000,-0.053198,0.000000,1.000000
-0.100000,-0.100000,-0.100000,-0.100000,-0.053240,0.000000,1.000000
-0.100000,-0.100000,-0.100000,-0.100000,-0.053282,0.000000,1.000000
-0.100000,-0.100000,-0.100000,-0.100000,-0.053325,0.000000,1.000000
-0.100000,-0.100000,-0.100000,-0.100000,-0.053367,0.000000,1.000000
-0.100000,-0.100000,-0.100000,-0.100000,-0.053409,0.000000,1.000000
-0.100000,-0.100000,-0.100000,-0.100000,-0.053451,0.000000,1.000000
-0.100000,-0.100000,-0.100000,-0.100000,-0.053492,0.000000,1.000000
-0.100000,-0.100000,-0.100000,-0.100000,-0.053534,0.000000,1.000000
-0.100000,-0.100000,-0.100000,-0.100000,-0.053576,0.000000,1.000000
-0.100000,-0.100000,-0.100000,-0.100000,-0.053618,0.000000,1.000000
-0.100000,-0.100000,-0.100000,-0.100000,-0.053659,0.000000,1.000000
-0.100000,-0.100000,-0.100000,-0.100000,-0.053701,0.000000,1.000000
-0.100000,-0.100000,-0.100000,-0.100000,-0.053743,0.000000,1.000000
-0.100000,-0.100000,-0.100000,-0.100000,-0.053784,0.000000,1.000000
-0.100000,-0.100000,-0.100000,-0.100000,-0.053825,0.000000,1.000000
-0.100000,-0.100000,-0.100000,-0.100000,-0.053867,0.000000,1.000000
-0.100000,-0.100000,-0.100000,-0.100000,-0.053908,0.000000,1.000000
-0.100000,-0.100000,-0.100000,-0.100000,-0.053949,0.000000,1.000000
-0.100000,-0.100000,-0.100000,-0.100000,-0.053991,0.000000,1.000000
-0.100000,-0.100000,-0.100000,-0.100000,-0.054032,0.000000,1.000000
-0.100000,-0.100000,-0.100000,-0.100000,-0.054073,0.000000,1.000000
-0.100000,-0.100000,-0.100000,-0.100000,-0.054114,0.000000,1.000000
-0.100000,-0.100000,-0.100000,-0.100000,-0.054155,0.000000,1.000000
-0.100000,-0.100000,-0.100000,-0.100000,-0.054196,0.000000,1.000000
-0.100000,-0.100000,-0.100000,-0.100000,-0.054237,0.000000,1.000000
-0.100000,-0.100000,-0.100000,-0.100000,-0.054278,0.000000,1.000000
-0.100000,-0.100000,-0.100000,-0.100000,-0.054318,0.000000,1.000000
-0.100000,-0.100000,-0.100000,-0.100000,-0.054359,0.000000,1.000000
-0.100000,-0.100000,-0.100000,-0.100000,-0.054400,0.000000,1.000000
-0.100000,-0.100000,-0.100000,-0.100000,-0.054440,0.000000,1.000000
-0.100000,-0.100000,-0.100000,-0.100000,-0.054481,0.000000,1.000000
-0.100000,-0.100000,-0.100000,-0.100000,-0.054521,0.000000,1.000000
-0.100000,-0.100000,-0.100000,-0.100000,-0.054562,0.000000,1.000000
-0.100000,-0.100000,-0.100000,-0.100000,-0.054602,0.000000,1.000000
-0.100000,-0.100000,-0.100000,-0.100000,-0.054643,0.000000,1.000000
-0.100000,-0.100000,-0.100000,-0.100000,-0.054683,0.000000,1.000000
-0.100000,-0.100000,-0.100000,-0.100000,-0.054723,0.000000,1.000000
-0.100000,-0.100000,-0.100000,-0.100000,-0.054763,0.000000,1.000000
-0.100000,-0.100000,-0.100000,-0.100000,-0.054803,0.000000,1.000000
-0.100000,-0.100000,-0.100000,-0.100000,-0.054843,0.000000,1.000000
-0.100000,-0.100000,-0.100000,-0.100000,-0.054883,0.000000,1.000000
-0.100000,-0.100000,-0.100000,-0.100000,-0.054923,0.000000,1.000000
-0.100000,-0.100000,-0.100000,-0.100000,-0.054963,0.000000,1.000000
-0.100000,-0.100000,-0.100000,-0.100000,-0.055003,0.000000,1.000000
-0.100000,-0.100000,-0.100000,-0.100000,-0.055043,0.000000,1.000000
-0.100000,-0.100000,-0.100000,-0.100000,-0.055083,0.000000,1.000000
-0.100000,-0.100000,-0.100000,-0.100000,-0.055122,0.000000,1.000000
-0.100000,-0.100000,-0.100000,-0.100000,-0.055162,0.000000,1.000000
-0.100000,-0.100000,-0.100000,-0.100000,-0.055201,0.000000,1.000000
-0.100000,-0.100000,-0.100000,-0.100000,-0.055241,0.000000,1.000000
-0.100000,-0.100000,-0.100000,-0.100000,-0.055280,0.000000,1.000000
-0.100000,-0.100000,-0.100000,-0.100000,-0.055320,0.000000,1.000000
-0.100000,-0.100000,-0.100000,-0.100000,-0.055359,0.000000,1.000000
-0.100000,-0.100000,-0.100000,-0.100000,-0.055398,0.000000,1.000000
-0.100000,-0.100000,-0.100000,-0.100000,-0.055438,0.000000,1.000000
-0.100000,-0.100000,-0.100000,-0.100000,-0.055477,0.000000,1.000000
-0.100000,-0.100000,-0.100000,-0.100000,-0.055516,0.000000,1.000000
-0.100000,-0.100000,-0.100000,-0.100000,-0.055555,0.000000,1.000000
-0.100000,-0.100000,-0.100000,-0.100000,-0.055594,0.000000,1.000000
-0.100000,-0.100000,-0.100000,-0.100000,-0.055633,0.000000,1.000000
-0.100000,-0.100000,-0.100000,-0.100000,-0.055672,0.000000,1.000000
-0.100000,-0.100000,-0.100000,-0.100000,-0.055711,0.000000,1.000000
-0.100000,-0.100000,-0.100000,-0.100000,-0.055749,0.000000,1.000000
-0.100000,-0.100000,-0.100000,-0.100000,-0.055788,0.000000,1.000000
-0.100000,-0.100000,-0.100000,-0.100000,-0.055827,0.000000,1.000000
-0.100000,-0.100000,-0.100000,-0.100000,-0.055865,0.000000,1.000000
-0.100000,-0.100000,-0.100000,-0.100000,-0.055904,0.000000,1.000000
-0.100000,-0.100000,-0.100000,-0.100000,-0.055942,0.000000,1.000000
-0.100000,-0.100000,-0.100000,-0.100000,-0.055981,0.000000,1.000000
-0.100000,-0.100000,-0.100000,-0.100000,-0.056019,0.000000,1.000000
-0.100000,-0.100000,-0.100000,-0.100000,-0.056057,0.000000,1.000000
-0.100000,-0.100000,-0.100000,-0.100000,-0.056096,0.000000,1.000000
-0.100000,-0.100000,-0.100000,-0.100000,-0.056134,0.000000,1.000000
-0.100000,-0.100000,-0.100000,-0.100000,-0.056172,0.000000,1.000000
-0.100000,-0.100000,-0.100000,-0.100000,-0.056210,0.000000,1.000000
-0.100000,-0.100000,-0.100000,-0.100000,-0.056248,0.000000,1.000000
-0.100000,-0.100000,-0.100000,-0.100000,-0.056286,0.000000,1.000000
-0.100000,-0.100000,-0.100000,-0.100000,-0.056324,0.000000,1.000000
-0.100000,-0.100000,-0.100000,-0.100000,-0.056362,0.000000,1.000000
-0.100000,-0.100000,-0.100000,-0.100000,-0.056400,0.000000,1.000000
-0.100000,-0.100000,-0.100000,-0.100000,-0.056438,0.000000,1.000000
-0.100000,-0.100000,-0.100000,-0.100000,-0.056475,0.000000,1.000000
-0.100000,-0.100000,-0.100000,-0.100000,-0.056513,0.000000,1.000000
-0.100000,-0.100000,-0.100000,-0.100000,-0.056550,0.000000,1.000000
-0.100000,-0.100000,-0.100000,-0.100000,-0.056588,0.000000,1.000000
-0.100000,-0.100000,-0.100000,-0.100000,-0.056625,0.000000,1.000000
-0.100000,-0.100000,-0.100000,-0.100000,-0.056663,0.000000,1.000000
-0.100000,-0.100000,-0.100000,-0.100000,-0.056700,0.000000,1.000000
-0.100000,-0.100000,-0.100000,-0.100000,-0.056737,0.000000,1.000000
-0.100000,-0.100000,-0.100000,-0.100000,-0.056775,0.000000,1.000000
-0.100000,-0.100000,-0.100000,-0.100000,-0.056812,0.000000,1.000000
-0.100000,-0.100000,-0.100000,-0.100000,-0.056849,0.000000,1.000000
-0.100000,-0.100000,-0.100000,-0.100000,-0.056886,0.000000,1.000000
-0.100000,-0.100000,-0.100000,-0.100000,-0.056923,0.000000,1.000000
-0.100000,-0.100000,-0.100000,-0.100000,-0.056960,0.000000,1.000000
-0.100000,-0.100000,-0.100000,-0.100000,-0.056997,0.000000,1.000000
-0.100000,-0.100000,-0.100000,-0.100000,-0.057034,0.000000,1.000000
-0.100000,-0.100000,-0.100000,-0.100000,-0.057070,0.000000,1.000000
-0.100000,-0.100000,-0.100000,-0.100000,-0.057107,0.000000,1.000000
-0.100000,-0.100000,-0.100000,-0.100000,-0.057144,0.000000,1.000000
-0.100000,-0.100000,-0.100000,-0.100000,-0.057180,0.000000,1.000000
-0.100000,-0.100000,-0.100000,-0.100000,-0.057217,0.000000,1.000000
-0.100000,-0.100000,-0.100000,-0.100000,-0.057253,0.000000,1.000000
-0.100000,-0.100000,-0.100000,-0.100000,-0.057290,0.000000,1.000000
-0.100000,-0.100000,-0.100000,-0.100000,-0.057326,0.000000,1.000000
-0.100000,-0.100000,-0.100000,-0.100000,-0.057362,0.000000,1.000000
-0.100000,-0.100000,-0.100000,-0.100000,-0.057399,0.000000,1.000000
-0.100000,-0.100000,-0.100000,-0.100000,-0.057435,0.000000,1.000000
-0.100000,-0.100000,-0.100000,-0.100000,-0.057471,0.000000,1.000000
-0.100000,-0.100000,-0.100000,-0.100000,-0.057507,0.000000,1.000000
-0.100000,-0.100000,-0.100000,-0.100000,-0.057543,0.000000,1.000000
-0.100000,-0.100000,-0.100000,-0.100000,-0.057579,0.000000,1.000000
-0.100000,-0.100000,-0.100000,-0.100000,-0.057615,0.000000,1.000000
-0.100000,-0.100000,-0.100000,-0.100000,-0.057651,0.000000,1.000000
-0.100000,-0.100000,-0.100000,-0.100000,-0.057686,0.000000,1.000000
-0.100000,-0.100000,-0.100000,-0.100000,-0.057722,0.000000,1.000000
-0.100000,-0.100000,-0.100000,-0.100000,-0.057758,0.000000,1.000000
-0.100000,-0.100000,-0.100000,-0.100000,-0.057794,0.000000,1.000000
-0.100000,-0.100000,-0.100000,-0.100000,-0.057829,0.000000,1.000000
-0.100000,-0.100000,-0.100000,-0.100000,-0.057865,0.000000,1.000000
-0.100000,-0.100000,-0.100000,-0.100000,-0.057900,0.000000,1.000000
-0.100000,-0.100000,-0.100000,-0.100000,-0.057935,0.000000,1.000000
-0.100000,-0.100000,-0.100000,-0.100000,-0.057971,0.000000,1.000000
-0.100000,-0.100000,-0.100000,-0.100000,-0.058006,0.000000,1.000000
-0.100000,-0.100000,-0.100000,-0.100000,-0.058041,0.000000,1.000000
-0.100000,-0.100000,-0.100000,-0.100000,-0.058076,0.000000,1.000000
-0.100000,-0.100000,-0.100000,-0.100000,-0.058112,0.000000,1.000000
-0.100000,-0.100000,-0.100000,-0.100000,-0.058147,0.000000,1.000000
-0.100000,-0.100000,-0.100000,-0.100000,-0.058182,0.000000,1.000000
-0.100000,-0.100000,-0.100000,-0.100000,-0.058216,0.000000,1.000000
-0.100000,-0.100000,-0.100000,-0.100000,-0.058251,0.000000,1.000000
-0.100000,-0.100000,-0.100000,-0.100000,-0.058286,0.000000,1.000000
-0.100000,-0.100000,-0.100000,-0.100000,-0.058321,0.000000,1.000000
-0.100000,-0.100000,-0.100000,-0.100000,-0.058356,0.000000,1.000000
-0.100000,-0.100000,-0.100000,-0.100000,-0.058390,0.000000,1.000000
-0.100000,-0.100000,-0.100000,-0.100000,-0.058425,0.000000,1.000000
-0.100000,-0.100000,-0.100000,-0.100000,-0.058459,0.000000,1.000000
-0.100000,-0.100000,-0.100000,-0.100000,-0.058494,0.000000,1.000000
-0.100000,-0.100000,-0.100000,-0.100000,-0.058528,0.000000,1.000000
-0.100000,-0.100000,-0.100000,-0.100000,-0.058563,0.000000,1.000000
-0.100000,-0.100000,-0.100000,-0.100000,-0.058597,0.000000,1.000000
-0.100000,-0.100000,-0.100000,-0.100000,-0.058631,0.000000,1.000000
-0.100000,-0.100000,-0.100000,-0.100000,-0.058665,0.000000,1.000000
-0.100000,-0.100000,-0.100000,-0.100000,-0.058699,0.000000,1.000000
-0.100000,-0.100000,-0.100000,-0.100000,-0.058734,0.000000,1.000000
-0.100000,-0.100000,-0.100000,-0.100000,-0.058768,0.000000,1.000000
-0.100000,-0.100000,-0.100000,-0.100000,-0.058801,0.000000,1.000000
-0.100000,-0.100000,-0.100000,-0.100000,-0.058835,0.000000,1.000000
-0.100000,-0.100000,-0.100000,-0.100000,-0.058869,0.000000,1.000000
-0.100000,-0.100000,-0.100000,-0.100000,-0.058903,0.000000,1.000000
-0.100000,-0.100000,-0.100000,-0.100000,-0.058937,0.000000,1.000000
-0.100000,-0.100000,-0.100000,-0.100000,-0.058970,0.000000,1.000000
-0.100000,-0.100000,-0.100000,-0.100000,-0.059004,0.000000,1.000000
-0.100000,-0.100000,-0.100000,-0.100000,-0.059037,0.000000,1.000000
-0.100000,-0.100000,-0.100000,-0.100000,-0.059071,0.000000,1.000000
-0.100000,-0.100000,-0.100000,-0.100000,-0.059104,0.000000,1.000000
-0.100000,-0.100000,-0.100000,-0.100000,-0.059138,0.000000,1.000000
-0.100000,-0.100000,-0.100000,-0.100000,-0.059171,0.000000,1.000000
-0.100000,-0.100000,-0.100000,-0.100000,-0.059204,0.000000,1.000000
-0.100000,-0.100000,-0.100000,-0.100000,-0.059237,0.000000,1.000000
-0.100000,-0.100000,-0.100000,-0.100000,-0.059270,0.000000,1.000000
-0.100000,-0.100000,-0.100000,-0.100000,-0.059304,0.000000,1.000000
-0.100000,-0.100000,-0.100000,-0.100000,-0.059337,0.000000,1.000000
-0.100000,-0.100000,-0.100000,-0.100000,-0.059370,0.000000,1.000000
-0.100000,-0.100000,-0.100000,-0.100000,-0.059402,0.000000,1.000000
-0.100000,-0.100000,-0.100000,-0.100000,-0.059435,0.000000,1.000000
-0.100000,-0.100000,-0.100000,-0.100000,-0.059468,0.000000,1.000000
-0.100000,-0.100000,-0.100000,-0.100000,-0.059501,0.000000,1.000000
-0.100000,-0.100000,-0.100000,-0.100000,-0.059533,0.000000,1.000000
-0.100000,-0.100000,-0.100000,-0.100000,-0.059566,0.000000,1.000000
-0.100000,-0.100000,-0.100000,-0.100000,-0.059599,0.000000,1.000000
-0.100000,-0.100000,-0.100000,-0.100000,-0.059631,0.000000,1.000000
-0.100000,-0.100000,-0.100000,-0.100000,-0.059663,0.000000,1.000000
-0.100000,-0.100000,-0.100000,-0.100000,-0.059696,0.000000,1.000000
-0.100000,-0.100000,-0.100000,-0.100000,-0.059728,0.000000,1.000000
-0.100000,-0.100000,-0.100000,-0.100000,-0.059760,0.000000,1.000000
-0.100000,-0.100000,-0.100000,-0.100000,-0.059793,0.000000,1.000000
-0.100000,-0.100000,-0.100000,-0.100000,-0.059825,0.000000,1.000000
-0.100000,-0.100000,-0.100000,-0.100000,-0.059857,0.000000,1.000000
-0.100000,-0.100000,-0.100000,-0.100000,-0.059889,0.000000,1.000000
-0.100000,-0.100000,-0.100000,-0.100000,-0.059921,0.000000,1.000000
-0.100000,-0.100000,-0.100000,-0.100000,-0.059953,0.000000,1.000000
-0.100000,-0.100000,-0.100000,-0.100000,-0.059985,0.000000,1.000000
-0.100000,-0.100000,-0.100000,-0.100000,-0.060016,0.000000,1.000000
-0.100000,-0.100000,-0.100000,-0.100000,-0.060048,0.000000,1.000000
-0.100000,-0.100000,-0.100000,-0.100000,-0.060080,0.000000,1.000000
-0.100000,-0.100000,-0.100000,-0.100000,-0.060111,0.000000,1.000000
-0.100000,-0.100000,-0.100000,-0.100000,-0.060143,0.000000,1.000000
-0.100000,-0.100000,-0.100000,-0.100000,-0.060174,0.000000,1.000000
-0.100000,-0.100000,-0.100000,-0.100000,-0.060206,0.000000,1.000000
-0.100000,-0.100000,-0.100000,-0.100000,-0.060237,0.000000,1.000000
-0.100000,-0.100000,-0.100000,-0.100000,-0.060268,0.000000,1.000000
-0.100000,-0.100000,-0.100000,-0.100000,-0.060300,0.000000,1.000000
-0.100000,-0.100000,-0.100000,-0.100000,-0.060331,0.000000,1.000000
-0.100000,-0.100000,-0.100000,-0.100000,-0.060362,0.000000,1.000000
-0.100000,-0.100000,-0.100000,-0.100000,-0.060393,0.000000,1.000000
-0.100000,-0.100000,-0.100000,-0.100000,-0.060424,0.000000,1.000000
-0.100000,-0.100000,-0.100000,-0.100000,-0.060455,0.000000,1.000000
-0.100000,-0.100000,-0.100000,-0.100000,-0.060486,0.000000,1.000000
-0.100000,-0.100000,-0.100000,-0.100000,-0.060517,0.000000,1.000000
-0.100000,-0.100000,-0.100000,-0.100000,-0.060548,0.000000,1.000000
-0.100000,-0.100000,-0.100000,-0.100000,-0.060579,0.000000,1.000000
-0.100000,-0.100000,-0.100000,-0.100000,-0.060609,0.000000,1.000000
-0.100000,-0.100000,-0.100000,-0.100000,-0.060640,0.000000,1.000000
-0.100000,-0.100000,-0.100000,-0.100000,-0.060670,0.000000,1.000000
-0.100000,-0.100000,-0.100000,-0.100000,-0.060701,0.000000,1.000000
-0.100000,-0.100000,-0.100000,-0.100000,-0.060731,0.000000,1.000000
-0.100000,-0.100000,-0.100000,-0.100000,-0.060762,0.000000,1.000000
-0.100000,-0.100000,-0.100000,-0.100000,-0.060792,0.000000,1.000000
-0.100000,-0.100000,-0.100000,-0.100000,-0.060822,0.000000,1.000000
-0.100000,-0.100000,-0.100000,-0.100000,-0.060853,0.000000,1.000000
-0.100000,-0.100000,-0.100000,-0.100000,-0.060883,0.000000,1.000000
-0.100000,-0.100000,-0.100000,-0.100000,-0.060913,0.000000,1.000000
-0.100000,-0.100000,-0.100000,-0.100000,-0.060943,0.000000,1.000000
-0.100000,-0.100000,-0.100000,-0.100000,-0.060973,0.000000,1.000000
-0.100000,-0.100000,-0.100000,-0.100000,-0.061004,0.000000,1.000000
-0.100000,-0.100000,-0.100000,-0.100000,-0.061034,0.000000,1.000000
-0.100000,-0.100000,-0.100000,-0.100000,-0.061064,0.000000,1.000000
-0.100000,-0.100000,-0.100000,-0.100000,-0.061094,0.000000,1.000000
-0.100000,-0.100000,-0.100000,-0.100000,-0.061124,0.000000,1.000000
-0.100000,-0.100000,-0.100000,-0.100000,-0.061154,0.000000,1.000000
-0.100000,-0.100000,-0.100000,-0.100000,-0.061184,0.000000,1.000000
-0.100000,-0.100000,-0.100000,-0.100000,-0.061214,0.000000,1.000000
-0.100000,-0.100000,-0.100000,-0.100000,-0.061244,0.000000,1.000000
-0.100000,-0.100000,-0.100000,-0.100000,-0.061275,0.000000,1.000000
-0.100000,-0.100000,-0.100000,-0.100000,-0.061305,0.000000,1.000000
-0.100000,-0.100000,-0.100000,-0.100000,-0.061335,0.000000,1.000000
-0.100000,-0.100000,-0.100000,-0.100000,-0.061365,0.000000,1.000000
-0.100000,-0.100000,-0.100000,-0.100000,-0.061395,0.000000,1.000000
-0.100000,-0.100000,-0.100000,-0.100000,-0.061425,0.000000,1.000000
-0.100000,-0.100000,-0.100000,-0.100000,-0.061455,0.000000,1.000000
-0.100000,-0.100000,-0.100000,-0.100000,-0.061485,0.000000,1.000000
-0.100000,-0.100000,-0.100000,-0.100000,-0.061515,0.000000,1.000000
-0.100000,-0.100000,-0.100000,-0.100000,-0.061545,0.000000,1.000000
-0.100000,-0.100000,-0.100000,-0.100000,-0.061575,0.000000,1.000000
-0.100000,-0.100000,-0.100000,-0.100000,-0.061604,0.000000,1.000000
-0.100000,-0.100000,-0.100000,-0.100000,-0.061634,0.000000,1.000000
-0.100000,-0.100000,-0.100000,-0.100000,-0.061664,0.000000,1.000000
-0.100000,-0.100000,-0.100000,-0.100000,-0.061694,0.000000,1.000000
-0.100000,-0.100000,-0.100000,-0.100000,-0.061724,0.000000,1.000000
-0.100000,-0.100000,-0.100000,-0.100000,-0.061754,0.000000,1.000000
-0.100000,-0.100000,-0.100000,-0.100000,-0.061784,0.000000,1.000000
-0.100000,-0.100000,-0.100000,-0.100000,-0.061814,0.000000,1.000000
-0.100000,-0.100000,-0.100000,-0.100000,-0.061844,0.000000,1.000000
-0.100000,-0.100000,-0.100000,-0.100000,-0.061873,0.000000,1.000000
-0.100000,-0.100000,-0.100000,-0.100000,-0.061903,0.000000,1.000000
-0.100000,-0.100000,-0.100000,-0.100000,-0.061933,0.000000,1.000000
-0.100000,-0.100000,-0.100000,-0.100000,-0.061963,0.000000,1.000000
-0.100000,-0.100000,-0.100000,-0.100000,-0.061993,0.000000,1.000000
-0.100000,-0.100000,-0.100000,-0.100000,-0.062022,0.000000,1.000000
-0.100000,-0.100000,-0.100000,-0.100000,-0.062052,0.000000,1.000000
-0.100000,-0.100000,-0.100000,-0.100000,-0.062082,0.000000,1.000000
-0.100000,-0.100000,-0.100000,-0.100000,-0.062112,0.000000,1.000000
-0.100000,-0.100000,-0.100000,-0.100000,-0.062141,0.000000,1.000000
-0.100000,-0.100000,-0.100000,-0.100000,-0.062171,0.000000,1.000000
-0.100000,-0.100000,-0.100000,-0.100000,-0.062201,0.000000,1.000000
-0.100000,-0.100000,-0.100000,-0.100000,-0.062230,0.000000,1.000000
-0.100000,-0.100000,-0.100000,-0.100000,-0.062260,0.000000,1.000000
-0.100000,-0.100000,-0.100000,-0.100000,-0.062290,0.000000,1.000000
-0.100000,-0.100000,-0.100000,-0.100000,-0.062319,0.000000,1.000000
-0.100000,-0.100000,-0.100000,-0.100000,-0.062349,0.000000,1.000000
-0.100000,-0.100000,-0.100000,-0.100000,-0.062379,0.000000,1.000000
-0.100000,-0.100000,-0.100000,-0.100000,-0.062408,0.000000,1.000000
-0.100000,-0.100000,-0.100000,-0.100000,-0.062438,0.000000,1.000000
-0.100000,-0.100000,-0.100000,-0.100000,-0.062468,0.000000,1.000000
-0.100000,-0.100000,-0.100000,-0.100000,-0.062497,0.000000,1.000000
-0.100000,-0.100000,-0.100000,-0.100000,-0.062527,0.000000,1.000000
-0.100000,-0.100000,-0.100000,-0.100000,-0.062556,0.000000,1.000000
-0.100000,-0.100000,-0.100000,-0.100000,-0.062586,0.000000,1.000000
-0.100000,-0.100000,-0.100000,-0.100000,-0.062615,0.000000,1.000000
-0.100000,-0.100000,-0.100000,-0.100000,-0.062645,0.000000,1.000000
-0.100000,-0.100000,-0.100000,-0.100000,-0.062674,0.000000,1.000000
-0.100000,-0.100000,-0.100000,-0.100000,-0.062704,0.000000,1.000000
-0.100000,-0.100000,-0.100000,-0.100000,-0.062733,0.000000,1.000000
-0.100000,-0.100000,-0.100000,-0.100000,-0.062763,0.000000,1.000000
-0.100000,-0.100000,-0.100000,-0.100000,-0.062792,0.000000,1.000000
-0.100000,-0.100000,-0.100000,-0.100000,-0.062822,0.000000,1.000000
-0.100000,-0.100000,-0.100000,-0.100000,-0.062851,0.000000,1.000000
-0.100000,-0.100000,-0.100000,-0.100000,-0.062881,0.000000,1.000000
-0.100000,-0.100000,-0.100000,-0.100000,-0.062910,0.000000,1.000000
-0.100000,-0.100000,-0.100000,-0.100000,-0.062940,0.000000,1.000000
-0.100000,-0.100000,-0.100000,-0.100000,-0.062969,0.000000,1.000000
-0.100000,-0.100000,-0.100000,-0.100000,-0.062998,0.000000,1.000000
-0.100000,-0.100000,-0.100000,-0.100000,-0.063028,0.000000,1.000000
-0.100000,-0.100000,-0.100000,-0.100000,-0.063057,0.000000,1.000000
-0.100000,-0.100000,-0.100000,-0.100000,-0.063086,0.000000,1.000000
-0.100000,-0.100000,-0.100000,-0.100000,-0.063116,0.000000,1.000000
-0.100000,-0.100000,-0.100000,-0.100000,-0.063145,0.000000,1.000000
-0.100000,-0.100000,-0.100000,-0.100000,-0.063174,0.000000,1.000000
-0.100000,-0.100000,-0.100000,-0.100000,-0.063204,0.000000,1.000000
-0.100000,-0.100000,-0.100000,-0.100000,-0.063233,0.000000,1.000000
-0.100000,-0.100000,-0.100000,-0.100000,-0.063262,0.000000,1.000000
-0.100000,-0.100000,-0.100000,-0.100000,-0.063292,0.000000,1.000000
-0.100000,-0.100000,-0.100000,-0.100000,-0.063321,0.000000,1.000000
-0.100000,-0.100000,-0.100000,-0.100000,-0.063350,0.000000,1.000000
-0.100000,-0.100000,-0.100000,-0.100000,-0.063379,0.000000,1.000000
-0.100000,-0.100000,-0.100000,-0.100000,-0.063409,0.000000,1.000000
-0.100000,-0.100000,-0.100000,-0.100000,-0.063438,0.000000,1.000000
-0.100000,-0.100000,-0.100000,-0.100000,-0.063467,0.000000,1.000000
-0.100000,-0.100000,-0.100000,-0.100000,-0.063496,0.000000,1.000000
-0.100000,-0.100000,-0.100000,-0.100000,-0.063525,0.000000,1.000000
-0.100000,-0.100000,-0.100000,-0.100000,-0.063554,0.000000,1.000000
-0.100000,-0.100000,-0.100000,-0.100000,-0.063584,0.000000,1.000000
-0.100000,-0.100000,-0.100000,-0.100000,-0.063613,0.000000,1.000000
-0.100000,-0.100000,-0.100000,-0.100000,-0.063642,0.000000,1.000000
-0.100000,-0.100000,-0.100000,-0.100000,-0.063671,0.000000,1.000000
-0.100000,-0.100000,-0.100000,-0.100000,-0.063700,0.000000,1.000000
-0.100000,-0.100000,-0.100000,-0.100000,-0.063729,0.000000,1.000000
-0.100000,-0.100000,-0.100000,-0.100000,-0.063758,0.000000,1.000000
-0.100000,-0.100000,-0.100000,-0.100000,-0.063787,0.000000,1.000000
-0.100000,-0.100000,-0.100000,-0.100000,-0.063816,0.000000,1.000000
-0.100000,-0.100000,-0.100000,-0.100000,-0.063845,0.000000,1.000000
-0.100000,-0.100000,-0.100000,-0.100000,-0.063875,0.000000,1.000000
-0.100000,-0.100000,-0.100000,-0.100000,-0.063904,0.000000,1.000000
-0.100000,-0.100000,-0.100000,-0.100000,-0.063933,0.000000,1.000000
-0.100000,-0.100000,-0.100000,-0.100000,-0.063962,0.000000,1.000000
-0.100000,-0.100000,-0.100000,-0.100000,-0.063991,0.000000,1.000000
-0.100000,-0.100000,-0.100000,-0.100000,-0.064020,0.000000,1.000000
-0.100000,-0.100000,-0.100000,-0.100000,-0.064049,0.000000,1.000000
-0.100000,-0.100000,-0.100000,-0.100000,-0.064077,0.000000,1.000000
-0.100000,-0.100000,-0.100000,-0.100000,-0.064106,0.000000,1.000000
-0.100000,-0.100000,-0.100000,-0.100000,-0.064135,0.000000,1.000000
-0.100000,-0.100000,-0.100000,-0.100000,-0.064164,0.000000,1.000000
-0.100000,-0.100000,-0.100000,-0.100000,-0.064193,0.000000,1.000000
-0.100000,-0.100000,-0.100000,-0.100000,-0.064222,0.000000,1.000000
-0.100000,-0.100000,-0.100000,-0.100000,-0.064251,0.000000,1.000000
-0.100000,-0.100000,-0.100000,-0.100000,-0.064280,0.000000,1.000000
-0.100000,-0.100000,-0.100000,-0.100000,-0.064309,0.000000,1.000000
-0.100000,-0.100000,-0.100000,-0.100000,-0.064338,0.000000,1.000000
-0.100000,-0.100000,-0.100000,-0.100000,-0.064366,0.000000,1.000000
-0.100000,-0.100000,-0.100000,-0.100000,-0.064395,0.000000,1.000000
-0.100000,-0.100000,-0.100000,-0.100000,-0.064424,0.000000,1.000000
-0.100000,-0.100000,-0.100000,-0.100000,-0.064453,0.000000,1.000000
-0.100000,-0.100000,-0.100000,-0.100000,-0.064482,0.000000,1.000000
-0.100000,-0.100000,-0.100000,-0.100000,-0.064510,0.000000,1.000000
-0.100000,-0.100000,-0.100000,-0.100000,-0.064539,0.000000,1.000000
-0.100000,-0.100000,-0.100000,-0.100000,-0.064568,0.000000,1.000000
-0.100000,-0.100000,-0.100000,-0.100000,-0.064597,0.000000,1.000000
-0.100000,-0.100000,-0.100000,-0.100000,-0.064625,0.000000,1.000000
-0.100000,-0.100000,-0.100000,-0.100000,-0.064654,0.000000,1.000000
-0.100000,-0.100000,-0.100000,-0.100000,-0.064683,0.000000,1.000000
-0.100000,-0.100000,-0.100000,-0.100000,-0.064712,0.000000,1.000000
-0.100000,-0.100000,-0.100000,-0.100000,-0.064740,0.000000,1.000000
-0.100000,-0.100000,-0.100000,-0.100000,-0.064769,0.000000,1.000000
-0.100000,-0.100000,-0.100000,-0.100000,-0.064798,0.000000,1.000000
-0.100000,-0.100000,-0.100000,-0.100000,-0.064826,0.000000,1.000000
-0.100000,-0.100000,-0.100000,-0.100000,-0.064855,0.000000,1.000000
-0.100000,-0.100000,-0.100000,-0.100000,-0.064884,0.000000,1.000000
-0.100000,-0.100000,-0.100000,-0.100000,-0.064912,0.000000,1.000000
-0.100000,-0.100000,-0.100000,-0.100000,-0.064941,0.000000,1.000000
-0.100000,-0.100000,-0.100000,-0.100000,-0.064969,0.000000,1.000000
-0.100000,-0.100000,-0.100000,-0.100000,-0.064998,0.000000,1.000000
-0.100000,-0.100000,-0.100000,-0.100000,-0.065026,0.000000,1.000000
-0.100000,-0.100000,-0.100000,-0.100000,-0.065055,0.000000,1.000000
-0.100000,-0.100000,-0.100000,-0.100000,-0.065084,0.000000,1.000000
-0.100000,-0.100000,-0.100000,-0.100000,-0.065112,0.000000,1.000000
-0.100000,-0.100000,-0.100000,-0.100000,-0.065141,0.000000,1.000000
-0.100000,-0.100000,-0.100000,-0.100000,-0.065169,0.000000,1.000000
-0.100000,-0.100000,-0.100000,-0.100000,-0.065198,0.000000,1.000000
-0.100000,-0.100000,-0.100000,-0.100000,-0.065226,0.000000,1.000000
-0.100000,-0.100000,-0.100000,-0.100000,-0.065255,0.000000,1.000000
-0.100000,-0.100000,-0.100000,-0.100000,-0.065283,0.000000,1.000000
-0.100000,-0.100000,-0.100000,-0.100000,-0.065312,0.000000,1.000000
-0.100000,-0.100000,-0.100000,-0.100000,-0.065340,0.000000,1.000000
-0.100000,-0.100000,-0.100000,-0.100000,-0.065368,0.000000,1.000000
-0.100000,-0.100000,-0.100000,-0.100000,-0.065397,0.000000,1.000000
-0.100000,-0.100000,-0.100000,-0.100000,-0.065425,0.000000,1.000000
-0.100000,-0.100000,-0.100000,-0.100000,-0.065454,0.000000,1.000000
-0.100000,-0.100000,-0.100000,-0.100000,-0.065482,0.000000,1.000000
-0.100000,-0.100000,-0.100000,-0.100000,-0.065510,0.000000,1.000000
-0.100000,-0.100000,-0.100000,-0.100000,-0.065539,0.000000,1.000000
-0.100000,-0.100000,-0.100000,-0.100000,-0.065567,0.000000,1.000000
-0.100000,-0.100000,-0.100000,-0.100000,-0.065595,0.000000,1.000000
-0.100000,-0.100000,-0.100000,-0.100000,-0.065624,0.000000,1.000000
-0.100000,-0.100000,-0.100000,-0.100000,-0.065652,0.000000,1.000000
-0.100000,-0.100000,-0.100000,-0.100000,-0.065680,0.000000,1.000000
-0.100000,-0.100000,-0.100000,-0.100000,-0.065709,0.000000,1.000000
-0.100000,-0.100000,-0.100000,-0.100000,-0.065737,0.000000,1.000000
-0.100000,-0.100000,-0.100000,-0.100000,-0.065765,0.000000,1.000000
-0.100000,-0.100000,-0.100000,-0.100000,-0.065793,0.000000,1.000000
-0.100000,-0.100000,-0.100000,-0.100000,-0.065822,0.000000,1.000000
-0.100000,-0.100000,-0.100000,-0.100000,-0.065850,0.000000,1.000000
-0.100000,-0.100000,-0.100000,-0.100000,-0.065878,0.000000,1.000000
-0.100000,-0.100000,-0.100000,-0.100000,-0.065906,0.000000,1.000000
-0.100000,-0.100000,-0.100000,-0.100000,-0.065935,0.000000,1.000000
-0.100000,-0.100000,-0.100000,-0.100000,-0.065963,0.000000,1.000000
-0.100000,-0.100000,-0.100000,-0.100000,-0.065991,0.000000,1.000000
-0.100000,-0.100000,-0.100000,-0.100000,-0.066019,0.000000,1.000000
-0.100000,-0.100000,-0.100000,-0.100000,-0.066047,0.000000,1.000000
-0.100000,-0.100000,-0.100000,-0.100000,-0.066075,0.000000,1.000000
-0.100000,-0.100000,-0.100000,-0.100000,-0.066104,0.000000,1.000000
-0.100000,-0.100000,-0.100000,-0.100000,-0.066132,0.000000,1.000000
-0.100000,-0.100000,-0.100000,-0.100000,-0.066160,0.000000,1.000000
-0.100000,-0.100000,-0.100000,-0.100000,-0.066188,0.000000,1.000000
-0.100000,-0.100000,-0.100000,-0.100000,-0.066216,0.000000,1.000000
-0.100000,-0.100000,-0.100000,-0.100000,-0.066244,0.000000,1.000000
-0.100000,-0.100000,-0.100000,-0.100000,-0.066272,0.000000,1.000000
-0.100000,-0.100000,-0.100000,-0.100000,-0.066300,0.000000,1.000000
-0.100000,-0.100000,-0.100000,-0.100000,-0.066328,0.000000,1.000000
-0.100000,-0.100000,-0.100000,-0.100000,-0.066356,0.000000,1.000000
-0.100000,-0.100000,-0.100000,-0.100000,-0.066384,0.000000,1.000000
-0.100000,-0.100000,-0.100000,-0.100000,-0.066412,0.000000,1.000000
-0.100000,-0.100000,-0.100000,-0.100000,-0.066440,0.000000,1.000000
-0.100000,-0.100000,-0.100000,-0.100000,-0.066468,0.000000,1.000000
-0.100000,-0.100000,-0.100000,-0.100000,-0.066496,0.000000,1.000000
-0.100000,-0.100000,-0.100000,-0.100000,-0.066524,0.000000,1.000000
-0.100000,-0.100000,-0.100000,-0.100000,-0.066552,0.000000,1.000000
-0.100000,-0.100000,-0.100000,-0.100000,-0.066580,0.000000,1.000000
-0.100000,-0.100000,-0.100000,-0.100000,-0.066608,0.000000,1.000000
-0.100000,-0.100000,-0.100000,-0.100000,-0.066636,0.000000,1.000000
-0.100000,-0.100000,-0.100000,-0.100000,-0.066664,0.000000,1.000000
-0.100000,-0.100000,-0.100000,-0.100000,-0.066692,0.000000,1.000000
-0.100000,-0.100000,-0.100000,-0.100000,-0.066719,0.000000,1.000000
-0.100000,-0.100000,-0.100000,-0.100000,-0.066747,0.000000,1.000000
-0.100000,-0.100000,-0.100000,-0.100000,-0.066775,0.000000,1.000000
-0.100000,-0.100000,-0.100000,-0.100000,-0.066803,0.000000,1.000000
-0.100000,-0.100000,-0.100000,-0.100000,-0.066831,0.000000,1.000000
-0.100000,-0.100000,-0.100000,-0.100000,-0.066859,0.000000,1.000000
-0.100000,-0.100000,-0.100000,-0.100000,-0.066886,0.000000,1.000000
-0.100000,-0.100000,-0.100000,-0.100000,-0.066914,0.000000,1.000000
-0.100000,-0.100000,-0.100000,-0.100000,-0.066942,0.000000,1.000000
-0.100000,-0.100000,-0.100000,-0.100000,-0.066970,0.000000,1.000000
-0.100000,-0.100000,-0.100000,-0.100000,-0.066997,0.000000,1.000000
-0.100000,-0.100000,-0.100000,-0.100000,-0.067025,0.000000,1.000000
-0.100000,-0.100000,-0.100000,-0.100000,-0.067053,0.000000,1.000000
-0.100000,-0.100000,-0.100000,-0.100000,-0.067081,0.000000,1.000000
-0.100000,-0.100000,-0.100000,-0.100000,-0.067108,0.000000,1.000000
-0.100000,-0.100000,-0.100000,-0.100000,-0.067136,0.000000,1.000000
-0.100000,-0.100000,-0.100000,-0.100000,-0.067164,0.000000,1.000000
-0.100000,-0.100000,-0.100000,-0.100000,-0.067191,0.000000,1.000000
-0.100000,-0.100000,-0.100000,-0.100000,-0.067219,0.000000,1.000000
-0.100000,-0.100000,-0.100000,-0.100000,-0.067247,0.000000,1.000000
-0.100000,-0.100000,-0.100000,-0.100000,-0.067274,0.000000,1.000000
-0.100000,-0.100000,-0.100000,-0.100000,-0.067302,0.000000,1.000000
-0.100000,-0.100000,-0.100000,-0.100000,-0.067330,0.000000,1.000000
-0.100000,-0.100000,-0.100000,-0.100000,-0.067357,0.000000,1.000000
-0.100000,-0.100000,-0.100000,-0.100000,-0.067385,0.000000,1.000000
-0.100000,-0.100000,-0.100000,-0.100000,-0.067412,0.000000,1.000000
-0.100000,-0.100000,-0.100000,-0.100000,-0.067440,0.000000,1.000000
-0.100000,-0.100000,-0.100000,-0.100000,-0.067468,0.000000,1.000000
-0.100000,-0.100000,-0.100000,-0.100000,-0.067495,0.000000,1.000000
-0.100000,-0.100000,-0.100000,-0.100000,-0.067523,0.000000,1.000000
-0.100000,-0.100000,-0.100000,-0.100000,-0.067550,0.000000,1.000000
-0.100000,-0.100000,-0.100000,-0.100000,-0.067578,0.000000,1.000000
-0.100000,-0.100000,-0.100000,-0.100000,-0.067605,0.000000,1.000000
-0.100000,-0.100000,-0.100000,-0.100000,-0.067633,0.000000,1.000000
-0.100000,-0.100000,-0.100000,-0.100000,-0.067660,0.000000,1.000000
-0.100000,-0.100000,-0.100000,-0.100000,-0.067688,0.000000,1.000000
-0.100000,-0.100000,-0.100000,-0.100000,-0.067715,0.000000,1.000000
-0.100000,-0.100000,-0.100000,-0.100000,-0.067742,0.000000,1.000000
-0.100000,-0.100000,-0.100000,-0.100000,-0.067770,0.000000,1.000000
-0.100000,-0.100000,-0.100000,-0.100000,-0.067797,0.000000,1.000000
-0.100000,-0.100000,-0.100000,-0.100000,-0.067825,0.000000,1.000000
-0.100000,-0.100000,-0.100000,-0.100000,-0.067852,0.000000,1.000000
-0.100000,-0.100000,-0.100000,-0.100000,-0.067879,0.000000,1.000000
-0.100000,-0.100000,-0.100000,-0.100000,-0.067907,0.000000,1.000000
-0.100000,-0.100000,-0.100000,-0.100000,-0.067934,0.000000,1.000000
-0.100000,-0.100000,-0.100000,-0.100000,-0.067962,0.000000,1.000000
-0.100000,-0.100000,-0.100000,-0.100000,-0.067989,0.000000,1.000000
-0.100000,-0.100000,-0.100000,-0.100000,-0.068016,0.000000,1.000000
-0.100000,-0.100000,-0.100000,-0.100000,-0.068044,0.000000,1.000000
-0.100000,-0.100000,-0.100000,-0.100000,-0.068071,0.000000,1.000000
-0.100000,-0.100000,-0.100000,-0.100000,-0.068098,0.000000,1.000000
-0.100000,-0.100000,-0.100000,-0.100000,-0.068125,0.000000,1.000000
-0.100000,-0.100000,-0.100000,-0.100000,-0.068153,0.000000,1.000000
-0.100000,-0.100000,-0.100000,-0.100000,-0.068180,0.000000,1.000000
-0.100000,-0.100000,-0.100000,-0.100000,-0.068207,0.000000,1.000000
-0.100000,-0.100000,-0.100000,-0.100000,-0.068234,0.000000,1.000000
-0.100000,-0.100000,-0.100000,-0.100000,-0.068262,0.000000,1.000000
-0.100000,-0.100000,-0.100000,-0.100000,-0.068289,0.000000,1.000000
-0.100000,-0.100000,-0.100000,-0.100000,-0.068316,0.000000,1.000000
-0.100000,-0.100000,-0.100000,-0.100000,-0.068343,0.000000,1.000000
-0.100000,-0.100000,-0.100000,-0.100000,-0.068370,0.000000,1.000000
-0.100000,-0.100000,-0.100000,-0.100000,-0.068397,0.000000,1.000000
-0.100000,-0.100000,-0.100000,-0.100000,-0.068425,0.000000,1.000000
-0.100000,-0.100000,-0.100000,-0.100000,-0.068452,0.000000,1.000000
-0.100000,-0.100000,-0.100000,-0.100000,-0.068479,0.000000,1.000000
-0.100000,-0.100000,-0.100000,-0.100000,-0.068506,0.000000,1.000000
-0.100000,-0.100000,-0.100000,-0.100000,-0.068533,0.000000,1.000000
-0.100000,-0.100000,-0.100000,-0.100000,-0.068560,0.000000,1.000000
-0.100000,-0.100000,-0.100000,-0.100000,-0.068587,0.000000,1.000000
-0.100000,-0.100000,-0.100000,-0.100000,-0.068614,0.000000,1.000000
-0.100000,-0.100000,-0.100000,-0.100000,-0.068641,0.000000,1.000000
-0.100000,-0.100000,-0.100000,-0.100000,-0.068668,0.000000,1.000000
-0.100000,-0.100000,-0.100000,-0.100000,-0.068695,0.000000,1.000000
-0.100000,-0.100000,-0.100000,-0.100000,-0.068723,0.000000,1.000000
-0.100000,-0.100000,-0.100000,-0.100000,-0.068750,0.000000,1.000000
-0.100000,-0.100000,-0.100000,-0.100000,-0.068777,0.000000,1.000000
-0.100000,-0.100000,-0.100000,-0.100000,-0.068803,0.000000,1.000000
-0.100000,-0.100000,-0.100000,-0.100000,-0.068830,0.000000,1.000000
-0.100000,-0.100000,-0.100000,-0.100000,-0.068857,0.000000,1.000000
-0.100000,-0.100000,-0.100000,-0.100000,-0.068884,0.000000,1.000000
-0.100000,-0.100000,-0.100000,-0.100000,-0.068911,0.000000,1.000000
-0.100000,-0.100000,-0.100000,-0.100000,-0.068938,0.000000,1.000000
-0.100000,-0.100000,-0.100000,-0.100000,-0.068965,0.000000,1.000000
-0.100000,-0.100000,-0.100000,-0.100000,-0.068992,0.000000,1.000000
-0.100000,-0.100000,-0.100000,-0.100000,-0.069019,0.000000,1.000000
-0.100000,-0.100000,-0.100000,-0.100000,-0.069046,0.000000,1.000000
-0.100000,-0.100000,-0.100000,-0.100000,-0.069073,0.000000,1.000000
-0.100000,-0.100000,-0.100000,-0.100000,-0.069100,0.000000,1.000000
-0.100000,-0.100000,-0.100000,-0.100000,-0.069126,0.000000,1.000000
-0.100000,-0.100000,-0.100000,-0.100000,-0.069153,0.000000,1.000000
-0.100000,-0.100000,-0.100000,-0.100000,-0.069180,0.000000,1.000000
-0.100000,-0.100000,-0.100000,-0.100000,-0.069207,0.000000,1.000000
-0.100000,-0.100000,-0.100000,-0.100000,-0.069234,0.000000,1.000000
-0.100000,-0.100000,-0.100000,-0.100000,-0.069260,0.000000,1.000000
-0.100000,-0.100000,-0.100000,-0.100000,-0.069287,0.000000,1.000000
-0.100000,-0.100000,-0.100000,-0.100000,-0.069314,0.000000,1.000000
-0.100000,-0.100000,-0.100000,-0.100000,-0.069341,0.000000,1.000000
-0.100000,-0.100000,-0.100000,-0.100000,-0.069367,0.000000,1.000000
-0.100000,-0.100000,-0.100000,-0.100000,-0.069394,0.000000,1.000000
-0.100000,-0.100000,-0.100000,-0.100000,-0.069421,0.000000,1.000000
-0.100000,-0.100000,-0.100000,-0.100000,-0.069448,0.000000,1.000000
-0.100000,-0.100000,-0.100000,-0.100000,-0.069474,0.000000,1.000000
-0.100000,-0.100000,-0.100000,-0.100000,-0.069501,0.000000,1.000000
-0.100000,-0.100000,-0.100000,-0.100000,-0.069528,0.000000,1.000000
-0.100000,-0.100000,-0.100000,-0.100000,-0.069554,0.000000,1.000000
-0.100000,-0.100000,-0.100000,-0.100000,-0.069581,0.000000,1.000000
-0.100000,-0.100000,-0.100000,-0.100000,-0.069608,0.000000,1.000000
-0.100000,-0.100000,-0.100000,-0.100000,-0.069634,0.000000,1.000000
-0.100000,-0.100000,-0.100000,-0.100000,-0.069661,0.000000,1.000000
-0.100000,-0.100000,-0.100000,-0.100000,-0.069687,0.000000,1.000000
-0.100000,-0.100000,-0.100000,-0.100000,-0.069714,0.000000,1.000000
-0.100000,-0.100000,-0.100000,-0.100000,-0.069741,0.000000,1.000000
-0.100000,-0.100000,-0.100000,-0.100000,-0.069767,0.000000,1.000000
-0.100000,-0.100000,-0.100000,-0.100000,-0.069794,0.000000,1.000000
-0.100000,-0.100000,-0.100000,-0.100000,-0.069820,0.000000,1.000000
-0.100000,-0.100000,-0.100000,-0.100000,-0.069847,0.000000,1.000000
-0.100000,-0.100000,-0.100000,-0.100000,-0.069873,0.000000,1.000000
-0.100000,-0.100000,-0.100000,-0.100000,-0.069900,0.000000,1.000000
-0.100000,-0.100000,-0.100000,-0.100000,-0.069926,0.000000,1.000000
-0.100000,-0.100000,-0.100000,-0.100000,-0.069953,0.000000,1.000000
-0.100000,-0.100000,-0.100000,-0.100000,-0.069979,0.000000,1.000000
-0.100000,-0.100000,-0.100000,-0.100000,-0.070006,0.000000,1.000000
-0.100000,-0.100000,-0.100000,-0.100000,-0.070032,0.000000,1.000000
-0.100000,-0.100000,-0.100000,-0.100000,-0.070059,0.000000,1.000000
-0.100000,-0.100000,-0.100000,-0.100000,-0.070085,0.000000,1.000000
-0.100000,-0.100000,-0.100000,-0.100000,-0.070111,0.000000,1.000000
-0.100000,-0.100000,-0.100000,-0.100000,-0.070138,0.000000,1.000000
-0.100000,-0.100000,-0.100000,-0.100000,-0.070164,0.000000,1.000000
-0.100000,-0.100000,-0.100000,-0.100000,-0.070191,0.000000,1.000000
-0.100000,-0.100000,-0.100000,-0.100000,-0.070217,0.000000,1.000000
-0.100000,-0.100000,-0.100000,-0.100000,-0.070243,0.000000,1.000000
-0.100000,-0.100000,-0.100000,-0.100000,-0.070270,0.000000,1.000000
-0.100000,-0.100000,-0.100000,-0.100000,-0.070296,0.000000,1.000000
-0.100000,-0.100000,-0.100000,-0.100000,-0.070322,0.000000,1.000000
-0.100000,-0.100000,-0.100000,-0.100000,-0.070349,0.000000,1.000000
-0.100000,-0.100000,-0.100000,-0.100000,-0.070375,0.000000,1.000000
-0.100000,-0.100000,-0.100000,-0.100000,-0.070401,0.000000,1.000000
-0.100000,-0.100000,-0.100000,-0.100000,-0.070427,0.000000,1.000000
-0.100000,-0.100000,-0.100000,-0.100000,-0.070454,0.000000,1.000000
-0.100000,-0.100000,-0.100000,-0.100000,-0.070480,0.000000,1.000000
-0.100000,-0.100000,-0.100000,-0.100000,-0.070506,0.000000,1.000000
-0.100000,-0.100000,-0.100000,-0.100000,-0.070532,0.000000,1.000000
-0.100000,-0.100000,-0.100000,-0.100000,-0.070559,0.000000,1.000000
-0.100000,-0.100000,-0.100000,-0.100000,-0.070585,0.000000,1.000000
-0.100000,-0.100000,-0.100000,-0.100000,-0.070611,0.000000,1.000000
-0.100000,-0.100000,-0.100000,-0.100000,-0.070637,0.000000,1.000000
-0.100000,-0.100000,-0.100000,-0.100000,-0.070663,0.000000,1.000000
-0.100000,-0.100000,-0.100000,-0.100000,-0.070690,0.000000,1.000000
-0.100000,-0.100000,-0.100000,-0.100000,-0.070716,0.000000,1.000000
-0.100000,-0.100000,-0.100000,-0.100000,-0.070742,0.000000,1.000000
-0.100000,-0.100000,-0.100000,-0.100000,-0.070768,0.000000,1.000000
-0.100000,-0.100000,-0.100000,-0.100000,-0.070794,0.000000,1.000000
-0.100000,-0.100000,-0.100000,-0.100000,-0.070820,0.000000,1.000000
-0.100000,-0.100000,-0.100000,-0.100000,-0.070846,0.000000,1.000000
-0.100000,-0.100000,-0.100000,-0.100000,-0.070872,0.000000,1.000000
-0.100000,-0.100000,-0.100000,-0.100000,-0.070898,0.000000,1.000000
-0.100000,-0.100000,-0.100000,-0.100000,-0.070924,0.000000,1.000000
-0.100000,-0.100000,-0.100000,-0.100000,-0.070951,0.000000,1.000000
-0.100000,-0.100000,-0.100000,-0.100000,-0.070977,0.000000,1.000000
-0.100000,-0.100000,-0.100000,-0.100000,-0.071003,0.000000,1.000000
-0.100000,-0.100000,-0.100000,-0.100000,-0.071029,0.000000,1.000000
-0.100000,-0.100000,-0.100000,-0.100000,-0.071055,0.000000,1.000000
-0.100000,-0.100000,-0.100000,-0.100000,-0.071081,0.000000,1.000000
-0.100000,-0.100000,-0.100000,-0.100000,-0.071107,0.000000,1.000000
-0.100000,-0.100000,-0.100000,-0.100000,-0.071132,0.000000,1.000000
-0.100000,-0.100000,-0.100000,-0.100000,-0.071158,0.000000,1.000000
-0.100000,-0.100000,-0.100000,-0.100000,-0.071184,0.000000,1.000000
-0.100000,-0.100000,-0.100000,-0.100000,-0.071210,0.000000,1.000000
-0.100000,-0.100000,-0.100000,-0.100000,-0.071236,0.000000,1.000000
-0.100000,-0.100000,-0.100000,-0.100000,-0.071262,0.000000,1.000000
-0.100000,-0.100000,-0.100000,-0.100000,-0.071288,0.000000,1.000000
-0.100000,-0.100000,-0.100000,-0.100000,-0.071314,0.000000,1.000000
-0.100000,-0.100000,-0.100000,-0.100000,-0.071340,0.000000,1.000000
-0.100000,-0.100000,-0.100000,-0.100000,-0.071366,0.000000,1.000000
-0.100000,-0.100000,-0.100000,-0.100000,-0.071391,0.000000,1.000000
-0.100000,-0.100000,-0.100000,-0.100000,-0.071417,0.000000,1.000000
-0.100000,-0.100000,-0.100000,-0.100000,-0.071443,0.000000,1.000000
-0.100000,-0.100000,-0.100000,-0.100000,-0.071469,0.000000,1.000000
-0.100000,-0.100000,-0.100000,-0.100000,-0.071495,0.000000,1.000000
-0.100000,-0.100000,-0.100000,-0.100000,-0.071520,0.000000,1.000000
-0.100000,-0.100000,-0.100000,-0.100000,-0.071546,0.000000,1.000000
-0.100000,-0.100000,-0.100000,-0.100000,-0.071572,0.000000,1.000000
-0.100000,-0.100000,-0.100000,-0.100000,-0.071598,0.000000,1.000000
-0.100000,-0.100000,-0.100000,-0.100000,-0.071623,0.000000,1.000000
-0.100000,-0.100000,-0.100000,-0.100000,-0.071649,0.000000,1.000000
-0.100000,-0.100000,-0.100000,-0.100000,-0.071675,0.000000,1.000000
-0.100000,-0.100000,-0.100000,-0.100000,-0.071701,0.000000,1.000000
-0.100000,-0.100000,-0.100000,-0.100000,-0.071726,0.000000,1.000000
-0.100000,-0.100000,-0.100000,-0.100000,-0.071752,0.000000,1.000000
-0.100000,-0.100000,-0.100000,-0.100000,-0.071778,0.000000,1.000000
-0.100000,-0.100000,-0.100000,-0.100000,-0.071803,0.000000,1.000000
-0.100000,-0.100000,-0.100000,-0.100000,-0.071829,0.000000,1.000000
-0.100000,-0.100000,-0.100000,-0.100000,-0.071855,0.000000,1.000000
-0.100000,-0.100000,-0.100000,-0.100000,-0.071880,0.000000,1.000000
-0.100000,-0.100000,-0.100000,-0.100000,-0.071906,0.000000,1.000000
-0.100000,-0.100000,-0.100000,-0.100000,-0.071931,0.000000,1.000000
-0.100000,-0.100000,-0.100000,-0.100000,-0.071957,0.000000,1.000000
-0.100000,-0.100000,-0.100000,-0.100000,-0.071983,0.000000,1.000000
-0.100000,-0.100000,-0.100000,-0.100000,-0.072008,0.000000,1.000000
-0.100000,-0.100000,-0.100000,-0.100000,-0.072034,0.000000,1.000000
-0.100000,-0.100000,-0.100000,-0.100000,-0.072059,0.000000,1.000000
-0.100000,-0.100000,-0.100000,-0.100000,-0.072085,0.000000,1.000000
-0.100000,-0.100000,-0.100000,-0.100000,-0.072110,0.000000,1.000000
-0.100000,-0.100000,-0.100000,-0.100000,-0.072136,0.000000,1.000000
-0.100000,-0.100000,-0.100000,-0.100000,-0.072161,0.000000,1.000000
-0.100000,-0.100000,-0.100000,-0.100000,-0.072187,0.000000,1.000000
-0.100000,-0.100000,-0.100000,-0.100000,-0.072212,0.000000,1.000000
-0.100000,-0.100000,-0.100000,-0.100000,-0.072238,0.000000,1.000000
-0.100000,-0.100000,-0.100000,-0.100000,-0.072263,0.000000,1.000000
-0.100000,-0.100000,-0.100000,-0.100000,-0.072288,0.000000,1.000000
-0.100000,-0.100000,-0.100000,-0.100000,-0.072314,0.000000,1.000000
-0.100000,-0.100000,-0.100000,-0.100000,-0.072339,0.000000,1.000000
-0.100000,-0.100000,-0.100000,-0.100000,-0.072365,0.000000,1.000000
-0.100000,-0.100000,-0.100000,-0.100000,-0.072390,0.000000,1.000000
-0.100000,-0.100000,-0.100000,-0.100000,-0.072415,0.000000,1.000000
-0.100000,-0.100000,-0.100000,-0.100000,-0.072441,0.000000,1.000000
-0.100000,-0.100000,-0.100000,-0.100000,-0.072466,0.000000,1.000000
-0.100000,-0.100000,-0.100000,-0.100000,-0.072492,0.000000,1.000000
-0.100000,-0.100000,-0.100000,-0.100000,-0.072517,0.000000,1.000000
-0.100000,-0.100000,-0.100000,-0.100000,-0.072542,0.000000,1.000000
-0.100000,-0.100000,-0.100000,-0.100000,-0.072567,0.000000,1.000000
-0.100000,-0.100000,-0.100000,-0.100000,-0.072593,0.000000,1.000000
-0.100000,-0.100000,-0.100000,-0.100000,-0.072618,0.000000,1.000000
-0.100000,-0.100000,-0.100000,-0.100000,-0.072643,0.000000,1.000000
-0.100000,-0.100000,-0.100000,-0.100000,-0.072669,0.000000,1.000000
-0.100000,-0.100000,-0.100000,-0.100000,-0.072694,0.000000,1.000000
-0.100000,-0.100000,-0.100000,-0.100000,-0.072719,0.000000,1.000000
-0.100000,-0.100000,-0.100000,-0.100000,-0.072744,0.000000,1.000000
-0.100000,-0.100000,-0.100000,-0.100000,-0.072770,0.000000,1.000000
-0.100000,-0.100000,-0.100000,-0.100000,-0.072795,0.000000,1.000000
-0.100000,-0.100000,-0.100000,-0.100000,-0.072820,0.000000,1.000000
-0.100000,-0.100000,-0.100000,-0.100000,-0.072845,0.000000,1.000000
-0.100000,-0.100000,-0.100000,-0.100000,-0.072870,0.000000,1.000000
-0.100000,-0.100000,-0.100000,-0.100000,-0.072895,0.000000,1.000000
-0.100000,-0.100000,-0.100000,-0.100000,-0.072921,0.000000,1.000000
-0.100000,-0.100000,-0.100000,-0.100000,-0.072946,0.000000,1.000000
-0.100000,-0.100000,-0.100000,-0.100000,-0.072971,0.000000,1.000000
-0.100000,-0.100000,-0.100000,-0.100000,-0.072996,0.000000,1.000000
-0.100000,-0.100000,-0.100000,-0.100000,-0.073021,0.000000,1.000000
-0.100000,-0.100000,-0.100000,-0.100000,-0.073046,0.000000,1.000000
-0.100000,-0.100000,-0.100000,-0.100000,-0.073071,0.000000,1.000000
-0.100000,-0.100000,-0.100000,-0.100000,-0.073096,0.000000,1.000000
-0.100000,-0.100000,-0.100000,-0.100000,-0.073121,0.000000,1.000000
-0.100000,-0.100000,-0.100000,-0.100000,-0.073146,0.000000,1.000000
-0.100000,-0.100000,-0.100000,-0.100000,-0.073171,0.000000,1.000000
-0.100000,-0.100000,-0.100000,-0.100000,-0.073196,0.000000,1.000000
-0.100000,-0.100000,-0.100000,-0.100000,-0.073221,0.000000,1.000000
-0.100000,-0.100000,-0.100000,-0.100000,-0.073246,0.000000,1.000000
-0.100000,-0.100000,-0.100000,-0.100000,-0.073271,0.000000,1.000000
-0.100000,-0.100000,-0.100000,-0.100000,-0.073296,0.000000,1.000000
-0.100000,-0.100000,-0.100000,-0.100000,-0.073321,0.000000,1.000000
-0.100000,-0.100000,-0.100000,-0.100000,-0.073346,0.000000,1.000000
-0.100000,-0.100000,-0.100000,-0.100000,-0.073371,0.000000,1.000000
-0.100000,-0.100000,-0.100000,-0.100000,-0.073396,0.000000,1.000000
-0.100000,-0.100000,-0.100000,-0.100000,-0.073421,0.000000,1.000000
-0.100000,-0.100000,-0.100000,-0.100000,-0.073446,0.000000,1.000000
-0.100000,-0.100000,-0.100000,-0.100000,-0.073471,0.000000,1.000000
-0.100000,-0.100000,-0.100000,-0.100000,-0.073496,0.000000,1.000000
-0.100000,-0.100000,-0.100000,-0.100000,-0.073520,0.000000,1.000000
-0.100000,-0.100000,-0.100000,-0.100000,-0.073545,0.000000,1.000000
-0.100000,-0.100000,-0.100000,-0.100000,-0.073570,0.000000,1.000000
-0.100000,-0.100000,-0.100000,-0.100000,-0.073595,0.000000,1.000000
-0.100000,-0.100000,-0.100000,-0.100000,-0.073620,0.000000,1.000000
-0.100000,-0.100000,-0.100000,-0.100000,-0.073645,0.000000,1.000000
-0.100000,-0.100000,-0.100000,-0.100000,-0.073669,0.000000,1.000000
-0.100000,-0.100000,-0.100000,-0.100000,-0.073694,0.000000,1.000000
-0.100000,-0.100000,-0.100000,-0.100000,-0.073719,0.000000,1.000000
-0.100000,-0.100000,-0.100000,-0.100000,-0.073744,0.000000,1.000000
-0.100000,-0.100000,-0.100000,-0.100000,-0.073768,0.000000,1.000000
-0.100000,-0.100000,-0.100000,-0.100000,-0.073793,0.000000,1.000000
-0.100000,-0.100000,-0.100000,-0.100000,-0.073818,0.000000,1.000000
-0.100000,-0.100000,-0.100000,-0.100000,-0.073843,0.000000,1.000000
-0.100000,-0.100000,-0.100000,-0.100000,-0.073867,0.000000,1.000000
-0.100000,-0.100000,-0.100000,-0.100000,-0.073892,0.000000,1.000000
-0.100000,-0.100000,-0.100000,-0.100000,-0.073917,0.000000,1.000000
-0.100000,-0.100000,-0.100000,-0.100000,-0.073941,0.000000,1.000000
-0.100000,-0.100000,-0.100000,-0.100000,-0.073966,0.000000,1.000000
-0.100000,-0.100000,-0.100000,-0.100000,-0.073991,0.000000,1.000000
-0.100000,-0.100000,-0.100000,-0.100000,-0.074015,0.000000,1.000000
-0.100000,-0.100000,-0.100000,-0.100000,-0.074040,0.000000,1.000000
-0.100000,-0.100000,-0.100000,-0.100000,-0.074064,0.000000,1.000000
-0.100000,-0.100000,-0.100000,-0.100000,-0.074089,0.000000,1.000000
-0.100000,-0.100000,-0.100000,-0.100000,-0.074114,0.000000,1.000000
-0.100000,-0.100000,-0.100000,-0.100000,-0.074138,0.000000,1.000000
-0.100000,-0.100000,-0.100000,-0.100000,-0.074163,0.000000,1.000000
-0.100000,-0.100000,-0.100000,-0.100000,-0.074187,0.000000,1.000000
-0.100000,-0.100000,-0.100000,-0.100000,-0.074212,0.000000,1.000000
-0.100000,-0.100000,-0.100000,-0.100000,-0.074236,0.000000,1.000000
-0.100000,-0.100000,-0.100000,-0.100000,-0.074261,0.000000,1.000000
-0.100000,-0.100000,-0.100000,-0.100000,-0.074285,0.000000,1.000000
-0.100000,-0.100000,-0.100000,-0.100000,-0.074310,0.000000,1.000000
-0.100000,-0.100000,-0.100000,-0.100000,-0.074334,0.000000,1.000000
-0.100000,-0.100000,-0.100000,-0.100000,-0.074359,0.000000,1.000000
-0.100000,-0.100000,-0.100000,-0.100000,-0.074383,0.000000,1.000000
-0.100000,-0.100000,-0.100000,-0.100000,-0.074408,0.000000,1.000000
-0.100000,-0.100000,-0.100000,-0.100000,-0.074432,0.000000,1.000000
-0.100000,-0.100000,-0.100000,-0.100000,-0.074457,0.000000,1.000000
-0.100000,-0.100000,-0.100000,-0.100000,-0.074481,0.000000,1.000000
-0.100000,-0.100000,-0.100000,-0.100000,-0.074505,0.000000,1.000000
-0.100000,-0.100000,-0.100000,-0.100000,-0.074530,0.000000,1.000000
-0.100000,-0.100000,-0.100000,-0.100000,-0.074554,0.000000,1.000000
-0.100000,-0.100000,-0.100000,-0.100000,-0.074578,0.000000,1.000000
-0.100000,-0.100000,-0.100000,-0.100000,-0.074603,0.000000,1.000000
-0.100000,-0.100000,-0.100000,-0.100000,-0.074627,0.000000,1.000000
-0.100000,-0.100000,-0.100000,-0.100000,-0.074651,0.000000,1.000000
-0.100000,-0.100000,-0.100000,-0.100000,-0.074676,0.000000,1.000000
-0.100000,-0.100000,-0.100000,-0.100000,-0.074700,0.000000,1.000000
-0.100000,-0.100000,-0.100000,-0.100000,-0.074724,0.000000,1.000000
-0.100000,-0.100000,-0.100000,-0.100000,-0.074749,0.000000,1.000000
-0.100000,-0.100000,-0.100000,-0.100000,-0.074773,0.000000,1.000000
-0.100000,-0.100000,-0.100000,-0.100000,-0.074797,0.000000,1.000000
-0.100000,-0.100000,-0.100000,-0.100000,-0.074821,0.000000,1.000000
-0.100000,-0.100000,-0.100000,-0.100000,-0.074846,0.000000,1.000000
-0.100000,-0.100000,-0.100000,-0.100000,-0.074870,0.000000,1.000000
-0.100000,-0.100000,-0.100000,-0.100000,-0.074894,0.000000,1.000000
-0.100000,-0.100000,-0.100000,-0.100000,-0.074918,0.000000,1.000000
-0.100000,-0.100000,-0.100000,-0.100000,-0.074942,0.000000,1.000000
-0.100000,-0.100000,-0.100000,-0.100000,-0.074967,0.000000,1.000000
-0.100000,-0.100000,-0.100000,-0.100000,-0.074991,0.000000,1.000000
-0.100000,-0.100000,-0.100000,-0.100000,-0.075015,0.000000,1.000000
-0.100000,-0.100000,-0.100000,-0.100000,-0.075039,0.000000,1.000000
-0.100000,-0.100000,-0.100000,-0.100000,-0.075063,0.000000,1.000000
-0.100000,-0.100000,-0.100000,-0.100000,-0.075087,0.000000,1.000000
-0.100000,-0.100000,-0.100000,-0.100000,-0.075111,0.000000,1.000000
-0.100000,-0.100000,-0.100000,-0.100000,-0.075135,0.000000,1.000000
-0.100000,-0.100000,-0.100000,-0.100000,-0.075160,0.000000,1.000000
-0.100000,-0.100000,-0.100000,-0.100000,-0.075184,0.000000,1.000000
-0.100000,-0.100000,-0.100000,-0.100000,-0.075208,0.000000,1.000000
-0.100000,-0.100000,-0.100000,-0.100000,-0.075232,0.000000,1.000000
-0.100000,-0.100000,-0.100000,-0.100000,-0.075256,0.000000,1.000000
-0.100000,-0.100000,-0.100000,-0.100000,-0.075280,0.000000,1.000000
-0.100000,-0.100000,-0.100000,-0.100000,-0.075304,0.000000,1.000000
-0.100000,-0.100000,-0.100000,-0.100000,-0.075328,0.000000,1.000000
-0.100000,-0.100000,-0.100000,-0.100000,-0.075352,0.000000,1.000000
-0.100000,-0.100000,-0.100000,-0.100000,-0.075376,0.000000,1.000000
-0.100000,-0.100000,-0.100000,-0.100000,-0.075400,0.000000,1.000000
-0.100000,-0.100000,-0.100000,-0.100000,-0.075424,0.000000,1.000000
-0.100000,-0.100000,-0.100000,-0.100000,-0.075448,0.000000,1.000000
-0.100000,-0.100000,-0.100000,-0.100000,-0.075472,0.000000,1.000000
-0.100000,-0.100000,-0.100000,-0.100000,-0.075495,0.000000,1.000000
-0.100000,-0.100000,-0.100000,-0.100000,-0.075519,0.000000,1.000000
-0.100000,-0.100000,-0.100000,-0.100000,-0.075543,0.000000,1.000000
-0.100000,-0.100000,-0.100000,-0.100000,-0.075567,0.000000,1.000000
-0.100000,-0.100000,-0.100000,-0.100000,-0.075591,0.000000,1.000000
-0.100000,-0.100000,-0.100000,-0.100000,-0.075615,0.000000,1.000000
-0.100000,-0.100000,-0.100000,-0.100000,-0.075639,0.000000,1.000000
-0.100000,-0.100000,-0.100000,-0.100000,-0.075663,0.000000,1.000000
-0.100000,-0.100000,-0.100000,-0.100000,-0.075686,0.000000,1.000000
-0.100000,-0.100000,-0.100000,-0.100000,-0.075710,0.000000,1.000000
-0.100000,-0.100000,-0.100000,-0.100000,-0.075734,0.000000,1.000000
-0.100000,-0.100000,-0.100000,-0.100000,-0.075758,0.000000,1.000000
-0.100000,-0.100000,-0.100000,-0.100000,-0.075782,0.000000,1.000000
-0.100000,-0.100000,-0.100000,-0.100000,-0.075805,0.000000,1.000000
-0.100000,-0.100000,-0.100000,-0.100000,-0.075829,0.000000,1.000000
-0.100000,-0.100000,-0.100000,-0.100000,-0.075853,0.000000,1.000000
-0.100000,-0.100000,-0.100000,-0.100000,-0.075877,0.000000,1.000000
-0.100000,-0.100000,-0.100000,-0.100000,-0.075900,0.000000,1.000000
-0.100000,-0.100000,-0.100000,-0.100000,-0.075924,0.000000,1.000000
-0.100000,-0.100000,-0.100000,-0.100000,-0.075948,0.000000,1.000000
-0.100000,-0.100000,-0.100000,-0.100000,-0.075971,0.000000,1.000000
-0.100000,-0.100000,-0.100000,-0.100000,-0.075995,0.000000,1.000000
-0.100000,-0.100000,-0.100000,-0.100000,-0.076019,0.000000,1.000000
-0.100000,-0.100000,-0.100000,-0.100000,-0.076042,0.000000,1.000000
-0.100000,-0.100000,-0.100000,-0.100000,-0.076066,0.000000,1.000000
-0.100000,-0.100000,-0.100000,-0.100000,-0.076090,0.000000,1.000000
-0.100000,-0.100000,-0.100000,-0.100000,-0.076113,0.000000,1.000000
-0.100000,-0.100000,-0.100000,-0.100000,-0.076137,0.000000,1.000000
-0.100000,-0.100000,-0.100000,-0.100000,-0.076160,0.000000,1.000000
-0.100000,-0.100000,-0.100000,-0.100000,-0.076184,0.000000,1.000000
-0.100000,-0.100000,-0.100000,-0.100000,-0.076208,0.000000,1.000000
-0.100000,-0.100000,-0.100000,-0.100000,-0.076231,0.000000,1.000000
-0.100000,-0.100000,-0.100000,-0.100000,-0.076255,0.000000,1.000000
-0.100000,-0.100000,-0.100000,-0.100000,-0.076278,0.000000,1.000000
-0.100000,-0.100000,-0.100000,-0.100000,-0.076302,0.000000,1.000000
-0.100000,-0.100000,-0.100000,-0.100000,-0.076325,0.000000,1.000000
-0.100000,-0.100000,-0.100000,-0.100000,-0.076349,0.000000,1.000000
-0.100000,-0.100000,-0.100000,-0.100000,-0.076372,0.000000,1.000000
-0.100000,-0.100000,-0.100000,-0.100000,-0.076396,0.000000,1.000000
-0.100000,-0.100000,-0.100000,-0.100000,-0.076419,0.000000,1.000000
-0.100000,-0.100000,-0.100000,-0.100000,-0.076443,0.000000,1.000000
-0.100000,-0.100000,-0.100000,-0.100000,-0.076466,0.000000,1.000000
-0.100000,-0.100000,-0.100000,-0.100000,-0.076489,0.000000,1.000000
-0.100000,-0.100000,-0.100000,-0.100000,-0.076513,0.000000,1.000000
-0.100000,-0.100000,-0.100000,-0.100000,-0.076536,0.000000,1.000000
-0.100000,-0.100000,-0.100000,-0.100000,-0.076560,0.000000,1.000000
-0.100000,-0.100000,-0.100000,-0.100000,-0.076583,0.000000,1.000000
-0.100000,-0.100000,-0.100000,-0.100000,-0.076606,0.000000,1.000000
-0.100000,-0.100000,-0.100000,-0.100000,-0.076630,0.000000,1.000000
-0.100000,-0.100000,-0.100000,-0.100000,-0.076653,0.000000,1.000000
-0.100000,-0.100000,-0.100000,-0.100000,-0.076676,0.000000,1.000000
-0.100000,-0.100000,-0.100000,-0.100000,-0.076700,0.000000,1.000000
-0.100000,-0.100000,-0.100000,-0.100000,-0.076723,0.000000,1.000000
-0.100000,-0.100000,-0.100000,-0.100000,-0.076746,0.000000,1.000000
-0.100000,-0.100000,-0.100000,-0.100000,-0.076770,0.000000,1.000000
-0.100000,-0.100000,-0.100000,-0.100000,-0.076793,0.000000,1.000000
-0.100000,-0.100000,-0.100000,-0.100000,-0.076816,0.000000,1.000000
-0.100000,-0.100000,-0.100000,-0.100000,-0.076839,0.000000,1.000000
-0.100000,-0.100000,-0.100000,-0.100000,-0.076863,0.000000,1.000000
-0.100000,-0.100000,-0.100000,-0.100000,-0.076886,0.000000,1.000000
-0.100000,-0.100000,-0.100000,-0.100000,-0.076909,0.000000,1.000000
-0.100000,-0.100000,-0.100000,-0.100000,-0.076932,0.000000,1.000000
-0.100000,-0.100000,-0.100000,-0.100000,-0.076956,0.000000,1.000000
-0.100000,-0.100000,-0.100000,-0.100000,-0.076979,0.000000,1.000000
-0.100000,-0.100000,-0.100000,-0.100000,-0.077002,0.000000,1.000000
-0.100000,-0.100000,-0.100000,-0.100000,-0.077025,0.000000,1.000000
-0.100000,-0.100000,-0.100000,-0.100000,-0.077048,0.000000,1.000000
-0.100000,-0.100000,-0.100000,-0.100000,-0.077071,0.000000,1.000000
-0.100000,-0.100000,-0.100000,-0.100000,-0.077094,0.000000,1.000000
-0.100000,-0.100000,-0.100000,-0.100000,-0.077118,0.000000,1.000000
-0.100000,-0.100000,-0.100000,-0.100000,-0.077141,0.000000,1.000000
-0.100000,-0.100000,-0.100000,-0.100000,-0.077164,0.000000,1.000000
-0.100000,-0.100000,-0.100000,-0.100000,-0.077187,0.000000,1.000000
-0.100000,-0.100000,-0.100000,-0.100000,-0.077210,0.000000,1.000000
-0.100000,-0.100000,-0.100000,-0.100000,-0.077233,0.000000,1.000000
-0.100000,-0.100000,-0.100000,-0.100000,-0.077256,0.000000,1.000000
-0.100000,-0.100000,-0.100000,-0.100000,-0.077279,0.000000,1.000000
-0.100000,-0.100000,-0.100000,-0.100000,-0.077302,0.000000,1.000000
-0.100000,-0.100000,-0.100000,-0.100000,-0.077325,0.000000,1.000000
-0.100000,-0.100000,-0.100000,-0.100000,-0.077348,0.000000,1.000000
-0.100000,-0.100000,-0.100000,-0.100000,-0.077371,0.000000,1.000000
-0.100000,-0.100000,-0.100000,-0.100000,-0.077394,0.000000,1.000000
-0.100000,-0.100000,-0.100000,-0.100000,-0.077417,0.000000,1.000000
-0.100000,-0.100000,-0.100000,-0.100000,-0.077440,0.000000,1.000000
-0.100000,-0.100000,-0.100000,-0.100000,-0.077463,0.000000,1.000000
-0.100000,-0.100000,-0.100000,-0.100000,-0.077486,0.000000,1.000000
-0.100000,-0.100000,-0.100000,-0.100000,-0.077509,0.000000,1.000000
-0.100000,-0.100000,-0.100000,-0.100000,-0.077532,0.000000,1.000000
-0.100000,-0.100000,-0.100000,-0.100000,-0.077554,0.000000,1.000000
-0.100000,-0.100000,-0.100000,-0.100000,-0.077577,0.000000,1.000000
-0.100000,-0.100000,-0.100000,-0.100000,-0.077600,0.000000,1.000000
-0.100000,-0.100000,-0.100000,-0.100000,-0.077623,0.000000,1.000000
-0.100000,-0.100000,-0.100000,-0.100000,-0.077646,0.000000,1.000000
-0.100000,-0.100000,-0.100000,-0.100000,-0.077669,0.000000,1.000000
-0.100000,-0.100000,-0.100000,-0.100000,-0.077692,0.000000,1.000000
-0.100000,-0.100000,-0.100000,-0.100000,-0.077714,0.000000,1.000000
-0.100000,-0.100000,-0.100000,-0.100000,-0.077737,0.000000,1.000000
-0.100000,-0.100000,-0.100000,-0.100000,-0.077760,0.000000,1.000000
-0.100000,-0.100000,-0.100000,-0.100000,-0.077783,0.000000,1.000000
-0.100000,-0.100000,-0.100000,-0.100000,-0.077805,0.000000,1.000000
-0.100000,-0.100000,-0.100000,-0.100000,-0.077828,0.000000,1.000000
-0.100000,-0.100000,-0.100000,-0.100000,-0.077851,0.000000,1.000000
-0.100000,-0.100000,-0.100000,-0.100000,-0.077874,0.000000,1.000000
-0.100000,-0.100000,-0.100000,-0.100000,-0.077896,0.000000,1.000000
-0.100000,-0.100000,-0.100000,-0.100000,-0.077919,0.000000,1.000000
-0.100000,-0.100000,-0.100000,-0.100000,-0.077942,0.000000,1.000000
-0.100000,-0.100000,-0.100000,-0.100000,-0.077964,0.000000,1.000000
-0.100000,-0.100000,-0.100000,-0.100000,-0.077987,0.000000,1.000000
-0.100000,-0.100000,-0.100000,-0.100000,-0.078010,0.000000,1.000000
-0.100000,-0.100000,-0.100000,-0.100000,-0.078032,0.000000,1.000000
-0.100000,-0.100000,-0.100000,-0.100000,-0.078055,0.000000,1.000000
-0.100000,-0.100000,-0.100000,-0.100000,-0.078078,0.000000,1.000000
-0.100000,-0.100000,-0.100000,-0.100000,-0.078100,0.000000,1.000000
-0.100000,-0.100000,-0.100000,-0.100000,-0.078123,0.000000,1.000000
-0.100000,-0.100000,-0.100000,-0.100000,-0.078146,0.000000,1.000000
-0.100000,-0.100000,-0.100000,-0.100000,-0.078168,0.000000,1.000000
-0.100000,-0.100000,-0.100000,-0.100000,-0.078191,0.000000,1.000000
-0.100000,-0.100000,-0.100000,-0.100000,-0.078213,0.000000,1.000000
-0.100000,-0.100000,-0.100000,-0.100000,-0.078236,0.000000,1.000000
-0.100000,-0.100000,-0.100000,-0.100000,-0.078258,0.000000,1.000000
-0.100000,-0.100000,-0.100000,-0.100000,-0.078281,0.000000,1.000000
-0.100000,-0.100000,-0.100000,-0.100000,-0.078303,0.000000,1.000000
-0.100000,-0.100000,-0.100000,-0.100000,-0.078326,0.000000,1.000000
-0.100000,-0.100000,-0.100000,-0.100000,-0.078348,0.000000,1.000000
-0.100000,-0.100000,-0.100000,-0.100000,-0.078371,0.000000,1.000000
-0.100000,-0.100000,-0.100000,-0.100000,-0.078393,0.000000,1.000000
-0.100000,-0.100000,-0.100000,-0.100000,-0.078416,0.000000,1.000000
-0.100000,-0.100000,-0.100000,-0.100000,-0.078438,0.000000,1.000000
-0.100000,-0.100000,-0.100000,-0.100000,-0.078460,0.000000,1.000000
-0.100000,-0.100000,-0.100000,-0.100000,-0.078483,0.000000,1.000000
-0.100000,-0.100000,-0.100000,-0.100000,-0.078505,0.000000,1.000000
-0.100000,-0.100000,-0.100000,-0.100000,-0.078528,0.000000,1.000000
-0.100000,-0.100000,-0.100000,-0.100000,-0.078550,0.000000,1.000000
-0.100000,-0.100000,-0.100000,-0.100000,-0.078572,0.000000,1.000000
-0.100000,-0.100000,-0.100000,-0.100000,-0.078595,0.000000,1.000000
-0.100000,-0.100000,-0.100000,-0.100000,-0.078617,0.000000,1.000000
-0.100000,-0.100000,-0.100000,-0.100000,-0.078639,0.000000,1.000000
-0.100000,-0.100000,-0.100000,-0.100000,-0.078662,0.000000,1.000000
-0.100000,-0.100000,-0.100000,-0.100000,-0.078684,0.000000,1.000000
-0.100000,-0.100000,-0.100000,-0.100000,-0.078706,0.000000,1.000000
-0.100000,-0.100000,-0.100000,-0.100000,-0.078729,0.000000,1.000000
-0.100000,-0.100000,-0.100000,-0.100000,-0.078751,0.000000,1.000000
-0.100000,-0.100000,-0.100000,-0.100000,-0.078773,0.000000,1.000000
-0.100000,-0.100000,-0.100000,-0.100000,-0.078795,0.000000,1.000000
-0.100000,-0.100000,-0.100000,-0.100000,-0.078818,0.000000,1.000000
-0.100000,-0.100000,-0.100000,-0.100000,-0.078840,0.000000,1.000000
-0.100000,-0.100000,-0.100000,-0.100000,-0.078862,0.000000,1.000000
-0.100000,-0.100000,-0.100000,-0.100000,-0.078884,0.000000,1.000000
-0.100000,-0.100000,-0.100000,-0.100000,-0.078907,0.000000,1.000000
-0.100000,-0.100000,-0.100000,-0.100000,-0.078929,0.000000,1.000000
-0.100000,-0.100000,-0.100000,-0.100000,-0.078951,0.000000,1.000000
-0.100000,-0.100000,-0.100000,-0.100000,-0.078973,0.000000,1.000000
-0.100000,-0.100000,-0.100000,-0.100000,-0.078995,0.000000,1.000000
-0.100000,-0.100000,-0.100000,-0.100000,-0.079017,0.000000,1.000000
-0.100000,-0.100000,-0.100000,-0.100000,-0.079039,0.000000,1.000000
-0.100000,-0.100000,-0.100000,-0.100000,-0.079062,0.000000,1.000000
-0.100000,-0.100000,-0.100000,-0.100000,-0.079084,0.000000,1.000000
-0.100000,-0.100000,-0.100000,-0.100000,-0.079106,0.000000,1.000000
-0.100000,-0.100000,-0.100000,-0.100000,-0.079128,0.000000,1.000000
-0.100000,-0.100000,-0.100000,-0.100000,-0.079150,0.000000,1.000000
-0.100000,-0.100000,-0.100000,-0.100000,-0.079172,0.000000,1.000000
-0.100000,-0.100000,-0.100000,-0.100000,-0.079194,0.000000,1.000000
-0.100000,-0.100000,-0.100000,-0.100000,-0.079216,0.000000,1.000000
-0.100000,-0.100000,-0.100000,-0.100000,-0.079238,0.000000,1.000000
-0.100000,-0.100000,-0.100000,-0.100000,-0.079260,0.000000,1.000000
-0.100000,-0.100000,-0.100000,-0.100000,-0.079282,0.000000,1.000000
-0.100000,-0.100000,-0.100000,-0.100000,-0.079304,0.000000,1.000000
-0.100000,-0.100000,-0.100000,-0.100000,-0.079326,0.000000,1.000000
-0.100000,-0.100000,-0.100000,-0.100000,-0.079348,0.000000,1.000000
-0.100000,-0.100000,-0.100000,-0.100000,-0.079370,0.000000,1.000000
-0.100000,-0.100000,-0.100000,-0.100000,-0.079392,0.000000,1.000000
-0.100000,-0.100000,-0.100000,-0.100000,-0.079414,0.000000,1.000000
-0.100000,-0.100000,-0.100000,-0.100000,-0.079436,0.000000,1.000000
-0.100000,-0.100000,-0.100000,-0.100000,-0.079457,0.000000,1.000000
-0.100000,-0.100000,-0.100000,-0.100000,-0.079479,0.000000,1.000000
-0.100000,-0.100000,-0.100000,-0.100000,-0.079501,0.000000,1.000000
-0.100000,-0.100000,-0.100000,-0.100000,-0.079523,0.000000,1.000000
-0.100000,-0.100000,-0.100000,-0.100000,-0.079545,0.000000,1.000000
-0.100000,-0.100000,-0.100000,-0.100000,-0.079567,0.000000,1.000000
-0.100000,-0.100000,-0.100000,-0.100000,-0.079589,0.000000,1.000000
-0.100000,-0.100000,-0.100000,-0.100000,-0.079610,0.000000,1.000000
-0.100000,-0.100000,-0.100000,-0.100000,-0.079632,0.000000,1.000000
-0.100000,-0.100000,-0.100000,-0.100000,-0.079654,0.000000,1.000000
-0.100000,-0.100000,-0.100000,-0.100000,-0.079676,0.000000,1.000000
-0.100000,-0.100000,-0.100000,-0.100000,-0.079698,0.000000,1.000000
-0.100000,-0.100000,-0.100000,-0.100000,-0.079719,0.000000,1.000000
-0.100000,-0.100000,-0.100000,-0.100000,-0.079741,0.000000,1.000000
-0.100000,-0.100000,-0.100000,-0.100000,-0.079763,0.000000,1.000000
-0.100000,-0.100000,-0.100000,-0.100000,-0.079785,0.000000,1.000000
-0.100000,-0.100000,-0.100000,-0.100000,-0.079806,0.000000,1.000000
-0.100000,-0.100000,-0.100000,-0.100000,-0.079828,0.000000,1.000000
-0.100000,-0.100000,-0.100000,-0.100000,-0.079850,0.000000,1.000000
-0.100000,-0.100000,-0.100000,-0.100000,-0.079871,0.000000,1.000000
-0.100000,-0.100000,-0.100000,-0.100000,-0.079893,0.000000,1.000000
-0.100000,-0.100000,-0.100000,-0.100000,-0.079915,0.000000,1.000000
-0.100000,-0.100000,-0.100000,-0.100000,-0.079936,0.000000,1.000000
-0.100000,-0.100000,-0.100000,-0.100000,-0.079958,0.000000,1.000000
-0.100000,-0.100000,-0.100000,-0.100000,-0.079980,0.000000,1.000000
-0.100000,-0.100000,-0.100000,-0.100000,-0.080001,0.000000,1.000000
-0.100000,-0.100000,-0.100000,-0.100000,-0.080023,0.000000,1.000000
-0.100000,-0.100000,-0.100000,-0.100000,-0.080044,0.000000,1.000000
-0.100000,-0.100000,-0.100000,-0.100000,-0.080066,0.000000,1.000000
-0.100000,-0.100000,-0.100000,-0.100000,-0.080087,0.000000,1.000000
-0.100000,-0.100000,-0.100000,-0.100000,-0.080109,0.000000,1.000000
-0.100000,-0.100000,-0.100000,-0.100000,-0.080131,0.000000,1.000000
-0.100000,-0.100000,-0.100000,-0.100000,-0.080152,0.000000,1.000000
-0.100000,-0.100000,-0.100000,-0.100000,-0.080174,0.000000,1.000000
-0.100000,-0.100000,-0.100000,-0.100000,-0.080195,0.000000,1.000000
-0.100000,-0.100000,-0.100000,-0.100000,-0.080217,0.000000,1.000000
-0.100000,-0.100000,-0.100000,-0.100000,-0.080238,0.000000,1.000000
-0.100000,-0.100000,-0.100000,-0.100000,-0.080260,0.000000,1.000000
-0.100000,-0.100000,-0.100000,-0.100000,-0.080281,0.000000,1.000000
-0.100000,-0.100000,-0.100000,-0.100000,-0.080302,0.000000,1.000000
-0.100000,-0.100000,-0.100000,-0.100000,-0.080324,0.000000,1.000000
-0.100000,-0.100000,-0.100000,-0.100000,-0.080345,0.000000,1.000000
-0.100000,-0.100000,-0.100000,-0.100000,-0.080367,0.000000,1.000000
-0.100000,-0.100000,-0.100000,-0.100000,-0.080388,0.000000,1.000000
-0.100000,-0.100000,-0.100000,-0.100000,-0.080409,0.000000,1.000000
-0.100000,-0.100000,-0.100000,-0.100000,-0.080431,0.000000,1.000000
-0.100000,-0.100000,-0.100000,-0.100000,-0.080452,0.000000,1.000000
-0.100000,-0.100000,-0.100000,-0.100000,-0.080474,0.000000,1.000000
-0.100000,-0.100000,-0.100000,-0.100000,-0.080495,0.000000,1.000000
-0.100000,-0.100000,-0.100000,-0.100000,-0.080516,0.000000,1.000000
-0.100000,-0.100000,-0.100000,-0.100000,-0.080538,0.000000,1.000000
-0.100000,-0.100000,-0.100000,-0.100000,-0.080559,0.000000,1.000000
-0.100000,-0.100000,-0.100000,-0.100000,-0.080580,0.000000,1.000000
-0.100000,-0.100000,-0.100000,-0.100000,-0.080601,0.000000,1.000000
-0.100000,-0.100000,-0.100000,-0.100000,-0.080623,0.000000,1.000000
-0.100000,-0.100000,-0.100000,-0.100000,-0.080644,0.000000,1.000000
-0.100000,-0.100000,-0.100000,-0.100000,-0.080665,0.000000,1.000000
-0.100000,-0.100000,-0.100000,-0.100000,-0.080686,0.000000,1.000000
-0.100000,-0.100000,-0.100000,-0.100000,-0.080708,0.000000,1.000000
-0.100000,-0.100000,-0.100000,-0.100000,-0.080729,0.000000,1.000000
-0.100000,-0.100000,-0.100000,-0.100000,-0.080750,0.000000,1.000000
-0.100000,-0.100000,-0.100000,-0.100000,-0.080771,0.000000,1.000000
-0.100000,-0.100000,-0.100000,-0.100000,-0.080792,0.000000,1.000000
-0.100000,-0.100000,-0.100000,-0.100000,-0.080814,0.000000,1.000000
-0.100000,-0.100000,-0.100000,-0.100000,-0.080835,0.000000,1.000000
-0.100000,-0.100000,-0.100000,-0.100000,-0.080856,0.000000,1.000000
-0.100000,-0.100000,-0.100000,-0.100000,-0.080877,0.000000,1.000000
-0.100000,-0.100000,-0.100000,-0.100000,-0.080898,0.000000,1.000000
-0.100000,-0.100000,-0.100000,-0.100000,-0.080919,0.000000,1.000000
-0.100000,-0.100000,-0.100000,-0.100000,-0.080940,0.000000,1.000000
-0.100000,-0.100000,-0.100000,-0.100000,-0.080961,0.000000,1.000000
-0.100000,-0.100000,-0.100000,-0.100000,-0.080982,0.000000,1.000000
-0.100000,-0.100000,-0.100000,-0.100000,-0.081004,0.000000,1.000000
-0.100000,-0.100000,-0.100000,-0.100000,-0.081025,0.000000,1.000000
-0.100000,-0.100000,-0.100000,-0.100000,-0.081046,0.000000,1.000000
-0.100000,-0.100000,-0.100000,-0.100000,-0.081067,0.000000,1.000000
-0.100000,-0.100000,-0.100000,-0.100000,-0.081088,0.000000,1.000000
-0.100000,-0.100000,-0.100000,-0.100000,-0.081109,0.000000,1.000000
-0.100000,-0.100000,-0.100000,-0.100000,-0.081130,0.000000,1.000000
-0.100000,-0.100000,-0.100000,-0.100000,-0.081151,0.000000,1.000000
-0.100000,-0.100000,-0.100000,-0.100000,-0.081172,0.000000,1.000000
-0.100000,-0.100000,-0.100000,-0.100000,-0.081193,0.000000,1.000000
-0.100000,-0.100000,-0.100000,-0.100000,-0.081213,0.000000,1.000000
-0.100000,-0.100000,-0.100000,-0.100000,-0.081234,0.000000,1.000000
-0.100000,-0.100000,-0.100000,-0.100000,-0.081255,0.000000,1.000000
-0.100000,-0.100000,-0.100000,-0.100000,-0.081276,0.000000,1.000000
-0.100000,-0.100000,-0.100000,-0.100000,-0.081297,0.000000,1.000000
-0.100000,-0.100000,-0.100000,-0.100000,-0.081318,0.000000,1.000000
-0.100000,-0.100000,-0.100000,-0.100000,-0.081339,0.000000,1.000000
-0.100000,-0.100000,-0.100000,-0.100000,-0.081360,0.000000,1.000000
-0.100000,-0.100000,-0.100000,-0.100000,-0.081381,0.000000,1.000000
-0.100000,-0.100000,-0.100000,-0.100000,-0.081401,0.000000,1.000000
-0.100000,-0.100000,-0.100000,-0.100000,-0.081422,0.000000,1.000000
-0.100000,-0.100000,-0.100000,-0.100000,-0.081443,0.000000,1.000000
-0.100000,-0.100000,-0.100000,-0.100000,-0.081464,0.000000,1.000000
-0.100000,-0.100000,-0.100000,-0.100000,-0.081485,0.000000,1.000000
-0.100000,-0.100000,-0.100000,-0.100000,-0.081505,0.000000,1.000000
-0.100000,-0.100000,-0.100000,-0.100000,-0.081526,0.000000,1.000000
-0.100000,-0.100000,-0.100000,-0.100000,-0.081547,0.000000,1.000000
-0.100000,-0.100000,-0.100000,-0.100000,-0.081568,0.000000,1.000000
-0.100000,-0.100000,-0.100000,-0.100000,-0.081588,0.000000,1.000000
-0.100000,-0.100000,-0.100000,-0.100000,-0.081609,0.000000,1.000000
-0.100000,-0.100000,-0.100000,-0.100000,-0.081630,0.000000,1.000000
-0.100000,-0.100000,-0.100000,-0.100000,-0.081651,0.000000,1.000000
-0.100000,-0.100000,-0.100000,-0.100000,-0.081671,0.000000,1.000000
-0.100000,-0.100000,-0.100000,-0.100000,-0.081692,0.000000,1.000000
-0.100000,-0.100000,-0.100000,-0.100000,-0.081713,0.000000,1.000000
-0.100000,-0.100000,-0.100000,-0.100000,-0.081733,0.000000,1.000000
-0.100000,-0.100000,-0.100000,-0.100000,-0.081754,0.000000,1.000000
-0.100000,-0.100000,-0.100000,-0.100000,-0.081774,0.000000,1.000000
-0.100000,-0.100000,-0.100000,-0.100000,-0.081795,0.000000,1.000000
-0.100000,-0.100000,-0.100000,-0.100000,-0.081816,0.000000,1.000000
-0.100000,-0.100000,-0.100000,-0.100000,-0.081836,0.000000,1.000000
-0.100000,-0.100000,-0.100000,-0.100000,-0.081857,0.000000,1.000000
-0.100000,-0.100000,-0.100000,-0.100000,-0.081877,0.000000,1.000000
-0.100000,-0.100000,-0.100000,-0.100000,-0.081898,0.000000,1.000000
-0.100000,-0.100000,-0.100000,-0.100000,-0.081919,0.000000,1.000000
-0.100000,-0.100000,-0.100000,-0.100000,-0.081939,0.000000,1.000000
-0.100000,-0.100000,-0.100000,-0.100000,-0.081960,0.000000,1.000000
-0.100000,-0.100000,-0.100000,-0.100000,-0.081980,0.000000,1.000000
-0.100000,-0.100000,-0.100000,-0.100000,-0.082001,0.000000,1.000000
-0.100000,-0.100000,-0.100000,-0.100000,-0.082021,0.000000,1.000000
-0.100000,-0.100000,-0.100000,-0.100000,-0.082042,0.000000,1.000000
-0.100000,-0.100000,-0.100000,-0.100000,-0.082062,0.000000,1.000000
-0.100000,-0.100000,-0.100000,-0.100000,-0.082082,0.000000,1.000000
-0.100000,-0.100000,-0.100000,-0.100000,-0.082103,0.000000,1.000000
-0.100000,-0.100000,-0.100000,-0.100000,-0.082123,0.000000,1.000000
-0.100000,-0.100000,-0.100000,-0.100000,-0.082144,0.000000,1.000000
-0.100000,-0.100000,-0.100000,-0.100000,-0.082164,0.000000,1.000000
-0.100000,-0.100000,-0.100000,-0.100000,-0.082185,0.000000,1.000000
-0.100000,-0.100000,-0.100000,-0.100000,-0.082205,0.000000,1.000000
-0.100000,-0.100000,-0.100000,-0.100000,-0.082225,0.000000,1.000000
-0.100000,-0.100000,-0.100000,-0.100000,-0.082246,0.000000,1.000000
-0.100000,-0.100000,-0.100000,-0.100000,-0.082266,0.000000,1.000000
-0.100000,-0.100000,-0.100000,-0.100000,-0.082286,0.000000,1.000000
-0.100000,-0.100000,-0.100000,-0.100000,-0.082307,0.000000,1.000000
-0.100000,-0.100000,-0.100000,-0.100000,-0.082327,0.000000,1.000000
-0.100000,-0.100000,-0.100000,-0.100000,-0.082347,0.000000,1.000000
-0.100000,-0.100000,-0.100000,-0.100000,-0.082368,0.000000,1.000000
-0.100000,-0.100000,-0.100000,-0.100000,-0.082388,0.000000,1.000000
-0.100000,-0.100000,-0.100000,-0.100000,-0.082408,0.000000,1.000000
-0.100000,-0.100000,-0.100000,-0.100000,-0.082428,0.000000,1.000000
-0.100000,-0.100000,-0.100000,-0.100000,-0.082449,0.000000,1.000000
-0.100000,-0.100000,-0.100000,-0.100000,-0.082469,0.000000,1.000000
-0.100000,-0.100000,-0.100000,-0.100000,-0.082489,0.000000,1.000000
-0.100000,-0.100000,-0.100000,-0.100000,-0.082509,0.000000,1.000000
-0.100000,-0.100000,-0.100000,-0.100000,-0.082529,0.000000,1.000000
-0.100000,-0.100000,-0.100000,-0.100000,-0.082550,0.000000,1.000000
-0.100000,-0.100000,-0.100000,-0.100000,-0.082570,0.000000,1.000000
-0.100000,-0.100000,-0.100000,-0.100000,-0.082590,0.000000,1.000000
-0.100000,-0.100000,-0.100000,-0.100000,-0.082610,0.000000,1.000000
-0.100000,-0.100000,-0.100000,-0.100000,-0.082630,0.000000,1.000000
-0.100000,-0.100000,-0.100000,-0.100000,-0.082650,0.000000,1.000000
-0.100000,-0.100000,-0.100000,-0.100000,-0.082670,0.000000,1.000000
-0.100000,-0.100000,-0.100000,-0.100000,-0.082691,0.000000,1.000000
-0.100000,-0.100000,-0.100000,-0.100000,-0.082711,0.000000,1.000000
-0.100000,-0.100000,-0.100000,-0.100000,-0.082731,0.000000,1.000000
-0.100000,-0.100000,-0.100000,-0.100000,-0.082751,0.000000,1.000000
-0.100000,-0.100000,-0.100000,-0.100000,-0.082771,0.000000,1.000000
-0.100000,-0.100000,-0.100000,-0.100000,-0.082791,0.000000,1.000000
-0.100000,-0.100000,-0.100000,-0.100000,-0.082811,0.000000,1.000000
-0.100000,-0.100000,-0.100000,-0.100000,-0.082831,0.000000,1.000000
-0.100000,-0.100000,-0.100000,-0.100000,-0.082851,0.000000,1.000000
-0.100000,-0.100000,-0.100000,-0.100000,-0.082871,0.000000,1.000000
-0.100000,-0.100000,-0.100000,-0.100000,-0.082891,0.000000,1.000000
-0.100000,-0.100000,-0.100000,-0.100000,-0.082911,0.000000,1.000000
-0.100000,-0.100000,-0.100000,-0.100000,-0.082931,0.000000,1.000000
-0.100000,-0.100000,-0.100000,-0.100000,-0.082951,0.000000,1.000000
-0.100000,-0.100000,-0.100000,-0.100000,-0.082971,0.000000,1.000000
-0.100000,-0.100000,-0.100000,-0.100000,-0.082991,0.000000,1.000000
-0.100000,-0.100000,-0.100000,-0.100000,-0.083011,0.000000,1.000000
-0.100000,-0.100000,-0.100000,-0.100000,-0.083031,0.000000,1.000000
-0.100000,-0.100000,-0.100000,-0.100000,-0.083050,0.000000,1.000000
-0.100000,-0.100000,-0.100000,-0.100000,-0.083070,0.000000,1.000000
-0.100000,-0.100000,-0.100000,-0.100000,-0.083090,0.000000,1.000000
-0.100000,-0.100000,-0.100000,-0.100000,-0.083110,0.000000,1.000000
-0.100000,-0.100000,-0.100000,-0.100000,-0.083130,0.000000,1.000000
-0.100000,-0.100000,-0.100000,-0.100000,-0.083150,0.000000,1.000000
-0.100000,-0.100000,-0.100000,-0.100000,-0.083170,0.000000,1.000000
-0.100000,-0.100000,-0.100000,-0.100000,-0.083189,0.000000,1.000000
-0.100000,-0.100000,-0.100000,-0.100000,-0.083209,0.000000,1.000000
-0.100000,-0.100000,-0.100000,-0.100000,-0.083229,0.000000,1.000000
-0.100000,-0.100000,-0.100000,-0.100000,-0.083249,0.000000,1.000000
-0.100000,-0.100000,-0.100000,-0.100000,-0.083268,0.000000,1.000000
-0.100000,-0.100000,-0.100000,-0.100000,-0.083288,0.000000,1.000000
-0.100000,-0.100000,-0.100000,-0.100000,-0.083308,0.000000,1.000000
-0.100000,-0.100000,-0.100000,-0.100000,-0.083328,0.000000,1.000000
-0.100000,-0.100000,-0.100000,-0.100000,-0.083347,0.000000,1.000000
-0.100000,-0.100000,-0.100000,-0.100000,-0.083367,0.000000,1.000000
-0.100000,-0.100000,-0.100000,-0.100000,-0.083387,0.000000,1.000000
-0.100000,-0.100000,-0.100000,-0.100000,-0.083407,0.000000,1.000000
-0.100000,-0.100000,-0.100000,-0.100000,-0.083426,0.000000,1.000000
-0.100000,-0.100000,-0.100000,-0.100000,-0.083446,0.000000,1.000000
-0.100000,-0.100000,-0.100000,-0.100000,-0.083465,0.000000,1.000000
-0.100000,-0.100000,-0.100000,-0.100000,-0.083485,0.000000,1.000000
-0.100000,-0.100000,-0.100000,-0.100000,-0.083505,0.000000,1.000000
-0.100000,-0.100000,-0.100000,-0.100000,-0.083524,0.000000,1.000000
-0.100000,-0.100000,-0.100000,-0.100000,-0.083544,0.000000,1.000000
-0.100000,-0.100000,-0.100000,-0.100000,-0.083564,0.000000,1.000000
-0.100000,-0.100000,-0.100000,-0.100000,-0.083583,0.000000,1.000000
-0.100000,-0.100000,-0.100000,-0.100000,-0.083603,0.000000,1.000000
-0.100000,-0.100000,-0.100000,-0.100000,-0.083622,0.000000,1.000000
-0.100000,-0.100000,-0.100000,-0.100000,-0.083642,0.000000,1.000000
-0.100000,-0.100000,-0.100000,-0.100000,-0.083661,0.000000,1.000000
-0.100000,-0.100000,-0.100000,-0.100000,-0.083681,0.000000,1.000000
-0.100000,-0.100000,-0.100000,-0.100000,-0.083700,0.000000,1.000000
-0.100000,-0.100000,-0.100000,-0.100000,-0.083720,0.000000,1.000000
-0.100000,-0.100000,-0.100000,-0.100000,-0.083739,0.000000,1.000000
-0.100000,-0.100000,-0.100000,-0.100000,-0.083759,0.000000,1.000000
-0.100000,-0.100000,-0.100000,-0.100000,-0.083778,0.000000,1.000000
-0.100000,-0.100000,-0.100000,-0.100000,-0.083798,0.000000,1.000000
-0.100000,-0.100000,-0.100000,-0.100000,-0.083817,0.000000,1.000000
-0.100000,-0.100000,-0.100000,-0.100000,-0.083837,0.000000,1.000000
-0.100000,-0.100000,-0.100000,-0.100000,-0.083856,0.000000,1.000000
-0.100000,-0.100000,-0.100000,-0.100000,-0.083875,0.000000,1.000000
-0.100000,-0.100000,-0.100000,-0.100000,-0.083895,0.000000,1.000000
-0.100000,-0.100000,-0.100000,-0.100000,-0.083914,0.000000,1.000000
-0.100000,-0.100000,-0.100000,-0.100000,-0.083934,0.000000,1.000000
-0.100000,-0.100000,-0.100000,-0.100000,-0.083953,0.000000,1.000000
-0.100000,-0.100000,-0.100000,-0.100000,-0.083972,0.000000,1.000000
-0.100000,-0.100000,-0.100000,-0.100000,-0.083992,0.000000,1.000000
-0.100000,-0.100000,-0.100000,-0.100000,-0.084011,0.000000,1.000000
-0.100000,-0.100000,-0.100000,-0.100000,-0.084030,0.000000,1.000000
-0.100000,-0.100000,-0.100000,-0.100000,-0.084049,0.000000,1.000000
-0.100000,-0.100000,-0.100000,-0.100000,-0.084069,0.000000,1.000000
-0.100000,-0.100000,-0.100000,-0.100000,-0.084088,0.000000,1.000000
-0.100000,-0.100000,-0.100000,-0.100000,-0.084107,0.000000,1.000000
-0.100000,-0.100000,-0.100000,-0.100000,-0.084127,0.000000,1.000000
-0.100000,-0.100000,-0.100000,-0.100000,-0.084146,0.000000,1.000000
-0.100000,-0.100000,-0.100000,-0.100000,-0.084165,0.000000,1.000000
-0.100000,-0.100000,-0.100000,-0.100000,-0.084184,0.000000,1.000000
-0.100000,-0.100000,-0.100000,-0.100000,-0.084203,0.000000,1.000000
-0.100000,-0.100000,-0.100000,-0.100000,-0.084223,0.000000,1.000000
-0.100000,-0.100000,-0.100000,-0.100000,-0.084242,0.000000,1.000000
-0.100000,-0.100000,-0.100000,-0.100000,-0.084261,0.000000,1.000000
-0.100000,-0.100000,-0.100000,-0.100000,-0.084280,0.000000,1.000000
-0.100000,-0.100000,-0.100000,-0.100000,-0.084299,0.000000,1.000000
-0.100000,-0.100000,-0.100000,-0.100000,-0.084318,0.000000,1.000000
-0.100000,-0.100000,-0.100000,-0.100000,-0.084338,0.000000,1.000000
-0.100000,-0.100000,-0.100000,-0.100000,-0.084357,0.000000,1.000000
-0.100000,-0.100000,-0.100000,-0.100000,-0.084376,0.000000,1.000000
-0.100000,-0.100000,-0.100000,-0.100000,-0.084395,0.000000,1.000000
-0.100000,-0.100000,-0.100000,-0.100000,-0.084414,0.000000,1.000000
-0.100000,-0.100000,-0.100000,-0.100000,-0.084433,0.000000,1.000000
-0.100000,-0.100000,-0.100000,-0.100000,-0.084452,0.000000,1.000000
-0.100000,-0.100000,-0.100000,-0.100000,-0.084471,0.000000,1.000000
-0.100000,-0.100000,-0.100000,-0.100000,-0.084490,0.000000,1.000000
-0.100000,-0.100000,-0.100000,-0.100000,-0.084509,0.000000,1.000000
-0.100000,-0.100000,-0.100000,-0.100000,-0.084528,0.000000,1.000000
-0.100000,-0.100000,-0.100000,-0.100000,-0.084547,0.000000,1.000000
-0.100000,-0.100000,-0.100000,-0.100000,-0.084566,0.000000,1.000000
-0.100000,-0.100000,-0.100000,-0.100000,-0.084585,0.000000,1.000000
-0.100000,-0.100000,-0.100000,-0.100000,-0.084604,0.000000,1.000000
-0.100000,-0.100000,-0.100000,-0.100000,-0.084623,0.000000,1.000000
-0.100000,-0.100000,-0.100000,-0.100000,-0.084642,0.000000,1.000000
-0.100000,-0.100000,-0.100000,-0.100000,-0.084661,0.000000,1.000000
-0.100000,-0.100000,-0.100000,-0.100000,-0.084680,0.000000,1.000000
-0.100000,-0.100000,-0.100000,-0.100000,-0.084699,0.000000,1.000000
-0.100000,-0.100000,-0.100000,-0.100000,-0.084718,0.000000,1.000000
-0.100000,-0.100000,-0.100000,-0.100000,-0.084736,0.000000,1.000000
-0.100000,-0.100000,-0.100000,-0.100000,-0.084755,0.000000,1.000000
-0.100000,-0.100000,-0.100000,-0.100000,-0.084774,0.000000,1.000000
-0.100000,-0.100000,-0.100000,-0.100000,-0.084793,0.000000,1.000000
-0.100000,-0.100000,-0.100000,-0.100000,-0.084812,0.000000,1.000000
-0.100000,-0.100000,-0.100000,-0.100000,-0.084831,0.000000,1.000000
-0.100000,-0.100000,-0.100000,-0.100000,-0.084849,0.000000,1.000000
-0.100000,-0.100000,-0.100000,-0.100000,-0.084868,0.000000,1.000000
-0.100000,-0.100000,-0.100000,-0.100000,-0.084887,0.000000,1.000000
-0.100000,-0.100000,-0.100000,-0.100000,-0.084906,0.000000,1.000000
-0.100000,-0.100000,-0.100000,-0.100000,-0.084925,0.000000,1.000000
-0.100000,-0.100000,-0.100000,-0.100000,-0.084943,0.000000,1.000000
-0.100000,-0.100000,-0.100000,-0.100000,-0.084962,0.000000,1.000000
-0.100000,-0.100000,-0.100000,-0.100000,-0.084981,0.000000,1.000000
-0.100000,-0.100000,-0.100000,-0.100000,-0.084999,0.000000,1.000000
-0.100000,-0.100000,-0.100000,-0.100000,-0.085018,0.000000,1.000000
-0.100000,-0.100000,-0.100000,-0.100000,-0.085037,0.000000,1.000000
-0.100000,-0.100000,-0.100000,-0.100000,-0.085056,0.000000,1.000000
-0.100000,-0.100000,-0.100000,-0.100000,-0.085074,0.000000,1.000000
-0.100000,-0.100000,-0.100000,-0.100000,-0.085093,0.000000,1.000000
-0.100000,-0.100000,-0.100000,-0.100000,-0.085111,0.000000,1.000000
-0.100000,-0.100000,-0.100000,-0.100000,-0.085130,0.000000,1.000000
-0.100000,-0.100000,-0.100000,-0.100000,-0.085149,0.000000,1.000000
-0.100000,-0.100000,-0.100000,-0.100000,-0.085167,0.000000,1.000000
-0.100000,-0.100000,-0.100000,-0.100000,-0.085186,0.000000,1.000000
-0.100000,-0.100000,-0.100000,-0.100000,-0.085205,0.000000,1.000000
-0.100000,-0.100000,-0.100000,-0.100000,-0.085223,0.000000,1.000000
-0.100000,-0.100000,-0.100000,-0.100000,-0.085242,0.000000,1.000000
-0.100000,-0.100000,-0.100000,-0.100000,-0.085260,0.000000,1.000000
-0.100000,-0.100000,-0.100000,-0.100000,-0.085279,0.000000,1.000000
-0.100000,-0.100000,-0.100000,-0.100000,-0.085297,0.000000,1.000000
-0.100000,-0.100000,-0.100000,-0.100000,-0.085316,0.000000,1.000000
-0.100000,-0.100000,-0.100000,-0.100000,-0.085334,0.000000,1.000000
-0.100000,-0.100000,-0.100000,-0.100000,-0.085353,0.000000,1.000000
-0.100000,-0.100000,-0.100000,-0.100000,-0.085371,0.000000,1.000000
-0.100000,-0.100000,-0.100000,-0.100000,-0.085390,0.000000,1.000000
-0.100000,-0.100000,-0.100000,-0.100000,-0.085408,0.000000,1.000000
-0.100000,-0.100000,-0.100000,-0.100000,-0.085427,0.000000,1.000000
-0.100000,-0.100000,-0.100000,-0.100000,-0.085445,0.000000,1.000000
-0.100000,-0.100000,-0.100000,-0.100000,-0.085463,0.000000,1.000000
-0.100000,-0.100000,-0.100000,-0.100000,-0.085482,0.000000,1.000000
-0.100000,-0.100000,-0.100000,-0.100000,-0.085500,0.000000,1.000000
-0.100000,-0.100000,-0.100000,-0.100000,-0.085519,0.000000,1.000000
-0.100000,-0.100000,-0.100000,-0.100000,-0.085537,0.000000,1.000000
-0.100000,-0.100000,-0.100000,-0.100000,-0.085555,0.000000,1.000000
-0.100000,-0.100000,-0.100000,-0.100000,-0.085574,0.000000,1.000000
-0.100000,-0.100000,-0.100000,-0.100000,-0.085592,0.000000,1.000000
-0.100000,-0.100000,-0.100000,-0.100000,-0.085610,0.000000,1.000000
-0.100000,-0.100000,-0.100000,-0.100000,-0.085629,0.000000,1.000000
-0.100000,-0.100000,-0.100000,-0.100000,-0.085647,0.000000,1.000000
-0.100000,-0.100000,-0.100000,-0.100000,-0.085665,0.000000,1.000000
-0.100000,-0.100000,-0.100000,-0.100000,-0.085684,0.000000,1.000000
-0.100000,-0.100000,-0.100000,-0.100000,-0.085702,0.000000,1.000000
-0.100000,-0.100000,-0.100000,-0.100000,-0.085720,0.000000,1.000000
-0.100000,-0.100000,-0.100000,-0.100000,-0.085738,0.000000,1.000000
-0.100000,-0.100000,-0.100000,-0.100000,-0.085757,0.000000,1.000000
-0.100000,-0.100000,-0.100000,-0.100000,-0.085775,0.000000,1.000000
-0.100000,-0.100000,-0.100000,-0.100000,-0.085793,0.000000,1.000000
-0.100000,-0.100000,-0.100000,-0.100000,-0.085811,0.000000,1.000000
-0.100000,-0.100000,-0.100000,-0.100000,-0.085829,0.000000,1.000000
-0.100000,-0.100000,-0.100000,-0.100000,-0.085848,0.000000,1.000000
-0.100000,-0.100000,-0.100000,-0.100000,-0.085866,0.000000,1.000000
-0.100000,-0.100000,-0.100000,-0.100000,-0.085884,0.000000,1.000000
-0.100000,-0.100000,-0.100000,-0.100000,-0.085902,0.000000,1.000000
-0.100000,-0.100000,-0.100000,-0.100000,-0.085920,0.000000,1.000000
-0.100000,-0.100000,-0.100000,-0.100000,-0.085938,0.000000,1.000000
-0.100000,-0.100000,-0.100000,-0.100000,-0.085956,0.000000,1.000000
-0.100000,-0.100000,-0.100000,-0.100000,-0.085975,0.000000,1.000000
-0.100000,-0.100000,-0.100000,-0.100000,-0.085993,0.000000,1.000000
-0.100000,-0.100000,-0.100000,-0.100000,-0.086011,0.000000,1.000000
-0.100000,-0.100000,-0.100000,-0.100000,-0.086029,0.000000,1.000000
-0.100000,-0.100000,-0.100000,-0.100000,-0.086047,0.000000,1.000000
-0.100000,-0.100000,-0.100000,-0.100000,-0.086065,0.000000,1.000000
-0.100000,-0.100000,-0.100000,-0.100000,-0.086083,0.000000,1.000000
-0.100000,-0.100000,-0.100000,-0.100000,-0.086101,0.000000,1.000000
-0.100000,-0.100000,-0.100000,-0.100000,-0.086119,0.000000,1.000000
-0.100000,-0.100000,-0.100000,-0.100000,-0.086137,0.000000,1.000000
-0.100000,-0.100000,-0.100000,-0.100000,-0.086155,0.000000,1.000000
-0.100000,-0.100000,-0.100000,-0.100000,-0.086173,0.000000,1.000000
-0.100000,-0.100000,-0.100000,-0.100000,-0.086191,0.000000,1.000000
-0.100000,-0.100000,-0.100000,-0.100000,-0.086209,0.000000,1.000000
-0.100000,-0.100000,-0.100000,-0.100000,-0.086227,0.000000,1.000000
-0.100000,-0.100000,-0.100000,-0.100000,-0.086245,0.000000,1.000000
-0.100000,-0.100000,-0.100000,-0.100000,-0.086263,0.000000,1.000000
-0.100000,-0.100000,-0.100000,-0.100000,-0.086280,0.000000,1.000000
-0.100000,-0.100000,-0.100000,-0.100000,-0.086298,0.000000,1.000000
-0.100000,-0.100000,-0.100000,-0.100000,-0.086316,0.000000,1.000000
-0.100000,-0.100000,-0.100000,-0.100000,-0.086334,0.000000,1.000000
-0.100000,-0.100000,-0.100000,-0.100000,-0.086352,0.000000,1.000000
-0.100000,-0.100000,-0.100000,-0.100000,-0.086370,0.000000,1.000000
-0.100000,-0.100000,-0.100000,-0.100000,-0.086388,0.000000,1.000000
-0.100000,-0.100000,-0.100000,-0.100000,-0.086405,0.000000,1.000000
-0.100000,-0.100000,-0.100000,-0.100000,-0.086423,0.000000,1.000000
-0.100000,-0.100000,-0.100000,-0.100000,-0.086441,0.000000,1.000000
-0.100000,-0.100000,-0.100000,-0.100000,-0.086459,0.000000,1.000000
-0.100000,-0.100000,-0.100000,-0.100000,-0.086477,0.000000,1.000000
-0.100000,-0.100000,-0.100000,-0.100000,-0.086494,0.000000,1.000000
-0.100000,-0.100000,-0.100000,-0.100000,-0.086512,0.000000,1.000000
-0.100000,-0.100000,-0.100000,-0.100000,-0.086530,0.000000,1.000000
-0.100000,-0.100000,-0.100000,-0.100000,-0.086547,0.000000,1.000000
-0.100000,-0.100000,-0.100000,-0.100000,-0.086565,0.000000,1.000000
-0.100000,-0.100000,-0.100000,-0.100000,-0.086583,0.000000,1.000000
-0.100000,-0.100000,-0.100000,-0.100000,-0.086601,0.000000,1.000000
-0.100000,-0.100000,-0.100000,-0.100000,-0.086618,0.000000,1.000000
-0.100000,-0.100000,-0.100000,-0.100000,-0.086636,0.000000,1.000000
-0.100000,-0.100000,-0.100000,-0.100000,-0.086654,0.000000,1.000000
-0.100000,-0.100000,-0.100000,-0.100000,-0.086671,0.000000,1.000000
-0.100000,-0.100000,-0.100000,-0.100000,-0.086689,0.000000,1.000000
-0.100000,-0.100000,-0.100000,-0.100000,-0.086706,0.000000,1.000000
-0.100000,-0.100000,-0.100000,-0.100000,-0.086724,0.000000,1.000000
-0.100000,-0.100000,-0.100000,-0.100000,-0.086742,0.000000,1.000000
-0.100000,-0.100000,-0.100000,-0.100000,-0.086759,0.000000,1.000000
-0.100000,-0.100000,-0.100000,-0.100000,-0.086777,0.000000,1.000000
-0.100000,-0.100000,-0.100000,-0.100000,-0.086794,0.000000,1.000000
-0.100000,-0.100000,-0.100000,-0.100000,-0.086812,0.000000,1.000000
-0.100000,-0.100000,-0.100000,-0.100000,-0.086829,0.000000,1.000000
-0.100000,-0.100000,-0.100000,-0.100000,-0.086847,0.000000,1.000000
-0.100000,-0.100000,-0.100000,-0.100000,-0.086864,0.000000,1.000000
-0.100000,-0.100000,-0.100000,-0.100000,-0.086882,0.000000,1.000000
-0.100000,-0.100000,-0.100000,-0.100000,-0.086899,0.000000,1.000000
-0.100000,-0.100000,-0.100000,-0.100000,-0.086917,0.000000,1.000000
-0.100000,-0.100000,-0.100000,-0.100000,-0.086934,0.000000,1.000000
-0.100000,-0.100000,-0.100000,-0.100000,-0.086952,0.000000,1.000000
-0.100000,-0.100000,-0.100000,-0.100000,-0.086969,0.000000,1.000000
-0.100000,-0.100000,-0.100000,-0.100000,-0.086987,0.000000,1.000000
-0.100000,-0.100000,-0.100000,-0.100000,-0.087004,0.000000,1.000000
-0.100000,-0.100000,-0.100000,-0.100000,-0.087022,0.000000,1.000000
-0.100000,-0.100000,-0.100000,-0.100000,-0.087039,0.000000,1.000000
-0.100000,-0.100000,-0.100000,-0.100000,-0.087056,0.000000,1.000000
-0.100000,-0.100000,-0.100000,-0.100000,-0.087074,0.000000,1.000000
-0.100000,-0.100000,-0.100000,-0.100000,-0.087091,0.000000,1.000000
-0.100000,-0.100000,-0.100000,-0.100000,-0.087108,0.000000,1.000000
-0.100000,-0.100000,-0.100000,-0.100000,-0.087126,0.000000,1.000000
-0.100000,-0.100000,-0.100000,-0.100000,-0.087143,0.000000,1.000000
-0.100000,-0.100000,-0.100000,-0.100000,-0.087160,0.000000,1.000000
-0.100000,-0.100000,-0.100000,-0.100000,-0.087178,0.000000,1.000000
-0.100000,-0.100000,-0.100000,-0.100000,-0.087195,0.000000,1.000000
-0.100000,-0.100000,-0.100000,-0.100000,-0.087212,0.000000,1.000000
-0.100000,-0.100000,-0.100000,-0.100000,-0.087230,0.000000,1.000000
-0.100000,-0.100000,-0.100000,-0.100000,-0.087247,0.000000,1.000000
-0.100000,-0.100000,-0.100000,-0.100000,-0.087264,0.000000,1.000000
-0.100000,-0.100000,-0.100000,-0.100000,-0.087281,0.000000,1.000000
-0.100000,-0.100000,-0.100000,-0.100000,-0.087298,0.000000,1.000000
-0.100000,-0.100000,-0.100000,-0.100000,-0.087316,0.000000,1.000000
-0.100000,-0.100000,-0.100000,-0.100000,-0.087333,0.000000,1.000000
-0.100000,-0.100000,-0.100000,-0.100000,-0.087350,0.000000,1.000000
-0.100000,-0.100000,-0.100000,-0.100000,-0.087367,0.000000,1.000000
-0.100000,-0.100000,-0.100000,-0.100000,-0.087384,0.000000,1.000000
-0.100000,-0.100000,-0.100000,-0.100000,-0.087402,0.000000,1.000000
-0.100000,-0.100000,-0.100000,-0.100000,-0.087419,0.000000,1.000000
-0.100000,-0.100000,-0.100000,-0.100000,-0.087436,0.000000,1.000000
-0.100000,-0.100000,-0.100000,-0.100000,-0.087453,0.000000,1.000000
-0.100000,-0.100000,-0.100000,-0.100000,-0.087470,0.000000,1.000000
-0.100000,-0.100000,-0.100000,-0.100000,-0.087487,0.000000,1.000000
-0.100000,-0.100000,-0.100000,-0.100000,-0.087504,0.000000,1.000000
-0.100000,-0.100000,-0.100000,-0.100000,-0.087521,0.000000,1.000000
-0.100000,-0.100000,-0.100000,-0.100000,-0.087538,0.000000,1.000000
-0.100000,-0.100000,-0.100000,-0.100000,-0.087555,0.000000,1.000000
-0.100000,-0.100000,-0.100000,-0.100000,-0.087572,0.000000,1.000000
-0.100000,-0.100000,-0.100000,-0.100000,-0.087589,0.000000,1.000000
-0.100000,-0.100000,-0.100000,-0.100000,-0.087606,0.000000,1.000000
-0.100000,-0.100000,-0.100000,-0.100000,-0.087623,0.000000,1.000000
-0.100000,-0.100000,-0.100000,-0.100000,-0.087640,0.000000,1.000000
-0.100000,-0.100000,-0.100000,-0.100000,-0.087657,0.000000,1.000000
-0.100000,-0.100000,-0.100000,-0.100000,-0.087674,0.000000,1.000000
-0.100000,-0.100000,-0.100000,-0.100000,-0.087691,0.000000,1.000000
-0.100000,-0.100000,-0.100000,-0.100000,-0.087708,0.000000,1.000000
-0.100000,-0.100000,-0.100000,-0.100000,-0.087725,0.000000,1.000000
-0.100000,-0.100000,-0.100000,-0.100000,-0.087742,0.000000,1.000000
-0.100000,-0.100000,-0.100000,-0.100000,-0.087759,0.000000,1.000000
-0.100000,-0.100000,-0.100000,-0.100000,-0.087776,0.000000,1.000000
-0.100000,-0.100000,-0.100000,-0.100000,-0.087793,0.000000,1.000000
-0.100000,-0.100000,-0.100000,-0.100000,-0.087810,0.000000,1.000000
-0.100000,-0.100000,-0.100000,-0.100000,-0.087827,0.000000,1.000000
-0.100000,-0.100000,-0.100000,-0.100000,-0.087843,0.000000,1.000000
-0.100000,-0.100000,-0.100000,-0.100000,-0.087860,0.000000,1.000000
-0.100000,-0.100000,-0.100000,-0.100000,-0.087877,0.000000,1.000000
-0.100000,-0.100000,-0.100000,-0.100000,-0.087894,0.000000,1.000000
-0.100000,-0.100000,-0.100000,-0.100000,-0.087911,0.000000,1.000000
-0.100000,-0.100000,-0.100000,-0.100000,-0.087927,0.000000,1.000000
-0.100000,-0.100000,-0.100000,-0.100000,-0.087944,0.000000,1.000000
-0.100000,-0.100000,-0.100000,-0.100000,-0.087961,0.000000,1.000000
-0.100000,-0.100000,-0.100000,-0.100000,-0.087978,0.000000,1.000000
-0.100000,-0.100000,-0.100000,-0.100000,-0.087994,0.000000,1.000000
-0.100000,-0.100000,-0.100000,-0.100000,-0.088011,0.000000,1.000000
-0.100000,-0.100000,-0.100000,-0.100000,-0.088028,0.000000,1.000000
-0.100000,-0.100000,-0.100000,-0.100000,-0.088045,0.000000,1.000000
-0.100000,-0.100000,-0.100000,-0.100000,-0.088061,0.000000,1.000000
-0.100000,-0.100000,-0.100000,-0.100000,-0.088078,0.000000,1.000000
-0.100000,-0.100000,-0.100000,-0.100000,-0.088095,0.000000,1.000000
-0.100000,-0.100000,-0.100000,-0.100000,-0.088111,0.000000,1.000000
-0.100000,-0.100000,-0.100000,-0.100000,-0.088128,0.000000,1.000000
-0.100000,-0.100000,-0.100000,-0.100000,-0.088145,0.000000,1.000000
-0.100000,-0.100000,-0.100000,-0.100000,-0.088161,0.000000,1.000000
-0.100000,-0.100000,-0.100000,-0.100000,-0.088178,0.000000,1.000000
-0.100000,-0.100000,-0.100000,-0.100000,-0.088194,0.000000,1.000000
-0.100000,-0.100000,-0.100000,-0.100000,-0.088211,0.000000,1.000000
-0.100000,-0.100000,-0.100000,-0.100000,-0.088228,0.000000,1.000000
-0.100000,-0.100000,-0.100000,-0.100000,-0.088244,0.000000,1.000000
-0.100000,-0.100000,-0.100000,-0.100000,-0.088261,0.000000,1.000000
-0.100000,-0.100000,-0.100000,-0.100000,-0.088277,0.000000,1.000000
-0.100000,-0.100000,-0.100000,-0.100000,-0.088294,0.000000,1.000000
-0.100000,-0.100000,-0.100000,-0.100000,-0.088310,0.000000,1.000000
-0.100000,-0.100000,-0.100000,-0.100000,-0.088327,0.000000,1.000000
-0.100000,-0.100000,-0.100000,-0.100000,-0.088343,0.000000,1.000000
-0.100000,-0.100000,-0.100000,-0.100000,-0.088360,0.000000,1.000000
-0.100000,-0.100000,-0.100000,-0.100000,-0.088376,0.000000,1.000000
-0.100000,-0.100000,-0.100000,-0.100000,-0.088393,0.000000,1.000000
-0.100000,-0.100000,-0.100000,-0.100000,-0.088409,0.000000,1.000000
-0.100000,-0.100000,-0.100000,-0.100000,-0.088426,0.000000,1.000000
-0.100000,-0.100000,-0.100000,-0.100000,-0.088442,0.000000,1.000000
-0.100000,-0.100000,-0.100000,-0.100000,-0.088459,0.000000,1.000000
-0.100000,-0.100000,-0.100000,-0.100000,-0.088475,0.000000,1.000000
-0.100000,-0.100000,-0.100000,-0.100000,-0.088491,0.000000,1.000000
-0.100000,-0.100000,-0.100000,-0.100000,-0.088508,0.000000,1.000000
-0.100000,-0.100000,-0.100000,-0.100000,-0.088524,0.000000,1.000000
-0.100000,-0.100000,-0.100000,-0.100000,-0.088540,0.000000,1.000000
-0.100000,-0.100000,-0.100000,-0.100000,-0.088557,0.000000,1.000000
-0.100000,-0.100000,-0.100000,-0.100000,-0.088573,0.000000,1.000000
-0.100000,-0.100000,-0.100000,-0.100000,-0.088589,0.000000,1.000000
-0.100000,-0.100000,-0.100000,-0.100000,-0.088606,0.000000,1.000000
-0.100000,-0.100000,-0.100000,-0.100000,-0.088622,0.000000,1.000000
-0.100000,-0.100000,-0.100000,-0.100000,-0.088638,0.000000,1.000000
-0.100000,-0.100000,-0.100000,-0.100000,-0.088655,0.000000,1.000000
-0.100000,-0.100000,-0.100000,-0.100000,-0.088671,0.000000,1.000000
-0.100000,-0.100000,-0.100000,-0.100000,-0.088687,0.000000,1.000000
-0.100000,-0.100000,-0.100000,-0.100000,-0.088703,0.000000,1.000000
-0.100000,-0.100000,-0.100000,-0.100000,-0.088720,0.000000,1.000000
-0.100000,-0.100000,-0.100000,-0.100000,-0.088736,0.000000,1.000000
-0.100000,-0.100000,-0.100000,-0.100000,-0.088752,0.000000,1.000000
-0.100000,-0.100000,-0.100000,-0.100000,-0.088768,0.000000,1.000000
-0.100000,-0.100000,-0.100000,-0.100000,-0.088784,0.000000,1.000000
-0.100000,-0.100000,-0.100000,-0.100000,-0.088801,0.000000,1.000000
-0.100000,-0.100000,-0.100000,-0.100000,-0.088817,0.000000,1.000000
-0.100000,-0.100000,-0.100000,-0.100000,-0.088833,0.000000,1.000000
-0.100000,-0.100000,-0.100000,-0.100000,-0.088849,0.000000,1.000000
-0.100000,-0.100000,-0.100000,-0.100000,-0.088865,0.000000,1.000000
-0.100000,-0.100000,-0.100000,-0.100000,-0.088881,0.000000,1.000000
-0.100000,-0.100000,-0.100000,-0.100000,-0.088897,0.000000,1.000000
-0.100000,-0.100000,-0.100000,-0.100000,-0.088913,0.000000,1.000000
-0.100000,-0.100000,-0.100000,-0.100000,-0.088929,0.000000,1.000000
-0.100000,-0.100000,-0.100000,-0.100000,-0.088946,0.000000,1.000000
-0.100000,-0.100000,-0.100000,-0.100000,-0.088962,0.000000,1.000000
-0.100000,-0.100000,-0.100000,-0.100000,-0.088978,0.000000,1.000000
-0.100000,-0.100000,-0.100000,-0.100000,-0.088994,0.000000,1.000000
-0.100000,-0.100000,-0.100000,-0.100000,-0.089010,0.000000,1.000000
-0.100000,-0.100000,-0.100000,-0.100000,-0.089026,0.000000,1.000000
-0.100000,-0.100000,-0.100000,-0.100000,-0.089042,0.000000,1.000000
-0.100000,-0.100000,-0.100000,-0.100000,-0.089058,0.000000,1.000000
-0.100000,-0.100000,-0.100000,-0.100000,-0.089074,0.000000,1.000000
-0.100000,-0.100000,-0.100000,-0.100000,-0.089090,0.000000,1.000000
-0.100000,-0.100000,-0.100000,-0.100000,-0.089106,0.000000,1.000000
-0.100000,-0.100000,-0.100000,-0.100000,-0.089122,0.000000,1.000000
-0.100000,-0.100000,-0.100000,-0.100000,-0.089137,0.000000,1.000000
-0.100000,-0.100000,-0.100000,-0.100000,-0.089153,0.000000,1.000000
-0.100000,-0.100000,-0.100000,-0.100000,-0.089169,0.000000,1.000000
-0.100000,-0.100000,-0.100000,-0.100000,-0.089185,0.000000,1.000000
-0.100000,-0.100000,-0.100000,-0.100000,-0.089201,0.000000,1.000000
-0.100000,-0.100000,-0.100000,-0.100000,-0.089217,0.000000,1.000000
-0.100000,-0.100000,-0.100000,-0.100000,-0.089233,0.000000,1.000000
-0.100000,-0.100000,-0.100000,-0.100000,-0.089249,0.000000,1.000000
-0.100000,-0.100000,-0.100000,-0.100000,-0.089264,0.000000,1.000000
-0.100000,-0.100000,-0.100000,-0.100000,-0.089280,0.000000,1.000000
-0.100000,-0.100000,-0.100000,-0.100000,-0.089296,0.000000,1.000000
-0.100000,-0.100000,-0.100000,-0.100000,-0.089312,0.000000,1.000000
-0.100000,-0.100000,-0.100000,-0.100000,-0.089328,0.000000,1.000000
-0.100000,-0.100000,-0.100000,-0.100000,-0.089343,0.000000,1.000000
-0.100000,-0.100000,-0.100000,-0.100000,-0.089359,0.000000,1.000000
-0.100000,-0.100000,-0.100000,-0.100000,-0.089375,0.000000,1.000000
-0.100000,-0.100000,-0.100000,-0.100000,-0.089391,0.000000,1.000000
-0.100000,-0.100000,-0.100000,-0.100000,-0.089406,0.000000,1.000000
-0.100000,-0.100000,-0.100000,-0.100000,-0.089422,0.000000,1.000000
-0.100000,-0.100000,-0.100000,-0.100000,-0.089438,0.000000,1.000000
-0.100000,-0.100000,-0.100000,-0.100000,-0.089454,0.000000,1.000000
-0.100000,-0.100000,-0.100000,-0.100000,-0.089469,0.000000,1.000000
-0.100000,-0.100000,-0.100000,-0.100000,-0.089485,0.000000,1.000000
-0.100000,-0.100000,-0.100000,-0.100000,-0.089501,0.000000,1.000000
-0.100000,-0.100000,-0.100000,-0.100000,-0.089516,0.000000,1.000000
-0.100000,-0.100000,-0.100000,-0.100000,-0.089532,0.000000,1.000000
-0.100000,-0.100000,-0.100000,-0.100000,-0.089547,0.000000,1.000000
-0.100000,-0.100000,-0.100000,-0.100000,-0.089563,0.000000,1.000000
-0.100000,-0.100000,-0.100000,-0.100000,-0.089579,0.000000,1.000000
-0.100000,-0.100000,-0.100000,-0.100000,-0.089594,0.000000,1.000000
-0.100000,-0.100000,-0.100000,-0.100000,-0.089610,0.000000,1.000000
-0.100000,-0.100000,-0.100000,-0.100000,-0.089625,0.000000,1.000000
-0.100000,-0.100000,-0.100000,-0.100000,-0.089641,0.000000,1.000000
-0.100000,-0.100000,-0.100000,-0.100000,-0.089656,0.000000,1.000000
-0.100000,-0.100000,-0.100000,-0.100000,-0.089672,0.000000,1.000000
-0.100000,-0.100000,-0.100000,-0.100000,-0.089687,0.000000,1.000000
-0.100000,-0.100000,-0.100000,-0.100000,-0.089703,0.000000,1.000000
-0.100000,-0.100000,-0.100000,-0.100000,-0.089718,0.000000,1.000000
-0.100000,-0.100000,-0.100000,-0.100000,-0.089734,0.000000,1.000000
-0.100000,-0.100000,-0.100000,-0.100000,-0.089749,0.000000,1.000000
-0.100000,-0.100000,-0.100000,-0.100000,-0.089765,0.000000,1.000000
-0.100000,-0.100000,-0.100000,-0.100000,-0.089780,0.000000,1.000000
-0.100000,-0.100000,-0.100000,-0.100000,-0.089796,0.000000,1.000000
-0.100000,-0.100000,-0.100000,-0.100000,-0.089811,0.000000,1.000000
-0.100000,-0.100000,-0.100000,-0.100000,-0.089827,0.000000,1.000000
-0.100000,-0.100000,-0.100000,-0.100000,-0.089842,0.000000,1.000000
-0.100000,-0.100000,-0.100000,-0.100000,-0.089857,0.000000,1.000000
-0.100000,-0.100000,-0.100000,-0.100000,-0.089873,0.000000,1.000000
-0.100000,-0.100000,-0.100000,-0.100000,-0.089888,0.000000,1.000000
-0.100000,-0.100000,-0.100000,-0.100000,-0.089904,0.000000,1.000000
-0.100000,-0.100000,-0.100000,-0.100000,-0.089919,0.000000,1.000000
-0.100000,-0.100000,-0.100000,-0.100000,-0.089934,0.000000,1.000000
-0.100000,-0.100000,-0.100000,-0.100000,-0.089949,0.000000,1.000000
-0.100000,-0.100000,-0.100000,-0.100000,-0.089965,0.000000,1.000000
-0.100000,-0.100000,-0.100000,-0.100000,-0.089980,0.000000,1.000000
-0.100000,-0.100000,-0.100000,-0.100000,-0.089995,0.000000,1.000000
-0.100000,-0.100000,-0.100000,-0.100000,-0.090011,0.000000,1.000000
-0.100000,-0.100000,-0.100000,-0.100000,-0.090026,0.000000,1.000000
-0.100000,-0.100000,-0.100000,-0.100000,-0.090041,0.000000,1.000000
-0.100000,-0.100000,-0.100000,-0.100000,-0.090056,0.000000,1.000000
-0.100000,-0.100000,-0.100000,-0.100000,-0.090072,0.000000,1.000000
-0.100000,-0.100000,-0.100000,-0.100000,-0.090087,0.000000,1.000000
-0.100000,-0.100000,-0.100000,-0.100000,-0.090102,0.000000,1.000000
-0.100000,-0.100000,-0.100000,-0.100000,-0.090117,0.000000,1.000000
-0.100000,-0.100000,-0.100000,-0.100000,-0.090132,0.000000,1.000000
-0.100000,-0.100000,-0.100000,-0.100000,-0.090148,0.000000,1.000000
-0.100000,-0.100000,-0.100000,-0.100000,-0.090163,0.000000,1.000000
-0.100000,-0.100000,-0.100000,-0.100000,-0.090178,0.000000,1.000000
-0.100000,-0.100000,-0.100000,-0.100000,-0.090193,0.000000,1.000000
-0.100000,-0.100000,-0.100000,-0.100000,-0.090208,0.000000,1.000000
-0.100000,-0.100000,-0.100000,-0.100000,-0.090223,0.000000,1.000000
-0.100000,-0.100000,-0.100000,-0.100000,-0.090238,0.000000,1.000000
-0.100000,-0.100000,-0.100000,-0.100000,-0.090253,0.000000,1.000000
-0.100000,-0.100000,-0.100000,-0.100000,-0.090269,0.000000,1.000000
-0.100000,-0.100000,-0.100000,-0.100000,-0.090284,0.000000,1.000000
-0.100000,-0.100000,-0.100000,-0.100000,-0.090299,0.000000,1.000000
-0.100000,-0.100000,-0.100000,-0.100000,-0.090314,0.000000,1.000000
-0.100000,-0.100000,-0.100000,-0.100000,-0.090329,0.000000,1.000000
-0.100000,-0.100000,-0.100000,-0.100000,-0.090344,0.000000,1.000000
-0.100000,-0.100000,-0.100000,-0.100000,-0.090359,0.000000,1.000000
-0.100000,-0.100000,-0.100000,-0.100000,-0.090374,0.000000,1.000000
-0.100000,-0.100000,-0.100000,-0.100000,-0.090389,0.000000,1.000000
-0.100000,-0.100000,-0.100000,-0.100000,-0.090404,0.000000,1.000000
-0.100000,-0.100000,-0.100000,-0.100000,-0.090419,0.000000,1.000000
-0.100000,-0.100000,-0.100000,-0.100000,-0.090434,0.000000,1.000000
-0.100000,-0.100000,-0.100000,-0.100000,-0.090448,0.000000,1.000000
-0.100000,-0.100000,-0.100000,-0.100000,-0.090463,0.000000,1.000000
-0.100000,-0.100000,-0.100000,-0.100000,-0.090478,0.000000,1.000000
-0.100000,-0.100000,-0.100000,-0.100000,-0.090493,0.000000,1.000000
-0.100000,-0.100000,-0.100000,-0.100000,-0.090508,0.000000,1.000000
-0.100000,-0.100000,-0.100000,-0.100000,-0.090523,0.000000,1.000000
-0.100000,-0.100000,-0.100000,-0.100000,-0.090538,0.000000,1.000000
-0.100000,-0.100000,-0.100000,-0.100000,-0.090553,0.000000,1.000000
-0.100000,-0.100000,-0.100000,-0.100000,-0.090568,0.000000,1.000000
-0.100000,-0.100000,-0.100000,-0.100000,-0.090582,0.000000,1.000000
-0.100000,-0.100000,-0.100000,-0.100000,-0.090597,0.000000,1.000000
-0.100000,-0.100000,-0.100000,-0.100000,-0.090612,0.000000,1.000000
-0.100000,-0.100000,-0.100000,-0.100000,-0.090627,0.000000,1.000000
-0.100000,-0.100000,-0.100000,-0.100000,-0.090642,0.000000,1.000000
-0.100000,-0.100000,-0.100000,-0.100000,-0.090656,0.000000,1.000000
-0.100000,-0.100000,-0.100000,-0.100000,-0.090671,0.000000,1.000000
-0.100000,-0.100000,-0.100000,-0.100000,-0.090686,0.000000,1.000000
-0.100000,-0.100000,-0.100000,-0.100000,-0.090701,0.000000,1.000000
-0.100000,-0.100000,-0.100000,-0.100000,-0.090715,0.000000,1.000000
-0.100000,-0.100000,-0.100000,-0.100000,-0.090730,0.000000,1.000000
-0.100000,-0.100000,-0.100000,-0.100000,-0.090745,0.000000,1.000000
-0.100000,-0.100000,-0.100000,-0.100000,-0.090759,0.000000,1.000000
-0.100000,-0.100000,-0.100000,-0.100000,-0.090774,0.000000,1.000000
-0.100000,-0.100000,-0.100000,-0.100000,-0.090789,0.000000,1.000000
-0.100000,-0.100000,-0.100000,-0.100000,-0.090803,0.000000,1.000000
-0.100000,-0.100000,-0.100000,-0.100000,-0.090818,0.000000,1.000000
-0.100000,-0.100000,-0.100000,-0.100000,-0.090833,0.000000,1.000000
-0.100000,-0.100000,-0.100000,-0.100000,-0.090847,0.000000,1.000000
-0.100000,-0.100000,-0.100000,-0.100000,-0.090862,0.000000,1.000000
-0.100000,-0.100000,-0.100000,-0.100000,-0.090876,0.000000,1.000000
-0.100000,-0.100000,-0.100000,-0.100000,-0.090891,0.000000,1.000000
-0.100000,-0.100000,-0.100000,-0.100000,-0.090906,0.000000,1.000000
-0.100000,-0.100000,-0.100000,-0.100000,-0.090920,0.000000,1.000000
-0.100000,-0.100000,-0.100000,-0.100000,-0.090935,0.000000,1.000000
-0.100000,-0.100000,-0.100000,-0.100000,-0.090949,0.000000,1.000000
-0.100000,-0.100000,-0.100000,-0.100000,-0.090964,0.000000,1.000000
-0.100000,-0.100000,-0.100000,-0.100000,-0.090978,0.000000,1.000000
-0.100000,-0.100000,-0.100000,-0.100000,-0.090993,0.000000,1.000000
-0.100000,-0.100000,-0.100000,-0.100000,-0.091007,0.000000,1.000000
-0.100000,-0.100000,-0.100000,-0.100000,-0.091022,0.000000,1.000000
-0.100000,-0.100000,-0.100000,-0.100000,-0.091036,0.000000,1.000000
-0.100000,-0.100000,-0.100000,-0.100000,-0.091051,0.000000,1.000000
-0.100000,-0.100000,-0.100000,-0.100000,-0.091065,0.000000,1.000000
-0.100000,-0.100000,-0.100000,-0.100000,-0.091080,0.000000,1.000000
-0.100000,-0.100000,-0.100000,-0.100000,-0.091094,0.000000,1.000000
-0.100000,-0.100000,-0.100000,-0.100000,-0.091108,0.000000,1.000000
-0.100000,-0.100000,-0.100000,-0.100000,-0.091123,0.000000,1.000000
-0.100000,-0.100000,-0.100000,-0.100000,-0.091137,0.000000,1.000000
-0.100000,-0.100000,-0.100000,-0.100000,-0.091152,0.000000,1.000000
-0.100000,-0.100000,-0.100000,-0.100000,-0.091166,0.000000,1.000000
-0.100000,-0.100000,-0.100000,-0.100000,-0.091180,0.000000,1.000000
-0.100000,-0.100000,-0.100000,-0.100000,-0.091195,0.000000,1.000000
-0.100000,-0.100000,-0.100000,-0.100000,-0.091209,0.000000,1.000000
-0.100000,-0.100000,-0.100000,-0.100000,-0.091223,0.000000,1.000000
-0.100000,-0.100000,-0.100000,-0.100000,-0.091238,0.000000,1.000000
-0.100000,-0.100000,-0.100000,-0.100000,-0.091252,0.000000,1.000000
-0.100000,-0.100000,-0.100000,-0.100000,-0.091266,0.000000,1.000000
-0.100000,-0.100000,-0.100000,-0.100000,-0.091280,0.000000,1.000000
-0.100000,-0.100000,-0.100000,-0.100000,-0.091295,0.000000,1.000000
-0.100000,-0.100000,-0.100000,-0.100000,-0.091309,0.000000,1.000000
-0.100000,-0.100000,-0.100000,-0.100000,-0.091323,0.000000,1.000000
-0.100000,-0.100000,-0.100000,-0.100000,-0.091337,0.000000,1.000000
-0.100000,-0.100000,-0.100000,-0.100000,-0.091352,0.000000,1.000000
-0.100000,-0.100000,-0.100000,-0.100000,-0.091366,0.000000,1.000000
-0.100000,-0.100000,-0.100000,-0.100000,-0.091380,0.000000,1.000000
-0.100000,-0.100000,-0.100000,-0.100000,-0.091394,0.000000,1.000000
-0.100000,-0.100000,-0.100000,-0.100000,-0.091408,0.000000,1.000000
-0.100000,-0.100000,-0.100000,-0.100000,-0.091422,0.000000,1.000000
-0.100000,-0.100000,-0.100000,-0.100000,-0.091437,0.000000,1.000000
-0.100000,-0.100000,-0.100000,-0.100000,-0.091451,0.000000,1.000000
-0.100000,-0.100000,-0.100000,-0.100000,-0.091465,0.000000,1.000000
-0.100000,-0.100000,-0.100000,-0.100000,-0.091479,0.000000,1.000000
-0.100000,-0.100000,-0.100000,-0.100000,-0.091493,0.000000,1.000000
-0.100000,-0.100000,-0.100000,-0.100000,-0.091507,0.000000,1.000000
-0.100000,-0.100000,-0.100000,-0.100000,-0.091521,0.000000,1.000000
-0.100000,-0.100000,-0.100000,-0.100000,-0.091535,0.000000,1.000000
-0.100000,-0.100000,-0.100000,-0.100000,-0.091549,0.000000,1.000000
-0.100000,-0.100000,-0.100000,-0.100000,-0.091563,0.000000,1.000000
-0.100000,-0.100000,-0.100000,-0.100000,-0.091577,0.000000,1.000000
-0.100000,-0.100000,-0.100000,-0.100000,-0.091591,0.000000,1.000000
-0.100000,-0.100000,-0.100000,-0.100000,-0.091605,0.000000,1.000000
-0.100000,-0.100000,-0.100000,-0.100000,-0.091619,0.000000,1.000000
-0.100000,-0.100000,-0.100000,-0.100000,-0.091633,0.000000,1.000000
-0.100000,-0.100000,-0.100000,-0.100000,-0.091647,0.000000,1.000000
-0.100000,-0.100000,-0.100000,-0.100000,-0.091661,0.000000,1.000000
-0.100000,-0.100000,-0.100000,-0.100000,-0.091675,0.000000,1.000000
-0.100000,-0.100000,-0.100000,-0.100000,-0.091689,0.000000,1.000000
-0.100000,-0.100000,-0.100000,-0.100000,-0.091703,0.000000,1.000000
-0.100000,-0.100000,-0.100000,-0.100000,-0.091717,0.000000,1.000000
-0.100000,-0.100000,-0.100000,-0.100000,-0.091731,0.000000,1.000000
-0.100000,-0.100000,-0.100000,-0.100000,-0.091745,0.000000,1.000000
-0.100000,-0.100000,-0.100000,-0.100000,-0.091759,0.000000,1.000000
-0.100000,-0.100000,-0.100000,-0.100000,-0.091772,0.000000,1.000000
-0.100000,-0.100000,-0.100000,-0.100000,-0.091786,0.000000,1.000000
-0.100000,-0.100000,-0.100000,-0.100000,-0.091800,0.000000,1.000000
-0.100000,-0.100000,-0.100000,-0.100000,-0.091814,0.000000,1.000000
-0.100000,-0.100000,-0.100000,-0.100000,-0.091828,0.000000,1.000000
-0.100000,-0.100000,-0.100000,-0.100000,-0.091842,0.000000,1.000000
-0.100000,-0.100000,-0.100000,-0.100000,-0.091855,0.000000,1.000000
-0.100000,-0.100000,-0.100000,-0.100000,-0.091869,0.000000,1.000000
-0.100000,-0.100000,-0.100000,-0.100000,-0.091883,0.000000,1.000000
-0.100000,-0.100000,-0.100000,-0.100000,-0.091897,0.000000,1.000000
-0.100000,-0.100000,-0.100000,-0.100000,-0.091910,0.000000,1.000000
-0.100000,-0.100000,-0.100000,-0.100000,-0.091924,0.000000,1.000000
-0.100000,-0.100000,-0.100000,-0.100000,-0.091938,0.000000,1.000000
-0.100000,-0.100000,-0.100000,-0.100000,-0.091952,0.000000,1.000000
-0.100000,-0.100000,-0.100000,-0.100000,-0.091965,0.000000,1.000000
-0.100000,-0.100000,-0.100000,-0.100000,-0.091979,0.000000,1.000000
-0.100000,-0.100000,-0.100000,-0.100000,-0.091993,0.000000,1.000000
-0.100000,-0.100000,-0.100000,-0.100000,-0.092006,0.000000,1.000000
-0.100000,-0.100000,-0.100000,-0.100000,-0.092020,0.000000,1.000000
-0.100000,-0.100000,-0.100000,-0.100000,-0.092034,0.000000,1.000000
-0.100000,-0.100000,-0.100000,-0.100000,-0.092047,0.000000,1.000000
-0.100000,-0.100000,-0.100000,-0.100000,-0.092061,0.000000,1.000000
-0.100000,-0.100000,-0.100000,-0.100000,-0.092074,0.000000,1.000000
-0.100000,-0.100000,-0.100000,-0.100000,-0.092088,0.000000,1.000000
-0.100000,-0.100000,-0.100000,-0.100000,-0.092102,0.000000,1.000000
-0.100000,-0.100000,-0.100000,-0.100000,-0.092115,0.000000,1.000000
-0.100000,-0.100000,-0.100000,-0.100000,-0.092129,0.000000,1.000000
-0.100000,-0.100000,-0.100000,-0.100000,-0.092142,0.000000,1.000000
-0.100000,-0.100000,-0.100000,-0.100000,-0.092156,0.000000,1.000000
-0.100000,-0.100000,-0.100000,-0.100000,-0.092169,0.000000,1.000000
-0.100000,-0.100000,-0.100000,-0.100000,-0.092183,0.000000,1.000000
-0.100000,-0.100000,-0.100000,-0.100000,-0.092196,0.000000,1.000000
-0.100000,-0.100000,-0.100000,-0.100000,-0.092210,0.000000,1.000000
-0.100000,-0.100000,-0.100000,-0.100000,-0.092223,0.000000,1.000000
-0.100000,-0.100000,-0.100000,-0.100000,-0.092237,0.000000,1.000000
-0.100000,-0.100000,-0.100000,-0.100000,-0.092250,0.000000,1.000000
-0.100000,-0.100000,-0.100000,-0.100000,-0.092264,0.000000,1.000000
-0.100000,-0.100000,-0.100000,-0.100000,-0.092277,0.000000,1.000000
-0.100000,-0.100000,-0.100000,-0.100000,-0.092291,0.000000,1.000000
-0.100000,-0.100000,-0.100000,-0.100000,-0.092304,0.000000,1.000000
-0.100000,-0.100000,-0.100000,-0.100000,-0.092317,0.000000,1.000000
-0.100000,-0.100000,-0.100000,-0.100000,-0.092331,0.000000,1.000000
-0.100000,-0.100000,-0.100000,-0.100000,-0.092344,0.000000,1.000000
-0.100000,-0.100000,-0.100000,-0.100000,-0.092357,0.000000,1.000000
-0.100000,-0.100000,-0.100000,-0.100000,-0.092371,0.000000,1.000000
-0.100000,-0.100000,-0.100000,-0.100000,-0.092384,0.000000,1.000000
-0.100000,-0.100000,-0.100000,-0.100000,-0.092397,0.000000,1.000000
-0.100000,-0.100000,-0.100000,-0.100000,-0.092411,0.000000,1.000000
-0.100000,-0.100000,-0.100000,-0.100000,-0.092424,0.000000,1.000000
-0.100000,-0.100000,-0.100000,-0.100000,-0.092437,0.000000,1.000000
-0.100000,-0.100000,-0.100000,-0.100000,-0.092451,0.000000,1.000000
-0.100000,-0.100000,-0.100000,-0.100000,-0.092464,0.000000,1.000000
-0.100000,-0.100000,-0.100000,-0.100000,-0.092477,0.000000,1.000000
-0.100000,-0.100000,-0.100000,-0.100000,-0.092490,0.000000,1.000000
-0.100000,-0.100000,-0.100000,-0.100000,-0.092504,0.000000,1.000000
-0.100000,-0.100000,-0.100000,-0.100000,-0.092517,0.000000,1.000000
-0.100000,-0.100000,-0.100000,-0.100000,-0.092530,0.000000,1.000000
-0.100000,-0.100000,-0.100000,-0.100000,-0.092543,0.000000,1.000000
-0.100000,-0.100000,-0.100000,-0.100000,-0.092556,0.000000,1.000000
-0.100000,-0.100000,-0.100000,-0.100000,-0.092570,0.000000,1.000000
-0.100000,-0.100000,-0.100000,-0.100000,-0.092583,0.000000,1.000000
-0.100000,-0.100000,-0.100000,-0.100000,-0.092596,0.000000,1.000000
-0.100000,-0.100000,-0.100000,-0.100000,-0.092609,0.000000,1.000000
-0.100000,-0.100000,-0.100000,-0.100000,-0.092622,0.000000,1.000000
-0.100000,-0.100000,-0.100000,-0.100000,-0.092635,0.000000,1.000000
-0.100000,-0.100000,-0.100000,-0.100000,-0.092648,0.000000,1.000000
-0.100000,-0.100000,-0.100000,-0.100000,-0.092662,0.000000,1.000000
-0.100000,-0.100000,-0.100000,-0.100000,-0.092675,0.000000,1.000000
-0.100000,-0.100000,-0.100000,-0.100000,-0.092688,0.000000,1.000000
-0.100000,-0.100000,-0.100000,-0.100000,-0.092701,0.000000,1.000000
-0.100000,-0.100000,-0.100000,-0.100000,-0.092714,0.000000,1.000000
-0.100000,-0.100000,-0.100000,-0.100000,-0.092727,0.000000,1.000000
-0.100000,-0.100000,-0.100000,-0.100000,-0.092740,0.000000,1.000000
-0.100000,-0.100000,-0.100000,-0.100000,-0.092753,0.000000,1.000000
-0.100000,-0.100000,-0.100000,-0.100000,-0.092766,0.000000,1.000000
-0.100000,-0.100000,-0.100000,-0.100000,-0.092779,0.000000,1.000000
-0.100000,-0.100000,-0.100000,-0.100000,-0.092792,0.000000,1.000000
-0.100000,-0.100000,-0.100000,-0.100000,-0.092805,0.000000,1.000000
-0.100000,-0.100000,-0.100000,-0.100000,-0.092818,0.000000,1.000000
-0.100000,-0.100000,-0.100000,-0.100000,-0.092831,0.000000,1.000000
-0.100000,-0.100000,-0.100000,-0.100000,-0.092844,0.000000,1.000000
-0.100000,-0.100000,-0.100000,-0.100000,-0.092856,0.000000,1.000000
-0.100000,-0.100000,-0.100000,-0.100000,-0.092869,0.000000,1.000000
-0.100000,-0.100000,-0.100000,-0.100000,-0.092882,0.000000,1.000000
-0.100000,-0.100000,-0.100000,-0.100000,-0.092895,0.000000,1.000000
-0.100000,-0.100000,-0.100000,-0.100000,-0.092908,0.000000,1.000000
-0.100000,-0.100000,-0.100000,-0.100000,-0.092921,0.000000,1.000000
-0.100000,-0.100000,-0.100000,-0.100000,-0.092934,0.000000,1.000000
-0.100000,-0.100000,-0.100000,-0.100000,-0.092947,0.000000,1.000000
-0.100000,-0.100000,-0.100000,-0.100000,-0.092959,0.000000,1.000000
-0.100000,-0.100000,-0.100000,-0.100000,-0.092972,0.000000,1.000000
-0.100000,-0.100000,-0.100000,-0.100000,-0.092985,0.000000,1.000000
-0.100000,-0.100000,-0.100000,-0.100000,-0.092998,0.000000,1.000000
-0.100000,-0.100000,-0.100000,-0.100000,-0.093011,0.000000,1.000000
-0.100000,-0.100000,-0.100000,-0.100000,-0.093023,0.000000,1.000000
-0.100000,-0.100000,-0.100000,-0.100000,-0.093036,0.000000,1.000000
-0.100000,-0.100000,-0.100000,-0.100000,-0.093049,0.000000,1.000000
-0.100000,-0.100000,-0.100000,-0.100000,-0.093062,0.000000,1.000000
-0.100000,-0.100000,-0.100000,-0.100000,-0.093074,0.000000,1.000000
-0.100000,-0.100000,-0.100000,-0.100000,-0.093087,0.000000,1.000000
-0.100000,-0.100000,-0.100000,-0.100000,-0.093100,0.000000,1.000000
-0.100000,-0.100000,-0.100000,-0.100000,-0.093112,0.000000,1.000000
-0.100000,-0.100000,-0.100000,-0.100000,-0.093125,0.000000,1.000000
-0.100000,-0.100000,-0.100000,-0.100000,-0.093138,0.000000,1.000000
-0.100000,-0.100000,-0.100000,-0.100000,-0.093150,0.000000,1.000000
-0.100000,-0.100000,-0.100000,-0.100000,-0.093163,0.000000,1.000000
-0.100000,-0.100000,-0.100000,-0.100000,-0.093176,0.000000,1.000000
-0.100000,-0.100000,-0.100000,-0.100000,-0.093188,0.000000,1.000000
-0.100000,-0.100000,-0.100000,-0.100000,-0.093201,0.000000,1.000000
-0.100000,-0.100000,-0.100000,-0.100000,-0.093213,0.000000,1.000000
-0.100000,-0.100000,-0.100000,-0.100000,-0.093226,0.000000,1.000000
-0.100000,-0.100000,-0.100000,-0.100000,-0.093239,0.000000,1.000000
-0.100000,-0.100000,-0.100000,-0.100000,-0.093251,0.000000,1.000000
-0.100000,-0.100000,-0.100000,-0.100000,-0.093264,0.000000,1.000000
-0.100000,-0.100000,-0.100000,-0.100000,-0.093276,0.000000,1.000000
-0.100000,-0.100000,-0.100000,-0.100000,-0.093289,0.000000,1.000000
-0.100000,-0.100000,-0.100000,-0.100000,-0.093301,0.000000,1.000000
-0.100000,-0.100000,-0.100000,-0.100000,-0.093314,0.000000,1.000000
-0.100000,-0.100000,-0.100000,-0.100000,-0.093326,0.000000,1.000000
-0.100000,-0.100000,-0.100000,-0.100000,-0.093339,0.000000,1.000000
-0.100000,-0.100000,-0.100000,-0.100000,-0.093351,0.000000,1.000000
-0.100000,-0.100000,-0.100000,-0.100000,-0.093364,0.000000,1.000000
-0.100000,-0.100000,-0.100000,-0.100000,-0.093376,0.000000,1.000000
-0.100000,-0.100000,-0.100000,-0.100000,-0.093388,0.000000,1.000000
-0.100000,-0.100000,-0.100000,-0.100000,-0.093401,0.000000,1.000000
-0.100000,-0.100000,-0.100000,-0.100000,-0.093413,0.000000,1.000000
-0.100000,-0.100000,-0.100000,-0.100000,-0.093426,0.000000,1.000000
-0.100000,-0.100000,-0.100000,-0.100000,-0.093438,0.000000,1.000000
-0.100000,-0.100000,-0.100000,-0.100000,-0.093450,0.000000,1.000000
-0.100000,-0.100000,-0.100000,-0.100000,-0.093463,0.000000,1.000000
-0.100000,-0.100000,-0.100000,-0.100000,-0.093475,0.000000,1.000000
-0.100000,-0.100000,-0.100000,-0.100000,-0.093487,0.000000,1.000000
-0.100000,-0.100000,-0.100000,-0.100000,-0.093500,0.000000,1.000000
-0.100000,-0.100000,-0.100000,-0.100000,-0.093512,0.000000,1.000000
-0.100000,-0.100000,-0.100000,-0.100000,-0.093524,0.000000,1.000000
-0.100000,-0.100000,-0.100000,-0.100000,-0.093537,0.000000,1.000000
-0.100000,-0.100000,-0.100000,-0.100000,-0.093549,0.000000,1.000000
-0.100000,-0.100000,-0.100000,-0.100000,-0.093561,0.000000,1.000000
-0.100000,-0.100000,-0.100000,-0.100000,-0.093573,0.000000,1.000000
-0.100000,-0.100000,-0.100000,-0.100000,-0.093586,0.000000,1.000000
-0.100000,-0.100000,-0.100000,-0.100000,-0.093598,0.000000,1.000000
-0.100000,-0.100000,-0.100000,-0.100000,-0.093610,0.000000,1.000000
-0.100000,-0.100000,-0.100000,-0.100000,-0.093622,0.000000,1.000000
-0.100000,-0.100000,-0.100000,-0.100000,-0.093634,0.000000,1.000000
-0.100000,-0.100000,-0.100000,-0.100000,-0.093647,0.000000,1.000000
-0.100000,-0.100000,-0.100000,-0.100000,-0.093659,0.000000,1.000000
-0.100000,-0.100000,-0.100000,-0.100000,-0.093671,0.000000,1.000000
-0.100000,-0.100000,-0.100000,-0.100000,-0.093683,0.000000,1.000000
-0.100000,-0.100000,-0.100000,-0.100000,-0.093695,0.000000,1.000000
-0.100000,-0.100000,-0.100000,-0.100000,-0.093707,0.000000,1.000000
