6.259849,-0.091500,0.080708,3.141593

6.259978,-0.091502,0.080453,3.141593

6.259620,-0.091759,0.081483,3.141593

6.259466,-0.091862,0.081825,3.141593

6.259264,-0.091930,0.082091,3.141593

6.259200,-0.092053,0.082441,3.141593

6.258743,-0.092236,0.083541,3.141593

6.258591,-0.092316,0.083921,3.141593

6.258477,-0.092425,0.084431,3.141593

6.258275,-0.092470,0.084773,3.141593

6.258426,-0.092467,0.084448,3.141593

6.258052,-0.092613,0.085544,3.141593

6.257802,-0.092653,0.086027,3.141593

6.257682,-0.092737,0.086564,3.141593

6.257486,-0.092748,0.086839,3.141593

6.257105,-0.092836,0.087889,3.141593

6.257033,-0.092877,0.088242,3.141593

6.257108,-0.092854,0.087945,3.141593

6.256896,-0.092880,0.088529,3.141593

6.256711,-0.092853,0.088759,3.141593

6.256425,-0.092886,0.089735,3.141593

6.256499,-0.092862,0.089437,3.141593

6.256346,-0.092847,0.089806,3.141593

6.256161,-0.092792,0.090027,3.141593

6.255926,-0.092753,0.090507,3.141593

6.255700,-0.092773,0.091619,3.141593

6.255610,-0.092784,0.092182,3.141593

6.255492,-0.092759,0.092601,3.141593

6.255376,-0.092721,0.092937,3.141593

6.255548,-0.092722,0.092596,3.141593

6.255204,-0.092692,0.093833,3.141593

6.255142,-0.092692,0.094325,3.141593

6.255078,-0.092695,0.094767,3.141593

6.255152,-0.092651,0.094346,3.141593

6.255194,-0.092672,0.094709,3.141593

6.255003,-0.092676,0.095796,3.141593

6.254984,-0.092698,0.096231,3.141593

6.254952,-0.092692,0.096533,3.141593

6.254837,-0.092691,0.097053,3.141593

6.254933,-0.092826,0.098150,3.141593

6.254869,-0.092886,0.098798,3.141593

6.254972,-0.092877,0.098539,3.141593

6.254991,-0.092915,0.098895,3.141593

6.255119,-0.092995,0.099292,3.141593

6.255169,-0.093180,0.100456,3.141593

6.255250,-0.093268,0.100896,3.141593

6.255244,-0.093318,0.101276,3.141593

6.255337,-0.093404,0.101678,3.141593

6.255584,-0.093707,0.102689,3.141593

6.255707,-0.093859,0.103196,3.141593

6.255845,-0.093995,0.103568,3.141593

6.256044,-0.094183,0.103911,3.141593

6.256259,-0.094199,0.103584,3.141593

6.256413,-0.094583,0.104795,3.141593

6.256581,-0.094798,0.105349,3.141593

6.256704,-0.094794,0.105080,3.141593

6.256971,-0.095031,0.105342,3.141593

6.257127,-0.095268,0.105806,3.141593

6.257561,-0.095831,0.107006,3.141593

6.257875,-0.096146,0.107391,3.141593

6.258001,-0.096131,0.107051,3.141593

6.258328,-0.096415,0.107213,3.141593

6.258724,-0.096744,0.107500,3.141593

6.259280,-0.097420,0.108428,3.141593

6.259651,-0.097773,0.108688,3.141593

6.259937,-0.098073,0.108794,3.141593

6.260292,-0.098449,0.109193,3.141593

6.261106,-0.099261,0.109808,3.141593

6.261522,-0.099643,0.109942,3.141593

6.261639,-0.099619,0.109568,3.141593

6.262062,-0.099961,0.109446,3.141593

6.262624,-0.100387,0.109467,3.141593

6.263332,-0.101202,0.110109,3.141593

6.263780,-0.101638,0.110402,3.141593

6.264266,-0.102060,0.110429,3.141593

6.264398,-0.101987,0.109727,3.141593

6.264789,-0.102385,0.109797,3.141593

6.265710,-0.103297,0.110376,3.141593

6.266185,-0.103705,0.110353,3.141593

6.266302,-0.103675,0.109936,3.141593

6.266815,-0.104043,0.109586,3.141593

6.267212,-0.104432,0.109593,3.141593

6.268126,-0.105319,0.110049,3.141593

6.268620,-0.105715,0.109921,3.141593

6.269116,-0.106106,0.109766,3.141593

6.269266,-0.106039,0.109049,3.141593

6.269754,-0.106429,0.108909,3.141593

6.270704,-0.107235,0.108908,3.141593

6.271201,-0.107607,0.108719,3.141593

6.271633,-0.107928,0.108353,3.141593

6.272096,-0.108328,0.108425,3.141593

6.273052,-0.109058,0.108354,3.141593

6.273172,-0.109030,0.107931,3.141593

6.273658,-0.109366,0.107718,3.141593

6.274114,-0.109644,0.107217,3.141593

6.274562,-0.109962,0.107194,3.141593

6.275484,-0.110620,0.107271,3.141593

6.275952,-0.110920,0.107134,3.141593

6.276420,-0.111236,0.107286,3.141593

6.276522,-0.111165,0.106622,3.141593

6.277060,-0.111449,0.106446,3.141593

6.277883,-0.112015,0.106641,3.141593

6.278265,-0.112219,0.106577,3.141593

6.278718,-0.112396,0.106211,3.141593

6.279159,-0.112636,0.106295,3.141593

6.280013,-0.113062,0.106302,3.141593

6.280444,-0.113239,0.106133,3.141593

6.280535,-0.113207,0.105735,3.141593

6.280924,-0.113327,0.105307,3.141593

6.281310,-0.113495,0.105213,3.141593

6.282127,-0.113880,0.105319,3.141593

6.282545,-0.114020,0.105060,3.141593

6.282640,-0.113989,0.104660,3.141593

6.283056,-0.114089,0.104162,3.141593

6.283536,-0.114228,0.103800,3.141593

6.284271,-0.114472,0.103596,3.141593

6.284677,-0.114571,0.103281,3.141593

6.285013,-0.114611,0.102746,3.141593

6.285407,-0.114730,0.102665,3.141593

6.286172,-0.114921,0.102288,3.141593

6.286557,-0.114985,0.101901,3.141593

6.286638,-0.114943,0.101445,3.141593

6.286957,-0.114925,0.100748,3.141593

6.287334,-0.115017,0.100667,3.141593

6.287768,-0.115063,0.100164,3.141593

6.288429,-0.115148,0.099767,3.141593

6.288499,-0.115090,0.099218,3.141593

6.288785,-0.115003,0.098346,3.141593

6.289135,-0.114985,0.097791,3.141593

6.289860,-0.115069,0.097607,3.141593

6.290221,-0.115024,0.097027,3.141593

6.290285,-0.114948,0.096363,3.141593

6.290617,-0.114810,0.095201,3.141593

6.290889,-0.114729,0.094570,3.141593

6.291640,-0.114755,0.094280,3.141593

6.291690,-0.114659,0.093491,3.141593

6.291961,-0.114550,0.092728,3.141593

6.292236,-0.114326,0.091134,3.141593

6.292633,-0.114335,0.090952,3.141593

6.293329,-0.114230,0.089921,3.141593

6.293355,-0.114105,0.088962,3.141593

6.293665,-0.113978,0.087978,3.141593

6.293877,-0.113698,0.086085,3.141593

6.294233,-0.113557,0.084813,3.141593

6.294789,-0.113399,0.083537,3.141593

6.294990,-0.113232,0.082405,3.141593

6.295236,-0.112904,0.079945,3.141593

6.295588,-0.112742,0.078452,3.141593

6.296156,-0.112716,0.078118,3.141593

6.296423,-0.112545,0.076650,3.141593

6.296401,-0.112366,0.075278,3.141593

6.296516,-0.111988,0.072488,3.141593

6.296858,-0.111812,0.070672,3.141593

6.297262,-0.111604,0.068832,3.141593

6.297649,-0.111620,0.068339,3.141593

6.297625,-0.111426,0.066748,3.141593

6.297597,-0.111029,0.063819,3.141593

6.297796,-0.110807,0.061727,3.141593

6.298557,-0.110839,0.060673,3.141593

6.298768,-0.110633,0.058610,3.141593

6.298972,-0.110425,0.056508,3.141593

6.298973,-0.110003,0.052699,3.141593

6.299519,-0.109829,0.049751,3.141593

6.299459,-0.109614,0.047755,3.141593

6.299617,-0.109409,0.045368,3.141593

6.299391,-0.108937,0.041276,3.141593

6.299776,-0.108968,0.040429,3.141593

6.300280,-0.108792,0.037002,3.141593

6.300187,-0.108571,0.034769,3.141593

6.300156,-0.108329,0.032247,3.141593

6.300121,-0.107888,0.027115,3.141593

6.300068,-0.107647,0.024484,3.141593

6.300813,-0.107701,0.022659,3.141593

6.300897,-0.107484,0.019447,3.141593

6.300736,-0.107262,0.016940,3.141593

6.300464,-0.106806,0.011498,3.141593

6.300501,-0.106598,0.008147,3.141593

6.300595,-0.106358,0.004361,3.141593

6.301122,-0.106404,0.002674,3.141593

6.301144,-0.106193,-0.000853,3.141593

6.300573,-0.105769,-0.005941,3.141593

6.300427,-0.105543,-0.009176,3.141593

6.301175,-0.105559,-0.011738,3.141593

6.301167,-0.105353,-0.015456,3.141593

6.300925,-0.105174,-0.018413,3.141593

6.300492,-0.104782,-0.024736,3.141593

6.300761,-0.104764,-0.025623,3.141593

6.301119,-0.104593,-0.030734,3.141593

6.300848,-0.104445,-0.033913,3.141593

6.300805,-0.104283,-0.037808,3.141593

6.300231,-0.103951,-0.044077,3.141593

6.300628,-0.103987,-0.045414,3.141593

6.300954,-0.103902,-0.050722,3.141593

6.300902,-0.103799,-0.054872,3.141593

6.300558,-0.103704,-0.058238,3.141593

6.299916,-0.103468,-0.064758,3.141593

6.299823,-0.103406,-0.068904,3.141593

6.300073,-0.103413,-0.074358,3.141593

6.300425,-0.103471,-0.075703,3.141593

6.300028,-0.103431,-0.079238,3.141593

6.299392,-0.103361,-0.086502,3.141593

6.299278,-0.103413,-0.091399,3.141593

6.299321,-0.103488,-0.096607,3.141593

6.299110,-0.103543,-0.100946,3.141593

6.298320,-0.103569,-0.107850,3.141593

6.298612,-0.103652,-0.109123,3.141593

6.298569,-0.103842,-0.114808,3.141593

6.298071,-0.103929,-0.118663,3.141593

6.297769,-0.104071,-0.123162,3.141593

6.297976,-0.104117,-0.123871,3.141593

6.296898,-0.104306,-0.130983,3.141593

6.296524,-0.104546,-0.136205,3.141593

6.296308,-0.104812,-0.141592,3.141593

6.295889,-0.105032,-0.146207,3.141593

6.294909,-0.105401,-0.153781,3.141593

6.295024,-0.105517,-0.155175,3.141593

6.294845,-0.106014,-0.161635,3.141593

6.294142,-0.106217,-0.166036,3.141593

6.293509,-0.106499,-0.170209,3.141593

6.292393,-0.107085,-0.178453,3.141593

6.291922,-0.107411,-0.182686,3.141593

6.291948,-0.107618,-0.185280,3.141593

6.291334,-0.108002,-0.190091,3.141593

6.290652,-0.108378,-0.194308,3.141593

6.289434,-0.109140,-0.202626,3.141593

6.288666,-0.109647,-0.207970,3.141593

6.287967,-0.110103,-0.213212,3.141593

6.287389,-0.110519,-0.217344,3.141593

6.286081,-0.111435,-0.225583,3.141593

6.285905,-0.111494,-0.226718,3.141593

6.284909,-0.112029,-0.232387,3.141593

6.284151,-0.112572,-0.236614,3.141593

6.283524,-0.113050,-0.240638,3.141593

6.283287,-0.113101,-0.241721,3.141593

6.282657,-0.113790,-0.246714,3.141593

6.280863,-0.114814,-0.254534,3.141593

6.279930,-0.115393,-0.259499,3.141593

6.279861,-0.115395,-0.259999,3.141593

6.278945,-0.115977,-0.264490,3.141593

6.277569,-0.117229,-0.272098,3.141593

6.276890,-0.117810,-0.276006,3.141593

6.276423,-0.117951,-0.277229,3.141593

6.275386,-0.118538,-0.281916,3.141593

6.274670,-0.119115,-0.285807,3.141593

6.274266,-0.119094,-0.286743,3.141593

6.272726,-0.120410,-0.294549,3.141593

6.271899,-0.121176,-0.298597,3.141593

6.271001,-0.121669,-0.302676,3.141593

6.270251,-0.121650,-0.304046,3.141593

6.269220,-0.122304,-0.308306,3.141593

6.267820,-0.123852,-0.315662,3.141593

6.266468,-0.124590,-0.320350,3.141593

6.265207,-0.125150,-0.324768,3.141593

6.264456,-0.125823,-0.328452,3.141593

6.262856,-0.127368,-0.335917,3.141593

6.261792,-0.128129,-0.340001,3.141593

6.260165,-0.128806,-0.344712,3.141593

6.259081,-0.129592,-0.348741,3.141593

6.258518,-0.129524,-0.349439,3.141593

6.256899,-0.131177,-0.356602,3.141593

6.255211,-0.131909,-0.361145,3.141593

6.254326,-0.132883,-0.364926,3.141593

6.253217,-0.133688,-0.368669,3.141593

6.251590,-0.135440,-0.375601,3.141593

6.250104,-0.136330,-0.379739,3.141593

6.248728,-0.137037,-0.383504,3.141593

6.248473,-0.136921,-0.383673,3.141593

6.247333,-0.137795,-0.387363,3.141593

6.245702,-0.139653,-0.394114,3.141593

6.243921,-0.140411,-0.398098,3.141593

6.243018,-0.141479,-0.401676,3.141593

6.241889,-0.142367,-0.405163,3.141593

6.240278,-0.144287,-0.411666,3.141593

6.238709,-0.145228,-0.415472,3.141593

6.237780,-0.145932,-0.418510,3.141593

6.236646,-0.146862,-0.421935,3.141593

6.236260,-0.147172,-0.423255,3.141593

6.234399,-0.148711,-0.428622,3.141593

6.232614,-0.149492,-0.432238,3.141593

6.231497,-0.150437,-0.435520,3.141593

6.230354,-0.151363,-0.438770,3.141593

6.229047,-0.153496,-0.444679,3.141593

6.227488,-0.154423,-0.448092,3.141593

6.226374,-0.155364,-0.451222,3.141593

6.224998,-0.156140,-0.454388,3.141593

6.223935,-0.158131,-0.459841,3.141593

6.222824,-0.159066,-0.462870,3.141593

6.221399,-0.158739,-0.463548,3.141593

6.220282,-0.159653,-0.466505,3.141593

6.219170,-0.160574,-0.469446,3.141593

6.218157,-0.161708,-0.472768,3.141593

6.216384,-0.163682,-0.478009,3.141593

6.214977,-0.164388,-0.480862,3.141593

6.214323,-0.165332,-0.483499,3.141593

6.212860,-0.167368,-0.488816,3.141593

6.211751,-0.168283,-0.491571,3.141593

6.209871,-0.168950,-0.494464,3.141593

6.208761,-0.169872,-0.497178,3.141593

6.207995,-0.169682,-0.497448,3.141593

6.206542,-0.171738,-0.502588,3.141593

6.204672,-0.172431,-0.505426,3.141593

6.203564,-0.173390,-0.508107,3.141593

6.203233,-0.174575,-0.510593,3.141593

6.201738,-0.176455,-0.515207,3.141593

6.200943,-0.176246,-0.515426,3.141593

6.199117,-0.177137,-0.518475,3.141593

6.197997,-0.178087,-0.521051,3.141593

6.196903,-0.179037,-0.523593,3.141593

6.195525,-0.181137,-0.528390,3.141593

6.193641,-0.181839,-0.531030,3.141593

6.192870,-0.183046,-0.533595,3.141593

6.191794,-0.183997,-0.536066,3.141593

6.190430,-0.186135,-0.540783,3.141593

6.188915,-0.187080,-0.543375,3.141593

6.187459,-0.187866,-0.545946,3.141593

6.186370,-0.188862,-0.548407,3.141593

6.185058,-0.191025,-0.552980,3.141593

6.183525,-0.191995,-0.555565,3.141593

6.182051,-0.192820,-0.558114,3.141593

6.181412,-0.193876,-0.560439,3.141593

6.179655,-0.196071,-0.565159,3.141593

6.178149,-0.197059,-0.567686,3.141593

6.177102,-0.197934,-0.570084,3.141593

6.176235,-0.197754,-0.570432,3.141593

6.175162,-0.198788,-0.572872,3.141593

6.174303,-0.201226,-0.577211,3.141593

6.173217,-0.202290,-0.579660,3.141593

6.171332,-0.203095,-0.582263,3.141593

6.169847,-0.203888,-0.584783,3.141593

6.168816,-0.205115,-0.587466,3.141593

6.166700,-0.206880,-0.591742,3.141593

6.165659,-0.207885,-0.594062,3.141593

6.164622,-0.208889,-0.596366,3.141593

6.163411,-0.211073,-0.600538,3.141593

6.162438,-0.212280,-0.602738,3.141593

6.160956,-0.213096,-0.605245,3.141593

6.160338,-0.214122,-0.607385,3.141593

6.159149,-0.216122,-0.611173,3.141593

6.158318,-0.215953,-0.611556,3.141593

6.156528,-0.216932,-0.614327,3.141593

6.155533,-0.217966,-0.616544,3.141593

6.154563,-0.219010,-0.618694,3.141593

6.153444,-0.221234,-0.622607,3.141593

6.151707,-0.222085,-0.624970,3.141593

6.150778,-0.223150,-0.627035,3.141593

6.149858,-0.224219,-0.629092,3.141593

6.148949,-0.225484,-0.631414,3.141593

6.147860,-0.227608,-0.634782,3.141593

6.146592,-0.228567,-0.636923,3.141593

6.146071,-0.229686,-0.638831,3.141593

6.145028,-0.231911,-0.642430,3.141593

6.144160,-0.232977,-0.644343,3.141593

6.142668,-0.233948,-0.646382,3.141593

6.141864,-0.235027,-0.648217,3.141593

6.140916,-0.237237,-0.651623,3.141593

6.140152,-0.238293,-0.653386,3.141593

6.138898,-0.239214,-0.655129,3.141593

6.138371,-0.239141,-0.655251,3.141593

6.137715,-0.240163,-0.656879,3.141593

6.136941,-0.242125,-0.659771,3.141593

6.135997,-0.243126,-0.661467,3.141593

6.135476,-0.244096,-0.662943,3.141593

6.135016,-0.245041,-0.664369,3.141593

6.134422,-0.247093,-0.667268,3.141593

6.133850,-0.247706,-0.668305,3.141593

6.133547,-0.248573,-0.669539,3.141593

6.133282,-0.249411,-0.670704,3.141593

6.132761,-0.250716,-0.672525,3.141593

6.132699,-0.251674,-0.673628,3.141593

6.132594,-0.252374,-0.674443,3.141593

6.132513,-0.253041,-0.675179,3.141593

6.132279,-0.254527,-0.676940,3.141593

6.131431,-0.255765,-0.678726,3.141593

6.132080,-0.255837,-0.678210,3.141593

6.132180,-0.256383,-0.678630,3.141593

6.132145,-0.257911,-0.680295,3.141593

6.132074,-0.258316,-0.680525,3.141593

6.133174,-0.258104,-0.679353,3.141593

6.134028,-0.257501,-0.678046,3.141593

6.134485,-0.257865,-0.677964,3.141593

6.134804,-0.259195,-0.679092,3.141593

6.136156,-0.258677,-0.677170,3.141593

6.136795,-0.258902,-0.676780,3.141593

6.137554,-0.259096,-0.676253,3.141593

6.138165,-0.260223,-0.676885,3.141593

6.140130,-0.259390,-0.674079,3.141593

6.141151,-0.259482,-0.673219,3.141593

6.142232,-0.259527,-0.672259,3.141593

6.143151,-0.260484,-0.672430,3.141593

6.145842,-0.259407,-0.668786,3.141593

6.147188,-0.259336,-0.667472,3.141593

6.148559,-0.259252,-0.666108,3.141593

6.149763,-0.260039,-0.665823,3.141593

6.153166,-0.258700,-0.661321,3.141593

6.154804,-0.258483,-0.659594,3.141593

6.156472,-0.258241,-0.657800,3.141593

6.158054,-0.258868,-0.657013,3.141593

6.161991,-0.257363,-0.651758,3.141593

6.163879,-0.257052,-0.649647,3.141593

6.163388,-0.257955,-0.650882,3.141593

6.165429,-0.257855,-0.648903,3.141593

6.166968,-0.258096,-0.647435,3.141593

6.171597,-0.256475,-0.641432,3.141593

6.173800,-0.256087,-0.638860,3.141593

6.175980,-0.256270,-0.636975,3.141593

6.178457,-0.255052,-0.633242,3.141593

6.183541,-0.253607,-0.626806,3.141593

6.185681,-0.253402,-0.624255,3.141593

6.188003,-0.252737,-0.621049,3.141593

6.190104,-0.253057,-0.619098,3.141593

6.192455,-0.252608,-0.616087,3.141593

6.197592,-0.250908,-0.608723,3.141593

6.200025,-0.250463,-0.605539,3.141593

6.202183,-0.250742,-0.603314,3.141593

6.207433,-0.249130,-0.595598,3.141593

6.209914,-0.248711,-0.592223,3.141593

6.212393,-0.248290,-0.588817,3.141593

6.214634,-0.248605,-0.586272,3.141593

6.213908,-0.249350,-0.587410,3.141593

6.219424,-0.247865,-0.579257,3.141593

6.221923,-0.247488,-0.575671,3.141593

6.224135,-0.247832,-0.572974,3.141593

6.226445,-0.247492,-0.569339,3.141593

6.231967,-0.246130,-0.560865,3.141593

6.234444,-0.245890,-0.557130,3.141593

6.236602,-0.246291,-0.554293,3.141593

6.238859,-0.246036,-0.550545,3.141593

6.244480,-0.244942,-0.541787,3.141593

6.246906,-0.244788,-0.537919,3.141593

6.249755,-0.244491,-0.533731,3.141593

6.251713,-0.244487,-0.530136,3.141593

6.256825,-0.243625,-0.521207,3.141593

6.256286,-0.244337,-0.522303,3.141593

6.258663,-0.244258,-0.518327,3.141593

6.260688,-0.244832,-0.515301,3.141593

6.262842,-0.244823,-0.511338,3.141593

6.267998,-0.244115,-0.502206,3.141593

6.270288,-0.244119,-0.498170,3.141593

6.272410,-0.244755,-0.495027,3.141593

6.275014,-0.244163,-0.489973,3.141593

6.279840,-0.243550,-0.480691,3.141593

6.282055,-0.243595,-0.476548,3.141593

6.281530,-0.244290,-0.477647,3.141593

6.283408,-0.244981,-0.474380,3.141593

6.285409,-0.245067,-0.470236,3.141593

6.290243,-0.244548,-0.460737,3.141593

6.292396,-0.244665,-0.456462,3.141593

6.294176,-0.245394,-0.453135,3.141593

6.296099,-0.245525,-0.448924,3.141593

6.300770,-0.245160,-0.439279,3.141593

6.302973,-0.245342,-0.434944,3.141593

6.302801,-0.245412,-0.435089,3.141593

6.304426,-0.245942,-0.431395,3.141593

6.306319,-0.246367,-0.427479,3.141593

6.310787,-0.246182,-0.417784,3.141593

6.312733,-0.246418,-0.413476,3.141593

6.314336,-0.247213,-0.410062,3.141593

6.316085,-0.247501,-0.405789,3.141593

6.320301,-0.247435,-0.396123,3.141593

6.324430,-0.247394,-0.386433,3.141593

6.325892,-0.248254,-0.382998,3.141593

6.325231,-0.248899,-0.384119,3.141593

6.329218,-0.248879,-0.374435,3.141593

6.330903,-0.249211,-0.370120,3.141593

6.332382,-0.250078,-0.366653,3.141593

6.334013,-0.250404,-0.362359,3.141593

6.337685,-0.250427,-0.352744,3.141593

6.339082,-0.250773,-0.348503,3.141593

6.340262,-0.251649,-0.345119,3.141593

6.341447,-0.251996,-0.340959,3.141593

6.344821,-0.252063,-0.331408,3.141593

6.346278,-0.252188,-0.326828,3.141593

6.348019,-0.252226,-0.322045,3.141593

6.349010,-0.253106,-0.318757,3.141593

6.351871,-0.253177,-0.309422,3.141593

6.353092,-0.253497,-0.305262,3.141593

6.354284,-0.253813,-0.301117,3.141593

6.355032,-0.254428,-0.297566,3.141593

6.354466,-0.255231,-0.298950,3.141593

6.357120,-0.255273,-0.289747,3.141593

6.358183,-0.255564,-0.285655,3.141593

6.358976,-0.256374,-0.282415,3.141593

6.359942,-0.256670,-0.278354,3.141593

6.362147,-0.256664,-0.269279,3.141593

6.363332,-0.256462,-0.264354,3.141593

6.364166,-0.256752,-0.260311,3.141593

6.364645,-0.257544,-0.257170,3.141593

6.366492,-0.257525,-0.248149,3.141593

6.366014,-0.258098,-0.249187,3.141593

6.366725,-0.258355,-0.245163,3.141593

6.367062,-0.259120,-0.242067,3.141593

6.367853,-0.259350,-0.238019,3.141593

6.369732,-0.258652,-0.228115,3.141593

6.370274,-0.258833,-0.224142,3.141593

6.370112,-0.260045,-0.222029,3.141593

6.370620,-0.260207,-0.218083,3.141593

6.372170,-0.259385,-0.208245,3.141593

6.372571,-0.259505,-0.204311,3.141593

6.372944,-0.259616,-0.200392,3.141593

6.372915,-0.260219,-0.197429,3.141593

6.373801,-0.259767,-0.188632,3.141593

6.373334,-0.260365,-0.189736,3.141593

6.373582,-0.260417,-0.185876,3.141593

6.373422,-0.260970,-0.182989,3.141593

6.373454,-0.261002,-0.179234,3.141593

6.374114,-0.260414,-0.170555,3.141593

6.374125,-0.260398,-0.166797,3.141593

6.373806,-0.260901,-0.164003,3.141593

6.373890,-0.260847,-0.160206,3.141593

6.374049,-0.260120,-0.151700,3.141593

6.373913,-0.260014,-0.147974,3.141593

6.374075,-0.259361,-0.143284,3.141593

6.373330,-0.260511,-0.145393,3.141593

6.373053,-0.260398,-0.141733,3.141593

6.373078,-0.259400,-0.133067,3.141593

6.372674,-0.259233,-0.129447,3.141593

6.372146,-0.259540,-0.126660,3.141593

6.371738,-0.259069,-0.122597,3.141593

6.371657,-0.257697,-0.113577,3.141593

6.371239,-0.257440,-0.109931,3.141593

6.370769,-0.257170,-0.106299,3.141593

6.369987,-0.258110,-0.108112,3.141593

6.369461,-0.258115,-0.104975,3.141593

6.368868,-0.256923,-0.096640,3.141593

6.368356,-0.256633,-0.093082,3.141593

6.367486,-0.256867,-0.090551,3.141593

6.366920,-0.256544,-0.087015,3.141593

6.366119,-0.255263,-0.078840,3.141593

6.365496,-0.254901,-0.075382,3.141593

6.364534,-0.255087,-0.072970,3.141593

6.363821,-0.254758,-0.069641,3.141593

6.362974,-0.253237,-0.061473,3.141593

6.362611,-0.252239,-0.057017,3.141593

6.361913,-0.251790,-0.053615,3.141593

6.361185,-0.253009,-0.055908,3.141593

6.360418,-0.252607,-0.052629,3.141593

6.359373,-0.250937,-0.044686,3.141593

6.358638,-0.250421,-0.041345,3.141593

6.357563,-0.250458,-0.039068,3.141593

6.356758,-0.249929,-0.035848,3.141593

6.355691,-0.248043,-0.027861,3.141593

6.354908,-0.247449,-0.024564,3.141593

6.354463,-0.246239,-0.020209,3.141593

6.353367,-0.246140,-0.017980,3.141593

6.352913,-0.246855,-0.019350,3.141593

6.351716,-0.244882,-0.011566,3.141593

6.350938,-0.244170,-0.008278,3.141593

6.349828,-0.244016,-0.006066,3.141593

6.348972,-0.243358,-0.002919,3.141593

6.347731,-0.241210,0.004844,3.141593

6.346916,-0.240433,0.008093,3.141593

6.345783,-0.240011,0.010607,3.141593

6.345016,-0.239361,0.013667,3.141593

6.343987,-0.236585,0.022377,3.141593

6.343153,-0.235752,0.025607,3.141593

6.342314,-0.234918,0.028832,3.141593

6.341166,-0.234632,0.030988,3.141593

6.340743,-0.235348,0.029599,3.141593

6.339411,-0.232976,0.037217,3.141593

6.338557,-0.232113,0.040401,3.141593

6.337386,-0.231794,0.042521,3.141593

6.336581,-0.230844,0.045793,3.141593

6.335485,-0.227954,0.054250,3.141593

6.334616,-0.227071,0.057378,3.141593

6.333745,-0.226174,0.060465,3.141593

6.333069,-0.227346,0.058161,3.141593

6.332142,-0.226506,0.061126,3.141593

6.330758,-0.224063,0.068569,3.141593

6.329891,-0.223110,0.071656,3.141593

6.328703,-0.222681,0.073700,3.141593

6.327770,-0.221798,0.076639,3.141593

6.326373,-0.219265,0.083991,3.141593

6.325859,-0.217733,0.088187,3.141593

6.324974,-0.216774,0.091230,3.141593

6.323780,-0.216317,0.093261,3.141593

6.322360,-0.213823,0.100403,3.141593

6.321491,-0.212845,0.103443,3.141593

6.321116,-0.213439,0.102235,3.141593

6.319939,-0.212943,0.104296,3.141593

6.319021,-0.212011,0.107170,3.141593

6.317681,-0.209458,0.114368,3.141593

6.316830,-0.208473,0.117387,3.141593

6.315688,-0.207796,0.119739,3.141593

6.314752,-0.207044,0.122281,3.141593

6.313520,-0.204462,0.129590,3.141593

6.312683,-0.203495,0.132591,3.141593

6.311545,-0.202964,0.134636,3.141593

6.310727,-0.201984,0.137633,3.141593

6.309410,-0.199550,0.144649,3.141593

6.308616,-0.198553,0.147652,3.141593

6.307446,-0.198063,0.149583,3.141593

6.306727,-0.197011,0.152744,3.141593

6.305490,-0.194562,0.159794,3.141593

6.305037,-0.193153,0.163739,3.141593

6.304273,-0.192173,0.166772,3.141593

6.303509,-0.191202,0.169802,3.141593

6.302085,-0.189192,0.175985,3.141593

6.301270,-0.188295,0.178855,3.141593

6.300527,-0.187345,0.181867,3.141593

6.299846,-0.188242,0.179906,3.141593

6.299045,-0.187371,0.182754,3.141593

6.297959,-0.185058,0.189777,3.141593

6.297235,-0.184155,0.192759,3.141593

6.296200,-0.183661,0.194845,3.141593

6.295550,-0.182740,0.197912,3.141593

6.294409,-0.180615,0.204693,3.141593

6.294002,-0.179427,0.208416,3.141593

6.293613,-0.179880,0.207386,3.141593

6.292271,-0.178174,0.213370,3.141593

6.291152,-0.176176,0.220064,3.141593

6.290450,-0.175412,0.222926,3.141593

6.289752,-0.174647,0.225806,3.141593

6.289076,-0.175462,0.223941,3.141593

6.288304,-0.174744,0.226705,3.141593

6.287298,-0.172850,0.233458,3.141593

6.286695,-0.172116,0.236431,3.141593

6.285636,-0.171844,0.238318,3.141593

6.285326,-0.170752,0.242138,3.141593

6.284640,-0.170119,0.244975,3.141593

6.283571,-0.168459,0.251585,3.141593

6.282893,-0.167839,0.254436,3.141593

6.281937,-0.167614,0.256463,3.141593

6.281478,-0.168089,0.255324,3.141593

6.280199,-0.165476,0.265993,3.141593

6.279545,-0.164942,0.268889,3.141593

6.278914,-0.165739,0.267025,3.141593

6.278174,-0.165242,0.269813,3.141593

6.277240,-0.163753,0.276654,3.141593

6.276960,-0.162855,0.280554,3.141593

6.276328,-0.162349,0.283519,3.141593

6.275444,-0.162201,0.285677,3.141593

6.274476,-0.160828,0.292599,3.141593

6.274125,-0.161243,0.291599,3.141593

6.273627,-0.160718,0.294771,3.141593

6.272782,-0.160590,0.296987,3.141593

6.272435,-0.159758,0.300861,3.141593

6.271281,-0.158802,0.307088,3.141593

6.270705,-0.158345,0.310168,3.141593

6.270372,-0.157547,0.314068,3.141593

6.269557,-0.157447,0.316315,3.141593

6.269117,-0.157872,0.315233,3.141593

6.268323,-0.156570,0.322433,3.141593

6.267762,-0.156123,0.325547,3.141593

6.266752,-0.155195,0.331991,3.141593

6.266324,-0.155606,0.330929,3.141593

6.265779,-0.155187,0.334084,3.141593

6.265028,-0.153962,0.341383,3.141593

6.264267,-0.153881,0.343740,3.141593

6.263638,-0.153505,0.346778,3.141593

6.262890,-0.152325,0.354025,3.141593

6.262338,-0.151914,0.357172,3.141593

6.261665,-0.151810,0.359613,3.141593

6.261337,-0.151082,0.363554,3.141593

6.260462,-0.149908,0.370698,3.141593

6.259911,-0.149477,0.373866,3.141593

6.259364,-0.149050,0.377027,3.141593

6.258393,-0.149267,0.378588,3.141593

6.257499,-0.148005,0.385747,3.141593

6.256943,-0.147556,0.388885,3.141593

6.256600,-0.146791,0.392825,3.141593

6.255836,-0.146623,0.395203,3.141593

6.254930,-0.145331,0.402386,3.141593

6.254381,-0.144855,0.405569,3.141593

6.253824,-0.144339,0.408795,3.141593

6.253066,-0.144131,0.411232,3.141593

6.252164,-0.142781,0.418510,3.141593

6.251873,-0.143133,0.417564,3.141593

6.251326,-0.142627,0.420772,3.141593

6.250573,-0.142400,0.423186,3.141593

6.249928,-0.141883,0.426316,3.141593

6.249110,-0.140479,0.433669,3.141593

6.248539,-0.139928,0.436864,3.141593

6.247501,-0.138810,0.443347,3.141593

6.246541,-0.137416,0.450479,3.141593

6.246248,-0.137745,0.449552,3.141593

6.245660,-0.137210,0.452674,3.141593

6.244892,-0.136887,0.455197,3.141593

6.244193,-0.136453,0.458013,3.141593

6.243278,-0.135082,0.465029,3.141593

6.242676,-0.134569,0.468047,3.141593

6.242087,-0.134157,0.470839,3.141593

6.241164,-0.133850,0.473165,3.141593

6.240218,-0.132561,0.479928,3.141593

6.239606,-0.132077,0.482846,3.141593

6.238795,-0.131889,0.484939,3.141593

6.238282,-0.131428,0.487856,3.141593

6.237384,-0.129921,0.495159,3.141593

6.236763,-0.129475,0.497950,3.141593

6.236140,-0.129021,0.500759,3.141593

6.235344,-0.128753,0.503005,3.141593

6.234331,-0.127677,0.509198,3.141593

6.233724,-0.127239,0.512006,3.141593

6.233125,-0.126801,0.514820,3.141593

6.232366,-0.126639,0.516850,3.141593

6.231337,-0.125445,0.523370,3.141593

6.230719,-0.124983,0.526240,3.141593

6.230465,-0.125205,0.525525,3.141593

6.229685,-0.125008,0.527628,3.141593

6.228954,-0.124416,0.530741,3.141593

6.227941,-0.123178,0.537285,3.141593

6.227299,-0.122644,0.540259,3.141593

6.226463,-0.122372,0.542441,3.141593

6.225644,-0.121651,0.545754,3.141593

6.224612,-0.120373,0.552373,3.141593

6.223908,-0.119788,0.555427,3.141593

6.223024,-0.119467,0.557652,3.141593

6.222298,-0.118847,0.560760,3.141593

6.221329,-0.117997,0.564303,3.141593

6.220481,-0.116853,0.570694,3.141593

6.219879,-0.115901,0.574779,3.141593

6.218940,-0.115484,0.577221,3.141593

6.217534,-0.113795,0.584678,3.141593

6.216723,-0.113056,0.588045,3.141593

6.215901,-0.112308,0.591432,3.141593

6.214913,-0.111774,0.594126,3.141593

6.214382,-0.111704,0.593946,3.141593

6.212808,-0.109876,0.601662,3.141593

6.211931,-0.109061,0.605196,3.141593

6.210887,-0.108414,0.608152,3.141593

6.209527,-0.107225,0.612377,3.141593

6.208333,-0.105690,0.619583,3.141593

6.207420,-0.104839,0.623212,3.141593

6.206349,-0.104098,0.626415,3.141593

6.204895,-0.102873,0.630744,3.141593

6.203667,-0.101347,0.637975,3.141593

6.202718,-0.100465,0.641735,3.141593

6.201663,-0.099639,0.645162,3.141593

6.199612,-0.097079,0.656604,3.141593

6.198674,-0.096166,0.660343,3.141593

6.197753,-0.095252,0.664115,3.141593

6.196769,-0.094408,0.667635,3.141593

6.195551,-0.093818,0.668557,3.141593

6.194418,-0.092266,0.675844,3.141593

6.193563,-0.091354,0.679710,3.141593

6.192639,-0.090596,0.683035,3.141593

6.191349,-0.089228,0.688096,3.141593

6.190337,-0.087734,0.695404,3.141593

6.189586,-0.086845,0.699362,3.141593

6.189556,-0.086225,0.703010,3.141593

6.188880,-0.085330,0.707051,3.141593

6.187443,-0.083601,0.714912,3.141593

6.186831,-0.082737,0.718966,3.141593

6.186522,-0.081831,0.723368,3.141593

6.185745,-0.081009,0.727090,3.141593

6.184793,-0.079336,0.735249,3.141593

6.184389,-0.078512,0.739329,3.141593

6.183643,-0.077729,0.742978,3.141593

6.183721,-0.076929,0.747460,3.141593

6.182701,-0.075403,0.755157,3.141593

6.182459,-0.074653,0.759156,3.141593

6.182292,-0.073929,0.763152,3.141593

6.182783,-0.073270,0.767547,3.141593

6.182040,-0.071849,0.775037,3.141593

6.182255,-0.071710,0.775834,3.141593

6.182874,-0.071298,0.779299,3.141593

6.183846,-0.070801,0.783510,3.141593

6.183063,-0.069799,0.788141,3.141593

6.183748,-0.068962,0.794583,3.141593

6.184091,-0.068439,0.798309,3.141593

6.185050,-0.068007,0.802335,3.141593

6.186121,-0.067726,0.805819,3.141593

6.186019,-0.066630,0.812821,3.141593

6.186066,-0.066031,0.816727,3.141593

6.188655,-0.066215,0.819886,3.141593

6.189415,-0.065909,0.823285,3.141593

6.188112,-0.064618,0.830055,3.141593

6.188896,-0.064336,0.833368,3.141593

6.189778,-0.064095,0.836622,3.141593

6.192293,-0.064299,0.839727,3.141593

6.192593,-0.063476,0.846164,3.141593

6.193652,-0.063324,0.849219,3.141593

6.194842,-0.063618,0.849265,3.141593

6.197743,-0.064004,0.852016,3.141593

6.198396,-0.063737,0.855206,3.141593

6.199532,-0.063270,0.860994,3.141593

6.201431,-0.063450,0.863567,3.141593

6.204764,-0.064036,0.866040,3.141593

6.206177,-0.064067,0.868811,3.141593

6.206916,-0.063465,0.874735,3.141593

6.207762,-0.063302,0.877689,3.141593

6.212104,-0.064255,0.879745,3.141593

6.211424,-0.063633,0.882890,3.141593

6.212324,-0.063099,0.888732,3.141593

6.213930,-0.063199,0.891408,3.141593

6.215629,-0.063722,0.891115,3.141593

6.219700,-0.064610,0.893200,3.141593

6.220748,-0.064544,0.895931,3.141593

6.223107,-0.064515,0.901315,3.141593

6.224850,-0.064687,0.903845,3.141593

6.229110,-0.065693,0.905825,3.141593

6.229572,-0.065462,0.908607,3.141593

6.232028,-0.065488,0.913933,3.141593

6.233822,-0.065704,0.916376,3.141593

6.238175,-0.066793,0.918244,3.141593

6.240029,-0.067045,0.920701,3.141593

6.241122,-0.066663,0.926136,3.141593

6.242954,-0.066923,0.928542,3.141593

6.247356,-0.068087,0.930349,3.141593

6.246619,-0.067484,0.933277,3.141593

6.247815,-0.067941,0.932744,3.141593

6.249457,-0.067468,0.940867,3.141593

6.251228,-0.067786,0.943099,3.141593

6.255552,-0.069016,0.944797,3.141593

6.256690,-0.069466,0.944244,3.141593

6.258317,-0.069419,0.949344,3.141593

6.260053,-0.069740,0.951652,3.141593

6.263463,-0.070695,0.953630,3.141593

6.265102,-0.071057,0.955634,3.141593

6.266618,-0.071055,0.960687,3.141593

6.266506,-0.070768,0.963336,3.141593

6.268062,-0.071109,0.965555,3.141593

6.271882,-0.072284,0.967438,3.141593

6.272532,-0.072102,0.972312,3.141593

6.273939,-0.072427,0.974572,3.141593

6.275311,-0.072740,0.976863,3.141593

6.278750,-0.073814,0.978977,3.141593

6.279145,-0.073647,0.983770,3.141593

6.280327,-0.073928,0.986099,3.141593

6.281469,-0.074198,0.988433,3.141593

6.284382,-0.075158,0.990652,3.141593

6.284528,-0.074986,0.995405,3.141593

6.285573,-0.075391,0.995206,3.141593

6.286471,-0.075607,0.997611,3.141593

6.288815,-0.076393,1.000061,3.141593

6.288821,-0.076343,1.002238,3.141593

6.289370,-0.076389,1.007170,3.141593

6.289942,-0.076572,1.009567,3.141593

6.291753,-0.077190,1.012302,3.141593

6.291516,-0.077095,1.014494,3.141593

6.291763,-0.077166,1.019383,3.141593

6.292757,-0.077520,1.022158,3.141593

6.294022,-0.077962,1.025151,3.141593

6.293260,-0.077723,1.027189,3.141593

6.292694,-0.077608,1.031673,3.141593

6.292802,-0.077698,1.034134,3.141593

6.292869,-0.077769,1.036639,3.141593

6.293599,-0.078039,1.039856,3.141593

6.293353,-0.078121,1.044847,3.141593

6.292666,-0.078005,1.046599,3.141593

6.293248,-0.078195,1.050814,3.141593

6.292580,-0.078128,1.052413,3.141593

6.291839,-0.078079,1.057717,3.141593

6.291386,-0.078029,1.060330,3.141593

6.290771,-0.078013,1.061902,3.141593

6.290299,-0.077918,1.065687,3.141593

6.289012,-0.077412,1.066031,3.141593

6.288373,-0.077509,1.070878,3.141593

6.287720,-0.077655,1.075672,3.141593

6.286596,-0.077123,1.077902,3.141593

6.285094,-0.076753,1.080500,3.141593

6.284848,-0.077074,1.085847,3.141593

6.283856,-0.076916,1.088884,3.141593

6.282220,-0.076466,1.093519,3.141593

6.281039,-0.076247,1.096720,3.141593

6.280088,-0.076506,1.099843,3.141593

6.278754,-0.075979,1.101106,3.141593

6.277494,-0.075775,1.104358,3.141593

6.275236,-0.075172,1.109430,3.141593

6.273220,-0.074743,1.112429,3.141593

6.271874,-0.074872,1.117716,3.141593

6.270341,-0.074622,1.121169,3.141593

6.267488,-0.073896,1.126632,3.141593

6.265231,-0.073451,1.129829,3.141593

6.263651,-0.073602,1.135275,3.141593

6.261847,-0.073330,1.138943,3.141593

6.258391,-0.072541,1.144654,3.141593

6.255891,-0.072086,1.148030,3.141593

6.254056,-0.072247,1.153587,3.141593

6.252469,-0.072158,1.157517,3.141593

6.252184,-0.072463,1.158982,3.141593

6.248099,-0.071602,1.164892,3.141593

6.245557,-0.071634,1.170047,3.141593

6.243224,-0.071348,1.173647,3.141593

6.240614,-0.070567,1.175465,3.141593

6.235877,-0.069613,1.180937,3.141593

6.232822,-0.069127,1.184010,3.141593

6.230399,-0.069309,1.188831,3.141593

6.227914,-0.069471,1.193657,3.141593

6.222236,-0.067877,1.196127,3.141593

6.219728,-0.067615,1.198842,3.141593

6.216524,-0.067541,1.202559,3.141593

6.213460,-0.067092,1.204634,3.141593

6.207258,-0.065764,1.206548,3.141593

6.207094,-0.066120,1.207906,3.141593

6.200459,-0.065070,1.210627,3.141593

6.197019,-0.064522,1.211545,3.141593

6.189717,-0.062917,1.211676,3.141593

6.186450,-0.062446,1.212646,3.141593

6.182971,-0.062312,1.214957,3.141593

6.182474,-0.062569,1.216019,3.141593

6.178678,-0.061961,1.216550,3.141593

6.171014,-0.060389,1.216474,3.141593

6.166881,-0.060139,1.218419,3.141593

6.162607,-0.059090,1.217560,3.141593

6.158459,-0.058491,1.218225,3.141593

6.150112,-0.056972,1.218755,3.141593

6.145482,-0.056323,1.219586,3.141593

6.141249,-0.056185,1.222026,3.141593

6.136805,-0.055642,1.223319,3.141593

6.127879,-0.054272,1.225225,3.141593

6.123016,-0.053742,1.226770,3.141593

6.118554,-0.053694,1.229949,3.141593

6.113898,-0.053266,1.232078,3.141593

6.104559,-0.052173,1.235649,3.141593

6.099557,-0.051794,1.238120,3.141593

6.094932,-0.051873,1.242144,3.141593

6.090128,-0.051621,1.245064,3.141593

6.080800,-0.050934,1.250614,3.141593

6.075960,-0.050793,1.254104,3.141593

6.075772,-0.051441,1.256076,3.141593

6.070935,-0.051340,1.259698,3.141593

6.066101,-0.051281,1.263498,3.141593

6.056420,-0.050643,1.269531,3.141593

6.051455,-0.050702,1.273736,3.141593

6.046967,-0.051245,1.279302,3.141593

6.042213,-0.051445,1.283889,3.141593

6.032858,-0.051691,1.292535,3.141593

6.032785,-0.051994,1.293521,3.141593

6.028078,-0.052642,1.299433,3.141593

6.023489,-0.053046,1.304547,3.141593

6.018938,-0.053503,1.309794,3.141593

6.010090,-0.054307,1.319648,3.141593

6.005662,-0.055185,1.326208,3.141593

6.001284,-0.055584,1.330823,3.141593

5.997163,-0.056338,1.336700,3.141593

5.989020,-0.057722,1.347496,3.141593

5.985003,-0.058614,1.353490,3.141593

5.980997,-0.059782,1.360553,3.141593

5.977182,-0.060776,1.366679,3.141593

5.969814,-0.062733,1.378195,3.141593

5.966212,-0.063896,1.384527,3.141593

5.962718,-0.065300,1.391849,3.141593

5.959336,-0.066563,1.398261,3.141593

5.952855,-0.069072,1.410275,3.141593

5.952754,-0.069056,1.410211,3.141593

5.949602,-0.070462,1.416696,3.141593

5.946665,-0.072124,1.424234,3.141593

5.943840,-0.073663,1.430883,3.141593

5.938384,-0.076691,1.443179,3.141593

5.935807,-0.078376,1.449829,3.141593

5.933225,-0.080256,1.457410,3.141593

5.930812,-0.082023,1.464102,3.141593

5.928668,-0.085179,1.475350,3.141593

5.928657,-0.085354,1.476335,3.141593

5.924380,-0.087775,1.485157,3.141593

5.920440,-0.091505,1.497482,3.141593

5.920448,-0.091679,1.498488,3.141593

5.916982,-0.095532,1.510668,3.141593

5.915229,-0.097395,1.516137,3.141593

5.913760,-0.099658,1.523733,3.141593

5.912365,-0.101760,1.530171,3.141593

5.909747,-0.105849,1.541909,3.141593

5.908503,-0.107997,1.548186,3.141593

5.907535,-0.110333,1.555443,3.141593

5.906548,-0.112495,1.561582,3.141593

5.904693,-0.116662,1.572637,3.141593

5.904776,-0.116849,1.573719,3.141593

5.903899,-0.118798,1.578488,3.141593

5.903340,-0.121173,1.585393,3.141593

5.902720,-0.123338,1.591146,3.141593

5.901750,-0.127641,1.602358,3.141593

5.901180,-0.129533,1.606666,3.141593

5.900959,-0.131870,1.613128,3.141593

5.900795,-0.134207,1.619520,3.141593

5.900144,-0.137841,1.627439,3.141593

5.899972,-0.139856,1.632354,3.141593

5.900012,-0.142087,1.638322,3.141593

5.899997,-0.144038,1.643035,3.141593

5.899283,-0.146297,1.648291,3.141593

5.899420,-0.146538,1.649439,3.141593

5.900264,-0.149988,1.657830,3.141593

5.900386,-0.151795,1.662109,3.141593

5.900523,-0.153567,1.666297,3.141593

5.900697,-0.156774,1.673270,3.141593

5.901031,-0.158714,1.678370,3.141593

5.901249,-0.160325,1.682128,3.141593

5.901482,-0.161901,1.685776,3.141593

5.901815,-0.164684,1.691630,3.141593

5.902257,-0.166370,1.695758,3.141593

5.902343,-0.167487,1.697833,3.141593

5.902634,-0.168825,1.700765,3.141593

5.903026,-0.171055,1.705311,3.141593

5.903267,-0.172209,1.707799,3.141593

5.903666,-0.173494,1.710966,3.141593

5.903885,-0.174494,1.713229,3.141593

5.904183,-0.176144,1.716610,3.141593

5.904333,-0.176948,1.718517,3.141593

5.904458,-0.177680,1.720349,3.141593

5.904542,-0.178238,1.722572,3.141593

5.904611,-0.179241,1.725046,3.141593

5.904578,-0.179593,1.726462,3.141593

5.904305,-0.179451,1.728089,3.141593

5.904073,-0.179041,1.728464,3.141593

5.903835,-0.178947,1.729504,3.141593

5.903561,-0.179387,1.731581,3.141593

5.902776,-0.177822,1.731956,3.141593

5.902307,-0.177163,1.732555,3.141593

5.901788,-0.176376,1.733068,3.141593

5.901153,-0.175551,1.733740,3.141593

5.899851,-0.172920,1.733834,3.141593

5.899025,-0.171587,1.734068,3.141593

5.898132,-0.170028,1.734061,3.141593

5.897330,-0.168146,1.733780,3.141593

5.897214,-0.168164,1.733802,3.141593

5.895418,-0.164008,1.733024,3.141593

5.894517,-0.161761,1.732579,3.141593

5.893421,-0.159231,1.731964,3.141593

5.892176,-0.156427,1.731010,3.141593

5.889941,-0.150668,1.729314,3.141593

5.888661,-0.147368,1.728150,3.141593

5.888499,-0.147184,1.727809,3.141593

5.887024,-0.143461,1.726002,3.141593

5.885668,-0.139806,1.724487,3.141593

5.883047,-0.132196,1.721565,3.141593

5.881577,-0.127965,1.719628,3.141593

5.880278,-0.123939,1.718207,3.141593

5.878419,-0.119682,1.716428,3.141593

5.875603,-0.109707,1.711065,3.141593

5.875365,-0.109281,1.710235,3.141593

5.872356,-0.099492,1.705590,3.141593

5.870442,-0.093527,1.701510,3.141593

5.867268,-0.082784,1.695966,3.141593

5.865523,-0.077000,1.692484,3.141593

5.863744,-0.071000,1.688794,3.141593

5.861484,-0.065071,1.685257,3.141593

5.858286,-0.052445,1.676914,3.141593

5.856400,-0.046016,1.672648,3.141593

5.854495,-0.039506,1.668246,3.141593

5.852231,-0.032200,1.662088,3.141593

5.848590,-0.019589,1.654343,3.141593

5.848197,-0.018841,1.652601,3.141593

5.846143,-0.012003,1.647625,3.141593

5.844430,-0.005902,1.644415,3.141593

5.841894,0.001783,1.637373,3.141593

5.837938,0.014967,1.628684,3.141593

5.835684,0.022033,1.623197,3.141593

5.833374,0.029119,1.617624,3.141593

5.830482,0.037037,1.609768,3.141593

5.826168,0.050518,1.600384,3.141593

5.823654,0.057658,1.594512,3.141593

5.821084,0.064769,1.588610,3.141593

5.817830,0.072677,1.580312,3.141593

5.817132,0.073438,1.577966,3.141593

5.812376,0.086834,1.568312,3.141593

5.809564,0.093863,1.562296,3.141593

5.805938,0.101558,1.553986,3.141593

5.802984,0.108515,1.548007,3.141593

5.797759,0.121712,1.538329,3.141593

5.794683,0.128566,1.532436,3.141593

5.790708,0.135888,1.524442,3.141593

5.787494,0.142614,1.518629,3.141593

5.781856,0.155483,1.509197,3.141593

5.778541,0.162077,1.503551,3.141593

5.776019,0.168250,1.499793,3.141593

5.771752,0.175112,1.492349,3.141593

5.765718,0.187650,1.483130,3.141593

5.762203,0.193999,1.477726,3.141593

5.758645,0.200298,1.472358,3.141593

5.754232,0.206740,1.465614,3.141593

5.747822,0.218858,1.456730,3.141593

5.747031,0.218972,1.455582,3.141593

5.743374,0.225026,1.450623,3.141593

5.739009,0.231080,1.444912,3.141593

5.735361,0.236989,1.440302,3.141593

5.728639,0.248712,1.431824,3.141593

5.724886,0.254533,1.427273,3.141593

5.721734,0.260307,1.423366,3.141593

5.717437,0.265962,1.418764,3.141593

5.710419,0.277366,1.410596,3.141593

5.706619,0.282956,1.406480,3.141593

5.702859,0.288507,1.402560,3.141593

5.698748,0.293937,1.398818,3.141593

5.691550,0.305027,1.391058,3.141593

5.687821,0.310466,1.387487,3.141593

5.684085,0.315894,1.383945,3.141593

5.680262,0.321204,1.381008,3.141593

5.672995,0.332042,1.373815,3.141593

5.673023,0.331935,1.374592,3.141593

5.669402,0.337291,1.371425,3.141593

5.663759,0.342067,1.368478,3.141593

5.659943,0.347452,1.364503,3.141593

5.654884,0.358677,1.358487,3.141593

5.651323,0.363992,1.355603,3.141593

5.647791,0.369278,1.352779,3.141593

5.644985,0.374599,1.351363,3.141593

5.645623,0.374622,1.352613,3.141593

5.638214,0.385248,1.346061,3.141593

5.634841,0.390586,1.343412,3.141593

5.630669,0.395778,1.339578,3.141593

5.628381,0.401230,1.338465,3.141593

5.620903,0.411736,1.332200,3.141593

5.617689,0.417024,1.329817,3.141593

5.614580,0.422348,1.327510,3.141593

5.612822,0.427977,1.326549,3.141593

5.614164,0.428272,1.327851,3.141593

5.606842,0.438711,1.321979,3.141593

5.603918,0.444085,1.319752,3.141593

5.602659,0.449908,1.318797,3.141593

5.599845,0.455353,1.316579,3.141593

5.592455,0.465716,1.310976,3.141593

5.589609,0.471145,1.308809,3.141593

5.588737,0.477177,1.307840,3.141593

5.585998,0.482642,1.305694,3.141593

5.578449,0.492963,1.300262,3.141593

5.573571,0.497771,1.296983,3.141593

5.570742,0.503206,1.294887,3.141593

5.570136,0.509399,1.293922,3.141593

5.562387,0.519647,1.288685,3.141593

5.559582,0.525108,1.286623,3.141593

5.556808,0.530595,1.284595,3.141593

5.561435,0.532240,1.286513,3.141593

5.558682,0.537776,1.284403,3.141593

5.550794,0.547979,1.279384,3.141593

5.548001,0.553504,1.277335,3.141593

5.550622,0.561310,1.274359,3.141593

5.542341,0.564579,1.273209,3.141593

5.534171,0.574691,1.268349,3.141593

5.536631,0.575654,1.269151,3.141593

5.533763,0.581189,1.267174,3.141593

5.533445,0.587759,1.265943,3.141593

5.527947,0.592293,1.263278,3.141593

5.519579,0.602314,1.259048,3.141593

5.516606,0.607851,1.257419,3.141593

5.519156,0.608910,1.258087,3.141593

5.518826,0.615581,1.257171,3.141593

5.515877,0.621141,1.255732,3.141593

5.508642,0.631870,1.251588,3.141593

5.501525,0.635637,1.250772,3.141593

5.498487,0.641204,1.249869,3.141593

5.499501,0.648658,1.248811,3.141593

5.489278,0.658078,1.248060,3.141593

5.491953,0.659268,1.248624,3.141593

5.488873,0.664903,1.248410,3.141593

5.488536,0.671803,1.248880,3.141593

5.485394,0.677496,1.248877,3.141593

5.476316,0.687664,1.248837,3.141593

5.470340,0.692100,1.248693,3.141593

5.473972,0.701059,1.249469,3.141593

5.467897,0.705529,1.249476,3.141593

5.457291,0.715057,1.251431,3.141593

5.453940,0.720816,1.252281,3.141593

5.450551,0.726591,1.253143,3.141593

5.449943,0.733668,1.254870,3.141593

5.440341,0.743904,1.256369,3.141593

5.436836,0.749693,1.257399,3.141593

5.433296,0.755497,1.258390,3.141593

5.432545,0.762640,1.260189,3.141593

5.422653,0.772895,1.261540,3.141593

5.419010,0.778711,1.262471,3.141593

5.415400,0.784492,1.263400,3.141593

5.414533,0.791692,1.265047,3.141593

5.404389,0.801925,1.265854,3.141593

5.407127,0.803327,1.266590,3.141593

5.403440,0.809095,1.267309,3.141593

5.402526,0.816318,1.268711,3.141593

5.398766,0.822117,1.269251,3.141593

5.388401,0.832233,1.269366,3.141593

5.384564,0.837988,1.269681,3.141593

5.383492,0.845232,1.270731,3.141593

5.379546,0.850995,1.270904,3.141593

5.368976,0.860971,1.270151,3.141593

5.364993,0.866693,1.270085,3.141593

5.363708,0.873911,1.270807,3.141593

5.356955,0.878075,1.269717,3.141593

5.346147,0.887912,1.268235,3.141593

5.342020,0.893574,1.267823,3.141593

5.344679,0.895068,1.268669,3.141593

5.343222,0.902167,1.269030,3.141593

5.339048,0.907779,1.268484,3.141593

5.327953,0.917510,1.266404,3.141593

5.323686,0.923038,1.265678,3.141593

5.322020,0.930094,1.265808,3.141593

5.317688,0.935642,1.265007,3.141593

5.306341,0.945226,1.262440,3.141593

5.301960,0.950701,1.261514,3.141593

5.294966,0.954630,1.259654,3.141593

5.293103,0.961662,1.259569,3.141593

5.281676,0.971031,1.256629,3.141593

5.277195,0.976439,1.255549,3.141593

5.272689,0.981852,1.254454,3.141593

5.270713,0.988859,1.254202,3.141593

5.259197,0.998015,1.251013,3.141593

5.254647,1.003371,1.249826,3.141593

5.257139,1.004952,1.250652,3.141593

5.255113,1.011935,1.250287,3.141593

5.250564,1.017253,1.249033,3.141593

5.238894,1.026281,1.245702,3.141593

5.234273,1.031591,1.244430,3.141593

5.232190,1.038486,1.243954,3.141593

5.227562,1.043745,1.242665,3.141593

5.215776,1.052626,1.239302,3.141593

5.211112,1.057790,1.238010,3.141593

5.203984,1.061302,1.235919,3.141593

5.201721,1.068120,1.235444,3.141593

5.189942,1.076762,1.232111,3.141593

5.185207,1.081841,1.230826,3.141593

5.187549,1.083463,1.231588,3.141593

5.185213,1.090224,1.231084,3.141593

5.180387,1.095283,1.229825,3.141593

5.166240,1.102023,1.225793,3.141593

5.161458,1.107014,1.224573,3.141593

5.156667,1.112010,1.223350,3.141593

5.154196,1.118689,1.222905,3.141593

5.142395,1.126906,1.219810,3.141593

5.144618,1.128529,1.220564,3.141593

5.139810,1.133451,1.219403,3.141593

5.133653,1.137434,1.219353,3.141593

5.132431,1.144853,1.217936,3.141593

5.120632,1.152916,1.215026,3.141593

5.115810,1.157761,1.213956,3.141593

5.108857,1.160894,1.212134,3.141593

5.106215,1.167313,1.211919,3.141593

5.094462,1.175243,1.209149,3.141593

5.089731,1.179995,1.208159,3.141593

5.084937,1.184712,1.207210,3.141593

5.082251,1.191096,1.207076,3.141593

5.070646,1.198898,1.204451,3.141593

5.065867,1.203564,1.203586,3.141593

5.067893,1.205176,1.204366,3.141593

5.054924,1.211877,1.203062,3.141593

5.060371,1.216189,1.203496,3.141593

5.048869,1.223858,1.201041,3.141593

5.044108,1.228505,1.200224,3.141593

5.037301,1.231489,1.198553,3.141593

5.034614,1.237783,1.198653,3.141593

5.023174,1.245409,1.196273,3.141593

5.018421,1.250042,1.195494,3.141593

5.013748,1.254671,1.194737,3.141593

5.012415,1.262049,1.193607,3.141593

4.999605,1.268557,1.192592,3.141593

4.994855,1.273192,1.191866,3.141593

4.990181,1.277829,1.191108,3.141593

4.987422,1.284137,1.191334,3.141593

4.989370,1.285806,1.192206,3.141593

4.977963,1.293421,1.189880,3.141593

4.973251,1.298050,1.189193,3.141593

4.970504,1.304407,1.189409,3.141593

4.965779,1.309068,1.188693,3.141593

4.954395,1.316682,1.186363,3.141593

4.947746,1.319618,1.184666,3.141593

4.943014,1.324277,1.183941,3.141593

4.940215,1.330690,1.184159,3.141593

4.928969,1.338334,1.181755,3.141593

4.924271,1.343017,1.181009,3.141593

4.919563,1.347712,1.180257,3.141593

4.923394,1.351188,1.182164,3.141593

4.918739,1.355882,1.181427,3.141593

4.907490,1.363565,1.178978,3.141593

4.902801,1.368288,1.178208,3.141593

4.900039,1.374732,1.178479,3.141593

4.893460,1.377681,1.176700,3.141593

4.884123,1.387169,1.175214,3.141593

4.877617,1.390143,1.173398,3.141593

4.872931,1.394852,1.172648,3.141593

4.870097,1.401333,1.172942,3.141593

4.858941,1.409128,1.170339,3.141593

4.854233,1.413862,1.169558,3.141593

4.856022,1.415571,1.170619,3.141593

4.853183,1.422110,1.170896,3.141593

4.848488,1.426908,1.170089,3.141593

4.837233,1.434734,1.167407,3.141593

4.832518,1.439528,1.166573,3.141593

4.829642,1.446119,1.166815,3.141593

4.824863,1.450906,1.165982,3.141593

4.813645,1.458865,1.163118,3.141593

4.808914,1.463728,1.162210,3.141593

4.802392,1.466846,1.160147,3.141593

4.801044,1.474835,1.158571,3.141593

4.788261,1.481599,1.157397,3.141593

4.783528,1.486538,1.156477,3.141593

4.778863,1.491529,1.155552,3.141593

4.775881,1.498233,1.155814,3.141593

4.777612,1.499953,1.156905,3.141593

4.772936,1.504982,1.156006,3.141593

4.761864,1.513346,1.153171,3.141593

4.758982,1.520201,1.153499,3.141593

4.754369,1.525337,1.152675,3.141593

4.743487,1.533955,1.150057,3.141593

4.738958,1.539188,1.149374,3.141593

4.736188,1.546223,1.149931,3.141593

4.731682,1.551511,1.149365,3.141593

4.719530,1.558823,1.145936,3.141593

4.715181,1.564265,1.145542,3.141593

4.710860,1.569746,1.145186,3.141593

4.708328,1.577075,1.146244,3.141593

4.709990,1.578794,1.147513,3.141593

4.699951,1.588307,1.145912,3.141593

4.809249,1.691509,1.237855,3.141593

4.805793,1.697805,1.238787,3.141593

4.801356,1.703389,1.239062,3.141593

4.791578,1.713957,1.239002,3.141593

4.786170,1.718887,1.238568,3.141593

4.783864,1.725956,1.240555,3.141593

4.779537,1.731616,1.240997,3.141593

4.769987,1.742318,1.241118,3.141593

4.765738,1.748007,1.241623,3.141593

4.762507,1.754423,1.243022,3.141593

4.757280,1.759419,1.242646,3.141593

4.748019,1.770217,1.242814,3.141593

4.743858,1.775938,1.243368,3.141593

4.739718,1.781672,1.243918,3.141593

4.734281,1.786612,1.245648,3.141593

4.737401,1.788746,1.246471,3.141593

4.728318,1.799585,1.246721,3.141593

4.724227,1.805334,1.247345,3.141593

4.721034,1.811760,1.249104,3.141593

4.716964,1.817499,1.249780,3.141593

4.708051,1.828375,1.249950,3.141593

4.704014,1.834135,1.250597,3.141593

4.700827,1.840534,1.252514,3.141593

4.696812,1.846283,1.253186,3.141593

4.688064,1.857197,1.253235,3.141593

4.684088,1.862933,1.253889,3.141593

4.680877,1.869313,1.255905,3.141593

4.676895,1.875057,1.256559,3.141593

4.668293,1.885985,1.256431,3.141593

4.663669,1.891111,1.255567,3.141593

4.658645,1.896528,1.258940,3.141593

4.657033,1.903782,1.259784,3.141593

4.648538,1.914681,1.259473,3.141593

4.644571,1.920391,1.260048,3.141593

4.641147,1.926671,1.262210,3.141593

4.637139,1.932376,1.262798,3.141593

4.628770,1.943241,1.262217,3.141593

4.624795,1.948930,1.262705,3.141593

4.620404,1.954094,1.261439,3.141593

4.616834,1.960280,1.263618,3.141593

4.608599,1.971155,1.262700,3.141593

4.604617,1.976824,1.263075,3.141593

4.600665,1.982470,1.263384,3.141593

5.378436,0.178943,1.415863,3.141593

5.372507,0.184148,1.424885,3.141593

5.360632,0.194661,1.442557,3.141593

5.344512,0.196840,1.425870,3.141593

5.344506,0.196838,1.425987,3.141593

5.338544,0.202047,1.434328,3.141593

5.326560,0.212571,1.449940,3.141593

5.322731,0.218191,1.434096,3.141593

5.316741,0.223441,1.440923,3.141593

5.310764,0.228740,1.447444,3.141593

5.292711,0.237572,1.445744,3.141593

5.286704,0.242819,1.452117,3.141593

5.280720,0.248077,1.458660,3.141593

5.274749,0.253339,1.465468,3.141593

5.266825,0.264287,1.455536,3.141593

5.266810,0.264284,1.455590,3.141593

5.261094,0.269349,1.462581,3.141593

5.245183,0.271779,1.450149,3.141593

5.239580,0.276616,1.457161,3.141593

5.228548,0.286139,1.471753,3.141593

5.223103,0.290809,1.479346,3.141593

5.224408,0.296669,1.465905,3.141593

5.219157,0.301003,1.473660,3.141593

5.209027,0.309471,1.489343,3.141593

5.204124,0.313467,1.497494,3.141593

5.200694,0.317251,1.476991,3.141593

5.195953,0.320889,1.485025,3.141593

5.186862,0.327719,1.501051,3.141593

5.186405,0.327448,1.477858,3.141593

5.182044,0.330494,1.485756,3.141593

5.173498,0.336249,1.501463,3.141593

5.173466,0.336242,1.501516,3.141593

5.161970,0.343071,1.496017,3.141593

5.161937,0.343064,1.496070,3.141593

5.158085,0.345060,1.503556,3.141593

5.142039,0.343949,1.494790,3.141593

5.134973,0.346722,1.508949,3.141593

5.131373,0.347898,1.516035,3.141593

5.127942,0.348683,1.522965,3.141593

5.092268,0.343093,1.509423,3.141593

5.085655,0.343945,1.522570,3.141593

5.082431,0.344196,1.528970,3.141593

5.079389,0.343888,1.511538,3.141593

5.076267,0.343529,1.517781,3.141593

5.070291,0.342509,1.529929,3.141593

5.072633,0.342338,1.518169,3.141593

5.069805,0.341227,1.523978,3.141593

5.069692,0.341208,1.524067,3.141593

5.066962,0.340009,1.529807,3.141593

5.065505,0.337620,1.524431,3.141593

5.062936,0.335821,1.529912,3.141593

5.060488,0.333951,1.535273,3.141593

5.057986,0.331983,1.540699,3.141593

5.048795,0.326543,1.539331,3.141593

5.046580,0.324092,1.544455,3.141593

5.044449,0.321575,1.549502,3.141593

5.042308,0.318773,1.554483,3.141593

5.049261,0.319718,1.535969,3.141593

5.045302,0.313797,1.545860,3.141593

5.043429,0.310751,1.550736,3.141593

5.044265,0.307795,1.544779,3.141593

5.042445,0.304393,1.549602,3.141593

5.042398,0.304386,1.549646,3.141593

5.039148,0.297461,1.559008,3.141593

5.049499,0.295527,1.546558,3.141593

5.047818,0.291695,1.551378,3.141593

5.046261,0.287830,1.556098,3.141593

5.043317,0.279836,1.565386,3.141593

5.038496,0.275072,1.556294,3.141593

5.037146,0.270860,1.560903,3.141593

5.035803,0.266605,1.565479,3.141593

5.035752,0.266597,1.565515,3.141593

5.034919,0.258024,1.557997,3.141593

5.033691,0.253495,1.562569,3.141593

5.032443,0.248921,1.567101,3.141593

5.029501,0.244032,1.561769,3.141593

5.027238,0.234458,1.570747,3.141593

5.026133,0.229616,1.575151,3.141593

5.025003,0.224733,1.579509,3.141593

5.021357,0.219293,1.571231,3.141593

5.019115,0.209125,1.579918,3.141593

5.017998,0.203986,1.584170,3.141593

5.024060,0.199620,1.572901,3.141593

5.022686,0.194249,1.577295,3.141593

5.020156,0.183435,1.585847,3.141593

5.018727,0.177913,1.590051,3.141593

5.010393,0.176761,1.577783,3.141593

5.008955,0.171177,1.582029,3.141593

5.007585,0.165569,1.586206,3.141593

4.997609,0.153300,1.582568,3.141593

4.996137,0.147515,1.586716,3.141593

4.994647,0.141697,1.590780,3.141593

4.993106,0.135842,1.594818,3.141593

4.984331,0.123248,1.588543,3.141593

4.982794,0.117220,1.592624,3.141593

4.981174,0.111156,1.596629,3.141593

4.979365,0.105024,1.600654,3.141593

4.976685,0.104730,1.592089,3.141593

4.973239,0.092358,1.600094,3.141593

4.971461,0.086126,1.603995,3.141593

4.960211,0.078986,1.596776,3.141593

4.958382,0.072702,1.600663,3.141593

4.954779,0.060064,1.608310,3.141593

4.953012,0.053712,1.612086,3.141593

4.943921,0.046729,1.605271,3.141593

4.941894,0.040303,1.608960,3.141593

4.938095,0.027402,1.616312,3.141593

4.937998,0.027395,1.616266,3.141593

4.937906,0.020988,1.607155,3.141593

4.935928,0.014480,1.610854,3.141593

4.933743,0.007939,1.614418,3.141593

4.929600,-0.005136,1.621552,3.141593

4.916651,-0.012360,1.615195,3.141593

4.914559,-0.018932,1.618680,3.141593

4.912422,-0.025523,1.622127,3.141593

4.910930,-0.025621,1.614828,3.141593

4.904756,-0.045385,1.625185,3.141593

4.902625,-0.052005,1.628524,3.141593

4.902377,-0.052018,1.628357,3.141593

4.899307,-0.058717,1.620176,3.141593

4.895279,-0.071985,1.626905,3.141593

4.893147,-0.078641,1.630123,3.141593

4.891011,-0.085281,1.633301,3.141593

4.885469,-0.092105,1.627615,3.141593

4.881402,-0.105458,1.633999,3.141593

4.879307,-0.112143,1.637074,3.141593

4.876566,-0.112257,1.628492,3.141593

4.874342,-0.118969,1.631472,3.141593

4.872272,-0.125685,1.634526,3.141593

4.868315,-0.139133,1.640642,3.141593

4.478599,1.784361,1.638584,3.141593

4.471234,1.775144,1.635982,3.141593

4.470078,1.768368,1.636697,3.141593

4.473962,1.757275,1.641400,3.141593

4.479067,1.752922,1.645574,3.141593

4.477691,1.746038,1.646183,3.141593

4.469757,1.736573,1.643139,3.141593

4.473223,1.725133,1.647952,3.141593

4.471556,1.718054,1.648547,3.141593

4.464840,1.715423,1.644808,3.141593

4.462725,1.708146,1.645311,3.141593

4.464061,1.689566,1.650707,3.141593

4.457202,1.686834,1.646758,3.141593

4.455061,1.679661,1.647211,3.141593

4.445868,1.669644,1.643446,3.141593

4.443446,1.662468,1.643760,3.141593

4.445265,1.651131,1.648352,3.141593

4.442461,1.644087,1.648504,3.141593

4.432634,1.634122,1.644257,3.141593

4.429631,1.627162,1.644220,3.141593

4.430157,1.616548,1.648188,3.141593

4.426711,1.609863,1.647904,3.141593

4.416242,1.600143,1.643053,3.141593

4.412566,1.593583,1.642552,3.141593

4.411692,1.584209,1.645674,3.141593

4.407606,1.578075,1.644886,3.141593

4.396613,1.568793,1.639478,3.141593

4.399142,1.566110,1.643002,3.141593

4.392271,1.562799,1.638573,3.141593

4.390036,1.554918,1.640656,3.141593

4.385359,1.549484,1.639332,3.141593

4.373978,1.540791,1.633444,3.141593

4.369047,1.535769,1.631915,3.141593

4.365565,1.529539,1.632969,3.141593

4.360393,1.524875,1.631189,3.141593

4.348648,1.517097,1.624904,3.141593

4.349583,1.516367,1.627316,3.141593

4.344960,1.511831,1.627460,3.141593

4.338578,1.508295,1.623168,3.141593

4.339075,1.508186,1.625285,3.141593

4.333260,1.504694,1.622982,3.141593

4.321325,1.497770,1.616365,3.141593

4.315586,1.495132,1.615642,3.141593

4.309538,1.492310,1.613102,3.141593

4.303468,1.489585,1.610530,3.141593

4.291668,1.483390,1.603886,3.141593

4.285045,1.482519,1.602460,3.141593

4.279364,1.478890,1.598590,3.141593

4.272583,1.478402,1.597037,3.141593

4.260924,1.473152,1.590440,3.141593

4.255538,1.469503,1.586768,3.141593

4.248373,1.470015,1.584950,3.141593

4.242126,1.468582,1.582198,3.141593

4.230846,1.463902,1.575877,3.141593

4.229446,1.466389,1.576621,3.141593

4.221751,1.468112,1.574471,3.141593

4.215392,1.467286,1.571682,3.141593

4.208952,1.466720,1.568848,3.141593

4.197960,1.462745,1.562777,3.141593

4.189900,1.465549,1.560437,3.141593

4.185329,1.462013,1.557363,3.141593

4.178957,1.461928,1.554627,3.141593

4.168407,1.458516,1.548962,3.141593

4.162144,1.458586,1.546350,3.141593

4.153746,1.462519,1.543931,3.141593

4.147405,1.462927,1.541318,3.141593

4.137218,1.460094,1.536012,3.141593

4.130980,1.460641,1.533499,3.141593

4.122232,1.465544,1.531048,3.141593

4.115920,1.466397,1.528570,3.141593

4.113262,1.470526,1.528645,3.141593

4.105910,1.464007,1.523710,3.141593

4.099616,1.465111,1.521331,3.141593

4.090635,1.470715,1.518946,3.141593

4.084351,1.471960,1.516604,3.141593

4.074757,1.470292,1.512065,3.141593

4.068511,1.471772,1.509840,3.141593

4.059341,1.477985,1.507524,3.141593

4.053048,1.479659,1.505340,3.141593

4.049848,1.484359,1.505261,3.141593

4.043544,1.486104,1.503095,3.141593

4.031098,1.489909,1.498797,3.141593

4.028013,1.486892,1.496914,3.141593

4.021764,1.488860,1.494874,3.141593

4.012755,1.488054,1.491033,3.141593

4.006583,1.490133,1.489085,3.141593

3.993635,1.502445,1.486737,3.141593

3.990828,1.499575,1.485057,3.141593

3.982071,1.499157,1.481516,3.141593

3.975932,1.501503,1.479705,3.141593

3.966196,1.509149,1.477696,3.141593

3.960005,1.511624,1.475952,3.141593

3.951447,1.511548,1.472703,3.141593

3.945312,1.514187,1.471055,3.141593

3.935414,1.522124,1.469172,3.141593

3.929235,1.524799,1.467554,3.141593

3.920849,1.525114,1.464587,3.141593

3.916829,1.530341,1.464392,3.141593

3.906741,1.538540,1.462580,3.141593

3.900480,1.541427,1.461050,3.141593

3.894238,1.544352,1.459552,3.141593

3.885943,1.544935,1.456821,3.141593

3.875640,1.553414,1.455126,3.141593

3.869375,1.556459,1.453728,3.141593

3.863105,1.559511,1.452335,3.141593

3.854913,1.560309,1.449815,3.141593

3.844435,1.568971,1.448245,3.141593

3.842390,1.566577,1.447190,3.141593

3.836127,1.569730,1.445905,3.141593

3.828060,1.570715,1.443600,3.141593

3.823578,1.576106,1.443398,3.141593

3.812951,1.584889,1.441924,3.141593

3.806637,1.588109,1.440711,3.141593

3.800325,1.591343,1.439522,3.141593

3.796691,1.586903,1.437623,3.141593

3.790396,1.590177,1.436482,3.141593

3.779626,1.598997,1.435124,3.141593

3.768795,1.607824,1.433772,3.141593

3.765297,1.603456,1.432006,3.141593

3.758956,1.606739,1.430933,3.141593

3.752604,1.610018,1.429878,3.141593

3.741654,1.618822,1.428613,3.141593

3.733656,1.620013,1.426723,3.141593

3.727265,1.623276,1.425714,3.141593

3.716208,1.632014,1.424507,3.141593

3.709784,1.635241,1.423529,3.141593

3.703343,1.638453,1.422554,3.141593

3.695337,1.639595,1.420795,3.141593

3.684143,1.648220,1.419665,3.141593

3.679232,1.653484,1.419529,3.141593

3.669622,1.652451,1.417030,3.141593

3.664678,1.657657,1.416887,3.141593

3.658168,1.660757,1.415977,3.141593

3.646831,1.669235,1.414906,3.141593

3.640284,1.672295,1.414023,3.141593

3.632168,1.673192,1.412400,3.141593

3.630475,1.670878,1.411697,3.141593

3.619011,1.679208,1.410672,3.141593

4.201237,0.087481,1.589356,3.141593

4.193233,0.093220,1.585554,3.141593

4.185225,0.098972,1.581756,3.141593

4.169099,0.110533,1.574123,3.141593

4.163455,0.115695,1.583371,3.141593

4.155271,0.121490,1.579583,3.141593

4.147114,0.127303,1.575755,3.141593

4.130567,0.139061,1.567968,3.141593

4.114385,0.146581,1.574806,3.141593

4.114343,0.146590,1.574787,3.141593

4.105854,0.152566,1.571239,3.141593

4.104841,0.156774,1.575308,3.141593

4.087909,0.168633,1.569954,3.141593

4.079383,0.174541,1.567800,3.141593

4.070825,0.180423,1.565996,3.141593

4.070995,0.184129,1.571983,3.141593

4.054144,0.195529,1.570182,3.141593

4.045714,0.201131,1.569731,3.141593

4.044470,0.204871,1.571203,3.141593

4.036186,0.210240,1.571414,3.141593

4.019764,0.220663,1.572473,3.141593

4.011685,0.225624,1.573493,3.141593

4.000889,0.231198,1.572919,3.141593

3.992870,0.235935,1.574148,3.141593

3.977231,0.244846,1.577252,3.141593

3.968318,0.249381,1.575217,3.141593

3.968278,0.249392,1.575198,3.141593

3.960603,0.253451,1.577022,3.141593

3.953045,0.257352,1.578909,3.141593

3.948128,0.261569,1.576277,3.141593

3.940976,0.264790,1.578403,3.141593

3.933866,0.267870,1.580505,3.141593

3.929674,0.269987,1.578106,3.141593

3.916269,0.274880,1.582496,3.141593

3.909719,0.277091,1.584660,3.141593

3.903215,0.279162,1.586766,3.141593

3.886081,0.284176,1.582657,3.141593

3.873788,0.287055,1.586767,3.141593

3.867752,0.288281,1.588750,3.141593

3.869351,0.286710,1.584978,3.141593

3.869272,0.286735,1.584938,3.141593

3.863556,0.287375,1.586857,3.141593

3.852411,0.288228,1.590590,3.141593

3.849509,0.287417,1.585785,3.141593

3.844211,0.287251,1.587540,3.141593

3.839029,0.286946,1.589277,3.141593

3.839032,0.286945,1.589280,3.141593

3.822922,0.290235,1.587221,3.141593

3.813231,0.288528,1.590535,3.141593

3.808439,0.287521,1.592107,3.141593

3.803754,0.286387,1.593591,3.141593

3.795299,0.283146,1.591890,3.141593

3.790953,0.281436,1.593265,3.141593

3.786629,0.279640,1.594591,3.141593

3.782415,0.277542,1.595793,3.141593

3.278675,1.718423,1.370538,3.141593

3.275791,1.715774,1.370352,3.141593

3.274616,1.713644,1.369950,3.141593

3.270830,1.709033,1.369357,3.141593

3.268084,1.706260,1.369217,3.141593

3.263805,1.702617,1.369338,3.141593

3.261162,1.699715,1.369206,3.141593

3.258595,1.696712,1.369131,3.141593

3.255107,1.691910,1.368633,3.141593

3.252121,1.689444,1.369284,3.141593

3.249652,1.686249,1.369247,3.141593

3.247194,1.683045,1.369203,3.141593

3.243817,1.678155,1.368774,3.141593

3.242772,1.676283,1.368426,3.141593

3.238920,1.671728,1.368738,3.141593

3.236457,1.668496,1.368742,3.141593

3.233123,1.663723,1.368379,3.141593

3.231489,1.662100,1.368761,3.141593

3.227423,1.657521,1.369131,3.141593

3.224831,1.654377,1.369147,3.141593

3.222200,1.651268,1.369169,3.141593

3.218659,1.646696,1.368815,3.141593

3.214136,1.642442,1.369167,3.141593

3.211310,1.639525,1.369159,3.141593

3.210327,1.637832,1.368847,3.141593

3.206603,1.633604,1.368492,3.141593

3.203623,1.630852,1.368486,3.141593

3.198447,1.627150,1.368770,3.141593

3.195231,1.624629,1.368748,3.141593

3.192744,1.623548,1.369065,3.141593

3.188633,1.619782,1.368668,3.141593

3.187705,1.618200,1.368367,3.141593

3.181722,1.615275,1.368537,3.141593

3.178135,1.613161,1.368459,3.141593

3.173739,1.609797,1.368012,3.141593

3.170038,1.607827,1.367914,3.141593

3.163267,1.605710,1.367958,3.141593

3.159286,1.604024,1.367811,3.141593

3.154511,1.601118,1.367285,3.141593

3.151153,1.600851,1.367465,3.141593

3.143508,1.599674,1.367352,3.141593

3.139138,1.598395,1.367109,3.141593

3.134714,1.597181,1.366863,3.141593

3.130062,1.595973,1.366477,3.141593

3.128471,1.593294,1.365911,3.141593

3.120045,1.592860,1.365637,3.141593

3.115296,1.591946,1.365308,3.141593

3.109651,1.589900,1.364623,3.141593

3.104695,1.589181,1.364259,3.141593

3.099682,1.588503,1.363906,3.141593

3.090334,1.588904,1.363403,3.141593

3.084319,1.587124,1.362625,3.141593

3.079005,1.586674,1.362191,3.141593

3.069085,1.587541,1.361562,3.141593

3.063540,1.587261,1.361063,3.141593

3.057167,1.585640,1.360191,3.141593

3.051517,1.585373,1.359651,3.141593

3.041702,1.588085,1.359137,3.141593

3.035845,1.587947,1.358533,3.141593

3.029938,1.587800,1.357891,3.141593

3.023091,1.586270,1.356897,3.141593

3.011923,1.587802,1.355817,3.141593

3.005759,1.587682,1.355090,3.141593

2.999543,1.587540,1.354342,3.141593

2.992366,1.585898,1.353226,3.141593

2.991334,1.584101,1.352929,3.141593

2.979577,1.585550,1.351587,3.141593

2.973109,1.585324,1.350738,3.141593

2.966261,1.584546,1.349663,3.141593

2.959048,1.583205,1.348596,3.141593

2.946741,1.584427,1.346968,3.141593

2.940871,1.585754,1.346280,3.141593

2.939766,1.583764,1.345989,3.141593

2.931979,1.581607,1.344647,3.141593

2.913296,1.584012,1.341887,3.141593

2.912151,1.581912,1.341637,3.141593

2.899032,1.582606,1.339520,3.141593

2.896905,1.578609,1.338989,3.141593

2.877314,1.580184,1.335658,3.141593

2.876141,1.577956,1.335439,3.141593

2.868716,1.576841,1.334101,3.141593

2.860842,1.574862,1.332670,3.141593

2.852701,1.572398,1.331145,3.141593

2.845093,1.570981,1.329731,3.141593

2.830862,1.570087,1.326924,3.141593

2.824059,1.570362,1.325532,3.141593

2.815235,1.566512,1.323837,3.141593

2.800547,1.564772,1.320660,3.141593

2.792521,1.562510,1.318980,3.141593

2.791401,1.560178,1.318976,3.141593

2.782434,1.555872,1.317342,3.141593

2.774353,1.553357,1.315662,3.141593

2.759104,1.550121,1.312072,3.141593

2.750891,1.547180,1.310309,3.141593

2.741806,1.542278,1.308776,3.141593

2.733533,1.539024,1.307004,3.141593

2.718654,1.535872,1.302620,3.141593

2.710280,1.532104,1.300731,3.141593

2.701875,1.528127,1.298813,3.141593

2.692723,1.522365,1.297387,3.141593

2.691902,1.520582,1.298020,3.141593

2.675898,1.513719,1.293595,3.141593

2.667464,1.509072,1.291651,3.141593

2.658502,1.503254,1.290528,3.141593

2.650135,1.498415,1.288622,3.141593

2.633979,1.489193,1.283743,3.141593

2.625591,1.483581,1.281725,3.141593

2.616915,1.477600,1.280859,3.141593

2.608638,1.471831,1.278890,3.141593

2.592559,1.459980,1.273571,3.141593

2.584627,1.453264,1.270145,3.141593

2.576466,1.446456,1.268046,3.141593

2.568151,1.440026,1.267386,3.141593

2.552429,1.425045,1.261518,3.141593

2.544538,1.417498,1.259410,3.141593

2.536718,1.409702,1.257298,3.141593

2.528867,1.403455,1.256933,3.141593

2.528699,1.405096,1.258836,3.141593

2.513730,1.387663,1.252830,3.141593

2.506294,1.379425,1.250772,3.141593

2.498860,1.373995,1.250708,3.141593

2.491632,1.365829,1.248744,3.141593

2.477788,1.345437,1.242476,3.141593

2.471220,1.332222,1.238140,3.141593

2.464573,1.322775,1.236049,3.141593

2.457718,1.318270,1.236419,3.141593

2.457341,1.322839,1.238879,3.141593

2.445049,1.299700,1.232501,3.141593

2.438927,1.290170,1.230572,3.141593

2.432298,1.287358,1.231340,3.141593

2.426374,1.278183,1.229545,3.141593

2.415930,1.252645,1.223226,3.141593

2.410526,1.243283,1.221568,3.141593

2.404004,1.242094,1.222787,3.141593

2.400144,1.224302,1.218366,3.141593

2.395172,1.214746,1.216804,3.141593

2.385503,1.196797,1.213873,3.141593

2.383091,1.177392,1.209464,3.141593

2.378848,1.197024,1.215621,3.141593

2.370363,1.149818,1.205574,3.141593

2.367567,1.160628,1.208849,3.141593

2.363315,1.151845,1.207777,3.141593

2.356042,1.155144,1.209926,3.141593

2.351678,1.147163,1.209005,3.141593

2.346806,1.119198,1.204021,3.141593

2.342859,1.111231,1.203254,3.141593

2.334604,1.117309,1.205879,3.141593

2.330392,1.110226,1.205312,3.141593

2.326796,1.082781,1.200963,3.141593

2.328214,1.061429,1.197281,3.141593

2.322967,1.075449,1.200679,3.141593

2.313571,1.083867,1.203676,3.141593

2.309299,1.077852,1.203425,3.141593

2.306498,1.051505,1.199726,3.141593

2.302162,1.046297,1.199672,3.141593

2.291421,1.057142,1.202959,3.141593

2.286798,1.052473,1.203042,3.141593

2.283948,1.028278,1.199965,3.141593

2.278963,1.024933,1.200097,3.141593

2.266615,1.038708,1.203504,3.141593

2.261196,1.036223,1.203725,3.141593

2.263156,1.016566,1.201054,3.141593

2.260274,0.994916,1.198181,3.141593

2.254548,0.993197,1.198596,3.141593

2.239846,1.010286,1.202229,3.141593

2.235909,0.990668,1.200000,3.141593

2.229357,0.990458,1.200541,3.141593

2.222495,0.990697,1.201149,3.141593

2.204674,1.029038,1.207678,3.141593

2.197429,1.030118,1.208353,3.141593

2.190045,1.031477,1.209069,3.141593

2.183442,1.015708,1.207200,3.141593

2.166543,1.038226,1.211441,3.141593

2.158375,1.041170,1.212306,3.141593

2.150258,1.027805,1.210706,3.141593

2.141431,1.031928,1.211704,3.141593

2.123699,1.057427,1.216220,3.141593

2.123381,1.041253,1.213728,3.141593

2.114639,1.062510,1.217307,3.141593

2.104605,1.052451,1.215882,3.141593

2.094949,1.058827,1.216980,3.141593

2.076833,1.087677,1.221832,3.141593

2.067058,1.095235,1.223034,3.141593

2.054954,1.089350,1.221786,3.141593

2.044680,1.098338,1.223015,3.141593

2.042510,1.084457,1.220553,3.141593

2.023830,1.118219,1.225603,3.141593

2.010246,1.116398,1.224369,3.141593

2.002796,1.140600,1.228249,3.141593

1.992311,1.152623,1.229594,3.141593

1.975719,1.189920,1.234839,3.141593

1.965619,1.203681,1.236242,3.141593

1.955646,1.218041,1.237677,3.141593

1.940654,1.223937,1.236556,3.141593

1.926704,1.265727,1.242021,3.141593

1.917535,1.283012,1.243478,3.141593

1.902675,1.294325,1.242435,3.141593

1.896717,1.287727,1.239887,3.141593

1.884325,1.359525,1.249639,3.141593

1.877120,1.380262,1.251200,3.141593

1.863994,1.398474,1.250445,3.141593

1.857552,1.395579,1.247966,3.141593

1.851443,1.418965,1.249701,3.141593

1.847657,1.467904,1.255686,3.141593

1.849828,1.491978,1.259771,3.141593

1.840281,1.516339,1.259381,3.141593

1.837718,1.541004,1.261282,3.141593

1.840219,1.587514,1.267190,3.141593

1.839787,1.612056,1.269177,3.141593

1.835619,1.641509,1.269332,3.141593

1.837223,1.666991,1.271487,3.141593

1.846021,1.710470,1.277390,3.141593

1.849705,1.735157,1.279583,3.141593

1.852375,1.768172,1.280449,3.141593

1.858336,1.793097,1.282840,3.141593

1.872729,1.832244,1.288759,3.141593

1.880726,1.856222,1.291210,3.141593

1.891222,1.890785,1.292930,3.141593

1.893625,1.902385,1.292261,3.141593

1.904961,1.926466,1.295091,3.141593

1.925531,1.961020,1.301235,3.141593

1.944318,1.995858,1.303922,3.141593

1.959170,2.017945,1.307077,3.141593

1.974900,2.039472,1.310214,3.141593

1.999495,2.067945,1.316263,3.141593

2.026309,2.099615,1.319938,3.141593

2.044870,2.118228,1.323295,3.141593

2.064084,2.136059,1.326774,3.141593

2.091320,2.158060,1.332577,3.141593

2.124118,2.183980,1.337058,3.141593

2.145014,2.198246,1.340569,3.141593

2.152472,2.202260,1.342808,3.141593

2.180577,2.218644,1.348172,3.141593

2.201677,2.230351,1.351516,3.141593

2.237139,2.248431,1.356344,3.141593

2.258288,2.257666,1.359717,3.141593

2.279768,2.266188,1.363657,3.141593

2.306808,2.275277,1.367842,3.141593

2.341209,2.285968,1.372680,3.141593

2.361188,2.291034,1.375772,3.141593

2.386778,2.296277,1.380041,3.141593

2.405842,2.299724,1.382769,3.141593

2.436815,2.304441,1.387255,3.141593

2.454619,2.306299,1.389884,3.141593

2.477344,2.307745,1.393266,3.141593

2.488678,2.308566,1.394996,3.141593

2.515607,2.309362,1.399008,3.141593

2.531245,2.309172,1.401376,3.141593

2.546412,2.308726,1.403731,3.141593

2.555526,2.307896,1.404777,3.141593

2.590319,2.305388,1.410107,3.141593

2.604588,2.303779,1.412213,3.141593

2.618826,2.301841,1.414162,3.141593

2.630839,2.299429,1.415200,3.141593

2.645700,2.296759,1.417225,3.141593

2.669172,2.292171,1.420597,3.141593

2.684679,2.288509,1.422623,3.141593

2.700719,2.284275,1.424609,3.141593

2.709024,2.282223,1.426006,3.141593

2.743989,2.271199,1.430014,3.141593

2.763122,2.264211,1.432167,3.141593

2.783606,2.255968,1.434252,3.141593

2.818795,2.239655,1.436999,3.141593

2.833006,2.232294,1.437676,3.141593

2.872134,2.211293,1.441249,3.141593

2.902412,2.192609,1.443472,3.141593

2.956568,2.154135,1.446134,3.141593

2.995039,2.122888,1.448367,3.141593

3.054045,2.066520,1.452546,3.141593

3.098620,2.015952,1.454969,3.141593

3.149818,1.947197,1.456392,3.141593

3.169044,1.916208,1.458616,3.141593

3.250377,1.745465,1.464903,3.141593

3.282416,1.635113,1.467441,3.141593

3.296514,1.567334,1.467538,3.141593

3.307107,1.369036,1.469239,3.141593

3.290960,1.243371,1.470826,3.141593

3.238357,1.075086,1.473674,3.141593

3.190048,0.973983,1.474378,3.141593

3.121749,0.866547,1.475647,3.141593

3.052261,0.783230,1.474535,3.141593

2.971375,0.713047,1.476449,3.141593

2.921824,0.676233,1.477135,3.141593

2.898307,0.664059,1.478651,3.141593

2.855020,0.631954,1.477453,3.141593

2.814626,0.611471,1.478595,3.141593

2.760678,0.591938,1.481580,3.141593

2.729167,0.581225,1.483002,3.141593

2.686709,0.566680,1.484516,3.141593

2.661605,0.561467,1.486361,3.141593

2.628568,0.559423,1.490297,3.141593

2.608938,0.557612,1.492344,3.141593

2.581543,0.553557,1.494698,3.141593

2.574326,0.556462,1.497010,3.141593

2.545676,0.557894,1.500455,3.141593

2.540223,0.561262,1.504176,3.141593

2.528104,0.562702,1.506704,3.141593

2.509991,0.562699,1.509344,3.141593

2.503106,0.561040,1.509550,3.141593

2.490677,0.566972,1.514387,3.141593

2.482048,0.569254,1.516866,3.141593

2.467838,0.570377,1.519451,3.141593

2.460367,0.572839,1.521847,3.141593

2.452852,0.578591,1.526313,3.141593

2.452425,0.581859,1.528457,3.141593

2.446446,0.584025,1.530635,3.141593

2.435079,0.585083,1.532812,3.141593

2.430144,0.589678,1.536661,3.141593

2.425097,0.591399,1.538538,3.141593

2.420269,0.592834,1.540297,3.141593

2.409666,0.593435,1.541885,3.141593

2.403881,0.592752,1.541854,3.141593

2.400223,0.595822,1.544930,3.141593

2.395440,0.596619,1.546290,3.141593

2.384685,0.596745,1.547304,3.141593

2.379850,0.597352,1.548482,3.141593

2.375962,0.598448,1.550757,3.141593

2.370797,0.598460,1.551611,3.141593

2.359168,0.597987,1.551911,3.141593

2.353691,0.597837,1.552586,3.141593

2.348691,0.597295,1.554113,3.141593

2.342604,0.596624,1.554486,3.141593

2.329328,0.595721,1.554025,3.141593

2.322530,0.594953,1.554119,3.141593

2.322714,0.592847,1.555692,3.141593

2.315201,0.591605,1.555574,3.141593

2.307362,0.590337,1.555370,3.141593

2.291032,0.589076,1.553910,3.141593

2.282917,0.589358,1.552855,3.141593

2.272548,0.586356,1.552710,3.141593

2.262619,0.585061,1.552009,3.141593

2.242871,0.584400,1.549777,3.141593

2.231374,0.583246,1.548684,3.141593

2.219320,0.582235,1.547492,3.141593

2.203179,0.579221,1.546166,3.141593

2.180843,0.579825,1.543768,3.141593

2.176686,0.577734,1.543805,3.141593

2.153721,0.575883,1.540604,3.141593

2.142090,0.578204,1.538617,3.141593

2.124468,0.578877,1.536213,3.141593

2.095101,0.582876,1.532286,3.141593

2.073243,0.585629,1.528318,3.141593

2.043498,0.587772,1.524286,3.141593

2.020414,0.592067,1.520656,3.141593

1.981026,0.603467,1.513687,3.141593

1.954725,0.610845,1.509311,3.141593

1.915287,0.621727,1.503059,3.141593

1.886024,0.633111,1.497934,3.141593

1.838444,0.656952,1.488645,3.141593

1.806492,0.673654,1.482728,3.141593

1.758449,0.700276,1.474053,3.141593

1.742612,0.708609,1.471676,3.141593

1.708301,0.733403,1.464868,3.141593

1.672895,0.766714,1.456231,3.141593

1.639188,0.797325,1.449021,3.141593

1.590055,0.846546,1.438682,3.141593

1.558235,0.885087,1.431209,3.141593

1.542502,0.903631,1.428216,3.141593

1.498970,0.972473,1.417013,3.141593

1.462363,1.038885,1.406651,3.141593

1.441018,1.087931,1.400052,3.141593

1.424725,1.132420,1.393170,3.141593

1.402854,1.213211,1.384957,3.141593

1.392866,1.263264,1.380054,3.141593

1.389637,1.287834,1.377391,3.141593

1.382373,1.360070,1.371958,3.141593

1.382016,1.427572,1.366748,3.141593

1.384394,1.470751,1.364333,3.141593

1.391844,1.531990,1.362067,3.141593

1.398854,1.569267,1.360817,3.141593

1.411151,1.619913,1.358951,3.141593

1.420729,1.651409,1.358603,3.141593

1.437074,1.695185,1.359108,3.141593

1.448129,1.721320,1.359418,3.141593

1.464139,1.755615,1.359530,3.141593

1.475508,1.776848,1.360314,3.141593

1.488664,1.797241,1.362349,3.141593

1.500465,1.816094,1.363538,3.141593

1.511703,1.832665,1.364646,3.141593

1.526858,1.854137,1.365743,3.141593

1.543957,1.874715,1.368313,3.141593

1.554228,1.886744,1.369699,3.141593

1.564234,1.897847,1.371128,3.141593

1.577281,1.912144,1.372631,3.141593

1.592418,1.926554,1.375438,3.141593

1.601313,1.934886,1.376953,3.141593

1.609959,1.942652,1.378484,3.141593

1.620892,1.952712,1.380109,3.141593

1.623493,1.955380,1.380368,3.141593

1.636642,1.965766,1.383202,3.141593

1.644233,1.971753,1.384741,3.141593

1.649294,1.975533,1.386122,3.141593

1.658587,1.983027,1.387820,3.141593

1.670362,1.991634,1.390592,3.141593

1.676962,1.996701,1.392115,3.141593

1.683403,2.001551,1.393607,3.141593

1.691503,2.007611,1.395346,3.141593

1.701934,2.015338,1.397990,3.141593

1.703583,2.016562,1.398342,3.141593

1.709411,2.020936,1.399822,3.141593

1.716715,2.026293,1.401571,3.141593

1.722368,2.030431,1.403011,3.141593

1.731648,2.037829,1.405492,3.141593

1.736957,2.041946,1.406895,3.141593

1.743629,2.046875,1.408598,3.141593

1.748806,2.050841,1.409958,3.141593

1.757257,2.058161,1.412241,3.141593

1.760747,2.061419,1.413216,3.141593

1.765549,2.065417,1.414510,3.141593

1.771434,2.070237,1.416068,3.141593

1.779047,2.077647,1.418060,3.141593

1.783368,2.081627,1.419283,3.141593

1.787467,2.085752,1.420401,3.141593

1.791534,2.089860,1.421516,3.141593

1.799298,2.097910,1.423604,3.141593

1.802802,2.102029,1.424650,3.141593

1.806247,2.106128,1.425640,3.141593

1.808564,2.107102,1.426408,3.141593

1.811858,2.111123,1.427389,3.141593

1.816922,2.118831,1.428763,3.141593

1.819644,2.122909,1.429654,3.141593

1.823302,2.127348,1.430808,3.141593

1.825772,2.131363,1.431627,3.141593

1.828264,2.139000,1.432465,3.141593

1.830127,2.143087,1.433233,3.141593

1.831908,2.147173,1.433938,3.141593

1.834195,2.151619,1.434855,3.141593

1.835845,2.159677,1.435795,3.141593

1.836697,2.163774,1.436436,3.141593

1.837276,2.167987,1.436986,3.141593

1.838229,2.172343,1.437628,3.141593

1.838552,2.172438,1.437891,3.141593

1.838129,2.180609,1.438626,3.141593

1.837875,2.184750,1.439027,3.141593

1.837437,2.189041,1.439477,3.141593

1.836469,2.193238,1.439819,3.141593

1.834080,2.201656,1.440302,3.141593

1.832155,2.205895,1.440561,3.141593

1.829793,2.210076,1.440717,3.141593

1.827383,2.214294,1.440822,3.141593

1.822116,2.222894,1.440960,3.141593

1.818697,2.227141,1.440878,3.141593

1.814026,2.231140,1.440471,3.141593

1.810879,2.235552,1.440570,3.141593

1.802474,2.244204,1.440226,3.141593

1.797118,2.248324,1.439770,3.141593

1.791297,2.252375,1.439218,3.141593

1.784905,2.256402,1.437929,3.141593

1.769746,2.263988,1.436545,3.141593

1.761083,2.267537,1.435296,3.141593

1.757979,2.266729,1.434188,3.141593

1.751318,2.270871,1.433849,3.141593

1.736144,2.272704,1.430204,3.141593

1.714472,2.278635,1.426596,3.141593

1.698251,2.279970,1.423175,3.141593

1.679637,2.280352,1.418702,3.141593

1.662340,2.274365,1.410748,3.141593

1.636733,2.271472,1.403070,3.141593

1.583558,2.263080,1.388456,3.141593

1.538568,2.248595,1.372746,3.141593

1.449111,2.203040,1.332809,3.141593

1.359557,2.142930,1.293603,3.141593

1.159052,1.924656,1.204256,3.141593

1.033687,1.603672,1.123714,3.141593

1.119769,0.966179,1.074232,3.141593

1.118710,0.967549,1.075054,3.141593

1.307954,0.691947,1.117457,3.141593

1.535126,0.520637,1.193508,3.141593

1.628221,0.480542,1.223287,3.141593

1.719301,0.454968,1.246870,3.141593

1.760579,0.449177,1.261168,3.141593

1.804378,0.450097,1.281141,3.141593

1.825506,0.452307,1.288258,3.141593

1.849879,0.455498,1.292344,3.141593

1.862143,0.460019,1.296609,3.141593

1.872051,0.465000,1.300194,3.141593

1.883157,0.475681,1.307277,3.141593

1.892871,0.481590,1.307319,3.141593

1.894400,0.487118,1.310953,3.141593

1.899519,0.498530,1.315549,3.141593

1.901910,0.498821,1.313581,3.141593

1.904766,0.504688,1.314614,3.141593

1.908896,0.510818,1.313663,3.141593

1.910335,0.516593,1.314495,3.141593

1.909564,0.527363,1.319349,3.141593

1.910275,0.532903,1.319780,3.141593

1.910710,0.538332,1.320167,3.141593

1.911753,0.543845,1.318846,3.141593

1.912420,0.544075,1.317352,3.141593

1.909586,0.558570,1.320836,3.141593

1.908806,0.563280,1.320812,3.141593

1.909609,0.563686,1.318097,3.141593

1.908360,0.568082,1.318095,3.141593

1.905416,0.576248,1.319050,3.141593

1.903895,0.580185,1.318765,3.141593

1.901994,0.583908,1.317312,3.141593

1.900054,0.587324,1.316892,3.141593

1.896413,0.593425,1.317873,3.141593

1.894247,0.596147,1.317106,3.141593

1.891930,0.598701,1.316285,3.141593

1.889154,0.601199,1.314447,3.141593

1.884604,0.605145,1.313342,3.141593

1.883950,0.605225,1.312433,3.141593

1.881217,0.606876,1.311252,3.141593

1.877676,0.608450,1.309110,3.141593

1.875508,0.609871,1.307634,3.141593

1.870393,0.611367,1.306592,3.141593

1.867306,0.612012,1.305005,3.141593

1.864187,0.612523,1.303350,3.141593

1.860518,0.612778,1.300409,3.141593

1.854285,0.612499,1.297680,3.141593

1.853030,0.612564,1.296725,3.141593

1.849571,0.612308,1.294726,3.141593

1.844487,0.611754,1.291517,3.141593

1.840796,0.611025,1.289235,3.141593

1.834861,0.609172,1.285523,3.141593

1.830976,0.607913,1.282942,3.141593

1.825256,0.606660,1.279173,3.141593

1.823027,0.605122,1.277596,3.141593

1.816807,0.601868,1.273231,3.141593

1.812717,0.600002,1.270226,3.141593

1.808486,0.598060,1.267159,3.141593

1.802042,0.596217,1.262675,3.141593

1.795391,0.591693,1.257362,3.141593

1.793057,0.591892,1.255912,3.141593

1.788334,0.589567,1.252338,3.141593

1.780966,0.587471,1.246995,3.141593

1.775968,0.585101,1.243122,3.141593

1.768409,0.579651,1.236513,3.141593

1.763066,0.577052,1.232150,3.141593

1.754396,0.574896,1.225550,3.141593

1.748493,0.572225,1.220595,3.141593

1.739750,0.566334,1.212687,3.141593

1.733409,0.563700,1.207324,3.141593

1.722907,0.561772,1.198831,3.141593

1.719929,0.558406,1.195565,3.141593

1.709559,0.552522,1.185846,3.141593

1.701944,0.550079,1.178877,3.141593

1.693808,0.547817,1.171518,3.141593

1.680067,0.547154,1.159969,3.141593

1.666505,0.542343,1.146728,3.141593

1.656388,0.541149,1.137116,3.141593

1.645440,0.540385,1.126905,3.141593

1.626661,0.542753,1.110637,3.141593

1.607514,0.541612,1.091143,3.141593

1.599287,0.545077,1.084960,3.141593

1.583812,0.547724,1.070452,3.141593

1.556927,0.556719,1.047093,3.141593

1.537437,0.563239,1.028948,3.141593

1.505684,0.574747,0.997029,3.141593

1.480801,0.587937,0.973778,3.141593

1.437348,0.617554,0.936405,3.141593

1.404751,0.642931,0.906801,3.141593

1.369703,0.673999,0.867896,3.141593

1.329431,0.718087,0.831707,3.141593

1.235730,0.845923,0.764061,3.141593

1.191298,0.931874,0.727327,3.141593

1.125031,1.110265,0.679198,3.141593

1.108846,1.188645,0.664738,3.141593

1.092972,1.249504,0.664494,3.141593

1.067559,1.460487,0.677456,3.141593

1.072945,1.604574,0.703486,3.141593

1.113185,1.806582,0.769543,3.141593

1.145257,1.905935,0.821588,3.141593

1.190595,2.009892,0.893582,3.141593

1.227678,2.065934,0.939467,3.141593

1.285162,2.130166,1.007012,3.141593

1.317151,2.157965,1.041396,3.141593

1.347958,2.185413,1.086583,3.141593

1.371227,2.198579,1.111758,3.141593

1.411123,2.213509,1.147912,3.141593

1.428230,2.219036,1.167840,3.141593

1.443785,2.221047,1.179036,3.141593

1.459447,2.225019,1.200614,3.141593

1.459584,2.226227,1.205953,3.141593

1.497263,2.224737,1.234125,3.141593

1.507764,2.223483,1.244581,3.141593

1.515077,2.221718,1.257488,3.141593

1.533237,2.216752,1.270717,3.141593

1.532061,2.216806,1.272816,3.141593

1.539704,2.213977,1.279160,3.141593

1.542886,2.210547,1.287535,3.141593

1.548575,2.207290,1.293083,3.141593

1.561010,2.200862,1.301087,3.141593

1.565114,2.197466,1.305300,3.141593

1.571869,2.194433,1.308015,3.141593

1.575278,2.191069,1.311692,3.141593

1.580117,2.184589,1.318333,3.141593

1.577787,2.184271,1.318583,3.141593

1.579791,2.181121,1.321287,3.141593

1.577166,2.177511,1.324690,3.141593

1.578755,2.174694,1.326487,3.141593

1.583019,2.169660,1.330147,3.141593

1.583834,2.167146,1.331470,3.141593

1.579412,2.164327,1.333192,3.141593

1.583056,2.162674,1.334026,3.141593

1.585208,2.159154,1.335975,3.141593

1.584287,2.157567,1.336518,3.141593

1.579836,2.157022,1.336801,3.141593

1.573675,2.154923,1.337644,3.141593

1.571707,2.153505,1.338158,3.141593

1.571500,2.151819,1.338614,3.141593

1.568978,2.150979,1.338613,3.141593

1.560974,2.149559,1.338953,3.141593

1.557752,2.148896,1.338924,3.141593

1.560102,2.149411,1.338432,3.141593

1.556098,2.149265,1.338125,3.141593

1.551918,2.149212,1.337757,3.141593

1.542692,2.148539,1.337352,3.141593

1.537958,2.149924,1.336128,3.141593

1.532828,2.150363,1.335436,3.141593

1.527702,2.149555,1.335393,3.141593

1.522311,2.150045,1.334874,3.141593

1.511498,2.149853,1.333608,3.141593

1.504715,2.152307,1.331710,3.141593

1.498458,2.153149,1.330612,3.141593

1.486397,2.153127,1.329120,3.141593

1.479517,2.154140,1.327801,3.141593

1.477767,2.156267,1.326672,3.141593

1.468482,2.159740,1.323917,3.141593

1.460673,2.160977,1.322286,3.141593

1.447226,2.160943,1.320161,3.141593

1.436161,2.164722,1.316753,3.141593

1.427227,2.165923,1.314822,3.141593

1.418213,2.167092,1.312712,3.141593

1.406564,2.163977,1.311723,3.141593

1.397201,2.164933,1.309432,3.141593

1.383484,2.168539,1.305031,3.141593

1.373291,2.169347,1.302368,3.141593

1.362544,2.169885,1.299145,3.141593

1.345695,2.168512,1.295796,3.141593

1.329338,2.171302,1.290184,3.141593

1.317553,2.171332,1.286717,3.141593

1.298907,2.168567,1.282093,3.141593

1.292880,2.170734,1.279241,3.141593

1.273506,2.171977,1.271967,3.141593

1.259915,2.170766,1.267495,3.141593

1.245795,2.169194,1.262727,3.141593

1.231472,2.162345,1.259751,3.141593

1.216650,2.159900,1.254513,3.141593

1.201153,2.161784,1.246263,3.141593

1.184596,2.157995,1.240485,3.141593

1.167951,2.153681,1.233987,3.141593

1.149406,2.147489,1.225318,3.141593

1.114680,2.135945,1.211943,3.141593

1.095613,2.128035,1.203570,3.141593

1.075952,2.118968,1.194719,3.141593

1.053599,2.106374,1.182682,3.141593

1.013735,2.083575,1.164042,3.141593

0.991042,2.067980,1.153237,3.141593

0.968454,2.050718,1.141297,3.141593

0.956122,2.036399,1.133594,3.141593

0.942293,2.026692,1.124749,3.141593

0.898749,1.984831,1.100599,3.141593

0.874552,1.956931,1.086661,3.141593

0.851081,1.926219,1.071446,3.141593

0.819376,1.875403,1.050741,3.141593

0.785070,1.813379,1.023656,3.141593

0.765844,1.768782,1.007564,3.141593

0.748729,1.720588,0.991667,3.141593

0.732923,1.655814,0.970664,3.141593

0.725847,1.624561,0.967440,3.141593

0.713082,1.535810,0.944829,3.141593

0.710139,1.477433,0.933319,3.141593

0.710064,1.443011,0.925847,3.141593

0.716830,1.367987,0.912718,3.141593

0.719157,1.337538,0.913267,3.141593

0.736129,1.247923,0.904694,3.141593

0.751601,1.194879,0.900791,3.141593

0.776476,1.124981,0.899968,3.141593

0.796661,1.079596,0.900249,3.141593

0.831747,1.014750,0.902860,3.141593

0.854308,0.978805,0.905984,3.141593

0.886123,0.933097,0.911789,3.141593

0.908706,0.905061,0.916299,3.141593

0.935766,0.876535,0.923020,3.141593

0.956028,0.857470,0.926326,3.141593

0.976012,0.839096,0.931253,3.141593

0.991864,0.823081,0.935230,3.141593

1.009654,0.808899,0.940289,3.141593

1.037613,0.791098,0.946800,3.141593

1.052618,0.781338,0.951734,3.141593

1.060679,0.777968,0.954247,3.141593

1.080235,0.766273,0.959689,3.141593

1.098458,0.759225,0.965520,3.141593

1.108935,0.755065,0.968754,3.141593

1.118459,0.751736,0.971780,3.141593

1.131289,0.746703,0.975467,3.141593

1.134693,0.744628,0.976419,3.141593

1.144489,0.743975,0.980308,3.141593

1.150622,0.743227,0.982067,3.141593

1.158537,0.741485,0.984442,3.141593

1.162657,0.741595,0.986243,3.141593

1.164443,0.744598,0.988245,3.141593

1.166531,0.745226,0.989850,3.141593

1.168489,0.746025,0.991038,3.141593

1.171407,0.746226,0.992224,3.141593

1.170794,0.748986,0.993837,3.141593

1.170660,0.750177,0.994567,3.141593

1.169932,0.751340,0.995154,3.141593

1.171750,0.750974,0.994642,3.141593

1.169742,0.752254,0.995645,3.141593

1.165613,0.754964,0.996608,3.141593

1.163455,0.756172,0.996623,3.141593

1.160834,0.757319,0.996825,3.141593

1.157627,0.758618,0.996831,3.141593

1.153860,0.759759,0.997292,3.141593

1.147004,0.761536,0.997233,3.141593

1.142912,0.762474,0.997162,3.141593

1.138559,0.763276,0.997311,3.141593

1.129521,0.764793,0.996386,3.141593

1.124080,0.765503,0.996306,3.141593

1.118826,0.766158,0.995987,3.141593

1.112233,0.767009,0.995543,3.141593

1.110942,0.767514,0.995360,3.141593

1.099875,0.768180,0.994622,3.141593

1.094031,0.768654,0.993852,3.141593

1.085927,0.769579,0.993173,3.141593

1.079048,0.770104,0.992311,3.141593

1.067035,0.770060,0.991141,3.141593

1.059856,0.770440,0.990334,3.141593

1.054271,0.770069,0.989449,3.141593

1.044575,0.771180,0.988420,3.141593

1.031318,0.771101,0.986198,3.141593

1.022682,0.771531,0.985227,3.141593

1.014119,0.772047,0.983960,3.141593

1.002707,0.773793,0.982435,3.141593

0.987576,0.774017,0.979454,3.141593

0.983631,0.775659,0.979435,3.141593

0.974256,0.776660,0.977528,3.141593

0.960849,0.779456,0.975566,3.141593

0.950319,0.781233,0.973254,3.141593

0.925121,0.782622,0.967861,3.141593

0.920975,0.784971,0.967177,3.141593

0.905011,0.789931,0.964077,3.141593

0.892468,0.793184,0.961138,3.141593

0.872002,0.797225,0.955836,3.141593

0.858113,0.801574,0.952863,3.141593

0.838609,0.810243,0.948343,3.141593

0.823773,0.816132,0.944524,3.141593

0.798300,0.825433,0.937806,3.141593

0.782359,0.833409,0.932996,3.141593

0.758480,0.847874,0.927681,3.141593

0.740731,0.859037,0.921874,3.141593

0.718126,0.869655,0.914378,3.141593

0.698588,0.883736,0.908599,3.141593

0.690320,0.892464,0.906567,3.141593

0.660807,0.918974,0.898953,3.141593

0.639155,0.939003,0.892521,3.141593

0.603838,0.972895,0.881597,3.141593

0.581435,0.999312,0.874497,3.141593

0.548582,1.044992,0.866043,3.141593

0.525230,1.079742,0.859918,3.141593

0.489127,1.140404,0.849513,3.141593

0.466372,1.186530,0.845514,3.141593

0.453806,1.212576,0.842389,3.141593

0.426609,1.286249,0.842203,3.141593

0.419834,1.319488,0.840566,3.141593

0.397242,1.413774,0.842159,3.141593

0.388826,1.478960,0.845621,3.141593

0.384402,1.578714,0.857298,3.141593

0.386901,1.648234,0.867941,3.141593

0.400770,1.753386,0.887720,3.141593

0.407988,1.789870,0.896602,3.141593

0.425649,1.854156,0.914530,3.141593

0.444946,1.910101,0.933771,3.141593

0.469099,1.966368,0.954245,3.141593

0.511219,2.042801,0.986225,3.141593

0.540210,2.086139,1.007559,3.141593

0.582771,2.140892,1.038482,3.141593

0.612273,2.172402,1.058442,3.141593

0.657291,2.211911,1.086816,3.141593

0.684864,2.233277,1.104243,3.141593

0.722363,2.259796,1.128054,3.141593

0.747087,2.274036,1.142650,3.141593

0.773467,2.284492,1.156490,3.141593

0.795558,2.294164,1.168875,3.141593

0.816139,2.302029,1.180294,3.141593

0.827313,2.308383,1.190297,3.141593

0.850823,2.315608,1.200194,3.141593

0.877505,2.320416,1.213041,3.141593

0.893018,2.323164,1.220669,3.141593

0.913190,2.327101,1.230659,3.141593

0.926278,2.328215,1.236570,3.141593

0.939925,2.326408,1.242200,3.141593

0.951807,2.326723,1.246593,3.141593

0.962287,2.326618,1.250827,3.141593

0.975955,2.327066,1.256521,3.141593

0.989788,2.324923,1.261044,3.141593

0.997616,2.324052,1.263623,3.141593

1.004916,2.323068,1.265884,3.141593

1.012043,2.322198,1.269177,3.141593

1.022666,2.319962,1.271310,3.141593

1.026839,2.320160,1.270649,3.141593

1.034022,2.317823,1.272388,3.141593

1.036922,2.317977,1.272505,3.141593

1.041046,2.317106,1.273462,3.141593

1.047323,2.315251,1.273114,3.141593

1.050625,2.314443,1.272844,3.141593

1.053414,2.313884,1.272519,3.141593

1.056393,2.313296,1.271246,3.141593

1.060604,2.312457,1.269266,3.141593

1.062387,2.312292,1.267746,3.141593

1.063945,2.312251,1.266419,3.141593

1.065361,2.312205,1.264305,3.141593

1.068156,2.312488,1.260752,3.141593

1.069172,2.312888,1.258396,3.141593

1.068481,2.312842,1.257879,3.141593

1.068452,2.313261,1.254694,3.141593

1.068913,2.313810,1.251900,3.141593

1.070626,2.315315,1.246219,3.141593

1.070860,2.316219,1.242703,3.141593

1.072113,2.317240,1.239805,3.141593

1.071067,2.318203,1.235169,3.141593

1.072270,2.320738,1.227358,3.141593

1.072079,2.322050,1.222768,3.141593

1.071839,2.323397,1.217985,3.141593

1.069756,2.324829,1.211625,3.141593

1.070601,2.328004,1.201774,3.141593

1.070033,2.329573,1.195960,3.141593

1.069382,2.331249,1.189719,3.141593

1.066451,2.332756,1.181595,3.141593

1.066975,2.336201,1.169509,3.141593

1.065986,2.337909,1.162129,3.141593

1.063427,2.337677,1.160171,3.141593

1.059699,2.338991,1.150198,3.141593

1.058362,2.340513,1.141958,3.141593

1.054374,2.344931,1.129682,3.141593

1.060508,2.343987,1.114800,3.141593

1.052032,2.345791,1.104986,3.141593

1.050090,2.346795,1.094751,3.141593

1.045061,2.350590,1.079308,3.141593

1.046787,2.349870,1.065102,3.141593

1.041008,2.349037,1.049108,3.141593

1.038280,2.348907,1.036382,3.141593

1.032000,2.350865,1.016920,3.141593

1.032804,2.348382,0.999982,3.141593

1.025272,2.344564,0.979063,3.141593

1.025435,2.344821,0.969293,3.141593

1.021371,2.341818,0.942299,3.141593

1.020746,2.337132,0.932899,3.141593

1.012016,2.334429,0.916976,3.141593

1.001539,2.324742,0.889032,3.141593

0.995455,2.317734,0.867911,3.141593

0.983839,2.307578,0.834590,3.141593

0.980186,2.294883,0.808077,3.141593

0.965243,2.273117,0.770679,3.141593

0.962800,2.266546,0.755555,3.141593

0.949788,2.239621,0.711063,3.141593

0.938277,2.216623,0.680773,3.141593

0.925770,2.189813,0.649405,3.141593

0.909184,2.146857,0.607525,3.141593

0.878508,2.081652,0.552201,3.141593

0.865027,2.031348,0.518176,3.141593

0.847156,1.976979,0.487449,3.141593

0.829400,1.934452,0.469526,3.141593

0.804767,1.846681,0.437025,3.141593

0.777286,1.738924,0.410122,3.141593

0.758289,1.661536,0.400762,3.141593

0.729381,1.540851,0.400898,3.141593

0.713014,1.462471,0.409802,3.141593

0.693408,1.353552,0.435022,3.141593

0.681817,1.285587,0.458701,3.141593

0.666672,1.192739,0.501211,3.141593

0.663820,1.167667,0.516552,3.141593

0.651312,1.077989,0.578764,3.141593

0.648029,1.039007,0.611382,3.141593

0.643138,0.991520,0.656150,3.141593

0.641103,0.966866,0.684470,3.141593

0.640036,0.949809,0.712863,3.141593

0.638718,0.932444,0.737994,3.141593

0.637707,0.918064,0.761300,3.141593

0.636409,0.899516,0.791631,3.141593

0.635471,0.888956,0.820760,3.141593

0.634972,0.883059,0.829320,3.141593

0.634748,0.878644,0.843643,3.141593

0.633688,0.873384,0.860206,3.141593

0.633336,0.869063,0.875455,3.141593

0.631604,0.867555,0.895822,3.141593

0.631402,0.867636,0.904364,3.141593

0.630078,0.866691,0.915321,3.141593

0.628983,0.867429,0.923181,3.141593

0.628474,0.871271,0.933239,3.141593

0.626647,0.871869,0.941349,3.141593

0.625559,0.870994,0.943732,3.141593

0.625458,0.873375,0.947204,3.141593

0.623598,0.875196,0.952712,3.141593

0.621112,0.879087,0.961528,3.141593

0.619717,0.881135,0.965338,3.141593

0.618113,0.883327,0.968741,3.141593

0.615819,0.886131,0.971076,3.141593

0.612867,0.890027,0.976953,3.141593

0.610963,0.892245,0.978993,3.141593

0.609005,0.894445,0.980809,3.141593

0.606303,0.897462,0.981115,3.141593

0.602621,0.900675,0.984729,3.141593

0.600369,0.902628,0.985651,3.141593

0.598071,0.904529,0.986418,3.141593

0.596847,0.906439,0.983217,3.141593

0.594194,0.908315,0.983541,3.141593

0.589871,0.910583,0.985770,3.141593

0.587281,0.912151,0.985844,3.141593

0.583810,0.914968,0.983144,3.141593

0.580980,0.916057,0.983394,3.141593

0.578375,0.917182,0.983133,3.141593

0.573728,0.917003,0.986026,3.141593

0.570609,0.917912,0.985314,3.141593

0.566588,0.920082,0.982401,3.141593

0.562656,0.920454,0.980586,3.141593

0.557231,0.920731,0.981580,3.141593

0.553658,0.921254,0.980427,3.141593

0.549067,0.923201,0.976942,3.141593

0.542196,0.922380,0.976367,3.141593

0.538167,0.922669,0.974852,3.141593

0.534033,0.922940,0.973300,3.141593

0.532266,0.925976,0.968610,3.141593

0.528235,0.925965,0.967002,3.141593

0.519884,0.924908,0.965643,3.141593

0.515158,0.925131,0.963735,3.141593

0.508983,0.927297,0.959144,3.141593

0.504252,0.927277,0.957222,3.141593

0.494516,0.926211,0.955264,3.141593

0.488957,0.926606,0.952973,3.141593

0.481423,0.929479,0.947461,3.141593

0.472791,0.929557,0.948067,3.141593

0.467516,0.929187,0.939871,3.141593

0.457582,0.930106,0.939752,3.141593

0.448034,0.934399,0.933478,3.141593

0.440681,0.935889,0.930299,3.141593

0.430882,0.936472,0.923577,3.141593

0.419127,0.938765,0.922886,3.141593

0.413188,0.937822,0.922423,3.141593

0.398993,0.947979,0.911584,3.141593

0.385796,0.947226,0.909945,3.141593

0.372698,0.955729,0.901645,3.141593

0.358862,0.965403,0.892975,3.141593

0.347698,0.971233,0.887797,3.141593

0.327707,0.979509,0.880850,3.141593

0.319245,0.981342,0.879322,3.141593

0.306417,0.989760,0.873407,3.141593

0.288693,1.006298,0.862740,3.141593

0.264784,1.022104,0.853756,3.141593

0.249943,1.035450,0.846661,3.141593

0.234614,1.050447,0.839224,3.141593

0.224638,1.069251,0.829830,3.141593

0.213848,1.076999,0.826846,3.141593

0.191676,1.104859,0.811164,3.141593

0.170140,1.128539,0.807273,3.141593

0.153558,1.153583,0.798841,3.141593

0.131662,1.196050,0.785714,3.141593

0.109895,1.242661,0.769505,3.141593

0.089838,1.280228,0.766254,3.141593

0.084898,1.298578,0.762589,3.141593

0.066999,1.358495,0.752685,3.141593

0.054813,1.402966,0.747670,3.141593

0.035781,1.476454,0.745614,3.141593

0.033088,1.524996,0.739631,3.141593

0.029380,1.601402,0.739643,3.141593

0.026797,1.657208,0.745454,3.141593

0.038890,1.737454,0.745012,3.141593

0.044637,1.791708,0.754954,3.141593

0.051025,1.819183,0.758095,3.141593

0.070534,1.893524,0.772375,3.141593

0.098331,1.967337,0.789633,3.141593

0.118552,2.011164,0.802146,3.141593

0.140349,2.052049,0.815498,3.141593

0.157560,2.086912,0.830127,3.141593

0.180893,2.122235,0.844923,3.141593

0.236610,2.183339,0.871287,3.141593

0.261352,2.208294,0.884815,3.141593

0.294455,2.240339,0.904803,3.141593

0.302569,2.250225,0.912507,3.141593

0.342444,2.275491,0.929134,3.141593

0.365585,2.289613,0.940143,3.141593

0.395479,2.307682,0.955721,3.141593

0.417019,2.317562,0.965272,3.141593

0.452485,2.328761,0.977283,3.141593

0.466340,2.330880,0.980122,3.141593

0.486013,2.336435,0.987529,3.141593

0.507464,2.344418,1.000706,3.141593

0.541938,2.347234,1.005943,3.141593

0.559268,2.349128,1.011016,3.141593

0.563867,2.351598,1.015086,3.141593

0.585192,2.354656,1.022811,3.141593

0.605249,2.354281,1.023986,3.141593

0.623324,2.352932,1.031993,3.141593

0.637807,2.351982,1.034398,3.141593

0.660648,2.350811,1.036104,3.141593

0.674397,2.348879,1.037576,3.141593

0.697755,2.343166,1.036569,3.141593

0.710347,2.340576,1.037063,3.141593

0.719778,2.336849,1.034600,3.141593

0.725526,2.338441,1.039457,3.141593

0.737341,2.335287,1.039196,3.141593

0.758081,2.327849,1.034947,3.141593

0.769326,2.324200,1.033558,3.141593

0.782743,2.320731,1.033617,3.141593

0.793336,2.316786,1.031292,3.141593

0.805929,2.310896,1.028392,3.141593

0.821812,2.303932,1.021609,3.141593

0.829735,2.299352,1.016692,3.141593

0.841151,2.295035,1.014315,3.141593

0.858134,2.285604,1.005227,3.141593

0.867244,2.280747,1.000962,3.141593

0.868722,2.280754,1.001863,3.141593

0.878932,2.275727,0.997651,3.141593

0.893866,2.266657,0.988254,3.141593

0.896882,2.264348,0.985526,3.141593

0.905072,2.259095,0.979642,3.141593

0.920673,2.248828,0.969336,3.141593

0.928643,2.243047,0.962996,3.141593

0.935895,2.237083,0.954432,3.141593

0.950044,2.225938,0.943065,3.141593

0.957613,2.219639,0.935982,3.141593

0.965868,2.212557,0.928364,3.141593

0.966736,2.211665,0.927533,3.141593

0.974071,2.204772,0.917192,3.141593

0.993844,2.185761,0.900512,3.141593

0.995063,2.183545,0.895732,3.141593

1.001897,2.175923,0.887201,3.141593

1.013873,2.162795,0.872671,3.141593

1.020260,2.154665,0.863962,3.141593

1.026510,2.146359,0.855028,3.141593

1.027784,2.142836,0.851498,3.141593

1.039508,2.126542,0.837659,3.141593

1.049795,2.110586,0.821349,3.141593

1.049866,2.108947,0.816414,3.141593

1.055224,2.097507,0.804953,3.141593

1.060021,2.088061,0.795677,3.141593

1.063984,2.079336,0.783607,3.141593

1.072486,2.062334,0.770637,3.141593

1.076575,2.050839,0.760115,3.141593

1.079843,2.044476,0.753951,3.141593

1.080490,2.039698,0.750264,3.141593

1.089651,2.017748,0.733071,3.141593

1.089153,2.015252,0.727688,3.141593

1.091471,2.005033,0.718608,3.141593

1.093921,1.993298,0.708893,3.141593

1.097956,1.983588,0.699260,3.141593

1.099750,1.974881,0.691853,3.141593

1.101376,1.966283,0.684651,3.141593

1.102619,1.953372,0.674727,3.141593

1.104955,1.941630,0.664064,3.141593

1.106129,1.933041,0.657449,3.141593

1.106949,1.924920,0.651022,3.141593

1.106289,1.914212,0.645028,3.141593

1.107064,1.905477,0.638727,3.141593

1.108922,1.893282,0.631838,3.141593

1.108880,1.892408,0.626519,3.141593

1.109015,1.884269,0.620653,3.141593

1.108198,1.870314,0.612028,3.141593

1.107323,1.863252,0.604142,3.141593

1.108323,1.851443,0.598359,3.141593

1.107832,1.842943,0.593004,3.141593

1.105975,1.827901,0.584972,3.141593

1.105503,1.816774,0.577452,3.141593

1.104390,1.807572,0.572369,3.141593

1.103106,1.798154,0.567365,3.141593

1.098842,1.784103,0.559742,3.141593

1.098446,1.773310,0.557284,3.141593

1.097232,1.757654,0.550402,3.141593

1.094007,1.749729,0.545631,3.141593

1.093542,1.746588,0.543373,3.141593

1.090686,1.735122,0.540126,3.141593

1.086377,1.718810,0.534331,3.141593

1.082184,1.702990,0.527963,3.141593

1.078399,1.690344,0.523815,3.141593

1.071049,1.668410,0.517813,3.141593

1.069542,1.663344,0.515889,3.141593

1.062212,1.646855,0.510130,3.141593

1.056903,1.628705,0.507048,3.141593

1.050634,1.613088,0.503933,3.141593

1.039784,1.587522,0.499987,3.141593

1.028717,1.566892,0.496066,3.141593

1.024240,1.557397,0.495246,3.141593

1.015181,1.536049,0.494052,3.141593

1.001825,1.510389,0.492678,3.141593

0.990353,1.488828,0.492362,3.141593

0.972963,1.459978,0.492628,3.141593

0.960546,1.440684,0.493495,3.141593

0.946402,1.417349,0.495847,3.141593

0.938619,1.406516,0.497125,3.141593

0.904066,1.358552,0.504912,3.141593

0.888249,1.338026,0.509641,3.141593

0.878341,1.326250,0.512963,3.141593

0.854827,1.297398,0.521515,3.141593

0.826130,1.265944,0.533675,3.141593

0.807751,1.246455,0.542250,3.141593

0.797392,1.235215,0.546942,3.141593

0.775880,1.215349,0.557079,3.141593

0.756776,1.198953,0.566644,3.141593

0.725523,1.171116,0.586100,3.141593

0.707079,1.155123,0.598420,3.141593

0.682828,1.137041,0.613399,3.141593

0.664406,1.124060,0.625855,3.141593

0.638015,1.106004,0.646373,3.141593

0.620083,1.095000,0.659644,3.141593

0.594028,1.081694,0.677029,3.141593

0.577512,1.073357,0.689906,3.141593

0.553237,1.059148,0.713764,3.141593

0.536820,1.053133,0.726370,3.141593

0.521652,1.047160,0.739401,3.141593

0.504171,1.042238,0.752626,3.141593

0.479249,1.033428,0.776851,3.141593

0.466167,1.030024,0.788821,3.141593

0.453557,1.027066,0.800535,3.141593

0.448934,1.030194,0.798588,3.141593

0.436400,1.028658,0.809038,3.141593

0.416504,1.023412,0.831523,3.141593

0.406063,1.022381,0.841378,3.141593

0.394737,1.023556,0.849035,3.141593

0.384425,1.023636,0.857901,3.141593

0.362994,1.020055,0.882470,3.141593

0.359557,1.021188,0.885693,3.141593

0.350958,1.023293,0.891196,3.141593

0.343080,1.023909,0.898521,3.141593

0.328820,1.023174,0.915104,3.141593

0.321640,1.024084,0.921602,3.141593

0.313828,1.027471,0.924785,3.141593

0.307133,1.028623,0.930576,3.141593

0.295874,1.026140,0.947651,3.141593

0.289703,1.027389,0.952651,3.141593

0.283662,1.028704,0.957406,3.141593

0.276935,1.032555,0.958324,3.141593

0.266305,1.032890,0.969536,3.141593

0.260717,1.034371,0.973139,3.141593

0.255195,1.035843,0.976391,3.141593

0.253224,1.041462,0.969049,3.141593

0.242785,1.043783,0.976682,3.141593

0.233124,1.044305,0.985641,3.141593

0.232424,1.045402,0.983046,3.141593

0.228380,1.043913,0.989002,3.141593

0.221859,1.048946,0.986737,3.141593

0.216258,1.051070,0.988294,3.141593

0.206615,1.051967,0.994395,3.141593

0.201110,1.054166,0.995236,3.141593

0.194213,1.059963,0.991844,3.141593

0.192824,1.063591,0.987675,3.141593

0.182709,1.065199,0.992280,3.141593

0.176827,1.068041,0.992264,3.141593

0.169291,1.075149,0.987676,3.141593

0.163127,1.078465,0.987158,3.141593

0.153732,1.077115,0.994480,3.141593

0.147305,1.080841,0.993568,3.141593

0.140706,1.084800,0.992383,3.141593

0.132065,1.093967,0.986364,3.141593

0.119960,1.098676,0.987637,3.141593

0.112776,1.103866,0.985831,3.141593

0.105423,1.109377,0.983746,3.141593

0.101241,1.120655,0.974270,3.141593

0.088656,1.128646,0.977475,3.141593

0.075073,1.136546,0.977326,3.141593

0.071897,1.142431,0.968858,3.141593

0.061132,1.157685,0.960944,3.141593

0.055195,1.159025,0.962974,3.141593

0.045683,1.168086,0.955489,3.141593

0.031408,1.180212,0.958419,3.141593

0.022388,1.190902,0.955118,3.141593

0.016162,1.208922,0.940227,3.141593

-0.005165,1.227474,0.944394,3.141593

-0.012911,1.238888,0.946285,3.141593

-0.016640,1.250522,0.935864,3.141593

-0.033535,1.278468,0.933984,3.141593

-0.036797,1.291632,0.923187,3.141593

-0.056819,1.317063,0.926211,3.141593

-0.059905,1.332654,0.915232,3.141593

-0.069572,1.364526,0.906226,3.141593

-0.075165,1.371775,0.906010,3.141593

-0.086980,1.399986,0.900559,3.141593

-0.092822,1.421599,0.895427,3.141593

-0.097957,1.436787,0.897745,3.141593

-0.099186,1.472174,0.882900,3.141593

-0.102842,1.494973,0.877970,3.141593

-0.108400,1.529779,0.870870,3.141593

-0.109785,1.554801,0.865469,3.141593

-0.108990,1.596726,0.857657,3.141593

-0.109680,1.606712,0.854848,3.141593

-0.104460,1.643056,0.841542,3.141593

-0.103597,1.669844,0.839848,3.141593

-0.103425,1.685087,0.841893,3.141593

-0.092422,1.724735,0.831233,3.141593

-0.085808,1.749179,0.825728,3.141593

-0.072720,1.787845,0.815601,3.141593

-0.062808,1.812572,0.809926,3.141593

-0.056587,1.823335,0.804398,3.141593

-0.047410,1.848067,0.803978,3.141593

-0.016952,1.894037,0.786089,3.141593

-0.012166,1.905382,0.786949,3.141593

0.003673,1.926610,0.780425,3.141593

0.020224,1.946771,0.774016,3.141593

0.041786,1.973795,0.768662,3.141593

0.059774,1.991678,0.762654,3.141593

0.093781,2.018009,0.749454,3.141593

0.119095,2.040419,0.744568,3.141593

0.140012,2.053293,0.737726,3.141593

0.175741,2.072796,0.726987,3.141593

0.203241,2.084253,0.717997,3.141593

0.230321,2.098312,0.713195,3.141593

0.250367,2.102114,0.705285,3.141593

0.253354,2.104243,0.705420,3.141593

0.299391,2.114358,0.691675,3.141593

0.331458,2.118944,0.682196,3.141593

0.349310,2.122738,0.679225,3.141593

0.376099,2.127907,0.674943,3.141593

0.414167,2.126874,0.664500,3.141593

0.447757,2.125099,0.655870,3.141593

0.472565,2.123471,0.650783,3.141593

0.498597,2.121807,0.646485,3.141593

0.546130,2.112686,0.636746,3.141593

0.569662,2.107199,0.632579,3.141593

0.592993,2.100813,0.628560,3.141593

0.615894,2.093759,0.624929,3.141593

0.626379,2.089195,0.621795,3.141593

0.669586,2.072301,0.615602,3.141593

0.680171,2.067119,0.614574,3.141593

0.699570,2.057667,0.611970,3.141593

0.718778,2.047403,0.609444,3.141593

0.746313,2.032322,0.607707,3.141593

0.772814,2.016122,0.604712,3.141593

0.789104,2.004742,0.603248,3.141593

0.803681,1.991436,0.600526,3.141593

0.833016,1.969166,0.599501,3.141593

0.846797,1.958464,0.599677,3.141593

0.859327,1.946797,0.599196,3.141593

0.862976,1.939524,0.597947,3.141593

0.871071,1.930443,0.595976,3.141593

0.899698,1.904435,0.597349,3.141593

0.909274,1.893100,0.597416,3.141593

0.911042,1.886046,0.596101,3.141593

0.920139,1.874142,0.596038,3.141593

0.935146,1.856935,0.598384,3.141593

0.942650,1.848351,0.599776,3.141593

0.949052,1.838517,0.600130,3.141593

0.954414,1.827436,0.599492,3.141593

0.965585,1.811219,0.601659,3.141593

0.970297,1.802716,0.602179,3.141593

0.974619,1.794468,0.602680,3.141593

0.978140,1.785415,0.601156,3.141593

0.981906,1.776250,0.603614,3.141593

0.989198,1.764822,0.603942,3.141593

0.988645,1.762054,0.603698,3.141593

0.990929,1.753763,0.603274,3.141593

0.993989,1.746346,0.603746,3.141593

0.998233,1.738490,0.605798,3.141593

1.000692,1.734563,0.607046,3.141593

1.002355,1.729267,0.607308,3.141593

1.003242,1.722718,0.606590,3.141593

1.005998,1.715271,0.607570,3.141593

1.006839,1.711007,0.607522,3.141593

1.007535,1.707044,0.607368,3.141593

1.006877,1.702818,0.605739,3.141593

1.008823,1.696707,0.606655,3.141593

1.009041,1.693687,0.606232,3.141593

1.009786,1.688451,0.605454,3.141593

1.008527,1.686933,0.604355,3.141593

1.008987,1.683499,0.603986,3.141593

1.009681,1.679049,0.603465,3.141593

1.009122,1.679415,0.603032,3.141593

1.008601,1.676298,0.601819,3.141593

1.008717,1.676737,0.601785,3.141593

1.008856,1.677345,0.601273,3.141593

1.009208,1.673999,0.600394,3.141593

1.009252,1.672860,0.599717,3.141593

1.008576,1.672582,0.598660,3.141593

1.008942,1.666726,0.597807,3.141593

1.009676,1.666510,0.596982,3.141593

1.009875,1.665880,0.596298,3.141593

1.009431,1.666077,0.595271,3.141593

1.010019,1.665116,0.594662,3.141593

1.010773,1.666633,0.593622,3.141593

1.011489,1.665924,0.593040,3.141593

1.011370,1.665149,0.591765,3.141593

1.011971,1.665012,0.591065,3.141593

1.013674,1.667543,0.590346,3.141593

1.014969,1.666932,0.589889,3.141593

1.014691,1.665624,0.589500,3.141593

1.015059,1.664810,0.588350,3.141593

1.016050,1.664839,0.587728,3.141593

1.016911,1.665113,0.587021,3.141593

1.019012,1.666695,0.585817,3.141593

1.019576,1.666124,0.584655,3.141593

1.021035,1.667261,0.584293,3.141593

1.023235,1.670940,0.583066,3.141593

1.024638,1.669357,0.582172,3.141593

1.025720,1.669815,0.581307,3.141593

1.026340,1.669493,0.579961,3.141593

1.028626,1.673544,0.578491,3.141593

1.030006,1.672082,0.577451,3.141593

1.031042,1.672666,0.576364,3.141593

1.031579,1.672611,0.574854,3.141593

1.034169,1.674301,0.573006,3.141593

1.033459,1.674670,0.572578,3.141593

1.034372,1.675511,0.571378,3.141593

1.035101,1.675910,0.569959,3.141593

1.035737,1.675809,0.568414,3.141593

1.038174,1.681007,0.566622,3.141593

1.039097,1.679981,0.565087,3.141593

1.039755,1.680961,0.563587,3.141593

1.039819,1.681363,0.561640,3.141593

1.038737,1.682539,0.561072,3.141593

1.040573,1.682705,0.558181,3.141593

1.040872,1.685719,0.556632,3.141593

1.040679,1.686713,0.554574,3.141593

1.040406,1.688798,0.552575,3.141593

1.041434,1.691034,0.549313,3.141593

1.041688,1.691229,0.547435,3.141593

1.042129,1.693113,0.545832,3.141593

1.041099,1.694089,0.543257,3.141593

1.040628,1.697788,0.539245,3.141593

1.039824,1.699354,0.536895,3.141593

1.038650,1.700047,0.536283,3.141593

1.036840,1.701410,0.533344,3.141593

1.035076,1.704527,0.530627,3.141593

1.033194,1.707305,0.525851,3.141593

1.030311,1.708174,0.522354,3.141593

1.028165,1.710961,0.519481,3.141593

1.025127,1.714421,0.516244,3.141593

1.021265,1.716125,0.510515,3.141593

1.017834,1.718309,0.507064,3.141593

1.013176,1.720423,0.503065,3.141593

1.009071,1.722682,0.499428,3.141593

1.003320,1.726690,0.493429,3.141593

0.995371,1.730005,0.488337,3.141593

0.990660,1.732356,0.484724,3.141593

0.983474,1.734868,0.480162,3.141593

0.981130,1.737768,0.479469,3.141593

0.965796,1.741208,0.470214,3.141593

0.961038,1.744033,0.467039,3.141593

0.952364,1.745709,0.462382,3.141593

0.944406,1.748019,0.458189,3.141593

0.925628,1.753060,0.449393,3.141593

0.914678,1.755738,0.444828,3.141593

0.902872,1.758485,0.440248,3.141593

0.889208,1.762073,0.435525,3.141593

0.868883,1.766889,0.428474,3.141593

0.847854,1.769970,0.422939,3.141593

0.839445,1.772407,0.421457,3.141593

0.829127,1.776228,0.418858,3.141593

0.811749,1.780388,0.415302,3.141593

0.777042,1.784177,0.409023,3.141593

0.758019,1.786146,0.406394,3.141593

0.736684,1.791070,0.404474,3.141593

0.715356,1.794268,0.402981,3.141593

0.681426,1.795880,0.401288,3.141593

0.646395,1.799330,0.401772,3.141593

0.621298,1.802162,0.403061,3.141593

0.595178,1.807871,0.405621,3.141593

0.541627,1.811059,0.412563,3.141593

0.514009,1.813771,0.417771,3.141593

0.485992,1.816386,0.424081,3.141593

0.472524,1.822290,0.428402,3.141593

0.415406,1.824269,0.445310,3.141593

0.372473,1.826799,0.460795,3.141593

0.344337,1.829109,0.472760,3.141593

0.318390,1.835962,0.485741,3.141593

0.304630,1.840615,0.492669,3.141593

0.250143,1.840467,0.522347,3.141593

0.239679,1.843086,0.529951,3.141593

0.217476,1.850471,0.545673,3.141593

0.191648,1.847312,0.562832,3.141593

0.144948,1.846486,0.598685,3.141593

0.124442,1.848543,0.616727,3.141593

0.104991,1.850545,0.634998,3.141593

0.097467,1.860432,0.643462,3.141593

0.091991,1.863669,0.650995,3.141593

0.067647,1.863832,0.677483,3.141593

0.029944,1.863174,0.717777,3.141593

0.029698,1.872812,0.722679,3.141593

0.016552,1.874844,0.740050,3.141593

-0.018872,1.872050,0.787043,3.141593

-0.020094,1.876033,0.792141,3.141593

-0.027005,1.884614,0.806069,3.141593

-0.036059,1.886631,0.821480,3.141593

-0.054530,1.886315,0.853169,3.141593

-0.061564,1.888916,0.867132,3.141593

-0.070501,1.885368,0.882638,3.141593

-0.065745,1.896717,0.878568,3.141593

-0.080919,1.896334,0.910207,3.141593

-0.091911,1.896227,0.932069,3.141593

-0.096334,1.898938,0.943158,3.141593

-0.098383,1.907424,0.951964,3.141593

-0.102741,1.910619,0.964228,3.141593

-0.111010,1.909528,0.981431,3.141593

-0.109510,1.914831,0.981144,3.141593

-0.110866,1.922948,0.988314,3.141593

-0.114152,1.924769,0.996875,3.141593

-0.121860,1.925634,1.014778,3.141593

-0.128777,1.925276,1.031128,3.141593

-0.125631,1.935738,1.027738,3.141593

-0.128383,1.937360,1.034099,3.141593

-0.131017,1.942240,1.039849,3.141593

-0.138718,1.936783,1.055189,3.141593

-0.141001,1.939320,1.060020,3.141593

-0.138343,1.949481,1.055351,3.141593

-0.144383,1.949916,1.065310,3.141593

-0.149576,1.949472,1.075622,3.141593

-0.148364,1.952500,1.073930,3.141593

-0.149065,1.959084,1.075333,3.141593

-0.151324,1.960192,1.077622,3.141593

-0.159629,1.961682,1.085785,3.141593

-0.160875,1.961576,1.089585,3.141593

-0.161537,1.967652,1.088960,3.141593

-0.161437,1.971054,1.083983,3.141593

-0.168180,1.971054,1.089334,3.141593

-0.168112,1.975449,1.084034,3.141593

-0.168768,1.980968,1.081610,3.141593

-0.171590,1.980893,1.081733,3.141593

-0.176038,1.982438,1.078091,3.141593

-0.177642,1.984615,1.075082,3.141593

-0.176795,1.985963,1.073472,3.141593

-0.177240,1.990975,1.068847,3.141593

-0.178649,1.993037,1.064594,3.141593

-0.181816,1.997638,1.057037,3.141593

-0.183164,1.998164,1.051281,3.141593

-0.182925,2.002879,1.043598,3.141593

-0.184763,2.002337,1.038111,3.141593

-0.186076,2.005058,1.023315,3.141593

-0.186692,2.006485,1.015643,3.141593

-0.185887,2.006629,1.013764,3.141593

-0.184439,2.010917,1.002958,3.141593

-0.184076,2.010837,0.992420,3.141593

-0.181955,2.015106,0.971090,3.141593

-0.180210,2.018815,0.960061,3.141593

-0.176489,2.022630,0.945424,3.141593

-0.173450,2.024405,0.931571,3.141593

-0.167243,2.025331,0.903337,3.141593

-0.161783,2.027235,0.886534,3.141593

-0.155449,2.029050,0.868950,3.141593

-0.146248,2.032575,0.848317,3.141593

-0.145060,2.028477,0.844791,3.141593

-0.123267,2.035420,0.802205,3.141593

-0.110833,2.037262,0.779997,3.141593

-0.100416,2.037635,0.760790,3.141593

-0.084903,2.036016,0.735986,3.141593

-0.051273,2.043695,0.691716,3.141593

-0.030631,2.044521,0.667036,3.141593

-0.009232,2.044451,0.643041,3.141593

0.018224,2.045884,0.616362,3.141593

0.062536,2.042231,0.574685,3.141593

0.106051,2.045632,0.544289,3.141593

0.140381,2.045023,0.521463,3.141593

0.178525,2.044505,0.499209,3.141593

0.253605,2.041708,0.462402,3.141593

0.272856,2.042016,0.455813,3.141593

0.297508,2.035827,0.444541,3.141593

0.340075,2.033792,0.430759,3.141593

0.382813,2.027598,0.418663,3.141593

0.460460,2.026445,0.405049,3.141593

0.499603,2.023685,0.400865,3.141593

0.538692,2.020926,0.398741,3.141593

0.577369,2.015045,0.398041,3.141593

0.639366,2.017149,0.403373,3.141593

0.670067,2.014851,0.407448,3.141593

0.698948,2.012747,0.412594,3.141593

0.726602,2.011071,0.418813,3.141593

0.762946,2.004382,0.428880,3.141593

0.783916,2.003475,0.436149,3.141593

0.813182,2.007454,0.447900,3.141593

0.831077,2.007145,0.456011,3.141593

0.853312,2.003481,0.467948,3.141593

0.862541,2.005861,0.472254,3.141593

0.868345,2.002251,0.476251,3.141593

0.893197,2.012168,0.491724,3.141593

0.903932,2.012424,0.499461,3.141593

0.907645,2.010021,0.505862,3.141593

0.919913,2.016539,0.516205,3.141593

0.926147,2.018884,0.522762,3.141593

0.931548,2.021378,0.529031,3.141593

0.936915,2.023455,0.538030,3.141593

0.943738,2.030889,0.546477,3.141593

0.946568,2.034312,0.551749,3.141593

0.947209,2.034042,0.552104,3.141593

0.949864,2.038169,0.557438,3.141593

0.952579,2.046263,0.566471,3.141593

0.953521,2.050617,0.570797,3.141593

0.954212,2.055092,0.574923,3.141593

0.954632,2.060547,0.579084,3.141593

0.954607,2.065339,0.582769,3.141593

0.953799,2.074432,0.589326,3.141593

0.953153,2.078308,0.592164,3.141593

0.951909,2.085921,0.595513,3.141593

0.949230,2.095219,0.600287,3.141593

0.947758,2.099018,0.602209,3.141593

0.945889,2.104260,0.604188,3.141593

0.943817,2.109524,0.605969,3.141593

0.939353,2.120332,0.609020,3.141593

0.936932,2.125684,0.610311,3.141593

0.934413,2.131032,0.611477,3.141593

0.931931,2.136325,0.612494,3.141593

0.927661,2.144889,0.614222,3.141593

0.924112,2.152513,0.615062,3.141593

0.921491,2.157823,0.615779,3.141593

0.920794,2.159810,0.615948,3.141593

0.916396,2.169283,0.616685,3.141593

0.911427,2.179172,0.618100,3.141593

0.909048,2.184456,0.618545,3.141593

0.907827,2.187972,0.619137,3.141593

0.903950,2.195700,0.619232,3.141593

0.902435,2.200855,0.620240,3.141593

0.899320,2.207788,0.620537,3.141593

0.898275,2.210833,0.620765,3.141593

0.896360,2.216120,0.621198,3.141593

0.893817,2.224560,0.621886,3.141593

0.891223,2.232118,0.622562,3.141593

0.889695,2.237417,0.623036,3.141593

0.888249,2.242702,0.623536,3.141593

0.885824,2.253402,0.624583,3.141593

0.884723,2.258718,0.625143,3.141593

0.883707,2.264019,0.625733,3.141593

0.882884,2.269351,0.626315,3.141593

0.881437,2.280100,0.627598,3.141593

0.880807,2.285414,0.628246,3.141593

0.879816,2.287199,0.628412,3.141593

0.879370,2.292483,0.629052,3.141593

0.878059,2.299469,0.629920,3.141593

0.877859,2.309861,0.631533,3.141593

0.878421,2.313624,0.631931,3.141593

0.878422,2.318891,0.632689,3.141593

0.878477,2.324150,0.633466,3.141593

0.880431,2.331918,0.634778,3.141593

0.879863,2.338643,0.635774,3.141593

0.879068,2.339860,0.635886,3.141593

0.879408,2.345114,0.636720,3.141593

0.879103,2.351451,0.637700,3.141593

0.880802,2.360848,0.639334,3.141593

0.881382,2.366081,0.640216,3.141593

0.881983,2.371311,0.641103,3.141593

0.881451,2.378987,0.642653,3.141593

0.884793,2.385370,0.643356,3.141593

0.884903,2.392280,0.644825,3.141593

0.885704,2.397474,0.645738,3.141593

0.886528,2.402705,0.646645,3.141593

0.889792,2.410376,0.647794,3.141593

0.890209,2.416242,0.648812,3.141593

0.890327,2.423312,0.650342,3.141593

0.891182,2.428613,0.651257,3.141593

0.892898,2.439260,0.653102,3.141593

0.893731,2.444632,0.653978,3.141593

0.894582,2.449939,0.654821,3.141593

0.895395,2.455267,0.655652,3.141593

0.896990,2.466010,0.657300,3.141593

0.897765,2.471324,0.658046,3.141593

0.898496,2.476637,0.658760,3.141593

0.899161,2.481958,0.659435,3.141593

0.900428,2.492687,0.660721,3.141593

0.900995,2.498001,0.661306,3.141593

0.901496,2.503313,0.661846,3.141593

0.901906,2.508629,0.662332,3.141593

0.902662,2.519273,0.663185,3.141593

0.902902,2.524559,0.663502,3.141593

0.903037,2.524127,0.663273,3.141593

0.902981,2.529796,0.663688,3.141593

0.903082,2.535053,0.663871,3.141593

0.903004,2.545557,0.664072,3.141593

0.902775,2.550746,0.664021,3.141593

0.902415,2.555951,0.663861,3.141593

0.901968,2.561111,0.663624,3.141593

0.902370,2.570403,0.663150,3.141593

0.899791,2.576486,0.662361,3.141593

0.898676,2.581555,0.661667,3.141593

0.897479,2.586527,0.660873,3.141593

0.894433,2.596457,0.658947,3.141593

0.892558,2.601276,0.657705,3.141593

0.890450,2.606016,0.656312,3.141593

0.891153,2.604719,0.655686,3.141593

0.888085,2.610589,0.654702,3.141593

0.882562,2.619771,0.651207,3.141593

0.879366,2.624123,0.649132,3.141593

0.875849,2.628330,0.646848,3.141593

0.871871,2.632480,0.644351,3.141593

0.866585,2.640649,0.640636,3.141593

0.858133,2.643653,0.635551,3.141593

0.852612,2.646939,0.632066,3.141593

0.846526,2.649957,0.628266,3.141593

0.833156,2.655109,0.619945,3.141593

0.825511,2.657126,0.615254,3.141593

0.817216,2.658690,0.610175,3.141593

0.815384,2.659477,0.606768,3.141593

0.804014,2.653950,0.599264,3.141593

0.781226,2.656875,0.588506,3.141593

0.778466,2.656240,0.584272,3.141593

0.756275,2.653844,0.574416,3.141593

0.755107,2.647844,0.567334,3.141593

0.711473,2.642045,0.550418,3.141593

0.706553,2.638177,0.544820,3.141593

0.688215,2.630937,0.535793,3.141593

0.671675,2.615819,0.523208,3.141593

0.625632,2.599073,0.507567,3.141593

0.601368,2.584498,0.498126,3.141593

0.574958,2.567723,0.489021,3.141593

0.550465,2.539564,0.476298,3.141593

0.487245,2.501560,0.465622,3.141593

0.454539,2.473755,0.460249,3.141593

0.420039,2.442806,0.456744,3.141593

0.388408,2.397350,0.451574,3.141593

0.313518,2.332750,0.460864,3.141593

0.253857,2.272298,0.475868,3.141593

0.241863,2.246805,0.479744,3.141593

0.212026,2.188277,0.492331,3.141593

0.163792,2.142153,0.521796,3.141593

0.115442,2.076639,0.559279,3.141593

0.091026,2.031833,0.586028,3.141593

0.069146,1.988801,0.615249,3.141593

0.044620,1.936666,0.658548,3.141593

0.028525,1.882240,0.695309,3.141593

0.029064,1.861868,0.709247,3.141593

0.019126,1.829220,0.741564,3.141593

0.017257,1.790067,0.773837,3.141593

-0.001732,1.737090,0.849185,3.141593

-0.001131,1.710616,0.887587,3.141593

0.002879,1.704065,0.889049,3.141593

0.008875,1.679259,0.915632,3.141593

0.006546,1.648788,0.974430,3.141593

0.010408,1.636277,0.995387,3.141593

0.012742,1.634389,1.003385,3.141593

0.017412,1.623360,1.022420,3.141593

0.029853,1.607274,1.047357,3.141593

0.033459,1.595953,1.072393,3.141593

0.039326,1.588291,1.086829,3.141593

0.041380,1.585935,1.087678,3.141593

0.046590,1.579677,1.101267,3.141593

0.057233,1.568665,1.125613,3.141593

0.061317,1.562631,1.142838,3.141593

0.066557,1.560432,1.146881,3.141593

0.072829,1.555298,1.156810,3.141593

0.079394,1.551105,1.172715,3.141593

0.084951,1.547106,1.180582,3.141593

0.088545,1.544951,1.187620,3.141593

0.092143,1.542837,1.193509,3.141593

0.099754,1.538239,1.204619,3.141593

0.103075,1.536350,1.209592,3.141593

0.106194,1.534613,1.214200,3.141593

0.105180,1.535332,1.214455,3.141593

0.107307,1.534134,1.218510,3.141593

0.112521,1.530500,1.227403,3.141593

0.114539,1.529785,1.228163,3.141593

0.116826,1.528142,1.230474,3.141593

0.118287,1.527019,1.232628,3.141593

0.121390,1.524742,1.234635,3.141593

0.121798,1.523654,1.237220,3.141593

0.122161,1.522824,1.238093,3.141593

0.119475,1.524757,1.238081,3.141593

0.119506,1.524077,1.238730,3.141593

0.118675,1.523067,1.238305,3.141593

0.120667,1.520387,1.238807,3.141593

0.119969,1.519708,1.238276,3.141593

0.118552,1.519450,1.237543,3.141593

0.113669,1.521479,1.236004,3.141593

0.113340,1.518463,1.233032,3.141593

0.111088,1.518361,1.231081,3.141593

0.108324,1.518419,1.228611,3.141593

0.099481,1.524952,1.227778,3.141593

0.097842,1.522231,1.221707,3.141593

0.094148,1.522694,1.219164,3.141593

0.090047,1.523459,1.215297,3.141593

0.080483,1.528415,1.210533,3.141593

0.077017,1.526293,1.201978,3.141593

0.071943,1.527727,1.196543,3.141593

0.066652,1.529387,1.190766,3.141593

0.055253,1.536712,1.181617,3.141593

0.050171,1.536242,1.168389,3.141593

0.043486,1.538641,1.163208,3.141593

0.037127,1.541785,1.154940,3.141593

0.023143,1.551890,1.144935,3.141593

0.023788,1.546163,1.131546,3.141593

0.017408,1.551802,1.116901,3.141593

0.010403,1.557052,1.105323,3.141593

0.003293,1.562921,1.093045,3.141593

-0.011754,1.577487,1.065305,3.141593

-0.019223,1.585933,1.050214,3.141593

-0.026533,1.595273,1.034107,3.141593

-0.033880,1.605944,1.016596,3.141593

-0.040623,1.616874,0.988430,3.141593

-0.054620,1.645866,0.957625,3.141593

-0.060422,1.662234,0.935130,3.141593

-0.065932,1.680684,0.911603,3.141593

-0.074609,1.723922,0.861137,3.141593

-0.077108,1.749126,0.833843,3.141593

-0.085917,1.763742,0.831955,3.141593

-0.086648,1.792168,0.803667,3.141593

-0.085753,1.823276,0.774791,3.141593

-0.077767,1.894728,0.715563,3.141593

-0.062198,1.917076,0.686170,3.141593

-0.051614,1.959464,0.656436,3.141593

-0.038496,2.004292,0.628226,3.141593

-0.052106,2.040571,0.630413,3.141593

0.005918,2.138872,0.567424,3.141593

0.030375,2.189602,0.547238,3.141593

0.041086,2.220354,0.539033,3.141593

0.064642,2.287460,0.528749,3.141593

0.132797,2.367449,0.504849,3.141593

0.170825,2.397824,0.494634,3.141593

0.204761,2.440707,0.492929,3.141593

0.239141,2.480839,0.494148,3.141593

0.305473,2.550445,0.503860,3.141593

0.337215,2.579833,0.511295,3.141593

0.367385,2.605976,0.520109,3.141593

0.396560,2.629077,0.529823,3.141593

0.434238,2.657441,0.546412,3.141593

0.434322,2.657293,0.546313,3.141593

0.473853,2.681167,0.561543,3.141593

0.496631,2.693733,0.572310,3.141593

0.517593,2.704122,0.582804,3.141593

0.555363,2.719807,0.603010,3.141593

0.572220,2.725248,0.612412,3.141593

0.587723,2.729403,0.621337,3.141593

0.585354,2.732346,0.623427,3.141593

0.597618,2.737609,0.633443,3.141593

0.637902,2.736527,0.652495,3.141593

0.647799,2.736490,0.659083,3.141593

0.650675,2.734276,0.662132,3.141593

0.659782,2.740538,0.670187,3.141593

0.666099,2.733588,0.674373,3.141593

0.682222,2.734512,0.684573,3.141593

0.684855,2.730521,0.686078,3.141593

0.690232,2.728567,0.690406,3.141593

0.696279,2.723450,0.696269,3.141593

0.703126,2.722236,0.701885,3.141593

0.706429,2.720058,0.705163,3.141593

0.707114,2.717062,0.706537,3.141593

0.712302,2.712900,0.712364,3.141593

0.715773,2.711831,0.716424,3.141593

0.716821,2.712845,0.717881,3.141593

0.718465,2.708250,0.721044,3.141593

0.719370,2.709122,0.722317,3.141593

0.719630,2.704164,0.723878,3.141593

0.720898,2.703730,0.726967,3.141593

0.721296,2.702506,0.728747,3.141593

0.721310,2.700355,0.729288,3.141593

0.722075,2.700783,0.730082,3.141593

0.721900,2.699453,0.733319,3.141593

0.721768,2.698784,0.734723,3.141593

0.721418,2.698287,0.736066,3.141593

0.720536,2.698525,0.737584,3.141593

0.719741,2.698290,0.739989,3.141593

0.719851,2.697700,0.740771,3.141593

0.718418,2.698719,0.742121,3.141593

0.717782,2.699069,0.743059,3.141593

0.716651,2.699956,0.744827,3.141593

0.715877,2.700739,0.745575,3.141593

0.715147,2.701525,0.746230,3.141593

0.714285,2.702439,0.746838,3.141593

0.712877,2.704446,0.747874,3.141593

0.712149,2.705546,0.748222,3.141593

0.711428,2.706686,0.748507,3.141593

0.711140,2.706782,0.748460,3.141593

0.710423,2.707943,0.748666,3.141593

0.710763,2.709007,0.748197,3.141593

0.708737,2.711567,0.748717,3.141593

0.708136,2.712823,0.748515,3.141593

0.707406,2.714138,0.748215,3.141593

0.708417,2.715314,0.746764,3.141593

0.706206,2.717782,0.746472,3.141593

0.705834,2.718889,0.745624,3.141593

0.707324,2.718859,0.744297,3.141593

0.705146,2.721869,0.741967,3.141593

0.705096,2.720741,0.740790,3.141593

0.707225,2.720216,0.739084,3.141593

0.704590,2.723380,0.738514,3.141593

0.704653,2.723815,0.736463,3.141593

0.707817,2.723085,0.732117,3.141593

0.705782,2.723767,0.728978,3.141593

0.706220,2.723284,0.725878,3.141593

0.709009,2.722089,0.723212,3.141593

0.710825,2.719720,0.715883,3.141593

0.708742,2.716303,0.711666,3.141593

0.709756,2.713994,0.706986,3.141593

0.709480,2.715854,0.705511,3.141593

0.718945,2.703355,0.695765,3.141593

0.718363,2.699605,0.686004,3.141593

0.720271,2.694233,0.679255,3.141593

0.717021,2.694269,0.674679,3.141593

0.719490,2.687207,0.666904,3.141593

0.724838,2.669782,0.649607,3.141593

0.727616,2.659147,0.639992,3.141593

0.730619,2.646970,0.629747,3.141593

0.733356,2.633055,0.618606,3.141593

0.745135,2.603743,0.599712,3.141593

0.743798,2.580847,0.585771,3.141593

0.752043,2.564880,0.578062,3.141593

0.751438,2.531336,0.558380,3.141593

0.764059,2.485509,0.541192,3.141593

0.765219,2.427855,0.516530,3.141593

0.774730,2.399204,0.509982,3.141593

0.777717,2.352643,0.497668,3.141593

0.771951,2.322460,0.487596,3.141593

0.777854,2.203307,0.473844,3.141593

0.776483,2.136615,0.471970,3.141593

0.775630,2.064719,0.476252,3.141593

0.770239,1.990685,0.485437,3.141593

0.769004,1.867448,0.519642,3.141593

0.748284,1.783724,0.545392,3.141593

0.736172,1.712491,0.578884,3.141593

0.735525,1.673264,0.604370,3.141593

0.725597,1.592902,0.660882,3.141593

0.687828,1.519845,0.717266,3.141593

0.672798,1.475580,0.762289,3.141593

0.659670,1.437952,0.807330,3.141593

0.644335,1.406424,0.849736,3.141593

0.621117,1.359641,0.928802,3.141593

0.610248,1.342608,0.964305,3.141593

0.600423,1.329025,0.997064,3.141593

0.600721,1.325033,1.015023,3.141593

0.586558,1.307772,1.051792,3.141593

0.570210,1.297671,1.094731,3.141593

0.572801,1.297822,1.107124,3.141593

0.564782,1.295435,1.123454,3.141593

0.558359,1.292901,1.142326,3.141593

0.558177,1.293134,1.168563,3.141593

0.547443,1.290258,1.190377,3.141593

0.544042,1.290365,1.203734,3.141593

0.539527,1.290719,1.215841,3.141593

0.540372,1.293759,1.232110,3.141593

0.530928,1.291036,1.243400,3.141593

0.533200,1.293353,1.247699,3.141593

0.528835,1.294412,1.256170,3.141593

0.527612,1.295574,1.264713,3.141593

0.517719,1.297227,1.282462,3.141593

0.518937,1.299134,1.285060,3.141593

0.514283,1.300091,1.290931,3.141593

0.511959,1.301097,1.296878,3.141593

0.506855,1.303046,1.306806,3.141593

0.503452,1.303736,1.311454,3.141593

0.499717,1.304353,1.315871,3.141593

0.493902,1.303940,1.318804,3.141593

0.492899,1.304822,1.320269,3.141593

0.485611,1.305604,1.327764,3.141593

0.481183,1.305810,1.331021,3.141593

0.477829,1.305921,1.334430,3.141593

0.471098,1.305998,1.337435,3.141593

0.461274,1.305595,1.343042,3.141593

0.456182,1.305577,1.345386,3.141593

0.452077,1.305429,1.345719,3.141593

0.441880,1.305218,1.349956,3.141593

0.434779,1.305080,1.350432,3.141593

0.423301,1.303992,1.354034,3.141593

0.419343,1.303239,1.355557,3.141593

0.411227,1.302746,1.357120,3.141593

0.400759,1.302300,1.358356,3.141593

0.383766,1.301061,1.360706,3.141593

0.373992,1.300609,1.361681,3.141593

0.368485,1.301325,1.361797,3.141593

0.356249,1.301175,1.362472,3.141593

0.340679,1.301658,1.363256,3.141593

0.324169,1.300487,1.362988,3.141593

0.316740,1.299582,1.363239,3.141593

0.304441,1.299622,1.364632,3.141593

0.288525,1.300647,1.364604,3.141593

0.263674,1.301437,1.364591,3.141593

0.248977,1.302578,1.364352,3.141593

0.233891,1.304035,1.364036,3.141593

0.217188,1.306219,1.363592,3.141593

0.201295,1.311359,1.363300,3.141593

0.177121,1.313666,1.361367,3.141593

0.159508,1.317082,1.361392,3.141593

0.141148,1.321200,1.360546,3.141593

0.131876,1.321706,1.359819,3.141593

0.095925,1.331000,1.357124,3.141593

0.077548,1.336415,1.356629,3.141593

0.058268,1.342707,1.355374,3.141593

0.038259,1.349959,1.353530,3.141593

0.017424,1.361929,1.353733,3.141593

-0.011737,1.372475,1.351276,3.141593

-0.031910,1.382012,1.349685,3.141593

-0.041620,1.384812,1.348141,3.141593

-0.061656,1.395230,1.346514,3.141593

-0.090857,1.409588,1.343337,3.141593

-0.112029,1.426943,1.342935,3.141593

-0.131713,1.439890,1.341079,3.141593

-0.150851,1.453254,1.339036,3.141593

-0.180064,1.477701,1.336675,3.141593

-0.207145,1.497907,1.333270,3.141593

-0.215377,1.502715,1.331737,3.141593

-0.232528,1.518307,1.329680,3.141593

-0.249382,1.534615,1.327628,3.141593

-0.282234,1.569563,1.323289,3.141593

-0.297400,1.587129,1.321101,3.141593

-0.312288,1.605563,1.318940,3.141593

-0.325650,1.622821,1.316621,3.141593

-0.345551,1.653561,1.314010,3.141593

-0.363364,1.678391,1.309641,3.141593

-0.369165,1.690811,1.308987,3.141593

-0.373400,1.694524,1.307046,3.141593

-0.383779,1.712744,1.304523,3.141593

-0.403275,1.750987,1.299589,3.141593

-0.411609,1.768876,1.296890,3.141593

-0.419297,1.786556,1.294128,3.141593

-0.426064,1.802992,1.291172,3.141593

-0.431946,1.824935,1.291024,3.141593

-0.441072,1.848502,1.285339,3.141593

-0.446191,1.865097,1.282316,3.141593

-0.450604,1.880443,1.278998,3.141593

-0.453111,1.886158,1.275636,3.141593

-0.459669,1.910334,1.269137,3.141593

-0.463939,1.936033,1.265796,3.141593

-0.466558,1.951522,1.262153,3.141593

-0.468686,1.966050,1.258082,3.141593

-0.469446,1.982547,1.258371,3.141593

-0.472112,2.004558,1.250426,3.141593

-0.473097,2.011228,1.245918,3.141593

-0.473767,2.025412,1.241217,3.141593

-0.474139,2.040193,1.236724,3.141593

-0.473823,2.070819,1.228254,3.141593

-0.473074,2.085394,1.223371,3.141593

-0.471976,2.099958,1.218301,3.141593

-0.470439,2.114239,1.212537,3.141593

-0.467255,2.138482,1.201569,3.141593

-0.464017,2.153767,1.200585,3.141593

-0.462576,2.163580,1.196435,3.141593

-0.459310,2.178094,1.189946,3.141593

-0.452858,2.202396,1.182881,3.141593

-0.449329,2.217429,1.173836,3.141593

-0.443463,2.233728,1.164974,3.141593

-0.438262,2.248816,1.159087,3.141593

-0.432017,2.264402,1.151692,3.141593

-0.418718,2.295371,1.138646,3.141593

-0.411148,2.310904,1.131683,3.141593

-0.403037,2.326433,1.124726,3.141593

-0.397662,2.336344,1.118727,3.141593

-0.375530,2.372905,1.103866,3.141593

-0.369977,2.381331,1.102316,3.141593

-0.359765,2.396230,1.095699,3.141593

-0.352765,2.405721,1.089738,3.141593

-0.340930,2.422053,1.084052,3.141593

-0.319704,2.447992,1.071760,3.141593

-0.308821,2.459942,1.065168,3.141593

-0.296123,2.473618,1.058815,3.141593

-0.284074,2.486276,1.053451,3.141593

-0.264068,2.506541,1.045025,3.141593

-0.248055,2.521749,1.040300,3.141593

-0.235402,2.532711,1.035316,3.141593

-0.223279,2.543351,1.031759,3.141593

-0.202304,2.560533,1.024705,3.141593

-0.189083,2.571366,1.022344,3.141593

-0.180607,2.577046,1.017960,3.141593

-0.170403,2.584773,1.015556,3.141593

-0.153956,2.596887,1.010785,3.141593

-0.146470,2.602537,1.009158,3.141593

-0.138658,2.608100,1.007275,3.141593

-0.130915,2.613481,1.005214,3.141593

-0.129806,2.614072,1.005045,3.141593

-0.123472,2.620221,1.006585,3.141593

-0.112772,2.626822,1.001043,3.141593

-0.107634,2.630641,0.999560,3.141593

-0.103382,2.634093,0.998406,3.141593

-0.097568,2.639883,0.996802,3.141593

-0.095370,2.642479,0.995891,3.141593

-0.094086,2.644732,0.995151,3.141593

-0.092443,2.647026,0.994087,3.141593

-0.088867,2.651463,0.991228,3.141593

-0.092182,2.652423,0.991626,3.141593

-0.095496,2.651434,0.992677,3.141593

-0.096481,2.652801,0.991572,3.141593

-0.094253,2.655148,0.989445,3.141593

-0.099244,2.657115,0.987610,3.141593

-0.102395,2.657862,0.986474,3.141593

-0.105953,2.658486,0.985295,3.141593

-0.105594,2.658338,0.984683,3.141593

-0.109478,2.658620,0.982971,3.141593

-0.125721,2.657100,0.981893,3.141593

-0.125200,2.659137,0.979256,3.141593

-0.131126,2.658956,0.977617,3.141593

-0.137801,2.658214,0.975252,3.141593

-0.159937,2.654342,0.973189,3.141593

-0.160488,2.656199,0.970219,3.141593

-0.169251,2.654859,0.967999,3.141593

-0.178416,2.652858,0.964819,3.141593

-0.197950,2.649521,0.960705,3.141593

-0.208837,2.646981,0.957882,3.141593

-0.220159,2.644701,0.955972,3.141593

-0.231961,2.641511,0.952933,3.141593

-0.246831,2.639014,0.945736,3.141593

-0.270840,2.629189,0.942748,3.141593

-0.285093,2.623915,0.938956,3.141593

-0.299989,2.617959,0.934946,3.141593

-0.331942,2.603669,0.926217,3.141593

-0.349022,2.595129,0.921515,3.141593

-0.366759,2.585600,0.916594,3.141593

-0.372197,2.583725,0.910659,3.141593

-0.410671,2.559783,0.899450,3.141593

-0.445548,2.534339,0.894686,3.141593

-0.446827,2.531549,0.892472,3.141593

-0.468712,2.514262,0.886462,3.141593

-0.492697,2.491430,0.877742,3.141593

-0.538558,2.449095,0.867630,3.141593

-0.563086,2.422058,0.861378,3.141593

-0.588380,2.391638,0.855460,3.141593

-0.615310,2.351920,0.846821,3.141593

-0.646860,2.308840,0.838203,3.141593

-0.686166,2.242835,0.839320,3.141593

-0.709191,2.194276,0.836778,3.141593

-0.730737,2.141875,0.836086,3.141593

-0.755926,2.053114,0.830219,3.141593

-0.779187,1.963577,0.844918,3.141593

-0.778794,1.951075,0.843651,3.141593

-0.787360,1.886046,0.851961,3.141593

-0.795640,1.794143,0.875558,3.141593

-0.791859,1.691843,0.903399,3.141593

-0.777124,1.624844,0.908229,3.141593

-0.764489,1.564961,0.927433,3.141593

-0.754155,1.520334,0.946085,3.141593

-0.717896,1.433003,0.973978,3.141593

-0.695798,1.386701,0.995777,3.141593

-0.669494,1.334199,1.030407,3.141593

-0.645841,1.298794,1.051049,3.141593

-0.601924,1.247148,1.079146,3.141593

-0.576303,1.216388,1.108055,3.141593

-0.569480,1.210499,1.110456,3.141593

-0.548098,1.190511,1.127493,3.141593

-0.518870,1.164762,1.153864,3.141593

-0.487376,1.142445,1.179624,3.141593

-0.470243,1.131894,1.192143,3.141593

-0.455622,1.124942,1.197550,3.141593

-0.434375,1.112843,1.216222,3.141593

-0.412724,1.103596,1.234208,3.141593

-0.401439,1.100083,1.238205,3.141593

-0.390850,1.096374,1.246677,3.141593

-0.384747,1.094760,1.253428,3.141593

-0.367041,1.089746,1.267704,3.141593

-0.359575,1.088019,1.274126,3.141593

-0.352874,1.086687,1.280069,3.141593

-0.350085,1.085801,1.280818,3.141593

-0.341250,1.083900,1.286518,3.141593

-0.334988,1.083314,1.297887,3.141593

-0.331007,1.083236,1.299033,3.141593

-0.330856,1.083625,1.302580,3.141593

-0.328290,1.083412,1.305870,3.141593

-0.323950,1.083291,1.309247,3.141593

-0.323545,1.083051,1.313908,3.141593

-0.323213,1.082958,1.316055,3.141593

-0.323528,1.082925,1.317996,3.141593

-0.325044,1.082561,1.321286,3.141593

-0.324272,1.082337,1.322356,3.141593

-0.326640,1.082298,1.322626,3.141593

-0.328547,1.082000,1.323835,3.141593

-0.330985,1.081699,1.324916,3.141593

-0.336423,1.080670,1.326654,3.141593

-0.339812,1.080007,1.327347,3.141593

-0.339483,1.080001,1.326623,3.141593

-0.343463,1.079336,1.327271,3.141593

-0.347240,1.078587,1.327109,3.141593

-0.351843,1.077598,1.327561,3.141593

-0.361395,1.075342,1.328993,3.141593

-0.366744,1.074193,1.329298,3.141593

-0.372102,1.072685,1.330172,3.141593

-0.383325,1.069581,1.330528,3.141593

-0.389129,1.067934,1.330684,3.141593

-0.395511,1.066097,1.330760,3.141593

-0.402266,1.064253,1.330806,3.141593

-0.409774,1.062510,1.330353,3.141593

-0.411282,1.062685,1.331937,3.141593

-0.424066,1.058431,1.330376,3.141593

-0.431771,1.056313,1.330346,3.141593

-0.438203,1.053859,1.330711,3.141593

-0.453611,1.049181,1.330497,3.141593

-0.461827,1.046793,1.330388,3.141593

-0.470455,1.044455,1.330267,3.141593

-0.478741,1.042009,1.330136,3.141593

-0.496293,1.037020,1.328721,3.141593

-0.505602,1.034519,1.329465,3.141593

-0.515039,1.032103,1.329237,3.141593

-0.517892,1.032832,1.328934,3.141593

-0.530380,1.031116,1.328332,3.141593

-0.555291,1.022588,1.328052,3.141593

-0.565909,1.020387,1.327757,3.141593

-0.569565,1.021389,1.328437,3.141593

-0.599708,1.014243,1.326596,3.141593

-0.603395,1.015360,1.327246,3.141593

-0.615400,1.013677,1.326811,3.141593

-0.624467,1.011039,1.325717,3.141593

-0.636975,1.009560,1.325197,3.141593

-0.662693,1.007184,1.323085,3.141593

-0.675574,1.005977,1.323366,3.141593

-0.689462,1.005347,1.322642,3.141593

-0.704116,1.005166,1.321901,3.141593

-0.733695,1.005458,1.319263,3.141593

-0.748618,1.005794,1.319274,3.141593

-0.764365,1.006787,1.318317,3.141593

-0.780977,1.008429,1.317362,3.141593

-0.813947,1.012316,1.315204,3.141593

-0.831283,1.015143,1.314126,3.141593

-0.848964,1.018493,1.313039,3.141593

-0.868478,1.023403,1.310932,3.141593

-0.882155,1.031937,1.310970,3.141593

-0.911143,1.036765,1.309952,3.141593

-0.924036,1.038549,1.308218,3.141593

-0.942833,1.044741,1.306909,3.141593

-0.963198,1.052628,1.305648,3.141593

-0.994913,1.062849,1.303431,3.141593

-1.022855,1.079096,1.301640,3.141593

-1.031346,1.086696,1.301221,3.141593

-1.052418,1.098427,1.299983,3.141593

-1.072799,1.110398,1.298711,3.141593

-1.112703,1.136240,1.296174,3.141593

-1.125101,1.141921,1.295337,3.141593

-1.144396,1.156237,1.294070,3.141593

-1.164625,1.172831,1.293026,3.141593

-1.179803,1.192844,1.292558,3.141593

-1.207787,1.214180,1.292063,3.141593

-1.227568,1.235409,1.289751,3.141593

-1.245465,1.255173,1.289013,3.141593

-1.255627,1.262975,1.288237,3.141593

-1.267969,1.285306,1.288205,3.141593

-1.291193,1.309986,1.288304,3.141593

-1.307348,1.334428,1.286243,3.141593

-1.319705,1.351557,1.287478,3.141593

-1.338057,1.387574,1.285670,3.141593

-1.358142,1.422619,1.283134,3.141593

-1.363929,1.427455,1.284348,3.141593

-1.373907,1.448702,1.284374,3.141593

-1.382818,1.468852,1.284252,3.141593

-1.398232,1.507584,1.283962,3.141593

-1.404927,1.526623,1.283978,3.141593

-1.412126,1.554351,1.284588,3.141593

-1.418010,1.580055,1.285041,3.141593

-1.425917,1.611238,1.282960,3.141593

-1.429406,1.620429,1.284752,3.141593

-1.432507,1.628664,1.284713,3.141593

-1.435409,1.643069,1.284613,3.141593

-1.440216,1.670625,1.284619,3.141593

-1.442208,1.683321,1.284750,3.141593

-1.443963,1.695393,1.284866,3.141593

-1.445549,1.706784,1.285212,3.141593

-1.448172,1.728069,1.285180,3.141593

-1.449339,1.737677,1.285255,3.141593

-1.448867,1.741119,1.285813,3.141593

-1.450040,1.749502,1.286115,3.141593

-1.451706,1.754258,1.285905,3.141593

-1.453629,1.770149,1.285807,3.141593

-1.454647,1.777107,1.285877,3.141593

-1.455873,1.782982,1.286197,3.141593

-1.456853,1.789376,1.285995,3.141593

-1.456735,1.808313,1.284136,3.141593

-1.457012,1.807427,1.284397,3.141593

-1.460362,1.805349,1.285836,3.141593

-1.461759,1.809711,1.285872,3.141593

-1.463458,1.813099,1.286135,3.141593

-1.463806,1.828605,1.284320,3.141593

-1.468286,1.824145,1.286010,3.141593

-1.470255,1.826848,1.286049,3.141593

-1.470660,1.825866,1.286684,3.141593

-1.472608,1.828761,1.286864,3.141593

-1.477243,1.832901,1.286745,3.141593

-1.479997,1.833962,1.286832,3.141593

-1.482359,1.836141,1.286736,3.141593

-1.485645,1.836328,1.287215,3.141593

-1.488185,1.846608,1.285655,3.141593

-1.494827,1.839212,1.287728,3.141593

-1.498575,1.830241,1.289847,3.141593

-1.499398,1.837009,1.288655,3.141593

-1.503114,1.836958,1.288998,3.141593

-1.506990,1.845305,1.287661,3.141593

-1.514200,1.837754,1.289712,3.141593

-1.518585,1.836841,1.290190,3.141593

-1.523562,1.834757,1.290977,3.141593

-1.528766,1.841487,1.289810,3.141593

-1.537435,1.831867,1.292319,3.141593

-1.542572,1.830132,1.292896,3.141593

-1.543938,1.827055,1.293481,3.141593

-1.549569,1.824302,1.294050,3.141593

-1.559684,1.822101,1.295076,3.141593

-1.565049,1.820612,1.295787,3.141593

-1.571386,1.817042,1.296812,3.141593

-1.577344,1.814427,1.297525,3.141593

-1.578366,1.811957,1.297442,3.141593

-1.589829,1.808479,1.298641,3.141593

-1.599741,1.797274,1.301277,3.141593

-1.603264,1.800909,1.300412,3.141593

-1.610561,1.795988,1.301047,3.141593

-1.623197,1.791296,1.302299,3.141593

-1.630226,1.787380,1.303040,3.141593

-1.637902,1.782198,1.304083,3.141593

-1.645820,1.776320,1.304645,3.141593

-1.656166,1.778517,1.304074,3.141593

-1.667104,1.765765,1.306641,3.141593

-1.675217,1.759905,1.307705,3.141593

-1.682300,1.756825,1.308607,3.141593

-1.698262,1.745834,1.309525,3.141593

-1.705609,1.742394,1.310458,3.141593

-1.713328,1.737787,1.310839,3.141593

-1.721465,1.732078,1.311542,3.141593

-1.737147,1.722618,1.313191,3.141593

-1.746178,1.714167,1.313671,3.141593

-1.754529,1.707797,1.314377,3.141593

-1.755903,1.703486,1.314851,3.141593

-1.767414,1.686586,1.317026,3.141593

-1.783127,1.676431,1.318318,3.141593

-1.789161,1.677514,1.317408,3.141593

-1.797823,1.669638,1.318470,3.141593

-1.806889,1.659879,1.319005,3.141593

-1.822853,1.648430,1.320299,3.141593

-1.833226,1.632727,1.322593,3.141593

-1.839258,1.634983,1.322297,3.141593

-1.847636,1.627126,1.323043,3.141593

-1.863968,1.612368,1.323785,3.141593

-1.872300,1.604024,1.324529,3.141593

-1.880776,1.594789,1.325984,3.141593

-1.888877,1.586764,1.326380,3.141593

-1.903685,1.578106,1.326039,3.141593

-1.913098,1.561326,1.328272,3.141593

-1.921090,1.552475,1.329046,3.141593

-1.921585,1.548960,1.329634,3.141593

-1.929769,1.537321,1.330286,3.141593

-1.944708,1.525382,1.331682,3.141593

-1.952381,1.516369,1.332107,3.141593

-1.960000,1.507224,1.332877,3.141593

-1.967573,1.498148,1.333994,3.141593

-1.982367,1.480118,1.335178,3.141593

-1.982917,1.469748,1.336732,3.141593

-1.996827,1.461843,1.336702,3.141593

-1.996936,1.459240,1.337320,3.141593

-2.004044,1.447404,1.338017,3.141593

-2.017859,1.432245,1.339221,3.141593

-2.024703,1.426189,1.340037,3.141593

-2.031419,1.416932,1.340431,3.141593

-2.038112,1.408681,1.341481,3.141593

-2.051409,1.397806,1.341437,3.141593

-2.057572,1.382640,1.343302,3.141593

-2.063924,1.374298,1.344012,3.141593

-2.070280,1.366769,1.345017,3.141593

-2.082635,1.350311,1.346082,3.141593

-2.081868,1.342214,1.347401,3.141593

-2.088585,1.340718,1.347035,3.141593

-2.094794,1.334166,1.347990,3.141593

-2.100548,1.324554,1.348642,3.141593

-2.112805,1.312383,1.349597,3.141593

-2.118797,1.305739,1.350228,3.141593

-2.125292,1.302500,1.351109,3.141593

-2.131105,1.295199,1.351439,3.141593

-2.143817,1.287843,1.351475,3.141593

-2.148876,1.276769,1.352942,3.141593

-2.154909,1.271472,1.353518,3.141593

-2.155023,1.271930,1.354023,3.141593

-2.161108,1.267025,1.354596,3.141593

-2.172079,1.251806,1.356299,3.141593

-2.179322,1.252713,1.356054,3.141593

-2.185883,1.250227,1.356824,3.141593

-2.204628,1.238921,1.357992,3.141593

-2.211142,1.236212,1.358520,3.141593

-2.211241,1.236583,1.358765,3.141593

-2.217094,1.230996,1.360216,3.141593

-2.224728,1.232978,1.360069,3.141593

-2.238151,1.228979,1.360885,3.141593

-2.245095,1.227804,1.361386,3.141593

-2.252502,1.228400,1.362073,3.141593

-2.259654,1.227978,1.362476,3.141593

-2.265787,1.223303,1.363596,3.141593

-2.280800,1.224993,1.363446,3.141593

-2.288245,1.225460,1.363824,3.141593

-2.297273,1.232179,1.363722,3.141593

-2.296900,1.230605,1.364192,3.141593

-2.310743,1.226956,1.365369,3.141593

-2.319576,1.232819,1.365074,3.141593

-2.326909,1.232409,1.365430,3.141593

-2.335225,1.235964,1.365792,3.141593

-2.350969,1.239432,1.366238,3.141593

-2.359103,1.242085,1.366540,3.141593

-2.367290,1.244974,1.366823,3.141593

-2.375812,1.249305,1.367326,3.141593

-2.392044,1.254408,1.367852,3.141593

-2.400356,1.257778,1.368210,3.141593

-2.408669,1.261188,1.368597,3.141593

-2.417262,1.265966,1.369160,3.141593

-2.434454,1.275748,1.369554,3.141593

-0.494061,1.186366,1.398842,3.141593

-0.502323,1.183124,1.398422,3.141593

-0.510581,1.179903,1.397989,3.141593

-0.514001,1.193198,1.398647,3.141593

-0.530668,1.185997,1.397658,3.141593

-0.539010,1.182439,1.396994,3.141593

-0.544509,1.188738,1.398257,3.141593

-0.552952,1.184924,1.397145,3.141593

-0.569944,1.177176,1.394475,3.141593

-0.570029,1.176888,1.394491,3.141593

-0.578571,1.172919,1.393274,3.141593

-0.581406,1.216288,1.396644,3.141593

-0.581491,1.215946,1.396658,3.141593

-0.598081,1.208041,1.396549,3.141593

-0.603404,1.215575,1.397315,3.141593

-0.611577,1.211411,1.398150,3.141593

-0.619706,1.207118,1.399348,3.141593

-0.635731,1.198382,1.402850,3.141593

-0.634643,1.230725,1.400574,3.141593

-0.642233,1.226466,1.403065,3.141593

-0.649724,1.222137,1.405847,3.141593

-0.682984,1.144987,1.406063,3.141593

-0.683008,1.144910,1.406060,3.141593

-0.690446,1.140080,1.409479,3.141593

-0.697788,1.135140,1.413021,3.141593

-0.693311,1.167984,1.402704,3.141593

-0.706550,1.158602,1.410620,3.141593

-0.712992,1.153785,1.414647,3.141593

-0.719141,1.148915,1.418929,3.141593

-0.708401,1.206347,1.409697,3.141593

-0.719173,1.197572,1.418004,3.141593

-0.724401,1.192925,1.422058,3.141593

-0.726414,1.199578,1.412313,3.141593

-0.730958,1.195318,1.416410,3.141593

-0.739583,1.186894,1.424301,3.141593

-0.743494,1.182543,1.428121,3.141593

-0.741931,1.199861,1.415093,3.141593

-0.741959,1.199740,1.415072,3.141593

-0.745492,1.195264,1.418597,3.141593

-0.753508,1.179403,1.413621,3.141593

-0.756331,1.175230,1.416663,3.141593

-0.759022,1.171050,1.419555,3.141593

-0.761582,1.166865,1.422325,3.141593

-0.768076,1.149964,1.420041,3.141593

-0.769982,1.146037,1.422352,3.141593

-0.771763,1.142110,1.424526,3.141593

-0.767671,1.159058,1.416720,3.141593

-0.770032,1.151440,1.420383,3.141593

-0.771038,1.147629,1.422030,3.141593

-0.771688,1.144048,1.423483,3.141593

-0.792269,1.074190,1.419073,3.141593

-0.792386,1.073848,1.419058,3.141593

-0.793330,1.067058,1.421491,3.141593

-0.771212,1.136214,1.418417,3.141593

-0.771058,1.132897,1.419371,3.141593

-0.770851,1.129399,1.420256,3.141593

-0.769760,1.123279,1.421805,3.141593

-0.772194,1.108916,1.418989,3.141593

-0.771349,1.105896,1.419583,3.141593

-0.770410,1.102870,1.420212,3.141593

-0.751693,1.159379,1.419315,3.141593

-0.750220,1.156455,1.419795,3.141593

-0.748666,1.153518,1.420203,3.141593

-0.747029,1.150578,1.420565,3.141593

-0.742379,1.148652,1.419993,3.141593

-0.742506,1.148113,1.420007,3.141593

-0.740435,1.145552,1.420155,3.141593

-0.735664,1.154263,1.419620,3.141593

-0.733399,1.151478,1.419618,3.141593

-0.728476,1.146661,1.419490,3.141593

-0.725944,1.144089,1.419372,3.141593

-0.724601,1.135997,1.419574,3.141593

-0.721824,1.133687,1.419312,3.141593

-0.716046,1.129145,1.418710,3.141593

-0.713015,1.126925,1.418254,3.141593

-0.721529,1.094747,1.419431,3.141593

-0.718409,1.092787,1.418951,3.141593

-0.715138,1.091123,1.418452,3.141593

-0.708542,1.087222,1.417310,3.141593

-0.705290,1.084733,1.418514,3.141593

-0.701762,1.082998,1.417857,3.141593

-0.698378,1.080565,1.417200,3.141593

-0.694613,1.064945,1.418720,3.141593

-0.690745,1.063481,1.417915,3.141593

-0.686823,1.062011,1.417126,3.141593

-0.674664,1.088193,1.418412,3.141593

-0.666533,1.085042,1.416740,3.141593

-0.662345,1.083628,1.415912,3.141593

-0.658100,1.082233,1.415092,3.141593

-0.652784,1.084441,1.417002,3.141593

-0.643952,1.081968,1.415105,3.141593

-0.639465,1.080733,1.414032,3.141593

-0.634864,1.079802,1.412781,3.141593

-0.633887,1.083241,1.417217,3.141593

-0.629371,1.081823,1.415954,3.141593

-0.619830,1.080321,1.413450,3.141593

-0.616844,1.073177,1.416443,3.141593

-0.611818,1.073043,1.415066,3.141593

-0.606927,1.072296,1.413685,3.141593

-0.597019,1.070938,1.410856,3.141593

-0.597145,1.053116,1.414046,3.141593

-0.592000,1.052788,1.412575,3.141593

-0.586871,1.052283,1.411146,3.141593

-0.562028,1.103018,1.411854,3.141593

-0.556876,1.102225,1.410463,3.141593

-0.551638,1.101626,1.409065,3.141593

-0.551642,1.101611,1.409013,3.141593

-0.544007,1.110588,1.412268,3.141593

-0.533277,1.109857,1.409390,3.141593

-0.527894,1.109348,1.407983,3.141593

-0.536868,1.056092,1.412464,3.141593

-0.531217,1.056364,1.411102,3.141593

-0.520046,1.056117,1.408528,3.141593

-0.514361,1.056247,1.407246,3.141593

-0.502537,1.077496,1.410134,3.141593

-0.496745,1.077784,1.408836,3.141593

-0.485337,1.077368,1.406411,3.141593

-0.483664,1.083478,1.410332,3.141593

-0.477846,1.083626,1.409196,3.141593

-0.471934,1.084000,1.408064,3.141593

-0.466082,1.084034,1.406975,3.141593

-0.453856,1.085761,1.409131,3.141593

-0.447845,1.086123,1.408124,3.141593

-0.441799,1.086506,1.407070,3.141593

-0.435748,1.086791,1.406164,3.141593

-0.433619,1.051790,1.406716,3.141593

-0.427451,1.052194,1.405851,3.141593

-0.427380,1.052429,1.405824,3.141593

-0.421093,1.053130,1.404970,3.141593

-0.387918,1.168243,1.407411,3.141593

-0.375812,1.167910,1.405723,3.141593

-0.369703,1.167837,1.404837,3.141593

-0.376550,1.104869,1.406693,3.141593

-0.370309,1.105169,1.405785,3.141593

-0.357839,1.105389,1.404004,3.141593

-0.351537,1.105716,1.403217,3.141593

-0.342988,1.115608,1.405161,3.141593

-0.336662,1.115837,1.404439,3.141593

-0.323993,1.116099,1.403102,3.141593

-0.334939,1.049646,1.404715,3.141593

-0.328400,1.050137,1.404126,3.141593

-0.321779,1.050819,1.403584,3.141593

-0.308642,1.051673,1.402517,3.141593

-0.272867,1.185087,1.404227,3.141593

-0.266438,1.185032,1.403717,3.141593

-0.266399,1.185287,1.403811,3.141593

-2.247742,1.279155,1.391261,3.141593

-2.235729,1.296141,1.391239,3.141593

-2.229577,1.304583,1.391434,3.141593

-2.223326,1.312366,1.392422,3.141593

-2.217013,1.320966,1.392346,3.141593

-2.204073,1.337722,1.392830,3.141593

-2.197431,1.345850,1.393621,3.141593

-2.190702,1.353932,1.394778,3.141593

-2.190742,1.352754,1.395620,3.141593

-2.183908,1.360938,1.397115,3.141593

-2.169953,1.377086,1.400546,3.141593

-2.162921,1.384692,1.402948,3.141593

-2.155922,1.391076,1.405937,3.141593

-2.148815,1.398594,1.408724,3.141593

-2.134568,1.413786,1.414507,3.141593

-2.127543,1.420465,1.417822,3.141593

-2.120407,1.428379,1.420830,3.141593

-2.113583,1.433588,1.424585,3.141593

-2.099815,1.447169,1.431518,3.141593

-2.093143,1.452909,1.435085,3.141593

-2.086573,1.458438,1.438574,3.141593

-2.087029,1.455050,1.439253,3.141593

-2.080736,1.459955,1.442956,3.141593

-2.061983,1.477630,1.452678,3.141593

-2.056394,1.481617,1.456025,3.141593

-2.051303,1.483345,1.459513,3.141593

-2.040629,1.492157,1.465302,3.141593

-2.035791,1.494867,1.468166,3.141593

-2.036213,1.492489,1.468416,3.141593

-2.032221,1.492494,1.471397,3.141593

-2.028070,1.494252,1.474077,3.141593

-2.019762,1.500286,1.478876,3.141593

-2.016458,1.501297,1.481182,3.141593

-2.013808,1.499671,1.483465,3.141593

-2.010927,1.500108,1.485563,3.141593

-2.005009,1.505538,1.489331,3.141593

-2.003027,1.505051,1.491177,3.141593

-2.001244,1.504319,1.492953,3.141593

-2.000232,1.500379,1.494641,3.141593

-1.997729,1.500054,1.497731,3.141593

-1.997054,1.498001,1.499181,3.141593

-1.996563,1.495702,1.500551,3.141593

-1.997849,1.488822,1.500273,3.141593

-1.997897,1.485718,1.501535,3.141593

-1.997791,1.482730,1.504096,3.141593

-1.998306,1.479059,1.505244,3.141593

-1.999947,1.470936,1.505988,3.141593

-2.001056,1.466444,1.506977,3.141593

-2.003084,1.460536,1.509150,3.141593

-2.004249,1.459173,1.510363,3.141593

-2.006172,1.453463,1.511215,3.141593

-2.008826,1.443013,1.511653,3.141593

-2.012803,1.434599,1.513582,3.141593

-2.013361,1.430199,1.513140,3.141593

-2.015901,1.423114,1.513825,3.141593

-2.019104,1.410084,1.513981,3.141593

-2.021732,1.402345,1.514609,3.141593

-2.026897,1.391518,1.516302,3.141593

-2.029903,1.382926,1.516828,3.141593

-2.032537,1.379869,1.517868,3.141593

-2.035953,1.365167,1.517664,3.141593

-2.042161,1.352356,1.518920,3.141593

-2.045412,1.342739,1.519157,3.141593

-2.048637,1.332980,1.519325,3.141593

-2.052052,1.316344,1.518747,3.141593

-2.052129,1.313389,1.517434,3.141593

-2.058578,1.297620,1.518473,3.141593

-2.061821,1.291864,1.519490,3.141593

-2.065139,1.281139,1.519389,3.141593

-2.064714,1.269477,1.517481,3.141593

-2.068017,1.261276,1.516948,3.141593

-2.071098,1.250585,1.516710,3.141593

-2.077528,1.233430,1.517282,3.141593

-2.079838,1.215148,1.516094,3.141593

-2.082715,1.204205,1.515728,3.141593

-2.088383,1.183142,1.516343,3.141593

-2.092772,1.183112,1.516573,3.141593

-2.095601,1.172310,1.516129,3.141593

-2.097099,1.154039,1.514721,3.141593

-2.097203,1.154195,1.513453,3.141593

-2.103300,1.136876,1.513589,3.141593

-2.105975,1.126574,1.513067,3.141593

-2.105988,1.104666,1.511649,3.141593

-2.110278,1.102061,1.512033,3.141593

-2.117300,1.089935,1.511806,3.141593

-2.119925,1.080385,1.511172,3.141593

-2.119223,1.077514,1.510167,3.141593

-2.119856,1.061041,1.508567,3.141593

-2.123880,1.056828,1.507962,3.141593

-2.129992,1.041998,1.507618,3.141593

-2.132733,1.033659,1.506935,3.141593

-2.133397,1.018759,1.505324,3.141593

-2.137912,1.015864,1.504684,3.141593

-2.144457,1.002832,1.504109,3.141593

-2.147610,0.995756,1.503368,3.141593

-2.148513,0.982643,1.501703,3.141593

-2.151783,0.976154,1.500902,3.141593

-2.157190,0.960355,1.500028,3.141593

-2.162716,0.959357,1.499239,3.141593

-2.164045,0.948069,1.497536,3.141593

-2.170147,0.948388,1.497492,3.141593

-2.171835,0.952381,1.496734,3.141593

-2.180230,0.943282,1.495690,3.141593

-2.182405,0.934023,1.494771,3.141593

-2.184505,0.924725,1.493083,3.141593

-2.191189,0.925593,1.492929,3.141593

-2.202632,0.922798,1.491740,3.141593

-2.207420,0.919231,1.490743,3.141593

-2.212422,0.915901,1.489730,3.141593

-2.215624,0.908625,1.488000,3.141593

-2.228148,0.907260,1.486588,3.141593

-2.231911,0.900989,1.484881,3.141593

-2.235904,0.895237,1.483205,3.141593

-2.241746,0.893346,1.482155,3.141593

-2.253444,0.889469,1.480711,3.141593

-2.261460,0.891847,1.479479,3.141593

-2.266288,0.887549,1.477831,3.141593

-2.274019,0.889254,1.477257,3.141593

-2.286613,0.886439,1.475672,3.141593

-0.424183,1.062997,1.477233,3.141593

-0.431486,1.058205,1.478176,3.141593

-0.431466,1.058279,1.478133,3.141593

-0.439578,1.050543,1.476598,3.141593

-0.454528,1.039739,1.478184,3.141593

-0.462080,1.034180,1.478745,3.141593

-0.469714,1.028449,1.479020,3.141593

-0.467646,1.057860,1.476940,3.141593

-0.482739,1.046296,1.476600,3.141593

-0.490422,1.040108,1.476465,3.141593

-0.472724,1.154862,1.476676,3.141593

-0.479776,1.149168,1.476935,3.141593

-0.493853,1.137459,1.478287,3.141593

-0.500928,1.131125,1.479365,3.141593

-0.518061,1.072666,1.478392,3.141593

-0.525383,1.065760,1.480024,3.141593

-0.539948,1.051428,1.484077,3.141593

-0.548506,1.017917,1.478222,3.141593

-0.555859,1.010687,1.480544,3.141593

-0.563131,1.003432,1.483042,3.141593

-0.570329,0.996116,1.485705,3.141593

-0.572746,1.022864,1.480531,3.141593

-0.579365,1.015408,1.483616,3.141593

-0.585879,1.007926,1.486763,3.141593

-0.592280,1.000428,1.489954,3.141593

-0.590210,1.041946,1.488933,3.141593

-0.590210,1.041944,1.488934,3.141593

-0.595790,1.034579,1.492303,3.141593

-0.592867,1.066714,1.484441,3.141593

-0.597786,1.059450,1.487801,3.141593

-0.607240,1.044886,1.494298,3.141593

-0.611763,1.037636,1.497417,3.141593

-0.625860,0.988468,1.487191,3.141593

-0.630104,0.981311,1.490170,3.141593

-0.638189,0.967072,1.495780,3.141593

-0.638199,0.967037,1.495786,3.141593

-0.629955,1.006418,1.489121,3.141593

-0.633143,0.999676,1.491706,3.141593

-0.636196,0.992952,1.494179,3.141593

-0.636218,0.992860,1.494191,3.141593

-0.648544,0.953408,1.490814,3.141593

-0.651104,0.946759,1.492948,3.141593

-0.653540,0.940134,1.494959,3.141593

-0.655848,0.933549,1.496966,3.141593

-0.635530,1.018430,1.495575,3.141593

-0.636818,1.011902,1.497245,3.141593

-0.637985,1.005411,1.498788,3.141593

-0.638802,0.999036,1.500217,3.141593

-0.641469,0.979976,1.495797,3.141593

-0.641948,0.973831,1.496871,3.141593

-0.642106,0.967782,1.497843,3.141593

-0.637816,0.981246,1.494977,3.141593

-0.637484,0.969214,1.496488,3.141593

-0.637157,0.963282,1.497117,3.141593

-0.636372,0.966816,1.494645,3.141593

-0.635727,0.961096,1.495194,3.141593

-0.634972,0.955486,1.495672,3.141593

-0.633220,0.944196,1.496424,3.141593

-0.625116,0.970015,1.495031,3.141593

-0.623751,0.964521,1.495199,3.141593

-0.622275,0.959179,1.495323,3.141593

-0.618921,0.948654,1.495290,3.141593

-0.623996,0.914138,1.494954,3.141593

-0.622051,0.909327,1.494737,3.141593

-0.622055,0.909313,1.494769,3.141593

-0.601465,0.955687,1.494605,3.141593

-0.601479,0.955614,1.494630,3.141593

-0.598995,0.950613,1.494337,3.141593

-0.596417,0.945751,1.494024,3.141593

-0.584919,0.988608,1.494772,3.141593

-0.578930,0.978843,1.494130,3.141593

-0.575814,0.974156,1.493770,3.141593

-0.571205,0.977433,1.494902,3.141593

-0.567851,0.972659,1.494656,3.141593

-0.560913,0.963528,1.494086,3.141593

-0.560952,0.963297,1.494137,3.141593

-0.559783,0.944995,1.494892,3.141593

-0.556065,0.940756,1.494762,3.141593

-0.552344,0.936269,1.494609,3.141593

-0.544531,0.927967,1.494301,3.141593

-0.542033,0.916331,1.494846,3.141593

-0.537911,0.912514,1.494744,3.141593

-0.533803,0.908416,1.494549,3.141593

-0.512587,0.971422,1.495023,3.141593

-0.508097,0.967361,1.494857,3.141593

-0.503528,0.963554,1.494702,3.141593

-0.498935,0.959625,1.494504,3.141593

-0.507379,0.862746,1.494756,3.141593

-0.502684,0.859351,1.494541,3.141593

-0.497836,0.856410,1.494337,3.141593

-0.487830,0.874451,1.494944,3.141593

-0.477981,0.867713,1.494457,3.141593

-0.477969,0.867761,1.494504,3.141593

-0.472939,0.864611,1.494271,3.141593

-0.450226,0.955676,1.495321,3.141593

-0.445014,0.951967,1.495054,3.141593

-0.434433,0.944989,1.494452,3.141593

-0.431878,0.923343,1.495328,3.141593

-0.426500,0.919921,1.494935,3.141593

-0.421029,0.916875,1.494587,3.141593

-0.409891,0.911231,1.493902,3.141593

-0.405374,0.902098,1.495019,3.141593

-0.399693,0.899472,1.494717,3.141593

-0.393900,0.897306,1.494473,3.141593

-0.393873,0.897456,1.494533,3.141593

-0.394312,0.835922,1.494964,3.141593

-0.388353,0.834175,1.494705,3.141593

-0.382400,0.832290,1.494459,3.141593

-0.363410,0.891666,1.495777,3.141593

-0.351414,0.886984,1.495045,3.141593

-0.345279,0.885209,1.494749,3.141593

-0.345207,0.885601,1.494814,3.141593

-2.282409,1.339189,1.547205,3.141593

-2.271395,1.353530,1.548592,3.141593

-2.249993,1.377821,1.550463,3.141593

-2.237913,1.392805,1.551669,3.141593

-2.223088,1.414013,1.553444,3.141593

-2.210747,1.427613,1.554661,3.141593

-2.186974,1.450621,1.556564,3.141593

-2.176385,1.458364,1.557627,3.141593

-2.162955,1.471833,1.559363,3.141593

-2.146651,1.490429,1.561744,3.141593

-2.121666,1.510423,1.565778,3.141593

-2.107780,1.522459,1.568284,3.141593

-2.093885,1.534099,1.570918,3.141593

-2.088857,1.542809,1.571614,3.141593

-2.075086,1.553609,1.574285,3.141593

-2.049903,1.570748,1.579746,3.141593

-2.038995,1.576519,1.582573,3.141593

-2.025606,1.586079,1.585639,3.141593

-2.010131,1.598619,1.589080,3.141593

-1.986839,1.612272,1.595333,3.141593

-1.984782,1.615129,1.595544,3.141593

-1.972421,1.622909,1.598746,3.141593

-1.958573,1.632797,1.602180,3.141593

-1.947111,1.639513,1.605415,3.141593

-1.926481,1.650282,1.611514,3.141593

-1.916120,1.656090,1.614638,3.141593

-1.907692,1.659654,1.617634,3.141593

-1.896349,1.666908,1.620633,3.141593

-1.879226,1.675161,1.626298,3.141593

-1.878009,1.676583,1.626319,3.141593

-1.869714,1.680884,1.629117,3.141593

-1.860661,1.686231,1.631779,3.141593

-1.841166,1.694947,1.639595,3.141593

-1.840356,1.695856,1.639528,3.141593

-1.835057,1.698020,1.642057,3.141593

-1.829243,1.700976,1.644415,3.141593

-1.823145,1.704471,1.646509,3.141593

-1.822839,1.704834,1.646332,3.141593

-1.814425,1.708884,1.650749,3.141593

-1.810508,1.710921,1.652813,3.141593

-1.806912,1.712867,1.654574,3.141593

-1.804307,1.714213,1.656748,3.141593

-1.799811,1.716789,1.660748,3.141593

-1.798069,1.717858,1.662603,3.141593

-1.797051,1.718659,1.664412,3.141593

-1.796876,1.718822,1.665853,3.141593

-1.797509,1.718228,1.665458,3.141593

-1.796844,1.719249,1.669209,3.141593

-1.797778,1.719028,1.670869,3.141593

-1.800000,1.717659,1.672157,3.141593

-1.801689,1.716954,1.673732,3.141593

-1.805202,1.716108,1.677206,3.141593

-1.806895,1.716093,1.679146,3.141593

-1.810141,1.714602,1.680614,3.141593

-1.813126,1.711486,1.679590,3.141593

-1.822490,1.708499,1.684862,3.141593

-1.824278,1.706577,1.684238,3.141593

-1.829280,1.703809,1.685580,3.141593

-1.836679,1.698405,1.686293,3.141593

-1.842279,1.695094,1.687340,3.141593

-1.853138,1.689347,1.690639,3.141593

-1.860012,1.684862,1.691743,3.141593

-1.869854,1.676713,1.692036,3.141593

-1.874921,1.674666,1.693796,3.141593

-1.888233,1.666671,1.696419,3.141593

-1.896643,1.660351,1.697240,3.141593

-1.905558,1.653479,1.697944,3.141593

-1.917942,1.641589,1.697597,3.141593

-1.933619,1.630127,1.699436,3.141593

-1.943557,1.621273,1.699702,3.141593

-1.946545,1.616820,1.698190,3.141593

-1.960199,1.601571,1.697134,3.141593

-1.971045,1.590103,1.697599,3.141593

-1.984914,1.580457,1.699625,3.141593

-1.995614,1.568798,1.699285,3.141593

-2.006341,1.556583,1.698849,3.141593

-2.020598,1.536649,1.696934,3.141593

-2.023011,1.532173,1.694319,3.141593

-2.041632,1.510147,1.694701,3.141593

-2.052299,1.495298,1.693731,3.141593

-2.066090,1.471509,1.691012,3.141593

-2.075968,1.456881,1.689131,3.141593

-2.094064,1.428247,1.689196,3.141593

-2.103751,1.410550,1.687652,3.141593

-2.110662,1.401590,1.687830,3.141593

-2.122374,1.373446,1.684259,3.141593

-2.137354,1.344672,1.682475,3.141593

-2.145381,1.324930,1.680565,3.141593

-2.146935,1.316540,1.678221,3.141593

-2.155788,1.286368,1.674290,3.141593

-2.162364,1.267265,1.671916,3.141593

-2.173565,1.233215,1.670447,3.141593

-2.178908,1.212377,1.668342,3.141593

-2.183844,1.181869,1.664284,3.141593

-2.187826,1.161261,1.662212,3.141593

-2.194788,1.129827,1.660031,3.141593

-2.197458,1.109501,1.658027,3.141593

-2.198679,1.080625,1.654236,3.141593

-2.200184,1.061217,1.652370,3.141593

-2.203429,1.031423,1.650553,3.141593

-2.203867,1.012840,1.648873,3.141593

-2.202243,0.987182,1.645622,3.141593

-2.201982,0.969978,1.644108,3.141593

-2.202547,0.943597,1.642884,3.141593

-2.201570,0.927583,1.641619,3.141593

-2.198452,0.906091,1.638993,3.141593

-2.199254,0.897289,1.639306,3.141593

-2.198566,0.874670,1.638648,3.141593

-2.197164,0.861271,1.637735,3.141593

-2.194099,0.853984,1.637091,3.141593

-2.190396,0.836399,1.635252,3.141593

-2.188826,0.824408,1.634684,3.141593

-2.187985,0.806210,1.634734,3.141593

-2.187924,0.798014,1.633668,3.141593

-2.184750,0.784272,1.632444,3.141593

-2.183660,0.774842,1.632264,3.141593

-2.183770,0.760445,1.632800,3.141593

-2.184870,0.755088,1.633490,3.141593

-2.184278,0.747011,1.633453,3.141593

-2.182159,0.736686,1.632785,3.141593

-2.183692,0.725143,1.633535,3.141593

-2.183853,0.718552,1.633666,3.141593

-2.184173,0.712273,1.633833,3.141593

-0.391928,1.077565,1.609666,3.141593

-0.402960,1.083938,1.611850,3.141593

-0.408552,1.086827,1.612871,3.141593

-0.408548,1.086818,1.610344,3.141593

-0.414266,1.089038,1.611244,3.141593

-0.420053,1.090944,1.612109,3.141593

-0.431631,1.094919,1.613071,3.141593

-0.443108,1.070513,1.610864,3.141593

-0.449148,1.071334,1.610537,3.141593

-0.455181,1.072216,1.610052,3.141593

-0.467494,1.072628,1.609208,3.141593

-0.459054,1.149952,1.610320,3.141593

-0.465161,1.149900,1.610293,3.141593

-0.471246,1.149696,1.610509,3.141593

-0.487125,1.124660,1.610764,3.141593

-0.493136,1.123477,1.611524,3.141593

-0.499092,1.122130,1.612496,3.141593

-0.504997,1.120184,1.613602,3.141593

-0.511764,1.144716,1.614069,3.141593

-0.511799,1.144484,1.614120,3.141593

-0.517357,1.142390,1.615740,3.141593

-0.545096,1.034243,1.612469,3.141593

-0.550727,1.031057,1.614308,3.141593

-0.561452,1.025166,1.618038,3.141593

-0.566686,1.021925,1.620112,3.141593

-0.557343,1.075965,1.615965,3.141593

-0.562045,1.072417,1.618146,3.141593

-0.571040,1.065195,1.622472,3.141593

-0.564806,1.112725,1.615775,3.141593

-0.568591,1.109093,1.617843,3.141593

-0.572232,1.105443,1.619904,3.141593

-0.578882,1.097893,1.623758,3.141593

-0.578265,1.114434,1.618994,3.141593

-0.581043,1.110703,1.620683,3.141593

-0.583678,1.106968,1.622279,3.141593

-0.589663,1.090363,1.620586,3.141593

-0.591722,1.086286,1.621599,3.141593

-0.591739,1.086192,1.621639,3.141593

-0.593635,1.082264,1.622534,3.141593

-0.599823,1.055429,1.619471,3.141593

-0.602542,1.047739,1.620160,3.141593

-0.603712,1.043888,1.620393,3.141593

-0.599743,1.062179,1.619156,3.141593

-0.600360,1.058356,1.618849,3.141593

-0.601240,1.050718,1.617988,3.141593

-0.601264,1.046931,1.617205,3.141593

-0.598132,1.057792,1.618003,3.141593

-0.598134,1.057784,1.618037,3.141593

-0.597082,1.046620,1.615113,3.141593

-0.588699,1.083241,1.618044,3.141593

-0.588699,1.083239,1.618073,3.141593

-0.587729,1.079510,1.616791,3.141593

-0.586668,1.075757,1.615459,3.141593

-0.586279,1.056172,1.617179,3.141593

-0.584743,1.052563,1.615523,3.141593

-0.583103,1.049025,1.613872,3.141593

-0.581385,1.045464,1.612263,3.141593

-0.569823,1.080301,1.612712,3.141593

-0.567588,1.076721,1.610898,3.141593

-0.567580,1.076773,1.610928,3.141593

-0.565257,1.073273,1.609134,3.141593

-0.568915,1.035367,1.613058,3.141593

-0.563697,1.028493,1.608992,3.141593

-0.560966,1.025151,1.606865,3.141593

-0.554533,1.039267,1.613232,3.141593

-0.551474,1.035913,1.610942,3.141593

-0.545187,1.029144,1.606351,3.141593

-0.541808,1.025852,1.603984,3.141593

-0.536778,1.030591,1.609205,3.141593

-0.533246,1.027368,1.606911,3.141593

-0.533210,1.027551,1.606898,3.141593

-0.520649,1.049836,1.609901,3.141593

-0.516790,1.046489,1.607566,3.141593

-0.512864,1.043254,1.605296,3.141593

-0.508881,1.040074,1.602997,3.141593

-0.504735,1.011305,1.607734,3.141593

-0.500504,1.008297,1.605330,3.141593

-0.496204,1.005404,1.603009,3.141593

-0.487302,1.026299,1.606482,3.141593

-0.478302,1.020133,1.601768,3.141593

-0.473719,1.017180,1.599524,3.141593

-0.469089,1.014266,1.597335,3.141593

-0.460621,1.032295,1.602508,3.141593

-0.450911,1.026562,1.598133,3.141593

-0.450876,1.026772,1.598135,3.141593

-0.445950,1.023999,1.596045,3.141593

-0.436773,1.047341,1.602670,3.141593

-0.431653,1.044600,1.600533,3.141593

-0.421372,1.038739,1.596463,3.141593

-0.414891,1.044149,1.601023,3.141593

-0.409565,1.041402,1.599044,3.141593

-0.404198,1.038736,1.597042,3.141593

-0.397895,1.005386,1.599490,3.141593

-0.392410,1.002846,1.597587,3.141593

-0.386877,1.000424,1.595764,3.141593

-0.381351,0.997802,1.594054,3.141593

-0.365191,1.021637,1.594974,3.141593

-0.365157,1.021855,1.594983,3.141593

-0.359460,1.019243,1.593334,3.141593

-0.353720,1.016749,1.591765,3.141593

-2.246948,0.761518,1.640455,3.141593

-2.241905,0.775280,1.639302,3.141593

-2.240088,0.784280,1.638955,3.141593

-2.238293,0.793993,1.639715,3.141593

-2.237446,0.806390,1.638755,3.141593

-2.231241,0.820833,1.637628,3.141593

-2.228642,0.830093,1.637474,3.141593

-2.224827,0.836657,1.638996,3.141593

-2.221705,0.845277,1.638005,3.141593

-2.215236,0.863294,1.637431,3.141593

-2.211769,0.872425,1.637871,3.141593

-2.208178,0.881466,1.638372,3.141593

-2.204572,0.890925,1.639861,3.141593

-2.196823,0.908277,1.640317,3.141593

-2.192825,0.916876,1.641119,3.141593

-2.193523,0.919882,1.641572,3.141593

-2.188742,0.925214,1.641997,3.141593

-2.184657,0.933743,1.643668,3.141593

-2.176337,0.949735,1.644732,3.141593

-2.176816,0.952223,1.645134,3.141593

-2.172584,0.959862,1.646071,3.141593

-2.168284,0.967074,1.647673,3.141593

-2.164495,0.976607,1.648276,3.141593

-2.155847,0.988356,1.649806,3.141593

-2.151757,0.994951,1.650688,3.141593

-2.147642,1.000409,1.652143,3.141593

-2.143399,1.004053,1.653297,3.141593

-2.136289,1.018802,1.653959,3.141593

-2.132726,1.024006,1.654696,3.141593

-2.129105,1.027761,1.655804,3.141593

-2.125962,1.034600,1.656141,3.141593

-2.119646,1.042973,1.657202,3.141593

-2.116574,1.045089,1.658020,3.141593

-2.113647,1.047203,1.658809,3.141593

-2.111002,1.050862,1.659257,3.141593

-2.106546,1.061837,1.659581,3.141593

-2.106521,1.061409,1.659555,3.141593

-2.104393,1.064456,1.659918,3.141593

-2.102250,1.065017,1.660411,3.141593

-2.100479,1.069277,1.660427,3.141593

-2.097554,1.075703,1.661309,3.141593

-2.096244,1.077891,1.661560,3.141593

-2.095058,1.079942,1.661772,3.141593

-2.093964,1.075785,1.661995,3.141593

-2.092785,1.084625,1.662794,3.141593

-2.092311,1.086448,1.662503,3.141593

-2.092121,1.087668,1.662698,3.141593

-2.091972,1.085348,1.662776,3.141593

-2.092075,1.088042,1.662633,3.141593

-2.092049,1.086159,1.662250,3.141593

-2.092697,1.089620,1.662842,3.141593

-2.093207,1.086473,1.662701,3.141593

-2.093945,1.089038,1.662334,3.141593

-2.095798,1.092084,1.662854,3.141593

-2.096921,1.090383,1.663230,3.141593

-2.098173,1.093725,1.664173,3.141593

-2.099556,1.090991,1.663056,3.141593

-2.102874,1.095875,1.663083,3.141593

-2.104666,1.096045,1.662895,3.141593

-2.106550,1.096170,1.662686,3.141593

-2.106600,1.089973,1.660936,3.141593

-2.108743,1.091785,1.660275,3.141593

-2.113202,1.094026,1.660759,3.141593

-2.115577,1.093887,1.660468,3.141593

-2.118031,1.086668,1.660186,3.141593

-2.120681,1.086400,1.659894,3.141593

-2.126193,1.090581,1.659961,3.141593

-2.129078,1.092451,1.659207,3.141593

-2.132162,1.084927,1.659064,3.141593

-2.135328,1.088867,1.657918,3.141593

-2.141765,1.090162,1.658985,3.141593

-2.145212,1.087229,1.659600,3.141593

-2.148718,1.086020,1.660119,3.141593

-2.152333,1.080676,1.659543,3.141593

-2.159707,1.088319,1.661180,3.141593

-2.159758,1.085254,1.660382,3.141593

-2.163627,1.084055,1.660900,3.141593

-2.167599,1.078254,1.660614,3.141593

-2.171562,1.076665,1.661809,3.141593

-2.179878,1.078617,1.663837,3.141593

-2.184124,1.077003,1.664831,3.141593

-2.188428,1.070648,1.665670,3.141593

-2.192860,1.070076,1.666767,3.141593

-2.206385,1.071646,1.671686,3.141593

-2.206392,1.067886,1.671475,3.141593

-2.211052,1.061253,1.673189,3.141593

-2.215749,1.058230,1.675230,3.141593

-2.225322,1.058450,1.679366,3.141593

-2.230225,1.056143,1.681720,3.141593

-2.235201,1.058058,1.684103,3.141593

-2.240095,1.051079,1.686963,3.141593

-2.250142,1.050292,1.692505,3.141593

-2.255218,1.047418,1.695776,3.141593

-2.260304,1.044523,1.699239,3.141593

-2.265270,1.037354,1.703361,3.141593

-2.265114,1.032954,1.703901,3.141593

-2.275633,1.035372,1.710902,3.141593

-2.275447,1.030858,1.711681,3.141593

-2.280559,1.027642,1.716108,3.141593

-2.285445,1.020355,1.721485,3.141593

-2.290545,1.017476,1.726272,3.141593

-2.300941,1.014842,1.736124,3.141593

-2.306235,1.015224,1.740975,3.141593

-2.311248,1.011702,1.746927,3.141593

-2.315909,1.004349,1.754186,3.141593

-2.325996,1.000890,1.766625,3.141593

-2.330782,0.997161,1.773826,3.141593

-2.335500,0.993399,1.781387,3.141593

-2.334579,0.985240,1.783979,3.141593

-2.339010,0.980320,1.792316,3.141593

-2.348472,0.977448,1.807806,3.141593

-0.380390,0.924011,1.640974,3.141593

-0.386721,0.921791,1.643661,3.141593

-0.393084,0.919602,1.646446,3.141593

-0.405664,0.916454,1.643683,3.141593

-0.405679,0.916351,1.643726,3.141593

-0.412105,0.914277,1.646880,3.141593

-0.418595,0.912069,1.650050,3.141593

-0.425118,0.909980,1.652999,3.141593

-0.449526,0.841554,1.651368,3.141593

-0.456353,0.839020,1.653916,3.141593

-0.463230,0.836422,1.656514,3.141593

-0.453681,0.932557,1.649225,3.141593

-0.466808,0.928564,1.655098,3.141593

-0.473371,0.926461,1.658363,3.141593

-0.479904,0.924387,1.661841,3.141593

-0.494631,0.866645,1.655869,3.141593

-0.494655,0.866516,1.655915,3.141593

-0.507665,0.861793,1.663669,3.141593

-0.514090,0.859361,1.667827,3.141593

-0.509111,0.931108,1.660124,3.141593

-0.515107,0.928945,1.664532,3.141593

-0.526819,0.924586,1.673656,3.141593

-0.537006,0.886412,1.660834,3.141593

-0.542490,0.884234,1.665545,3.141593

-0.547873,0.881949,1.670308,3.141593

-0.558132,0.877301,1.679911,3.141593

-0.549850,0.939447,1.664863,3.141593

-0.554528,0.937315,1.669574,3.141593

-0.559075,0.935149,1.674221,3.141593

-0.563486,0.932976,1.678858,3.141593

-0.570845,0.932489,1.676760,3.141593

-0.574621,0.929977,1.680830,3.141593

-0.578248,0.927497,1.684737,3.141593

-0.589814,0.862444,1.672688,3.141593

-0.596066,0.857058,1.679844,3.141593

-0.598978,0.854338,1.683218,3.141593

-0.601496,0.851570,1.686423,3.141593

-0.597185,0.876551,1.675358,3.141593

-0.599494,0.873730,1.678425,3.141593

-0.603665,0.868297,1.684128,3.141593

-0.605549,0.865540,1.686749,3.141593

-0.609804,0.845605,1.679913,3.141593

-0.611174,0.842890,1.682204,3.141593

-0.611199,0.842756,1.682238,3.141593

-0.613534,0.837391,1.686516,3.141593

-0.610691,0.854166,1.680969,3.141593

-0.611267,0.851338,1.682558,3.141593

-0.611711,0.848589,1.684224,3.141593

-0.612000,0.843124,1.686989,3.141593

-0.647836,0.697724,1.681041,3.141593

-0.647737,0.695325,1.681986,3.141593

-0.647533,0.692884,1.682762,3.141593

-0.635727,0.721103,1.680817,3.141593

-0.634929,0.718694,1.681346,3.141593

-0.634961,0.718588,1.681293,3.141593

-0.634068,0.716159,1.681666,3.141593

-0.629708,0.724147,1.679419,3.141593

-0.626901,0.719593,1.680080,3.141593

-0.625363,0.717310,1.680359,3.141593

-0.623527,0.715018,1.680334,3.141593

-0.620204,0.717382,1.679094,3.141593

-0.616096,0.712823,1.678768,3.141593

-0.613710,0.710617,1.678333,3.141593

-0.607451,0.721321,1.678208,3.141593

-0.607496,0.721160,1.678066,3.141593

-0.604965,0.718878,1.677547,3.141593

-0.602345,0.716648,1.676980,3.141593

-0.585763,0.752098,1.677508,3.141593

-0.582739,0.749709,1.676516,3.141593

-0.579649,0.747332,1.675577,3.141593

-0.574113,0.738786,1.676214,3.141593

-0.570651,0.736556,1.675072,3.141593

-0.567148,0.734252,1.673837,3.141593

-0.563609,0.731860,1.672516,3.141593

-0.559275,0.715335,1.672281,3.141593

-0.555425,0.713020,1.670968,3.141593

-0.551527,0.710687,1.669658,3.141593

-0.536756,0.749836,1.672266,3.141593

-0.536784,0.749711,1.672119,3.141593

-0.528497,0.744584,1.669432,3.141593

-0.524300,0.741953,1.668049,3.141593

-0.514887,0.761325,1.671594,3.141593

-0.510446,0.758618,1.670102,3.141593

-0.505958,0.755942,1.668560,3.141593

-0.496718,0.750732,1.665495,3.141593

-0.472316,0.870458,1.668248,3.141593

-0.467465,0.866942,1.666521,3.141593

-0.467473,0.866864,1.666428,3.141593

-0.461526,0.827278,1.668002,3.141593

-0.456512,0.824032,1.666441,3.141593

-0.451480,0.820680,1.664806,3.141593

-0.446404,0.817429,1.663273,3.141593

-0.430475,0.854697,1.665765,3.141593

-0.425150,0.851190,1.664165,3.141593

-0.419810,0.847592,1.662501,3.141593

-0.408420,0.962953,1.664341,3.141593

-0.396891,0.954639,1.661466,3.141593

-0.391096,0.950465,1.660016,3.141593

-0.392190,0.830435,1.662620,3.141593

-0.386511,0.827053,1.661347,3.141593

-0.375093,0.820298,1.658747,3.141593

-0.369356,0.816898,1.657356,3.141593

-0.369366,0.816821,1.657270,3.141593

-0.373193,0.753048,1.660588,3.141593

-0.367400,0.750062,1.659279,3.141593

-0.355736,0.744196,1.656823,3.141593

-0.334755,0.845726,1.659138,3.141593

-0.328696,0.842061,1.657829,3.141593

-0.322610,0.838543,1.656566,3.141593

-0.310319,0.831745,1.654228,3.141593

-2.264799,0.673069,1.621176,3.141593

-2.258696,0.673426,1.618847,3.141593

-2.251656,0.670700,1.614423,3.141593

-2.238682,0.669990,1.607012,3.141593

-2.238316,0.668941,1.605352,3.141593

-2.231580,0.667823,1.601819,3.141593

-2.224353,0.665358,1.597005,3.141593

-2.217366,0.663817,1.593986,3.141593

-2.204357,0.664552,1.589847,3.141593

-2.197467,0.663585,1.588206,3.141593

-2.197134,0.662666,1.586972,3.141593

-2.189723,0.660534,1.583404,3.141593

-2.182846,0.660074,1.581148,3.141593

-2.169279,0.659218,1.578144,3.141593

-2.162380,0.658395,1.576328,3.141593

-2.155105,0.656217,1.573750,3.141593

-2.148371,0.655490,1.572200,3.141593

-2.135458,0.654871,1.570078,3.141593

-2.129149,0.654527,1.569311,3.141593

-2.123074,0.654777,1.568230,3.141593

-2.116563,0.653245,1.566335,3.141593

-2.104842,0.652717,1.564733,3.141593

-2.099161,0.652388,1.563698,3.141593

-2.093558,0.651801,1.562710,3.141593

-2.087857,0.650490,1.561200,3.141593

-2.077916,0.650239,1.559868,3.141593

-2.077711,0.649632,1.559430,3.141593

-2.072844,0.649096,1.558577,3.141593

-2.068099,0.648550,1.557435,3.141593

-2.063860,0.648446,1.557052,3.141593

-2.055598,0.647495,1.555650,3.141593

-2.051684,0.646963,1.554839,3.141593

-2.051521,0.646468,1.554526,3.141593

-2.047773,0.645374,1.553391,3.141593

-2.044322,0.644645,1.552612,3.141593

-2.038229,0.644341,1.551314,3.141593

-2.035530,0.643836,1.550512,3.141593

-2.032826,0.642818,1.549438,3.141593

-2.030445,0.642316,1.548666,3.141593

-2.026704,0.642421,1.547529,3.141593

-2.024996,0.641894,1.546702,3.141593

-2.023441,0.641375,1.545875,3.141593

-2.021892,0.640412,1.544797,3.141593

-2.020130,0.639969,1.543280,3.141593

-2.020041,0.639703,1.543078,3.141593

-2.019291,0.639221,1.542219,3.141593

-2.018553,0.638342,1.541140,3.141593

-2.018161,0.638242,1.540241,3.141593

-2.018098,0.637494,1.538648,3.141593

-2.018229,0.637047,1.537763,3.141593

-2.018383,0.636228,1.536813,3.141593

-2.019060,0.636261,1.535710,3.141593

-2.020621,0.635514,1.534065,3.141593

-2.021554,0.635132,1.533126,3.141593

-2.022688,0.634421,1.532024,3.141593

-2.024147,0.634648,1.530923,3.141593

-2.027147,0.633920,1.529194,3.141593

-2.028846,0.633000,1.528347,3.141593

-2.030673,0.632365,1.527206,3.141593

-2.032684,0.632063,1.526218,3.141593

-2.037234,0.631931,1.524278,3.141593

-2.039654,0.631639,1.523262,3.141593

-2.042150,0.631366,1.522147,3.141593

-2.044667,0.630771,1.521106,3.141593

-2.050515,0.630907,1.519266,3.141593

-2.053460,0.630593,1.518270,3.141593

-2.056476,0.630265,1.517278,3.141593

-2.059606,0.629614,1.516254,3.141593

-2.059728,0.630428,1.515773,3.141593

-2.066309,0.629475,1.514079,3.141593

-2.069596,0.628476,1.513274,3.141593

-2.073230,0.628329,1.512454,3.141593

-2.076781,0.627575,1.511477,3.141593

-2.084279,0.626995,1.509636,3.141593

-2.088068,0.626450,1.508742,3.141593

-2.091994,0.625840,1.507866,3.141593

-2.095907,0.624934,1.506893,3.141593

-2.104117,0.624005,1.505257,3.141593

-2.104084,0.623902,1.505141,3.141593

-2.108286,0.623123,1.504319,3.141593

-2.112477,0.622063,1.503427,3.141593

-2.116810,0.621416,1.502592,3.141593

-2.125672,0.619810,1.501161,3.141593

-2.130183,0.618845,1.500411,3.141593

-2.134677,0.617600,1.499570,3.141593

-2.139274,0.616572,1.498848,3.141593

-2.148825,0.614727,1.497507,3.141593

-2.153684,0.613848,1.496911,3.141593

-2.158526,0.612705,1.496229,3.141593

-2.163433,0.611251,1.495548,3.141593

-2.173527,0.609149,1.494254,3.141593

-2.178591,0.607862,1.493636,3.141593

-2.183762,0.606537,1.493023,3.141593

-2.189870,0.610179,1.492273,3.141593

-2.200821,0.609869,1.491131,3.141593

-2.206264,0.608832,1.490597,3.141593

-2.206179,0.608341,1.490602,3.141593

-2.211534,0.606666,1.489961,3.141593

-2.216903,0.604787,1.489497,3.141593

-2.228039,0.602413,1.488456,3.141593

-2.233613,0.600794,1.487980,3.141593

-2.239165,0.598916,1.487404,3.141593

-2.244756,0.596981,1.487013,3.141593

-2.256350,0.594782,1.486087,3.141593

-2.262311,0.594241,1.485661,3.141593

-2.268155,0.592861,1.485242,3.141593

-2.273973,0.591218,1.484724,3.141593

-2.273770,0.589972,1.484857,3.141593

-2.285735,0.587677,1.484071,3.141593

-2.291700,0.586193,1.483701,3.141593

-2.297637,0.584433,1.483251,3.141593

-2.303550,0.582188,1.483030,3.141593

-2.315780,0.579787,1.482381,3.141593

-2.321979,0.578920,1.481976,3.141593

-0.345720,0.783482,1.558481,3.141593

-0.351619,0.777647,1.553653,3.141593

-0.357570,0.771777,1.548820,3.141593

-0.369628,0.759919,1.539196,3.141593

-0.375605,0.704111,1.550238,3.141593

-0.381922,0.697862,1.545381,3.141593

-0.394815,0.685125,1.534697,3.141593

-0.426418,0.495133,1.550177,3.141593

-0.433963,0.488071,1.544502,3.141593

-0.441581,0.481003,1.538966,3.141593

-0.470356,0.418993,1.538371,3.141593

-0.478421,0.411632,1.534126,3.141593

-0.486489,0.404307,1.530360,3.141593

-0.494589,0.396860,1.527189,3.141593

-0.514387,0.370682,1.539680,3.141593

-0.522357,0.363485,1.538015,3.141593

-0.530265,0.356329,1.536758,3.141593

-0.539665,0.331642,1.542995,3.141593

-0.547601,0.324552,1.542396,3.141593

-0.563164,0.310614,1.542156,3.141593

-0.570779,0.303744,1.542424,3.141593

-0.559987,0.342387,1.543838,3.141593

-0.567021,0.335573,1.544954,3.141593

-0.580707,0.322093,1.547688,3.141593

-0.587239,0.315369,1.549745,3.141593

-0.602474,0.287389,1.546337,3.141593

-0.602491,0.287349,1.546332,3.141593

-0.608807,0.280862,1.548530,3.141593

-0.625807,0.257036,1.546023,3.141593

-0.631488,0.250849,1.548655,3.141593

-0.637033,0.244681,1.551264,3.141593

-0.642416,0.238586,1.553843,3.141593

-0.698820,0.139429,1.550400,3.141593

-0.698835,0.139404,1.550400,3.141593

-0.709101,0.128127,1.555740,3.141593

-0.713998,0.122561,1.558288,3.141593

-0.690853,0.162189,1.550251,3.141593

-0.699029,0.150933,1.555473,3.141593

-0.702896,0.145369,1.557934,3.141593

-0.706357,0.139877,1.560358,3.141593

-0.681668,0.183899,1.554478,3.141593

-0.687537,0.172719,1.558876,3.141593

-0.690032,0.167177,1.560956,3.141593

-0.689159,0.167564,1.555797,3.141593

-0.691381,0.162040,1.557694,3.141593

-0.691395,0.162014,1.557697,3.141593

-0.695429,0.151120,1.561193,3.141593

-0.685389,0.167153,1.557021,3.141593

-0.686930,0.161502,1.558728,3.141593

-0.688366,0.155863,1.560331,3.141593

-0.689709,0.150217,1.561843,3.141593

-0.700565,0.130720,1.556445,3.141593

-0.702506,0.119874,1.559221,3.141593

-0.703332,0.114458,1.560469,3.141593

-0.704041,0.109088,1.561552,3.141593

-0.729266,0.059641,1.559356,3.141593

-0.729534,0.054535,1.560216,3.141593

-0.729708,0.049438,1.561002,3.141593

-0.723258,0.053859,1.558836,3.141593

-0.722830,0.043559,1.560124,3.141593

-0.722479,0.038436,1.560610,3.141593

-0.722493,0.038415,1.560611,3.141593

-0.713291,0.046241,1.558667,3.141593

-0.712688,0.040973,1.559118,3.141593

-0.711174,0.030569,1.559869,3.141593

-0.710193,0.025347,1.560120,3.141593

-0.677393,0.070134,1.559143,3.141593

-0.676365,0.064432,1.559324,3.141593

-0.673956,0.053097,1.559516,3.141593

-0.667841,0.055286,1.559004,3.141593

-0.666421,0.049577,1.558996,3.141593

-0.664938,0.043872,1.558949,3.141593

-0.661472,0.032601,1.558568,3.141593

-0.665835,0.017162,1.558668,3.141593

-0.663942,0.011649,1.558435,3.141593

-0.663952,0.011634,1.558430,3.141593

-0.670986,-0.007524,1.558706,3.141593

-0.666669,-0.018304,1.557953,3.141593

-0.664421,-0.023666,1.557551,3.141593

-0.662127,-0.029035,1.557137,3.141593

-0.652221,-0.023465,1.557823,3.141593

-0.647249,-0.034447,1.556782,3.141593

-0.647252,-0.034452,1.556781,3.141593

-0.644686,-0.039915,1.556248,3.141593

-0.604154,0.014070,1.557690,3.141593

-0.601582,0.007944,1.556977,3.141593

-0.596281,-0.004205,1.555551,3.141593

-0.581074,0.010810,1.557031,3.141593

-0.578276,0.004564,1.556138,3.141593

-0.575445,-0.001673,1.555256,3.141593

-0.569563,-0.014018,1.553437,3.141593

-0.550248,0.008222,1.555270,3.141593

-0.547216,0.001813,1.554305,3.141593

-0.544148,-0.004573,1.553429,3.141593

-0.529450,-0.002330,1.553686,3.141593

-0.526268,-0.008839,1.552730,3.141593

-0.523050,-0.015319,1.551783,3.141593

-0.480083,0.056781,1.554492,3.141593

-0.473494,0.042276,1.552351,3.141593

-0.473493,0.042279,1.552350,3.141593

-0.470154,0.035088,1.551225,3.141593

-0.441694,0.085737,1.553552,3.141593

-0.438231,0.077986,1.552290,3.141593

-0.431241,0.062611,1.549825,3.141593

-0.427710,0.054999,1.548620,3.141593

-0.432631,0.043370,1.552566,3.141593

-0.429063,0.035932,1.551241,3.141593

-0.425468,0.028544,1.549955,3.141593

-0.418203,0.013904,1.547451,3.141593

-0.400470,0.038746,1.551167,3.141593

-0.396700,0.031295,1.549836,3.141593

-0.392905,0.023895,1.548543,3.141593

-2.295930,0.342766,1.468700,3.141593

-2.290488,0.341301,1.468522,3.141593

-2.285019,0.339809,1.468351,3.141593

-2.279522,0.338321,1.468151,3.141593

-2.268417,0.335171,1.467885,3.141593

-2.262808,0.333665,1.467766,3.141593

-2.257139,0.332122,1.467658,3.141593

-2.251408,0.330618,1.467645,3.141593

-2.239799,0.327461,1.467646,3.141593

-2.239803,0.327510,1.467668,3.141593

-2.233964,0.325962,1.467741,3.141593

-2.228109,0.324567,1.467779,3.141593

-2.222264,0.323031,1.467916,3.141593

-2.210638,0.319741,1.468176,3.141593

-2.204882,0.318208,1.468327,3.141593

-2.199182,0.316665,1.468492,3.141593

-2.199185,0.316704,1.468517,3.141593

-2.193551,0.315019,1.468705,3.141593

-2.182544,0.311916,1.468984,3.141593

-2.177192,0.310405,1.469140,3.141593

-2.171939,0.308893,1.469269,3.141593

-2.166793,0.307248,1.469432,3.141593

-2.156906,0.304347,1.469602,3.141593

-2.152177,0.302744,1.469719,3.141593

-2.147578,0.301407,1.469760,3.141593

-2.143115,0.299948,1.469830,3.141593

-2.134812,0.296928,1.469860,3.141593

-2.130876,0.295527,1.469876,3.141593

-2.127082,0.294132,1.469849,3.141593

-2.123598,0.292786,1.469797,3.141593

-2.123603,0.292755,1.469854,3.141593

-2.117069,0.290027,1.469662,3.141593

-2.114027,0.288728,1.469558,3.141593

-2.111316,0.287480,1.469417,3.141593

-2.108749,0.286161,1.469268,3.141593

-2.106330,0.285035,1.469092,3.141593

-2.102132,0.282587,1.468645,3.141593

-2.100353,0.281464,1.468415,3.141593

-2.098715,0.280359,1.468158,3.141593

-2.096084,0.278059,1.467582,3.141593

-2.095089,0.277060,1.467296,3.141593

-2.094227,0.276073,1.466988,3.141593

-2.093495,0.275109,1.466660,3.141593

-2.092867,0.273144,1.465949,3.141593

-2.092871,0.273318,1.465991,3.141593

-2.092744,0.272463,1.465620,3.141593

-2.092742,0.271625,1.465251,3.141593

-2.093072,0.270890,1.464845,3.141593

-2.094078,0.269208,1.464000,3.141593

-2.094752,0.268417,1.463592,3.141593

-2.095535,0.267705,1.463168,3.141593

-2.095534,0.267927,1.463171,3.141593

-2.096604,0.267334,1.462715,3.141593

-2.100443,0.265016,1.461346,3.141593

-2.100441,0.265266,1.461345,3.141593

-2.102087,0.264706,1.460867,3.141593

-2.103826,0.264226,1.460378,3.141593

-2.107589,0.262919,1.459436,3.141593

-2.109740,0.262630,1.458965,3.141593

-2.111983,0.262143,1.458480,3.141593

-2.114312,0.261674,1.458007,3.141593

-2.119344,0.260587,1.457035,3.141593

-2.122041,0.260156,1.456563,3.141593

-2.127670,0.259062,1.455623,3.141593

-2.133816,0.258064,1.454655,3.141593

-2.136999,0.257666,1.454198,3.141593

-2.140252,0.257280,1.453745,3.141593

-2.143676,0.256896,1.453285,3.141593

-2.143670,0.257154,1.453275,3.141593

-2.150720,0.256179,1.452355,3.141593

-2.154338,0.255894,1.451910,3.141593

-2.158115,0.255529,1.451468,3.141593

-2.161953,0.255165,1.451020,3.141593

-2.169811,0.254258,1.450106,3.141593

-2.173917,0.253911,1.449663,3.141593

-2.178080,0.253540,1.449222,3.141593

-2.182298,0.253189,1.448788,3.141593

-2.190897,0.252293,1.447906,3.141593

-2.195342,0.251940,1.447479,3.141593

-2.199840,0.251583,1.447072,3.141593

-2.204388,0.251218,1.446652,3.141593

-2.204390,0.251206,1.446686,3.141593

-2.213699,0.250392,1.445842,3.141593

-2.218457,0.250025,1.445440,3.141593

-2.223260,0.249645,1.445032,3.141593

-2.228115,0.249112,1.444660,3.141593

-2.238046,0.248502,1.443845,3.141593

-2.243082,0.247969,1.443471,3.141593

-2.248158,0.247562,1.443090,3.141593

-2.253312,0.247605,1.442719,3.141593

-2.253319,0.247409,1.442758,3.141593

-2.269047,0.246324,1.441633,3.141593

-2.274411,0.245967,1.441281,3.141593

-2.274414,0.245886,1.441300,3.141593

-2.279823,0.245270,1.440980,3.141593

-2.290731,0.244555,1.440276,3.141593

-2.296290,0.244165,1.439945,3.141593

-2.301884,0.243772,1.439620,3.141593

-2.307516,0.243055,1.439286,3.141593

-2.318889,0.242625,1.438583,3.141593

-2.324644,0.242271,1.438273,3.141593

-2.330430,0.241846,1.437953,3.141593

-2.336246,0.241281,1.437601,3.141593

-2.348042,0.240314,1.436987,3.141593

-2.353980,0.239850,1.436691,3.141593

-2.359945,0.239384,1.436394,3.141593

-2.365938,0.238816,1.436079,3.141593

-2.365953,0.238234,1.436132,3.141593

-2.378047,0.237428,1.435530,3.141593

-2.384126,0.237264,1.435219,3.141593

-2.390239,0.236597,1.434905,3.141593

-2.396387,0.236144,1.434650,3.141593

-2.408758,0.234864,1.434079,3.141593

-2.414976,0.234244,1.433800,3.141593

-2.421227,0.233599,1.433525,3.141593

-2.427499,0.232927,1.433242,3.141593

-2.427509,0.232401,1.433242,3.141593

-2.440120,0.230915,1.432703,3.141593

-0.739904,-0.493373,1.478766,3.141593

-0.748881,-0.496228,1.476878,3.141593

-0.757919,-0.499097,1.474979,3.141593

-0.776182,-0.504892,1.471263,3.141593

-0.794210,-0.516251,1.475280,3.141593

-0.803463,-0.519091,1.473333,3.141593

-0.812790,-0.521933,1.471146,3.141593

-0.836421,-0.531968,1.470785,3.141593

-0.846039,-0.534855,1.468121,3.141593

-0.855715,-0.537746,1.465547,3.141593

-0.865486,-0.540683,1.463275,3.141593

-0.895573,-0.555620,1.469357,3.141593

-0.895574,-0.555621,1.469358,3.141593

-0.905333,-0.558477,1.468003,3.141593

-0.915148,-0.561401,1.467052,3.141593

-0.929811,-0.568330,1.470962,3.141593

-0.949208,-0.574151,1.470524,3.141593

-0.958838,-0.577107,1.470696,3.141593

-0.978938,-0.588240,1.471939,3.141593

-0.978939,-0.588241,1.471942,3.141593

-0.988433,-0.591210,1.472759,3.141593

-1.007153,-0.597242,1.474923,3.141593

-1.002389,-0.589907,1.473748,3.141593

-1.011417,-0.593101,1.475369,3.141593

-1.020341,-0.596341,1.477089,3.141593

-1.042310,-0.606356,1.474293,3.141593

-1.050692,-0.609690,1.476336,3.141593

-1.058940,-0.613064,1.478399,3.141593

-1.058941,-0.613065,1.478404,3.141593

-1.068432,-0.617465,1.475794,3.141593

-1.091613,-0.628239,1.482432,3.141593

-1.099071,-0.631923,1.484567,3.141593

-1.099070,-0.631922,1.484571,3.141593

-1.093063,-0.626717,1.478423,3.141593

-1.106908,-0.634664,1.482695,3.141593

-1.113626,-0.638700,1.484718,3.141593

-1.119990,-0.642869,1.486753,3.141593

-1.146691,-0.660520,1.482292,3.141593

-1.158506,-0.668704,1.485843,3.141593

-1.158507,-0.668704,1.485847,3.141593

-1.151550,-0.665085,1.482174,3.141593

-1.156984,-0.669489,1.483829,3.141593

-1.162294,-0.673934,1.485403,3.141593

-1.172290,-0.682998,1.488284,3.141593

-1.198366,-0.700501,1.484975,3.141593

-1.202854,-0.705012,1.486199,3.141593

-1.207219,-0.709554,1.487329,3.141593

-1.215386,-0.718807,1.489342,3.141593

-1.213181,-0.720104,1.486027,3.141593

-1.216902,-0.724883,1.486881,3.141593

-1.220503,-0.729686,1.487678,3.141593

-1.225614,-0.738759,1.487144,3.141593

-1.228699,-0.743723,1.487730,3.141593

-1.231679,-0.748709,1.488262,3.141593

-1.227851,-0.750181,1.486553,3.141593

-1.233078,-0.760520,1.487461,3.141593

-1.235541,-0.765716,1.487852,3.141593

-1.237693,-0.770970,1.488240,3.141593

-1.234878,-0.769435,1.486987,3.141593

-1.236971,-0.774735,1.487324,3.141593

-1.240884,-0.785384,1.487882,3.141593

-1.243055,-0.795628,1.487528,3.141593

-1.244536,-0.801054,1.487738,3.141593

-1.244539,-0.801056,1.487743,3.141593

-1.253813,-0.820376,1.487665,3.141593

-1.253811,-0.820375,1.487668,3.141593

-1.254776,-0.825846,1.487809,3.141593

-1.255678,-0.831335,1.487922,3.141593

-1.275318,-0.851378,1.487747,3.141593

-1.275690,-0.856824,1.487798,3.141593

-1.275992,-0.862283,1.487831,3.141593

-1.271010,-0.865406,1.487673,3.141593

-1.271121,-0.876545,1.487718,3.141593

-1.271117,-0.876543,1.487721,3.141593

-1.271086,-0.882135,1.487723,3.141593

-1.254969,-0.880112,1.487707,3.141593

-1.254830,-0.885858,1.487737,3.141593

-1.254638,-0.891617,1.487748,3.141593

-1.254115,-0.903182,1.487672,3.141593

-1.251523,-0.907997,1.487693,3.141593

-1.251042,-0.913855,1.487677,3.141593

-1.249959,-0.925613,1.487597,3.141593

-1.250355,-0.932051,1.487668,3.141593

-1.249613,-0.937985,1.487666,3.141593

-1.248837,-0.943936,1.487720,3.141593

-1.229523,-0.947621,1.487717,3.141593

-1.228701,-0.953735,1.487786,3.141593

-1.227841,-0.959860,1.487838,3.141593

-1.226952,-0.965996,1.487876,3.141593

-1.225623,-0.978643,1.487826,3.141593

-1.225617,-0.978640,1.487829,3.141593

-1.224551,-0.984811,1.487865,3.141593

-1.223459,-0.990996,1.487889,3.141593

-1.230315,-1.000873,1.487770,3.141593

-1.227802,-1.013216,1.487753,3.141593

-1.226510,-1.019406,1.487729,3.141593

-1.225139,-1.025611,1.487728,3.141593

-1.206659,-1.024041,1.487719,3.141593

-1.204214,-1.036762,1.487649,3.141593

-1.202964,-1.043161,1.487656,3.141593

-1.212029,-1.047283,1.487732,3.141593

-1.210594,-1.053599,1.487724,3.141593

-1.209143,-1.059928,1.487704,3.141593

-1.206198,-1.072624,1.487638,3.141593

-2.600217,-0.059161,1.440553,3.141593

-2.597033,-0.062567,1.440591,3.141593

-2.593865,-0.066293,1.440582,3.141593

-2.587444,-0.073466,1.440484,3.141593

-2.584213,-0.077115,1.440476,3.141593

-2.580968,-0.080878,1.440441,3.141593

-2.577679,-0.084531,1.440519,3.141593

-2.571054,-0.092428,1.440629,3.141593

-2.571021,-0.092143,1.440689,3.141593

-2.567661,-0.095979,1.440802,3.141593

-2.564280,-0.099701,1.440933,3.141593

-2.560906,-0.103521,1.441104,3.141593

-2.554294,-0.111782,1.441367,3.141593

-2.551016,-0.115737,1.441554,3.141593

-2.547771,-0.119691,1.441764,3.141593

-2.544574,-0.123591,1.442000,3.141593

-2.538435,-0.131843,1.442356,3.141593

-2.535444,-0.135788,1.442573,3.141593

-2.535420,-0.135605,1.442627,3.141593

-2.529717,-0.143606,1.442991,3.141593

-2.524418,-0.151671,1.443319,3.141593

-2.521899,-0.155504,1.443493,3.141593

-2.521873,-0.155317,1.443546,3.141593

-2.517190,-0.163080,1.443786,3.141593

-2.517179,-0.162982,1.443873,3.141593

-2.513052,-0.170541,1.444069,3.141593

-2.511154,-0.174166,1.444181,3.141593

-2.509373,-0.177719,1.444278,3.141593

-2.507735,-0.181359,1.444354,3.141593

-2.505023,-0.188357,1.444390,3.141593

-2.503838,-0.191693,1.444394,3.141593

-2.502776,-0.194957,1.444423,3.141593

-2.501961,-0.198032,1.444377,3.141593

-2.500778,-0.204471,1.444249,3.141593

-2.500347,-0.207462,1.444182,3.141593

-2.500195,-0.210324,1.444094,3.141593

-2.500159,-0.213116,1.443996,3.141593

-2.500484,-0.218797,1.443727,3.141593

-2.500967,-0.221343,1.443574,3.141593

-2.501561,-0.223833,1.443409,3.141593

-2.502268,-0.226263,1.443251,3.141593

-2.504227,-0.231107,1.442864,3.141593

-2.505431,-0.233280,1.442669,3.141593

-2.505399,-0.233106,1.442683,3.141593

-2.508142,-0.237446,1.442240,3.141593

-2.508128,-0.237363,1.442266,3.141593

-2.511608,-0.241322,1.441793,3.141593

-2.513473,-0.243132,1.441555,3.141593

-2.515414,-0.244815,1.441308,3.141593

-2.517612,-0.246440,1.441049,3.141593

-2.522315,-0.249793,1.440540,3.141593

-2.524771,-0.251281,1.440285,3.141593

-2.527442,-0.252640,1.440022,3.141593

-2.530194,-0.253964,1.439759,3.141593

-2.535978,-0.256728,1.439215,3.141593

-2.535945,-0.256564,1.439213,3.141593

-2.538926,-0.257752,1.438944,3.141593

-2.542112,-0.258854,1.438677,3.141593

-2.545382,-0.259988,1.438402,3.141593

-2.552129,-0.262143,1.437886,3.141593

-2.555714,-0.263028,1.437636,3.141593

-2.559362,-0.263882,1.437375,3.141593

-2.563091,-0.264786,1.437099,3.141593

-2.570840,-0.266365,1.436590,3.141593

-2.574855,-0.267036,1.436327,3.141593

-2.578906,-0.267580,1.436051,3.141593

-2.583035,-0.268197,1.435788,3.141593

-2.591705,-0.269514,1.435302,3.141593

-2.596093,-0.270009,1.435035,3.141593

-2.596057,-0.269837,1.435039,3.141593

-2.600496,-0.270312,1.434762,3.141593

-2.605094,-0.270816,1.434505,3.141593

-2.614430,-0.271731,1.434001,3.141593

-2.619150,-0.272068,1.433747,3.141593

-2.623991,-0.272379,1.433457,3.141593

-2.628855,-0.272558,1.433195,3.141593

-2.638810,-0.273300,1.432709,3.141593

-2.643898,-0.273506,1.432455,3.141593

-2.649025,-0.273690,1.432163,3.141593

-2.654193,-0.273840,1.431939,3.141593

-2.664776,-0.274375,1.431424,3.141593

-2.670132,-0.274472,1.431209,3.141593

-2.675522,-0.274566,1.430872,3.141593

-2.680949,-0.274625,1.430657,3.141593

-2.692034,-0.274975,1.430135,3.141593

-2.697633,-0.274988,1.429916,3.141593

-2.703264,-0.274983,1.429677,3.141593

-2.708924,-0.274962,1.429372,3.141593

-2.708892,-0.274813,1.429345,3.141593

-2.720479,-0.274877,1.428878,3.141593

-2.726302,-0.274810,1.428632,3.141593

-2.732152,-0.274727,1.428309,3.141593

-2.738066,-0.274499,1.428052,3.141593

-2.750095,-0.274539,1.427595,3.141593

-2.756123,-0.274409,1.427339,3.141593

-2.762213,-0.274251,1.427012,3.141593

-2.768334,-0.274094,1.426756,3.141593

-2.774517,-0.274081,1.426577,3.141593

-2.786971,-0.273881,1.426127,3.141593

-2.793241,-0.273696,1.425860,3.141593

-2.799528,-0.273484,1.425526,3.141593

-2.812277,-0.273369,1.425068,3.141593

-2.818664,-0.273149,1.424812,3.141593

-2.818626,-0.272990,1.424737,3.141593

-2.831496,-0.272666,1.424196,3.141593

-2.831493,-0.272665,1.424113,3.141593

-2.844523,-0.272356,1.423654,3.141593

-2.851014,-0.271945,1.423365,3.141593

-2.857574,-0.271735,1.423207,3.141593

-2.864182,-0.271479,1.422927,3.141593

-2.864166,-0.271433,1.422740,3.141593

-2.877477,-0.271074,1.422268,3.141593

-2.884141,-0.270814,1.421994,3.141593

-2.890768,-0.270306,1.421590,3.141593

-2.897508,-0.270032,1.421285,3.141593

-2.911126,-0.269867,1.420824,3.141593

-2.917941,-0.269680,1.420670,3.141593

-2.924791,-0.269429,1.420356,3.141593

-2.931635,-0.269086,1.419918,3.141593

-2.945499,-0.268963,1.419425,3.141593

-2.952465,-0.268724,1.419107,3.141593

-2.959444,-0.268488,1.418798,3.141593

-2.966414,-0.268165,1.418333,3.141593

-2.980582,-0.268129,1.417812,3.141593

-2.987665,-0.267924,1.417495,3.141593

-2.987622,-0.267733,1.417369,3.141593

-2.994670,-0.267300,1.417033,3.141593

-3.001760,-0.266993,1.416839,3.141593

-3.016163,-0.266973,1.416171,3.141593

-3.023355,-0.266837,1.415849,3.141593

-3.023314,-0.266661,1.415712,3.141593

-3.030496,-0.266447,1.415237,3.141593

-3.037799,-0.266600,1.414902,3.141593

-3.052379,-0.266635,1.414351,3.141593

-3.059672,-0.266610,1.414007,3.141593

-3.066937,-0.266283,1.413496,3.141593

-3.074288,-0.266314,1.413153,3.141593

-3.089137,-0.266948,1.412720,3.141593

-3.096554,-0.267070,1.412378,3.141593

-3.103986,-0.267230,1.412025,3.141593

-3.111411,-0.267346,1.411505,3.141593

-3.126347,-0.267874,1.410744,3.141593

-3.133926,-0.268547,1.410518,3.141593

-3.141449,-0.268918,1.410121,3.141593

-3.148968,-0.269269,1.409577,3.141593

-3.164112,-0.270306,1.408908,3.141593

-3.171763,-0.271178,1.408505,3.141593

-3.171749,-0.271121,1.408364,3.141593

-3.179346,-0.271717,1.407761,3.141593

-3.187026,-0.272725,1.407336,3.141593

-3.194668,-0.273482,1.406899,3.141593

-3.209925,-0.274790,1.406137,3.141593

-3.217656,-0.276046,1.405496,3.141593

-3.225295,-0.276680,1.404997,3.141593

-3.233073,-0.278097,1.404530,3.141593

-3.248528,-0.280337,1.403689,3.141593

-3.256271,-0.281568,1.403352,3.141593

-3.264029,-0.282955,1.402598,3.141593

-3.264104,-0.283451,1.402412,3.141593

-3.279635,-0.286265,1.401464,3.141593

-3.287421,-0.287871,1.400856,3.141593

-3.295224,-0.289647,1.400004,3.141593

-3.303092,-0.291841,1.399352,3.141593

-3.318692,-0.295476,1.398207,3.141593

-3.326509,-0.297537,1.397491,3.141593

-3.334276,-0.299360,1.396454,3.141593

-3.342231,-0.302527,1.395690,3.141593

-3.349969,-0.304142,1.395168,3.141593

-3.349996,-0.304418,1.394875,3.141593

-3.365641,-0.309174,1.393468,3.141593

-3.373491,-0.312036,1.392252,3.141593

-3.381392,-0.315335,1.391320,3.141593

-3.397017,-0.320967,1.389680,3.141593

-3.404842,-0.324141,1.388652,3.141593

-3.412675,-0.327675,1.387218,3.141593

-3.420438,-0.330599,1.386075,3.141593

-3.436076,-0.337983,1.384124,3.141593

-3.443871,-0.341834,1.382911,3.141593

-3.451640,-0.345547,1.382059,3.141593

-3.459405,-0.349985,1.380297,3.141593

-3.474907,-0.358820,1.378001,3.141593

-3.474918,-0.359354,1.377533,3.141593

-3.482621,-0.364007,1.376078,3.141593

-3.490300,-0.368827,1.374558,3.141593

-3.497973,-0.374787,1.372490,3.141593

-3.513177,-0.384727,1.369683,3.141593

-3.520724,-0.390273,1.367950,3.141593

-3.528194,-0.395756,1.365519,3.141593

-3.535659,-0.401696,1.363639,3.141593

-3.550486,-0.413086,1.360942,3.141593

-3.557787,-0.420244,1.358893,3.141593

-3.565027,-0.426988,1.356757,3.141593

-3.572142,-0.434393,1.353825,3.141593

-3.586303,-0.448900,1.349925,3.141593

-3.593234,-0.456548,1.347455,3.141593

-3.593142,-0.457298,1.346626,3.141593

-3.606725,-0.473084,1.341397,3.141593

-3.619947,-0.489961,1.336700,3.141593

-3.626338,-0.498877,1.333761,3.141593

-3.626183,-0.499684,1.332780,3.141593

-3.632290,-0.509378,1.328751,3.141593

-3.638321,-0.519357,1.325603,3.141593

-3.650248,-0.538173,1.320066,3.141593

-3.655884,-0.548325,1.316678,3.141593

-3.661155,-0.559237,1.312139,3.141593

-3.666343,-0.570302,1.308537,3.141593

-3.676533,-0.591622,1.302280,3.141593

-3.681219,-0.602878,1.298462,3.141593

-3.685998,-0.613551,1.295694,3.141593

-3.690248,-0.625271,1.291754,3.141593

-3.698064,-0.649343,1.283794,3.141593

-3.701676,-0.661379,1.279712,3.141593

-3.705072,-0.673489,1.275592,3.141593

-3.708271,-0.685657,1.271429,3.141593

-3.713979,-0.710283,1.263136,3.141593

-3.716554,-0.722485,1.258932,3.141593

-3.716801,-0.721383,1.258044,3.141593

-3.719851,-0.731578,1.253312,3.141593

-3.722260,-0.743376,1.249309,3.141593

-3.725906,-0.768639,1.241870,3.141593

-3.727930,-0.779971,1.237988,3.141593

-3.731002,-0.788409,1.233893,3.141593

-3.732969,-0.799178,1.230119,3.141593

-3.734964,-0.823881,1.223105,3.141593

-3.734705,-0.838056,1.219606,3.141593

-3.736604,-0.834276,1.219529,3.141593

-3.740298,-0.840454,1.216171,3.141593

-3.741970,-0.850388,1.212870,3.141593

-3.742862,-0.873869,1.206325,3.141593

-3.741645,-0.887856,1.202907,3.141593

-3.743126,-0.897024,1.199908,3.141593

-3.747891,-0.900813,1.197441,3.141593

-3.747977,-0.922984,1.191669,3.141593

-3.749843,-0.930987,1.189153,3.141593

-3.751775,-0.938759,1.186693,3.141593

-3.758337,-0.940010,1.185230,3.141593

-3.758602,-0.960288,1.180245,3.141593

-3.761149,-0.966921,1.178223,3.141593

-3.763950,-0.973211,1.176322,3.141593

-3.772384,-0.972291,1.175707,3.141593

-3.773427,-0.990587,1.171505,3.141593

-3.777029,-0.995797,1.170025,3.141593

-3.780912,-1.000674,1.168705,3.141593

-3.791101,-0.997975,1.168665,3.141593

-3.797366,-0.990252,1.169813,3.141593

-3.800138,-1.006397,1.166428,3.141593

-3.805011,-1.010252,1.165474,3.141593

-3.816620,-1.006146,1.165923,3.141593

-3.815212,-1.017428,1.163654,3.141593

-3.822066,-1.009319,1.164923,3.141593

-3.826564,-1.023478,1.162239,3.141593

-3.832457,-1.026285,1.161603,3.141593

-3.845460,-1.020902,1.162436,3.141593

-3.851954,-1.023137,1.161963,3.141593

-3.858155,-1.035536,1.159828,3.141593

-3.865050,-1.037372,1.159470,3.141593

-3.879141,-1.030951,1.160554,3.141593

-3.886470,-1.032394,1.160324,3.141593

-3.887348,-1.051160,1.157326,3.141593

-3.895163,-1.052136,1.157190,3.141593

-3.903357,-1.052775,1.157158,3.141593

-3.918834,-1.045079,1.158536,3.141593

-3.928684,-1.053969,1.157384,3.141593

-3.937647,-1.053813,1.157540,3.141593

-3.946722,-1.053528,1.157736,3.141593

-3.963022,-1.044683,1.159365,3.141593

-3.974890,-1.051630,1.158692,3.141593

-3.984686,-1.050506,1.159101,3.141593

-3.991810,-1.041758,1.160392,3.141593

-4.001675,-1.040440,1.160854,3.141593

-4.018491,-1.030242,1.162849,3.141593

-4.025369,-1.043861,1.161170,3.141593

-4.035869,-1.041683,1.161798,3.141593

-4.046492,-1.039292,1.162483,3.141593

-4.064039,-1.027642,1.164809,3.141593

-4.079189,-1.030706,1.165057,3.141593

-4.085917,-1.021393,1.166499,3.141593

-4.096983,-1.017959,1.167438,3.141593

-4.114581,-1.004924,1.170114,3.141593

-4.125803,-1.000891,1.171235,3.141593

-4.142214,-1.001792,1.172022,3.141593

-4.147576,-1.006513,1.171590,3.141593

-4.159219,-1.001600,1.172879,3.141593

-4.176937,-0.986753,1.176026,3.141593

-4.194228,-0.985748,1.177296,3.141593

-4.200259,-0.975501,1.179011,3.141593

-4.211946,-0.969482,1.180603,3.141593

-4.229139,-0.953186,1.184195,3.141593

-4.235273,-0.956799,1.184001,3.141593

-4.253143,-0.953599,1.185785,3.141593

-4.264821,-0.946515,1.187656,3.141593

-4.276452,-0.939207,1.189592,3.141593

-4.286539,-0.918149,1.193594,3.141593

-4.297844,-0.910487,1.195618,3.141593

-4.315635,-0.905347,1.197922,3.141593

-4.326838,-0.897094,1.200139,3.141593

-4.342122,-0.878116,1.204604,3.141593

-4.352967,-0.869388,1.206949,3.141593

-4.366474,-0.873372,1.207380,3.141593

-4.377208,-0.864306,1.209832,3.141593

-4.387817,-0.854985,1.212352,3.141593

-4.401615,-0.834976,1.217187,3.141593

-4.418489,-0.826999,1.220181,3.141593

-4.428415,-0.817236,1.222848,3.141593

-4.438131,-0.807497,1.225536,3.141593

-4.447677,-0.797659,1.228278,3.141593

-4.466114,-0.778262,1.233868,3.141593

-4.475067,-0.768341,1.236663,3.141593

-4.477177,-0.757440,1.239033,3.141593

-4.485774,-0.747536,1.241880,3.141593

-4.495757,-0.727444,1.247164,3.141593

-4.510338,-0.718449,1.250481,3.141593

-4.518162,-0.708641,1.253337,3.141593

-4.526779,-0.689024,1.258695,3.141593

-4.534090,-0.679446,1.261559,3.141593

-4.540531,-0.679590,1.261960,3.141593

-4.554026,-0.670723,1.265255,3.141593

-4.560926,-0.661264,1.268109,3.141593

-4.567902,-0.642599,1.273359,3.141593

-4.580636,-0.634112,1.276584,3.141593

-4.586905,-0.625103,1.279361,3.141593

-4.593030,-0.616227,1.282114,3.141593

-4.598701,-0.598867,1.287145,3.141593

-4.598258,-0.589775,1.289419,3.141593

-4.610103,-0.582057,1.292462,3.141593

-4.615629,-0.573894,1.295050,3.141593

-4.620302,-0.557899,1.299876,3.141593

-4.625550,-0.550138,1.302443,3.141593

-4.637777,-0.550882,1.303035,3.141593

-4.636770,-0.542653,1.305243,3.141593

-4.641845,-0.535220,1.307702,3.141593

-4.645738,-0.520634,1.312249,3.141593

-4.650604,-0.513599,1.314557,3.141593

-4.661575,-0.507444,1.316992,3.141593

-4.667634,-0.507595,1.317176,3.141593

-4.672398,-0.500872,1.319277,3.141593

-4.675768,-0.487771,1.323108,3.141593

-4.686673,-0.482302,1.325143,3.141593

-4.691334,-0.476240,1.326915,3.141593

-4.696013,-0.470387,1.328620,3.141593

-4.699217,-0.459022,1.331718,3.141593

-4.697598,-0.452961,1.333107,3.141593

-4.708563,-0.448559,1.334641,3.141593

-4.713253,-0.443582,1.335999,3.141593

-4.716564,-0.434084,1.338439,3.141593

-4.721335,-0.429668,1.339605,3.141593

-4.732530,-0.426121,1.340723,3.141593

-4.738768,-0.426243,1.340706,3.141593

-4.743670,-0.422182,1.341702,3.141593

-4.747309,-0.414417,1.343578,3.141593

-4.758826,-0.411430,1.344389,3.141593

-4.757400,-0.407383,1.345194,3.141593

-4.762537,-0.404111,1.345944,3.141593

-4.766601,-0.397918,1.347343,3.141593

-4.771896,-0.395112,1.347918,3.141593

-4.783855,-0.392938,1.348371,3.141593

-4.789279,-0.390319,1.348887,3.141593

-4.793880,-0.385572,1.349856,3.141593

-4.799496,-0.383363,1.350225,3.141593

-4.811880,-0.381675,1.350422,3.141593

-4.817611,-0.379605,1.350729,3.141593

-4.822765,-0.376069,1.351433,3.141593

-4.828660,-0.374308,1.351657,3.141593

-4.841425,-0.372946,1.351690,3.141593

-4.848047,-0.372720,1.351492,3.141593

-4.854126,-0.371129,1.351641,3.141593

-4.859707,-0.368309,1.352166,3.141593

-4.858941,-0.366521,1.352555,3.141593

-4.872106,-0.365420,1.352439,3.141593

-4.878374,-0.364043,1.352542,3.141593

-4.884212,-0.361615,1.353003,3.141593

-4.890523,-0.360239,1.353052,3.141593

-4.903954,-0.359127,1.352809,3.141593

-4.910782,-0.358741,1.352505,3.141593

-4.917212,-0.357387,1.352506,3.141593

-4.923259,-0.355119,1.352779,3.141593

-4.922616,-0.353684,1.353062,3.141593

-4.936319,-0.352497,1.352612,3.141593

-4.942884,-0.351191,1.352502,3.141593

-4.949093,-0.349046,1.352610,3.141593

-4.955738,-0.347760,1.352441,3.141593

-4.969718,-0.346559,1.351842,3.141593

-4.976425,-0.345272,1.351622,3.141593

-4.982849,-0.343264,1.351536,3.141593

-4.989641,-0.342025,1.351234,3.141593

-4.996449,-0.340778,1.350926,3.141593

-5.010671,-0.339458,1.350083,3.141593

-5.017878,-0.338943,1.349571,3.141593

-5.024493,-0.337097,1.349269,3.141593

-5.039005,-0.336034,1.348284,3.141593

-5.038455,-0.334844,1.348344,3.141593

-5.045502,-0.333788,1.347837,3.141593

-5.052331,-0.332227,1.347345,3.141593

-5.059459,-0.331282,1.346760,3.141593

-5.074311,-0.330493,1.345484,3.141593

-5.081549,-0.329646,1.344842,3.141593

-5.088677,-0.328547,1.344080,3.141593

-5.096152,-0.328111,1.343375,3.141593

-5.111336,-0.327681,1.341854,3.141593

-5.118761,-0.327077,1.341012,3.141593

-5.118399,-0.326293,1.340930,3.141593

-5.125761,-0.325546,1.339908,3.141593

-5.133357,-0.325224,1.339098,3.141593

-5.148894,-0.325310,1.337251,3.141593

-5.148602,-0.324684,1.337074,3.141593

-5.156284,-0.324530,1.336004,3.141593

-5.164137,-0.324745,1.334648,3.141593

-5.171960,-0.324868,1.333449,3.141593

-5.187675,-0.325175,1.331482,3.141593

-5.195572,-0.325449,1.330169,3.141593

-5.203544,-0.325903,1.328819,3.141593

-5.203628,-0.326204,1.328151,3.141593

-5.211676,-0.326853,1.326689,3.141593

-5.227956,-0.328565,1.323997,3.141593

-5.236127,-0.329571,1.322326,3.141593

-5.244053,-0.329916,1.321100,3.141593

-5.252937,-0.332898,1.318386,3.141593

-5.269232,-0.334747,1.315701,3.141593

-5.277608,-0.336393,1.313748,3.141593

-5.286032,-0.338213,1.311741,3.141593

-5.294933,-0.341455,1.309109,3.141593

-5.311851,-0.345467,1.305346,3.141593

-5.320422,-0.347941,1.303143,3.141593

-5.329036,-0.350593,1.300851,3.141593

-5.338220,-0.355133,1.297860,3.141593

-5.338366,-0.355693,1.297360,3.141593

-5.355454,-0.361012,1.293092,3.141593

-5.364189,-0.364452,1.290657,3.141593

-5.373323,-0.369399,1.287763,3.141593

-5.381568,-0.371469,1.285682,3.141593

-5.398725,-0.378196,1.281003,3.141593

-5.407375,-0.382097,1.278387,3.141593

-5.416027,-0.386147,1.275806,3.141593

-5.424994,-0.391590,1.272983,3.141593

-5.441982,-0.399507,1.267987,3.141593

-5.442013,-0.399700,1.267827,3.141593

-5.450535,-0.404060,1.265363,3.141593

-5.459169,-0.409011,1.263006,3.141593

-5.467514,-0.413072,1.260604,3.141593

-5.484180,-0.421883,1.255588,3.141593

-5.492325,-0.425787,1.253114,3.141593

-5.500517,-0.429647,1.251340,3.141593

-5.508538,-0.433778,1.248451,3.141593

-5.524734,-0.443132,1.243270,3.141593

-5.532640,-0.447000,1.240992,3.141593

-5.540404,-0.450401,1.238680,3.141593

-5.547997,-0.450715,1.238911,3.141593

-5.563500,-0.458823,1.233664,3.141593

-5.571152,-0.461693,1.232005,3.141593

-5.578484,-0.461028,1.231868,3.141593

-5.585934,-0.462792,1.230217,3.141593

-5.601026,-0.470044,1.225304,3.141593

-5.608511,-0.475117,1.221775,3.141593

-5.615779,-0.476191,1.220215,3.141593

-5.622805,-0.472378,1.220829,3.141593

-5.637548,-0.478860,1.216169,3.141593

-5.644502,-0.477735,1.214550,3.141593

-5.651707,-0.478420,1.213156,3.141593

-5.651199,-0.466698,1.218031,3.141593

-5.658350,-0.466293,1.216869,3.141593

-5.672770,-0.471050,1.211912,3.141593

-5.679777,-0.469815,1.210673,3.141593

-5.686830,-0.468049,1.209967,3.141593

-5.694040,-0.473929,1.205837,3.141593

-5.707684,-0.468557,1.203158,3.141593

-5.714148,-0.456524,1.205244,3.141593

-5.721263,-0.461840,1.200844,3.141593

-5.727530,-0.447902,1.203147,3.141593

-5.741468,-0.448821,1.198158,3.141593

-5.740357,-0.436040,1.200400,3.141593

-5.746766,-0.429848,1.199286,3.141593

-5.752561,-0.414155,1.201899,3.141593

-5.758892,-0.406895,1.201544,3.141593

-5.772390,-0.403911,1.196337,3.141593

-5.777840,-0.393216,1.194447,3.141593

-5.782368,-0.372070,1.197349,3.141593

-5.787843,-0.362064,1.196179,3.141593

-5.801256,-0.365171,1.185108,3.141593

-5.806374,-0.353768,1.183603,3.141593

-5.811269,-0.341800,1.182083,3.141593

-5.814004,-0.315898,1.185214,3.141593

-5.824178,-0.301281,1.177310,3.141593

-5.827826,-0.286667,1.175531,3.141593

-5.824158,-0.269936,1.179115,3.141593

-5.825708,-0.244690,1.183731,3.141593

-5.828115,-0.228567,1.181983,3.141593

-5.834812,-0.207515,1.173255,3.141593

-5.835888,-0.189596,1.171240,3.141593

-5.835944,-0.189926,1.170983,3.141593

-5.832645,-0.158043,1.174702,3.141593

-5.829763,-0.133970,1.171239,3.141593

-5.830767,-0.106029,1.161297,3.141593

-5.831250,-0.090345,1.160608,3.141593

-5.823444,-0.056737,1.164804,3.141593

-5.819260,-0.035142,1.162735,3.141593

-5.813004,-0.001686,1.152070,3.141593

-5.806126,0.021301,1.149983,3.141593

-5.793388,0.054553,1.154868,3.141593

-5.789440,0.067710,1.145785,3.141593

-5.779286,0.098940,1.136305,3.141593

-5.762962,0.120530,1.140434,3.141593

-5.757045,0.137314,1.140213,3.141593

-5.740175,0.167508,1.146043,3.141593

-5.726891,0.189412,1.144605,3.141593

-5.701748,0.225911,1.134747,3.141593

-5.686095,0.246707,1.133646,3.141593

-5.672352,0.261993,1.124770,3.141593

-5.653072,0.286258,1.131993,3.141593

-5.643154,0.295479,1.138140,3.141593

-5.610758,0.327097,1.129915,3.141593

-5.601112,0.339291,1.130748,3.141593

-5.583588,0.357507,1.138051,3.141593

-5.566016,0.370099,1.130705,3.141593

-5.540790,0.387578,1.130069,3.141593

-5.513076,0.407882,1.124746,3.141593

-5.496236,0.419410,1.125532,3.141593

-5.483082,0.431009,1.133218,3.141593

-5.449533,0.448778,1.128410,3.141593

-5.446049,0.451554,1.134308,3.141593

-5.432234,0.459554,1.135237,3.141593

-5.430382,0.465916,1.142588,3.141593

-5.413043,0.472376,1.137575,3.141593

-5.395028,0.479997,1.138352,3.141593

-5.374096,0.489686,1.135440,3.141593

-5.364170,0.494791,1.136712,3.141593

-5.361581,0.500135,1.143115,3.141593

-5.339702,0.508183,1.140663,3.141593

-5.332783,0.512147,1.141916,3.141593

-5.326603,0.515963,1.143159,3.141593

-5.339955,0.517370,1.152095,3.141593

-5.334623,0.521083,1.153002,3.141593

-5.319221,0.527399,1.150934,3.141593

-5.315654,0.530804,1.151925,3.141593

-5.319720,0.534944,1.156551,3.141593

-5.317216,0.538261,1.157325,3.141593

-5.309703,0.544041,1.155637,3.141593

-5.298610,0.546272,1.152970,3.141593

-5.297986,0.549556,1.153858,3.141593

-5.297753,0.552858,1.154701,3.141593

-5.311798,0.554829,1.160748,3.141593

-5.305922,0.560776,1.159127,3.141593

-5.306817,0.564276,1.159754,3.141593

-5.315388,0.568550,1.161855,3.141593

-5.316700,0.572523,1.163445,3.141593

-5.315333,0.579211,1.162045,3.141593

-5.309291,0.581879,1.160036,3.141593

-5.311913,0.585810,1.160550,3.141593

-5.321900,0.590981,1.163234,3.141593

-5.328413,0.591948,1.165340,3.141593

-5.328201,0.599335,1.163994,3.141593

-5.331618,0.603627,1.164397,3.141593

-5.342207,0.608988,1.166336,3.141593

-5.339219,0.612495,1.164670,3.141593

-5.340997,0.620891,1.164125,3.141593

-5.344916,0.625721,1.164697,3.141593

-5.349359,0.630647,1.165259,3.141593

-5.360767,0.636755,1.167986,3.141593

-5.363878,0.645996,1.167127,3.141593

-5.370071,0.647034,1.169256,3.141593

-5.375158,0.652338,1.169944,3.141593

-5.386846,0.658649,1.172583,3.141593

-5.391935,0.664094,1.173525,3.141593

-5.396298,0.674308,1.173059,3.141593

-5.401754,0.679965,1.173851,3.141593

-5.413983,0.686599,1.176731,3.141593

-5.419727,0.692412,1.177538,3.141593

-5.425135,0.703329,1.177205,3.141593

-5.431153,0.709281,1.178062,3.141593

-5.430773,0.709257,1.178055,3.141593

-5.443671,0.716136,1.180935,3.141593

-5.450001,0.722199,1.181781,3.141593

-5.456506,0.733689,1.181511,3.141593

-5.463230,0.739919,1.182304,3.141593

-5.463027,0.745454,1.181199,3.141593

-5.477108,0.752408,1.183781,3.141593

-5.491745,0.764910,1.185084,3.141593

-5.492217,0.770689,1.183991,3.141593

-5.499911,0.777019,1.184528,3.141593

-5.515184,0.783744,1.186537,3.141593

-5.524398,0.795922,1.185623,3.141593

-5.531998,0.796225,1.187097,3.141593

-5.540539,0.802416,1.187150,3.141593

-5.557165,0.808637,1.188328,3.141593

-5.566586,0.814641,1.188118,3.141593

-5.579065,0.826641,1.186434,3.141593

-5.589418,0.832462,1.185748,3.141593

-5.591838,0.838485,1.184149,3.141593

-5.606948,0.838182,1.186984,3.141593

-5.619688,0.843274,1.184453,3.141593

-5.636094,0.854381,1.180992,3.141593

-5.649154,0.859408,1.179362,3.141593

-5.664935,0.863443,1.175210,3.141593

-5.687126,0.867223,1.174648,3.141593

-5.699923,0.877686,1.168723,3.141593

-5.716791,0.881132,1.165462,3.141593

-5.735008,0.883871,1.161434,3.141593

-5.765667,0.883295,1.156138,3.141593

-5.797990,0.887259,1.146197,3.141593

-5.808977,0.884154,1.145341,3.141593

-5.834202,0.882309,1.138230,3.141593

-5.865342,0.876499,1.126902,3.141593

-5.901491,0.869261,1.121075,3.141593

-5.954751,0.856387,1.102818,3.141593

-5.989104,0.844147,1.092463,3.141593

-6.011298,0.837079,1.083443,3.141593

-6.043221,0.816990,1.077319,3.141593

-6.084742,0.793802,1.064351,3.141593

-6.160304,0.742765,1.039047,3.141593

-6.205820,0.703988,1.025469,3.141593

-6.237108,0.675006,1.014316,3.141593

-6.298689,0.597633,0.992500,3.141593

-6.377102,0.481356,0.977708,3.141593

-6.415322,0.400453,0.970072,3.141593

-6.446438,0.313650,0.965946,3.141593

-6.474517,0.190546,0.967061,3.141593

-6.486861,0.042094,0.976065,3.141593

-6.486932,0.025175,0.978561,3.141593

-6.481870,-0.055275,0.988283,3.141593

-6.472803,-0.126094,1.002945,3.141593

-6.450201,-0.212150,1.016293,3.141593

-6.414125,-0.306714,1.040275,3.141593

-6.395046,-0.345017,1.052295,3.141593

-6.367073,-0.393517,1.067644,3.141593

-6.346539,-0.423000,1.078819,3.141593

-6.313684,-0.461879,1.097156,3.141593

-6.300735,-0.474320,1.104647,3.141593

-6.284144,-0.490031,1.113146,3.141593

-6.264890,-0.507213,1.121973,3.141593

-6.242282,-0.521728,1.134348,3.141593

-6.238633,-0.525154,1.134966,3.141593

-6.227784,-0.530937,1.140427,3.141593

-6.214108,-0.538683,1.145809,3.141593

-6.207987,-0.539679,1.150082,3.141593

-6.195092,-0.541725,1.157930,3.141593

-6.186293,-0.544119,1.161086,3.141593

-6.178765,-0.545398,1.163560,3.141593

-6.174168,-0.544581,1.165987,3.141593

-6.168453,-0.540682,1.170650,3.141593

-6.167589,-0.537739,1.173089,3.141593

-6.165348,-0.535553,1.174603,3.141593

-6.162231,-0.533725,1.175009,3.141593

-6.160706,-0.534436,1.174057,3.141593

-6.160617,-0.527973,1.176879,3.141593

-6.160283,-0.525024,1.177527,3.141593

-6.159680,-0.519455,1.178617,3.141593

-6.159848,-0.518986,1.177276,3.141593

-6.160899,-0.515741,1.177455,3.141593

-6.164810,-0.508889,1.178795,3.141593

-6.165589,-0.505845,1.177398,3.141593

-6.167725,-0.502696,1.177165,3.141593

-6.174234,-0.496184,1.179068,3.141593

-6.176869,-0.493180,1.178722,3.141593

-6.175980,-0.493332,1.177344,3.141593

-6.177959,-0.490704,1.175467,3.141593

-6.180945,-0.487983,1.174873,3.141593

-6.188137,-0.482618,1.174916,3.141593

-6.191477,-0.480344,1.174154,3.141593

-6.193993,-0.478331,1.172080,3.141593

-6.197452,-0.476262,1.171289,3.141593

-6.206465,-0.472255,1.172185,3.141593

-6.210114,-0.470710,1.171308,3.141593

-6.213797,-0.469269,1.170416,3.141593

-6.216484,-0.468112,1.168011,3.141593

-6.224937,-0.465698,1.167105,3.141593

-6.228597,-0.464850,1.165721,3.141593

-6.232237,-0.464095,1.164223,3.141593

-6.229748,-0.464413,1.160313,3.141593

-6.233276,-0.463724,1.158470,3.141593

-6.241764,-0.462869,1.156830,3.141593

-6.245367,-0.462563,1.154646,3.141593

-6.247561,-0.462459,1.150104,3.141593

-6.252515,-0.462485,1.150285,3.141593

-6.261139,-0.462779,1.148085,3.141593

-6.264729,-0.463114,1.145794,3.141593

-6.268318,-0.463757,1.143581,3.141593

-6.265509,-0.463781,1.138458,3.141593

-6.269103,-0.464479,1.136220,3.141593

-6.272831,-0.465095,1.133734,3.141593

-6.281608,-0.466883,1.131616,3.141593

-6.284088,-0.467848,1.126799,3.141593

-6.287898,-0.468955,1.124572,3.141593

-6.298066,-0.471711,1.125102,3.141593

-6.296741,-0.471720,1.122814,3.141593

-6.300757,-0.473016,1.120443,3.141593

-6.305830,-0.474649,1.120706,3.141593

-6.303586,-0.474342,1.115972,3.141593

-6.307660,-0.475853,1.113999,3.141593

-6.316990,-0.479420,1.112422,3.141593

-6.321074,-0.481335,1.110793,3.141593

-6.324638,-0.482771,1.106809,3.141593

-6.329060,-0.484708,1.105245,3.141593

-6.338786,-0.488963,1.104215,3.141593

-6.343329,-0.491024,1.102785,3.141593

-6.343162,-0.491183,1.102947,3.141593

-6.347402,-0.492751,1.099550,3.141593

-6.352198,-0.494917,1.098314,3.141593

-6.362418,-0.499696,1.097731,3.141593

-6.367360,-0.501935,1.096577,3.141593

-6.372708,-0.504712,1.097221,3.141593

-6.377632,-0.506558,1.094565,3.141593

-6.388598,-0.511453,1.094021,3.141593

-6.387973,-0.511452,1.092995,3.141593

-6.393719,-0.513509,1.091842,3.141593

-6.399187,-0.515440,1.089830,3.141593

-6.405215,-0.517394,1.088695,3.141593

-6.416864,-0.522571,1.088732,3.141593

-6.422976,-0.524771,1.088051,3.141593

-6.429788,-0.525975,1.085909,3.141593

-6.436326,-0.527974,1.085312,3.141593

-6.449042,-0.532939,1.085621,3.141593

-6.455984,-0.534788,1.085072,3.141593

-6.464321,-0.535142,1.083082,3.141593

-6.471840,-0.536674,1.082611,3.141593

-6.486589,-0.540352,1.082684,3.141593

-6.494170,-0.542119,1.082884,3.141593

-6.500728,-0.545034,1.084111,3.141593

-6.511371,-0.543809,1.082254,3.141593

-6.527541,-0.546893,1.083365,3.141593

-6.537150,-0.547004,1.083214,3.141593

-6.539014,-0.545236,1.082308,3.141593

-6.552341,-0.541768,1.080578,3.141593

-6.564200,-0.539624,1.079679,3.141593

-6.583168,-0.540751,1.082326,3.141593

-6.595641,-0.538263,1.082493,3.141593

-6.614532,-0.528885,1.079887,3.141593

-6.628885,-0.524311,1.080175,3.141593

-6.654571,-0.518253,1.083059,3.141593

-6.671372,-0.510743,1.083764,3.141593

-6.696234,-0.493643,1.082706,3.141593

-6.716083,-0.481750,1.083897,3.141593

-6.753143,-0.459285,1.087902,3.141593

-6.774933,-0.443750,1.091889,3.141593

-6.810578,-0.406214,1.093262,3.141593

-6.838368,-0.377252,1.097422,3.141593

-6.887226,-0.323785,1.110875,3.141593

-6.919010,-0.277227,1.119489,3.141593

-6.962229,-0.190162,1.130768,3.141593

-6.982492,-0.153836,1.144642,3.141593

-7.027865,-0.023200,1.182848,3.141593

-7.044815,0.079220,1.209921,3.141593

-7.048871,0.194326,1.242714,3.141593

-7.035802,0.290015,1.253910,3.141593

-7.010058,0.410789,1.293048,3.141593

-6.929750,0.598447,1.371743,3.141593

-6.861472,0.696319,1.413100,3.141593

-6.763768,0.798443,1.452720,3.141593

-6.689450,0.855977,1.484732,3.141593

-6.565554,0.923934,1.534453,3.141593

-6.506483,0.946166,1.558118,3.141593

-6.442566,0.966656,1.571221,3.141593

-6.402126,0.973245,1.589674,3.141593

-6.324727,0.980481,1.617137,3.141593

-6.290020,0.981388,1.626140,3.141593

-6.259566,0.980394,1.633932,3.141593

-6.234115,0.979963,1.632756,3.141593

-6.234325,0.980515,1.630443,3.141593

-6.191226,0.971877,1.647223,3.141593

-6.173632,0.967337,1.652305,3.141593

-6.154811,0.961150,1.662235,3.141593

-6.144599,0.957524,1.661466,3.141593

-6.118753,0.946269,1.672463,3.141593

-6.108076,0.940423,1.678459,3.141593

-6.100863,0.935995,1.680043,3.141593

-6.109428,0.938807,1.672160,3.141593

-6.102438,0.933942,1.675715,3.141593

-6.087124,0.923459,1.685530,3.141593

-6.081382,0.918427,1.690599,3.141593

-6.071811,0.912072,1.698618,3.141593

-6.074241,0.910214,1.696806,3.141593

-6.032469,0.940958,1.423922,3.141593

-6.038935,0.939118,1.431149,3.141593

-6.045404,0.937393,1.438561,3.141593

-6.051910,0.935990,1.446345,3.141593

-6.068974,0.934826,1.436684,3.141593

-6.075472,0.933876,1.445082,3.141593

-6.081922,0.933248,1.453580,3.141593

-6.054832,0.927735,1.437098,3.141593

-6.066863,0.927266,1.451962,3.141593

-6.066891,0.927271,1.451934,3.141593

-6.072839,0.927169,1.458990,3.141593

-6.074912,0.927796,1.437697,3.141593

-6.080812,0.928130,1.444636,3.141593

-6.086608,0.928536,1.451342,3.141593

-6.097988,0.929586,1.463890,3.141593

-6.101225,0.930411,1.446703,3.141593

-6.106505,0.931445,1.452028,3.141593

-6.111772,0.932568,1.457030,3.141593

-6.123935,0.935698,1.452255,3.141593

-6.128880,0.937321,1.456494,3.141593

-6.133800,0.939030,1.460452,3.141593

-6.138581,0.940807,1.464232,3.141593

-6.134041,0.943058,1.462084,3.141593

-6.138511,0.945313,1.465015,3.141593

-6.142858,0.947636,1.467792,3.141593

-6.166024,0.952945,1.461213,3.141593

-6.173981,0.958263,1.465359,3.141593

-6.177847,0.961029,1.467200,3.141593

-6.181477,0.964041,1.468666,3.141593

-6.184036,0.967043,1.462930,3.141593

-6.190871,0.973410,1.465363,3.141593

-6.190897,0.973413,1.465342,3.141593

-6.197001,0.977200,1.462771,3.141593

-6.200093,0.980695,1.463449,3.141593

-6.203055,0.984244,1.464080,3.141593

-6.208619,0.991660,1.464880,3.141593

-6.212419,0.995656,1.463359,3.141593

-6.214963,0.999575,1.463490,3.141593

-6.217447,1.003546,1.463535,3.141593

-6.217465,1.003548,1.463522,3.141593

-6.225069,1.012073,1.463311,3.141593

-6.227187,1.016321,1.463123,3.141593

-6.229237,1.020617,1.462894,3.141593

-6.234679,1.025281,1.463069,3.141593

-6.238211,1.034314,1.462220,3.141593

-6.239906,1.038899,1.461761,3.141593

-6.241541,1.043526,1.461275,3.141593

-6.248625,1.048781,1.462301,3.141593

-6.251434,1.058472,1.460967,3.141593

-6.252772,1.063378,1.460279,3.141593

-6.252783,1.063379,1.460274,3.141593

-6.248674,1.068004,1.461462,3.141593

-6.249890,1.073102,1.460705,3.141593

-6.251061,1.078236,1.459942,3.141593

-6.253222,1.088706,1.458315,3.141593

-6.262882,1.094689,1.459584,3.141593

-6.263812,1.100049,1.458699,3.141593

-6.265518,1.110958,1.456856,3.141593

-6.266382,1.116513,1.458356,3.141593

-6.267153,1.122093,1.457385,3.141593

-6.267897,1.127705,1.456424,3.141593

-6.267901,1.127705,1.456426,3.141593

-6.270419,1.139260,1.457783,3.141593

-6.271070,1.145043,1.456761,3.141593

-6.271698,1.150853,1.455750,3.141593

-6.274568,1.156907,1.456815,3.141593

-6.275620,1.168806,1.454714,3.141593

-6.276114,1.174793,1.453689,3.141593

-6.276593,1.180806,1.452685,3.141593

-6.423200,1.170968,1.619450,3.141593

-6.439287,1.182369,1.614461,3.141593

-6.447069,1.188043,1.611866,3.141593

-6.456290,1.193552,1.609357,3.141593

-6.458176,1.193192,1.610139,3.141593

-6.467834,1.198563,1.607583,3.141593

-6.487754,1.209204,1.601047,3.141593

-6.498259,1.214221,1.598787,3.141593

-6.512478,1.218753,1.594639,3.141593

-6.521585,1.223804,1.592408,3.141593

-6.545872,1.232869,1.585038,3.141593

-6.559588,1.236850,1.581318,3.141593

-6.574022,1.240493,1.577320,3.141593

-6.591437,1.243122,1.573264,3.141593

-6.593529,1.242515,1.573600,3.141593

-6.624605,1.248122,1.564234,3.141593

-6.642470,1.249774,1.559266,3.141593

-6.664476,1.249661,1.553640,3.141593

-6.684616,1.249775,1.547709,3.141593

-6.723959,1.248914,1.534881,3.141593

-6.746917,1.246279,1.527486,3.141593

-6.776108,1.240051,1.518221,3.141593

-6.801820,1.234397,1.509315,3.141593

-6.850389,1.221669,1.491427,3.141593

-6.878989,1.211133,1.480601,3.141593

-6.915959,1.193165,1.465749,3.141593

-6.938918,1.183309,1.456590,3.141593

-6.993275,1.152560,1.433498,3.141593

-7.001490,1.145078,1.429453,3.141593

-7.055943,1.105103,1.404403,3.141593

-7.095750,1.065785,1.383421,3.141593

-7.145954,1.011542,1.356908,3.141593

-7.173299,0.974775,1.340618,3.141593

-7.198650,0.935597,1.324503,3.141593

-7.213751,0.903154,1.311200,3.141593

-7.259512,0.808176,1.278297,3.141593

-7.274097,0.764048,1.264291,3.141593

-7.285708,0.720044,1.251201,3.141593

-7.291482,0.681037,1.238818,3.141593

-7.298163,0.637928,1.227278,3.141593

-7.304263,0.575303,1.212633,3.141593

-7.304770,0.536942,1.203913,3.141593

-7.301664,0.482908,1.191689,3.141593

-7.298309,0.450056,1.185267,3.141593

-7.291919,0.407219,1.178149,3.141593

-7.286457,0.381087,1.173640,3.141593

-7.276306,0.342798,1.166894,3.141593

-7.274376,0.336355,1.166247,3.141593

-7.270105,0.322939,1.163800,3.141593

-7.261684,0.299391,1.160685,3.141593

-7.255530,0.283921,1.158418,3.141593

-7.244830,0.259190,1.154638,3.141593

-7.239046,0.247567,1.152979,3.141593

-7.233223,0.237477,1.151532,3.141593

-7.228333,0.228751,1.150363,3.141593

-7.222931,0.220252,1.148197,3.141593

-7.215260,0.206857,1.147168,3.141593

-7.213094,0.205525,1.146038,3.141593

-7.224844,0.235842,1.137282,3.141593

-7.222028,0.233548,1.133466,3.141593

-7.225452,0.240711,1.132638,3.141593

-7.226941,0.243879,1.131048,3.141593

-7.225942,0.242149,1.129975,3.141593

-7.225488,0.240951,1.128914,3.141593

-7.221668,0.234103,1.127247,3.141593

-7.225844,0.240143,1.125469,3.141593

-7.226704,0.240578,1.124256,3.141593

-7.230034,0.249552,1.120029,3.141593

-7.236856,0.261006,1.117931,3.141593

-7.235503,0.257629,1.115903,3.141593

-7.242576,0.266117,1.113421,3.141593

-7.239260,0.260477,1.113243,3.141593

-7.241405,0.261891,1.111972,3.141593

-7.240617,0.258374,1.110467,3.141593

-7.243102,0.260082,1.109200,3.141593

-7.251979,0.268956,1.106421,3.141593

-7.259247,0.279857,1.102422,3.141593

-7.260900,0.279924,1.100049,3.141593

-7.264790,0.282842,1.098272,3.141593

-7.274984,0.292017,1.095052,3.141593

-7.278680,0.293943,1.093534,3.141593

-7.285334,0.300440,1.091969,3.141593

-7.286448,0.297499,1.090332,3.141593

-7.297318,0.305792,1.087009,3.141593

-7.301389,0.307384,1.085418,3.141593

-7.308352,0.314915,1.081989,3.141593

-7.310813,0.313770,1.079718,3.141593

-7.308317,0.309609,1.079674,3.141593

-7.319849,0.317366,1.076123,3.141593

-7.324314,0.318610,1.074400,3.141593

-7.326098,0.315304,1.072614,3.141593

-7.330528,0.316357,1.070790,3.141593

-7.342263,0.322874,1.066962,3.141593

-7.351392,0.332300,1.064010,3.141593

-7.356484,0.334435,1.061487,3.141593

-7.358212,0.331044,1.058567,3.141593

-7.355247,0.326576,1.057906,3.141593

-7.367117,0.332327,1.053506,3.141593

-7.371525,0.332837,1.050905,3.141593

-7.372970,0.329260,1.047131,3.141593

-7.377416,0.329701,1.044280,3.141593

-7.390690,0.337684,1.038729,3.141593

-7.398289,0.342304,1.037084,3.141593

-7.403269,0.343642,1.033795,3.141593

-7.404935,0.340059,1.029542,3.141593

-7.417160,0.344702,1.024865,3.141593

-7.421867,0.344812,1.022013,3.141593

-7.418969,0.340870,1.020828,3.141593

-7.421082,0.337689,1.016666,3.141593

-7.426901,0.340207,1.013187,3.141593

-7.442437,0.348632,1.009689,3.141593

-7.439893,0.345272,1.008512,3.141593

-7.445016,0.345701,1.005754,3.141593

-7.452629,0.349330,1.004213,3.141593

-7.455379,0.346352,1.000581,3.141593

-7.468379,0.350444,0.996493,3.141593

-7.474488,0.352672,0.993506,3.141593

-7.480214,0.353745,0.990968,3.141593

-7.483799,0.351489,0.987850,3.141593

-7.481818,0.348528,0.987242,3.141593

-7.487632,0.349196,0.985128,3.141593

-7.501287,0.353546,0.981516,3.141593

-7.505670,0.351872,0.979064,3.141593

-7.513947,0.356723,0.977188,3.141593

-7.528213,0.362136,0.973565,3.141593

-7.534592,0.363444,0.971728,3.141593

-7.540991,0.364651,0.969965,3.141593

-7.546306,0.363870,0.968078,3.141593

-7.561012,0.369626,0.964975,3.141593

-7.559781,0.367124,0.964992,3.141593

-7.567194,0.370483,0.963161,3.141593

-7.573522,0.371383,0.961564,3.141593

-7.580748,0.373911,0.960173,3.141593

-7.596259,0.381372,0.957400,3.141593

-7.604344,0.385827,0.956145,3.141593

-7.611861,0.389016,0.954970,3.141593

-7.618971,0.391148,0.953951,3.141593

-7.635491,0.402161,0.951092,3.141593

-7.643576,0.407174,0.949907,3.141593

-7.651662,0.412226,0.948819,3.141593

-7.659766,0.417018,0.948075,3.141593

-7.659717,0.416185,0.948555,3.141593

-7.676514,0.429135,0.946252,3.141593

-7.684995,0.435833,0.945376,3.141593

-7.694229,0.445140,0.944470,3.141593

-7.703086,0.453824,0.943572,3.141593

-7.720296,0.471694,0.941460,3.141593

-7.729090,0.481516,0.940748,3.141593

-7.737331,0.490595,0.939771,3.141593

-7.746763,0.503533,0.939553,3.141593

-7.763856,0.529026,0.937639,3.141593

-7.764602,0.531065,0.938247,3.141593

-7.781051,0.558161,0.936957,3.141593

-7.782651,0.563781,0.938266,3.141593

-7.791012,0.580054,0.938271,3.141593

-7.805450,0.608041,0.937199,3.141593

-7.813828,0.633685,0.938272,3.141593

-7.821624,0.660173,0.939935,3.141593

-7.827649,0.676464,0.940100,3.141593

-7.838738,0.717915,0.941846,3.141593

-7.843671,0.742558,0.943885,3.141593

-7.847849,0.768294,0.946334,3.141593

-7.850478,0.805405,0.950981,3.141593

-7.853718,0.856703,0.956631,3.141593

-7.853685,0.886812,0.961262,3.141593

-7.852463,0.917344,0.966478,3.141593

-7.849577,0.935295,0.971879,3.141593

-7.846318,0.967031,0.978193,3.141593

-7.837043,1.025041,0.989695,3.141593

-7.829492,1.058131,0.997988,3.141593

-7.816586,1.101362,1.010884,3.141593

-7.806124,1.133067,1.020533,3.141593

-7.785775,1.185657,1.036970,3.141593

-7.777835,1.204821,1.043128,3.141593

-7.762239,1.235323,1.054895,3.141593

-7.748184,1.261308,1.066189,3.141593

-7.734928,1.280826,1.076547,3.141593

-7.707067,1.322824,1.095572,3.141593

-7.689987,1.345531,1.107667,3.141593

-7.679874,1.358923,1.114486,3.141593

-7.653925,1.387607,1.132166,3.141593

-7.624701,1.417456,1.150777,3.141593

-7.607651,1.433162,1.162179,3.141593

-7.591064,1.447448,1.173329,3.141593

-7.585537,1.451858,1.177877,3.141593

-7.542809,1.483562,1.204588,3.141593

-7.527164,1.493720,1.214580,3.141593

-7.521783,1.497001,1.218839,3.141593

-7.501730,1.508704,1.232059,3.141593

-7.488996,1.515800,1.240528,3.141593

-7.475460,1.523188,1.248882,3.141593

-7.464368,1.528707,1.256375,3.141593

-7.459279,1.530951,1.260092,3.141593

-7.449552,1.535497,1.266882,3.141593

-7.433791,1.541953,1.276946,3.141593

-7.419974,1.547705,1.285981,3.141593

-7.412099,1.550802,1.291474,3.141593

-7.409146,1.552289,1.293790,3.141593

-7.396535,1.556480,1.301919,3.141593

-7.394038,1.557237,1.304174,3.141593

-7.384768,1.561020,1.310635,3.141593

-7.379341,1.563085,1.314664,3.141593

-7.370805,1.565756,1.320492,3.141593

-7.366311,1.567511,1.324002,3.141593

-7.359944,1.570696,1.328693,0.000000

-7.356191,1.572434,1.331694,0.000000

-7.350053,1.574539,1.336115,0.000000

-7.347215,1.576267,1.338589,0.000000

-7.343726,1.579495,1.341764,0.000000

-7.343987,1.580959,1.342452,0.000000

-7.341525,1.582924,1.344651,0.000000

-7.337667,1.583359,1.347236,0.000000

-7.335891,1.585253,1.349038,0.000000

-7.333972,1.589004,1.351213,0.000000

-7.332681,1.591140,1.352705,0.000000

-7.329476,1.593446,1.355273,0.000000

-7.328180,1.595654,1.356850,0.000000

-7.329068,1.600190,1.358259,0.000000

-7.328210,1.602695,1.360005,0.000000

-7.327416,1.602748,1.360855,0.000000

-7.325058,1.605339,1.363517,0.000000

-7.324497,1.607908,1.365352,0.000000

-7.323982,1.613473,1.368809,0.000000

-7.325001,1.616323,1.370316,0.000000

-7.324586,1.619230,1.372697,0.000000

-7.322813,1.622320,1.375855,0.000000

-7.322688,1.628610,1.380677,0.000000

-7.322454,1.631804,1.383538,0.000000

-7.321955,1.631797,1.384147,0.000000

-7.320538,1.635106,1.387734,0.000000

-7.320407,1.638475,1.390841,0.000000

-7.320397,1.645287,1.397027,0.000000

-7.320282,1.648711,1.400604,0.000000

-7.320193,1.652275,1.404322,0.000000

-7.318988,1.655767,1.408582,0.000000

-7.318920,1.662923,1.416183,0.000000

-7.318846,1.666595,1.420513,0.000000

-7.319715,1.670346,1.424574,0.000000

-7.319627,1.673999,1.429134,0.000000

-7.318489,1.681244,1.438657,0.000000

-7.318555,1.681222,1.439063,0.000000

-7.318489,1.684903,1.443775,0.000000

-7.317665,1.688457,1.448993,0.000000

-7.317633,1.692066,1.454122,0.000000

-7.317374,1.699341,1.464453,0.000000

-7.317324,1.702906,1.469980,0.000000

-7.316631,1.706334,1.475804,0.000000

-7.316684,1.709942,1.481117,0.000000

-7.316327,1.716948,1.492193,0.000000

-7.316865,1.720468,1.497824,0.000000

-7.315781,1.723711,1.504158,0.000000

-7.316280,1.727163,1.510082,0.000000

-7.315776,1.733696,1.522198,0.000000

-7.316390,1.733822,1.521953,0.000000

-7.316431,1.737112,1.528021,0.000000

-7.316054,1.740230,1.534389,0.000000

-7.316128,1.743311,1.540918,0.000000

-7.315609,1.749281,1.553818,0.000000

-7.315690,1.752157,1.560593,0.000000

-7.315598,1.755146,1.566587,0.000000

-7.315731,1.757914,1.573267,0.000000

-7.315228,1.763076,1.586955,0.000000

-7.315593,1.765590,1.593999,0.000000

-7.316355,1.765599,1.594335,0.000000

-7.316298,1.767906,1.601552,0.000000

-7.316607,1.770476,1.607876,0.000000

-7.316415,1.774826,1.622020,0.000000

-7.316615,1.776784,1.629423,0.000000

-7.316837,1.778571,1.637012,0.000000

-7.316967,1.780215,1.644750,0.000000

-7.316619,1.783117,1.660056,0.000000

-7.317129,1.784944,1.666692,0.000000

-7.318145,1.785115,1.666686,0.000000

-7.318489,1.786288,1.674600,0.000000

-7.318920,1.787302,1.682594,0.000000

-7.318780,1.788748,1.698568,0.000000

-7.319285,1.789235,1.706883,0.000000

-7.320013,1.790353,1.713767,0.000000

-7.320716,1.790802,1.721660,0.000000

-7.320836,1.790811,1.737871,0.000000

-7.321493,1.790459,1.746350,0.000000

-7.322211,1.789934,1.754827,0.000000

-7.323081,1.789134,1.763483,0.000000

-7.323862,1.788378,1.778502,0.000000

-7.324720,1.787585,1.786375,0.000000

-7.325727,1.786327,1.794677,0.000000

-7.327152,1.786207,1.795229,0.000000

-7.328242,1.784559,1.803838,0.000000

-7.329206,1.780833,1.820390,0.000000

-7.330544,1.779999,1.827129,0.000000

-7.332114,1.778138,1.834976,0.000000

-7.333482,1.775710,1.843229,0.000000

-7.334858,1.770333,1.859129,0.000000

-7.336368,1.767192,1.867314,0.000000

-7.337649,1.763852,1.875386,0.000000

-7.339286,1.765224,1.874268,0.000000

-7.341327,1.762371,1.881718,0.000000

-7.343187,1.755466,1.896549,0.000000

-7.345084,1.751493,1.904238,0.000000

-7.346973,1.747350,1.911780,0.000000

-7.349436,1.743007,1.919304,0.000000

-7.351411,1.736423,1.931183,0.000000

-7.353554,1.732454,1.937543,0.000000

-7.355767,1.727803,1.944203,0.000000

-7.358601,1.722836,1.950923,0.000000

-7.361523,1.712949,1.963079,0.000000

-7.363425,1.712423,1.963742,0.000000

-7.365884,1.709419,1.968178,0.000000

-7.368446,1.704822,1.973536,0.000000

-7.371785,1.699497,1.979246,0.000000

-7.375210,1.688881,1.989426,0.000000

-7.378015,1.683070,1.994577,0.000000

-7.381733,1.677136,1.999641,0.000000

-7.384636,1.673897,2.002833,0.000000

-7.388423,1.663674,2.010510,0.000000

-7.390600,1.658030,2.014338,0.000000

-7.393717,1.652107,2.018163,0.000000

-7.397058,1.651134,2.018954,0.000000

-7.400326,1.645020,2.022607,0.000000

-7.404381,1.636574,2.027294,0.000000

-7.407705,1.631558,2.029862,0.000000

-7.412239,1.625730,2.032653,0.000000

-7.415726,1.619782,2.035191,0.000000

-7.420168,1.608726,2.039161,0.000000

-7.423745,1.602724,2.041103,0.000000

-7.428508,1.599758,2.041842,0.000000

-7.432127,1.594950,2.043000,0.000000

-7.436659,1.584809,2.044880,0.000000

-7.438904,1.579403,2.045662,0.000000

-7.442597,1.573843,2.046355,0.000000

-7.447876,1.568099,2.046958,0.000000

-7.452206,1.561575,2.046256,0.000000

-7.455942,1.557417,2.045959,0.000000

-7.458975,1.556653,2.046171,0.000000

-7.464501,1.551398,2.045966,0.000000

-7.468404,1.546341,2.045534,0.000000

-7.472984,1.537676,2.043938,0.000000

-7.476637,1.536101,2.042442,0.000000

-7.482356,1.532350,2.041194,0.000000

-7.486279,1.528207,2.039891,0.000000

-7.490665,1.520826,2.036867,0.000000

-7.494589,1.516685,2.035196,0.000000

-7.500654,1.512427,2.033329,0.000000

-7.504391,1.511647,2.031034,0.000000

-7.508605,1.506416,2.026771,0.000000

-7.512527,1.503227,2.024487,0.000000

-7.518912,1.499640,2.021997,0.000000

-7.520522,1.496655,2.019655,0.000000

-7.524611,1.491608,2.014706,0.000000

-7.528389,1.491666,2.011940,0.000000

-7.532387,1.489840,2.009236,0.000000

-7.539069,1.488664,2.008750,0.000000

-7.543233,1.486034,2.006025,0.000000

-7.547534,1.482107,2.000910,0.000000

-7.551863,1.479602,1.998194,0.000000

-7.559155,1.479807,1.995196,0.000000

-7.560521,1.478864,1.992891,0.000000

-7.565200,1.475971,1.988351,0.000000

-7.570006,1.473910,1.985961,0.000000

-7.574914,1.471834,1.983657,0.000000

-7.580013,1.469695,1.981427,0.000000

-7.588582,1.470810,1.980305,0.000000

-7.594482,1.468899,1.976852,0.000000

-7.600299,1.467103,1.974859,0.000000

-7.610591,1.464476,1.972161,0.000000

-7.617010,1.462318,1.970145,0.000000

-7.619929,1.459978,1.968342,0.000000

-7.626681,1.460634,1.966726,0.000000

-7.632880,1.460113,1.965526,0.000000

-7.635211,1.459025,1.964604,0.000000

-7.646691,1.456847,1.962134,0.000000

-7.654432,1.454518,1.960078,0.000000

-7.663578,1.451328,1.957395,0.000000

-7.671854,1.451840,1.955382,0.000000

-7.686635,1.449516,1.951522,0.000000

-7.695816,1.447327,1.948891,0.000000

-7.699889,1.444997,1.947457,0.000000

-7.709373,1.442490,1.944484,0.000000

-7.719160,1.439879,1.941372,0.000000

-7.735305,1.439997,1.936531,0.000000

-7.745955,1.438350,1.932934,0.000000

-7.758269,1.435303,1.928364,0.000000

-7.769527,1.432685,1.924090,0.000000

-7.789871,1.428816,1.916022,0.000000

-7.802113,1.426048,1.910797,0.000000

-7.816162,1.425742,1.905030,0.000000

-7.829055,1.424036,1.899272,0.000000

-7.852655,1.420349,1.888001,0.000000

-7.866359,1.417671,1.880954,0.000000

-7.881429,1.414459,1.872800,0.000000

-7.895439,1.411816,1.864974,0.000000

-7.898481,1.413669,1.863738,0.000000

-7.911703,1.412588,1.856339,0.000000

-7.937821,1.409122,1.840604,0.000000

-7.953202,1.406389,1.830631,0.000000

-7.967629,1.404050,1.820947,0.000000

-7.993895,1.400602,1.802550,0.000000

-8.008607,1.401611,1.792461,3.141593

-8.023330,1.400418,1.781472,3.141593

-8.037064,1.398812,1.770669,3.141593

-8.039036,1.397925,1.769040,3.141593

-8.052295,1.396119,1.758137,3.141593

-8.076434,1.393432,1.737552,3.141593

-8.089115,1.395084,1.727161,3.141593

-8.101019,1.394654,1.716502,3.141593

-8.122216,1.393026,1.696095,3.141593

-8.133165,1.391869,1.684748,3.141593

-8.142658,1.390527,1.675587,3.141593

-8.152228,1.389228,1.665779,3.141593

-8.170076,1.390815,1.647648,3.141593

-8.178540,1.390643,1.639130,3.141593

-8.186769,1.389351,1.632176,3.141593

-8.194536,1.388118,1.624252,3.141593

-8.207112,1.386420,1.610027,3.141593

-8.208507,1.385302,1.610093,3.141593

-8.215697,1.389289,1.602422,3.141593

-8.221955,1.388489,1.598872,3.141593

-8.227406,1.387403,1.593830,3.141593

-8.235249,1.385548,1.585275,3.141593

-8.239239,1.383987,1.582097,3.141593

-8.242595,1.381768,1.582796,3.141593

-8.244206,1.383822,1.584867,3.141593

-8.250244,1.382092,1.579146,3.141593

-8.252151,1.380654,1.579471,3.141593

-8.252607,1.378194,1.585492,3.141593

-8.253005,1.376906,1.588417,3.141593

-8.253536,1.374939,1.590938,3.141593

-8.254462,1.375495,1.594104,3.141593

-8.255065,1.375209,1.593133,3.141593

-8.253036,1.372765,1.603705,3.141593

-8.251679,1.370782,1.609197,3.141593

-8.248042,1.367702,1.617301,3.141593

-8.241738,1.364010,1.638050,3.141593

-8.241413,1.365929,1.639283,3.141593

-8.238294,1.364928,1.647556,3.141593

-8.234689,1.363135,1.656045,3.141593

-8.226894,1.360208,1.669054,3.141593

-8.222846,1.358212,1.682636,0.000000

-8.217718,1.356070,1.692469,0.000000

-8.212996,1.357541,1.703194,0.000000

-8.202635,1.356022,1.718592,0.000000

-8.192472,1.353994,1.737888,0.000000

-8.185406,1.352256,1.749085,0.000000

-8.167121,1.349353,1.770205,0.000000

-8.159210,1.347569,1.781613,0.000000

-8.147745,1.349178,1.802205,0.000000

-8.139534,1.348853,1.814032,0.000000

-8.130862,1.347713,1.825728,0.000000

-8.115499,1.346154,1.842143,0.000000

-8.101722,1.344503,1.861789,0.000000

-8.092153,1.343258,1.873076,0.000000

-8.075850,1.346190,1.889852,0.000000

-8.073084,1.346461,1.896619,0.000000

-8.057699,1.345964,1.915669,0.000000

-8.047175,1.345382,1.926427,0.000000

-8.036589,1.344798,1.936980,0.000000

-8.018490,1.344640,1.951293,0.000000

-8.013780,1.349198,1.955054,0.000000

-7.997159,1.350716,1.972583,0.000000

-7.986082,1.351134,1.982252,0.000000

-7.982143,1.350740,1.988220,0.000000

-7.963652,1.351527,2.000623,0.000000

-7.945959,1.352467,2.016061,0.000000

-7.934930,1.357357,2.025349,0.000000

-7.923696,1.359474,2.033687,0.000000

-7.905553,1.361534,2.043919,0.000000

-7.887724,1.363766,2.056992,0.000000

-7.883368,1.363542,2.058183,0.000000

-7.872408,1.364506,2.064835,0.000000

-7.855242,1.371192,2.073959,0.000000

-7.844657,1.374018,2.080238,0.000000

-7.827576,1.377387,2.090720,0.000000

-7.817283,1.378994,2.095961,0.000000

-7.812931,1.379467,2.099736,0.000000

-7.797214,1.382056,2.105589,0.000000

-7.775433,1.391441,2.115576,0.000000

-7.766010,1.394853,2.119775,0.000000

-7.761982,1.396197,2.122926,0.000000

-7.747925,1.399134,2.127076,0.000000

-7.732893,1.403251,2.133378,0.000000

-7.730578,1.402824,2.133440,0.000000

-7.722089,1.409860,2.137086,0.000000

-7.703579,1.416914,2.142798,0.000000

-7.689934,1.422095,2.147517,0.000000

-7.688300,1.421779,2.147467,0.000000

-7.684987,1.422965,2.149512,0.000000

-7.677706,1.425035,2.151483,0.000000

-7.666577,1.433403,2.153786,0.000000

-7.650922,1.440900,2.157147,0.000000

-7.647832,1.442924,2.158763,0.000000

-7.635002,1.446977,2.159656,0.000000

-7.632095,1.448421,2.161040,0.000000

-7.621195,1.453527,2.163265,0.000000

-7.615113,1.461391,2.164429,0.000000

-7.609474,1.465623,2.165301,0.000000

-7.601426,1.469304,2.165726,0.000000

-7.591543,1.474867,2.167042,0.000000

-7.586562,1.477231,2.167548,0.000000

-7.586449,1.476489,2.167511,0.000000

-7.579228,1.485255,2.167663,0.000000

-7.574641,1.489552,2.168060,0.000000

-7.565912,1.495827,2.168669,0.000000

-7.561867,1.498320,2.168953,0.000000

-7.559988,1.500082,2.169645,0.000000

-7.554101,1.503037,2.169416,0.000000

-7.554077,1.509640,2.169262,0.000000

-7.546428,1.517400,2.169372,0.000000

-7.542919,1.520439,2.169446,0.000000

-7.537813,1.523562,2.169073,0.000000

-7.534617,1.525974,2.169152,0.000000

-7.528020,1.531510,2.169136,0.000000

-7.524895,1.540162,2.168690,0.000000

-7.520485,1.545149,2.168070,0.000000

-7.519333,1.547710,2.168532,0.000000

-7.513384,1.553562,2.168303,0.000000

-7.510888,1.555892,2.168336,0.000000

-7.508583,1.558082,2.168465,0.000000

-7.508049,1.564042,2.167651,0.000000

-7.505777,1.568503,2.167481,0.000000

-7.500437,1.574888,2.167124,0.000000

-7.499658,1.577018,2.167651,0.000000

-7.497640,1.579235,2.167840,0.000000

-7.497524,1.578522,2.167902,0.000000

-7.495566,1.587505,2.167137,0.000000

-7.493644,1.592113,2.166968,0.000000

-7.488873,1.598474,2.166780,0.000000

-7.488359,1.600613,2.167500,0.000000

-7.485555,1.603198,2.167382,0.000000

-7.481106,1.608550,2.167556,0.000000

-7.482545,1.614564,2.166923,0.000000

-7.481131,1.619165,2.166916,0.000000

-7.478678,1.622485,2.166792,0.000000

-7.477439,1.624802,2.167291,0.000000

-7.473513,1.630112,2.167799,0.000000

-7.472351,1.632080,2.168494,0.000000

-7.470480,1.641949,2.167167,0.000000

-7.469624,1.646521,2.167414,0.000000

-7.466269,1.652572,2.168041,0.000000

-7.465447,1.654808,2.168866,0.000000

-7.464826,1.656714,2.169933,0.000000

-7.463428,1.658721,2.170705,0.000000

-7.460694,1.671762,2.169923,0.000000

-7.461220,1.675959,2.170891,0.000000

-7.460880,1.678657,2.171953,0.000000

-7.459998,1.680936,2.172942,0.000000

-7.457569,1.685728,2.174703,0.000000

-7.457769,1.687050,2.176462,0.000000

-7.458303,1.697309,2.175720,0.000000

-7.460257,1.699013,2.175922,0.000000

-7.460609,1.701895,2.177274,0.000000

-7.459129,1.706697,2.179557,0.000000

-7.459881,1.708118,2.181587,0.000000

-7.460281,1.709638,2.183470,0.000000

-7.462186,1.720074,2.183047,0.000000

-7.462012,1.727371,2.185202,0.000000

-7.463507,1.729650,2.187288,0.000000

-7.466644,1.728334,2.188824,0.000000

-7.468156,1.729598,2.191249,0.000000

-7.470137,1.730424,2.194047,0.000000

-7.471656,1.744027,2.194756,0.000000

-7.474389,1.748412,2.196565,0.000000

-7.477047,1.750296,2.199271,0.000000

-7.480167,1.751209,2.202467,0.000000

-7.482793,1.754111,2.207312,0.000000

-7.486746,1.753914,2.211175,0.000000

-7.491321,1.765677,2.210938,0.000000

-7.496060,1.769673,2.213466,0.000000

-7.501327,1.772889,2.219016,0.000000

-7.506905,1.772863,2.223195,0.000000

-7.512958,1.772216,2.227666,0.000000

-7.519596,1.771135,2.232373,0.000000

-7.525764,1.785178,2.228789,0.000000

-7.535155,1.790132,2.234480,0.000000

-7.543362,1.790502,2.238840,0.000000

-7.552820,1.789245,2.243955,0.000000

-7.562186,1.787357,2.249175,0.000000

-7.576958,1.785210,2.257891,0.000000

-7.589133,1.798369,2.257735,0.000000

-7.596932,1.800619,2.258115,0.000000

-7.611135,1.799219,2.263212,0.000000

-7.625922,1.795893,2.268813,0.000000

-7.649877,1.790444,2.278137,0.000000

-7.668355,1.784721,2.283916,0.000000

-7.689244,1.797522,2.282986,0.000000

-7.711022,1.797441,2.285988,0.000000

-7.746679,1.789076,2.293253,0.000000

-7.774359,1.779471,2.297471,0.000000

-7.804359,1.767949,2.301002,0.000000

-7.819706,1.760944,2.301587,0.000000

-7.850980,1.772682,2.296096,0.000000

-7.909868,1.758305,2.293904,0.000000

-7.950753,1.743020,2.290473,0.000000

-7.994473,1.723481,2.284940,3.141593

-8.044340,1.699278,2.275402,3.141593

-8.128325,1.653433,2.251755,3.141593

-8.176951,1.657400,2.226901,3.141593

-8.225038,1.640992,2.202277,3.141593

-8.243531,1.632732,2.191710,3.141593

-8.295489,1.598530,2.160474,3.141593

-8.382611,1.533561,2.092201,3.141593

-8.428863,1.493805,2.045112,3.141593

-8.475338,1.490292,1.989444,3.141593

-8.516154,1.463288,1.930744,3.141593

-8.577147,1.397466,1.809835,3.141593

-8.600865,1.361335,1.739755,3.141593

-8.617741,1.326956,1.667781,3.141593

-8.626868,1.296123,1.600642,3.141593

-8.637545,1.278679,1.481311,3.141593

-8.635426,1.265520,1.424455,3.141593

-8.628631,1.249212,1.371294,3.141593

-8.618718,1.232788,1.324334,3.141593

-8.594434,1.206983,1.241922,3.141593

-8.580659,1.195449,1.207254,3.141593

-8.574823,1.207892,1.174940,3.141593

-8.565053,1.208958,1.148058,3.141593

-8.539684,1.197209,1.101131,3.141593

-8.528563,1.191866,1.084556,3.141593

-8.530207,1.191980,1.088766,3.141593

-8.520870,1.188052,1.076055,3.141593

-8.516418,1.199186,1.060319,3.141593

-8.499738,1.196310,1.036751,3.141593

-8.493320,1.194486,1.029891,3.141593

-8.487585,1.191433,1.025438,3.141593

-8.483416,1.189493,1.023090,3.141593

-8.472279,1.183779,1.013984,3.141593

-8.474028,1.194893,1.010695,3.141593

-8.478192,1.199782,1.014571,3.141593

-8.477405,1.199956,1.015899,3.141593

-8.475353,1.198260,1.016132,3.141593

-8.470300,1.193371,1.015106,3.141593

-8.469832,1.191423,1.017712,3.141593

-8.475376,1.203127,1.019490,3.141593

-8.476929,1.205401,1.021717,3.141593

-8.476910,1.202445,1.025318,3.141593

-8.476994,1.199705,1.028090,3.141593

-8.478552,1.198213,1.032477,3.141593

-8.481747,1.198145,1.038696,3.141593

-8.488214,1.208337,1.041512,3.141593

-8.491959,1.213171,1.044959,3.141593

-8.495122,1.210785,1.051055,3.141593

-8.499420,1.211510,1.057921,3.141593

-8.502529,1.210449,1.063393,3.141593

-8.505743,1.209311,1.069016,3.141593

-8.513296,1.215477,1.073617,3.141593

-8.518599,1.218375,1.079163,3.141593

-8.524364,1.220545,1.086529,3.141593

-8.526508,1.222271,1.090127,3.141593

-8.532625,1.219166,1.098804,3.141593

-8.536961,1.218289,1.105131,3.141593

-8.546792,1.230967,1.111266,3.141593

-8.558475,1.229805,1.123207,3.141593

-8.560701,1.232624,1.126509,3.141593

-8.565652,1.232230,1.133074,3.141593

-8.571779,1.233719,1.140990,3.141593

-8.576681,1.232898,1.147830,3.141593

-8.589699,1.242041,1.157443,3.141593

-8.596311,1.245526,1.164023,3.141593

-8.603165,1.248487,1.172265,3.141593

-8.608627,1.248249,1.179238,3.141593

-8.618227,1.245270,1.191403,3.141593

-8.623617,1.244519,1.198789,3.141593

-8.634418,1.259327,1.205964,3.141593

-8.641476,1.263384,1.213372,3.141593

-8.652187,1.262186,1.226849,3.141593

-8.657015,1.259506,1.234453,3.141593

-8.662658,1.258926,1.242427,3.141593

-8.664225,1.262761,1.244299,3.141593

-8.674152,1.276507,1.251565,3.141593

-8.686230,1.279420,1.266249,3.141593

-8.692350,1.280616,1.274641,3.141593

-8.697486,1.278379,1.283577,3.141593

-8.704389,1.282767,1.291650,3.141593

-8.714494,1.278213,1.310246,3.141593

-8.724707,1.294875,1.319037,3.141593

-8.731783,1.300584,1.328838,3.141593

-8.738284,1.304815,1.337544,3.141593

-8.749271,1.304976,1.359769,3.141593

-8.754664,1.305371,1.370690,3.141593

-8.759817,1.305222,1.382395,3.141593

-8.770059,1.327180,1.391296,3.141593

-8.781647,1.336032,1.419485,3.141593

-8.782155,1.337876,1.415177,3.141593

-8.787160,1.339601,1.427904,3.141593

-8.792465,1.342321,1.436441,3.141593

-8.797055,1.343307,1.449676,3.141593

-8.809107,1.369747,1.485920,3.141593

-8.814156,1.379949,1.501636,3.141593

-8.819207,1.387064,1.511088,3.141593

-8.821227,1.389801,1.535561,3.141593

-8.823671,1.399616,1.585335,3.141593

-8.824512,1.402996,1.606485,0.000000

-8.829865,1.425540,1.594380,3.141593

-8.830048,1.448488,1.642684,0.000000

-8.833621,1.445615,1.628651,0.000000

-8.832804,1.451269,1.651687,0.000000

-8.821723,1.469910,1.719611,0.000000

-8.820631,1.474239,1.736247,0.000000

-8.808635,1.515935,1.778810,0.000000

-8.774470,1.556396,1.863218,0.000000

-8.758841,1.570982,1.895972,0.000000

-8.741205,1.583397,1.928849,0.000000

-8.731586,1.591484,1.948430,0.000000

-8.709781,1.604226,1.981875,0.000000

-8.723561,1.628219,1.959561,0.000000

-8.649694,1.685228,2.044316,0.000000

-8.627082,1.701378,2.067302,0.000000

-8.588674,1.719668,2.101281,0.000000

-8.467452,1.768960,2.180784,0.000000

-8.411847,1.785739,2.208951,0.000000

-8.331182,1.845435,2.225692,0.000000

-8.280808,1.869447,2.235630,0.000000

-8.311606,1.862109,2.227687,0.000000

-8.148769,1.897920,2.257498,0.000000

-8.071461,1.907283,2.262493,0.000000

-8.007321,1.911581,2.262138,0.000000

-7.954083,1.946259,2.241784,0.000000

-7.978387,1.950809,2.240653,0.000000

-7.840009,1.957064,2.215860,0.000000

-7.789088,1.953066,2.202542,0.000000

-7.745830,1.946538,2.189244,0.000000

-7.702076,1.938918,2.173128,0.000000

-7.623637,1.949498,2.119818,0.000000

-7.596843,1.949427,2.098887,0.000000

-7.572472,1.940943,2.083049,0.000000

-7.549132,1.931780,2.066700,0.000000

-7.505930,1.912499,2.032490,0.000000

-7.491039,1.902399,2.019361,0.000000

-7.484376,1.912168,1.999683,0.000000

-7.474906,1.908186,1.986092,0.000000

-7.479541,1.908867,1.990178,0.000000

-7.457242,1.891908,1.964393,0.000000

-7.449913,1.882869,1.955070,0.000000

-7.443288,1.873441,1.946393,0.000000

-7.444927,1.885610,1.931723,0.000000

-7.437253,1.876001,1.913470,0.000000

-7.439913,1.876740,1.916231,0.000000

-7.437508,1.869166,1.910791,0.000000

-7.435019,1.860777,1.905726,0.000000

-7.433627,1.853164,1.901421,0.000000

-7.436530,1.854710,1.888412,0.000000

-7.438273,1.852400,1.884694,0.000000

-7.439481,1.846999,1.882637,0.000000

-7.440722,1.840584,1.881609,0.000000

-7.441628,1.839097,1.883927,0.000000

-7.443734,1.826923,1.881096,0.000000

-7.450141,1.833796,1.878143,0.000000

-7.453644,1.831367,1.878099,0.000000

-7.456806,1.826565,1.879431,0.000000

-7.462360,1.816260,1.881885,0.000000

-7.465888,1.810354,1.885019,0.000000

-7.469600,1.804468,1.888467,0.000000

-7.473999,1.815382,1.887242,0.000000

-7.479023,1.813499,1.890015,0.000000

-7.486348,1.804415,1.895787,0.000000

-7.490862,1.798955,1.900700,0.000000

-7.494945,1.792987,1.905409,0.000000

-7.500087,1.787513,1.911193,0.000000

-7.511745,1.788687,1.917889,0.000000

-7.517869,1.786934,1.923156,0.000000

-7.523412,1.782402,1.929302,0.000000

-7.528330,1.776811,1.935264,0.000000

-7.538220,1.766245,1.947275,0.000000

-7.543881,1.760348,1.954308,0.000000

-7.552236,1.765842,1.958748,0.000000

-7.558538,1.763375,1.965000,0.000000

-7.560185,1.763650,1.966590,0.000000

-7.571007,1.753032,1.979650,0.000000

-7.577228,1.747066,1.987139,0.000000

-7.583204,1.740633,1.994628,0.000000

-7.591737,1.745486,1.999852,0.000000

-7.603996,1.737850,2.012607,0.000000

-7.610996,1.732694,2.020259,0.000000

-7.618523,1.726575,2.028527,0.000000

-7.625056,1.720073,2.035886,0.000000

-7.637743,1.707978,2.049594,0.000000

-7.646543,1.712348,2.054986,0.000000

-7.649049,1.714791,2.056150,0.000000

-7.656209,1.709266,2.063166,0.000000

-7.663863,1.702895,2.070586,0.000000

-7.677738,1.690141,2.083929,0.000000

-7.686518,1.683074,2.091677,0.000000

-7.695771,1.687130,2.096776,0.000000

-7.703874,1.683778,2.102765,0.000000

-7.718923,1.671892,2.114746,0.000000

-7.727734,1.665005,2.121335,0.000000

-7.735936,1.657925,2.127326,0.000000

-7.744503,1.650522,2.133350,0.000000

-7.761519,1.648115,2.142517,0.000000

-7.771087,1.644518,2.147738,0.000000

-7.780504,1.638262,2.153070,0.000000

-7.782293,1.637314,2.154061,0.000000

-7.791889,1.630038,2.159284,0.000000

-7.808371,1.616914,2.167487,0.000000

-7.818354,1.620302,2.170904,0.000000

-7.828828,1.616617,2.175076,0.000000

-7.837763,1.610792,2.178603,0.000000

-7.346552,0.991565,1.305014,0.000000

-7.344001,0.993844,1.303611,0.000000

-7.344001,0.993844,1.303611,0.000000

-7.341433,0.996109,1.302203,0.000000

-7.338847,0.998363,1.300798,0.000000

-7.333578,1.002866,1.297953,0.000000

-7.330924,1.005104,1.296564,0.000000

-7.330924,1.005104,1.296564,0.000000

-7.328266,1.007327,1.295187,0.000000

-7.325570,1.009556,1.293857,0.000000

-7.320157,1.013965,1.291338,0.000000

-7.317439,1.016135,1.290141,0.000000

-7.314682,1.018284,1.288979,0.000000

-7.311913,1.020399,1.287836,0.000000

-7.306329,1.024510,1.285569,0.000000

-7.303509,1.026501,1.284446,0.000000

-7.303509,1.026501,1.284446,0.000000

-7.300658,1.028442,1.283319,0.000000

-7.297788,1.030329,1.282205,0.000000

-7.291965,1.033945,1.279905,0.000000

-7.289001,1.035635,1.278745,0.000000

-7.286010,1.037259,1.277550,0.000000

-7.282987,1.038821,1.276318,0.000000

-7.276834,1.041710,1.273802,0.000000

-7.276834,1.041710,1.273802,0.000000

-7.273705,1.043021,1.272511,0.000000

-7.270538,1.044262,1.271208,0.000000

-7.267331,1.045432,1.269887,0.000000

-7.260763,1.047406,1.267222,0.000000

-7.257414,1.048275,1.265898,0.000000

-7.254024,1.049056,1.264597,0.000000

-7.254024,1.049056,1.264597,0.000000

-7.250546,1.049685,1.263318,0.000000

-7.243448,1.050682,1.260868,0.000000

-7.239822,1.051053,1.259711,0.000000

-7.236094,1.051252,1.258616,0.000000

-7.232313,1.051364,1.257578,0.000000

-7.224586,1.051327,1.255747,0.000000

-7.220573,1.051078,1.254997,0.000000

-7.216503,1.050743,1.254332,0.000000

-7.216503,1.050743,1.254332,0.000000

-7.212375,1.050323,1.253781,0.000000

-7.203867,1.049140,1.253072,0.000000

-7.199494,1.048371,1.252923,0.000000

-7.195061,1.047527,1.252887,0.000000

-7.190577,1.046599,1.252988,0.000000

-7.181364,1.044435,1.253603,0.000000

-7.176647,1.043193,1.254100,0.000000

-7.171883,1.041884,1.254713,0.000000

-7.167068,1.040518,1.255425,0.000000

-7.167068,1.040518,1.255425,0.000000

-7.157182,1.037413,1.257267,0.000000

-7.152175,1.035778,1.258298,0.000000

-7.147130,1.034090,1.259410,0.000000

-7.141973,1.032272,1.260704,0.000000

-7.131550,1.028499,1.263467,0.000000

-7.126289,1.026548,1.264922,0.000000

-7.120934,1.024484,1.266541,0.000000

-7.115549,1.022391,1.268211,0.000000

-7.110138,1.020259,1.269910,0.000000

-7.099195,1.015835,1.273518,0.000000

-7.093665,1.013550,1.275396,0.000000

-7.093665,1.013550,1.275396,0.000000

-7.088119,1.011229,1.277304,0.000000

-7.076913,1.006467,1.281276,0.000000

-7.071258,1.004023,1.283309,0.000000

-7.065588,1.001557,1.285380,0.000000

-7.059899,0.999071,1.287440,0.000000

-7.054168,0.996527,1.289555,0.000000

-7.042660,0.991391,1.293797,0.000000

-7.036888,0.988795,1.295918,0.000000

-7.031081,0.986172,1.298064,0.000000

-7.019443,0.980869,1.302332,0.000000

-7.013608,0.978194,1.304447,0.000000

-7.013608,0.978194,1.304447,0.000000

-7.007766,0.975505,1.306556,0.000000

-7.001903,0.972797,1.308670,0.000000

-6.990153,0.967339,1.312836,0.000000

-6.984268,0.964589,1.314902,0.000000

-6.978364,0.961811,1.316948,0.000000

-6.972448,0.959032,1.318997,0.000000

-6.960608,0.953426,1.322999,0.000000

-6.954673,0.950593,1.324975,0.000000

-6.948730,0.947753,1.326915,0.000000

-6.942782,0.944903,1.328840,0.000000

-6.930868,0.939153,1.332591,0.000000

-6.924897,0.936262,1.334421,0.000000

-6.918924,0.933359,1.336237,0.000000

-6.912948,0.930445,1.338011,0.000000

-6.912948,0.930445,1.338011,0.000000

-6.900961,0.924580,1.341498,0.000000

-6.894959,0.921637,1.343175,0.000000

-6.888954,0.918687,1.344854,0.000000

-6.882950,0.915720,1.346499,0.000000

-6.870927,0.909764,1.349711,0.000000

-6.864907,0.906777,1.351290,0.000000

-6.858900,0.903787,1.352822,0.000000

-6.852892,0.900784,1.354334,0.000000

-6.840851,0.894772,1.357304,0.000000

-6.840851,0.894772,1.357304,0.000000

-6.834846,0.891746,1.358763,0.000000

-6.828835,0.888713,1.360196,0.000000

-6.822816,0.885679,1.361608,0.000000

-6.810775,0.879569,1.364392,0.000000

-6.804755,0.876506,1.365749,0.000000

-6.798736,0.873429,1.367100,0.000000

-6.792711,0.870346,1.368443,0.000000

-6.780664,0.864151,1.371102,0.000000

-6.774647,0.861033,1.372421,0.000000

-6.768620,0.857917,1.373735,0.000000

-6.768620,0.857917,1.373735,0.000000

-6.762589,0.854789,1.375042,0.000000

-6.750561,0.848504,1.377701,0.000000

-6.744541,0.845344,1.379032,0.000000

-6.738511,0.842183,1.380378,0.000000

-6.732494,0.839016,1.381751,0.000000

-6.720436,0.832665,1.384510,0.000000

-6.714404,0.829467,1.385918,0.000000

-6.708364,0.826273,1.387335,0.000000

-6.702320,0.823068,1.388797,0.000000

-6.690208,0.816636,1.391780,0.000000

-6.690208,0.816636,1.391780,0.000000

-6.684143,0.813412,1.393316,0.000000

-6.678070,0.810180,1.394890,0.000000

-6.671993,0.806936,1.396514,0.000000

-6.659807,0.800430,1.399876,0.000000

-6.653704,0.797162,1.401614,0.000000

-6.647591,0.793890,1.403410,0.000000

-6.641468,0.790609,1.405211,0.000000

-6.629207,0.784040,1.408999,0.000000

-6.623066,0.780739,1.410928,0.000000

-6.616922,0.777426,1.412887,0.000000

-6.610765,0.774111,1.414842,0.000000

-6.598430,0.767487,1.418911,0.000000

-6.592253,0.764164,1.420977,0.000000

-6.586072,0.760827,1.423032,0.000000

-6.579885,0.757496,1.425152,0.000000

-6.567492,0.750814,1.429379,0.000000

-6.561286,0.747463,1.431504,0.000000

-6.555088,0.744105,1.433645,0.000000

-6.548886,0.740738,1.435797,0.000000

-6.536468,0.733983,1.440107,0.000000

-6.536468,0.733983,1.440107,0.000000

-6.530252,0.730611,1.442253,0.000000

-6.524031,0.727233,1.444404,0.000000

-6.524031,0.727233,1.444404,0.000000

-6.517813,0.723836,1.446543,0.000000

-6.505361,0.717049,1.450805,0.000000

-6.499134,0.713647,1.452932,0.000000

-6.492901,0.710243,1.455047,0.000000

-6.486666,0.706830,1.457156,0.000000

-6.474184,0.699987,1.461357,0.000000

-6.467936,0.696558,1.463439,0.000000

-6.461690,0.693111,1.465511,0.000000

-6.455438,0.689680,1.467573,0.000000

-6.442935,0.682774,1.471644,0.000000

-6.436677,0.679314,1.473655,0.000000

-6.430420,0.675857,1.475649,0.000000

-6.424159,0.672395,1.477626,0.000000

-6.411627,0.665449,1.481563,0.000000

-6.411627,0.665449,1.481563,0.000000

-6.405357,0.661962,1.483496,0.000000

-6.399096,0.658490,1.485411,0.000000

-6.392837,0.655006,1.487341,0.000000

-6.380302,0.648021,1.491110,0.000000

-6.374059,0.644530,1.492983,0.000000

-6.367805,0.641040,1.494828,0.000000

-6.361552,0.637536,1.496678,0.000000

-6.361552,0.637536,1.496678,0.000000

-6.349059,0.630520,1.500312,0.000000

-6.342818,0.627006,1.502095,0.000000

-6.336570,0.623489,1.503879,0.000000

-6.330322,0.619958,1.505638,0.000000

-6.317863,0.612894,1.509098,0.000000

-6.311626,0.609349,1.510826,0.000000

-6.305383,0.605803,1.512523,0.000000

-6.299162,0.602248,1.514228,0.000000

-6.286703,0.595119,1.517567,0.000000

-6.280469,0.591541,1.519223,0.000000

-6.274248,0.587976,1.520844,0.000000

-6.268022,0.584403,1.522464,0.000000

-6.255559,0.577235,1.525647,0.000000

-6.249344,0.573646,1.527197,0.000000

-6.243125,0.570051,1.528724,0.000000

-6.243125,0.570051,1.528724,0.000000

-6.236896,0.566456,1.530247,0.000000

-6.224454,0.559247,1.533231,0.000000

-6.218236,0.555640,1.534692,0.000000

-6.212011,0.552032,1.536149,0.000000

-6.205784,0.548413,1.537596,0.000000

-6.193336,0.541194,1.540454,0.000000

-6.187119,0.537586,1.541855,0.000000

-6.187119,0.537586,1.541855,0.000000

-6.180894,0.533976,1.543241,0.000000

-6.174667,0.530355,1.544626,0.000000

-6.162246,0.523170,1.547334,0.000000

-6.156025,0.519571,1.548698,0.000000

-6.149799,0.515964,1.550047,0.000000

-6.143621,0.512387,1.551363,0.000000

-6.131241,0.505223,1.554000,0.000000

-6.125039,0.501633,1.555310,0.000000

-6.118877,0.498076,1.556584,0.000000

-6.112709,0.494513,1.557838,0.000000

-6.100351,0.487371,1.560326,0.000000

-6.100351,0.487371,1.560326,0.000000

-6.094190,0.483824,1.561541,0.000000

-6.088022,0.480271,1.562741,0.000000

-6.081850,0.476705,1.563936,0.000000

-6.069519,0.469593,1.566288,0.000000

-6.063356,0.466049,1.567433,0.000000

-6.057192,0.462490,1.568576,0.000000

-6.051017,0.458930,1.569700,0.000000

-6.038710,0.451813,1.571914,0.000000

-6.032543,0.448248,1.573013,0.000000

-6.026373,0.444671,1.574102,0.000000

-6.026373,0.444671,1.574102,0.000000

-6.020229,0.441113,1.575156,0.000000

-6.007918,0.433978,1.577283,0.000000

-6.001750,0.430405,1.578328,0.000000

-5.995577,0.426823,1.579373,0.000000

-5.989439,0.423250,1.580396,0.000000

-5.977137,0.416093,1.582432,0.000000

-5.970979,0.412500,1.583428,0.000000

-5.964855,0.408932,1.584424,0.000000

-5.964855,0.408932,1.584424,0.000000

-5.958722,0.405360,1.585415,0.000000

-5.946436,0.398194,1.587371,0.000000

-5.940330,0.394630,1.588329,0.000000

-5.934205,0.391076,1.589273,0.000000

-5.928080,0.387505,1.590206,0.000000

-5.915829,0.380376,1.592043,0.000000

-5.909709,0.376807,1.592949,0.000000

-5.903577,0.373239,1.593849,0.000000

-5.897438,0.369662,1.594745,0.000000

-5.897438,0.369662,1.594745,0.000000

-5.879011,0.358969,1.597343,0.000000

-5.879011,0.358969,1.597343,0.000000

-5.872853,0.355394,1.598189,0.000000

-5.866687,0.351844,1.599023,0.000000

-5.854336,0.344717,1.600667,0.000000

-5.854336,0.344717,1.600667,0.000000

-5.848146,0.341151,1.601476,0.000000

-5.841954,0.337609,1.602281,0.000000

-5.835760,0.334052,1.603069,0.000000

-5.823339,0.326946,1.604603,0.000000

-5.817128,0.323407,1.605349,0.000000

-5.810910,0.319862,1.606093,0.000000

-5.804680,0.316321,1.606838,0.000000

-5.792203,0.309214,1.608298,0.000000

-5.785954,0.305674,1.609001,0.000000

-5.779693,0.302136,1.609697,0.000000

-5.773429,0.298588,1.610377,0.000000

-5.760857,0.291526,1.611759,0.000000

-5.754555,0.288007,1.612434,0.000000

-5.748249,0.284477,1.613098,0.000000

-5.748249,0.284477,1.613098,0.000000

-5.741935,0.280946,1.613764,0.000000

-5.729290,0.273924,1.615083,0.000000

-5.722956,0.270410,1.615745,0.000000

-5.716619,0.266885,1.616385,0.000000

-5.710283,0.263376,1.617029,0.000000

-5.697596,0.256338,1.618281,0.000000

-5.691244,0.252813,1.618907,0.000000

-5.691244,0.252813,1.618907,0.000000

-5.684897,0.249281,1.619521,0.000000

-5.678548,0.245743,1.620141,0.000000

-5.665827,0.238661,1.621345,0.000000

-5.659458,0.235118,1.621935,0.000000

-5.653084,0.231571,1.622526,0.000000

-5.646707,0.228016,1.623113,0.000000

-5.633937,0.220912,1.624259,0.000000

-5.633937,0.220912,1.624259,0.000000

-5.627542,0.217369,1.624822,0.000000

-5.621145,0.213819,1.625373,0.000000

-5.601945,0.203126,1.627016,0.000000

-5.601945,0.203126,1.627016,0.000000

-5.589122,0.195982,1.628064,0.000000

-5.582707,0.192394,1.628586,0.000000

-5.582707,0.192394,1.628586,0.000000

-5.569850,0.185210,1.629626,0.000000

-5.563420,0.181602,1.630135,0.000000

-5.556977,0.178004,1.630641,0.000000

-5.550537,0.174382,1.631145,0.000000

-5.537635,0.167139,1.632158,0.000000

-5.531178,0.163513,1.632647,0.000000

-5.524705,0.159877,1.633139,0.000000

-5.518222,0.156247,1.633621,0.000000

-5.505245,0.148977,1.634574,0.000000

-5.498751,0.145331,1.635050,0.000000

-5.492249,0.141691,1.635512,0.000000

-5.485741,0.138048,1.635985,0.000000

-5.485741,0.138048,1.635985,0.000000

-5.472731,0.130742,1.636901,0.000000

-5.466226,0.127081,1.637352,0.000000

-5.459718,0.123416,1.637799,0.000000

-5.453201,0.119753,1.638243,0.000000

-5.440169,0.112419,1.639127,0.000000

-5.433647,0.108745,1.639584,0.000000

-5.427121,0.105070,1.640017,0.000000

-5.420596,0.101396,1.640457,0.000000

-5.407537,0.094040,1.641325,0.000000

-5.400997,0.090365,1.641749,0.000000

-5.400997,0.090365,1.641749,0.000000

-5.394458,0.086694,1.642162,0.000000

-5.387914,0.083023,1.642572,0.000000

-5.374813,0.075677,1.643384,0.000000

-5.368257,0.072004,1.643763,0.000000

-5.361704,0.068329,1.644170,0.000000

-5.355141,0.064663,1.644554,0.000000

-5.342008,0.057319,1.645317,0.000000

-5.335449,0.053648,1.645702,0.000000

-5.328888,0.049976,1.646078,0.000000

-5.322325,0.046298,1.646453,0.000000

-5.309188,0.038954,1.647209,0.000000

-5.309188,0.038954,1.647209,0.000000

-5.302622,0.035280,1.647572,0.000000

-5.296048,0.031607,1.647950,0.000000

-5.289473,0.027931,1.648298,0.000000

-5.276335,0.020599,1.649027,0.000000

-5.269761,0.016930,1.649371,0.000000

-5.263180,0.013265,1.649734,0.000000

-5.256622,0.009612,1.650067,0.000000

-5.243491,0.002303,1.650762,0.000000

-5.236919,-0.001349,1.651087,0.000000

-5.230371,-0.004994,1.651431,0.000000

-5.223825,-0.008648,1.651747,0.000000

-5.210711,-0.015953,1.652402,0.000000

-5.210711,-0.015953,1.652402,0.000000

-5.204176,-0.019607,1.652706,0.000000

-5.197635,-0.023263,1.653009,0.000000

-5.191088,-0.026918,1.653314,0.000000

-5.178001,-0.034212,1.653910,0.000000

-5.171465,-0.037860,1.654212,0.000000

-5.164923,-0.041504,1.654494,0.000000

-5.158371,-0.045143,1.654780,0.000000

-5.145295,-0.052434,1.655332,0.000000

-5.138769,-0.056083,1.655601,0.000000

-5.132236,-0.059729,1.655885,0.000000

-5.125695,-0.063373,1.656160,0.000000

-5.112644,-0.070671,1.656721,0.000000

-5.112644,-0.070671,1.656721,0.000000

-5.106112,-0.074324,1.656981,0.000000

-5.099573,-0.077976,1.657236,0.000000

-5.093051,-0.081637,1.657500,0.000000

-5.079987,-0.088958,1.658028,0.000000

-5.073443,-0.092615,1.658277,0.000000

-5.066916,-0.096283,1.658535,0.000000

-5.060377,-0.099946,1.658809,0.000000

-5.053835,-0.103610,1.659070,0.000000

-5.040743,-0.110936,1.659586,0.000000

-5.034193,-0.114595,1.659839,0.000000

-5.027639,-0.118259,1.660092,0.000000

-5.014509,-0.125560,1.660584,0.000000

-5.014509,-0.125560,1.660584,0.000000

-5.007936,-0.129203,1.660830,0.000000

-5.001353,-0.132843,1.661086,0.000000

-4.994772,-0.136490,1.661318,0.000000

-4.981586,-0.143775,1.661796,0.000000

-4.974987,-0.147422,1.662023,0.000000

-4.968383,-0.151070,1.662256,0.000000

-4.961777,-0.154721,1.662490,0.000000

-4.948552,-0.162029,1.662922,0.000000

-4.941933,-0.165686,1.663153,0.000000

-4.941933,-0.165686,1.663153,0.000000

-4.935308,-0.169336,1.663352,0.000000

-4.928686,-0.173004,1.663564,0.000000

-4.915431,-0.180345,1.663985,0.000000

-4.915431,-0.180345,1.663985,0.000000

-4.908799,-0.184020,1.664188,0.000000

-4.902164,-0.187692,1.664400,0.000000

-4.895523,-0.191357,1.664602,0.000000

-4.882238,-0.198711,1.664980,0.000000

-4.875604,-0.202386,1.665183,0.000000

-4.868965,-0.206061,1.665377,0.000000

-4.862325,-0.209743,1.665584,0.000000

-4.849037,-0.217094,1.665965,0.000000

-4.842398,-0.220776,1.666131,0.000000

-4.835754,-0.224463,1.666317,0.000000

-4.829105,-0.228147,1.666486,0.000000

-4.815824,-0.235529,1.666861,0.000000

-4.809172,-0.239212,1.667029,0.000000

-4.809172,-0.239212,1.667029,0.000000

-4.802519,-0.242903,1.667189,0.000000

-4.795886,-0.246604,1.667357,0.000000

-4.782601,-0.254000,1.667685,0.000000

-4.775948,-0.257695,1.667852,0.000000

-4.769318,-0.261403,1.668025,0.000000

-4.762681,-0.265107,1.668195,0.000000

-4.749391,-0.272509,1.668519,0.000000

-4.742762,-0.276206,1.668682,0.000000

-4.736130,-0.279903,1.668843,0.000000

-4.729488,-0.283594,1.669006,0.000000

-4.716193,-0.290972,1.669304,0.000000

-4.709547,-0.294654,1.669464,0.000000

-4.709547,-0.294654,1.669464,0.000000

-4.702898,-0.298335,1.669599,0.000000

-4.696245,-0.302019,1.669736,0.000000

-4.682922,-0.309361,1.670009,0.000000

-4.676258,-0.313027,1.670133,0.000000

-4.669585,-0.316686,1.670248,0.000000

-4.662908,-0.320343,1.670366,0.000000

-4.649549,-0.327658,1.670585,0.000000

-4.642860,-0.331306,1.670670,0.000000

-4.636166,-0.334957,1.670779,0.000000

-4.629462,-0.338595,1.670864,0.000000

-4.616052,-0.345880,1.671008,0.000000

-4.609335,-0.349514,1.671074,0.000000

-4.602633,-0.353157,1.671117,0.000000

-4.595924,-0.356799,1.671178,0.000000

-4.582491,-0.364065,1.671238,0.000000

-4.575793,-0.367691,1.671255,0.000000

-4.575793,-0.367691,1.671255,0.000000

-4.569090,-0.371312,1.671253,0.000000

-4.562388,-0.374944,1.671250,0.000000

-4.548983,-0.382165,1.671257,0.000000

-4.542291,-0.385770,1.671231,0.000000

-4.535586,-0.389366,1.671240,0.000000

-4.528883,-0.392966,1.671208,0.000000

-4.515543,-0.400121,1.671144,0.000000

-4.515543,-0.400121,1.671144,0.000000

-4.508863,-0.403693,1.671100,0.000000

-4.502176,-0.407259,1.671058,0.000000

-4.495491,-0.410836,1.671003,0.000000

-4.482171,-0.417921,1.670928,0.000000

-4.475502,-0.421457,1.670875,0.000000

-4.468826,-0.424989,1.670824,0.000000

-4.462196,-0.428506,1.670769,0.000000

-4.448906,-0.435508,1.670631,0.000000

-4.442258,-0.439022,1.670567,0.000000

-4.435653,-0.442507,1.670490,0.000000

-4.429046,-0.445992,1.670383,0.000000

-4.415808,-0.452966,1.670239,0.000000

-4.409213,-0.456434,1.670144,0.000000

-4.402611,-0.459903,1.670065,0.000000

-4.396004,-0.463371,1.669968,0.000000

-4.396004,-0.463371,1.669968,0.000000

-4.382796,-0.470287,1.669774,0.000000

-4.376200,-0.473741,1.669670,0.000000

-4.369590,-0.477183,1.669567,0.000000

-4.362982,-0.480640,1.669466,0.000000

-4.349767,-0.487504,1.669269,0.000000

-4.343154,-0.490937,1.669149,0.000000

-4.336533,-0.494372,1.669046,0.000000

-4.329913,-0.497777,1.668943,0.000000

-4.316671,-0.504613,1.668694,0.000000

-4.310035,-0.508021,1.668599,0.000000

-4.303410,-0.511435,1.668457,0.000000

-4.296780,-0.514858,1.668347,0.000000

-4.283497,-0.521689,1.668098,0.000000

-4.283497,-0.521689,1.668098,0.000000

-4.276847,-0.525101,1.667963,0.000000

-4.270208,-0.528523,1.667843,0.000000

-4.263571,-0.531950,1.667696,0.000000

-4.250271,-0.538795,1.667415,0.000000

-4.243631,-0.542217,1.667282,0.000000

-4.236991,-0.545646,1.667138,0.000000

-4.230345,-0.549074,1.666989,0.000000

-4.217056,-0.555914,1.666718,0.000000

-4.210414,-0.559328,1.666584,0.000000

-4.210414,-0.559328,1.666584,0.000000

-4.203770,-0.562746,1.666426,0.000000

-4.197120,-0.566164,1.666276,0.000000

-4.183854,-0.572963,1.665986,0.000000

-4.177213,-0.576367,1.665858,0.000000

-4.170568,-0.579771,1.665713,0.000000

-4.163943,-0.583161,1.665583,0.000000

-4.150679,-0.589946,1.665309,0.000000

-4.144034,-0.593336,1.665201,0.000000

-4.137416,-0.596696,1.665072,0.000000

-4.130794,-0.600062,1.664951,0.000000

-4.117532,-0.606798,1.664710,0.000000

-4.117532,-0.606798,1.664710,0.000000

-4.110913,-0.610140,1.664596,0.000000

-4.104285,-0.613476,1.664478,0.000000

-4.097655,-0.616817,1.664353,0.000000

-4.084403,-0.623478,1.664113,0.000000

-4.077785,-0.626806,1.663995,0.000000

-4.071157,-0.630123,1.663882,0.000000

-4.064521,-0.633442,1.663775,0.000000

-4.051254,-0.640080,1.663538,0.000000

-4.044618,-0.643392,1.663413,0.000000

-4.037980,-0.646713,1.663307,0.000000

-4.037980,-0.646713,1.663307,0.000000

-4.031334,-0.650025,1.663165,0.000000

-4.031334,-0.650025,1.663165,0.000000

-4.018068,-0.656625,1.662902,0.000000

-4.011428,-0.659930,1.662784,0.000000

-4.004779,-0.663227,1.662655,0.000000

-3.998137,-0.666512,1.662519,0.000000

-3.984837,-0.673087,1.662247,0.000000

-3.978184,-0.676387,1.662117,0.000000

-3.971533,-0.679666,1.661982,0.000000

-3.971533,-0.679666,1.661982,0.000000

-3.964876,-0.682945,1.661832,0.000000

-3.958217,-0.686230,1.661669,0.000000

-3.944889,-0.692781,1.661364,0.000000

-3.938228,-0.696055,1.661188,0.000000

-3.931554,-0.699320,1.661035,0.000000

-3.918198,-0.705855,1.660678,0.000000

-3.911518,-0.709132,1.660504,0.000000

-3.904827,-0.712395,1.660321,0.000000

-3.898132,-0.715664,1.660147,0.000000

-3.884737,-0.722191,1.659739,0.000000

-3.878030,-0.725451,1.659525,0.000000

-3.878030,-0.725451,1.659525,0.000000

-3.871323,-0.728720,1.659326,0.000000

-3.864591,-0.731977,1.659103,0.000000

-3.851117,-0.738494,1.658630,0.000000

-3.844368,-0.741743,1.658403,0.000000

-3.844368,-0.741743,1.658403,0.000000

-3.837620,-0.745004,1.658177,0.000000

-3.830873,-0.748239,1.657945,0.000000

-3.817368,-0.754713,1.657466,0.000000

-3.810614,-0.757954,1.657205,0.000000

-3.810614,-0.757954,1.657205,0.000000

-3.803862,-0.761187,1.656936,0.000000

-3.797103,-0.764417,1.656682,0.000000

-3.783574,-0.770874,1.656147,0.000000

-3.776796,-0.774099,1.655884,0.000000

-3.770011,-0.777314,1.655593,0.000000

-3.770011,-0.777314,1.655593,0.000000

-3.763230,-0.780546,1.655313,0.000000

-3.749641,-0.786975,1.654758,0.000000

-3.742841,-0.790185,1.654481,0.000000

-3.736033,-0.793389,1.654195,0.000000

-3.729233,-0.796613,1.653903,0.000000

-3.715618,-0.803006,1.653321,0.000000

-3.708810,-0.806214,1.653035,0.000000

-3.701997,-0.809420,1.652747,0.000000

-3.695175,-0.812630,1.652447,0.000000

-3.681520,-0.819053,1.651862,0.000000

-3.674683,-0.822256,1.651585,0.000000

-3.667840,-0.825479,1.651297,0.000000

-3.660991,-0.828699,1.651001,0.000000

-3.647283,-0.835130,1.650368,0.000000

-3.647283,-0.835130,1.650368,0.000000

-3.640411,-0.838352,1.650060,0.000000

-3.633537,-0.841570,1.649726,0.000000

-3.626661,-0.844795,1.649418,0.000000

-3.612904,-0.851243,1.648791,0.000000

-3.612904,-0.851243,1.648791,0.000000

-3.605996,-0.854465,1.648464,0.000000

-3.592170,-0.860893,1.647799,0.000000

-3.592170,-0.860893,1.647799,0.000000

-3.578336,-0.867325,1.647118,0.000000

-3.571404,-0.870521,1.646789,0.000000

-3.564477,-0.873729,1.646442,0.000000

-3.543645,-0.883326,1.645435,0.000000

-3.536688,-0.886515,1.645099,0.000000

-3.529732,-0.889710,1.644752,0.000000

-3.522763,-0.892904,1.644397,0.000000

-3.508818,-0.899287,1.643715,0.000000

-3.501840,-0.902470,1.643355,0.000000

-3.494850,-0.905665,1.642990,0.000000

-3.487854,-0.908851,1.642620,0.000000

-3.473864,-0.915233,1.641881,0.000000

-3.466843,-0.918431,1.641516,0.000000

-3.459825,-0.921637,1.641142,0.000000

-3.438759,-0.931265,1.640001,0.000000

-3.431729,-0.934475,1.639609,0.000000

-3.424709,-0.937706,1.639228,0.000000

-3.417679,-0.940917,1.638843,0.000000

-3.403628,-0.947367,1.638088,0.000000

-3.396605,-0.950594,1.637698,0.000000

-3.389575,-0.953809,1.637306,0.000000

-3.382552,-0.957042,1.636930,0.000000

-3.368550,-0.963485,1.636179,0.000000

-3.354545,-0.969926,1.635423,0.000000

-3.354545,-0.969926,1.635423,0.000000

-3.347553,-0.973148,1.635031,0.000000

-3.333568,-0.979599,1.634285,0.000000

-3.326574,-0.982823,1.633899,0.000000

-3.312620,-0.989305,1.633168,0.000000

-3.298657,-0.995767,1.632414,0.000000

-3.291684,-0.999002,1.632058,0.000000

-3.284704,-1.002225,1.631691,0.000000

-3.277733,-1.005465,1.631322,0.000000

-3.263790,-1.011914,1.630601,0.000000

-3.256827,-1.015140,1.630229,0.000000

-3.242900,-1.021593,1.629509,0.000000

-3.229012,-1.028030,1.628770,0.000000

-3.222066,-1.031256,1.628437,0.000000

-3.215122,-1.034480,1.628059,0.000000

-3.208182,-1.037694,1.627702,0.000000

-3.194304,-1.044133,1.626991,0.000000

-3.187368,-1.047360,1.626624,0.000000

-3.180421,-1.050583,1.626273,0.000000

-3.173474,-1.053804,1.625911,0.000000

-3.159580,-1.060257,1.625219,0.000000

-3.152632,-1.063482,1.624855,0.000000

-3.145674,-1.066724,1.624511,0.000000

-3.145674,-1.066724,1.624511,0.000000

-3.124778,-1.076422,1.623516,0.000000

-3.124778,-1.076422,1.623516,0.000000

-3.117795,-1.079678,1.623178,0.000000

-3.103819,-1.086172,1.622516,0.000000

-3.089823,-1.092683,1.621866,0.000000

-3.089823,-1.092683,1.621866,0.000000

-3.082814,-1.095937,1.621523,0.000000

-3.068789,-1.102440,1.620890,0.000000

-3.068789,-1.102440,1.620890,0.000000

-3.047717,-1.112192,1.619907,0.000000

-3.040694,-1.115446,1.619606,0.000000

-3.033665,-1.118692,1.619274,0.000000

-3.019595,-1.125167,1.618643,0.000000

-3.012564,-1.128409,1.618316,0.000000

-3.005507,-1.131631,1.618000,0.000000

-2.998462,-1.134875,1.617675,0.000000

-2.984354,-1.141326,1.617038,0.000000

-2.977288,-1.144544,1.616714,0.000000

-2.970224,-1.147766,1.616400,0.000000

-2.963155,-1.150975,1.616090,0.000000

-2.949015,-1.157394,1.615465,0.000000

-2.941940,-1.160602,1.615146,0.000000

-2.927796,-1.167021,1.614551,0.000000

-2.913651,-1.173425,1.613927,0.000000

-2.913651,-1.173425,1.613927,0.000000

-2.899509,-1.179832,1.613289,0.000000

-2.899509,-1.179832,1.613289,0.000000

-2.892432,-1.183023,1.612994,0.000000

-2.878297,-1.189379,1.612380,0.000000

-2.871226,-1.192546,1.612061,0.000000

-2.864162,-1.195727,1.611757,0.000000

-2.857105,-1.198899,1.611435,0.000000

-2.842980,-1.205220,1.610853,0.000000

-2.835917,-1.208374,1.610549,0.000000

-2.828877,-1.211536,1.610238,0.000000

-2.807746,-1.220988,1.609318,0.000000

-2.800714,-1.224136,1.608994,0.000000

-2.793678,-1.227279,1.608701,0.000000

-2.786640,-1.230413,1.608388,0.000000

-2.772569,-1.236696,1.607782,0.000000

-2.765533,-1.239837,1.607460,0.000000

-2.758498,-1.242982,1.607161,0.000000

-2.751455,-1.246108,1.606857,0.000000

-2.737390,-1.252410,1.606262,0.000000

-2.730359,-1.255561,1.605948,0.000000

-2.723321,-1.258696,1.605646,0.000000

-2.716296,-1.261851,1.605338,0.000000

-2.716296,-1.261851,1.605338,0.000000

-2.695205,-1.271282,1.604421,0.000000

-2.688173,-1.274421,1.604116,0.000000

-2.681168,-1.277558,1.603794,0.000000

-2.667141,-1.283810,1.603172,0.000000

-2.660127,-1.286934,1.602856,0.000000

-2.653134,-1.290060,1.602522,0.000000

-2.646136,-1.293174,1.602203,0.000000

-2.632144,-1.299415,1.601559,0.000000

-2.625171,-1.302526,1.601229,0.000000

-2.618196,-1.305634,1.600911,0.000000

-2.611216,-1.308729,1.600582,0.000000

-2.597277,-1.314926,1.599943,0.000000

-2.590316,-1.318017,1.599602,0.000000

-2.583356,-1.321114,1.599277,0.000000

-2.576391,-1.324201,1.598967,0.000000

-2.562508,-1.330343,1.598309,0.000000

-2.555565,-1.333420,1.597993,0.000000

-2.548619,-1.336489,1.597661,0.000000

-2.527821,-1.345622,1.596699,0.000000

-2.520885,-1.348670,1.596408,0.000000

-2.513956,-1.351698,1.596105,0.000000

-2.507025,-1.354715,1.595793,0.000000

-2.486241,-1.363775,1.594899,0.000000

-2.479320,-1.366783,1.594623,0.000000

-2.472394,-1.369786,1.594333,0.000000

-2.458529,-1.375777,1.593763,0.000000

-2.451612,-1.378765,1.593506,0.000000

-2.444688,-1.381736,1.593213,0.000000

-2.423903,-1.390631,1.592404,0.000000

-2.416977,-1.393590,1.592120,0.000000

-2.410046,-1.396545,1.591873,0.000000

-2.403108,-1.399481,1.591594,0.000000

-2.389256,-1.405303,1.591076,0.000000

-2.382325,-1.408210,1.590827,0.000000

-2.375388,-1.411107,1.590569,0.000000

-2.368471,-1.413959,1.590323,0.000000

-2.347715,-1.422537,1.589595,0.000000

-2.347715,-1.422537,1.589595,0.000000

-2.340808,-1.425369,1.589363,0.000000

-2.333896,-1.428195,1.589122,0.000000

-2.320064,-1.433852,1.588641,0.000000

-2.313148,-1.436641,1.588414,0.000000

-2.306237,-1.439447,1.588190,0.000000

-2.299317,-1.442237,1.587936,0.000000

-2.285478,-1.447814,1.587463,0.000000

-2.278555,-1.450591,1.587218,0.000000

-2.271628,-1.453365,1.586980,0.000000

-2.250856,-1.461663,1.586245,0.000000

-2.243931,-1.464427,1.586025,0.000000

-2.236999,-1.467181,1.585797,0.000000

-2.230062,-1.469933,1.585575,0.000000

-2.216214,-1.475441,1.585100,0.000000

-2.209282,-1.478186,1.584856,0.000000

-2.202344,-1.480929,1.584650,0.000000

-2.195417,-1.483685,1.584399,0.000000

-2.181537,-1.489160,1.583944,0.000000

-2.174591,-1.491901,1.583742,0.000000

-2.167649,-1.494629,1.583532,0.000000

-2.160707,-1.497360,1.583292,0.000000

-2.146805,-1.502805,1.582860,0.000000

-2.139867,-1.505534,1.582632,0.000000

-2.132921,-1.508252,1.582427,0.000000

-2.125976,-1.510978,1.582200,0.000000

-2.112079,-1.516411,1.581784,0.000000

-2.105128,-1.519121,1.581570,0.000000

-2.098176,-1.521833,1.581363,0.000000

-2.091216,-1.524540,1.581151,0.000000

-2.077310,-1.529951,1.580715,0.000000

-2.070355,-1.532667,1.580507,0.000000

-2.063392,-1.535365,1.580271,0.000000

-2.056439,-1.538064,1.580072,0.000000

-2.042523,-1.543450,1.579642,0.000000

-2.035562,-1.546142,1.579432,0.000000

-2.028616,-1.548828,1.579217,0.000000

-2.021666,-1.551513,1.579016,0.000000

-2.007757,-1.556884,1.578591,0.000000

-2.000797,-1.559563,1.578385,0.000000

-1.993860,-1.562250,1.578156,0.000000

-1.973012,-1.570279,1.577560,0.000000

-1.966079,-1.572947,1.577376,0.000000

-1.959143,-1.575617,1.577182,0.000000

-1.952204,-1.578290,1.576980,0.000000

-1.938321,-1.583633,1.576617,0.000000

-1.931379,-1.586309,1.576430,0.000000

-1.924435,-1.588985,1.576236,0.000000

-1.917485,-1.591659,1.576056,0.000000

-1.903595,-1.597002,1.575683,0.000000

-1.896645,-1.599674,1.575496,0.000000

-1.889686,-1.602334,1.575319,0.000000

-1.882724,-1.605019,1.575150,0.000000

-1.868786,-1.610372,1.574784,0.000000

-1.861814,-1.613049,1.574594,0.000000

-1.854831,-1.615750,1.574401,0.000000

-1.847838,-1.618437,1.574229,0.000000

-1.833850,-1.623818,1.573852,0.000000

-1.826849,-1.626518,1.573685,0.000000

-1.826849,-1.626518,1.573685,0.000000

-1.819842,-1.629209,1.573509,0.000000

-1.812833,-1.631899,1.573318,0.000000

-1.798804,-1.637297,1.572968,0.000000

-1.791779,-1.639987,1.572791,0.000000

-1.784758,-1.642695,1.572607,0.000000

-1.763669,-1.650764,1.572072,0.000000

-1.763669,-1.650764,1.572072,0.000000

-1.749596,-1.656130,1.571713,0.000000

-1.742556,-1.658808,1.571530,0.000000

-1.728468,-1.664167,1.571179,0.000000

-1.721424,-1.666846,1.570974,0.000000

-1.714372,-1.669518,1.570793,0.000000

-1.707322,-1.672185,1.570597,0.000000

-1.693217,-1.677525,1.570246,0.000000

-1.686158,-1.680182,1.570059,0.000000

-1.679096,-1.682839,1.569877,0.000000

-1.672038,-1.685504,1.569693,0.000000

-1.657907,-1.690812,1.569359,0.000000

-1.650836,-1.693465,1.569185,0.000000

-1.643760,-1.696112,1.569021,0.000000

-1.636683,-1.698756,1.568854,0.000000

-1.622532,-1.704050,1.568527,0.000000

-1.615459,-1.706699,1.568338,0.000000

-1.615459,-1.706699,1.568338,0.000000

-1.601298,-1.711979,1.568034,0.000000

-1.587138,-1.717281,1.567674,0.000000

-1.587138,-1.717281,1.567674,0.000000

-1.580056,-1.719927,1.567502,0.000000

-1.572972,-1.722572,1.567316,0.000000

-1.565886,-1.725204,1.567133,0.000000

-1.551709,-1.730461,1.566795,0.000000

-1.544616,-1.733084,1.566622,0.000000

-1.537518,-1.735695,1.566442,0.000000

-1.530433,-1.738309,1.566273,0.000000

-1.516249,-1.743497,1.565892,0.000000

-1.509157,-1.746099,1.565730,0.000000

-1.502064,-1.748680,1.565549,0.000000

-1.494969,-1.751256,1.565331,0.000000

-1.480768,-1.756401,1.564970,0.000000

-1.473680,-1.758971,1.564759,0.000000

-1.466588,-1.761533,1.564571,0.000000

-1.459487,-1.764083,1.564377,0.000000

-1.445301,-1.769195,1.563964,0.000000

-1.438205,-1.771737,1.563769,0.000000

-1.431110,-1.774281,1.563560,0.000000

-1.424016,-1.776826,1.563339,0.000000

-1.409829,-1.781889,1.562953,0.000000

-1.402738,-1.784426,1.562732,0.000000

-1.395638,-1.786951,1.562551,0.000000

-1.388555,-1.789485,1.562354,0.000000

-1.374382,-1.794543,1.561916,0.000000

-1.367291,-1.797078,1.561734,0.000000

-1.353131,-1.802134,1.561306,0.000000

-1.353131,-1.802134,1.561306,0.000000

-1.338965,-1.807192,1.560904,0.000000

-1.331889,-1.809717,1.560677,0.000000

-1.324820,-1.812267,1.560474,0.000000

-1.317740,-1.814792,1.560251,0.000000

-1.303578,-1.819848,1.559853,0.000000

-1.296520,-1.822382,1.559646,0.000000

-1.289461,-1.824918,1.559444,0.000000

-1.282400,-1.827455,1.559247,0.000000

-1.268294,-1.832527,1.558841,0.000000

-1.261250,-1.835063,1.558627,0.000000

-1.254199,-1.837592,1.558423,0.000000

-1.247148,-1.840119,1.558215,0.000000

-1.233076,-1.845160,1.557808,0.000000

-1.226042,-1.847695,1.557606,0.000000

-1.218999,-1.850207,1.557391,0.000000

-1.218999,-1.850207,1.557391,0.000000

-1.197904,-1.857748,1.556759,0.000000

-1.190865,-1.860257,1.556553,0.000000

-1.190865,-1.860257,1.556553,0.000000

-1.183842,-1.862757,1.556339,0.000000

-1.162753,-1.870264,1.555734,0.000000

-1.155732,-1.872762,1.555493,0.000000

-1.148705,-1.875258,1.555282,0.000000

-1.141677,-1.877759,1.555098,0.000000

-1.127636,-1.882759,1.554686,0.000000

-1.120623,-1.885257,1.554457,0.000000

-1.120623,-1.885257,1.554457,0.000000

-1.113605,-1.887756,1.554235,0.000000

-1.106580,-1.890247,1.554065,0.000000

-1.092590,-1.895226,1.553641,0.000000

-1.085586,-1.897711,1.553440,0.000000

-1.078576,-1.900190,1.553235,0.000000

-1.071568,-1.902685,1.553017,0.000000

-1.057584,-1.907606,1.552596,0.000000

-1.050587,-1.910071,1.552376,0.000000

-1.043584,-1.912534,1.552168,0.000000

-1.043584,-1.912534,1.552168,0.000000

-1.022617,-1.919852,1.551583,0.000000

-1.015617,-1.922288,1.551388,0.000000

-1.008626,-1.924706,1.551179,0.000000

-1.001636,-1.927140,1.550969,0.000000

-0.987632,-1.931983,1.550583,0.000000

-0.980636,-1.934386,1.550400,0.000000

-0.973638,-1.936795,1.550192,0.000000

-0.966632,-1.939196,1.549991,0.000000

-0.952639,-1.943986,1.549596,0.000000

-0.945647,-1.946366,1.549392,0.000000

-0.938653,-1.948755,1.549204,0.000000

-0.931651,-1.951137,1.549028,0.000000

-0.917704,-1.955866,1.548669,0.000000

-0.910726,-1.958237,1.548457,0.000000

-0.903739,-1.960603,1.548278,0.000000

-0.903739,-1.960603,1.548278,0.000000

-0.896788,-1.962951,1.548106,0.000000

-0.882869,-1.967645,1.547749,0.000000

-0.875899,-1.969988,1.547590,0.000000

-0.868977,-1.972319,1.547420,0.000000

-0.862050,-1.974655,1.547237,0.000000

-0.848168,-1.979298,1.546907,0.000000

-0.841219,-1.981621,1.546738,0.000000

-0.834321,-1.983946,1.546571,0.000000

-0.827409,-1.986248,1.546389,0.000000

-0.806684,-1.993177,1.545902,0.000000

-0.799787,-1.995487,1.545770,0.000000

-0.792882,-1.997788,1.545613,0.000000

-0.779087,-2.002384,1.545287,0.000000

-0.779087,-2.002384,1.545287,0.000000

-0.772194,-2.004677,1.545125,0.000000

-0.758391,-2.009259,1.544798,0.000000

-0.744596,-2.013800,1.544472,0.000000

-0.737692,-2.016076,1.544321,0.000000

-0.730779,-2.018337,1.544157,0.000000

-0.723876,-2.020578,1.543972,0.000000

-0.710059,-2.025077,1.543618,0.000000

-0.703139,-2.027317,1.543432,0.000000

-0.696224,-2.029541,1.543274,0.000000

-0.689307,-2.031771,1.543075,0.000000

-0.675451,-2.036212,1.542723,0.000000

-0.668516,-2.038421,1.542532,0.000000

-0.661573,-2.040625,1.542354,0.000000

-0.654623,-2.042816,1.542158,0.000000

-0.647674,-2.045023,1.541956,0.000000

-0.633730,-2.049390,1.541611,0.000000

-0.626756,-2.051581,1.541403,0.000000

-0.619770,-2.053756,1.541245,0.000000

-0.605777,-2.058135,1.540846,0.000000

-0.598764,-2.060320,1.540652,0.000000

-0.591744,-2.062501,1.540465,0.000000

-0.584718,-2.064672,1.540278,0.000000

-0.570599,-2.069033,1.539915,0.000000

-0.563537,-2.071218,1.539730,0.000000

-0.556472,-2.073403,1.539521,0.000000

-0.535182,-2.079936,1.538977,0.000000

-0.528079,-2.082108,1.538770,0.000000

-0.528079,-2.082108,1.538770,0.000000

-0.520958,-2.084296,1.538601,0.000000

-0.513826,-2.086456,1.538406,0.000000

-0.513826,-2.086456,1.538406,0.000000

-0.492395,-2.092960,1.537835,0.000000

-0.492395,-2.092960,1.537835,0.000000

-0.478056,-2.097282,1.537461,0.000000

-0.463677,-2.101610,1.537103,0.000000

-0.456469,-2.103772,1.536893,0.000000

-0.449256,-2.105931,1.536726,0.000000

-0.442036,-2.108063,1.536543,0.000000

-0.427557,-2.112391,1.536217,0.000000

-0.420317,-2.114548,1.536015,0.000000

-0.413068,-2.116683,1.535831,0.000000

-0.405815,-2.118824,1.535658,0.000000

-0.391300,-2.123090,1.535371,0.000000

-0.384045,-2.125229,1.535199,0.000000

-0.376786,-2.127357,1.535016,0.000000

-0.369514,-2.129474,1.534873,0.000000

-0.354973,-2.133709,1.534546,0.000000

-0.347699,-2.135823,1.534402,0.000000

-0.340401,-2.137923,1.534242,0.000000

-0.333109,-2.140045,1.534075,0.000000

-0.318513,-2.144246,1.533721,0.000000

-0.311186,-2.146353,1.533605,0.000000

-0.303854,-2.148438,1.533466,0.000000

-0.296529,-2.150542,1.533312,0.000000

-0.281843,-2.154730,1.533055,0.000000

-0.274489,-2.156827,1.532910,0.000000

-0.267133,-2.158916,1.532788,0.000000

-0.259778,-2.161001,1.532642,0.000000

-0.259778,-2.161001,1.532642,0.000000

-0.245022,-2.165177,1.532422,0.000000

-0.237642,-2.167249,1.532306,0.000000

-0.230265,-2.169325,1.532195,0.000000

-0.222861,-2.171384,1.532078,0.000000

-0.208066,-2.175533,1.531892,0.000000

-0.200669,-2.177597,1.531783,0.000000

-0.193261,-2.179670,1.531672,0.000000

-0.185851,-2.181738,1.531594,0.000000

-0.163620,-2.187915,1.531312,0.000000

-0.163620,-2.187915,1.531312,0.000000

-0.156204,-2.189965,1.531216,0.000000

-0.148792,-2.192018,1.531122,0.000000

-0.133970,-2.196110,1.530943,0.000000

-0.119147,-2.200196,1.530785,0.000000

-0.111737,-2.202234,1.530713,0.000000

-0.096908,-2.206301,1.530533,0.000000

-0.089486,-2.208327,1.530424,0.000000

-0.082065,-2.210347,1.530353,0.000000

-0.074654,-2.212392,1.530277,0.000000

-0.059810,-2.216408,1.530089,0.000000

-0.052393,-2.218425,1.529992,0.000000

-0.044977,-2.220430,1.529903,0.000000

-0.037547,-2.222435,1.529790,0.000000

-0.022690,-2.226430,1.529600,0.000000

-0.015268,-2.228431,1.529483,0.000000

-0.007829,-2.230415,1.529346,0.000000

-0.007829,-2.230415,1.529346,0.000000

-0.000400,-2.232429,1.529278,0.000000

0.014464,-2.236396,1.529036,0.000000

0.021927,-2.238377,1.528919,0.000000

0.029381,-2.240376,1.528818,0.000000

0.051764,-2.246289,1.528460,0.000000

0.059230,-2.248260,1.528335,0.000000

0.066694,-2.250227,1.528208,0.000000

0.074155,-2.252191,1.528051,0.000000

0.089090,-2.256070,1.527813,0.000000

0.096554,-2.258010,1.527691,0.000000

0.104018,-2.259932,1.527551,0.000000

0.111475,-2.261870,1.527423,0.000000

0.126398,-2.265702,1.527138,0.000000

0.133858,-2.267613,1.527034,0.000000

0.141316,-2.269511,1.526888,0.000000

0.141316,-2.269511,1.526888,0.000000

0.148765,-2.271395,1.526734,0.000000

0.171094,-2.277044,1.526300,0.000000

0.178535,-2.278900,1.526135,0.000000

0.185965,-2.280785,1.525995,0.000000

0.200835,-2.284499,1.525746,0.000000

0.208264,-2.286346,1.525563,0.000000

0.208264,-2.286346,1.525563,0.000000

0.215697,-2.288183,1.525436,0.000000

0.237979,-2.293697,1.525031,0.000000

0.237979,-2.293697,1.525031,0.000000

0.245411,-2.295508,1.524888,0.000000

0.252838,-2.297329,1.524757,0.000000

0.260263,-2.299151,1.524655,0.000000

0.275114,-2.302788,1.524387,0.000000

0.282539,-2.304605,1.524320,0.000000

0.289960,-2.306418,1.524173,0.000000

0.297395,-2.308233,1.524036,0.000000

0.312253,-2.311877,1.523785,0.000000

0.319683,-2.313690,1.523727,0.000000

0.327110,-2.315511,1.523603,0.000000

0.327110,-2.315511,1.523603,0.000000

0.349387,-2.320967,1.523282,0.000000

0.356807,-2.322787,1.523147,0.000000

0.356807,-2.322787,1.523147,0.000000

0.364228,-2.324621,1.523046,0.000000

0.371651,-2.326438,1.522905,0.000000

0.386489,-2.330085,1.522702,0.000000

0.393900,-2.331939,1.522586,0.000000

0.401319,-2.333755,1.522434,0.000000

0.408732,-2.335597,1.522374,0.000000

0.423552,-2.339262,1.522104,0.000000

0.430962,-2.341091,1.522003,0.000000

0.438366,-2.342925,1.521866,0.000000

0.445767,-2.344768,1.521730,0.000000

0.460569,-2.348445,1.521523,0.000000

0.475358,-2.352140,1.521276,0.000000

0.475358,-2.352140,1.521276,0.000000

0.482761,-2.353984,1.521170,0.000000

0.504947,-2.359559,1.520771,0.000000

0.504947,-2.359559,1.520771,0.000000

0.512351,-2.361413,1.520653,0.000000

0.519758,-2.363242,1.520505,0.000000

0.534555,-2.366947,1.520257,0.000000

0.541961,-2.368800,1.520122,0.000000

0.549370,-2.370633,1.519958,0.000000

0.556775,-2.372474,1.519863,0.000000

0.571587,-2.376159,1.519594,0.000000

0.578996,-2.377997,1.519431,0.000000

0.586406,-2.379825,1.519327,0.000000

0.593811,-2.381663,1.519200,0.000000

0.608607,-2.385337,1.518937,0.000000

0.615999,-2.387173,1.518831,0.000000

0.623391,-2.388998,1.518696,0.000000

0.630782,-2.390815,1.518526,0.000000

0.638148,-2.392662,1.518387,0.000000

0.652889,-2.396313,1.518151,0.000000

0.660253,-2.398148,1.518018,0.000000

0.660253,-2.398148,1.518018,0.000000

0.667603,-2.399977,1.517889,0.000000

0.682305,-2.403614,1.517608,0.000000

0.696985,-2.407279,1.517338,0.000000

0.696985,-2.407279,1.517338,0.000000

0.718999,-2.412724,1.516960,0.000000

0.726331,-2.414532,1.516809,0.000000

0.726331,-2.414532,1.516809,0.000000

0.740981,-2.418184,1.516502,0.000000

0.755632,-2.421825,1.516228,0.000000

0.762959,-2.423641,1.516102,0.000000

0.770283,-2.425457,1.515930,0.000000

0.777611,-2.427259,1.515799,0.000000

0.777611,-2.427259,1.515799,0.000000

0.792248,-2.430854,1.515511,0.000000

0.799565,-2.432652,1.515379,0.000000

0.806881,-2.434454,1.515245,0.000000

0.814192,-2.436253,1.515103,0.000000

0.828817,-2.439827,1.514836,0.000000

0.836130,-2.441608,1.514691,0.000000

0.843441,-2.443398,1.514557,0.000000

0.850747,-2.445183,1.514396,0.000000

0.865362,-2.448739,1.514126,0.000000

0.872666,-2.450523,1.513988,0.000000

0.879972,-2.452291,1.513859,0.000000

0.887272,-2.454081,1.513696,0.000000

0.901880,-2.457624,1.513421,0.000000

0.909190,-2.459387,1.513279,0.000000

0.916500,-2.461144,1.513116,0.000000

0.923810,-2.462908,1.512998,0.000000

0.938430,-2.466449,1.512686,0.000000

0.945746,-2.468212,1.512542,0.000000

0.953058,-2.469991,1.512417,0.000000

0.960374,-2.471751,1.512240,0.000000

0.975027,-2.475296,1.511948,0.000000

0.982356,-2.477057,1.511817,0.000000

0.989684,-2.478819,1.511659,0.000000

0.997036,-2.480591,1.511506,0.000000

1.011732,-2.484148,1.511204,0.000000

1.019083,-2.485917,1.511068,0.000000

1.026465,-2.487694,1.510916,0.000000

1.033850,-2.489459,1.510763,0.000000

1.048614,-2.493001,1.510514,0.000000

1.056017,-2.494770,1.510347,0.000000

1.063418,-2.496544,1.510219,0.000000

1.070819,-2.498313,1.510096,0.000000

1.085620,-2.501836,1.509837,0.000000

1.093033,-2.503622,1.509681,0.000000

1.100451,-2.505381,1.509556,0.000000

1.107864,-2.507157,1.509455,0.000000

1.122693,-2.510711,1.509200,0.000000

1.130113,-2.512471,1.509090,0.000000

1.137533,-2.514221,1.508959,0.000000

1.144945,-2.515998,1.508843,0.000000

1.159770,-2.519540,1.508657,0.000000

1.167181,-2.521307,1.508531,0.000000

1.182017,-2.524823,1.508298,0.000000

1.189438,-2.526595,1.508221,0.000000

1.204280,-2.530112,1.508018,0.000000

1.211711,-2.531864,1.507924,0.000000

1.219141,-2.533617,1.507879,0.000000

1.233994,-2.537127,1.507677,0.000000

1.241446,-2.538884,1.507626,0.000000

1.248897,-2.540631,1.507501,0.000000

1.256346,-2.542375,1.507418,0.000000

1.271266,-2.545850,1.507281,0.000000

1.278737,-2.547570,1.507213,0.000000

1.286200,-2.549314,1.507130,0.000000

1.293666,-2.551038,1.507069,0.000000

1.301153,-2.552751,1.506988,0.000000

1.316126,-2.556153,1.506861,0.000000

1.323611,-2.557840,1.506794,0.000000

1.346111,-2.562876,1.506611,0.000000

1.346111,-2.562876,1.506611,0.000000

1.353621,-2.564530,1.506548,0.000000

1.361121,-2.566207,1.506479,0.000000

1.368644,-2.567845,1.506402,0.000000

1.383684,-2.571107,1.506305,0.000000

1.391201,-2.572737,1.506212,0.000000

1.398752,-2.574331,1.506203,0.000000

1.406286,-2.575975,1.506136,0.000000

1.421367,-2.579179,1.506040,0.000000

1.428924,-2.580762,1.505960,0.000000

1.436475,-2.582351,1.505915,0.000000

1.444023,-2.583945,1.505878,0.000000

1.459127,-2.587119,1.505824,0.000000

1.466683,-2.588697,1.505774,0.000000

1.481790,-2.591840,1.505681,0.000000

1.481790,-2.591840,1.505681,0.000000

1.496925,-2.594951,1.505624,0.000000

1.504486,-2.596515,1.505556,0.000000

1.512046,-2.598068,1.505501,0.000000

1.519630,-2.599585,1.505483,0.000000

1.542353,-2.604181,1.505422,0.000000

1.549938,-2.605676,1.505305,0.000000

1.549938,-2.605676,1.505305,0.000000

1.572675,-2.610174,1.505236,0.000000

1.580251,-2.611654,1.505214,0.000000

1.587828,-2.613127,1.505205,0.000000

1.595405,-2.614578,1.505148,0.000000

1.610547,-2.617502,1.505103,0.000000

1.618121,-2.618925,1.505118,0.000000

1.625691,-2.620340,1.505038,0.000000

1.633261,-2.621755,1.505018,0.000000

1.648394,-2.624553,1.504993,0.000000

1.655959,-2.625934,1.504980,0.000000

1.655959,-2.625934,1.504980,0.000000

1.663513,-2.627345,1.504904,0.000000

1.671075,-2.628714,1.504882,0.000000

1.686183,-2.631469,1.504855,0.000000

1.693738,-2.632826,1.504839,0.000000

1.701287,-2.634201,1.504835,0.000000

1.708843,-2.635543,1.504815,0.000000

1.723940,-2.638257,1.504755,0.000000

1.731490,-2.639594,1.504764,0.000000

1.739051,-2.640930,1.504768,0.000000

1.746603,-2.642292,1.504710,0.000000

1.761721,-2.644929,1.504669,0.000000

1.769268,-2.646260,1.504669,0.000000

1.776814,-2.647582,1.504660,0.000000

1.784359,-2.648905,1.504649,0.000000

1.799444,-2.651548,1.504542,0.000000

1.806991,-2.652848,1.504551,0.000000

1.814528,-2.654180,1.504530,0.000000

1.822073,-2.655462,1.504474,0.000000

1.837139,-2.658093,1.504464,0.000000

1.844673,-2.659376,1.504443,0.000000

1.852201,-2.660671,1.504384,0.000000

1.859727,-2.661975,1.504359,0.000000

1.874752,-2.664544,1.504340,0.000000

1.882261,-2.665829,1.504313,0.000000

1.889771,-2.667103,1.504277,0.000000

1.897251,-2.668393,1.504223,0.000000

1.912218,-2.670921,1.504167,0.000000

1.919698,-2.672195,1.504152,0.000000

1.927158,-2.673460,1.504107,0.000000

1.934618,-2.674722,1.504064,0.000000

1.949533,-2.677246,1.504012,0.000000

1.956966,-2.678506,1.504013,0.000000

1.964392,-2.679789,1.503942,0.000000

1.971824,-2.681044,1.503913,0.000000

1.986657,-2.683558,1.503828,0.000000

1.994056,-2.684832,1.503811,0.000000

2.001457,-2.686086,1.503730,0.000000

2.008856,-2.687355,1.503732,0.000000

2.023582,-2.689913,1.503656,0.000000

2.030948,-2.691174,1.503611,0.000000

2.038313,-2.692437,1.503559,0.000000

2.045650,-2.693710,1.503525,0.000000

2.060327,-2.696248,1.503451,0.000000

2.067673,-2.697482,1.503389,0.000000

2.075016,-2.698734,1.503363,0.000000

2.082327,-2.700008,1.503306,0.000000

2.096964,-2.702500,1.503208,0.000000

2.104281,-2.703764,1.503209,0.000000

2.111584,-2.704999,1.503101,0.000000

2.118889,-2.706231,1.503087,0.000000

2.133499,-2.708721,1.503011,0.000000

2.140795,-2.709944,1.502934,0.000000

2.148092,-2.711171,1.502880,0.000000

2.155391,-2.712389,1.502871,0.000000

2.169952,-2.714868,1.502791,0.000000

2.169952,-2.714868,1.502791,0.000000

2.177217,-2.716113,1.502756,0.000000

2.191766,-2.718532,1.502603,0.000000

2.191766,-2.718532,1.502603,0.000000

2.206260,-2.720966,1.502544,0.000000

2.213512,-2.722171,1.502496,0.000000

2.220772,-2.723351,1.502479,0.000000

2.227999,-2.724587,1.502425,0.000000

2.242477,-2.726992,1.502339,0.000000

2.249720,-2.728195,1.502306,0.000000

2.256942,-2.729403,1.502229,0.000000

2.264174,-2.730587,1.502189,0.000000

2.278627,-2.733040,1.502095,0.000000

2.285856,-2.734187,1.502045,0.000000

2.293073,-2.735409,1.502020,0.000000

2.300302,-2.736586,1.501967,0.000000

2.314754,-2.738998,1.501847,0.000000

2.321974,-2.740186,1.501834,0.000000

2.329195,-2.741377,1.501771,0.000000

2.336420,-2.742568,1.501747,0.000000

2.350871,-2.744947,1.501698,0.000000

2.358098,-2.746127,1.501657,0.000000

2.365325,-2.747324,1.501618,0.000000

2.372561,-2.748488,1.501556,0.000000

2.387018,-2.750880,1.501513,0.000000

2.394253,-2.752069,1.501471,0.000000

2.401489,-2.753264,1.501438,0.000000

2.408740,-2.754452,1.501437,0.000000

2.423244,-2.756852,1.501400,0.000000

2.430502,-2.758041,1.501398,0.000000

2.437766,-2.759236,1.501324,0.000000

2.445029,-2.760443,1.501311,0.000000

2.459568,-2.762816,1.501257,0.000000

2.466829,-2.764035,1.501234,0.000000

2.474095,-2.765239,1.501220,0.000000

2.481361,-2.766449,1.501196,0.000000

2.495897,-2.768852,1.501151,0.000000

2.503171,-2.770018,1.501098,0.000000

2.510437,-2.771247,1.501098,0.000000

2.517714,-2.772428,1.501114,0.000000

2.517714,-2.772428,1.501114,0.000000

2.532273,-2.774825,1.501052,0.000000

2.546840,-2.777211,1.501038,0.000000

2.554128,-2.778393,1.501028,0.000000

2.554128,-2.778393,1.501028,0.000000

2.576000,-2.781973,1.500958,0.000000

2.583299,-2.783145,1.500940,0.000000

2.590611,-2.784344,1.500915,0.000000

2.605247,-2.786694,1.500843,0.000000

2.612566,-2.787880,1.500897,0.000000

2.619914,-2.789036,1.500829,0.000000

2.627259,-2.790208,1.500823,0.000000

2.641959,-2.792514,1.500793,0.000000

2.641959,-2.792514,1.500793,0.000000

2.649330,-2.793655,1.500768,0.000000

2.656697,-2.794816,1.500774,0.000000

2.678844,-2.798202,1.500714,0.000000

2.678844,-2.798202,1.500714,0.000000

2.693640,-2.800495,1.500676,0.000000

2.701048,-2.801586,1.500696,0.000000

2.715908,-2.803835,1.500651,0.000000

2.715908,-2.803835,1.500651,0.000000

2.723335,-2.804977,1.500627,0.000000

2.730772,-2.806064,1.500651,0.000000

2.738230,-2.807180,1.500605,0.000000

2.753144,-2.809417,1.500536,0.000000

2.760604,-2.810510,1.500572,0.000000

2.768104,-2.811643,1.500526,0.000000

2.775612,-2.812721,1.500510,0.000000

2.790618,-2.814905,1.500517,0.000000

2.798115,-2.816015,1.500484,0.000000

2.805657,-2.817111,1.500484,0.000000

2.813192,-2.818230,1.500442,0.000000

2.828274,-2.820374,1.500435,0.000000

2.843417,-2.822538,1.500353,0.000000

2.850986,-2.823612,1.500349,0.000000

2.866168,-2.825714,1.500328,0.000000

2.873770,-2.826806,1.500336,0.000000

2.881373,-2.827869,1.500288,0.000000

2.888975,-2.828926,1.500312,0.000000

2.904257,-2.831014,1.500269,0.000000

2.911889,-2.832078,1.500247,0.000000

2.919525,-2.833099,1.500216,0.000000

2.927200,-2.834142,1.500183,0.000000

2.942544,-2.836191,1.500183,0.000000

2.950211,-2.837208,1.500184,0.000000

2.957904,-2.838253,1.500155,0.000000

2.980966,-2.841327,1.500095,0.000000

2.988668,-2.842352,1.500113,0.000000

2.996371,-2.843340,1.500106,0.000000

3.004068,-2.844333,1.500057,0.000000

3.019469,-2.846337,1.500043,0.000000

3.027170,-2.847364,1.499995,0.000000

3.034873,-2.848338,1.499997,0.000000

3.042562,-2.849377,1.499965,0.000000

3.057955,-2.851309,1.499976,0.000000

3.065646,-2.852275,1.499918,0.000000

3.073332,-2.853254,1.499946,0.000000

3.081011,-2.854244,1.499900,0.000000

3.081011,-2.854244,1.499900,0.000000

3.096356,-2.856163,1.499879,0.000000

3.111680,-2.858100,1.499850,0.000000

3.119323,-2.859062,1.499874,0.000000

3.134592,-2.861007,1.499850,0.000000

3.142231,-2.861909,1.499844,0.000000

3.149838,-2.862873,1.499818,0.000000

3.157444,-2.863820,1.499822,0.000000

3.165048,-2.864747,1.499775,0.000000

3.180240,-2.866637,1.499820,0.000000

3.187829,-2.867576,1.499774,0.000000

3.195416,-2.868507,1.499790,0.000000

3.210562,-2.870366,1.499738,0.000000

3.218123,-2.871279,1.499723,0.000000

3.225683,-2.872177,1.499717,0.000000

3.233239,-2.873088,1.499739,0.000000

3.248313,-2.874905,1.499670,0.000000

3.255847,-2.875804,1.499711,0.000000

3.263384,-2.876673,1.499744,0.000000

3.270893,-2.877610,1.499668,0.000000

3.285924,-2.879361,1.499675,0.000000

3.293434,-2.880246,1.499661,0.000000

3.300942,-2.881129,1.499611,0.000000

3.308432,-2.881989,1.499669,0.000000

3.323408,-2.883701,1.499607,0.000000

3.323408,-2.883701,1.499607,0.000000

3.330893,-2.884565,1.499616,0.000000

3.338360,-2.885448,1.499553,0.000000

3.345832,-2.886302,1.499625,0.000000

3.360771,-2.888003,1.499573,0.000000

3.368229,-2.888836,1.499596,0.000000

3.375683,-2.889692,1.499564,0.000000

3.383139,-2.890530,1.499520,0.000000

3.398046,-2.892189,1.499552,0.000000

3.405496,-2.893027,1.499547,0.000000

3.412945,-2.893862,1.499506,0.000000

3.420395,-2.894688,1.499474,0.000000

3.435278,-2.896324,1.499489,0.000000

3.442718,-2.897146,1.499511,0.000000

3.450159,-2.897952,1.499467,0.000000

3.457606,-2.898756,1.499499,0.000000

3.472495,-2.900391,1.499358,0.000000

3.479943,-2.901177,1.499407,0.000000

3.487395,-2.901961,1.499418,0.000000

3.509731,-2.904410,1.499326,0.000000

3.517186,-2.905154,1.499288,0.000000

3.517186,-2.905154,1.499288,0.000000

3.524633,-2.905950,1.499334,0.000000

3.546976,-2.908293,1.499262,0.000000

3.554421,-2.909060,1.499250,0.000000

3.561869,-2.909808,1.499283,0.000000

3.569306,-2.910623,1.499212,0.000000

3.584201,-2.912113,1.499219,0.000000

3.584201,-2.912113,1.499219,0.000000

3.591646,-2.912872,1.499164,0.000000

3.599096,-2.913588,1.499156,0.000000

3.606541,-2.914344,1.499164,0.000000

3.628899,-2.916585,1.499040,0.000000

3.636356,-2.917288,1.499092,0.000000

3.643816,-2.918019,1.499049,0.000000

3.658739,-2.919430,1.498995,0.000000

3.666201,-2.920137,1.499010,0.000000

3.673676,-2.920854,1.499005,0.000000

3.681154,-2.921537,1.498998,0.000000

3.696103,-2.922954,1.498960,0.000000

3.703596,-2.923654,1.498943,0.000000

3.711090,-2.924335,1.498925,0.000000

3.718582,-2.925013,1.498866,0.000000

3.726072,-2.925713,1.498922,0.000000

3.741064,-2.927057,1.498873,0.000000

3.756048,-2.928436,1.498840,0.000000

3.756048,-2.928436,1.498840,0.000000

3.771050,-2.929765,1.498784,0.000000

3.778548,-2.930441,1.498747,0.000000

3.793541,-2.931742,1.498697,0.000000

3.808547,-2.933049,1.498719,0.000000

3.816046,-2.933718,1.498658,0.000000

3.823547,-2.934341,1.498595,0.000000

3.831050,-2.934985,1.498640,0.000000

3.846054,-2.936250,1.498677,0.000000

3.853553,-2.936879,1.498649,0.000000

3.861058,-2.937497,1.498576,0.000000

3.868556,-2.938162,1.498584,0.000000

3.868556,-2.938162,1.498584,0.000000

3.883564,-2.939343,1.498628,0.000000

3.891078,-2.939975,1.498575,0.000000

3.898592,-2.940588,1.498573,0.000000

3.921140,-2.942400,1.498550,0.000000

3.921140,-2.942400,1.498550,0.000000

3.936182,-2.943619,1.498569,0.000000

3.943702,-2.944214,1.498562,0.000000

3.958771,-2.945353,1.498572,0.000000

3.966295,-2.946006,1.498565,0.000000

3.973829,-2.946546,1.498506,0.000000

3.981363,-2.947178,1.498536,0.000000

3.996441,-2.948315,1.498508,0.000000

4.003974,-2.948910,1.498472,0.000000

4.011527,-2.949466,1.498424,0.000000

4.019073,-2.950077,1.498405,0.000000

4.034171,-2.951182,1.498408,0.000000

4.041717,-2.951748,1.498430,0.000000

4.049265,-2.952334,1.498380,0.000000

4.056819,-2.952863,1.498392,0.000000

4.071917,-2.953969,1.498339,0.000000

4.079465,-2.954507,1.498278,0.000000

4.087010,-2.955063,1.498270,0.000000

4.094557,-2.955602,1.498315,0.000000

4.109641,-2.956639,1.498262,0.000000

4.117175,-2.957186,1.498235,0.000000

4.124712,-2.957692,1.498251,0.000000

4.132244,-2.958230,1.498210,0.000000

4.147287,-2.959214,1.498130,0.000000

4.154805,-2.959736,1.498104,0.000000

4.162328,-2.960182,1.498143,0.000000

4.169833,-2.960730,1.498045,0.000000

4.184855,-2.961703,1.497988,0.000000

4.199850,-2.962715,1.498036,0.000000

4.207345,-2.963130,1.497997,0.000000

4.222318,-2.964128,1.497970,0.000000

4.229799,-2.964625,1.497960,0.000000

4.237286,-2.965053,1.497959,0.000000

4.244763,-2.965564,1.497936,0.000000

4.259707,-2.966518,1.497895,0.000000

4.267173,-2.966969,1.497949,0.000000

4.274634,-2.967449,1.497957,0.000000

4.282096,-2.967924,1.497933,0.000000

4.296991,-2.968841,1.497960,0.000000

4.311854,-2.969767,1.498008,0.000000

4.319290,-2.970176,1.498004,0.000000

4.334050,-2.971076,1.498048,0.000000

4.341433,-2.971493,1.498082,0.000000

4.348813,-2.971947,1.498082,0.000000

4.356153,-2.972402,1.498127,0.000000

4.370843,-2.973241,1.498184,0.000000

4.385486,-2.974110,1.498145,0.000000

4.392787,-2.974525,1.498112,0.000000

4.400093,-2.974911,1.498223,0.000000

4.414650,-2.975731,1.498139,0.000000

4.421906,-2.976139,1.498197,0.000000

4.429163,-2.976556,1.498207,0.000000

4.443644,-2.977290,1.498165,0.000000

4.450859,-2.977731,1.498165,0.000000

4.458081,-2.978105,1.498153,0.000000

4.465305,-2.978477,1.498115,0.000000

4.479712,-2.979211,1.498193,0.000000

4.494123,-2.979980,1.498121,0.000000

4.501327,-2.980315,1.498082,0.000000

4.501327,-2.980315,1.498082,0.000000

4.522943,-2.981395,1.498023,0.000000

4.530152,-2.981780,1.498132,0.000000

4.537359,-2.982135,1.498033,0.000000

4.551780,-2.982865,1.498045,0.000000

4.558996,-2.983199,1.498054,0.000000

4.566205,-2.983533,1.498020,0.000000

4.573416,-2.983876,1.498087,0.000000

4.587841,-2.984588,1.497976,0.000000

4.595050,-2.984909,1.497937,0.000000

4.602261,-2.985245,1.497922,0.000000

4.609471,-2.985622,1.497938,0.000000

4.623891,-2.986266,1.497817,0.000000

4.631096,-2.986588,1.497810,0.000000

4.645514,-2.987264,1.497711,0.000000

4.659921,-2.987859,1.497612,0.000000

4.667127,-2.988191,1.497529,0.000000

4.674341,-2.988454,1.497483,0.000000

4.681536,-2.988774,1.497462,0.000000

4.681536,-2.988774,1.497462,0.000000

4.695940,-2.989366,1.497386,0.000000

4.710348,-2.989931,1.497215,0.000000

4.710348,-2.989931,1.497215,0.000000

4.731963,-2.990819,1.497068,0.000000

4.739161,-2.991083,1.497108,0.000000

4.746356,-2.991413,1.496914,0.000000

4.753564,-2.991630,1.496991,0.000000

4.767979,-2.992195,1.496946,0.000000

4.775170,-2.992488,1.496828,0.000000

4.782366,-2.992768,1.496817,0.000000

4.789569,-2.993001,1.496819,0.000000

4.803958,-2.993508,1.496752,0.000000

4.811146,-2.993778,1.496782,0.000000

4.818337,-2.994047,1.496755,0.000000

4.825532,-2.994312,1.496706,0.000000

4.839884,-2.994797,1.496645,0.000000

4.847067,-2.995018,1.496705,0.000000

4.854248,-2.995321,1.496694,0.000000

4.861415,-2.995537,1.496721,0.000000

4.882936,-2.996254,1.496777,0.000000

4.890091,-2.996447,1.496881,0.000000

4.897245,-2.996725,1.496942,0.000000

4.911573,-2.997133,1.496889,0.000000

4.918709,-2.997405,1.496969,0.000000

4.925851,-2.997633,1.496991,0.000000

4.932997,-2.997863,1.497054,0.000000

4.947266,-2.998326,1.497092,0.000000

4.954392,-2.998503,1.497228,0.000000

4.961518,-2.998741,1.497217,0.000000

4.968650,-2.998979,1.497266,0.000000

4.982842,-2.999417,1.497409,0.000000

4.989945,-2.999638,1.497366,0.000000

4.997052,-2.999858,1.497370,0.000000

5.004165,-3.000096,1.497434,0.000000

