6.235734,-0.040561,0.181355,3.141593

6.235811,-0.040860,0.181251,3.141593

6.235852,-0.041017,0.181174,3.141593

6.235839,-0.041150,0.181077,3.141593

6.235805,-0.041118,0.180968,3.141593

6.235775,-0.041419,0.180931,3.141593

6.235717,-0.041548,0.180847,3.141593

6.235681,-0.041682,0.180786,3.141593

6.235613,-0.041654,0.180737,3.141593

6.235713,-0.041991,0.180731,3.141593

6.235617,-0.042116,0.180696,3.141593

6.235487,-0.042231,0.180685,3.141593

6.235466,-0.042370,0.180678,3.141593

6.235432,-0.042339,0.180569,3.141593

6.235415,-0.042312,0.180460,3.141593

6.235305,-0.042626,0.180497,3.141593

6.235292,-0.042946,0.180613,3.141593

6.235148,-0.042886,0.180511,3.141593

6.235124,-0.043060,0.180568,3.141593

6.235090,-0.043031,0.180470,3.141593

6.234949,-0.043347,0.180651,3.141593

6.234861,-0.043480,0.180679,3.141593

6.234758,-0.043630,0.180681,3.141593

6.234717,-0.043798,0.180712,3.141593

6.234660,-0.043759,0.180594,3.141593

6.234572,-0.044100,0.180817,3.141593

6.234524,-0.044273,0.180880,3.141593

6.234496,-0.044247,0.180785,3.141593

6.234382,-0.044392,0.180819,3.141593

6.234326,-0.044552,0.180871,3.141593

6.234300,-0.044712,0.180902,3.141593

6.234213,-0.044665,0.180786,3.141593

6.234130,-0.045024,0.181022,3.141593

6.233968,-0.045152,0.181077,3.141593

6.233892,-0.045122,0.181027,3.141593

6.233796,-0.045261,0.181067,3.141593

6.233790,-0.045236,0.180950,3.141593

6.233676,-0.045525,0.181132,3.141593

6.233640,-0.045642,0.181137,3.141593

6.233497,-0.045732,0.181176,3.141593

6.233409,-0.045838,0.181235,3.141593

6.233317,-0.045792,0.181129,3.141593

6.233252,-0.045754,0.181028,3.141593

6.233199,-0.045943,0.181348,3.141593

6.233070,-0.046087,0.181642,3.141593

6.232911,-0.046081,0.181698,3.141593

6.232819,-0.046032,0.181571,3.141593

6.232806,-0.046005,0.181455,3.141593

6.232650,-0.046054,0.181726,3.141593

6.232546,-0.046049,0.181802,3.141593

6.232447,-0.046007,0.181843,3.141593

6.232394,-0.045974,0.181898,3.141593

6.232377,-0.045951,0.181804,3.141593

6.232255,-0.045895,0.182056,3.141593

6.232218,-0.045837,0.182138,3.141593

6.232231,-0.045822,0.182048,3.141593

6.232174,-0.045749,0.182118,3.141593

6.232092,-0.045663,0.182181,3.141593

6.232008,-0.045609,0.182021,3.141593

6.231990,-0.045481,0.182475,3.141593

6.231918,-0.045351,0.182573,3.141593

6.231851,-0.045224,0.182706,3.141593

6.231742,-0.045156,0.182506,3.141593

6.231668,-0.045020,0.182626,3.141593

6.231649,-0.044990,0.182500,3.141593

6.231617,-0.044702,0.182896,3.141593

6.231625,-0.044554,0.183086,3.141593

6.231595,-0.044387,0.183258,3.141593

6.231495,-0.044322,0.183065,3.141593

6.231545,-0.044148,0.183225,3.141593

6.231505,-0.044117,0.183125,3.141593

6.231493,-0.044090,0.183004,3.141593

6.231432,-0.043877,0.183142,3.141593

6.231482,-0.043518,0.183605,3.141593

6.231436,-0.043292,0.183726,3.141593

6.231498,-0.043092,0.183902,3.141593

6.231483,-0.043069,0.183802,3.141593

6.231568,-0.042663,0.184217,3.141593

6.231567,-0.042426,0.184340,3.141593

6.231699,-0.042218,0.184420,3.141593

6.231788,-0.042008,0.184567,3.141593

6.231746,-0.041973,0.184447,3.141593

6.231801,-0.041740,0.184546,3.141593

6.232068,-0.041348,0.184945,3.141593

6.232051,-0.041322,0.184840,3.141593

6.232154,-0.041097,0.184954,3.141593

6.232299,-0.040889,0.185110,3.141593

6.232278,-0.040863,0.185011,3.141593

6.232384,-0.040630,0.185107,3.141593

6.232747,-0.040275,0.185568,3.141593

6.232906,-0.040062,0.185671,3.141593

6.233048,-0.039859,0.185856,3.141593

6.233017,-0.039825,0.185730,3.141593

6.233184,-0.039621,0.185902,3.141593

6.233622,-0.039272,0.186430,3.141593

6.233605,-0.039245,0.186319,3.141593

6.233807,-0.039038,0.186457,3.141593

6.234033,-0.038860,0.186740,3.141593

6.234039,-0.038830,0.186579,3.141593

6.234187,-0.038628,0.186854,3.141593

6.234641,-0.038255,0.187367,3.141593

6.234951,-0.038078,0.187559,3.141593

6.235163,-0.037896,0.187863,3.141593

6.235173,-0.037864,0.187693,3.141593

6.235231,-0.037847,0.187529,3.141593

6.235682,-0.037475,0.188084,3.141593

6.235896,-0.037267,0.188413,3.141593

6.236229,-0.037044,0.188519,3.141593

6.236539,-0.036839,0.188745,3.141593

6.236516,-0.036808,0.188621,3.141593

6.236763,-0.036578,0.188812,3.141593

6.237321,-0.036179,0.189434,3.141593

6.237538,-0.035950,0.189695,3.141593

6.237930,-0.035719,0.189721,3.141593

6.238003,-0.035661,0.189340,3.141593

6.238117,-0.035650,0.189136,3.141593

6.238297,-0.035351,0.189097,3.141593

6.238883,-0.034947,0.189571,3.141593

6.239338,-0.034699,0.189361,3.141593

6.239730,-0.034468,0.189318,3.141593

6.239702,-0.034428,0.189153,3.141593

6.240278,-0.033978,0.189599,3.141593

6.240726,-0.033683,0.189265,3.141593

6.240978,-0.033392,0.189211,3.141593

6.241256,-0.033302,0.188398,3.141593

6.241717,-0.033026,0.188242,3.141593

6.241685,-0.032975,0.188027,3.141593

6.242348,-0.032355,0.187788,3.141593

6.242756,-0.032029,0.187493,3.141593

6.243362,-0.031704,0.186946,3.141593

6.243861,-0.031410,0.186704,3.141593

6.243821,-0.031350,0.186451,3.141593

6.244214,-0.030958,0.185850,3.141593

6.244715,-0.030656,0.185561,3.141593

6.244670,-0.030589,0.185281,3.141593

6.245591,-0.030013,0.184975,3.141593

6.246119,-0.029701,0.184612,3.141593

6.246309,-0.029394,0.184736,3.141593

6.246599,-0.029017,0.182387,3.141593

6.247088,-0.028776,0.182477,3.141593

6.247096,-0.028605,0.181572,3.141593

6.248071,-0.027967,0.180944,3.141593

6.248567,-0.027551,0.180111,3.141593

6.248875,-0.027562,0.179742,3.141593

6.249395,-0.026762,0.178724,3.141593

6.249842,-0.026265,0.177438,3.141593

6.250682,-0.025862,0.176088,3.141593

6.250896,-0.025592,0.176356,3.141593

6.251321,-0.025482,0.175148,3.141593

6.251606,-0.025431,0.174455,3.141593

6.252043,-0.024526,0.172640,3.141593

6.252613,-0.024094,0.171321,3.141593

6.253563,-0.023692,0.169594,3.141593

6.254265,-0.023361,0.168441,3.141593

6.254685,-0.023157,0.166626,3.141593

6.254912,-0.022543,0.166369,3.141593

6.255616,-0.021951,0.163665,3.141593

6.256670,-0.021601,0.161595,3.141593

6.257406,-0.021283,0.160196,3.141593

6.257329,-0.021184,0.159725,3.141593

6.257887,-0.020686,0.157496,3.141593

6.258718,-0.020106,0.155838,3.141593

6.259959,-0.019873,0.153892,3.141593

6.260063,-0.019610,0.153662,3.141593

6.260561,-0.019380,0.151352,3.141593

6.261152,-0.019178,0.150672,3.141593

6.262288,-0.018365,0.146428,3.141593

6.262388,-0.017826,0.144225,3.141593

6.263401,-0.017665,0.141273,3.141593

6.264178,-0.017372,0.139423,3.141593

6.264105,-0.017275,0.138887,3.141593

6.264663,-0.017048,0.137697,3.141593

6.265615,-0.016653,0.136052,3.141593

6.266909,-0.016155,0.131386,3.141593

6.267070,-0.015771,0.129351,3.141593

6.267619,-0.015843,0.128760,3.141593

6.267612,-0.015528,0.126352,3.141593

6.268218,-0.015374,0.123849,3.141593

6.268257,-0.015130,0.123076,3.141593

6.269103,-0.014747,0.120679,3.141593

6.270318,-0.014583,0.117353,3.141593

6.270504,-0.014319,0.115498,3.141593

6.271004,-0.014322,0.114342,3.141593

6.271585,-0.014224,0.112950,3.141593

6.272357,-0.013602,0.106291,3.141593

6.273667,-0.013432,0.102788,3.141593

6.273767,-0.013129,0.100205,3.141593

6.274283,-0.012928,0.096715,3.141593

6.274874,-0.012663,0.092911,3.141593

6.275655,-0.012538,0.090320,3.141593

6.275636,-0.012476,0.089688,3.141593

6.276879,-0.012222,0.083567,3.141593

6.277359,-0.012057,0.079858,3.141593

6.278122,-0.012141,0.079130,3.141593

6.278700,-0.011860,0.073678,3.141593

6.279789,-0.011801,0.068929,3.141593

6.280369,-0.011696,0.065369,3.141593

6.280303,-0.011477,0.062102,3.141593

6.281021,-0.011436,0.058339,3.141593

6.281580,-0.011413,0.055268,3.141593

6.282707,-0.011627,0.053545,3.141593

6.282684,-0.011359,0.048024,3.141593

6.283083,-0.011297,0.043851,3.141593

6.283567,-0.011399,0.042975,3.141593

6.283659,-0.011212,0.037137,3.141593

6.284169,-0.011238,0.033379,3.141593

6.285240,-0.011532,0.032165,3.141593

6.285287,-0.011490,0.029156,3.141593

6.285630,-0.011495,0.024827,3.141593

6.286077,-0.011605,0.023870,3.141593

6.286159,-0.011589,0.020232,3.141593

6.286789,-0.011787,0.016813,3.141593

6.287479,-0.011976,0.009068,3.141593

6.287858,-0.012122,0.005581,3.141593

6.288281,-0.012295,0.001549,3.141593

6.288801,-0.012459,-0.000525,3.141593

6.288988,-0.012638,-0.003290,3.141593

6.289913,-0.012966,-0.004701,3.141593

6.289557,-0.012977,-0.011455,3.141593

6.289936,-0.013224,-0.015679,3.141593

6.290686,-0.013563,-0.016386,3.141593

6.290229,-0.013619,-0.022767,3.141593

6.290656,-0.013976,-0.027573,3.141593

6.291466,-0.014525,-0.032367,3.141593

6.291617,-0.014787,-0.037160,3.141593

6.291920,-0.014925,-0.038182,3.141593

6.291855,-0.015476,-0.045124,3.141593

6.292109,-0.015910,-0.049578,3.141593

6.292623,-0.016498,-0.054947,3.141593

6.292730,-0.016647,-0.054710,3.141593

6.292812,-0.017012,-0.059586,3.141593

6.293200,-0.017738,-0.064339,3.141593

6.293252,-0.018193,-0.068286,3.141593

6.293370,-0.018280,-0.068927,3.141593

6.293411,-0.019210,-0.077736,3.141593

6.293705,-0.019505,-0.078428,3.141593

6.293516,-0.019832,-0.082440,3.141593

6.293697,-0.020589,-0.086702,3.141593

6.293886,-0.021328,-0.091846,3.141593

6.294280,-0.021768,-0.093545,3.141593

6.293841,-0.022567,-0.100521,3.141593

6.293652,-0.023039,-0.104936,3.141593

6.293580,-0.023630,-0.109855,3.141593

6.293981,-0.024105,-0.110422,3.141593

6.293900,-0.024721,-0.115322,3.141593

6.294214,-0.025289,-0.116713,3.141593

6.293468,-0.026801,-0.127996,3.141593

6.293641,-0.027069,-0.128425,3.141593

6.293993,-0.027482,-0.130509,3.141593

6.293364,-0.028490,-0.138235,3.141593

6.293378,-0.029746,-0.143302,3.141593

6.293202,-0.030468,-0.147036,3.141593

6.292872,-0.031123,-0.151435,3.141593

6.292667,-0.031756,-0.155392,3.141593

6.293039,-0.032455,-0.157058,3.141593

6.293077,-0.032756,-0.157904,3.141593

6.292527,-0.034372,-0.166763,3.141593

6.292310,-0.035358,-0.171408,3.141593

6.292101,-0.036077,-0.175354,3.141593

6.292022,-0.037240,-0.180450,3.141593

6.292141,-0.037695,-0.181767,3.141593

6.291331,-0.039439,-0.189773,3.141593

6.291062,-0.040491,-0.194308,3.141593

6.290843,-0.041301,-0.198220,3.141593

6.290703,-0.042544,-0.203247,3.141593

6.290774,-0.042990,-0.204522,3.141593

6.289632,-0.045688,-0.216109,3.141593

6.289661,-0.045805,-0.216055,3.141593

6.289295,-0.046852,-0.220692,3.141593

6.289126,-0.048270,-0.225532,3.141593

6.288952,-0.048456,-0.226454,3.141593

6.288401,-0.050177,-0.233197,3.141593

6.287858,-0.051608,-0.238307,3.141593

6.287450,-0.052707,-0.242745,3.141593

6.287527,-0.053364,-0.244570,3.141593

6.286952,-0.054518,-0.248413,3.141593

6.285917,-0.056675,-0.256538,3.141593

6.285697,-0.057779,-0.260090,3.141593

6.285218,-0.058948,-0.264455,3.141593

6.285247,-0.059595,-0.266179,3.141593

6.284510,-0.061260,-0.272276,3.141593

6.284031,-0.062537,-0.276433,3.141593

6.283254,-0.064040,-0.281174,3.141593

6.282588,-0.065133,-0.284824,3.141593

6.282067,-0.066342,-0.288954,3.141593

6.282317,-0.066902,-0.289840,3.141593

6.281772,-0.068181,-0.293831,3.141593

6.280535,-0.070515,-0.301153,3.141593

6.279985,-0.071747,-0.305135,3.141593

6.279551,-0.073223,-0.309365,3.141593

6.278838,-0.074352,-0.312543,3.141593

6.277930,-0.075744,-0.316835,3.141593

6.278054,-0.075980,-0.317378,3.141593

6.276981,-0.077949,-0.323282,3.141593

6.276376,-0.079216,-0.327104,3.141593

6.276497,-0.079539,-0.327402,3.141593

6.275657,-0.081937,-0.334055,3.141593

6.274688,-0.083336,-0.338139,3.141593

6.274314,-0.083522,-0.338691,3.141593

6.274057,-0.084679,-0.341793,3.141593

6.273923,-0.085254,-0.343166,3.141593

6.272932,-0.087477,-0.349071,3.141593

6.271541,-0.089762,-0.355450,3.141593

6.271152,-0.089875,-0.355906,3.141593

6.270881,-0.091068,-0.358939,3.141593

6.270879,-0.091106,-0.359031,3.141593

6.269965,-0.093502,-0.365204,3.141593

6.269315,-0.094740,-0.368433,3.141593

6.268246,-0.096009,-0.371952,3.141593

6.267456,-0.097006,-0.374704,3.141593

6.266992,-0.098650,-0.378682,3.141593

6.266194,-0.099592,-0.381237,3.141593

6.266292,-0.099811,-0.381631,3.141593

6.264799,-0.101956,-0.387254,3.141593

6.264089,-0.103202,-0.390393,3.141593

6.263642,-0.103239,-0.390735,3.141593

6.263112,-0.105569,-0.396042,3.141593

6.262376,-0.106671,-0.398769,3.141593

6.261459,-0.106723,-0.399416,3.141593

6.261182,-0.107836,-0.401909,3.141593

6.260357,-0.108838,-0.404475,3.141593

6.260457,-0.109098,-0.404956,3.141593

6.260119,-0.109524,-0.405956,3.141593

6.258889,-0.111392,-0.410467,3.141593

6.257394,-0.113701,-0.415959,3.141593

6.257361,-0.113683,-0.415933,3.141593

6.256611,-0.114905,-0.418789,3.141593

6.256087,-0.114921,-0.419073,3.141593

6.255538,-0.117243,-0.423954,3.141593

6.254704,-0.118314,-0.426444,3.141593

6.253436,-0.119445,-0.429301,3.141593

6.252533,-0.120368,-0.431555,3.141593

6.252135,-0.120634,-0.432273,3.141593

6.251490,-0.122807,-0.436760,3.141593

6.250959,-0.122774,-0.436995,3.141593

6.250690,-0.123940,-0.439329,3.141593

6.249660,-0.123920,-0.439838,3.141593

6.249334,-0.125021,-0.442085,3.141593

6.248569,-0.126188,-0.444641,3.141593

6.247841,-0.127483,-0.447424,3.141593

6.246865,-0.128289,-0.449460,3.141593

6.246855,-0.128496,-0.449882,3.141593

6.245266,-0.130480,-0.454263,3.141593

6.244338,-0.131336,-0.456301,3.141593

6.243913,-0.131577,-0.456940,3.141593

6.243207,-0.133678,-0.461137,3.141593

6.242356,-0.134701,-0.463422,3.141593

6.241267,-0.134605,-0.463851,3.141593

6.240907,-0.135666,-0.465967,3.141593

6.240141,-0.136751,-0.468213,3.141593

6.239508,-0.136873,-0.468864,3.141593

6.238336,-0.138612,-0.472406,3.141593

6.238044,-0.139869,-0.474771,3.141593

6.236687,-0.140823,-0.477095,3.141593

6.235727,-0.141633,-0.478962,3.141593

6.235279,-0.141870,-0.479562,3.141593

6.233998,-0.143862,-0.483616,3.141593

6.233465,-0.144849,-0.485607,3.141593

6.232064,-0.145781,-0.487801,3.141593

6.231286,-0.146845,-0.489888,3.141593

6.230454,-0.147677,-0.491608,3.141593

6.229797,-0.147978,-0.492473,3.141593

6.229402,-0.148978,-0.494303,3.141593

6.228308,-0.149055,-0.494901,3.141593

6.226708,-0.151439,-0.499425,3.141593

6.225801,-0.152370,-0.501308,3.141593

6.225893,-0.152859,-0.502048,3.141593

6.224829,-0.153666,-0.503791,3.141593

6.223680,-0.153510,-0.504022,3.141593

6.222950,-0.155259,-0.507084,3.141593

6.222188,-0.156282,-0.508989,3.141593

6.221688,-0.156289,-0.509201,3.141593

6.220836,-0.158125,-0.512366,3.141593

6.220167,-0.158012,-0.512433,3.141593

6.219723,-0.158961,-0.514051,3.141593

6.218329,-0.159767,-0.515820,3.141593

6.217587,-0.160778,-0.517653,3.141593

6.216778,-0.160977,-0.518228,3.141593

6.215522,-0.162424,-0.520889,3.141593

6.215271,-0.163452,-0.522534,3.141593

6.213871,-0.164244,-0.524243,3.141593

6.212903,-0.164902,-0.525588,3.141593

6.212922,-0.165186,-0.526005,3.141593

6.212115,-0.165356,-0.526565,3.141593

6.210881,-0.166742,-0.529088,3.141593

6.210405,-0.167674,-0.530634,3.141593

6.209239,-0.168532,-0.532323,3.141593

6.208271,-0.169193,-0.533642,3.141593

6.208301,-0.169449,-0.534006,3.141593

6.207476,-0.169654,-0.534600,3.141593

6.206227,-0.171061,-0.537088,3.141593

6.206253,-0.171314,-0.537445,3.141593

6.204618,-0.172811,-0.540182,3.141593

6.203656,-0.173469,-0.541466,3.141593

6.203452,-0.173677,-0.541839,3.141593

6.203051,-0.174042,-0.542501,3.141593

6.201595,-0.175364,-0.544984,3.141593

6.200232,-0.176117,-0.546569,3.141593

6.199771,-0.177009,-0.548035,3.141593

6.199088,-0.177887,-0.549503,3.141593

6.198624,-0.177873,-0.549642,3.141593

6.198157,-0.178035,-0.550158,3.141593

6.196980,-0.179351,-0.552474,3.141593

6.195658,-0.180264,-0.554265,3.141593

6.195193,-0.181136,-0.555707,3.141593

6.194539,-0.181975,-0.557081,3.141593

6.193875,-0.182312,-0.557887,3.141593

6.192477,-0.183698,-0.560490,3.141593

6.191119,-0.184190,-0.561725,3.141593

6.190647,-0.185028,-0.563191,3.141593

6.189997,-0.185856,-0.564521,3.141593

6.189352,-0.186153,-0.565302,3.141593

6.188201,-0.187336,-0.567433,3.141593

6.187988,-0.188222,-0.568688,3.141593

6.186445,-0.188805,-0.570304,3.141593

6.185570,-0.189544,-0.571752,3.141593

6.185143,-0.189529,-0.571866,3.141593

6.183598,-0.190775,-0.574549,3.141593

6.183185,-0.191795,-0.576197,3.141593

6.182199,-0.191806,-0.576688,3.141593

6.181321,-0.193214,-0.578801,3.141593

6.180761,-0.193487,-0.579493,3.141593

6.180274,-0.194774,-0.581316,3.141593

6.179360,-0.195429,-0.582780,3.141593

6.178213,-0.196023,-0.584057,3.141593

6.177470,-0.196499,-0.585057,3.141593

6.177460,-0.196770,-0.585408,3.141593

6.177064,-0.196745,-0.585494,3.141593

6.176086,-0.198104,-0.587863,3.141593

6.175819,-0.198691,-0.589019,3.141593

6.174839,-0.199196,-0.590128,3.141593

6.174209,-0.199954,-0.591273,3.141593

6.173814,-0.199942,-0.591370,3.141593

6.173390,-0.201181,-0.593235,3.141593

6.172866,-0.201905,-0.594466,3.141593

6.172341,-0.201394,-0.594292,3.141593

6.171919,-0.201888,-0.595226,3.141593

6.171666,-0.202716,-0.596335,3.141593

6.171506,-0.202820,-0.596684,3.141593

6.170862,-0.203630,-0.598039,3.141593

6.170628,-0.204418,-0.599086,3.141593

6.170174,-0.204266,-0.599340,3.141593

6.170475,-0.204198,-0.599328,3.141593

6.169863,-0.204911,-0.600381,3.141593

6.169583,-0.205454,-0.601269,3.141593

6.169697,-0.205441,-0.601490,3.141593

6.169380,-0.204973,-0.601125,3.141593

6.168964,-0.205771,-0.602339,3.141593

6.168698,-0.206562,-0.603383,3.141593

6.168557,-0.207018,-0.604084,3.141593

6.168965,-0.206848,-0.603991,3.141593

6.168790,-0.206294,-0.603446,3.141593

6.168242,-0.207468,-0.605094,3.141593

6.168249,-0.207723,-0.605403,3.141593

6.168537,-0.207628,-0.605262,3.141593

6.167661,-0.208575,-0.606641,3.141593

6.169433,-0.207809,-0.605273,3.141593

6.169251,-0.207813,-0.605299,3.141593

6.168644,-0.208458,-0.606237,3.141593

6.168284,-0.208438,-0.606304,3.141593

6.169909,-0.208016,-0.605165,3.141593

6.169652,-0.208719,-0.606081,3.141593

6.169621,-0.208625,-0.605863,3.141593

6.169954,-0.208615,-0.605628,3.141593

6.169315,-0.209024,-0.606281,3.141593

6.171004,-0.208073,-0.604353,3.141593

6.171535,-0.208526,-0.604540,3.141593

6.172625,-0.207923,-0.603284,3.141593

6.172813,-0.207691,-0.602669,3.141593

6.172186,-0.208276,-0.603530,3.141593

6.173062,-0.207913,-0.602551,3.141593

6.174565,-0.207240,-0.600606,3.141593

6.174887,-0.206947,-0.599730,3.141593

6.174609,-0.207604,-0.600593,3.141593

6.175284,-0.207405,-0.599715,3.141593

6.177432,-0.206635,-0.597183,3.141593

6.178184,-0.206218,-0.595872,3.141593

6.179656,-0.205726,-0.594267,3.141593

6.179839,-0.205713,-0.593516,3.141593

6.179152,-0.206034,-0.594068,3.141593

6.179184,-0.206302,-0.594385,3.141593

6.181677,-0.205528,-0.591282,3.141593

6.182564,-0.205077,-0.589686,3.141593

6.183500,-0.204352,-0.587707,3.141593

6.184517,-0.204555,-0.586750,3.141593

6.183862,-0.205030,-0.587481,3.141593

6.186938,-0.203905,-0.583355,3.141593

6.187639,-0.203932,-0.582151,3.141593

6.188037,-0.203838,-0.580780,3.141593

6.189772,-0.203202,-0.578402,3.141593

6.189114,-0.203642,-0.579092,3.141593

6.190273,-0.203564,-0.577491,3.141593

6.193485,-0.202107,-0.572332,3.141593

6.192836,-0.202932,-0.573495,3.141593

6.193662,-0.202518,-0.571401,3.141593

6.194763,-0.202040,-0.569128,3.141593

6.196276,-0.201888,-0.567126,3.141593

6.196041,-0.202238,-0.567611,3.141593

6.199064,-0.201126,-0.562393,3.141593

6.200320,-0.200493,-0.559685,3.141593

6.201527,-0.200620,-0.557895,3.141593

6.200874,-0.201010,-0.558525,3.141593

6.200523,-0.200966,-0.558549,3.141593

6.203682,-0.200734,-0.553971,3.141593

6.204943,-0.200521,-0.551577,3.141593

6.205876,-0.200189,-0.549066,3.141593

6.207074,-0.199780,-0.546364,3.141593

6.207107,-0.200071,-0.546722,3.141593

6.210678,-0.199160,-0.540750,3.141593

6.211263,-0.199642,-0.539136,3.141593

6.212229,-0.199367,-0.536447,3.141593

6.213437,-0.199068,-0.533590,3.141593

6.213099,-0.199554,-0.534279,3.141593

6.214826,-0.199459,-0.531532,3.141593

6.215732,-0.199558,-0.529174,3.141593

6.218951,-0.198557,-0.522459,3.141593

6.219837,-0.198725,-0.520025,3.141593

6.219893,-0.199002,-0.520366,3.141593

6.221219,-0.199185,-0.517808,3.141593

6.222820,-0.198772,-0.514396,3.141593

6.222097,-0.199419,-0.515380,3.141593

6.225296,-0.198614,-0.508373,3.141593

6.226856,-0.198754,-0.505524,3.141593

6.226214,-0.199101,-0.506110,3.141593

6.227517,-0.199347,-0.503422,3.141593

6.230979,-0.198775,-0.496287,3.141593

6.231534,-0.198927,-0.493492,3.141593

6.232763,-0.199021,-0.490445,3.141593

6.232414,-0.199468,-0.491100,3.141593

6.235487,-0.199634,-0.484695,3.141593

6.236627,-0.199584,-0.481362,3.141593

6.237935,-0.199468,-0.477879,3.141593

6.239368,-0.199799,-0.474866,3.141593

6.238673,-0.199939,-0.475201,3.141593

6.238430,-0.200118,-0.475488,3.141593

6.240885,-0.200892,-0.469603,3.141593

6.240598,-0.200863,-0.469629,3.141593

6.242008,-0.201207,-0.466552,3.141593

6.244576,-0.201394,-0.459632,3.141593

6.243933,-0.201742,-0.460231,3.141593

6.247193,-0.202079,-0.453266,3.141593

6.247804,-0.202373,-0.450131,3.141593

6.247442,-0.202809,-0.450784,3.141593

6.248219,-0.203091,-0.447548,3.141593

6.249230,-0.203480,-0.444381,3.141593

6.250291,-0.204067,-0.441446,3.141593

6.252841,-0.204315,-0.434206,3.141593

6.253968,-0.204465,-0.430627,3.141593

6.254751,-0.205123,-0.427783,3.141593

6.254120,-0.205469,-0.428383,3.141593

6.253441,-0.205616,-0.428729,3.141593

6.256587,-0.206248,-0.421725,3.141593

6.257059,-0.206854,-0.418829,3.141593

6.257692,-0.207213,-0.415554,3.141593

6.258502,-0.207469,-0.412087,3.141593

6.258287,-0.207658,-0.412387,3.141593

6.260375,-0.208755,-0.406054,3.141593

6.261555,-0.208893,-0.402290,3.141593

6.262108,-0.209316,-0.399035,3.141593

6.263079,-0.209946,-0.395940,3.141593

6.262454,-0.210313,-0.396573,3.141593

6.263651,-0.210888,-0.393344,3.141593

6.265229,-0.211633,-0.386496,3.141593

6.265692,-0.212178,-0.383335,3.141593

6.265308,-0.212602,-0.383992,3.141593

6.266364,-0.212846,-0.380282,3.141593

6.265738,-0.213217,-0.380924,3.141593

6.267889,-0.214297,-0.374266,3.141593

6.268500,-0.214924,-0.371124,3.141593

6.268476,-0.215659,-0.368269,3.141593

6.269007,-0.216100,-0.364884,3.141593

6.269655,-0.217072,-0.362182,3.141593

6.271645,-0.217662,-0.354776,3.141593

6.271914,-0.218524,-0.351999,3.141593

6.272219,-0.219095,-0.348818,3.141593

6.271621,-0.219461,-0.349454,3.141593

6.272130,-0.220252,-0.346520,3.141593

6.273487,-0.220992,-0.339451,3.141593

6.273518,-0.221227,-0.339763,3.141593

6.273310,-0.221969,-0.336940,3.141593

6.273648,-0.222412,-0.333582,3.141593

6.273657,-0.222656,-0.333910,3.141593

6.274486,-0.223850,-0.327626,3.141593

6.274797,-0.224439,-0.324499,3.141593

6.274913,-0.224980,-0.321356,3.141593

6.275083,-0.225398,-0.318086,3.141593

6.275291,-0.225970,-0.315016,3.141593

6.275527,-0.226699,-0.312156,3.141593

6.276965,-0.227248,-0.304975,3.141593

6.276522,-0.227909,-0.302226,3.141593

6.275973,-0.228292,-0.302881,3.141593

6.276082,-0.228798,-0.299789,3.141593

6.276701,-0.229224,-0.292759,3.141593

6.277006,-0.229635,-0.289538,3.141593

6.276809,-0.230315,-0.286813,3.141593

6.276281,-0.230706,-0.287477,3.141593

6.276800,-0.231354,-0.280878,3.141593

6.276701,-0.231606,-0.277591,3.141593

6.276481,-0.231974,-0.274502,3.141593

6.276781,-0.232162,-0.271041,3.141593

6.276067,-0.232771,-0.272052,3.141593

6.276690,-0.233060,-0.265056,3.141593

6.276143,-0.233446,-0.262117,3.141593

6.275833,-0.233743,-0.259002,3.141593

6.275812,-0.234063,-0.255875,3.141593

6.275328,-0.234464,-0.256548,3.141593

6.275158,-0.234496,-0.256634,3.141593

6.275228,-0.234878,-0.246476,3.141593

6.274920,-0.235309,-0.247145,3.141593

6.274562,-0.235534,-0.244008,3.141593

6.274620,-0.235351,-0.240249,3.141593

6.274304,-0.235798,-0.240944,3.141593

6.273954,-0.236130,-0.234513,3.141593

6.273704,-0.236294,-0.231328,3.141593

6.273249,-0.236379,-0.228156,3.141593

6.272931,-0.236482,-0.224979,3.141593

6.272664,-0.236720,-0.221985,3.141593

6.272496,-0.236753,-0.222074,3.141593

6.272131,-0.236648,-0.215360,3.141593

6.271724,-0.236145,-0.208229,3.141593

6.271282,-0.236579,-0.208946,3.141593

6.271115,-0.236612,-0.209036,3.141593

6.270727,-0.236428,-0.202460,3.141593

6.270417,-0.235717,-0.195249,3.141593

6.269848,-0.236125,-0.195968,3.141593

6.269471,-0.235967,-0.192709,3.141593

6.269377,-0.235498,-0.189038,3.141593

6.268437,-0.235169,-0.182768,3.141593

6.267883,-0.234869,-0.179481,3.141593

6.267730,-0.234149,-0.175576,3.141593

6.267466,-0.234570,-0.176235,3.141593

6.267382,-0.233357,-0.168695,3.141593

6.266356,-0.233421,-0.166145,3.141593

6.265782,-0.232949,-0.162798,3.141593

6.265608,-0.232121,-0.158845,3.141593

6.265339,-0.232542,-0.159510,3.141593

6.265219,-0.231103,-0.151858,3.141593

6.264432,-0.230670,-0.148702,3.141593

6.264428,-0.229928,-0.144892,3.141593

6.263582,-0.230505,-0.145947,3.141593

6.263086,-0.229816,-0.142361,3.141593

6.262931,-0.229034,-0.138552,3.141593

6.262407,-0.229795,-0.139775,3.141593

6.261957,-0.229209,-0.136335,3.141593

6.261302,-0.227544,-0.128837,3.141593

6.260832,-0.226901,-0.125405,3.141593

6.260619,-0.225894,-0.121383,3.141593

6.259802,-0.224285,-0.114198,3.141593

6.259203,-0.223654,-0.110912,3.141593

6.258882,-0.222924,-0.107405,3.141593

6.258456,-0.223307,-0.108079,3.141593

6.258198,-0.221102,-0.100106,3.141593

6.257394,-0.220389,-0.096883,3.141593

6.257086,-0.219715,-0.093569,3.141593

6.256518,-0.220079,-0.094265,3.141593

6.255996,-0.219092,-0.090665,3.141593

6.256007,-0.219264,-0.090909,3.141593

6.255184,-0.217474,-0.083899,3.141593

6.254697,-0.216587,-0.080429,3.141593

6.254032,-0.215667,-0.077020,3.141593

6.253498,-0.214644,-0.073421,3.141593

6.253510,-0.214806,-0.073653,3.141593

6.253008,-0.214016,-0.070385,3.141593

6.252501,-0.213094,-0.066925,3.141593

6.251328,-0.209701,-0.055678,3.141593

6.250896,-0.210092,-0.056389,3.141593

6.250373,-0.209256,-0.053112,3.141593

6.249665,-0.206797,-0.045444,3.141593

6.249223,-0.205574,-0.041641,3.141593

6.248116,-0.205063,-0.039103,3.141593

6.247963,-0.205224,-0.039390,3.141593

6.247127,-0.203165,-0.032463,3.141593

6.246562,-0.202153,-0.029066,3.141593

6.245845,-0.201148,-0.025724,3.141593

6.245550,-0.199786,-0.021711,3.141593

6.245280,-0.200170,-0.022373,3.141593

6.244807,-0.197605,-0.014683,3.141593

6.243964,-0.196688,-0.011567,3.141593

6.243241,-0.195658,-0.008239,3.141593

6.242820,-0.194574,-0.004802,3.141593

6.242389,-0.194955,-0.005519,3.141593

6.241908,-0.192316,0.002205,3.141593

6.241069,-0.191350,0.005343,3.141593

6.240092,-0.190567,0.008108,3.141593

6.239789,-0.189139,0.012087,3.141593

6.239357,-0.189516,0.011366,3.141593

6.238948,-0.188517,0.014656,3.141593

6.238017,-0.186123,0.021811,3.141593

6.237559,-0.184699,0.025745,3.141593

6.237175,-0.183574,0.029247,3.141593

6.236748,-0.183940,0.028537,3.141593

6.236339,-0.181261,0.036347,3.141593

6.235573,-0.180254,0.039567,3.141593

6.234892,-0.179143,0.042983,3.141593

6.234532,-0.178026,0.046522,3.141593

6.234117,-0.178380,0.045826,3.141593

6.233940,-0.178426,0.045693,3.141593

6.233294,-0.176181,0.052811,3.141593

6.232809,-0.175080,0.056290,3.141593

6.232159,-0.173992,0.059698,3.141593

6.231717,-0.172827,0.063295,3.141593

6.231703,-0.172960,0.063079,3.141593

6.231525,-0.173006,0.062946,3.141593

6.230798,-0.170828,0.069977,3.141593

6.230522,-0.168361,0.077636,3.141593

6.229943,-0.168689,0.076909,3.141593

6.229532,-0.167619,0.080380,3.141593

6.229112,-0.166643,0.083705,3.141593

6.228718,-0.165486,0.087338,3.141593

6.228703,-0.165615,0.087125,3.141593

6.228177,-0.163124,0.094761,3.141593

6.227823,-0.161940,0.098435,3.141593

6.227837,-0.160664,0.102401,3.141593

6.227188,-0.161277,0.101169,3.141593

6.226905,-0.158754,0.108913,3.141593

6.226649,-0.157376,0.112924,3.141593

6.226261,-0.156454,0.116148,3.141593

6.225855,-0.156783,0.115458,3.141593

6.225747,-0.155580,0.119254,3.141593

6.225384,-0.153117,0.126809,3.141593

6.224958,-0.152016,0.130297,3.141593

6.224844,-0.150896,0.133939,3.141593

6.224454,-0.151207,0.133276,3.141593

6.224451,-0.149965,0.137088,3.141593

6.223853,-0.150377,0.136178,3.141593

6.224141,-0.146294,0.148417,3.141593

6.223831,-0.145151,0.151927,3.141593

6.223454,-0.145464,0.151253,3.141593

6.223450,-0.145496,0.151197,3.141593

6.223714,-0.142772,0.159326,3.141593

6.223117,-0.141971,0.162173,3.141593

6.222859,-0.140815,0.165673,3.141593

6.223099,-0.139367,0.169879,3.141593

6.222733,-0.139681,0.169197,3.141593

6.222848,-0.137127,0.176955,3.141593

6.222770,-0.135897,0.180661,3.141593

6.222564,-0.134771,0.184149,3.141593

6.222608,-0.133603,0.187822,3.141593

6.222740,-0.132306,0.191770,3.141593

6.222610,-0.132448,0.191468,3.141593

6.222432,-0.130179,0.198536,3.141593

6.222270,-0.129190,0.201805,3.141593

6.222342,-0.128070,0.205411,3.141593

6.222007,-0.128390,0.204708,3.141593

6.221889,-0.128455,0.204546,3.141593

6.222057,-0.126206,0.211745,3.141593

6.222041,-0.125139,0.215186,3.141593

6.221915,-0.124112,0.218525,3.141593

6.221896,-0.123057,0.221974,3.141593

6.222436,-0.120535,0.229746,3.141593

6.222238,-0.119588,0.232900,3.141593

6.222141,-0.118587,0.236209,3.141593

6.222285,-0.117510,0.239712,3.141593

6.221969,-0.117747,0.239149,3.141593

6.221859,-0.117876,0.238866,3.141593

6.221797,-0.117070,0.241801,3.141593

6.222039,-0.115855,0.245631,3.141593

6.222559,-0.113400,0.253416,3.141593

6.222529,-0.112404,0.256779,3.141593

6.222223,-0.112710,0.256080,3.141593

6.222289,-0.111778,0.259377,3.141593

6.222732,-0.109452,0.267029,3.141593

6.222731,-0.109543,0.266856,3.141593

6.222510,-0.108773,0.269783,3.141593

6.222580,-0.107818,0.273198,3.141593

6.223209,-0.105474,0.281104,3.141593

6.222821,-0.105855,0.280209,3.141593

6.222895,-0.104992,0.283487,3.141593

6.222878,-0.104110,0.286783,3.141593

6.222950,-0.103152,0.290282,3.141593

6.222857,-0.103273,0.290008,3.141593

6.223080,-0.101455,0.296895,3.141593

6.223228,-0.100560,0.300357,3.141593

6.223528,-0.098640,0.307615,3.141593

6.223261,-0.098939,0.306910,3.141593

6.223183,-0.099002,0.306751,3.141593

6.223680,-0.096295,0.317486,3.141593

6.223659,-0.095568,0.320671,3.141593

6.223772,-0.094806,0.324026,3.141593

6.223515,-0.095116,0.323291,3.141593

6.223667,-0.093637,0.329924,3.141593

6.223707,-0.092938,0.333167,3.141593

6.223691,-0.092314,0.336227,3.141593

6.223736,-0.091606,0.339500,3.141593

6.223776,-0.090962,0.342662,3.141593

6.223810,-0.090380,0.345707,3.141593

6.223804,-0.090460,0.345541,3.141593

6.223911,-0.089135,0.351928,3.141593

6.223958,-0.088526,0.355033,3.141593

6.223953,-0.088554,0.354973,3.141593

6.223807,-0.088164,0.357554,3.141593

6.224125,-0.086727,0.364346,3.141593

6.224391,-0.085311,0.371153,3.141593

6.224163,-0.085646,0.370345,3.141593

6.224486,-0.084285,0.377033,3.141593

6.224543,-0.083699,0.380159,3.141593

6.224558,-0.083219,0.383056,3.141593

6.224637,-0.082678,0.386115,3.141593

6.224592,-0.082799,0.385835,3.141593

6.224289,-0.082814,0.387546,3.141593

6.224598,-0.081507,0.394310,3.141593

6.224626,-0.081078,0.397174,3.141593

6.224861,-0.080299,0.400908,3.141593

6.224687,-0.080584,0.400210,3.141593

6.224678,-0.080696,0.399964,3.141593

6.224735,-0.080211,0.402996,3.141593

6.224989,-0.079045,0.409584,3.141593

6.225087,-0.078102,0.415663,3.141593

6.224944,-0.078424,0.414889,3.141593

6.224848,-0.078228,0.417285,3.141593

6.225209,-0.076764,0.424700,3.141593

6.225243,-0.076375,0.427582,3.141593

6.225236,-0.075963,0.430513,3.141593

6.225105,-0.076255,0.429799,3.141593

6.225234,-0.075150,0.436347,3.141593

6.225228,-0.074696,0.439370,3.141593

6.225340,-0.074006,0.443001,3.141593

6.225196,-0.073725,0.445599,3.141593

6.225059,-0.073963,0.444993,3.141593

6.225036,-0.073895,0.445134,3.141593

6.225041,-0.072270,0.454804,3.141593

6.224916,-0.071657,0.458162,3.141593

6.224886,-0.071256,0.461034,3.141593

6.224701,-0.071429,0.460543,3.141593

6.224682,-0.070715,0.464157,3.141593

6.224534,-0.069654,0.470541,3.141593

6.224262,-0.068910,0.474094,3.141593

6.224229,-0.068525,0.476949,3.141593

6.223985,-0.068642,0.476547,3.141593

6.223849,-0.067437,0.483289,3.141593

6.223639,-0.066794,0.486711,3.141593

6.223194,-0.065969,0.490458,3.141593

6.223011,-0.065137,0.494384,3.141593

6.222833,-0.065696,0.492946,3.141593

6.222643,-0.064797,0.497043,3.141593

6.222472,-0.065361,0.495595,3.141593

6.222149,-0.064201,0.502310,3.141593

6.221527,-0.063348,0.506106,3.141593

6.221154,-0.062756,0.509418,3.141593

6.220752,-0.062087,0.512909,3.141593

6.220728,-0.062217,0.512578,3.141593

6.220289,-0.060979,0.519556,3.141593

6.219453,-0.060257,0.522989,3.141593

6.219014,-0.059550,0.526616,3.141593

6.218583,-0.059467,0.526587,3.141593

6.218481,-0.058371,0.533515,3.141593

6.218021,-0.057687,0.537145,3.141593

6.217142,-0.056838,0.540977,3.141593

6.217104,-0.056317,0.544481,3.141593

6.216664,-0.056154,0.544653,3.141593

6.216093,-0.054737,0.552396,3.141593

6.215639,-0.054202,0.555740,3.141593

6.214734,-0.053189,0.560073,3.141593

6.214277,-0.052484,0.563872,3.141593

6.214269,-0.052547,0.563699,3.141593

6.213804,-0.051759,0.567750,3.141593

6.213336,-0.050591,0.574953,3.141593

6.213313,-0.050526,0.575118,3.141593

6.212571,-0.049595,0.579335,3.141593

6.212166,-0.048928,0.583051,3.141593

6.211837,-0.048676,0.583552,3.141593

6.211665,-0.047510,0.590868,3.141593

6.211337,-0.046868,0.594526,3.141593

6.210333,-0.045724,0.599217,3.141593

6.210692,-0.045398,0.602439,3.141593

6.210497,-0.045159,0.603007,3.141593

6.210147,-0.043823,0.610636,3.141593

6.209923,-0.043231,0.614229,3.141593

6.209290,-0.042148,0.619042,3.141593

6.209117,-0.041580,0.622552,3.141593

6.209141,-0.041466,0.622910,3.141593

6.209855,-0.040534,0.630085,3.141593

6.209876,-0.039898,0.634004,3.141593

6.208907,-0.038949,0.638153,3.141593

6.209436,-0.038573,0.641563,3.141593

6.209603,-0.038416,0.642167,3.141593

6.209138,-0.037611,0.646271,3.141593

6.209831,-0.037363,0.649438,3.141593

6.209668,-0.036017,0.657377,3.141593

6.210014,-0.035494,0.661152,3.141593

6.210833,-0.035652,0.661226,3.141593

6.211377,-0.035070,0.665372,3.141593

6.211678,-0.034701,0.668668,3.141593

6.211041,-0.033290,0.676615,3.141593

6.212309,-0.033289,0.679443,3.141593

6.212930,-0.033317,0.679819,3.141593

6.213231,-0.032418,0.686840,3.141593

6.214705,-0.032523,0.689473,3.141593

6.215899,-0.032461,0.692489,3.141593

6.216331,-0.032003,0.696310,3.141593

6.217281,-0.032161,0.696523,3.141593

6.216845,-0.031963,0.696869,3.141593

6.219198,-0.031854,0.703001,3.141593

6.220520,-0.031593,0.708927,3.141593

6.221159,-0.031322,0.712465,3.141593

6.222409,-0.031602,0.712524,3.141593

6.222714,-0.031172,0.716389,3.141593

6.225153,-0.031361,0.721955,3.141593

6.225496,-0.031186,0.725092,3.141593

6.227293,-0.031504,0.727734,3.141593

6.228763,-0.031884,0.727663,3.141593

6.229096,-0.031361,0.734395,3.141593

6.231419,-0.031976,0.736594,3.141593

6.231996,-0.032092,0.736707,3.141593

6.233022,-0.032138,0.739883,3.141593

6.233912,-0.032277,0.742593,3.141593

6.237011,-0.033105,0.744851,3.141593

6.237760,-0.033186,0.745289,3.141593

6.241162,-0.033975,0.753172,3.141593

6.240670,-0.033560,0.756839,3.141593

6.242435,-0.034115,0.756488,3.141593

6.242918,-0.033956,0.762829,3.141593

6.247237,-0.035443,0.764177,3.141593

6.249443,-0.036127,0.766524,3.141593

6.250613,-0.036405,0.769396,3.141593

6.250043,-0.036200,0.769589,3.141593

6.252474,-0.037058,0.768846,3.141593

6.252995,-0.037055,0.774995,3.141593

6.256421,-0.038250,0.776860,3.141593

6.259272,-0.039257,0.778887,3.141593

6.260189,-0.039604,0.781426,3.141593

6.260366,-0.039645,0.781470,3.141593

6.264893,-0.041268,0.786046,3.141593

6.266577,-0.041868,0.788566,3.141593

6.267642,-0.042257,0.791227,3.141593

6.268504,-0.042596,0.793861,3.141593

6.270703,-0.043380,0.799356,3.141593

6.270088,-0.043168,0.799459,3.141593

6.273092,-0.044299,0.801649,3.141593

6.275716,-0.045322,0.803856,3.141593

6.275523,-0.045264,0.806960,3.141593

6.277287,-0.045947,0.806401,3.141593

6.278831,-0.046556,0.809021,3.141593

6.282481,-0.048012,0.814261,3.141593

6.283323,-0.048397,0.817036,3.141593

6.284778,-0.049002,0.819746,3.141593

6.284128,-0.048784,0.819767,3.141593

6.288235,-0.050466,0.825155,3.141593

6.288153,-0.050552,0.828107,3.141593

6.290324,-0.051431,0.830893,3.141593

6.290900,-0.051756,0.833954,3.141593

6.290968,-0.051824,0.833738,3.141593

6.295014,-0.053393,0.836525,3.141593

6.295957,-0.054129,0.845731,3.141593

6.296623,-0.054355,0.845756,3.141593

6.297064,-0.054659,0.848959,3.141593

6.297780,-0.054947,0.848769,3.141593

6.300700,-0.056300,0.855088,3.141593

6.301748,-0.056821,0.858335,3.141593

6.302051,-0.057137,0.861476,3.141593

6.302346,-0.057414,0.864818,3.141593

6.303019,-0.057685,0.864657,3.141593

6.304578,-0.058461,0.867765,3.141593

6.305301,-0.059168,0.873999,3.141593

6.303783,-0.058920,0.876742,3.141593

6.305594,-0.059668,0.880605,3.141593

6.307158,-0.060157,0.881046,3.141593

6.307498,-0.060610,0.883642,3.141593

6.308316,-0.061248,0.890540,3.141593

6.308186,-0.061411,0.893776,3.141593

6.309546,-0.061805,0.894392,3.141593

6.309515,-0.061963,0.897892,3.141593

6.310044,-0.062183,0.897749,3.141593

6.311496,-0.063072,0.904841,3.141593

6.311814,-0.063372,0.908370,3.141593

6.311382,-0.063417,0.911765,3.141593

6.311134,-0.063512,0.915374,3.141593

6.311695,-0.063928,0.918877,3.141593

6.311280,-0.064267,0.925379,3.141593

6.310565,-0.064418,0.927562,3.141593

6.311689,-0.064845,0.932569,3.141593

6.311712,-0.064735,0.933396,3.141593

6.311446,-0.065341,0.938642,3.141593

6.311312,-0.065362,0.943406,3.141593

6.310153,-0.065359,0.945517,3.141593

6.310869,-0.065294,0.948028,3.141593

6.310533,-0.065391,0.951745,3.141593

6.310375,-0.065547,0.955565,3.141593

6.309568,-0.065983,0.960769,3.141593

6.309872,-0.065759,0.963566,3.141593

6.308665,-0.065565,0.967129,3.141593

6.307912,-0.065508,0.970995,3.141593

6.307433,-0.065363,0.970696,3.141593

6.307625,-0.066119,0.976364,3.141593

6.306789,-0.065859,0.981856,3.141593

6.305138,-0.065333,0.987140,3.141593

6.304163,-0.065195,0.991171,3.141593

6.304267,-0.065226,0.991253,3.141593

6.303743,-0.065361,0.993901,3.141593

6.301981,-0.064910,1.004189,3.141593

6.300251,-0.064489,1.008142,3.141593

6.299093,-0.064246,1.012290,3.141593

6.299109,-0.064239,1.012442,3.141593

6.298491,-0.064322,1.015033,3.141593

6.296672,-0.064001,1.023800,3.141593

6.295963,-0.063589,1.025985,3.141593

6.293959,-0.063061,1.030124,3.141593

6.292525,-0.062725,1.034622,3.141593

6.291934,-0.062534,1.034274,3.141593

6.289528,-0.062285,1.046480,3.141593

6.289415,-0.062231,1.046730,3.141593

6.286196,-0.061173,1.053004,3.141593

6.286246,-0.061453,1.055751,3.141593

6.284514,-0.061020,1.060429,3.141593

6.283591,-0.060686,1.060697,3.141593

6.280651,-0.059993,1.070173,3.141593

6.276875,-0.058822,1.076630,3.141593

6.275062,-0.058405,1.081037,3.141593

6.274286,-0.058140,1.081050,3.141593

6.273809,-0.058186,1.084458,3.141593

6.270594,-0.057486,1.093495,3.141593

6.267805,-0.056760,1.097842,3.141593

6.266012,-0.056376,1.102674,3.141593

6.263525,-0.055547,1.104453,3.141593

6.263020,-0.055383,1.104160,3.141593

6.258930,-0.054279,1.110684,3.141593

6.256423,-0.053946,1.117499,3.141593

6.253225,-0.053169,1.121172,3.141593

6.252855,-0.053267,1.123570,3.141593

6.250470,-0.052532,1.124907,3.141593

6.245205,-0.051363,1.132057,3.141593

6.242207,-0.050673,1.135093,3.141593

6.241408,-0.050640,1.137202,3.141593

6.238358,-0.049944,1.139988,3.141593

6.235561,-0.049117,1.140174,3.141593

6.231830,-0.048245,1.143122,3.141593

6.228678,-0.047740,1.147830,3.141593

6.225469,-0.046985,1.148867,3.141593

6.222062,-0.046201,1.150592,3.141593

6.221484,-0.046056,1.151218,3.141593

6.219998,-0.045874,1.154911,3.141593

6.214599,-0.044684,1.156894,3.141593

6.208397,-0.042941,1.154022,3.141593

6.204221,-0.041987,1.154986,3.141593

6.201042,-0.041289,1.155334,3.141593

6.200010,-0.041040,1.155917,3.141593

6.192920,-0.039568,1.158359,3.141593

6.188889,-0.038726,1.159432,3.141593

6.184419,-0.037791,1.160373,3.141593

6.180971,-0.037104,1.160425,3.141593

6.179902,-0.036876,1.161222,3.141593

6.178802,-0.037051,1.168079,3.141593

6.171934,-0.035544,1.166205,3.141593

6.167953,-0.034828,1.167756,3.141593

6.163213,-0.033954,1.168967,3.141593

6.158585,-0.032953,1.168164,3.141593

6.153321,-0.032070,1.171127,3.141593

6.148778,-0.031325,1.172979,3.141593

6.148545,-0.031625,1.177184,3.141593

6.140568,-0.030201,1.177753,3.141593

6.135723,-0.029293,1.177638,3.141593

6.131820,-0.028707,1.178391,3.141593

6.126553,-0.028168,1.184444,3.141593

6.125967,-0.028291,1.188194,3.141593

6.116882,-0.026731,1.187398,3.141593

6.112114,-0.026154,1.190165,3.141593

6.111849,-0.026105,1.190003,3.141593

6.110699,-0.026422,1.197784,3.141593

6.102063,-0.025298,1.200048,3.141593

6.093088,-0.024218,1.202520,3.141593

6.089104,-0.023825,1.203947,3.141593

6.088352,-0.023823,1.205901,3.141593

6.083106,-0.023693,1.213479,3.141593

6.082875,-0.023656,1.213336,3.141593

6.074409,-0.022891,1.216871,3.141593

6.069478,-0.022609,1.220587,3.141593

6.064865,-0.022417,1.224537,3.141593

6.064655,-0.022385,1.224401,3.141593

6.055946,-0.022368,1.234697,3.141593

6.051220,-0.022277,1.238817,3.141593

6.046986,-0.022284,1.243244,3.141593

6.042363,-0.022089,1.245757,3.141593

6.041416,-0.022838,1.254593,3.141593

6.037652,-0.022553,1.254786,3.141593

6.033358,-0.022680,1.259400,3.141593

6.025403,-0.022615,1.264258,3.141593

6.021331,-0.022853,1.269046,3.141593

6.021387,-0.023048,1.270755,3.141593

6.013842,-0.022979,1.274273,3.141593

6.014125,-0.023424,1.277698,3.141593

6.009804,-0.023874,1.283820,3.141593

6.005929,-0.024280,1.288748,3.141593

6.002272,-0.024744,1.293830,3.141593

5.998438,-0.025622,1.301994,3.141593

5.995588,-0.026106,1.305764,3.141593

5.995260,-0.026743,1.310356,3.141593

5.988874,-0.027377,1.316108,3.141593

5.985678,-0.027820,1.319799,3.141593

5.985601,-0.029321,1.329428,3.141593

5.979826,-0.030155,1.335357,3.141593

5.974244,-0.031049,1.341279,3.141593

5.971722,-0.031420,1.343392,3.141593

5.971560,-0.031959,1.346672,3.141593

5.966852,-0.033928,1.357863,3.141593

5.964614,-0.034946,1.363422,3.141593

5.964657,-0.035275,1.364906,3.141593

5.962593,-0.036376,1.370565,3.141593

5.960298,-0.037147,1.374588,3.141593

5.958313,-0.038299,1.380253,3.141593

5.956462,-0.039143,1.383977,3.141593

5.954828,-0.041083,1.393198,3.141593

5.955248,-0.042213,1.398423,3.141593

5.953405,-0.043127,1.402580,3.141593

5.954283,-0.045512,1.413101,3.141593

5.948847,-0.046359,1.416298,3.141593

5.947530,-0.047739,1.422041,3.141593

5.946346,-0.049154,1.427846,3.141593

5.945074,-0.050217,1.432128,3.141593

5.946056,-0.052498,1.441231,3.141593

5.943398,-0.053670,1.445367,3.141593

5.942600,-0.055221,1.451224,3.141593

5.941769,-0.056815,1.457020,3.141593

5.940917,-0.057959,1.461187,3.141593

5.941793,-0.059887,1.468120,3.141593

5.939408,-0.060644,1.470543,3.141593

5.939454,-0.063326,1.479988,3.141593

5.939089,-0.065012,1.485665,3.141593

5.938619,-0.066232,1.489736,3.141593

5.938171,-0.069653,1.500960,3.141593

5.938046,-0.071355,1.506456,3.141593

5.937919,-0.073062,1.511809,3.141593

5.937154,-0.073684,1.513679,3.141593

5.937815,-0.074774,1.517122,3.141593

5.938555,-0.077604,1.525817,3.141593

5.938800,-0.079776,1.532234,3.141593

5.938882,-0.080228,1.533447,3.141593

5.938284,-0.082025,1.538456,3.141593

5.938276,-0.083231,1.541925,3.141593

5.938235,-0.083227,1.541908,3.141593

5.939982,-0.086140,1.549876,3.141593

5.938797,-0.086727,1.551157,3.141593

5.938972,-0.088175,1.554927,3.141593

5.939174,-0.089576,1.558532,3.141593

5.939362,-0.090716,1.561635,3.141593

5.940082,-0.092036,1.564669,3.141593

5.939037,-0.092347,1.565171,3.141593

5.939946,-0.094372,1.570410,3.141593

5.940102,-0.095352,1.572795,3.141593

5.940403,-0.096312,1.575302,3.141593

5.939991,-0.096407,1.575514,3.141593

5.941023,-0.097747,1.578874,3.141593

5.941110,-0.098374,1.580529,3.141593

5.940747,-0.097959,1.579589,3.141593

5.940414,-0.098389,1.580903,3.141593

5.940763,-0.099182,1.582918,3.141593

5.940922,-0.099350,1.584219,3.141593

5.940719,-0.099172,1.584415,3.141593

5.940266,-0.098923,1.584569,3.141593

5.940007,-0.098476,1.584406,3.141593

5.939896,-0.097827,1.583933,3.141593

5.939501,-0.097956,1.584226,3.141593

5.938082,-0.094569,1.580505,3.141593

5.937519,-0.093287,1.579307,3.141593

5.937857,-0.093691,1.580327,3.141593

5.936330,-0.090105,1.576171,3.141593

5.935004,-0.088002,1.573706,3.141593

5.934677,-0.086213,1.572301,3.141593

5.933806,-0.084016,1.570063,3.141593

5.933714,-0.084048,1.570136,3.141593

5.934124,-0.084230,1.570618,3.141593

5.931779,-0.078827,1.564820,3.141593

5.931087,-0.076048,1.562085,3.141593

5.929982,-0.073021,1.558913,3.141593

5.928513,-0.069630,1.555322,3.141593

5.928763,-0.069644,1.555374,3.141593

5.926275,-0.062468,1.547848,3.141593

5.924695,-0.058755,1.544052,3.141593

5.924941,-0.058697,1.543916,3.141593

5.923488,-0.054582,1.539644,3.141593

5.921820,-0.050454,1.535529,3.141593

5.921999,-0.050332,1.535215,3.141593

5.919011,-0.041466,1.525987,3.141593

5.917395,-0.036668,1.521028,3.141593

5.915735,-0.031752,1.515929,3.141593

5.913944,-0.026942,1.511306,3.141593

5.912247,-0.021855,1.506055,3.141593

5.912387,-0.021387,1.504723,3.141593

5.908737,-0.011046,1.494941,3.141593

5.906937,-0.005506,1.489214,3.141593

5.905071,0.000125,1.483356,3.141593

5.905092,0.000413,1.482486,3.141593

5.901167,0.012184,1.470227,3.141593

5.899250,0.017891,1.464859,3.141593

5.897247,0.023944,1.458503,3.141593

5.897175,0.024286,1.457386,3.141593

5.895183,0.030068,1.451965,3.141593

5.893075,0.036305,1.445447,3.141593

5.893009,0.036684,1.444161,3.141593

5.888636,0.049311,1.430774,3.141593

5.886519,0.055360,1.425139,3.141593

5.884281,0.061898,1.418074,3.141593

5.884104,0.062250,1.416761,3.141593

5.881555,0.069115,1.408426,3.141593

5.879363,0.075355,1.402514,3.141593

5.874701,0.088140,1.389659,3.141593

5.872153,0.094779,1.382309,3.141593

5.872096,0.094837,1.382059,3.141593

5.871816,0.095197,1.380523,3.141593

5.868927,0.102199,1.371507,3.141593

5.863835,0.115074,1.358346,3.141593

5.860892,0.121810,1.350315,3.141593

5.857961,0.128459,1.342582,3.141593

5.857944,0.128459,1.342575,3.141593

5.852231,0.141519,1.327991,3.141593

5.851833,0.141698,1.326946,3.141593

5.846016,0.154423,1.313596,3.141593

5.842683,0.160952,1.305720,3.141593

5.841987,0.161352,1.303213,3.141593

5.841948,0.161353,1.303191,3.141593

5.834907,0.174301,1.287251,3.141593

5.831203,0.180716,1.279218,3.141593

5.827378,0.187083,1.271167,3.141593

5.823788,0.193157,1.264971,3.141593

5.823421,0.193397,1.263143,3.141593

5.816759,0.205703,1.249414,3.141593

5.812217,0.211719,1.242204,3.141593

5.807977,0.217796,1.234384,3.141593

5.806771,0.218024,1.231420,3.141593

5.802620,0.223831,1.225350,3.141593

5.802339,0.224006,1.223615,3.141593

5.794320,0.235780,1.209580,3.141593

5.793037,0.235919,1.206637,3.141593

5.784966,0.247279,1.194776,3.141593

5.780301,0.252787,1.189036,3.141593

5.774129,0.258267,1.180578,3.141593

5.773911,0.258483,1.177738,3.141593

5.765378,0.269365,1.166816,3.141593

5.760300,0.274694,1.160246,3.141593

5.753654,0.279768,1.152523,3.141593

5.749894,0.285089,1.148609,3.141593

5.746815,0.284779,1.144077,3.141593

5.737751,0.295066,1.134596,3.141593

5.732354,0.300043,1.128975,3.141593

5.726855,0.304955,1.123539,3.141593

5.726803,0.304946,1.123497,3.141593

5.719722,0.315372,1.115531,3.141593

5.711946,0.319635,1.110224,3.141593

5.704941,0.324053,1.104085,3.141593

5.698827,0.328516,1.100210,3.141593

5.699400,0.328675,1.099810,3.141593

5.692472,0.338879,1.093318,3.141593

5.684169,0.342714,1.088930,3.141593

5.678587,0.347185,1.085287,3.141593

5.673049,0.351639,1.081945,3.141593

5.671736,0.351279,1.081315,3.141593

5.668367,0.356322,1.078649,3.141593

5.655397,0.364511,1.072777,3.141593

5.653088,0.369826,1.070504,3.141593

5.649722,0.368788,1.070032,3.141593

5.643050,0.372723,1.067465,3.141593

5.639791,0.377731,1.065326,3.141593

5.642358,0.378555,1.065751,3.141593

5.628924,0.386237,1.061213,3.141593

5.623518,0.390473,1.059388,3.141593

5.618138,0.394703,1.057635,3.141593

5.617304,0.394404,1.057980,3.141593

5.613621,0.399215,1.056789,3.141593

5.604418,0.408141,1.053003,3.141593

5.596926,0.411497,1.051927,3.141593

5.591723,0.415689,1.050729,3.141593

5.591180,0.415471,1.051387,3.141593

5.591120,0.415449,1.051340,3.141593

5.585775,0.419532,1.051210,3.141593

5.576083,0.428095,1.048645,3.141593

5.571281,0.432391,1.046963,3.141593

5.566270,0.436558,1.046224,3.141593

5.566120,0.436481,1.047129,3.141593

5.563425,0.441607,1.046870,3.141593

5.556413,0.444918,1.045854,3.141593

5.558560,0.445831,1.046184,3.141593

5.548986,0.454292,1.044131,3.141593

5.541973,0.457497,1.043261,3.141593

5.542141,0.457553,1.044235,3.141593

5.539550,0.462732,1.043056,3.141593

5.530408,0.471262,1.042144,3.141593

5.525394,0.475326,1.040696,3.141593

5.518850,0.478614,1.041037,3.141593

5.519319,0.478813,1.041992,3.141593

5.519255,0.478784,1.041931,3.141593

5.510489,0.487397,1.041149,3.141593

5.506142,0.491709,1.040730,3.141593

5.496745,0.500008,1.039004,3.141593

5.497509,0.500367,1.039853,3.141593

5.492703,0.511016,1.037223,3.141593

5.483928,0.513028,1.037640,3.141593

5.479710,0.517404,1.037154,3.141593

5.475503,0.521795,1.036634,3.141593

5.476560,0.522328,1.037346,3.141593

5.474800,0.521364,1.038220,3.141593

5.467144,0.530623,1.035469,3.141593

5.460600,0.540509,1.033390,3.141593

5.454892,0.544063,1.033677,3.141593

5.453245,0.543112,1.034569,3.141593

5.456106,0.544719,1.034094,3.141593

5.453537,0.550043,1.033825,3.141593

5.449564,0.554627,1.033055,3.141593

5.440201,0.563041,1.031178,3.141593

5.434731,0.566814,1.030076,3.141593

5.434721,0.566753,1.031312,3.141593

5.435258,0.574071,1.028776,3.141593

5.425836,0.582598,1.027134,3.141593

5.420297,0.586405,1.026308,3.141593

5.413557,0.589407,1.027663,3.141593

5.416513,0.591218,1.026699,3.141593

5.411494,0.602664,1.023590,3.141593

5.408700,0.600900,1.025541,3.141593

5.399293,0.609754,1.024710,3.141593

5.395411,0.614733,1.024368,3.141593

5.397079,0.615765,1.024227,3.141593

5.397015,0.615728,1.024164,3.141593

5.392000,0.627637,1.021748,3.141593

5.386864,0.631949,1.022576,3.141593

5.381760,0.636307,1.023438,3.141593

5.376137,0.640412,1.023585,3.141593

5.376666,0.640717,1.024315,3.141593

5.371635,0.653053,1.022377,3.141593

5.367828,0.658424,1.022393,3.141593

5.362812,0.663053,1.023445,3.141593

5.355906,0.666479,1.024779,3.141593

5.358943,0.668483,1.023458,3.141593

5.358261,0.676033,1.022236,3.141593

5.345614,0.683874,1.024102,3.141593

5.342948,0.690280,1.023286,3.141593

5.337903,0.695113,1.024281,3.141593

5.336667,0.694277,1.025145,3.141593

5.339729,0.696322,1.023798,3.141593

5.333898,0.700683,1.024201,3.141593

5.326157,0.712103,1.024310,3.141593

5.328073,0.713381,1.023864,3.141593

5.318289,0.723575,1.024230,3.141593

5.320221,0.724869,1.023778,3.141593

5.313479,0.737237,1.022758,3.141593

5.309485,0.743054,1.022612,3.141593

5.303455,0.747528,1.022839,3.141593

5.298300,0.752611,1.023440,3.141593

5.300284,0.753953,1.022934,3.141593

5.293339,0.766465,1.021598,3.141593

5.290345,0.773080,1.020451,3.141593

5.282022,0.776113,1.022086,3.141593

5.276843,0.781260,1.022415,3.141593

5.279932,0.783368,1.021126,3.141593

5.279877,0.783329,1.021060,3.141593

5.271692,0.795182,1.020142,3.141593

5.273743,0.796578,1.019606,3.141593

5.263397,0.807012,1.019018,3.141593

5.259232,0.812927,1.018411,3.141593

5.259301,0.821733,1.015797,3.141593

5.244652,0.829293,1.016873,3.141593

5.241526,0.835930,1.015403,3.141593

5.236211,0.841101,1.015437,3.141593

5.238234,0.842503,1.014968,3.141593

5.238266,0.851336,1.012284,3.141593

5.236030,0.849834,1.013766,3.141593

5.225487,0.860200,1.012681,3.141593

5.214908,0.870600,1.011491,3.141593

5.216926,0.872012,1.011061,3.141593

5.216875,0.871973,1.010995,3.141593

5.208316,0.883763,1.009436,3.141593

5.203988,0.889648,1.008600,3.141593

5.199658,0.895548,1.007741,3.141593

5.195292,0.901440,1.006886,3.141593

5.194163,0.909545,1.004928,3.141593

5.183400,0.919879,1.003560,3.141593

5.177873,0.924993,1.003454,3.141593

5.170306,0.928591,1.003682,3.141593

5.173470,0.930815,1.002537,3.141593

5.164794,0.942604,1.000841,3.141593

5.166844,0.944065,1.000509,3.141593

5.156054,0.954328,0.999090,3.141593

5.148457,0.957891,0.999284,3.141593

5.151637,0.960143,0.998182,3.141593

5.150536,0.968307,0.996238,3.141593

5.138547,0.977718,0.995704,3.141593

5.132111,0.982038,0.995121,3.141593

5.127729,0.987865,0.994278,3.141593

5.129743,0.989333,0.993991,3.141593

5.122237,1.001826,0.991598,3.141593

5.114607,1.005299,0.991818,3.141593

5.109028,1.010282,0.991832,3.141593

5.105851,1.016925,0.990174,3.141593

5.107877,1.018419,0.989915,3.141593

5.101649,1.031681,0.986769,3.141593

5.092794,1.034273,0.987807,3.141593

5.088432,1.040065,0.987008,3.141593

5.084105,1.045828,0.986241,3.141593

5.086098,1.047320,0.986083,3.141593

5.079956,1.060602,0.982932,3.141593

5.071038,1.063107,0.984020,3.141593

5.066717,1.068852,0.983294,3.141593

5.068688,1.070349,0.983207,3.141593

5.062303,1.074532,0.982562,3.141593

5.064280,1.076036,0.982474,3.141593

5.056911,1.088449,0.980225,3.141593

5.052553,1.094198,0.979508,3.141593

5.046154,1.098355,0.978888,3.141593

5.040390,1.103116,0.979245,3.141593

5.042340,1.104625,0.979235,3.141593

5.037941,1.110336,0.978596,3.141593

5.023801,1.117685,0.978341,3.141593

5.024070,1.126802,0.975849,3.141593

5.018229,1.131509,0.976303,3.141593

5.020161,1.133029,0.976349,3.141593

5.020123,1.132991,0.976285,3.141593

5.011212,1.144333,0.975376,3.141593

5.006735,1.149979,0.974895,3.141593

5.002256,1.155632,0.974420,3.141593

4.995824,1.159716,0.973748,3.141593

4.997708,1.161232,0.973894,3.141593

4.997669,1.161193,0.973833,3.141593

4.994617,1.167805,0.972291,3.141593

4.978892,1.173934,0.973293,3.141593

4.977739,1.182135,0.971956,3.141593

4.973226,1.187747,0.971523,3.141593

4.975067,1.189258,0.971741,3.141593

4.968995,1.202557,0.968683,3.141593

4.959538,1.204514,0.970321,3.141593

4.954979,1.210096,0.969916,3.141593

4.956807,1.211623,0.970188,3.141593

4.948808,1.214547,0.970726,3.141593

4.952180,1.217156,0.969761,3.141593

4.951050,1.225401,0.968459,3.141593

4.939988,1.234984,0.967473,3.141593

4.933787,1.239437,0.968432,3.141593

4.929162,1.244986,0.968106,3.141593

4.922682,1.248940,0.967383,3.141593

4.926361,1.252104,0.968138,3.141593

4.915220,1.261569,0.967234,3.141593

4.910559,1.267091,0.966963,3.141593

4.902455,1.269869,0.967569,3.141593

4.905878,1.272589,0.966607,3.141593

4.899823,1.285938,0.963448,3.141593

4.890037,1.287531,0.965449,3.141593

4.885355,1.293043,0.965205,3.141593

4.880677,1.298560,0.964931,3.141593

4.882452,1.300156,0.965424,3.141593

4.882954,1.309655,0.962886,3.141593

4.879561,1.307281,0.965723,3.141593

4.868308,1.316644,0.964824,3.141593

4.863572,1.322140,0.964651,3.141593

4.857015,1.325951,0.963891,3.141593

4.858799,1.327591,0.964438,3.141593

4.852781,1.341049,0.961156,3.141593

4.849327,1.338589,0.964058,3.141593

4.842767,1.342395,0.963258,3.141593

4.838017,1.347866,0.963093,3.141593

4.833267,1.353344,0.962918,3.141593

4.835056,1.355022,0.963501,3.141593

4.833928,1.363509,0.962385,3.141593

4.819041,1.369808,0.962303,3.141593

4.816039,1.376550,0.960553,3.141593

4.809505,1.380753,0.961932,3.141593

4.811279,1.382452,0.962558,3.141593

4.805332,1.396006,0.959064,3.141593

4.795191,1.397158,0.961341,3.141593

4.790401,1.402620,0.961157,3.141593

4.785620,1.408091,0.960934,3.141593

4.787379,1.409813,0.961605,3.141593

4.787354,1.409781,0.961555,3.141593

4.777822,1.420726,0.961239,3.141593

4.774884,1.427535,0.959379,3.141593

4.768282,1.431674,0.960782,3.141593

4.759876,1.433982,0.961472,3.141593

4.763473,1.437100,0.960516,3.141593

4.760500,1.444376,0.961040,3.141593

4.742657,1.457296,0.958744,3.141593

4.737866,1.462769,0.958457,3.141593

4.739581,1.464524,0.959231,3.141593

4.733838,1.478351,0.955265,3.141593

4.723501,1.479229,0.957522,3.141593

4.718697,1.484699,0.957206,3.141593

4.713886,1.490171,0.956881,3.141593

4.715583,1.491942,0.957683,3.141593

4.714485,1.500716,0.956437,3.141593

4.707921,1.504387,0.955222,3.141593

4.707674,1.504722,0.957841,3.141593

4.696271,1.513888,0.956349,3.141593

4.687748,1.516055,0.956885,3.141593

4.691413,1.519354,0.955949,3.141593

4.678050,1.527030,0.956178,3.141593

4.676887,1.535879,0.954938,3.141593

4.672043,1.541391,0.954550,3.141593

4.663502,1.543526,0.955005,3.141593

4.667184,1.546882,0.954083,3.141593

4.657485,1.557950,0.953335,3.141593

4.760150,1.680149,1.112276,3.141593

4.755291,1.686090,1.112148,3.141593

4.756208,1.686737,1.112436,3.141593

4.756123,1.686677,1.112324,3.141593

4.740685,1.703931,1.111770,3.141593

4.735838,1.709900,1.111641,3.141593

4.736737,1.710541,1.111946,3.141593

4.729669,1.714952,1.112699,3.141593

4.726036,1.721777,1.111269,3.141593

4.729174,1.723989,1.110716,3.141593

4.718583,1.735313,1.110156,3.141593

4.712795,1.740615,1.109604,3.141593

4.705450,1.744872,1.112202,3.141593

4.701926,1.751773,1.110771,3.141593

4.703773,1.753111,1.111669,3.141593

4.693343,1.764555,1.111236,3.141593

4.683058,1.776093,1.110845,3.141593

4.683912,1.776718,1.111263,3.141593

4.676968,1.781227,1.112146,3.141593

4.681438,1.784362,1.110399,3.141593

4.670413,1.795368,1.109601,3.141593

4.669900,1.795076,1.111391,3.141593

4.665327,1.801265,1.111513,3.141593

4.658474,1.805852,1.112426,3.141593

4.659315,1.806477,1.112906,3.141593

4.653172,1.820876,1.110665,3.141593

4.648736,1.827150,1.110855,3.141593

4.642920,1.832513,1.112384,3.141593

4.637643,1.838147,1.111983,3.141593

4.638463,1.838766,1.112504,3.141593

4.629886,1.851503,1.113085,3.141593

4.625603,1.857856,1.113314,3.141593

4.621344,1.864236,1.113603,3.141593

4.614747,1.868992,1.114478,3.141593

4.617035,1.870559,1.113760,3.141593

4.607829,1.882717,1.113741,3.141593

4.606074,1.890779,1.113483,3.141593

4.600463,1.896281,1.115003,3.141593

4.596361,1.902711,1.115267,3.141593

4.591391,1.908437,1.114817,3.141593

4.596145,1.911649,1.113791,3.141593

4.583310,1.921343,1.115338,3.141593

4.579297,1.927791,1.115587,3.141593

4.575313,1.934240,1.115821,3.141593

4.576131,1.934894,1.116468,3.141593

4.569845,1.948817,1.115990,3.141593

4.563490,1.953633,1.116524,3.141593

4.561166,1.961020,1.115671,3.141593

4.557306,1.967477,1.115870,3.141593

4.558113,1.968137,1.116558,3.141593

5.369934,0.189472,1.249488,3.141593

5.358518,0.201846,1.276206,3.141593

5.358536,0.201852,1.276226,3.141593

5.347128,0.214568,1.303086,3.141593

5.346734,0.213547,1.255840,3.141593

5.346734,0.213547,1.255838,3.141593

5.335504,0.225722,1.281717,3.141593

5.324090,0.238196,1.306579,3.141593

5.318134,0.236202,1.270687,3.141593

5.312369,0.242228,1.282325,3.141593

5.312422,0.242241,1.282309,3.141593

5.306632,0.248340,1.293837,3.141593

5.300859,0.254511,1.305202,3.141593

5.281063,0.264352,1.287025,3.141593

5.275281,0.270318,1.297929,3.141593

5.275247,0.270310,1.297961,3.141593

5.263757,0.282312,1.320089,3.141593

5.257932,0.287950,1.307276,3.141593

5.252226,0.293766,1.318560,3.141593

5.246527,0.299569,1.330056,3.141593

5.246574,0.299580,1.330047,3.141593

5.230830,0.316145,1.324549,3.141593

5.225357,0.321512,1.336514,3.141593

5.219937,0.326790,1.348530,3.141593

5.224213,0.327573,1.322702,3.141593

5.219001,0.332607,1.334599,3.141593

5.208457,0.342457,1.358802,3.141593

5.203343,0.347228,1.371080,3.141593

5.191387,0.349657,1.339215,3.141593

5.191396,0.349659,1.339239,3.141593

5.191397,0.349659,1.339239,3.141593

5.181583,0.358110,1.362923,3.141593

5.171962,0.366085,1.386691,3.141593

5.171408,0.370059,1.363797,3.141593

5.171415,0.370061,1.363823,3.141593

5.166801,0.373464,1.375381,3.141593

5.166884,0.373482,1.375375,3.141593

5.143117,0.376459,1.381156,3.141593

5.138741,0.379283,1.392214,3.141593

5.134357,0.382002,1.403209,3.141593

5.134397,0.382010,1.403210,3.141593

5.134398,0.382010,1.403210,3.141593

5.134404,0.387746,1.392327,3.141593

5.130349,0.389694,1.402795,3.141593

5.126344,0.391543,1.413087,3.141593

5.122349,0.393284,1.423195,3.141593

5.116073,0.393382,1.394409,3.141593

5.116079,0.393383,1.394471,3.141593

5.108653,0.395317,1.413270,3.141593

5.105018,0.396130,1.422410,3.141593

5.101450,0.396585,1.431213,3.141593

5.092504,0.394544,1.397246,3.141593

5.082332,0.394714,1.422567,3.141593

5.079099,0.394328,1.430513,3.141593

5.078979,0.394143,1.406077,3.141593

5.075737,0.393506,1.413925,3.141593

5.075778,0.393512,1.413926,3.141593

5.072671,0.392792,1.421685,3.141593

5.066545,0.390828,1.436537,3.141593

5.063013,0.389254,1.421319,3.141593

5.060058,0.387805,1.428412,3.141593

5.060056,0.387805,1.428451,3.141593

5.057287,0.386287,1.435325,3.141593

5.056491,0.386121,1.419885,3.141593

5.050954,0.382223,1.433175,3.141593

5.048269,0.380149,1.439637,3.141593

5.045596,0.377984,1.445956,3.141593

5.045640,0.377991,1.445961,3.141593

5.035803,0.372280,1.430094,3.141593

5.033192,0.369561,1.436163,3.141593

5.030727,0.366782,1.442079,3.141593

5.028319,0.363930,1.447878,3.141593

5.028312,0.363930,1.447922,3.141593

5.027146,0.363743,1.434871,3.141593

5.022439,0.357374,1.446108,3.141593

5.020014,0.354069,1.451633,3.141593

5.017735,0.350711,1.457064,3.141593

5.010300,0.346313,1.442084,3.141593

5.010291,0.346312,1.442134,3.141593

5.005998,0.338797,1.452412,3.141593

5.003852,0.334941,1.457430,3.141593

5.001774,0.330882,1.462268,3.141593

5.005225,0.327387,1.452671,3.141593

5.005214,0.327386,1.452724,3.141593

5.001069,0.318851,1.462396,3.141593

5.001006,0.318844,1.462443,3.141593

4.992183,0.313497,1.452887,3.141593

4.988181,0.304318,1.462068,3.141593

4.988168,0.304317,1.462124,3.141593

4.986111,0.299641,1.466696,3.141593

4.986217,0.299653,1.466712,3.141593

4.979723,0.289600,1.465583,3.141593

4.977739,0.284648,1.469961,3.141593

4.975811,0.279655,1.474206,3.141593

4.973838,0.279417,1.461655,3.141593

4.970100,0.269063,1.469977,3.141593

4.968098,0.263804,1.474185,3.141593

4.966263,0.258520,1.478279,3.141593

4.964341,0.253126,1.482293,3.141593

4.964268,0.253119,1.482350,3.141593

4.970325,0.253703,1.467668,3.141593

4.966446,0.242690,1.475878,3.141593

4.962749,0.231542,1.483761,3.141593

4.960795,0.225867,1.487615,3.141593

4.958543,0.225593,1.473453,3.141593

4.954822,0.214077,1.481209,3.141593

4.952905,0.208261,1.485075,3.141593

4.950797,0.202348,1.477947,3.141593

4.948825,0.196408,1.481686,3.141593

4.948877,0.196413,1.481692,3.141593

4.947042,0.190453,1.485386,3.141593

4.945115,0.184455,1.489081,3.141593

4.939137,0.172120,1.488429,3.141593

4.937196,0.166006,1.492045,3.141593

4.937166,0.166004,1.492107,3.141593

4.935455,0.159879,1.495553,3.141593

4.932968,0.147528,1.492489,3.141593

4.931137,0.141273,1.495858,3.141593

4.929221,0.134985,1.499300,3.141593

4.929182,0.134982,1.499356,3.141593

4.924273,0.134574,1.489799,3.141593

4.918760,0.115484,1.499900,3.141593

4.918713,0.115481,1.499951,3.141593

4.916927,0.109074,1.503251,3.141593

4.914715,0.102585,1.495063,3.141593

4.912974,0.096125,1.498312,3.141593

4.912860,0.096117,1.498401,3.141593

4.909452,0.083138,1.504810,3.141593

4.907660,0.076630,1.507977,3.141593

4.902930,0.069870,1.502357,3.141593

4.902853,0.069866,1.502414,3.141593

4.902864,0.069866,1.502396,3.141593

4.899549,0.056740,1.508650,3.141593

4.897840,0.050174,1.511768,3.141593

4.896178,0.043545,1.506307,3.141593

4.894447,0.036923,1.509457,3.141593

4.894361,0.036918,1.509483,3.141593

4.892799,0.030289,1.512450,3.141593

4.892645,0.030281,1.512559,3.141593

4.887856,0.016891,1.512366,3.141593

4.886268,0.010248,1.515346,3.141593

4.884708,0.003591,1.518297,3.141593

4.881683,-0.009707,1.524013,3.141593

4.879573,-0.016472,1.515194,3.141593

4.878134,-0.023149,1.518044,3.141593

4.876569,-0.029845,1.520972,3.141593

4.874560,-0.029957,1.515206,3.141593

4.872932,-0.036630,1.517996,3.141593

4.869955,-0.050003,1.523683,3.141593

4.868629,-0.056702,1.526483,3.141593

4.867103,-0.063374,1.529238,3.141593

4.866986,-0.063432,1.520026,3.141593

4.864060,-0.076845,1.525548,3.141593

4.862700,-0.083566,1.528380,3.141593

4.861180,-0.090251,1.531137,3.141593

4.859784,-0.096995,1.526696,3.141593

4.859671,-0.096999,1.526607,3.141593

4.856812,-0.110448,1.532047,3.141593

4.855325,-0.117137,1.534981,3.141593

4.855191,-0.117143,1.534875,3.141593

4.681553,1.865200,1.565981,3.141593

4.681321,1.858496,1.568474,3.141593

4.685843,1.852382,1.571751,3.141593

4.676088,1.851109,1.570052,3.141593

4.681266,1.838524,1.574989,3.141593

4.684651,1.832211,1.578914,3.141593

4.683089,1.825245,1.581854,3.141593

4.679111,1.824787,1.580289,3.141593

4.679837,1.811493,1.583828,3.141593

4.678020,1.804450,1.586795,3.141593

4.681614,1.798045,1.591001,3.141593

4.680879,1.791148,1.593531,3.141593

4.675470,1.790495,1.592269,3.141593

4.670764,1.783233,1.592521,3.141593

4.673295,1.770068,1.599566,3.141593

4.671212,1.763103,1.602620,3.141593

4.674788,1.756912,1.607266,3.141593

4.669847,1.756361,1.605344,3.141593

4.668989,1.756216,1.605745,3.141593

4.672764,1.743742,1.612425,3.141593

4.665203,1.736483,1.613373,3.141593

4.663288,1.730065,1.616038,3.141593

4.666604,1.724337,1.620862,3.141593

4.661271,1.723732,1.618728,3.141593

4.653626,1.716835,1.619093,3.141593

4.656856,1.711364,1.623895,3.141593

4.657940,1.700380,1.631026,3.141593

4.655852,1.694807,1.633261,3.141593

4.648719,1.693889,1.631318,3.141593

4.648033,1.693768,1.631563,3.141593

4.643022,1.683120,1.635659,3.141593

4.643024,1.683117,1.635710,3.141593

4.639481,1.677940,1.637838,3.141593

4.635145,1.672783,1.639988,3.141593

4.637413,1.668672,1.644486,3.141593

4.631315,1.667873,1.641909,3.141593

4.622680,1.658836,1.645125,3.141593

4.618712,1.654628,1.646447,3.141593

4.619812,1.651257,1.650676,3.141593

4.615329,1.647595,1.651693,3.141593

4.608268,1.646516,1.648988,3.141593

4.597505,1.639274,1.650627,3.141593

4.591887,1.635835,1.651255,3.141593

4.585836,1.632767,1.651598,3.141593

4.586431,1.630998,1.654881,3.141593

4.579623,1.629801,1.651862,3.141593

4.566847,1.625741,1.648741,3.141593

4.566761,1.624187,1.651860,3.141593

4.559806,1.622815,1.648748,3.141593

4.560969,1.620818,1.654310,3.141593

4.553330,1.618519,1.653767,3.141593

4.545818,1.616932,1.650591,3.141593

4.531343,1.613140,1.646496,3.141593

4.531165,1.612713,1.651010,3.141593

4.522789,1.610903,1.649771,3.141593

4.514328,1.609143,1.648405,3.141593

4.507074,1.607318,1.645018,3.141593

4.491097,1.604416,1.641563,3.141593

4.482073,1.602886,1.639688,3.141593

4.480978,1.603707,1.641209,3.141593

4.471465,1.602183,1.639137,3.141593

4.462680,1.601176,1.636794,3.141593

4.454695,1.598672,1.633301,3.141593

4.436594,1.596374,1.628266,3.141593

4.434847,1.597776,1.629242,3.141593

4.425262,1.596784,1.626439,3.141593

4.424933,1.596665,1.626511,3.141593

4.417622,1.594035,1.622956,3.141593

4.398436,1.591816,1.617026,3.141593

4.388788,1.590654,1.613977,3.141593

4.386317,1.592625,1.614363,3.141593

4.376425,1.591604,1.611067,3.141593

4.369065,1.588478,1.607544,3.141593

4.349933,1.586382,1.600750,3.141593

4.339566,1.585091,1.597259,3.141593

4.336670,1.587323,1.597224,3.141593

4.326542,1.586107,1.593610,3.141593

4.316845,1.585027,1.589963,3.141593

4.303230,1.577977,1.583166,3.141593

4.297000,1.582747,1.582429,3.141593

4.280683,1.577903,1.575324,3.141593

4.277296,1.580215,1.574882,3.141593

4.270823,1.576495,1.571659,3.141593

4.252142,1.574115,1.564022,3.141593

4.242727,1.572827,1.560229,3.141593

4.233423,1.571520,1.556454,3.141593

4.224118,1.570128,1.552717,3.141593

4.206300,1.567807,1.545110,3.141593

4.205993,1.567621,1.545212,3.141593

4.197121,1.566362,1.541511,3.141593

4.193592,1.568899,1.540600,3.141593

4.184780,1.567698,1.536859,3.141593

4.179639,1.563878,1.534246,3.141593

4.162955,1.561711,1.527015,3.141593

4.159300,1.564260,1.526010,3.141593

4.154605,1.560521,1.523578,3.141593

4.146453,1.559479,1.520128,3.141593

4.142776,1.562087,1.519056,3.141593

4.138379,1.558429,1.516777,3.141593

4.130566,1.557499,1.513420,3.141593

4.123376,1.562906,1.511110,3.141593

4.111896,1.558660,1.505648,3.141593

4.104459,1.557918,1.502501,3.141593

4.100659,1.554434,1.500590,3.141593

4.086696,1.553480,1.494425,3.141593

4.079779,1.553042,1.491528,3.141593

4.076162,1.555822,1.490379,3.141593

4.069394,1.555481,1.487560,3.141593

4.066221,1.552295,1.485953,3.141593

4.059686,1.552160,1.483239,3.141593

4.047117,1.552240,1.477852,3.141593

4.043516,1.555146,1.476727,3.141593

4.037271,1.555297,1.474227,3.141593

4.034661,1.552458,1.472917,3.141593

4.026322,1.550160,1.469198,3.141593

4.019242,1.556325,1.466998,3.141593

4.013406,1.556825,1.464719,3.141593

4.011129,1.554213,1.463636,3.141593

4.007480,1.557315,1.462580,3.141593

4.005318,1.554800,1.461555,3.141593

3.994306,1.556546,1.457275,3.141593

3.985257,1.560843,1.454227,3.141593

3.983412,1.558589,1.453380,3.141593

3.979697,1.561839,1.452385,3.141593

3.974303,1.562996,1.450469,3.141593

3.971025,1.558852,1.448860,3.141593

3.965857,1.560278,1.447169,3.141593

3.956983,1.565283,1.444460,3.141593

3.953143,1.568637,1.443495,3.141593

3.951678,1.566726,1.442857,3.141593

3.951540,1.566574,1.442896,3.141593

3.941362,1.570098,1.439626,3.141593

3.937459,1.573619,1.438785,3.141593

3.932334,1.575491,1.437298,3.141593

3.927232,1.577419,1.435853,3.141593

3.926025,1.575766,1.435355,3.141593

4.687076,-0.038516,1.611731,3.141593

4.684241,-0.032610,1.608101,3.141593

4.678382,-0.020787,1.600703,3.141593

4.675310,-0.014870,1.596905,3.141593

4.675291,-0.014870,1.596896,3.141593

4.675927,-0.009097,1.605808,3.141593

4.675915,-0.009097,1.605801,3.141593

4.669343,0.002764,1.597691,3.141593

4.665910,0.008716,1.593447,3.141593

4.662345,0.014710,1.589042,3.141593

4.662292,0.020504,1.599186,3.141593

4.662284,0.020504,1.599180,3.141593

4.658594,0.026460,1.595078,3.141593

4.650926,0.038369,1.587547,3.141593

4.646831,0.044214,1.592297,3.141593

4.642790,0.050083,1.589353,3.141593

4.642777,0.050083,1.589349,3.141593

4.638677,0.055899,1.586750,3.141593

4.630251,0.067368,1.582516,3.141593

4.624455,0.072938,1.589910,3.141593

4.624443,0.072938,1.589907,3.141593

4.620151,0.078466,1.588613,3.141593

4.620148,0.078466,1.588611,3.141593

4.609600,0.089236,1.590192,3.141593

4.605149,0.094434,1.589781,3.141593

4.600688,0.099506,1.589580,3.141593

4.596220,0.104445,1.589574,3.141593

4.600563,0.104315,1.590016,3.141593

4.596069,0.109069,1.590432,3.141593

4.587081,0.118141,1.591688,3.141593

4.582609,0.122450,1.592498,3.141593

4.578128,0.126503,1.593707,3.141593

4.577966,0.126517,1.590967,3.141593

4.569250,0.134138,1.593441,3.141593

4.564925,0.137707,1.594754,3.141593

4.564926,0.137707,1.594756,3.141593

4.554583,0.144108,1.594262,3.141593

4.554573,0.144108,1.594262,3.141593

4.554574,0.144108,1.594261,3.141593

4.542087,0.152156,1.599048,3.141593

4.550689,0.151780,1.594652,3.141593

4.546657,0.153986,1.596275,3.141593

4.542664,0.156032,1.597882,3.141593

4.538723,0.157918,1.599475,3.141593

4.535820,0.158060,1.596105,3.141593

4.528161,0.160926,1.599205,3.141593

4.524396,0.162127,1.600716,3.141593

4.520664,0.163178,1.602193,3.141593

4.520666,0.163177,1.602193,3.141593

4.511552,0.164490,1.600725,3.141593

4.508037,0.164872,1.602046,3.141593

4.504583,0.165111,1.603336,3.141593

4.501174,0.165211,1.604596,3.141593

4.504256,0.165035,1.600005,3.141593

4.497700,0.164395,1.602299,3.141593

4.494468,0.163878,1.603358,3.141593

4.491280,0.163233,1.604398,3.141593

4.491701,0.162056,1.601671,3.141593

4.491691,0.162057,1.601670,3.141593

4.488630,0.160964,1.602595,3.141593

4.485621,0.159752,1.603504,3.141593

4.485599,0.159753,1.603500,3.141593

4.471497,0.157380,1.602678,3.141593

4.468611,0.155658,1.603406,3.141593

4.465765,0.153829,1.604120,3.141593

4.465771,0.153829,1.604120,3.141593

4.462688,0.151922,1.603355,3.141593

4.457248,0.147440,1.604523,3.141593

4.454565,0.145056,1.605091,3.141593

4.451936,0.142577,1.605654,3.141593

4.451942,0.142577,1.605655,3.141593

4.449587,0.136865,1.605038,3.141593

4.447030,0.133990,1.605558,3.141593

4.444532,0.131027,1.606080,3.141593

4.444524,0.131028,1.606079,3.141593

4.441201,0.131307,1.604665,3.141593

4.436269,0.124915,1.605511,3.141593

4.433866,0.121602,1.605933,3.141593

4.431496,0.118213,1.606354,3.141593

4.429131,0.114646,1.606695,3.141593

4.424702,0.111201,1.605545,3.141593

4.420155,0.103716,1.606248,3.141593

4.417892,0.099793,1.606505,3.141593

4.417619,0.095629,1.605687,3.141593

4.417612,0.095630,1.605686,3.141593

4.417614,0.095629,1.605688,3.141593

4.413244,0.087467,1.606240,3.141593

4.408965,0.078984,1.606699,3.141593

4.407804,0.074532,1.606178,3.141593

4.407798,0.074532,1.606176,3.141593

4.405703,0.070109,1.606372,3.141593

4.401533,0.061059,1.606692,3.141593

4.398890,0.056491,1.606317,3.141593

4.396862,0.051815,1.606451,3.141593

4.396846,0.051816,1.606447,3.141593

4.392797,0.042272,1.606678,3.141593

4.389884,0.037497,1.606389,3.141593

4.387883,0.032583,1.606494,3.141593

4.385895,0.027622,1.606607,3.141593

4.385890,0.027622,1.606603,3.141593

4.369360,0.018862,1.606526,3.141593

4.367433,0.013734,1.606694,3.141593

4.365524,0.008561,1.606862,3.141593

4.363541,0.003323,1.607084,3.141593

3.701202,1.596547,1.427590,3.141593

3.702361,1.591373,1.428896,3.141593

3.702162,1.587586,1.429201,3.141593

3.702923,1.585137,1.430006,3.141593

3.702276,1.584255,1.429793,3.141593

3.703060,1.581770,1.430605,3.141593

3.702404,1.580883,1.430396,3.141593

3.703677,1.575207,1.431748,3.141593

3.703389,1.571026,1.432048,3.141593

3.703660,1.567540,1.432600,3.141593

3.704554,1.564846,1.433467,3.141593

3.704856,1.561286,1.434025,3.141593

3.703395,1.559341,1.433429,3.141593

3.705354,1.554018,1.435134,3.141593

3.705569,1.550326,1.435665,3.141593

3.705750,1.546601,1.436191,3.141593

3.704860,1.545456,1.435874,3.141593

3.705185,1.538086,1.436817,3.141593

3.705979,1.535340,1.437668,3.141593

3.705014,1.534121,1.437328,3.141593

3.705846,1.527820,1.438585,3.141593

3.705695,1.527653,1.438612,3.141593

3.704471,1.519255,1.438984,3.141593

3.704311,1.519082,1.439025,3.141593

3.703945,1.515378,1.439394,3.141593

3.703502,1.511701,1.439746,3.141593

3.702929,1.508114,1.440070,3.141593

3.701678,1.501213,1.440619,3.141593

3.701108,1.495950,1.441558,3.141593

3.700051,1.492718,1.441751,3.141593

3.698759,1.491178,1.441280,3.141593

3.697577,1.487983,1.441463,3.141593

3.697422,1.484979,1.442746,3.141593

3.694683,1.480703,1.442309,3.141593

3.693047,1.477931,1.442385,3.141593

3.691625,1.476270,1.441876,3.141593

3.689880,1.473560,1.441922,3.141593

3.688723,1.471999,1.443010,3.141593

3.685259,1.468136,1.442406,3.141593

3.683053,1.465928,1.442355,3.141593

3.681496,1.464144,1.441812,3.141593

3.677630,1.460523,1.441133,3.141593

3.674069,1.458662,1.441450,3.141593

3.671371,1.456948,1.441294,3.141593

3.669989,1.457244,1.441716,3.141593

3.668308,1.455349,1.441150,3.141593

3.663989,1.454653,1.441307,3.141593

3.659256,1.451655,1.440466,3.141593

3.656035,1.450533,1.440212,3.141593

3.654282,1.451540,1.440558,3.141593

3.652471,1.449527,1.439979,3.141593

3.645586,1.448190,1.439350,3.141593

3.641964,1.447561,1.439042,3.141593

3.639917,1.449129,1.439317,3.141593

3.636073,1.448833,1.438952,3.141593

3.634154,1.446716,1.438348,3.141593

3.628457,1.444494,1.437348,3.141593

3.628302,1.444339,1.437378,3.141593

3.619929,1.448682,1.437367,3.141593

3.615692,1.448870,1.436926,3.141593

3.613663,1.446645,1.436314,3.141593

3.606994,1.449589,1.436022,3.141593

3.604466,1.452228,1.436187,3.141593

3.597997,1.450656,1.435059,3.141593

3.593432,1.451277,1.434589,3.141593

3.591306,1.448948,1.433959,3.141593

3.582016,1.450714,1.432937,3.141593

3.579234,1.453790,1.433052,3.141593

3.574412,1.454711,1.432530,3.141593

3.569503,1.455794,1.431996,3.141593

3.567288,1.453368,1.431382,3.141593

3.560280,1.452203,1.430222,3.141593

3.560117,1.452039,1.430260,3.141593

3.552260,1.456768,1.429773,3.141593

3.547113,1.458076,1.429198,3.141593

3.541929,1.459417,1.428632,3.141593

3.541767,1.459253,1.428664,3.141593

3.534462,1.458293,1.427469,3.141593

3.526138,1.463726,1.426899,3.141593

3.520768,1.465267,1.426289,3.141593

3.515375,1.466842,1.425683,3.141593

3.509952,1.468451,1.425102,3.141593

3.503511,1.476861,1.425089,3.141593

3.495765,1.476151,1.423823,3.141593

3.490181,1.477904,1.423171,3.141593

3.487835,1.475266,1.422572,3.141593

3.480038,1.474541,1.421325,3.141593

3.470989,1.480942,1.420641,3.141593

3.461880,1.487461,1.419925,3.141593

3.459499,1.484745,1.419328,3.141593

3.459337,1.484573,1.419352,3.141593

3.447794,1.488758,1.418028,3.141593

3.441901,1.490772,1.417352,3.141593

3.435972,1.492779,1.416659,3.141593

3.432234,1.497464,1.416563,3.141593

3.418141,1.499234,1.414634,3.141593

3.414310,1.503939,1.414509,3.141593

3.408219,1.506097,1.413804,3.141593

3.402081,1.508237,1.413117,3.141593

3.399650,1.505367,1.412558,3.141593

3.387498,1.509849,1.411159,3.141593

3.383514,1.514737,1.410995,3.141593

3.377266,1.516954,1.410300,3.141593

3.370962,1.519128,1.409584,3.141593

3.368541,1.516212,1.409065,3.141593

3.364473,1.521111,1.408873,3.141593

3.359877,1.515524,1.407867,3.141593

3.349541,1.522873,1.406937,3.141593

3.343150,1.525093,1.406225,3.141593

3.338954,1.530051,1.406024,3.141593

3.336580,1.527124,1.405535,3.141593

3.327896,1.526583,1.404343,3.141593

3.317277,1.533988,1.403368,3.141593

3.310764,1.536218,1.402651,3.141593

3.306408,1.541200,1.402405,3.141593

3.299861,1.543491,1.401670,3.141593

3.295344,1.537731,1.400788,3.141593

3.284466,1.545162,1.399762,3.141593

3.277846,1.547390,1.399046,3.141593

3.273330,1.552405,1.398779,3.141593

3.271031,1.549420,1.398346,3.141593

3.270850,1.549198,1.398385,3.141593

3.259815,1.556659,1.397301,3.141593

3.250989,1.556069,1.396179,3.141593

3.244260,1.558270,1.395458,3.141593

3.239597,1.563249,1.395153,3.141593

3.237364,1.560267,1.394770,3.141593

3.228608,1.559725,1.393643,3.141593

3.219278,1.569802,1.392917,3.141593

3.212483,1.571975,1.392123,3.141593

3.205601,1.574086,1.391571,3.141593

3.203449,1.571123,1.391214,3.141593

3.191918,1.578366,1.390159,3.141593

3.183101,1.577737,1.389127,3.141593

3.176249,1.579854,1.388439,3.141593

3.171292,1.584678,1.388088,3.141593

3.169233,1.581749,1.387766,3.141593

3.155606,1.586130,1.386406,3.141593

3.148702,1.588197,1.385739,3.141593

3.141788,1.590249,1.385085,3.141593

3.136706,1.594988,1.384730,3.141593

3.134718,1.592066,1.384452,3.141593

3.121018,1.596277,1.382933,3.141593

3.114068,1.598261,1.382302,3.141593

3.107116,1.600272,1.381894,3.141593

3.100159,1.602228,1.381273,3.141593

3.100009,1.602006,1.381288,3.141593

3.086218,1.606090,1.380061,3.141593

3.084431,1.603367,1.380095,3.141593

3.072246,1.609870,1.378911,3.141593

3.066895,1.614338,1.378585,3.141593

3.059867,1.616164,1.378027,3.141593

3.056551,1.610927,1.377903,3.141593

3.044199,1.617069,1.376364,3.141593

3.037203,1.618951,1.376192,3.141593

3.031727,1.623255,1.375897,3.141593

3.030030,1.620468,1.375703,3.141593

3.021534,1.619844,1.375408,3.141593

3.009063,1.625797,1.374236,3.141593

3.003447,1.629794,1.373537,3.141593

2.996415,1.631593,1.373527,3.141593

2.994816,1.628857,1.373346,3.141593

2.980884,1.632287,1.372482,3.141593

2.973837,1.633857,1.372064,3.141593

2.966782,1.635405,1.371665,3.141593

2.961127,1.639358,1.371458,3.141593

2.959625,1.636680,1.371307,3.141593

2.951391,1.636096,1.371291,3.141593

2.938681,1.641371,1.370205,3.141593

2.931699,1.642807,1.369870,3.141593

2.925862,1.646244,1.369136,3.141593

2.924574,1.643978,1.369569,3.141593

2.910600,1.646647,1.368346,3.141593

2.903624,1.647984,1.368065,3.141593

2.896783,1.649722,1.368405,3.141593

2.889810,1.651054,1.368144,3.141593

2.881581,1.649737,1.367133,3.141593

2.870023,1.656924,1.366905,3.141593

2.868956,1.654942,1.367448,3.141593

2.856078,1.659372,1.366465,3.141593

2.855068,1.657473,1.367029,3.141593

2.854939,1.657217,1.367054,3.141593

2.841205,1.659948,1.366658,3.141593

2.834286,1.661160,1.366477,3.141593

2.827363,1.662354,1.366279,3.141593

2.821405,1.665622,1.366226,3.141593

2.820317,1.663297,1.366145,3.141593

2.806667,1.665854,1.365776,3.141593

2.799770,1.666980,1.365620,3.141593

2.792876,1.668110,1.365452,3.141593

2.786894,1.671173,1.365359,3.141593

2.779742,1.671455,1.364511,3.141593

2.779289,1.670752,1.365743,3.141593

2.771337,1.669162,1.364826,3.141593

2.758561,1.673348,1.364471,3.141593

2.752226,1.675375,1.363701,3.141593

2.751604,1.674055,1.364228,3.141593

2.738471,1.677177,1.363185,3.141593

2.732095,1.679032,1.362410,3.141593

2.731059,1.676798,1.363399,3.141593

2.717899,1.679639,1.362256,3.141593

2.717369,1.678457,1.362720,3.141593

2.703863,1.680203,1.361003,3.141593

2.697994,1.683566,1.361166,3.141593

2.690416,1.682405,1.360635,3.141593

2.683520,1.682991,1.360153,3.141593

2.683705,1.683594,1.360586,3.141593

2.682955,1.681628,1.360539,3.141593

2.675195,1.679646,1.359561,3.141593

2.662745,1.684121,1.358518,3.141593

2.655821,1.684471,1.357871,3.141593

2.648909,1.684763,1.357221,3.141593

2.648503,1.683709,1.357462,3.141593

2.648666,1.684237,1.357710,3.141593

2.627784,1.684330,1.354679,3.141593

2.620797,1.684336,1.353857,3.141593

2.620686,1.684134,1.354242,3.141593

2.613714,1.684020,1.353295,3.141593

2.613621,1.683753,1.353327,3.141593

2.599710,1.683575,1.351323,3.141593

2.599352,1.682503,1.351391,3.141593

2.585901,1.683500,1.349088,3.141593

2.578850,1.682916,1.347921,3.141593

2.578509,1.681839,1.347952,3.141593

2.571899,1.682636,1.346743,3.141593

2.557399,1.679860,1.344102,3.141593

2.557271,1.679389,1.344001,3.141593

2.543366,1.678318,1.341147,3.141593

2.543048,1.677170,1.341053,3.141593

2.542177,1.674093,1.341029,3.141593

2.528780,1.674373,1.337741,3.141593

2.521638,1.672769,1.335971,3.141593

2.514482,1.671019,1.334118,3.141593

2.507677,1.670540,1.332218,3.141593

2.507239,1.668836,1.332214,3.141593

2.499880,1.665752,1.329812,3.141593

2.485837,1.662387,1.325717,3.141593

2.478665,1.659788,1.323354,3.141593

2.471822,1.658334,1.320840,3.141593

2.471441,1.656654,1.320863,3.141593

2.457509,1.652084,1.315462,3.141593

2.450088,1.647291,1.312599,3.141593

2.443141,1.644814,1.310175,3.141593

2.436047,1.640910,1.307039,3.141593

2.435847,1.639351,1.306382,3.141593

2.421706,1.631042,1.300318,3.141593

2.414968,1.627740,1.296663,3.141593

2.408030,1.622779,1.292867,3.141593

2.401143,1.617541,1.288894,3.141593

2.400892,1.615908,1.288968,3.141593

2.393934,1.610493,1.285803,3.141593

2.381082,1.601313,1.275725,3.141593

2.374347,1.593451,1.271024,3.141593

2.374336,1.591529,1.269906,3.141593

2.367914,1.584630,1.264833,3.141593

2.367876,1.584297,1.264866,3.141593

2.361674,1.575283,1.258245,3.141593

2.349488,1.561642,1.248202,3.141593

2.343673,1.553234,1.242169,3.141593

2.338129,1.545623,1.235713,3.141593

2.338029,1.544025,1.235875,3.141593

2.332233,1.534247,1.231194,3.141593

2.322230,1.517339,1.217073,3.141593

2.317556,1.506854,1.209734,3.141593

2.313208,1.495930,1.202140,3.141593

2.313736,1.493614,1.200239,3.141593

2.304916,1.472406,1.188447,3.141593

2.302252,1.460541,1.177538,3.141593

2.299424,1.447923,1.168747,3.141593

2.297038,1.434872,1.159679,3.141593

2.297894,1.432662,1.157555,3.141593

2.296044,1.419272,1.148177,3.141593

2.293750,1.407169,1.140770,3.141593

2.293608,1.377168,1.118440,3.141593

2.293852,1.363422,1.107736,3.141593

2.293739,1.348505,1.099852,3.141593

2.295984,1.345923,1.095347,3.141593

2.298566,1.316544,1.076010,3.141593

2.301388,1.300903,1.065024,3.141593

2.304853,1.285116,1.053986,3.141593

2.312730,1.252867,1.034256,3.141593

2.312794,1.252560,1.034355,3.141593

2.319064,1.237570,1.020730,3.141593

2.325106,1.221722,1.009675,3.141593

2.331712,1.206043,0.998743,3.141593

2.331779,1.205745,0.998866,3.141593

2.346614,1.175193,0.977326,3.141593

2.354894,1.160052,0.966878,3.141593

2.363580,1.145276,0.956699,3.141593

2.372725,1.131471,0.946154,3.141593

2.372712,1.130597,0.946971,3.141593

2.393621,1.097694,0.930649,3.141593

2.392200,1.103323,0.927303,3.141593

2.402076,1.089550,0.919083,3.141593

2.412304,1.076766,0.910513,3.141593

2.422969,1.064860,0.901548,3.141593

2.422786,1.064173,0.902447,3.141593

2.433130,1.051795,0.895317,3.141593

2.457099,1.026264,0.880997,3.141593

2.464745,1.019885,0.873377,3.141593

2.475587,1.010309,0.866305,3.141593

2.475221,1.009753,0.867247,3.141593

2.481030,1.004357,0.861525,3.141593

2.505057,0.983162,0.850729,3.141593

2.514526,0.975139,0.846017,3.141593

2.524333,0.967802,0.840854,3.141593

2.523761,0.967348,0.841812,3.141593

2.540589,0.953723,0.834130,3.141593

2.548534,0.947340,0.830828,3.141593

2.556242,0.941539,0.827451,3.141593

2.570310,0.932109,0.824067,3.141593

2.563316,0.936187,0.824360,3.141593

2.590080,0.918166,0.819332,3.141593

2.590489,0.917836,0.815887,3.141593

2.595192,0.913222,0.814691,3.141593

2.600065,0.909099,0.813026,3.141593

2.591950,0.912865,0.813435,3.141593

2.615068,0.897504,0.811291,3.141593

2.611323,0.897589,0.809820,3.141593

2.622944,0.890859,0.808419,3.141593

2.609406,0.894769,0.807235,3.141593

2.611345,0.891554,0.806582,3.141593

2.609464,0.891174,0.807920,3.141593

2.612386,0.885262,0.806497,3.141593

2.612724,0.882379,0.806220,3.141593

2.612688,0.879556,0.806045,3.141593

2.612787,0.879636,0.805909,3.141593

2.628882,0.867754,0.806278,3.141593

2.618458,0.868325,0.806276,3.141593

2.617736,0.866062,0.805707,3.141593

2.615529,0.863590,0.805931,3.141593

2.606101,0.866868,0.805764,3.141593

2.605026,0.866704,0.806385,3.141593

2.598422,0.861825,0.807189,3.141593

2.594666,0.859488,0.807581,3.141593

2.601616,0.854311,0.807239,3.141593

2.597057,0.852064,0.807670,3.141593

2.585828,0.855067,0.808332,3.141593

2.589548,0.849468,0.809544,3.141593

2.580899,0.845666,0.809093,3.141593

2.574648,0.843604,0.809595,3.141593

2.562855,0.846720,0.810334,3.141593

2.557343,0.845025,0.810069,3.141593

2.556105,0.844833,0.810778,3.141593

2.547609,0.842703,0.812126,3.141593

2.544288,0.835775,0.812405,3.141593

2.548295,0.830878,0.812055,3.141593

2.528674,0.832656,0.812603,3.141593

2.519720,0.831083,0.813113,3.141593

2.495292,0.838651,0.814338,3.141593

2.487135,0.831962,0.815343,3.141593

2.476787,0.830823,0.815923,3.141593

2.467565,0.830076,0.815528,3.141593

2.466183,0.829891,0.816377,3.141593

2.467902,0.819429,0.817033,3.141593

2.443511,0.828400,0.817525,3.141593

2.433353,0.822884,0.817386,3.141593

2.420927,0.822578,0.817934,3.141593

2.406672,0.827470,0.819371,3.141593

2.407424,0.817495,0.818637,3.141593

2.382268,0.823371,0.818642,3.141593

2.366679,0.823742,0.820449,3.141593

2.351753,0.829505,0.822238,3.141593

2.338439,0.831035,0.821819,3.141593

2.323178,0.837308,0.823924,3.141593

2.320252,0.827383,0.823845,3.141593

2.304607,0.829279,0.824741,3.141593

2.273109,0.834566,0.825605,3.141593

2.257215,0.841988,0.828233,3.141593

2.240139,0.845425,0.829547,3.141593

2.224153,0.849625,0.829559,3.141593

2.221402,0.849003,0.832309,3.141593

2.186521,0.858582,0.834370,3.141593

2.169318,0.864417,0.834726,3.141593

2.167999,0.864087,0.836169,3.141593

2.129953,0.876471,0.840706,3.141593

2.110490,0.883646,0.843211,3.141593

2.090842,0.891372,0.845979,3.141593

2.072174,0.900291,0.847281,3.141593

2.055668,0.911957,0.852285,3.141593

2.045997,0.905837,0.852171,3.141593

2.025639,0.915712,0.855784,3.141593

2.006234,0.926983,0.857911,3.141593

2.000821,0.924627,0.857919,3.141593

1.969743,0.951660,0.868331,3.141593

1.964225,0.949586,0.868420,3.141593

1.925140,0.977305,0.875100,3.141593

1.904333,0.990145,0.882548,3.141593

1.889583,1.004945,0.889945,3.141593

1.870656,1.021075,0.894462,3.141593

1.858317,1.017725,0.897121,3.141593

1.826878,1.051770,0.908661,3.141593

1.808489,1.068539,0.916068,3.141593

1.790650,1.085683,0.923808,3.141593

1.778852,1.101671,0.932674,3.141593

1.761898,1.117501,0.942421,3.141593

1.740770,1.139131,0.948705,3.141593

1.735049,1.139523,0.949597,3.141593

1.710823,1.175860,0.966544,3.141593

1.702058,1.191743,0.976093,3.141593

1.696439,1.190247,0.978474,3.141593

1.681118,1.225726,0.994968,3.141593

1.671191,1.231822,0.994568,3.141593

1.659474,1.250315,1.004115,3.141593

1.648478,1.268706,1.013752,3.141593

1.642707,1.283579,1.023400,3.141593

1.633089,1.285380,1.025605,3.141593

1.619623,1.322853,1.042797,3.141593

1.611377,1.340392,1.052431,3.141593

1.603743,1.357596,1.061955,3.141593

1.600939,1.373753,1.070337,3.141593

1.600557,1.371192,1.071134,3.141593

1.587943,1.403616,1.089688,3.141593

1.582458,1.419341,1.098766,3.141593

1.577433,1.434686,1.107734,3.141593

1.572884,1.449576,1.116504,3.141593

1.572923,1.449838,1.116493,3.141593

1.565172,1.464893,1.125884,3.141593

1.561599,1.491521,1.141855,3.141593

1.558505,1.504595,1.149946,3.141593

1.555711,1.517212,1.157856,3.141593

1.553166,1.520846,1.158006,3.141593

1.548437,1.544467,1.173220,3.141593

1.548813,1.552504,1.180495,3.141593

1.546901,1.563413,1.187660,3.141593

1.545184,1.573914,1.194553,3.141593

1.542986,1.577322,1.194581,3.141593

1.544382,1.590772,1.207877,3.141593

1.540758,1.603155,1.214131,3.141593

1.538672,1.606450,1.214054,3.141593

1.537452,1.615437,1.220132,3.141593

1.538411,1.621105,1.226143,3.141593

1.531979,1.622103,1.225848,3.141593

1.536150,1.637531,1.237126,3.141593

1.535100,1.645299,1.242325,3.141593

1.534075,1.652759,1.247332,3.141593

1.532045,1.655886,1.246986,3.141593

1.533106,1.660179,1.252053,3.141593

1.527864,1.663891,1.251285,3.141593

1.527822,1.674507,1.260508,3.141593

1.528864,1.686517,1.268909,3.141593

1.526907,1.689692,1.268442,3.141593

1.527890,1.692806,1.272543,3.141593

1.525616,1.696586,1.276012,3.141593

1.524520,1.702398,1.279359,3.141593

1.521228,1.711054,1.281780,3.141593

1.521316,1.718687,1.284661,3.141593

1.518167,1.719977,1.283939,3.141593

1.521401,1.727654,1.293600,3.141593

1.517922,1.735744,1.295141,3.141593

1.516506,1.740582,1.297177,3.141593

1.514677,1.744158,1.296412,3.141593

1.515162,1.745486,1.299107,3.141593

1.508664,1.748759,1.297274,3.141593

1.510005,1.758188,1.301380,3.141593

1.508393,1.762721,1.302757,3.141593

1.508636,1.763495,1.304903,3.141593

1.506840,1.767321,1.304076,3.141593

1.507025,1.767944,1.305926,3.141593

1.507143,1.768104,1.305918,3.141593

1.503222,1.776318,1.307566,3.141593

1.501266,1.780425,1.308220,3.141593

1.499248,1.784427,1.308629,3.141593

1.498517,1.790237,1.308876,3.141593

1.497231,1.788579,1.308815,3.141593

1.492670,1.796247,1.308969,3.141593

1.490370,1.800043,1.308724,3.141593

1.488544,1.804407,1.307475,3.141593

1.486104,1.808202,1.307093,3.141593

1.485557,1.807678,1.307847,3.141593

1.481633,1.809670,1.307113,3.141593

1.477909,1.818607,1.304307,3.141593

1.475829,1.823064,1.303721,3.141593

1.473041,1.826619,1.302519,3.141593

1.472141,1.825622,1.302703,3.141593

1.472267,1.825770,1.302720,3.141593

1.467833,1.834281,1.299598,3.141593

1.463001,1.835639,1.297616,3.141593

1.459803,1.838853,1.295534,3.141593

1.458307,1.843959,1.293390,3.141593

1.456837,1.842244,1.292848,3.141593

1.449381,1.847895,1.288419,3.141593

1.445746,1.850763,1.285595,3.141593

1.442090,1.853587,1.282490,3.141593

1.440160,1.858352,1.279239,3.141593

1.438328,1.856392,1.279160,3.141593

1.432003,1.855918,1.273123,3.141593

1.425619,1.862770,1.265931,3.141593

1.421041,1.864580,1.261084,3.141593

1.418565,1.868543,1.256013,3.141593

1.416457,1.866338,1.255974,3.141593

1.416164,1.865602,1.254210,3.141593

1.404943,1.874576,1.242785,3.141593

1.399251,1.874370,1.234049,3.141593

1.393858,1.874856,1.226883,3.141593

1.390758,1.870867,1.224197,3.141593

1.385102,1.870839,1.216436,3.141593

1.379322,1.876967,1.202399,3.141593

1.371104,1.874884,1.196550,3.141593

1.363921,1.871088,1.182765,3.141593

1.360116,1.865633,1.178810,3.141593

1.348177,1.864995,1.164894,3.141593

1.343264,1.861541,1.147563,3.141593

1.335981,1.856718,1.134038,3.141593

1.328650,1.851056,1.119532,3.141593

1.324074,1.843098,1.113655,3.141593

1.320917,1.844057,1.104065,3.141593

1.311658,1.826626,1.091143,3.141593

1.300646,1.816294,1.061993,3.141593

1.292861,1.804446,1.042376,3.141593

1.289879,1.802310,1.029558,3.141593

1.284960,1.790517,1.021505,3.141593

1.270547,1.772434,0.994360,3.141593

1.267576,1.750292,0.959709,3.141593

1.261151,1.727965,0.933719,3.141593

1.257220,1.711907,0.923753,3.141593

1.256379,1.691457,0.895362,3.141593

1.251669,1.685265,0.896605,3.141593

1.242840,1.635152,0.849917,3.141593

1.246110,1.606481,0.818446,3.141593

1.242784,1.582055,0.800018,3.141593

1.249349,1.524031,0.757740,3.141593

1.249022,1.500510,0.749030,3.141593

1.244756,1.462395,0.733779,3.141593

1.268793,1.368057,0.677996,3.141593

1.287425,1.321971,0.651712,3.141593

1.304675,1.267011,0.631243,3.141593

1.308883,1.242420,0.628522,3.141593

1.330197,1.166580,0.611295,3.141593

1.368178,1.104639,0.592913,3.141593

1.392435,1.053945,0.587363,3.141593

1.398440,1.034333,0.589447,3.141593

1.422819,0.988426,0.588204,3.141593

1.421687,0.988813,0.588710,3.141593

1.470275,0.906064,0.594053,3.141593

1.485086,0.878280,0.599455,3.141593

1.511925,0.849240,0.601875,3.141593

1.533264,0.818796,0.610064,3.141593

1.534909,0.808635,0.615640,3.141593

1.559814,0.767329,0.633192,3.141593

1.582791,0.741162,0.644267,3.141593

1.601596,0.725780,0.650552,3.141593

1.615386,0.708772,0.660938,3.141593

1.614088,0.703360,0.665792,3.141593

1.621825,0.685731,0.679847,3.141593

1.646997,0.668422,0.691875,3.141593

1.654933,0.658122,0.701541,3.141593

1.661388,0.648953,0.711030,3.141593

1.657223,0.646392,0.714486,3.141593

1.670441,0.634362,0.728378,3.141593

1.672807,0.633979,0.728322,3.141593

1.673424,0.625633,0.739421,3.141593

1.676345,0.620383,0.747063,3.141593

1.681842,0.617879,0.751438,3.141593

1.677678,0.615720,0.754537,3.141593

1.680070,0.608109,0.767945,3.141593

1.680615,0.605013,0.774087,3.141593

1.680241,0.602248,0.780022,3.141593

1.681546,0.601672,0.783032,3.141593

1.678574,0.599861,0.785632,3.141593

1.676833,0.594921,0.796853,3.141593

1.674973,0.593268,0.801531,3.141593

1.670088,0.592656,0.805167,3.141593

1.668912,0.592919,0.807025,3.141593

1.665855,0.591296,0.809489,3.141593

1.658689,0.588930,0.817249,3.141593

1.654633,0.588053,0.820627,3.141593

1.650603,0.586717,0.825694,3.141593

1.644393,0.586230,0.827064,3.141593

1.643966,0.586238,0.827103,3.141593

1.636493,0.583998,0.832260,3.141593

1.631402,0.582897,0.836143,3.141593

1.621717,0.583310,0.837326,3.141593

1.617090,0.583956,0.837404,3.141593

1.614564,0.582590,0.839652,3.141593

1.601770,0.581948,0.842572,3.141593

1.599249,0.580109,0.845359,3.141593

1.593225,0.580202,0.845312,3.141593

1.581427,0.580969,0.845391,3.141593

1.579487,0.579718,0.847484,3.141593

1.572642,0.575700,0.852172,3.141593

1.561556,0.577880,0.849597,3.141593

1.553085,0.577409,0.850299,3.141593

1.544662,0.576977,0.850627,3.141593

1.534725,0.576566,0.851148,3.141593

1.520182,0.577835,0.852516,3.141593

1.508993,0.576844,0.851850,3.141593

1.498776,0.576842,0.851584,3.141593

1.496292,0.575976,0.850528,3.141593

1.487843,0.577001,0.851249,3.141593

1.487373,0.577044,0.851312,3.141593

1.474002,0.576408,0.849571,3.141593

1.461776,0.575551,0.850719,3.141593

1.443055,0.579014,0.847904,3.141593

1.432469,0.581335,0.844304,3.141593

1.430309,0.580077,0.846766,3.141593

1.425207,0.578108,0.847270,3.141593

1.401864,0.583750,0.839423,3.141593

1.391448,0.584718,0.842039,3.141593

1.377409,0.586911,0.840150,3.141593

1.363459,0.591000,0.835893,3.141593

1.357434,0.589504,0.835766,3.141593

1.336750,0.595957,0.836486,3.141593

1.326424,0.596530,0.830624,3.141593

1.309951,0.600838,0.827957,3.141593

1.293417,0.605705,0.824981,3.141593

1.281659,0.610225,0.825461,3.141593

1.280585,0.610461,0.825738,3.141593

1.266730,0.609622,0.823532,3.141593

1.237217,0.625449,0.815712,3.141593

1.217465,0.633651,0.812476,3.141593

1.197143,0.643030,0.808844,3.141593

1.183205,0.650145,0.809857,3.141593

1.152860,0.663212,0.804825,3.141593

1.130245,0.678746,0.798837,3.141593

1.120238,0.681929,0.797169,3.141593

1.082540,0.710024,0.792220,3.141593

1.067008,0.720843,0.794244,3.141593

1.066342,0.721146,0.794496,3.141593

1.030936,0.745761,0.790241,3.141593

1.005241,0.767928,0.787887,3.141593

0.963469,0.810038,0.786870,3.141593

0.935865,0.842373,0.784406,3.141593

0.924301,0.852549,0.783618,3.141593

0.924984,0.844231,0.788711,3.141593

0.871858,0.918523,0.786672,3.141593

0.846404,0.955173,0.790145,3.141593

0.832920,0.973682,0.796318,3.141593

0.809020,1.018525,0.799908,3.141593

0.809124,1.013155,0.801996,3.141593

0.808097,1.013842,0.802944,3.141593

0.774394,1.075565,0.817920,3.141593

0.747680,1.141811,0.828123,3.141593

0.731360,1.186324,0.839951,3.141593

0.717690,1.238330,0.852589,3.141593

0.716673,1.232181,0.854203,3.141593

0.699301,1.297072,0.879506,3.141593

0.690593,1.365440,0.900044,3.141593

0.689728,1.390152,0.906189,3.141593

0.687292,1.432233,0.923689,3.141593

0.684359,1.449385,0.936324,3.141593

0.683962,1.472243,0.948354,3.141593

0.685571,1.505069,0.961824,3.141593

0.690814,1.560741,0.991350,3.141593

0.695919,1.593638,1.009939,3.141593

0.704815,1.629948,1.028946,3.141593

0.702151,1.624533,1.028575,3.141593

0.706657,1.647490,1.045696,3.141593

0.724930,1.694726,1.070024,3.141593

0.722015,1.689846,1.069507,3.141593

0.735322,1.725368,1.095459,3.141593

0.747749,1.750138,1.111323,3.141593

0.744231,1.745634,1.111620,3.141593

0.755259,1.769698,1.133460,3.141593

0.772862,1.796139,1.151686,3.141593

0.781959,1.809975,1.164273,3.141593

0.794242,1.826185,1.176628,3.141593

0.790683,1.822455,1.176538,3.141593

0.791954,1.823614,1.179970,3.141593

0.815561,1.851115,1.201466,3.141593

0.823415,1.859824,1.211175,3.141593

0.823904,1.861647,1.216001,3.141593

0.834457,1.872175,1.225372,3.141593

0.831017,1.869090,1.224991,3.141593

0.838076,1.876903,1.236889,3.141593

0.847905,1.883895,1.242353,3.141593

0.857234,1.891978,1.250032,3.141593

0.856863,1.892430,1.253412,3.141593

0.865533,1.899485,1.260281,3.141593

0.867895,1.900731,1.262443,3.141593

0.869253,1.901777,1.267047,3.141593

0.868340,1.901693,1.270066,3.141593

0.881268,1.910869,1.277595,3.141593

0.885054,1.913616,1.281558,3.141593

0.881252,1.911046,1.281619,3.141593

0.890095,1.917743,1.288871,3.141593

0.893659,1.920217,1.293149,3.141593

0.890040,1.917809,1.292598,3.141593

0.893866,1.921065,1.298155,3.141593

0.895468,1.922565,1.301185,3.141593

0.895217,1.923129,1.302265,3.141593

0.897809,1.925209,1.305896,3.141593

0.898648,1.926479,1.307914,3.141593

0.899109,1.927642,1.310175,3.141593

0.899064,1.928555,1.312112,3.141593

0.896419,1.929052,1.312238,3.141593

0.898175,1.930387,1.314853,3.141593

0.897533,1.931308,1.315978,3.141593

0.896528,1.932158,1.317361,3.141593

0.898622,1.934848,1.317591,3.141593

0.894814,1.932852,1.318453,3.141593

0.889939,1.933427,1.317840,3.141593

0.889020,1.935002,1.320019,3.141593

0.890407,1.937876,1.320537,3.141593

0.887871,1.938775,1.321405,3.141593

0.883558,1.936487,1.321577,3.141593

0.876510,1.937189,1.320137,3.141593

0.872966,1.937879,1.319833,3.141593

0.869279,1.938628,1.319831,3.141593

0.870044,1.941844,1.319928,3.141593

0.865560,1.942253,1.318972,3.141593

0.855469,1.936730,1.317805,3.141593

0.855424,1.936764,1.318285,3.141593

0.850753,1.940454,1.316524,3.141593

0.845580,1.940884,1.315439,3.141593

0.845631,1.944252,1.314857,3.141593

0.840072,1.941201,1.314191,3.141593

0.828767,1.941990,1.311275,3.141593

0.822377,1.942084,1.309229,3.141593

0.815734,1.942074,1.306920,3.141593

0.814874,1.945384,1.305244,3.141593

0.809246,1.942192,1.304440,3.141593

0.795773,1.938379,1.300553,3.141593

0.787022,1.941634,1.296401,3.141593

0.785989,1.945302,1.294656,3.141593

0.777717,1.944818,1.291396,3.141593

0.771303,1.940828,1.289370,3.141593

0.755595,1.940495,1.283816,3.141593

0.752385,1.942863,1.279375,3.141593

0.743249,1.941753,1.274412,3.141593

0.735668,1.936818,1.272385,3.141593

0.726570,1.935511,1.266727,3.141593

0.716740,1.933721,1.261072,3.141593

0.710434,1.939260,1.252874,3.141593

0.696753,1.930184,1.251228,3.141593

0.680954,1.928704,1.238369,3.141593

0.673920,1.922857,1.233431,3.141593

0.658427,1.921442,1.220921,3.141593

0.653421,1.922046,1.212334,3.141593

0.635598,1.913345,1.203396,3.141593

0.619154,1.904291,1.191319,3.141593

0.610572,1.895923,1.185257,3.141593

0.613168,1.896907,1.181924,3.141593

0.583822,1.879625,1.158483,3.141593

0.567730,1.868613,1.145630,3.141593

0.552778,1.856503,1.129215,3.141593

0.546700,1.850980,1.111196,3.141593

0.534247,1.841782,1.099193,3.141593

0.513853,1.814175,1.082905,3.141593

0.488865,1.789026,1.054163,3.141593

0.484152,1.782883,1.038192,3.141593

0.465390,1.757365,1.018204,3.141593

0.466549,1.748830,1.003852,3.141593

0.461383,1.739953,1.000204,3.141593

0.428453,1.674620,0.950778,3.141593

0.412058,1.634651,0.925513,3.141593

0.400567,1.589627,0.894402,3.141593

0.395895,1.569432,0.877011,3.141593

0.391012,1.540562,0.864243,3.141593

0.382565,1.474639,0.830651,3.141593

0.385464,1.398598,0.783325,3.141593

0.387934,1.355094,0.762669,3.141593

0.395278,1.261946,0.735055,3.141593

0.415905,1.200585,0.711550,3.141593

0.434914,1.109065,0.693149,3.141593

0.463491,1.015940,0.684275,3.141593

0.493205,0.951268,0.677743,3.141593

0.524181,0.891143,0.676173,3.141593

0.523904,0.891525,0.676215,3.141593

0.548517,0.848851,0.677333,3.141593

0.612387,0.762532,0.682916,3.141593

0.653447,0.703793,0.699193,3.141593

0.670973,0.685889,0.703788,3.141593

0.688010,0.670859,0.706215,3.141593

0.732129,0.627915,0.723666,3.141593

0.755640,0.602493,0.738735,3.141593

0.773906,0.594262,0.741186,3.141593

0.798946,0.569365,0.759507,3.141593

0.810659,0.563559,0.761135,3.141593

0.835047,0.550016,0.774215,3.141593

0.843590,0.546924,0.774859,3.141593

0.854689,0.534492,0.789814,3.141593

0.871066,0.529360,0.795182,3.141593

0.881560,0.521751,0.806112,3.141593

0.885133,0.522633,0.804023,3.141593

0.893525,0.520519,0.809052,3.141593

0.914992,0.509666,0.827997,3.141593

0.924836,0.509347,0.831338,3.141593

0.930470,0.506500,0.839229,3.141593

0.934798,0.506048,0.839173,3.141593

0.937920,0.505711,0.844120,3.141593

0.950128,0.503804,0.855068,3.141593

0.954385,0.506563,0.855362,3.141593

0.959135,0.506273,0.860179,3.141593

0.957665,0.505563,0.861375,3.141593

0.962569,0.508132,0.866230,3.141593

0.966786,0.509229,0.868758,3.141593

0.968249,0.511027,0.870259,3.141593

0.968802,0.511255,0.873924,3.141593

0.969691,0.511654,0.873277,3.141593

0.970502,0.514235,0.876901,3.141593

0.972214,0.515847,0.877982,3.141593

0.971904,0.517789,0.878138,3.141593

0.971361,0.518249,0.880475,3.141593

0.970493,0.518372,0.880267,3.141593

0.971342,0.521345,0.881185,3.141593

0.971596,0.523134,0.880619,3.141593

0.969097,0.524410,0.880587,3.141593

0.968053,0.523936,0.881304,3.141593

0.967887,0.525655,0.880463,3.141593

0.967547,0.526412,0.880968,3.141593

0.965094,0.526024,0.881471,3.141593

0.964285,0.528283,0.880061,3.141593

0.962068,0.529814,0.878354,3.141593

0.960603,0.529979,0.878669,3.141593

0.958941,0.530223,0.878181,3.141593

0.956841,0.531184,0.876634,3.141593

0.955200,0.532314,0.874548,3.141593

0.953795,0.532359,0.874014,3.141593

0.950985,0.533474,0.871542,3.141593

0.949038,0.533837,0.870838,3.141593

0.948275,0.534524,0.869720,3.141593

0.945322,0.534015,0.869254,3.141593

0.942984,0.534593,0.865648,3.141593

0.940020,0.535680,0.862283,3.141593

0.938414,0.536512,0.858940,3.141593

0.937536,0.536062,0.859551,3.141593

0.934083,0.535855,0.855289,3.141593

0.932976,0.536430,0.852020,3.141593

0.930657,0.536291,0.849266,3.141593

0.927749,0.537499,0.847267,3.141593

0.925563,0.538281,0.843095,3.141593

0.921435,0.537646,0.840731,3.141593

0.920196,0.537929,0.833708,3.141593

0.918224,0.538477,0.832782,3.141593

0.914745,0.539743,0.827228,3.141593

0.912165,0.540750,0.822070,3.141593

0.909956,0.540755,0.818268,3.141593

0.907159,0.541492,0.817073,3.141593

0.904621,0.541965,0.808308,3.141593

0.900881,0.543823,0.801581,3.141593

0.897984,0.545001,0.795812,3.141593

0.894104,0.544564,0.787484,3.141593

0.891809,0.546698,0.784661,3.141593

0.889845,0.548671,0.777773,3.141593

0.885755,0.551526,0.769750,3.141593

0.883364,0.554466,0.761593,3.141593

0.878705,0.554106,0.761788,3.141593

0.875399,0.557525,0.748637,3.141593

0.873976,0.558958,0.742461,3.141593

0.870244,0.564133,0.731919,3.141593

0.869301,0.567053,0.724140,3.141593

0.864138,0.569820,0.720980,3.141593

0.860745,0.570979,0.719639,3.141593

0.857183,0.573891,0.707510,3.141593

0.854475,0.581985,0.694850,3.141593

0.849152,0.588953,0.683448,3.141593

0.848532,0.593333,0.674887,3.141593

0.842490,0.594856,0.673349,3.141593

0.834646,0.600100,0.664122,3.141593

0.833869,0.613169,0.644061,3.141593

0.827655,0.623364,0.631289,3.141593

0.827217,0.626915,0.624329,3.141593

0.818584,0.631156,0.620938,3.141593

0.813448,0.640570,0.605667,3.141593

0.806860,0.664348,0.584425,3.141593

0.797363,0.683804,0.567630,3.141593

0.788278,0.699723,0.554119,3.141593

0.787019,0.698098,0.555194,3.141593

0.780539,0.706967,0.549900,3.141593

0.773770,0.722964,0.533976,3.141593

0.771797,0.738248,0.522284,3.141593

0.761478,0.767554,0.504488,3.141593

0.749926,0.790381,0.491416,3.141593

0.742366,0.790985,0.491698,3.141593

0.732849,0.830529,0.470278,3.141593

0.728852,0.854325,0.459200,3.141593

0.720526,0.874277,0.450785,3.141593

0.717968,0.897141,0.441698,3.141593

0.702373,0.910658,0.439317,3.141593

0.693782,0.927021,0.433946,3.141593

0.683472,0.987305,0.418406,3.141593

0.674641,0.999482,0.416012,3.141593

0.667570,1.045042,0.409242,3.141593

0.656591,1.060218,0.409158,3.141593

0.647312,1.079342,0.407955,3.141593

0.630154,1.148473,0.406891,3.141593

0.625940,1.155899,0.407681,3.141593

0.615118,1.178467,0.409861,3.141593

0.614549,1.209119,0.411504,3.141593

0.603221,1.225259,0.415058,3.141593

0.593666,1.257949,0.420919,3.141593

0.576691,1.309088,0.433485,3.141593

0.565956,1.342437,0.443870,3.141593

0.564327,1.368898,0.451831,3.141593

0.546670,1.384974,0.460960,3.141593

0.538778,1.412532,0.473928,3.141593

0.531663,1.453081,0.492141,3.141593

0.522884,1.480078,0.507568,3.141593

0.523727,1.498361,0.517306,3.141593

0.505848,1.514181,0.530713,3.141593

0.497304,1.528574,0.540945,3.141593

0.491857,1.556282,0.562222,3.141593

0.493111,1.562629,0.567707,3.141593

0.486585,1.589562,0.589241,3.141593

0.474530,1.611042,0.611050,3.141593

0.465393,1.619887,0.621138,3.141593

0.461508,1.630809,0.636492,3.141593

0.463496,1.641307,0.646646,3.141593

0.459375,1.648856,0.657495,3.141593

0.458313,1.659740,0.667061,3.141593

0.446130,1.672933,0.687424,3.141593

0.438427,1.676122,0.694110,3.141593

0.440164,1.694124,0.720090,3.141593

0.435317,1.702369,0.734268,3.141593

0.431078,1.708611,0.746451,3.141593

0.429994,1.711245,0.749866,3.141593

0.416776,1.714527,0.764266,3.141593

0.411312,1.722204,0.776169,3.141593

0.417074,1.726850,0.784809,3.141593

0.415825,1.732498,0.798739,3.141593

0.408249,1.735455,0.807131,3.141593

0.399182,1.739587,0.824403,3.141593

0.394736,1.742498,0.834198,3.141593

0.390807,1.744757,0.842844,3.141593

0.387276,1.750158,0.855494,3.141593

0.373230,1.752623,0.869490,3.141593

0.376361,1.751057,0.869787,3.141593

0.369726,1.751801,0.875981,3.141593

0.371868,1.753603,0.879285,3.141593

0.367855,1.754930,0.886375,3.141593

0.369480,1.755063,0.887071,3.141593

0.355871,1.756323,0.900095,3.141593

0.350100,1.756107,0.906270,3.141593

0.348785,1.756941,0.911218,3.141593

0.347843,1.757300,0.912617,3.141593

0.343108,1.757841,0.918492,3.141593

0.345168,1.758217,0.917957,3.141593

0.327533,1.758106,0.933825,3.141593

0.328393,1.757709,0.932774,3.141593

0.327133,1.759165,0.936113,3.141593

0.321707,1.758449,0.939555,3.141593

0.317518,1.758113,0.942327,3.141593

0.316182,1.757584,0.942698,3.141593

0.307236,1.757479,0.951377,3.141593

0.303920,1.756702,0.950627,3.141593

0.304126,1.756522,0.948465,3.141593

0.300394,1.756354,0.950088,3.141593

0.301737,1.756999,0.947549,3.141593

0.293223,1.755766,0.953972,3.141593

0.290028,1.755748,0.957250,3.141593

0.288249,1.755748,0.950815,3.141593

0.285222,1.755552,0.950140,3.141593

0.284746,1.755151,0.946358,3.141593

0.278714,1.753585,0.949768,3.141593

0.277192,1.754056,0.944515,3.141593

0.274033,1.752576,0.945171,3.141593

0.274004,1.752789,0.941194,3.141593

0.272882,1.753379,0.938839,3.141593

0.272107,1.752283,0.933182,3.141593

0.268505,1.750751,0.934189,3.141593

0.267054,1.750565,0.930636,3.141593

0.266948,1.750287,0.920396,3.141593

0.266026,1.749323,0.914558,3.141593

0.263856,1.747262,0.913350,3.141593

0.264690,1.748184,0.908800,3.141593

0.264737,1.746846,0.906680,3.141593

0.263885,1.746459,0.901630,3.141593

0.264586,1.744915,0.887643,3.141593

0.264928,1.743558,0.879839,3.141593

0.263629,1.741402,0.872347,3.141593

0.262983,1.738801,0.869234,3.141593

0.267925,1.739823,0.866546,3.141593

0.269646,1.735622,0.842708,3.141593

0.271536,1.733162,0.832563,3.141593

0.270247,1.729649,0.823451,3.141593

0.271367,1.726252,0.818424,3.141593

0.280118,1.723462,0.797934,3.141593

0.282924,1.718932,0.785477,3.141593

0.289370,1.719319,0.776351,3.141593

0.284638,1.710525,0.769673,3.141593

0.295041,1.706022,0.753267,3.141593

0.301789,1.699120,0.732296,3.141593

0.308222,1.693650,0.718487,3.141593

0.307373,1.692991,0.718311,3.141593

0.311687,1.680650,0.699752,3.141593

0.318616,1.673093,0.684948,3.141593

0.328833,1.671767,0.674475,3.141593

0.327420,1.670460,0.674014,3.141593

0.345232,1.654221,0.644198,3.141593

0.354236,1.644569,0.629037,3.141593

0.354196,1.633933,0.617243,3.141593

0.360487,1.625923,0.609150,3.141593

0.380114,1.626151,0.602323,3.141593

0.390790,1.614584,0.587193,3.141593

0.391630,1.589753,0.564118,3.141593

0.402833,1.576367,0.549637,3.141593

0.425903,1.562770,0.532867,3.141593

0.441034,1.558902,0.524276,3.141593

0.447034,1.537975,0.512181,3.141593

0.451203,1.518122,0.496463,3.141593

0.463871,1.502081,0.484463,3.141593

0.489934,1.487402,0.471809,3.141593

0.502091,1.487314,0.470120,3.141593

0.515675,1.454901,0.452142,3.141593

0.515907,1.437069,0.444211,3.141593

0.529160,1.419933,0.435872,3.141593

0.555288,1.405891,0.428450,3.141593

0.554744,1.405483,0.428365,3.141593

0.567335,1.389358,0.422086,3.141593

0.582419,1.369873,0.414563,3.141593

0.581654,1.368971,0.414373,3.141593

0.593079,1.335282,0.405532,3.141593

0.615141,1.327430,0.404440,3.141593

0.628544,1.326152,0.403935,3.141593

0.637759,1.295757,0.398879,3.141593

0.647438,1.283164,0.397644,3.141593

0.645244,1.264532,0.395465,3.141593

0.654055,1.254969,0.395358,3.141593

0.674273,1.250534,0.396808,3.141593

0.685628,1.250225,0.397965,3.141593

0.689845,1.224784,0.397644,3.141593

0.686218,1.207274,0.397209,3.141593

0.693832,1.199469,0.398185,3.141593

0.712012,1.198655,0.400746,3.141593

0.720100,1.202799,0.402891,3.141593

0.715523,1.187492,0.402977,3.141593

0.717526,1.166227,0.404843,3.141593

0.732388,1.168165,0.408056,3.141593

0.732093,1.168002,0.408011,3.141593

0.743772,1.170316,0.411666,3.141593

0.743804,1.169447,0.411730,3.141593

0.741352,1.153894,0.414188,3.141593

0.737770,1.140687,0.414748,3.141593

0.740774,1.137716,0.416666,3.141593

0.751530,1.144072,0.419274,3.141593

0.751044,1.142058,0.421457,3.141593

0.756097,1.150969,0.422605,3.141593

0.746467,1.130780,0.424035,3.141593

0.757498,1.139069,0.425462,3.141593

0.762528,1.148040,0.427673,3.141593

0.756402,1.139764,0.428389,3.141593

0.753646,1.133037,0.429826,3.141593

0.754096,1.135037,0.430737,3.141593

0.753916,1.134988,0.430700,3.141593

0.759832,1.148000,0.432325,3.141593

0.754210,1.142617,0.432794,3.141593

0.757128,1.148995,0.433573,3.141593

0.751624,1.144907,0.433844,3.141593

0.754069,1.147855,0.433983,3.141593

0.758114,1.161845,0.434781,3.141593

0.753261,1.158261,0.435022,3.141593

0.753229,1.161043,0.435457,3.141593

0.756956,1.170297,0.435841,3.141593

0.756874,1.169915,0.435878,3.141593

0.756402,1.173165,0.436080,3.141593

0.753743,1.176652,0.436378,3.141593

0.755128,1.179741,0.436980,3.141593

0.751801,1.183288,0.436246,3.141593

0.751461,1.187799,0.436132,3.141593

0.757329,1.194581,0.436694,3.141593

0.752249,1.194293,0.436515,3.141593

0.751378,1.199011,0.436121,3.141593

0.753797,1.206049,0.436255,3.141593

0.756038,1.207704,0.436625,3.141593

0.753413,1.213941,0.435939,3.141593

0.751448,1.215424,0.435599,3.141593

0.750052,1.218121,0.435573,3.141593

0.750161,1.217360,0.435707,3.141593

0.753577,1.224106,0.435706,3.141593

0.752057,1.223017,0.436003,3.141593

0.752728,1.234372,0.434943,3.141593

0.753367,1.237873,0.434897,3.141593

0.754797,1.241851,0.434965,3.141593

0.754743,1.241551,0.434987,3.141593

0.756679,1.250017,0.434664,3.141593

0.756540,1.253740,0.434334,3.141593

0.756106,1.255666,0.434175,3.141593

0.756748,1.259061,0.434025,3.141593

0.756696,1.258762,0.434044,3.141593

0.757594,1.261329,0.434043,3.141593

0.757280,1.263022,0.433775,3.141593

0.756585,1.259510,0.433943,3.141593

0.759555,1.272040,0.433422,3.141593

0.758664,1.268652,0.433472,3.141593

0.760217,1.274945,0.433264,3.141593

0.759274,1.271416,0.433311,3.141593

0.761847,1.281394,0.433052,3.141593

0.762408,1.284526,0.432726,3.141593

0.763245,1.287497,0.432577,3.141593

0.763940,1.290583,0.432376,3.141593

0.762017,1.285697,0.432276,3.141593

0.764142,1.294213,0.431789,3.141593

0.765917,1.299720,0.431668,3.141593

0.766625,1.302794,0.431451,3.141593

0.765756,1.303045,0.430978,3.141593

0.766557,1.308073,0.430846,3.141593

0.763812,1.300272,0.430206,3.141593

0.765914,1.306305,0.430088,3.141593

0.768977,1.318284,0.429902,3.141593

0.769174,1.321378,0.429503,3.141593

0.766486,1.318531,0.428391,3.141593

0.769366,1.330928,0.428240,3.141593

0.769220,1.334532,0.427750,3.141593

0.766019,1.334003,0.426644,3.141593

0.765975,1.333680,0.426646,3.141593

0.765478,1.336968,0.426089,3.141593

0.761598,1.330440,0.425072,3.141593

0.763430,1.341517,0.424485,3.141593

0.766064,1.349091,0.424612,3.141593

0.761952,1.350585,0.423573,3.141593

0.760097,1.351300,0.422475,3.141593

0.758642,1.354946,0.421746,3.141593

0.760337,1.370085,0.421710,3.141593

0.758584,1.374058,0.420997,3.141593

0.748986,1.365576,0.418826,3.141593

0.749678,1.376904,0.418441,3.141593

0.752359,1.385701,0.418864,3.141593

0.748983,1.388171,0.417621,3.141593

0.735526,1.386387,0.414825,3.141593

0.734741,1.401038,0.414568,3.141593

0.730412,1.402084,0.413302,3.141593

0.732715,1.412988,0.413977,3.141593

0.722943,1.416609,0.412390,3.141593

0.713638,1.406882,0.409917,3.141593

0.712623,1.424966,0.410546,3.141593

0.703422,1.419489,0.408615,3.141593

0.709423,1.442786,0.411011,3.141593

0.697634,1.446043,0.409542,3.141593

0.683292,1.447896,0.407664,3.141593

0.683817,1.456300,0.408307,3.141593

0.680490,1.477813,0.410179,3.141593

0.664232,1.480649,0.408700,3.141593

0.650843,1.471623,0.406338,3.141593

0.646475,1.493071,0.408747,3.141593

0.637435,1.502470,0.409504,3.141593

0.639211,1.513130,0.411329,3.141593

0.632169,1.523986,0.412697,3.141593

0.604463,1.538484,0.414227,3.141593

0.603153,1.548681,0.416500,3.141593

0.591987,1.559325,0.418678,3.141593

0.589012,1.557947,0.418584,3.141593

0.568624,1.564150,0.420000,3.141593

0.550330,1.556162,0.419314,3.141593

0.541621,1.580533,0.425436,3.141593

0.528247,1.592008,0.429350,3.141593

0.504972,1.613089,0.437092,3.141593

0.487939,1.606261,0.437387,3.141593

0.476740,1.618719,0.442121,3.141593

0.469886,1.614985,0.442975,3.141593

0.461777,1.656771,0.457401,3.141593

0.431743,1.663274,0.465070,3.141593

0.412648,1.658254,0.467680,3.141593

0.404127,1.683584,0.478360,3.141593

0.396810,1.679982,0.480071,3.141593

0.380290,1.691088,0.488851,3.141593

0.364012,1.700397,0.497431,3.141593

0.351395,1.710343,0.504952,3.141593

0.318709,1.727084,0.523815,3.141593

0.318134,1.739058,0.530187,3.141593

0.301207,1.748179,0.541207,3.141593

0.284502,1.755636,0.551946,3.141593

0.251913,1.748116,0.561729,3.141593

0.235396,1.764261,0.579070,3.141593

0.231881,1.762368,0.580672,3.141593

0.215321,1.769347,0.593305,3.141593

0.215036,1.779159,0.599618,3.141593

0.185909,1.781368,0.616345,3.141593

0.166939,1.774626,0.624382,3.141593

0.151200,1.779014,0.637317,3.141593

0.135957,1.791874,0.656448,3.141593

0.135856,1.799238,0.661861,3.141593

0.123355,1.803914,0.673279,3.141593

0.080624,1.795643,0.700341,3.141593

0.078339,1.800267,0.706759,3.141593

0.067415,1.809966,0.722851,3.141593

0.042223,1.804998,0.741791,3.141593

0.030159,1.799196,0.748693,3.141593

0.019032,1.804577,0.764136,3.141593

0.006489,1.802065,0.775436,3.141593

0.006475,1.806441,0.778948,3.141593

-0.002273,1.806985,0.788304,3.141593

-0.021251,1.800512,0.803773,3.141593

-0.031435,1.797458,0.812770,3.141593

-0.041108,1.790658,0.818556,3.141593

-0.041296,1.793599,0.820621,3.141593

-0.053978,1.793511,0.835639,3.141593

-0.060786,1.788455,0.840052,3.141593

-0.067859,1.789277,0.848468,3.141593

-0.068577,1.791199,0.850194,3.141593

-0.076198,1.787184,0.854702,3.141593

-0.085887,1.782474,0.863746,3.141593

-0.092606,1.776333,0.865396,3.141593

-0.097389,1.776925,0.870946,3.141593

-0.102065,1.773886,0.873271,3.141593

-0.103248,1.773790,0.872974,3.141593

-0.109727,1.770555,0.879541,3.141593

-0.113750,1.768168,0.881410,3.141593

-0.118107,1.765425,0.881021,3.141593

-0.121573,1.762019,0.880910,3.141593

-0.122994,1.761956,0.880298,3.141593

-0.126498,1.757890,0.882314,3.141593

-0.128494,1.755181,0.880487,3.141593

-0.133413,1.753726,0.880509,3.141593

-0.135869,1.749716,0.878033,3.141593

-0.137854,1.747163,0.875865,3.141593

-0.138125,1.746421,0.875739,3.141593

-0.139981,1.744413,0.869962,3.141593

-0.141204,1.742027,0.866455,3.141593

-0.143567,1.736377,0.862386,3.141593

-0.142951,1.734932,0.856709,3.141593

-0.143212,1.734165,0.856586,3.141593

-0.143358,1.732469,0.847822,3.141593

-0.143181,1.730004,0.842092,3.141593

-0.141286,1.727036,0.833687,3.141593

-0.144314,1.722654,0.830965,3.141593

-0.143663,1.718779,0.827957,3.141593

-0.135226,1.722760,0.811161,3.141593

-0.136462,1.717258,0.805509,3.141593

-0.133734,1.711022,0.794815,3.141593

-0.132797,1.711627,0.789788,3.141593

-0.122304,1.712795,0.774090,3.141593

-0.121552,1.704597,0.769420,3.141593

-0.117927,1.703011,0.756404,3.141593

-0.112182,1.695341,0.742926,3.141593

-0.112386,1.691864,0.737684,3.141593

-0.108685,1.686574,0.731779,3.141593

-0.089421,1.694920,0.708192,3.141593

-0.083539,1.686533,0.695720,3.141593

-0.076296,1.671795,0.680354,3.141593

-0.057497,1.674046,0.661329,3.141593

-0.047564,1.673595,0.653005,3.141593

-0.034302,1.672689,0.635376,3.141593

-0.030931,1.661330,0.626170,3.141593

-0.015497,1.649112,0.608412,3.141593

-0.007495,1.642520,0.598044,3.141593

0.011283,1.651617,0.587677,3.141593

0.035868,1.649305,0.565869,3.141593

0.054410,1.644476,0.551228,3.141593

0.077246,1.630214,0.533217,3.141593

0.098620,1.624863,0.518974,3.141593

0.122180,1.637011,0.510217,3.141593

0.144750,1.631008,0.494878,3.141593

0.154165,1.616707,0.488555,3.141593

0.190149,1.631942,0.473715,3.141593

0.189269,1.595118,0.468375,3.141593

0.215182,1.589602,0.457427,3.141593

0.272993,1.605093,0.440450,3.141593

0.296018,1.593553,0.432528,3.141593

0.328787,1.575496,0.423270,3.141593

0.352003,1.563973,0.417685,3.141593

0.387805,1.576000,0.414328,3.141593

0.416927,1.581916,0.410911,3.141593

0.429295,1.564343,0.408157,3.141593

0.461778,1.546189,0.405586,3.141593

0.501900,1.556827,0.406264,3.141593

0.521078,1.556193,0.407009,3.141593

0.551539,1.550633,0.408809,3.141593

0.557069,1.547719,0.409307,3.141593

0.585829,1.530160,0.412281,3.141593

0.619346,1.543227,0.418132,3.141593

0.619240,1.542590,0.418092,3.141593

0.643661,1.545225,0.423259,3.141593

0.659381,1.538838,0.427041,3.141593

0.689867,1.525375,0.435832,3.141593

0.692953,1.523618,0.437569,3.141593

0.711593,1.535538,0.442951,3.141593

0.726792,1.535028,0.448608,3.141593

0.745993,1.537747,0.457276,3.141593

0.765562,1.527107,0.465549,3.141593

0.764030,1.522753,0.466335,3.141593

0.777508,1.536812,0.471511,3.141593

0.793740,1.543520,0.481032,3.141593

0.800301,1.542514,0.485326,3.141593

0.809251,1.529710,0.490886,3.141593

0.816766,1.532697,0.495911,3.141593

0.816692,1.532275,0.495881,3.141593

0.831247,1.555366,0.506095,3.141593

0.834763,1.557133,0.509486,3.141593

0.841771,1.550870,0.514684,3.141593

0.842909,1.540713,0.516956,3.141593

0.843992,1.554136,0.517470,3.141593

0.852211,1.577836,0.525438,3.141593

0.853209,1.582277,0.527692,3.141593

0.855237,1.579503,0.530281,3.141593

0.857932,1.600858,0.534072,3.141593

0.859969,1.607584,0.535585,3.141593

0.860672,1.615754,0.539343,3.141593

0.859517,1.615642,0.540007,3.141593

0.859326,1.617542,0.541321,3.141593

0.860013,1.613023,0.542762,3.141593

0.859627,1.646783,0.546172,3.141593

0.857363,1.658020,0.545907,3.141593

0.856745,1.654622,0.547416,3.141593

0.855858,1.660522,0.549489,3.141593

0.854087,1.680090,0.550603,3.141593

0.853307,1.688429,0.552104,3.141593

0.850959,1.698771,0.552109,3.141593

0.849911,1.697645,0.552881,3.141593

0.847959,1.705610,0.553554,3.141593

0.845048,1.723931,0.555333,3.141593

0.845026,1.723688,0.555279,3.141593

0.843399,1.732728,0.555862,3.141593

0.841812,1.741034,0.556950,3.141593

0.840563,1.741496,0.557193,3.141593

0.837119,1.752121,0.557526,3.141593

0.834706,1.761601,0.558267,3.141593

0.831553,1.777242,0.559965,3.141593

0.828513,1.787492,0.560515,3.141593

0.828235,1.787411,0.560588,3.141593

0.824448,1.799276,0.561200,3.141593

0.821760,1.808586,0.561913,3.141593

0.818032,1.822757,0.563492,3.141593

0.815694,1.830398,0.563729,3.141593

0.815152,1.832541,0.564016,3.141593

0.810479,1.845715,0.564833,3.141593

0.806468,1.859163,0.566288,3.141593

0.803670,1.866718,0.566691,3.141593

0.802298,1.872921,0.567928,3.141593

0.800805,1.875898,0.567054,3.141593

0.800685,1.877136,0.567396,3.141593

0.795221,1.891174,0.568535,3.141593

0.792013,1.900148,0.569312,3.141593

0.788100,1.909568,0.569182,3.141593

0.784269,1.920907,0.571340,3.141593

0.784721,1.921353,0.571001,3.141593

0.778387,1.936066,0.572527,3.141593

0.774832,1.944908,0.573370,3.141593

0.772646,1.948532,0.573701,3.141593

0.768885,1.957084,0.574394,3.141593

0.766766,1.964735,0.574655,3.141593

0.759459,1.979946,0.576594,3.141593

0.755281,1.988627,0.577355,3.141593

0.749370,1.999475,0.579452,3.141593

0.748626,1.997959,0.576162,3.141593

0.745464,2.005519,0.577043,3.141593

0.736899,2.021103,0.579303,3.141593

0.737070,2.019693,0.577471,3.141593

0.730426,2.030018,0.579501,3.141593

0.725777,2.040523,0.581473,3.141593

0.720498,2.048806,0.582123,3.141593

0.720490,2.048613,0.582018,3.141593

0.710937,2.064298,0.582186,3.141593

0.703266,2.074018,0.584243,3.141593

0.696663,2.081377,0.585596,3.141593

0.695893,2.078646,0.580973,3.141593

0.691009,2.091592,0.584883,3.141593

0.679398,2.107716,0.588272,3.141593

0.672271,2.116060,0.589087,3.141593

0.662609,2.120816,0.585396,3.141593

0.653919,2.132221,0.589327,3.141593

0.649368,2.131119,0.584049,3.141593

0.638898,2.148057,0.589637,3.141593

0.631626,2.157621,0.593491,3.141593

0.614739,2.160888,0.587397,3.141593

0.613876,2.164951,0.589799,3.141593

0.608027,2.174044,0.592587,3.141593

0.592271,2.189988,0.597598,3.141593

0.576285,2.196823,0.596829,3.141593

0.567733,2.205981,0.601319,3.141593

0.555676,2.201604,0.592549,3.141593

0.548896,2.210726,0.596052,3.141593

0.533022,2.228986,0.604782,3.141593

0.512963,2.234998,0.604539,3.141593

0.498757,2.242288,0.606569,3.141593

0.478722,2.247669,0.605435,3.141593

0.465016,2.243440,0.599704,3.141593

0.455196,2.263299,0.612625,3.141593

0.436113,2.269594,0.616757,3.141593

0.412286,2.273724,0.616774,3.141593

0.394196,2.279581,0.620327,3.141593

0.370930,2.292234,0.630296,3.141593

0.363103,2.289604,0.627309,3.141593

0.351861,2.297115,0.634467,3.141593

0.325037,2.302359,0.640558,3.141593

0.295693,2.303590,0.643563,3.141593

0.265807,2.309652,0.653530,3.141593

0.262576,2.321023,0.662843,3.141593

0.227151,2.311843,0.664118,3.141593

0.199887,2.314443,0.672503,3.141593

0.191839,2.321271,0.680132,3.141593

0.166721,2.328680,0.695074,3.141593

0.144195,2.329204,0.703833,3.141593

0.106065,2.322648,0.714683,3.141593

0.072079,2.316398,0.725178,3.141593

0.050658,2.308351,0.729461,3.141593

0.036726,2.314632,0.743132,3.141593

0.009536,2.309467,0.756559,3.141593

-0.018742,2.300004,0.767452,3.141593

-0.038777,2.301903,0.783465,3.141593

-0.059812,2.303220,0.801829,3.141593

-0.064447,2.302622,0.804488,3.141593

-0.090059,2.294084,0.819831,3.141593

-0.125987,2.274699,0.835365,3.141593

-0.138695,2.275353,0.849090,3.141593

-0.155866,2.274639,0.867337,3.141593

-0.159593,2.273988,0.870266,3.141593

-0.182263,2.262580,0.886642,3.141593

-0.212667,2.241248,0.903642,3.141593

-0.222616,2.241065,0.916837,3.141593

-0.230655,2.246263,0.933493,3.141593

-0.257447,2.226116,0.953196,3.141593

-0.269979,2.212834,0.960010,3.141593

-0.275407,2.211129,0.966589,3.141593

-0.283124,2.210516,0.978644,3.141593

-0.299383,2.201842,0.997088,3.141593

-0.295271,2.208302,0.996307,3.141593

-0.316848,2.187786,1.015192,3.141593

-0.326926,2.180399,1.026843,3.141593

-0.341376,2.167441,1.041064,3.141593

-0.348602,2.165728,1.054041,3.141593

-0.353331,2.159947,1.056647,3.141593

-0.365514,2.145618,1.071355,3.141593

-0.369061,2.144113,1.079013,3.141593

-0.377198,2.133742,1.083868,3.141593

-0.381475,2.133764,1.092669,3.141593

-0.386889,2.132707,1.103695,3.141593

-0.390902,2.132665,1.111960,3.141593

-0.400467,2.118577,1.125390,3.141593

-0.412838,2.105326,1.137300,3.141593

-0.417127,2.105037,1.146776,3.141593

-0.420353,2.101266,1.148081,3.141593

-0.420745,2.104841,1.153699,3.141593

-0.435682,2.080012,1.169079,3.141593

-0.438851,2.080431,1.175389,3.141593

-0.442476,2.080454,1.183082,3.141593

-0.443971,2.082160,1.183124,3.141593

-0.449937,2.069396,1.194418,3.141593

-0.458362,2.057810,1.201930,3.141593

-0.461467,2.057929,1.207160,3.141593

-0.466671,2.049141,1.212234,3.141593

-0.463984,2.061497,1.212677,3.141593

-0.471464,2.047121,1.223176,3.141593

-0.475608,2.042697,1.228291,3.141593

-0.477733,2.036798,1.233591,3.141593

-0.482715,2.035580,1.233305,3.141593

-0.485528,2.038308,1.237706,3.141593

-0.492046,2.024607,1.246828,3.141593

-0.499197,2.017558,1.250840,3.141593

-0.503359,2.012559,1.254804,3.141593

-0.507526,2.007732,1.259127,3.141593

-0.511593,2.002182,1.262298,3.141593

-0.513969,1.991654,1.270373,3.141593

-0.520976,1.985755,1.272905,3.141593

-0.523791,1.987490,1.272095,3.141593

-0.527695,1.983859,1.275269,3.141593

-0.532971,1.969710,1.282069,3.141593

-0.537349,1.958508,1.285196,3.141593

-0.537237,1.960340,1.285155,3.141593

-0.544557,1.951209,1.286911,3.141593

-0.548697,1.941342,1.289524,3.141593

-0.548482,1.946543,1.289140,3.141593

-0.553034,1.931378,1.295007,3.141593

-0.553462,1.925937,1.298270,3.141593

-0.560639,1.910825,1.299830,3.141593

-0.564124,1.909189,1.298483,3.141593

-0.567810,1.900042,1.300446,3.141593

-0.571382,1.883372,1.305561,3.141593

-0.574615,1.871447,1.307642,3.141593

-0.574613,1.867792,1.310104,3.141593

-0.580928,1.854466,1.308225,3.141593

-0.583726,1.841827,1.309870,3.141593

-0.585865,1.823225,1.314346,3.141593

-0.585399,1.817861,1.316768,3.141593

-0.589840,1.794691,1.317549,3.141593

-0.592248,1.786155,1.316397,3.141593

-0.593210,1.769102,1.317925,3.141593

-0.593266,1.748636,1.321756,3.141593

-0.593174,1.748198,1.321795,3.141593

-0.594694,1.720399,1.322352,3.141593

-0.594119,1.702708,1.323520,3.141593

-0.592122,1.681596,1.324895,3.141593

-0.589021,1.658186,1.328311,3.141593

-0.586653,1.650694,1.330380,3.141593

-0.584273,1.621711,1.330903,3.141593

-0.581504,1.604628,1.330072,3.141593

-0.574804,1.578988,1.331308,3.141593

-0.568907,1.557049,1.332591,3.141593

-0.563928,1.546121,1.336497,3.141593

-0.553379,1.510192,1.337060,3.141593

-0.549148,1.495414,1.336395,3.141593

-0.536260,1.466842,1.337746,3.141593

-0.524505,1.441966,1.340859,3.141593

-0.513431,1.419909,1.342216,3.141593

-0.511554,1.417110,1.343841,3.141593

-0.493572,1.382499,1.343104,3.141593

-0.474681,1.354512,1.344707,3.141593

-0.459908,1.333149,1.346108,3.141593

-0.451777,1.324085,1.349236,3.141593

-0.441756,1.309337,1.350240,3.141593

-0.417712,1.278180,1.349969,3.141593

-0.394104,1.253523,1.351611,3.141593

-0.375984,1.235096,1.354020,3.141593

-0.367965,1.228640,1.355423,3.141593

-0.331082,1.192846,1.356312,3.141593

-0.330667,1.192561,1.356354,3.141593

-0.296320,1.165267,1.357841,3.141593

-0.287400,1.159841,1.359903,3.141593

-0.270373,1.147749,1.360965,3.141593

-0.253125,1.136262,1.362048,3.141593

-0.220654,1.116273,1.363434,3.141593

-0.205038,1.107372,1.365013,3.141593

-0.197375,1.104070,1.366008,3.141593

-0.190169,1.099305,1.366504,3.141593

-0.169798,1.087965,1.366826,3.141593

-0.164120,1.084179,1.367255,3.141593

-0.144094,1.075755,1.368065,3.141593

-0.137305,1.073564,1.369400,3.141593

-0.126101,1.068587,1.370170,3.141593

-0.111680,1.061332,1.370804,3.141593

-0.096035,1.055789,1.371914,3.141593

-0.093590,1.053638,1.372214,3.141593

-0.087511,1.052248,1.372609,3.141593

-0.080302,1.049034,1.373619,3.141593

-0.074693,1.047855,1.374340,3.141593

-0.071447,1.042281,1.374395,3.141593

-0.060724,1.038623,1.375012,3.141593

-0.056062,1.037850,1.375727,3.141593

-0.052024,1.037190,1.376671,3.141593

-0.053089,1.033783,1.376791,3.141593

-0.049361,1.031406,1.377044,3.141593

-0.042546,1.028552,1.377933,3.141593

-0.041057,1.026371,1.378707,3.141593

-0.039724,1.024179,1.379215,3.141593

-0.038750,1.021988,1.379700,3.141593

-0.044497,1.018127,1.379676,3.141593

-0.041006,1.015455,1.380237,3.141593

-0.038466,1.015225,1.380875,3.141593

-0.039856,1.012946,1.381568,3.141593

-0.044980,1.008282,1.381834,3.141593

-0.044621,1.005573,1.382482,3.141593

-0.048762,1.003125,1.382297,3.141593

-0.047532,1.003030,1.382922,3.141593

-0.050298,1.000411,1.382938,3.141593

-0.058141,0.994906,1.382545,3.141593

-0.060140,0.991932,1.381976,3.141593

-0.063635,0.988980,1.381282,3.141593

-0.064151,0.989004,1.381530,3.141593

-0.074245,0.982844,1.380909,3.141593

-0.074736,0.982868,1.381170,3.141593

-0.078988,0.979646,1.380289,3.141593

-0.083054,0.976355,1.379005,3.141593

-0.088675,0.972969,1.378625,3.141593

-0.088943,0.972988,1.378523,3.141593

-0.100281,0.966043,1.377339,3.141593

-0.106124,0.962494,1.376551,3.141593

-0.112061,0.958817,1.375196,3.141593

-0.118103,0.955065,1.374721,3.141593

-0.119043,0.955131,1.374698,3.141593

-0.131792,0.947528,1.373427,3.141593

-0.132322,0.947559,1.373706,3.141593

-0.138761,0.943609,1.372672,3.141593

-0.146303,0.939707,1.371467,3.141593

-0.154182,0.935770,1.371057,3.141593

-0.161759,0.931779,1.370411,3.141593

-0.162273,0.931816,1.370705,3.141593

-0.176180,0.923480,1.369137,3.141593

-0.185248,0.919478,1.368265,3.141593

-0.191968,0.915204,1.367561,3.141593

-0.194093,0.915417,1.367998,3.141593

-0.209420,0.906952,1.366670,3.141593

-0.218233,0.902797,1.366122,3.141593

-0.228826,0.898872,1.365427,3.141593

-0.235933,0.894492,1.364610,3.141593

-0.238655,0.894840,1.365237,3.141593

-0.241078,0.895165,1.365548,3.141593

-0.256085,0.886395,1.364270,3.141593

-0.273457,0.877956,1.362837,3.141593

-0.277916,0.878690,1.362796,3.141593

-0.289041,0.874853,1.362688,3.141593

-0.292150,0.875385,1.363140,3.141593

-0.308338,0.866775,1.361607,3.141593

-0.319154,0.863015,1.360649,3.141593

-0.333929,0.860069,1.360142,3.141593

-0.346126,0.856682,1.359574,3.141593

-0.346181,0.856693,1.359587,3.141593

-0.350550,0.857629,1.360585,3.141593

-0.380937,0.846510,1.357621,3.141593

-0.390508,0.842716,1.356894,3.141593

-0.408098,0.841156,1.355686,3.141593

-0.413295,0.842550,1.356863,3.141593

-0.418175,0.843910,1.357466,3.141593

-0.438170,0.837044,1.355371,3.141593

-0.453270,0.835297,1.353964,3.141593

-0.485291,0.832935,1.351543,3.141593

-0.491185,0.834993,1.352224,3.141593

-0.497404,0.837209,1.352946,3.141593

-0.520579,0.832457,1.351204,3.141593

-0.538610,0.832872,1.349456,3.141593

-0.576787,0.835492,1.346454,3.141593

-0.584192,0.838776,1.348134,3.141593

-0.604658,0.841412,1.347030,3.141593

-0.639476,0.844830,1.343833,3.141593

-0.639464,0.844822,1.343859,3.141593

-0.669802,0.854270,1.342378,3.141593

-0.692719,0.860259,1.342142,3.141593

-0.716378,0.867469,1.340821,3.141593

-0.740586,0.875815,1.339453,3.141593

-0.772059,0.882505,1.335982,3.141593

-0.808021,0.902091,1.332697,3.141593

-0.816540,0.908720,1.335114,3.141593

-0.842685,0.922557,1.333618,3.141593

-0.851885,0.930519,1.334685,3.141593

-0.886424,0.946019,1.329438,3.141593

-0.923621,0.975173,1.327396,3.141593

-0.949147,0.994352,1.327464,3.141593

-0.957990,1.004439,1.328726,3.141593

-0.991639,1.027648,1.324837,3.141593

-1.018734,1.054913,1.321543,3.141593

-1.053002,1.096454,1.319688,3.141593

-1.076653,1.125737,1.318301,3.141593

-1.073763,1.120083,1.322099,3.141593

-1.112884,1.172616,1.316023,3.141593

-1.133299,1.205559,1.314875,3.141593

-1.158250,1.256153,1.313672,3.141593

-1.170372,1.278177,1.310857,3.141593

-1.173457,1.286620,1.314870,3.141593

-1.188185,1.321750,1.314109,3.141593

-1.209806,1.381078,1.310964,3.141593

-1.221881,1.432940,1.310690,3.141593

-1.227927,1.456857,1.308262,3.141593

-1.228832,1.462249,1.312507,3.141593

-1.238372,1.520442,1.310131,3.141593

-1.241417,1.553290,1.310214,3.141593

-1.241431,1.552661,1.310243,3.141593

-1.242210,1.598204,1.310702,3.141593

-1.242807,1.622803,1.312882,3.141593

-1.241749,1.651463,1.313213,3.141593

-1.242721,1.645478,1.315088,3.141593

-1.237820,1.699260,1.311805,3.141593

-1.231915,1.734655,1.312674,3.141593

-1.229269,1.752447,1.315003,3.141593

-1.228561,1.755719,1.317138,3.141593

-1.222446,1.786538,1.315725,3.141593

-1.215219,1.811658,1.314542,3.141593

-1.206892,1.837256,1.315519,3.141593

-1.201524,1.852813,1.314044,3.141593

-1.203823,1.848253,1.317836,3.141593

-1.203811,1.848701,1.319803,3.141593

-1.192851,1.878422,1.319002,3.141593

-1.183772,1.900766,1.317971,3.141593

-1.172834,1.922760,1.317290,3.141593

-1.176745,1.916399,1.320788,3.141593

-1.171711,1.927279,1.321393,3.141593

-1.160576,1.948926,1.320765,3.141593

-1.154109,1.960828,1.321607,3.141593

-1.146457,1.973605,1.320642,3.141593

-1.153725,1.963435,1.323672,3.141593

-1.143868,1.980742,1.323105,3.141593

-1.146143,1.977821,1.324772,3.141593

-1.138972,1.991129,1.324035,3.141593

-1.130719,2.003369,1.323348,3.141593

-1.137498,1.995165,1.326360,3.141593

-1.135072,2.000138,1.326897,3.141593

-1.128274,2.012517,1.326403,3.141593

-1.128647,2.012075,1.326394,3.141593

-1.126139,2.017156,1.327048,3.141593

-1.124972,2.020629,1.327547,3.141593

-1.125340,2.020210,1.327528,3.141593

-1.124913,2.025602,1.328417,3.141593

-1.124807,2.028237,1.328915,3.141593

-1.124253,2.031390,1.329471,3.141593

-1.120623,2.037609,1.328602,3.141593

-1.129809,2.028258,1.331178,3.141593

-1.134389,2.023496,1.332452,3.141593

-1.129123,2.037801,1.331243,3.141593

-1.131334,2.038641,1.331621,3.141593

-1.130852,2.039133,1.331708,3.141593

-1.138533,2.034967,1.333275,3.141593

-1.143783,2.029767,1.334451,3.141593

-1.144648,2.035995,1.334047,3.141593

-1.142551,2.041581,1.333340,3.141593

-1.146309,2.041882,1.333758,3.141593

-1.145077,2.046927,1.333055,3.141593

-1.156473,2.036185,1.335246,3.141593

-1.160982,2.035978,1.335615,3.141593

-1.167023,2.030149,1.336671,3.141593

-1.165444,2.040401,1.335326,3.141593

-1.171146,2.039593,1.335679,3.141593

-1.177046,2.038692,1.336040,3.141593

-1.189157,2.031994,1.337420,3.141593

-1.195578,2.025787,1.338403,3.141593

-1.196827,2.034991,1.337124,3.141593

-1.204389,2.033060,1.337397,3.141593

-1.211953,2.031208,1.337726,3.141593

-1.212348,2.030823,1.337712,3.141593

-1.226899,2.022438,1.338987,3.141593

-1.236957,2.024421,1.338689,3.141593

-1.246384,2.021166,1.338905,3.141593

-1.248930,2.024990,1.338300,3.141593

-1.263001,2.010861,1.340104,3.141593

-1.275490,2.011350,1.339772,3.141593

-1.283195,2.003325,1.340618,3.141593

-1.286274,2.006970,1.340022,3.141593

-1.301360,2.005420,1.339637,3.141593

-1.316222,1.989359,1.341362,3.141593

-1.331594,1.987488,1.341023,3.141593

-1.343657,1.981644,1.341280,3.141593

-1.357393,1.973868,1.341405,3.141593

-1.363457,1.975015,1.340749,3.141593

-1.377666,1.957978,1.342588,3.141593

-1.390874,1.950260,1.342873,3.141593

-1.409846,1.944112,1.342606,3.141593

-1.422727,1.936604,1.343010,3.141593

-1.431691,1.934122,1.342326,3.141593

-1.447046,1.912905,1.344154,3.141593

-1.468225,1.902772,1.343947,3.141593

-1.483508,1.890447,1.344295,3.141593

-1.500634,1.874551,1.344530,3.141593

-1.509864,1.870921,1.343834,3.141593

-1.522773,1.849175,1.345830,3.141593

-1.538527,1.833506,1.346134,3.141593

-1.546580,1.818460,1.346978,3.141593

-1.562407,1.814439,1.345924,3.141593

-1.580127,1.792260,1.346012,3.141593

-1.595979,1.772528,1.346319,3.141593

-1.608299,1.743657,1.348164,3.141593

-1.629693,1.722633,1.348278,3.141593

-1.640109,1.711853,1.347523,3.141593

-1.656659,1.681798,1.347485,3.141593

-1.674286,1.643380,1.348907,3.141593

-1.679315,1.623941,1.349669,3.141593

-1.698211,1.595069,1.349946,3.141593

-1.707537,1.578403,1.349166,3.141593

-1.719716,1.540675,1.349069,3.141593

-1.728025,1.521815,1.348282,3.141593

-1.738507,1.472730,1.351451,3.141593

-1.739029,1.463968,1.351049,3.141593

-1.751525,1.418281,1.351152,3.141593

-1.756088,1.375601,1.351168,3.141593

-1.760019,1.352583,1.350518,3.141593

-1.758276,1.329456,1.352940,3.141593

-1.762477,1.281061,1.353282,3.141593

-1.761575,1.246898,1.353873,3.141593

-1.761471,1.246342,1.353887,3.141593

-1.757118,1.204026,1.354212,3.141593

-1.757927,1.188901,1.354090,3.141593

-1.753047,1.170663,1.354965,3.141593

-1.745205,1.130293,1.356767,3.141593

-1.739652,1.113859,1.357593,3.141593

-1.732996,1.064518,1.358409,3.141593

-1.726222,1.048989,1.357949,3.141593

-1.714406,1.015402,1.359717,3.141593

-1.707829,1.002294,1.360521,3.141593

-1.701892,0.984026,1.361423,3.141593

-1.695081,0.965500,1.361267,3.141593

-1.677859,0.926210,1.361893,3.141593

-1.674074,0.915484,1.361892,3.141593

-1.664536,0.901589,1.363530,3.141593

-1.654307,0.883003,1.364287,3.141593

-1.640445,0.857175,1.365021,3.141593

-1.634141,0.845868,1.365761,3.141593

-1.627287,0.837843,1.365827,3.141593

-1.615623,0.821336,1.367252,3.141593

-1.606766,0.808734,1.367969,3.141593

-1.595632,0.791649,1.368699,3.141593

-1.595569,0.791587,1.368715,3.141593

-1.585420,0.779116,1.369541,3.141593

-1.578516,0.770172,1.370223,3.141593

-1.572892,0.762613,1.371331,3.141593

-1.570645,0.760635,1.371490,3.141593

-1.563646,0.749880,1.372212,3.141593

-1.557003,0.742109,1.373035,3.141593

-1.554608,0.737875,1.373272,3.141593

-1.551791,0.735638,1.374176,3.141593

-1.548486,0.728520,1.374874,3.141593

-1.546075,0.724425,1.375507,3.141593

-1.546072,0.724422,1.375527,3.141593

-1.542953,0.719853,1.376362,3.141593

-1.542963,0.717498,1.376634,3.141593

-1.540786,0.715949,1.377379,3.141593

-1.541804,0.711864,1.378027,3.141593

-1.541946,0.709501,1.378626,3.141593

-1.542131,0.707045,1.379439,3.141593

-1.543457,0.705300,1.380034,3.141593

-1.543472,0.705309,1.380034,3.141593

-1.543541,0.702683,1.381176,3.141593

-1.550155,0.701330,1.381510,3.141593

-1.553153,0.700278,1.382288,3.141593

-1.557339,0.699897,1.382354,3.141593

-1.555875,0.698971,1.383098,3.141593

-1.564493,0.697992,1.383695,3.141593

-1.569089,0.697494,1.384207,3.141593

-1.574412,0.697346,1.384912,3.141593

-1.579230,0.696806,1.385198,3.141593

-1.579751,0.697119,1.385410,3.141593

-1.579027,0.696666,1.386060,3.141593

-1.591058,0.696563,1.386533,3.141593

-1.603170,0.696158,1.386774,3.141593

-1.611680,0.697213,1.387137,3.141593

-1.611315,0.696979,1.387726,3.141593

-1.611698,0.697208,1.388094,3.141593

-1.626427,0.697695,1.388401,3.141593

-1.633855,0.697866,1.388362,3.141593

-1.643428,0.699198,1.388791,3.141593

-1.652762,0.700332,1.388845,3.141593

-1.651423,0.699480,1.389232,3.141593

-1.668529,0.700568,1.389356,3.141593

-1.677950,0.701478,1.389561,3.141593

-1.689374,0.703650,1.389838,3.141593

-1.698308,0.704166,1.389698,3.141593

-1.707707,0.704939,1.390002,3.141593

-1.708160,0.705235,1.390460,3.141593

-1.728761,0.707837,1.390207,3.141593

-1.741831,0.710991,1.390345,3.141593

-1.752253,0.712308,1.390553,3.141593

-1.773836,0.715379,1.390301,3.141593

-1.785743,0.717700,1.390279,3.141593

-1.800373,0.722112,1.390217,3.141593

-1.811063,0.723601,1.389946,3.141593

-1.811828,0.724186,1.390194,3.141593

-1.813637,0.725585,1.390176,3.141593

-1.834633,0.728196,1.389724,3.141593

-1.848618,0.732354,1.389151,3.141593

-1.864761,0.738447,1.388270,3.141593

-1.877275,0.741569,1.387729,3.141593

-1.877266,0.741561,1.387738,3.141593

-1.902840,0.748549,1.386619,3.141593

-1.904826,0.750335,1.386236,3.141593

-1.927895,0.755394,1.385550,3.141593

-1.946738,0.765011,1.383955,3.141593

-1.947512,0.765769,1.383631,3.141593

-1.946281,0.764575,1.383782,3.141593

-1.961995,0.771519,1.382715,3.141593

-1.989427,0.782009,1.381275,3.141593

-2.007708,0.792482,1.379639,3.141593

-2.020710,0.797537,1.379103,3.141593

-2.034250,0.803411,1.378252,3.141593

-2.036144,0.805601,1.377823,3.141593

-2.034656,0.803886,1.377966,3.141593

-2.064477,0.819563,1.376203,3.141593

-2.082938,0.832484,1.374673,3.141593

-2.097979,0.841601,1.373701,3.141593

-2.097905,0.841504,1.373704,3.141593

-2.126504,0.858878,1.372026,3.141593

-2.126253,0.858531,1.371897,3.141593

-2.139608,0.866472,1.371198,3.141593

-2.170844,0.890701,1.369079,3.141593

-2.170244,0.889749,1.369067,3.141593

-2.184642,0.900830,1.368136,3.141593

-2.211939,0.922296,1.366421,3.141593

-2.228391,0.939305,1.365251,3.141593

-2.241219,0.950289,1.364419,3.141593

-2.241791,0.951431,1.364382,3.141593

-2.265686,0.971813,1.362840,3.141593

-2.266072,0.972644,1.362914,3.141593

-2.278248,0.984382,1.361999,3.141593

-2.292656,1.002309,1.361018,3.141593

-2.304535,1.015294,1.360205,3.141593

-2.300976,1.006163,1.360701,3.141593

-2.314231,1.023337,1.359650,3.141593

-0.382826,1.397863,1.401280,3.141593

-0.392159,1.369354,1.400604,3.141593

-0.396978,1.354654,1.400269,3.141593

-0.396978,1.354595,1.400273,3.141593

-0.409250,1.410454,1.400488,3.141593

-0.409238,1.410286,1.400492,3.141593

-0.413622,1.396257,1.400141,3.141593

-0.422721,1.367539,1.398595,3.141593

-0.422724,1.367607,1.398596,3.141593

-0.426494,1.422234,1.400608,3.141593

-0.435176,1.394477,1.398029,3.141593

-0.439675,1.380492,1.396646,3.141593

-0.444265,1.366382,1.395415,3.141593

-0.448955,1.351913,1.394446,3.141593

-0.450358,1.374689,1.399441,3.141593

-0.459630,1.347477,1.398493,3.141593

-0.464342,1.333924,1.398539,3.141593

-0.469123,1.320171,1.399026,3.141593

-0.475570,1.341074,1.400132,3.141593

-0.475560,1.340919,1.400144,3.141593

-0.480099,1.327602,1.401326,3.141593

-0.484646,1.314449,1.402817,3.141593

-0.504083,1.404275,1.400646,3.141593

-0.504082,1.404265,1.400644,3.141593

-0.507730,1.392092,1.403050,3.141593

-0.507708,1.391929,1.403063,3.141593

-0.511271,1.379480,1.405705,3.141593

-0.511251,1.379324,1.405717,3.141593

-0.516148,1.209725,1.405730,3.141593

-0.516149,1.209680,1.405731,3.141593

-0.520537,1.197207,1.409052,3.141593

-0.520544,1.197011,1.409068,3.141593

-0.529312,1.278008,1.404885,3.141593

-0.532615,1.267051,1.408502,3.141593

-0.535823,1.255996,1.412143,3.141593

-0.538942,1.244920,1.415786,3.141593

-0.538935,1.244714,1.415805,3.141593

-0.545035,1.237760,1.414254,3.141593

-0.547676,1.227579,1.417815,3.141593

-0.550215,1.217322,1.421314,3.141593

-0.552529,1.207594,1.424833,3.141593

-0.553327,1.237068,1.409838,3.141593

-0.553310,1.236701,1.409876,3.141593

-0.557221,1.218413,1.416536,3.141593

-0.559019,1.209450,1.419710,3.141593

-0.560543,1.200517,1.422831,3.141593

-0.565434,1.261331,1.415112,3.141593

-0.565422,1.261189,1.415130,3.141593

-0.567153,1.244280,1.420481,3.141593

-0.567698,1.236177,1.422954,3.141593

-0.568951,1.240238,1.414373,3.141593

-0.569216,1.232360,1.416652,3.141593

-0.569394,1.224729,1.418797,3.141593

-0.569393,1.224718,1.418796,3.141593

-0.567477,1.162096,1.418791,3.141593

-0.567477,1.162084,1.418791,3.141593

-0.567392,1.155191,1.420420,3.141593

-0.567207,1.148386,1.421960,3.141593

-0.567207,1.148374,1.421959,3.141593

-0.574866,1.271455,1.416560,3.141593

-0.572671,1.259299,1.418785,3.141593

-0.571415,1.253156,1.419775,3.141593

-0.570106,1.247417,1.420656,3.141593

-0.572172,1.264561,1.417299,3.141593

-0.568786,1.253196,1.418431,3.141593

-0.568773,1.253088,1.418452,3.141593

-0.566960,1.247581,1.418898,3.141593

-0.565042,1.241954,1.419304,3.141593

-0.562922,1.236711,1.419527,3.141593

-0.564938,1.253510,1.417773,3.141593

-0.562666,1.248214,1.417965,3.141593

-0.560319,1.243002,1.418106,3.141593

-0.555305,1.233296,1.418315,3.141593

-0.556847,1.245932,1.417919,3.141593

-0.554081,1.240944,1.417960,3.141593

-0.551259,1.236123,1.417941,3.141593

-0.545317,1.227108,1.417704,3.141593

-0.543572,1.234414,1.417757,3.141593

-0.543571,1.234403,1.417755,3.141593

-0.540327,1.230025,1.417526,3.141593

-0.540291,1.229733,1.417562,3.141593

-0.528063,1.155860,1.417876,3.141593

-0.524704,1.152040,1.417534,3.141593

-0.517798,1.144607,1.416797,3.141593

-0.517788,1.144370,1.416814,3.141593

-0.517776,1.144069,1.416847,3.141593

-0.513276,1.183969,1.416790,3.141593

-0.509384,1.180410,1.416301,3.141593

-0.505421,1.176707,1.415813,3.141593

-0.501311,1.173371,1.415232,3.141593

-0.501078,1.170371,1.417441,3.141593

-0.492722,1.164017,1.416197,3.141593

-0.488462,1.160886,1.415556,3.141593

-0.484138,1.157595,1.414927,3.141593

-0.482591,1.190130,1.416935,3.141593

-0.482562,1.189844,1.416961,3.141593

-0.473379,1.184076,1.415498,3.141593

-0.468710,1.181176,1.414776,3.141593

-0.486367,1.316549,1.416498,3.141593

-0.481176,1.313533,1.415708,3.141593

-0.481112,1.313258,1.415732,3.141593

-0.475828,1.310053,1.414956,3.141593

-0.475819,1.310016,1.414966,3.141593

-0.453376,1.242953,1.415961,3.141593

-0.448100,1.240037,1.415035,3.141593

-0.442821,1.237378,1.414134,3.141593

-0.442776,1.237093,1.414149,3.141593

-0.425610,1.180434,1.415366,3.141593

-0.420311,1.178283,1.414365,3.141593

-0.414949,1.175888,1.413401,3.141593

-0.409599,1.174074,1.412445,3.141593

-0.409572,1.173789,1.412450,3.141593

-0.400133,1.185188,1.412780,3.141593

-0.394572,1.183143,1.411753,3.141593

-0.388952,1.180876,1.410746,3.141593

-0.388951,1.180864,1.410747,3.141593

-0.388556,1.221928,1.413993,3.141593

-0.388554,1.221917,1.413993,3.141593

-0.377002,1.218295,1.411867,3.141593

-0.371160,1.216404,1.410833,3.141593

-0.365236,1.214412,1.409684,3.141593

-0.352109,1.140624,1.412049,3.141593

-0.352089,1.140308,1.412054,3.141593

-0.340456,1.138147,1.409793,3.141593

-0.334567,1.137105,1.408502,3.141593

-0.331820,1.176160,1.412099,3.141593

-0.331818,1.176148,1.412101,3.141593

-0.325809,1.174955,1.410821,3.141593

-0.325809,1.174943,1.410822,3.141593

-0.319775,1.173806,1.409558,3.141593

-0.319773,1.173784,1.409561,3.141593

-0.307395,1.169400,1.409004,3.141593

-0.301263,1.168299,1.407658,3.141593

-0.295130,1.167470,1.406353,3.141593

-0.295107,1.167217,1.406349,3.141593

-0.289092,1.168172,1.410336,3.141593

-0.282912,1.167567,1.408841,3.141593

-0.270484,1.166461,1.405977,3.141593

-0.264235,1.165943,1.404593,3.141593

-2.102620,0.538930,1.395664,3.141593

-2.090290,0.539556,1.395443,3.141593

-2.081624,0.536056,1.395165,3.141593

-2.070687,0.529173,1.394792,3.141593

-2.062272,0.526242,1.394584,3.141593

-2.062125,0.526019,1.394628,3.141593

-2.047638,0.523897,1.394201,3.141593

-2.039296,0.521332,1.394007,3.141593

-2.029266,0.516418,1.393761,3.141593

-2.029154,0.516253,1.393773,3.141593

-2.021051,0.514286,1.393691,3.141593

-2.012960,0.512407,1.393674,3.141593

-2.012830,0.512218,1.393711,3.141593

-1.998499,0.511227,1.393790,3.141593

-1.989451,0.508029,1.393838,3.141593

-1.983070,0.508612,1.394001,3.141593

-1.975458,0.507385,1.394191,3.141593

-1.974150,0.505531,1.394164,3.141593

-1.960834,0.505485,1.394607,3.141593

-1.952842,0.503423,1.394844,3.141593

-1.945994,0.502846,1.395107,3.141593

-1.945861,0.502658,1.395137,3.141593

-1.933851,0.503254,1.395659,3.141593

-1.927634,0.503004,1.395956,3.141593

-1.920870,0.501807,1.396288,3.141593

-1.915705,0.502653,1.396519,3.141593

-1.914907,0.501538,1.396585,3.141593

-1.904823,0.502636,1.397097,3.141593

-1.899720,0.502776,1.397369,3.141593

-1.895350,0.503717,1.397565,3.141593

-1.890326,0.503240,1.397877,3.141593

-1.889764,0.502452,1.397993,3.141593

-1.889237,0.501713,1.398101,3.141593

-1.881910,0.503867,1.398347,3.141593

-1.878049,0.504304,1.398550,3.141593

-1.874334,0.504335,1.398795,3.141593

-1.871544,0.505433,1.398833,3.141593

-1.871108,0.504814,1.398950,3.141593

-1.870693,0.504225,1.399063,3.141593

-1.868075,0.505318,1.399092,3.141593

-1.863564,0.507389,1.399137,3.141593

-1.861367,0.507934,1.399287,3.141593

-1.859804,0.509152,1.399202,3.141593

-1.859488,0.508693,1.399318,3.141593

-1.857131,0.511077,1.399195,3.141593

-1.856265,0.512147,1.399166,3.141593

-1.855478,0.513099,1.399225,3.141593

-1.855013,0.514297,1.399175,3.141593

-1.854890,0.514114,1.399197,3.141593

-1.854938,0.515399,1.399089,3.141593

-1.855706,0.518341,1.398753,3.141593

-1.856271,0.519766,1.398752,3.141593

-1.857335,0.521288,1.398603,3.141593

-1.857218,0.521107,1.398613,3.141593

-1.858443,0.522682,1.398457,3.141593

-1.861419,0.526071,1.398034,3.141593

-1.863544,0.528028,1.397933,3.141593

-1.865731,0.529912,1.397748,3.141593

-1.865609,0.529714,1.397759,3.141593

-1.870333,0.533550,1.397291,3.141593

-1.872925,0.535604,1.397128,3.141593

-1.876204,0.538176,1.397027,3.141593

-1.876084,0.537973,1.397043,3.141593

-1.879260,0.540235,1.396873,3.141593

-1.882573,0.542596,1.396702,3.141593

-1.886011,0.545036,1.396544,3.141593

-1.885889,0.544821,1.396547,3.141593

-1.897511,0.552364,1.395944,3.141593

-1.897836,0.552956,1.396035,3.141593

-1.906144,0.557998,1.395643,3.141593

-1.910730,0.560945,1.395502,3.141593

-1.915966,0.565073,1.395440,3.141593

-1.920759,0.568285,1.395306,3.141593

-1.920637,0.568044,1.395306,3.141593

-1.921129,0.569019,1.395385,3.141593

-1.930255,0.573453,1.394981,3.141593

-1.935473,0.576892,1.394856,3.141593

-1.941472,0.581945,1.394710,3.141593

-1.947054,0.585681,1.394501,3.141593

-1.947684,0.587052,1.394418,3.141593

-1.963431,0.595901,1.393883,3.141593

-1.968590,0.598106,1.393755,3.141593

-1.970041,0.601509,1.393428,3.141593

-1.976009,0.605637,1.393130,3.141593

-1.976698,0.607302,1.392909,3.141593

-1.987999,0.614057,1.392500,3.141593

-1.993378,0.616282,1.392406,3.141593

-2.000340,0.622608,1.391840,3.141593

-2.006494,0.626882,1.391540,3.141593

-2.012631,0.631149,1.391261,3.141593

-2.012522,0.630845,1.391253,3.141593

-2.024466,0.637605,1.390921,3.141593

-2.031385,0.643806,1.390438,3.141593

-2.037577,0.647929,1.390221,3.141593

-2.038088,0.649503,1.390005,3.141593

-2.049431,0.654170,1.390033,3.141593

-2.055676,0.658119,1.389851,3.141593

-2.062379,0.663673,1.389527,3.141593

-2.068517,0.667382,1.389399,3.141593

-2.068827,0.668472,1.389248,3.141593

-2.080498,0.672945,1.389358,3.141593

-2.086653,0.676331,1.389285,3.141593

-2.093081,0.680815,1.389112,3.141593

-2.099205,0.683765,1.389094,3.141593

-2.099111,0.683389,1.389079,3.141593

-2.111164,0.688496,1.389148,3.141593

-2.117227,0.691192,1.389174,3.141593

-2.123450,0.694201,1.389143,3.141593

-2.129405,0.696011,1.389235,3.141593

-2.129398,0.695978,1.389191,3.141593

-2.135413,0.698020,1.389235,3.141593

-2.147525,0.702047,1.389411,3.141593

-2.153497,0.703404,1.389478,3.141593

-2.159480,0.704767,1.389570,3.141593

-2.159403,0.704369,1.389564,3.141593

-2.171587,0.707623,1.389786,3.141593

-2.177602,0.708529,1.389902,3.141593

-2.183460,0.708473,1.390018,3.141593

-2.189614,0.710010,1.390131,3.141593

-2.189381,0.708659,1.390123,3.141593

-2.201717,0.710840,1.390367,3.141593

-2.207754,0.711026,1.390474,3.141593

-2.214003,0.712448,1.390597,3.141593

-2.219883,0.711069,1.390727,3.141593

-2.219558,0.709000,1.390715,3.141593

-2.225623,0.708645,1.390831,3.141593

-2.238111,0.709959,1.391067,3.141593

-2.243906,0.707453,1.391191,3.141593

-2.250338,0.708751,1.391305,3.141593

-2.249958,0.706144,1.391295,3.141593

-2.249558,0.703453,1.391285,3.141593

-2.262205,0.704121,1.391503,3.141593

-2.268677,0.705386,1.391613,3.141593

-2.274521,0.701676,1.391718,3.141593

-2.281072,0.702912,1.391823,3.141593

-2.280647,0.699845,1.391800,3.141593

-2.286839,0.698355,1.391895,3.141593

-2.286386,0.695137,1.391864,3.141593

-2.299673,0.697998,1.392094,3.141593

-2.305508,0.693195,1.392158,3.141593

-2.311750,0.691280,1.392231,3.141593

-2.324786,0.690902,1.392416,3.141593

-2.324730,0.690473,1.392413,3.141593

-2.331031,0.688337,1.392478,3.141593

-2.343707,0.684304,1.392620,3.141593

-2.343185,0.680392,1.392582,3.141593

-0.377330,0.966657,1.386607,3.141593

-0.383221,0.961195,1.386137,3.141593

-0.389120,0.955629,1.385672,3.141593

-0.395115,0.950329,1.385187,3.141593

-0.384939,0.839037,1.387146,3.141593

-0.397705,0.827193,1.385991,3.141593

-0.404151,0.821182,1.385070,3.141593

-0.410686,0.815239,1.383749,3.141593

-0.417291,0.776528,1.384952,3.141593

-0.417294,0.776385,1.384950,3.141593

-0.430827,0.764605,1.381671,3.141593

-0.437672,0.758820,1.380227,3.141593

-0.445965,0.722838,1.384312,3.141593

-0.452931,0.716908,1.383565,3.141593

-0.459877,0.710987,1.383198,3.141593

-0.472452,0.716846,1.385087,3.141593

-0.479226,0.711247,1.385786,3.141593

-0.485913,0.705961,1.386851,3.141593

-0.485924,0.705805,1.386849,3.141593

-0.501491,0.621917,1.385634,3.141593

-0.515209,0.610630,1.389258,3.141593

-0.521951,0.604832,1.391482,3.141593

-0.528557,0.599224,1.393937,3.141593

-0.546648,0.515399,1.387071,3.141593

-0.560137,0.504451,1.392394,3.141593

-0.566722,0.498918,1.395273,3.141593

-0.579346,0.488172,1.401527,3.141593

-0.564065,0.548863,1.389602,3.141593

-0.569755,0.543872,1.392941,3.141593

-0.575290,0.538953,1.396308,3.141593

-0.585641,0.529771,1.403149,3.141593

-0.588207,0.534806,1.395320,3.141593

-0.588248,0.534622,1.395318,3.141593

-0.592903,0.530122,1.398633,3.141593

-0.601467,0.521607,1.405118,3.141593

-0.601685,0.533165,1.397337,3.141593

-0.605348,0.529250,1.400352,3.141593

-0.605392,0.529053,1.400351,3.141593

-0.608942,0.525000,1.403250,3.141593

-0.620376,0.495555,1.401171,3.141593

-0.623326,0.491511,1.403690,3.141593

-0.626079,0.487675,1.406079,3.141593

-0.626082,0.487662,1.406079,3.141593

-0.622678,0.500707,1.397544,3.141593

-0.629005,0.490106,1.403444,3.141593

-0.630919,0.486284,1.405168,3.141593

-0.632586,0.482897,1.406774,3.141593

-0.653348,0.414354,1.399111,3.141593

-0.653353,0.414342,1.399111,3.141593

-0.656125,0.407710,1.401556,3.141593

-0.657341,0.404316,1.402663,3.141593

-0.658499,0.400736,1.403669,3.141593

-0.657813,0.401341,1.400031,3.141593

-0.657817,0.401328,1.400030,3.141593

-0.658780,0.394918,1.401233,3.141593

-0.659116,0.391632,1.401707,3.141593

-0.663270,0.377062,1.400370,3.141593

-0.663171,0.373820,1.400559,3.141593

-0.662959,0.370591,1.400689,3.141593

-0.663051,0.370349,1.400691,3.141593

-0.641870,0.415598,1.400235,3.141593

-0.641054,0.411922,1.399988,3.141593

-0.641139,0.411662,1.399989,3.141593

-0.638789,0.405007,1.399221,3.141593

-0.650894,0.363552,1.399714,3.141593

-0.649569,0.359985,1.399177,3.141593

-0.648062,0.356662,1.398600,3.141593

-0.648067,0.356650,1.398600,3.141593

-0.646626,0.360436,1.399936,3.141593

-0.640879,0.350796,1.397745,3.141593

-0.638976,0.347131,1.396972,3.141593

-0.638981,0.347118,1.396971,3.141593

-0.633170,0.352972,1.399270,3.141593

-0.633276,0.352690,1.399271,3.141593

-0.628387,0.346169,1.397601,3.141593

-0.625939,0.342625,1.396747,3.141593

-0.623391,0.338728,1.395831,3.141593

-0.627222,0.318691,1.397730,3.141593

-0.621439,0.311940,1.395853,3.141593

-0.618512,0.308413,1.395005,3.141593

-0.631257,0.279136,1.398011,3.141593

-0.628316,0.275340,1.397094,3.141593

-0.625196,0.271805,1.396174,3.141593

-0.622016,0.268264,1.395259,3.141593

-0.622022,0.268251,1.395258,3.141593

-0.587184,0.327722,1.397174,3.141593

-0.583920,0.323215,1.396193,3.141593

-0.580388,0.319271,1.395215,3.141593

-0.580502,0.318977,1.395217,3.141593

-0.560691,0.344636,1.396490,3.141593

-0.556992,0.340145,1.395585,3.141593

-0.553350,0.335366,1.394692,3.141593

-0.549563,0.330876,1.393814,3.141593

-0.537831,0.348672,1.395845,3.141593

-0.529804,0.339418,1.394274,3.141593

-0.525685,0.334928,1.393530,3.141593

-0.521662,0.329829,1.392855,3.141593

-0.526130,0.317276,1.395270,3.141593

-0.517674,0.308141,1.393926,3.141593

-0.513443,0.303441,1.393259,3.141593

-0.509219,0.298451,1.392745,3.141593

-0.481783,0.361993,1.394244,3.141593

-0.481866,0.361717,1.394233,3.141593

-0.468518,0.345723,1.392755,3.141593

-0.468644,0.325837,1.394004,3.141593

-0.464040,0.320769,1.393679,3.141593

-0.459486,0.315473,1.393348,3.141593

-0.459575,0.315210,1.393334,3.141593

-0.417050,0.425803,1.393809,3.141593

-0.412258,0.419170,1.393614,3.141593

-0.407392,0.412826,1.393432,3.141593

-0.397506,0.400424,1.393294,3.141593

-0.397092,0.375070,1.393945,3.141593

-0.392246,0.368565,1.393954,3.141593

-0.387254,0.362592,1.393988,3.141593

-0.367790,0.456735,1.393892,3.141593

-0.357313,0.442847,1.394461,3.141593

-0.352075,0.435845,1.394727,3.141593

-0.346869,0.428634,1.394970,3.141593

-0.331535,0.491120,1.394141,3.141593

-0.331536,0.491105,1.394142,3.141593

-0.320395,0.476256,1.394935,3.141593

-0.314830,0.468790,1.395244,3.141593

-0.301122,0.575002,1.394413,3.141593

-0.294959,0.566684,1.394839,3.141593

-0.282651,0.550554,1.395648,3.141593

-0.276486,0.542343,1.396136,3.141593

-0.270932,0.521673,1.395216,3.141593

-0.264861,0.513424,1.395670,3.141593

-0.264880,0.513122,1.395659,3.141593

-0.252684,0.497658,1.396643,3.141593

-2.021315,-0.062741,1.386126,3.141593

-2.011603,-0.069238,1.385965,3.141593

-2.005325,-0.071474,1.385982,3.141593

-2.005156,-0.071682,1.385976,3.141593

-1.996232,-0.071538,1.386204,3.141593

-1.989800,-0.073803,1.386288,3.141593

-1.976972,-0.078051,1.386691,3.141593

-1.973181,-0.082738,1.386578,3.141593

-1.963603,-0.082684,1.387447,3.141593

-1.956878,-0.084979,1.387936,3.141593

-1.946311,-0.092008,1.388404,3.141593

-1.943247,-0.089754,1.389113,3.141593

-1.939287,-0.094655,1.389050,3.141593

-1.929564,-0.094666,1.390490,3.141593

-1.922769,-0.097131,1.391233,3.141593

-1.912015,-0.104565,1.392027,3.141593

-1.911856,-0.104761,1.392028,3.141593

-1.905052,-0.107391,1.392851,3.141593

-1.898259,-0.110099,1.393675,3.141593

-1.889263,-0.110246,1.395334,3.141593

-1.886877,-0.107872,1.396141,3.141593

-1.876357,-0.115785,1.396991,3.141593

-1.872015,-0.121121,1.397052,3.141593

-1.865621,-0.124027,1.397857,3.141593

-1.857872,-0.124392,1.399398,3.141593

-1.847569,-0.132697,1.400245,3.141593

-1.841702,-0.135743,1.400996,3.141593

-1.841544,-0.135935,1.400995,3.141593

-1.835080,-0.136537,1.402294,3.141593

-1.829722,-0.139711,1.402959,3.141593

-1.819983,-0.148395,1.403743,3.141593

-1.815127,-0.151609,1.404372,3.141593

-1.810375,-0.154887,1.404966,3.141593

-1.810194,-0.155105,1.404972,3.141593

-1.805882,-0.155966,1.405860,3.141593

-1.797152,-0.164957,1.406550,3.141593

-1.793238,-0.168324,1.407024,3.141593

-1.793081,-0.168511,1.407033,3.141593

-1.789243,-0.171978,1.407462,3.141593

-1.787304,-0.172992,1.407966,3.141593

-1.779407,-0.182285,1.408296,3.141593

-1.776469,-0.185811,1.408429,3.141593

-1.773637,-0.189392,1.408466,3.141593

-1.768566,-0.195358,1.408408,3.141593

-1.773612,-0.190755,1.408446,3.141593

-1.769806,-0.197715,1.408117,3.141593

-1.764801,-0.203679,1.407929,3.141593

-1.766809,-0.204760,1.407606,3.141593

-1.765753,-0.208178,1.407263,3.141593

-1.760165,-0.217153,1.406603,3.141593

-1.759546,-0.220363,1.406198,3.141593

-1.754827,-0.225907,1.405873,3.141593

-1.763907,-0.221257,1.405665,3.141593

-1.764093,-0.224296,1.405203,3.141593

-1.765547,-0.229834,1.404239,3.141593

-1.761250,-0.235005,1.403867,3.141593

-1.767968,-0.235068,1.403248,3.141593

-1.763885,-0.240014,1.402926,3.141593

-1.769361,-0.237647,1.402787,3.141593

-1.767723,-0.244365,1.401999,3.141593

-1.770146,-0.246251,1.401547,3.141593

-1.769988,-0.246446,1.401572,3.141593

-1.772569,-0.248244,1.401171,3.141593

-1.781976,-0.247146,1.400622,3.141593

-1.782457,-0.252160,1.400028,3.141593

-1.786210,-0.253165,1.399708,3.141593

-1.790169,-0.253983,1.399375,3.141593

-1.789992,-0.254210,1.399415,3.141593

-1.801564,-0.251840,1.398978,3.141593

-1.804059,-0.255040,1.398627,3.141593

-1.809045,-0.255037,1.398419,3.141593

-1.808903,-0.255227,1.398438,3.141593

-1.820128,-0.254141,1.398086,3.141593

-1.827455,-0.251277,1.397966,3.141593

-1.839343,-0.249376,1.397681,3.141593

-1.837830,-0.251527,1.397714,3.141593

-1.836570,-0.253308,1.397762,3.141593

-1.858593,-0.245165,1.397505,3.141593

-1.866166,-0.242010,1.397424,3.141593

-1.872222,-0.241351,1.397507,3.141593

-1.871509,-0.242449,1.397619,3.141593

-1.886639,-0.236434,1.397597,3.141593

-1.893985,-0.233693,1.397615,3.141593

-1.901438,-0.230938,1.397816,3.141593

-1.909235,-0.227540,1.397811,3.141593

-1.909073,-0.227817,1.397956,3.141593

-1.916904,-0.224293,1.398085,3.141593

-1.924785,-0.220596,1.398204,3.141593

-1.941215,-0.212064,1.398461,3.141593

-1.948951,-0.208505,1.398479,3.141593

-1.949210,-0.208025,1.398657,3.141593

-1.965248,-0.199689,1.398831,3.141593

-1.973540,-0.194881,1.398982,3.141593

-1.981183,-0.191255,1.399065,3.141593

-1.990036,-0.184969,1.399386,3.141593

-1.990574,-0.183829,1.399582,3.141593

-2.006668,-0.174482,1.399820,3.141593

-2.014947,-0.169029,1.400019,3.141593

-2.023971,-0.161589,1.400359,3.141593

-2.032269,-0.155820,1.400526,3.141593

-2.032140,-0.156143,1.400558,3.141593

-2.047770,-0.146427,1.400767,3.141593

-2.055820,-0.140649,1.400925,3.141593

-2.064745,-0.132336,1.401266,3.141593

-2.071847,-0.128869,1.401314,3.141593

-2.072600,-0.126687,1.401480,3.141593

-2.080489,-0.120689,1.401660,3.141593

-2.088259,-0.114776,1.401834,3.141593

-2.103668,-0.102631,1.402113,3.141593

-2.111185,-0.096815,1.402249,3.141593

-2.118610,-0.091030,1.402389,3.141593

-2.125946,-0.085277,1.402550,3.141593

-2.140471,-0.073620,1.402796,3.141593

-2.147534,-0.068140,1.402936,3.141593

-2.148058,-0.065860,1.403050,3.141593

-2.160884,-0.060070,1.403082,3.141593

-2.167755,-0.054871,1.403195,3.141593

-2.175019,-0.047294,1.403362,3.141593

-2.181680,-0.042437,1.403474,3.141593

-2.182047,-0.040407,1.403547,3.141593

-2.194454,-0.035524,1.403582,3.141593

-2.200958,-0.031053,1.403671,3.141593

-2.213859,-0.022233,1.403844,3.141593

-2.214107,-0.020459,1.403908,3.141593

-2.220440,-0.016498,1.403985,3.141593

-2.232746,-0.010749,1.404072,3.141593

-2.239176,-0.005473,1.404223,3.141593

-2.245331,-0.002360,1.404288,3.141593

-2.245462,-0.001060,1.404352,3.141593

-2.257418,0.002033,1.404391,3.141593

-2.269543,0.006306,1.404490,3.141593

-2.275718,0.010177,1.404613,3.141593

-2.281760,0.012443,1.404682,3.141593

-2.281819,0.013360,1.404706,3.141593

-2.287881,0.015353,1.404775,3.141593

-2.305992,0.020360,1.404972,3.141593

-2.306013,0.020851,1.405002,3.141593

-2.318105,0.023190,1.405122,3.141593

-2.324183,0.024267,1.405222,3.141593

-2.330284,0.026008,1.405306,3.141593

-2.336362,0.026756,1.405413,3.141593

-2.342493,0.027392,1.405488,3.141593

-2.354779,0.028597,1.405631,3.141593

-2.360930,0.028752,1.405692,3.141593

-2.360930,0.028681,1.405736,3.141593

-2.367138,0.028796,1.405845,3.141593

-2.379585,0.029302,1.406009,3.141593

-2.385828,0.029169,1.406110,3.141593

-2.392120,0.028649,1.406238,3.141593

-2.398429,0.028121,1.406384,3.141593

-2.404750,0.027754,1.406463,3.141593

-2.417454,0.027272,1.406703,3.141593

-2.423854,0.025848,1.406852,3.141593

-2.430263,0.024910,1.406979,3.141593

-2.443113,0.024183,1.407210,3.141593

-2.449580,0.022926,1.407368,3.141593

-2.456043,0.022601,1.407488,3.141593

-2.456091,0.020320,1.407521,3.141593

-2.462573,0.019891,1.407669,3.141593

-2.462603,0.018473,1.407675,3.141593

-2.469125,0.017061,1.407811,3.141593

-2.482188,0.015505,1.408127,3.141593

-2.488790,0.012593,1.408296,3.141593

-2.495380,0.010769,1.408472,3.141593

-2.508568,0.008840,1.408821,3.141593

-2.515207,0.006799,1.409026,3.141593

-2.521822,0.006430,1.409175,3.141593

-2.528515,0.002839,1.409416,3.141593

-2.528559,0.000744,1.409462,3.141593

-2.541877,-0.001487,1.409872,3.141593

-2.548581,-0.003874,1.410142,3.141593

-2.555237,-0.004379,1.410337,3.141593

-2.561980,-0.008689,1.410681,3.141593

-2.562019,-0.011075,1.410713,3.141593

-2.568735,-0.013526,1.410950,3.141593

-2.582146,-0.016270,1.411438,3.141593

-2.588900,-0.021278,1.411747,3.141593

-2.595635,-0.024049,1.411988,3.141593

-2.595638,-0.024425,1.411978,3.141593

-2.609096,-0.027296,1.412476,3.141593

-1.066933,-0.872004,1.412155,3.141593

-1.077569,-0.875619,1.412088,3.141593

-1.088211,-0.879183,1.412018,3.141593

-1.097629,-0.885170,1.412176,3.141593

-1.108159,-0.888533,1.412245,3.141593

-1.129332,-0.895164,1.412223,3.141593

-1.140021,-0.898448,1.411940,3.141593

-1.142318,-0.896585,1.412032,3.141593

-1.142326,-0.896590,1.412033,3.141593

-1.152975,-0.899755,1.411446,3.141593

-1.174360,-0.905971,1.410263,3.141593

-1.185091,-0.909038,1.409979,3.141593

-1.210199,-0.920254,1.411396,3.141593

-1.210226,-0.920269,1.411394,3.141593

-1.231583,-0.926067,1.411695,3.141593

-1.242194,-0.928925,1.412187,3.141593

-1.248692,-0.929582,1.412378,3.141593

-1.259161,-0.932420,1.413229,3.141593

-1.269574,-0.935260,1.414226,3.141593

-1.269597,-0.935272,1.414225,3.141593

-1.294705,-0.940941,1.414585,3.141593

-1.304679,-0.943816,1.416226,3.141593

-1.304702,-0.943827,1.416223,3.141593

-1.315264,-0.947081,1.414338,3.141593

-1.334279,-0.952844,1.418267,3.141593

-1.343637,-0.955782,1.420318,3.141593

-1.352859,-0.958746,1.422394,3.141593

-1.345866,-0.955313,1.416472,3.141593

-1.363378,-0.961371,1.420914,3.141593

-1.371955,-0.964467,1.423111,3.141593

-1.380409,-0.967609,1.425280,3.141593

-1.387364,-0.970936,1.418812,3.141593

-1.395350,-0.974080,1.421030,3.141593

-1.410890,-0.980498,1.425320,3.141593

-1.418461,-0.983783,1.427377,3.141593

-1.425608,-0.987160,1.429404,3.141593

-1.430180,-0.989544,1.423637,3.141593

-1.430187,-0.989547,1.423635,3.141593

-1.443760,-0.996574,1.427332,3.141593

-1.450038,-1.000229,1.429130,3.141593

-1.446741,-0.999824,1.425426,3.141593

-1.452775,-1.003630,1.427089,3.141593

-1.458691,-1.007491,1.428666,3.141593

-1.458707,-1.007498,1.428665,3.141593

-1.477287,-1.018816,1.427832,3.141593

-1.482463,-1.022850,1.429113,3.141593

-1.487499,-1.026924,1.430314,3.141593

-1.487514,-1.026930,1.430313,3.141593

-1.506166,-1.039219,1.427055,3.141593

-1.510502,-1.043476,1.428005,3.141593

-1.510509,-1.043478,1.428005,3.141593

-1.514740,-1.047783,1.428886,3.141593

-1.518854,-1.052129,1.429699,3.141593

-1.520857,-1.052898,1.427787,3.141593

-1.528129,-1.061865,1.428949,3.141593

-1.531617,-1.066413,1.429408,3.141593

-1.535012,-1.071004,1.429818,3.141593

-1.536651,-1.075230,1.428599,3.141593

-1.536664,-1.075234,1.428600,3.141593

-1.545116,-1.089669,1.429095,3.141593

-1.547496,-1.094647,1.429080,3.141593

-1.553658,-1.101031,1.428503,3.141593

-1.553670,-1.101035,1.428503,3.141593

-1.555880,-1.106068,1.428406,3.141593

-1.559802,-1.116320,1.428030,3.141593

-1.561582,-1.121557,1.428116,3.141593

-1.563246,-1.126813,1.427824,3.141593

-1.563257,-1.126817,1.427825,3.141593

-1.564860,-1.132106,1.427517,3.141593

-1.576417,-1.145866,1.427343,3.141593

-1.577556,-1.151270,1.426937,3.141593

-1.578626,-1.156699,1.426520,3.141593

-1.578637,-1.156702,1.426521,3.141593

-1.579849,-1.167664,1.426673,3.141593

-1.580558,-1.173247,1.426178,3.141593

-1.581223,-1.178857,1.425679,3.141593

-1.581643,-1.184543,1.425157,3.141593

-1.578630,-1.194831,1.425801,3.141593

-1.578957,-1.200606,1.425252,3.141593

-1.579067,-1.206455,1.424714,3.141593

-1.575538,-1.211208,1.425672,3.141593

-1.575603,-1.217116,1.425120,3.141593

-1.575637,-1.223050,1.424569,3.141593

-1.575643,-1.223052,1.424569,3.141593

-1.584558,-1.237773,1.425342,3.141593

-1.584292,-1.243786,1.424719,3.141593

-1.584002,-1.249820,1.424098,3.141593

-1.584007,-1.249821,1.424098,3.141593

-2.853771,-0.170595,1.418456,3.141593

-2.849224,-0.173870,1.417810,3.141593

-2.849286,-0.174309,1.417850,3.141593

-2.849346,-0.174730,1.417885,3.141593

-2.847074,-0.176714,1.417550,3.141593

-2.842167,-0.180406,1.416898,3.141593

-2.839685,-0.182463,1.416644,3.141593

-2.837190,-0.184755,1.416345,3.141593

-2.837247,-0.185109,1.416393,3.141593

-2.831865,-0.189390,1.415855,3.141593

-2.829167,-0.191816,1.415627,3.141593

-2.826431,-0.194149,1.415424,3.141593

-2.823627,-0.196707,1.415214,3.141593

-2.823681,-0.197005,1.415252,3.141593

-2.818097,-0.202155,1.414810,3.141593

-2.815362,-0.204878,1.414650,3.141593

-2.809775,-0.210035,1.414300,3.141593

-2.809825,-0.210283,1.414333,3.141593

-2.804517,-0.215828,1.414007,3.141593

-2.801948,-0.218802,1.413849,3.141593

-2.802047,-0.219271,1.413880,3.141593

-2.797070,-0.224866,1.413590,3.141593

-2.797124,-0.225121,1.413596,3.141593

-2.794828,-0.228210,1.413500,3.141593

-2.792616,-0.231333,1.413385,3.141593

-2.788411,-0.237198,1.413135,3.141593

-2.786568,-0.240551,1.413025,3.141593

-2.786639,-0.240861,1.413044,3.141593

-2.783211,-0.246957,1.412861,3.141593

-2.781735,-0.250158,1.412749,3.141593

-2.780364,-0.253274,1.412649,3.141593

-2.779147,-0.256505,1.412570,3.141593

-2.779262,-0.256975,1.412600,3.141593

-2.777272,-0.262976,1.412464,3.141593

-2.776515,-0.266156,1.412395,3.141593

-2.775885,-0.269315,1.412322,3.141593

-2.775501,-0.272446,1.412237,3.141593

-2.775630,-0.272951,1.412265,3.141593

-2.775127,-0.278689,1.412146,3.141593

-2.775248,-0.279157,1.412177,3.141593

-2.775385,-0.284788,1.412036,3.141593

-2.775766,-0.287783,1.411995,3.141593

-2.776268,-0.290748,1.411951,3.141593

-2.777592,-0.295911,1.411858,3.141593

-2.778627,-0.298929,1.411819,3.141593

-2.779727,-0.301727,1.411754,3.141593

-2.779851,-0.302190,1.411792,3.141593

-2.782334,-0.306931,1.411696,3.141593

-2.783894,-0.309558,1.411650,3.141593

-2.785641,-0.312455,1.411624,3.141593

-2.787417,-0.315043,1.411609,3.141593

-2.789444,-0.317539,1.411587,3.141593

-2.789666,-0.318361,1.411627,3.141593

-2.795984,-0.324378,1.411530,3.141593

-2.798548,-0.326687,1.411533,3.141593

-2.798675,-0.327155,1.411572,3.141593

-2.803822,-0.330779,1.411522,3.141593

-2.806649,-0.333000,1.411569,3.141593

-2.809680,-0.335626,1.411592,3.141593

-2.812798,-0.337714,1.411588,3.141593

-2.812923,-0.338181,1.411629,3.141593

-2.819143,-0.341330,1.411620,3.141593

-2.819413,-0.342328,1.411713,3.141593

-2.826202,-0.345840,1.411742,3.141593

-2.829826,-0.347752,1.411761,3.141593

-2.833527,-0.349661,1.411821,3.141593

-2.833660,-0.350156,1.411892,3.141593

-2.841100,-0.352767,1.411965,3.141593

-2.845297,-0.355203,1.412029,3.141593

-2.849395,-0.357003,1.412117,3.141593

-2.849520,-0.357476,1.412160,3.141593

-2.857720,-0.359828,1.412320,3.141593

-2.862123,-0.361539,1.412430,3.141593

-2.866779,-0.363976,1.412563,3.141593

-2.871307,-0.365688,1.412702,3.141593

-2.871630,-0.366934,1.412717,3.141593

-2.885192,-0.369340,1.413051,3.141593

-2.890254,-0.371802,1.413239,3.141593

-2.890373,-0.372272,1.413282,3.141593

-2.895359,-0.373861,1.413423,3.141593

-2.895710,-0.375248,1.413490,3.141593

-2.910285,-0.377268,1.413944,3.141593

-2.910409,-0.377764,1.414026,3.141593

-2.915920,-0.380292,1.414271,3.141593

-2.921244,-0.381876,1.414506,3.141593

-2.931663,-0.383551,1.414945,3.141593

-2.937202,-0.385064,1.415174,3.141593

-2.943068,-0.387753,1.415546,3.141593

-2.948443,-0.388238,1.415826,3.141593

-2.948824,-0.389831,1.415887,3.141593

-2.954508,-0.391441,1.416221,3.141593

-2.965685,-0.392971,1.416786,3.141593

-2.971870,-0.395871,1.417282,3.141593

-2.977794,-0.397493,1.417626,3.141593

-2.977903,-0.397975,1.417668,3.141593

-2.989554,-0.399554,1.418480,3.141593

-2.995670,-0.401231,1.418929,3.141593

-3.007904,-0.404162,1.419821,3.141593

-3.008317,-0.406056,1.419907,3.141593

-3.020516,-0.407685,1.420915,3.141593

-3.026860,-0.409427,1.421423,3.141593

-3.033569,-0.412801,1.422007,3.141593

-3.039712,-0.413081,1.422583,3.141593

-3.040142,-0.415176,1.422660,3.141593

-3.046654,-0.417147,1.423334,3.141593

-3.059314,-0.418907,1.424555,3.141593

-3.072516,-0.422423,1.425920,3.141593

-3.072960,-0.424732,1.425986,3.141593

-3.085929,-0.426641,1.427411,3.141593

-3.086006,-0.427051,1.427418,3.141593

-3.092810,-0.429233,1.428251,3.141593

-3.099984,-0.433406,1.429105,3.141593

-3.106814,-0.435608,1.429922,3.141593

-3.113683,-0.437952,1.430787,3.141593

-3.127166,-0.440251,1.432591,3.141593

-3.127248,-0.440741,1.432598,3.141593

-3.141155,-0.445296,1.434521,3.141593

-3.141597,-0.448072,1.434542,3.141593

-3.148703,-0.450885,1.435525,3.141593

-3.162463,-0.453410,1.437637,3.141593

-3.169953,-0.458781,1.438748,3.141593

-3.177095,-0.461788,1.439848,3.141593

-3.177172,-0.462325,1.439798,3.141593

-3.184398,-0.465607,1.440834,3.141593

-3.198406,-0.468819,1.443212,3.141593

-3.205949,-0.474775,1.444559,3.141593

-3.212876,-0.475382,1.445765,3.141593

-3.213285,-0.478844,1.445648,3.141593

-3.227456,-0.482767,1.448127,3.141593

-3.234703,-0.486301,1.449594,3.141593

-3.234775,-0.486910,1.449402,3.141593

-3.242372,-0.493910,1.450750,3.141593

-3.249655,-0.497961,1.452073,3.141593

-3.256966,-0.502370,1.453133,3.141593

-3.271153,-0.506758,1.456417,3.141593

-3.278669,-0.514698,1.457880,3.141593

-3.285691,-0.515782,1.459266,3.141593

-3.285975,-0.519993,1.458937,3.141593

-3.300220,-0.525590,1.461726,3.141593

-3.307444,-0.530567,1.463174,3.141593

-3.314790,-0.539535,1.464670,3.141593

-3.321941,-0.544861,1.466127,3.141593

-3.322062,-0.549271,1.466171,3.141593

-3.336105,-0.551840,1.468991,3.141593

-3.350174,-0.558503,1.472576,3.141593

-3.357243,-0.568618,1.474161,3.141593

-3.357276,-0.573614,1.473476,3.141593

-3.357239,-0.578410,1.473523,3.141593

-3.378073,-0.587392,1.478695,3.141593

-3.384771,-0.598574,1.480261,3.141593

-3.384810,-0.599250,1.479333,3.141593

-3.391512,-0.605722,1.481752,3.141593

-3.391551,-0.606397,1.480768,3.141593

-3.405113,-0.614891,1.484633,3.141593

-3.411782,-0.622351,1.484974,3.141593

-3.417903,-0.634331,1.487625,3.141593

-3.424337,-0.641838,1.489040,3.141593

-3.424375,-0.642484,1.487786,3.141593

-3.430731,-0.650134,1.489140,3.141593

-3.443838,-0.660259,1.491691,3.141593

-3.449395,-0.673553,1.493027,3.141593

-3.455438,-0.681760,1.494256,3.141593

-3.461489,-0.690274,1.493802,3.141593

-3.473831,-0.701131,1.499480,3.141593

-3.478620,-0.715423,1.500699,3.141593

-3.484166,-0.724320,1.501835,3.141593

-3.484239,-0.724764,1.499942,3.141593

-3.496265,-0.736700,1.501840,3.141593

-3.501573,-0.745852,1.502791,3.141593

-3.505468,-0.760980,1.503844,3.141593

-3.510273,-0.770459,1.506958,3.141593

-3.510412,-0.770666,1.504673,3.141593

-3.515553,-0.779889,1.503101,3.141593

-3.526430,-0.792899,1.506670,3.141593

-3.529150,-0.808696,1.509862,3.141593

-3.533619,-0.818276,1.510375,3.141593

-3.533862,-0.818181,1.507764,3.141593

-3.544439,-0.831120,1.508390,3.141593

-3.548717,-0.840580,1.508604,3.141593

-3.551042,-0.855609,1.508786,3.141593

-3.554623,-0.865647,1.511738,3.141593

-3.560549,-0.869441,1.511750,3.141593

-3.559614,-0.873365,1.505842,3.141593

-3.563669,-0.882240,1.505688,3.141593

-3.571046,-0.900598,1.508255,3.141593

-3.552497,-0.959674,1.513227,3.141593

-3.545086,-0.975516,1.510761,3.141593

-3.550891,-0.992992,1.510210,3.141593

-3.553055,-1.002865,1.509791,3.141593

-3.553756,-1.015191,1.509207,3.141593

-3.555698,-1.024502,1.511847,3.141593

-3.556743,-1.023086,1.508623,3.141593

-3.554601,-1.026893,1.508534,3.141593

-3.564278,-1.035462,1.510660,3.141593

-3.569165,-1.040248,1.506807,3.141593

-3.570859,-1.049941,1.506060,3.141593

-3.573078,-1.058279,1.508506,3.141593

-3.578589,-1.061555,1.507877,3.141593

-3.578517,-1.062017,1.504706,3.141593

-3.580720,-1.070203,1.507074,3.141593

-3.591996,-1.076364,1.505756,3.141593

-3.594759,-1.083897,1.504998,3.141593

-3.595392,-1.083212,1.502026,3.141593

-3.599928,-1.087972,1.501370,3.141593

-3.605937,-1.101483,1.505824,3.141593

-3.614162,-1.101105,1.502339,3.141593

-3.614470,-1.100881,1.499565,3.141593

-3.619588,-1.104792,1.498982,3.141593

-3.627506,-1.104830,1.495944,3.141593

-3.627396,-1.104989,1.495952,3.141593

-3.636617,-1.114264,1.497386,3.141593

-3.641678,-1.118333,1.496862,3.141593

-3.647523,-1.121304,1.496334,3.141593

-3.660411,-1.125775,1.495396,3.141593

-3.660299,-1.125929,1.495403,3.141593

-3.666615,-1.128376,1.494936,3.141593

-3.672749,-1.131092,1.494447,3.141593

-3.679518,-1.133021,1.494009,3.141593

-3.693598,-1.136209,1.493111,3.141593

-3.696777,-1.142999,1.494681,3.141593

-3.703840,-1.144626,1.494171,3.141593

-3.711103,-1.146047,1.493679,3.141593

-3.715158,-1.140616,1.491721,3.141593

-3.730411,-1.142529,1.490781,3.141593

-3.733821,-1.149206,1.492166,3.141593

-3.741902,-1.149678,1.491568,3.141593

-3.749989,-1.150162,1.491047,3.141593

-3.754414,-1.144145,1.489254,3.141593

-3.762675,-1.144382,1.488726,3.141593

-3.779367,-1.144725,1.487650,3.141593

-3.788383,-1.144007,1.487013,3.141593

-3.797137,-1.143657,1.486435,3.141593

-3.810903,-1.136131,1.484181,3.141593

-3.810785,-1.136301,1.484199,3.141593

-3.828420,-1.147833,1.485474,3.141593

-3.837205,-1.147548,1.484837,3.141593

-3.837557,-1.147039,1.484792,3.141593

-3.842586,-1.139729,1.483199,3.141593

-3.857190,-1.130748,1.480927,3.141593

-3.870831,-1.136053,1.481063,3.141593

-3.880988,-1.133656,1.480197,3.141593

-3.885509,-1.139909,1.480964,3.141593

-3.891245,-1.131108,1.479330,3.141593

-3.909420,-1.142983,1.480070,3.141593

-3.925432,-1.131440,1.477495,3.141593

-3.935020,-1.129857,1.476670,3.141593

-3.940764,-1.120469,1.475032,3.141593

-3.960627,-1.115788,1.473202,3.141593

-3.965578,-1.121883,1.473751,3.141593

-3.976382,-1.118042,1.472642,3.141593

-3.986154,-1.115884,1.471683,3.141593

-3.996936,-1.111875,1.470526,3.141593

-4.007483,-1.092645,1.467364,3.141593

-4.022105,-1.096765,1.466867,3.141593

-4.037768,-1.098957,1.466068,3.141593

-4.043065,-1.088728,1.464467,3.141593

-4.043403,-1.088067,1.464393,3.141593

-4.063021,-1.082157,1.462211,3.141593

-4.078342,-1.084763,1.461396,3.141593

-4.088915,-1.079986,1.460067,3.141593

-4.093785,-1.069585,1.458470,3.141593

-4.113576,-1.062038,1.456054,3.141593

-4.123531,-1.057902,1.454801,3.141593

-4.133759,-1.052949,1.453458,3.141593

-4.139465,-1.058654,1.453657,3.141593

-4.143513,-1.048968,1.452223,3.141593

-4.162822,-1.040991,1.449754,3.141593

-4.172482,-1.036721,1.448478,3.141593

-4.188044,-1.037666,1.447287,3.141593

-4.191875,-1.027295,1.445818,3.141593

-4.204713,-1.013181,1.443125,3.141593

-4.216470,-1.024532,1.443375,3.141593

-4.226018,-1.019466,1.442018,3.141593

-4.235057,-1.015699,1.440882,3.141593

-4.244233,-1.011321,1.439719,3.141593

-4.250310,-0.991579,1.437374,3.141593

-4.265224,-0.992839,1.436459,3.141593

-4.256136,-1.045293,1.438613,3.141593

-4.259461,-1.058040,1.438478,3.141593

-4.259644,-1.057504,1.438190,3.141593

-4.277077,-1.052591,1.436685,3.141593

-4.285916,-1.049604,1.435948,3.141593

-4.295053,-1.045565,1.435129,3.141593

-4.301054,-1.051015,1.435167,3.141593

-4.304071,-1.041706,1.434380,3.141593

-4.321754,-1.034573,1.433142,3.141593

-4.330578,-1.030797,1.432500,3.141593

-4.345567,-1.031998,1.431895,3.141593

-4.345583,-1.031939,1.431877,3.141593

-4.348123,-1.022967,1.431282,3.141593

-4.371481,-1.020939,1.430248,3.141593

-4.380034,-1.017099,1.429631,3.141593

-4.388462,-1.013557,1.429064,3.141593

-4.396823,-1.010094,1.428475,3.141593

-4.400666,-0.993442,1.427139,3.141593

-4.415122,-0.995280,1.426579,3.141593

-4.423251,-0.991880,1.425905,3.141593

-4.431281,-0.988761,1.425275,3.141593

-4.439259,-0.985712,1.424662,3.141593

-4.439231,-0.985856,1.424687,3.141593

-4.454987,-0.979886,1.423468,3.141593

-4.469296,-0.981495,1.422890,3.141593

-4.469262,-0.981681,1.422907,3.141593

-4.463778,-1.009906,1.423457,3.141593

-4.477073,-1.016630,1.422622,3.141593

-4.484076,-1.018338,1.422161,3.141593

-4.491650,-1.017259,1.421564,3.141593

-4.497917,-1.022454,1.421644,3.141593

-4.499251,-1.015722,1.420984,3.141593

-4.521223,-1.015185,1.419773,3.141593

-4.522396,-1.008684,1.419144,3.141593

-4.529992,-1.006444,1.418545,3.141593

-4.536430,-1.010930,1.418602,3.141593

-4.537502,-1.004597,1.417976,3.141593

-4.559103,-1.004442,1.416850,3.141593

-4.566529,-1.002493,1.416279,3.141593

-4.573926,-1.000625,1.415713,3.141593

-4.574748,-0.994869,1.415118,3.141593

-4.582077,-0.993177,1.414568,3.141593

-4.582036,-0.993477,1.414591,3.141593

-4.596614,-0.990021,1.413512,3.141593

-4.603827,-0.988547,1.412998,3.141593

-4.610363,-0.992649,1.413060,3.141593

-4.610984,-0.987460,1.412517,3.141593

-4.624711,-0.989834,1.412059,3.141593

-4.632382,-0.983364,1.411029,3.141593

-4.639456,-0.982259,1.410589,3.141593

-4.646030,-0.986164,1.410664,3.141593

-4.646486,-0.981541,1.410160,3.141593

-4.646456,-0.981860,1.410185,3.141593

-4.660021,-0.984381,1.409797,3.141593

-4.674033,-0.982341,1.408945,3.141593

-4.680950,-0.981545,1.408567,3.141593

-4.681276,-0.977516,1.408126,3.141593

-4.681249,-0.977850,1.408146,3.141593

-4.695045,-0.976477,1.407410,3.141593

-4.701929,-0.976042,1.407071,3.141593

-4.708467,-0.979622,1.407154,3.141593

-4.715294,-0.979280,1.406826,3.141593

-4.715526,-0.975810,1.406478,3.141593

-4.729168,-0.975259,1.405881,3.141593

-4.735929,-0.975275,1.405623,3.141593

-4.742505,-0.978700,1.405688,3.141593

-4.749290,-0.978751,1.405447,3.141593

-4.756077,-0.978914,1.405215,3.141593

-4.756369,-0.973245,1.404671,3.141593

-4.769730,-0.976662,1.404567,3.141593

-4.776484,-0.977221,1.404375,3.141593

-4.783129,-0.980474,1.404480,3.141593

-4.783237,-0.978140,1.404266,3.141593

-4.796664,-0.981689,1.404182,3.141593

-4.803317,-0.984878,1.404259,3.141593

-4.810195,-0.983328,1.403979,3.141593

-4.816974,-0.984264,1.403886,3.141593

-4.817048,-0.982422,1.403738,3.141593

-4.830571,-0.984391,1.403616,3.141593

-4.837344,-0.985647,1.403603,3.141593

-4.844128,-0.986979,1.403586,3.141593

-4.850827,-0.989990,1.403689,3.141593

-4.850876,-0.988721,1.403612,3.141593

-4.857700,-0.988770,1.403569,3.141593

-4.864430,-0.991782,1.403670,3.141593

-4.877964,-0.996093,1.403819,3.141593

-4.884753,-0.997832,1.403884,3.141593

-4.884789,-0.996950,1.403888,3.141593

-4.898372,-1.001452,1.404094,3.141593

-4.896737,-1.031419,1.404556,3.141593

-4.909553,-1.045594,1.404976,3.141593

-4.916041,-1.051464,1.405215,3.141593

-4.915977,-1.052262,1.405314,3.141593

-4.929520,-1.057168,1.405692,3.141593

-4.936227,-1.060368,1.405838,3.141593

-4.943000,-1.062984,1.406078,3.141593

-4.949789,-1.065552,1.406318,3.141593

-4.949802,-1.065466,1.406470,3.141593

-4.963348,-1.070768,1.407065,3.141593

-4.970116,-1.073668,1.407396,3.141593

-4.976882,-1.076676,1.407758,3.141593

-4.983620,-1.079735,1.407913,3.141593

-4.983593,-1.080075,1.408157,3.141593

-4.997109,-1.086193,1.408981,3.141593

-5.003854,-1.089509,1.409420,3.141593

-5.010617,-1.092646,1.409611,3.141593

-5.017336,-1.096035,1.410081,3.141593

-5.017266,-1.096743,1.410403,3.141593

-5.030754,-1.103179,1.411111,3.141593

-5.037396,-1.107466,1.412035,3.141593

-5.037363,-1.107749,1.412048,3.141593

-5.050779,-1.114571,1.412865,3.141593

-5.050653,-1.115677,1.413293,3.141593

-5.057184,-1.120641,1.414383,3.141593

-5.070673,-1.126849,1.414876,3.141593

-5.077254,-1.131213,1.415600,3.141593

-5.083836,-1.135587,1.416356,3.141593

-5.083640,-1.137063,1.416915,3.141593

-5.096729,-1.146057,1.418569,3.141593

-5.103417,-1.149439,1.418851,3.141593

-5.109889,-1.154337,1.419778,3.141593

-5.116352,-1.159248,1.420703,3.141593

-5.116067,-1.161104,1.421386,3.141593

-5.122454,-1.166287,1.422409,3.141593

-5.135803,-1.173038,1.423072,3.141593

-5.141841,-1.180213,1.424924,3.141593

-5.148130,-1.185760,1.426093,3.141593

-5.147712,-1.188101,1.426927,3.141593

-5.147657,-1.188398,1.426935,3.141593

-5.166759,-1.203225,1.429860,3.141593

-5.172873,-1.209294,1.431216,3.141593

-5.178937,-1.215506,1.432647,3.141593

-5.178367,-1.218248,1.433671,3.141593

-5.184351,-1.224650,1.435197,3.141593

-5.197439,-1.232177,1.436078,3.141593

-5.196156,-1.237853,1.438392,3.141593

-5.201957,-1.244712,1.440082,3.141593

-5.207703,-1.251667,1.441829,3.141593

-5.214140,-1.255726,1.442330,3.141593

-5.225465,-1.269794,1.446035,3.141593

-5.230986,-1.277162,1.447975,3.141593

-5.230007,-1.280747,1.449442,3.141593

-5.235394,-1.288343,1.451503,3.141593

-5.239651,-1.299613,1.455227,3.141593

-5.252242,-1.308001,1.456412,3.141593

-5.257331,-1.316054,1.458685,3.141593

-5.262343,-1.324178,1.461004,3.141593

-5.261004,-1.328287,1.462745,3.141593

-5.260927,-1.328531,1.462732,3.141593

-5.270576,-1.345168,1.467581,3.141593

-5.281366,-1.358035,1.470758,3.141593

-5.285838,-1.366810,1.473299,3.141593

-5.285759,-1.367033,1.473291,3.141593

-5.284040,-1.371608,1.475170,3.141593

-5.292554,-1.389465,1.480382,3.141593

-5.296590,-1.398675,1.483013,3.141593

-5.300477,-1.408024,1.485633,3.141593

-5.306341,-1.412588,1.486326,3.141593

-5.304171,-1.417643,1.488240,3.141593

-5.311444,-1.436518,1.493516,3.141593

-5.314837,-1.446176,1.496110,3.141593

-5.318108,-1.455904,1.498705,3.141593

-5.323819,-1.460448,1.499418,3.141593

-5.326951,-1.470210,1.502017,3.141593

-5.321527,-1.480972,1.505667,3.141593

-5.330070,-1.495116,1.508904,3.141593

-5.338477,-1.509232,1.512127,3.141593

-5.335423,-1.514785,1.513904,3.141593

-5.340510,-1.534198,1.518740,3.141593

-5.340436,-1.534335,1.518728,3.141593

-5.348494,-1.548178,1.521783,3.141593

-5.350824,-1.557793,1.524168,3.141593

-5.347455,-1.563259,1.525857,3.141593

-5.346358,-1.577955,1.529741,3.141593

-5.357602,-1.586045,1.530975,3.141593

-5.359806,-1.595267,1.533173,3.141593

-5.362030,-1.604317,1.535318,3.141593

-5.358519,-1.609456,1.536838,3.141593

-5.363060,-1.626876,1.540895,3.141593

-5.368775,-1.630674,1.541414,3.141593

-5.371114,-1.639132,1.543327,3.141593

-5.373524,-1.647401,1.545171,3.141593

-5.370067,-1.652022,1.546496,3.141593

-5.370004,-1.652114,1.546468,3.141593

-5.369158,-1.664438,1.549519,3.141593

-5.365142,-1.692206,1.550048,3.141593

-5.362299,-1.706414,1.551479,3.141593

-5.363164,-1.715798,1.552919,3.141593

-5.359264,-1.720305,1.553963,3.141593

-5.368260,-1.730313,1.555682,3.141593

-5.368557,-1.739973,1.557854,3.141593

-5.372030,-1.746073,1.558996,3.141593

-5.375661,-1.751986,1.560068,3.141593

-5.375611,-1.752043,1.560061,3.141593

-5.390432,-1.765736,1.562050,3.141593

-5.394778,-1.770946,1.562833,3.141593

-5.399380,-1.775960,1.563534,3.141593

-5.397306,-1.778128,1.564010,3.141593

-5.400515,-1.784595,1.564861,3.141593

-5.412955,-1.791312,1.565315,3.141593

-5.418767,-1.795200,1.565494,3.141593

-5.424761,-1.798924,1.565593,3.141593

-5.437350,-1.805816,1.565580,3.141593

-5.443895,-1.809040,1.565452,3.141593

-5.451553,-1.811187,1.565237,3.141593

-5.458599,-1.814010,1.564886,3.141593

-5.445996,-1.827038,1.564550,3.141593

-5.448881,-1.834116,1.563790,3.141593

-5.463272,-1.839584,1.563151,3.141593

-5.470771,-1.842119,1.562417,3.141593

-5.470640,-1.842301,1.562022,3.141593

-5.478872,-1.844128,1.561144,3.141593

-5.496219,-1.847014,1.559073,3.141593

-5.504560,-1.848777,1.558492,3.141593

-5.513645,-1.849865,1.557217,3.141593

-5.522881,-1.850795,1.555887,3.141593

-5.523747,-1.849979,1.555181,3.141593

-5.532339,-1.851566,1.554413,3.141593

-5.550844,-1.853444,1.551935,3.141593

-5.562137,-1.852332,1.549277,3.141593

-5.572412,-1.852236,1.547363,3.141593

-5.574038,-1.850578,1.546303,3.141593

-5.595401,-1.849356,1.541961,3.141593

-5.606195,-1.848540,1.539660,3.141593

-5.615200,-1.849663,1.538461,3.141593

-5.626328,-1.848442,1.535899,3.141593

-5.628449,-1.846095,1.534599,3.141593

-5.641551,-1.854022,1.529788,3.141593

-5.647365,-1.858823,1.528600,3.141593

-5.660254,-1.855569,1.524296,3.141593

-5.668949,-1.856990,1.522869,3.141593

-5.680408,-1.855154,1.519879,3.141593

-5.685550,-1.849057,1.516694,3.141593

-5.706512,-1.847331,1.511884,3.141593

-5.727433,-1.845339,1.506886,3.141593

-5.730069,-1.841958,1.505227,3.141593

-5.753701,-1.835902,1.498276,3.141593

-5.765494,-1.832667,1.494737,3.141593

-5.777226,-1.829340,1.491157,3.141593

-5.786164,-1.829842,1.489373,3.141593

-5.803356,-1.818177,1.482014,3.141593

-5.821099,-1.818877,1.478260,3.141593

-5.832566,-1.815084,1.474548,3.141593

-5.843971,-1.811226,1.470787,3.141593

-5.846571,-1.807003,1.468940,3.141593

-5.860465,-1.798611,1.463309,3.141593

-5.871601,-1.794539,1.459593,3.141593

-5.891240,-1.790558,1.453901,3.141593

-5.899741,-1.790832,1.452033,3.141593

-5.902085,-1.786487,1.450233,3.141593

-5.915157,-1.777878,1.444756,3.141593

-5.931886,-1.778343,1.441031,3.141593

-5.942384,-1.774162,1.437431,3.141593

-5.952745,-1.770013,1.433880,3.141593

-5.954750,-1.765754,1.432235,3.141593

-5.975005,-1.757556,1.425338,3.141593

-5.984911,-1.753613,1.421973,3.141593

-5.994684,-1.749754,1.418750,3.141593

-6.002605,-1.750185,1.417133,3.141593

-6.004251,-1.746154,1.415648,3.141593

-6.031069,-1.739033,1.407867,3.141593

-6.040283,-1.735571,1.404961,3.141593

-6.049390,-1.732218,1.402136,3.141593

-6.049330,-1.732393,1.402218,3.141593

-6.050641,-1.728680,1.400909,3.141593

-6.068443,-1.722310,1.395571,3.141593

-6.077151,-1.719390,1.393048,3.141593

-6.085748,-1.716627,1.390627,3.141593

-6.094245,-1.713991,1.388333,3.141593

-6.110078,-1.712190,1.385018,3.141593

-6.117443,-1.713078,1.383999,3.141593

-6.126558,-1.707684,1.380964,3.141593

-6.127336,-1.704836,1.380052,3.141593

-6.134624,-1.705856,1.379158,3.141593

-6.142667,-1.703969,1.377372,3.141593

-6.144047,-1.698586,1.375661,3.141593

-6.166471,-1.698871,1.372437,3.141593

-6.174275,-1.697462,1.370953,3.141593

-6.174784,-1.695265,1.370287,3.141593

-6.174721,-1.695553,1.370398,3.141593

-6.197327,-1.694212,1.367120,3.141593

-6.204918,-1.693362,1.365999,3.141593

-6.212467,-1.692616,1.364942,3.141593

-6.212794,-1.690992,1.364448,3.141593

-6.227795,-1.689816,1.362537,3.141593

-6.235238,-1.689406,1.361697,3.141593

-6.242630,-1.689199,1.360935,3.141593

-6.249981,-1.689227,1.360284,3.141593

-6.257565,-1.687839,1.359240,3.141593

-6.264874,-1.687982,1.358695,3.141593

-6.279090,-1.690628,1.358344,3.141593

-6.286386,-1.690782,1.357892,3.141593

-6.286485,-1.690108,1.357650,3.141593

-6.301023,-1.690606,1.356888,3.141593

-6.308228,-1.691166,1.356600,3.141593

-6.315295,-1.692671,1.356592,3.141593

-6.322526,-1.693107,1.356398,3.141593

-6.322559,-1.692802,1.356243,3.141593

-6.329849,-1.692730,1.355880,3.141593

-6.344034,-1.695359,1.356001,3.141593

-6.351188,-1.696153,1.355945,3.141593

-6.358366,-1.696795,1.355922,3.141593

-6.358357,-1.696790,1.355848,3.141593

-6.365528,-1.697395,1.355745,3.141593

-6.379800,-1.699198,1.355944,3.141593

-6.386919,-1.700194,1.356051,3.141593

-6.394043,-1.701195,1.356207,3.141593

-6.401167,-1.702168,1.356312,3.141593

-6.415407,-1.704426,1.356843,3.141593

-6.422572,-1.705196,1.357065,3.141593

-6.429653,-1.706754,1.357426,3.141593

-6.429613,-1.707040,1.357420,3.141593

-6.436775,-1.707987,1.357742,3.141593

-6.443949,-1.708845,1.358086,3.141593

-6.458275,-1.710697,1.358845,3.141593

-6.465382,-1.712085,1.359275,3.141593

-6.465329,-1.712599,1.359387,3.141593

-6.479681,-1.714261,1.360229,3.141593

-6.486865,-1.715058,1.360732,3.141593

-6.494019,-1.716118,1.361235,3.141593

-6.501149,-1.717467,1.361814,3.141593

-6.508319,-1.718480,1.362382,3.141593

-6.508256,-1.719077,1.362425,3.141593

-6.522709,-1.720236,1.363616,3.141593

-6.529890,-1.721234,1.364210,3.141593

-6.537094,-1.722073,1.364861,3.141593

-6.544269,-1.723353,1.365564,3.141593

-6.544188,-1.724272,1.365717,3.141593

-6.558718,-1.724993,1.366967,3.141593

-6.565947,-1.725849,1.367741,3.141593

-6.573174,-1.726717,1.368495,3.141593

-6.587696,-1.728090,1.370019,3.141593

-6.594959,-1.728863,1.370877,3.141593

-6.602225,-1.729589,1.371705,3.141593

-6.609505,-1.730420,1.372542,3.141593

-6.609427,-1.731427,1.372700,3.141593

-6.631476,-1.731645,1.375262,3.141593

-6.638792,-1.732204,1.376176,3.141593

-6.638749,-1.732829,1.376298,3.141593

-6.646032,-1.733867,1.377297,3.141593

-6.653327,-1.734831,1.378347,3.141593

-6.668111,-1.734096,1.380249,3.141593

-6.675451,-1.734498,1.381328,3.141593

-6.682833,-1.734270,1.382349,3.141593

-6.682666,-1.736738,1.382574,3.141593

-6.690017,-1.737060,1.383704,3.141593

-6.704864,-1.735678,1.385900,3.141593

-6.704812,-1.736483,1.385963,3.141593

-6.712179,-1.736698,1.387223,3.141593

-6.719586,-1.736280,1.388453,3.141593

-6.719449,-1.738455,1.388572,3.141593

-6.734265,-1.737806,1.391122,3.141593

-6.741692,-1.737148,1.392414,3.141593

-6.756551,-1.735376,1.395167,3.141593

-6.756411,-1.737889,1.395233,3.141593

-6.756354,-1.738914,1.395304,3.141593

-6.778661,-1.735700,1.399732,3.141593

-6.786037,-1.735437,1.401301,3.141593

-6.793460,-1.734213,1.402933,3.141593

-6.800756,-1.735712,1.404586,3.141593

-6.808101,-1.736130,1.406290,3.141593

-6.808051,-1.737200,1.406266,3.141593

-6.822902,-1.734144,1.409828,3.141593

-6.830265,-1.733780,1.411686,3.141593

-6.837637,-1.733130,1.413569,3.141593

-6.837514,-1.736261,1.413440,3.141593

-6.852368,-1.731376,1.417447,3.141593

-6.859721,-1.730536,1.419509,3.141593

-6.867035,-1.730844,1.421487,3.141593

-6.866989,-1.732377,1.421454,3.141593

-6.881728,-1.728855,1.425787,3.141593

-6.889097,-1.726346,1.428096,3.141593

-6.896446,-1.724153,1.430428,3.141593

-6.903789,-1.721339,1.432867,3.141593

-6.903725,-1.725611,1.432490,3.141593

-6.911020,-1.725874,1.434644,3.141593

-6.925679,-1.719504,1.439739,3.141593

-6.932971,-1.717907,1.442189,3.141593

-6.940252,-1.716972,1.444526,3.141593

-6.954782,-1.712368,1.449601,3.141593

-6.962015,-1.709346,1.452377,3.141593

-6.969244,-1.707343,1.455010,3.141593

-6.976418,-1.703092,1.457994,3.141593

-6.976485,-1.706674,1.457482,3.141593

-6.990903,-1.703080,1.462785,3.141593

-6.998063,-1.699596,1.465813,3.141593

-7.005193,-1.695973,1.468873,3.141593

-7.012233,-1.690910,1.472302,3.141593

-7.012486,-1.697447,1.471096,3.141593

-7.019678,-1.696161,1.473819,3.141593

-7.019785,-1.699050,1.473253,3.141593

-7.026844,-1.693856,1.476779,3.141593

-7.040853,-1.683922,1.483721,3.141593

-7.047637,-1.676667,1.487840,3.141593

-7.048108,-1.684235,1.486167,3.141593

-7.055240,-1.682603,1.489153,3.141593

-7.068970,-1.671494,1.496624,3.141593

-7.075941,-1.668168,1.499922,3.141593

-7.083087,-1.666975,1.502549,3.141593

-7.083521,-1.672255,1.501273,3.141593

-7.090631,-1.670465,1.504237,3.141593

-7.104011,-1.658129,1.512213,3.141593

-7.116534,-1.640630,1.521875,3.141593

-7.117777,-1.651087,1.518877,3.141593

-7.130799,-1.638807,1.527211,3.141593

-7.137331,-1.633322,1.531029,3.141593

-7.144050,-1.629343,1.534563,3.141593

-7.149920,-1.620174,1.539915,3.141593

-7.151750,-1.632337,1.536093,3.141593

-7.164214,-1.618694,1.545155,3.141593

-7.170814,-1.614470,1.548861,3.141593

-7.177393,-1.610240,1.552491,3.141593

-7.183933,-1.606030,1.556234,3.141593

-7.195578,-1.590803,1.566125,3.141593

-7.198231,-1.604262,1.561428,3.141593

-7.203121,-1.591752,1.567819,3.141593

-7.209582,-1.587695,1.571590,3.141593

-7.216002,-1.583633,1.575464,3.141593

-7.216414,-1.585956,1.575273,3.141593

-7.229188,-1.577519,1.582935,3.141593

-7.235146,-1.571285,1.586927,3.141593

-7.241448,-1.567019,1.590755,3.141593

-7.249689,-1.570258,1.591278,3.141593

-7.252003,-1.580239,1.587864,3.141593

-7.260601,-1.555581,1.601956,3.141593

-7.266176,-1.548313,1.605990,3.141593

-7.272129,-1.542990,1.609892,3.141593

-7.275620,-1.529726,1.617399,3.141593

-7.278661,-1.540220,1.613590,3.141593

-7.289988,-1.527930,1.621836,3.141593

-7.294822,-1.518991,1.626374,3.141593

-7.300148,-1.512224,1.630723,3.141593

-7.302691,-1.497919,1.638770,3.141593

-7.308481,-1.515169,1.631984,3.141593

-7.314213,-1.510538,1.636891,3.141593

-7.319430,-1.481939,1.650502,3.141593

-7.323691,-1.473468,1.655868,3.141593

-7.324961,-1.458037,1.664457,3.141593

-7.331058,-1.474086,1.659171,3.141593

-7.335450,-1.448373,1.674248,3.141593

-7.337329,-1.435108,1.680997,3.141593

-7.339781,-1.424358,1.688086,3.141593

-7.341809,-1.413215,1.695550,3.141593

-7.343080,-1.416653,1.695574,3.141593

-7.345519,-1.392403,1.711636,3.141593

-7.345897,-1.379635,1.720396,3.141593

-7.345681,-1.366394,1.729495,3.141593

-7.343466,-1.349588,1.738759,3.141593

-7.342733,-1.337888,1.749578,3.141593

-7.346522,-1.346977,1.751175,3.141593

-7.331214,-1.288949,1.781568,3.141593

-7.325770,-1.271205,1.791367,3.141593

-7.326540,-1.277674,1.799134,3.141593

-7.312542,-1.242435,1.822146,3.141593

-7.305397,-1.224999,1.831816,3.141593

-7.295594,-1.207424,1.845391,3.141593

-7.282925,-1.187017,1.858475,3.141593

-7.267490,-1.168458,1.877143,3.141593

-7.264983,-1.169601,1.883432,3.141593

-7.241706,-1.132551,1.900020,3.141593

-7.245676,-1.138029,1.901696,3.141593

-7.217485,-1.103577,1.923793,3.141593

-7.207501,-1.102481,1.936720,3.141593

-7.190845,-1.088531,1.952570,3.141593

-7.169940,-1.070665,1.966059,3.141593

-7.137231,-1.042040,1.986158,3.141593

-7.107382,-1.027014,2.006306,3.141593

-7.098954,-1.026944,2.014338,3.141593

-7.067132,-1.006032,2.033121,3.141593

-7.057074,-0.997542,2.038806,3.141593

-7.037074,-0.988521,2.050437,3.141593

-7.004848,-0.978194,2.066650,3.141593

-6.995432,-0.979230,2.073966,3.141593

-6.968926,-0.967106,2.088354,3.141593

-6.961884,-0.961881,2.092437,3.141593

-6.945477,-0.957474,2.101676,3.141593

-6.919877,-0.954675,2.115695,3.141593

-6.910531,-0.955843,2.120778,3.141593

-6.887990,-0.945460,2.133826,3.141593

-6.876472,-0.944130,2.141386,3.141593

-6.874010,-0.941273,2.144281,3.141593

-6.849364,-0.944683,2.159678,3.141593

-6.843322,-0.948571,2.165683,3.141593

-6.841434,-0.942856,2.169760,3.141593

-6.834273,-0.942078,2.175124,3.141593

-6.828497,-0.942214,2.181205,3.141593

-6.817086,-0.947693,2.189002,3.141593

-6.814237,-0.945620,2.196795,3.141593

-6.812723,-0.942964,2.203590,3.141593

-6.815234,-0.940783,2.205828,3.141593

-6.806201,-0.946082,2.212327,3.141593

-6.800539,-0.948799,2.220319,3.141593

-6.807024,-0.943706,2.223950,3.141593

-6.806697,-0.943469,2.228416,3.141593

-6.802941,-0.945059,2.234850,3.141593

-6.807776,-0.941971,2.240941,3.141593

-6.808633,-0.940796,2.244339,3.141593

-6.809975,-0.939902,2.248140,3.141593

-6.814732,-0.937207,2.250162,3.141593

-6.808783,-0.940858,2.253823,3.141593

-6.810905,-0.939909,2.257604,3.141593

-6.817786,-0.935021,2.262176,3.141593

-6.819983,-0.932831,2.264694,3.141593

-6.825172,-0.929804,2.266609,3.141593

-6.820250,-0.932151,2.268705,3.141593

-6.823241,-0.930175,2.271576,3.141593

-6.831125,-0.923722,2.274938,3.141593

-6.834241,-0.920976,2.277093,3.141593

-6.837505,-0.918088,2.279137,3.141593

-6.837718,-0.918407,2.279513,3.141593

-6.842623,-0.912178,2.283054,3.141593

-6.847899,-0.908602,2.284712,3.141593

-6.851542,-0.905079,2.286248,3.141593

-6.855236,-0.901379,2.287665,3.141593

-6.862717,-0.893473,2.290015,3.141593

-6.861603,-0.893280,2.289656,3.141593

-6.866717,-0.889402,2.291131,3.141593

-6.870631,-0.885145,2.292092,3.141593

-6.874587,-0.880706,2.292876,3.141593

-6.882567,-0.871480,2.294128,3.141593

-6.886646,-0.866582,2.294488,3.141593

-6.890713,-0.861623,2.294808,3.141593

-6.895463,-0.857394,2.296051,3.141593

-6.894897,-0.856679,2.295177,3.141593

-6.898465,-0.850560,2.294155,3.141593

-6.898093,-0.849440,2.292838,3.141593

-6.911320,-0.834876,2.294474,3.141593

-6.915137,-0.827700,2.292311,3.141593

-6.914940,-0.826205,2.290559,3.141593

-6.923497,-0.815437,2.290496,3.141593

-6.927865,-0.810824,2.291403,3.141593

-6.936301,-0.799717,2.291013,3.141593

-6.936164,-0.797890,2.288841,3.141593

-6.944381,-0.784125,2.285285,3.141593

-6.948530,-0.777065,2.283273,3.141593

-6.952703,-0.769855,2.281064,3.141593

-6.957004,-0.759871,2.275426,3.141593

-6.957092,-0.757108,2.271981,3.141593

-6.965365,-0.744327,2.269456,3.141593

-6.969481,-0.739334,2.269971,3.141593

-6.973698,-0.731377,2.266685,3.141593

-6.977897,-0.726408,2.267232,3.141593

-6.978660,-0.716749,2.254635,3.141593

-6.987122,-0.703129,2.250760,3.141593

-6.995834,-0.689278,2.246510,3.141593

-7.000003,-0.684042,2.246683,3.141593

-7.000974,-0.676677,2.236464,3.141593

-7.005963,-0.667806,2.231485,3.141593

-7.006386,-0.663710,2.225580,3.141593

-7.020280,-0.643792,2.219812,3.141593

-7.024736,-0.638332,2.219609,3.141593

-7.025522,-0.634226,2.213452,3.141593

-7.027633,-0.626123,2.201026,3.141593

-7.042870,-0.605239,2.193059,3.141593

-7.049119,-0.595316,2.185495,3.141593

-7.054187,-0.589605,2.184759,3.141593

-7.055516,-0.585194,2.177389,3.141593

-7.071392,-0.560248,2.151995,3.141593

-7.079222,-0.549871,2.142369,3.141593

-7.085210,-0.543883,2.140810,3.141593

-7.096795,-0.528926,2.121515,3.141593

-7.099335,-0.524256,2.111938,3.141593

-7.116023,-0.507331,2.097241,3.141593

-7.135215,-0.490402,2.081061,3.141593

-7.143599,-0.484151,2.077712,3.141593

-7.151539,-0.474868,2.054361,3.141593

-7.165401,-0.464143,2.037821,3.141593

-7.192255,-0.447746,2.014951,3.141593

-7.516277,-2.273796,1.681755,3.141593

-7.520059,-2.267206,1.683808,3.141593

-7.520041,-2.267215,1.683686,3.141593

-7.281833,-0.406852,1.898416,3.141593

-7.299288,-0.402499,1.886099,3.141593

-7.319068,-0.399066,1.873219,3.141593

-7.350734,-0.395155,1.835425,3.141593

-7.361833,-0.394776,1.811091,3.141593

-7.413678,-0.398938,1.737958,3.141593

-7.425828,-0.402066,1.708509,3.141593

-7.484630,-0.414705,1.654879,3.141593

-7.568943,-0.454889,1.553157,3.141593

-7.601726,-0.490039,1.475837,3.141593

-7.651064,-0.543640,1.394383,3.141593

-7.732922,-0.668275,1.267039,3.141593

-7.766419,-0.763098,1.188321,3.141593

-7.494222,-2.203819,1.688283,3.141593

-7.494203,-2.203827,1.688197,3.141593

-7.500778,-2.190401,1.692300,3.141593

-7.507494,-2.176866,1.695140,3.141593

-7.499008,-2.175522,1.690782,3.141593

-7.498951,-2.175547,1.690561,3.141593

-7.502319,-2.168784,1.691141,3.141593

-7.512071,-2.159044,1.690114,3.141593

-7.523046,-2.138187,1.691550,3.141593

-7.523028,-2.138196,1.691489,3.141593

-7.526789,-2.131176,1.691948,3.141593

-7.609839,-1.736820,1.010840,3.141593

-7.583240,-1.776503,1.031008,3.141593

-7.583436,-1.775894,1.030632,3.141593

-7.571992,-1.788605,1.033301,3.141593

-7.551711,-1.816485,1.058101,3.141593

-7.542970,-1.826314,1.066428,3.141593

-7.535107,-1.834695,1.074240,3.141593

-7.527500,-1.841619,1.076273,3.141593

-7.520883,-1.848006,1.083393,3.141593

-7.510248,-1.859165,1.102590,3.141593

-7.508451,-1.861185,1.108087,3.141593

-7.502972,-1.865746,1.109839,3.141593

-7.497535,-1.870940,1.120930,3.141593

-7.494287,-1.874342,1.126875,3.141593

-7.491294,-1.877282,1.132344,3.141593

-7.486595,-1.881624,1.138470,3.141593

-7.484351,-1.883991,1.143552,3.141593

-7.482541,-1.885176,1.143960,3.141593

-7.482431,-1.886745,1.152069,3.141593

-7.480902,-1.888789,1.156537,3.141593

-7.478021,-1.892071,1.161777,3.141593

-7.476579,-1.893145,1.162383,3.141593

-7.476088,-1.895516,1.169590,3.141593

-7.476854,-1.896171,1.172657,3.141593

-7.476325,-1.898016,1.176499,3.141593

-7.477225,-1.898721,1.179363,3.141593

-7.474677,-1.900534,1.180488,3.141593

-7.474271,-1.904015,1.186819,3.141593

-7.475412,-1.904748,1.189002,3.141593

-7.476726,-1.907570,1.193972,3.141593

-7.475706,-1.908247,1.194409,3.141593

-7.476203,-1.911886,1.199121,3.141593

-7.476633,-1.913704,1.201349,3.141593

-7.477261,-1.915737,1.203537,3.141593

-7.476939,-1.918349,1.205939,3.141593

-7.476139,-1.918870,1.206320,3.141593

-7.478314,-1.922226,1.209254,3.141593

-7.480005,-1.923746,1.210239,3.141593

-7.480846,-1.925889,1.211612,3.141593

-7.480960,-1.928702,1.213594,3.141593

-7.481883,-1.930893,1.214813,3.141593

-7.484503,-1.935128,1.216238,3.141593

-7.485541,-1.937541,1.217103,3.141593

-7.487352,-1.939523,1.217513,3.141593

-7.486670,-1.939884,1.217740,3.141593

-7.488711,-1.945077,1.218707,3.141593

-7.489939,-1.947838,1.219475,3.141593

-7.491094,-1.950527,1.219892,3.141593

-7.492958,-1.952830,1.219886,3.141593

-7.492834,-1.956518,1.220842,3.141593

-7.492160,-1.956687,1.220692,3.141593

-7.495214,-1.962239,1.220798,3.141593

-7.497080,-1.964839,1.220514,3.141593

-7.497876,-1.968413,1.221093,3.141593

-7.497366,-1.968640,1.221207,3.141593

-7.500399,-1.974623,1.220512,3.141593

-7.502302,-1.977475,1.219956,3.141593

-7.503653,-1.980810,1.219659,3.141593

-7.505105,-1.984295,1.219671,3.141593

-7.505929,-1.988030,1.219669,3.141593

-7.509067,-1.994730,1.218397,3.141593

-7.510470,-1.998333,1.217911,3.141593

-7.511379,-2.002299,1.217794,3.141593

-7.510946,-2.002496,1.217924,3.141593

-7.512276,-2.006087,1.217143,3.141593

-7.516129,-2.013194,1.215411,3.141593

-7.517615,-2.017079,1.214844,3.141593

-7.519099,-2.020996,1.214255,3.141593

-7.521961,-2.029100,1.212801,3.141593

-7.523611,-2.033283,1.212436,3.141593

-7.525153,-2.037401,1.211735,3.141593

-7.527203,-2.041314,1.210576,3.141593

-7.526819,-2.041507,1.210759,3.141593

-7.529831,-2.050093,1.209217,3.141593

-7.531439,-2.054425,1.208498,3.141593

-7.533074,-2.058838,1.207664,3.141593

-7.534376,-2.063644,1.207494,3.141593

-7.534093,-2.063847,1.207789,3.141593

-7.537625,-2.072576,1.205695,3.141593

-7.541304,-2.081550,1.203798,3.141593

-7.543426,-2.085902,1.202492,3.141593

-7.542747,-2.086416,1.203297,3.141593

-7.544408,-2.091042,1.202268,3.141593

-7.548239,-2.100399,1.200458,3.141593

-7.549997,-2.105201,1.199547,3.141593

-7.552170,-2.109753,1.198232,3.141593

-7.551576,-2.110271,1.199137,3.141593

-7.552951,-2.115383,1.198608,3.141593

-7.557196,-2.124844,1.195989,3.141593

-7.559050,-2.129863,1.195147,3.141593

-7.560590,-2.135243,1.194968,3.141593

-7.560425,-2.135455,1.195411,3.141593

-7.560064,-2.155809,1.218835,3.141593

-7.560496,-2.164207,1.226553,3.141593

-7.561908,-2.170466,1.228676,3.141593

-7.563990,-2.175876,1.228431,3.141593

-7.563213,-2.176573,1.229949,3.141593

-7.567233,-2.187066,1.228140,3.141593

-7.569510,-2.192198,1.227013,3.141593

-7.573665,-2.202858,1.225031,3.141593

-7.573261,-2.203237,1.225890,3.141593

-7.577139,-2.214178,1.224338,3.141593

-7.579510,-2.219490,1.223131,3.141593

-7.583758,-2.230385,1.221008,3.141593

-7.583390,-2.230780,1.221961,3.141593

-7.585505,-2.236325,1.221128,3.141593

-7.589827,-2.247380,1.218923,3.141593

-7.591968,-2.253003,1.218040,3.141593

-7.594117,-2.258651,1.217198,3.141593

-7.593768,-2.259035,1.218146,3.141593

-7.598157,-2.270215,1.215889,3.141593

-7.600604,-2.275707,1.214521,3.141593

-7.605019,-2.286948,1.212074,3.141593

-7.604390,-2.287568,1.213561,3.141593

-7.608870,-2.298945,1.211195,3.141593

-7.611067,-2.304734,1.210241,3.141593

-7.615830,-2.315892,1.207099,3.141593

-7.615484,-2.316303,1.208149,3.141593

-7.617709,-2.322095,1.207052,3.141593

-7.617717,-2.322266,1.207618,3.141593

-7.620235,-2.327856,1.206072,3.141593

-7.624790,-2.339289,1.203208,3.141593

-7.626771,-2.345298,1.202382,3.141593

-7.631406,-2.356757,1.199369,3.141593

-7.633722,-2.362551,1.197985,3.141593

-7.636030,-2.368348,1.196571,3.141593

-7.638080,-2.374349,1.195567,3.141593

-7.642840,-2.385718,1.191977,3.141593

-7.645175,-2.391429,1.190192,3.141593

-7.647591,-2.397151,1.188482,3.141593

-7.650002,-2.402854,1.186679,3.141593

-7.649774,-2.403173,1.187511,3.141593

-7.652252,-2.408858,1.185677,3.141593

-7.657440,-2.419815,1.180819,3.141593

-7.659961,-2.425398,1.178632,3.141593

-7.662491,-2.430953,1.176352,3.141593

-7.662338,-2.431274,1.177231,3.141593

-7.667500,-2.442148,1.171954,3.141593

-7.665691,-2.458233,1.200236,3.141593

-7.666727,-2.467077,1.207886,3.141593

-7.668813,-2.473821,1.209131,3.141593

-7.673654,-2.485579,1.205949,3.141593

-7.676289,-2.491324,1.204030,3.141593

-7.679019,-2.496933,1.201731,3.141593

-7.681686,-2.502592,1.199537,3.141593

-7.684509,-2.508071,1.196838,3.141593

-7.684722,-2.508117,1.197185,3.141593

-7.690494,-2.518744,1.190847,3.141593

-7.696372,-2.529147,1.183970,3.141593

-7.696548,-2.529274,1.184545,3.141593

-7.699786,-2.534347,1.180945,3.141593

-7.706069,-2.544151,1.172880,3.141593

-7.709906,-2.548472,1.167613,3.141593

-7.713854,-2.552643,1.162040,3.141593

-7.714740,-2.552230,1.161487,3.141593

-7.718940,-2.556124,1.155505,3.141593

-7.723198,-2.559769,1.148925,3.141593

-7.735363,-2.570302,1.128408,3.141593

-7.736389,-2.569666,1.127443,3.141593

-7.746194,-2.574605,1.110364,3.141593

-7.752006,-2.575973,1.100010,3.141593

-7.758214,-2.576649,1.088665,3.141593

-7.765403,-2.576305,1.076051,3.141593

-7.767102,-2.574982,1.074197,3.141593

-7.786942,-2.570681,1.031675,3.141593

-7.788373,-2.569145,1.029524,3.141593

-7.797631,-2.563337,1.009969,3.141593

-7.808805,-2.554413,0.987254,3.141593

-7.820131,-2.543012,0.962117,3.141593

-7.842907,-2.511699,0.905264,3.141593

-7.857708,-2.485206,0.868398,3.141593

-7.871840,-2.452285,0.827955,3.141593

-7.876255,-2.444648,0.822008,3.141593

-7.911834,-2.332965,0.722719,3.141593

-7.926394,-2.252598,0.668385,3.141593

-7.940316,-2.140525,0.612044,3.141593

-7.946798,-1.998238,0.563835,3.141593

-7.942932,-1.815722,0.535465,3.141593

-7.887006,-1.480585,0.566560,3.141593

-7.842364,-1.323463,0.625825,3.141593

-7.793861,-1.189513,0.707414,3.141593

-7.790315,-1.172809,0.720776,3.141593

-7.676754,-0.998180,0.910711,3.141593

-7.647974,-0.966496,0.967661,3.141593

-7.623528,-0.947181,1.012270,3.141593

-7.604844,-0.929874,1.061922,3.141593

-7.574787,-0.918230,1.122311,3.141593

-7.563424,-0.915632,1.148979,3.141593

-7.552932,-0.915706,1.169527,3.141593

-7.546157,-0.916004,1.191589,3.141593

-7.545939,-0.915673,1.192919,3.141593

-7.534378,-0.920699,1.223994,3.141593

-7.530016,-0.924031,1.237333,3.141593

-7.525270,-0.928109,1.247674,3.141593

-7.526455,-0.927675,1.249773,3.141593

-7.521610,-0.936120,1.268538,3.141593

-7.519990,-0.940514,1.276858,3.141593

-7.518852,-0.945004,1.284289,3.141593

-7.519497,-0.949325,1.291991,3.141593

-7.519220,-0.953774,1.297938,3.141593

-7.518130,-0.962776,1.307325,3.141593

-7.518697,-0.967054,1.312022,3.141593

-7.518077,-0.971283,1.315557,3.141593

-7.520994,-0.970895,1.317324,3.141593

-7.521770,-0.978905,1.323856,3.141593

-7.523156,-0.982631,1.327219,3.141593

-7.524725,-0.986044,1.330294,3.141593

-7.527938,-0.989173,1.333702,3.141593

-7.529763,-0.992321,1.336323,3.141593

-7.532222,-0.998138,1.340294,3.141593

-7.534354,-1.000640,1.342354,3.141593

-7.539893,-1.003122,1.340675,3.141593

-7.544885,-1.002827,1.340701,3.141593

-7.548341,-1.006981,1.343373,3.141593

-7.550871,-1.008641,1.344916,3.141593

-7.553333,-1.010159,1.346379,3.141593

-7.555789,-1.011530,1.347786,3.141593

-7.559121,-1.011268,1.348768,3.141593

-7.561670,-1.012264,1.349908,3.141593

-7.563488,-1.014071,1.351170,3.141593

-7.566100,-1.014652,1.352023,3.141593

-7.568802,-1.014836,1.352673,3.141593

-7.573222,-1.014807,1.353275,3.141593

-7.576979,-1.014656,1.353658,3.141593

-7.579771,-1.014106,1.353676,3.141593

-7.584323,-1.013376,1.353436,3.141593

-7.586065,-1.013309,1.353375,3.141593

-7.591008,-1.010777,1.352656,3.141593

-7.593848,-1.009455,1.352141,3.141593

-7.594914,-1.008069,1.351879,3.141593

-7.601278,-1.006474,1.350541,3.141593

-7.605206,-1.002967,1.349226,3.141593

-7.608046,-1.000954,1.348339,3.141593

-7.609104,-0.998864,1.347862,3.141593

-7.614411,-0.998822,1.346653,3.141593

-7.617219,-0.996647,1.345649,3.141593

-7.619352,-0.991669,1.344277,3.141593

-7.622169,-0.989056,1.343102,3.141593

-7.623195,-0.986351,1.342470,3.141593

-7.626729,-0.986363,1.341582,3.141593

-7.630651,-0.980425,1.339341,3.141593

-7.633472,-0.977356,1.337973,3.141593

-7.636321,-0.974218,1.336619,3.141593

-7.640988,-0.970920,1.334574,3.141593

-7.642744,-0.970945,1.334198,3.141593

-7.647932,-0.960544,1.330295,3.141593

-7.650913,-0.956843,1.328586,3.141593

-7.655808,-0.953167,1.326164,3.141593

-7.657612,-0.953231,1.325630,3.141593

-7.662023,-0.945569,1.322282,3.141593

-7.666651,-0.937493,1.318554,3.141593

-7.667963,-0.933310,1.317253,3.141593

-7.673485,-0.929356,1.314025,3.141593

-7.677642,-0.929632,1.312312,3.141593

-7.680862,-0.920958,1.308779,3.141593

-7.684767,-0.916730,1.306026,3.141593

-7.688863,-0.912496,1.303129,3.141593

-7.695697,-0.908480,1.299075,3.141593

-7.702777,-0.899686,1.293477,3.141593

-7.707944,-0.895402,1.290126,3.141593

-7.710456,-0.890846,1.287672,3.141593

-7.716393,-0.891379,1.286147,3.141593

-7.729906,-0.883107,1.277753,3.141593

-7.737435,-0.879073,1.273450,3.141593

-7.746282,-0.870417,1.265032,3.141593

-7.755293,-0.871553,1.263058,3.141593

-7.779137,-0.865607,1.248501,3.141593

-7.786245,-0.861999,1.242585,3.141593

-7.802130,-0.860201,1.233281,3.141593

-7.820922,-0.859555,1.222098,3.141593

-7.874066,-0.865259,1.189781,3.141593

-7.910255,-0.873423,1.168303,3.141593

-7.957780,-0.889109,1.140268,3.141593

-7.992641,-0.902584,1.116141,3.141593

-8.047606,-0.932481,1.093957,3.141593

-8.179416,-1.031472,1.007028,3.141593

-8.384789,-1.304895,0.905693,3.141593

-8.499541,-1.688203,0.865016,3.141593

-8.466825,-2.116870,0.921215,3.141593

-8.399694,-2.311555,0.999047,3.141593

-8.205714,-2.550548,1.123864,3.141593

-8.109365,-2.621787,1.190778,3.141593

-8.039840,-2.657762,1.237383,3.141593

-7.976735,-2.681852,1.281310,3.141593

-7.970369,-2.684966,1.289468,3.141593

-7.912528,-2.692251,1.318947,3.141593

-7.894478,-2.690946,1.325890,3.141593

-7.874830,-2.689776,1.336211,3.141593

-7.858399,-2.687223,1.344408,3.141593

-7.831713,-2.679730,1.355329,3.141593

-7.821675,-2.675076,1.359092,3.141593

-7.822658,-2.674909,1.358729,3.141593

-7.806031,-2.664536,1.361586,3.141593

-7.804372,-2.664976,1.366660,3.141593

-7.797868,-2.659460,1.367516,3.141593

-7.781415,-2.642448,1.366022,3.141593

-7.777270,-2.636682,1.364672,3.141593

-7.777380,-2.636749,1.366502,3.141593

-7.769504,-2.625493,1.365522,3.141593

-7.766249,-2.619886,1.363768,3.141593

-7.763281,-2.614404,1.363002,3.141593

-7.760538,-2.609015,1.362191,3.141593

-7.761003,-2.609039,1.363468,3.141593

-7.755844,-2.598677,1.360752,3.141593

-7.753616,-2.593661,1.359249,3.141593

-7.751711,-2.588788,1.358214,3.141593

-7.749719,-2.584155,1.356791,3.141593

-7.750558,-2.584186,1.358321,3.141593

-7.747007,-2.575392,1.356176,3.141593

-7.745436,-2.571199,1.354805,3.141593

-7.744199,-2.567333,1.354017,3.141593

-7.743340,-2.563647,1.353815,3.141593

-7.742308,-2.560106,1.353136,3.141593

-7.740071,-2.553724,1.351875,3.141593

-7.739310,-2.550876,1.351496,3.141593

-7.738877,-2.548234,1.351973,3.141593

-7.738273,-2.545708,1.351556,3.141593

-7.736777,-2.541425,1.351353,3.141593

-7.736345,-2.539641,1.351488,3.141593

-7.735608,-2.537992,1.351124,3.141593

-7.736322,-2.538030,1.352015,3.141593

-7.736331,-2.536605,1.353031,3.141593

-7.735036,-2.534584,1.352906,0.000000

-7.734829,-2.533825,1.353505,0.000000

-7.734579,-2.533223,1.354303,0.000000

-7.735410,-2.533294,1.355751,0.000000

-7.734250,-2.533056,1.357537,0.000000

-7.734204,-2.533269,1.358720,0.000000

-7.733861,-2.533798,1.358925,0.000000

-7.734733,-2.533896,1.360926,0.000000

-7.734854,-2.535440,1.363976,0.000000

-7.734536,-2.536327,1.364348,0.000000

-7.734685,-2.537625,1.366247,0.000000

-7.735316,-2.539103,1.370169,0.000000

-7.735308,-2.542179,1.374998,0.000000

-7.735646,-2.544115,1.379137,0.000000

-7.735981,-2.546131,1.384099,0.000000

-7.736863,-2.548256,1.392227,0.000000

-7.737482,-2.550361,1.398838,0.000000

-7.737826,-2.554995,1.412922,0.000000

-7.738429,-2.557275,1.422695,0.000000

-7.738450,-2.559555,1.430263,0.000000

-7.740639,-2.559215,1.441605,0.000000

-7.740955,-2.563612,1.460620,0.000000

-7.741943,-2.565252,1.476553,0.000000

-7.743011,-2.566492,1.494043,0.000000

-7.744061,-2.567162,1.513749,0.000000

-7.746181,-2.565420,1.527871,0.000000

-7.748263,-2.564739,1.569345,0.000000

-7.748867,-2.563981,1.588544,0.000000

-7.750873,-2.560268,1.618826,0.000000

-7.754522,-2.550991,1.665490,0.000000

-7.758410,-2.534990,1.731438,0.000000

-7.761371,-2.519389,1.777361,0.000000

-7.765241,-2.498415,1.828308,0.000000

-7.771420,-2.458297,1.904614,0.000000

-7.776621,-2.419766,1.965261,0.000000

-7.783848,-2.338572,2.066617,0.000000

-7.784289,-2.334301,2.070989,0.000000

-7.792464,-2.223338,2.170169,0.000000

-7.798649,-2.149266,2.219820,0.000000

-7.808863,-1.954875,2.309485,0.000000

-7.811247,-1.890161,2.327571,0.000000

-7.815144,-1.781768,2.347296,0.000000

-7.818125,-1.676795,2.353808,0.000000

-7.821290,-1.539354,2.344959,0.000000

-7.822556,-1.415588,2.315418,0.000000

-7.822845,-1.345920,2.290749,0.000000

-7.822688,-1.285221,2.263268,0.000000

-7.822972,-1.235016,2.240391,0.000000

-7.822208,-1.173212,2.196626,0.000000

-7.821672,-1.153981,2.179193,0.000000

-7.821153,-1.122851,2.152479,0.000000

-7.820390,-1.085232,2.118341,0.000000

-7.820198,-1.072110,2.107970,0.000000

-7.819115,-1.042498,2.061153,0.000000

-7.818642,-1.029179,2.041055,0.000000

-7.818299,-1.024193,2.028321,0.000000

-7.818018,-1.010496,2.014640,0.000000

-7.817514,-0.996956,1.992156,0.000000

-7.817097,-0.994136,1.971920,0.000000

-7.816727,-0.988780,1.957102,0.000000

-7.816322,-0.981252,1.939378,0.000000

-7.815776,-0.979182,1.918844,0.000000

-7.815589,-0.975917,1.914765,0.000000

-7.814945,-0.975722,1.896381,0.000000

-7.814576,-0.976514,1.888424,0.000000

-7.814487,-0.974165,1.885319,0.000000

-7.814061,-0.972672,1.874310,0.000000

-7.813158,-0.974872,1.859574,0.000000

-7.812655,-0.975550,1.851810,0.000000

-7.812093,-0.976992,1.845333,0.000000

-7.825063,-0.991703,1.864100,3.141593

-7.827372,-0.998425,1.856754,3.141593

-7.827648,-1.000724,1.852048,3.141593

-7.826883,-1.001935,1.846335,3.141593

-7.825631,-1.002893,1.840524,3.141593

-7.825523,-1.002587,1.840115,3.141593

-7.822330,-1.006477,1.825450,3.141593

-7.821238,-1.007638,1.820974,3.141593

-7.820117,-1.008426,1.816267,3.141593

-7.819197,-1.010343,1.813493,3.141593

-7.819353,-1.010492,1.813683,3.141593

-7.817100,-1.011943,1.806352,3.141593

-7.816170,-1.012892,1.803414,3.141593

-7.815283,-1.013802,1.800652,3.141593

-7.813674,-1.015736,1.796218,3.141593

-7.812896,-1.016416,1.794019,3.141593

-7.812201,-1.017087,1.791964,3.141593

-7.811090,-1.017039,1.789091,3.141593

-7.811979,-1.018080,1.790462,3.141593

-7.811956,-1.019298,1.789753,3.141593

-7.809845,-1.018940,1.785054,3.141593

-7.809351,-1.019283,1.783577,3.141593

-7.809589,-1.020285,1.783409,3.141593

-7.810245,-1.020870,1.784144,3.141593

-7.808909,-1.020611,1.781192,3.141593

-7.807883,-1.019806,1.778991,3.141593

-7.807663,-1.019765,1.778158,3.141593

-7.807455,-1.019699,1.777388,3.141593

-7.808986,-1.021385,1.779526,3.141593

-7.807119,-1.019558,1.775895,3.141593

-7.807075,-1.019317,1.775431,3.141593

-7.806205,-1.017987,1.773666,3.141593

-7.807947,-1.019874,1.776012,3.141593

-7.808809,-1.020753,1.777076,3.141593

-7.807217,-1.017989,1.774181,3.141593

-7.807318,-1.017576,1.774020,3.141593

-7.807442,-1.017158,1.773914,3.141593

-7.809281,-1.019314,1.776511,3.141593

-7.808757,-1.017417,1.775498,3.141593

-7.808265,-1.015435,1.774590,3.141593

-7.807530,-1.013553,1.773305,3.141593

-7.808453,-1.014518,1.774416,3.141593

-7.809731,-1.015311,1.776328,3.141593

-7.809368,-1.013142,1.775899,3.141593

-7.809686,-1.012583,1.776343,3.141593

-7.808993,-1.010571,1.775307,3.141593

-7.810996,-1.013060,1.778105,3.141593

-7.811976,-1.014179,1.779339,3.141593

-7.811107,-1.010254,1.778916,3.141593

-7.811517,-1.009674,1.779737,3.141593

-7.810870,-1.007619,1.778975,3.141593

-7.812914,-1.010255,1.781811,3.141593

-7.813328,-1.009730,1.782732,3.141593

-7.813232,-1.007578,1.783611,3.141593

-7.813713,-1.007106,1.784757,3.141593

-7.815294,-1.008301,1.787645,3.141593

-7.816291,-1.009516,1.788862,3.141593

-7.815842,-1.006073,1.790532,3.141593

-7.816379,-1.005840,1.792048,3.141593

-7.816923,-1.005657,1.793618,3.141593

-7.816819,-1.005198,1.793129,3.141593

-7.819160,-1.007218,1.798721,3.141593

-7.818666,-1.005466,1.798838,3.141593

-7.819269,-1.005566,1.800730,3.141593

-7.821011,-1.007603,1.804448,3.141593

-7.821627,-1.007893,1.806520,3.141593

-7.821866,-1.007345,1.809649,3.141593

-7.822501,-1.007905,1.811962,3.141593

-7.822063,-1.006598,1.812621,3.141593

-7.824088,-1.009989,1.815542,3.141593

-7.824333,-1.010206,1.819310,3.141593

-7.825039,-1.011269,1.821994,3.141593

-7.825653,-1.012411,1.824721,3.141593

-7.826302,-1.013692,1.827516,3.141593

-7.827944,-1.017301,1.832135,3.141593

-7.828274,-1.019041,1.836910,3.141593

-7.828798,-1.020856,1.839984,3.141593

-7.830404,-1.025224,1.844898,3.141593

-7.831275,-1.026874,1.846092,3.141593

-7.831423,-1.029746,1.851394,3.141593

-7.831681,-1.033293,1.857023,3.141593

-7.831236,-1.033611,1.858738,3.141593

-7.833990,-1.040478,1.863395,3.141593

-7.834051,-1.045002,1.869311,3.141593

-7.834174,-1.050276,1.875418,3.141593

-7.834064,-1.049323,1.874777,3.141593

-7.835389,-1.055902,1.880166,3.141593

-7.835338,-1.062127,1.886365,3.141593

-7.835676,-1.066463,1.890024,3.141593

-7.836048,-1.071037,1.893727,3.141593

-7.837152,-1.078739,1.899031,3.141593

-7.836853,-1.086779,1.905224,3.141593

-7.837051,-1.092096,1.908838,3.141593

-7.837275,-1.097711,1.912453,3.141593

-7.836714,-1.100224,1.914424,3.141593

-7.837493,-1.109195,1.919374,3.141593

-7.838717,-1.114334,1.921737,3.141593

-7.837517,-1.121287,1.926057,3.141593

-7.836863,-1.132072,1.931612,3.141593

-7.837395,-1.134094,1.932421,3.141593

-7.838485,-1.147617,1.938200,3.141593

-7.836941,-1.155669,1.941756,3.141593

-7.835938,-1.167648,1.946264,3.141593

-7.836910,-1.172866,1.948017,3.141593

-7.835607,-1.184862,1.951896,3.141593

-7.835391,-1.191847,1.953853,3.141593

-7.834978,-1.198834,1.955673,3.141593

-7.834546,-1.205756,1.957337,3.141593

-7.833634,-1.220947,1.960541,3.141593

-7.832943,-1.227492,1.961644,3.141593

-7.832663,-1.233968,1.962549,3.141593

-7.832716,-1.242827,1.963804,3.141593

-7.832228,-1.248885,1.964346,3.141593

-7.830667,-1.259866,1.964925,3.141593

-7.830063,-1.265418,1.965034,3.141593

-7.829252,-1.269078,1.964727,3.141593

-7.830297,-1.270692,1.964857,3.141593

-7.828684,-1.280817,1.964419,3.141593

-7.828363,-1.285209,1.963890,3.141593

-7.828053,-1.289630,1.963272,3.141593

-7.827694,-1.293723,1.962530,3.141593

-7.827808,-1.292095,1.962311,3.141593

-7.828903,-1.296395,1.961336,3.141593

-7.826965,-1.304016,1.959589,3.141593

-7.826744,-1.306959,1.958417,3.141593

-7.826568,-1.309651,1.957152,3.141593

-7.826178,-1.315292,1.954459,3.141593

-7.826180,-1.317116,1.952934,3.141593

-7.825977,-1.318644,1.951373,3.141593

-7.825409,-1.320887,1.949854,3.141593

-7.827400,-1.316711,1.949370,3.141593

-7.827303,-1.317318,1.947686,3.141593

-7.827737,-1.317770,1.945893,3.141593

-7.827318,-1.321191,1.942468,3.141593

-7.827700,-1.320997,1.940556,3.141593

-7.829167,-1.318290,1.938406,3.141593

-7.830333,-1.314164,1.938118,3.141593

-7.829349,-1.318775,1.932625,3.141593

-7.828495,-1.320060,1.930779,3.141593

-7.833158,-1.309587,1.929971,3.141593

-7.831447,-1.313299,1.926256,3.141593

-7.832296,-1.311021,1.924069,3.141593

-7.832846,-1.308610,1.921908,3.141593

-7.832728,-1.309425,1.919856,3.141593

-7.835865,-1.300903,1.919340,3.141593

-7.836540,-1.297916,1.917121,3.141593

-7.837190,-1.296803,1.912839,3.141593

-7.838309,-1.293501,1.910550,3.141593

-7.838025,-1.293863,1.908458,3.141593

-7.843125,-1.279793,1.907551,3.141593

-7.844238,-1.277162,1.903119,3.141593

-7.844038,-1.277337,1.901017,3.141593

-7.845558,-1.272770,1.898576,3.141593

-7.849000,-1.262787,1.895725,3.141593

-7.849705,-1.259114,1.891234,3.141593

-7.851480,-1.253874,1.888685,3.141593

-7.854263,-1.248209,1.885977,0.000000

-7.858065,-1.237658,1.882928,0.000000

-7.859501,-1.232410,1.880412,0.000000

-7.861583,-1.227876,1.875863,0.000000

-7.863639,-1.222544,1.873399,0.000000

-7.863832,-1.222129,1.871538,0.000000

-7.866251,-1.216011,1.870874,0.000000

-7.869788,-1.207580,1.866522,0.000000

-7.871841,-1.202918,1.864344,0.000000

-7.874427,-1.198412,1.862116,0.000000

-7.877993,-1.190911,1.859540,0.000000

-7.879878,-1.187203,1.857493,0.000000

-7.881536,-1.184637,1.854118,0.000000

-7.883935,-1.181506,1.852062,0.000000

-7.886758,-1.177255,1.849875,0.000000

-7.887626,-1.175350,1.848185,0.000000

-7.890405,-1.173454,1.846195,0.000000

-7.891559,-1.173509,1.841960,0.000000

-7.892937,-1.171993,1.841623,0.000000

-7.895016,-1.172737,1.840017,0.000000

-7.895590,-1.172291,1.837284,0.000000

-7.897243,-1.172953,1.834509,0.000000

-7.898335,-1.176337,1.834566,0.000000

-7.899728,-1.177666,1.831911,0.000000

-7.900351,-1.179358,1.829445,0.000000

-7.901841,-1.180432,1.828044,0.000000

-7.902176,-1.183912,1.828186,0.000000

-7.901778,-1.185499,1.827123,0.000000

-7.903535,-1.184586,1.824407,0.000000

-7.904085,-1.186426,1.822077,0.000000

-7.904282,-1.189949,1.822207,0.000000

-7.904371,-1.193905,1.820049,0.000000

-7.905340,-1.192718,1.818705,0.000000

-7.905928,-1.194175,1.816406,0.000000

-7.906258,-1.196830,1.816444,0.000000

-7.905828,-1.198000,1.814300,0.000000

-7.909827,-1.197732,1.812549,0.000000

-7.910665,-1.198086,1.811327,0.000000

-7.911332,-1.199703,1.810165,0.000000

-7.912220,-1.199536,1.808921,0.000000

-7.913174,-1.199570,1.806581,0.000000

-7.915479,-1.198844,1.805110,0.000000

-7.916574,-1.199031,1.803849,0.000000

-7.916357,-1.198626,1.801699,0.000000

-7.920265,-1.196900,1.799963,0.000000

-7.921602,-1.195789,1.798641,0.000000

-7.922989,-1.194593,1.797307,0.000000

-7.926064,-1.192626,1.794633,0.000000

-7.927393,-1.191224,1.793313,0.000000

-7.928856,-1.189843,1.790906,0.000000

-7.930619,-1.187683,1.790569,0.000000

-7.932614,-1.184716,1.789103,0.000000

-7.934249,-1.182884,1.786652,0.000000

-7.934579,-1.181264,1.785497,0.000000

-7.940198,-1.176647,1.783373,0.000000

-7.940174,-1.174587,1.781192,0.000000

-7.942282,-1.172106,1.779708,0.000000

-7.947700,-1.167929,1.777595,0.000000

-7.950628,-1.163549,1.775876,0.000000

-7.952754,-1.160291,1.774323,0.000000

-7.954989,-1.157691,1.771734,0.000000

-7.957122,-1.154032,1.770161,0.000000

-7.960288,-1.148752,1.768316,0.000000

-7.960795,-1.145662,1.767039,0.000000

-7.966903,-1.141308,1.763668,0.000000

-7.971470,-1.136969,1.761572,0.000000

-7.975049,-1.130944,1.759533,0.000000

-7.975373,-1.128278,1.757315,0.000000

-7.980268,-1.123853,1.755118,0.000000

-7.985070,-1.118971,1.752881,0.000000

-7.988981,-1.112376,1.750677,0.000000

-7.991522,-1.108829,1.748008,0.000000

-7.994480,-1.104757,1.746156,0.000000

-7.999697,-1.099758,1.743768,0.000000

-8.017532,-1.131505,1.741316,0.000000

-8.023307,-1.140716,1.740481,0.000000

-8.027363,-1.142359,1.736872,0.000000

-8.033564,-1.138563,1.734402,0.000000

-8.040698,-1.130329,1.731474,0.000000

-8.041622,-1.126788,1.730207,0.000000

-8.047069,-1.121896,1.726975,0.000000

-8.050497,-1.117149,1.725064,0.000000

-8.056542,-1.111394,1.722436,0.000000

-8.058227,-1.104640,1.720041,0.000000

-8.067005,-1.097658,1.716594,0.000000

-8.070636,-1.092698,1.714553,0.000000

-8.074292,-1.087725,1.712486,0.000000

-8.076278,-1.080886,1.709975,0.000000

-8.085397,-1.073576,1.706221,0.000000

-8.089183,-1.068453,1.704039,0.000000

-8.094557,-1.059372,1.700977,0.000000

-8.095613,-1.055185,1.699597,0.000000

-8.105068,-1.047496,1.695444,0.000000

-8.108610,-1.043181,1.692748,0.000000

-8.114260,-1.033800,1.689355,0.000000

-8.118236,-1.028285,1.686916,0.000000

-8.119191,-1.025344,1.685211,0.000000

-8.126072,-1.018623,1.681728,0.000000

-8.128440,-1.017287,1.680346,0.000000

-8.136200,-1.003551,1.675408,0.000000

-8.143656,-0.995363,1.671720,0.000000

-8.145530,-0.995263,1.670323,0.000000

-8.151214,-0.986717,1.666282,0.000000

-8.154069,-0.984155,1.664910,0.000000

-8.157050,-0.976982,1.661967,0.000000

-8.164268,-0.970105,1.657990,0.000000

-8.168574,-0.964449,1.655154,0.000000

-8.172968,-0.958860,1.652282,0.000000

-8.180152,-0.947415,1.647420,0.000000

-8.186830,-0.941653,1.643371,0.000000

-8.189069,-0.940486,1.642108,0.000000

-8.193573,-0.934875,1.639070,0.000000

-8.200562,-0.924745,1.634035,0.000000

-8.203017,-0.919029,1.631758,0.000000

-8.206445,-0.916276,1.629452,0.000000

-8.213842,-0.909167,1.624872,0.000000

-8.215914,-0.908202,1.623790,0.000000

-8.223943,-0.896226,1.617639,0.000000

-8.228787,-0.890573,1.614221,0.000000

-8.228759,-0.889413,1.613916,0.000000

-8.232971,-0.885397,1.611201,0.000000

-8.235172,-0.881075,1.609185,0.000000

-8.248316,-0.867719,1.600157,0.000000

-8.251436,-0.861675,1.597065,0.000000

-8.258287,-0.856247,1.592865,0.000000

-8.260127,-0.855545,1.592067,0.000000

-8.264419,-0.851700,1.589483,0.000000

-8.270237,-0.844198,1.584664,0.000000

-8.275681,-0.836589,1.580446,0.000000

-8.283394,-0.829608,1.575113,0.000000

-8.288713,-0.823921,1.571201,0.000000

-8.300329,-0.811619,1.562111,0.000000

-8.304342,-0.805153,1.557921,0.000000

-8.311430,-0.800256,1.553833,0.000000

-8.316162,-0.796793,1.551466,0.000000

-8.317507,-0.796763,1.551431,0.000000

-8.324068,-0.788922,1.545374,0.000000

-8.333295,-0.780110,1.538863,0.000000

-8.339125,-0.774690,1.534630,0.000000

-8.342882,-0.770454,1.531875,0.000000

-8.346076,-0.769539,1.530724,0.000000

-8.357828,-0.756123,1.519222,0.000000

-8.363826,-0.750847,1.514757,0.000000

-8.368886,-0.744195,1.509184,0.000000

-8.370733,-0.746145,1.511097,0.000000

-8.376711,-0.741111,1.506758,0.000000

-8.388006,-0.730569,1.496996,0.000000

-8.394131,-0.725624,1.492478,0.000000

-8.399038,-0.723653,1.491277,0.000000

-8.407001,-0.717912,1.485379,0.000000

-8.418836,-0.707867,1.475083,0.000000

-8.426399,-0.700461,1.466944,0.000000

-8.429678,-0.702236,1.470311,0.000000

-8.434025,-0.699062,1.467678,0.000000

-8.443479,-0.693307,1.460710,0.000000

-8.455375,-0.682316,1.447706,0.000000

-8.461303,-0.681263,1.446858,0.000000

-8.465281,-0.681541,1.448052,0.000000

-8.464970,-0.683090,1.450841,0.000000

-8.478456,-0.672432,1.436722,0.000000

-8.489850,-0.666005,1.427690,0.000000

-8.487188,-0.671418,1.436316,0.000000

-8.493790,-0.668879,1.432658,0.000000

-8.504425,-0.664077,1.425071,0.000000

-8.505121,-0.667816,1.430786,0.000000

-8.510902,-0.666638,1.428443,0.000000

-8.514982,-0.666481,1.427773,0.000000

-8.513582,-0.668908,1.432094,0.000000

-8.520288,-0.664717,1.425472,0.000000

-8.527471,-0.664207,1.422540,0.000000

-8.530012,-0.668921,1.427661,0.000000

-8.532697,-0.670655,1.428928,0.000000

-8.535030,-0.672766,1.430629,0.000000

-8.535064,-0.671421,1.429968,0.000000

-8.535846,-0.679650,1.437761,0.000000

-8.539678,-0.681974,1.438493,0.000000

-8.540480,-0.685810,1.441866,0.000000

-8.536161,-0.689934,1.448634,0.000000

-8.543977,-0.689926,1.443582,0.000000

-8.547675,-0.696107,1.445975,0.000000

-8.544024,-0.700057,1.452109,0.000000

-8.537296,-0.712368,1.465276,0.000000

-8.536943,-0.721693,1.470924,0.000000

-8.534103,-0.728958,1.477119,0.000000

-8.524494,-0.743407,1.491089,0.000000

-8.521409,-0.751350,1.496987,0.000000

-8.516914,-0.764109,1.504789,0.000000

-8.516864,-0.767009,1.505620,0.000000

-8.512043,-0.776240,1.512217,0.000000

-8.491834,-0.799692,1.532203,0.000000

-8.484874,-0.809658,1.538854,0.000000

-8.486098,-0.807627,1.537879,0.000000

-8.486319,-0.805900,1.537421,0.000000

-8.469020,-0.828586,1.551843,0.000000

-8.462792,-0.838594,1.557222,0.000000

-8.454395,-0.849076,1.563234,0.000000

-8.442794,-0.865762,1.570876,0.000000

-8.426470,-0.882699,1.580292,0.000000

-8.417197,-0.893107,1.585094,0.000000

-8.408641,-0.903253,1.589289,0.000000

-8.395279,-0.919793,1.594939,0.000000

-8.378401,-0.935144,1.601208,0.000000

-8.369717,-0.944555,1.604057,0.000000

-8.360931,-0.953857,1.606636,0.000000

-8.347492,-0.968740,1.609928,0.000000

-8.337832,-0.977267,1.612007,0.000000

-8.334946,-0.981391,1.612507,0.000000

-8.324849,-0.987913,1.614386,0.000000

-8.311384,-0.999302,1.616199,0.000000

-8.308070,-1.002973,1.616546,0.000000

-8.291170,-1.018155,1.617788,0.000000

-8.284131,-1.024563,1.617970,0.000000

-8.277340,-1.030635,1.617974,0.000000

-8.270408,-1.036287,1.617868,0.000000

-8.263091,-1.043564,1.617874,0.000000

-8.253800,-1.050858,1.617026,0.000000

-8.244992,-1.057318,1.615907,0.000000

-8.242833,-1.057715,1.615495,0.000000

-8.233381,-1.067438,1.614724,0.000000

-8.226500,-1.072579,1.613190,0.000000

-8.224915,-1.072586,1.612729,0.000000

-8.220519,-1.075744,1.611911,0.000000

-8.213538,-1.081749,1.610672,0.000000

-8.208206,-1.085232,1.609464,0.000000

-8.205053,-1.087769,1.608856,0.000000

-8.201628,-1.089910,1.608388,0.000000

-8.201308,-1.089644,1.608472,0.000000

-8.196079,-1.094171,1.607742,0.000000

-8.191936,-1.097801,1.606979,0.000000

-8.191292,-1.098042,1.607746,0.000000

-8.189034,-1.099767,1.607983,0.000000

-8.186921,-1.101393,1.608367,0.000000

-8.182781,-1.104818,1.608497,0.000000

-8.181190,-1.106409,1.609199,0.000000

-8.179745,-1.108685,1.611172,0.000000

-8.176428,-1.111730,1.611734,0.000000

-8.174866,-1.112844,1.612983,0.000000

-8.174887,-1.111527,1.613267,0.000000

-8.174119,-1.113846,1.616080,0.000000

-8.172890,-1.115002,1.617501,0.000000

-8.170169,-1.117663,1.618627,0.000000

-8.168658,-1.117759,1.618489,0.000000

-8.168119,-1.120483,1.623703,0.000000

-8.167308,-1.121706,1.625433,0.000000

-8.167742,-1.121430,1.627618,0.000000

-8.163857,-1.124005,1.626673,0.000000

-8.162990,-1.124896,1.628451,0.000000

-8.163667,-1.125521,1.632574,0.000000

-8.163046,-1.127329,1.636362,0.000000

-8.162000,-1.127270,1.636270,0.000000

-8.160088,-1.129861,1.639772,0.000000

-8.159697,-1.131042,1.641651,0.000000

-8.158970,-1.131819,1.643589,0.000000

-8.158254,-1.132573,1.645532,0.000000

-8.158411,-1.131408,1.645830,0.000000

-8.155735,-1.133901,1.647158,0.000000

-8.156444,-1.134948,1.651463,0.000000

-8.155803,-1.135628,1.653464,0.000000

-8.154272,-1.137122,1.655185,0.000000

-8.153588,-1.138586,1.659256,0.000000

-8.153214,-1.139440,1.661262,0.000000

-8.152830,-1.140302,1.663292,0.000000

-8.171671,-1.199389,1.651345,0.000000

-8.176808,-1.220118,1.645182,0.000000

-8.178068,-1.230077,1.646637,0.000000

-8.179230,-1.232913,1.648149,0.000000

-8.179436,-1.236414,1.651784,0.000000

-8.178168,-1.236761,1.651529,0.000000

-8.177771,-1.237774,1.653557,0.000000

-8.177513,-1.240198,1.657562,0.000000

-8.177084,-1.241140,1.659640,0.000000

-8.176652,-1.242057,1.661724,0.000000

-8.175424,-1.243130,1.663672,0.000000

-8.175340,-1.246149,1.667596,0.000000

-8.174880,-1.247052,1.669727,0.000000

-8.174473,-1.248180,1.671784,0.000000

-8.173301,-1.247828,1.671779,0.000000

-8.172798,-1.248457,1.674041,0.000000

-8.172574,-1.252619,1.680110,0.000000

-8.172702,-1.253371,1.682429,0.000000

-8.171082,-1.253244,1.682291,0.000000

-8.170768,-1.256020,1.686423,0.000000

-8.170823,-1.256583,1.688818,0.000000

-8.170382,-1.257472,1.691089,0.000000

-8.170482,-1.257876,1.693602,0.000000

-8.168980,-1.257549,1.693548,0.000000

-8.168698,-1.260259,1.697843,0.000000

-8.168713,-1.260858,1.700334,0.000000

-8.168382,-1.263838,1.704658,0.000000

-8.167525,-1.265024,1.706862,0.000000

-8.166540,-1.264181,1.707053,0.000000

-8.166528,-1.266935,1.711634,0.000000

-8.166072,-1.267830,1.714058,0.000000

-8.165624,-1.268715,1.716494,0.000000

-8.164832,-1.267681,1.716775,0.000000

-8.164333,-1.270664,1.721308,0.000000

-8.164214,-1.271292,1.723925,0.000000

-8.163954,-1.274296,1.728554,0.000000

-8.162887,-1.273170,1.728836,0.000000

-8.162971,-1.276233,1.733562,0.000000

-8.162088,-1.277011,1.736102,0.000000

-8.161059,-1.277701,1.738663,0.000000

-8.160452,-1.278476,1.741289,0.000000

-8.160068,-1.279561,1.743838,0.000000

-8.158596,-1.277803,1.744292,0.000000

-8.158193,-1.278326,1.747043,0.000000

-8.157769,-1.281374,1.751925,0.000000

-8.157062,-1.282079,1.754622,0.000000

-8.156075,-1.282900,1.757252,0.000000

-8.155684,-1.286018,1.762214,0.000000

-8.155718,-1.286963,1.764954,0.000000

-8.154294,-1.287343,1.767730,0.000000

-8.153057,-1.285651,1.768175,0.000000

-8.152015,-1.288488,1.773224,0.000000

-8.151597,-1.288988,1.776092,0.000000

-8.150968,-1.289626,1.778892,0.000000

-8.150347,-1.290231,1.781707,0.000000

-8.150251,-1.291262,1.784463,0.000000

-8.149333,-1.294169,1.789610,0.000000

-8.148766,-1.294769,1.792463,0.000000

-8.147288,-1.295217,1.795283,0.000000

-8.147052,-1.293508,1.795830,0.000000

-8.146189,-1.296371,1.801046,0.000000

-8.146089,-1.299525,1.806258,0.000000

-8.145761,-1.299994,1.809221,0.000000

-8.144615,-1.298025,1.809742,0.000000

-8.143594,-1.300980,1.814979,0.000000

-8.143227,-1.301389,1.817964,0.000000

-8.142696,-1.301892,1.820916,0.000000

-8.142152,-1.302359,1.823875,0.000000

-8.141809,-1.300590,1.824406,0.000000

-8.141397,-1.300934,1.827414,0.000000

-8.141330,-1.303981,1.832774,0.000000

-8.139801,-1.304002,1.835769,0.000000

-8.139040,-1.304413,1.838724,0.000000

-8.138868,-1.302420,1.839326,0.000000

-8.137712,-1.304948,1.844755,0.000000

-8.137115,-1.305109,1.847816,0.000000

-8.136806,-1.308019,1.853237,0.000000

-8.135604,-1.305425,1.853889,0.000000

-8.135875,-1.306057,1.856900,0.000000

-8.134378,-1.308330,1.862384,0.000000

-8.133499,-1.308322,1.865449,0.000000

-8.132675,-1.308252,1.868548,0.000000

-8.131143,-1.305553,1.869159,0.000000

-8.131995,-1.308674,1.874675,0.000000

-8.129465,-1.307911,1.877750,0.000000

-8.128314,-1.307724,1.880827,0.000000

-8.125413,-1.306823,1.883891,0.000000

-8.123510,-1.303982,1.884451,0.000000

-8.123137,-1.308710,1.892553,0.000000

-8.123513,-1.308915,1.895702,0.000000

-8.120261,-1.307738,1.898782,0.000000

-8.118196,-1.304765,1.899317,0.000000

-8.118546,-1.304845,1.902480,0.000000

-8.114673,-1.301193,1.902943,0.000000

-8.113631,-1.302969,1.908625,0.000000

-8.112082,-1.302321,1.911724,0.000000

-8.110495,-1.301686,1.914803,0.000000

-8.110816,-1.301540,1.917999,0.000000

-8.107970,-1.302509,1.923615,0.000000

-8.106531,-1.301696,1.926715,0.000000

-8.103441,-1.300247,1.929734,0.000000

-8.104080,-1.302173,1.935551,0.000000

-8.100960,-1.300662,1.938559,0.000000

-8.097917,-1.299155,1.941553,0.000000

-8.096458,-1.298141,1.944659,0.000000

-8.097095,-1.299654,1.950530,0.000000

-8.094066,-1.298003,1.953506,0.000000

-8.092707,-1.296792,1.956620,0.000000

-8.091487,-1.295523,1.959749,0.000000

-8.090131,-1.294284,1.962838,0.000000

-8.088552,-1.290990,1.963257,0.000000

-8.087626,-1.291485,1.969074,0.000000

-8.084985,-1.289706,1.972041,0.000000

-8.083692,-1.288239,1.975128,0.000000

-8.082448,-1.286664,1.978227,0.000000

-8.118402,-1.396930,1.956880,0.000000

-8.132762,-1.438745,1.951791,0.000000

-8.135045,-1.451497,1.951025,0.000000

-8.134434,-1.455563,1.952985,0.000000

-8.136645,-1.461093,1.958229,0.000000

-8.134843,-1.461130,1.961591,0.000000

-8.134397,-1.461339,1.965055,0.000000

-8.132712,-1.461014,1.968630,0.000000

-8.132637,-1.458125,1.969619,0.000000

-8.132121,-1.461251,1.975909,0.000000

-8.131952,-1.461392,1.979654,0.000000

-8.132951,-1.465390,1.986265,0.000000

-8.131913,-1.461926,1.987334,0.000000

-8.133163,-1.466244,1.994250,0.000000

-8.133413,-1.466729,1.998391,0.000000

-8.133934,-1.467405,2.002640,0.000000

-8.134551,-1.468189,2.006981,0.000000

-8.134482,-1.464782,2.008089,0.000000

-8.134708,-1.465398,2.012559,0.000000

-8.137410,-1.471234,2.020653,0.000000

-8.138634,-1.472466,2.025470,0.000000

-8.140303,-1.473958,2.030382,0.000000

-8.144306,-1.481512,2.039249,0.000000

-8.146833,-1.483702,2.044456,0.000000

-8.149280,-1.485985,2.049740,0.000000

-8.152867,-1.488551,2.055108,0.000000

-8.153489,-1.484343,2.056515,0.000000

-8.159693,-1.494208,2.066084,0.000000

-8.165377,-1.497640,2.071592,0.000000

-8.172062,-1.501411,2.077064,0.000000

-8.178409,-1.505391,2.082567,0.000000

-8.180499,-1.500803,2.084157,0.000000

-8.191052,-1.513397,2.093560,0.000000

-8.206365,-1.528199,2.102262,0.000000

-8.220383,-1.534534,2.106865,0.000000

-8.224341,-1.529318,2.108644,0.000000

-8.247249,-1.547146,2.115469,0.000000

-8.268987,-1.555255,2.118245,0.000000

-8.288457,-1.562950,2.120879,0.000000

-8.310560,-1.571228,2.122507,0.000000

-8.335958,-1.579971,2.122855,0.000000

-8.377394,-1.604799,2.119822,0.000000

-8.424591,-1.617836,2.110766,0.000000

-8.467508,-1.629425,2.100675,0.000000

-8.496916,-1.623178,2.094077,0.000000

-8.534883,-1.632217,2.082956,0.000000

-8.639417,-1.664239,2.031096,0.000000

-8.766599,-1.693809,1.939782,0.000000

-8.812143,-1.678232,1.909969,0.000000

-8.931558,-1.691533,1.774664,0.000000

-9.036093,-1.665447,1.613507,0.000000

-9.090364,-1.637693,1.490098,0.000000

-9.125673,-1.602540,1.365263,0.000000

-9.140295,-1.570714,1.266334,0.000000

-9.149162,-1.537125,1.226505,0.000000

-9.113153,-1.467206,0.983399,0.000000

-9.092440,-1.432583,0.918554,0.000000

-9.093040,-1.413547,0.911891,0.000000

-9.048024,-1.375990,0.824974,0.000000

-9.007247,-1.346284,0.766817,0.000000

-8.990050,-1.328916,0.746056,0.000000

-8.974627,-1.314098,0.729665,0.000000

-8.978125,-1.305122,0.733460,0.000000

-8.951346,-1.291896,0.709429,0.000000

-8.941059,-1.282796,0.701770,0.000000

-8.931983,-1.274910,0.695808,0.000000

-8.910425,-1.265631,0.680741,0.000000

-8.907805,-1.262635,0.681651,0.000000

-8.906203,-1.260695,0.683428,0.000000

-8.901779,-1.256921,0.682308,0.000000

-8.886917,-1.251459,0.673578,0.000000

-8.892624,-1.255291,0.681345,0.000000

-8.890555,-1.253274,0.681805,0.000000

-8.889026,-1.251693,0.682382,0.000000

-8.888943,-1.245461,0.682762,0.000000

-8.886996,-1.249388,0.684060,0.000000

-8.881713,-1.249973,0.681696,0.000000

-8.881720,-1.249511,0.682729,0.000000

-8.886398,-1.248021,0.687199,0.000000

-8.882361,-1.249151,0.684932,0.000000

-8.906107,-1.416514,0.710226,0.000000

-8.915658,-1.469828,0.728245,0.000000

-8.918182,-1.485757,0.733456,0.000000

-8.923056,-1.487255,0.738794,0.000000

-8.928891,-1.487826,0.743923,0.000000

-8.925866,-1.493043,0.737511,0.000000

-8.928062,-1.492166,0.737870,0.000000

-8.932778,-1.488336,0.741834,0.000000

-8.928377,-1.489778,0.733645,0.000000

-8.934896,-1.489957,0.738104,0.000000

-8.941040,-1.490392,0.742191,0.000000

-8.943225,-1.490066,0.741825,0.000000

-8.943835,-1.485626,0.741554,0.000000

-8.945241,-1.492378,0.736394,0.000000

-8.950920,-1.493361,0.739495,0.000000

-8.952868,-1.493151,0.738382,0.000000

-8.953436,-1.488848,0.738133,0.000000

-8.956511,-1.492667,0.735744,0.000000

-8.958131,-1.492321,0.734128,0.000000

-8.959697,-1.491930,0.732242,0.000000

-8.961183,-1.491518,0.730233,0.000000

-8.962607,-1.490980,0.728107,0.000000

-8.963747,-1.490304,0.725650,0.000000

-8.964241,-1.486047,0.725417,0.000000

-8.965704,-1.488640,0.720003,0.000000

-8.966441,-1.487603,0.716895,0.000000

-8.961099,-1.487301,0.704549,0.000000

-8.964222,-1.486761,0.703573,0.000000

-8.964300,-1.485101,0.699666,0.000000

-8.967136,-1.484033,0.698315,0.000000

-8.970325,-1.480160,0.700645,0.000000

-8.963695,-1.478746,0.686926,0.000000

-8.962009,-1.478195,0.677881,0.000000

-8.957919,-1.474670,0.670238,0.000000

-8.961732,-1.470456,0.672928,0.000000

-8.957378,-1.466608,0.665164,0.000000

-8.961791,-1.465292,0.661123,0.000000

-8.960613,-1.461200,0.655990,0.000000

-8.959380,-1.456937,0.650890,0.000000

-8.959780,-1.451816,0.650805,0.000000

-8.949578,-1.447847,0.631767,0.000000

-8.942470,-1.442279,0.622703,0.000000

-8.945520,-1.436929,0.621086,0.000000

-8.951534,-1.431623,0.625170,0.000000

-8.943794,-1.425415,0.615936,0.000000

-8.956051,-1.420440,0.624518,0.000000

-8.945551,-1.413060,0.609998,0.000000

-8.933037,-1.404777,0.594891,0.000000

-8.940353,-1.399203,0.599714,0.000000

-8.937461,-1.391729,0.594636,0.000000

-8.930204,-1.382193,0.583805,0.000000

-8.926170,-1.373861,0.578502,0.000000

-8.921857,-1.365137,0.573275,0.000000

-8.893814,-1.351890,0.552350,0.000000

-8.896805,-1.342855,0.551887,0.000000

-8.890234,-1.332694,0.546591,0.000000

-8.883245,-1.322134,0.541390,0.000000

-8.892719,-1.315910,0.546940,0.000000

-8.876984,-1.300580,0.535742,0.000000

-8.868102,-1.288824,0.530693,0.000000

-8.838079,-1.270711,0.515601,0.000000

-8.848150,-1.263858,0.521047,0.000000

-8.814837,-1.244258,0.506988,0.000000

-8.801886,-1.230391,0.503090,0.000000

-8.777442,-1.215598,0.496165,0.000000

-8.773197,-1.201422,0.496468,0.000000

-8.757474,-1.186327,0.493891,0.000000

-8.776730,-1.178448,0.501851,0.000000

-8.732634,-1.154817,0.492926,0.000000

-8.713803,-1.138551,0.492006,0.000000

-8.693957,-1.122179,0.491815,0.000000

-8.694017,-1.114360,0.494437,0.000000

-8.681199,-1.096452,0.497177,0.000000

-8.628068,-1.071579,0.496707,0.000000

-8.604547,-1.054667,0.500412,0.000000

-8.579777,-1.037595,0.505317,0.000000

-8.587135,-1.027732,0.510100,0.000000

-8.522730,-1.006826,0.517478,0.000000

-8.464332,-0.985732,0.531033,0.000000

-8.445049,-0.967677,0.542724,0.000000

-8.457460,-0.953762,0.548909,0.000000

-8.394464,-0.939160,0.567462,0.000000

-8.370068,-0.926029,0.581155,0.000000

-8.350671,-0.909929,0.596840,0.000000

-8.327219,-0.898380,0.611995,0.000000

-8.304641,-0.887701,0.627666,0.000000

-8.251766,-0.882372,0.654622,0.000000

-8.235874,-0.870107,0.672500,0.000000

-8.217146,-0.862416,0.689363,0.000000

-8.226649,-0.849244,0.695086,0.000000

-8.205585,-0.845867,0.710763,0.000000

-8.167592,-0.843256,0.739480,0.000000

-8.153118,-0.838010,0.755861,0.000000

-8.142256,-0.830108,0.773025,0.000000

-8.147720,-0.821267,0.777464,0.000000

-8.132510,-0.820392,0.791855,0.000000

-8.089486,-0.827013,0.828299,0.000000

-8.080400,-0.823994,0.842327,0.000000

-8.085485,-0.815821,0.846237,0.000000

-8.092129,-0.805130,0.851650,0.000000

-8.081807,-0.805461,0.863690,0.000000

-8.061916,-0.808717,0.885441,0.000000

-8.153287,-2.304444,1.419728,0.000000

-8.157357,-2.304082,1.420003,0.000000

-8.157353,-2.304080,1.420004,0.000000

-8.165089,-2.303107,1.420604,0.000000

-8.177738,-2.307356,1.420050,0.000000

-8.184400,-2.305660,1.420553,0.000000

-8.184393,-2.305657,1.420554,0.000000

-8.187487,-2.304654,1.420890,0.000000

-8.192720,-2.302058,1.420555,0.000000

-8.195178,-2.300644,1.421136,0.000000

-8.197467,-2.299135,1.421808,0.000000

-8.197460,-2.299131,1.421809,0.000000

-8.198446,-2.296934,1.421105,0.000000

-8.201900,-2.293344,1.422823,0.000000

-8.203403,-2.291469,1.423826,0.000000

-8.204769,-2.289559,1.424919,0.000000

-8.211514,-2.290525,1.423313,0.000000

-8.211501,-2.290519,1.423317,0.000000

-8.212452,-2.288476,1.424574,0.000000

-8.214013,-2.284403,1.427293,0.000000

-8.214430,-2.282294,1.428747,0.000000

-8.210638,-2.280295,1.423946,0.000000

-8.210947,-2.278217,1.425444,0.000000

-8.211283,-2.274192,1.428582,0.000000

-8.211142,-2.272202,1.430228,0.000000

-8.208618,-2.269053,1.427310,0.000000

-8.208610,-2.269048,1.427313,0.000000

-8.207973,-2.265456,1.430590,0.000000

-8.207924,-2.264094,1.427418,0.000000

-8.207295,-2.262541,1.429078,0.000000

-8.206629,-2.261098,1.430730,0.000000

-8.205929,-2.259770,1.432369,0.000000

-8.200132,-2.255433,1.429579,0.000000

-8.199184,-2.254539,1.431105,0.000000

-8.198213,-2.253772,1.432600,0.000000

-8.198204,-2.253767,1.432604,0.000000

-8.203678,-2.256904,1.431125,0.000000

-8.202584,-2.256659,1.432455,0.000000

-8.201458,-2.256536,1.433761,0.000000

-8.200334,-2.256551,1.435027,0.000000

-8.205956,-2.259602,1.432166,0.000000

-8.204754,-2.259902,1.433306,0.000000

-8.202348,-2.260900,1.435476,0.000000

-8.201130,-2.261589,1.436516,0.000000

-8.206877,-2.266328,1.433575,0.000000

-8.206867,-2.266323,1.433579,0.000000

-8.204341,-2.268683,1.435291,0.000000

-8.203060,-2.270038,1.436097,0.000000

-8.207217,-2.274584,1.434439,0.000000

-8.205899,-2.276370,1.435079,0.000000

-8.203259,-2.280276,1.436294,0.000000

-8.201922,-2.282599,1.436747,0.000000

-8.207608,-2.288638,1.435502,0.000000

-8.206226,-2.291139,1.435937,0.000000

-8.206217,-2.291134,1.435940,0.000000

-8.203455,-2.296635,1.436668,0.000000

-8.192444,-2.294679,1.435839,0.000000

-8.191072,-2.297773,1.436154,0.000000

-8.189695,-2.300951,1.436461,0.000000

-8.189167,-2.300676,1.435782,0.000000

-8.186461,-2.307652,1.436199,0.000000

-8.185087,-2.311247,1.436395,0.000000

-8.182328,-2.318814,1.436673,0.000000

-8.179323,-2.317260,1.436034,0.000000

-8.176581,-2.325282,1.436230,0.000000

-8.175184,-2.329380,1.436339,0.000000

-8.173765,-2.333533,1.436459,0.000000

-8.169381,-2.336336,1.436154,0.000000

-8.166592,-2.345213,1.436094,0.000000

-8.165160,-2.349720,1.436090,0.000000

-8.150651,-2.347557,1.436118,0.000000

-8.149318,-2.352345,1.436045,0.000000

-8.149314,-2.352343,1.436045,0.000000

-8.148213,-2.357306,1.435990,0.000000

-8.182676,-0.638524,1.111117,0.000000

-8.194300,-0.637249,1.107839,0.000000

-8.206884,-0.634684,1.107553,0.000000

-8.230582,-0.631021,1.107682,0.000000

-8.244787,-0.628038,1.109655,0.000000

-8.257101,-0.626827,1.109988,0.000000

-8.276621,-0.621404,1.115747,0.000000

-8.281604,-0.618541,1.118873,0.000000

-8.318991,-0.619101,1.118768,0.000000

-8.331102,-0.619980,1.118784,0.000000

-8.346905,-0.619669,1.120495,0.000000

-8.351853,-0.617492,1.123243,0.000000

-8.377833,-0.614436,1.128047,0.000000

-8.406075,-0.617936,1.128782,0.000000

-8.423731,-0.619215,1.130475,0.000000

-8.441493,-0.620914,1.132135,0.000000

-8.442186,-0.620481,1.133193,0.000000

-8.488080,-0.629629,1.135046,0.000000

-8.499394,-0.633610,1.135327,0.000000

-8.524349,-0.636164,1.138969,0.000000

-8.531866,-0.635143,1.141636,0.000000

-8.550020,-0.639059,1.143847,0.000000

-8.578507,-0.648504,1.145556,0.000000

-8.596492,-0.653283,1.147890,0.000000

-8.614332,-0.658329,1.150406,0.000000

-8.614396,-0.658077,1.151251,0.000000

-8.623958,-0.663197,1.151919,0.000000

-8.675736,-0.675883,1.160162,0.000000

-8.692997,-0.682162,1.163014,0.000000

-8.710182,-0.688715,1.165869,0.000000

-8.718841,-0.689655,1.168678,0.000000

-8.734607,-0.700694,1.169739,0.000000

-8.750764,-0.707485,1.172796,0.000000

-8.782640,-0.721677,1.178418,0.000000

-8.791182,-0.723420,1.181306,0.000000

-8.797432,-0.728411,1.182265,0.000000

-8.835973,-0.745571,1.190547,0.000000

-8.849959,-0.752760,1.193906,0.000000

-8.863469,-0.759949,1.197219,0.000000

-8.881409,-0.771563,1.201024,0.000000

-8.885277,-0.775163,1.201890,0.000000

-8.905514,-0.784950,1.207691,0.000000

-8.916948,-0.791535,1.210978,0.000000

-8.927972,-0.798022,1.214239,0.000000

-8.949131,-0.810496,1.220224,0.000000

-8.958805,-0.816320,1.223322,0.000000

-8.968051,-0.821949,1.226421,0.000000

-8.974730,-0.825185,1.229234,0.000000

-8.974071,-0.824698,1.229618,0.000000

-8.989785,-0.833653,1.235013,0.000000

-9.000699,-0.841280,1.238131,0.000000

-9.014538,-0.849420,1.243322,0.000000

-9.013895,-0.848916,1.243620,0.000000

-9.028025,-0.856728,1.248590,0.000000

-9.033836,-0.859785,1.251110,0.000000

-9.045063,-0.866063,1.255797,0.000000

-9.044456,-0.865552,1.256068,0.000000

-9.054770,-0.870276,1.260502,0.000000

-9.058784,-0.870181,1.262485,0.000000

-9.062833,-0.871209,1.264627,0.000000

-9.067320,-0.874239,1.267002,0.000000

-9.071000,-0.874966,1.269063,0.000000

-9.078279,-0.875978,1.272825,0.000000

-9.080249,-0.872500,1.274394,0.000000

-9.084133,-0.875275,1.276581,0.000000

-9.081280,-0.867616,1.276007,0.000000

-9.092070,-0.872582,1.281719,0.000000

-9.094214,-0.871019,1.283442,0.000000

-9.096223,-0.869258,1.285108,0.000000

-9.099469,-0.871679,1.287113,0.000000

-9.096106,-0.861935,1.286393,0.000000

-9.097797,-0.859463,1.287920,0.000000

-9.099369,-0.856794,1.289469,0.000000

-9.100794,-0.853785,1.290901,0.000000

-9.100327,-0.853352,1.291062,0.000000

-9.106465,-0.849666,1.295449,0.000000

-9.105913,-0.840307,1.296303,0.000000

-9.106799,-0.836303,1.297574,0.000000

-9.109202,-0.838099,1.299328,0.000000

-9.107170,-0.831756,1.298946,0.000000

-9.113138,-0.831506,1.303348,0.000000

-9.109550,-0.818743,1.302377,0.000000

-9.110038,-0.813927,1.303497,0.000000

-9.112815,-0.810779,1.306105,0.000000

-9.112393,-0.810404,1.306180,0.000000

-9.111075,-0.798610,1.306697,0.000000

-9.109061,-0.791529,1.306262,0.000000

-9.111408,-0.787646,1.308697,0.000000

-9.113048,-0.788814,1.310196,0.000000

-9.113363,-0.777537,1.311957,0.000000

-9.113239,-0.771535,1.312839,0.000000

-9.111536,-0.758359,1.313245,0.000000

-9.112800,-0.759216,1.314598,0.000000

-9.109342,-0.744452,1.313643,0.000000

-9.110617,-0.739108,1.315707,0.000000

-9.111720,-0.739830,1.317015,0.000000

-9.111257,-0.733202,1.317813,0.000000

-9.110703,-0.726391,1.318545,0.000000

-9.107292,-0.711156,1.317666,0.000000

-9.107948,-0.705052,1.319565,0.000000

-9.107248,-0.697939,1.320299,0.000000

-9.106440,-0.690723,1.320995,0.000000

-9.107083,-0.691080,1.322141,0.000000

-9.104657,-0.676103,1.322385,0.000000

-9.103682,-0.668642,1.323038,0.000000

-9.103352,-0.661530,1.324691,0.000000

-9.102168,-0.653891,1.325313,0.000000

-9.100258,-0.645823,1.324969,0.000000

-9.100574,-0.645938,1.326013,0.000000

-9.098135,-0.630493,1.327081,0.000000

-9.095017,-0.614652,1.327210,0.000000

-9.095098,-0.614612,1.328165,0.000000

-9.093106,-0.606436,1.327864,0.000000

-9.089984,-0.590469,1.328843,0.000000

-9.088352,-0.582360,1.330243,0.000000

-9.086331,-0.574092,1.330761,0.000000

-9.086000,-0.573872,1.330836,0.000000

-9.081978,-0.557471,1.330202,0.000000

-9.079897,-0.549097,1.331555,0.000000

-9.109722,-0.568296,1.330476,0.000000

-9.118110,-0.566775,1.330310,0.000000

-9.119566,-0.560493,1.330552,0.000000

-9.118518,-0.552508,1.330958,0.000000

-9.116548,-0.543917,1.331433,0.000000

-9.112642,-0.526850,1.331587,0.000000

-9.109981,-0.517843,1.332116,0.000000

-9.109629,-0.517619,1.332158,0.000000

-9.104280,-0.499715,1.333121,0.000000

-9.101282,-0.490593,1.333638,0.000000

-9.097103,-0.480766,1.334898,0.000000

-9.093807,-0.471573,1.335424,0.000000

-9.089286,-0.454578,1.334981,0.000000

-9.084591,-0.444679,1.336252,0.000000

-9.080775,-0.435382,1.336817,0.000000

-9.076834,-0.426079,1.337393,0.000000

-9.075294,-0.425226,1.338165,0.000000

-9.072417,-0.416586,1.338050,0.000000

-9.064034,-0.398053,1.339128,0.000000

-9.062393,-0.397205,1.339893,0.000000

-9.057799,-0.387866,1.340456,0.000000

-9.052988,-0.378498,1.341049,0.000000

-8.180624,-2.168336,1.401238,0.000000

-8.180601,-2.168324,1.401243,0.000000

-8.186301,-2.156619,1.399790,0.000000

-8.189132,-2.150723,1.399095,0.000000

-8.205077,-2.158861,1.401237,0.000000

-8.208055,-2.153035,1.400617,0.000000

-8.208043,-2.153029,1.400620,0.000000

-8.211014,-2.147159,1.400145,0.000000

-8.213955,-2.141229,1.399919,0.000000

-8.219841,-2.129244,1.400237,0.000000

-8.234638,-2.129114,1.401544,0.000000

-8.234626,-2.129108,1.401546,0.000000

-8.237620,-2.123099,1.402349,0.000000

-8.243495,-2.111052,1.404662,0.000000

-8.249394,-2.113944,1.402024,0.000000

-8.252303,-2.107956,1.403464,0.000000

-8.255176,-2.101989,1.405092,0.000000

-8.255174,-2.101988,1.405092,0.000000

-8.260755,-2.090163,1.408878,0.000000

-8.264176,-2.084698,1.405964,0.000000

-8.266820,-2.078924,1.408136,0.000000

-8.269400,-2.073218,1.410394,0.000000

-8.269390,-2.073213,1.410396,0.000000

-8.271184,-2.074107,1.405655,0.000000

-8.276145,-2.063023,1.410555,0.000000

-8.280865,-2.052322,1.415570,0.000000

-8.280854,-2.052317,1.415572,0.000000

-8.286994,-2.049180,1.408987,0.000000

-8.286992,-2.049180,1.408987,0.000000

-8.291283,-2.039364,1.414030,0.000000

-8.295244,-2.030184,1.418996,0.000000

-8.295236,-2.030180,1.418997,0.000000

-8.312830,-2.033551,1.412263,0.000000

-8.312813,-2.033544,1.412265,0.000000

-8.316584,-2.025509,1.416624,0.000000

-8.318279,-2.021877,1.418657,0.000000

-8.324198,-2.020449,1.415902,0.000000

-8.325812,-2.017146,1.417726,0.000000

-8.327392,-2.014007,1.419402,0.000000

-8.327390,-2.014006,1.419402,0.000000

-8.335070,-2.010678,1.416260,0.000000

-8.336426,-2.008240,1.417543,0.000000

-8.337749,-2.005965,1.418737,0.000000

-8.337741,-2.005961,1.418738,0.000000

-8.344807,-2.004285,1.417488,0.000000

-8.345926,-2.002720,1.418315,0.000000

-8.347005,-2.001309,1.419065,0.000000

-8.348048,-2.000052,1.419744,0.000000

-8.353738,-2.002668,1.418105,0.000000

-8.355536,-2.001090,1.419070,0.000000

-8.356378,-2.000516,1.419466,0.000000

-8.357183,-2.000085,1.419808,0.000000

-8.360212,-2.001093,1.418628,0.000000

-8.360210,-2.001092,1.418628,0.000000

-8.361484,-2.001376,1.418856,0.000000

-8.362067,-2.001712,1.418915,0.000000

-8.366139,-2.004027,1.418690,0.000000

-8.366134,-2.004025,1.418692,0.000000

-8.366584,-2.004850,1.418602,0.000000

-8.366578,-2.004848,1.418602,0.000000

-8.366990,-2.005789,1.418490,0.000000

-8.367371,-2.006846,1.418357,0.000000

-8.369415,-2.010426,1.418120,0.000000

-8.369618,-2.012026,1.417861,0.000000

-8.369613,-2.012023,1.417862,0.000000

-8.369791,-2.013728,1.417592,0.000000

-8.370572,-2.018147,1.417643,0.000000

-8.370583,-2.020346,1.417296,0.000000

-8.370577,-2.020344,1.417297,0.000000

-8.370556,-2.022631,1.416949,0.000000

-8.370554,-2.022630,1.416948,0.000000

-8.370156,-2.022457,1.417952,0.000000

-8.369920,-2.027640,1.417167,0.000000

-8.369757,-2.030347,1.416779,0.000000

-8.369561,-2.033130,1.416395,0.000000

-8.369335,-2.035987,1.416013,0.000000

-8.366740,-2.034863,1.417420,0.000000

-8.366110,-2.041068,1.416603,0.000000

-8.365746,-2.044269,1.416198,0.000000

-8.365350,-2.047534,1.415801,0.000000

-8.362049,-2.049737,1.416852,0.000000

-8.362043,-2.049735,1.416853,0.000000

-8.361034,-2.056776,1.415987,0.000000

-8.360486,-2.060382,1.415567,0.000000

-8.359830,-2.064122,1.415114,0.000000

-8.356354,-2.066715,1.415919,0.000000

-8.356349,-2.066712,1.415921,0.000000

-8.355663,-2.070572,1.415473,0.000000

-8.354163,-2.078526,1.414549,0.000000

-8.349901,-2.081133,1.415381,0.000000

-8.349076,-2.085282,1.414912,0.000000

-8.349071,-2.085279,1.414913,0.000000

-8.348224,-2.089474,1.414455,0.000000

-8.342108,-2.096289,1.414493,0.000000

-8.341136,-2.100682,1.414038,0.000000

-8.340134,-2.105114,1.413598,0.000000

-8.340127,-2.105111,1.413600,0.000000

-8.334470,-2.112703,1.414002,0.000000

-8.333352,-2.117317,1.413545,0.000000

-8.333340,-2.117311,1.413547,0.000000

-8.332193,-2.121961,1.413103,0.000000

-8.330955,-2.126686,1.412571,0.000000

-8.324100,-2.123705,1.414285,0.000000

-8.322899,-2.128500,1.413730,0.000000

-8.320425,-2.138195,1.412668,0.000000

-8.319104,-2.143145,1.412072,0.000000

-8.302205,-2.135611,1.413669,0.000000

-8.301012,-2.140682,1.413061,0.000000

-8.298573,-2.150925,1.411898,0.000000

-8.298573,-2.150925,1.411898,0.000000

-8.297309,-2.156086,1.411296,0.000000

-8.288085,-2.157725,1.412839,0.000000

-8.286846,-2.163048,1.412202,0.000000

-8.286834,-2.163042,1.412204,0.000000

-8.285563,-2.168388,1.411587,0.000000

-8.285562,-2.168388,1.411586,0.000000

-8.275430,-2.175758,1.412148,0.000000

-8.274179,-2.181290,1.411496,0.000000

-8.272908,-2.186847,1.410864,0.000000

-8.272906,-2.186846,1.410863,0.000000

-8.278214,-2.195438,1.411610,0.000000

-8.275501,-2.206719,1.410256,0.000000

-8.274112,-2.212393,1.409608,0.000000

-8.272684,-2.218083,1.408980,0.000000

-8.258880,-2.211806,1.410866,0.000000

-8.257596,-2.217676,1.410201,0.000000

-8.255004,-2.229491,1.408911,0.000000

-8.253633,-2.235406,1.408288,0.000000

-8.253611,-2.235396,1.408289,0.000000

-8.242047,-2.236682,1.409953,0.000000

-8.242045,-2.236681,1.409953,0.000000

-8.239470,-2.248869,1.408680,0.000000

-8.238146,-2.254984,1.408071,0.000000

-8.228183,-2.257132,1.409247,0.000000

-8.227129,-2.263491,1.408653,0.000000

-8.227176,-2.263513,1.408653,0.000000

-8.225904,-2.269793,1.408013,0.000000

-8.223290,-2.282439,1.406822,0.000000

-8.211356,-2.283809,1.407975,0.000000

-8.210011,-2.290212,1.407413,0.000000

-8.208736,-2.296669,1.406871,0.000000

-8.208667,-2.296637,1.406868,0.000000

-8.190460,-2.302154,1.407045,0.000000

-8.189243,-2.308774,1.406541,0.000000

-8.187959,-2.315379,1.406049,0.000000

-8.187957,-2.315378,1.406049,0.000000

-8.181319,-2.326693,1.406559,0.000000

-8.179995,-2.333370,1.406132,0.000000

-8.178681,-2.340070,1.405719,0.000000

-8.177339,-2.346771,1.405318,0.000000

-8.933815,-0.499605,1.399362,0.000000

-8.928425,-0.511772,1.398789,0.000000

-8.927556,-0.518499,1.398606,0.000000

-8.924713,-0.524574,1.398338,0.000000

-8.921770,-0.530642,1.398081,0.000000

-8.919713,-0.529944,1.398004,0.000000

-8.914707,-0.535335,1.397669,0.000000

-8.911631,-0.541399,1.397393,0.000000

-8.907473,-0.554278,1.396679,0.000000

-8.906340,-0.561081,1.396278,0.000000

-8.904225,-0.560366,1.396243,0.000000

-8.899870,-0.573326,1.395456,0.000000

-8.896600,-0.579431,1.395158,0.000000

-8.895370,-0.586222,1.394980,0.000000

-8.889973,-0.591582,1.394878,0.000000

-8.887854,-0.590869,1.394871,0.000000

-8.884520,-0.596899,1.394904,0.000000

-8.884474,-0.596883,1.394907,0.000000

-8.884630,-0.611106,1.395245,0.000000

-8.884894,-0.618204,1.395580,0.000000

-8.879994,-0.623447,1.396061,0.000000

-8.878113,-0.622804,1.396085,0.000000

-8.878136,-0.622812,1.396088,0.000000

-8.874763,-0.628494,1.396679,0.000000

-8.874724,-0.628481,1.396681,0.000000

-8.870023,-0.640228,1.398067,0.000000

-8.866657,-0.645580,1.398870,0.000000

-8.865334,-0.651454,1.399736,0.000000

-8.863291,-0.650759,1.399765,0.000000

-8.863246,-0.650744,1.399767,0.000000

-8.854725,-0.660085,1.401708,0.000000

-8.851470,-0.664874,1.402694,0.000000

-8.848243,-0.669514,1.403705,0.000000

-8.847020,-0.674556,1.404712,0.000000

-8.845033,-0.673895,1.404770,0.000000

-8.840741,-0.682859,1.406834,0.000000

-8.840700,-0.682846,1.406834,0.000000

-8.834614,-0.690344,1.408890,0.000000

-8.831611,-0.693754,1.409885,0.000000

-8.829679,-0.693123,1.409953,0.000000

-8.826715,-0.696371,1.410911,0.000000

-8.824676,-0.703377,1.412521,0.000000

-8.821819,-0.705909,1.413306,0.000000

-8.818071,-0.704703,1.413424,0.000000

-8.815257,-0.707076,1.414169,0.000000

-8.813387,-0.706483,1.414230,0.000000

-8.811600,-0.711679,1.415410,0.000000

-8.808920,-0.713329,1.415970,0.000000

-8.804458,-0.714251,1.416559,0.000000

-8.801838,-0.715582,1.417041,0.000000

-8.801799,-0.715570,1.417045,0.000000

-8.796778,-0.717314,1.417689,0.000000

-8.794282,-0.717948,1.417955,0.000000

-8.791810,-0.718431,1.418182,0.000000

-8.789397,-0.718527,1.418299,0.000000

-8.788218,-0.719376,1.418345,0.000000

-8.784096,-0.718521,1.418420,0.000000

-8.782286,-0.717985,1.418476,0.000000

-8.781747,-0.717819,1.418346,0.000000

-8.779457,-0.717000,1.418252,0.000000

-8.775862,-0.715956,1.418375,0.000000

-8.774909,-0.714975,1.418029,0.000000

-8.772666,-0.713540,1.417847,0.000000

-8.772218,-0.712496,1.417590,0.000000

-8.768209,-0.710329,1.417457,0.000000

-8.766367,-0.709814,1.417524,0.000000

-8.765949,-0.708546,1.417305,0.000000

-8.761568,-0.704460,1.416945,0.000000

-8.759699,-0.703951,1.417017,0.000000

-8.757475,-0.701635,1.416817,0.000000

-8.755247,-0.699219,1.416610,0.000000

-8.754567,-0.694891,1.416052,0.000000

-8.750774,-0.693894,1.416192,0.000000

-8.748523,-0.691000,1.415944,0.000000

-8.746255,-0.688016,1.415701,0.000000

-8.743966,-0.684943,1.415454,0.000000

-8.743921,-0.684932,1.415456,0.000000

-8.739617,-0.681101,1.415252,0.000000

-8.736895,-0.674676,1.414674,0.000000

-8.736511,-0.671585,1.414362,0.000000

-8.734426,-0.671082,1.414408,0.000000

-8.731947,-0.667246,1.414137,0.000000

-8.731902,-0.667235,1.414142,0.000000

-8.726869,-0.659362,1.413594,0.000000

-8.724256,-0.655316,1.413323,0.000000

-8.721582,-0.651050,1.413047,0.000000

-8.721096,-0.647213,1.412750,0.000000

-8.716530,-0.646214,1.412789,0.000000

-8.716006,-0.642313,1.412495,0.000000

-8.713147,-0.637854,1.412219,0.000000

-8.713099,-0.637844,1.412223,0.000000

-8.707198,-0.628511,1.411581,0.000000

-8.712885,-0.625538,1.411365,0.000000

-8.713078,-0.621382,1.411087,0.000000

-8.714134,-0.621602,1.411112,0.000000

-8.711009,-0.612203,1.410461,0.000000

-8.705600,-0.606671,1.410099,0.000000

-8.702427,-0.601556,1.409758,0.000000

-8.700989,-0.591976,1.409212,0.000000

-8.694900,-0.586130,1.408832,0.000000

-8.691299,-0.580726,1.408499,0.000000

-8.687583,-0.575283,1.408152,0.000000

-8.684699,-0.574793,1.408065,0.000000

-8.687782,-0.570403,1.407748,0.000000

-8.690201,-0.570818,1.407774,0.000000

-8.686254,-0.560193,1.407120,0.000000

-8.682559,-0.554551,1.406726,0.000000

-8.675460,-0.548309,1.406112,0.000000

-8.675452,-0.548308,1.406115,0.000000

-8.667907,-0.542031,1.405403,0.000000

-8.663283,-0.536190,1.404867,0.000000

-8.660390,-0.525269,1.404342,0.000000

-8.651969,-0.518854,1.403491,0.000000

-8.651934,-0.518849,1.403508,0.000000

-8.646730,-0.512860,1.402916,0.000000

-8.639520,-0.501161,1.402069,0.000000

-8.630092,-0.494686,1.401037,0.000000

-8.624208,-0.488597,1.400412,0.000000

-8.618184,-0.482514,1.399764,0.000000

-8.618177,-0.482513,1.399798,0.000000

-8.609621,-0.470519,1.398916,0.000000

-8.607206,-0.464642,1.398712,0.000000

-8.596649,-0.458269,1.397676,0.000000

-8.592645,-0.458058,1.397260,0.000000

-8.587252,-0.446196,1.396883,0.000000

-8.576314,-0.439957,1.395864,0.000000

-8.572347,-0.439844,1.395478,0.000000

-8.562305,-0.427881,1.394812,0.000000

-8.558431,-0.427834,1.394430,0.000000

-8.548091,-0.415936,1.393848,0.000000

-8.540933,-0.410025,1.393411,0.000000

-8.530054,-0.404199,1.392724,0.000000

-8.522975,-0.398366,1.392369,0.000000

-8.523116,-0.398362,1.392388,0.000000

-8.519574,-0.392439,1.392359,0.000000

-8.509027,-0.386816,1.391806,0.000000

-8.498179,-0.375215,1.391554,0.000000

-8.488216,-0.369745,1.391176,0.000000

-8.481435,-0.364117,1.391026,0.000000

-8.481679,-0.364098,1.391042,0.000000

-8.470865,-0.352671,1.390962,0.000000

-8.461872,-0.347328,1.390803,0.000000

-8.455482,-0.341777,1.390765,0.000000

-8.455790,-0.341743,1.390781,0.000000

-8.443304,-0.330674,1.390784,0.000000

-8.437332,-0.325143,1.390865,0.000000

-8.431456,-0.319625,1.390921,0.000000

-8.438416,-0.312376,1.390538,0.000000

-7.594296,-1.530608,1.428332,0.000000

-7.594296,-1.530608,1.428332,0.000000

-7.596361,-1.519228,1.428039,0.000000

-7.597378,-1.513521,1.427889,0.000000

-7.598380,-1.507797,1.427756,0.000000

-7.599333,-1.502016,1.427618,0.000000

-7.599333,-1.502016,1.427618,0.000000

-7.601225,-1.490390,1.427486,0.000000

-7.602158,-1.484531,1.427487,0.000000

-7.603043,-1.478620,1.427542,0.000000

-7.603907,-1.472686,1.427620,0.000000

-7.603907,-1.472686,1.427620,0.000000

-7.605549,-1.460807,1.427932,0.000000

-7.606281,-1.454842,1.428147,0.000000

-7.607607,-1.442957,1.428669,0.000000

-7.607607,-1.442957,1.428669,0.000000

-7.608191,-1.437047,1.428959,0.000000

-7.609058,-1.425273,1.429615,0.000000

-7.609392,-1.419448,1.429956,0.000000

-7.609655,-1.413672,1.430309,0.000000

-7.609655,-1.413672,1.430309,0.000000

-7.609883,-1.402265,1.431033,0.000000

-7.609847,-1.396657,1.431426,0.000000

-7.609724,-1.391105,1.431803,0.000000

-7.609518,-1.385632,1.432188,0.000000

-7.609518,-1.385632,1.432188,0.000000

-7.609518,-1.385632,1.432188,0.000000

-7.608076,-1.369744,1.433343,0.000000

-7.607416,-1.364606,1.433717,0.000000

-7.606541,-1.359622,1.434097,0.000000

-7.606541,-1.359622,1.434097,0.000000

-7.605574,-1.354718,1.434457,0.000000

-7.604517,-1.349911,1.434806,0.000000

-7.602001,-1.340669,1.435464,0.000000

-7.602001,-1.340669,1.435464,0.000000

-7.600543,-1.336241,1.435772,0.000000

-7.597363,-1.327660,1.436359,0.000000

-7.595494,-1.323623,1.436656,0.000000

-7.593543,-1.319685,1.436911,0.000000

-7.593543,-1.319685,1.436911,0.000000

-7.591507,-1.315841,1.437160,0.000000

-7.587031,-1.308578,1.437647,0.000000

-7.584595,-1.305148,1.437870,0.000000

-7.582081,-1.301817,1.438085,0.000000

-7.579490,-1.298569,1.438301,0.000000

-7.579490,-1.298569,1.438301,0.000000

-7.573776,-1.292625,1.438672,0.000000

-7.570809,-1.289777,1.438864,0.000000

-7.567771,-1.287006,1.439029,0.000000

-7.564507,-1.284472,1.439208,0.000000

-7.564507,-1.284472,1.439208,0.000000

-7.561176,-1.282018,1.439376,0.000000

-7.554315,-1.277333,1.439681,0.000000

-7.550790,-1.275104,1.439848,0.000000

-7.547059,-1.273085,1.439992,0.000000

-7.547059,-1.273085,1.439992,0.000000

-7.539421,-1.269254,1.440295,0.000000

-7.535514,-1.267434,1.440441,0.000000

-7.531419,-1.265818,1.440613,0.000000

-7.527269,-1.264255,1.440768,0.000000

-7.527269,-1.264255,1.440768,0.000000

-7.523068,-1.262757,1.440920,0.000000

-7.514389,-1.260062,1.441239,0.000000

-7.509917,-1.258864,1.441396,0.000000

-7.505396,-1.257715,1.441565,0.000000

-7.505396,-1.257715,1.441565,0.000000

-7.496099,-1.255692,1.441898,0.000000

-7.491330,-1.254822,1.442073,0.000000

-7.481661,-1.253200,1.442398,0.000000

-7.481661,-1.253200,1.442398,0.000000

-7.471644,-1.251991,1.442730,0.000000

-7.466578,-1.251443,1.442907,0.000000

-7.461474,-1.250938,1.443073,0.000000

-7.461474,-1.250938,1.443073,0.000000

-7.456267,-1.250579,1.443239,0.000000

-7.445748,-1.249961,1.443549,0.000000

-7.440441,-1.249708,1.443720,0.000000

-7.435039,-1.249567,1.443882,0.000000

-7.429605,-1.249459,1.444046,0.000000

-7.429605,-1.249459,1.444046,0.000000

-7.429605,-1.249459,1.444046,0.000000

-7.418647,-1.249338,1.444369,0.000000

-7.413069,-1.249395,1.444538,0.000000

-7.401828,-1.249600,1.444851,0.000000

-7.401828,-1.249600,1.444851,0.000000

-7.396165,-1.249739,1.445005,0.000000

-7.384699,-1.250175,1.445319,0.000000

-7.378897,-1.250456,1.445483,0.000000

-7.373072,-1.250778,1.445635,0.000000

-7.373072,-1.250778,1.445635,0.000000

-7.361280,-1.251535,1.445969,0.000000

-7.349333,-1.252460,1.446244,0.000000

-7.343327,-1.252957,1.446410,0.000000

-7.343327,-1.252957,1.446410,0.000000

-7.337239,-1.253521,1.446544,0.000000

-7.325000,-1.254712,1.446842,0.000000

-7.318845,-1.255328,1.446977,0.000000

-7.312622,-1.256021,1.447122,0.000000

-7.312622,-1.256021,1.447122,0.000000

-7.300110,-1.257446,1.447374,0.000000

-7.293824,-1.258184,1.447488,0.000000

-7.287473,-1.258978,1.447611,0.000000

-7.281105,-1.259796,1.447714,0.000000

-7.274715,-1.260617,1.447814,0.000000

-7.274715,-1.260617,1.447814,0.000000

-7.261864,-1.262348,1.448022,0.000000

-7.255403,-1.263256,1.448112,0.000000

-7.248923,-1.264175,1.448214,0.000000

-7.242428,-1.265113,1.448314,0.000000

-7.242428,-1.265113,1.448314,0.000000

-7.222767,-1.268107,1.448553,0.000000

-7.216184,-1.269136,1.448628,0.000000

-7.216184,-1.269136,1.448628,0.000000

-7.202897,-1.271243,1.448755,0.000000

-7.196235,-1.272325,1.448826,0.000000

-7.189560,-1.273416,1.448891,0.000000

-7.182871,-1.274521,1.448963,0.000000

-7.182871,-1.274521,1.448963,0.000000

-7.169419,-1.276792,1.449047,0.000000

-7.162678,-1.277954,1.449094,0.000000

-7.155924,-1.279127,1.449128,0.000000

-7.149149,-1.280331,1.449173,0.000000

-7.149149,-1.280331,1.449173,0.000000

-7.142361,-1.281546,1.449197,0.000000

-7.135564,-1.282774,1.449246,0.000000

-7.121924,-1.285265,1.449306,0.000000

-7.115083,-1.286523,1.449323,0.000000

-7.108233,-1.287803,1.449372,0.000000

-7.108233,-1.287803,1.449372,0.000000

-7.094503,-1.290392,1.449410,0.000000

-7.087626,-1.291708,1.449430,0.000000

-7.080739,-1.293036,1.449448,0.000000

-7.080739,-1.293036,1.449448,0.000000

-7.073839,-1.294366,1.449462,0.000000

-7.060038,-1.297052,1.449503,0.000000

-7.053123,-1.298406,1.449513,0.000000

-7.046197,-1.299766,1.449525,0.000000

-7.046197,-1.299766,1.449525,0.000000

-7.032349,-1.302513,1.449551,0.000000

-7.025408,-1.303891,1.449553,0.000000

-7.018461,-1.305286,1.449572,0.000000

-7.011516,-1.306697,1.449585,0.000000

-7.011516,-1.306697,1.449585,0.000000

-6.997596,-1.309535,1.449604,0.000000

-6.990626,-1.310974,1.449625,0.000000

-6.983663,-1.312417,1.449628,0.000000

-6.976691,-1.313869,1.449633,0.000000

-6.976691,-1.313869,1.449633,0.000000

-6.962725,-1.316793,1.449661,0.000000

-6.955729,-1.318259,1.449692,0.000000

-6.948749,-1.319735,1.449723,0.000000

-6.941764,-1.321230,1.449751,0.000000

-6.934769,-1.322721,1.449762,0.000000

-6.934769,-1.322721,1.449762,0.000000

-6.920781,-1.325728,1.449823,0.000000

-6.913784,-1.327229,1.449847,0.000000

-6.906778,-1.328733,1.449871,0.000000

-6.906778,-1.328733,1.449871,0.000000

-6.892768,-1.331755,1.449944,0.000000

-6.885762,-1.333272,1.449985,0.000000

-6.878750,-1.334798,1.450014,0.000000

-6.871724,-1.336314,1.450048,0.000000

-6.857739,-1.339406,1.450123,0.000000

-6.850731,-1.340951,1.450170,0.000000

-6.843720,-1.342516,1.450228,0.000000

-6.836736,-1.344070,1.450279,0.000000

-6.836736,-1.344070,1.450279,0.000000

-6.836736,-1.344070,1.450279,0.000000

-6.822742,-1.347195,1.450403,0.000000

-6.815737,-1.348764,1.450464,0.000000

-6.808746,-1.350350,1.450533,0.000000

-6.801746,-1.351933,1.450602,0.000000

-6.801746,-1.351933,1.450602,0.000000

-6.794739,-1.353525,1.450695,0.000000

-6.780726,-1.356723,1.450857,0.000000

-6.773720,-1.358330,1.450956,0.000000

-6.766708,-1.359946,1.451039,0.000000

-6.759687,-1.361563,1.451136,0.000000

-6.759687,-1.361563,1.451136,0.000000

-6.745703,-1.364798,1.451325,0.000000

-6.738695,-1.366413,1.451420,0.000000

-6.731682,-1.368041,1.451515,0.000000

-6.731682,-1.368041,1.451515,0.000000

-6.717685,-1.371289,1.451720,0.000000

-6.717685,-1.371289,1.451720,0.000000

-6.703708,-1.374545,1.451900,0.000000

-6.703708,-1.374545,1.451900,0.000000

-6.696710,-1.376187,1.452005,0.000000

-6.696710,-1.376187,1.452005,0.000000

-6.682773,-1.379413,1.452181,0.000000

-6.675790,-1.381030,1.452283,0.000000

-6.668800,-1.382652,1.452358,0.000000

-6.661848,-1.384251,1.452442,0.000000

-6.661848,-1.384251,1.452442,0.000000

-6.647922,-1.387469,1.452618,0.000000

-6.640946,-1.389087,1.452712,0.000000

-6.634012,-1.390686,1.452799,0.000000

-6.627069,-1.392285,1.452878,0.000000

-6.627069,-1.392285,1.452878,0.000000

-6.620120,-1.393897,1.452976,0.000000

-6.606247,-1.397094,1.453164,0.000000

-6.599323,-1.398674,1.453263,0.000000

-6.592393,-1.400275,1.453356,0.000000

-6.592393,-1.400275,1.453356,0.000000

-6.578568,-1.403442,1.453584,0.000000

-6.571673,-1.405016,1.453688,0.000000

-6.564773,-1.406606,1.453784,0.000000

-6.557861,-1.408195,1.453905,0.000000

-6.557861,-1.408195,1.453905,0.000000

-6.544158,-1.411329,1.454133,0.000000

-6.537292,-1.412910,1.454263,0.000000

-6.530413,-1.414483,1.454396,0.000000

-6.523592,-1.416047,1.454527,0.000000

-6.523592,-1.416047,1.454527,0.000000

-6.509914,-1.419186,1.454793,0.000000

-6.503057,-1.420756,1.454920,0.000000

-6.496188,-1.422323,1.455052,0.000000

-6.489382,-1.423888,1.455173,0.000000

-6.489382,-1.423888,1.455173,0.000000

-6.482563,-1.425447,1.455315,0.000000

-6.475735,-1.427020,1.455444,0.000000

-6.462129,-1.430147,1.455704,0.000000

-6.455353,-1.431713,1.455845,0.000000

-6.455353,-1.431713,1.455845,0.000000

-6.448567,-1.433286,1.455989,0.000000

-6.435026,-1.436441,1.456244,0.000000

-6.435026,-1.436441,1.456244,0.000000

-6.428269,-1.438015,1.456385,0.000000

-6.421504,-1.439602,1.456526,0.000000

-6.421504,-1.439602,1.456526,0.000000

-6.407989,-1.442767,1.456779,0.000000

-6.401244,-1.444362,1.456908,0.000000

-6.394486,-1.445955,1.457043,0.000000

-6.387718,-1.447558,1.457169,0.000000

-6.387718,-1.447558,1.457169,0.000000

-6.374245,-1.450762,1.457427,0.000000

-6.367490,-1.452373,1.457555,0.000000

-6.360724,-1.453990,1.457685,0.000000

-6.353990,-1.455606,1.457824,0.000000

-6.353990,-1.455606,1.457824,0.000000

-6.340488,-1.458867,1.458090,0.000000

-6.333718,-1.460498,1.458219,0.000000

-6.326962,-1.462135,1.458354,0.000000

-6.320192,-1.463773,1.458479,0.000000

-6.320192,-1.463773,1.458479,0.000000

-6.306620,-1.467060,1.458746,0.000000

-6.299838,-1.468716,1.458886,0.000000

-6.293045,-1.470381,1.458995,0.000000

-6.286239,-1.472039,1.459136,0.000000

-6.279419,-1.473695,1.459270,0.000000

-6.272590,-1.475366,1.459401,0.000000

-6.258953,-1.478728,1.459690,0.000000

-6.252119,-1.480422,1.459836,0.000000

-6.252119,-1.480422,1.459836,0.000000

-6.245271,-1.482106,1.459966,0.000000

-6.245271,-1.482106,1.459966,0.000000

-6.231583,-1.485507,1.460287,0.000000

-6.224721,-1.487209,1.460446,0.000000

-6.217848,-1.488911,1.460606,0.000000

-6.217848,-1.488911,1.460606,0.000000

-6.204101,-1.492356,1.460924,0.000000

-6.197208,-1.494075,1.461072,0.000000

-6.190308,-1.495803,1.461246,0.000000

-6.183420,-1.497542,1.461409,0.000000

-6.183420,-1.497542,1.461409,0.000000

-6.169614,-1.501028,1.461739,0.000000

-6.162692,-1.502770,1.461912,0.000000

-6.155794,-1.504533,1.462081,0.000000

-6.148887,-1.506303,1.462252,0.000000

-6.148887,-1.506303,1.462252,0.000000

-6.135037,-1.509835,1.462604,0.000000

-6.128118,-1.511629,1.462780,0.000000

-6.121187,-1.513420,1.462962,0.000000

-6.114244,-1.515207,1.463134,0.000000

-6.107293,-1.516997,1.463321,0.000000

-6.107293,-1.516997,1.463321,0.000000

-6.093394,-1.520609,1.463682,0.000000

-6.086430,-1.522417,1.463861,0.000000

-6.079455,-1.524225,1.464040,0.000000

-6.065490,-1.527844,1.464429,0.000000

-6.065490,-1.527844,1.464429,0.000000

-6.058495,-1.529664,1.464601,0.000000

-6.051489,-1.531482,1.464792,0.000000

-6.044474,-1.533296,1.464965,0.000000

-6.044474,-1.533296,1.464965,0.000000

-6.037458,-1.535114,1.465150,0.000000

-6.023401,-1.538752,1.465508,0.000000

-6.016360,-1.540575,1.465692,0.000000

-6.009325,-1.542414,1.465858,0.000000

-6.009325,-1.542414,1.465858,0.000000

-5.995224,-1.546075,1.466202,0.000000

-5.988159,-1.547904,1.466348,0.000000

-5.981109,-1.549753,1.466525,0.000000

-5.974047,-1.551593,1.466682,0.000000

-5.974047,-1.551593,1.466682,0.000000

-5.966976,-1.553434,1.466836,0.000000

-5.952829,-1.557121,1.467155,0.000000

-5.945751,-1.558962,1.467304,0.000000

-5.938663,-1.560802,1.467448,0.000000

-5.938663,-1.560802,1.467448,0.000000

-5.931569,-1.562643,1.467592,0.000000

-5.917420,-1.566292,1.467867,0.000000

-5.910336,-1.568128,1.467999,0.000000

-5.903239,-1.569955,1.468131,0.000000

-5.903239,-1.569955,1.468131,0.000000

-5.889074,-1.573575,1.468382,0.000000

-5.881977,-1.575382,1.468503,0.000000

-5.874873,-1.577193,1.468630,0.000000

-5.867784,-1.578992,1.468758,0.000000

-5.867784,-1.578992,1.468758,0.000000

-5.853578,-1.582582,1.468989,0.000000

-5.846463,-1.584384,1.469108,0.000000

-5.832234,-1.587963,1.469327,0.000000

-5.832234,-1.587963,1.469327,0.000000

-5.825109,-1.589760,1.469456,0.000000

-5.817974,-1.591551,1.469547,0.000000

-5.817974,-1.591551,1.469547,0.000000

-5.803707,-1.595127,1.469788,0.000000

-5.796570,-1.596901,1.469906,0.000000

-5.796570,-1.596901,1.469906,0.000000

-5.789428,-1.598688,1.470025,0.000000

-5.789428,-1.598688,1.470025,0.000000

-5.775144,-1.602242,1.470246,0.000000

-5.768003,-1.604020,1.470340,0.000000

-5.760853,-1.605795,1.470448,0.000000

-5.760853,-1.605795,1.470448,0.000000

-5.746544,-1.609339,1.470618,0.000000

-5.739388,-1.611121,1.470697,0.000000

-5.732222,-1.612891,1.470790,0.000000

-5.725048,-1.614666,1.470877,0.000000

-5.725048,-1.614666,1.470877,0.000000

-5.717885,-1.616437,1.470948,0.000000

-5.703533,-1.619979,1.471104,0.000000

-5.696346,-1.621751,1.471162,0.000000

-5.689159,-1.623515,1.471207,0.000000

-5.689159,-1.623515,1.471207,0.000000

-5.681968,-1.625293,1.471272,0.000000

-5.667559,-1.628835,1.471382,0.000000

-5.660351,-1.630590,1.471405,0.000000

-5.660351,-1.630590,1.471405,0.000000

-5.653139,-1.632347,1.471471,0.000000

-5.653139,-1.632347,1.471471,0.000000

-5.638691,-1.635864,1.471539,0.000000

-5.631457,-1.637606,1.471594,0.000000

-5.624215,-1.639350,1.471637,0.000000

-5.616965,-1.641092,1.471676,0.000000

-5.609712,-1.642842,1.471734,0.000000

-5.609712,-1.642842,1.471734,0.000000

-5.595226,-1.646327,1.471802,0.000000

-5.587975,-1.648079,1.471842,0.000000

-5.580713,-1.649820,1.471882,0.000000

-5.580713,-1.649820,1.471882,0.000000

-5.566196,-1.653311,1.471976,0.000000

-5.558937,-1.655046,1.472009,0.000000

-5.551674,-1.656794,1.472050,0.000000

-5.544401,-1.658534,1.472096,0.000000

-5.544401,-1.658534,1.472096,0.000000

-5.529866,-1.662036,1.472174,0.000000

-5.522590,-1.663792,1.472235,0.000000

-5.515306,-1.665547,1.472263,0.000000

-5.508036,-1.667302,1.472295,0.000000

-5.508036,-1.667302,1.472295,0.000000

-5.493475,-1.670815,1.472374,0.000000

-5.486184,-1.672571,1.472423,0.000000

-5.478907,-1.674324,1.472491,0.000000

-5.471624,-1.676086,1.472543,0.000000

-5.471624,-1.676086,1.472543,0.000000

-5.457037,-1.679605,1.472665,0.000000

-5.449750,-1.681384,1.472731,0.000000

-5.442455,-1.683164,1.472812,0.000000

-5.435154,-1.684945,1.472876,0.000000

-5.435154,-1.684945,1.472876,0.000000

-5.420555,-1.688523,1.473025,0.000000

-5.405955,-1.692123,1.473213,0.000000

-5.405955,-1.692123,1.473213,0.000000

-5.398645,-1.693917,1.473283,0.000000

-5.398645,-1.693917,1.473283,0.000000

-5.384018,-1.697536,1.473464,0.000000

-5.376696,-1.699346,1.473552,0.000000

-5.369370,-1.701160,1.473625,0.000000

-5.362041,-1.702975,1.473722,0.000000

-5.362041,-1.702975,1.473722,0.000000

-5.354705,-1.704785,1.473779,0.000000

-5.332667,-1.710231,1.474031,0.000000

-5.325317,-1.712059,1.474092,0.000000

-5.325317,-1.712059,1.474092,0.000000

-5.317962,-1.713880,1.474200,0.000000

-5.310602,-1.715708,1.474286,0.000000

-5.310602,-1.715708,1.474286,0.000000

-5.295858,-1.719355,1.474468,0.000000

-5.288477,-1.721182,1.474545,0.000000

-5.288477,-1.721182,1.474545,0.000000

-5.281091,-1.723007,1.474636,0.000000

-5.281091,-1.723007,1.474636,0.000000

-5.266312,-1.726649,1.474781,0.000000

-5.251520,-1.730279,1.474935,0.000000

-5.251520,-1.730279,1.474935,0.000000

-5.251520,-1.730279,1.474935,0.000000

-5.236721,-1.733903,1.475086,0.000000

-5.229318,-1.735708,1.475157,0.000000

-5.221909,-1.737510,1.475239,0.000000

-5.214497,-1.739316,1.475304,0.000000

-5.214497,-1.739316,1.475304,0.000000

-5.192256,-1.744666,1.475511,0.000000

-5.184833,-1.746445,1.475587,0.000000

-5.177424,-1.748217,1.475644,0.000000

-5.177424,-1.748217,1.475644,0.000000

-5.170012,-1.749984,1.475727,0.000000

-5.155169,-1.753510,1.475890,0.000000

-5.155169,-1.753510,1.475890,0.000000

-5.147756,-1.755256,1.475968,0.000000

-5.140339,-1.757014,1.476072,0.000000

-5.125491,-1.760525,1.476240,0.000000

-5.118068,-1.762269,1.476343,0.000000

-5.118068,-1.762269,1.476343,0.000000

-5.110641,-1.764022,1.476417,0.000000

-5.103209,-1.765766,1.476524,0.000000

-5.095777,-1.767526,1.476625,0.000000

-5.095777,-1.767526,1.476625,0.000000

-5.080889,-1.771022,1.476817,0.000000

-5.073441,-1.772784,1.476914,0.000000

-5.065984,-1.774530,1.477028,0.000000

-5.065984,-1.774530,1.477028,0.000000

-5.051073,-1.778053,1.477215,0.000000

-5.043612,-1.779799,1.477336,0.000000

-5.036154,-1.781571,1.477461,0.000000

-5.028689,-1.783330,1.477570,0.000000

-5.028689,-1.783330,1.477570,0.000000

-5.021249,-1.785097,1.477704,0.000000

-5.006358,-1.788625,1.477917,0.000000

-4.998909,-1.790396,1.478026,0.000000

-4.991489,-1.792165,1.478136,0.000000

-4.991489,-1.792165,1.478136,0.000000

-4.976640,-1.795697,1.478359,0.000000

-4.969213,-1.797475,1.478458,0.000000

-4.961807,-1.799245,1.478567,0.000000

-4.954402,-1.801034,1.478669,0.000000

-4.946989,-1.802803,1.478770,0.000000

-4.932202,-1.806370,1.479004,0.000000

-4.932202,-1.806370,1.479004,0.000000

-4.924821,-1.808145,1.479119,0.000000

-4.917441,-1.809936,1.479229,0.000000

-4.910053,-1.811712,1.479336,0.000000

-4.910053,-1.811712,1.479336,0.000000

-4.895318,-1.815297,1.479588,0.000000

-4.880566,-1.818872,1.479819,0.000000

-4.880566,-1.818872,1.479819,0.000000

-4.865842,-1.822469,1.480059,0.000000

-4.858472,-1.824252,1.480175,0.000000

-4.851101,-1.826050,1.480303,0.000000

-4.843724,-1.827843,1.480420,0.000000

-4.843724,-1.827843,1.480420,0.000000

-4.829014,-1.831428,1.480650,0.000000

-4.821651,-1.833211,1.480766,0.000000

-4.814286,-1.835005,1.480890,0.000000

-4.806940,-1.836789,1.480980,0.000000

-4.806940,-1.836789,1.480980,0.000000

-4.792241,-1.840373,1.481206,0.000000

-4.784883,-1.842152,1.481303,0.000000

-4.777542,-1.843952,1.481422,0.000000

-4.770196,-1.845742,1.481535,0.000000

-4.770196,-1.845742,1.481535,0.000000

-4.762846,-1.847529,1.481654,0.000000

-4.748171,-1.851103,1.481867,0.000000

-4.748171,-1.851103,1.481867,0.000000

-4.740843,-1.852876,1.481972,0.000000

-4.733513,-1.854662,1.482085,0.000000

-4.733513,-1.854662,1.482085,0.000000

-4.718867,-1.858174,1.482292,0.000000

-4.711556,-1.859925,1.482391,0.000000

-4.696916,-1.863414,1.482571,0.000000

-4.696916,-1.863414,1.482571,0.000000

-4.689614,-1.865137,1.482667,0.000000

-4.682305,-1.866848,1.482731,0.000000

-4.667675,-1.870287,1.482910,0.000000

-4.660360,-1.871989,1.482991,0.000000

-4.660360,-1.871989,1.482991,0.000000

-4.645719,-1.875394,1.483156,0.000000

-4.638389,-1.877092,1.483250,0.000000

-4.631055,-1.878802,1.483328,0.000000

-4.631055,-1.878802,1.483328,0.000000

-4.623712,-1.880489,1.483405,0.000000

-4.623712,-1.880489,1.483405,0.000000

-4.616364,-1.882178,1.483467,0.000000

-4.609015,-1.883879,1.483541,0.000000

-4.594293,-1.887241,1.483674,0.000000

-4.586925,-1.888929,1.483762,0.000000

-4.586925,-1.888929,1.483762,0.000000

-4.579551,-1.890602,1.483826,0.000000

-4.564777,-1.893948,1.483970,0.000000

-4.557380,-1.895615,1.484032,0.000000

-4.549977,-1.897280,1.484096,0.000000

-4.549977,-1.897280,1.484096,0.000000

-4.535155,-1.900601,1.484228,0.000000

-4.535155,-1.900601,1.484228,0.000000

-4.527739,-1.902270,1.484272,0.000000

-4.520314,-1.903920,1.484330,0.000000

-4.512888,-1.905578,1.484387,0.000000

-4.512888,-1.905578,1.484387,0.000000

-4.498006,-1.908878,1.484489,0.000000

-4.490560,-1.910522,1.484522,0.000000

-4.483111,-1.912175,1.484583,0.000000

-4.483111,-1.912175,1.484583,0.000000

-4.475652,-1.913835,1.484627,0.000000

-4.460717,-1.917131,1.484726,0.000000

-4.453245,-1.918777,1.484763,0.000000

-4.445767,-1.920416,1.484817,0.000000

-4.438288,-1.922063,1.484866,0.000000

-4.438288,-1.922063,1.484866,0.000000

-4.423319,-1.925350,1.484939,0.000000

-4.415825,-1.926987,1.484939,0.000000

-4.415825,-1.926987,1.484939,0.000000

-4.400831,-1.930268,1.485009,0.000000

-4.393332,-1.931912,1.485034,0.000000

-4.393332,-1.931912,1.485034,0.000000

-4.378308,-1.935172,1.485092,0.000000

-4.370794,-1.936801,1.485108,0.000000

-4.363276,-1.938426,1.485109,0.000000

-4.363276,-1.938426,1.485109,0.000000

-4.348235,-1.941662,1.485154,0.000000

-4.340713,-1.943266,1.485160,0.000000

-4.333186,-1.944875,1.485184,0.000000

-4.325659,-1.946481,1.485201,0.000000

-4.325659,-1.946481,1.485201,0.000000

-4.310594,-1.949644,1.485236,0.000000

-4.310594,-1.949644,1.485236,0.000000

-4.303061,-1.951237,1.485258,0.000000

-4.287969,-1.954388,1.485319,0.000000

-4.287969,-1.954388,1.485319,0.000000

-4.272852,-1.957514,1.485354,0.000000

-4.265289,-1.959078,1.485380,0.000000

-4.257710,-1.960614,1.485390,0.000000

-4.250131,-1.962158,1.485418,0.000000

-4.250131,-1.962158,1.485418,0.000000

-4.234962,-1.965223,1.485468,0.000000

-4.227362,-1.966744,1.485480,0.000000

-4.219754,-1.968243,1.485510,0.000000

-4.219754,-1.968243,1.485510,0.000000

-4.212149,-1.969754,1.485519,0.000000

-4.212149,-1.969754,1.485519,0.000000

-4.196918,-1.972751,1.485589,0.000000

-4.189295,-1.974240,1.485603,0.000000

-4.181667,-1.975717,1.485638,0.000000

-4.174041,-1.977206,1.485669,0.000000

-4.174041,-1.977206,1.485669,0.000000

-4.166401,-1.978656,1.485693,0.000000

-4.151121,-1.981578,1.485742,0.000000

-4.143478,-1.983038,1.485747,0.000000

-4.135840,-1.984468,1.485750,0.000000

-4.135840,-1.984468,1.485750,0.000000

-4.120563,-1.987336,1.485782,0.000000

-4.112919,-1.988759,1.485812,0.000000

-4.105279,-1.990202,1.485803,0.000000

-4.097632,-1.991618,1.485818,0.000000

-4.097632,-1.991618,1.485818,0.000000

-4.082337,-1.994457,1.485798,0.000000

-4.074688,-1.995874,1.485817,0.000000

-4.067044,-1.997267,1.485807,0.000000

-4.059402,-1.998672,1.485795,0.000000

-4.059402,-1.998672,1.485795,0.000000

-4.051758,-2.000067,1.485805,0.000000

-4.036483,-2.002838,1.485813,0.000000

-4.028850,-2.004203,1.485804,0.000000

-4.021217,-2.005576,1.485800,0.000000

-4.021217,-2.005576,1.485800,0.000000

-4.021217,-2.005576,1.485800,0.000000

-3.998356,-2.009622,1.485777,0.000000

-3.990743,-2.010972,1.485767,0.000000

-3.983127,-2.012319,1.485765,0.000000

-3.983127,-2.012319,1.485765,0.000000

-3.975514,-2.013623,1.485747,0.000000

-3.975514,-2.013623,1.485747,0.000000

-3.952669,-2.017569,1.485678,0.000000

-3.945045,-2.018843,1.485647,0.000000

-3.945045,-2.018843,1.485647,0.000000

-3.929794,-2.021415,1.485602,0.000000

-3.922169,-2.022708,1.485591,0.000000

-3.914535,-2.023956,1.485564,0.000000

-3.914535,-2.023956,1.485564,0.000000

-3.906901,-2.025215,1.485527,0.000000

-3.906901,-2.025215,1.485527,0.000000

-3.883990,-2.028969,1.485463,0.000000

-3.883990,-2.028969,1.485463,0.000000

-3.876352,-2.030207,1.485430,0.000000

-3.868713,-2.031452,1.485404,0.000000

-3.861073,-2.032693,1.485383,0.000000

-3.861073,-2.032693,1.485383,0.000000

-3.845782,-2.035149,1.485326,0.000000

-3.838140,-2.036392,1.485314,0.000000

-3.830493,-2.037627,1.485307,0.000000

-3.830493,-2.037627,1.485307,0.000000

-3.815194,-2.040076,1.485253,0.000000

-3.807543,-2.041298,1.485250,0.000000

-3.799893,-2.042536,1.485229,0.000000

-3.792238,-2.043764,1.485234,0.000000

-3.792238,-2.043764,1.485234,0.000000

-3.776923,-2.046183,1.485218,0.000000

-3.769267,-2.047409,1.485208,0.000000

-3.761609,-2.048630,1.485203,0.000000

-3.753942,-2.049819,1.485205,0.000000

-3.753942,-2.049819,1.485205,0.000000

-3.746273,-2.051012,1.485206,0.000000

-3.730938,-2.053423,1.485225,0.000000

-3.723266,-2.054583,1.485251,0.000000

-3.715593,-2.055753,1.485245,0.000000

-3.715593,-2.055753,1.485245,0.000000

-3.707924,-2.056937,1.485257,0.000000

-3.692573,-2.059264,1.485304,0.000000

-3.684893,-2.060413,1.485313,0.000000

-3.677214,-2.061574,1.485330,0.000000

-3.669532,-2.062725,1.485364,0.000000

-3.669532,-2.062725,1.485364,0.000000

-3.654151,-2.065028,1.485398,0.000000

-3.646458,-2.066181,1.485425,0.000000

-3.638766,-2.067339,1.485449,0.000000

-3.638766,-2.067339,1.485449,0.000000

-3.623350,-2.069625,1.485497,0.000000

-3.615644,-2.070776,1.485509,0.000000

-3.607939,-2.071941,1.485522,0.000000

-3.600235,-2.073113,1.485577,0.000000

-3.600235,-2.073113,1.485577,0.000000

-3.584825,-2.075440,1.485627,0.000000

-3.577121,-2.076619,1.485652,0.000000

-3.569419,-2.077802,1.485673,0.000000

-3.561703,-2.079002,1.485704,0.000000

-3.561703,-2.079002,1.485704,0.000000

-3.546272,-2.081410,1.485773,0.000000

-3.538561,-2.082631,1.485823,0.000000

-3.530833,-2.083864,1.485861,0.000000

-3.523107,-2.085092,1.485911,0.000000

-3.515383,-2.086340,1.485927,0.000000

-3.515383,-2.086340,1.485927,0.000000

-3.507662,-2.087595,1.485985,0.000000

-3.492146,-2.090151,1.486079,0.000000

-3.484392,-2.091438,1.486137,0.000000

-3.484392,-2.091438,1.486137,0.000000

-3.476636,-2.092722,1.486172,0.000000

-3.476636,-2.092722,1.486172,0.000000

-3.461065,-2.095320,1.486283,0.000000

-3.453283,-2.096629,1.486321,0.000000

-3.445504,-2.097936,1.486355,0.000000

-3.445504,-2.097936,1.486355,0.000000

-3.429907,-2.100570,1.486442,0.000000

-3.422112,-2.101895,1.486488,0.000000

-3.414321,-2.103221,1.486521,0.000000

-3.406504,-2.104552,1.486569,0.000000

-3.406504,-2.104552,1.486569,0.000000

-3.390877,-2.107213,1.486646,0.000000

-3.383069,-2.108556,1.486681,0.000000

-3.367450,-2.111275,1.486729,0.000000

-3.367450,-2.111275,1.486729,0.000000

-3.367450,-2.111275,1.486729,0.000000

-3.351836,-2.113986,1.486791,0.000000

-3.344037,-2.115359,1.486822,0.000000

-3.336236,-2.116718,1.486821,0.000000

-3.328437,-2.118071,1.486837,0.000000

-3.320643,-2.119448,1.486844,0.000000

-3.320643,-2.119448,1.486844,0.000000

-3.305073,-2.122180,1.486860,0.000000

-3.297297,-2.123549,1.486862,0.000000

-3.289523,-2.124923,1.486861,0.000000

-3.289523,-2.124923,1.486861,0.000000

-3.289523,-2.124923,1.486861,0.000000

-3.281754,-2.126301,1.486866,0.000000

-3.266249,-2.129047,1.486841,0.000000

-3.266249,-2.129047,1.486841,0.000000

-3.258499,-2.130422,1.486850,0.000000

-3.250751,-2.131798,1.486828,0.000000

-3.250751,-2.131798,1.486828,0.000000

-3.235295,-2.134547,1.486787,0.000000

-3.227570,-2.135924,1.486762,0.000000

-3.219845,-2.137296,1.486736,0.000000

-3.212151,-2.138677,1.486676,0.000000

-3.212151,-2.138677,1.486676,0.000000

-3.196768,-2.141440,1.486613,0.000000

-3.189080,-2.142828,1.486578,0.000000

-3.181413,-2.144202,1.486512,0.000000

-3.173749,-2.145577,1.486492,0.000000

-3.173749,-2.145577,1.486492,0.000000

-3.166088,-2.146974,1.486426,0.000000

-3.150782,-2.149722,1.486318,0.000000

-3.143142,-2.151110,1.486275,0.000000

-3.143142,-2.151110,1.486275,0.000000

-3.135499,-2.152483,1.486204,0.000000

-3.127858,-2.153866,1.486159,0.000000

-3.120245,-2.155243,1.486077,0.000000

-3.105023,-2.158026,1.485958,0.000000

-3.097413,-2.159418,1.485887,0.000000

-3.097413,-2.159418,1.485887,0.000000

-3.089804,-2.160811,1.485854,0.000000

-3.074646,-2.163611,1.485717,0.000000

-3.067065,-2.165005,1.485661,0.000000

-3.059486,-2.166410,1.485618,0.000000

-3.059486,-2.166410,1.485618,0.000000

-3.051930,-2.167817,1.485546,0.000000

-3.051930,-2.167817,1.485546,0.000000

-3.029263,-2.172058,1.485304,0.000000

-3.029263,-2.172058,1.485304,0.000000

-3.021729,-2.173486,1.485240,0.000000

-3.006660,-2.176338,1.485089,0.000000

-2.999125,-2.177767,1.485007,0.000000

-2.991605,-2.179198,1.484919,0.000000

-2.991605,-2.179198,1.484919,0.000000

-2.984087,-2.180634,1.484858,0.000000

-2.984087,-2.180634,1.484858,0.000000

-2.976568,-2.182071,1.484802,0.000000

-2.961533,-2.184941,1.484663,0.000000

-2.954019,-2.186380,1.484606,0.000000

-2.946506,-2.187830,1.484542,0.000000

-2.946506,-2.187830,1.484542,0.000000

-2.931472,-2.190702,1.484450,0.000000

-2.923961,-2.192171,1.484373,0.000000

-2.908927,-2.195050,1.484287,0.000000

-2.908927,-2.195050,1.484287,0.000000

-2.901402,-2.196514,1.484238,0.000000

-2.886353,-2.199435,1.484160,0.000000

-2.878825,-2.200884,1.484115,0.000000

-2.871282,-2.202362,1.484078,0.000000

-2.871282,-2.202362,1.484078,0.000000

-2.856188,-2.205287,1.483992,0.000000

-2.848642,-2.206755,1.483945,0.000000

-2.841099,-2.208227,1.483909,0.000000

-2.833530,-2.209684,1.483889,0.000000

-2.833530,-2.209684,1.483889,0.000000

-2.818397,-2.212606,1.483845,0.000000

-2.818397,-2.212606,1.483845,0.000000

-2.810832,-2.214075,1.483828,0.000000

-2.803249,-2.215526,1.483828,0.000000

-2.795667,-2.216977,1.483802,0.000000

-2.788084,-2.218421,1.483808,0.000000

-2.788084,-2.218421,1.483808,0.000000

-2.772901,-2.221283,1.483837,0.000000

-2.757707,-2.224142,1.483883,0.000000

-2.757707,-2.224142,1.483883,0.000000

-2.757707,-2.224142,1.483883,0.000000

-2.742493,-2.226962,1.483939,0.000000

-2.734879,-2.228362,1.483974,0.000000

-2.727262,-2.229752,1.484004,0.000000

-2.719653,-2.231164,1.484052,0.000000

-2.719653,-2.231164,1.484052,0.000000

-2.712025,-2.232541,1.484086,0.000000

-2.696775,-2.235322,1.484169,0.000000

-2.689151,-2.236701,1.484210,0.000000

-2.681507,-2.238081,1.484243,0.000000

-2.681507,-2.238081,1.484243,0.000000

-2.666228,-2.240857,1.484377,0.000000

-2.658587,-2.242228,1.484434,0.000000

-2.650943,-2.243613,1.484482,0.000000

-2.643297,-2.244987,1.484564,0.000000

-2.643297,-2.244987,1.484564,0.000000

-2.635653,-2.246358,1.484628,0.000000

-2.620356,-2.249094,1.484773,0.000000

-2.620356,-2.249094,1.484773,0.000000

-2.612700,-2.250447,1.484857,0.000000

-2.605049,-2.251812,1.484938,0.000000

-2.597397,-2.253170,1.485004,0.000000

-2.597397,-2.253170,1.485004,0.000000

-2.589748,-2.254535,1.485075,0.000000

-2.566810,-2.258599,1.485310,0.000000

-2.566810,-2.258599,1.485310,0.000000

-2.559166,-2.259955,1.485362,0.000000

-2.543861,-2.262690,1.485548,0.000000

-2.536210,-2.264056,1.485614,0.000000

-2.528558,-2.265411,1.485695,0.000000

-2.528558,-2.265411,1.485695,0.000000

-2.513237,-2.268141,1.485870,0.000000

-2.505577,-2.269502,1.485939,0.000000

-2.497921,-2.270869,1.486038,0.000000

-2.490262,-2.272210,1.486122,0.000000

-2.490262,-2.272210,1.486122,0.000000

-2.490262,-2.272210,1.486122,0.000000

-2.474951,-2.274893,1.486305,0.000000

-2.467297,-2.276229,1.486406,0.000000

-2.459637,-2.277559,1.486488,0.000000

-2.451980,-2.278895,1.486606,0.000000

-2.451980,-2.278895,1.486606,0.000000

-2.436666,-2.281545,1.486786,0.000000

-2.429007,-2.282865,1.486898,0.000000

-2.421351,-2.284194,1.487026,0.000000

-2.413693,-2.285499,1.487118,0.000000

-2.406041,-2.286829,1.487241,0.000000

-2.406041,-2.286829,1.487241,0.000000

-2.390744,-2.289464,1.487479,0.000000

-2.383099,-2.290780,1.487603,0.000000

-2.375456,-2.292107,1.487727,0.000000

-2.375456,-2.292107,1.487727,0.000000

-2.360174,-2.294738,1.487957,0.000000

-2.352537,-2.296057,1.488077,0.000000

-2.344898,-2.297366,1.488167,0.000000

-2.337266,-2.298697,1.488288,0.000000

-2.337266,-2.298697,1.488288,0.000000

-2.329632,-2.300003,1.488413,0.000000

-2.314371,-2.302637,1.488656,0.000000

-2.306742,-2.303946,1.488785,0.000000

-2.299114,-2.305269,1.488912,0.000000

-2.299114,-2.305269,1.488912,0.000000

-2.283858,-2.307896,1.489170,0.000000

-2.276234,-2.309214,1.489279,0.000000

-2.268622,-2.310548,1.489426,0.000000

-2.261009,-2.311863,1.489560,0.000000

-2.261009,-2.311863,1.489560,0.000000

-2.253400,-2.313186,1.489670,0.000000

-2.238194,-2.315819,1.489941,0.000000

-2.230597,-2.317132,1.490066,0.000000

-2.223002,-2.318448,1.490196,0.000000

-2.223002,-2.318448,1.490196,0.000000

-3.660628,-1.253733,1.483361,0.000000

-3.650124,-1.253631,1.484157,0.000000

-3.639585,-1.253526,1.484939,0.000000

-3.629020,-1.253420,1.485710,0.000000

-3.629020,-1.253420,1.485710,0.000000

-3.608755,-1.253616,1.485443,0.000000

-3.587399,-1.253365,1.486082,0.000000

-3.576663,-1.253210,1.486200,0.000000

-3.572469,-1.251129,1.484598,0.000000

-3.572469,-1.251129,1.484598,0.000000

-3.551005,-1.250926,1.484645,0.000000

-3.529483,-1.250685,1.485198,0.000000

-3.517461,-1.249940,1.484915,0.000000

-3.517461,-1.249940,1.484915,0.000000

-3.496044,-1.249618,1.486654,0.000000

-3.485381,-1.249419,1.487852,0.000000

-3.467134,-1.245748,1.486092,0.000000

-3.456651,-1.245518,1.487635,0.000000

-3.446232,-1.245247,1.489339,0.000000

-3.446232,-1.245247,1.489339,0.000000

-3.417585,-1.241136,1.488053,0.000000

-3.407501,-1.240735,1.490166,0.000000

-3.397515,-1.240279,1.492369,0.000000

-3.397515,-1.240279,1.492369,0.000000

-3.383968,-1.241550,1.494039,0.000000

-3.374358,-1.240828,1.496574,0.000000

-3.364867,-1.240039,1.499126,0.000000

-3.355497,-1.239181,1.501679,0.000000

-3.355497,-1.239181,1.501679,0.000000

-3.343962,-1.239604,1.497926,0.000000

-3.335140,-1.238439,1.500475,0.000000

-3.326451,-1.237198,1.502981,0.000000

-3.312464,-1.233634,1.496138,0.000000

-3.296255,-1.230665,1.500935,0.000000

-3.288355,-1.229063,1.503228,0.000000

-3.280803,-1.227314,1.505491,0.000000

-3.274132,-1.225716,1.500906,0.000000

-3.274132,-1.225716,1.500906,0.000000

-3.259725,-1.221804,1.505018,0.000000

-3.246279,-1.217400,1.508805,0.000000

-3.240552,-1.215423,1.501524,0.000000

-3.234039,-1.213118,1.503287,0.000000

-3.227657,-1.210738,1.504966,0.000000

-3.221619,-1.208169,1.506542,0.000000

-3.210802,-1.203080,1.505850,0.000000

-3.205106,-1.200276,1.507187,0.000000

-3.205106,-1.200276,1.507187,0.000000

-3.185383,-1.193028,1.504456,0.000000

-3.175099,-1.186957,1.506720,0.000000

-3.170139,-1.183823,1.507746,0.000000

-3.165295,-1.180623,1.508703,0.000000

-3.165915,-1.180797,1.505654,0.000000

-3.156896,-1.174008,1.507436,0.000000

-3.148321,-1.166981,1.508978,0.000000

-3.144386,-1.163311,1.509669,0.000000

-3.145970,-1.163748,1.506790,0.000000

-3.145970,-1.163748,1.506790,0.000000

-3.142104,-1.160004,1.507446,0.000000

-3.138341,-1.156206,1.508050,0.000000

-3.130052,-1.148041,1.507451,0.000000

-3.126695,-1.143999,1.507941,0.000000

-3.126695,-1.143999,1.507941,0.000000

-3.123432,-1.139907,1.508388,0.000000

-3.115731,-1.131112,1.507935,0.000000

-3.112858,-1.126822,1.508289,0.000000

-3.110066,-1.122481,1.508606,0.000000

-3.107358,-1.118096,1.508920,0.000000

-3.092841,-1.106774,1.508861,0.000000

-3.090537,-1.102247,1.509143,0.000000

-3.088306,-1.097677,1.509398,0.000000

-3.088306,-1.097677,1.509398,0.000000

-3.084842,-1.092693,1.508842,0.000000

-3.080898,-1.083254,1.509357,0.000000

-3.079027,-1.078473,1.509590,0.000000

-3.077287,-1.073608,1.509817,0.000000

-3.078460,-1.073874,1.508922,0.000000

-3.075077,-1.064008,1.509340,0.000000

-3.073480,-1.059020,1.509522,0.000000

-3.071942,-1.053997,1.509685,0.000000

-3.065063,-1.047720,1.509198,0.000000

-3.062449,-1.037457,1.509551,0.000000

-3.061220,-1.032272,1.509703,0.000000

-3.053378,-1.025627,1.509400,0.000000

-3.052286,-1.020332,1.509565,0.000000

-3.052286,-1.020332,1.509565,0.000000

-3.051245,-1.015005,1.509716,0.000000

-3.048242,-1.004000,1.509581,0.000000

-3.047370,-0.998539,1.509720,0.000000

-3.046543,-0.993047,1.509848,0.000000

-3.045756,-0.987523,1.509965,0.000000

-3.045756,-0.987523,1.509965,0.000000

-3.043192,-0.976076,1.509955,0.000000

-3.041960,-0.964738,1.510169,0.000000

-3.041960,-0.964738,1.510169,0.000000

-3.041651,-0.953347,1.509918,0.000000

-3.041165,-0.947539,1.510026,0.000000

-3.040717,-0.941703,1.510124,0.000000

-3.040330,-0.935798,1.510241,0.000000

-3.040128,-0.935761,1.510017,0.000000

-3.039430,-0.923871,1.510225,0.000000

-3.039126,-0.917887,1.510312,0.000000

-3.038873,-0.911825,1.510396,0.000000

-3.040842,-0.906133,1.510159,0.000000

-3.040842,-0.906133,1.510159,0.000000

-3.040625,-0.900018,1.510228,0.000000

-3.040255,-0.887677,1.510353,0.000000

-3.038944,-0.881247,1.510238,0.000000

-3.038820,-0.875001,1.510289,0.000000

-3.038722,-0.868732,1.510361,0.000000

-3.038722,-0.868732,1.510361,0.000000

-3.044808,-0.857178,1.510324,0.000000

-3.044580,-0.844365,1.510467,0.000000

-3.044580,-0.844365,1.510467,0.000000

-3.043347,-0.831239,1.510421,0.000000

-3.043231,-0.818179,1.510510,0.000000

-3.043207,-0.811623,1.510544,0.000000

-3.043207,-0.811623,1.510544,0.000000

-1.911201,-2.048475,1.505946,0.000000

-1.912354,-2.043257,1.505938,0.000000

-1.913521,-2.038023,1.505965,0.000000

-1.914682,-2.032753,1.505961,0.000000

-1.914682,-2.032753,1.505961,0.000000

-1.917047,-2.022128,1.506017,0.000000

-1.918272,-2.016789,1.506086,0.000000

-1.919505,-2.011397,1.506189,0.000000

-1.920763,-2.005978,1.506325,0.000000

-1.922040,-2.000536,1.506487,0.000000

-1.924594,-1.989607,1.506955,0.000000

-1.925851,-1.984123,1.507218,0.000000

-1.927092,-1.978640,1.507515,0.000000

-1.928309,-1.973174,1.507815,0.000000

-1.928309,-1.973174,1.507815,0.000000

-1.930577,-1.962241,1.508471,0.000000

-1.931648,-1.956817,1.508817,0.000000

-1.932670,-1.951429,1.509164,0.000000

-1.932670,-1.951429,1.509164,0.000000

-1.933606,-1.946070,1.509520,0.000000

-1.935292,-1.935497,1.510241,0.000000

-1.936031,-1.930288,1.510586,0.000000

-1.936696,-1.925142,1.510915,0.000000

-1.936696,-1.925142,1.510915,0.000000

-1.938036,-1.910171,1.511941,0.000000

-1.938312,-1.905316,1.512229,0.000000

-1.938416,-1.900585,1.512557,0.000000

-1.938416,-1.900585,1.512557,0.000000

-1.938363,-1.891395,1.513133,0.000000

-1.938193,-1.886907,1.513388,0.000000

-1.937815,-1.882596,1.513633,0.000000

-1.937342,-1.878362,1.513873,0.000000

-1.937342,-1.878362,1.513873,0.000000

-1.936780,-1.874225,1.514094,0.000000

-1.936780,-1.874225,1.514094,0.000000

-1.935217,-1.866317,1.514481,0.000000

-1.933135,-1.858880,1.514787,0.000000

-1.933135,-1.858880,1.514787,0.000000

-1.930519,-1.851929,1.515031,0.000000

-1.928989,-1.848644,1.515131,0.000000

-1.927376,-1.845453,1.515235,0.000000

-1.925675,-1.842345,1.515316,0.000000

-1.925675,-1.842345,1.515316,0.000000

-1.921658,-1.836681,1.515419,0.000000

-1.919525,-1.833965,1.515465,0.000000

-1.914834,-1.828931,1.515493,0.000000

-1.914834,-1.828931,1.515493,0.000000

-1.912280,-1.826611,1.515491,0.000000

-1.906953,-1.822193,1.515480,0.000000

-1.906953,-1.822193,1.515480,0.000000

-1.903997,-1.820216,1.515437,0.000000

-1.900979,-1.818324,1.515396,0.000000

-1.897894,-1.816501,1.515350,0.000000

-1.894740,-1.814737,1.515300,0.000000

-1.894740,-1.814737,1.515300,0.000000

-1.884604,-1.810109,1.515096,0.000000

-1.884604,-1.810109,1.515096,0.000000

-1.881052,-1.808727,1.515033,0.000000

-1.873654,-1.806281,1.514845,0.000000

-1.869806,-1.805198,1.514759,0.000000

-1.865903,-1.804167,1.514681,0.000000

-1.865903,-1.804167,1.514681,0.000000

-1.861954,-1.803204,1.514587,0.000000

-1.853653,-1.801638,1.514396,0.000000

-1.849431,-1.800926,1.514318,0.000000

-1.845166,-1.800269,1.514226,0.000000

-1.845166,-1.800269,1.514226,0.000000

-1.831737,-1.798861,1.513943,0.000000

-1.827177,-1.798475,1.513853,0.000000

-1.822455,-1.798218,1.513763,0.000000

-1.822455,-1.798218,1.513763,0.000000

-1.812906,-1.797841,1.513590,0.000000

-1.808075,-1.797708,1.513499,0.000000

-1.803082,-1.797683,1.513411,0.000000

-1.798059,-1.797704,1.513324,0.000000

-1.798059,-1.797704,1.513324,0.000000

-1.787916,-1.797851,1.513147,0.000000

-1.777437,-1.798257,1.512968,0.000000

-1.772153,-1.798501,1.512875,0.000000

-1.772153,-1.798501,1.512875,0.000000

-1.766849,-1.798798,1.512798,0.000000

-1.755953,-1.799554,1.512617,0.000000

-1.750468,-1.799977,1.512523,0.000000

-1.744960,-1.800438,1.512446,0.000000

-1.744960,-1.800438,1.512446,0.000000

-1.733790,-1.801473,1.512293,0.000000

-1.728136,-1.802059,1.512199,0.000000

-1.722455,-1.802662,1.512151,0.000000

-1.716758,-1.803305,1.512069,0.000000

-1.705138,-1.804741,1.511942,0.000000

-1.699298,-1.805491,1.511855,0.000000

-1.693440,-1.806272,1.511814,0.000000

-1.687501,-1.807107,1.511728,0.000000

-1.687501,-1.807107,1.511728,0.000000

-1.675578,-1.808867,1.511565,0.000000

-1.675578,-1.808867,1.511565,0.000000

-1.657449,-1.811756,1.511352,0.000000

-1.657449,-1.811756,1.511352,0.000000

-1.651358,-1.812779,1.511249,0.000000

-1.639066,-1.814929,1.511091,0.000000

-1.632869,-1.816062,1.511001,0.000000

-1.626657,-1.817207,1.510898,0.000000

-1.626657,-1.817207,1.510898,0.000000

-1.607819,-1.820854,1.510653,0.000000

-1.601492,-1.822118,1.510555,0.000000

-1.595156,-1.823397,1.510469,0.000000

-1.595156,-1.823397,1.510469,0.000000

-1.582333,-1.826118,1.510315,0.000000

-1.575909,-1.827504,1.510206,0.000000

-1.569471,-1.828894,1.510119,0.000000

-1.562968,-1.830349,1.510045,0.000000

-1.562968,-1.830349,1.510045,0.000000

-1.549935,-1.833293,1.509876,0.000000

-1.536866,-1.836270,1.509723,0.000000

-1.530275,-1.837839,1.509638,0.000000

-1.530275,-1.837839,1.509638,0.000000

-1.517058,-1.840971,1.509488,0.000000

-1.510442,-1.842560,1.509413,0.000000

-1.503771,-1.844209,1.509357,0.000000

-1.497090,-1.845854,1.509282,0.000000

-1.490407,-1.847517,1.509212,0.000000

-1.490407,-1.847517,1.509212,0.000000

-1.470217,-1.852599,1.508994,0.000000

-1.463459,-1.854321,1.508921,0.000000

-1.463459,-1.854321,1.508921,0.000000

-1.449890,-1.857813,1.508785,0.000000

-1.443076,-1.859580,1.508722,0.000000

-1.436257,-1.861350,1.508675,0.000000

-1.429435,-1.863123,1.508620,0.000000

-1.429435,-1.863123,1.508620,0.000000

-1.415692,-1.866728,1.508504,0.000000

-1.401944,-1.870366,1.508366,0.000000

-1.395023,-1.872211,1.508322,0.000000

-1.395023,-1.872211,1.508322,0.000000

-1.395023,-1.872211,1.508322,0.000000

-1.381180,-1.875927,1.508216,0.000000

-1.367281,-1.879675,1.508158,0.000000

-1.367281,-1.879675,1.508158,0.000000

-1.360304,-1.881555,1.508104,0.000000

-1.346352,-1.885344,1.508030,0.000000

-1.339324,-1.887259,1.507983,0.000000

-1.332293,-1.889161,1.507974,0.000000

-1.325267,-1.891087,1.507927,0.000000

-1.318240,-1.893013,1.507878,0.000000

-1.318240,-1.893013,1.507878,0.000000

-1.304153,-1.896879,1.507824,0.000000

-1.297094,-1.898816,1.507773,0.000000

-1.290039,-1.900768,1.507766,0.000000

-1.282982,-1.902717,1.507739,0.000000

-1.282982,-1.902717,1.507739,0.000000

-1.261761,-1.908625,1.507649,0.000000

-1.254688,-1.910598,1.507586,0.000000

-1.254688,-1.910598,1.507586,0.000000

-1.247608,-1.912592,1.507563,0.000000

-1.226353,-1.918540,1.507482,0.000000

-1.219274,-1.920538,1.507467,0.000000

-1.219274,-1.920538,1.507467,0.000000

-1.212194,-1.922534,1.507436,0.000000

-1.190979,-1.928550,1.507352,0.000000

-1.190979,-1.928550,1.507352,0.000000

-1.183912,-1.930544,1.507347,0.000000

-1.176845,-1.932542,1.507316,0.000000

-1.162719,-1.936555,1.507244,0.000000

-1.155654,-1.938556,1.507237,0.000000

-1.148595,-1.940573,1.507188,0.000000

-1.141530,-1.942573,1.507178,0.000000

-1.141530,-1.942573,1.507178,0.000000

-1.120346,-1.948585,1.507075,0.000000

-1.113286,-1.950588,1.507041,0.000000

-1.113286,-1.950588,1.507041,0.000000

-1.106216,-1.952595,1.507004,0.000000

-1.092073,-1.956596,1.506947,0.000000

-1.085004,-1.958601,1.506916,0.000000

-1.077933,-1.960603,1.506902,0.000000

-1.077933,-1.960603,1.506902,0.000000

-1.063789,-1.964619,1.506837,0.000000

-1.056716,-1.966624,1.506774,0.000000

-1.049646,-1.968640,1.506733,0.000000

-1.042562,-1.970639,1.506698,0.000000

-1.028407,-1.974673,1.506602,0.000000

-1.021328,-1.976687,1.506565,0.000000

-1.014228,-1.978688,1.506522,0.000000

-1.007136,-1.980714,1.506462,0.000000

-1.007136,-1.980714,1.506462,0.000000

-1.000041,-1.982729,1.506404,0.000000

-0.985825,-1.986770,1.506310,0.000000

-0.978711,-1.988811,1.506263,0.000000

-0.971595,-1.990844,1.506198,0.000000

-0.971595,-1.990844,1.506198,0.000000

-0.964478,-1.992871,1.506157,0.000000

-0.950199,-1.996976,1.506043,0.000000

-0.943062,-1.999031,1.506012,0.000000

-0.935922,-2.001077,1.505974,0.000000

-0.921596,-2.005223,1.505880,0.000000

-0.914435,-2.007301,1.505823,0.000000

-0.907273,-2.009368,1.505772,0.000000

-0.900081,-2.011472,1.505738,0.000000

-0.900081,-2.011472,1.505738,0.000000

-0.885699,-2.015668,1.505661,0.000000

-0.878508,-2.017757,1.505627,0.000000

-0.871300,-2.019879,1.505597,0.000000

-0.864093,-2.021996,1.505571,0.000000

-0.864093,-2.021996,1.505571,0.000000

-0.849682,-2.026225,1.505511,0.000000

-0.842476,-2.028330,1.505459,0.000000

-0.835235,-2.030463,1.505414,0.000000

-0.827992,-2.032586,1.505397,0.000000

-0.820753,-2.034709,1.505356,0.000000

-0.820753,-2.034709,1.505356,0.000000

-0.806254,-2.038962,1.505290,0.000000

-0.798995,-2.041088,1.505288,0.000000

-0.791736,-2.043209,1.505232,0.000000

-0.777204,-2.047443,1.505170,0.000000

-0.769926,-2.049543,1.505142,0.000000

-0.762656,-2.051661,1.505123,0.000000

-0.755385,-2.053770,1.505104,0.000000

-0.755385,-2.053770,1.505104,0.000000

-0.748111,-2.055875,1.505058,0.000000

-0.726297,-2.062172,1.504993,0.000000

-0.719026,-2.064275,1.504970,0.000000

-0.719026,-2.064275,1.504970,0.000000

-0.711749,-2.066354,1.504946,0.000000

-0.697204,-2.070524,1.504905,0.000000

-0.689908,-2.072597,1.504892,0.000000

-0.682615,-2.074671,1.504884,0.000000

-0.682615,-2.074671,1.504884,0.000000

-0.660728,-2.080887,1.504850,0.000000

-0.653424,-2.082958,1.504840,0.000000

-0.646121,-2.085019,1.504852,0.000000

-0.646121,-2.085019,1.504852,0.000000

-0.638824,-2.087091,1.504819,0.000000

-0.624230,-2.091193,1.504838,0.000000

-0.616932,-2.093227,1.504841,0.000000

-0.609645,-2.095290,1.504817,0.000000

-0.609645,-2.095290,1.504817,0.000000

-0.602354,-2.097333,1.504821,0.000000

-0.587784,-2.101387,1.504820,0.000000

-0.580502,-2.103413,1.504825,0.000000

-0.573225,-2.105448,1.504815,0.000000

-0.558678,-2.109465,1.504844,0.000000

-0.551414,-2.111493,1.504833,0.000000

-0.544141,-2.113491,1.504860,0.000000

-0.536881,-2.115494,1.504841,0.000000

-0.536881,-2.115494,1.504841,0.000000

-0.522361,-2.119489,1.504873,0.000000

-0.515105,-2.121490,1.504845,0.000000

-0.507836,-2.123469,1.504856,0.000000

-0.500576,-2.125463,1.504859,0.000000

-0.493307,-2.127429,1.504877,0.000000

-0.486044,-2.129410,1.504887,0.000000

-0.471505,-2.133363,1.504858,0.000000

-0.464245,-2.135365,1.504857,0.000000

-0.464245,-2.135365,1.504857,0.000000

-0.456975,-2.137328,1.504838,0.000000

-0.442404,-2.141271,1.504776,0.000000

-0.435117,-2.143229,1.504752,0.000000

-0.427839,-2.145209,1.504745,0.000000

-0.427839,-2.145209,1.504745,0.000000

-0.413216,-2.149121,1.504639,0.000000

-0.405910,-2.151088,1.504574,0.000000

-0.398602,-2.153039,1.504533,0.000000

-0.391273,-2.155003,1.504483,0.000000

-0.391273,-2.155003,1.504483,0.000000

-0.376609,-2.158882,1.504360,0.000000

-0.361962,-2.162786,1.504240,0.000000

-0.354629,-2.164714,1.504172,0.000000

-0.354629,-2.164714,1.504172,0.000000

-0.339978,-2.168605,1.504014,0.000000

-0.339978,-2.168605,1.504014,0.000000

-0.325303,-2.172472,1.503898,0.000000

-0.317963,-2.174429,1.503829,0.000000

-0.310616,-2.176353,1.503785,0.000000

-0.310616,-2.176353,1.503785,0.000000

-0.295918,-2.180258,1.503634,0.000000

-0.288558,-2.182197,1.503604,0.000000

-0.281205,-2.184157,1.503543,0.000000

-0.273852,-2.186110,1.503472,0.000000

-0.273852,-2.186110,1.503472,0.000000

-0.259110,-2.190044,1.503380,0.000000

-0.244377,-2.193964,1.503266,0.000000

-0.244377,-2.193964,1.503266,0.000000

-0.229632,-2.197899,1.503182,0.000000

-0.222264,-2.199871,1.503170,0.000000

-0.214897,-2.201833,1.503093,0.000000

-0.207525,-2.203804,1.503094,0.000000

-0.207525,-2.203804,1.503094,0.000000

-0.200158,-2.205775,1.503030,0.000000

-0.185431,-2.209725,1.502945,0.000000

-0.178058,-2.211692,1.502947,0.000000

-0.170691,-2.213675,1.502896,0.000000

-0.170691,-2.213675,1.502896,0.000000

-0.155956,-2.217611,1.502840,0.000000

-0.148608,-2.219575,1.502794,0.000000

-0.141260,-2.221536,1.502741,0.000000

-0.133915,-2.223498,1.502725,0.000000

-0.126572,-2.225461,1.502663,0.000000

-0.111914,-2.229393,1.502630,0.000000

-0.111914,-2.229393,1.502630,0.000000

-0.097285,-2.233329,1.502533,0.000000

-0.097285,-2.233329,1.502533,0.000000

-0.082686,-2.237267,1.502457,0.000000

-0.075402,-2.239240,1.502414,0.000000

-0.068122,-2.241224,1.502372,0.000000

-0.060839,-2.243197,1.502353,0.000000

-0.060839,-2.243197,1.502353,0.000000

-0.046300,-2.247135,1.502245,0.000000

-0.039030,-2.249099,1.502198,0.000000

-0.031764,-2.251076,1.502169,0.000000

-0.024525,-2.253053,1.502112,0.000000

-0.024525,-2.253053,1.502112,0.000000

-0.010046,-2.257005,1.502044,0.000000

-0.002803,-2.258969,1.502011,0.000000

0.004426,-2.260936,1.501953,0.000000

0.011652,-2.262910,1.501920,0.000000

0.011652,-2.262910,1.501920,0.000000

0.026107,-2.266850,1.501831,0.000000

0.033329,-2.268829,1.501779,0.000000

0.040554,-2.270803,1.501781,0.000000

0.047779,-2.272774,1.501759,0.000000

0.055001,-2.274754,1.501725,0.000000

0.055001,-2.274754,1.501725,0.000000

0.076729,-2.280679,1.501619,0.000000

0.083970,-2.282663,1.501615,0.000000

0.083970,-2.282663,1.501615,0.000000

0.098461,-2.286643,1.501576,0.000000

0.105706,-2.288635,1.501553,0.000000

0.112953,-2.290620,1.501530,0.000000

0.120200,-2.292603,1.501478,0.000000

0.120200,-2.292603,1.501478,0.000000

0.134680,-2.296562,1.501417,0.000000

0.141917,-2.298555,1.501426,0.000000

0.149158,-2.300535,1.501405,0.000000

0.156407,-2.302522,1.501351,0.000000

0.156407,-2.302522,1.501351,0.000000

0.170909,-2.306490,1.501315,0.000000

0.178160,-2.308479,1.501297,0.000000

0.185415,-2.310462,1.501233,0.000000

0.192670,-2.312451,1.501230,0.000000

0.199926,-2.314435,1.501177,0.000000

0.214435,-2.318385,1.501148,0.000000

0.221681,-2.320370,1.501101,0.000000

0.228927,-2.322355,1.501104,0.000000

0.228927,-2.322355,1.501104,0.000000

0.236175,-2.324336,1.501041,0.000000

0.250643,-2.328275,1.500981,0.000000

0.257876,-2.330250,1.500976,0.000000

0.265110,-2.332228,1.500960,0.000000

0.265110,-2.332228,1.500960,0.000000

0.265110,-2.332228,1.500960,0.000000

0.279558,-2.336135,1.500912,0.000000

0.294007,-2.340057,1.500853,0.000000

0.294007,-2.340057,1.500853,0.000000

0.301218,-2.342000,1.500821,0.000000

0.315637,-2.345900,1.500785,0.000000

0.322852,-2.347835,1.500759,0.000000

0.330041,-2.349798,1.500700,0.000000

0.337235,-2.351751,1.500691,0.000000

0.344437,-2.353680,1.500682,0.000000

0.351633,-2.355632,1.500668,0.000000

0.351633,-2.355632,1.500668,0.000000

0.366023,-2.359487,1.500585,0.000000

0.373207,-2.361428,1.500540,0.000000

0.380394,-2.363362,1.500551,0.000000

0.380394,-2.363362,1.500551,0.000000

0.394772,-2.367188,1.500479,0.000000

0.401963,-2.369084,1.500451,0.000000

0.409155,-2.370978,1.500454,0.000000

0.416348,-2.372878,1.500415,0.000000

0.430712,-2.376628,1.500352,0.000000

0.437896,-2.378506,1.500335,0.000000

0.445087,-2.380364,1.500336,0.000000

0.445087,-2.380364,1.500336,0.000000

0.459459,-2.384074,1.500265,0.000000

0.466651,-2.385918,1.500245,0.000000

0.473846,-2.387757,1.500219,0.000000

0.481024,-2.389588,1.500200,0.000000

0.481024,-2.389588,1.500200,0.000000

0.495394,-2.393224,1.500123,0.000000

0.502577,-2.395053,1.500097,0.000000

0.509753,-2.396849,1.500064,0.000000

0.516928,-2.398658,1.500033,0.000000

0.516928,-2.398658,1.500033,0.000000

0.516928,-2.398658,1.500033,0.000000

0.524110,-2.400443,1.500006,0.000000

0.538469,-2.404028,1.499957,0.000000

0.545658,-2.405780,1.499949,0.000000

0.552842,-2.407554,1.499911,0.000000

0.560029,-2.409328,1.499900,0.000000

0.560029,-2.409328,1.499900,0.000000

0.574406,-2.412817,1.499832,0.000000

0.581601,-2.414546,1.499779,0.000000

0.588795,-2.416291,1.499764,0.000000

0.588795,-2.416291,1.499764,0.000000

0.603180,-2.419729,1.499703,0.000000

0.610363,-2.421451,1.499668,0.000000

0.617552,-2.423161,1.499661,0.000000

0.624743,-2.424871,1.499604,0.000000

0.624743,-2.424871,1.499604,0.000000

0.631913,-2.426557,1.499588,0.000000

0.646263,-2.429917,1.499524,0.000000

0.653445,-2.431587,1.499520,0.000000

0.660598,-2.433267,1.499471,0.000000

0.660598,-2.433267,1.499471,0.000000

0.660598,-2.433267,1.499471,0.000000

0.674921,-2.436600,1.499417,0.000000

0.682090,-2.438252,1.499399,0.000000

0.689244,-2.439919,1.499393,0.000000

0.696402,-2.441580,1.499363,0.000000

0.696402,-2.441580,1.499363,0.000000

0.703569,-2.443219,1.499341,0.000000

0.717882,-2.446533,1.499287,0.000000

0.725039,-2.448164,1.499318,0.000000

0.732195,-2.449815,1.499269,0.000000

0.732195,-2.449815,1.499269,0.000000

0.746489,-2.453094,1.499239,0.000000

0.753625,-2.454736,1.499220,0.000000

0.760760,-2.456391,1.499202,0.000000

0.767903,-2.458025,1.499205,0.000000

0.767903,-2.458025,1.499205,0.000000

0.767903,-2.458025,1.499205,0.000000

0.782160,-2.461309,1.499170,0.000000

0.789292,-2.462954,1.499176,0.000000

0.803560,-2.466202,1.499169,0.000000

0.803560,-2.466202,1.499169,0.000000

0.817812,-2.469491,1.499131,0.000000

0.824951,-2.471104,1.499126,0.000000

0.832086,-2.472748,1.499121,0.000000

0.839213,-2.474386,1.499127,0.000000

0.839213,-2.474386,1.499127,0.000000

0.853477,-2.477663,1.499091,0.000000

0.860615,-2.479294,1.499116,0.000000

0.867754,-2.480955,1.499053,0.000000

0.874900,-2.482589,1.499086,0.000000

0.882045,-2.484244,1.499062,0.000000

0.882045,-2.484244,1.499062,0.000000

0.896328,-2.487539,1.499083,0.000000

0.903462,-2.489196,1.499084,0.000000

0.910605,-2.490828,1.499066,0.000000

0.910605,-2.490828,1.499066,0.000000

0.924857,-2.494130,1.499070,0.000000

0.931967,-2.495799,1.499054,0.000000

0.946210,-2.499089,1.499054,0.000000

0.946210,-2.499089,1.499054,0.000000

0.960434,-2.502415,1.499065,0.000000

0.967552,-2.504076,1.499080,0.000000

0.974676,-2.505729,1.499089,0.000000

0.981783,-2.507395,1.499074,0.000000

0.981783,-2.507395,1.499074,0.000000

0.996015,-2.510703,1.499070,0.000000

1.003134,-2.512362,1.499086,0.000000

1.010252,-2.514022,1.499106,0.000000

1.017379,-2.515661,1.499107,0.000000

1.017379,-2.515661,1.499107,0.000000

1.031637,-2.518964,1.499133,0.000000

1.038766,-2.520612,1.499114,0.000000

1.045901,-2.522248,1.499127,0.000000

1.053039,-2.523885,1.499133,0.000000

1.060181,-2.525519,1.499137,0.000000

1.060181,-2.525519,1.499137,0.000000

1.081580,-2.530413,1.499121,0.000000

1.081580,-2.530413,1.499121,0.000000

1.088718,-2.532022,1.499111,0.000000

1.088718,-2.532022,1.499111,0.000000

1.102992,-2.535261,1.499089,0.000000

1.110134,-2.536867,1.499104,0.000000

1.124429,-2.540074,1.499091,0.000000

1.124429,-2.540074,1.499091,0.000000

1.138694,-2.543253,1.499047,0.000000

1.145836,-2.544826,1.499026,0.000000

1.152982,-2.546397,1.499018,0.000000

1.160104,-2.547981,1.499015,0.000000

1.160104,-2.547981,1.499015,0.000000

1.174368,-2.551106,1.498991,0.000000

1.181505,-2.552672,1.498971,0.000000

1.188657,-2.554215,1.498941,0.000000

1.195813,-2.555752,1.498925,0.000000

1.210133,-2.558844,1.498868,0.000000

1.217299,-2.560373,1.498827,0.000000

1.217299,-2.560373,1.498827,0.000000

1.231647,-2.563407,1.498752,0.000000

1.238819,-2.564952,1.498718,0.000000

1.238819,-2.564952,1.498718,0.000000

1.253178,-2.567977,1.498670,0.000000

1.260364,-2.569481,1.498664,0.000000

1.267551,-2.570995,1.498615,0.000000

1.281930,-2.574011,1.498537,0.000000

1.289128,-2.575504,1.498515,0.000000

1.296324,-2.577016,1.498497,0.000000

1.303525,-2.578517,1.498450,0.000000

1.303525,-2.578517,1.498450,0.000000

1.310731,-2.580030,1.498409,0.000000

1.325162,-2.583013,1.498290,0.000000

1.332379,-2.584517,1.498298,0.000000

1.339608,-2.585999,1.498239,0.000000

1.354064,-2.589012,1.498154,0.000000

1.361302,-2.590495,1.498141,0.000000

1.368553,-2.591983,1.498120,0.000000

1.375805,-2.593476,1.498043,0.000000

1.375805,-2.593476,1.498043,0.000000

1.383066,-2.594944,1.498001,0.000000

1.397593,-2.597928,1.497911,0.000000

1.404867,-2.599407,1.497869,0.000000

1.412148,-2.600864,1.497806,0.000000

1.412148,-2.600864,1.497806,0.000000

1.419427,-2.602338,1.497802,0.000000

1.419427,-2.602338,1.497802,0.000000

1.434019,-2.605270,1.497688,0.000000

1.441320,-2.606721,1.497699,0.000000

1.448624,-2.608175,1.497609,0.000000

1.448624,-2.608175,1.497609,0.000000

1.455941,-2.609643,1.497606,0.000000

1.470590,-2.612529,1.497548,0.000000

1.477914,-2.613985,1.497493,0.000000

1.485254,-2.615420,1.497419,0.000000

1.485254,-2.615420,1.497419,0.000000

1.499937,-2.618300,1.497400,0.000000

1.507280,-2.619743,1.497374,0.000000

1.514632,-2.621161,1.497365,0.000000

1.521989,-2.622561,1.497381,0.000000

1.521989,-2.622561,1.497381,0.000000

1.529341,-2.623989,1.497313,0.000000

1.536694,-2.625419,1.497304,0.000000

1.536694,-2.625419,1.497304,0.000000

1.551420,-2.628237,1.497310,0.000000

1.558785,-2.629664,1.497287,0.000000

1.566158,-2.631060,1.497267,0.000000

1.580910,-2.633892,1.497268,0.000000

1.588293,-2.635314,1.497289,0.000000

1.595681,-2.636713,1.497258,0.000000

1.595681,-2.636713,1.497258,0.000000

1.610474,-2.639528,1.497311,0.000000

1.617879,-2.640937,1.497301,0.000000

1.625285,-2.642347,1.497329,0.000000

1.632697,-2.643735,1.497311,0.000000

1.632697,-2.643735,1.497311,0.000000

1.647532,-2.646528,1.497347,0.000000

1.654955,-2.647905,1.497341,0.000000

1.662372,-2.649312,1.497358,0.000000

1.669794,-2.650666,1.497372,0.000000

1.669794,-2.650666,1.497372,0.000000

1.684632,-2.653424,1.497405,0.000000

1.692054,-2.654796,1.497425,0.000000

1.699486,-2.656149,1.497441,0.000000

1.706923,-2.657482,1.497472,0.000000

1.706923,-2.657482,1.497472,0.000000

1.721786,-2.660205,1.497494,0.000000

1.729240,-2.661545,1.497516,0.000000

1.744145,-2.664244,1.497542,0.000000

1.744145,-2.664244,1.497542,0.000000

1.751601,-2.665579,1.497566,0.000000

1.766552,-2.668285,1.497601,0.000000

1.774032,-2.669618,1.497612,0.000000

1.781509,-2.670960,1.497651,0.000000

1.781509,-2.670960,1.497651,0.000000

1.796470,-2.673656,1.497696,0.000000

1.803951,-2.675016,1.497708,0.000000

1.811441,-2.676334,1.497762,0.000000

1.811441,-2.676334,1.497762,0.000000

1.818919,-2.677702,1.497782,0.000000

1.833904,-2.680398,1.497839,0.000000

1.833904,-2.680398,1.497839,0.000000

1.841407,-2.681690,1.497896,0.000000

1.848895,-2.683055,1.497924,0.000000

1.856406,-2.684369,1.497934,0.000000

1.856406,-2.684369,1.497934,0.000000

1.878926,-2.688340,1.498047,0.000000

1.886445,-2.689665,1.498051,0.000000

1.893966,-2.690968,1.498069,0.000000

1.893966,-2.690968,1.498069,0.000000

1.901489,-2.692258,1.498127,0.000000

1.916547,-2.694880,1.498155,0.000000

1.924091,-2.696162,1.498229,0.000000

1.931631,-2.697461,1.498260,0.000000

1.931631,-2.697461,1.498260,0.000000

1.939172,-2.698739,1.498257,0.000000

1.954292,-2.701298,1.498327,0.000000

1.961854,-2.702553,1.498378,0.000000

1.969406,-2.703848,1.498380,0.000000

1.976983,-2.705124,1.498392,0.000000

1.976983,-2.705124,1.498392,0.000000

1.992133,-2.707654,1.498462,0.000000

1.999702,-2.708931,1.498471,0.000000

2.007301,-2.710185,1.498528,0.000000

2.007301,-2.710185,1.498528,0.000000

2.022482,-2.712735,1.498554,0.000000

2.037654,-2.715271,1.498629,0.000000

2.045258,-2.716540,1.498687,0.000000

2.045258,-2.716540,1.498687,0.000000

2.060461,-2.719070,1.498695,0.000000

2.068059,-2.720327,1.498726,0.000000

2.075675,-2.721585,1.498717,0.000000

2.083283,-2.722859,1.498806,0.000000

2.083283,-2.722859,1.498806,0.000000

2.090898,-2.724082,1.498808,0.000000

2.090898,-2.724082,1.498808,0.000000

2.106113,-2.726621,1.498876,0.000000

2.113726,-2.727872,1.498913,0.000000

2.121337,-2.729111,1.498927,0.000000

2.121337,-2.729111,1.498927,0.000000

2.136568,-2.731624,1.498968,0.000000

2.144193,-2.732867,1.499000,0.000000

2.151816,-2.734101,1.499001,0.000000

2.159435,-2.735333,1.499065,0.000000

2.159435,-2.735333,1.499065,0.000000

2.174707,-2.737777,1.499134,0.000000

2.182328,-2.739047,1.499128,0.000000

2.189959,-2.740243,1.499178,0.000000

2.197590,-2.741454,1.499220,0.000000

2.197590,-2.741454,1.499220,0.000000

2.212837,-2.743893,1.499286,0.000000

2.220454,-2.745121,1.499315,0.000000

2.228087,-2.746325,1.499327,0.000000

2.235714,-2.747539,1.499328,0.000000

2.235714,-2.747539,1.499328,0.000000

2.250956,-2.749970,1.499393,0.000000

2.250956,-2.749970,1.499393,0.000000

2.266220,-2.752347,1.499486,0.000000

2.273838,-2.753573,1.499491,0.000000

2.273838,-2.753573,1.499491,0.000000

2.281460,-2.754756,1.499522,0.000000

2.296700,-2.757143,1.499579,0.000000

2.304316,-2.758356,1.499588,0.000000

2.311929,-2.759558,1.499601,0.000000

2.311929,-2.759558,1.499601,0.000000

2.327152,-2.761949,1.499690,0.000000

2.334765,-2.763116,1.499693,0.000000

2.342372,-2.764295,1.499707,0.000000

2.349977,-2.765467,1.499724,0.000000

2.349977,-2.765467,1.499724,0.000000

2.357579,-2.766665,1.499768,0.000000

2.372785,-2.768985,1.499777,0.000000

2.380385,-2.770131,1.499809,0.000000

2.387990,-2.771283,1.499829,0.000000

2.387990,-2.771283,1.499829,0.000000

2.395591,-2.772436,1.499844,0.000000

2.410794,-2.774704,1.499874,0.000000

2.418391,-2.775865,1.499909,0.000000

2.425997,-2.776963,1.499912,0.000000

2.425997,-2.776963,1.499912,0.000000

2.433594,-2.778090,1.499927,0.000000

2.448786,-2.780299,1.499919,0.000000

2.456373,-2.781424,1.499949,0.000000

2.463964,-2.782500,1.499923,0.000000

2.471549,-2.783607,1.499986,0.000000

2.471549,-2.783607,1.499986,0.000000

2.471549,-2.783607,1.499986,0.000000

2.494311,-2.786836,1.499983,0.000000

2.501894,-2.787903,1.499990,0.000000

2.501894,-2.787903,1.499990,0.000000

2.509476,-2.788982,1.500000,0.000000

2.524642,-2.791080,1.500022,0.000000

2.524642,-2.791080,1.500022,0.000000

2.539791,-2.793215,1.500042,0.000000

2.539791,-2.793215,1.500042,0.000000

2.547362,-2.794267,1.500030,0.000000

2.562503,-2.796340,1.500026,0.000000

2.570067,-2.797394,1.500026,0.000000

2.577643,-2.798419,1.500010,0.000000

2.577643,-2.798419,1.500010,0.000000

2.592788,-2.800473,1.500067,0.000000

2.592788,-2.800473,1.500067,0.000000

2.600353,-2.801530,1.500069,0.000000

2.607940,-2.802553,1.500064,0.000000

2.615521,-2.803592,1.500088,0.000000

2.623100,-2.804629,1.500082,0.000000

2.638276,-2.806720,1.500076,0.000000

2.638276,-2.806720,1.500076,0.000000

2.645876,-2.807756,1.500084,0.000000

2.653474,-2.808786,1.500106,0.000000

2.653474,-2.808786,1.500106,0.000000

2.668688,-2.810877,1.500069,0.000000

2.683928,-2.812930,1.500045,0.000000

2.691536,-2.814003,1.500106,0.000000

2.691536,-2.814003,1.500106,0.000000

2.691536,-2.814003,1.500106,0.000000

2.706802,-2.816101,1.500051,0.000000

2.722057,-2.818197,1.500081,0.000000

2.722057,-2.818197,1.500081,0.000000

2.729698,-2.819249,1.500084,0.000000

2.744967,-2.821363,1.500065,0.000000

2.752597,-2.822428,1.500055,0.000000

2.760243,-2.823484,1.500082,0.000000

2.767890,-2.824517,1.500037,0.000000

2.767890,-2.824517,1.500037,0.000000

2.767890,-2.824517,1.500037,0.000000

2.783170,-2.826604,1.500060,0.000000

2.790801,-2.827671,1.500023,0.000000

2.798458,-2.828696,1.500018,0.000000

2.806108,-2.829742,1.500038,0.000000

2.813755,-2.830794,1.500042,0.000000

2.829065,-2.832904,1.500015,0.000000

2.836730,-2.833946,1.500000,0.000000

2.836730,-2.833946,1.500000,0.000000

2.844397,-2.834959,1.500001,0.000000

2.844397,-2.834959,1.500001,0.000000

2.852055,-2.836006,1.499987,0.000000

2.867435,-2.838089,1.500031,0.000000

2.875126,-2.839093,1.500042,0.000000

2.882809,-2.840118,1.499965,0.000000

2.882809,-2.840118,1.499965,0.000000

2.898225,-2.842199,1.499977,0.000000

2.905937,-2.843174,1.499998,0.000000

2.913633,-2.844218,1.499962,0.000000

2.921365,-2.845243,1.499967,0.000000

2.921365,-2.845243,1.499967,0.000000

2.936828,-2.847214,1.499974,0.000000

2.952298,-2.849228,1.499990,0.000000

2.960051,-2.850187,1.499999,0.000000

2.960051,-2.850187,1.499999,0.000000

2.967791,-2.851192,1.500010,0.000000

2.983309,-2.853123,1.499999,0.000000

2.991081,-2.854086,1.500001,0.000000

2.998844,-2.855066,1.499997,0.000000

3.006608,-2.856007,1.499970,0.000000

3.006608,-2.856007,1.499970,0.000000

3.022169,-2.857893,1.499953,0.000000

3.029937,-2.858873,1.499983,0.000000

3.037706,-2.859802,1.499983,0.000000

3.053233,-2.861666,1.499987,0.000000

3.053233,-2.861666,1.499987,0.000000

3.060992,-2.862593,1.500033,0.000000

3.076498,-2.864426,1.500031,0.000000

3.076498,-2.864426,1.500031,0.000000

3.076498,-2.864426,1.500031,0.000000

3.091983,-2.866243,1.500037,0.000000

3.099722,-2.867117,1.500055,0.000000

3.115188,-2.868922,1.500067,0.000000

3.115188,-2.868922,1.500067,0.000000

3.122918,-2.869830,1.500055,0.000000

3.130651,-2.870676,1.500088,0.000000

3.130651,-2.870676,1.500088,0.000000

3.146087,-2.872455,1.500086,0.000000

3.153800,-2.873310,1.500068,0.000000

3.153800,-2.873310,1.500068,0.000000

3.161505,-2.874190,1.500105,0.000000

3.176897,-2.875910,1.500087,0.000000

3.184584,-2.876751,1.500117,0.000000

3.192269,-2.877580,1.500142,0.000000

3.199946,-2.878430,1.500143,0.000000

3.199946,-2.878430,1.500143,0.000000

3.222960,-2.880935,1.500203,0.000000

3.230624,-2.881762,1.500228,0.000000

3.230624,-2.881762,1.500228,0.000000

3.245939,-2.883417,1.500225,0.000000

3.253592,-2.884229,1.500276,0.000000

3.253592,-2.884229,1.500276,0.000000

3.261239,-2.885063,1.500252,0.000000

3.268887,-2.885830,1.500286,0.000000

3.268887,-2.885830,1.500286,0.000000

3.284160,-2.887441,1.500322,0.000000

3.299416,-2.889062,1.500336,0.000000

3.299416,-2.889062,1.500336,0.000000

3.307025,-2.889874,1.500368,0.000000

3.307025,-2.889874,1.500368,0.000000

3.322242,-2.891414,1.500409,0.000000

3.337438,-2.892991,1.500396,0.000000

3.345030,-2.893765,1.500464,0.000000

3.345030,-2.893765,1.500464,0.000000

3.352621,-2.894524,1.500499,0.000000

3.352621,-2.894524,1.500499,0.000000

3.367796,-2.896045,1.500484,0.000000

3.382958,-2.897584,1.500494,0.000000

3.382958,-2.897584,1.500494,0.000000

3.398109,-2.899060,1.500563,0.000000

3.405673,-2.899828,1.500580,0.000000

3.413238,-2.900569,1.500600,0.000000

3.420799,-2.901319,1.500613,0.000000

3.420799,-2.901319,1.500613,0.000000

3.428343,-2.902057,1.500625,0.000000

3.443428,-2.903511,1.500681,0.000000

3.450963,-2.904273,1.500661,0.000000

3.458480,-2.905014,1.500667,0.000000

3.458480,-2.905014,1.500667,0.000000

3.465996,-2.905750,1.500701,0.000000

3.481030,-2.907164,1.500725,0.000000

3.488521,-2.907887,1.500703,0.000000

3.496006,-2.908633,1.500757,0.000000

3.496006,-2.908633,1.500757,0.000000

3.510986,-2.910032,1.500721,0.000000

3.518453,-2.910730,1.500774,0.000000

3.525917,-2.911445,1.500819,0.000000

3.533382,-2.912149,1.500782,0.000000

3.540847,-2.912841,1.500817,0.000000

3.540847,-2.912841,1.500817,0.000000

3.555768,-2.914234,1.500829,0.000000

3.563226,-2.914906,1.500882,0.000000

3.570683,-2.915588,1.500833,0.000000

3.570683,-2.915588,1.500833,0.000000

3.585592,-2.916963,1.500936,0.000000

3.593044,-2.917668,1.500890,0.000000

3.600502,-2.918313,1.500921,0.000000

3.607954,-2.919005,1.500954,0.000000

3.607954,-2.919005,1.500954,0.000000

3.622854,-2.920363,1.500957,0.000000

3.630308,-2.920995,1.501014,0.000000

3.637753,-2.921710,1.501036,0.000000

3.645213,-2.922363,1.501054,0.000000

3.645213,-2.922363,1.501054,0.000000

3.660128,-2.923704,1.501054,0.000000

3.667583,-2.924385,1.501056,0.000000

3.675059,-2.925012,1.501138,0.000000

3.682531,-2.925667,1.501116,0.000000

3.689999,-2.926349,1.501133,0.000000

3.704950,-2.927656,1.501190,0.000000

3.704950,-2.927656,1.501190,0.000000

3.719907,-2.928969,1.501223,0.000000

3.727388,-2.929591,1.501238,0.000000

3.727388,-2.929591,1.501238,0.000000

3.742383,-2.930875,1.501261,0.000000

3.749880,-2.931526,1.501270,0.000000

3.757377,-2.932161,1.501301,0.000000

3.772386,-2.933425,1.501284,0.000000

3.779885,-2.934088,1.501348,0.000000

3.787390,-2.934698,1.501333,0.000000

3.794892,-2.935338,1.501331,0.000000

3.794892,-2.935338,1.501331,0.000000

3.809910,-2.936590,1.501410,0.000000

3.817422,-2.937176,1.501384,0.000000

3.824930,-2.937802,1.501420,0.000000

3.832445,-2.938429,1.501380,0.000000

3.832445,-2.938429,1.501380,0.000000

3.847477,-2.939672,1.501453,0.000000

3.854995,-2.940274,1.501426,0.000000

3.862517,-2.940878,1.501465,0.000000

3.870036,-2.941510,1.501465,0.000000

3.870036,-2.941510,1.501465,0.000000

3.877559,-2.942099,1.501439,0.000000

3.892597,-2.943314,1.501494,0.000000

3.900115,-2.943931,1.501543,0.000000

3.907633,-2.944545,1.501440,0.000000

3.907633,-2.944545,1.501440,0.000000

3.922661,-2.945726,1.501504,0.000000

3.937677,-2.946936,1.501523,0.000000

3.945189,-2.947508,1.501472,0.000000

3.945189,-2.947508,1.501472,0.000000

3.952693,-2.948101,1.501558,0.000000

3.967704,-2.949265,1.501554,0.000000

3.975209,-2.949857,1.501526,0.000000

3.982712,-2.950417,1.501551,0.000000

3.982712,-2.950417,1.501551,0.000000

3.997718,-2.951548,1.501565,0.000000

4.005219,-2.952116,1.501584,0.000000

4.020235,-2.953238,1.501570,0.000000

4.020235,-2.953238,1.501570,0.000000

4.035249,-2.954340,1.501567,0.000000

4.042754,-2.954916,1.501504,0.000000

4.050268,-2.955443,1.501490,0.000000

4.057779,-2.955978,1.501560,0.000000

4.065292,-2.956488,1.501534,0.000000

4.065292,-2.956488,1.501534,0.000000

4.080324,-2.957578,1.501476,0.000000

4.095370,-2.958610,1.501494,0.000000

4.095370,-2.958610,1.501494,0.000000

4.102890,-2.959140,1.501568,0.000000

4.117944,-2.960162,1.501489,0.000000

4.125470,-2.960663,1.501509,0.000000

4.132995,-2.961171,1.501495,0.000000

4.132995,-2.961171,1.501495,0.000000

4.148070,-2.962179,1.501417,0.000000

4.155603,-2.962710,1.501443,0.000000

4.163140,-2.963181,1.501380,0.000000

4.170692,-2.963659,1.501403,0.000000

4.170692,-2.963659,1.501403,0.000000

4.185789,-2.964669,1.501367,0.000000

4.193342,-2.965091,1.501330,0.000000

4.200886,-2.965601,1.501285,0.000000

4.208431,-2.966074,1.501205,0.000000

4.223521,-2.967012,1.501118,0.000000

4.231048,-2.967502,1.501123,0.000000

4.238577,-2.967962,1.500989,0.000000

4.246102,-2.968444,1.500987,0.000000

4.246102,-2.968444,1.500987,0.000000

4.253633,-2.968875,1.500915,0.000000

4.253633,-2.968875,1.500915,0.000000

4.268665,-2.969788,1.500828,0.000000

4.276179,-2.970266,1.500779,0.000000

4.283696,-2.970694,1.500728,0.000000

4.283696,-2.970694,1.500728,0.000000

4.298716,-2.971607,1.500676,0.000000

4.306220,-2.972067,1.500594,0.000000

4.313728,-2.972487,1.500483,0.000000

4.321235,-2.972929,1.500357,0.000000

4.321235,-2.972929,1.500357,0.000000

4.336244,-2.973768,1.500257,0.000000

4.343747,-2.974202,1.500189,0.000000

4.351253,-2.974617,1.500150,0.000000

4.358744,-2.975026,1.500112,0.000000

4.366230,-2.975501,1.500009,0.000000

4.373727,-2.975853,1.499902,0.000000

4.373727,-2.975853,1.499902,0.000000

4.388690,-2.976637,1.499747,0.000000

4.396161,-2.977022,1.499685,0.000000

4.403631,-2.977426,1.499606,0.000000

4.403631,-2.977426,1.499606,0.000000

4.418561,-2.978263,1.499477,0.000000

4.426027,-2.978621,1.499391,0.000000

4.433493,-2.978999,1.499263,0.000000

4.433493,-2.978999,1.499263,0.000000

4.455881,-2.980153,1.499049,0.000000

4.463341,-2.980563,1.498936,0.000000

4.470807,-2.980894,1.498830,0.000000

4.470807,-2.980894,1.498830,0.000000

4.485734,-2.981625,1.498706,0.000000

4.493198,-2.981976,1.498558,0.000000

4.500660,-2.982387,1.498478,0.000000

4.508133,-2.982666,1.498333,0.000000

4.515602,-2.983017,1.498343,0.000000

4.530536,-2.983779,1.498022,0.000000

4.538009,-2.984103,1.497990,0.000000

4.545474,-2.984420,1.497882,0.000000

4.545474,-2.984420,1.497882,0.000000

4.560407,-2.985094,1.497790,0.000000

4.567873,-2.985425,1.497660,0.000000

4.575349,-2.985735,1.497611,0.000000

4.582824,-2.986067,1.497583,0.000000

4.582824,-2.986067,1.497583,0.000000

4.590299,-2.986396,1.497448,0.000000

4.605248,-2.987021,1.497368,0.000000

4.620195,-2.987627,1.497230,0.000000

4.620195,-2.987627,1.497230,0.000000

4.635131,-2.988257,1.497137,0.000000

4.635131,-2.988257,1.497137,0.000000

4.650061,-2.988822,1.497091,0.000000

4.657523,-2.989177,1.497056,0.000000

4.657523,-2.989177,1.497056,0.000000

4.664967,-2.989429,1.496964,0.000000

4.679851,-2.990044,1.496911,0.000000

4.687297,-2.990299,1.496834,0.000000

4.694703,-2.990582,1.496815,0.000000

4.694703,-2.990582,1.496815,0.000000

4.702108,-2.990889,1.496806,0.000000

4.716928,-2.991423,1.496769,0.000000

4.731662,-2.991988,1.496662,0.000000

4.731662,-2.991988,1.496662,0.000000

4.731662,-2.991988,1.496662,0.000000

4.746403,-2.992549,1.496544,0.000000

4.753744,-2.992797,1.496539,0.000000

4.768427,-2.993345,1.496508,0.000000

4.768427,-2.993345,1.496508,0.000000

4.775774,-2.993593,1.496533,0.000000

4.783123,-2.993835,1.496489,0.000000

4.797765,-2.994337,1.496464,0.000000

4.805091,-2.994559,1.496428,0.000000

4.805091,-2.994559,1.496428,0.000000

4.812419,-2.994802,1.496461,0.000000

4.827028,-2.995353,1.496468,0.000000

4.834342,-2.995504,1.496368,0.000000

4.841654,-2.995745,1.496380,0.000000

4.856235,-2.996219,1.496320,0.000000

4.863531,-2.996440,1.496346,0.000000

4.870831,-2.996643,1.496327,0.000000

4.878115,-2.996851,1.496339,0.000000

4.878115,-2.996851,1.496339,0.000000

4.885400,-2.997083,1.496299,0.000000

4.892689,-2.997307,1.496244,0.000000

4.907269,-2.997741,1.496334,0.000000

4.914561,-2.997904,1.496364,0.000000

4.914561,-2.997904,1.496364,0.000000

4.929150,-2.998283,1.496376,0.000000

4.936445,-2.998473,1.496406,0.000000

4.943743,-2.998669,1.496436,0.000000

4.951045,-2.998829,1.496465,0.000000

4.958346,-2.999029,1.496389,0.000000

4.958346,-2.999029,1.496389,0.000000

4.972948,-2.999384,1.496401,0.000000

4.980253,-2.999552,1.496475,0.000000

4.987561,-2.999729,1.496519,0.000000

5.002169,-3.000005,1.496476,0.000000

